Num_Acc,senc,catv,occutc,obs,obsm,choc,manv,num_veh
201900000001,2,7,,0,2,5,23,B01
201900000001,2,17,,1,0,3,11,A01
201900000002,1,7,,4,0,1,0,A01
201900000003,1,7,,0,2,1,2,A01
201900000003,1,7,,1,0,4,2,B01
201900000003,1,7,,0,2,4,23,C01
201900000004,2,7,,0,2,4,23,A01
201900000004,2,7,,0,2,4,23,B01
201900000004,2,7,,0,2,1,2,C01
201900000005,1,7,,0,2,4,23,B01
201900000005,1,7,,0,2,4,21,A01
201900000006,1,7,,0,2,1,1,A01
201900000006,1,7,,0,2,3,9,B01
201900000007,3,7,,14,0,1,2,A01
201900000007,3,7,,0,2,4,2,B01
201900000008,1,7,,1,0,2,1,A01
201900000009,1,7,,0,2,1,1,A01
201900000009,1,7,,0,2,4,1,B01
201900000009,1,7,,0,2,4,1,C01
201900000010,2,33,,0,2,4,1,B01
201900000010,2,7,,0,2,2,1,A01
201900000011,1,7,,0,1,3,1,A01
201900000012,2,42,,4,0,2,1,A01
201900000013,1,7,,0,0,0,26,A01
201900000014,1,7,,0,2,8,15,A01
201900000014,1,7,,0,2,5,17,B01
201900000015,3,30,,0,1,1,1,A01
201900000016,1,7,,0,1,5,4,A01
201900000017,3,7,,0,1,1,1,A01
201900000018,3,7,,0,2,3,0,B01
201900000018,3,7,,0,2,5,12,A01
201900000019,3,7,,0,2,6,15,B01
201900000019,3,30,,0,2,1,17,A01
201900000020,3,37,1.0,0,1,2,23,A01
201900000021,1,7,,0,2,3,1,A01
201900000021,2,32,,0,2,3,1,B01
201900000022,2,30,,0,0,8,1,A01
201900000023,2,7,,0,2,3,1,A01
201900000023,1,7,,0,2,2,1,B01
201900000024,3,50,,0,2,0,0,B01
201900000024,3,38,1.0,0,2,0,0,A01
201900000025,2,7,,0,1,3,1,A01
201900000026,3,7,,0,2,1,2,A01
201900000026,3,7,,0,2,4,2,B01
201900000026,3,7,,0,2,4,2,C01
201900000027,1,7,,0,1,2,1,A01
201900000028,3,7,,0,9,1,1,A01
201900000029,0,7,,0,2,2,16,B01
201900000029,0,50,,0,2,0,19,A01
201900000030,1,10,,0,2,2,1,A01
201900000030,2,7,,0,2,3,15,B01
201900000031,2,33,,0,1,1,21,A01
201900000032,2,7,,0,1,5,26,B01
201900000032,2,7,,9,2,3,21,A01
201900000033,0,10,,0,2,1,1,A01
201900000033,0,7,,0,2,2,13,B01
201900000034,1,7,,0,1,3,1,A01
201900000035,3,7,,0,0,0,1,A01
201900000036,3,7,,0,2,2,1,B01
201900000036,3,7,,0,2,1,1,A01
201900000037,2,1,,0,2,8,19,B01
201900000037,1,40,,0,2,0,1,A01
201900000038,2,1,,0,2,1,1,B01
201900000038,1,7,,0,2,1,15,A01
201900000039,1,7,,0,1,1,1,A01
201900000040,1,15,,6,0,1,1,A01
201900000041,2,7,,0,2,5,1,B01
201900000041,2,14,,0,2,1,9,A01
201900000042,1,7,,0,1,7,1,A01
201900000043,2,7,,0,2,8,15,B01
201900000043,2,30,,0,2,1,17,A01
201900000044,0,10,,0,2,2,1,A01
201900000045,0,99,,0,0,9,1,A01
201900000046,1,10,,0,1,3,1,A01
201900000047,1,30,,1,0,1,1,A01
201900000048,0,17,,0,1,0,1,A01
201900000049,1,1,,14,0,0,0,A01
201900000050,2,7,,0,2,4,23,C01
201900000050,2,7,,0,2,4,23,B01
201900000050,2,7,,0,2,1,2,A01
201900000051,0,1,,0,2,0,9,B01
201900000051,0,7,,0,2,0,9,A01
201900000052,1,14,,0,2,1,0,B01
201900000052,2,32,,0,2,1,0,A01
201900000053,1,7,,0,1,8,26,A01
201900000054,2,33,,0,2,1,2,A01
201900000054,2,7,,0,2,6,2,B01
201900000055,3,7,,0,2,0,0,B01
201900000055,3,7,,6,2,6,26,A01
201900000056,3,7,,0,1,1,1,A01
201900000057,2,7,,0,1,2,1,A01
201900000058,2,7,,0,2,0,0,Z01
201900000058,2,30,,0,2,4,15,A01
201900000059,2,7,,0,2,1,1,A01
201900000059,0,1,,0,2,1,1,B01
201900000060,2,1,,0,2,4,1,A01
201900000060,2,7,,0,2,1,9,Z01
201900000061,2,2,,0,2,1,1,B01
201900000061,1,7,,0,2,1,15,A01
201900000062,2,7,,0,2,0,16,A01
201900000062,2,80,,0,2,0,1,B01
201900000063,0,7,,4,0,9,26,A01
201900000064,0,7,,0,2,0,0,Z01
201900000064,0,1,,0,2,7,1,A01
201900000065,1,1,,0,2,1,1,A01
201900000065,1,7,,0,2,2,16,B01
201900000066,1,32,,0,2,8,1,A01
201900000066,2,7,,0,2,1,1,B01
201900000067,3,7,,15,0,9,19,A01
201900000068,1,7,,13,0,0,1,A01
201900000069,1,7,,0,1,1,1,A01
201900000070,3,30,,0,2,5,2,A01
201900000070,3,7,,0,2,1,2,B01
201900000071,2,30,,0,0,0,1,A01
201900000072,1,7,,0,2,3,1,B01
201900000072,2,7,,0,2,1,15,A01
201900000073,1,7,,0,1,2,1,A01
201900000074,3,7,,0,2,3,1,C01
201900000074,3,7,,1,2,2,1,A01
201900000075,3,7,,0,2,1,13,A01
201900000075,3,7,,0,2,1,1,B01
201900000076,1,10,,0,2,3,9,A01
201900000076,2,2,,0,2,2,1,B01
201900000077,1,7,,13,0,9,17,A01
201900000078,0,7,,0,2,2,16,B01
201900000078,0,34,,0,2,1,1,A01
201900000079,2,7,,0,2,8,13,A01
201900000079,2,33,,0,2,7,17,B01
201900000080,0,7,,0,1,1,1,A01
201900000081,2,7,,13,0,1,14,A01
201900000082,2,34,,8,0,1,0,A01
201900000083,2,7,,0,0,4,1,C01
201900000083,2,7,,0,2,4,1,B01
201900000083,2,7,,0,2,1,1,A01
201900000084,3,10,,0,2,3,1,B01
201900000084,0,33,,0,2,1,21,A01
201900000085,1,7,,0,2,2,2,B01
201900000085,1,2,,0,2,3,2,A01
201900000086,1,7,,1,0,1,2,A01
201900000086,1,7,,0,0,4,23,B01
201900000087,3,7,,0,2,8,1,B01
201900000087,3,2,,0,2,1,1,A01
201900000088,1,2,,9,0,1,0,A01
201900000089,1,7,,0,0,9,14,A01
201900000090,3,7,,0,2,3,1,B01
201900000090,1,7,,0,2,3,13,A01
201900000091,2,7,,13,0,9,1,A01
201900000092,1,10,,0,2,1,2,A01
201900000092,1,7,,0,2,1,2,B01
201900000092,1,7,,0,2,4,2,C01
201900000092,1,7,,0,2,1,2,D01
201900000093,1,7,,0,2,1,2,A01
201900000093,1,7,,0,2,4,2,B01
201900000094,1,7,,0,2,4,2,B01
201900000094,1,15,,0,2,1,2,A01
201900000095,1,33,,0,2,1,3,A01
201900000095,1,7,,0,2,5,12,B01
201900000096,2,7,,4,0,1,1,A01
201900000097,1,7,,4,0,1,13,A01
201900000098,1,7,,0,2,1,0,Z01
201900000098,1,7,,0,2,4,2,A01
201900000099,2,33,,0,2,1,1,B01
201900000099,2,7,,0,2,5,12,A01
201900000100,1,7,,0,2,1,1,A01
201900000100,1,7,,0,2,4,2,B01
201900000100,1,7,,0,2,3,1,C01
201900000100,1,7,,0,2,4,2,D01
201900000101,1,7,,0,2,6,26,B01
201900000101,1,17,,0,2,2,12,A01
201900000102,2,1,,0,2,2,1,B01
201900000102,2,7,,0,2,1,15,A01
201900000103,1,7,,1,0,3,26,A01
201900000103,0,7,,0,2,8,26,B01
201900000103,0,7,,0,2,8,26,C01
201900000104,1,40,,0,2,7,1,B01
201900000104,1,7,,0,-1,8,15,A01
201900000105,0,7,,0,1,1,0,A01
201900000106,1,7,,0,1,1,15,A01
201900000107,1,33,,0,2,2,1,A01
201900000107,1,7,,0,2,8,11,B01
201900000108,1,7,,0,2,0,10,A01
201900000108,1,32,,0,2,0,1,B01
201900000109,1,10,,0,1,3,1,A01
201900000110,2,7,,0,2,3,1,A01
201900000110,1,7,,0,2,1,26,B01
201900000111,2,7,,0,2,4,1,B01
201900000111,2,7,,0,2,1,1,A01
201900000112,3,7,,0,1,1,26,A01
201900000113,3,7,,0,2,0,0,B01
201900000113,3,1,,0,2,8,14,A01
201900000114,3,7,,0,1,2,26,A01
201900000115,3,33,,0,2,1,17,B01
201900000115,3,7,,0,2,2,9,A01
201900000116,1,7,,13,0,0,1,A01
201900000117,1,7,,0,2,7,15,A01
201900000117,2,34,,0,2,1,1,B01
201900000118,0,10,,0,2,1,2,B01
201900000118,0,7,,0,2,4,2,A01
201900000119,0,7,,0,9,2,1,B01
201900000119,3,60,,0,2,3,19,A01
201900000120,1,30,,0,1,1,1,A01
201900000121,0,7,,0,1,8,2,A01
201900000122,1,34,,0,2,1,1,A01
201900000122,2,7,,0,2,5,15,B01
201900000123,3,7,,0,2,1,5,A01
201900000123,3,7,,0,2,1,1,B01
201900000124,2,7,,0,1,3,16,A01
201900000125,2,31,,0,2,1,1,B01
201900000125,2,7,,0,2,2,15,A01
201900000126,1,7,,0,2,1,1,B01
201900000126,2,7,,0,2,1,15,A01
201900000127,2,7,,0,2,1,15,A01
201900000127,2,7,,0,2,2,1,B01
201900000128,3,7,,0,2,1,0,B01
201900000128,3,7,,0,2,8,10,A01
201900000129,3,7,,0,2,3,1,C01
201900000129,3,7,,0,2,3,1,B01
201900000129,3,15,,0,2,2,12,A01
201900000130,1,37,4.0,6,0,1,26,A01
201900000131,2,15,,0,1,3,1,A01
201900000132,2,7,,0,2,2,15,A01
201900000132,1,33,,0,2,1,1,B01
201900000132,1,7,,0,2,1,23,C01
201900000133,3,38,1.0,0,1,2,16,A01
201900000134,1,7,,2,0,7,1,A01
201900000135,1,7,,0,1,2,1,A01
201900000136,3,7,,0,1,2,15,A01
201900000137,3,7,,0,1,2,1,A01
201900000138,2,2,,0,2,1,1,B01
201900000138,2,7,,0,2,3,16,A01
201900000139,1,7,,0,2,1,17,A01
201900000139,2,7,,0,2,6,1,B01
201900000139,2,7,,0,2,3,0,C01
201900000139,2,7,,0,2,1,1,D01
201900000140,3,0,,0,0,0,26,A01
201900000141,2,7,,0,2,4,1,C01
201900000141,2,7,,0,2,4,1,B01
201900000141,2,7,,0,2,1,1,A01
201900000142,1,7,,0,2,1,13,A01
201900000142,2,7,,0,2,8,1,B01
201900000142,2,7,,0,2,1,1,C01
201900000143,1,7,,0,2,1,1,A01
201900000143,2,1,,0,2,1,5,B01
201900000144,1,7,,0,1,1,15,A01
201900000145,2,1,,0,0,1,26,A01
201900000146,1,7,,0,1,1,1,A01
201900000147,2,7,,6,0,1,15,A01
201900000148,2,33,,0,2,7,15,A01
201900000148,1,7,,0,2,3,19,B01
201900000149,2,7,,0,2,1,1,B01
201900000149,1,7,,0,2,1,13,A01
201900000150,2,33,,0,2,1,0,A01
201900000150,2,7,,0,2,5,2,B01
201900000151,0,1,,0,2,1,1,B01
201900000151,0,7,,0,2,8,9,A01
201900000152,2,7,,0,2,2,19,A01
201900000152,2,2,,0,0,6,1,B01
201900000153,2,14,,16,0,3,1,A01
201900000154,1,7,,2,0,1,13,A01
201900000155,2,7,,0,1,2,1,A01
201900000156,2,7,,0,2,3,1,B01
201900000156,1,33,,0,2,1,17,A01
201900000157,2,7,,0,1,2,1,A01
201900000158,2,7,,13,0,3,13,A01
201900000159,0,7,,0,1,4,4,A01
201900000160,1,7,,6,0,8,1,A01
201900000161,2,2,,0,2,1,21,B01
201900000161,1,7,,0,2,7,15,A01
201900000162,1,7,,0,2,3,13,A01
201900000162,2,7,,0,2,3,1,B01
201900000163,1,33,,0,0,0,1,A01
201900000164,0,7,,0,2,3,1,B01
201900000164,0,7,,0,2,3,5,A01
201900000165,1,33,,0,0,0,1,A01
201900000166,3,21,,0,0,9,16,A01
201900000167,3,7,,13,0,1,1,A01
201900000168,3,31,,0,2,1,9,A01
201900000168,3,7,,0,2,3,2,B01
201900000169,2,7,,0,2,1,1,B01
201900000169,3,7,,0,0,2,19,A01
201900000170,1,2,,12,0,7,1,A01
201900000171,1,15,,0,2,7,15,B01
201900000171,2,33,,0,2,1,1,A01
201900000172,1,7,,0,2,3,5,A01
201900000172,2,7,,0,2,3,1,B01
201900000173,1,7,,0,2,4,9,B01
201900000173,1,7,,0,2,1,17,A01
201900000174,3,7,,0,1,6,4,A01
201900000175,1,7,,0,0,9,1,A01
201900000176,1,7,,0,2,1,2,A01
201900000176,1,7,,0,0,4,2,B01
201900000177,3,2,,13,0,8,14,A01
201900000178,1,7,,0,2,2,1,B01
201900000178,1,7,,0,2,3,1,A01
201900000179,2,31,,3,0,0,1,A01
201900000180,2,7,,0,0,5,2,B01
201900000180,2,33,,0,2,1,2,A01
201900000181,2,1,,0,2,0,1,C01
201900000181,2,1,,0,2,0,1,B01
201900000181,2,3,,0,2,7,17,A01
201900000182,1,1,,0,0,4,2,B01
201900000182,1,7,,0,2,1,17,A01
201900000183,1,33,,0,2,3,1,B01
201900000183,1,7,,0,2,6,0,A01
201900000184,1,7,,0,2,2,1,A01
201900000184,1,2,,0,2,3,19,B01
201900000185,2,7,,0,0,9,1,A01
201900000186,2,7,,0,2,3,1,B01
201900000186,3,2,,0,0,8,19,A01
201900000187,2,2,,0,2,3,1,B01
201900000187,1,7,,3,0,3,21,A01
201900000188,2,1,,0,2,3,1,B01
201900000188,1,7,,0,9,1,15,A01
201900000189,0,7,,0,2,3,1,A01
201900000189,0,2,,0,2,1,1,B01
201900000190,2,7,,0,2,1,17,B01
201900000190,1,7,,0,2,3,1,A01
201900000191,2,7,,0,2,1,0,B01
201900000191,2,7,,0,0,0,2,A01
201900000192,1,1,,0,0,0,1,B01
201900000192,1,33,,0,0,0,0,A01
201900000193,2,7,,0,0,4,23,B01
201900000193,2,7,,1,0,1,2,A01
201900000194,2,13,,3,0,3,1,A01
201900000195,1,15,,0,2,1,2,B01
201900000195,1,15,,0,0,4,1,A01
201900000196,2,7,,0,2,2,15,A01
201900000196,1,2,,0,2,1,1,B01
201900000197,3,7,,0,1,6,1,A01
201900000198,3,7,,13,0,9,15,A01
201900000199,1,7,,0,2,2,2,A01
201900000199,1,7,,0,2,6,2,B01
201900000199,1,7,,0,2,8,2,C01
201900000199,1,7,,0,2,5,2,D01
201900000200,1,7,,3,0,0,0,A01
201900000200,1,17,,0,2,3,23,B01
201900000200,1,7,,0,2,2,2,C01
201900000201,2,7,,7,0,1,1,A01
201900000202,2,2,,0,2,6,1,A01
201900000203,2,10,,0,2,1,13,A01
201900000203,1,17,,0,2,1,1,B01
201900000204,2,33,,3,0,7,1,A01
201900000205,2,7,,0,2,3,1,B01
201900000205,1,33,,0,2,3,13,A01
201900000206,1,7,,3,0,1,0,A01
201900000207,1,7,,3,0,1,14,A01
201900000208,1,10,,0,1,1,1,B01
201900000209,2,17,,0,0,5,12,B01
201900000209,2,13,,0,2,3,2,A01
201900000210,3,7,,15,0,9,1,A01
201900000211,2,7,,0,2,1,1,B01
201900000211,1,10,,0,2,7,13,A01
201900000212,0,37,0.0,0,1,4,0,B01
201900000212,3,37,0.0,1,1,1,0,A01
201900000213,2,7,,0,1,2,1,A01
201900000214,1,10,,1,2,1,2,A01
201900000214,2,13,,0,0,4,24,C01
201900000214,1,7,,0,0,4,2,B01
201900000215,1,7,,13,0,8,2,E01
201900000215,1,7,,0,2,1,2,D01
201900000215,1,31,,0,2,8,1,C01
201900000215,1,7,,0,2,1,1,B01
201900000215,2,7,,0,2,1,5,A01
201900000216,2,2,,0,0,3,1,A01
201900000217,2,7,,0,2,8,0,B01
201900000217,1,7,,0,2,8,13,A01
201900000218,1,1,,0,2,7,15,B01
201900000218,1,7,,0,9,1,26,A01
201900000219,2,7,,0,1,2,0,A01
201900000220,1,7,,0,2,1,26,A01
201900000220,1,1,,0,2,1,24,B01
201900000221,1,2,,0,2,1,1,A01
201900000221,2,7,,0,2,8,1,B01
201900000222,3,15,,0,2,1,1,B01
201900000222,3,7,,0,2,1,13,A01
201900000223,2,33,,0,2,1,1,A01
201900000223,1,7,,0,2,5,16,B01
201900000224,1,34,,0,9,1,17,B01
201900000224,1,1,,0,2,8,10,A01
201900000225,2,7,,0,2,1,1,B01
201900000225,1,7,,0,2,1,17,A01
201900000226,2,7,,0,2,2,15,A01
201900000226,1,33,,0,2,1,1,B01
201900000227,0,7,,0,1,7,1,A01
201900000228,0,33,,2,0,2,0,A01
201900000229,1,33,,0,0,0,1,A01
201900000230,1,2,,0,2,3,1,B01
201900000230,2,7,,0,2,2,15,A01
201900000231,3,7,,0,2,2,15,A01
201900000231,3,7,,0,2,8,1,B01
201900000232,2,7,,0,9,2,1,A01
201900000232,2,1,,0,2,1,16,B01
201900000233,1,33,,14,0,1,26,A01
201900000234,2,7,,0,2,3,11,A01
201900000234,1,7,,0,2,3,1,B01
201900000235,2,2,,0,2,1,1,B01
201900000235,2,10,,0,2,4,1,A01
201900000236,2,7,,0,0,8,1,C01
201900000236,1,7,,0,2,3,1,B01
201900000236,2,33,,0,2,1,17,A01
201900000237,1,33,,17,0,1,15,A01
201900000238,3,7,,0,9,1,1,A01
201900000239,0,2,,0,2,1,18,B01
201900000239,0,7,,0,2,5,1,A01
201900000240,1,1,,0,0,7,15,B01
201900000240,1,7,,0,2,3,9,A01
201900000241,1,15,,0,2,3,15,A01
201900000241,2,7,,16,2,3,1,B01
201900000242,1,7,,0,2,1,15,B01
201900000242,2,33,,0,2,3,1,A01
201900000243,1,7,,0,0,0,1,C01
201900000243,2,7,,0,2,1,21,B01
201900000243,1,7,,0,2,1,17,A01
201900000244,2,7,,0,2,1,1,B01
201900000244,1,7,,0,2,1,13,A01
201900000245,3,7,,0,2,3,9,A01
201900000245,2,1,,0,2,1,1,B01
201900000246,2,7,,0,2,3,15,A01
201900000246,1,33,,0,2,1,1,B01
201900000247,2,7,,0,2,2,13,A01
201900000247,1,7,,0,2,3,1,B01
201900000248,3,7,,0,1,3,1,A01
201900000249,1,7,,6,0,1,14,A01
201900000250,1,7,,2,0,2,1,A01
201900000251,3,2,,8,1,2,21,A01
201900000252,1,7,,0,2,3,13,A01
201900000252,2,7,,0,2,3,21,B01
201900000253,1,2,,0,2,1,13,A01
201900000253,2,7,,0,2,6,1,B01
201900000254,2,1,,0,2,8,1,A01
201900000254,1,7,,0,2,0,1,B01
201900000255,2,7,,3,0,3,17,A01
201900000256,1,7,,0,2,3,1,B01
201900000256,1,33,,0,2,7,14,A01
201900000257,3,7,,0,2,3,1,B01
201900000257,3,1,,0,0,1,5,A01
201900000258,3,7,,6,0,1,1,A01
201900000259,2,33,,13,0,1,1,A01
201900000260,3,7,,7,0,7,1,A01
201900000261,3,7,,0,2,2,19,A01
201900000261,3,30,,0,2,1,1,B01
201900000262,2,7,,15,0,9,14,A01
201900000263,1,33,,16,0,7,1,A01
201900000264,2,7,,13,0,2,13,A01
201900000265,1,7,,0,2,3,13,A01
201900000265,2,33,,0,2,1,1,B01
201900000266,1,7,,0,2,3,13,A01
201900000266,1,14,,0,2,3,1,B01
201900000267,2,2,,0,0,2,1,A01
201900000268,2,7,,0,1,1,1,A01
201900000269,2,7,,3,0,2,14,A01
201900000270,1,2,,0,2,1,1,A01
201900000270,1,7,,0,0,4,1,B01
201900000271,2,7,,0,2,3,9,A01
201900000271,2,33,,0,2,1,1,B01
201900000272,1,7,,17,0,1,1,A01
201900000273,2,7,,0,2,3,1,B01
201900000273,1,33,,0,2,1,13,A01
201900000274,2,2,,0,0,0,1,A01
201900000275,1,7,,0,1,3,13,A01
201900000276,2,31,,16,2,1,13,A01
201900000276,1,7,,16,2,3,1,B01
201900000277,3,7,,0,2,2,19,A01
201900000277,3,3,,0,2,6,1,B01
201900000278,3,33,,0,2,7,17,B01
201900000278,3,7,,0,2,3,15,A01
201900000279,3,7,,3,0,2,13,A01
201900000280,3,2,,0,2,1,17,B01
201900000280,3,7,,0,2,3,15,A01
201900000281,1,7,,13,0,1,14,A01
201900000282,2,0,,0,1,2,0,A01
201900000283,1,7,,0,2,1,13,A01
201900000283,2,7,,0,2,1,1,B01
201900000284,3,7,,0,2,3,13,A01
201900000284,3,7,,0,2,3,1,B01
201900000285,3,7,,0,0,3,1,A01
201900000286,3,7,,15,0,1,1,A01
201900000287,2,7,,1,0,3,13,A01
201900000288,2,7,,13,0,2,21,A01
201900000289,1,2,,6,0,7,1,A01
201900000290,2,32,,0,2,1,2,A01
201900000290,2,7,,0,2,4,23,B01
201900000291,0,7,,13,0,1,1,A01
201900000292,2,7,,0,2,6,15,A01
201900000292,1,33,,0,2,1,1,B01
201900000293,1,1,,0,2,1,5,B01
201900000293,2,7,,0,9,1,1,A01
201900000294,3,10,,0,0,6,16,B01
201900000294,3,33,,0,2,2,13,A01
201900000295,2,7,,0,2,3,13,A01
201900000295,1,7,,7,2,3,1,B01
201900000296,2,33,,8,0,2,1,A01
201900000297,2,7,,0,2,8,19,A01
201900000297,1,7,,0,2,1,1,B01
201900000298,1,7,,13,0,3,19,A01
201900000299,1,7,,0,0,4,1,B01
201900000299,1,10,,0,0,1,2,A01
201900000300,1,7,,13,0,3,0,A01
201900000301,0,7,,0,2,5,19,B01
201900000301,0,32,,0,2,1,1,A01
201900000302,0,7,,0,0,3,0,A01
201900000302,0,2,,0,2,3,13,B01
201900000303,2,15,,0,0,4,2,B01
201900000303,2,10,,0,2,1,2,A01
201900000304,3,7,,2,0,1,0,A01
201900000305,2,1,,0,0,4,1,B01
201900000305,2,33,,8,2,1,1,A01
201900000306,1,30,,11,0,9,13,A01
201900000307,2,1,,0,2,1,0,B01
201900000307,1,7,,0,2,2,0,A01
201900000308,2,30,,0,2,3,0,B01
201900000308,1,30,,0,2,2,0,A01
201900000309,2,7,,0,2,5,1,B01
201900000309,1,30,,0,2,2,16,A01
201900000310,1,1,,0,0,7,1,A01
201900000311,3,33,,0,0,0,1,A01
201900000312,1,2,,0,2,2,1,B01
201900000312,1,7,,0,2,3,9,A01
201900000313,1,7,,4,0,9,26,A01
201900000314,1,7,,0,2,8,9,A01
201900000314,1,30,,0,2,7,1,B01
201900000315,1,10,,0,2,3,15,A01
201900000315,0,32,,0,2,1,1,B01
201900000316,2,7,,0,2,4,2,B01
201900000316,2,30,,0,2,1,2,A01
201900000317,1,7,,0,2,1,1,B01
201900000317,2,7,,0,2,1,13,A01
201900000318,1,30,,0,2,1,2,A01
201900000318,1,7,,0,2,4,2,B01
201900000319,2,7,,0,2,1,15,A01
201900000319,1,30,,0,2,1,1,B01
201900000320,2,1,,0,1,1,1,A01
201900000321,1,30,,0,0,8,1,A01
201900000322,1,30,,0,0,1,1,A01
201900000323,1,33,,12,0,2,14,A01
201900000324,1,7,,0,1,1,1,A01
201900000325,3,7,,0,1,2,9,A01
201900000326,2,2,,12,0,1,1,A01
201900000327,3,7,,0,2,1,2,A01
201900000327,3,50,,0,2,0,0,B01
201900000328,3,7,,0,2,8,16,B01
201900000328,3,10,,0,2,2,2,A01
201900000329,3,1,,0,2,7,19,B01
201900000329,3,7,,0,2,2,1,A01
201900000330,1,7,,0,2,8,0,B01
201900000330,1,7,,0,2,1,1,A01
201900000331,3,7,,0,2,2,15,B01
201900000331,3,30,,0,2,1,1,A01
201900000332,1,7,,9,0,1,0,A01
201900000333,3,33,,0,2,2,17,A01
201900000333,3,7,,0,2,3,15,B01
201900000334,3,50,,0,2,1,1,B01
201900000334,3,7,,0,6,2,16,A01
201900000335,3,1,,0,1,1,15,A01
201900000336,2,7,,0,2,6,23,B01
201900000336,2,7,,0,2,4,23,C01
201900000336,2,7,,0,2,1,21,A01
201900000337,2,1,,0,0,7,16,A01
201900000338,2,7,,0,2,8,15,A01
201900000338,2,33,,0,2,1,1,B01
201900000339,3,7,,1,0,1,1,A01
201900000340,2,30,,0,2,7,1,B01
201900000340,1,7,,0,2,1,9,Z01
201900000341,2,30,,0,2,1,1,A01
201900000341,2,7,,0,2,5,23,B01
201900000342,1,7,,6,0,1,1,A01
201900000343,1,7,,0,2,2,0,A01
201900000343,1,7,,0,2,3,0,B01
201900000344,1,7,,0,2,4,2,B01
201900000344,1,7,,0,2,1,2,A01
201900000345,3,7,,0,2,7,17,A01
201900000345,3,1,,0,2,8,1,B01
201900000346,0,31,,0,2,8,18,A01
201900000346,0,10,,0,2,7,16,B01
201900000347,0,7,,0,2,3,1,C01
201900000347,0,7,,0,2,7,1,B01
201900000347,1,7,,0,2,1,1,A01
201900000348,2,7,,0,2,1,13,A01
201900000348,1,7,,0,2,2,1,B01
201900000349,1,7,,0,1,3,1,A01
201900000350,3,1,,0,2,1,26,B01
201900000350,3,7,,0,6,1,26,A01
201900000351,3,7,,0,2,3,26,B01
201900000351,3,7,,0,2,1,26,A01
201900000352,1,33,,0,2,8,5,A01
201900000352,2,7,,0,2,2,1,B01
201900000353,3,7,,0,2,3,26,A01
201900000353,3,33,,0,2,1,26,B01
201900000354,3,1,,0,2,7,19,A01
201900000354,1,7,,0,2,1,1,B01
201900000355,2,2,,12,0,1,0,A01
201900000356,1,7,,13,0,1,13,A01
201900000357,1,30,,0,1,1,1,A01
201900000358,3,7,,13,0,1,26,A01
201900000359,1,7,,9,0,0,0,A01
201900000360,2,1,,0,2,1,16,A01
201900000360,1,1,,0,2,1,9,B01
201900000361,0,7,,0,0,4,1,A01
201900000361,0,33,,0,2,1,9,B01
201900000362,2,14,,0,2,8,1,B01
201900000362,1,7,,0,2,3,1,A01
201900000363,1,7,,4,0,2,14,A01
201900000364,3,33,,0,0,8,26,A01
201900000365,1,33,,0,1,1,21,A01
201900000366,3,33,,14,0,8,1,A01
201900000367,1,2,,0,2,1,1,B01
201900000367,3,10,,0,2,6,26,A01
201900000368,3,1,,0,0,0,0,B01
201900000368,0,7,,0,0,0,15,A01
201900000369,2,7,,0,2,3,9,A01
201900000369,1,7,,3,2,2,1,B01
201900000370,2,7,,3,0,3,9,A01
201900000371,3,1,,0,2,1,19,B01
201900000371,3,10,,0,6,7,1,A01
201900000372,3,33,,0,2,7,17,A01
201900000372,3,7,,0,2,3,15,B01
201900000373,1,7,,0,0,9,1,A01
201900000374,3,1,,0,1,1,26,A01
201900000375,3,7,,0,1,1,20,A01
201900000376,1,32,,0,2,3,15,A01
201900000376,1,10,,0,2,7,2,B01
201900000377,1,7,,0,2,3,1,B01
201900000377,2,7,,0,2,2,1,A01
201900000378,3,10,,0,2,4,26,A01
201900000379,3,10,,0,2,2,15,A01
201900000379,3,10,,0,2,3,1,B01
201900000380,3,10,,0,2,2,1,A01
201900000381,1,7,,0,2,2,1,B01
201900000381,1,10,,0,2,3,1,A01
201900000382,3,1,,0,2,8,1,B01
201900000382,3,7,,0,2,2,16,A01
201900000383,2,7,,0,1,6,20,A01
201900000384,1,7,,0,1,1,26,A01
201900000385,2,10,,1,0,1,23,C01
201900000385,2,10,,1,2,4,23,B01
201900000385,2,10,,14,2,1,5,A01
201900000386,1,99,,1,0,6,4,A01
201900000387,0,0,,0,0,0,0,A01
201900000388,1,7,,0,1,1,1,A01
201900000389,0,32,,0,2,9,1,B01
201900000389,0,7,,0,2,8,16,A01
201900000390,1,7,,0,2,1,19,A01
201900000390,1,32,,0,2,8,1,D01
201900000391,3,7,,1,0,0,0,A01
201900000392,0,2,,0,2,1,19,B01
201900000392,3,3,,0,2,2,1,A01
201900000393,0,7,,0,2,0,1,Z01
201900000393,2,30,,0,2,2,1,B01
201900000394,1,7,,0,0,0,0,A01
201900000394,1,1,,1,0,1,2,B01
201900000395,1,32,,0,1,3,21,A01
201900000396,2,7,,0,2,4,9,B01
201900000396,2,34,,0,2,4,1,A01
201900000397,1,10,,0,1,3,15,A01
201900000398,2,7,,0,2,8,15,A01
201900000398,1,7,,0,2,7,1,B01
201900000399,1,7,,0,2,1,1,B01
201900000399,1,7,,11,2,2,1,A01
201900000400,1,7,,0,2,1,19,A01
201900000400,1,7,,9,1,1,2,B01
201900000401,3,10,,0,2,3,9,A01
201900000401,3,32,,0,2,2,1,B01
201900000402,1,1,,0,2,5,16,B01