Num_Acc,senc,catv,occutc,obs,obsm,choc,manv,num_veh
201900000402,2,10,,0,1,1,1,A01
201900000403,2,7,,0,2,7,1,A01
201900000403,2,37,1.0,0,2,3,1,B01
201900000404,1,7,,4,0,9,0,A01
201900000405,0,7,,12,2,7,1,B01
201900000405,0,7,,12,2,1,1,A01
201900000406,1,7,,0,2,1,1,A01
201900000406,1,7,,1,0,3,1,B01
201900000407,2,7,,0,2,1,1,A01
201900000407,1,33,,0,2,7,1,B01
201900000408,2,7,,0,1,1,1,A01
201900000409,2,7,,0,1,1,1,A01
201900000410,1,32,,0,1,3,21,A01
201900000411,1,7,,0,2,4,2,C01
201900000411,1,7,,0,2,4,2,B01
201900000411,1,7,,0,2,1,2,A01
201900000412,1,2,,0,2,7,15,B01
201900000412,1,7,,0,2,8,15,A01
201900000413,1,10,,0,6,1,1,C01
201900000413,2,33,,0,2,1,1,B01
201900000413,3,7,,0,2,3,16,A01
201900000414,1,7,,0,2,5,16,B01
201900000414,1,34,,0,2,1,18,A01
201900000415,2,7,,1,0,2,14,A01
201900000416,3,7,,0,1,2,1,A01
201900000417,1,34,,0,2,1,1,B01
201900000417,1,7,,0,2,3,15,A01
201900000418,1,7,,0,2,2,15,A01
201900000418,1,7,,0,2,1,1,B01
201900000419,1,30,,0,1,1,26,Z01
201900000420,1,30,,0,2,1,1,B01
201900000420,1,7,,0,2,3,15,A01
201900000421,0,10,,1,1,3,18,B01
201900000422,1,10,,0,2,2,16,A01
201900000422,1,30,,0,2,0,0,B01
201900000423,2,3,,0,2,3,13,B01
201900000423,1,7,,1,0,3,13,A01
201900000424,1,7,,14,0,1,9,A01
201900000424,1,7,,14,0,4,23,B01
201900000424,1,7,,0,1,4,23,C01
201900000425,2,7,,0,1,1,1,A01
201900000426,1,7,,0,2,1,19,A01
201900000426,2,7,,0,2,2,2,B01
201900000427,2,7,,0,2,2,1,A01
201900000427,1,20,,0,2,3,1,C01
201900000427,2,33,,0,2,1,16,B01
201900000428,1,7,,1,1,2,17,A01
201900000429,2,7,,0,0,8,16,A01
201900000429,2,42,,0,0,7,3,B01
201900000430,1,7,,1,0,2,17,A01
201900000430,2,33,,0,2,1,21,B01
201900000431,2,10,,6,2,1,26,A01
201900000432,3,10,,4,0,9,12,A01
201900000433,3,7,,0,1,1,17,A01
201900000434,2,7,,0,0,1,1,A01
201900000435,1,7,,0,2,1,15,A01
201900000435,2,34,,0,2,1,2,B01
201900000436,2,3,,0,2,3,1,A01
201900000436,2,10,,0,2,2,15,B01
201900000437,0,99,,0,2,2,15,A01
201900000437,2,2,,0,2,1,0,B01
201900000438,1,10,,0,2,7,16,A01
201900000438,2,2,,0,2,1,18,B01
201900000439,1,32,,0,2,1,1,B01
201900000439,1,3,,0,2,1,26,A01
201900000440,3,7,,1,0,2,24,A01
201900000440,1,7,,2,0,2,2,B01
201900000441,3,0,,0,1,6,1,A01
201900000442,3,10,,9,2,1,19,B01
201900000442,3,10,,0,2,2,1,A01
201900000443,1,7,,0,2,5,2,A01
201900000443,1,1,,0,2,8,2,B01
201900000444,3,7,,0,2,7,9,A01
201900000444,3,32,,0,2,3,1,B01
201900000445,0,7,,0,1,1,1,A01
201900000446,1,10,,0,2,4,0,B01
201900000446,1,7,,0,2,1,26,A01
201900000447,0,7,,0,2,2,15,A01
201900000447,0,7,,0,2,6,26,B01
201900000448,1,7,,0,2,6,24,B01
201900000448,1,7,,1,0,2,1,A01
201900000449,2,7,,1,0,1,1,A01
201900000449,3,7,,0,2,4,0,B01
201900000450,2,3,,0,2,8,1,B01
201900000450,1,3,,0,2,1,15,A01
201900000451,2,7,,0,2,6,1,A01
201900000451,2,7,,0,2,2,12,B01
201900000452,0,31,,0,0,0,0,B01
201900000452,1,7,,1,0,2,5,A01
201900000453,2,7,,15,2,1,1,A01
201900000454,2,7,,0,2,6,24,A01
201900000454,2,32,,0,2,1,1,B01
201900000455,0,7,,0,2,1,1,B01
201900000455,0,7,,0,2,8,16,A01
201900000456,2,7,,0,2,1,1,A01
201900000456,1,2,,0,2,2,9,B01
201900000457,3,37,1.0,0,2,2,1,A01
201900000457,3,7,,0,2,1,9,B01
201900000458,1,7,,0,2,4,23,B01
201900000458,1,10,,0,2,1,2,A01
201900000459,3,7,,0,2,3,0,B01
201900000459,3,7,,0,0,3,0,A01
201900000460,2,7,,0,1,3,26,A01
201900000461,3,10,,0,2,1,2,A01
201900000461,1,10,,0,2,4,23,B01
201900000462,3,7,,0,1,3,15,A01
201900000463,0,7,,0,2,4,1,A01
201900000463,0,7,,0,2,4,1,B01
201900000463,0,7,,0,2,1,1,C01
201900000464,3,7,,0,0,3,26,B01
201900000464,3,37,1.0,0,1,5,14,A01
201900000465,3,7,,0,1,2,1,A01
201900000466,3,0,,0,2,8,19,B01
201900000466,1,7,,0,1,4,4,A01
201900000467,0,7,,3,1,1,26,A01
201900000468,1,1,,0,2,1,1,B01
201900000468,2,7,,0,2,7,15,A01
201900000469,2,7,,0,2,4,2,B01
201900000469,2,7,,0,2,1,2,A01
201900000470,2,33,,0,0,3,0,A01
201900000471,3,7,,0,1,0,0,Z01
201900000472,2,2,,0,2,1,3,B01
201900000472,1,7,,0,2,2,15,A01
201900000473,2,7,,0,2,5,12,A01
201900000473,2,33,,0,2,3,18,B01
201900000474,1,7,,12,2,0,14,B01
201900000474,1,33,,0,2,3,1,A01
201900000475,2,33,,0,2,6,1,A01
201900000475,1,7,,0,2,3,15,Z01
201900000476,1,33,,0,1,1,1,Z01
201900000477,1,32,,0,2,4,23,B01
201900000477,1,7,,0,2,1,2,A01
201900000478,2,14,,0,2,3,1,A01
201900000478,2,1,,0,2,7,12,B01
201900000479,2,7,,0,2,3,10,B01
201900000479,2,32,,0,2,1,17,A01
201900000480,1,1,,0,1,1,1,A01
201900000481,2,31,,1,2,1,17,A01
201900000481,2,10,,0,2,0,23,B01
201900000482,2,7,,0,2,5,16,A01
201900000482,2,30,,0,2,3,18,B01
201900000483,1,1,,0,2,6,9,A01
201900000483,1,30,,0,2,1,1,Z01
201900000484,1,7,,0,2,1,1,A01
201900000484,1,7,,0,2,8,1,B01
201900000485,2,33,,0,1,1,7,A01
201900000486,1,7,,0,2,2,15,A01
201900000486,2,33,,0,2,1,1,B01
201900000487,2,7,,16,0,1,16,A01
201900000488,3,3,,0,2,6,26,A01
201900000488,3,3,,0,2,2,21,B01
201900000488,3,3,,0,2,1,2,C01
201900000489,2,33,,0,1,2,2,A01
201900000489,2,1,,0,2,3,9,B01
201900000490,2,7,,0,2,4,23,B01
201900000490,2,7,,0,2,1,1,A01
201900000491,3,50,,0,1,1,15,A01
201900000492,1,7,,0,1,7,1,A01
201900000493,2,7,,0,1,2,1,A01
201900000494,3,7,,0,2,1,1,B01
201900000494,3,7,,0,2,1,26,A01
201900000495,0,7,,14,0,1,26,A01
201900000495,0,10,,0,0,0,0,B01
201900000496,3,7,,0,1,4,0,A01
201900000497,3,33,,0,2,2,17,A01
201900000497,3,80,,0,2,8,15,B01
201900000498,2,7,,0,2,8,22,A01
201900000498,2,1,,1,0,1,2,B01
201900000499,2,10,,0,1,1,9,A01
201900000500,2,7,,0,1,8,19,A01
201900000500,2,0,,0,2,3,19,AB01
201900000501,1,7,,0,2,1,1,C01
201900000501,1,7,,0,2,3,26,A01
201900000501,3,7,,0,2,6,16,D01
201900000501,1,33,,0,2,5,15,B01
201900000502,1,7,,0,2,5,0,B01
201900000502,1,32,,0,2,1,18,A01
201900000503,2,33,,0,0,0,1,A01
201900000504,1,7,,0,9,3,1,A01
201900000504,1,60,,0,2,1,1,B01
201900000505,1,99,,8,1,2,13,A01
201900000506,1,7,,0,2,3,9,A01
201900000506,1,7,,0,2,1,1,B01
201900000507,3,60,,0,2,1,1,B01
201900000507,3,7,,6,2,3,26,A01
201900000508,1,7,,0,1,2,1,A01
201900000509,2,17,,0,2,8,1,B01
201900000509,1,7,,0,2,3,13,A01
201900000510,1,7,,0,2,3,1,B01
201900000510,2,32,,0,2,1,1,A01
201900000511,1,7,,0,2,4,2,C01
201900000511,1,7,,0,2,4,2,B01
201900000511,1,7,,0,2,1,2,A01
201900000512,2,7,,0,2,1,2,A01
201900000512,2,7,,0,2,4,1,B01
201900000512,2,7,,0,2,6,1,C01
201900000513,1,7,,2,0,9,1,A01
201900000514,1,99,,0,0,6,26,A01
201900000514,2,33,,0,0,0,1,B01
201900000515,3,3,,0,0,8,1,A01
201900000515,3,7,,0,2,1,1,B01
201900000516,2,7,,0,2,3,0,A01
201900000516,1,7,,0,2,3,1,B01
201900000517,2,33,,0,2,1,1,B01
201900000517,1,7,,0,2,3,15,A01
201900000518,1,7,,0,2,2,0,A01
201900000518,1,7,,0,2,3,0,B01
201900000519,1,7,,7,0,8,13,A01
201900000520,3,2,,0,2,2,1,A01
201900000520,3,7,,0,2,2,5,B01
201900000521,2,7,,0,2,1,1,A01
201900000521,2,7,,0,2,3,1,B01
201900000522,2,7,,0,1,2,1,A01
201900000523,3,7,,0,2,1,2,A01
201900000523,3,7,,0,2,1,1,B01
201900000524,2,7,,0,2,3,1,B01
201900000524,1,33,,0,2,1,17,A01
201900000525,2,7,,0,2,1,1,B01
201900000525,1,7,,0,2,2,15,A01
201900000526,0,80,,0,2,1,5,B01
201900000526,0,7,,0,9,3,1,A01
201900000527,1,33,,13,0,0,1,A01
201900000528,3,1,,0,2,1,1,B01
201900000528,3,7,,0,2,2,1,A01
201900000529,2,7,,13,0,3,1,A01
201900000530,3,1,,13,0,4,15,B01
201900000530,3,7,,0,2,2,21,A01
201900000531,1,33,,0,0,0,1,A01
201900000532,3,7,,0,1,1,1,A01
201900000533,3,3,,0,1,1,15,A01
201900000534,2,2,,0,0,7,16,A01
201900000535,1,33,,13,0,1,2,A01
201900000536,1,34,,0,6,1,1,A01
201900000537,1,7,,0,2,1,1,B01
201900000537,1,13,,6,0,3,1,A01
201900000538,1,1,,0,0,0,1,A01
201900000539,2,7,,0,0,4,1,B01
201900000539,2,7,,0,2,1,1,A01
201900000540,1,7,,2,0,1,1,A01
201900000541,1,7,,0,1,2,1,B01
201900000542,1,99,,16,0,3,1,A01
201900000543,3,31,,0,2,1,1,B01
201900000543,3,7,,0,2,3,15,A01
201900000544,2,34,,0,2,1,2,B01
201900000544,2,7,,0,0,4,15,A01
201900000545,0,7,,0,1,3,19,A01
201900000546,0,33,,0,2,1,1,B01
201900000546,0,7,,0,2,2,5,A01
201900000547,1,7,,0,1,1,0,A01
201900000548,2,32,,0,2,1,17,A01
201900000548,2,7,,0,2,8,15,B01
201900000549,3,7,,0,1,3,15,A01
201900000550,3,7,,0,2,4,2,C01
201900000550,3,7,,0,2,4,2,B01
201900000550,3,10,,0,2,1,1,A01
201900000551,1,7,,4,0,5,1,A01
201900000552,2,7,,0,1,2,18,Z01
201900000553,2,7,,0,2,4,0,B01
201900000553,2,7,,0,2,1,26,A01
201900000554,1,7,,15,0,1,1,A01
201900000555,1,7,,0,1,3,21,A01
201900000556,2,7,,0,2,2,12,A01
201900000556,2,32,,0,2,8,3,B01
201900000557,2,14,,0,2,5,1,C01
201900000557,2,37,1.0,0,2,6,23,B01
201900000557,2,33,,0,2,1,17,A01
201900000558,2,1,,0,1,8,1,A01
201900000559,1,7,,0,2,2,12,B01
201900000559,1,30,,0,2,8,18,A01
201900000560,1,7,,0,2,8,13,B01
201900000560,1,33,,0,2,2,17,A01
201900000561,1,7,,0,2,7,22,B01
201900000561,1,30,,0,2,3,18,A01
201900000562,2,31,,0,1,2,17,A01
201900000563,1,7,,0,2,0,14,Z01
201900000563,1,31,,0,2,0,18,A01
201900000564,1,32,,0,2,2,1,B01
201900000564,1,7,,0,2,3,22,A01
201900000565,2,43,,0,1,1,20,A01
201900000566,1,7,,0,2,2,15,Z01
201900000566,1,33,,0,2,8,1,A01
201900000567,2,32,,0,0,8,1,A01
201900000568,2,33,,0,2,4,23,B01
201900000568,2,7,,0,2,1,2,A01
201900000569,1,30,,0,2,0,9,B01
201900000569,2,1,,0,2,0,5,Z01
201900000570,1,7,,0,2,3,15,A01
201900000570,1,32,,0,2,7,1,B01
201900000571,2,7,,0,2,8,1,B01
201900000571,1,7,,0,2,3,1,A01
201900000572,1,7,,0,1,1,15,A01
201900000573,1,7,,0,2,8,15,A01
201900000573,2,37,2.0,0,2,2,15,B01
201900000574,1,50,,0,2,8,0,B01
201900000574,1,7,,0,9,1,26,A01
201900000575,3,7,,0,2,8,1,B01
201900000575,3,10,,0,2,1,5,A01
201900000576,3,32,,0,2,7,1,B01
201900000576,3,7,,0,2,1,9,A01
201900000577,2,7,,0,1,1,15,A01
201900000578,1,7,,0,2,1,1,A01
201900000578,1,7,,0,1,7,15,B01
201900000579,1,34,,0,2,1,3,B01
201900000579,1,7,,0,2,3,11,A01
201900000580,2,1,,0,2,1,0,B01
201900000580,1,7,,0,2,7,15,A01
201900000581,2,37,2.0,0,1,3,2,A01
201900000582,1,32,,0,2,1,26,A01
201900000582,1,7,,-1,-1,-1,1,C01
201900000583,1,14,,0,1,7,1,A01
201900000584,3,37,1.0,0,1,1,26,A01
201900000585,3,30,,0,1,1,25,A01
201900000586,3,13,,0,1,4,4,A01
201900000587,2,1,,0,2,1,1,B01
201900000587,1,30,,0,2,6,15,A01
201900000588,2,7,,0,1,3,1,A01
201900000589,0,2,,0,1,0,0,A01
201900000590,1,2,,0,1,8,13,Z01
201900000591,3,30,,0,1,1,25,Z01
201900000592,1,7,,0,2,3,9,A01
201900000592,1,30,,0,2,1,1,B01
201900000593,2,7,,0,1,0,0,Z01
201900000593,2,34,,0,1,1,1,A01
201900000594,3,7,,0,1,1,1,A01
201900000595,1,10,,0,1,2,1,A01
201900000596,0,7,,0,2,3,13,A01
201900000596,3,21,,0,2,3,0,B01
201900000597,0,7,,6,0,1,1,A01
201900000598,3,7,,0,0,0,1,A01
201900000599,3,7,,1,0,1,1,B01
201900000599,3,7,,0,1,1,23,A01
201900000600,1,7,,13,0,1,1,A01
201900000601,2,7,,15,2,1,1,A01
201900000601,3,7,,15,2,7,19,B01
201900000602,2,7,,13,0,0,1,A01
201900000603,2,7,,0,2,3,1,A01
201900000603,2,1,,0,2,7,19,B01
201900000604,3,7,,0,1,3,1,A01
201900000605,3,7,,8,0,1,1,A01
201900000606,2,33,,0,0,4,1,B01
201900000606,2,7,,0,2,3,2,A01
201900000607,2,7,,0,2,3,1,B01
201900000607,1,7,,0,2,2,21,A01
201900000608,2,10,,0,2,1,1,B01
201900000608,1,10,,0,2,1,5,A01
201900000609,3,7,,0,1,1,15,A01
201900000610,2,2,,1,0,1,1,A01
201900000611,0,10,,0,1,1,1,A01
201900000612,3,33,,2,0,1,0,A01
201900000613,1,7,,0,2,2,15,A01
201900000613,2,1,,0,2,1,1,B01
201900000614,1,7,,0,2,3,1,A01
201900000614,2,7,,0,2,3,1,B01
201900000615,2,7,,0,1,1,1,A01
201900000616,1,7,,0,2,3,1,A01
201900000616,2,7,,0,2,3,1,B01
201900000617,3,33,,0,2,1,5,A01
201900000617,3,7,,0,2,3,15,B01
201900000618,1,7,,0,1,1,17,A01
201900000619,2,7,,13,0,9,2,A01
201900000620,0,7,,2,0,3,0,A01
201900000621,3,10,,2,0,2,1,A01
201900000622,0,10,,12,0,0,1,A01
201900000623,2,7,,15,0,1,0,A01
201900000624,2,30,,0,0,9,1,A01
201900000625,1,7,,0,0,9,1,A01
201900000626,2,2,,0,2,7,19,B01
201900000626,2,7,,0,2,3,1,A01
201900000627,1,7,,5,0,2,1,A01
201900000628,2,7,,0,0,7,15,B01
201900000628,1,2,,0,2,1,1,A01
201900000629,1,7,,0,2,8,0,C01
201900000629,2,7,,0,2,3,0,B01
201900000629,1,7,,4,2,0,0,A01
201900000630,1,10,,0,2,2,13,A01
201900000630,1,17,,0,2,6,1,B01
201900000630,1,7,,0,2,1,1,C01
201900000630,1,7,,0,2,1,1,D01
201900000631,1,7,,13,2,6,1,B01
201900000631,1,7,,13,2,7,14,A01
201900000632,3,7,,13,0,0,1,A01
201900000633,1,7,,0,9,4,2,B01
201900000633,1,2,,0,2,4,2,A01
201900000634,1,7,,0,0,1,2,A01
201900000634,1,1,,0,0,4,2,B01
201900000635,1,7,,0,1,2,1,A01
201900000636,1,13,,0,1,2,21,A01
201900000637,1,33,,13,0,8,0,A01
201900000638,2,33,,0,2,1,1,B01
201900000638,1,7,,0,2,1,13,A01
201900000639,3,2,,0,2,1,13,B01
201900000639,3,7,,0,2,3,0,A01
201900000640,2,7,,0,2,1,1,C01
201900000640,2,7,,0,2,1,1,B01
201900000640,1,15,,0,0,6,10,A01
201900000641,0,1,,0,2,7,1,B01
201900000641,0,7,,0,2,1,1,A01
201900000642,1,7,,2,0,2,1,A01
201900000643,2,7,,0,2,7,15,A01
201900000643,1,7,,0,2,1,1,B01
201900000644,3,7,,0,2,2,1,A01
201900000644,0,31,,0,2,0,0,B01
201900000644,3,33,,0,2,0,0,C01
201900000645,0,7,,0,1,6,20,A01
201900000646,0,7,,2,0,1,0,A01
201900000647,3,7,,0,2,3,5,A01
201900000647,3,7,,0,2,3,1,B01
201900000648,2,31,,0,2,7,1,A01
201900000648,2,7,,0,2,8,13,B01
201900000649,2,14,,0,0,0,0,B01
201900000649,2,7,,0,0,0,0,A01
201900000650,2,7,,0,2,8,1,B01
201900000650,2,14,,0,2,1,12,A01
201900000651,1,7,,3,0,1,0,A01
201900000652,1,7,,0,2,4,2,D01
201900000652,2,7,,0,2,1,2,C01
201900000652,1,7,,0,2,4,2,B01
201900000652,2,10,,0,2,1,2,A01
201900000653,2,7,,0,2,1,2,A01
201900000653,2,33,,0,2,4,2,B01
201900000653,2,7,,0,2,4,2,C01
201900000654,2,3,,0,2,7,2,C01
201900000654,2,3,,0,2,1,2,B01
201900000654,1,3,,0,2,1,2,A01
201900000655,2,7,,0,2,8,13,A01
201900000655,2,32,,0,2,7,1,B01
201900000656,1,7,,0,2,4,2,B01
201900000656,1,33,,0,2,1,2,A01
201900000657,2,32,,0,0,2,2,A01
201900000658,2,33,,0,2,1,3,A01
201900000658,2,7,,0,2,6,11,B01
201900000659,1,10,,0,2,1,2,A01
201900000659,1,7,,0,2,4,2,B01
201900000660,1,7,,9,0,8,0,B01
201900000660,1,7,,4,0,1,26,A01
201900000661,2,7,,0,2,4,23,B01
201900000661,2,7,,1,0,1,2,A01
201900000662,2,7,,0,2,6,1,C01
201900000662,2,7,,0,2,7,1,B01
201900000662,2,32,,0,2,3,3,A01
201900000663,2,7,,2,0,9,14,A01
201900000664,1,80,,0,2,8,1,B01
201900000664,1,14,,0,2,2,16,A01
201900000665,1,37,1.0,0,2,2,17,A01
201900000665,1,80,,0,2,8,13,B01
201900000666,2,7,,0,1,3,1,A01
201900000667,1,30,,0,1,1,1,A01
201900000668,1,7,,0,1,4,4,A01
201900000669,2,10,,0,2,3,15,A01
201900000669,1,1,,0,2,8,1,B01
201900000670,1,7,,0,2,6,22,A01
201900000670,1,1,,0,2,1,17,B01
201900000671,2,7,,0,1,1,1,A01
201900000672,2,7,,0,1,2,15,A01
201900000673,1,32,,0,2,2,15,B01
201900000673,1,7,,0,2,4,14,A01
201900000674,2,50,,0,0,0,1,A01
201900000675,2,31,,0,2,0,1,A01
201900000675,2,80,,0,2,8,14,Z01
201900000676,1,7,,1,2,3,20,A01
201900000676,1,7,,0,2,0,17,Z01
201900000677,1,7,,0,2,2,16,B01
201900000677,1,10,,0,2,1,2,A01
201900000678,2,1,,0,0,1,1,A01
201900000679,0,30,,0,2,8,26,B01
201900000679,0,7,,0,2,7,26,Z01
201900000680,2,37,1.0,0,1,7,20,A01
201900000681,0,7,,0,2,4,1,B01
201900000681,0,10,,0,2,1,1,A01
201900000682,2,7,,0,2,6,2,A01
201900000682,2,7,,0,2,2,2,B01
201900000683,2,7,,0,2,1,1,B01
201900000683,1,7,,0,2,2,5,A01
201900000684,3,1,,0,2,7,1,Y01
201900000684,1,7,,0,2,2,1,A01
201900000685,1,3,,0,1,3,15,A01
201900000686,3,7,,4,0,3,11,A01
201900000687,3,10,,0,1,1,19,A01
201900000688,3,7,,0,2,3,9,B01
201900000688,3,33,,0,2,1,17,A01
201900000689,3,30,,15,0,1,21,A01
201900000690,1,1,,0,2,7,15,B01
201900000690,1,7,,0,2,3,15,A01
201900000691,2,32,,0,2,1,0,A01
201900000691,2,7,,0,2,3,15,B01
201900000692,1,17,,0,0,4,2,B01
201900000692,1,7,,0,2,1,2,A01
201900000693,2,7,,2,0,3,13,A01
201900000694,2,7,,0,2,1,1,B01
201900000694,1,7,,0,2,1,13,A01
201900000695,2,10,,0,2,3,1,A01
201900000695,1,10,,0,2,3,1,B01
201900000696,1,7,,4,0,3,13,A01
201900000697,2,7,,0,2,3,1,B01
201900000697,2,7,,0,2,1,26,A01
201900000698,3,7,,10,0,1,0,A01
201900000699,1,33,,0,2,2,2,A01
201900000699,1,13,,0,0,6,11,B01
201900000700,2,7,,2,0,1,1,A01
201900000701,1,7,,0,9,4,2,B01
201900000701,1,1,,0,2,1,2,A01
201900000702,2,7,,0,1,1,1,A01
201900000703,2,7,,0,2,2,1,B01
201900000703,1,7,,0,2,1,15,A01
201900000704,3,7,,0,2,2,1,B01
201900000704,3,7,,8,0,3,16,A01
201900000705,1,7,,0,2,2,17,A01
201900000705,1,80,,0,2,6,1,B01
201900000706,2,7,,0,2,3,0,B01
201900000706,1,7,,0,2,3,13,A01
201900000707,2,7,,13,0,3,0,A01
201900000708,1,1,,0,2,7,12,A01
201900000708,1,33,,15,2,8,1,B01
201900000709,2,7,,0,0,3,0,A01
201900000710,2,7,,0,1,1,1,A01
201900000711,2,2,,0,0,0,26,A01
201900000712,3,7,,0,1,4,4,A01
201900000713,1,10,,8,0,2,1,A01
201900000714,3,31,,12,0,7,1,A01
201900000715,2,7,,13,6,1,1,A01
201900000716,1,7,,0,2,1,1,B01
201900000716,2,7,,0,2,1,15,A01
201900000717,1,1,,0,2,1,15,B01
201900000717,1,7,,0,9,2,17,A01
201900000718,2,2,,0,0,2,1,A01
201900000719,2,7,,0,2,1,12,A01
201900000719,2,7,,5,0,4,1,B01
201900000720,2,7,,0,0,8,10,A01
201900000720,2,33,,0,0,7,17,B01
201900000721,2,7,,0,0,0,1,D01
201900000721,2,7,,0,2,1,1,C01
201900000721,2,7,,0,2,4,1,B01
201900000721,2,7,,0,2,1,1,A01
201900000722,2,33,,0,0,4,15,B01
201900000722,2,10,,0,2,1,2,A01
201900000723,2,10,,0,0,2,0,B01
201900000723,2,7,,0,2,4,1,A01
201900000724,1,0,,0,1,0,0,A01
201900000725,2,7,,0,9,1,15,A01
201900000725,1,2,,0,2,8,15,B01
201900000726,2,7,,0,2,7,1,A01
201900000726,1,7,,0,2,1,1,B01
201900000727,1,10,,2,0,7,1,A01
201900000728,2,7,,0,0,3,15,B01
201900000728,1,7,,0,2,1,1,A01
201900000729,3,7,,0,1,1,20,A01
201900000730,2,7,,0,0,8,1,B01
201900000730,1,7,,0,2,3,21,A01
201900000731,0,7,,0,1,1,1,A01
201900000732,3,7,,0,0,7,15,A01
201900000732,3,2,,0,2,2,1,B01
201900000733,3,37,1.0,0,6,3,1,A01
201900000733,3,1,,0,2,1,19,B01
201900000734,3,7,,1,0,1,1,A01
201900000735,3,1,,0,0,0,0,B01
201900000735,3,7,,0,2,1,1,A01
201900000736,3,7,,0,2,3,1,B01
201900000736,3,7,,0,2,3,1,A01
201900000737,3,7,,0,1,3,1,A01
201900000738,1,7,,0,1,1,1,A01
201900000739,1,31,,1,0,1,13,A01
201900000739,1,36,,0,2,4,1,C01
201900000740,1,7,,0,2,2,19,A01
201900000740,2,1,,0,2,8,1,B01
201900000741,1,7,,0,2,0,1,A01
201900000741,1,33,,0,2,0,0,B01
201900000742,1,7,,0,1,0,0,Z01
201900000743,2,7,,13,0,3,13,A01
201900000744,0,2,,0,2,1,1,A01
201900000744,0,7,,0,2,5,15,B01
201900000745,2,7,,0,2,1,1,A01
201900000745,2,7,,0,2,4,1,B01
201900000745,2,7,,0,2,4,1,C01
201900000745,2,7,,0,2,4,1,D01
201900000745,2,7,,0,2,4,1,E01
201900000746,1,7,,0,2,2,1,A01
201900000746,1,2,,0,2,1,1,B01
201900000747,1,30,,0,2,1,1,A01
201900000747,2,7,,0,2,1,1,B01
201900000748,2,7,,0,1,1,16,A01
201900000749,0,31,,0,2,0,0,B01
201900000749,0,7,,0,2,1,26,A01
201900000750,1,7,,0,2,1,1,A01
201900000750,1,1,,0,2,1,19,B01
201900000751,3,7,,0,1,1,26,A01
201900000752,1,33,,0,6,1,1,B01
201900000752,1,10,,0,0,0,17,A01
201900000753,3,7,,0,1,1,1,A01
201900000754,2,7,,0,2,1,1,A01
201900000754,1,7,,0,2,4,1,B01
201900000755,1,7,,0,2,6,1,B01
201900000755,1,7,,0,2,1,1,A01
201900000756,3,2,,0,1,1,9,A01
201900000757,3,7,,0,2,1,9,A01
201900000757,3,31,,0,2,7,1,B01
201900000758,1,7,,0,2,7,16,B01
201900000758,3,30,,15,2,1,26,A01
201900000759,1,7,,0,1,1,9,A01
201900000760,2,7,,0,2,3,1,B01
201900000760,2,60,,0,2,7,19,A01
201900000761,1,33,,0,1,1,1,A01
201900000762,2,34,,0,2,7,0,B01
201900000762,2,7,,0,2,2,9,A01
201900000763,1,7,,0,2,2,15,A01
201900000763,2,33,,0,2,1,1,B01
201900000764,1,1,,0,2,8,1,A01
201900000764,1,7,,0,2,7,1,Z01
201900000765,1,1,,1,0,1,1,A01
201900000766,0,2,,0,2,1,1,A01
201900000766,0,7,,0,2,6,1,B01
201900000767,2,30,,0,0,0,0,A01
201900000768,1,30,,0,0,1,1,A01
201900000768,1,32,,0,2,3,1,B01
201900000769,2,30,,0,2,1,1,A01
201900000769,1,10,,0,2,3,1,B01
201900000770,1,2,,8,0,1,1,A01
201900000771,2,7,,0,2,2,15,B01
201900000771,1,1,,0,2,1,1,A01
201900000772,2,7,,0,2,1,9,A01
201900000772,1,7,,0,2,6,1,B01
201900000773,2,7,,0,2,7,15,A01
201900000773,2,30,,0,2,1,1,B01
201900000774,1,1,,0,2,0,1,A01
201900000774,2,1,,0,2,1,15,B01
201900000775,3,7,,0,2,1,13,A01
201900000775,0,7,,0,2,1,1,B01
201900000776,3,33,,0,0,0,0,B01
201900000776,3,7,,0,2,7,15,A01
201900000777,1,2,,0,2,1,16,B01
201900000777,2,7,,0,2,2,1,A01
201900000778,1,7,,0,0,4,1,B01
201900000778,1,33,,0,2,1,1,A01
201900000779,1,7,,0,2,2,1,Z01
201900000779,1,1,,0,2,8,1,B01
201900000780,1,34,,0,2,1,1,B01
201900000780,1,7,,0,2,7,15,A01
201900000781,1,7,,0,2,2,26,A01
201900000781,2,7,,0,2,1,1,B01
201900000782,1,33,,0,2,1,26,A01
201900000782,2,7,,0,6,8,26,B01
201900000783,2,7,,0,2,2,1,A01
201900000783,2,7,,0,2,1,9,B01
201900000784,2,7,,0,2,4,26,B01
201900000784,2,7,,0,2,1,1,A01
201900000785,2,33,,0,2,1,0,B01
201900000785,2,10,,0,2,3,11,A01
201900000786,0,7,,0,2,4,2,C01
201900000786,0,7,,0,2,4,2,B01
201900000786,0,7,,0,2,1,2,A01
201900000787,3,7,,0,2,6,15,B01
201900000787,0,30,,0,2,1,1,A01
201900000788,1,2,,0,0,8,1,A01
201900000789,1,7,,0,2,3,9,A01
201900000789,3,33,,0,2,0,0,B01
201900000790,2,7,,0,1,0,1,A01
201900000791,1,33,,0,2,1,17,A01
201900000791,1,34,,0,2,1,2,B01
201900000791,1,7,,0,2,3,2,C01
201900000792,1,30,,0,2,1,0,A01
201900000792,2,7,,0,2,0,0,Z01
201900000793,1,7,,0,2,1,16,A01
201900000793,3,1,,0,2,7,19,B01