Num_Acc,senc,catv,occutc,obs,obsm,choc,manv,num_veh
201900000794,1,33,,12,0,1,17,A01
201900000795,1,2,,0,2,8,15,A01
201900000795,1,7,,0,2,2,1,B01
201900000796,1,30,,0,2,7,17,A01
201900000796,1,7,,0,2,8,1,B01
201900000797,2,7,,0,2,3,11,A01
201900000797,2,34,,4,2,2,1,B01
201900000798,2,7,,0,2,5,1,B01
201900000798,2,33,,0,2,3,13,A01
201900000799,1,31,,0,2,1,3,A01
201900000799,1,7,,0,2,6,1,B01
201900000799,1,7,,0,2,2,1,C01
201900000800,1,32,,0,2,4,18,B01
201900000800,1,7,,0,2,1,16,A01
201900000801,1,7,,0,2,2,1,B01
201900000801,2,32,,0,2,1,1,A01
201900000802,1,10,,0,2,1,15,A01
201900000802,2,32,,0,2,1,1,B01
201900000803,1,30,,14,0,1,13,A01
201900000804,2,32,,0,1,1,1,A01
201900000805,1,7,,0,2,2,15,B01
201900000805,3,30,,0,2,7,1,A01
201900000806,2,7,,0,2,2,4,B01
201900000806,2,34,,0,2,3,2,A01
201900000807,1,1,,0,2,4,7,A01
201900000807,1,10,,0,2,1,7,Z01
201900000808,2,30,,0,2,7,1,B01
201900000808,2,38,1.0,0,2,8,13,A01
201900000809,1,50,,0,2,4,13,B01
201900000809,1,32,,0,2,1,17,A01
201900000810,1,1,,1,0,1,1,B01
201900000811,1,30,,0,0,0,1,A01
201900000812,2,1,,0,2,1,1,A01
201900000812,2,7,,0,2,8,22,Z01
201900000813,2,3,,11,0,1,1,A01
201900000814,1,7,,0,2,7,1,A01
201900000814,2,7,,0,2,1,1,B01
201900000815,1,1,,0,1,1,7,A01
201900000816,1,7,,0,2,0,0,Z01
201900000816,1,33,,0,2,1,21,A01
201900000817,2,50,,0,2,0,2,A01
201900000817,2,32,,0,2,0,2,B01
201900000818,1,37,1.0,0,1,2,2,A01
201900000819,0,13,,0,2,3,15,B01
201900000819,0,32,,0,2,1,1,A01
201900000820,2,10,,0,2,7,15,A01
201900000820,1,33,,0,2,7,1,B01
201900000821,2,7,,0,1,2,1,A01
201900000822,1,20,,0,1,3,1,A01
201900000823,1,33,,1,0,2,9,A01
201900000823,3,7,,0,2,0,0,C01
201900000824,1,7,,0,6,1,1,A01
201900000824,2,1,,0,2,1,1,B01
201900000825,1,7,,0,2,2,1,B01
201900000825,1,7,,0,2,0,0,A01
201900000826,3,31,,0,2,1,1,B01
201900000826,3,7,,0,2,8,15,A01
201900000827,3,7,,0,2,1,2,A01
201900000827,3,7,,0,2,4,2,B01
201900000828,1,7,,0,2,8,15,B01
201900000828,1,33,,0,2,1,17,A01
201900000829,3,30,,0,2,2,9,A01
201900000829,3,7,,0,2,1,9,B01
201900000830,3,7,,0,1,2,16,A01
201900000831,1,7,,0,2,5,15,A01
201900000831,2,30,,0,2,1,7,B01
201900000832,2,7,,8,0,3,1,A01
201900000833,2,34,,0,1,1,26,A01
201900000834,3,34,,0,1,1,1,A01
201900000835,3,7,,0,2,2,1,B01
201900000835,3,80,,0,2,2,15,A01
201900000836,3,7,,0,1,1,1,A01
201900000837,1,7,,0,1,2,0,A01
201900000838,1,7,,0,1,2,15,A01
201900000839,0,7,,0,0,0,16,A01
201900000840,1,7,,0,2,6,9,B01
201900000840,1,7,,0,2,1,9,A01
201900000841,1,7,,0,2,2,17,A01
201900000841,1,1,,0,2,3,1,B01
201900000842,3,32,,0,2,8,1,B01
201900000842,3,7,,0,2,2,15,A01
201900000843,0,0,,0,1,0,0,A01
201900000844,3,7,,0,2,5,25,A01
201900000844,3,7,,0,2,2,1,B01
201900000845,1,3,,0,1,1,26,A01
201900000846,3,1,,0,1,1,1,A01
201900000846,3,0,,0,6,1,1,Y01
201900000847,2,7,,0,2,8,14,A01
201900000847,2,7,,0,2,7,14,B01
201900000847,1,17,,0,1,8,15,C01
201900000848,3,0,,0,0,0,0,Y01
201900000848,3,37,1.0,0,1,5,0,B01
201900000848,3,7,,0,1,2,1,A01
201900000849,1,7,,0,1,1,26,A01
201900000850,1,33,,0,0,8,1,A01
201900000851,2,7,,0,2,3,9,A01
201900000851,2,30,,0,2,5,16,B01
201900000852,0,7,,0,2,3,1,B01
201900000852,0,33,,0,2,1,19,A01
201900000853,1,33,,6,0,1,0,A01
201900000854,2,33,,13,0,0,13,A01
201900000855,0,50,,0,2,1,1,B01
201900000855,3,7,,0,9,5,16,A01
201900000856,1,7,,6,0,1,1,A01
201900000857,3,7,,0,2,1,1,B01
201900000857,0,1,,0,2,4,23,A01
201900000858,0,1,,0,2,5,2,B01
201900000858,3,1,,0,9,0,2,A01
201900000859,2,7,,0,1,1,1,A01
201900000860,1,33,,13,0,1,1,A01
201900000861,1,7,,0,0,0,1,A01
201900000862,2,7,,0,0,3,3,A01
201900000862,1,7,,0,0,3,1,B01
201900000863,3,31,,0,0,8,1,A01
201900000864,2,7,,0,0,1,1,A01
201900000864,1,7,,9,2,1,13,B01
201900000865,2,7,,0,0,4,26,B01
201900000865,2,7,,3,2,1,0,A01
201900000866,2,1,,10,0,1,1,A01
201900000867,2,33,,0,2,1,1,A01
201900000867,2,7,,0,2,3,1,B01
201900000868,2,7,,13,0,2,14,A01
201900000869,2,7,,0,2,1,1,B01
201900000869,1,2,,0,2,1,15,A01
201900000870,2,21,,0,0,4,11,B01
201900000870,2,2,,0,2,1,1,A01
201900000871,1,21,,0,9,3,13,A01
201900000871,2,30,,0,9,8,0,B01
201900000872,1,33,,0,0,0,1,A01
201900000873,2,7,,7,0,8,0,A01
201900000874,2,7,,0,0,1,1,A01
201900000875,1,7,,0,0,9,0,A01
201900000876,0,7,,13,0,2,1,A01
201900000877,2,2,,3,0,0,13,A01
201900000878,2,7,,0,2,3,13,B01
201900000878,1,7,,0,2,3,1,A01
201900000879,0,1,,0,2,4,2,B01
201900000879,0,7,,0,2,2,2,A01
201900000880,1,7,,0,0,6,23,B01
201900000880,1,33,,0,2,1,2,A01
201900000881,2,33,,13,0,1,1,A01
201900000882,1,33,,0,0,7,21,A01
201900000883,2,10,,0,2,2,15,A01
201900000883,1,33,,0,2,1,1,B01
201900000884,0,2,,0,2,1,1,B01
201900000884,0,2,,0,2,1,1,A01
201900000885,2,7,,0,2,3,13,A01
201900000885,1,38,1.0,0,0,3,1,B01
201900000886,2,7,,2,0,3,13,A01
201900000887,2,38,1.0,0,9,1,15,A01
201900000887,2,1,,0,2,8,5,B01
201900000888,3,1,,0,9,2,19,B01
201900000888,3,50,,0,9,7,1,A01
201900000889,1,1,,0,2,1,2,A01
201900000889,1,1,,0,0,4,2,B01
201900000890,3,7,,8,0,7,1,A01
201900000891,3,7,,0,0,9,0,A01
201900000892,2,7,,8,2,1,1,B01
201900000892,1,7,,0,2,1,17,A01
201900000893,1,2,,0,2,3,1,B01
201900000893,3,10,,0,2,7,4,A01
201900000894,1,7,,0,2,3,13,A01
201900000894,1,31,,14,2,7,17,B01
201900000895,3,7,,0,1,3,1,A01
201900000896,1,7,,0,1,1,1,A01
201900000897,1,17,,3,0,0,0,A01
201900000898,1,33,,3,0,3,1,A01
201900000899,3,7,,6,0,1,16,A01
201900000900,0,7,,0,1,2,15,A01
201900000901,1,7,,16,0,9,1,A01
201900000902,1,7,,2,0,0,5,A01
201900000903,0,33,,0,1,1,1,B01
201900000903,0,31,,0,0,0,0,A01
201900000904,2,7,,0,2,1,13,A01
201900000904,1,7,,0,2,1,1,B01
201900000905,2,33,,11,0,1,1,A01
201900000906,1,7,,0,2,1,13,A01
201900000906,2,7,,0,2,1,1,B01
201900000907,0,1,,0,2,7,19,B01
201900000907,1,7,,0,9,1,1,A01
201900000908,2,7,,0,2,3,1,B01
201900000908,1,7,,0,2,3,13,A01
201900000909,1,7,,0,2,1,2,B01
201900000909,1,7,,0,2,4,1,A01
201900000910,1,10,,0,2,5,23,A01
201900000910,1,33,,14,0,1,2,B01
201900000911,2,7,,0,2,7,12,A01
201900000911,2,32,,0,2,8,1,B01
201900000912,1,7,,0,2,1,2,A01
201900000912,1,10,,0,2,4,1,B01
201900000913,2,7,,0,2,8,1,B01
201900000913,2,33,,0,2,7,3,A01
201900000914,2,10,,0,2,8,11,A01
201900000914,2,33,,0,2,7,1,B01
201900000915,1,7,,0,2,3,1,B01
201900000915,1,7,,0,2,2,12,A01
201900000916,1,10,,0,2,4,2,B01
201900000916,1,33,,0,2,1,2,A01
201900000917,2,7,,0,2,2,17,B01
201900000917,2,7,,0,2,4,1,A01
201900000918,1,7,,4,2,2,2,B01
201900000918,1,7,,4,2,8,13,A01
201900000919,2,10,,0,2,0,12,A01
201900000919,2,33,,0,0,3,1,B01
201900000919,2,7,,0,2,3,1,C01
201900000920,1,7,,0,2,3,13,A01
201900000920,2,7,,13,2,6,1,B01
201900000921,-1,32,,-1,-1,-1,-1,B01
201900000922,1,7,,0,2,1,1,B01
201900000922,3,7,,0,2,1,9,A01
201900000923,2,7,,0,2,1,15,B01
201900000923,1,31,,0,2,7,3,A01
201900000924,0,17,,0,2,4,1,D01
201900000924,0,7,,0,2,4,1,C01
201900000924,3,7,,0,2,4,2,B01
201900000924,3,99,,0,2,1,2,A01
201900000925,3,7,,0,2,3,20,A01
201900000925,3,2,,0,2,1,1,B01
201900000926,1,33,,11,0,1,1,A01
201900000927,2,7,,3,0,2,17,A01
201900000928,2,2,,12,0,7,14,A01
201900000929,3,21,,0,0,8,15,B01
201900000929,3,33,,0,2,1,17,A01
201900000930,2,7,,0,2,3,13,A01
201900000930,1,7,,0,2,8,1,B01
201900000931,3,7,,0,1,3,15,A01
201900000932,2,7,,0,2,6,17,A01
201900000932,2,33,,0,2,1,17,B01
201900000933,0,99,,0,2,0,0,B01
201900000933,1,7,,0,1,1,1,A01
201900000934,2,7,,8,0,2,1,A01
201900000935,3,50,,0,0,0,1,A01
201900000936,3,7,,0,1,1,1,A01
201900000937,2,7,,4,0,1,1,A01
201900000938,2,17,,3,0,1,0,A01
201900000939,1,7,,2,0,3,1,A01
201900000940,1,7,,0,2,8,19,B01
201900000940,0,7,,0,2,1,1,A01
201900000941,2,7,,0,2,2,1,B01
201900000941,1,7,,0,2,7,15,A01
201900000942,0,7,,2,0,0,0,A01
201900000943,0,30,,0,0,0,0,A01
201900000944,3,7,,2,0,7,13,A01
201900000945,0,3,,0,0,0,9,B01
201900000945,3,7,,6,0,1,1,A01
201900000946,2,7,,13,0,6,0,A01
201900000947,3,7,,2,9,1,1,A01
201900000948,1,7,,0,2,4,1,B01
201900000948,1,14,,0,2,1,1,A01
201900000949,2,7,,0,2,1,1,A01
201900000949,2,33,,0,2,4,1,B01
201900000950,2,33,,0,2,8,2,B01
201900000950,1,10,,0,2,2,13,A01
201900000951,2,7,,0,2,1,19,B01
201900000951,1,10,,0,2,1,1,A01
201900000952,2,7,,0,2,1,1,A01
201900000952,2,7,,0,2,4,1,B01
201900000953,1,10,,0,2,2,15,A01
201900000953,2,33,,0,2,1,1,B01
201900000954,1,33,,9,0,1,1,A01
201900000955,2,0,,0,0,0,0,B01
201900000955,1,7,,0,1,1,15,A01
201900000956,0,33,,9,0,0,16,A01
201900000957,3,99,,0,9,1,17,A01
201900000957,3,99,,0,9,6,15,B01
201900000958,3,7,,0,2,4,4,A01
201900000958,3,30,,0,2,1,1,B01
201900000959,2,7,,0,2,5,1,B01
201900000959,2,10,,0,2,1,2,A01
201900000960,1,20,,1,0,7,14,A01
201900000961,3,7,,0,2,2,13,A01
201900000961,3,7,,0,2,4,16,B01
201900000961,3,7,,0,2,2,2,C01
201900000962,2,7,,0,1,1,1,A01
201900000963,0,7,,15,2,2,15,A01
201900000963,0,7,,14,2,1,1,B01
201900000964,3,33,,2,0,1,21,A01
201900000965,2,1,,0,2,8,1,A01
201900000966,2,2,,0,2,3,1,B01
201900000966,1,7,,0,2,1,15,A01
201900000967,1,10,,0,1,1,15,A01
201900000968,1,7,,0,1,1,19,A01
201900000969,1,33,,0,2,1,1,B01
201900000969,0,7,,0,2,3,15,A01
201900000970,2,7,,0,1,3,1,A01
201900000971,1,7,,0,1,2,1,A01
201900000972,1,7,,0,1,1,2,A01
201900000973,3,7,,0,2,2,9,B01
201900000973,3,34,,0,2,3,17,A01
201900000974,3,2,,0,2,1,1,B01
201900000974,3,7,,0,2,2,15,A01
201900000975,1,7,,0,2,3,10,A01
201900000975,0,33,,0,2,1,1,B01
201900000976,1,30,,0,2,0,14,B01
201900000976,1,99,,0,2,0,1,A01
201900000977,0,33,,9,0,0,0,A01
201900000978,0,7,,0,1,2,21,A01
201900000979,1,7,,6,0,1,26,A01
201900000980,1,7,,0,1,2,2,A01
201900000981,1,7,,0,2,8,13,A01
201900000981,1,32,,0,2,2,1,B01
201900000982,2,14,,8,0,5,2,B01
201900000982,1,7,,8,0,8,16,A01
201900000983,0,10,,0,2,1,1,B01
201900000983,2,7,,0,2,1,13,A01
201900000984,1,10,,0,2,6,2,C01
201900000984,1,7,,0,2,5,2,B01
201900000984,1,30,,0,2,8,3,A01
201900000985,2,7,,0,2,1,2,B01
201900000985,2,7,,0,2,4,2,A01
201900000986,3,7,,13,0,1,26,A01
201900000987,1,7,,0,2,4,2,E01
201900000987,1,7,,0,2,4,2,D01
201900000987,1,7,,0,2,4,2,C01
201900000987,1,7,,0,2,4,2,B01
201900000987,1,7,,0,2,1,2,A01
201900000988,1,7,,0,2,0,1,A01
201900000988,1,30,,0,2,2,21,B01
201900000989,3,7,,0,4,2,19,A01
201900000989,3,40,,0,2,1,1,B01
201900000990,1,7,,0,1,3,16,A01
201900000991,1,7,,0,6,0,9,A01
201900000991,1,1,,0,2,1,1,B01
201900000991,1,2,,0,2,1,1,C01
201900000992,2,15,,3,0,3,13,A01
201900000993,2,15,,0,2,1,1,B01
201900000993,2,7,,0,2,4,23,A01
201900000994,3,7,,0,1,1,1,A01
201900000995,3,7,,0,2,3,1,B01
201900000995,3,3,,0,2,8,9,A01
201900000996,2,7,,2,0,8,21,A01
201900000997,2,33,,0,2,8,17,A01
201900000997,1,7,,0,2,8,1,B01
201900000998,3,7,,0,1,3,1,A01
201900000999,1,7,,0,0,5,15,C01
201900000999,1,7,,0,2,4,1,B01
201900000999,1,7,,0,2,1,1,A01
201900001000,2,7,,0,1,1,1,A01
201900001001,1,7,,8,0,0,1,A01
201900001002,2,33,,0,0,0,21,A01
201900001003,1,1,,0,2,7,1,B01
201900001003,2,7,,0,9,3,16,A01
201900001004,1,7,,0,1,1,1,A01
201900001005,3,36,,13,0,3,16,A01
201900001006,1,7,,0,1,2,1,A01
201900001007,0,99,,0,1,3,1,A01
201900001008,2,7,,0,2,3,1,A01
201900001008,1,7,,0,2,1,19,B01
201900001009,1,36,,0,0,0,1,A01
201900001010,2,7,,13,0,2,0,A01
201900001011,1,33,,12,9,9,1,A01
201900001012,3,7,,0,1,2,20,A01
201900001013,3,7,,0,2,3,1,B01
201900001013,3,7,,0,2,3,13,A01
201900001014,1,3,,0,0,4,2,B01
201900001014,1,15,,0,2,2,1,A01
201900001015,1,33,,0,2,1,1,B01
201900001015,1,7,,0,2,5,15,A01
201900001016,0,33,,0,0,0,1,A01
201900001017,1,7,,0,2,1,1,B01
201900001017,2,7,,0,2,1,15,A01
201900001018,3,7,,0,1,3,1,A01
201900001019,2,7,,0,2,1,1,B01
201900001019,1,10,,0,2,1,1,A01
201900001020,1,7,,13,2,1,17,A01
201900001020,1,7,,0,2,3,15,B01
201900001021,3,7,,0,1,8,1,A01
201900001022,1,7,,0,0,5,15,A01
201900001022,2,1,,0,2,1,1,B01
201900001023,0,33,,0,0,0,1,A01
201900001024,2,10,,0,2,5,15,A01
201900001024,1,34,,0,2,1,1,B01
201900001025,2,7,,0,1,2,0,A01
201900001026,2,7,,15,0,9,1,A01
201900001027,1,7,,3,0,4,17,A01
201900001027,1,7,,0,2,1,1,B01
201900001028,1,7,,0,0,4,1,B01
201900001028,1,33,,0,2,1,17,A01
201900001029,2,10,,17,0,2,14,A01
201900001030,1,33,,0,2,2,17,B01
201900001030,1,7,,0,2,8,15,A01
201900001031,0,7,,6,0,1,1,A01
201900001032,3,7,,2,0,1,1,A01
201900001033,3,33,,1,0,1,21,A01
201900001034,3,2,,0,0,1,0,A01
201900001035,1,7,,6,0,2,10,A01
201900001036,3,80,,14,0,7,16,A01
201900001037,1,7,,0,2,5,19,A01
201900001037,1,7,,0,2,1,1,B01
201900001038,1,7,,8,0,2,14,A01
201900001039,1,33,,7,0,1,13,A01
201900001040,3,7,,0,1,5,4,A01
201900001041,1,7,,0,9,4,23,B01
201900001041,1,1,,0,2,1,2,A01
201900001042,0,7,,0,1,2,15,A01
201900001043,2,7,,2,0,1,1,A01
201900001044,2,10,,0,2,3,20,B01
201900001044,2,2,,0,2,1,1,A01
201900001045,3,7,,0,2,1,15,A01
201900001045,3,2,,0,2,1,1,B01
201900001046,1,17,,0,0,0,0,C01
201900001046,1,17,,0,2,1,0,A01
201900001047,1,33,,0,2,8,17,A01
201900001047,2,7,,0,2,8,1,B01
201900001048,1,7,,0,2,1,23,B01
201900001048,1,7,,0,1,4,19,A01
201900001049,2,1,,0,2,8,2,B01
201900001049,2,99,,0,9,2,2,A01
201900001050,3,7,,16,0,1,0,A01
201900001051,2,7,,0,2,3,2,B01
201900001051,2,7,,0,2,1,2,C01
201900001051,2,7,,0,2,1,2,D01
201900001051,2,7,,0,2,5,2,A01
201900001052,2,10,,4,0,3,1,A01
201900001053,2,7,,4,0,8,1,A01
201900001054,1,7,,0,2,4,1,A01
201900001054,1,7,,0,2,9,1,B01
201900001054,1,7,,0,2,1,1,C01
201900001055,1,7,,0,2,1,2,A01
201900001055,1,7,,0,2,4,2,B01
201900001055,1,7,,0,2,4,2,C01
201900001056,1,33,,0,2,1,1,B01
201900001056,1,7,,0,2,4,11,A01
201900001057,1,7,,0,2,4,2,B01
201900001057,1,7,,0,0,4,2,D01
201900001057,1,7,,0,2,4,2,C01
201900001057,1,7,,0,2,1,2,A01
201900001058,2,10,,0,2,1,2,A01
201900001058,2,10,,0,2,4,2,B01
201900001059,2,7,,0,2,4,1,B01
201900001059,2,10,,0,2,4,2,C01
201900001059,2,7,,0,2,1,9,A01
201900001060,1,7,,4,0,8,1,A01
201900001061,2,7,,0,1,2,21,A01
201900001062,1,7,,4,2,3,13,A01
201900001062,1,14,,0,2,3,1,B01
201900001063,2,10,,0,2,6,2,B01
201900001063,1,10,,0,2,2,2,A01
201900001064,1,7,,0,2,4,2,D01
201900001064,1,7,,0,2,4,2,C01
201900001064,1,7,,0,2,4,2,B01
201900001064,1,7,,0,2,1,2,A01
201900001065,1,7,,0,2,1,14,A01
201900001065,1,17,,0,2,4,1,B01
201900001066,2,7,,0,2,1,2,A01
201900001066,2,7,,0,2,4,2,B01
201900001067,2,7,,0,2,7,0,C01
201900001067,2,17,,0,2,4,1,B01
201900001067,2,7,,1,0,1,12,A01
201900001068,2,7,,0,2,4,21,B01
201900001068,1,7,,0,2,8,1,C01
201900001068,2,7,,0,2,1,1,A01
201900001069,3,33,,0,0,7,26,A01
201900001070,1,10,,0,2,4,2,B01
201900001070,1,10,,0,2,4,2,C01
201900001070,1,7,,0,2,1,2,A01
201900001071,1,7,,0,2,4,1,B01
201900001071,1,7,,0,2,1,1,A01
201900001072,2,7,,0,2,4,1,C01
201900001072,2,7,,0,2,6,0,B01
201900001072,2,7,,0,2,2,0,A01
201900001073,1,17,,0,2,7,0,Z01
201900001073,1,7,,0,2,8,9,A01
201900001074,2,7,,0,2,5,26,A01
201900001074,2,15,,0,2,3,1,B01
201900001075,2,7,,0,2,6,1,B01
201900001075,2,15,,0,2,2,12,A01
201900001076,1,10,,0,2,1,1,A01
201900001076,1,10,,0,2,4,2,B01
201900001077,2,33,,0,0,3,1,A01
201900001078,2,34,,0,0,0,0,A01
201900001079,2,7,,0,2,4,1,B01
201900001079,2,7,,0,2,4,1,C01
201900001079,2,10,,0,2,1,1,A01
201900001080,2,7,,0,2,4,2,B01
201900001080,2,7,,0,2,1,2,A01
201900001081,1,31,,0,0,8,1,A01
201900001082,2,7,,13,0,1,21,A01
201900001083,1,7,,3,0,1,26,A01
201900001084,2,7,,0,2,4,2,C01
201900001084,2,10,,0,2,1,2,B01
201900001084,2,7,,0,2,2,0,A01
201900001085,1,7,,14,2,1,1,A01
201900001085,1,7,,0,2,1,1,B01
201900001086,2,7,,0,2,6,11,B01
201900001086,2,33,,0,2,2,3,A01
201900001087,2,33,,0,2,5,3,B01
201900001087,2,7,,0,2,3,11,A01
201900001088,2,7,,0,2,1,2,B01
201900001088,2,7,,0,2,4,2,A01
201900001089,2,7,,4,0,1,13,A01
201900001090,1,7,,0,2,3,11,B01
201900001090,1,7,,0,2,7,1,A01
201900001091,1,7,,0,2,4,2,B01
201900001091,1,7,,0,2,1,2,Z01
201900001092,1,7,,0,2,5,1,B01
201900001092,1,7,,3,2,1,14,A01
201900001093,2,7,,0,2,2,12,B01
201900001093,2,15,,0,2,6,1,A01
201900001094,2,7,,0,2,1,2,A01
201900001094,2,7,,0,2,4,2,B01
201900001095,2,7,,0,2,1,2,A01
201900001095,2,7,,0,2,4,2,B01
201900001096,1,7,,0,2,4,2,B01
201900001096,1,7,,0,2,1,2,A01
201900001097,1,7,,0,2,1,2,A01
201900001097,1,7,,0,2,4,2,B01
201900001097,1,7,,0,2,4,1,C01
201900001098,1,7,,0,2,0,11,Z01
201900001098,1,7,,0,2,1,2,C01
201900001098,1,7,,0,2,2,2,D01
201900001098,1,7,,0,2,8,2,B01
201900001099,1,7,,4,0,3,0,A01
201900001100,1,7,,4,0,1,1,A01
201900001101,2,7,,0,2,1,2,A01
201900001101,2,7,,0,2,4,2,C01
201900001101,2,17,,0,2,4,2,D01
201900001101,2,10,,0,2,4,2,B01
201900001102,1,7,,4,0,9,0,A01
201900001103,1,7,,4,2,4,2,A01
201900001103,1,7,,0,2,8,1,C01
201900001103,1,7,,0,2,1,2,B01
201900001104,1,10,,0,2,1,2,A01
201900001104,1,10,,1,0,1,2,B01
201900001104,1,7,,0,2,4,23,C01
201900001105,1,7,,0,2,2,1,B01
201900001105,1,7,,0,2,6,11,A01
201900001106,2,7,,0,2,4,2,C01
201900001106,2,7,,0,2,4,2,B01
201900001106,2,7,,0,2,1,2,A01
201900001107,2,33,,0,2,1,3,A01
201900001107,2,7,,0,2,4,0,B01
201900001108,1,7,,14,0,9,26,A01
201900001109,2,7,,16,0,9,26,A01
201900001110,2,7,,4,0,3,1,A01
201900001110,2,7,,0,0,4,23,B01
201900001111,2,33,,0,2,1,9,A01
201900001111,2,7,,0,2,4,1,B01
201900001112,2,10,,0,0,0,2,A01
201900001112,2,17,,0,2,8,2,B01
201900001113,1,7,,0,2,5,1,B01
201900001113,1,33,,0,2,3,3,A01
201900001114,2,7,,4,0,9,1,A01
201900001115,1,33,,0,0,4,3,A01
201900001116,1,7,,0,2,1,1,A01
201900001116,1,7,,0,2,4,1,B01
201900001116,1,7,,0,2,4,1,C01
201900001117,1,7,,0,2,8,11,B01
201900001117,1,33,,0,2,2,3,A01
201900001118,1,7,,3,2,2,16,A01
201900001118,1,7,,3,2,3,1,B01
201900001119,1,7,,0,2,2,2,A01
201900001119,1,7,,0,2,6,23,B01
201900001120,2,7,,0,2,1,2,A01
201900001120,2,7,,0,2,4,20,B01
201900001121,2,7,,0,2,7,15,A01
201900001121,1,30,,0,2,1,26,B01
201900001122,1,7,,4,0,1,1,A01
201900001123,2,32,,0,0,9,0,A01
201900001124,3,30,,0,2,3,1,B01
201900001124,3,7,,0,2,2,5,A01
201900001125,3,10,,0,2,2,15,A01
201900001125,3,7,,0,2,1,1,B01
201900001126,1,32,,5,6,3,9,A01
201900001127,2,7,,0,2,3,17,B01
201900001127,2,30,,5,2,3,9,A01
201900001128,2,7,,0,2,2,15,B01
201900001128,1,31,,0,2,1,1,A01
201900001129,1,7,,0,1,1,1,A01
201900001130,3,31,,0,2,2,17,A01
201900001130,3,7,,0,2,6,11,B01
201900001131,3,10,,0,2,4,2,B01
201900001131,3,1,,0,2,1,2,A01
201900001132,2,7,,0,1,1,1,A01
201900001133,3,32,,0,0,0,26,A01
201900001134,1,7,,0,2,1,1,B01
201900001134,0,7,,0,2,7,1,A01
201900001135,1,7,,0,6,2,14,A01
201900001135,1,2,,0,2,8,0,B01
201900001136,2,7,,0,2,1,15,A01
201900001136,1,34,,0,2,1,1,B01
201900001137,1,7,,0,2,1,19,B01
201900001137,1,7,,0,2,1,1,A01
201900001138,2,32,,0,2,1,1,B01
201900001138,1,7,,0,2,8,15,A01
201900001139,1,7,,0,2,5,23,B01
201900001139,1,7,,0,1,2,21,A01
201900001140,2,7,,1,0,2,26,A01
201900001140,3,7,,1,0,6,0,B01
201900001141,3,2,,0,2,1,17,B01
201900001141,3,7,,0,2,6,15,A01
201900001142,2,1,,0,2,1,1,B01
201900001142,1,7,,0,1,1,9,A01
201900001143,3,7,,0,2,4,2,B01
201900001143,3,7,,0,2,4,2,C01
201900001143,3,7,,0,2,1,2,A01
201900001144,3,7,,0,2,5,26,A01
201900001144,3,7,,0,2,1,2,C01
201900001144,3,7,,0,2,4,2,B01
201900001145,2,33,,0,2,0,26,C01
201900001145,2,33,,0,2,7,1,B01
201900001145,2,7,,0,2,6,23,A01
201900001146,3,10,,0,2,7,9,B01
201900001146,3,10,,0,2,1,9,A01
201900001147,3,0,,0,2,0,0,Y01
201900001147,3,30,,0,1,7,0,A01
201900001148,3,7,,3,0,1,1,A01
201900001149,0,7,,0,1,1,1,A01
201900001150,3,10,,0,1,2,1,A01
201900001151,1,33,,0,2,7,3,B01
201900001151,1,7,,0,2,6,21,A01
201900001152,3,2,,0,2,1,9,B01
201900001152,3,7,,0,2,3,9,A01
201900001153,3,7,,0,2,1,9,A01
201900001153,3,7,,0,2,7,9,B01
201900001154,3,7,,0,2,4,15,A01
201900001154,1,7,,0,2,1,1,B01
201900001155,2,2,,0,2,1,1,B01
201900001155,3,7,,0,2,8,15,A01
201900001156,2,1,,0,2,1,19,A01
201900001156,3,33,,0,6,1,1,B01
201900001157,1,7,,0,1,2,26,A01
201900001158,1,7,,1,0,1,2,B01
201900001158,1,15,,1,2,6,24,A01
201900001159,1,7,,16,0,2,9,A01
201900001160,2,32,,0,2,2,1,B01
201900001160,1,7,,0,2,1,15,A01
201900001161,3,7,,15,2,1,1,A01
201900001161,3,30,,0,2,1,1,B01
201900001162,1,7,,0,2,3,9,A01
201900001162,1,34,,0,2,4,1,B01
201900001163,3,7,,0,2,1,15,A01
201900001163,3,33,,0,2,1,1,B01
201900001164,1,1,,0,1,1,2,Z01
201900001165,1,7,,0,1,7,1,A01
201900001166,1,7,,0,2,1,15,A01
201900001166,1,1,,0,2,8,1,B01
201900001167,0,7,,0,2,3,9,A01
201900001167,0,33,,0,2,1,1,B01
201900001168,1,7,,0,2,6,2,B01
201900001168,1,14,,0,2,2,2,A01
201900001169,0,7,,0,0,3,1,B01
201900001169,0,7,,0,2,2,1,A01
201900001170,2,2,,0,2,1,1,A01
201900001170,2,7,,0,2,4,23,B01
201900001171,2,7,,0,1,1,15,A01
201900001172,2,7,,0,2,1,1,A01
201900001172,2,7,,0,2,4,1,B01
201900001173,1,10,,0,1,1,1,A01
201900001174,2,1,,12,0,2,26,A01
201900001175,1,7,,0,1,2,1,A01
201900001176,1,7,,8,2,7,13,A01
201900001176,1,7,,0,2,1,1,B01
201900001177,3,30,,0,0,0,26,A01
201900001178,3,36,,16,0,1,1,A01
201900001179,1,7,,1,1,1,1,A01
201900001180,3,7,,1,0,1,15,A01
201900001181,3,33,,0,2,1,12,B01
201900001181,3,7,,0,2,3,1,A01
201900001182,1,33,,0,0,4,23,B01
201900001182,1,7,,0,2,2,2,A01
201900001183,2,7,,13,0,9,18,A01
201900001184,1,33,,0,0,1,1,A01