Num_Acc,senc,catv,occutc,obs,obsm,choc,manv,num_veh
201900001185,1,7,,0,1,2,14,A01
201900001186,2,7,,6,0,1,19,A01
201900001187,0,99,,0,2,0,0,B01
201900001187,0,33,,0,5,1,1,A01
201900001188,1,7,,13,0,0,0,A01
201900001189,1,7,,2,0,2,1,A01
201900001190,2,10,,0,2,7,17,B01
201900001190,2,1,,0,2,8,1,A01
201900001191,3,37,1.0,0,1,3,1,A01
201900001192,1,7,,0,2,9,1,A01
201900001192,1,7,,0,2,1,24,B01
201900001193,2,7,,0,2,8,15,B01
201900001193,1,33,,0,2,1,1,A01
201900001194,2,7,,0,0,6,15,B01
201900001194,1,33,,0,2,1,17,A01
201900001195,1,13,,4,0,2,1,A01
201900001196,1,7,,0,2,4,1,A01
201900001196,1,10,,0,2,4,1,B01
201900001196,1,7,,0,2,1,1,C01
201900001197,1,7,,0,2,4,1,A01
201900001197,1,33,,0,2,1,1,B01
201900001198,2,34,,0,0,8,26,A01
201900001199,1,34,,6,0,1,0,A01
201900001200,2,7,,0,2,1,2,A01
201900001200,2,7,,0,2,4,2,B01
201900001201,1,10,,0,2,4,2,A01
201900001201,1,7,,0,2,1,2,B01
201900001202,2,33,,0,2,2,0,A01
201900001203,2,10,,0,2,4,2,A01
201900001203,2,10,,0,2,1,2,B01
201900001203,2,10,,0,2,1,2,C01
201900001204,1,7,,0,2,1,2,B01
201900001204,1,7,,0,2,4,2,A01
201900001205,2,7,,0,2,4,2,A01
201900001205,2,7,,0,2,1,2,B01
201900001206,2,15,,4,0,8,26,A01
201900001207,1,7,,0,2,1,2,B01
201900001207,1,7,,0,2,4,23,A01
201900001208,2,7,,0,2,2,1,A01
201900001208,2,7,,3,2,9,0,B01
201900001209,1,7,,0,2,1,1,C01
201900001209,1,10,,0,2,1,1,B01
201900001209,1,7,,0,2,4,1,A01
201900001210,2,7,,3,0,1,1,A01
201900001211,2,10,,4,0,8,0,A01
201900001212,2,7,,0,2,4,1,A01
201900001212,2,7,,0,2,1,1,B01
201900001213,1,33,,13,0,7,1,A01
201900001214,1,13,,0,2,1,1,B01
201900001214,1,7,,0,2,4,1,A01
201900001215,1,7,,0,2,8,9,A01
201900001215,1,17,,0,2,2,12,B01
201900001216,1,7,,0,2,7,2,C01
201900001216,2,7,,0,2,6,2,B01
201900001216,2,15,,0,2,7,12,A01
201900001217,1,7,,0,2,4,2,B01
201900001217,1,7,,0,2,1,2,C01
201900001217,1,7,,0,2,4,2,A01
201900001218,1,10,,0,2,4,1,A01
201900001218,1,10,,0,2,4,2,B01
201900001218,1,10,,0,2,1,1,C01
201900001219,2,7,,0,2,4,1,A01
201900001219,2,7,,0,2,4,2,B01
201900001219,2,14,,0,0,1,1,C01
201900001220,1,7,,0,2,6,1,A01
201900001220,1,32,,0,2,1,2,B01
201900001221,1,7,,12,0,1,1,A01
201900001222,2,7,,3,2,1,14,B01
201900001222,2,7,,0,2,6,1,A01
201900001223,2,33,,0,0,7,11,A01
201900001224,2,7,,4,0,4,2,A01
201900001225,2,7,,0,2,1,0,B01
201900001225,2,7,,0,2,4,1,A01
201900001226,2,7,,0,2,3,13,Z01
201900001226,2,31,,0,2,2,1,A01
201900001227,2,7,,0,9,8,11,B01
201900001227,2,33,,0,2,2,2,A01
201900001228,1,7,,0,-1,9,2,A01
201900001229,1,7,,0,2,6,2,A01
201900001229,1,7,,0,2,2,17,B01
201900001230,1,10,,0,2,4,2,A01
201900001230,1,7,,0,2,4,2,B01
201900001230,1,10,,0,2,1,2,C01
201900001231,1,7,,0,2,5,12,A01
201900001231,1,33,,0,2,8,1,B01
201900001232,1,7,,0,0,1,2,A01
201900001233,2,7,,0,2,4,0,A01
201900001233,2,7,,0,0,0,0,C01
201900001233,2,7,,0,2,1,2,B01
201900001233,2,7,,0,2,1,2,D01
201900001234,1,7,,0,2,1,2,A01
201900001234,1,7,,0,2,4,2,B01
201900001234,1,7,,0,2,4,1,C01
201900001235,1,33,,0,2,6,1,A01
201900001235,1,7,,0,2,2,0,B01
201900001235,1,7,,0,2,4,1,C01
201900001236,2,7,,0,2,1,2,Z01
201900001236,2,7,,3,2,4,12,A01
201900001237,1,7,,0,2,5,1,B01
201900001237,1,32,,12,2,1,3,A01
201900001238,1,7,,0,2,5,1,B01
201900001238,1,7,,0,0,0,11,C01
201900001238,1,31,,0,2,1,21,A01
201900001239,1,31,,0,2,3,3,A01
201900001239,1,7,,0,2,2,1,B01
201900001240,1,7,,0,2,4,26,A01
201900001240,1,10,,0,2,1,2,B01
201900001241,2,7,,16,0,3,1,A01
201900001241,2,33,,0,2,1,2,C01
201900001241,2,7,,0,2,4,1,B01
201900001242,1,7,,0,2,1,2,A01
201900001242,1,7,,0,2,4,23,C01
201900001242,1,7,,0,2,4,23,B01
201900001243,1,10,,0,2,1,11,A01
201900001243,1,7,,0,2,4,11,B01
201900001243,2,7,,0,2,2,1,C01
201900001243,2,7,,0,2,8,1,D01
201900001243,2,7,,0,2,8,2,E01
201900001244,1,10,,0,2,4,2,C01
201900001244,1,10,,0,2,4,23,B01
201900001244,1,10,,0,2,1,2,A01
201900001244,1,7,,0,2,4,2,D01
201900001245,2,7,,4,2,6,26,B01
201900001245,2,7,,1,2,2,1,A01
201900001246,2,33,,0,2,3,18,A01
201900001246,2,7,,0,2,5,12,B01
201900001247,2,7,,0,2,4,2,B01
201900001247,2,33,,0,2,1,2,A01
201900001248,2,10,,0,2,1,1,A01
201900001248,2,7,,0,6,4,1,B01
201900001249,1,15,,0,2,4,1,B01
201900001249,1,10,,0,2,2,17,A01
201900001250,2,33,,13,0,1,16,A01
201900001251,1,7,,0,2,1,2,A01
201900001251,1,7,,0,2,4,2,B01
201900001252,1,7,,0,2,4,1,B01
201900001252,1,7,,0,2,1,2,A01
201900001253,1,33,,0,2,1,1,B01
201900001253,2,7,,0,2,7,19,A01
201900001254,1,31,,0,2,1,2,A01
201900001254,1,31,,0,2,4,2,C01
201900001254,1,31,,0,2,4,2,B01
201900001254,1,10,,0,2,6,23,D01
201900001255,2,17,,0,2,2,12,A01
201900001255,2,7,,0,2,8,1,B01
201900001256,1,14,,0,2,1,2,A01
201900001256,1,7,,0,2,4,2,C01
201900001256,1,7,,0,2,4,2,B01
201900001257,1,7,,4,0,1,26,A01
201900001258,1,10,,3,2,8,1,B01
201900001258,1,7,,4,2,2,14,A01
201900001259,2,7,,0,2,3,14,B01
201900001259,2,7,,0,2,8,12,C01
201900001259,2,7,,0,2,8,11,A01
201900001260,1,33,,0,2,1,1,B01
201900001260,1,7,,0,2,3,10,A01
201900001261,2,14,,0,2,2,1,B01
201900001261,2,7,,0,2,6,9,A01
201900001262,1,15,,3,2,3,13,A01
201900001262,2,7,,0,2,3,1,B01
201900001262,2,7,,0,2,2,1,C01
201900001263,1,33,,15,0,1,15,A01
201900001264,2,10,,0,2,1,2,A01
201900001264,2,7,,0,2,4,2,B01
201900001264,2,7,,0,2,4,2,C01
201900001265,2,10,,0,2,4,1,B01
201900001265,2,10,,0,2,2,17,A01
201900001266,1,34,,0,0,7,1,A01
201900001267,2,7,,0,2,1,2,C01
201900001267,2,7,,0,2,4,2,B01
201900001267,2,7,,0,2,4,1,A01
201900001268,1,15,,0,2,7,12,A01
201900001268,1,7,,0,2,8,1,B01
201900001269,1,10,,0,2,1,2,B01
201900001269,1,7,,0,2,4,2,A01
201900001270,2,7,,0,2,8,1,A01
201900001270,2,15,,0,2,2,14,B01
201900001271,1,7,,0,2,4,1,C01
201900001271,1,7,,0,2,2,1,B01
201900001271,1,7,,0,2,3,1,A01
201900001272,1,33,,0,2,8,3,A01
201900001272,1,7,,0,2,6,1,B01
201900001273,2,17,,0,2,2,12,A01
201900001273,2,7,,0,2,8,1,B01
201900001274,1,7,,0,2,5,1,B01
201900001274,1,33,,0,2,8,21,A01
201900001275,1,7,,0,2,4,2,B01
201900001275,1,10,,0,2,1,2,A01
201900001276,1,7,,4,0,3,13,A01
201900001277,1,7,,3,0,1,13,A01
201900001278,2,7,,3,2,8,1,B01
201900001278,2,17,,0,2,2,12,A01
201900001279,1,17,,0,2,5,1,B01
201900001279,1,14,,4,2,3,14,A01
201900001280,1,17,,0,2,4,2,B01
201900001280,1,7,,0,2,1,1,A01
201900001281,2,33,,0,2,0,21,A01
201900001282,2,7,,0,2,5,14,B01
201900001282,2,33,,0,2,1,3,A01
201900001283,1,7,,11,0,1,14,A01
201900001284,2,7,,0,2,6,2,D01
201900001284,2,10,,0,2,5,2,C01
201900001284,2,7,,0,2,0,2,B01
201900001284,2,7,,0,2,1,1,A01
201900001285,1,7,,0,2,2,1,D01
201900001285,1,10,,0,2,8,1,C01
201900001285,1,7,,0,2,5,1,B01
201900001285,1,33,,0,2,8,3,A01
201900001286,2,7,,0,6,9,14,A01
201900001287,1,7,,0,2,2,12,B01
201900001287,1,32,,0,2,1,3,A01
201900001288,2,33,,0,2,7,1,C01
201900001288,2,7,,3,2,4,23,B01
201900001288,2,7,,0,2,1,2,A01
201900001289,1,7,,0,0,0,9,A01
201900001290,1,7,,0,1,1,1,A01
201900001291,1,7,,0,2,1,1,A01
201900001291,1,17,,0,2,4,1,B01
201900001292,2,33,,0,2,0,1,A01
201900001293,1,15,,0,1,1,1,A01
201900001294,2,7,,7,0,1,1,A01
201900001295,2,7,,0,0,0,1,A01
201900001296,1,10,,0,2,1,1,A01
201900001296,1,10,,0,2,4,1,C01
201900001296,1,10,,0,2,4,1,B01
201900001297,2,7,,0,2,4,2,D01
201900001297,2,7,,0,2,4,2,B01
201900001297,2,7,,0,2,4,2,C01
201900001297,2,7,,0,2,1,2,A01
201900001298,2,7,,0,2,7,12,A01
201900001298,2,31,,0,2,8,3,B01
201900001299,2,33,,0,2,8,3,B01
201900001299,2,7,,0,2,7,14,A01
201900001300,1,7,,0,2,7,1,A01
201900001300,1,33,,0,2,2,3,C01
201900001300,1,17,,0,2,6,1,B01
201900001301,1,7,,0,2,5,1,C01
201900001301,1,33,,0,2,3,3,B01
201900001301,1,7,,0,2,3,12,A01
201900001302,2,15,,0,2,1,1,B01
201900001302,2,7,,0,2,4,1,A01
201900001303,2,7,,0,2,0,0,D01
201900001303,2,7,,0,2,0,0,B01
201900001303,2,7,,0,2,0,0,C01
201900001303,2,7,,0,2,1,2,A01
201900001304,2,7,,1,0,1,2,A01
201900001304,2,7,,0,2,4,23,B01
201900001305,1,7,,0,2,1,1,B01
201900001305,2,7,,0,2,1,5,A01
201900001306,1,10,,0,2,8,13,A01
201900001306,1,15,,0,2,2,1,B01
201900001307,2,34,,0,2,1,2,A01
201900001307,2,10,,0,2,4,2,B01
201900001308,2,15,,0,0,0,0,B01
201900001308,2,7,,0,0,0,0,A01
201900001309,1,7,,0,2,4,2,B01
201900001309,1,43,,0,2,1,2,A01
201900001310,1,7,,0,2,8,18,B01
201900001310,1,13,,0,2,2,12,A01
201900001311,2,33,,0,2,2,1,B01
201900001311,2,10,,0,2,8,11,A01
201900001312,2,7,,0,2,2,12,A01
201900001312,2,31,,0,2,8,3,B01
201900001313,1,7,,0,2,1,2,A01
201900001313,1,7,,0,2,4,2,C01
201900001313,1,7,,0,2,4,2,B01
201900001313,1,7,,0,2,4,2,D01
201900001314,2,33,,0,2,1,14,A01
201900001314,2,10,,0,2,5,1,B01
201900001315,1,7,,0,2,4,2,B01
201900001315,1,7,,0,2,4,2,C01
201900001315,1,7,,0,2,1,2,A01
201900001316,2,7,,0,2,4,1,B01
201900001316,2,7,,0,2,1,1,A01
201900001317,2,33,,0,2,7,1,A01
201900001317,2,7,,0,2,4,1,B01
201900001318,1,7,,3,0,1,18,A01
201900001319,2,33,,0,2,8,11,A01
201900001319,2,99,,0,2,7,1,B01
201900001320,1,7,,6,0,1,14,A01
201900001321,1,7,,0,2,4,1,B01
201900001321,1,10,,0,2,1,1,A01
201900001322,1,7,,0,2,4,1,B01
201900001322,1,7,,0,2,2,18,A01
201900001323,2,10,,0,2,4,0,B01
201900001323,2,7,,0,0,4,1,C01
201900001323,2,7,,0,2,1,1,A01
201900001324,2,10,,0,2,4,1,B01
201900001324,2,7,,0,2,1,2,A01
201900001325,1,33,,0,2,3,3,B01
201900001325,1,7,,0,0,2,12,A01
201900001326,1,7,,0,2,4,1,C01
201900001326,1,7,,0,2,3,11,Z01
201900001326,0,34,,0,2,7,1,B01
201900001327,2,7,,0,2,4,1,B01
201900001327,2,7,,0,2,1,1,A01
201900001328,1,31,,0,2,3,11,A01
201900001328,1,7,,0,2,5,1,B01
201900001329,2,33,,0,2,1,3,B01
201900001329,2,33,,0,2,4,3,A01
201900001330,2,7,,1,0,2,0,B01
201900001330,2,17,,1,2,6,23,A01
201900001331,2,99,,13,0,1,1,A01
201900001332,2,7,,0,2,0,0,B01
201900001332,2,15,,0,2,3,0,C01
201900001332,1,7,,4,2,1,0,A01
201900001333,1,34,,14,0,0,12,A01
201900001334,1,10,,0,2,1,1,A01
201900001334,2,7,,0,2,4,1,B01
201900001335,2,34,,0,0,7,13,A01
201900001336,2,10,,0,2,6,2,D01
201900001336,2,7,,0,2,6,1,B01
201900001336,2,7,,0,2,4,2,C01
201900001336,2,7,,0,2,1,2,A01
201900001337,2,7,,0,2,5,12,A01
201900001337,2,33,,0,2,3,2,B01
201900001338,1,43,,0,2,1,1,A01
201900001338,3,7,,0,2,5,1,B01
201900001339,1,7,,4,0,3,1,A01
201900001340,2,10,,4,0,1,1,A01
201900001341,2,7,,3,0,1,1,A01
201900001342,1,15,,4,0,1,1,A01
201900001343,1,7,,4,0,1,13,A01
201900001344,2,10,,0,2,6,24,B01
201900001344,2,7,,1,2,1,9,Z01
201900001344,2,7,,1,2,4,1,A01
201900001345,2,7,,0,2,4,2,B01
201900001345,2,7,,0,2,4,2,C01
201900001345,2,7,,0,2,1,2,A01
201900001346,2,10,,3,2,2,1,A01
201900001346,2,7,,0,2,5,1,B01
201900001347,1,33,,0,2,2,17,A01
201900001347,1,7,,0,2,6,12,B01
201900001347,2,7,,0,2,1,1,C01
201900001347,2,7,,0,2,1,1,D01
201900001348,2,33,,0,0,2,3,A01
201900001349,2,13,,0,2,1,2,A01
201900001349,2,10,,0,2,4,1,B01
201900001350,2,33,,0,2,8,1,A01
201900001351,1,7,,1,0,5,26,A01
201900001351,1,7,,1,0,6,9,B01
201900001352,2,7,,4,0,3,0,A01
201900001353,1,33,,3,0,0,1,A01
201900001354,1,7,,0,2,4,2,B01
201900001354,1,7,,0,2,1,2,A01
201900001355,1,7,,0,2,1,2,B01
201900001355,1,7,,0,2,5,2,A01
201900001356,2,7,,0,2,6,1,D01
201900001356,2,7,,0,2,4,1,C01
201900001356,2,7,,0,2,8,1,B01
201900001356,2,7,,0,2,3,26,A01
201900001357,1,17,,1,0,2,1,A01
201900001357,1,7,,0,2,6,23,B01
201900001358,1,7,,0,2,3,1,A01
201900001358,1,7,,4,2,5,0,B01
201900001359,1,7,,0,0,0,1,A01
201900001360,1,33,,0,0,7,3,A01
201900001361,2,7,,0,2,8,23,C01
201900001361,2,7,,0,2,5,23,B01
201900001361,2,34,,0,4,1,3,A01
201900001362,1,10,,4,0,3,0,A01
201900001363,2,7,,0,2,6,2,B01
201900001363,2,31,,0,2,1,2,A01
201900001364,2,33,,0,0,8,15,A01
201900001365,3,10,,0,2,2,11,B01
201900001365,3,7,,0,2,1,1,A01
201900001366,3,7,,0,2,7,1,B01
201900001366,3,7,,0,2,2,1,A01
201900001367,0,10,,0,2,4,23,C01
201900001367,3,10,,0,2,4,23,B01
201900001367,1,7,,0,2,1,2,A01
201900001368,3,7,,0,1,1,19,A01
201900001369,2,7,,0,2,1,26,C01
201900001369,2,7,,0,2,4,2,B01
201900001369,3,7,,0,2,1,2,A01
201900001370,3,7,,0,1,3,26,A01
201900001371,3,7,,0,1,1,26,A01
201900001372,3,30,,0,2,2,0,B01
201900001372,3,7,,0,2,3,5,A01
201900001373,2,7,,0,2,8,26,B01
201900001373,2,32,,0,2,1,17,A01
201900001374,1,7,,0,2,3,15,A01
201900001374,2,33,,0,2,1,1,B01
201900001375,2,7,,0,1,3,26,A01
201900001376,2,7,,0,2,3,11,A01
201900001377,2,30,,0,1,1,18,A01
201900001378,2,7,,0,2,1,0,B01
201900001378,2,2,,0,2,4,1,A01
201900001379,2,7,,0,2,1,1,A01
201900001379,2,7,,0,2,4,1,B01
201900001379,1,7,,0,2,4,1,C01
201900001379,2,7,,0,2,4,1,D01
201900001380,2,7,,0,2,8,1,B01
201900001380,1,33,,0,2,8,3,A01
201900001381,1,34,,0,2,7,21,A01
201900001381,1,7,,0,2,3,15,B01
201900001382,2,30,,0,2,3,9,A01
201900001382,1,37,1.0,0,2,2,1,B01
201900001383,3,10,,0,0,4,23,B01
201900001384,1,34,,0,2,1,1,B01
201900001384,1,7,,0,2,8,10,A01
201900001385,1,7,,0,1,3,1,A01
201900001386,1,3,,2,0,1,26,A01
201900001387,1,7,,6,0,1,26,A01
201900001388,3,10,,0,6,5,15,A01
201900001388,3,1,,0,2,1,26,B01
201900001389,3,10,,0,2,1,1,A01
201900001389,3,10,,0,2,4,1,B01
201900001390,1,10,,3,0,9,1,A01
201900001391,0,33,,0,0,1,1,A01
201900001392,1,33,,0,2,3,21,B01
201900001392,1,7,,0,2,3,15,A01
201900001393,1,7,,0,2,4,1,B01
201900001393,1,10,,0,2,1,1,Z01
201900001394,0,33,,7,0,1,2,A01
201900001395,1,7,,0,2,3,9,B01
201900001395,1,7,,0,2,2,16,A01
201900001396,1,3,,0,2,4,15,B01
201900001396,1,30,,0,2,1,17,A01
201900001397,2,15,,0,1,1,1,A01
201900001398,3,7,,0,2,3,1,B01
201900001398,3,10,,0,2,3,15,A01
201900001399,0,7,,1,1,4,4,A01
201900001400,2,7,,0,2,4,2,Z01
201900001400,2,7,,0,2,1,2,C01
201900001400,2,7,,0,2,1,2,B01
201900001400,2,7,,0,2,1,2,A01
201900001401,0,2,,0,1,1,1,A01
201900001402,0,1,,0,2,8,1,B01
201900001402,0,7,,0,2,3,1,A01
201900001403,1,7,,0,1,2,1,A01
201900001404,1,33,,0,0,9,1,A01
201900001405,1,7,,13,0,9,13,A01
201900001406,2,7,,0,2,7,15,B01
201900001406,1,30,,0,2,1,26,A01
201900001407,1,3,,13,0,2,21,A01
201900001408,1,7,,0,0,1,1,A01
201900001409,3,33,,0,2,1,17,A01
201900001409,3,7,,0,2,1,15,B01
201900001410,2,32,,0,1,1,18,A01
201900001411,1,7,,0,2,4,1,B01
201900001411,1,30,,0,2,1,1,A01
201900001412,3,7,,12,0,6,14,A01
201900001413,1,7,,0,2,1,1,A01
201900001413,1,7,,0,2,4,23,B01
201900001413,1,7,,0,2,4,23,C01
201900001413,1,7,,0,2,4,23,D01
201900001414,2,1,,9,0,1,13,A01
201900001415,0,7,,0,2,1,1,A01
201900001415,0,7,,0,2,8,1,B01
201900001416,3,7,,0,0,0,20,A01
201900001417,3,37,3.0,0,2,4,2,B01
201900001417,3,7,,0,2,1,2,A01
201900001418,1,10,,12,2,3,9,A01
201900001418,1,34,,6,2,1,1,B01
201900001419,2,7,,0,1,8,1,A01
201900001420,3,7,,0,2,3,26,A01
201900001420,3,33,,0,2,1,26,B01
201900001421,2,7,,0,2,3,15,B01
201900001421,1,50,,0,2,1,1,A01
201900001422,1,7,,0,1,3,1,A01
201900001423,3,7,,0,1,1,1,Z01
201900001424,2,7,,0,1,1,15,A01
201900001425,3,7,,4,0,9,9,A01
201900001426,2,1,,0,2,8,19,A01
201900001426,2,7,,0,2,1,1,B01
201900001427,3,34,,0,2,5,13,B01
201900001427,3,7,,0,2,5,23,A01
201900001428,1,30,,0,2,1,11,A01
201900001428,1,7,,0,2,0,26,B01
201900001429,1,7,,0,2,1,1,A01
201900001429,1,33,,0,2,5,1,B01
201900001430,2,34,,0,1,2,19,A01
201900001431,2,34,,0,2,3,2,A01
201900001431,1,7,,0,2,3,11,B01
201900001432,1,7,,0,2,1,0,A01
201900001432,1,7,,0,2,7,1,B01
201900001433,1,7,,0,1,5,23,B01
201900001433,1,30,,0,2,1,2,A01
201900001434,1,7,,0,1,3,1,A01
201900001435,0,10,,0,1,6,20,A01
201900001436,2,7,,0,2,4,1,B01
201900001436,2,7,,0,2,1,2,A01
201900001437,1,30,,0,2,7,1,A01
201900001437,3,7,,0,2,1,1,Z01
201900001438,3,7,,0,2,1,13,A01
201900001438,3,33,,0,2,1,1,B01
201900001439,3,14,,1,0,4,24,B01
201900001439,2,30,,0,2,1,1,A01
201900001440,3,7,,0,1,2,15,A01
201900001441,1,30,,0,1,0,25,Z01
201900001442,1,7,,1,0,2,14,A01
201900001442,1,7,,1,0,6,24,B01
201900001443,1,7,,8,0,1,16,A01
201900001444,2,3,,0,2,1,1,B01
201900001444,1,7,,0,2,1,13,A01
201900001445,1,7,,8,0,1,16,A01
201900001446,1,33,,0,2,7,1,B01
201900001446,0,7,,0,2,1,9,A01
201900001447,3,10,,0,2,2,1,B01
201900001447,3,1,,0,2,3,13,A01
201900001448,1,7,,16,0,1,14,A01
201900001449,1,2,,0,2,3,1,B01
201900001449,1,7,,0,2,2,12,A01
201900001450,1,7,,0,2,4,2,C01
201900001450,1,33,,0,2,4,2,B01
201900001450,1,7,,1,2,1,21,A01
201900001451,1,7,,0,1,1,1,A01
201900001452,2,37,1.0,0,1,5,1,A01
201900001453,1,7,,0,2,1,2,A01
201900001453,1,7,,0,2,4,23,B01
201900001454,2,1,,1,0,1,17,B01
201900001454,2,7,,0,2,6,24,A01
201900001455,1,33,,0,2,1,2,A01
201900001455,1,7,,0,2,3,15,B01
201900001456,3,7,,0,1,4,20,A01
201900001457,3,31,,0,2,6,15,A01
201900001458,1,7,,0,2,4,23,B01
201900001458,1,3,,0,2,1,1,A01
201900001459,1,1,,0,2,1,1,B01
201900001459,2,7,,0,2,1,15,A01
201900001460,2,7,,0,2,1,19,A01
201900001460,2,7,,0,2,4,0,B01
201900001460,2,7,,0,2,4,0,C01
201900001460,2,7,,0,2,4,0,D01
201900001461,2,7,,1,2,3,9,A01
201900001461,1,7,,0,2,8,23,C01
201900001461,1,33,,0,2,1,3,B01
201900001462,2,34,,0,2,2,1,B01
201900001462,2,7,,0,2,8,15,A01
201900001463,1,7,,0,2,1,1,A01
201900001463,1,7,,0,2,8,0,B01
201900001464,1,7,,0,1,2,1,A01
201900001465,3,7,,0,1,1,15,A01
201900001466,2,7,,0,1,1,15,A01
201900001467,1,7,,0,2,1,15,A01
201900001467,2,33,,0,2,1,1,B01
201900001468,2,2,,0,2,1,1,B01
201900001468,2,7,,0,2,3,20,A01
201900001469,2,7,,13,0,1,14,A01
201900001470,1,31,,0,2,1,17,A01
201900001470,2,7,,0,2,1,1,B01
201900001471,1,7,,0,2,1,1,A01
201900001471,1,1,,0,0,0,1,B01
201900001472,2,7,,0,2,2,2,A01
201900001472,2,33,,0,2,4,2,B01
201900001473,0,7,,14,0,1,6,A01
201900001474,2,7,,0,1,1,15,A01
201900001475,2,7,,0,2,1,2,A01
201900001475,2,7,,0,2,4,2,B01
201900001476,2,10,,0,2,1,1,B01
201900001476,2,1,,0,2,7,1,A01
201900001477,1,2,,0,2,1,1,B01
201900001477,3,7,,0,2,8,10,A01
201900001478,2,7,,0,1,2,2,A01
201900001479,1,37,4.0,0,2,3,7,B01
201900001479,1,7,,0,2,2,16,A01
201900001480,1,33,,8,0,1,26,A01
201900001481,1,7,,0,2,1,1,B01
201900001481,1,2,,0,2,0,1,A01
201900001482,1,7,,0,2,1,1,A01
201900001482,1,7,,0,2,4,0,B01
201900001483,3,30,,0,2,1,9,B01
201900001483,3,37,1.0,0,2,3,15,A01
201900001484,1,7,,0,2,4,0,B01
201900001484,1,7,,0,2,1,2,A01
201900001485,2,7,,0,1,2,15,A01
201900001486,3,7,,0,2,7,22,B01
201900001486,1,7,,1,0,3,13,A01
201900001487,2,33,,15,0,1,16,A01
201900001487,2,7,,15,0,5,16,B01
201900001488,2,34,,7,6,3,9,A01
201900001489,1,32,,0,0,0,21,A01
201900001490,1,7,,0,2,5,2,B01
201900001490,1,30,,0,2,1,2,A01
201900001491,2,3,,15,2,4,1,B01
201900001491,2,3,,0,2,1,1,A01
201900001492,0,7,,0,1,1,15,A01
201900001493,2,0,,0,2,1,1,B01
201900001493,2,7,,0,2,1,5,Z01
201900001494,2,30,,0,2,1,1,A01
201900001495,3,7,,3,0,1,1,A01
201900001496,1,30,,0,6,7,16,A01
201900001497,0,7,,0,2,0,0,B01
201900001497,0,2,,0,2,1,9,A01
201900001498,1,1,,0,1,3,1,B01
201900001498,1,1,,0,1,1,9,A01
201900001499,2,1,,0,2,1,1,B01
201900001499,1,7,,0,2,1,15,A01
201900001500,2,7,,0,2,1,2,C01
201900001500,2,7,,0,2,0,0,D01
201900001500,1,7,,0,2,1,5,A01
201900001500,2,10,,0,2,1,1,B01
201900001501,3,7,,0,2,3,11,A01
201900001501,3,33,,0,2,1,17,B01
201900001502,3,7,,0,2,1,26,A01
201900001502,3,7,,0,2,1,1,B01
201900001503,2,7,,0,2,1,2,A01
201900001503,2,7,,0,2,4,23,B01
201900001503,2,7,,0,2,4,23,C01
201900001503,2,10,,0,0,0,23,D01
201900001504,2,7,,0,1,2,1,A01
201900001505,1,30,,9,0,1,19,A01
201900001506,2,17,,3,0,8,13,A01
201900001507,1,1,,0,0,0,1,A01
201900001508,1,7,,0,2,1,2,B01
201900001508,1,7,,0,2,3,10,A01
201900001509,2,1,,0,1,7,1,A01
201900001509,3,2,,0,1,0,0,Z01
201900001510,1,33,,14,0,3,18,A01
201900001510,1,10,,0,1,7,26,Z01
201900001511,1,1,,0,0,0,0,A01
201900001512,3,7,,0,2,1,2,A01
201900001512,3,7,,0,2,4,2,B01
201900001513,1,7,,1,2,1,17,A01
201900001513,1,7,,0,2,3,15,B01
201900001514,1,7,,0,1,3,9,A01
201900001515,2,7,,0,2,4,1,B01
201900001515,2,34,,0,2,1,1,A01
201900001516,3,3,,0,2,2,0,B01
201900001516,3,3,,0,2,1,0,A01
201900001517,1,7,,0,2,3,15,A01
201900001517,2,31,,0,2,3,1,B01
201900001518,2,33,,0,2,1,1,A01
201900001518,2,10,,0,2,4,1,B01
201900001519,2,7,,0,1,1,1,A01
201900001520,2,7,,0,2,0,0,C01
201900001520,1,7,,0,2,0,9,A01
201900001520,1,32,,0,2,0,0,B01
201900001521,2,7,,0,1,1,1,A01
201900001522,2,34,,0,1,1,21,A01
201900001523,2,10,,0,2,4,23,B01
201900001523,2,1,,0,2,1,26,A01
201900001524,2,34,,0,2,1,1,B01
201900001524,2,7,,0,2,8,10,A01
201900001525,1,7,,0,2,4,1,B01
201900001525,2,7,,0,2,1,2,A01
201900001526,2,7,,0,2,5,15,A01
201900001526,2,33,,0,2,1,1,B01
201900001527,1,7,,0,2,1,2,A01
201900001527,1,7,,0,2,4,23,B01
201900001527,1,7,,0,2,4,23,C01
201900001528,1,7,,0,2,7,15,A01
201900001528,2,7,,0,2,1,1,B01
201900001529,3,32,,0,1,1,1,A01
201900001530,3,7,,0,2,1,13,A01
201900001530,3,30,,0,2,1,9,B01
201900001531,1,7,,0,1,2,1,A01
201900001532,3,30,,0,2,3,1,B01
201900001532,2,7,,0,2,3,15,A01
201900001533,2,30,,15,0,1,26,A01
201900001534,2,33,,0,2,1,1,B01
201900001534,1,10,,0,2,8,10,A01
201900001535,2,7,,0,2,3,20,A01
201900001535,2,33,,0,2,2,1,B01
201900001536,1,7,,0,2,4,17,A01
201900001536,1,31,,0,2,1,0,B01
201900001537,3,7,,0,1,3,1,A01
201900001538,3,2,,0,2,1,0,A01
201900001538,3,32,,0,2,0,0,B01
201900001539,1,7,,0,1,1,1,A01
201900001540,3,30,,0,2,2,17,A01