Num_Acc,senc,catv,occutc,obs,obsm,choc,manv,num_veh
201900001540,3,7,,0,2,3,9,B01
201900001541,3,38,1.0,0,1,5,26,A01
201900001542,2,34,,0,2,1,1,B01
201900001542,2,7,,0,2,2,10,A01
201900001543,2,33,,0,2,7,1,B01
201900001543,2,7,,0,2,3,9,A01
201900001544,2,1,,0,0,0,1,A01
201900001545,2,1,,0,1,1,1,A01
201900001546,3,33,,15,0,1,16,A01
201900001547,3,1,,0,6,1,2,A01
201900001547,0,7,,0,6,4,0,B01
201900001548,2,7,,0,1,3,9,A01
201900001549,1,32,,0,2,0,0,B01
201900001549,1,7,,0,2,7,9,A01
201900001550,1,7,,0,1,3,17,A01
201900001551,1,33,,0,2,1,17,A01
201900001551,1,10,,0,2,3,15,B01
201900001552,2,30,,0,2,1,17,A01
201900001552,2,7,,0,2,3,9,B01
201900001553,2,1,,0,1,1,25,A01
201900001554,2,1,,0,2,1,2,B01
201900001554,2,7,,0,2,6,9,A01
201900001555,2,10,,0,2,3,1,A01
201900001555,2,32,,0,2,1,17,B01
201900001556,2,7,,0,2,8,22,A01
201900001556,2,32,,0,2,2,3,B01
201900001557,3,7,,0,2,1,1,A01
201900001557,3,7,,0,2,4,23,B01
201900001558,1,10,,4,2,3,2,C01
201900001558,1,7,,0,2,6,2,B01
201900001558,1,7,,0,2,2,2,A01
201900001559,1,33,,0,2,1,1,B01
201900001559,2,7,,0,2,2,19,A01
201900001560,1,7,,0,2,4,2,B01
201900001560,1,7,,4,2,1,2,A01
201900001561,3,80,,0,2,1,2,B01
201900001561,3,7,,0,2,5,2,A01
201900001562,2,7,,0,2,5,23,C01
201900001562,2,32,,0,2,7,3,B01
201900001562,2,31,,0,2,8,11,A01
201900001563,3,7,,0,1,2,1,A01
201900001564,1,34,,0,2,4,2,A01
201900001564,1,10,,0,2,0,2,Z01
201900001565,1,99,,0,1,1,17,A01
201900001566,2,7,,0,1,1,15,A01
201900001567,1,31,,0,2,8,3,B01
201900001567,1,7,,0,2,5,12,A01
201900001568,1,7,,0,2,7,16,A01
201900001569,1,43,,0,0,7,1,A01
201900001570,1,7,,0,1,1,2,A01
201900001571,1,7,,0,1,1,1,A01
201900001572,1,7,,0,2,4,2,C01
201900001572,1,7,,0,2,6,2,B01
201900001572,1,7,,0,2,2,2,A01
201900001573,1,7,,0,2,2,9,B01
201900001573,1,31,,0,2,1,26,A01
201900001574,1,7,,8,1,1,13,A01
201900001575,2,80,,0,2,1,5,A01
201900001575,1,7,,0,2,3,1,B01
201900001576,1,7,,14,2,1,1,B01
201900001576,1,10,,14,2,3,15,A01
201900001577,1,43,,0,2,1,2,A01
201900001577,1,33,,0,2,4,23,B01
201900001578,3,7,,0,1,4,20,A01
201900001579,1,30,,0,1,0,1,Z01
201900001580,3,32,,0,2,1,1,B01
201900001580,3,7,,0,2,8,15,A01
201900001581,1,32,,0,0,0,1,A01
201900001582,3,7,,0,1,5,2,A01
201900001583,2,7,,0,1,1,1,A01
201900001584,3,33,,0,1,1,26,A01
201900001585,1,7,,0,2,7,1,B01
201900001585,1,32,,0,2,8,1,A01
201900001586,2,7,,0,2,7,1,A01
201900001586,2,7,,0,2,1,1,B01
201900001587,1,7,,0,2,3,1,A01
201900001587,1,30,,0,2,6,1,Z01
201900001588,2,7,,0,1,2,1,A01
201900001589,1,33,,0,1,5,1,A01
201900001590,1,1,,0,2,4,1,A01
201900001590,1,7,,0,2,2,14,Z01
201900001591,1,7,,0,1,1,1,A01
201900001592,1,43,,0,1,1,1,A01
201900001593,2,10,,0,1,2,16,A01
201900001594,2,10,,0,2,3,15,B01
201900001594,2,30,,0,2,2,17,A01
201900001595,1,38,1.0,0,2,7,1,B01
201900001595,1,32,,0,2,8,11,A01
201900001596,2,33,,0,2,1,1,B01
201900001596,2,7,,0,2,3,15,A01
201900001597,2,30,,0,2,1,1,B01
201900001597,2,7,,0,2,3,9,A01
201900001598,2,7,,13,0,9,1,A01
201900001599,1,7,,0,2,2,16,B01
201900001599,1,33,,0,2,1,18,A01
201900001600,2,31,,0,2,7,10,B01
201900001600,1,10,,0,2,2,1,A01
201900001601,1,7,,0,0,5,15,B01
201900001601,2,33,,0,2,1,1,A01
201900001602,1,15,,3,0,7,1,A01
201900001603,2,7,,0,2,3,1,A01
201900001603,1,7,,0,2,8,1,B01
201900001604,1,7,,0,1,2,1,A01
201900001605,2,7,,0,2,3,1,B01
201900001605,2,10,,0,2,2,16,A01
201900001606,1,33,,0,1,2,1,A01
201900001607,1,7,,13,0,9,1,A01
201900001608,2,7,,15,0,3,15,A01
201900001609,1,7,,0,2,5,15,B01
201900001609,2,30,,0,2,1,1,A01
201900001610,1,7,,2,0,2,1,A01
201900001611,1,7,,13,0,1,0,A01
201900001612,1,7,,0,1,6,20,A01
201900001613,2,7,,0,2,1,0,A01
201900001613,2,37,1.0,0,0,6,1,B01
201900001614,2,30,,0,2,1,2,A01
201900001614,2,7,,0,2,5,16,B01
201900001615,2,7,,0,2,1,2,Z01
201900001615,2,7,,0,2,4,2,A01
201900001616,1,7,,0,2,8,1,B01
201900001616,2,7,,0,2,3,1,A01
201900001617,1,10,,0,2,3,15,A01
201900001617,2,30,,0,2,3,1,B01
201900001618,0,1,,0,2,1,2,A01
201900001618,3,7,,0,0,4,1,B01
201900001619,2,30,,0,2,2,17,B01
201900001619,2,10,,0,2,8,13,A01
201900001620,1,7,,0,2,1,5,A01
201900001620,2,7,,0,2,1,1,B01
201900001621,2,37,1.0,0,1,3,7,A01
201900001622,2,32,,0,0,8,1,A01
201900001623,2,30,,0,1,1,1,Z01
201900001624,0,32,,0,0,0,0,A01
201900001625,1,10,,0,2,3,16,A01
201900001625,1,1,,0,2,1,1,B01
201900001626,1,7,,13,0,3,1,A01
201900001627,2,43,,0,2,1,1,B01
201900001627,2,7,,0,2,2,9,A01
201900001628,2,7,,13,0,2,1,A01
201900001629,1,43,,0,2,7,1,B01
201900001629,1,37,1.0,0,2,8,13,A01
201900001630,3,34,,0,2,2,1,B01
201900001630,3,7,,0,2,3,1,A01
201900001631,3,10,,0,2,2,1,A01
201900001631,3,31,,0,2,0,1,B01
201900001632,2,7,,0,2,3,15,B01
201900001632,1,17,,0,2,1,1,A01
201900001633,1,7,,0,2,3,1,B01
201900001633,1,1,,0,2,8,15,A01
201900001634,0,7,,0,0,2,1,B01
201900001634,3,7,,0,2,1,1,A01
201900001635,2,2,,6,2,6,0,B01
201900001635,1,10,,0,2,3,15,A01
201900001636,1,7,,0,2,2,20,A01
201900001636,1,1,,0,2,0,18,B01
201900001637,1,30,,14,0,7,21,A01
201900001638,2,7,,0,2,1,1,B01
201900001638,1,7,,0,2,1,9,A01
201900001639,1,33,,0,2,2,1,B01
201900001639,1,10,,0,2,3,1,A01
201900001640,1,7,,0,2,1,15,A01
201900001640,1,7,,9,2,7,1,B01
201900001641,1,3,,0,2,7,19,B01
201900001641,1,3,,0,2,1,19,A01
201900001642,1,38,1.0,0,2,7,21,B01
201900001642,1,7,,2,2,8,18,A01
201900001643,1,7,,0,2,1,2,A01
201900001643,1,7,,0,2,4,2,B01
201900001643,1,7,,0,2,4,2,C01
201900001644,2,17,,0,0,6,1,B01
201900001644,2,7,,0,2,2,12,A01
201900001645,3,7,,0,2,1,1,A01
201900001645,3,7,,0,2,1,1,B01
201900001646,2,33,,0,2,2,1,B01
201900001646,2,7,,0,2,3,15,A01
201900001647,0,2,,6,0,1,1,A01
201900001648,2,7,,0,2,1,15,A01
201900001648,1,31,,0,2,1,1,B01
201900001649,1,7,,17,0,1,1,A01
201900001650,1,33,,0,0,3,26,A01
201900001651,3,33,,0,0,1,26,A01
201900001652,1,14,,0,2,8,1,A01
201900001652,1,7,,0,2,2,1,B01
201900001653,1,7,,0,2,6,1,A01
201900001653,1,15,,0,2,2,21,B01
201900001654,1,30,,0,1,1,22,A01
201900001655,2,37,1.0,0,1,7,26,A01
201900001656,2,7,,0,9,1,2,B01
201900001656,2,7,,3,0,1,1,A01
201900001657,3,1,,0,2,0,1,B01
201900001657,2,10,,0,6,1,1,A01
201900001658,1,2,,0,2,1,1,A01
201900001658,2,21,,0,2,3,1,B01
201900001659,2,7,,4,0,1,16,A01
201900001660,2,15,,0,0,4,26,B01
201900001660,2,7,,14,1,1,0,C01
201900001660,2,7,,7,0,3,1,A01
201900001661,2,7,,0,2,2,1,A01
201900001661,2,7,,0,2,3,19,B01
201900001662,3,2,,0,0,0,1,A01
201900001663,3,7,,0,2,1,2,A01
201900001663,3,7,,0,0,4,16,B01
201900001664,1,30,,0,2,0,0,A01
201900001665,2,7,,0,0,4,2,B01
201900001665,2,10,,0,2,1,2,A01
201900001666,1,10,,0,2,3,26,A01
201900001666,1,2,,0,2,1,9,B01
201900001667,1,7,,0,1,2,1,A01
201900001668,3,30,,0,0,1,2,A01
201900001669,3,7,,0,1,1,1,A01
201900001670,3,33,,12,0,8,2,A01
201900001670,3,10,,0,0,0,2,B01
201900001671,1,7,,2,0,1,1,A01
201900001672,1,7,,0,2,4,26,A01
201900001672,1,7,,0,2,0,0,B01
201900001673,0,13,,0,1,6,4,A01
201900001674,3,7,,0,2,2,19,A01
201900001674,3,32,,0,2,3,1,B01
201900001675,3,7,,0,2,1,1,C01
201900001675,3,7,,0,2,1,1,B01
201900001675,3,7,,0,2,1,5,A01
201900001676,3,7,,0,2,3,1,B01
201900001676,3,7,,0,2,3,13,A01
201900001677,3,10,,3,0,1,12,A01
201900001678,0,7,,2,0,5,13,A01
201900001679,1,7,,0,1,2,1,A01
201900001680,1,33,,0,2,1,2,A01
201900001680,1,7,,0,2,3,20,B01
201900001681,1,33,,0,2,4,2,A01
201900001681,1,7,,0,2,1,2,B01
201900001682,1,7,,11,0,1,1,A01
201900001683,1,7,,0,0,4,1,B01
201900001683,1,7,,0,2,1,1,A01
201900001684,2,7,,0,0,4,1,B01
201900001684,2,7,,1,0,1,1,A01
201900001685,3,7,,0,2,6,4,A01
201900001685,3,32,,0,2,1,1,B01
201900001686,2,7,,0,9,3,11,A01
201900001686,1,33,,0,2,1,1,B01
201900001687,0,7,,0,2,2,2,A01
201900001687,0,7,,0,0,6,2,B01
201900001688,1,34,,0,2,1,1,B01
201900001688,2,7,,0,2,5,15,A01
201900001689,0,34,,0,2,2,17,B01
201900001689,0,7,,0,2,6,6,A01
201900001690,0,99,,0,2,2,19,A01
201900001690,0,99,,0,2,1,15,B01
201900001691,0,7,,0,2,2,16,A01
201900001691,0,34,,0,2,8,16,B01
201900001692,3,10,,1,2,6,0,B01
201900001692,2,10,,1,0,2,14,A01
201900001693,1,33,,6,0,1,1,A01
201900001694,1,7,,1,0,2,0,A01
201900001695,0,33,,0,2,1,1,B01
201900001695,0,7,,0,0,6,1,A01
201900001696,1,99,,0,2,1,13,B01
201900001696,1,7,,0,2,3,9,A01
201900001697,1,7,,0,2,5,15,A01
201900001697,2,33,,0,2,2,1,B01
201900001698,2,7,,1,2,2,13,A01
201900001698,3,7,,0,2,3,0,B01
201900001699,1,33,,3,0,1,1,A01
201900001700,2,10,,0,1,1,19,A01
201900001701,0,7,,13,0,2,1,A01
201900001702,3,30,,0,2,1,2,B01
201900001702,3,7,,0,2,4,23,A01
201900001703,1,7,,2,0,0,1,A01
201900001704,2,7,,10,0,9,16,A01
201900001705,1,7,,14,2,1,2,I01
201900001705,1,7,,0,2,4,2,A01
201900001706,2,43,,0,2,0,17,A01
201900001707,1,33,,0,2,3,13,B01
201900001707,2,7,,0,2,3,0,A01
201900001708,2,34,,0,1,1,26,A01
201900001709,3,7,,0,2,3,1,A01
201900001709,3,36,,0,2,1,1,B01
201900001710,3,10,,0,6,1,20,A01
201900001710,3,99,,0,2,8,25,B01
201900001711,1,38,2.0,3,0,7,9,A01
201900001712,1,3,,0,1,3,26,A01
201900001713,2,31,,0,0,7,1,A01
201900001714,2,7,,10,0,3,13,A01
201900001715,1,7,,0,2,1,21,A01
201900001715,1,7,,0,2,6,16,B01
201900001715,1,7,,0,2,7,16,C01
201900001716,1,7,,0,2,1,9,B01
201900001716,2,7,,0,2,5,9,A01
201900001717,1,7,,4,2,6,1,B01
201900001717,1,15,,0,2,2,1,A01
201900001718,1,7,,0,2,1,2,A01
201900001718,1,15,,0,0,4,2,B01
201900001719,1,34,,0,0,8,17,A01
201900001720,1,2,,0,2,5,2,B01
201900001721,1,33,,0,0,7,1,A01
201900001722,1,33,,0,2,1,21,B01
201900001722,1,7,,0,2,6,11,A01
201900001723,2,7,,0,2,7,13,C01
201900001723,2,7,,0,2,6,23,B01
201900001723,2,32,,0,2,2,3,A01
201900001724,2,7,,0,2,8,15,B01
201900001724,2,33,,0,2,2,17,A01
201900001725,3,7,,0,2,1,16,A01
201900001725,3,50,,0,2,1,1,B01
201900001726,2,30,,0,2,1,17,A01
201900001726,2,7,,0,2,3,15,B01
201900001727,1,7,,0,6,1,1,A01
201900001728,0,7,,0,1,3,15,A01
201900001729,0,33,,13,0,0,13,A01
201900001730,1,2,,0,2,1,1,A01
201900001730,2,7,,0,2,8,1,B01
201900001731,1,7,,6,2,1,0,A01
201900001732,2,7,,0,2,2,15,A01
201900001732,1,31,,0,2,1,1,B01
201900001733,1,7,,0,2,3,1,B01
201900001733,2,7,,0,2,3,13,A01
201900001734,3,7,,12,0,1,9,A01
201900001735,1,7,,6,0,1,6,A01
201900001736,2,1,,0,2,3,13,B01
201900001736,1,7,,0,9,3,1,A01
201900001737,2,1,,0,2,2,26,B01
201900001737,1,7,,0,9,3,26,A01
201900001738,2,7,,0,9,7,19,A01
201900001738,1,1,,0,2,1,1,B01
201900001739,2,7,,4,0,3,13,A01
201900001740,1,1,,16,0,8,14,A01
201900001741,1,33,,16,0,0,1,A01
201900001742,1,31,,13,0,1,1,A01
201900001743,1,7,,3,2,6,26,A01
201900001743,1,7,,0,2,1,2,B01
201900001743,1,7,,0,2,1,2,C01
201900001744,1,0,,0,2,4,1,B01
201900001744,1,7,,0,2,1,2,A01
201900001745,2,33,,0,2,7,1,B01
201900001745,2,10,,0,2,8,11,A01
201900001746,2,7,,0,2,4,23,B01
201900001746,2,34,,0,2,1,2,A01
201900001747,3,33,,8,0,0,1,A01
201900001748,1,15,,0,2,6,1,A01
201900001748,2,7,,0,2,3,1,B01
201900001749,2,7,,0,0,2,14,A01
201900001750,1,7,,0,0,0,1,A01
201900001750,1,7,,14,0,4,23,B01
201900001750,1,7,,0,2,4,1,C01
201900001750,1,7,,0,2,1,1,D01
201900001751,0,32,,2,0,1,0,A01
201900001752,3,7,,13,0,3,1,A01
201900001753,2,7,,0,1,2,1,A01
201900001754,3,1,,0,2,1,19,B01
201900001754,0,7,,0,9,2,1,A01
201900001755,0,31,,0,0,0,0,A01
201900001756,0,2,,0,1,1,1,A01
201900001757,2,2,,0,2,1,2,B01
201900001757,2,2,,0,0,4,0,A01
201900001758,0,7,,0,1,2,16,A01
201900001759,3,7,,0,1,1,1,A01
201900001760,2,7,,0,2,3,15,A01
201900001760,1,33,,0,2,8,1,B01
201900001761,2,33,,0,2,1,5,A01
201900001761,1,7,,0,2,2,15,B01
201900001762,1,7,,10,0,1,1,A01
201900001763,2,7,,0,2,7,13,A01
201900001763,1,7,,0,2,1,1,B01
201900001764,0,7,,13,0,2,0,A01
201900001765,1,30,,0,2,1,1,A01
201900001765,1,7,,0,0,7,26,B01
201900001766,3,50,,0,0,0,1,A01
201900001767,1,33,,0,2,8,1,B01
201900001767,2,7,,0,2,3,15,A01
201900001768,1,7,,0,2,1,2,A01
201900001768,1,7,,0,0,4,23,B01
201900001769,3,7,,0,1,3,16,A01
201900001770,1,7,,0,2,1,1,B01
201900001770,2,7,,0,2,2,13,A01
201900001771,1,33,,0,2,1,1,B01
201900001771,2,7,,0,9,1,17,A01
201900001772,1,17,,0,2,6,1,B01
201900001772,1,7,,0,2,2,17,A01
201900001773,1,7,,0,2,4,1,C01
201900001773,1,7,,0,2,4,1,B01
201900001773,1,7,,0,2,1,1,A01
201900001774,1,10,,0,2,3,2,B01
201900001774,1,10,,0,2,5,12,A01
201900001775,2,7,,4,0,2,14,A01
201900001776,1,7,,3,2,4,1,B01
201900001776,1,0,,4,2,1,2,Z01
201900001777,2,33,,0,2,1,3,B01
201900001777,2,10,,0,2,2,12,A01
201900001778,1,7,,0,2,1,1,A01
201900001778,1,7,,0,2,4,1,B01
201900001778,1,7,,0,2,4,1,C01
201900001779,1,7,,0,2,2,12,A01
201900001779,1,33,,0,2,6,1,B01
201900001780,2,7,,0,2,4,2,D01
201900001780,2,7,,0,2,4,2,C01
201900001780,2,7,,0,2,4,2,B01
201900001780,2,10,,0,2,1,2,A01
201900001781,1,7,,1,0,1,2,A01
201900001781,1,7,,0,2,4,23,B01
201900001782,1,31,,0,2,1,3,A01
201900001782,1,10,,0,2,4,11,B01
201900001783,2,7,,0,2,6,11,A01
201900001783,2,33,,0,2,1,1,B01
201900001784,1,7,,0,2,5,12,A01
201900001784,1,33,,0,2,1,3,B01
201900001785,1,33,,0,0,9,21,A01
201900001786,1,7,,0,2,5,1,B01
201900001786,1,7,,0,2,1,1,A01
201900001787,2,33,,0,2,1,3,A01
201900001787,2,7,,0,2,3,1,B01
201900001787,2,7,,0,2,5,1,C01
201900001788,2,7,,0,2,4,23,A01
201900001788,2,10,,0,2,7,1,C01
201900001788,2,32,,0,2,1,12,B01
201900001789,2,7,,0,2,2,0,B01
201900001789,2,32,,0,2,3,0,A01
201900001790,2,7,,0,2,1,26,A01
201900001790,2,7,,0,2,4,0,B01
201900001791,2,7,,0,2,1,2,C01
201900001791,2,10,,0,2,4,2,B01
201900001791,2,10,,0,2,4,2,A01
201900001792,2,7,,0,2,1,15,A01
201900001792,1,1,,0,2,1,1,B01
201900001793,1,7,,0,2,1,1,B01
201900001793,1,7,,0,2,6,15,A01
201900001794,2,14,,3,0,1,1,B01
201900001794,2,7,,14,0,2,12,A01
201900001795,1,7,,0,2,3,1,C01
201900001795,1,10,,0,2,3,1,B01
201900001795,1,7,,0,2,1,1,A01
201900001796,1,7,,4,0,1,1,A01
201900001797,1,7,,0,2,7,1,A01
201900001798,1,7,,0,2,2,1,B01
201900001798,1,7,,0,2,3,1,A01
201900001799,1,7,,0,2,1,16,A01
201900001799,2,10,,0,2,5,0,B01
201900001799,1,7,,0,2,1,1,C01
201900001800,1,37,1.0,0,1,1,1,A01
201900001801,1,3,,0,1,1,15,A01
201900001802,3,7,,0,9,3,16,A01
201900001802,1,7,,0,2,8,1,B01
201900001803,1,7,,0,2,1,1,B01
201900001803,2,32,,0,2,1,1,A01
201900001804,3,7,,0,1,2,26,A01
201900001805,3,7,,0,2,3,13,A01
201900001805,3,7,,0,2,3,1,B01
201900001805,3,7,,0,2,3,1,C01
201900001806,2,33,,0,2,3,1,B01
201900001806,2,7,,0,2,8,15,A01
201900001807,3,10,,0,1,3,6,A01
201900001808,3,30,,0,0,0,16,A01
201900001809,0,7,,0,1,2,15,A01
201900001810,3,7,,0,2,5,23,B01
201900001810,3,7,,0,2,3,11,A01
201900001811,3,7,,0,2,3,1,C01
201900001811,3,7,,0,2,6,1,A01
201900001811,2,7,,0,2,1,1,B01
201900001812,1,7,,0,2,1,13,A01
201900001812,0,3,,0,2,0,0,B01
201900001813,2,10,,0,0,8,1,A01
201900001814,1,7,,0,2,4,26,A01
201900001814,1,1,,0,2,1,1,B01
201900001815,0,7,,0,2,4,1,B01
201900001815,1,7,,0,2,1,2,A01
201900001816,2,30,,0,2,1,1,B01
201900001816,1,7,,0,2,3,0,A01
201900001817,1,33,,0,0,1,1,B01
201900001817,2,7,,0,2,1,15,A01
201900001818,3,7,,0,2,1,9,A01
201900001818,3,1,,0,2,7,1,Y01
201900001819,3,3,,0,1,1,2,A01
201900001820,1,7,,0,1,1,1,A01
201900001821,1,7,,0,2,4,23,B01
201900001821,1,7,,0,2,2,16,A01
201900001822,2,7,,0,2,4,1,D01
201900001822,2,7,,0,2,4,1,C01
201900001822,2,10,,0,2,4,1,B01
201900001822,2,7,,0,2,1,2,A01
201900001823,1,7,,0,1,1,1,A01
201900001824,2,7,,0,1,4,0,Z01
201900001825,1,7,,0,1,1,1,A01
201900001826,1,7,,0,2,1,1,A01
201900001826,1,7,,0,0,0,0,B01
201900001826,1,7,,0,2,4,1,C01
201900001826,1,7,,0,2,4,1,D01
201900001827,0,7,,0,1,5,4,A01
201900001828,0,7,,0,2,1,1,A01
201900001828,0,2,,0,2,4,1,B01
201900001829,1,7,,0,1,1,1,A01
201900001830,1,7,,0,1,2,1,A01
201900001831,3,7,,0,2,5,15,A01
201900001831,3,7,,0,2,1,1,B01
201900001832,1,7,,0,1,3,1,A01
201900001833,3,80,,0,2,7,19,C01
201900001833,3,10,,0,2,5,1,B01
201900001833,3,10,,0,2,1,1,A01
201900001834,3,7,,0,2,7,15,A01
201900001834,3,7,,0,2,1,1,B01
201900001835,2,7,,0,2,6,10,A01
201900001835,2,33,,0,2,1,1,B01
201900001836,1,7,,0,2,2,1,A01
201900001836,1,7,,0,0,4,16,B01
201900001837,3,7,,0,1,4,4,A01
201900001838,1,7,,0,2,3,14,A01
201900001838,2,7,,0,2,3,1,B01
201900001839,1,7,,0,0,9,1,A01
201900001840,2,7,,0,2,3,15,A01
201900001840,2,33,,0,2,7,1,B01
201900001841,1,7,,8,0,1,1,A01
201900001842,3,7,,0,1,1,9,A01
201900001843,0,7,,0,2,1,2,A01
201900001843,0,7,,0,0,4,23,B01
201900001844,1,7,,0,1,4,2,A01
201900001845,0,3,,0,2,1,2,A01
201900001845,0,7,,0,2,4,2,B01
201900001846,3,7,,0,1,1,1,Z01
201900001847,0,7,,0,0,4,23,A01
201900001847,0,7,,0,2,1,2,B01
201900001847,0,7,,0,2,1,2,C01
201900001847,0,7,,0,2,1,2,D01
201900001848,1,34,,8,2,3,18,A01
201900001848,1,7,,0,2,2,1,B01
201900001849,0,7,,0,2,5,1,B01
201900001849,0,7,,0,2,1,0,A01
201900001850,1,7,,0,0,4,23,D01
201900001850,1,7,,0,2,4,2,C01
201900001850,1,7,,0,2,4,2,B01
201900001850,1,14,,0,2,1,2,A01
201900001851,1,43,,0,2,8,3,A01
201900001851,1,7,,0,2,0,12,Z01
201900001852,1,7,,0,2,3,23,D01
201900001852,1,10,,0,2,5,1,C01
201900001852,1,7,,0,2,4,2,B01
201900001852,1,7,,0,2,1,2,A01
201900001853,1,10,,0,2,6,2,B01
201900001853,1,33,,0,2,2,2,A01
201900001854,3,33,,0,2,2,1,A01
201900001854,3,30,,0,2,3,7,B01
201900001855,1,33,,0,2,6,1,B01
201900001855,2,7,,0,2,3,15,A01
201900001856,1,34,,0,2,1,1,B01
201900001856,2,10,,0,2,2,15,A01
201900001857,1,1,,0,2,1,1,B01
201900001857,1,10,,0,2,8,22,A01
201900001858,1,7,,0,2,8,1,A01
201900001858,1,1,,0,2,1,1,B01
201900001859,2,1,,0,1,1,5,A01
201900001860,1,10,,0,0,8,1,B01
201900001860,1,1,,0,2,1,1,A01
201900001861,1,10,,0,2,3,1,B01
201900001861,1,2,,0,2,1,1,A01
201900001862,1,1,,0,1,1,1,Z01
201900001863,1,33,,0,2,4,1,B01
201900001863,1,33,,0,2,3,17,A01
201900001864,1,10,,0,2,6,23,B01
201900001864,1,32,,0,2,6,2,A01
201900001865,1,43,,0,1,1,1,A01
201900001866,1,80,,0,2,3,18,A01
201900001866,1,14,,0,2,5,1,B01
201900001867,2,50,,0,1,1,1,A01
201900001868,2,2,,0,2,1,15,A01
201900001868,1,7,,0,2,3,1,B01
201900001869,1,10,,0,2,1,1,A01
201900001869,1,1,,0,2,4,11,B01
201900001870,2,10,,0,2,2,1,A01
201900001870,2,1,,0,2,8,1,B01
201900001871,1,31,,0,2,8,1,B01
201900001871,1,7,,0,2,7,14,A01
201900001872,2,10,,0,2,4,23,B01
201900001872,2,7,,0,2,1,2,A01
201900001873,2,7,,0,1,2,1,A01
201900001874,2,7,,0,0,4,23,B01
201900001874,2,15,,0,2,1,1,A01
201900001875,1,7,,0,2,1,2,C01
201900001875,1,7,,0,2,4,2,B01
201900001875,1,7,,0,2,4,2,A01
201900001876,1,7,,1,0,1,1,A01
201900001877,2,7,,0,2,0,0,A01
201900001877,2,30,,0,2,1,1,B01
201900001878,3,7,,0,6,0,17,Z01
201900001878,3,50,,0,2,0,26,A01
201900001879,1,7,,8,2,1,15,A01
201900001879,1,7,,0,2,6,16,B01
201900001880,3,7,,0,1,2,18,A01
201900001881,3,7,,9,0,2,14,A01
201900001882,2,7,,0,2,2,15,B01
201900001882,2,7,,0,2,3,1,C01
201900001882,1,2,,0,2,1,3,A01
201900001883,1,30,,0,2,3,18,A01
201900001883,1,10,,0,2,2,0,B01
201900001884,2,7,,0,2,5,23,A01
201900001884,2,30,,0,2,1,18,B01
201900001885,1,33,,0,2,7,1,B01
201900001885,1,7,,0,2,8,11,A01
201900001886,2,7,,0,1,4,20,A01
201900001887,3,7,,13,0,1,13,A01
201900001888,2,10,,0,2,3,1,A01
201900001888,1,15,,0,2,0,1,B01
201900001889,2,7,,0,2,1,2,A01
201900001889,2,7,,3,2,4,2,B01
201900001890,0,7,,0,1,1,1,A01
201900001891,1,7,,0,9,3,1,B01
201900001891,2,2,,0,2,1,13,A01
201900001892,2,2,,0,2,7,17,B01
201900001892,2,2,,0,2,8,15,A01
201900001893,1,7,,16,0,9,1,A01
201900001894,1,7,,2,0,1,1,A01
201900001895,2,7,,0,2,3,1,A01
201900001895,1,7,,0,2,3,1,B01
201900001896,2,7,,0,1,2,15,A01
201900001897,2,7,,0,2,3,15,B01
201900001897,1,33,,0,2,2,1,A01
201900001898,1,7,,0,2,3,1,B01
201900001898,2,17,,0,2,8,13,A01
201900001899,2,7,,0,2,2,1,A01
201900001899,1,7,,0,2,3,1,B01
201900001900,1,7,,0,2,3,13,A01
201900001900,2,7,,0,2,3,0,B01
201900001901,3,3,,0,2,8,19,A01
201900001901,1,7,,0,2,1,1,B01
201900001902,2,33,,0,2,1,21,B01
201900001902,1,7,,0,2,2,19,A01
201900001903,1,7,,0,2,4,26,A01
201900001903,2,7,,0,2,1,1,B01
201900001903,1,7,,0,2,1,1,C01
201900001904,1,31,,8,0,1,1,A01
201900001905,1,7,,0,2,1,17,A01
201900001905,2,30,,0,2,1,1,B01
201900001906,2,17,,0,0,8,1,B01
201900001906,1,7,,0,2,3,13,A01
201900001907,1,1,,0,1,1,25,A01
201900001908,1,7,,6,2,1,0,B01
201900001908,2,7,,0,2,1,13,A01
201900001909,1,2,,0,0,8,1,A01
201900001910,1,7,,0,2,1,2,A01
201900001910,1,7,,0,0,4,2,B01
201900001911,1,7,,2,0,9,1,A01
201900001912,1,7,,0,1,2,1,A01
201900001913,1,15,,2,0,9,0,A01
201900001913,2,7,,0,9,1,1,C01
201900001914,1,7,,0,0,4,2,A01
201900001914,1,7,,0,0,4,2,B01
201900001914,1,33,,0,0,1,2,C01
201900001915,1,7,,14,0,3,1,C01
201900001915,1,7,,14,0,1,1,B01
201900001915,1,7,,3,0,3,13,A01
201900001916,1,7,,13,0,9,17,A01
201900001917,2,7,,0,2,4,1,B01
201900001917,2,14,,0,2,7,14,A01
201900001918,1,7,,0,2,1,15,A01
201900001918,2,2,,0,2,3,1,B01
201900001919,1,10,,0,2,3,1,B01
201900001919,2,7,,0,2,5,13,A01
201900001920,3,33,,14,0,0,1,A01
201900001921,2,10,,0,2,3,1,B01
201900001921,1,7,,0,2,3,13,A01
201900001922,0,7,,0,2,1,1,B01
201900001922,1,7,,0,2,1,1,A01
201900001923,1,7,,0,0,3,1,A01
201900001923,2,7,,0,0,1,15,B01
201900001924,2,7,,0,2,3,19,A01
201900001924,1,33,,0,2,6,1,B01
201900001925,2,33,,0,2,1,1,B01