Num_Acc,senc,catv,occutc,obs,obsm,choc,manv,num_veh
201900001925,1,7,,0,2,1,15,A01
201900001926,1,7,,0,2,3,1,A01
201900001926,2,7,,0,2,8,1,B01
201900001926,1,7,,0,2,1,1,C01
201900001927,1,1,,0,1,1,1,A01
201900001928,1,14,,0,1,2,23,A01
201900001929,0,7,,0,9,0,2,A01
201900001929,0,33,,0,0,4,17,B01
201900001930,0,7,,0,2,3,15,B01
201900001930,0,2,,0,2,3,1,A01
201900001931,2,7,,0,2,4,1,A01
201900001931,2,7,,0,2,1,1,B01
201900001932,1,7,,0,0,3,13,A01
201900001933,1,10,,0,2,4,1,A01
201900001934,1,7,,0,2,6,9,A01
201900001934,1,14,,0,2,2,1,B01
201900001935,1,7,,0,2,3,13,A01
201900001935,1,33,,0,2,7,1,B01
201900001936,1,10,,0,2,8,0,B01
201900001936,1,7,,3,2,2,0,A01
201900001937,1,7,,0,2,2,1,C01
201900001937,1,14,,0,2,3,23,B01
201900001937,1,7,,0,2,6,11,A01
201900001938,1,33,,0,2,1,3,D01
201900001938,1,7,,0,2,3,1,C01
201900001938,1,33,,0,2,1,3,B01
201900001938,1,7,,0,2,5,14,A01
201900001939,2,33,,0,2,7,1,B01
201900001939,2,7,,0,2,8,11,A01
201900001940,1,33,,0,2,1,3,A01
201900001940,1,7,,0,2,2,1,C01
201900001940,1,7,,0,2,4,11,B01
201900001941,1,7,,0,2,5,1,B01
201900001941,1,33,,0,2,3,3,A01
201900001942,2,7,,4,0,8,9,A01
201900001943,1,7,,0,2,5,12,A01
201900001943,1,33,,0,2,1,3,B01
201900001944,1,7,,0,2,4,2,A01
201900001944,1,7,,0,2,1,2,B01
201900001945,1,33,,0,2,7,3,B01
201900001945,1,7,,0,2,8,11,A01
201900001946,1,7,,0,2,1,1,B01
201900001946,2,7,,0,2,8,10,A01
201900001947,2,10,,0,2,1,1,B01
201900001947,2,7,,0,2,8,10,A01
201900001948,1,33,,0,2,1,1,B01
201900001948,2,7,,0,2,2,15,A01
201900001949,3,10,,0,1,1,1,A01
201900001950,3,15,,0,2,1,2,A01
201900001950,3,7,,0,0,4,2,B01
201900001951,2,2,,4,0,1,3,A01
201900001952,1,31,,0,2,3,1,B01
201900001952,1,3,,0,2,1,17,A01
201900001953,3,7,,0,2,7,1,C01
201900001953,3,7,,0,2,3,1,B01
201900001953,3,7,,0,2,2,17,A01
201900001954,3,7,,0,2,1,2,B01
201900001954,3,37,1.0,0,2,4,23,A01
201900001955,2,7,,0,1,1,15,A01
201900001956,0,34,,0,1,1,2,A01
201900001957,1,7,,0,1,1,1,A01
201900001958,3,7,,0,1,1,26,A01
201900001959,3,10,,9,0,9,9,A01
201900001960,1,7,,0,2,3,1,B01
201900001960,2,7,,0,2,8,9,A01
201900001961,2,7,,0,2,1,2,A01
201900001961,2,7,,0,2,4,23,B01
201900001961,2,7,,0,2,4,23,C01
201900001961,2,7,,0,2,4,23,D01
201900001961,2,7,,0,2,4,23,E01
201900001962,1,2,,0,2,2,1,B01
201900001962,2,7,,0,2,2,15,A01
201900001963,0,7,,0,1,2,1,A01
201900001964,3,7,,0,1,3,15,A01
201900001965,3,7,,0,1,3,21,A01
201900001966,2,30,,0,2,1,1,B01
201900001966,2,7,,0,2,2,1,A01
201900001967,0,7,,0,2,1,2,Z01
201900001967,0,1,,0,2,4,2,A01
201900001968,3,10,,0,1,4,26,A01
201900001969,0,1,,0,2,7,1,B01
201900001969,0,7,,0,2,1,9,A01
201900001970,1,32,,0,2,1,1,A01
201900001970,1,7,,0,2,8,15,B01
201900001971,1,7,,0,1,2,1,A01
201900001972,3,7,,0,1,1,15,A01
201900001973,1,7,,0,2,2,15,A01
201900001973,2,1,,0,2,1,1,B01
201900001974,2,7,,0,1,1,15,Z01
201900001975,1,7,,0,2,4,2,B01
201900001975,1,7,,0,2,1,2,A01
201900001976,2,7,,0,1,3,9,A01
201900001977,2,7,,9,2,1,1,A01
201900001977,2,7,,0,2,4,1,B01
201900001978,3,7,,0,2,2,1,B01
201900001978,3,2,,0,2,8,18,A01
201900001979,1,7,,0,1,3,2,A01
201900001980,2,10,,0,1,3,24,A01
201900001981,1,7,,0,2,3,16,B01
201900001981,2,1,,0,2,1,1,A01
201900001982,0,7,,0,2,4,23,A01
201900001982,0,7,,0,2,1,2,B01
201900001983,1,7,,0,2,3,16,A01
201900001983,1,30,,0,2,1,1,B01
201900001984,1,30,,0,1,7,1,A01
201900001985,1,7,,0,1,3,9,A01
201900001986,3,7,,0,2,1,1,A01
201900001986,3,7,,0,2,7,1,B01
201900001987,3,7,,0,2,1,1,A01
201900001987,3,1,,0,2,7,19,B01
201900001988,1,1,,0,0,0,17,A01
201900001989,2,10,,0,1,2,26,A01
201900001990,1,7,,0,1,3,1,A01
201900001991,2,7,,0,9,5,15,B01
201900001991,1,2,,0,2,1,1,A01
201900001992,3,7,,0,1,0,1,A01
201900001993,1,33,,0,2,1,17,A01
201900001993,2,7,,14,2,3,15,B01
201900001994,1,7,,0,1,1,1,A01
201900001995,1,7,,0,1,8,1,A01
201900001996,2,10,,0,1,1,1,A01
201900001997,2,1,,0,2,1,19,A01
201900001997,1,7,,0,2,1,1,B01
201900001998,2,7,,0,1,1,1,A01
201900001999,3,7,,0,2,4,23,B01
201900001999,3,7,,1,0,1,1,A01
201900002000,1,33,,0,2,4,1,B01
201900002000,1,7,,0,2,1,16,A01
201900002001,1,10,,0,2,6,1,A01
201900002001,2,7,,0,2,1,1,B01
201900002002,2,7,,0,2,6,1,B01
201900002002,2,7,,0,2,3,15,A01
201900002003,1,7,,0,2,2,1,B01
201900002003,1,7,,0,2,3,9,A01
201900002004,2,7,,0,2,1,2,A01
201900002004,2,7,,0,2,4,2,B01
201900002004,2,7,,0,2,4,2,C01
201900002005,1,7,,0,2,1,9,A01
201900002005,1,33,,0,2,1,1,B01
201900002006,1,7,,0,0,9,1,A01
201900002007,3,31,,0,2,1,17,B01
201900002007,3,7,,0,2,3,15,A01
201900002008,0,7,,0,2,6,2,C01
201900002008,0,30,,0,2,3,1,B01
201900002008,0,7,,0,2,3,13,A01
201900002009,1,7,,0,2,0,10,A01
201900002009,2,34,,0,2,3,9,B01
201900002010,2,10,,0,2,7,1,B01
201900002010,2,30,,0,2,8,11,A01
201900002011,3,7,,0,1,3,1,A01
201900002012,1,7,,0,2,6,1,D01
201900002012,1,7,,0,2,2,1,C01
201900002012,1,7,,0,2,4,1,B01
201900002012,1,14,,0,2,3,1,A01
201900002013,0,31,,0,2,1,2,A01
201900002013,0,3,,0,2,6,2,B01
201900002014,3,7,,0,2,1,1,A01
201900002014,3,7,,0,2,7,1,B01
201900002015,2,7,,0,9,1,15,B01
201900002015,2,33,,0,2,1,17,A01
201900002016,1,7,,0,0,1,15,A01
201900002017,2,7,,1,0,2,1,A01
201900002018,1,7,,0,2,2,9,A01
201900002019,3,7,,0,1,8,1,A01
201900002020,1,7,,0,2,2,15,A01
201900002020,1,30,,0,2,1,1,B01
201900002021,2,7,,14,0,1,6,A01
201900002022,1,7,,0,1,1,1,A01
201900002023,1,33,,0,2,3,3,B01
201900002023,1,7,,0,2,7,12,A01
201900002024,2,7,,4,0,3,13,A01
201900002025,2,7,,9,0,1,13,A01
201900002026,1,7,,0,2,3,15,A01
201900002026,1,33,,0,2,9,17,B01
201900002027,2,30,,0,2,1,2,B01
201900002027,2,7,,0,2,1,2,A01
201900002028,1,37,1.0,0,2,1,7,A01
201900002028,2,1,,0,2,1,17,B01
201900002029,2,7,,0,1,1,1,Z01
201900002030,1,10,,0,1,1,15,A01
201900002031,3,33,,0,1,1,1,A01
201900002032,1,7,,0,2,1,1,B01
201900002032,2,10,,0,2,3,5,A01
201900002033,1,32,,0,1,1,1,A01
201900002034,2,14,,0,1,2,16,A01
201900002035,2,7,,0,1,1,15,A01
201900002036,2,10,,0,1,8,15,A01
201900002037,1,30,,0,0,8,1,A01
201900002038,2,7,,12,2,2,10,A01
201900002038,1,7,,0,2,1,1,C01
201900002038,1,32,,0,2,1,1,B01
201900002039,1,50,,0,0,0,1,A01
201900002040,1,33,,0,1,7,1,A01
201900002041,2,30,,0,1,1,1,A01
201900002042,2,2,,0,2,8,1,B01
201900002042,2,10,,0,2,2,6,A01
201900002043,1,32,,0,2,3,26,A01
201900002043,1,10,,0,2,3,9,B01
201900002044,1,7,,0,1,3,12,A01
201900002045,1,99,,0,1,2,2,Z01
201900002046,1,7,,0,2,4,23,B01
201900002046,1,7,,0,2,3,20,A01
201900002046,1,7,,14,2,1,26,C01
201900002047,2,37,1.0,0,1,2,16,A01
201900002048,3,30,,8,0,2,15,A01
201900002048,1,7,,0,2,2,23,B01
201900002049,1,7,,0,2,1,1,A01
201900002049,1,7,,0,2,4,1,B01
201900002050,1,2,,4,0,2,26,A01
201900002051,3,7,,0,2,0,1,A01
201900002051,3,34,,0,2,7,18,B01
201900002052,1,7,,0,2,3,15,A01
201900002052,1,43,,0,2,1,21,B01
201900002053,2,33,,0,2,1,9,A01
201900002053,3,14,,0,2,3,0,B01
201900002054,1,7,,0,2,1,15,B01
201900002054,1,7,,0,2,1,5,A01
201900002055,0,7,,0,2,3,15,A01
201900002055,2,31,,0,2,1,1,B01
201900002056,1,3,,0,1,1,1,A01
201900002057,2,2,,0,0,9,1,A01
201900002058,1,7,,0,2,1,13,B01
201900002058,2,7,,0,2,1,1,A01
201900002059,2,2,,0,0,5,26,A01
201900002059,3,7,,0,0,3,26,B01
201900002060,1,7,,16,2,8,17,B01
201900002060,1,7,,0,2,2,17,A01
201900002061,0,31,,0,2,1,1,B01
201900002061,0,7,,0,2,6,19,A01
201900002062,2,7,,0,2,1,1,C01
201900002062,1,33,,0,2,7,1,B01
201900002062,1,7,,0,2,8,16,A01
201900002063,1,33,,0,0,0,0,A01
201900002064,1,10,,8,0,1,1,A01
201900002065,1,7,,0,2,2,15,A01
201900002065,2,31,,0,2,1,1,B01
201900002066,2,7,,0,2,3,9,A01
201900002066,1,15,,0,2,1,1,C01
201900002066,2,7,,0,2,5,1,B01
201900002067,2,7,,0,0,1,1,B01
201900002067,1,7,,0,2,1,13,A01
201900002068,2,7,,10,0,1,13,A01
201900002069,2,7,,0,1,2,2,A01
201900002070,1,7,,2,0,2,2,A01
201900002071,0,1,,0,0,9,0,A01
201900002072,1,2,,6,0,1,14,A01
201900002073,1,1,,0,2,4,1,B01
201900002073,1,7,,0,2,2,1,A01
201900002074,3,7,,0,1,2,1,A01
201900002075,3,10,,0,1,4,20,A01
201900002076,2,2,,0,0,2,1,A01
201900002077,0,7,,1,0,1,0,A01
201900002078,1,7,,6,0,2,0,A01
201900002079,1,17,,0,2,1,1,B01
201900002079,2,7,,0,2,1,13,A01
201900002080,3,7,,2,0,7,0,A01
201900002081,2,7,,3,2,1,0,B01
201900002081,2,7,,3,0,4,1,A01
201900002082,2,17,,0,2,1,1,B01
201900002082,1,7,,0,2,1,13,A01
201900002083,1,37,1.0,0,2,8,1,B01
201900002083,2,1,,0,2,1,13,A01
201900002084,1,99,,0,2,5,1,B01
201900002084,1,7,,0,9,2,21,A01
201900002085,3,7,,0,2,2,0,C01
201900002085,3,7,,0,2,1,0,B01
201900002085,0,7,,0,2,1,5,A01
201900002086,2,7,,2,0,3,1,A01
201900002087,3,30,,0,0,1,1,B01
201900002087,3,99,,0,0,3,1,A01
201900002088,1,7,,0,1,3,1,A01
201900002089,1,7,,0,2,2,1,B01
201900002089,1,7,,0,2,3,15,A01
201900002090,1,7,,0,0,3,9,A01
201900002090,2,2,,0,2,1,9,B01
201900002091,2,33,,0,2,8,17,A01
201900002091,1,7,,0,2,8,1,B01
201900002092,3,7,,14,0,1,1,A01
201900002092,3,7,,0,0,7,10,B01
201900002093,1,7,,0,1,2,26,A01
201900002094,2,7,,0,2,5,12,A01
201900002094,2,31,,0,2,8,3,B01
201900002095,1,7,,0,2,4,2,C01
201900002095,1,7,,0,2,4,2,B01
201900002095,1,10,,0,1,1,2,A01
201900002096,2,7,,0,2,4,2,B01
201900002096,2,7,,0,2,1,2,A01
201900002097,2,7,,4,0,3,13,A01
201900002098,2,7,,0,2,1,1,A01
201900002098,1,7,,0,2,4,1,B01
201900002098,1,7,,0,2,4,1,C01
201900002098,1,7,,0,2,4,1,D01
201900002099,2,34,,0,9,0,3,A01
201900002099,2,7,,0,9,6,1,B01
201900002100,1,33,,4,0,3,26,A01
201900002101,2,10,,0,2,1,2,A01
201900002101,2,7,,0,2,4,2,B01
201900002101,2,7,,0,2,4,2,C01
201900002101,2,7,,0,2,4,2,D01
201900002102,2,7,,0,2,7,12,B01
201900002102,2,32,,0,2,3,3,A01
201900002103,2,2,,0,2,1,1,B01
201900002103,1,7,,0,2,3,15,A01
201900002104,1,7,,0,2,4,23,A01
201900002105,3,1,,0,2,1,1,B01
201900002105,3,7,,0,9,2,15,A01
201900002106,0,7,,13,0,1,0,A01
201900002107,3,30,,0,2,1,17,B01
201900002107,3,7,,0,2,3,15,A01
201900002108,3,7,,0,1,5,20,A01
201900002109,2,1,,0,2,1,16,B01
201900002109,1,7,,0,1,7,1,A01
201900002110,2,33,,6,0,7,16,A01
201900002111,1,7,,0,2,2,1,B01
201900002111,1,7,,0,2,1,9,A01
201900002112,1,99,,0,1,1,26,A01
201900002113,1,7,,0,2,3,15,B01
201900002113,1,7,,0,2,1,17,A01
201900002114,1,7,,0,2,1,21,B01
201900002114,1,7,,0,2,1,13,A01
201900002115,1,7,,0,2,4,2,B01
201900002115,1,7,,0,2,1,2,A01
201900002116,1,7,,0,2,8,15,B01
201900002116,1,33,,0,2,1,17,A01
201900002117,2,7,,0,1,1,1,A01
201900002118,2,33,,0,9,2,21,A01
201900002119,1,7,,0,0,0,0,T01
201900002119,1,34,,11,2,7,17,A01
201900002120,1,7,,1,2,6,0,B01
201900002120,1,7,,0,2,2,26,A01
201900002121,2,7,,0,2,5,1,B01
201900002121,1,30,,0,2,1,1,A01
201900002122,3,7,,0,0,2,26,A01
201900002123,1,32,,0,1,7,16,A01
201900002124,2,30,,1,2,1,17,B01
201900002124,2,7,,0,2,3,15,A01
201900002125,1,30,,0,1,1,1,Z01
201900002126,0,7,,2,0,1,14,A01
201900002127,0,2,,0,2,1,3,C01
201900002127,0,2,,0,2,1,3,B01
201900002127,2,7,,0,2,3,15,A01
201900002128,0,33,,0,2,4,0,B01
201900002128,0,7,,0,2,2,2,A01
201900002129,3,7,,0,2,8,15,B01
201900002129,0,33,,0,2,1,19,A01
201900002130,2,7,,0,2,1,2,C01
201900002130,2,7,,0,2,4,23,B01
201900002130,2,7,,0,2,4,23,A01
201900002131,0,7,,0,1,2,16,A01
201900002132,1,7,,0,1,3,1,A01
201900002133,1,10,,0,1,2,17,A01
201900002134,2,33,,0,2,1,1,B01
201900002134,0,7,,0,2,0,15,A01
201900002135,2,2,,0,2,1,1,B01
201900002135,1,7,,0,2,1,15,A01
201900002136,0,40,,15,1,2,26,A01
201900002137,3,7,,0,2,1,2,B01
201900002137,2,1,,0,2,1,1,A01
201900002138,0,37,1.0,0,1,7,9,A01
201900002139,0,7,,6,1,5,24,A01
201900002140,2,7,,0,1,1,15,A01
201900002141,1,10,,0,1,2,1,A01
201900002142,1,7,,0,2,2,15,A01
201900002142,2,33,,0,2,1,21,B01
201900002143,3,1,,0,2,4,2,Y01
201900002143,3,17,,0,1,7,26,A01
201900002144,1,7,,0,1,1,1,A01
201900002145,0,7,,0,2,0,26,A01
201900002146,1,7,,0,2,8,1,A01
201900002146,3,2,,0,2,1,1,B01
201900002147,1,10,,0,1,1,1,A01
201900002148,1,32,,0,2,1,1,B01
201900002148,1,7,,0,2,5,1,A01
201900002149,2,7,,0,1,3,15,A01
201900002150,1,7,,0,1,1,1,A01
201900002151,3,7,,0,2,0,9,Z01
201900002151,3,1,,0,2,0,9,A01
201900002152,0,7,,0,2,4,23,B01
201900002152,0,33,,0,2,1,1,A01
201900002153,1,7,,2,0,1,14,A01
201900002154,0,7,,0,1,1,1,A01
201900002155,0,7,,0,1,1,1,A01
201900002156,2,10,,0,1,3,1,A01
201900002157,0,7,,0,2,2,9,B01
201900002157,3,7,,0,2,3,9,A01
201900002158,2,7,,0,2,7,13,A01
201900002158,1,7,,0,2,2,1,B01
201900002159,1,7,,0,2,5,1,B01
201900002159,2,34,,0,2,1,2,A01
201900002160,2,7,,0,2,2,1,B01
201900002160,2,7,,0,2,3,13,A01
201900002161,1,7,,0,1,2,16,A01
201900002162,1,10,,0,2,5,2,B01
201900002162,1,33,,0,2,1,2,A01
201900002163,1,7,,0,2,1,21,A01
201900002163,2,32,,0,2,1,1,B01
201900002163,1,7,,0,2,0,15,Z01
201900002164,3,7,,0,0,0,15,A01
201900002164,3,7,,0,2,0,21,B01
201900002165,1,7,,0,1,3,15,A01
201900002166,3,3,,0,2,4,2,B01
201900002166,3,10,,0,2,4,2,A01
201900002167,1,7,,0,2,8,1,B01
201900002167,1,33,,0,2,1,2,A01
201900002168,1,7,,0,1,1,9,A01
201900002169,3,7,,0,1,4,4,B01
201900002170,2,7,,5,0,2,14,A01
201900002171,2,7,,0,1,2,1,A01
201900002172,1,7,,0,2,7,17,A01
201900002172,1,1,,0,0,8,2,B01
201900002173,1,7,,0,2,3,0,B01
201900002173,2,33,,0,2,8,1,A01
201900002174,1,7,,0,0,1,1,A01
201900002175,3,33,,0,2,1,1,B01
201900002175,3,7,,0,2,6,9,A01
201900002176,0,7,,0,1,6,1,A01
201900002177,3,7,,0,4,1,1,A01
201900002177,3,40,,0,2,3,1,B01
201900002178,1,7,,0,2,3,19,A01
201900002178,1,7,,0,2,1,1,B01
201900002179,1,7,,0,1,1,1,B01
201900002179,1,7,,0,1,1,1,A01
201900002180,3,7,,0,1,4,4,A01
201900002181,1,7,,13,0,1,0,A01
201900002182,1,30,,0,0,0,26,A01
201900002183,1,37,1.0,0,2,7,15,A01
201900002183,2,33,,0,2,1,1,B01
201900002184,1,7,,0,1,1,1,A01
201900002185,1,7,,0,1,1,1,A01
201900002186,2,34,,0,1,1,1,A01
201900002187,1,7,,0,9,3,1,B01
201900002187,3,1,,0,2,8,19,A01
201900002188,2,7,,0,2,6,15,B01
201900002188,2,33,,0,2,2,17,A01
201900002189,2,33,,0,2,1,1,B01
201900002189,1,7,,0,2,1,1,A01
201900002190,3,30,,0,0,0,26,A01
201900002191,1,1,,0,0,0,1,A01
201900002192,1,7,,0,9,2,15,A01
201900002192,3,1,,0,2,4,1,B01
201900002193,1,7,,0,2,7,17,A01
201900002193,1,37,4.0,1,2,3,1,B01
201900002194,1,7,,4,0,3,13,A01
201900002195,1,7,,0,2,1,1,B01
201900002195,2,7,,0,2,3,9,A01
201900002196,2,7,,0,2,2,17,B01
201900002196,2,7,,0,0,8,15,A01
201900002197,1,15,,0,2,2,15,A01
201900002197,2,7,,0,2,1,1,B01
201900002198,1,32,,0,2,7,17,C01
201900002198,1,7,,0,2,4,26,B01
201900002198,1,7,,0,2,2,26,A01
201900002199,3,10,,0,2,0,0,Z01
201900002199,3,7,,12,0,1,1,B01
201900002200,3,1,,13,2,8,1,B01
201900002200,3,7,,0,2,7,17,A01
201900002201,1,32,,0,0,0,0,B01
201900002201,1,7,,0,2,0,0,A01
201900002202,1,37,1.0,0,1,2,1,A01
201900002203,1,10,,0,2,7,1,B01
201900002203,1,7,,0,2,1,1,A01
201900002204,2,7,,0,1,8,20,A01
201900002205,3,39,,0,1,2,1,A01
201900002206,1,7,,0,2,6,23,A01
201900002206,1,7,,0,2,8,14,B01
201900002207,2,10,,3,0,1,14,A01
201900002208,2,31,,13,0,1,0,A01
201900002209,1,7,,0,2,3,26,C01
201900002209,1,10,,0,2,3,15,B01
201900002209,2,7,,13,2,3,13,A01
201900002210,0,2,,14,0,1,17,A01
201900002211,2,15,,0,2,2,12,Z01
201900002211,2,15,,0,2,1,1,C01
201900002211,2,7,,4,2,3,2,B01
201900002212,2,31,,0,2,8,9,A01
201900002212,2,15,,0,2,7,2,B01
201900002213,1,7,,0,2,8,16,D01
201900002213,1,7,,0,2,7,1,C01
201900002214,0,30,,2,0,2,14,A01
201900002215,2,7,,0,1,2,1,A01
201900002216,2,7,,15,2,2,1,A01
201900002216,3,10,,0,2,3,9,B01
201900002217,3,7,,0,2,3,5,A01
201900002217,0,30,,0,2,7,16,B01
201900002218,2,32,,0,2,7,17,B01
201900002218,1,7,,1,0,8,13,A01
201900002219,1,10,,0,2,4,1,Z01
201900002219,1,7,,0,2,1,2,A01
201900002220,1,42,,0,1,1,2,A01
201900002221,2,10,,0,2,3,1,C01
201900002221,2,7,,0,2,8,21,B01
201900002221,1,10,,0,2,1,1,A01
201900002222,1,7,,7,0,0,0,A01
201900002223,3,7,,0,2,3,1,B01
201900002223,3,7,,0,2,1,13,A01
201900002224,3,2,,0,1,1,17,A01
201900002225,1,7,,0,2,3,13,A01
201900002225,3,7,,0,2,1,23,B01
201900002226,2,7,,0,2,4,15,A01
201900002226,2,7,,0,0,0,0,B01
201900002227,1,7,,0,1,1,1,Z01
201900002228,1,7,,0,1,1,1,A01
201900002229,2,32,,0,0,7,1,A01
201900002230,3,30,,0,1,7,16,A01
201900002231,3,7,,0,1,1,1,A01
201900002232,3,33,,0,1,1,1,A01
201900002233,1,7,,0,2,3,1,B01
201900002233,2,7,,0,2,3,13,A01
201900002234,2,7,,0,2,1,1,B01
201900002234,1,7,,0,2,2,15,A01
201900002235,2,2,,0,2,7,1,B01
201900002235,1,7,,0,2,3,9,A01
201900002236,2,33,,12,0,1,1,A01
201900002237,1,7,,9,0,1,2,A01
201900002238,3,7,,0,2,2,19,B01
201900002238,3,7,,0,2,1,19,A01
201900002239,2,7,,0,2,3,11,Z01
201900002239,2,33,,0,2,7,1,A01
201900002240,1,7,,0,2,1,26,B01
201900002240,1,7,,0,2,1,13,A01
201900002241,1,7,,0,2,7,12,A01
201900002241,1,32,,0,2,3,3,B01
201900002242,3,7,,0,1,1,26,A01
201900002242,0,30,,0,2,1,2,B01
201900002243,2,7,,1,0,0,0,B01
201900002243,2,7,,0,2,5,0,A01
201900002244,2,7,,1,0,6,1,A01
201900002244,2,7,,1,2,6,24,B01
201900002245,3,7,,0,1,3,0,A01
201900002246,2,2,,1,0,1,1,A01
201900002247,-1,39,,-1,1,-1,-1,A01
201900002248,3,7,,0,1,2,1,A01
201900002249,1,7,,0,2,1,1,A01
201900002249,2,7,,0,2,1,1,B01
201900002250,0,2,,8,0,1,1,A01
201900002251,0,2,,0,0,1,1,A01
201900002252,1,7,,0,2,1,2,A01
201900002252,1,7,,0,2,4,2,B01
201900002253,1,33,,0,2,3,2,B01
201900002253,1,7,,0,2,3,19,A01
201900002254,3,30,,0,2,1,26,A01
201900002254,3,7,,0,2,7,1,B01
201900002255,2,1,,8,0,1,1,A01
201900002256,2,7,,0,1,2,1,A01
201900002257,1,7,,0,2,1,13,A01
201900002257,2,7,,0,2,1,1,B01
201900002258,2,7,,0,2,1,1,B01
201900002258,2,7,,7,2,8,19,A01
201900002259,3,7,,15,0,2,1,A01
201900002260,0,32,,0,0,0,1,A01
201900002261,2,10,,0,2,1,2,A01
201900002261,2,7,,0,2,4,2,B01
201900002261,2,7,,0,2,4,2,C01
201900002261,2,7,,0,2,4,2,D01
201900002261,2,7,,0,2,4,2,E01
201900002262,1,7,,0,2,1,1,A01
201900002262,1,7,,0,2,4,2,B01
201900002262,1,7,,0,2,4,2,C01
201900002263,1,34,,0,2,8,3,B01
201900002263,1,7,,0,2,5,12,A01
201900002264,2,7,,0,2,6,2,C01
201900002264,2,7,,0,2,4,2,B01
201900002264,2,7,,0,2,1,1,A01
201900002265,2,7,,0,2,4,2,B01
201900002265,2,7,,0,2,1,2,A01
201900002266,2,38,1.0,0,2,2,15,B01
201900002266,1,33,,0,2,1,17,A01
201900002267,3,10,,0,1,7,14,A01
201900002268,2,30,,0,2,3,2,A01
201900002268,2,7,,0,2,5,2,B01
201900002269,1,7,,0,1,2,1,A01
201900002270,2,33,,1,0,1,14,A01
201900002271,3,7,,0,1,2,1,A01
201900002272,3,7,,0,1,2,1,A01
201900002273,3,1,,0,1,0,21,A01
201900002274,1,80,,0,2,1,1,B01
201900002274,2,7,,0,2,7,16,A01
201900002275,0,50,,0,0,0,0,B01
201900002275,0,7,,0,2,2,0,A01
201900002276,0,7,,15,0,2,1,A01
201900002277,2,7,,0,2,8,11,A01
201900002277,2,33,,0,2,7,1,B01
201900002278,1,7,,0,2,1,1,Z01
201900002278,1,7,,0,2,4,2,A01
201900002279,2,30,,0,2,1,21,A01
201900002279,2,7,,0,2,3,1,B01
201900002280,0,60,,0,2,1,1,Y01
201900002280,3,7,,0,1,3,9,A01
201900002281,2,7,,0,2,3,1,C01
201900002281,1,7,,0,2,1,1,B01
201900002281,1,7,,0,2,1,1,A01
201900002282,1,32,,0,2,0,0,B01
201900002282,1,7,,0,2,0,0,Z01
201900002283,1,7,,0,2,2,15,A01
201900002283,2,7,,0,2,1,1,B01
201900002284,1,7,,0,1,3,15,A01
201900002285,2,50,,0,2,3,13,A01
201900002285,2,37,1.0,0,2,2,1,B01
201900002286,1,37,1.0,0,2,3,15,B01
201900002286,1,33,,0,2,1,17,A01
201900002287,2,33,,0,2,1,15,B01
201900002287,2,7,,0,2,2,15,A01
201900002288,3,1,,0,2,7,18,B01
201900002288,3,7,,0,2,7,22,A01
201900002289,2,7,,0,2,5,1,B01
201900002289,2,7,,0,2,1,9,A01
201900002290,1,30,,0,2,1,2,A01
201900002290,1,7,,0,0,4,2,B01
201900002291,2,7,,0,0,0,0,B01
201900002291,1,7,,0,0,0,0,A01
201900002292,1,7,,0,2,1,0,B01
201900002292,1,7,,0,2,1,0,A01
201900002293,2,7,,0,2,8,10,A01
201900002293,2,33,,0,2,1,17,B01
201900002294,3,13,,0,1,4,23,A01
201900002295,3,7,,12,0,1,2,A01
201900002296,0,33,,0,2,7,5,A01
201900002296,0,3,,0,6,8,2,B01
201900002297,1,7,,0,2,3,15,B01
201900002297,1,33,,0,2,1,1,A01
201900002298,1,7,,0,1,3,1,A01
201900002299,2,7,,6,0,2,13,A01
201900002300,2,7,,0,1,2,16,A01
201900002301,1,7,,0,2,4,23,C01
201900002301,1,7,,0,2,4,2,B01
201900002301,1,7,,0,2,1,2,A01
201900002302,1,7,,0,2,1,2,A01
201900002302,1,7,,0,2,4,2,B01
201900002303,1,7,,0,1,1,1,Z01
201900002304,1,2,,0,2,8,1,B01
201900002304,2,10,,0,2,2,15,A01
201900002305,1,15,,11,0,3,1,A01
201900002306,2,7,,1,1,3,1,A01
201900002307,3,7,,0,2,3,19,A01
201900002307,2,33,,0,2,1,17,B01
201900002308,2,7,,0,2,3,19,A01
201900002308,2,2,,0,2,1,1,B01
201900002309,2,7,,0,2,2,1,A01
201900002309,2,10,,0,2,3,1,B01
201900002310,3,7,,0,2,1,1,A01
201900002310,3,7,,0,2,7,1,B01
201900002311,1,7,,0,1,3,17,A01
201900002312,3,7,,0,1,0,0,A01
201900002313,2,7,,0,2,3,1,B01
201900002313,1,30,,0,2,0,1,A01
201900002314,1,50,,0,2,1,19,A01
201900002314,2,37,1.0,0,2,7,16,B01
201900002315,2,7,,0,2,2,1,B01
201900002315,1,2,,0,2,1,25,A01
201900002316,1,7,,0,1,1,15,A01
201900002317,1,30,,0,2,4,1,B01
201900002317,1,7,,0,2,2,2,A01
201900002318,1,1,,0,0,0,1,B01
201900002318,1,7,,0,0,0,16,A01
201900002319,1,7,,0,2,3,15,B01
201900002319,1,30,,0,2,1,17,A01
201900002320,1,32,,0,0,0,1,A01
201900002321,1,7,,0,2,7,1,A01
201900002321,1,7,,0,2,7,15,B01
201900002322,3,7,,0,1,4,20,A01
201900002323,1,7,,0,1,1,1,A01