Num_Acc,senc,catv,occutc,obs,obsm,choc,manv,num_veh
201900002324,1,7,,0,2,1,1,B01
201900002324,1,31,,0,2,1,9,A01
201900002325,1,7,,0,1,0,1,A01
201900002326,1,37,1.0,0,2,1,1,B01
201900002326,1,7,,0,2,1,5,A01
201900002327,3,2,,0,2,3,2,A01
201900002327,3,7,,0,2,7,16,B01
201900002328,1,7,,0,2,2,1,A01
201900002328,1,7,,0,2,2,16,B01
201900002329,1,7,,0,2,8,0,A01
201900002329,1,80,,0,2,4,0,B01
201900002330,1,7,,0,2,4,0,C01
201900002330,1,7,,0,2,9,0,B01
201900002330,1,7,,0,2,1,0,A01
201900002331,1,33,,0,2,8,1,B01
201900002331,2,7,,0,2,1,26,A01
201900002332,0,7,,0,1,1,26,A01
201900002333,2,2,,0,2,7,1,B01
201900002333,1,7,,0,2,3,15,A01
201900002334,3,30,,0,2,7,2,B01
201900002334,1,7,,0,2,2,2,A01
201900002335,1,7,,0,2,1,12,A01
201900002335,1,2,,0,2,4,1,B01
201900002336,2,7,,0,2,8,13,A01
201900002336,2,30,,0,2,2,17,B01
201900002337,1,7,,0,4,1,13,A01
201900002337,2,3,,0,2,1,1,B01
201900002338,2,7,,0,1,1,15,A01
201900002339,2,7,,0,2,1,1,A01
201900002339,1,7,,0,2,1,15,B01
201900002340,1,7,,0,2,3,15,B01
201900002340,1,32,,0,2,2,17,A01
201900002341,0,34,,0,0,3,0,B01
201900002341,0,7,,0,2,1,0,A01
201900002342,2,30,,0,6,1,0,A01
201900002342,2,1,,0,2,1,0,B01
201900002343,1,2,,0,2,0,0,B01
201900002343,1,7,,0,2,2,15,A01
201900002344,1,7,,0,2,2,17,A01
201900002344,2,33,,0,2,1,2,B01
201900002345,1,7,,0,2,4,23,C01
201900002345,1,7,,0,2,4,23,B01
201900002345,1,7,,0,2,1,2,A01
201900002346,0,7,,0,0,7,23,B01
201900002346,0,2,,1,2,1,1,A01
201900002347,3,7,,0,2,3,9,A01
201900002347,3,33,,0,2,1,2,B01
201900002348,1,7,,0,2,8,15,A01
201900002348,1,33,,0,2,2,26,B01
201900002349,2,42,,0,2,1,3,A01
201900002349,2,33,,0,2,4,3,B01
201900002349,2,10,,0,2,8,1,C01
201900002350,1,7,,0,2,8,11,B01
201900002350,1,33,,0,2,2,3,A01
201900002351,1,33,,0,2,8,1,B01
201900002351,1,7,,0,2,7,22,A01
201900002352,2,1,,0,2,1,1,A01
201900002352,1,7,,0,2,3,15,Z01
201900002353,2,7,,0,2,1,2,Z01
201900002353,2,7,,0,2,4,2,A01
201900002354,1,34,,0,1,1,1,Z01
201900002355,1,31,,0,1,4,1,Z01
201900002356,1,7,,0,2,2,1,Z01
201900002356,1,50,,0,2,8,1,A01
201900002357,2,7,,0,1,1,15,A01
201900002358,2,50,,0,2,1,1,B01
201900002358,2,7,,0,2,8,22,A01
201900002359,2,30,,0,1,1,1,A01
201900002360,1,60,,0,2,7,19,B01
201900002360,2,7,,0,2,2,1,A01
201900002361,1,33,,0,2,1,1,B01
201900002361,2,7,,0,2,2,15,A01
201900002362,2,7,,1,0,7,4,A01
201900002363,2,7,,0,2,5,16,A01
201900002363,2,1,,0,2,8,1,B01
201900002364,2,7,,0,2,1,15,A01
201900002364,1,33,,0,2,1,1,B01
201900002365,1,1,,0,2,8,16,A01
201900002365,1,32,,0,2,7,1,B01
201900002366,2,7,,0,2,0,2,C01
201900002366,2,10,,9,2,8,1,B01
201900002366,1,7,,0,2,1,15,A01
201900002367,1,7,,0,2,2,16,A01
201900002367,1,34,,0,2,3,1,B01
201900002368,2,50,,0,2,2,19,B01
201900002368,1,34,,0,2,3,1,A01
201900002369,2,1,,0,1,7,1,Z01
201900002370,2,33,,0,2,3,1,B01
201900002370,1,7,,0,2,2,15,A01
201900002371,1,37,1.0,0,2,0,7,A01
201900002371,1,1,,0,2,0,13,B01
201900002372,1,7,,0,2,5,12,A01
201900002372,1,2,,0,2,1,3,B01
201900002372,1,7,,0,1,6,2,C01
201900002373,1,7,,1,0,2,2,A01
201900002373,1,10,,0,2,6,24,B01
201900002374,2,30,,0,1,1,21,A01
201900002375,3,30,,0,0,0,15,A01
201900002375,3,17,,0,0,8,15,Z01
201900002376,1,10,,0,1,1,1,A01
201900002377,1,7,,0,2,1,26,B01
201900002377,1,7,,1,0,6,15,A01
201900002378,3,0,,0,1,1,0,Z01
201900002379,2,7,,0,2,4,1,B01
201900002379,2,7,,0,2,1,1,A01
201900002380,1,7,,0,2,7,15,A01
201900002380,2,33,,0,2,1,1,B01
201900002381,1,7,,0,2,1,2,A01
201900002381,1,34,,0,2,4,2,B01
201900002382,1,7,,0,2,8,13,A01
201900002382,1,32,,0,2,7,17,B01
201900002383,1,33,,0,2,1,2,B01
201900002383,3,7,,0,2,2,10,A01
201900002384,2,33,,7,0,4,0,B01
201900002384,2,7,,0,2,1,0,A01
201900002385,1,20,,1,0,4,23,B01
201900002385,1,32,,0,2,4,11,A01
201900002386,3,33,,0,2,7,1,B01
201900002386,3,7,,0,2,0,0,Z01
201900002387,1,33,,0,2,7,16,B01
201900002387,2,33,,0,2,1,1,A01
201900002388,3,3,,0,2,0,0,B01
201900002388,3,3,,0,2,1,1,A01
201900002389,1,10,,0,2,1,15,A01
201900002389,1,33,,0,2,8,1,B01
201900002390,2,10,,0,1,3,1,A01
201900002391,1,7,,0,1,0,1,T01
201900002391,2,3,,1,2,3,1,A01
201900002392,2,7,,0,1,3,16,A01
201900002393,0,33,,0,0,0,0,A01
201900002393,1,1,,0,2,4,2,B01
201900002394,1,7,,0,1,3,1,A01
201900002395,3,7,,0,1,1,1,A01
201900002396,3,7,,15,0,2,14,A01
201900002397,3,7,,0,2,3,11,A01
201900002397,3,33,,0,2,7,1,B01
201900002398,1,7,,0,1,2,15,A01
201900002399,1,2,,0,2,3,18,B01
201900002399,1,10,,0,2,2,16,A01
201900002400,3,0,,0,2,9,1,B01
201900002400,3,7,,0,2,3,9,A01
201900002401,1,7,,0,1,1,15,A01
201900002401,1,99,,0,2,0,0,B01
201900002402,2,30,,0,2,8,21,A01
201900002402,2,7,,0,2,4,23,B01
201900002403,2,7,,0,2,3,1,B01
201900002403,1,7,,0,2,1,1,A01
201900002404,2,7,,2,0,2,1,A01
201900002405,1,10,,0,2,6,13,A01
201900002405,1,10,,0,2,7,1,B01
201900002406,2,14,,0,0,5,1,B01
201900002406,2,10,,0,2,3,2,A01
201900002407,2,10,,6,2,1,13,C01
201900002407,2,7,,6,0,4,13,B01
201900002407,1,10,,6,0,4,13,A01
201900002408,3,7,,0,2,3,1,B01
201900002408,3,7,,0,2,2,1,A01
201900002409,1,7,,0,2,1,15,A01
201900002409,2,7,,0,2,1,1,B01
201900002410,1,7,,0,2,1,19,A01
201900002410,2,7,,0,2,8,1,B01
201900002411,1,33,,0,2,1,1,A01
201900002411,1,7,,0,0,6,15,B01
201900002412,1,7,,4,0,3,0,A01
201900002413,3,7,,2,0,7,13,A01
201900002414,2,7,,2,0,3,1,A01
201900002415,2,7,,0,2,2,15,A01
201900002415,1,10,,0,2,1,1,B01
201900002416,2,7,,0,2,3,1,C01
201900002416,1,7,,0,2,3,1,B01
201900002416,2,7,,0,2,3,1,A01
201900002417,0,2,,13,0,1,1,A01
201900002418,1,33,,0,2,1,1,A01
201900002418,1,7,,0,2,4,23,B01
201900002419,1,7,,2,0,1,1,A01
201900002420,0,7,,6,0,1,0,A01
201900002421,1,33,,0,2,1,17,B01
201900002421,1,3,,0,2,3,15,A01
201900002422,2,33,,0,0,8,17,A01
201900002423,1,7,,0,2,5,1,B01
201900002423,1,1,,0,2,8,19,A01
201900002424,2,7,,0,2,3,1,B01
201900002424,1,7,,0,2,3,13,A01
201900002425,1,33,,0,6,1,1,A01
201900002426,1,7,,2,0,1,1,A01
201900002427,1,7,,4,2,3,5,A01
201900002427,2,7,,0,2,3,1,B01
201900002428,0,7,,0,2,2,15,A01
201900002428,2,2,,0,2,1,1,B01
201900002429,1,7,,0,0,9,1,A01
201900002430,3,7,,0,1,1,24,A01
201900002431,1,33,,0,0,8,1,A01
201900002432,1,1,,0,2,4,1,B01
201900002432,1,14,,0,2,2,1,A01
201900002433,1,7,,8,2,2,19,A01
201900002433,1,15,,8,2,3,1,B01
201900002434,3,33,,0,0,9,0,A01
201900002435,2,7,,13,0,9,21,A01
201900002436,3,7,,6,0,2,14,A01
201900002437,3,7,,0,2,3,15,A01
201900002437,0,2,,0,2,1,26,B01
201900002438,3,33,,13,0,2,15,A01
201900002439,2,7,,3,2,1,0,B01
201900002439,1,7,,0,2,1,21,A01
201900002440,2,7,,0,2,1,15,A01
201900002440,1,7,,0,2,2,1,B01
201900002441,1,31,,0,0,0,0,A01
201900002442,1,7,,0,1,2,2,A01
201900002443,2,7,,3,0,6,1,B01
201900002443,2,33,,0,0,5,2,A01
201900002444,1,7,,0,2,1,1,B01
201900002444,1,7,,0,2,1,17,A01
201900002445,1,7,,1,2,8,1,A01
201900002445,1,7,,0,0,0,0,Z01
201900002446,1,7,,0,2,3,16,A01
201900002446,1,7,,0,2,1,2,B01
201900002447,2,7,,2,0,7,14,A01
201900002448,1,7,,0,2,7,15,A01
201900002448,2,17,,0,2,2,1,B01
201900002449,1,7,,0,1,0,1,Z01
201900002450,2,7,,0,2,3,1,B01
201900002450,2,7,,0,2,3,1,A01
201900002451,2,7,,0,2,8,19,A01
201900002451,1,32,,0,2,1,1,B01
201900002452,1,1,,15,0,1,2,A01
201900002453,1,2,,0,4,1,1,A01
201900002454,2,7,,6,2,3,21,A01
201900002454,1,7,,0,2,3,16,B01
201900002455,2,1,,0,2,1,1,A01
201900002455,2,7,,0,2,3,15,B01
201900002456,1,7,,0,2,3,1,C01
201900002456,1,10,,0,2,3,1,B01
201900002456,2,33,,0,2,1,17,A01
201900002457,1,7,,0,2,4,2,B01
201900002457,1,33,,0,2,1,2,A01
201900002458,3,30,,0,2,7,2,B01
201900002458,3,10,,0,2,1,2,A01
201900002459,1,7,,0,1,3,15,A01
201900002460,1,32,,0,2,0,0,B01
201900002460,1,7,,0,2,3,15,A01
201900002461,3,7,,0,2,3,5,B01
201900002461,3,7,,0,2,4,24,C01
201900002461,1,7,,0,2,1,26,A01
201900002462,3,7,,0,1,0,0,A01
201900002463,0,7,,0,2,5,15,A01
201900002463,0,33,,0,2,1,1,B01
201900002464,1,7,,0,0,9,1,A01
201900002465,3,33,,0,2,1,1,B01
201900002465,3,7,,0,2,3,9,A01
201900002466,2,7,,1,0,3,1,A01
201900002467,1,7,,0,2,3,1,C01
201900002467,1,7,,0,2,3,1,B01
201900002467,2,7,,0,2,2,15,A01
201900002468,2,31,,0,2,1,1,B01
201900002468,2,7,,0,2,7,9,A01
201900002469,2,15,,0,2,2,1,A01
201900002469,2,2,,0,2,4,1,B01
201900002470,2,7,,0,2,1,9,A01
201900002470,2,7,,0,2,1,1,B01
201900002471,0,10,,0,1,0,1,A01
201900002472,0,2,,0,2,8,9,A01
201900002472,0,7,,0,1,8,0,B01
201900002473,0,7,,0,1,1,26,A01
201900002474,1,7,,0,2,4,1,B01
201900002474,1,14,,0,2,4,1,A01
201900002474,1,7,,0,2,1,2,C01
201900002475,2,7,,0,2,1,2,A01
201900002475,2,7,,0,2,4,2,C01
201900002475,2,7,,0,2,4,2,B01
201900002476,1,7,,0,2,7,12,B01
201900002476,1,7,,0,2,4,1,C01
201900002476,1,30,,0,2,1,18,A01
201900002477,1,7,,0,1,5,26,A01
201900002478,1,7,,0,2,4,1,B01
201900002478,1,7,,0,2,1,1,A01
201900002479,0,7,,0,1,1,0,A01
201900002479,3,1,,0,2,8,19,B01
201900002480,2,7,,0,2,3,13,A01
201900002480,1,7,,0,2,3,1,B01
201900002481,2,7,,0,1,1,2,A01
201900002482,1,31,,0,2,7,15,B01
201900002482,1,7,,0,2,1,9,A01
201900002483,1,7,,0,1,8,1,A01
201900002484,1,7,,0,2,4,2,B01
201900002484,1,7,,0,2,1,26,A01
201900002485,1,7,,0,2,1,9,A01
201900002485,1,2,,0,2,7,15,B01
201900002486,0,7,,0,2,6,24,B01
201900002486,0,7,,1,0,1,14,A01
201900002487,3,7,,0,2,8,19,B01
201900002487,1,33,,0,2,1,2,A01
201900002488,0,7,,0,2,1,1,B01
201900002488,0,7,,0,2,1,5,A01
201900002489,3,33,,0,0,9,26,A01
201900002490,0,7,,9,0,1,14,A01
201900002491,1,32,,8,0,9,0,A01
201900002492,1,32,,0,2,7,17,A01
201900002492,1,10,,0,2,8,11,B01
201900002493,0,2,,0,2,1,1,B01
201900002493,0,16,,0,2,1,15,A01
201900002494,0,32,,0,2,1,1,B01
201900002494,0,7,,0,2,1,15,A01
201900002495,3,7,,0,2,7,14,B01
201900002495,3,34,,0,2,8,18,A01
201900002496,0,7,,0,2,0,1,Z01
201900002496,0,7,,0,2,7,1,A01
201900002497,2,30,,0,1,0,1,A01
201900002498,1,7,,0,1,3,1,A01
201900002499,1,99,,0,2,1,2,A01
201900002499,2,7,,0,2,4,2,B01
201900002500,1,7,,0,1,8,1,A01
201900002501,1,33,,0,2,1,26,A01
201900002501,2,7,,0,2,3,15,B01
201900002502,1,7,,0,1,0,1,Z01
201900002503,1,7,,0,1,0,26,A01
201900002504,1,7,,0,2,4,2,B01
201900002504,1,7,,0,2,1,2,A01
201900002505,2,7,,0,1,1,15,A01
201900002506,2,7,,0,1,2,17,A01
201900002507,3,7,,11,0,3,0,A01
201900002508,2,33,,0,2,1,17,A01
201900002508,2,7,,0,2,3,15,B01
201900002509,2,7,,0,1,1,1,A01
201900002510,2,33,,0,2,3,3,B01
201900002510,2,7,,0,2,5,12,A01
201900002511,2,30,,0,0,8,1,A01
201900002512,1,7,,0,2,3,10,A01
201900002512,1,31,,0,2,1,17,B01
201900002513,1,7,,0,2,6,11,A01
201900002513,3,32,,0,2,2,1,B01
201900002514,1,34,,8,2,2,18,A01
201900002514,1,7,,0,2,7,22,B01
201900002515,1,7,,0,2,5,14,A01
201900002515,1,30,,0,2,8,1,B01
201900002516,1,30,,0,0,1,1,A01
201900002517,2,32,,0,1,2,1,A01
201900002518,2,7,,0,2,3,16,B01
201900002518,2,1,,0,2,2,1,A01
201900002519,2,30,,1,0,2,9,A01
201900002520,1,0,,0,2,0,26,A01
201900002521,2,31,,0,2,1,1,B01
201900002521,3,7,,0,2,2,0,Z01
201900002522,1,7,,0,1,1,1,A01
201900002523,2,7,,0,2,4,26,B01
201900002523,2,32,,0,2,1,2,A01
201900002524,3,7,,0,1,1,1,A01
201900002525,1,7,,0,0,1,1,A01
201900002526,1,7,,13,0,3,13,A01
201900002527,2,2,,0,2,2,17,B01
201900002527,2,7,,0,2,1,10,A01
201900002528,0,10,,0,0,6,15,B01
201900002528,0,31,,0,2,1,1,A01
201900002529,1,7,,2,0,3,13,A01
201900002530,2,7,,4,0,2,1,A01
201900002531,1,14,,3,0,7,14,A01
201900002532,0,7,,0,2,3,1,A01
201900002532,0,21,,0,2,3,1,B01
201900002533,1,7,,0,2,2,1,A01
201900002533,1,15,,0,0,6,1,B01
201900002534,2,7,,12,1,3,5,A01
201900002535,2,15,,0,2,3,13,A01
201900002535,1,17,,0,2,3,1,B01
201900002536,2,7,,13,0,1,1,A01
201900002537,3,7,,0,9,2,1,A01
201900002538,1,7,,0,1,2,1,A01
201900002539,1,15,,0,2,3,1,B01
201900002539,2,7,,0,2,3,1,A01
201900002540,2,7,,0,2,3,2,B01
201900002540,2,7,,14,2,3,6,A01
201900002541,3,33,,5,2,3,1,C01
201900002541,3,7,,0,2,2,1,B01
201900002541,3,7,,0,0,7,15,A01
201900002542,2,7,,0,9,3,9,A01
201900002542,2,1,,0,0,7,1,B01
201900002543,1,2,,1,0,1,1,A01
201900002543,1,10,,0,0,5,23,B01
201900002544,1,7,,2,0,1,1,A01
201900002545,0,7,,0,2,1,1,B01
201900002545,0,7,,0,2,1,26,A01
201900002546,2,2,,0,2,1,1,C01
201900002546,1,7,,0,2,3,1,B01
201900002546,1,7,,0,2,3,17,A01
201900002547,0,10,,0,2,8,17,A01
201900002547,0,31,,0,2,7,17,B01
201900002548,0,7,,0,1,3,1,A01
201900002549,1,33,,0,2,1,26,B01
201900002549,0,34,,0,2,3,19,A01
201900002550,1,7,,0,2,8,15,B01
201900002550,2,7,,0,2,1,1,A01
201900002551,2,7,,0,0,3,14,A01
201900002552,2,7,,13,0,1,1,A01
201900002553,1,7,,0,0,0,1,A01
201900002554,3,10,,0,1,3,16,A01
201900002555,1,15,,7,0,1,1,A01
201900002556,1,7,,8,0,3,0,A01
201900002557,2,7,,13,0,9,1,A01
201900002558,3,2,,0,2,1,1,B01
201900002558,3,7,,0,2,3,1,A01
201900002559,1,7,,0,2,2,1,B01
201900002559,2,7,,0,2,2,1,A01
201900002560,2,7,,0,2,3,15,B01
201900002560,1,7,,0,2,3,1,A01
201900002561,3,33,,0,0,1,1,A01
201900002562,1,7,,2,0,3,14,A01
201900002563,2,7,,0,2,8,0,B01
201900002563,1,1,,0,2,1,19,A01
201900002564,3,2,,0,0,1,0,A01
201900002565,1,7,,0,2,3,1,A01
201900002565,2,7,,0,2,3,1,B01
201900002566,2,1,,1,0,1,1,A01
201900002566,2,15,,0,0,0,23,B01
201900002567,3,1,,0,2,8,16,A01
201900002567,1,7,,0,2,2,1,B01
201900002568,2,7,,0,2,2,23,B01
201900002568,1,7,,0,2,3,13,A01
201900002569,1,7,,0,2,4,26,A01
201900002569,1,7,,0,2,1,1,B01
201900002570,1,7,,0,2,1,1,A01
201900002570,1,7,,0,2,4,1,B01
201900002571,1,10,,0,2,1,1,A01
201900002571,1,7,,0,2,6,1,B01
201900002572,1,7,,0,2,4,2,B01
201900002572,1,7,,0,2,4,2,C01
201900002572,1,7,,0,2,2,2,A01
201900002573,2,7,,0,2,4,12,A01
201900002573,2,33,,0,2,1,3,B01
201900002574,1,33,,4,0,8,1,A01
201900002575,2,7,,0,2,8,11,B01
201900002575,2,15,,0,2,7,14,A01
201900002576,1,33,,0,2,3,3,A01
201900002576,1,7,,0,2,2,12,B01
201900002577,3,7,,0,1,0,1,O01
201900002578,2,7,,0,1,7,1,A01
201900002579,3,1,,0,2,2,19,B01
201900002579,3,7,,0,2,3,2,A01
201900002580,1,7,,0,2,4,2,B01
201900002580,1,7,,0,2,1,2,A01
201900002581,3,7,,0,1,6,20,A01
201900002582,0,7,,0,2,1,2,A01
201900002582,0,7,,0,0,4,1,B01
201900002583,3,7,,0,1,4,20,A01
201900002584,1,2,,0,0,0,1,A01
201900002585,1,7,,0,2,9,2,B01
201900002585,1,7,,0,2,4,2,C01
201900002585,1,7,,0,2,1,2,A01
201900002586,3,7,,0,1,1,15,A01
201900002587,3,7,,0,2,5,1,A01
201900002587,3,10,,0,2,1,1,B01
201900002588,2,7,,0,2,4,2,D01
201900002588,2,7,,0,2,4,2,C01
201900002588,2,7,,0,2,4,2,B01
201900002588,2,7,,0,2,1,2,A01
201900002589,1,33,,0,2,2,12,A01
201900002589,1,7,,0,2,3,1,B01
201900002590,2,7,,3,0,0,26,A01
201900002591,0,7,,16,0,0,17,A01
201900002592,0,30,,0,2,1,16,B01
201900002592,0,10,,0,2,3,15,A01
201900002593,1,0,,5,6,0,26,A01
201900002594,1,7,,14,2,3,9,A01
201900002594,1,32,,0,2,3,1,B01
201900002595,2,33,,0,1,1,1,A01
201900002596,2,30,,0,1,7,0,A01
201900002597,2,7,,0,2,2,1,A01
201900002597,2,7,,0,2,3,1,B01
201900002598,1,7,,0,2,1,17,A01
201900002598,2,30,,0,2,1,1,B01
201900002599,2,7,,0,2,1,21,A01
201900002599,2,7,,0,2,4,2,C01
201900002599,2,7,,0,2,4,2,D01
201900002599,2,7,,0,2,4,2,B01
201900002600,1,33,,0,2,1,17,B01
201900002600,2,33,,0,2,1,1,A01
201900002601,1,7,,0,1,1,0,A01
201900002602,1,7,,0,1,1,26,A01
201900002603,3,7,,0,2,4,23,B01
201900002603,3,7,,1,0,1,2,A01
201900002604,1,30,,0,2,1,18,A01
201900002604,1,7,,0,2,7,0,B01
201900002605,1,7,,0,1,0,1,A01
201900002606,1,7,,0,2,2,1,B01
201900002606,1,7,,0,2,1,1,A01
201900002607,2,34,,0,2,1,18,A01
201900002607,2,7,,0,2,2,16,B01
201900002608,2,7,,0,2,1,1,A01
201900002608,1,7,,0,2,8,1,B01
201900002609,1,7,,0,2,2,1,A01
201900002609,1,7,,0,2,1,1,B01
201900002610,1,7,,0,2,4,2,B01
201900002610,1,7,,0,2,4,1,D01
201900002610,1,7,,0,2,4,2,C01
201900002610,1,7,,0,2,1,2,A01
201900002611,1,7,,0,1,2,16,A01
201900002612,3,99,,8,0,1,0,A01
201900002613,2,7,,0,1,2,1,A01
201900002614,1,7,,1,0,4,23,B01
201900002614,1,7,,0,2,1,1,A01
201900002615,1,7,,0,1,2,1,A01
201900002616,1,10,,0,1,3,15,A01
201900002617,2,7,,0,1,2,1,A01
201900002618,1,7,,0,2,1,0,A01
201900002618,2,1,,0,2,0,0,B01
201900002619,2,7,,0,2,4,2,A01
201900002619,2,7,,0,2,1,1,B01
201900002620,3,7,,0,2,4,23,B01
201900002620,3,7,,0,2,1,26,A01
201900002621,0,7,,0,2,4,23,B01
201900002621,0,7,,1,0,1,2,A01
201900002622,3,34,,0,0,0,23,A01
201900002623,0,7,,0,2,8,26,B01
201900002623,1,31,,0,2,7,26,A01
201900002624,0,32,,0,2,3,13,A01
201900002624,3,7,,0,2,3,1,B01
201900002625,3,30,,0,2,1,16,A01
201900002625,3,30,,0,0,4,2,B01
201900002626,1,7,,4,0,1,0,A01
201900002627,2,7,,0,1,2,1,A01
201900002628,1,1,,0,2,4,1,B01
201900002628,1,7,,0,2,1,1,A01
201900002629,2,7,,0,2,2,19,A01
201900002629,1,32,,0,2,7,1,B01
201900002630,1,7,,0,2,3,2,C01
201900002630,1,7,,0,2,6,2,B01
201900002630,0,7,,0,2,1,19,A01
201900002631,1,7,,0,2,4,2,D01
201900002631,1,7,,0,2,6,2,C01
201900002631,1,7,,0,2,4,2,B01
201900002631,1,7,,0,2,1,2,A01
201900002632,2,33,,0,2,8,1,A01
201900002632,2,7,,0,2,7,16,B01
201900002633,2,34,,0,2,1,26,B01
201900002633,2,33,,0,2,1,13,A01
201900002634,1,30,,0,2,1,2,A01
201900002634,1,7,,0,2,4,21,B01
201900002634,1,10,,0,2,1,0,Z01
201900002635,1,7,,0,2,7,17,B01
201900002635,1,15,,0,2,8,11,A01
201900002636,3,7,,0,2,3,15,B01
201900002636,3,33,,0,2,1,2,A01
201900002637,1,7,,0,2,4,2,C01
201900002637,2,7,,0,2,4,2,B01
201900002637,2,7,,0,2,1,2,A01
201900002638,0,7,,0,0,7,1,A01
201900002639,2,33,,0,0,8,21,A01
201900002640,2,7,,0,1,1,1,A01
201900002640,-1,0,,-1,-1,-1,-1,A01
201900002641,1,10,,0,2,5,1,C01
201900002641,1,37,1.0,0,2,6,1,B01
201900002641,1,33,,0,2,1,3,A01
201900002642,1,1,,0,2,1,2,A01
201900002642,1,10,,0,2,4,2,B01
201900002643,1,7,,0,2,4,23,B01
201900002643,1,7,,0,2,1,2,A01
201900002644,2,7,,2,2,6,1,B01
201900002644,1,7,,0,2,1,9,A01
201900002645,1,7,,0,1,1,1,A01
201900002646,0,7,,0,1,1,1,A01
201900002647,1,7,,0,1,1,1,A01
201900002648,2,7,,0,2,1,17,A01
201900002648,2,7,,0,2,3,15,B01
201900002649,2,7,,0,2,1,15,A01
201900002649,1,7,,0,2,8,1,B01
201900002650,2,33,,0,2,8,3,A01
201900002650,2,7,,0,2,5,12,Z01
201900002651,2,7,,3,0,2,14,A01
201900002652,1,30,,0,2,4,1,A01
201900002652,0,30,,0,2,1,1,B01
201900002652,1,30,,0,2,1,1,C01
201900002653,3,7,,6,0,1,13,A01
201900002654,2,7,,0,1,7,1,A01
201900002655,1,10,,0,2,8,1,A01
201900002655,1,7,,0,2,1,1,B01
201900002656,3,7,,0,1,1,1,A01
201900002657,1,7,,0,2,5,1,A01
201900002657,2,2,,0,2,1,1,B01
201900002658,2,32,,0,2,3,1,B01
201900002658,1,10,,0,2,1,15,A01
201900002659,1,7,,0,2,4,2,B01
201900002659,3,7,,0,2,1,2,A01
201900002660,2,10,,0,2,1,1,A01
201900002660,2,7,,0,2,4,1,B01
201900002660,2,7,,0,2,4,1,C01
201900002661,1,10,,0,2,3,1,A01
201900002661,1,7,,0,2,1,1,B01
201900002661,1,7,,0,2,4,1,C01
201900002662,1,30,,0,1,1,17,A01
201900002663,2,33,,0,0,0,14,A01
201900002664,0,10,,0,1,3,1,A01
201900002665,2,7,,0,2,7,1,B01
201900002665,2,99,,0,2,1,19,Z01
201900002666,1,7,,1,0,2,0,B01
201900002666,1,7,,1,0,1,13,A01
201900002667,3,7,,0,1,1,26,A01
201900002668,1,7,,0,1,3,15,A01
201900002669,1,7,,0,2,2,1,B01
201900002669,1,7,,0,2,1,9,A01
201900002670,1,7,,0,1,2,1,A01
201900002671,0,1,,0,0,1,15,A01
201900002672,3,7,,0,2,1,1,B01
201900002672,3,7,,0,2,8,16,A01
201900002673,1,7,,0,0,0,26,A01
201900002674,3,20,,0,1,2,15,A01
201900002675,2,31,,0,2,1,2,A01
201900002675,2,7,,0,2,6,1,B01
201900002676,3,10,,0,2,8,1,B01
201900002676,3,1,,0,2,1,16,A01
201900002677,0,30,,0,0,8,1,A01
201900002678,1,7,,0,1,1,1,A01
201900002679,2,38,1.0,1,1,8,21,A01
201900002680,1,7,,0,1,2,1,B01
201900002680,2,1,,0,2,1,15,A01
201900002681,2,7,,0,2,4,2,C01
201900002681,2,7,,0,2,4,2,B01
201900002681,2,10,,0,2,1,2,A01
201900002682,1,7,,0,2,1,1,B01
201900002682,1,7,,0,2,6,9,A01
201900002683,1,1,,0,2,0,1,B01
201900002683,1,7,,0,1,0,0,A01
201900002684,0,32,,0,2,2,17,A01
201900002684,0,7,,0,2,8,15,B01
201900002685,1,30,,0,2,5,1,B01
201900002685,1,7,,0,2,3,13,A01
201900002686,1,30,,0,2,1,15,A01
201900002686,2,7,,0,2,1,1,B01
201900002687,2,7,,12,0,1,13,A01
201900002687,2,7,,0,0,0,11,Z01
201900002688,0,7,,1,0,3,1,A01
201900002689,2,7,,0,2,3,15,A01
201900002689,1,32,,0,2,6,18,B01
201900002690,2,33,,0,2,8,1,B01
201900002690,1,7,,0,2,1,15,A01
201900002691,2,7,,0,2,1,1,E01
201900002691,2,7,,0,2,3,1,D01
201900002691,2,14,,0,2,8,1,C01
201900002691,2,7,,0,2,3,0,B01
201900002691,1,7,,0,2,9,17,A01
201900002692,3,30,,0,0,7,18,A01
201900002693,1,7,,0,2,6,9,A01
201900002693,1,33,,0,2,1,1,B01
201900002694,1,30,,0,2,3,18,A01
201900002694,1,7,,0,2,2,1,B01
201900002695,3,7,,0,2,0,0,B01
201900002695,3,7,,0,2,0,0,A01
201900002696,2,7,,0,2,0,0,Z01
201900002696,1,7,,0,2,0,0,A01
201900002697,2,2,,0,2,1,2,A01
201900002697,2,7,,0,2,4,2,B01
201900002698,2,7,,0,2,1,26,A01
201900002698,2,7,,0,2,4,26,B01
201900002699,2,7,,0,2,5,1,B01
201900002699,2,33,,0,2,1,3,A01
201900002700,1,7,,0,2,4,1,D01
201900002700,1,7,,0,2,1,1,C01
201900002700,1,7,,0,2,1,1,B01
201900002700,1,7,,0,2,1,1,A01
201900002701,2,7,,10,0,1,2,A01
201900002702,2,7,,3,0,2,2,A01
201900002703,2,7,,0,2,6,1,B01
201900002703,2,15,,0,2,2,12,A01
201900002704,2,7,,0,2,5,0,B01
201900002704,2,31,,0,2,3,0,A01
201900002705,2,10,,4,0,3,2,A01
201900002706,2,7,,0,2,4,1,B01