Num_Acc,senc,catv,occutc,obs,obsm,choc,manv,num_veh
201900002706,2,10,,0,2,1,1,A01
201900002707,2,33,,0,0,8,21,A01
201900002708,1,10,,0,2,4,1,C01
201900002708,1,7,,0,2,5,1,B01
201900002708,1,7,,3,2,1,0,A01
201900002709,2,33,,0,2,1,3,A01
201900002709,2,7,,0,2,4,11,B01
201900002710,1,31,,0,2,1,3,A01
201900002710,1,7,,0,2,5,1,B01
201900002711,1,31,,0,2,7,1,B01
201900002711,1,7,,0,2,8,11,A01
201900002712,2,10,,0,2,1,2,A01
201900002712,2,10,,0,2,4,23,B01
201900002713,2,14,,3,0,7,0,A01
201900002714,1,7,,0,2,1,1,A01
201900002714,1,7,,0,2,4,1,B01
201900002715,2,10,,0,2,1,2,A01
201900002715,2,10,,0,2,4,2,B01
201900002716,1,15,,4,0,0,1,A01
201900002717,1,32,,3,0,1,26,A01
201900002718,2,33,,0,0,3,26,A01
201900002719,1,7,,0,2,5,0,C01
201900002719,1,7,,0,2,6,2,B01
201900002719,1,7,,3,2,1,17,A01
201900002720,2,7,,0,2,5,0,D01
201900002720,2,10,,0,2,4,1,B01
201900002720,2,7,,0,2,5,0,C01
201900002720,2,7,,0,2,1,26,A01
201900002721,1,7,,0,2,4,1,B01
201900002721,1,7,,0,2,1,2,A01
201900002722,1,10,,0,2,4,2,B01
201900002722,1,7,,0,2,4,2,C01
201900002722,1,7,,0,2,1,2,A01
201900002723,1,7,,4,0,0,0,A01
201900002723,1,7,,0,2,1,2,B01
201900002723,1,10,,0,2,1,1,C01
201900002724,2,7,,6,0,0,0,A01
201900002725,1,7,,4,2,1,14,B01
201900002725,1,7,,4,2,4,1,A01
201900002726,2,7,,0,2,1,1,A01
201900002726,2,7,,0,2,4,1,B01
201900002727,1,10,,0,2,8,1,A01
201900002728,2,7,,0,2,3,11,B01
201900002728,2,33,,0,2,1,3,A01
201900002729,2,7,,6,0,1,1,A01
201900002730,1,10,,0,2,8,2,C01
201900002730,1,7,,4,2,4,2,B01
201900002730,1,7,,0,2,1,2,Z01
201900002731,1,33,,3,2,2,3,A01
201900002731,1,10,,0,2,2,1,B01
201900002732,1,7,,0,2,6,2,B01
201900002732,1,14,,0,2,2,14,A01
201900002733,1,10,,0,2,2,14,A01
201900002733,1,15,,0,2,3,13,B01
201900002733,1,10,,0,2,1,1,C01
201900002734,2,7,,4,0,0,1,A01
201900002735,2,7,,0,2,7,17,A01
201900002735,2,31,,0,2,8,1,B01
201900002736,1,7,,0,2,5,2,B01
201900002736,1,7,,0,2,3,12,A01
201900002737,2,7,,0,2,4,23,B01
201900002737,2,7,,1,0,1,1,A01
201900002738,1,7,,14,0,2,21,C01
201900002738,1,7,,0,2,5,11,B01
201900002738,1,7,,0,2,3,13,A01
201900002739,1,7,,0,2,4,2,B01
201900002739,1,7,,0,2,1,2,A01
201900002740,1,7,,0,2,2,14,A01
201900002740,1,10,,0,2,8,1,B01
201900002741,1,43,,0,2,0,1,A01
201900002741,1,7,,0,2,0,11,Z01
201900002742,2,7,,0,2,4,23,D01
201900002742,2,7,,0,2,4,23,B01
201900002742,2,10,,0,2,4,23,C01
201900002742,2,15,,1,0,1,2,A01
201900002743,2,7,,4,0,5,0,A01
201900002744,1,7,,0,0,9,21,A01
201900002745,1,7,,4,0,3,13,A01
201900002746,1,7,,0,2,1,2,A01
201900002746,1,7,,0,2,4,2,B01
201900002747,1,33,,0,0,9,3,A01
201900002748,2,7,,0,2,8,11,Z01
201900002748,2,33,,0,2,7,3,A01
201900002749,2,33,,0,2,7,3,A01
201900002749,2,7,,0,2,8,11,B01
201900002750,1,7,,14,0,2,1,C01
201900002750,1,7,,0,2,4,23,B01
201900002750,1,7,,1,0,1,1,A01
201900002751,2,32,,0,2,3,3,B01
201900002751,2,7,,0,2,2,12,A01
201900002752,2,7,,0,2,4,2,B01
201900002752,2,7,,0,2,4,2,C01
201900002752,2,7,,0,2,1,2,A01
201900002753,2,10,,0,2,8,11,A01
201900002753,2,33,,0,2,2,1,B01
201900002754,2,7,,0,2,4,2,B01
201900002754,2,14,,0,2,4,2,C01
201900002754,2,17,,0,2,1,2,A01
201900002755,2,17,,0,1,1,1,A01
201900002756,1,7,,4,0,1,1,A01
201900002757,1,33,,0,2,2,1,B01
201900002757,1,7,,0,2,6,11,A01
201900002758,1,7,,0,2,4,2,C01
201900002758,1,10,,0,2,4,2,B01
201900002758,1,7,,0,2,1,11,A01
201900002759,2,33,,14,0,1,1,A01
201900002760,2,17,,3,0,1,14,A01
201900002761,2,43,,0,0,9,1,A01
201900002762,2,7,,4,2,4,2,B01
201900002762,2,7,,0,2,1,2,A01
201900002763,1,7,,0,2,3,1,B01
201900002763,1,7,,0,2,5,1,C01
201900002763,1,33,,0,2,2,3,A01
201900002764,2,7,,0,2,4,0,A01
201900002764,2,17,,0,2,1,0,B01
201900002765,1,7,,0,2,3,18,A01
201900002765,1,7,,0,2,4,2,C01
201900002765,1,7,,0,2,4,2,D01
201900002765,1,7,,3,2,5,2,B01
201900002766,1,7,,0,2,2,1,A01
201900002766,1,7,,0,2,6,11,B01
201900002767,1,7,,0,2,4,2,B01
201900002767,1,7,,0,2,1,2,A01
201900002768,2,7,,1,0,2,1,A01
201900002768,2,7,,0,2,4,23,B01
201900002769,1,7,,4,0,1,1,A01
201900002770,1,7,,0,2,7,1,B01
201900002770,1,7,,0,2,8,14,A01
201900002771,2,7,,0,2,4,1,B01
201900002771,2,33,,0,2,1,3,A01
201900002772,-1,7,,-1,-1,-1,-1,C01
201900002772,-1,7,,-1,-1,-1,-1,D01
201900002773,1,7,,0,2,3,1,B01
201900002773,1,7,,0,2,1,1,C01
201900002773,1,7,,0,2,2,12,A01
201900002774,1,33,,0,0,9,1,A01
201900002775,2,33,,0,2,3,3,B01
201900002775,2,7,,0,2,5,12,A01
201900002776,2,7,,0,2,1,9,A01
201900002776,2,7,,0,2,4,2,C01
201900002776,2,7,,0,2,4,2,B01
201900002777,2,14,,0,2,7,0,A01
201900002777,2,7,,0,2,8,0,B01
201900002778,2,17,,0,2,3,2,A01
201900002778,2,7,,0,2,7,2,C01
201900002778,2,17,,0,2,4,2,E01
201900002778,2,10,,0,2,2,2,B01
201900002778,2,7,,0,2,4,2,D01
201900002779,1,7,,4,0,1,21,A01
201900002780,1,7,,0,2,1,2,A01
201900002780,1,17,,0,2,4,2,C01
201900002780,1,7,,0,2,4,2,B01
201900002781,2,7,,3,0,1,14,A01
201900002782,2,33,,0,2,3,3,A01
201900002782,2,7,,0,2,5,12,B01
201900002783,2,7,,4,0,3,1,A01
201900002784,2,43,,0,2,8,12,A01
201900002784,2,7,,0,2,0,12,Z01
201900002785,1,14,,0,2,1,2,Z01
201900002785,1,7,,0,2,4,2,B01
201900002786,1,15,,0,2,4,1,Z01
201900002786,1,7,,0,2,1,24,A01
201900002787,1,7,,0,2,4,1,B01
201900002787,1,7,,0,2,5,1,C01
201900002787,1,33,,0,2,8,3,A01
201900002788,1,7,,0,2,6,1,A01
201900002788,1,33,,0,2,2,3,B01
201900002789,2,33,,0,2,8,3,A01
201900002789,2,7,,0,2,3,1,C01
201900002789,2,7,,0,2,4,1,B01
201900002790,2,17,,1,0,2,2,A01
201900002790,2,14,,0,2,4,23,B01
201900002791,1,7,,0,2,1,2,A01
201900002791,1,7,,0,2,4,2,B01
201900002792,2,7,,0,2,4,2,D01
201900002792,2,10,,0,2,5,2,B01
201900002792,2,7,,0,2,1,2,C01
201900002792,2,33,,0,2,1,2,A01
201900002793,1,33,,0,2,1,12,A01
201900002793,1,7,,0,2,4,1,B01
201900002794,2,7,,4,0,3,13,A01
201900002795,1,7,,0,2,0,12,Z01
201900002795,1,31,,0,2,8,3,A01
201900002796,1,7,,0,2,1,12,A01
201900002796,1,7,,0,2,4,1,B01
201900002797,1,7,,0,1,2,26,Z01
201900002798,2,7,,3,2,1,14,A01
201900002799,2,7,,0,2,4,2,B01
201900002799,2,7,,0,2,4,2,C01
201900002799,2,7,,0,2,1,2,A01
201900002800,2,33,,4,0,1,14,A01
201900002801,2,7,,4,0,3,13,A01
201900002802,2,7,,4,0,1,1,A01
201900002803,2,7,,13,0,1,14,A01
201900002804,1,7,,0,6,2,21,A01
201900002805,1,7,,0,2,1,2,A01
201900002805,1,7,,0,2,4,2,C01
201900002805,1,7,,0,2,4,2,B01
201900002805,1,7,,0,2,4,2,D01
201900002806,1,43,,4,0,1,13,A01
201900002807,2,15,,0,2,1,12,A01
201900002807,2,7,,0,2,6,1,B01
201900002808,2,14,,0,2,2,2,A01
201900002808,2,7,,0,2,4,2,C01
201900002808,2,7,,4,2,6,2,B01
201900002809,1,7,,4,0,2,14,A01
201900002810,1,33,,0,2,2,3,B01
201900002810,1,7,,0,2,3,11,A01
201900002811,2,15,,0,2,2,12,A01
201900002811,2,7,,0,2,8,2,B01
201900002812,2,43,,0,2,1,1,A01
201900002812,2,7,,0,2,5,12,B01
201900002813,2,7,,4,0,3,1,A01
201900002814,2,33,,0,0,9,3,A01
201900002815,2,7,,0,2,4,2,B01
201900002815,2,15,,0,2,1,1,A01
201900002816,2,7,,0,2,8,11,A01
201900002816,2,32,,0,2,7,1,B01
201900002817,1,7,,3,2,1,1,B01
201900002817,1,7,,3,2,5,1,A01
201900002818,2,7,,4,0,3,13,A01
201900002819,1,7,,0,2,4,12,Z01
201900002819,1,7,,0,2,1,2,E01
201900002819,1,15,,0,2,1,2,D01
201900002819,1,7,,0,2,1,2,C01
201900002819,1,7,,0,2,1,2,B01
201900002819,1,7,,0,2,3,1,A01
201900002820,1,7,,0,2,5,2,B01
201900002820,1,17,,0,2,6,11,C01
201900002820,1,10,,0,2,3,2,A01
201900002821,2,7,,4,0,3,0,A01
201900002822,2,7,,4,0,1,1,A01
201900002823,2,7,,1,2,5,14,B01
201900002823,2,10,,0,2,3,23,C01
201900002823,2,7,,4,2,1,13,A01
201900002824,2,7,,0,2,3,13,A01
201900002824,2,7,,4,2,7,1,B01
201900002825,2,7,,4,0,2,14,A01
201900002826,1,7,,4,0,1,13,A01
201900002827,2,7,,0,2,1,11,A01
201900002827,2,7,,0,2,2,2,B01
201900002828,1,7,,4,0,1,14,A01
201900002829,2,7,,4,0,1,1,A01
201900002830,1,7,,0,2,3,1,B01
201900002830,1,7,,0,2,2,17,A01
201900002831,2,7,,4,0,4,1,A01
201900002832,1,7,,0,2,1,5,A01
201900002832,2,7,,0,2,1,21,B01
201900002833,2,33,,0,0,9,0,A01
201900002834,1,33,,0,2,1,3,A01
201900002834,1,7,,0,2,4,11,B01
201900002835,2,33,,0,2,7,3,B01
201900002835,2,7,,0,2,8,11,A01
201900002836,1,7,,0,2,1,9,A01
201900002836,1,7,,0,2,4,9,B01
201900002837,1,33,,0,2,1,1,B01
201900002837,1,10,,0,2,4,2,A01
201900002838,1,7,,0,2,7,12,A01
201900002838,1,14,,0,2,6,11,B01
201900002839,2,10,,0,2,6,2,B01
201900002839,2,7,,0,2,1,1,A01
201900002840,1,34,,0,2,3,3,B01
201900002840,1,7,,0,2,8,1,C01
201900002840,1,10,,0,2,2,12,A01
201900002841,1,10,,0,2,1,2,A01
201900002841,1,15,,0,2,4,2,C01
201900002841,1,7,,0,2,4,2,B01
201900002842,2,7,,4,0,8,13,A01
201900002843,1,7,,0,2,4,2,B01
201900002843,1,7,,0,2,4,2,C01
201900002843,1,7,,0,2,1,2,A01
201900002844,2,7,,0,2,1,2,A01
201900002844,2,7,,0,2,4,2,B01
201900002845,2,7,,0,0,0,1,A01
201900002846,1,10,,0,2,1,0,Z01
201900002846,1,10,,0,2,4,0,A01
201900002847,2,7,,4,0,1,14,A01
201900002848,1,7,,0,2,4,0,B01
201900002848,1,7,,3,0,1,23,A01
201900002848,1,7,,0,2,4,0,E01
201900002848,2,10,,0,1,1,1,G01
201900002848,1,7,,0,2,8,0,C01
201900002848,1,7,,0,2,1,0,D01
201900002848,2,7,,0,1,1,1,F01
201900002849,1,7,,4,0,2,2,A01
201900002850,2,7,,0,2,1,14,A01
201900002850,2,7,,3,2,8,1,B01
201900002851,1,7,,0,2,5,23,A01
201900002851,1,7,,1,0,3,1,B01
201900002852,2,7,,4,0,1,13,A01
201900002853,1,7,,14,0,0,21,B01
201900002853,1,10,,0,0,0,1,A01
201900002854,1,33,,0,2,3,3,A01
201900002854,1,7,,0,2,3,1,C01
201900002854,1,7,,0,2,7,12,B01
201900002855,2,7,,0,0,9,1,A01
201900002856,2,7,,4,0,1,21,A01
201900002857,2,14,,3,0,1,1,A01
201900002858,2,7,,0,2,1,2,A01
201900002858,2,7,,0,2,4,2,C01
201900002858,2,7,,0,2,4,2,B01
201900002859,1,7,,0,2,2,2,B01
201900002859,1,7,,0,2,1,1,A01
201900002860,1,7,,4,0,1,1,A01
201900002861,2,7,,0,2,4,2,A01
201900002861,2,7,,0,2,1,2,B01
201900002862,1,7,,0,2,3,1,B01
201900002862,1,14,,0,2,2,12,A01
201900002863,1,33,,0,2,1,1,A01
201900002863,1,31,,0,2,4,1,C01
201900002863,1,33,,0,2,4,1,B01
201900002864,2,7,,0,2,4,1,B01
201900002864,2,10,,0,2,1,9,A01
201900002865,2,33,,0,2,1,2,A01
201900002865,2,7,,0,2,4,2,C01
201900002865,2,7,,0,2,4,2,B01
201900002866,1,32,,0,2,4,1,B01
201900002866,1,7,,0,2,2,12,A01
201900002867,1,7,,4,0,1,1,A01
201900002868,1,0,,0,2,6,2,Z01
201900002868,1,7,,0,2,2,1,A01
201900002869,1,10,,0,2,1,2,A01
201900002869,1,7,,0,2,4,2,B01
201900002870,2,7,,4,2,3,1,A01
201900002870,2,0,,0,2,5,12,Z01
201900002871,1,7,,0,2,4,1,C01
201900002871,1,34,,0,2,4,1,A01
201900002871,1,10,,0,2,1,11,B01
201900002872,2,7,,0,2,4,12,A01
201900002872,2,33,,0,2,1,3,B01
201900002873,2,16,,1,0,2,2,A01
201900002873,2,17,,1,0,0,0,B01
201900002874,1,33,,0,2,8,3,A01
201900002875,2,7,,0,2,4,2,A01
201900002875,2,33,,0,2,1,2,B01
201900002876,1,7,,4,2,1,1,B01
201900002876,1,7,,0,2,4,0,A01
201900002877,2,7,,0,2,3,1,B01
201900002877,2,7,,4,2,5,1,A01
201900002878,1,7,,0,2,4,2,B01
201900002878,1,7,,0,2,1,1,A01
201900002879,1,10,,0,2,2,11,B01
201900002879,1,33,,0,2,1,3,A01
201900002880,1,33,,0,2,3,3,A01
201900002880,1,7,,0,2,5,1,B01
201900002881,1,14,,0,2,1,2,B01
201900002881,1,7,,0,2,4,2,A01
201900002882,1,10,,0,2,3,21,B01
201900002882,1,7,,4,0,8,13,A01
201900002883,1,7,,0,2,7,12,A01
201900002883,1,31,,0,2,1,3,B01
201900002884,1,7,,0,2,4,1,C01
201900002884,1,10,,0,2,4,1,B01
201900002884,1,7,,0,1,1,1,A01
201900002884,1,7,,0,1,4,1,D01
201900002885,2,33,,0,2,1,2,A01
201900002885,2,7,,0,2,6,2,B01
201900002885,2,7,,0,2,7,1,C01
201900002886,2,7,,0,2,7,1,B01
201900002886,2,7,,0,2,8,11,A01
201900002887,1,7,,0,2,6,2,B01
201900002887,1,31,,0,2,2,3,A01
201900002888,1,7,,0,2,4,12,A01
201900002888,1,33,,0,2,1,1,B01
201900002889,2,7,,0,2,5,1,A01
201900002889,2,7,,0,2,8,2,B01
201900002890,1,7,,0,2,1,2,B01
201900002890,1,7,,0,2,4,2,A01
201900002891,1,33,,0,2,3,3,A01
201900002891,1,7,,0,2,7,12,B01
201900002892,3,31,,0,2,1,13,A01
201900002892,3,7,,0,2,1,1,B01
201900002893,2,7,,0,2,2,1,B01
201900002893,1,3,,0,2,1,13,A01
201900002894,3,7,,0,4,5,1,A01
201900002894,3,39,,0,2,1,1,B01
201900002894,3,7,,0,9,1,23,C01
201900002895,2,7,,0,2,2,1,B01
201900002895,0,7,,0,2,1,26,A01
201900002896,1,7,,13,0,3,17,A01
201900002897,2,7,,0,2,3,19,A01
201900002897,1,7,,0,2,1,1,B01
201900002898,0,7,,0,0,3,15,A01
201900002898,0,7,,0,0,3,1,B01
201900002898,0,7,,0,0,8,23,C01
201900002899,3,37,1.0,0,2,2,1,A01
201900002899,3,1,,0,2,3,11,B01
201900002900,1,7,,0,2,3,13,A01
201900002900,2,7,,0,2,3,1,B01
201900002900,2,7,,0,2,1,1,C01
201900002901,2,33,,0,2,1,1,B01
201900002901,2,10,,0,2,8,9,A01
201900002902,1,16,,0,0,1,1,A01
201900002902,2,10,,0,0,1,17,B01
201900002903,1,7,,3,2,1,1,C01
201900002903,1,7,,0,2,8,11,B01
201900002903,1,7,,3,2,4,2,A01
201900002904,1,0,,0,2,2,1,D01
201900002904,1,10,,0,2,1,1,C01
201900002905,1,7,,0,2,8,9,A01
201900002905,2,30,,0,2,1,1,B01
201900002906,3,7,,0,2,3,2,A01
201900002906,3,7,,0,2,5,2,B01
201900002907,2,7,,0,2,4,2,B01
201900002907,2,7,,0,2,1,2,A01
201900002908,1,7,,6,0,1,16,A01
201900002909,2,7,,0,2,2,1,A01
201900002909,2,7,,3,2,6,1,B01
201900002909,2,7,,0,2,5,1,C01
201900002910,2,7,,0,2,9,0,B01
201900002910,2,7,,3,2,9,0,C01
201900002910,2,17,,0,2,8,1,D01
201900002910,2,10,,0,2,4,1,E01
201900002910,2,7,,0,2,1,0,A01
201900002911,1,10,,4,0,0,0,A01
201900002912,2,7,,0,2,3,11,A01
201900002912,2,33,,0,2,7,3,B01
201900002912,2,7,,0,2,5,1,C01
201900002913,2,33,,0,2,8,3,B01
201900002913,2,7,,0,2,7,12,A01
201900002914,2,99,,0,2,1,0,D01
201900002914,2,7,,0,2,4,0,C01
201900002914,2,7,,0,2,4,0,B01
201900002914,2,7,,0,2,1,0,A01
201900002915,1,7,,0,2,1,12,A01
201900002915,1,7,,0,2,4,9,B01
201900002916,1,7,,0,2,5,1,C01
201900002916,1,32,,0,2,7,1,B01
201900002916,1,7,,0,2,3,11,A01
201900002917,1,33,,0,2,8,3,B01
201900002917,1,10,,0,2,2,12,A01
201900002918,2,7,,0,2,2,12,A01
201900002918,2,33,,0,2,1,3,B01
201900002918,2,7,,0,2,4,1,C01
201900002919,2,7,,0,2,8,1,B01
201900002919,2,17,,0,2,2,12,A01
201900002920,1,7,,0,2,1,11,A01
201900002920,1,7,,0,2,4,1,B01
201900002920,1,7,,0,2,4,1,C01
201900002921,1,33,,0,2,8,1,A01
201900002921,1,33,,0,2,7,14,B01
201900002922,2,7,,3,0,3,13,A01
201900002923,0,7,,0,0,0,4,A01
201900002924,1,7,,2,0,1,1,A01
201900002925,1,10,,0,2,1,1,A01
201900002925,1,7,,0,2,4,1,B01
201900002925,1,15,,0,0,4,1,C01
201900002926,0,7,,0,1,3,1,B01
201900002926,0,7,,0,2,2,2,A01
201900002927,2,33,,0,0,1,21,A01
201900002928,3,30,,0,0,7,1,A01
201900002929,3,2,,0,2,7,1,A01
201900002929,3,7,,0,2,3,1,B01
201900002930,2,34,,0,2,1,1,B01
201900002930,1,7,,0,2,2,15,A01
201900002931,2,34,,0,1,1,2,A01
201900002932,1,33,,0,2,1,1,A01
201900002932,1,7,,0,2,4,1,B01
201900002933,2,7,,0,1,4,4,A01
201900002934,2,7,,0,2,8,24,A01
201900002934,2,80,,1,0,1,1,B01
201900002935,2,7,,0,2,1,2,A01
201900002935,2,7,,0,2,4,2,B01
201900002936,2,7,,0,1,1,15,A01
201900002937,1,7,,0,2,7,11,A01
201900002937,1,7,,0,2,1,1,B01
201900002938,1,7,,0,2,1,18,A01
201900002938,2,10,,0,2,7,0,B01
201900002939,2,7,,0,2,3,2,A01
201900002939,2,7,,0,2,5,15,B01
201900002940,2,33,,16,0,1,1,A01
201900002941,3,7,,0,1,1,1,A01
201900002942,1,7,,12,1,2,13,A01
201900002943,1,7,,0,2,1,13,A01
201900002943,2,14,,0,2,1,1,B01
201900002944,0,33,,0,0,8,1,A01
201900002944,0,7,,0,2,1,19,B01
201900002945,2,33,,0,0,0,1,A01
201900002946,1,17,,0,0,4,2,B01
201900002946,1,7,,0,2,1,2,A01
201900002947,2,7,,4,0,1,17,A01
201900002948,0,7,,0,2,7,17,A01
201900002948,0,2,,0,2,6,1,B01
201900002949,2,7,,0,9,0,1,A01
201900002949,2,80,,0,2,8,1,B01
201900002950,2,33,,0,2,3,13,A01
201900002950,1,15,,0,2,3,14,B01
201900002951,2,7,,0,2,1,2,A01
201900002951,2,7,,0,2,4,2,B01
201900002951,2,7,,0,2,4,2,C01
201900002952,3,7,,0,0,0,0,A01
201900002953,1,31,,8,0,1,17,A01
201900002954,2,33,,11,0,1,1,A01
201900002955,3,7,,2,0,1,26,A01
201900002956,1,7,,0,2,2,15,A01
201900002956,1,7,,0,2,3,1,B01
201900002957,1,7,,0,2,1,1,C01
201900002957,1,37,2.0,0,2,1,1,B01
201900002957,2,7,,0,2,1,13,A01
201900002958,2,7,,0,2,2,15,A01
201900002958,1,33,,0,2,1,1,B01
201900002959,2,10,,0,1,3,15,A01
201900002960,1,1,,0,2,1,1,B01
201900002960,2,7,,0,2,5,15,A01
201900002961,1,1,,0,1,2,17,A01
201900002962,1,17,,0,2,2,1,B01
201900002962,3,7,,0,2,8,19,A01
201900002963,1,7,,0,2,1,15,A01
201900002963,1,7,,0,2,2,1,B01
201900002964,3,7,,0,2,3,1,B01
201900002964,0,7,,13,2,1,1,A01
201900002965,1,80,,0,2,6,15,A01
201900002965,2,7,,0,2,0,0,Z01
201900002966,3,7,,6,2,1,1,A01
201900002967,1,7,,0,1,3,1,A01
201900002968,0,7,,0,2,1,19,A01
201900002968,0,33,,0,2,1,1,B01
201900002969,1,7,,0,2,3,2,C01
201900002969,1,7,,0,2,6,2,B01
201900002969,1,7,,0,2,1,2,A01
201900002970,2,7,,0,1,3,1,A01
201900002971,1,7,,0,2,1,2,C01
201900002971,1,7,,0,2,1,2,B01
201900002971,1,7,,0,2,1,2,A01
201900002972,1,7,,0,2,2,1,B01
201900002972,2,7,,0,2,7,15,A01
201900002973,1,7,,0,2,1,2,A01
201900002973,1,7,,0,2,4,1,B01
201900002973,1,7,,0,2,4,1,C01
201900002974,2,33,,3,0,1,0,A01
201900002975,1,33,,0,6,1,0,A01
201900002976,1,30,,0,2,1,1,A01
201900002976,1,7,,0,2,4,1,B01
201900002977,1,33,,0,0,2,14,A01
201900002978,0,36,,8,0,5,1,A01
201900002979,1,2,,0,0,2,1,A01
201900002980,2,7,,0,0,2,1,B01
201900002980,1,7,,0,0,3,19,A01
201900002981,2,50,,0,2,1,5,A01
201900002981,1,7,,0,2,1,1,B01
201900002982,1,7,,0,0,2,1,A01
201900002983,1,33,,0,0,8,15,A01
201900002984,3,7,,0,1,1,1,A01
201900002985,1,7,,0,2,3,13,A01
201900002985,2,33,,0,2,8,14,B01
201900002985,2,7,,0,2,3,1,C01
201900002985,2,7,,0,2,3,1,D01
201900002986,2,7,,0,0,9,1,A01
201900002987,2,31,,0,0,0,15,A01
201900002988,3,1,,0,2,7,9,B01
201900002988,3,7,,0,2,1,26,A01
201900002989,2,7,,16,0,9,14,A01
201900002990,3,33,,0,0,7,26,A01
201900002991,2,2,,3,0,2,1,A01
201900002992,1,2,,12,0,1,0,A01
201900002992,2,1,,0,0,8,0,B01
201900002993,2,2,,0,2,1,1,B01
201900002993,1,14,,0,2,7,19,A01
201900002994,2,13,,0,2,0,2,A01
201900002994,2,1,,0,0,0,2,B01
201900002995,1,21,,0,2,3,1,B01
201900002995,2,10,,0,2,3,1,A01
201900002996,2,7,,0,2,3,15,A01
201900002996,1,17,,0,2,1,1,B01
201900002997,2,7,,17,0,2,0,A01
201900002998,1,2,,0,2,1,1,B01
201900002998,1,7,,0,2,6,15,A01
201900002999,1,21,,0,2,3,15,B01
201900002999,1,33,,0,2,1,17,A01
201900003000,1,7,,0,0,9,1,A01
201900003001,2,2,,0,0,0,0,A01
201900003002,2,7,,0,2,5,1,B01
201900003002,1,7,,0,2,1,9,A01
201900003003,3,33,,0,0,8,14,A01
201900003004,1,7,,0,1,1,1,A01
201900003005,2,2,,0,0,2,1,A01
201900003006,2,2,,0,2,1,5,A01
201900003006,1,2,,0,2,1,9,B01
201900003007,1,7,,0,2,0,1,A01
201900003007,1,7,,0,2,1,1,B01
201900003008,2,1,,0,2,1,2,A01
201900003008,2,7,,0,0,4,2,B01
201900003009,0,7,,0,0,8,0,B01
201900003009,3,7,,0,1,2,1,A01
201900003010,2,1,,13,0,2,21,B01
201900003010,1,7,,0,0,0,10,A01
201900003011,1,7,,0,2,2,1,B01
201900003011,1,7,,0,2,3,15,A01
201900003012,3,7,,6,0,1,1,A01
201900003013,3,1,,0,1,1,17,A01
201900003014,1,7,,0,2,1,1,B01
201900003014,2,7,,0,2,2,15,A01
201900003015,2,7,,0,1,3,1,A01
201900003016,1,7,,0,2,2,1,B01
201900003016,1,7,,0,2,1,5,A01
201900003017,3,7,,10,0,1,0,A01
201900003018,2,7,,0,2,1,17,A01
201900003018,2,2,,0,2,8,15,B01
201900003019,3,7,,0,2,1,12,A01
201900003019,3,7,,0,2,4,1,B01
201900003019,3,10,,0,2,0,0,C01
201900003020,3,7,,15,0,2,1,A01
201900003021,2,7,,0,2,3,15,A01
201900003021,2,33,,0,2,2,17,B01
201900003022,2,10,,0,1,2,15,A01
201900003023,1,7,,0,2,1,17,A01
201900003023,1,7,,0,2,1,1,B01
201900003023,2,10,,0,2,8,1,C01
201900003024,2,34,,0,2,1,1,A01
201900003024,2,7,,0,2,3,10,B01
201900003025,1,0,,0,1,0,0,A01
201900003026,2,7,,0,2,3,1,B01
201900003026,2,7,,2,2,3,1,A01
201900003027,1,7,,0,2,3,15,A01
201900003027,1,10,,0,2,7,1,B01
201900003028,1,7,,0,2,3,1,B01
201900003028,2,7,,0,2,1,13,A01
201900003029,1,7,,0,2,1,1,B01
201900003029,2,7,,0,2,1,5,A01
201900003030,1,7,,2,0,1,0,A01
201900003031,1,33,,0,2,1,1,A01
201900003031,1,7,,0,2,4,23,B01
201900003032,1,7,,6,0,1,0,A01
201900003033,2,38,1.0,0,2,3,1,B01
201900003033,1,7,,0,2,1,13,A01
201900003034,1,7,,13,0,9,1,A01
201900003035,1,33,,12,0,7,1,A01
201900003036,1,7,,0,9,2,15,A01
201900003036,2,1,,0,2,1,1,B01
201900003037,1,7,,13,0,2,14,A01
201900003038,2,7,,10,0,3,5,A01
201900003039,1,7,,0,2,1,13,A01
201900003039,2,7,,0,2,1,1,B01
201900003040,1,7,,0,2,8,1,C01
201900003040,1,7,,0,2,8,1,B01
201900003040,2,7,,0,2,8,13,A01
201900003041,3,1,,0,2,1,19,B01
201900003041,3,37,3.0,0,6,2,1,A01
201900003042,1,32,,2,0,1,1,A01
201900003043,1,7,,0,1,1,1,A01
201900003044,3,7,,0,2,1,1,A01
201900003044,3,7,,0,2,1,1,B01
201900003045,1,1,,0,2,4,1,B01
201900003045,1,7,,0,2,2,1,A01
201900003046,1,33,,3,0,3,13,A01
201900003047,3,7,,2,0,3,14,A01
201900003048,0,7,,6,0,1,1,A01
201900003049,1,7,,0,2,1,17,A01
201900003049,2,7,,0,2,2,1,B01
201900003049,1,7,,0,2,8,1,C01
201900003050,1,7,,0,2,1,1,B01
201900003050,2,7,,0,2,1,5,A01
201900003051,1,7,,8,0,3,17,A01
201900003052,1,33,,0,2,1,23,B01
201900003052,1,7,,0,2,3,13,A01
201900003053,0,7,,0,1,1,1,A01
201900003054,1,50,,0,0,0,1,B01
201900003054,1,7,,0,9,2,1,A01
201900003055,1,15,,0,0,7,1,A01
201900003056,0,7,,0,2,1,19,A01
201900003056,1,7,,0,2,3,23,B01
201900003056,1,20,,0,2,7,19,C01
201900003057,2,7,,0,2,1,1,B01
201900003057,1,7,,0,2,1,13,A01