Num_Acc,senc,catv,occutc,obs,obsm,choc,manv,num_veh
201900003058,2,31,,0,2,1,1,B01
201900003058,2,7,,0,2,8,15,A01
201900003059,1,7,,0,2,5,11,A01
201900003059,1,32,,0,2,8,1,B01
201900003060,3,30,,12,0,0,15,A01
201900003061,3,10,,0,2,1,1,B01
201900003061,3,7,,0,2,2,13,A01
201900003062,1,7,,13,0,1,14,A01
201900003063,3,7,,0,0,2,16,B01
201900003063,3,1,,0,2,1,19,Y01
201900003064,2,7,,3,2,1,11,A01
201900003064,2,15,,0,0,6,1,B01
201900003065,0,7,,0,1,2,1,A01
201900003066,1,7,,0,2,3,2,A01
201900003066,1,7,,0,2,5,26,B01
201900003067,1,7,,17,0,1,1,A01
201900003068,2,21,,0,2,3,1,A01
201900003068,1,7,,0,2,3,1,B01
201900003069,0,1,,0,2,1,16,B01
201900003069,0,7,,0,2,3,1,A01
201900003070,2,7,,0,0,1,1,B01
201900003070,2,7,,0,0,4,15,A01
201900003071,3,7,,0,2,2,15,A01
201900003071,3,2,,0,2,1,1,B01
201900003072,1,7,,13,0,8,1,A01
201900003073,3,7,,0,1,4,4,A01
201900003074,1,7,,6,0,3,21,A01
201900003075,0,7,,6,0,8,1,A01
201900003076,3,1,,0,2,1,19,A01
201900003076,2,7,,0,2,1,1,C01
201900003077,1,50,,0,0,4,1,B01
201900003077,1,7,,0,2,1,9,A01
201900003078,0,7,,0,2,2,1,B01
201900003078,0,7,,0,2,8,10,A01
201900003079,0,7,,0,0,1,26,B01
201900003079,3,3,,0,2,1,26,A01
201900003080,2,7,,0,2,8,15,A01
201900003080,1,7,,0,2,3,1,B01
201900003081,3,33,,0,2,1,16,B01
201900003081,3,7,,0,2,1,13,A01
201900003082,0,7,,0,2,1,1,A01
201900003082,0,7,,0,2,2,15,B01
201900003083,2,15,,0,2,1,1,B01
201900003083,1,7,,0,2,1,13,A01
201900003084,1,7,,0,1,2,1,A01
201900003085,3,7,,2,0,1,0,A01
201900003086,2,7,,0,1,8,1,A01
201900003087,1,34,,0,2,3,1,A01
201900003087,2,7,,0,2,2,21,B01
201900003088,2,1,,1,0,1,0,A01
201900003089,2,1,,13,0,0,0,A01
201900003090,2,10,,0,2,1,2,A01
201900003090,2,7,,0,2,4,2,B01
201900003090,2,7,,0,2,4,2,C01
201900003091,1,7,,15,1,1,20,A01
201900003092,1,7,,15,0,1,0,A01
201900003093,1,7,,0,2,2,11,A01
201900003093,2,33,,0,2,1,26,B01
201900003094,2,7,,0,2,2,1,B01
201900003094,2,7,,0,2,1,1,A01
201900003095,2,32,,0,2,3,11,A01
201900003095,2,32,,0,2,5,3,B01
201900003095,2,7,,0,2,2,2,C01
201900003095,2,10,,0,2,5,23,D01
201900003095,2,10,,0,2,7,23,E01
201900003095,2,10,,0,2,6,23,F01
201900003096,1,33,,0,2,1,2,B01
201900003096,1,7,,0,2,4,1,A01
201900003097,1,33,,13,0,4,1,B01
201900003097,1,7,,13,2,9,13,A01
201900003098,1,7,,0,2,3,1,A01
201900003098,2,7,,0,2,3,13,B01
201900003099,1,7,,3,2,2,17,A01
201900003099,1,7,,0,0,6,0,B01
201900003100,2,14,,1,0,1,2,B01
201900003100,2,15,,0,0,4,23,A01
201900003101,1,7,,0,0,0,1,A01
201900003102,1,7,,0,2,1,1,B01
201900003102,1,7,,0,2,3,7,A01
201900003103,2,7,,0,2,1,2,B01
201900003103,2,7,,0,2,4,2,A01
201900003104,2,33,,3,0,8,1,A01
201900003105,3,7,,0,2,2,1,A01
201900003105,3,7,,0,0,0,1,B01
201900003106,1,7,,0,2,1,1,B01
201900003106,2,2,,0,2,1,5,A01
201900003107,2,7,,0,2,2,21,A01
201900003107,3,2,,0,2,1,15,B01
201900003108,1,7,,2,0,3,13,A01
201900003109,2,7,,6,0,8,13,A01
201900003110,1,10,,0,2,1,1,B01
201900003110,2,7,,7,2,8,19,A01
201900003111,1,10,,0,2,3,11,A01
201900003111,1,43,,0,2,2,17,B01
201900003112,2,2,,0,2,1,5,A01
201900003112,1,17,,0,2,3,1,B01
201900003113,1,7,,0,2,7,14,A01
201900003113,1,7,,0,2,3,2,B01
201900003114,2,1,,0,2,8,13,B01
201900003114,2,1,,0,2,7,17,A01
201900003115,3,31,,16,0,1,17,A01
201900003116,2,15,,1,0,2,11,A01
201900003116,2,15,,0,0,4,23,B01
201900003117,2,2,,0,2,1,2,A01
201900003117,2,7,,0,2,6,23,B01
201900003118,1,7,,2,0,9,1,A01
201900003119,2,33,,0,2,1,1,B01
201900003119,1,7,,0,2,2,10,A01
201900003120,0,33,,15,0,3,0,A01
201900003121,1,7,,0,2,7,1,B01
201900003121,1,1,,0,2,9,1,C01
201900003121,1,10,,0,2,1,1,A01
201900003122,2,33,,0,0,7,1,A01
201900003123,3,7,,13,0,1,1,A01
201900003124,3,1,,0,0,0,0,A01
201900003125,2,14,,0,2,3,21,B01
201900003125,1,7,,0,2,3,13,A01
201900003126,1,7,,0,2,1,13,A01
201900003126,2,7,,0,2,1,1,B01
201900003127,1,7,,8,2,1,1,A01
201900003127,1,33,,0,2,8,1,B01
201900003128,3,7,,0,2,7,16,B01
201900003128,3,1,,0,2,1,18,A01
201900003129,2,20,,0,2,5,4,A01
201900003129,2,37,3.0,0,2,7,1,B01
201900003130,1,21,,2,9,1,12,A01
201900003131,1,10,,0,2,8,1,B01
201900003131,1,1,,0,2,1,26,A01
201900003132,3,33,,0,0,0,26,A01
201900003133,2,7,,0,1,3,15,A01
201900003134,0,7,,0,2,4,2,B01
201900003134,0,2,,0,2,1,2,A01
201900003135,1,7,,0,2,7,16,A01
201900003135,1,2,,0,2,8,18,B01
201900003136,1,7,,0,2,3,1,A01
201900003136,2,7,,0,2,3,1,B01
201900003137,2,15,,0,2,6,15,B01
201900003137,1,33,,0,2,1,1,A01
201900003138,1,7,,0,2,6,1,B01
201900003138,1,7,,0,2,2,14,A01
201900003139,1,33,,1,0,2,2,A01
201900003139,1,7,,1,0,8,26,B01
201900003139,1,7,,1,0,5,26,C01
201900003140,1,7,,0,2,4,2,B01
201900003140,1,33,,0,2,1,1,A01
201900003141,1,21,,6,0,2,1,A01
201900003142,2,1,,0,2,1,1,B01
201900003142,1,7,,0,9,7,15,A01
201900003143,1,7,,0,2,3,1,B01
201900003143,2,7,,3,2,3,1,A01
201900003144,1,7,,0,0,1,0,A01
201900003145,1,7,,0,1,1,15,A01
201900003146,2,7,,6,0,1,1,A01
201900003147,1,7,,0,2,3,1,A01
201900003147,2,33,,0,2,1,13,B01
201900003147,2,33,,14,0,1,1,C01
201900003148,2,1,,0,1,0,1,Z01
201900003149,1,33,,10,0,7,1,A01
201900003150,1,1,,0,2,0,14,Z01
201900003150,1,50,,12,2,8,18,A01
201900003151,1,7,,0,2,3,17,A01
201900003151,2,31,,0,2,3,1,B01
201900003152,2,1,,0,1,1,1,A01
201900003153,0,7,,9,0,7,14,A01
201900003154,1,33,,0,0,3,6,B01
201900003154,2,7,,0,0,0,9,A01
201900003155,1,7,,0,2,2,2,A01
201900003155,1,1,,0,2,4,2,B01
201900003156,3,36,,13,0,0,1,A01
201900003157,1,7,,0,2,4,2,B01
201900003157,1,7,,0,2,4,2,A01
201900003158,2,2,,0,2,6,15,A01
201900003158,2,7,,8,2,1,1,B01
201900003159,1,7,,0,2,3,15,A01
201900003159,2,37,3.0,0,2,1,1,B01
201900003160,2,7,,0,0,0,1,A01
201900003161,3,31,,0,2,1,18,A01
201900003161,3,15,,0,2,2,14,B01
201900003162,3,7,,0,2,3,9,A01
201900003162,1,7,,0,2,1,1,B01
201900003163,3,7,,2,0,3,13,A01
201900003164,2,7,,15,0,9,1,A01
201900003165,3,7,,0,2,1,1,A01
201900003165,3,7,,0,2,4,23,B01
201900003166,2,1,,0,2,4,1,E01
201900003166,2,1,,0,2,4,2,D01
201900003166,2,1,,0,2,4,2,C01
201900003166,2,7,,0,2,1,2,B01
201900003166,2,7,,0,0,4,1,A01
201900003167,1,7,,0,2,2,10,A01
201900003167,1,34,,0,2,9,2,B01
201900003168,3,7,,0,2,6,15,B01
201900003168,1,2,,0,2,1,1,A01
201900003169,1,7,,0,1,2,19,A01
201900003170,2,7,,12,0,2,26,A01
201900003171,2,7,,3,0,3,13,A01
201900003172,1,33,,0,2,8,1,B01
201900003172,3,7,,0,2,1,19,A01
201900003173,2,7,,0,0,3,14,A01
201900003173,1,7,,0,2,3,21,B01
201900003174,3,32,,0,2,1,1,B01
201900003174,3,7,,0,2,6,11,A01
201900003175,0,7,,0,0,1,0,A01
201900003176,2,33,,0,2,1,1,B01
201900003176,1,7,,0,2,8,15,A01
201900003177,2,30,,0,2,1,13,A01
201900003177,2,7,,0,2,6,0,B01
201900003178,3,7,,0,0,0,9,A01
201900003178,2,33,,0,0,7,1,B01
201900003179,3,2,,0,2,3,1,A01
201900003179,0,14,,0,2,3,19,B01
201900003180,0,32,,1,0,6,1,A01
201900003181,2,7,,13,2,1,2,A01
201900003181,2,7,,0,0,4,16,B01
201900003182,2,7,,0,2,1,1,A01
201900003182,1,7,,0,2,1,1,C01
201900003182,1,7,,0,2,3,1,B01
201900003183,2,7,,0,0,9,1,A01
201900003184,2,7,,0,2,4,2,B01
201900003184,2,7,,0,2,1,2,A01
201900003185,0,33,,0,2,3,17,A01
201900003185,0,7,,0,2,3,1,B01
201900003185,0,15,,0,2,8,1,C01
201900003186,1,33,,0,0,2,2,B01
201900003186,1,7,,0,2,3,11,A01
201900003187,0,7,,0,2,3,13,A01
201900003187,0,7,,0,2,3,1,B01
201900003188,2,7,,0,0,4,24,B01
201900003188,2,17,,1,0,1,2,A01
201900003189,1,7,,0,0,7,1,B01
201900003189,3,2,,0,2,1,19,A01
201900003190,2,7,,12,0,5,16,B01
201900003190,2,30,,0,2,1,1,A01
201900003191,1,7,,0,2,2,15,A01
201900003191,2,7,,0,2,3,1,B01
201900003192,0,7,,0,1,2,15,A01
201900003193,0,7,,0,2,8,15,B01
201900003193,0,7,,3,2,2,17,A01
201900003194,0,21,,0,2,5,19,B01
201900003194,1,33,,0,9,1,1,A01
201900003195,1,7,,3,0,3,1,A01
201900003196,0,7,,0,2,3,1,B01
201900003196,0,7,,0,2,1,13,A01
201900003197,1,7,,0,2,3,26,A01
201900003197,1,7,,0,0,4,15,B01
201900003198,1,15,,0,2,4,23,B01
201900003198,1,31,,1,0,1,2,A01
201900003199,1,7,,0,2,1,5,A01
201900003199,2,7,,3,0,1,16,B01
201900003199,2,7,,3,0,2,16,C01
201900003199,2,7,,0,2,3,0,D01
201900003199,2,7,,0,2,8,0,E01
201900003199,2,7,,0,2,1,0,F01
201900003200,2,14,,0,2,1,2,B01
201900003200,1,7,,0,2,1,2,A01
201900003201,1,10,,0,2,8,1,B01
201900003201,2,2,,0,2,3,13,A01
201900003202,1,10,,3,0,3,1,A01
201900003203,3,3,,6,0,1,0,A01
201900003204,0,7,,2,0,1,0,A01
201900003205,2,7,,0,2,2,2,C01
201900003205,2,7,,13,0,6,2,B01
201900003205,2,7,,0,0,0,2,A01
201900003206,3,50,,0,2,1,0,B01
201900003206,3,37,1.0,0,2,3,16,A01
201900003207,2,7,,0,2,3,1,B01
201900003207,1,33,,0,2,1,13,A01
201900003208,1,7,,0,2,1,2,C01
201900003208,1,7,,0,2,4,15,B01
201900003208,2,7,,0,2,1,1,A01
201900003209,2,7,,2,0,3,1,A01
201900003210,2,7,,0,2,0,2,A01
201900003210,2,13,,0,2,4,2,B01
201900003211,0,7,,2,0,1,1,A01
201900003212,1,33,,4,0,7,1,A01
201900003213,1,7,,13,2,2,15,A01
201900003213,2,7,,0,2,1,1,B01
201900003214,3,7,,0,2,4,2,A01
201900003214,0,7,,0,2,1,2,B01
201900003215,1,10,,2,2,3,1,B01
201900003215,2,7,,0,2,2,1,A01
201900003216,3,7,,12,2,1,1,A01
201900003216,3,7,,0,2,1,1,B01
201900003217,2,7,,0,2,4,1,C01
201900003217,1,7,,0,2,1,1,B01
201900003217,2,7,,0,2,1,17,A01
201900003218,2,7,,13,0,1,1,A01
201900003219,2,7,,0,2,1,13,A01
201900003219,1,7,,0,2,8,1,B01
201900003219,1,7,,0,2,1,1,C01
201900003219,1,7,,0,2,1,1,D01
201900003220,2,21,,0,2,6,15,B01
201900003220,2,33,,0,2,2,17,A01
201900003221,2,7,,8,0,3,1,A01
201900003222,2,1,,0,2,4,1,B01
201900003222,2,7,,0,9,2,1,A01
201900003223,1,7,,8,0,3,0,A01
201900003224,1,7,,0,2,7,1,A01
201900003224,1,1,,0,2,8,1,B01
201900003225,3,7,,0,1,5,4,A01
201900003226,2,7,,0,2,1,1,B01
201900003226,1,33,,0,2,1,17,A01
201900003227,1,7,,0,2,1,1,B01
201900003227,2,7,,0,2,1,13,A01
201900003228,1,2,,0,0,8,26,A01
201900003229,1,7,,0,2,3,1,B01
201900003229,2,7,,0,2,3,1,A01
201900003230,2,7,,0,2,8,9,A01
201900003230,1,15,,0,0,1,1,B01
201900003231,2,7,,0,2,1,1,A01
201900003231,1,7,,0,2,7,1,B01
201900003232,1,33,,0,2,1,1,A01
201900003232,2,33,,0,2,1,15,B01
201900003233,2,7,,2,0,1,1,A01
201900003234,0,7,,0,2,1,17,A01
201900003234,0,32,,3,2,0,1,B01
201900003234,0,7,,3,2,1,1,C01
201900003235,2,32,,0,2,6,1,B01
201900003235,1,7,,3,2,3,6,A01
201900003236,3,7,,0,1,3,1,A01
201900003237,2,10,,0,2,1,1,B01
201900003237,1,7,,0,2,2,15,A01
201900003238,2,7,,0,2,1,13,A01
201900003238,1,7,,0,2,1,1,B01
201900003239,1,7,,13,0,1,14,A01
201900003240,1,7,,0,2,3,10,B01
201900003240,0,33,,0,2,1,11,A01
201900003241,3,7,,13,0,9,1,B01
201900003242,1,7,,0,1,1,17,A01
201900003243,3,1,,0,2,3,1,B01
201900003243,3,7,,0,9,3,13,A01
201900003244,2,2,,0,0,0,0,A01
201900003245,3,1,,0,2,1,11,A01
201900003245,3,7,,0,2,2,1,B01
201900003246,3,7,,3,0,9,11,A01
201900003247,2,7,,0,2,3,1,B01
201900003247,1,33,,0,2,8,19,A01
201900003248,1,7,,0,2,3,1,A01
201900003248,2,7,,0,2,3,1,B01
201900003249,1,33,,0,0,0,17,A01
201900003250,2,7,,2,0,1,14,A01
201900003251,2,13,,0,2,1,1,B01
201900003251,1,7,,0,2,1,13,A01
201900003252,1,33,,3,2,1,17,A01
201900003252,1,7,,0,0,6,17,B01
201900003253,0,31,,13,0,1,1,A01
201900003254,2,7,,3,2,8,13,A01
201900003254,1,7,,0,2,1,1,B01
201900003255,1,7,,0,2,3,15,B01
201900003255,2,7,,0,2,2,5,A01
201900003256,2,1,,0,2,1,1,B01
201900003256,1,7,,0,2,3,15,A01
201900003257,1,7,,0,2,1,15,B01
201900003257,2,2,,0,2,7,15,A01
201900003258,0,33,,0,2,1,1,A01
201900003259,1,7,,0,1,5,20,A01
201900003260,1,7,,3,0,9,1,A01
201900003261,3,7,,0,2,3,9,B01
201900003261,3,15,,0,2,3,1,A01
201900003262,3,7,,0,2,5,19,A01
201900003262,1,7,,0,2,3,1,B01
201900003263,1,7,,4,0,3,1,A01
201900003264,0,7,,0,1,1,1,A01
201900003265,3,1,,0,2,1,1,B01
201900003265,3,10,,0,9,1,5,A01
201900003266,1,7,,0,0,0,1,A01
201900003267,0,7,,0,1,7,1,A01
201900003268,1,7,,0,2,1,15,A01
201900003268,2,33,,0,2,1,1,B01
201900003269,2,10,,0,1,1,1,A01
201900003270,0,33,,0,0,7,13,A01
201900003271,3,2,,1,1,1,2,A01
201900003271,0,7,,0,2,3,24,B01
201900003272,2,7,,13,0,3,12,A01
201900003273,3,7,,13,0,1,0,A01
201900003274,1,7,,0,1,3,14,A01
201900003275,1,7,,3,0,3,1,B01
201900003275,1,7,,3,2,5,12,A01
201900003276,2,17,,0,2,4,2,B01
201900003276,2,7,,0,2,1,2,A01
201900003277,1,7,,0,2,3,11,A01
201900003277,1,33,,1,2,7,1,B01
201900003278,2,2,,0,0,0,1,A01
201900003279,2,7,,0,2,1,13,A01
201900003279,1,14,,0,2,1,1,B01
201900003280,2,10,,3,2,5,13,A01
201900003280,2,7,,0,2,1,1,B01
201900003281,3,7,,0,0,4,24,B01
201900003281,3,7,,1,0,1,1,A01
201900003282,2,7,,0,2,1,16,A01
201900003282,2,10,,0,2,1,15,B01
201900003283,0,7,,0,0,1,0,A01
201900003284,2,33,,0,2,8,17,B01
201900003284,2,7,,0,0,6,13,A01
201900003285,2,33,,0,0,0,1,A01
201900003286,1,7,,0,2,2,17,B01
201900003286,1,21,,0,2,6,15,A01
201900003287,0,10,,0,2,4,0,B01
201900003287,0,10,,0,2,1,26,A01
201900003288,1,33,,0,2,1,1,B01
201900003288,2,7,,0,2,6,9,A01
201900003289,1,17,,0,0,0,21,B01
201900003289,2,14,,3,2,3,6,A01
201900003290,0,7,,0,1,3,1,A01
201900003291,3,7,,0,2,2,9,B01
201900003291,1,7,,0,2,3,1,A01
201900003292,1,10,,0,0,4,23,B01
201900003292,1,7,,1,0,1,1,A01
201900003293,3,1,,0,2,3,1,B01
201900003293,0,7,,0,2,3,1,A01
201900003294,1,33,,0,6,1,1,A01
201900003295,1,7,,8,0,1,1,A01
201900003296,1,33,,5,0,2,1,A01
201900003297,1,7,,0,2,1,1,B01
201900003297,1,7,,3,0,4,9,A01
201900003298,2,7,,6,0,1,13,A01
201900003299,2,33,,0,2,3,2,B01
201900003299,2,7,,0,2,5,2,A01
201900003300,1,7,,0,1,1,14,A01
201900003301,0,7,,0,0,9,1,A01
201900003302,2,7,,13,0,2,1,A01
201900003303,3,7,,0,1,1,1,A01
201900003304,3,32,,1,0,1,1,B01
201900003304,0,7,,0,2,3,9,A01
201900003305,2,7,,0,1,2,1,A01
201900003306,2,7,,0,1,1,1,A01
201900003307,2,7,,2,0,1,1,A01
201900003308,2,10,,0,2,1,1,B01
201900003308,1,7,,0,2,1,17,A01
201900003309,3,33,,0,0,4,26,A01
201900003310,1,10,,0,2,3,13,A01
201900003310,2,33,,0,2,3,3,B01
201900003310,2,7,,0,2,8,1,C01
201900003311,2,7,,0,2,3,1,C01
201900003311,1,33,,0,2,1,17,B01
201900003311,1,7,,0,2,3,10,A01
201900003312,2,99,,0,2,8,1,A01
201900003312,1,42,,0,2,8,1,B01
201900003313,2,7,,2,0,0,1,A01
201900003314,2,30,,0,2,1,2,B01
201900003314,2,7,,0,2,4,15,A01
201900003315,3,7,,0,2,2,15,A01
201900003315,3,7,,0,2,1,1,B01
201900003316,1,32,,1,0,2,1,A01
201900003317,1,7,,0,2,2,15,A01
201900003317,2,7,,0,2,3,1,B01
201900003317,1,7,,0,2,3,1,C01
201900003318,1,7,,0,2,1,1,A01
201900003318,2,30,,0,2,1,1,B01
201900003319,2,31,,0,2,1,5,B01
201900003319,2,7,,0,2,8,15,A01
201900003320,2,7,,13,0,3,1,A01
201900003321,2,15,,1,1,2,1,A01
201900003321,2,10,,0,0,6,24,B01
201900003321,2,10,,0,0,6,23,C01
201900003322,3,31,,0,0,0,0,A01
201900003323,2,37,1.0,0,2,3,1,B01
201900003323,1,37,17.0,0,2,3,11,A01
201900003324,3,31,,0,0,5,17,B01
201900003324,3,7,,0,2,3,15,A01
201900003325,3,7,,16,0,1,14,A01
201900003326,2,7,,0,2,1,13,A01
201900003326,1,7,,0,2,1,1,B01
201900003326,1,7,,0,2,8,1,C01
201900003327,0,37,1.0,0,0,4,23,A01
201900003327,0,32,,0,2,1,26,B01
201900003328,1,2,,6,0,8,1,A01
201900003329,1,7,,0,2,1,1,B01
201900003329,2,7,,0,2,1,13,A01
201900003330,3,31,,0,2,1,1,B01
201900003330,3,7,,0,2,3,0,A01
201900003331,1,99,,0,9,0,1,B01
201900003331,1,33,,0,0,0,17,A01
201900003332,1,35,,16,0,5,26,A01
201900003333,0,7,,0,0,0,12,A01
201900003334,2,7,,0,2,8,15,A01
201900003334,2,2,,0,2,1,17,B01
201900003335,3,7,,2,0,2,1,A01
201900003336,1,7,,0,2,3,16,A01
201900003336,1,1,,0,2,5,1,B01
201900003337,0,7,,0,2,3,21,B01
201900003337,0,7,,2,2,3,17,A01
201900003338,3,7,,8,0,1,11,A01
201900003339,2,33,,0,2,3,1,B01
201900003339,1,7,,0,2,3,17,A01
201900003340,2,10,,0,1,3,1,A01
201900003341,3,7,,0,2,6,19,B01
201900003341,2,33,,0,2,1,1,A01
201900003342,1,33,,0,2,1,1,D01
201900003342,1,33,,0,2,1,1,C01
201900003342,2,7,,13,2,3,1,B01
201900003342,1,7,,0,2,3,13,A01
201900003343,2,7,,0,2,7,1,B01
201900003343,3,2,,0,2,1,9,A01
201900003344,1,7,,0,2,1,5,A01
201900003344,2,10,,0,2,2,1,B01
201900003345,2,33,,0,2,1,17,A01
201900003345,2,7,,0,2,3,15,B01
201900003346,1,33,,2,0,1,1,A01
201900003347,2,7,,1,0,2,1,B01
201900003347,2,7,,14,0,7,0,A01
201900003348,1,7,,0,2,3,1,B01
201900003348,2,33,,0,2,1,17,A01
201900003349,2,7,,0,2,2,15,B01
201900003349,1,2,,0,2,1,1,A01
201900003350,2,7,,0,2,2,17,A01
201900003350,2,17,,0,2,6,12,B01
201900003351,1,7,,7,0,7,1,A01
201900003352,2,33,,14,2,1,17,A01
201900003352,2,7,,0,0,6,15,B01
201900003353,2,7,,15,0,1,14,A01
201900003354,2,17,,0,0,4,2,B01
201900003354,2,10,,0,2,1,2,A01
201900003355,3,7,,0,0,1,1,A01
201900003356,2,15,,0,0,4,2,B01
201900003356,2,7,,0,2,1,2,A01
201900003357,3,2,,0,2,1,17,B01
201900003357,3,7,,0,2,8,15,A01
201900003358,2,7,,0,2,1,13,A01
201900003358,1,7,,0,2,1,1,B01
201900003359,3,33,,0,2,4,11,B01
201900003359,3,33,,0,2,1,1,A01
201900003360,2,2,,0,2,2,0,B01
201900003360,2,7,,0,0,6,10,A01
201900003361,1,33,,0,2,1,1,B01
201900003361,2,7,,0,2,3,19,A01
201900003362,2,1,,0,2,1,13,B01
201900003362,1,7,,0,9,2,1,A01
201900003363,0,2,,0,9,0,0,B01
201900003363,3,1,,0,2,0,0,A01
201900003364,1,7,,0,2,1,1,B01
201900003364,2,7,,0,2,1,5,A01
201900003365,1,33,,0,2,1,13,A01
201900003365,1,7,,0,2,2,0,B01
201900003366,3,2,,8,0,1,1,A01
201900003367,3,33,,15,0,1,1,A01
201900003368,1,7,,0,2,7,5,A01
201900003368,2,33,,0,2,7,1,B01
201900003369,1,7,,0,2,3,0,B01
201900003369,1,7,,0,2,2,19,A01
201900003370,2,31,,0,2,1,1,A01
201900003370,2,7,,0,2,8,1,B01
201900003371,3,1,,0,0,9,1,A01
201900003372,2,7,,0,2,1,1,A01
201900003372,1,7,,0,2,1,1,B01
201900003373,2,7,,0,2,1,15,A01
201900003373,1,7,,0,2,8,1,B01
201900003374,1,33,,4,0,2,0,A01
201900003375,3,33,,0,2,1,2,B01
201900003375,3,7,,0,0,5,15,A01
201900003376,3,1,,0,2,1,16,B01
201900003376,3,7,,0,2,2,1,A01
201900003377,2,7,,13,0,3,1,A01
201900003378,0,7,,0,2,2,13,A01
201900003378,0,7,,0,1,2,1,B01
201900003379,1,1,,0,2,8,1,B01
201900003379,2,7,,0,0,2,15,A01
201900003380,3,7,,0,2,5,26,A01
201900003380,3,2,,0,2,1,1,B01
201900003381,2,7,,13,0,1,1,A01
201900003382,1,7,,2,0,1,0,A01
201900003383,0,7,,6,0,9,1,A01
201900003384,2,7,,0,2,3,1,B01
201900003384,1,7,,0,2,3,1,A01
201900003385,2,7,,15,0,1,1,A01
201900003386,1,33,,13,0,1,1,A01
201900003387,1,10,,0,0,9,14,A01
201900003388,2,7,,0,2,2,1,B01
201900003388,2,1,,0,2,4,1,A01
201900003389,1,7,,6,0,1,15,A01
201900003390,3,3,,1,1,1,1,A01
201900003391,1,31,,7,0,1,1,A01
201900003392,1,15,,0,2,1,1,B01
201900003392,2,7,,0,2,1,9,A01
201900003393,2,7,,0,1,1,1,A01
201900003394,1,7,,0,1,1,1,A01
201900003395,1,33,,0,2,1,1,A01
201900003395,2,7,,0,2,3,13,B01
201900003396,1,34,,0,2,1,17,A01
201900003396,1,7,,0,2,8,15,B01
201900003397,2,7,,0,2,3,1,B01
201900003397,1,33,,0,2,1,13,A01
201900003398,2,7,,0,0,1,1,B01
201900003398,1,33,,0,2,1,13,A01
201900003399,3,7,,0,2,1,26,A01
201900003399,3,2,,0,2,8,13,B01
201900003400,2,7,,0,2,1,1,B01
201900003400,1,7,,0,2,1,15,A01
201900003400,1,7,,0,2,3,23,C01
201900003401,2,33,,13,0,8,16,A01
201900003402,1,7,,16,0,0,13,A01
201900003403,1,99,,0,0,4,13,B01
201900003403,1,7,,0,9,2,17,A01
201900003404,3,7,,2,0,2,1,A01
201900003405,1,7,,3,0,1,2,A01
201900003406,3,33,,12,0,2,1,A01
201900003407,2,7,,7,0,1,1,A01
201900003408,2,7,,0,2,3,15,A01
201900003408,2,33,,0,2,1,0,B01
201900003409,1,33,,0,2,0,0,B01
201900003409,2,2,,0,2,0,0,A01
201900003410,1,1,,0,2,1,13,B01
201900003410,2,14,,0,2,6,1,A01
201900003411,1,31,,0,2,2,13,A01
201900003411,1,7,,0,2,3,15,B01
201900003412,1,2,,5,2,4,15,B01
201900003412,1,7,,0,2,1,1,A01
201900003413,1,33,,3,0,0,1,A01
201900003414,2,7,,0,2,3,1,B01
201900003414,1,7,,0,2,3,13,A01
201900003415,0,33,,15,0,1,17,A01
201900003416,2,7,,4,2,3,11,A01
201900003416,1,7,,0,2,3,17,B01
201900003417,1,7,,0,2,1,1,C01
201900003417,2,7,,0,2,1,21,B01
201900003417,2,7,,0,0,6,1,A01
201900003418,3,7,,2,9,7,0,A01
201900003419,1,33,,12,0,1,0,A01
201900003420,1,7,,2,0,1,0,A01
201900003421,1,7,,0,2,1,17,B01
201900003421,1,7,,0,2,8,15,A01
201900003422,1,7,,0,2,5,15,B01
201900003422,2,2,,0,2,1,1,A01
201900003423,0,7,,0,0,2,24,B01
201900003423,2,7,,1,1,2,1,A01
201900003424,2,7,,0,2,1,1,B01
201900003424,1,7,,0,2,1,5,A01
201900003425,1,7,,0,2,3,1,B01
201900003425,2,10,,0,2,3,13,A01
201900003426,1,7,,8,0,4,17,A01
201900003427,2,7,,0,0,5,16,B01
201900003427,2,7,,0,2,3,1,A01
201900003428,2,33,,7,0,0,1,A01
201900003429,1,7,,0,2,3,1,B01
201900003429,2,7,,0,2,1,15,A01
201900003430,1,7,,0,2,3,13,A01
201900003430,2,7,,0,2,1,1,B01
201900003431,3,2,,0,0,0,1,A01
201900003432,1,7,,0,2,2,1,A01
201900003432,1,7,,0,2,1,1,B01
201900003433,2,33,,0,2,8,1,B01
201900003433,0,7,,0,2,2,15,A01
201900003434,2,7,,15,0,1,16,A01
201900003435,1,7,,0,2,1,1,A01
201900003435,2,7,,0,2,1,1,B01
201900003436,3,7,,0,2,8,19,B01
201900003436,1,33,,0,2,1,1,A01
201900003437,0,7,,0,2,7,17,A01
201900003437,0,1,,0,0,8,1,B01
201900003438,1,7,,14,2,3,21,B01
201900003438,1,7,,13,0,1,23,A01
201900003439,1,36,,3,0,1,1,A01
201900003440,3,7,,0,2,1,19,A01
201900003440,2,10,,0,0,2,1,B01
201900003441,2,7,,6,0,2,1,A01
201900003442,2,33,,0,0,7,16,A01
201900003443,1,33,,8,0,0,20,A01
201900003444,1,7,,0,2,3,1,A01
201900003444,2,33,,0,2,8,13,B01
201900003445,1,33,,13,0,0,1,A01
201900003446,1,7,,0,2,1,1,B01
201900003446,2,7,,0,2,1,13,A01