Num_Acc,senc,catv,occutc,obs,obsm,choc,manv,num_veh
201900003447,1,7,,0,1,2,1,A01
201900003448,1,33,,0,2,1,1,C01
201900003448,1,33,,0,2,1,1,B01
201900003448,2,7,,0,2,2,15,A01
201900003449,2,2,,0,2,1,13,A01
201900003449,1,7,,0,2,3,1,B01
201900003450,3,2,,0,2,1,1,A01
201900003450,3,7,,0,2,3,1,B01
201900003451,1,2,,0,2,8,19,B01
201900003451,2,15,,0,2,2,1,A01
201900003452,2,33,,0,2,1,12,A01
201900003452,2,7,,0,0,4,1,B01
201900003453,2,7,,0,1,1,1,A01
201900003454,2,7,,0,2,3,1,B01
201900003454,1,7,,0,2,3,15,A01
201900003455,2,7,,0,2,3,1,B01
201900003455,1,7,,0,2,3,1,A01
201900003456,2,10,,0,2,1,21,B01
201900003456,1,7,,0,2,3,19,A01
201900003457,1,7,,2,0,1,26,A01
201900003458,2,7,,0,2,2,9,A01
201900003458,2,7,,0,2,1,1,B01
201900003459,1,33,,13,0,7,1,A01
201900003460,1,7,,16,0,1,1,A01
201900003461,2,7,,13,0,2,1,A01
201900003462,1,31,,8,0,1,1,A01
201900003463,1,7,,0,2,1,2,A01
201900003463,1,17,,0,0,4,1,B01
201900003464,1,7,,0,2,5,1,B01
201900003464,1,7,,0,2,3,13,A01
201900003465,0,7,,0,2,3,13,A01
201900003465,0,7,,0,2,3,1,B01
201900003466,3,32,,0,2,1,0,B01
201900003466,3,7,,0,2,2,15,A01
201900003467,2,7,,2,0,1,14,A01
201900003468,2,7,,0,2,3,13,A01
201900003468,1,14,,0,2,3,1,B01
201900003469,1,7,,0,2,1,1,C01
201900003469,1,7,,0,2,1,17,B01
201900003469,1,7,,0,2,6,1,A01
201900003470,1,33,,0,2,3,11,A01
201900003470,1,7,,0,2,5,17,B01
201900003471,2,7,,8,0,1,26,A01
201900003472,2,7,,17,0,2,1,A01
201900003473,1,7,,0,2,3,9,A01
201900003473,1,7,,2,2,2,1,B01
201900003474,2,31,,0,2,1,1,B01
201900003474,1,7,,0,2,3,11,A01
201900003475,1,7,,0,2,1,13,A01
201900003475,2,7,,0,2,8,1,B01
201900003475,2,7,,15,2,1,1,C01
201900003476,1,1,,0,0,0,0,A01
201900003477,1,33,,0,2,1,13,B01
201900003477,2,7,,0,2,1,1,A01
201900003478,1,7,,0,2,2,9,A01
201900003478,2,1,,0,2,1,13,B01
201900003479,2,33,,3,2,8,26,B01
201900003479,2,10,,0,2,7,26,A01
201900003480,1,7,,0,0,0,1,A01
201900003481,1,17,,3,0,1,6,A01
201900003482,2,7,,3,2,4,1,PB01
201900003482,2,7,,0,2,1,2,A01
201900003483,2,7,,0,2,4,11,A01
201900003483,2,15,,0,2,1,1,B01
201900003483,2,10,,0,2,2,1,C01
201900003483,2,10,,0,2,4,1,D01
201900003483,2,10,,0,2,1,1,E01
201900003483,2,7,,0,2,1,1,F01
201900003484,1,7,,4,0,1,0,A01
201900003485,2,7,,0,2,3,0,A01
201900003485,2,7,,0,2,5,0,C01
201900003485,2,10,,0,2,6,0,B01
201900003485,2,7,,0,2,2,18,Z01
201900003486,2,10,,0,2,1,1,B01
201900003486,2,17,,0,2,4,1,A01
201900003487,2,33,,0,0,0,3,A01
201900003488,2,7,,0,1,1,1,A01
201900003489,1,7,,0,2,2,13,A01
201900003489,2,13,,0,2,5,9,B01
201900003490,1,10,,0,6,3,0,B01
201900003490,1,33,,0,2,3,13,A01
201900003491,2,7,,0,2,2,15,A01
201900003491,2,1,,0,2,1,1,B01
201900003492,3,33,,0,2,7,1,B01
201900003492,3,7,,0,2,3,9,A01
201900003493,0,30,,0,0,0,0,A01
201900003494,2,7,,0,2,1,1,B01
201900003494,1,7,,0,2,1,13,A01
201900003495,2,7,,0,2,3,15,B01
201900003495,1,2,,0,2,1,1,A01
201900003496,2,7,,1,0,1,14,A01
201900003496,1,7,,0,2,4,24,FB01
201900003497,1,2,,0,0,4,23,B01
201900003497,1,7,,0,6,1,2,A01
201900003498,1,7,,0,1,1,0,Z01
201900003499,2,2,,0,0,6,1,B01
201900003499,1,7,,0,2,1,15,A01
201900003500,0,7,,0,2,1,1,B01
201900003500,1,7,,0,2,7,15,A01
201900003501,2,7,,0,1,1,1,A01
201900003502,0,7,,0,1,2,26,A01
201900003503,1,7,,0,2,3,26,A01
201900003503,1,31,,0,2,3,26,B01
201900003504,0,7,,0,2,4,26,A01
201900003504,3,7,,0,2,1,2,C01
201900003504,3,7,,0,2,1,2,B01
201900003505,1,7,,14,1,3,16,A01
201900003506,2,7,,0,2,2,2,A01
201900003506,2,7,,0,2,6,12,B01
201900003507,2,7,,0,2,4,23,C01
201900003507,2,10,,0,2,4,23,D01
201900003507,2,7,,0,2,4,23,B01
201900003507,2,10,,0,2,1,2,A01
201900003508,1,7,,0,2,7,16,A01
201900003508,1,2,,0,2,8,7,B01
201900003509,1,34,,0,2,1,1,B01
201900003509,1,3,,0,2,6,15,A01
201900003510,2,7,,0,2,4,2,B01
201900003510,2,7,,0,2,4,2,C01
201900003510,2,7,,0,2,1,2,A01
201900003511,3,33,,0,2,4,23,B01
201900003511,3,7,,0,2,2,2,A01
201900003512,3,7,,6,0,1,19,A01
201900003513,3,10,,0,1,6,2,B01
201900003513,3,32,,0,2,1,2,A01
201900003514,3,7,,0,1,1,1,A01
201900003515,2,30,,0,0,1,1,A01
201900003516,3,33,,0,2,1,1,B01
201900003516,3,7,,0,2,1,17,A01
201900003517,3,10,,0,2,1,15,A01
201900003517,3,33,,0,2,1,1,B01
201900003518,2,10,,0,2,3,1,B01
201900003518,1,7,,0,2,3,17,A01
201900003519,1,7,,0,2,2,17,A01
201900003519,1,7,,0,2,8,0,B01
201900003520,1,99,,0,2,2,1,B01
201900003520,2,10,,0,2,2,1,A01
201900003521,1,7,,0,2,2,26,B01
201900003521,2,35,,1,0,2,1,A01
201900003522,1,1,,0,2,1,5,B01
201900003522,2,7,,0,2,3,15,A01
201900003523,1,32,,0,2,1,1,B01
201900003523,2,7,,0,2,7,15,A01
201900003524,2,7,,0,2,1,1,A01
201900003524,2,7,,0,2,4,2,B01
201900003524,2,33,,1,0,1,1,C01
201900003524,2,7,,0,2,4,1,D01
201900003525,1,7,,0,2,3,9,A01
201900003525,1,33,,0,2,1,3,B01
201900003525,1,10,,0,2,4,1,C01
201900003526,1,33,,3,2,1,2,A01
201900003526,1,7,,0,2,4,2,B01
201900003526,1,7,,0,2,6,1,C01
201900003527,2,7,,3,0,7,1,A01
201900003528,1,7,,0,2,1,9,A01
201900003528,1,34,,0,2,4,12,B01
201900003529,1,7,,3,0,1,26,A01
201900003530,1,7,,0,2,7,22,A01
201900003530,2,7,,1,0,2,1,B01
201900003531,0,7,,0,1,7,9,A01
201900003532,1,33,,0,2,1,1,B01
201900003532,1,7,,0,2,8,10,A01
201900003533,1,7,,0,6,3,1,B01
201900003533,3,80,,0,2,8,19,A01
201900003534,1,7,,0,1,7,1,A01
201900003535,2,3,,0,2,1,1,A01
201900003535,2,7,,0,2,4,23,B01
201900003536,1,3,,0,2,5,15,A01
201900003536,1,31,,0,2,5,26,B01
201900003536,1,3,,0,2,0,26,C01
201900003537,1,7,,0,9,1,9,A01
201900003538,0,7,,0,2,2,16,A01
201900003538,0,30,,0,2,8,1,B01
201900003539,0,10,,0,1,4,26,A01
201900003540,2,30,,0,0,8,1,A01
201900003541,1,7,,0,2,8,15,B01
201900003541,1,30,,0,2,0,2,A01
201900003542,1,7,,0,2,5,26,B01
201900003542,3,13,,0,2,5,9,A01
201900003543,1,7,,1,0,2,12,B01
201900003543,1,7,,0,2,6,23,A01
201900003544,2,7,,0,2,1,1,A01
201900003544,2,7,,0,2,6,1,B01
201900003545,3,7,,0,2,4,2,B01
201900003545,3,37,1.0,0,2,1,2,A01
201900003546,0,7,,0,2,2,15,A01
201900003546,0,7,,0,2,1,1,B01
201900003547,0,7,,0,2,7,16,B01
201900003547,0,2,,0,2,1,18,A01
201900003548,0,33,,0,0,8,1,A01
201900003549,2,32,,0,2,1,1,B01
201900003549,1,3,,0,2,3,15,A01
201900003550,3,7,,0,2,1,9,A01
201900003550,3,1,,0,2,7,1,B01
201900003551,1,7,,1,2,2,14,A01
201900003552,2,33,,0,2,7,1,B01
201900003552,1,1,,0,2,6,19,A01
201900003553,1,7,,0,2,4,1,B01
201900003553,1,7,,0,2,1,1,A01
201900003554,2,7,,0,2,8,1,B01
201900003554,1,7,,0,2,3,15,A01
201900003555,3,7,,1,2,1,1,B01
201900003555,0,10,,1,2,3,20,A01
201900003556,3,7,,0,1,0,1,A01
201900003557,1,0,,0,1,1,0,Z01
201900003558,1,7,,0,2,1,0,A01
201900003558,1,7,,0,2,4,0,B01
201900003559,1,2,,0,2,1,0,A01
201900003560,1,7,,0,1,0,0,A01
201900003561,2,7,,3,0,2,9,A01
201900003562,1,7,,0,1,0,1,A01
201900003563,1,7,,3,0,1,1,A01
201900003564,3,1,,0,0,0,0,B01
201900003564,3,17,,0,2,7,10,A01
201900003565,1,7,,0,2,1,1,B01
201900003565,2,7,,0,2,1,13,A01
201900003566,1,33,,0,2,7,17,A01
201900003566,1,7,,0,2,3,15,B01
201900003567,0,7,,0,1,1,26,A01
201900003568,0,30,,0,2,1,9,A01
201900003568,0,7,,0,2,4,2,B01
201900003569,1,7,,0,2,8,15,B01
201900003569,1,7,,0,2,1,2,A01
201900003570,2,7,,0,1,1,1,A01
201900003571,1,7,,0,1,5,4,A01
201900003572,1,7,,0,1,1,1,A01
201900003573,1,7,,0,2,3,1,B01
201900003573,2,34,,0,2,1,13,A01
201900003574,3,7,,0,2,2,9,Z01
201900003574,3,37,2.0,0,2,3,1,A01
201900003575,1,7,,0,2,1,15,B01
201900003575,2,33,,0,2,1,3,A01
201900003576,2,37,1.0,0,2,3,15,A01
201900003576,1,33,,0,2,1,0,B01
201900003577,1,7,,0,1,3,1,A01
201900003578,2,7,,4,0,2,1,A01
201900003579,2,7,,0,2,1,2,A01
201900003579,2,7,,0,2,4,2,B01
201900003580,3,7,,0,2,2,15,B01
201900003580,3,7,,0,2,1,1,A01
201900003581,3,7,,0,2,1,2,A01
201900003581,3,7,,0,2,4,23,B01
201900003582,3,30,,0,2,1,1,B01
201900003582,3,37,1.0,0,2,1,9,A01
201900003583,2,30,,0,2,1,1,B01
201900003583,1,7,,0,2,5,15,A01
201900003584,2,7,,0,1,1,1,A01
201900003585,3,30,,12,1,4,26,A01
201900003586,1,13,,0,2,5,16,B01
201900003586,0,32,,0,2,1,2,A01
201900003587,2,33,,0,2,8,15,B01
201900003587,1,34,,0,2,1,1,A01
201900003588,1,2,,0,0,0,1,A01
201900003589,3,10,,0,2,1,2,D01
201900003589,3,7,,0,2,4,2,C01
201900003589,3,7,,0,2,4,2,B01
201900003589,3,7,,0,9,4,1,A01
201900003590,3,7,,0,2,1,9,A01
201900003590,3,1,,0,2,7,1,B01
201900003591,1,7,,0,9,3,9,A01
201900003591,1,1,,0,2,0,5,B01
201900003592,3,7,,0,1,0,0,A01
201900003593,1,7,,0,2,5,16,A01
201900003593,1,50,,0,2,8,1,B01
201900003594,2,7,,0,1,3,15,A01
201900003595,2,0,,3,0,0,26,A01
201900003596,3,7,,0,1,2,16,A01
201900003596,3,60,,0,2,1,2,Y01
201900003597,1,7,,0,2,1,2,A01
201900003597,1,7,,0,2,4,2,B01
201900003598,3,7,,16,0,2,26,A01
201900003599,1,2,,0,2,1,1,B01
201900003599,2,7,,0,2,1,15,A01
201900003600,1,7,,0,0,1,13,A01
201900003601,3,0,,0,2,2,19,B01
201900003601,3,10,,0,1,4,4,A01
201900003602,1,10,,0,1,1,15,A01
201900003603,2,7,,0,2,1,2,A01
201900003603,2,7,,0,2,4,2,B01
201900003604,1,14,,14,2,2,1,B01
201900003604,1,7,,0,2,2,9,A01
201900003605,1,2,,0,2,8,1,B01
201900003605,1,7,,0,2,3,5,A01
201900003606,1,7,,0,2,4,23,B01
201900003606,1,7,,0,2,1,2,A01
201900003607,2,7,,0,2,4,2,B01
201900003607,2,7,,0,2,1,2,A01
201900003608,0,37,1.0,0,2,3,1,B01
201900003608,0,7,,0,2,7,1,A01
201900003609,0,7,,0,0,3,11,A01
201900003610,0,7,,0,2,5,2,B01
201900003610,0,32,,0,2,1,2,A01
201900003611,0,7,,0,2,1,1,B01
201900003611,0,7,,0,2,7,1,A01
201900003612,3,7,,0,1,1,9,A01
201900003613,1,7,,0,1,2,11,A01
201900003614,2,7,,0,1,1,1,A01
201900003615,2,7,,0,2,3,0,B01
201900003615,1,7,,0,2,3,13,A01
201900003616,1,17,,0,2,3,23,B01
201900003616,2,20,,0,2,1,13,A01
201900003617,2,7,,0,2,6,1,B01
201900003617,2,2,,0,2,1,1,A01
201900003618,2,30,,9,0,1,1,A01
201900003619,0,7,,0,1,2,1,A01
201900003620,3,7,,0,2,6,26,B01
201900003620,3,33,,0,2,1,26,A01
201900003621,1,7,,0,2,2,2,A01
201900003621,1,1,,0,2,0,15,B01
201900003622,1,7,,0,1,0,9,A01
201900003623,1,7,,0,2,1,2,A01
201900003623,1,7,,0,2,4,2,B01
201900003624,3,10,,0,2,1,15,A01
201900003624,3,7,,0,2,1,1,B01
201900003625,2,7,,0,2,3,15,A01
201900003625,1,30,,0,2,1,26,B01
201900003626,1,7,,0,2,4,1,B01
201900003626,1,10,,0,2,1,1,A01
201900003627,3,7,,0,2,1,2,A01
201900003627,3,2,,0,2,4,2,B01
201900003628,0,7,,0,2,2,15,A01
201900003628,0,1,,0,2,1,1,B01
201900003629,3,7,,0,1,0,1,A01
201900003630,2,7,,1,0,1,14,A01
201900003631,1,7,,0,2,1,2,A01
201900003631,1,10,,0,2,4,1,B01
201900003632,1,7,,0,1,1,1,A01
201900003633,1,7,,0,2,1,0,B01
201900003633,1,7,,0,2,8,0,A01
201900003634,1,7,,0,1,0,0,A01
201900003635,1,7,,0,0,8,0,A01
201900003636,1,7,,0,2,1,0,B01
201900003636,1,7,,0,2,1,0,A01
201900003637,1,7,,0,2,1,1,B01
201900003637,2,50,,0,2,1,5,A01
201900003638,0,7,,0,1,4,1,B01
201900003638,0,7,,0,2,1,2,A01
201900003639,1,33,,0,2,1,1,B01
201900003639,2,7,,0,2,6,10,A01
201900003640,2,7,,8,0,3,17,A01
201900003641,1,7,,0,2,3,15,A01
201900003641,1,1,,0,2,1,18,B01
201900003642,1,7,,0,1,4,4,A01
201900003643,1,20,,0,1,1,26,A01
201900003644,2,7,,8,2,1,1,B01
201900003644,1,7,,0,2,2,15,A01
201900003645,1,3,,0,2,6,13,B01
201900003645,1,7,,0,2,3,1,A01
201900003646,2,7,,0,1,1,9,A01
201900003647,3,1,,0,2,4,10,B01
201900003647,3,10,,0,2,2,7,A01
201900003648,0,7,,0,1,1,1,A01
201900003649,2,7,,0,2,1,1,A01
201900003649,1,50,,0,2,7,19,B01
201900003650,1,7,,0,1,1,1,A01
201900003651,1,7,,0,1,1,26,A01
201900003652,1,7,,0,2,2,15,B01
201900003652,2,7,,0,2,6,1,A01
201900003653,1,7,,0,0,4,0,C01
201900003653,1,7,,0,2,4,1,B01
201900003653,1,7,,0,2,1,1,A01
201900003654,2,7,,0,1,2,1,B01
201900003655,3,7,,0,2,4,1,B01
201900003655,3,30,,0,2,7,1,A01
201900003656,3,7,,0,2,3,1,A01
201900003656,1,50,,0,2,7,19,B01
201900003657,3,7,,0,2,1,1,Z01
201900003657,2,7,,0,2,0,0,B01
201900003658,3,7,,0,1,3,1,A01
201900003659,3,7,,0,2,1,1,A01
201900003659,3,7,,0,2,6,1,B01
201900003660,1,7,,0,1,3,2,A01
201900003661,1,30,,0,0,4,1,B01
201900003661,1,7,,0,2,1,2,A01
201900003662,2,33,,0,1,1,1,A01
201900003663,0,7,,0,2,1,16,B01
201900003663,0,7,,0,2,1,15,A01
201900003664,3,7,,0,2,1,1,B01
201900003664,3,7,,0,2,1,13,A01
201900003665,2,7,,0,2,1,1,A01
201900003665,2,7,,0,2,9,16,B01
201900003665,2,7,,0,2,5,2,C01
201900003666,2,7,,0,2,6,2,B01
201900003666,2,7,,0,2,2,2,A01
201900003667,2,7,,0,9,8,15,B01
201900003667,2,32,,0,2,7,17,A01
201900003668,2,7,,0,2,3,26,A01
201900003668,2,32,,0,2,1,1,B01
201900003669,1,7,,9,2,3,9,B01
201900003669,2,31,,2,2,2,17,A01
201900003670,3,7,,0,2,2,24,B01
201900003670,3,7,,1,0,2,1,A01
201900003671,2,7,,0,2,1,26,A01
201900003671,2,7,,0,0,4,2,B01
201900003672,1,1,,0,2,4,0,C01
201900003672,1,7,,0,2,4,9,B01
201900003672,1,7,,0,2,1,1,A01
201900003673,2,32,,0,2,1,3,B01
201900003673,2,7,,0,2,5,12,A01
201900003674,1,33,,0,2,1,2,B01
201900003674,1,10,,0,2,6,15,A01
201900003675,1,10,,0,1,2,15,A01
201900003676,2,30,,0,2,1,15,A01
201900003676,2,33,,0,2,5,1,B01
201900003677,1,7,,0,2,1,2,A01
201900003677,1,30,,0,2,4,23,B01
201900003678,2,7,,0,1,1,1,A01
201900003679,1,13,,1,1,3,1,A01
201900003680,1,34,,0,1,1,1,A01
201900003681,2,1,,0,2,1,1,B01
201900003681,2,10,,0,2,2,16,A01
201900003682,1,1,,0,2,1,1,A01
201900003682,2,7,,0,2,3,15,B01
201900003683,1,31,,0,2,6,2,A01
201900003683,1,7,,0,2,6,11,B01
201900003684,1,7,,0,1,3,1,A01
201900003685,1,37,1.0,0,2,3,1,B01
201900003685,2,1,,0,2,8,16,A01
201900003686,2,10,,0,2,3,22,A01
201900003686,2,1,,0,2,2,1,B01
201900003687,1,30,,0,2,1,1,B01
201900003687,2,10,,0,2,1,15,A01
201900003688,1,1,,0,2,0,1,A01
201900003688,1,7,,0,2,0,15,Z01
201900003689,2,1,,0,1,1,1,A01
201900003690,3,7,,0,2,1,1,A01
201900003690,1,7,,0,2,8,1,B01
201900003691,1,7,,0,1,0,1,A01
201900003692,2,33,,0,2,7,17,B01
201900003692,2,3,,0,2,3,15,A01
201900003693,3,7,,0,2,4,9,A01
201900003693,3,7,,0,2,1,2,B01
201900003693,3,7,,0,2,0,0,C01
201900003694,0,7,,0,2,3,15,B01
201900003694,0,7,,0,2,1,2,A01
201900003695,1,7,,0,6,3,26,A01
201900003695,3,1,,0,2,0,0,B01
201900003696,1,7,,0,1,2,16,A01
201900003697,1,10,,0,2,2,2,A01
201900003698,0,7,,0,1,1,2,A01
201900003699,3,7,,0,2,1,2,A01
201900003699,3,7,,0,2,4,2,B01
201900003700,2,33,,0,2,2,17,B01
201900003700,2,7,,0,2,8,15,A01
201900003701,0,0,,0,1,1,26,Z01
201900003702,0,10,,6,0,1,21,A01
201900003703,2,7,,0,1,1,26,A01
201900003704,1,7,,0,1,1,16,Z01
201900003705,3,7,,0,1,4,4,A01
201900003706,2,7,,0,2,3,1,A01
201900003706,1,30,,0,2,1,1,B01
201900003707,1,7,,0,1,1,26,A01
201900003708,3,7,,1,1,1,1,B01
201900003709,3,10,,0,1,1,26,A01
201900003710,0,7,,0,1,2,26,A01
201900003711,3,7,,0,4,2,26,B01
201900003711,3,39,,14,2,4,1,A01
201900003712,3,7,,0,2,4,26,B01
201900003712,3,7,,0,2,1,26,A01
201900003713,3,7,,0,1,1,1,A01
201900003714,2,33,,0,2,1,1,B01
201900003714,1,7,,0,2,5,1,A01
201900003715,1,7,,0,1,1,17,A01
201900003716,3,7,,0,1,3,15,A01
201900003717,1,7,,0,2,1,1,A01
201900003717,1,7,,9,2,7,1,B01
201900003718,3,33,,0,0,0,14,A01
201900003719,0,30,,0,1,1,26,Z01
201900003720,3,7,,0,1,1,17,A01
201900003721,0,7,,5,0,1,26,A01
201900003722,1,33,,0,1,2,21,A01
201900003723,2,32,,0,2,7,3,B01
201900003723,2,7,,0,2,8,11,A01
201900003724,1,30,,0,2,1,7,A01
201900003724,1,7,,0,2,6,23,B01
201900003725,1,7,,11,0,1,13,A01
201900003726,1,30,,0,0,1,1,A01
201900003727,1,7,,0,1,2,1,A01
201900003728,3,7,,2,0,1,1,A01
201900003729,3,30,,0,0,7,16,A01
201900003730,2,10,,0,1,1,9,A01
201900003731,0,30,,0,2,1,1,A01
201900003732,3,7,,6,0,8,1,A01
201900003733,1,7,,0,2,2,15,A01
201900003733,2,7,,0,2,1,1,B01
201900003734,1,7,,13,0,1,13,A01
201900003735,1,7,,0,9,2,26,A01
201900003735,1,99,,0,2,3,13,B01
201900003736,2,34,,0,2,1,1,B01
201900003736,1,7,,0,0,2,15,A01
201900003737,1,7,,0,1,3,15,A01
201900003738,1,7,,4,2,1,13,A01
201900003739,1,7,,0,1,7,1,A01
201900003740,1,7,,0,1,1,1,A01
201900003741,3,7,,0,2,0,26,B01
201900003741,3,7,,0,2,0,26,A01
201900003742,2,7,,13,0,1,13,A01
201900003743,1,7,,0,2,7,1,A01
201900003743,2,30,,0,2,8,15,B01
201900003744,1,7,,0,1,0,26,A01
201900003745,1,7,,0,2,4,0,A01
201900003745,1,7,,0,2,1,0,B01
201900003745,1,7,,0,2,1,2,C01
201900003746,2,20,,16,0,1,13,A01
201900003747,3,10,,0,2,2,21,A01
201900003747,3,10,,0,1,6,23,B01
201900003748,1,7,,2,0,2,6,A01
201900003749,3,7,,0,1,1,16,A01
201900003750,1,7,,0,1,0,0,A01
201900003751,1,7,,0,2,2,9,B01
201900003751,2,7,,0,2,3,1,A01
201900003752,2,7,,0,2,1,15,A01
201900003752,1,7,,0,2,3,1,B01
201900003753,2,7,,1,1,4,4,A01
201900003754,3,7,,2,0,1,0,A01
201900003755,1,7,,1,0,3,13,A01
201900003755,2,7,,0,2,3,24,B01
201900003756,2,31,,3,0,0,3,A01
201900003757,3,7,,0,1,1,15,A01
201900003758,2,2,,0,2,1,1,A01
201900003758,1,10,,0,2,7,13,B01
201900003759,1,7,,13,0,9,1,A01
201900003760,1,7,,8,0,3,14,A01
201900003761,1,7,,0,1,1,1,A01
201900003762,0,10,,0,1,2,26,A01
201900003763,0,30,,6,0,1,26,A01
201900003764,1,7,,13,0,3,21,A01
201900003765,1,7,,0,1,3,1,A01
201900003766,1,34,,0,2,4,2,A01
201900003766,1,7,,0,2,1,2,Z01
201900003767,3,7,,14,2,3,19,B01
201900003767,3,7,,0,2,2,1,A01
201900003768,1,7,,0,2,2,16,C01
201900003768,1,7,,0,2,1,26,B01
201900003768,1,20,,0,2,1,26,A01
201900003769,1,7,,0,1,2,9,A01
201900003770,0,99,,0,0,0,0,A01
201900003771,1,10,,0,2,1,1,B01
201900003771,2,10,,0,2,1,17,A01
201900003772,2,7,,0,2,1,2,A01
201900003772,2,7,,0,2,4,23,B01
201900003773,1,0,,0,1,0,19,Z01
201900003774,0,7,,0,2,0,0,A01
201900003774,0,33,,0,2,0,0,B01
201900003775,3,10,,0,2,0,24,B01
201900003775,3,13,,1,0,0,0,A01
201900003776,2,7,,0,2,3,1,B01
201900003776,1,30,,0,2,3,17,A01
201900003777,2,10,,4,0,2,0,A01
201900003778,2,7,,0,2,1,5,A01
201900003778,1,33,,0,2,1,0,B01
201900003778,1,7,,0,2,1,0,C01
201900003779,1,7,,0,2,1,13,A01
201900003779,2,7,,0,2,1,1,B01
201900003780,0,7,,0,0,8,1,B01
201900003780,0,7,,0,2,1,17,A01
201900003781,1,7,,0,1,2,1,A01
201900003782,2,7,,12,0,1,1,A01
201900003783,1,7,,6,0,2,14,A01
201900003784,0,7,,0,1,6,20,A01
201900003785,0,7,,0,2,3,0,B01
201900003785,0,7,,0,2,2,0,A01
201900003786,2,10,,0,1,1,9,Z01
201900003787,1,7,,0,2,1,5,A01
201900003787,2,7,,0,2,1,1,B01
201900003788,3,7,,0,1,3,15,A01
201900003789,0,7,,0,1,0,0,A01
201900003790,1,1,,0,2,1,1,B01
201900003790,1,1,,0,2,8,26,A01
201900003791,3,7,,0,2,5,2,B01
201900003791,3,30,,0,2,3,18,A01
201900003792,1,32,,0,2,3,1,B01
201900003792,1,7,,0,2,6,1,A01
201900003793,2,7,,0,0,0,1,A01
201900003794,1,7,,15,0,1,1,A01
201900003795,1,7,,0,1,1,1,A01
201900003796,1,7,,0,2,1,2,A01
201900003796,1,7,,0,2,4,15,B01
201900003796,1,13,,0,2,6,1,C01
201900003797,1,33,,0,2,1,9,A01
201900003798,2,30,,0,2,3,9,A01
201900003798,1,32,,0,2,3,1,B01
201900003799,2,7,,0,0,0,0,B01
201900003799,2,7,,0,2,0,16,A01
201900003800,1,7,,0,2,4,9,C01
201900003800,1,7,,0,2,1,9,B01
201900003800,1,7,,0,2,1,9,A01
201900003801,0,7,,0,2,1,13,A01
201900003801,1,10,,0,2,4,0,B01
201900003801,1,7,,0,2,4,1,C01
201900003801,3,15,,0,2,6,0,D01
201900003802,1,0,,0,1,0,26,Z01
201900003803,2,30,,2,0,1,26,A01
201900003804,2,7,,2,0,2,26,A01
201900003805,1,7,,0,2,8,15,A01
201900003805,1,30,,0,2,1,1,B01
201900003806,1,7,,0,2,7,16,A01
201900003806,1,2,,0,2,8,16,B01
201900003807,2,2,,16,0,1,1,A01
201900003807,1,7,,0,9,8,14,B01
201900003808,1,7,,0,1,2,1,A01
201900003809,2,0,,0,1,0,1,A01
201900003810,3,30,,0,2,4,2,A01
201900003810,3,7,,0,2,4,2,B01
201900003811,2,7,,0,2,4,26,C01
201900003811,2,7,,0,2,1,26,B01
201900003811,2,7,,3,2,1,17,A01
201900003812,2,7,,0,2,3,19,A01
201900003812,1,14,,0,2,2,1,C01
201900003812,1,10,,0,2,8,1,B01
201900003813,3,7,,0,2,3,15,A01
201900003813,3,2,,0,2,2,1,B01
201900003814,2,10,,0,1,1,2,A01
201900003815,3,33,,0,2,2,1,A01
201900003815,0,7,,0,2,7,10,B01
201900003816,3,33,,11,2,3,1,B01
201900003816,2,7,,0,2,3,19,A01
201900003817,2,7,,0,1,3,1,A01
201900003818,3,7,,0,1,2,1,A01
201900003819,1,7,,0,1,1,15,A01
201900003820,1,7,,0,1,3,1,A01
201900003821,2,7,,0,2,2,1,B01
201900003821,1,7,,0,2,3,19,A01
201900003822,3,10,,0,2,4,1,B01
201900003822,3,10,,0,2,1,1,A01
201900003823,3,7,,13,0,1,16,A01
201900003824,3,7,,15,0,1,1,A01
201900003825,3,7,,0,1,6,4,A01
201900003826,1,7,,0,1,1,19,A01
201900003827,1,7,,0,2,8,26,B01
201900003827,1,30,,0,2,2,9,A01
201900003828,1,7,,0,2,1,1,A01
201900003828,1,7,,0,2,4,2,B01
201900003828,1,7,,0,0,4,1,C01
201900003829,1,2,,0,1,1,1,A01
201900003830,1,7,,0,1,1,1,A01
201900003831,3,7,,0,2,8,11,B01
201900003831,3,7,,0,2,1,26,A01
201900003832,1,33,,0,2,1,17,B01
201900003832,1,7,,0,2,3,10,A01
201900003833,0,33,,0,5,1,26,A01
201900003834,3,7,,0,1,3,20,A01
201900003835,2,7,,0,2,1,13,A01
201900003835,1,7,,0,2,3,1,B01
201900003836,0,1,,0,1,1,0,A01
201900003837,2,31,,0,2,8,1,B01
201900003837,2,7,,0,2,2,12,A01
201900003838,2,33,,12,0,1,1,A01
201900003839,0,7,,0,9,1,1,A01
201900003839,0,1,,0,2,7,19,B01
201900003840,1,7,,0,0,6,15,A01
201900003840,1,7,,0,2,2,1,B01
201900003841,1,7,,0,2,4,1,B01
201900003841,1,7,,0,2,1,2,A01
201900003842,1,7,,0,2,4,12,A01
201900003842,1,33,,0,2,1,3,B01
201900003843,1,7,,0,1,1,19,A01
201900003844,1,7,,0,1,1,1,A01
201900003845,1,7,,4,0,1,1,A01
201900003846,2,7,,0,2,1,1,B01
201900003846,1,7,,0,2,3,13,A01
201900003847,2,33,,1,0,1,0,A01