Num_Acc,senc,catv,occutc,obs,obsm,choc,manv,num_veh
201900003848,2,7,,0,1,1,1,A01
201900003849,3,7,,0,2,3,1,B01
201900003849,3,7,,0,2,3,13,A01
201900003850,1,10,,0,2,3,1,A01
201900003850,1,30,,0,2,7,0,B01
201900003851,1,7,,0,2,4,23,B01
201900003851,1,10,,0,2,1,2,A01
201900003852,2,1,,0,2,1,1,A01
201900003852,2,7,,0,2,3,16,B01
201900003853,1,7,,0,1,1,9,A01
201900003853,1,7,,0,1,1,2,B01
201900003853,1,7,,0,1,1,2,C01
201900003853,1,7,,0,1,1,2,D01
201900003854,3,7,,0,2,2,15,A01
201900003854,3,2,,0,2,1,1,B01
201900003855,2,7,,0,2,7,15,A01
201900003855,1,2,,0,2,1,1,B01
201900003856,2,7,,3,0,1,14,A01
201900003857,2,0,,0,1,0,0,A01
201900003858,2,7,,0,2,1,15,A01
201900003858,1,2,,0,2,7,17,B01
201900003859,1,7,,0,2,2,1,A01
201900003859,1,7,,0,2,1,1,B01
201900003860,0,7,,0,2,1,2,A01
201900003860,0,7,,0,2,4,0,B01
201900003861,1,2,,0,2,1,1,B01
201900003861,3,7,,0,2,8,15,A01
201900003862,0,7,,0,2,3,1,B01
201900003862,3,7,,0,2,2,19,A01
201900003863,3,33,,0,0,1,26,A01
201900003864,3,7,,0,1,1,1,A01
201900003865,2,7,,0,2,4,2,C01
201900003865,2,7,,0,2,4,2,B01
201900003865,2,7,,0,2,1,2,A01
201900003866,2,7,,2,2,2,1,A01
201900003866,1,7,,0,2,2,13,B01
201900003867,3,7,,0,2,2,1,A01
201900003867,3,7,,0,2,1,1,Z01
201900003868,1,7,,0,2,2,14,A01
201900003868,1,33,,0,2,8,1,B01
201900003869,1,32,,0,1,1,1,A01
201900003870,1,7,,14,0,6,1,B01
201900003870,1,32,,0,2,2,0,A01
201900003871,1,50,,0,0,3,2,A01
201900003872,1,32,,0,2,1,9,A01
201900003872,2,33,,0,2,1,1,B01
201900003873,1,32,,0,1,2,1,A01
201900003874,1,10,,0,2,3,10,A01
201900003874,1,32,,0,2,2,1,B01
201900003875,3,33,,0,0,0,1,A01
201900003876,1,0,,0,1,1,1,A01
201900003877,1,10,,0,1,8,26,A01
201900003878,2,7,,13,0,2,1,A01
201900003879,3,7,,2,0,1,1,A01
201900003880,0,3,,0,2,8,15,B01
201900003880,1,14,,0,2,1,1,A01
201900003881,2,7,,4,2,0,11,A01
201900003881,2,7,,4,0,2,1,B01
201900003882,1,7,,0,0,4,2,A01
201900003882,1,7,,1,0,1,2,B01
201900003882,1,7,,0,2,1,2,C01
201900003883,2,31,,0,2,7,15,B01
201900003883,1,7,,6,2,1,1,A01
201900003884,1,7,,14,0,1,0,A01
201900003885,1,2,,0,2,1,1,B01
201900003885,2,7,,0,2,2,19,A01
201900003886,2,7,,3,2,1,17,A01
201900003886,2,7,,0,2,3,1,B01
201900003887,2,7,,0,2,3,1,B01
201900003887,1,33,,0,2,1,13,A01
201900003888,3,33,,0,0,7,10,A01
201900003889,1,10,,0,2,3,1,B01
201900003889,2,10,,0,2,3,13,A01
201900003890,1,31,,0,2,1,5,A01
201900003890,2,7,,0,2,1,1,B01
201900003891,1,1,,0,2,1,16,B01
201900003891,1,7,,0,2,3,9,A01
201900003892,0,10,,8,0,1,1,A01
201900003893,1,10,,2,0,3,13,A01
201900003894,1,7,,0,2,3,1,B01
201900003894,2,7,,0,2,1,13,A01
201900003895,2,7,,6,0,3,13,A01
201900003896,1,2,,0,2,4,2,B01
201900003896,1,7,,0,2,2,2,A01
201900003897,3,7,,0,2,3,1,A01
201900003897,3,2,,0,2,1,1,B01
201900003898,0,7,,0,2,2,1,A01
201900003898,0,2,,0,2,8,1,B01
201900003899,1,7,,0,1,1,26,A01
201900003900,1,33,,0,2,0,0,A01
201900003901,2,7,,0,2,7,12,A01
201900003901,2,33,,0,2,8,18,B01
201900003902,1,33,,0,2,1,3,A01
201900003902,1,7,,0,2,5,23,B01
201900003903,1,7,,0,2,7,0,A01
201900003903,1,14,,0,2,2,0,B01
201900003904,2,33,,0,2,1,12,A01
201900003904,2,7,,0,2,3,1,B01
201900003905,1,10,,0,2,1,2,B01
201900003905,1,7,,0,2,4,2,A01
201900003906,2,7,,0,2,1,1,C01
201900003906,2,10,,0,2,1,1,B01
201900003906,2,10,,0,2,4,9,A01
201900003907,1,7,,0,2,4,2,B01
201900003907,1,7,,0,2,1,2,A01
201900003908,1,10,,0,2,4,1,B01
201900003908,1,33,,0,2,1,3,A01
201900003909,2,7,,0,2,4,2,D01
201900003909,2,7,,0,2,4,2,C01
201900003909,2,7,,0,2,4,2,B01
201900003909,2,10,,0,2,1,2,A01
201900003910,2,33,,0,2,1,2,A01
201900003910,2,7,,0,2,4,2,B01
201900003911,1,7,,0,2,4,1,B01
201900003911,1,7,,0,2,1,1,A01
201900003912,2,7,,0,2,4,2,C01
201900003912,2,7,,0,2,4,2,B01
201900003912,2,37,1.0,0,2,1,2,A01
201900003913,1,7,,0,2,4,0,B01
201900003913,1,7,,0,2,1,9,A01
201900003914,2,34,,0,2,5,1,B01
201900003914,2,7,,0,2,3,11,A01
201900003915,2,34,,4,0,1,21,A01
201900003916,2,7,,14,2,2,13,A01
201900003916,2,7,,0,2,6,1,B01
201900003917,0,7,,0,1,1,15,A01
201900003918,3,7,,7,0,0,13,A01
201900003919,3,7,,0,2,4,26,B01
201900003919,3,1,,0,2,1,26,A01
201900003920,0,30,,0,2,1,1,A01
201900003921,1,2,,0,2,1,1,B01
201900003921,1,7,,0,2,6,9,A01
201900003922,1,1,,0,2,3,15,A01
201900003922,1,33,,0,2,1,1,B01
201900003923,1,7,,0,1,1,1,A01
201900003924,1,7,,0,0,1,1,B01
201900003924,2,7,,0,2,1,13,A01
201900003925,3,10,,4,2,0,26,A01
201900003925,3,10,,0,2,0,0,Z01
201900003926,2,10,,0,2,5,15,A01
201900003926,1,33,,0,2,1,1,B01
201900003927,2,41,,0,0,8,15,A01
201900003928,2,7,,0,2,7,15,A01
201900003928,1,30,,0,2,1,1,B01
201900003929,1,1,,0,2,1,9,A01
201900003929,1,7,,0,2,2,9,B01
201900003930,1,7,,0,2,3,15,B01
201900003930,1,33,,0,2,1,17,A01
201900003931,2,7,,0,2,3,9,B01
201900003931,1,34,,0,2,9,26,A01
201900003932,1,7,,0,1,3,1,A01
201900003933,1,7,,0,2,1,17,A01
201900003933,2,33,,0,2,1,1,B01
201900003934,0,7,,0,2,4,1,B01
201900003934,0,7,,0,2,1,1,A01
201900003935,2,34,,0,2,1,17,A01
201900003935,2,7,,0,2,3,15,B01
201900003936,1,7,,0,0,0,26,A01
201900003937,3,31,,0,2,1,0,A01
201900003937,3,7,,0,2,1,0,B01
201900003938,1,7,,0,2,6,0,A01
201900003938,1,32,,0,2,1,9,B01
201900003939,1,1,,0,1,1,1,A01
201900003940,1,7,,0,2,1,1,A01
201900003940,2,1,,0,2,1,1,B01
201900003941,3,7,,0,1,3,1,A01
201900003942,1,7,,0,2,1,2,A01
201900003942,1,7,,0,2,4,2,B01
201900003942,1,7,,0,2,4,2,C01
201900003943,1,7,,0,2,8,15,A01
201900003943,2,7,,0,2,3,16,B01
201900003944,1,2,,0,2,1,1,B01
201900003944,2,7,,0,2,3,15,A01
201900003945,1,33,,0,2,1,17,A01
201900003945,1,7,,0,2,8,19,B01
201900003946,2,7,,0,1,0,16,Z01
201900003947,3,3,,0,2,3,1,A01
201900003947,1,33,,0,2,1,1,B01
201900003948,2,7,,0,2,3,1,A01
201900003948,2,31,,0,2,0,1,B01
201900003949,3,7,,0,6,2,5,E01
201900003949,3,7,,14,0,1,1,D01
201900003949,3,7,,0,6,1,1,C01
201900003949,3,20,,0,2,3,1,B01
201900003949,3,30,,0,2,1,26,A01
201900003950,3,7,,0,2,8,11,A01
201900003950,3,7,,0,2,7,2,B01
201900003951,1,7,,0,2,3,15,A01
201900003951,1,33,,0,2,1,17,B01
201900003952,3,32,,0,2,3,2,B01
201900003952,3,10,,0,2,5,26,A01
201900003953,2,1,,0,2,8,1,B01
201900003953,2,10,,0,2,2,15,A01
201900003954,1,7,,0,2,0,0,B01
201900003954,1,7,,0,2,0,1,A01
201900003955,1,7,,0,2,3,0,A01
201900003955,1,7,,0,2,1,0,B01
201900003956,0,7,,0,2,2,1,A01
201900003956,1,7,,0,2,3,9,B01
201900003957,0,33,,0,0,6,15,A01
201900003958,0,31,,0,2,7,1,B01
201900003958,0,10,,0,2,6,1,A01
201900003959,1,20,,0,6,8,13,A01
201900003959,1,80,,0,2,2,0,B01
201900003960,1,7,,0,2,3,13,A01
201900003960,2,7,,0,2,3,1,B01
201900003961,1,7,,0,2,2,0,B01
201900003961,1,30,,0,2,2,0,A01
201900003962,1,7,,0,2,3,16,B01
201900003962,2,30,,0,2,2,1,A01
201900003963,1,10,,0,6,3,1,C01
201900003963,3,10,,0,2,6,23,B01
201900003963,3,30,,0,2,1,17,A01
201900003964,1,7,,0,1,3,1,A01
201900003965,1,7,,13,0,1,14,A01
201900003966,0,7,,0,1,1,1,A01
201900003967,3,7,,0,2,1,15,A01
201900003967,3,1,,0,2,8,19,B01
201900003968,2,7,,0,1,1,1,A01
201900003969,2,2,,0,0,3,1,A01
201900003970,2,1,,0,2,1,1,B01
201900003970,3,7,,0,2,2,15,A01
201900003971,2,34,,3,0,2,19,A01
201900003972,3,7,,0,2,5,19,B01
201900003972,1,33,,0,2,1,26,A01
201900003973,3,7,,0,2,4,26,A01
201900003974,1,7,,6,2,1,1,A01
201900003974,2,7,,0,2,3,1,B01
201900003975,2,7,,0,0,1,14,A01
201900003976,1,7,,0,2,1,15,A01
201900003976,2,2,,0,2,1,1,B01
201900003977,2,7,,0,2,1,1,B01
201900003977,1,7,,0,2,1,15,A01
201900003978,2,7,,0,2,4,2,A01
201900003978,2,7,,0,2,1,2,B01
201900003979,3,7,,0,1,3,1,A01
201900003980,1,1,,0,0,9,1,B01
201900003980,1,7,,0,2,1,1,A01
201900003981,1,7,,0,2,1,1,A01
201900003981,3,1,,0,2,3,19,B01
201900003982,3,32,,0,6,8,15,B01
201900003982,1,34,,0,6,1,7,A01
201900003983,1,7,,0,2,1,20,A01
201900003983,1,32,,0,2,1,1,B01
201900003984,2,7,,0,2,1,2,A01
201900003984,2,7,,0,2,9,2,B01
201900003984,1,7,,0,2,4,23,D01
201900003984,2,2,,0,2,9,2,C01
201900003985,1,7,,0,2,4,2,B01
201900003985,1,7,,0,2,1,2,A01
201900003986,0,7,,6,0,2,12,A01
201900003987,2,7,,0,2,1,2,A01
201900003987,2,33,,0,2,4,2,B01
201900003987,2,7,,0,2,4,1,C01
201900003987,2,33,,0,2,7,3,D01
201900003988,2,33,,0,2,1,3,A01
201900003988,2,7,,0,2,5,12,B01
201900003988,2,7,,0,2,6,1,C01
201900003989,2,33,,0,2,8,3,B01
201900003989,2,7,,0,2,5,12,A01
201900003990,2,32,,0,0,8,1,A01
201900003991,1,10,,0,2,3,1,C01
201900003991,1,7,,0,2,5,1,B01
201900003991,1,33,,0,2,3,3,A01
201900003992,1,7,,0,2,2,14,A01
201900003992,1,31,,0,2,8,1,B01
201900003993,1,32,,3,0,1,16,A01
201900003994,1,7,,0,2,7,15,A01
201900003994,2,7,,0,2,1,1,Z01
201900003995,1,33,,0,1,1,17,A01
201900003996,1,34,,0,1,1,1,A01
201900003997,3,32,,15,0,1,5,A01
201900003998,1,7,,0,2,3,2,A01
201900003998,1,1,,0,2,4,2,B01
201900003999,2,7,,0,2,4,2,A01
201900003999,2,33,,0,2,4,23,B01
201900004000,1,7,,0,2,1,2,Z01
201900004000,1,33,,0,2,4,2,A01
201900004001,2,1,,0,2,8,1,B01
201900004001,1,10,,0,2,2,1,A01
201900004002,1,7,,0,1,3,1,A01
201900004003,1,7,,0,2,3,15,B01
201900004003,1,33,,0,2,2,1,A01
201900004004,1,33,,0,1,1,1,A01
201900004005,1,7,,0,2,3,1,B01
201900004005,1,7,,0,2,1,15,A01
201900004006,3,7,,0,1,0,9,A01
201900004007,3,7,,0,1,2,16,A01
201900004008,0,7,,1,0,1,1,B01
201900004008,0,7,,1,0,1,15,A01
201900004009,0,7,,0,2,4,23,A01
201900004009,3,7,,0,2,1,2,B01
201900004010,3,7,,0,2,1,1,B01
201900004010,3,7,,0,2,7,15,A01
201900004011,1,33,,0,2,1,26,A01
201900004011,1,7,,0,2,4,1,B01
201900004011,1,7,,0,2,0,9,C01
201900004012,3,7,,0,2,1,2,B01
201900004012,3,7,,0,2,4,0,A01
201900004013,3,7,,12,0,1,2,B01
201900004013,3,7,,12,0,4,0,A01
201900004014,3,7,,0,1,8,19,A01
201900004015,3,1,,0,2,1,5,B01
201900004015,3,7,,1,2,2,20,A01
201900004016,0,34,,0,2,6,23,B01
201900004016,0,34,,0,2,3,1,A01
201900004017,1,7,,0,2,2,1,A01
201900004018,1,7,,0,2,6,1,B01
201900004018,3,30,,0,2,0,17,A01
201900004019,3,20,,0,2,2,2,A01
201900004019,3,7,,0,2,8,2,B01
201900004020,3,7,,0,2,3,9,B01
201900004020,3,1,,0,2,2,1,A01
201900004021,1,1,,0,1,1,1,A01
201900004022,1,32,,0,2,5,13,B01
201900004022,1,7,,0,2,6,23,A01
201900004023,2,10,,0,2,1,1,A01
201900004023,2,7,,0,0,4,23,B01
201900004024,2,33,,0,2,1,2,A01
201900004024,2,7,,0,2,8,15,B01
201900004025,1,33,,0,2,2,9,B01
201900004025,1,7,,0,2,3,9,A01
201900004026,3,10,,0,2,6,26,A01
201900004026,3,31,,0,2,9,14,B01
201900004026,3,10,,0,2,4,26,C01
201900004027,3,10,,0,2,5,16,A01
201900004027,3,50,,0,2,1,1,B01
201900004028,1,7,,0,1,2,1,A01
201900004029,2,7,,0,2,1,2,A01
201900004029,2,7,,0,2,9,23,B01
201900004029,1,7,,9,2,3,1,C01
201900004030,2,33,,1,0,1,2,A01
201900004030,2,7,,0,2,5,23,B01
201900004031,2,7,,0,2,3,1,A01
201900004031,1,7,,0,2,3,1,B01
201900004032,2,15,,3,0,7,1,A01
201900004033,1,7,,0,1,2,1,A01
201900004034,1,1,,0,0,1,1,A01
201900004035,1,7,,0,2,3,15,B01
201900004035,2,7,,0,2,1,1,A01
201900004036,0,80,,0,2,1,1,B01
201900004036,0,7,,0,0,3,26,A01
201900004037,2,7,,15,0,0,0,B01
201900004037,1,7,,0,0,0,0,A01
201900004038,2,10,,0,2,3,1,B01
201900004038,1,33,,0,2,1,1,A01
201900004039,2,33,,0,6,1,1,A01
201900004040,1,2,,0,2,9,2,A01
201900004040,1,7,,0,2,6,2,B01
201900004040,2,7,,0,2,1,1,C01
201900004041,1,33,,0,0,0,0,A01
201900004042,2,7,,0,2,3,1,B01
201900004042,1,33,,0,2,7,1,A01
201900004043,2,7,,13,0,1,19,A01
201900004044,2,7,,0,2,1,1,B01
201900004044,1,7,,0,2,1,13,A01
201900004045,3,7,,0,2,3,15,A01
201900004045,2,7,,0,2,1,1,B01
201900004046,3,7,,0,1,1,1,A01
201900004047,3,33,,0,2,8,16,B01
201900004047,1,7,,0,2,1,1,A01
201900004048,1,2,,14,0,1,1,A01
201900004049,1,7,,0,2,3,5,A01
201900004049,2,7,,0,2,3,1,B01
201900004050,3,7,,2,0,1,13,A01
201900004051,2,7,,0,2,7,19,A01
201900004051,2,7,,0,2,1,1,B01
201900004052,1,33,,13,2,0,17,A01
201900004052,1,7,,0,2,3,17,B01
201900004053,3,35,,0,2,3,1,B01
201900004053,3,10,,0,2,3,3,A01
201900004054,2,1,,0,0,4,1,B01
201900004054,2,7,,0,2,1,2,A01
201900004055,0,7,,0,1,1,1,A01
201900004056,1,33,,0,2,1,3,B01
201900004056,1,7,,0,2,5,15,A01
201900004057,0,1,,0,2,0,0,A01
201900004057,0,7,,0,1,1,1,B01
201900004058,0,36,,0,0,0,0,A01
201900004059,1,33,,0,2,8,5,A01
201900004059,2,7,,0,2,1,1,B01
201900004060,1,7,,0,2,3,18,A01
201900004060,1,1,,0,0,6,15,B01
201900004061,2,14,,1,0,6,24,A01
201900004061,1,13,,1,0,0,0,B01
201900004062,1,2,,0,2,2,15,B01
201900004062,2,7,,0,2,3,1,A01
201900004063,3,1,,12,0,1,26,A01
201900004064,3,33,,0,2,3,1,B01
201900004064,3,7,,0,2,2,16,A01
201900004065,1,80,,4,0,2,1,A01
201900004066,1,34,,0,2,1,1,A01
201900004066,1,33,,0,2,4,1,B01
201900004067,1,7,,0,2,0,0,A01
201900004067,2,33,,0,2,0,0,B01
201900004068,2,20,,6,0,1,15,A01
201900004069,3,10,,10,1,4,23,A01
201900004070,2,7,,0,2,6,16,A01
201900004070,1,7,,0,2,2,2,B01
201900004071,1,7,,0,2,4,23,B01
201900004071,1,7,,0,2,1,2,A01
201900004072,1,31,,0,2,2,3,B01
201900004072,1,10,,0,2,8,11,A01
201900004073,2,7,,0,2,3,1,A01
201900004073,2,14,,0,2,5,1,B01
201900004074,1,43,,1,2,1,18,B01
201900004074,1,7,,0,2,5,22,A01
201900004075,1,7,,0,2,3,1,A01
201900004075,1,7,,0,2,1,1,B01
201900004075,2,2,,0,2,1,23,C01
201900004076,2,7,,0,2,7,16,B01
201900004076,2,30,,0,2,1,18,A01
201900004077,2,10,,0,1,3,1,A01
201900004078,2,7,,0,1,2,17,A01
201900004079,2,80,,0,2,2,17,B01
201900004079,2,14,,0,2,8,22,A01
201900004080,1,10,,0,1,3,16,A01
201900004081,2,2,,0,2,1,15,A01
201900004081,1,43,,0,2,3,1,B01
201900004082,1,2,,0,2,2,1,B01
201900004082,1,7,,0,2,8,22,A01
201900004083,1,2,,0,2,3,1,A01
201900004083,2,7,,0,2,2,15,B01
201900004084,1,33,,1,2,3,18,A01
201900004084,1,7,,0,2,5,14,B01
201900004085,2,30,,0,2,1,17,B01
201900004085,2,7,,0,2,8,22,A01
201900004086,2,7,,0,2,6,15,B01
201900004086,2,31,,0,2,2,1,A01
201900004087,2,33,,0,2,8,1,B01
201900004087,1,30,,0,2,5,15,A01
201900004088,2,1,,0,2,8,13,A01
201900004088,2,1,,0,2,7,17,B01
201900004089,2,10,,0,1,2,1,A01
201900004090,1,33,,0,2,7,23,A01
201900004090,1,7,,0,2,8,1,B01
201900004091,2,7,,0,1,5,15,A01
201900004092,2,10,,0,1,1,16,A01
201900004093,2,7,,0,2,1,16,A01
201900004093,2,1,,0,2,4,1,B01
201900004094,1,1,,0,1,1,1,A01
201900004095,2,14,,0,1,7,16,A01
201900004096,2,7,,0,2,4,23,B01
201900004096,2,33,,0,2,1,1,A01
201900004097,2,7,,0,2,5,12,A01
201900004097,2,7,,7,2,3,1,B01
201900004098,1,10,,0,1,3,1,A01
201900004099,2,7,,0,1,2,14,A01
201900004099,2,10,,0,1,4,13,B01
201900004100,1,33,,0,2,1,1,B01
201900004100,2,7,,0,2,2,15,A01
201900004101,2,10,,0,2,2,14,B01
201900004101,2,7,,12,2,6,18,A01
201900004102,1,31,,0,2,8,21,A01
201900004103,3,37,2.0,0,2,0,9,A01
201900004104,1,7,,0,2,6,23,B01
201900004104,2,34,,0,2,1,1,A01
201900004105,1,30,,0,2,2,17,A01
201900004105,1,10,,0,2,8,2,B01
201900004106,1,33,,12,0,7,15,A01
201900004107,1,1,,0,2,1,11,Y01
201900004107,2,7,,0,1,3,1,C01
201900004107,1,7,,0,9,6,1,B01
201900004107,1,7,,0,0,0,24,A01
201900004108,2,32,,0,2,2,11,B01
201900004108,2,7,,0,2,6,15,A01
201900004109,1,7,,0,2,8,1,C01
201900004109,2,37,1.0,0,2,1,1,B01
201900004109,1,3,,0,2,1,17,A01
201900004110,0,10,,0,2,1,0,D01
201900004110,3,10,,0,2,1,13,A01
201900004111,0,3,,0,1,1,9,A01
201900004112,3,1,,0,2,9,16,B01
201900004112,1,7,,0,2,3,15,A01
201900004113,2,7,,0,2,3,18,B01
201900004113,2,15,,0,2,2,9,A01
201900004114,3,1,,0,2,8,17,B01
201900004114,2,37,1.0,0,2,7,17,A01
201900004115,2,7,,0,2,5,2,B01
201900004115,2,33,,0,2,1,18,A01
201900004116,2,7,,0,2,1,15,Z01
201900004116,1,2,,0,2,6,1,B01
201900004117,2,30,,0,2,1,1,A01
201900004117,1,7,,0,2,5,1,B01
201900004118,1,7,,0,1,3,15,A01
201900004119,3,1,,0,0,7,0,B01
201900004119,3,7,,0,2,1,16,A01
201900004120,3,7,,0,2,2,15,A01
201900004120,3,34,,0,2,3,1,B01
201900004121,3,33,,0,2,1,1,B01
201900004121,3,10,,0,2,6,23,A01
201900004122,3,32,,0,2,2,5,B01
201900004122,3,10,,0,2,3,15,A01
201900004123,3,31,,0,1,1,1,A01
201900004124,1,1,,0,0,0,21,A01
201900004124,0,7,,0,2,0,0,B01
201900004125,1,10,,0,6,1,15,A01
201900004125,2,50,,0,2,8,19,B01
201900004126,2,7,,0,2,1,19,A01
201900004126,1,7,,0,0,3,1,B01
201900004127,3,33,,1,0,3,1,B01
201900004127,3,10,,0,0,4,24,A01
201900004128,2,7,,4,0,6,26,A01
201900004128,2,15,,0,2,4,2,E01
201900004128,2,15,,0,2,1,2,D01
201900004128,2,7,,0,2,1,2,C01
201900004128,2,7,,0,2,1,2,B01
201900004129,2,7,,13,0,2,1,A01
201900004130,2,80,,12,0,1,14,A01
201900004131,2,7,,0,0,6,21,B01
201900004131,1,1,,0,2,1,26,A01
201900004132,1,17,,0,2,4,1,B01
201900004132,1,17,,4,2,1,1,A01
201900004133,1,1,,0,2,8,1,A01
201900004133,2,7,,0,2,1,19,B01
201900004134,2,2,,0,0,3,1,A01
201900004135,2,10,,0,2,1,12,A01
201900004135,2,15,,0,0,6,1,B01
201900004136,1,7,,0,9,1,19,A01
201900004136,2,1,,0,2,6,1,B01
201900004137,2,7,,0,2,7,17,B01
201900004137,1,7,,0,2,8,2,A01
201900004138,3,7,,0,2,3,1,B01
201900004138,3,7,,0,2,3,13,A01
201900004139,3,7,,0,1,1,0,A01
201900004140,2,33,,1,0,0,2,A01
201900004141,3,7,,0,2,3,1,A01
201900004141,3,37,1.0,0,2,8,1,B01
201900004142,1,7,,14,0,1,1,B01
201900004142,1,2,,9,0,1,1,A01
201900004143,1,7,,0,0,9,14,A01
201900004144,1,7,,0,2,2,15,A01
201900004144,2,32,,0,2,1,1,B01
201900004145,3,31,,0,2,8,17,B01
201900004145,3,7,,0,2,6,1,A01
201900004146,3,7,,6,1,1,20,A01
201900004147,0,7,,13,0,3,13,A01
201900004148,1,7,,2,0,1,14,A01
201900004149,3,33,,0,2,1,1,A01
201900004149,3,7,,0,2,1,1,B01
201900004150,1,7,,0,2,7,15,A01
201900004150,2,33,,0,2,1,1,B01
201900004151,3,7,,0,2,3,1,C01
201900004151,3,7,,0,0,6,2,B01
201900004151,3,34,,0,2,1,17,A01
201900004152,2,7,,0,2,2,15,A01
201900004152,1,7,,0,2,3,1,B01
201900004153,1,7,,0,2,6,16,A01
201900004153,1,33,,0,2,1,1,B01
201900004154,2,7,,0,2,3,1,B01
201900004154,1,32,,0,2,1,17,A01
201900004155,3,36,,2,0,9,4,A01
201900004156,1,10,,0,1,2,1,B01
201900004156,2,1,,0,2,1,5,A01
201900004157,1,7,,0,2,2,1,B01
201900004157,1,7,,0,2,3,1,A01
201900004158,1,2,,0,2,3,1,A01
201900004158,2,7,,0,2,7,0,B01
201900004159,0,10,,0,2,2,26,A01
201900004159,0,7,,0,2,1,19,B01
201900004160,2,7,,0,0,3,1,A01
201900004161,1,7,,0,0,8,15,A01
201900004161,1,33,,8,2,2,17,B01
201900004162,0,7,,0,2,3,5,A01
201900004162,0,7,,0,2,8,1,B01
201900004162,0,7,,0,2,1,1,C01
201900004163,2,7,,0,0,0,1,A01
201900004164,2,7,,2,0,0,14,A01
201900004165,2,7,,0,1,1,1,A01
201900004166,1,7,,2,0,3,1,A01
201900004167,1,7,,7,0,9,1,A01
201900004168,1,3,,0,2,1,1,A01
201900004168,2,7,,0,2,1,0,B01
201900004168,1,7,,0,2,1,0,C01
201900004169,1,30,,0,0,0,26,A01
201900004170,0,7,,0,2,3,26,B01
201900004170,0,1,,0,2,1,0,A01
201900004171,3,33,,0,0,3,1,A01
201900004172,3,7,,0,2,3,1,B01
201900004172,3,34,,0,2,0,1,A01
201900004173,3,7,,0,0,9,1,A01
201900004174,2,7,,0,2,1,1,C01
201900004174,1,7,,0,2,8,1,B01
201900004174,1,7,,0,2,1,17,A01
201900004175,0,33,,0,0,0,1,A01
201900004176,2,2,,12,0,3,13,A01
201900004177,3,2,,6,0,1,1,A01
201900004178,1,1,,12,0,2,0,A01
201900004179,2,33,,8,0,7,17,A01
201900004180,2,2,,0,2,1,1,B01
201900004180,1,7,,0,2,7,15,A01
201900004181,2,1,,0,9,0,1,A01
201900004182,1,33,,0,2,1,1,B01
201900004182,1,7,,0,2,3,10,A01
201900004183,1,7,,0,0,9,1,A01
201900004184,3,33,,0,0,1,1,B01
201900004184,3,2,,0,2,8,15,A01
201900004185,1,7,,2,0,1,1,A01
201900004186,1,1,,0,0,4,9,B01
201900004186,1,7,,0,2,2,9,A01
201900004187,2,34,,0,2,1,1,B01
201900004187,2,7,,0,2,5,1,A01
201900004188,2,10,,0,2,1,1,A01
201900004188,2,7,,0,2,4,1,B01
201900004189,1,7,,0,0,9,0,A01
201900004190,2,7,,0,2,1,1,C01
201900004190,2,10,,0,2,9,23,B01
201900004190,2,7,,0,2,4,23,A01
201900004191,2,7,,0,2,4,23,B01
201900004191,2,7,,0,2,1,2,A01
201900004192,2,33,,15,0,1,14,A01
201900004193,2,10,,0,2,4,23,B01
201900004193,2,10,,0,2,1,2,A01
201900004194,1,7,,4,2,4,1,B01
201900004194,1,7,,0,2,1,2,A01
201900004195,2,7,,0,0,9,14,A01
201900004196,2,7,,4,2,1,13,A01
201900004196,2,7,,0,2,3,1,B01
201900004197,1,33,,4,0,0,3,A01
201900004198,1,7,,0,2,2,1,B01
201900004198,1,33,,0,2,1,3,A01
201900004198,1,13,,0,2,6,1,D01
201900004198,1,7,,0,2,3,1,C01
201900004199,2,7,,0,2,3,1,B01
201900004199,1,7,,0,2,7,17,A01
201900004199,1,37,5.0,0,2,8,14,C01
201900004200,2,33,,0,2,8,17,A01
201900004200,2,10,,0,2,8,1,B01
201900004201,3,1,,0,2,8,19,B01
201900004201,2,7,,0,6,1,16,A01
201900004202,1,30,,0,1,8,13,A01
201900004203,0,7,,0,1,0,1,A01
201900004204,2,10,,0,2,3,1,A01
201900004204,2,7,,0,2,8,1,B01
201900004205,3,34,,0,2,1,1,B01
201900004205,3,7,,0,2,0,10,A01
201900004206,3,1,,0,2,8,25,B01
201900004206,3,7,,0,2,1,25,A01
201900004207,2,1,,0,0,0,1,A01
201900004208,1,7,,0,2,1,1,A01
201900004208,1,7,,0,2,4,0,C01
201900004208,1,7,,0,2,4,0,E01
201900004208,1,7,,0,2,4,0,B01
201900004208,1,7,,0,2,4,0,D01
201900004209,2,33,,0,0,9,26,A01
201900004210,2,7,,0,2,1,0,Z01
201900004210,2,7,,0,2,6,26,A01
201900004211,1,7,,0,2,2,2,B01
201900004211,1,32,,0,2,1,9,A01
201900004212,1,7,,0,1,1,15,A01
201900004213,1,10,,0,1,3,1,A01
201900004214,2,30,,15,0,1,1,A01
201900004215,2,3,,1,0,1,1,A01
201900004216,1,30,,0,0,0,26,A01
201900004217,2,7,,12,0,1,14,A01
201900004218,2,33,,0,2,1,2,A01
201900004218,2,7,,7,0,4,23,B01
201900004219,3,31,,0,2,8,18,A01
201900004219,0,7,,0,2,7,23,B01
201900004220,2,7,,0,2,8,1,B01
201900004220,2,99,,0,6,7,1,Z01
201900004221,2,1,,0,2,5,1,B01