Num_Acc,senc,catv,occutc,obs,obsm,choc,manv,num_veh
201900004221,1,7,,0,2,3,9,A01
201900004222,2,1,,0,1,0,1,A01
201900004223,1,7,,1,1,1,14,A01
201900004224,1,31,,12,1,1,17,A01
201900004224,1,7,,2,1,8,15,B01
201900004225,3,7,,0,2,1,2,A01
201900004225,3,7,,0,2,4,2,B01
201900004225,3,7,,0,2,1,2,C01
201900004225,3,7,,0,2,1,2,D01
201900004226,1,31,,0,0,8,17,A01
201900004227,1,31,,0,2,1,1,B01
201900004227,2,7,,0,2,1,15,A01
201900004228,2,3,,8,0,9,13,A01
201900004229,0,1,,0,2,0,15,B01
201900004229,0,7,,0,2,2,1,A01
201900004230,3,7,,0,6,7,1,A01
201900004230,3,1,,0,0,0,0,B01
201900004231,0,1,,0,2,1,0,A01
201900004231,0,7,,0,2,8,1,B01
201900004232,1,2,,0,2,1,2,A01
201900004232,1,7,,0,2,4,2,B01
201900004233,2,33,,4,0,1,13,A01
201900004234,0,7,,0,2,3,15,A01
201900004234,0,32,,0,2,1,1,B01
201900004235,0,1,,6,0,1,13,A01
201900004236,1,7,,0,2,2,16,A01
201900004236,2,1,,0,2,7,1,B01
201900004237,1,7,,0,2,1,17,A01
201900004237,1,7,,0,2,3,15,B01
201900004238,1,7,,1,0,3,24,B01
201900004238,1,7,,0,2,3,1,C01
201900004238,3,7,,0,2,0,26,A01
201900004239,2,30,,14,0,1,7,A01
201900004240,3,32,,0,0,0,1,C01
201900004240,3,32,,0,0,8,1,B01
201900004241,2,7,,2,0,2,14,A01
201900004242,3,7,,0,2,1,26,A01
201900004242,3,31,,0,2,1,1,B01
201900004243,1,30,,1,0,1,25,A01
201900004244,1,1,,0,2,1,0,B01
201900004244,2,7,,0,2,0,0,A01
201900004245,1,10,,3,0,5,15,A01
201900004246,1,33,,7,0,1,13,A01
201900004247,1,32,,0,2,1,1,A01
201900004247,1,7,,0,2,4,1,B01
201900004248,2,0,,0,1,2,1,Z01
201900004249,2,7,,8,2,3,1,B01
201900004249,1,7,,9,2,1,15,A01
201900004250,1,7,,0,2,3,9,A01
201900004250,1,34,,0,2,1,0,B01
201900004251,2,7,,0,1,2,1,A01
201900004252,2,34,,0,1,2,1,A01
201900004253,0,7,,0,2,4,24,D01
201900004253,2,7,,1,0,3,1,A01
201900004254,0,7,,1,0,8,1,B01
201900004255,0,7,,0,2,1,5,A01
201900004255,0,7,,0,2,1,0,B01
201900004256,1,30,,2,0,3,26,A01
201900004257,2,33,,0,2,8,7,B01
201900004257,2,33,,0,2,7,16,A01
201900004258,3,33,,0,1,2,17,A01
201900004259,0,7,,0,1,1,21,A01
201900004260,3,7,,0,0,2,19,A01
201900004260,3,1,,0,2,3,19,B01
201900004261,3,7,,0,2,8,20,B01
201900004261,3,33,,0,2,7,17,A01
201900004262,1,34,,0,0,8,0,A01
201900004263,1,7,,0,2,3,12,A01
201900004263,1,7,,0,2,5,23,B01
201900004264,2,7,,8,0,1,16,A01
201900004265,1,30,,0,0,0,10,A01
201900004266,2,7,,0,2,7,1,B01
201900004266,1,1,,0,2,1,19,A01
201900004267,1,7,,2,2,6,23,B01
201900004267,1,7,,0,2,1,2,A01
201900004268,1,7,,0,2,1,6,A01
201900004268,2,10,,0,2,1,1,B01
201900004269,1,7,,2,0,1,1,A01
201900004270,1,7,,0,1,1,1,A01
201900004270,3,1,,0,2,7,19,B01
201900004271,1,33,,0,1,2,1,A01
201900004272,1,7,,0,2,8,16,B01
201900004272,2,2,,0,2,1,15,A01
201900004273,3,7,,1,1,4,26,A01
201900004274,1,7,,0,1,3,1,A01
201900004275,2,7,,0,2,3,15,A01
201900004275,1,32,,0,2,1,1,B01
201900004276,2,7,,0,2,8,1,B01
201900004276,1,30,,0,1,1,7,A01
201900004277,3,7,,0,1,2,1,A01
201900004278,1,10,,0,1,1,26,A01
201900004279,1,7,,1,0,1,14,A01
201900004280,2,10,,0,1,3,9,A01
201900004281,2,30,,7,0,0,26,A01
201900004282,1,7,,0,2,1,1,A01
201900004282,0,7,,0,2,8,1,B01
201900004283,0,30,,1,1,2,1,A01
201900004284,3,10,,0,1,4,4,A01
201900004285,1,7,,0,2,3,1,B01
201900004285,2,7,,15,2,3,1,A01
201900004286,1,7,,0,0,1,1,A01
201900004287,1,32,,0,1,1,1,A01
201900004288,1,7,,0,2,6,1,B01
201900004288,1,7,,0,2,6,1,C01
201900004288,1,7,,0,2,1,2,A01
201900004289,3,7,,0,1,8,1,A01
201900004290,3,7,,0,2,3,1,B01
201900004290,3,7,,0,2,2,15,A01
201900004291,3,2,,0,1,1,1,A01
201900004292,0,7,,0,2,8,1,C01
201900004292,3,40,,0,2,1,1,B01
201900004292,3,7,,0,2,8,15,A01
201900004293,1,7,,0,2,1,1,B01
201900004293,1,7,,0,2,8,10,A01
201900004294,2,7,,0,2,1,2,A01
201900004294,2,7,,0,2,4,2,B01
201900004294,2,7,,0,2,4,2,C01
201900004295,2,17,,0,2,7,2,A01
201900004295,2,16,,0,2,0,2,B01
201900004295,2,1,,0,2,0,2,C01
201900004296,3,7,,0,2,3,16,B01
201900004296,3,7,,0,2,3,15,A01
201900004297,2,2,,0,2,1,9,B01
201900004297,1,7,,0,2,1,9,A01
201900004298,2,7,,0,1,6,20,A01
201900004299,2,7,,0,2,2,1,A01
201900004299,2,99,,0,2,1,17,B01
201900004300,2,7,,0,2,2,19,B01
201900004300,2,7,,0,2,3,26,A01
201900004301,2,7,,0,1,3,9,Z01
201900004302,3,40,,0,1,3,26,A01
201900004303,1,7,,0,2,4,2,C01
201900004303,1,7,,0,2,4,2,B01
201900004303,1,7,,0,2,1,2,A01
201900004304,1,10,,0,2,4,2,C01
201900004304,1,7,,0,2,4,2,B01
201900004304,1,7,,0,2,1,2,A01
201900004305,3,14,,0,2,1,1,B01
201900004305,3,7,,0,2,1,1,A01
201900004306,1,7,,0,2,4,1,B01
201900004306,1,7,,0,2,1,1,A01
201900004307,1,7,,9,0,1,1,A01
201900004308,1,31,,0,1,1,1,A01
201900004309,2,7,,14,1,9,1,D01
201900004309,2,7,,0,2,1,1,B01
201900004309,2,7,,0,2,4,1,C01
201900004309,2,33,,14,0,9,2,A01
201900004310,1,7,,0,2,0,15,A01
201900004310,2,2,,0,2,1,1,B01
201900004311,2,7,,0,2,6,26,A01
201900004311,3,7,,0,2,6,23,B01
201900004312,2,1,,0,2,7,1,B01
201900004312,2,7,,0,2,1,16,A01
201900004313,1,7,,0,1,1,1,A01
201900004314,3,7,,6,2,1,19,A01
201900004314,1,33,,6,2,0,1,B01
201900004315,2,7,,0,1,3,2,A01
201900004316,1,7,,9,1,1,1,A01
201900004317,2,10,,0,2,1,0,B01
201900004317,1,7,,0,2,1,13,A01
201900004318,1,7,,6,0,2,14,A01
201900004319,1,7,,0,1,8,1,A01
201900004320,1,7,,0,1,1,1,A01
201900004321,3,7,,0,2,2,1,B01
201900004321,3,32,,0,2,3,15,A01
201900004322,0,10,,0,6,1,9,A01
201900004322,0,33,,0,2,1,1,B01
201900004323,2,7,,0,2,3,2,A01
201900004323,1,7,,0,2,3,2,C01
201900004323,2,7,,0,2,9,2,B01
201900004324,2,2,,0,2,7,1,B01
201900004324,3,7,,1,0,4,20,A01
201900004325,2,7,,0,1,7,16,A01
201900004326,2,7,,0,1,2,1,A01
201900004327,3,7,,6,0,3,1,A01
201900004328,1,7,,0,2,1,2,A01
201900004328,1,7,,0,2,1,2,C01
201900004328,1,7,,0,2,4,2,D01
201900004328,1,7,,0,2,1,2,B01
201900004329,3,10,,0,1,2,1,A01
201900004330,2,7,,0,1,8,15,A01
201900004331,3,7,,0,2,7,0,B01
201900004331,3,0,,0,2,6,1,D01
201900004332,2,7,,0,2,3,15,B01
201900004332,2,7,,0,2,3,15,A01
201900004333,1,7,,0,1,1,26,A01
201900004334,2,7,,0,0,0,9,A01
201900004334,2,31,,0,0,3,21,B01
201900004335,1,7,,13,0,9,14,A01
201900004336,2,30,,0,0,0,26,A01
201900004337,2,7,,1,0,2,0,A01
201900004338,2,7,,0,2,1,26,A01
201900004338,2,7,,0,0,0,26,C01
201900004338,1,37,2.0,0,2,8,1,B01
201900004339,3,7,,0,2,3,1,B01
201900004339,3,7,,0,2,1,19,A01
201900004340,0,7,,0,2,1,1,B01
201900004340,0,7,,0,2,1,1,A01
201900004341,0,7,,6,0,2,14,A01
201900004342,2,7,,0,2,1,2,A01
201900004342,1,7,,0,2,4,1,B01
201900004343,1,7,,4,2,1,1,A01
201900004343,2,7,,0,2,7,1,B01
201900004344,1,7,,0,2,1,1,A01
201900004344,1,7,,0,2,4,1,B01
201900004344,2,7,,0,2,1,1,C01
201900004345,1,1,,0,2,1,1,A01
201900004346,3,7,,0,2,4,26,B01
201900004346,3,7,,0,2,1,26,A01
201900004347,1,7,,0,1,2,1,A01
201900004348,1,7,,0,2,1,1,B01
201900004348,1,7,,0,2,4,15,A01
201900004349,2,7,,0,2,3,16,A01
201900004349,1,7,,0,2,3,1,C01
201900004349,2,7,,0,2,2,1,B01
201900004350,2,7,,0,2,8,15,A01
201900004350,1,33,,0,2,1,1,B01
201900004351,3,7,,1,0,1,0,A01
201900004352,2,37,8.0,0,2,1,2,A01
201900004352,2,7,,0,2,4,2,B01
201900004352,2,7,,0,2,4,2,C01
201900004353,1,7,,0,2,3,9,B01
201900004353,1,7,,0,2,2,1,A01
201900004354,1,1,,0,2,3,5,B01
201900004354,1,7,,0,0,3,9,A01
201900004355,3,7,,2,0,7,14,A01
201900004356,1,31,,0,2,1,1,A01
201900004356,1,7,,0,1,4,1,B01
201900004357,2,33,,0,2,1,0,B01
201900004357,1,7,,0,2,3,15,A01
201900004358,2,7,,0,2,3,15,A01
201900004358,1,2,,0,2,1,1,B01
201900004359,1,7,,0,1,1,1,A01
201900004360,1,33,,0,2,1,1,B01
201900004360,1,7,,0,2,3,16,A01
201900004361,1,7,,0,1,7,1,A01
201900004362,1,7,,0,1,8,1,A01
201900004363,1,7,,6,0,3,19,A01
201900004364,2,7,,2,0,0,26,A01
201900004365,3,10,,0,2,1,1,A01
201900004365,3,7,,0,2,1,1,B01
201900004366,2,3,,13,0,1,1,A01
201900004367,1,7,,0,1,1,11,A01
201900004368,3,10,,0,1,4,4,A01
201900004369,1,7,,0,2,3,1,B01
201900004369,1,7,,0,2,1,1,A01
201900004370,2,1,,0,2,1,2,B01
201900004370,2,7,,0,2,7,16,A01
201900004371,2,7,,0,1,4,4,A01
201900004372,2,1,,0,2,4,9,B01
201900004372,1,7,,0,9,2,9,A01
201900004373,2,7,,0,2,1,1,A01
201900004373,2,7,,0,2,4,23,B01
201900004374,3,7,,0,2,3,1,B01
201900004374,3,10,,0,2,1,1,A01
201900004375,2,7,,0,1,1,16,A01
201900004376,3,7,,0,2,1,1,A01
201900004376,3,7,,0,2,4,1,C01
201900004376,3,7,,0,2,1,1,B01
201900004377,2,7,,0,2,5,1,A01
201900004377,1,7,,0,2,1,1,B01
201900004378,3,7,,0,2,1,1,B01
201900004378,3,7,,0,2,2,15,A01
201900004379,3,7,,0,2,1,0,B01
201900004379,3,7,,0,2,1,15,A01
201900004380,3,7,,0,1,1,26,Z01
201900004381,0,7,,0,1,1,9,A01
201900004381,0,7,,0,2,1,2,B01
201900004382,1,1,,0,2,7,19,B01
201900004382,3,7,,0,2,1,23,A01
201900004383,3,7,,0,2,2,15,A01
201900004383,3,34,,0,2,8,1,B01
201900004384,1,15,,0,2,4,2,B01
201900004384,1,7,,0,2,1,2,A01
201900004385,2,7,,0,0,0,0,B01
201900004385,1,10,,0,2,1,15,A01
201900004386,1,1,,0,2,6,1,A01
201900004386,1,7,,0,2,1,2,B01
201900004387,1,10,,0,2,4,1,B01
201900004387,1,31,,0,2,1,1,A01
201900004388,1,1,,0,2,1,26,B01
201900004388,3,7,,0,2,2,15,A01
201900004389,3,34,,16,0,1,13,A01
201900004390,3,2,,0,2,1,1,B01
201900004390,3,7,,0,2,8,1,A01
201900004391,2,2,,0,2,5,1,B01
201900004391,2,7,,0,2,2,13,A01
201900004392,2,7,,0,2,1,2,A01
201900004392,2,7,,0,2,4,1,B01
201900004392,2,7,,0,2,4,1,C01
201900004393,2,1,,0,2,0,1,B01
201900004393,1,10,,0,2,3,15,A01
201900004394,1,7,,0,1,8,1,Z01
201900004395,1,31,,4,0,1,1,A01
201900004396,1,33,,0,0,4,23,B01
201900004396,1,7,,0,2,1,1,A01
201900004397,0,7,,0,1,2,1,A01
201900004398,2,10,,0,1,1,9,A01
201900004399,2,1,,0,2,1,9,A01
201900004399,2,32,,0,2,1,1,B01
201900004400,2,7,,0,2,1,1,B01
201900004400,2,1,,0,2,1,1,A01
201900004401,0,7,,0,2,7,16,A01
201900004401,0,7,,0,2,3,1,C01
201900004401,0,7,,0,2,1,1,B01
201900004402,2,7,,0,2,3,9,A01
201900004402,2,1,,0,2,1,1,B01
201900004403,1,7,,0,1,0,17,Z01
201900004404,1,7,,0,2,3,23,B01
201900004404,1,2,,0,2,1,2,A01
201900004405,2,33,,0,2,1,1,A01
201900004405,2,7,,0,2,0,12,Z01
201900004406,2,7,,0,2,4,23,A01
201900004406,2,17,,0,2,1,1,B01
201900004407,2,7,,0,2,1,1,A01
201900004407,2,17,,0,2,6,1,B01
201900004408,1,33,,0,0,8,1,A01
201900004409,1,7,,0,2,6,9,A01
201900004409,1,15,,0,2,2,1,B01
201900004410,2,32,,0,2,1,1,B01
201900004410,2,7,,0,0,1,1,A01
201900004411,2,7,,0,2,4,1,C01
201900004411,2,7,,0,2,7,12,B01
201900004411,2,33,,0,2,1,3,A01
201900004412,1,14,,0,2,2,2,B01
201900004412,1,33,,0,2,3,9,A01
201900004413,1,7,,0,2,1,1,A01
201900004413,1,7,,0,2,4,1,B01
201900004414,1,13,,0,2,8,13,A01
201900004414,1,7,,4,2,7,1,B01
201900004415,2,33,,0,2,1,2,B01
201900004415,1,7,,0,2,6,9,A01
201900004416,1,7,,0,2,6,1,B01
201900004416,1,7,,0,2,1,12,A01
201900004417,1,7,,0,1,3,1,A01
201900004418,2,7,,3,0,2,2,A01
201900004419,1,7,,0,2,4,2,A01
201900004419,1,7,,0,2,4,2,B01
201900004419,2,7,,0,2,1,2,C01
201900004420,2,33,,4,0,7,9,A01
201900004421,1,31,,0,2,8,1,B01
201900004421,1,7,,0,2,7,12,A01
201900004422,1,7,,0,2,5,1,C01
201900004422,1,7,,0,2,7,12,B01
201900004422,1,33,,0,2,1,3,A01
201900004423,1,7,,0,2,6,2,B01
201900004423,1,7,,0,2,2,2,A01
201900004424,2,7,,0,2,8,1,C01
201900004424,2,10,,0,2,5,23,B01
201900004424,2,10,,0,2,3,21,A01
201900004425,1,7,,0,2,7,12,B01
201900004425,1,33,,0,2,8,3,A01
201900004426,2,7,,6,0,8,1,A01
201900004427,1,7,,3,2,7,1,B01
201900004427,1,7,,4,2,9,9,A01
201900004428,2,7,,3,0,4,16,A01
201900004429,2,7,,0,0,4,26,B01
201900004429,2,7,,0,2,1,26,A01
201900004430,1,10,,0,2,6,23,B01
201900004430,1,33,,0,2,1,2,A01
201900004431,2,10,,0,2,5,14,B01
201900004431,2,31,,0,2,3,3,A01
201900004432,2,33,,0,2,8,3,A01
201900004432,2,7,,0,2,6,1,B01
201900004433,1,10,,0,2,0,0,A01
201900004433,1,10,,0,2,0,0,B01
201900004434,1,7,,0,2,4,12,B01
201900004434,1,7,,0,2,1,12,A01
201900004435,3,7,,0,1,1,1,A01
201900004436,1,33,,0,0,0,0,A01
201900004437,1,33,,16,0,0,1,A01
201900004438,1,7,,0,2,5,26,B01
201900004438,1,7,,0,2,1,26,A01
201900004439,1,33,,0,2,1,17,B01
201900004439,1,7,,0,2,3,15,A01
201900004440,1,1,,0,2,8,15,B01
201900004440,1,7,,0,2,1,1,A01
201900004441,3,7,,0,2,3,15,A01
201900004441,1,7,,0,2,1,1,B01
201900004442,3,10,,0,2,1,26,A01
201900004442,3,7,,0,1,4,1,B01
201900004443,3,2,,0,0,7,26,A01
201900004444,1,33,,9,0,1,26,A01
201900004445,3,7,,0,1,1,1,A01
201900004446,2,34,,0,1,2,2,A01
201900004447,1,7,,0,2,3,20,A01
201900004447,1,33,,0,2,1,2,B01
201900004448,3,10,,0,2,1,15,B01
201900004448,3,10,,0,2,1,15,A01
201900004449,1,7,,4,0,1,13,A01
201900004450,1,7,,4,0,7,12,A01
201900004451,1,7,,0,2,1,2,A01
201900004451,1,17,,0,2,4,2,B01
201900004452,1,7,,0,2,5,1,B01
201900004452,1,7,,0,2,3,12,A01
201900004453,1,7,,11,0,1,16,A01
201900004454,2,7,,0,0,0,0,Z01
201900004454,2,7,,6,0,2,1,B01
201900004455,2,43,,0,2,2,3,B01
201900004455,2,7,,0,2,6,11,A01
201900004456,1,32,,0,2,1,3,A01
201900004456,1,7,,0,2,4,1,B01
201900004457,2,10,,0,2,1,2,A01
201900004457,2,7,,0,0,4,1,B01
201900004458,3,30,,16,0,8,0,A01
201900004459,1,7,,4,0,1,1,A01
201900004460,1,7,,0,1,1,26,A01
201900004461,3,7,,0,1,4,2,B01
201900004461,3,7,,0,2,1,2,A01
201900004462,3,13,,0,2,5,26,A01
201900004462,3,7,,0,2,7,1,B01
201900004463,3,7,,0,2,1,1,A01
201900004463,3,7,,0,2,4,23,B01
201900004464,3,7,,0,2,5,15,A01
201900004464,3,33,,0,2,1,1,B01
201900004465,1,7,,0,6,3,1,B01
201900004465,1,1,,0,2,3,1,A01
201900004466,2,7,,0,6,3,15,B01
201900004466,2,30,,0,2,3,15,A01
201900004467,1,30,,0,0,0,1,A01
201900004468,2,30,,0,0,0,1,A01
201900004469,2,1,,0,6,1,1,A01
201900004470,0,7,,0,0,8,1,B01
201900004470,1,2,,0,2,8,17,A01
201900004471,1,7,,2,0,8,1,A01
201900004472,1,7,,4,0,3,13,A01
201900004473,1,33,,0,2,7,1,B01
201900004473,1,7,,0,6,8,1,A01
201900004474,3,7,,0,2,1,26,B01
201900004474,3,7,,0,2,3,13,A01
201900004475,2,7,,0,1,0,15,A01
201900004476,3,7,,0,1,5,15,B01
201900004476,3,33,,15,2,1,26,A01
201900004477,3,31,,0,2,8,1,B01
201900004477,3,10,,0,2,2,26,A01
201900004478,3,31,,0,2,2,5,B01
201900004478,0,7,,0,2,3,1,A01
201900004479,1,7,,4,0,2,26,A01
201900004480,3,7,,0,2,6,1,B01
201900004480,3,7,,0,2,2,1,A01
201900004481,3,7,,15,0,3,1,A01
201900004482,1,7,,0,2,1,15,A01
201900004482,2,7,,0,2,1,1,B01
201900004483,0,10,,0,1,5,1,A01
201900004484,0,7,,0,2,1,1,A01
201900004485,1,7,,0,1,1,1,A01
201900004486,3,7,,0,0,9,17,A01
201900004487,2,7,,0,2,2,21,B01
201900004487,2,1,,0,2,3,13,A01
201900004488,1,7,,0,1,1,26,A01
201900004489,3,7,,1,0,1,14,A01
201900004490,1,7,,0,2,6,1,B01
201900004490,1,33,,0,2,1,0,A01
201900004491,3,33,,0,2,7,1,B01
201900004491,3,7,,0,2,3,9,A01
201900004492,1,10,,0,2,2,1,A01
201900004492,1,7,,0,2,9,16,B01
201900004492,1,7,,0,2,6,1,C01
201900004493,1,33,,0,2,1,2,A01
201900004493,1,7,,0,2,5,15,B01
201900004494,1,1,,0,1,1,1,A01
201900004495,1,7,,0,2,6,15,A01
201900004495,1,34,,0,2,1,1,B01
201900004496,2,2,,0,0,2,0,B01
201900004496,2,7,,0,2,0,4,A01
201900004497,1,7,,0,1,1,1,A01
201900004498,3,2,,0,2,1,1,B01
201900004498,3,7,,0,2,0,15,Z01
201900004499,1,7,,0,2,3,1,B01
201900004499,1,2,,0,2,1,13,A01
201900004500,3,1,,0,2,8,25,B01
201900004500,3,7,,0,2,1,1,A01
201900004501,3,7,,0,2,4,0,B01
201900004501,3,10,,0,2,1,2,A01
201900004502,3,7,,14,0,1,26,A01
201900004503,3,7,,0,1,1,9,A01
201900004504,1,7,,0,2,2,1,B01
201900004504,1,7,,0,2,3,1,A01
201900004505,3,7,,0,1,1,9,A01
201900004505,3,50,,0,2,1,26,B01
201900004506,2,7,,0,2,3,13,A01
201900004506,2,33,,1,2,7,17,B01
201900004507,2,7,,0,2,7,1,B01
201900004507,2,7,,0,2,1,1,A01
201900004508,2,7,,0,2,1,2,D01
201900004508,1,7,,0,2,4,23,C01
201900004508,2,7,,0,2,1,14,B01
201900004508,2,10,,15,2,1,23,A01
201900004509,2,7,,0,2,1,1,D01
201900004509,2,7,,0,2,1,1,C01
201900004509,2,7,,0,2,1,1,B01
201900004509,2,7,,0,2,4,1,A01
201900004510,1,7,,0,0,0,9,A01
201900004510,1,33,,0,2,0,0,B01
201900004511,1,7,,0,2,3,19,B01
201900004511,2,1,,0,2,1,1,A01
201900004512,3,7,,0,2,3,15,B01
201900004512,1,31,,0,2,2,1,A01
201900004513,2,2,,0,2,8,1,B01
201900004513,1,7,,0,2,1,9,A01
201900004514,3,7,,0,2,8,15,A01
201900004514,1,34,,0,2,1,17,B01
201900004515,1,7,,0,1,3,0,A01
201900004516,1,0,,0,1,1,26,A01
201900004517,1,7,,0,2,1,1,B01
201900004517,2,7,,8,2,8,1,A01
201900004518,2,7,,0,2,5,1,B01
201900004518,1,32,,0,2,1,1,A01
201900004519,1,32,,14,0,1,1,B01
201900004519,1,10,,0,0,0,0,A01
201900004520,1,32,,0,2,8,1,B01
201900004520,1,7,,0,2,1,9,A01
201900004521,1,7,,0,2,0,0,A01
201900004521,1,33,,0,2,2,1,B01
201900004522,1,7,,0,1,1,1,A01
201900004523,3,99,,0,1,0,0,A01
201900004524,2,7,,0,1,2,21,A01
201900004525,1,7,,0,1,1,1,A01
201900004526,2,7,,0,2,3,13,A01
201900004526,1,7,,0,2,1,1,C01
201900004526,1,7,,0,2,6,1,B01
201900004527,2,10,,4,2,9,21,A01
201900004528,1,7,,0,2,1,2,A01
201900004528,1,7,,0,2,4,2,B01
201900004529,3,7,,0,1,0,20,A01
201900004530,3,7,,0,2,1,1,B01
201900004530,3,7,,0,2,1,15,A01
201900004531,1,7,,0,1,1,13,A01
201900004532,1,30,,0,2,0,0,A01
201900004532,1,7,,0,2,3,1,B01
201900004533,2,7,,0,2,1,2,A01
201900004533,2,7,,0,2,4,23,B01
201900004534,2,7,,0,6,8,16,A01
201900004534,1,1,,0,2,1,1,B01
201900004535,2,2,,0,2,1,1,A01
201900004535,2,7,,0,2,7,1,B01
201900004536,3,30,,16,0,1,26,A01
201900004537,2,7,,0,2,3,1,B01
201900004537,1,7,,0,2,2,15,A01
201900004538,3,32,,15,2,1,14,A01
201900004539,0,7,,0,1,1,19,A01
201900004540,3,34,,0,2,1,17,A01
201900004540,3,7,,0,2,3,21,B01
201900004541,2,7,,0,2,1,2,A01
201900004541,2,37,1.0,0,0,4,23,C01
201900004541,2,7,,0,2,1,2,B01
201900004542,2,2,,0,2,3,12,A01
201900004542,2,10,,0,2,2,12,B01
201900004543,2,7,,0,2,1,1,A01
201900004543,1,7,,0,2,3,1,B01
201900004544,2,0,,0,1,0,1,Z01
201900004545,1,7,,0,2,6,2,A01
201900004545,1,7,,0,2,2,2,B01
201900004546,1,7,,0,2,1,1,B01
201900004546,1,7,,8,2,8,1,A01
201900004547,1,10,,0,1,2,1,A01
201900004548,3,7,,0,1,2,26,A01
201900004549,3,7,,0,2,7,26,A01
201900004549,3,30,,0,2,0,26,B01
201900004550,1,0,,13,0,0,15,A01
201900004551,1,2,,0,2,1,13,B01
201900004551,1,7,,0,2,4,2,A01
201900004552,1,99,,0,1,1,1,Z01
201900004553,1,10,,0,1,2,9,A01
201900004554,2,7,,0,2,1,0,B01
201900004554,2,7,,12,2,4,23,A01
201900004555,1,33,,0,2,1,21,A01
201900004555,1,7,,0,2,3,19,B01
201900004556,3,7,,3,0,2,1,A01
201900004557,0,30,,0,2,1,26,A01
201900004557,0,7,,0,2,6,0,B01
201900004558,3,7,,0,2,2,15,A01
201900004558,3,1,,0,2,1,1,B01
201900004559,2,10,,0,2,7,2,B01
201900004559,1,7,,0,2,1,2,A01
201900004560,1,7,,0,1,2,1,A01
201900004561,0,7,,8,0,5,14,A01
201900004562,0,7,,0,1,1,1,A01
201900004563,0,33,,0,2,1,2,A01
201900004563,0,7,,0,2,4,1,B01
201900004564,2,7,,0,1,3,19,A01
201900004565,1,37,5.0,0,2,2,1,B01
201900004565,1,7,,0,2,3,15,C01
201900004566,3,7,,0,1,2,1,A01
201900004567,3,7,,0,1,1,26,A01
201900004568,1,7,,0,2,7,16,A01
201900004568,2,34,,0,2,8,18,B01
201900004569,2,32,,9,0,1,1,A01
201900004570,2,7,,3,0,1,2,A01
201900004571,1,7,,0,2,6,11,B01
201900004571,1,33,,0,2,1,3,A01
201900004572,2,30,,0,0,0,15,A01
201900004573,1,7,,0,2,3,9,A01
201900004573,1,7,,0,2,1,1,B01
201900004574,1,2,,0,2,8,9,B01
201900004574,1,10,,0,2,1,9,A01
201900004575,2,7,,0,2,5,23,A01
201900004576,1,7,,0,2,1,2,A01
201900004576,1,7,,0,2,4,2,C01
201900004576,2,7,,0,2,4,2,B01
201900004576,1,7,,0,2,4,2,D01
201900004577,1,33,,12,0,1,0,A01
201900004578,1,7,,0,2,1,1,B01
201900004578,2,7,,0,2,3,1,A01
201900004579,1,7,,0,2,3,1,C01
201900004579,2,7,,0,2,3,21,B01
201900004579,1,7,,13,0,1,9,A01
201900004580,2,7,,0,2,2,1,B01
201900004580,1,7,,0,2,1,1,A01
201900004581,2,7,,0,2,3,9,A01
201900004581,2,30,,0,2,7,1,B01
201900004582,1,33,,0,2,1,1,A01
201900004582,1,7,,0,2,6,12,B01
201900004583,1,33,,12,0,1,14,A01
201900004584,1,10,,0,2,1,2,A01
201900004584,1,7,,0,2,4,23,B01
201900004585,2,7,,0,1,1,1,A01
201900004586,2,7,,0,2,1,1,C01
201900004586,2,7,,0,2,2,0,B01
201900004586,2,7,,1,2,1,1,A01
201900004587,2,7,,0,2,8,15,B01
201900004587,2,32,,0,2,7,7,A01
201900004588,2,33,,0,2,1,0,A01
201900004588,3,10,,0,2,6,1,B01
201900004589,2,50,,9,0,0,26,A01
201900004590,1,7,,0,1,3,2,A01
201900004591,3,7,,0,2,4,23,B01
201900004591,3,7,,0,0,4,23,C01
201900004591,3,7,,0,2,1,2,A01
201900004592,2,32,,0,1,1,25,A01
201900004593,1,7,,0,1,2,15,A01
201900004594,3,99,,8,0,1,25,A01
201900004595,2,99,,0,1,1,17,A01
201900004596,1,7,,0,2,2,19,A01
201900004596,2,33,,0,2,1,1,B01
201900004597,1,1,,0,1,1,2,A01
201900004598,1,7,,0,2,8,11,A01
201900004598,1,33,,0,2,7,1,B01
201900004599,3,7,,0,2,8,0,B01
201900004599,3,7,,0,2,2,15,A01
201900004600,2,30,,0,1,0,26,A01
201900004601,1,33,,0,2,1,13,A01
201900004601,1,21,,0,2,3,15,B01
201900004602,1,31,,0,2,8,11,A01
201900004602,1,7,,0,2,5,0,B01
201900004603,2,7,,0,2,4,1,B01
201900004603,1,7,,0,2,1,15,A01
201900004604,2,7,,0,2,1,2,B01
201900004604,2,7,,0,2,4,1,A01
201900004605,1,7,,12,0,1,14,A01
201900004606,2,33,,14,0,4,17,A01
201900004607,2,34,,0,2,0,1,B01
201900004607,3,7,,0,2,8,16,A01
201900004608,1,7,,0,1,3,9,A01
201900004609,1,30,,0,1,1,15,A01
201900004610,3,7,,0,1,4,26,A01
201900004611,1,7,,0,1,2,26,A01
201900004612,1,1,,0,2,1,2,B01
201900004612,1,7,,0,2,2,12,A01
201900004613,1,7,,0,1,3,16,A01
201900004614,3,7,,0,1,1,16,A01
201900004615,1,7,,0,1,0,26,A01
201900004616,3,1,,0,2,1,21,B01