Num_Acc,senc,catv,occutc,obs,obsm,choc,manv,num_veh
201900004616,3,7,,0,2,3,9,A01
201900004617,3,7,,0,0,3,23,B01
201900004617,3,33,,0,1,1,17,A01
201900004618,1,33,,0,2,2,1,A01
201900004618,1,7,,0,2,6,1,B01
201900004619,2,7,,1,0,2,2,A01
201900004620,1,32,,0,2,5,12,B01
201900004620,1,7,,0,2,3,26,A01
201900004621,1,33,,0,2,8,1,B01
201900004621,3,7,,0,2,5,16,A01
201900004622,1,7,,0,2,1,0,B01
201900004622,1,7,,0,2,1,26,A01
201900004623,3,30,,0,2,7,9,A01
201900004623,3,31,,0,2,1,9,B01
201900004624,1,10,,0,2,8,15,B01
201900004624,1,2,,0,2,1,17,A01
201900004625,3,7,,0,2,1,1,B01
201900004625,3,7,,0,2,3,15,A01
201900004626,3,32,,0,1,1,11,A01
201900004627,3,7,,0,2,1,26,A01
201900004627,3,7,,0,2,4,2,B01
201900004628,3,7,,0,2,3,1,B01
201900004628,3,7,,0,2,5,10,A01
201900004629,1,7,,0,1,4,26,B01
201900004629,1,31,,0,2,1,1,A01
201900004630,1,33,,0,2,1,1,B01
201900004630,2,7,,0,2,5,15,A01
201900004631,2,7,,0,2,1,2,B01
201900004631,2,32,,0,2,4,23,A01
201900004632,3,7,,2,0,9,14,A01
201900004633,1,32,,0,2,1,1,B01
201900004633,2,10,,0,2,5,15,A01
201900004633,3,0,,0,2,1,1,A01
201900004634,2,7,,0,1,3,15,A01
201900004635,1,7,,0,2,1,1,A01
201900004635,1,7,,0,2,4,23,B01
201900004636,3,7,,13,0,9,1,A01
201900004637,3,33,,0,0,0,0,B01
201900004637,3,7,,0,0,0,0,A01
201900004638,3,2,,0,2,1,1,B01
201900004638,3,7,,0,2,1,15,A01
201900004639,0,7,,0,1,1,15,A01
201900004640,2,7,,0,2,6,19,B01
201900004640,1,33,,0,2,1,1,A01
201900004641,0,7,,0,1,2,1,A01
201900004642,0,7,,0,2,1,9,A01
201900004642,0,7,,0,2,0,1,B01
201900004643,2,7,,0,1,2,1,A01
201900004644,0,7,,0,2,4,2,B01
201900004644,3,7,,0,2,4,2,C01
201900004644,3,7,,0,2,1,2,A01
201900004645,0,7,,0,1,2,1,A01
201900004646,1,30,,0,1,1,2,A01
201900004647,2,7,,0,1,1,2,A01
201900004648,3,7,,0,2,7,2,B01
201900004648,3,33,,0,2,8,2,A01
201900004649,3,50,,0,0,0,0,A01
201900004650,2,33,,0,2,1,1,B01
201900004650,2,7,,0,2,6,15,A01
201900004651,3,31,,0,2,1,14,A01
201900004651,3,7,,0,2,5,2,B01
201900004652,2,7,,0,1,3,1,A01
201900004653,1,7,,12,2,1,1,A01
201900004653,1,7,,0,2,1,1,B01
201900004654,1,33,,0,2,1,1,B01
201900004654,2,7,,0,2,3,15,A01
201900004655,2,17,,0,2,8,24,B01
201900004655,2,13,,0,2,1,1,C01
201900004655,2,7,,1,2,1,14,A01
201900004656,2,10,,0,2,4,2,B01
201900004656,2,7,,0,2,1,2,A01
201900004657,3,7,,0,2,1,1,B01
201900004657,3,7,,0,2,1,13,A01
201900004658,1,30,,0,1,1,17,A01
201900004659,2,7,,0,2,1,1,B01
201900004659,1,7,,0,2,8,19,A01
201900004660,2,30,,0,2,1,1,A01
201900004660,1,7,,0,2,3,15,B01
201900004661,2,7,,0,2,1,1,B01
201900004661,1,7,,0,2,3,1,C01
201900004661,1,7,,0,2,1,15,A01
201900004662,3,33,,0,0,1,1,A01
201900004663,1,7,,0,2,1,1,A01
201900004663,1,7,,0,2,4,1,B01
201900004664,1,33,,3,0,1,1,A01
201900004665,2,30,,0,2,1,2,B01
201900004665,1,30,,0,2,1,5,A01
201900004666,1,32,,0,2,1,17,A01
201900004666,2,7,,0,2,0,0,B01
201900004667,1,7,,0,2,8,19,B01
201900004667,1,33,,0,2,1,17,A01
201900004668,1,7,,0,2,4,15,C01
201900004668,1,7,,0,2,4,0,B01
201900004668,1,7,,0,2,1,26,A01
201900004669,1,7,,0,2,1,2,B01
201900004669,1,34,,0,2,4,2,A01
201900004670,2,7,,0,2,3,13,B01
201900004670,1,34,,0,2,7,14,A01
201900004671,2,1,,0,2,1,1,B01
201900004671,2,14,,0,2,7,16,A01
201900004672,1,2,,0,2,1,1,B01
201900004672,1,7,,0,2,3,1,A01
201900004673,0,7,,0,2,1,1,A01
201900004673,0,7,,0,2,0,1,B01
201900004674,1,1,,0,2,1,15,A01
201900004674,2,7,,0,2,2,1,B01
201900004675,2,7,,15,0,1,1,A01
201900004676,2,7,,0,1,1,1,A01
201900004677,1,7,,0,2,2,15,A01
201900004677,2,1,,0,2,1,1,B01
201900004678,1,10,,0,2,2,10,D01
201900004678,2,32,,1,2,1,1,C01
201900004679,3,7,,0,2,1,1,B01
201900004679,1,7,,0,2,3,21,A01
201900004680,2,33,,4,0,2,14,A01
201900004681,2,7,,0,2,1,1,A01
201900004681,1,7,,0,2,3,1,B01
201900004682,2,7,,0,1,8,1,A01
201900004683,2,7,,0,1,3,2,A01
201900004684,3,7,,0,1,1,26,A01
201900004685,1,7,,6,1,2,9,A01
201900004686,1,1,,0,2,8,15,A01
201900004686,1,7,,0,2,2,1,B01
201900004687,2,7,,0,2,1,15,B01
201900004687,2,3,,0,2,1,1,C01
201900004687,1,7,,0,2,0,0,A01
201900004688,2,1,,0,2,1,1,B01
201900004688,2,7,,0,2,2,16,A01
201900004689,1,1,,0,2,1,9,A01
201900004689,1,7,,0,2,2,1,B01
201900004690,1,7,,0,2,1,2,A01
201900004690,1,7,,0,2,4,2,C01
201900004690,1,7,,0,2,4,2,B01
201900004691,1,7,,0,1,1,2,Z01
201900004692,3,7,,0,2,4,26,A01
201900004692,3,7,,0,2,1,23,C01
201900004692,0,7,,0,2,4,23,B01
201900004693,1,7,,0,2,3,0,B01
201900004693,1,7,,13,6,3,2,A01
201900004694,2,31,,0,2,1,17,A01
201900004694,2,7,,0,2,3,1,B01
201900004695,3,30,,0,2,1,1,A01
201900004695,3,7,,0,2,1,1,B01
201900004696,2,7,,0,2,1,15,A01
201900004696,1,7,,0,2,1,1,B01
201900004697,3,7,,0,2,3,19,B01
201900004697,3,10,,0,2,2,19,A01
201900004698,1,7,,1,1,1,1,A01
201900004699,3,99,,0,2,1,9,A01
201900004699,1,7,,0,2,8,1,B01
201900004700,3,7,,0,2,4,23,B01
201900004700,3,7,,0,2,4,23,C01
201900004700,3,7,,0,2,1,26,A01
201900004701,1,7,,0,2,1,1,B01
201900004701,2,7,,0,2,1,1,A01
201900004702,2,7,,0,2,5,16,B01
201900004702,2,31,,0,2,1,5,A01
201900004703,3,2,,14,0,1,1,A01
201900004704,2,7,,14,2,4,23,B01
201900004704,2,7,,0,2,4,23,C01
201900004704,2,7,,14,0,4,26,A01
201900004705,2,7,,0,2,1,17,A01
201900004705,2,7,,6,0,6,15,B01
201900004706,1,1,,0,2,1,18,B01
201900004706,1,7,,0,2,2,16,A01
201900004707,1,33,,0,1,0,21,A01
201900004708,1,7,,0,2,2,1,A01
201900004708,2,1,,0,2,0,0,B01
201900004709,1,7,,0,2,5,16,A01
201900004709,2,31,,0,2,1,14,B01
201900004710,1,7,,0,2,4,2,B01
201900004710,1,7,,0,2,1,2,A01
201900004711,2,1,,0,-1,3,19,B01
201900004711,1,40,,0,2,2,1,A01
201900004712,1,40,,0,1,1,1,A01
201900004713,1,1,,0,1,0,1,A01
201900004714,1,1,,0,2,7,1,A01
201900004714,1,7,,0,2,1,15,Z01
201900004715,1,10,,0,1,4,4,A01
201900004716,1,7,,0,1,2,1,A01
201900004717,1,7,,0,2,3,15,B01
201900004717,1,10,,0,2,2,1,A01
201900004718,0,7,,0,1,1,1,A01
201900004719,0,1,,0,2,1,1,A01
201900004719,3,7,,0,2,8,1,B01
201900004720,1,7,,0,0,1,0,A01
201900004721,2,7,,0,2,1,1,A01
201900004721,2,7,,0,2,4,1,B01
201900004722,2,7,,0,2,1,9,A01
201900004722,2,1,,0,2,1,1,B01
201900004723,1,7,,0,2,4,2,B01
201900004723,1,7,,0,2,1,2,A01
201900004724,1,33,,6,0,1,17,B01
201900004724,1,7,,0,0,0,15,A01
201900004725,2,7,,8,0,1,1,A01
201900004726,1,33,,0,2,1,2,B01
201900004726,2,7,,0,2,3,15,A01
201900004727,1,32,,0,0,0,26,A01
201900004728,2,1,,12,0,1,11,A01
201900004729,2,1,,1,0,1,1,B01
201900004729,2,7,,0,2,8,22,A01
201900004730,2,30,,16,0,8,21,A01
201900004731,2,7,,1,0,1,14,A01
201900004732,1,33,,7,0,1,17,A01
201900004733,1,38,1.0,0,2,3,1,B01
201900004733,2,7,,0,2,1,13,A01
201900004734,1,7,,0,2,1,26,A01
201900004734,1,7,,0,2,4,2,C01
201900004734,2,7,,0,2,3,1,B01
201900004734,1,7,,0,2,4,2,D01
201900004735,2,14,,0,2,8,10,A01
201900004735,2,43,,0,2,1,17,B01
201900004736,1,2,,0,2,6,15,B01
201900004736,1,33,,0,2,1,26,A01
201900004737,1,7,,0,2,3,1,A01
201900004737,1,1,,0,2,1,5,B01
201900004738,1,7,,0,2,4,26,B01
201900004738,1,33,,0,2,4,26,A01
201900004739,1,7,,0,1,2,1,A01
201900004740,1,7,,0,1,2,1,A01
201900004741,2,7,,0,2,8,1,B01
201900004741,1,7,,0,2,1,1,A01
201900004742,3,1,,0,2,8,19,B01
201900004742,1,7,,0,2,1,1,A01
201900004743,1,7,,0,2,0,0,A01
201900004743,2,2,,0,0,0,0,B01
201900004744,3,10,,0,1,1,0,Z01
201900004745,0,7,,9,2,4,20,A01
201900004745,1,1,,0,2,7,17,B01
201900004746,3,7,,0,2,3,19,A01
201900004746,3,37,1.0,0,2,7,1,B01
201900004747,3,7,,0,1,1,26,A01
201900004748,3,7,,0,2,1,15,A01
201900004748,3,33,,0,2,1,1,B01
201900004749,3,30,,0,0,1,1,A01
201900004750,1,32,,1,0,1,0,A01
201900004751,1,2,,0,2,0,1,B01
201900004751,2,7,,0,2,8,10,A01
201900004752,2,21,,0,2,3,0,B01
201900004752,1,33,,0,2,3,13,A01
201900004753,1,32,,16,0,8,1,A01
201900004754,1,7,,0,1,2,17,A01
201900004755,2,10,,0,2,8,1,B01
201900004755,1,7,,0,2,1,19,A01
201900004756,1,2,,6,0,0,1,A01
201900004757,2,10,,0,2,3,1,A01
201900004757,1,7,,0,0,8,15,B01
201900004758,0,7,,0,1,5,20,A01
201900004759,3,21,,0,2,1,1,A01
201900004759,3,14,,0,2,1,1,C01
201900004760,2,1,,0,2,1,1,B01
201900004760,1,7,,0,9,2,15,A01
201900004761,1,7,,0,0,6,0,A01
201900004762,2,31,,0,2,1,1,A01
201900004762,3,7,,0,2,3,1,B01
201900004763,2,7,,0,1,4,26,A01
201900004764,2,10,,0,2,1,17,A01
201900004764,1,7,,0,2,1,1,B01
201900004765,2,7,,4,0,3,1,A01
201900004766,2,7,,3,0,1,13,A01
201900004767,2,33,,0,2,7,1,B01
201900004767,2,7,,0,2,8,11,A01
201900004768,1,31,,0,2,1,0,C01
201900004768,1,15,,0,2,2,1,B01
201900004768,1,7,,0,2,8,9,A01
201900004769,1,7,,0,2,1,2,A01
201900004769,1,7,,0,2,4,2,B01
201900004769,1,7,,0,2,1,2,C01
201900004769,1,7,,0,2,1,2,D01
201900004769,1,7,,0,0,0,0,E01
201900004769,1,7,,0,2,1,2,F01
201900004770,2,7,,0,2,1,2,A01
201900004770,2,7,,0,2,4,2,B01
201900004770,2,7,,0,2,4,2,C01
201900004770,2,10,,0,2,1,2,D01
201900004771,3,7,,0,2,6,2,B01
201900004771,3,31,,0,2,6,2,A01
201900004772,1,7,,0,2,4,2,B01
201900004772,1,7,,0,2,1,2,A01
201900004773,2,13,,0,2,6,2,B01
201900004773,2,7,,0,2,1,1,A01
201900004774,2,7,,4,0,1,1,A01
201900004775,1,43,,0,0,9,1,A01
201900004776,2,7,,4,0,1,13,A01
201900004777,2,7,,0,2,1,21,B01
201900004777,2,7,,0,2,6,2,A01
201900004778,2,15,,0,2,8,1,A01
201900004778,2,7,,0,2,2,17,B01
201900004779,2,15,,0,2,2,11,B01
201900004779,2,7,,0,2,6,1,A01
201900004780,3,1,,0,2,7,1,B01
201900004780,3,7,,0,6,1,9,A01
201900004781,1,7,,0,1,2,1,A01
201900004781,2,60,,0,2,1,5,B01
201900004782,1,7,,0,2,1,1,A01
201900004782,1,1,,0,2,1,1,B01
201900004783,0,7,,11,0,1,1,A01
201900004784,3,10,,0,2,7,1,B01
201900004784,3,10,,0,2,1,1,A01
201900004785,1,7,,0,1,2,1,Z01
201900004786,2,7,,0,2,4,23,A01
201900004786,2,7,,1,0,1,2,B01
201900004786,2,7,,0,2,1,2,C01
201900004787,1,1,,1,2,1,18,B01
201900004787,1,7,,0,2,7,22,A01
201900004788,2,7,,0,2,3,19,A01
201900004788,2,7,,0,2,2,1,B01
201900004789,3,7,,0,2,8,9,A01
201900004789,2,7,,0,2,5,0,B01
201900004790,2,7,,0,1,1,1,A01
201900004791,2,7,,0,2,1,1,A01
201900004791,1,7,,0,2,7,19,B01
201900004792,3,7,,1,1,2,1,A01
201900004793,1,30,,0,2,2,17,A01
201900004793,1,7,,0,2,3,10,B01
201900004794,3,30,,1,2,0,19,A01
201900004794,3,7,,0,2,1,1,B01
201900004795,2,7,,0,2,2,15,A01
201900004795,1,2,,0,2,9,1,B01
201900004796,3,7,,0,2,8,9,B01
201900004796,3,10,,0,2,3,9,A01
201900004797,1,14,,0,2,3,1,B01
201900004797,2,7,,0,2,3,13,A01
201900004798,1,7,,0,2,6,15,A01
201900004798,2,2,,0,2,1,1,B01
201900004799,2,7,,0,2,2,1,B01
201900004799,2,7,,0,2,3,16,A01
201900004800,2,7,,0,2,1,15,A01
201900004800,1,33,,0,2,8,1,B01
201900004801,1,7,,0,2,6,26,A01
201900004801,1,7,,0,2,0,0,B01
201900004802,1,50,,0,2,2,5,A01
201900004802,2,7,,0,2,2,9,B01
201900004803,2,7,,0,1,1,9,A01
201900004804,3,7,,0,2,6,1,B01
201900004804,1,33,,0,2,1,1,A01
201900004805,3,7,,0,1,5,20,A01
201900004806,1,7,,0,0,0,0,B01
201900004806,1,34,,0,2,1,2,A01
201900004807,2,7,,0,-1,8,19,A01
201900004807,2,40,,0,2,1,1,B01
201900004808,1,7,,0,2,7,1,A01
201900004808,1,7,,0,2,1,1,B01
201900004809,1,7,,0,2,4,2,B01
201900004809,1,7,,0,2,1,2,A01
201900004810,1,40,,0,1,7,1,A01
201900004811,1,7,,0,1,0,9,A01
201900004812,2,7,,0,1,2,0,A01
201900004813,1,31,,12,0,3,13,A01
201900004814,1,7,,0,2,4,23,B01
201900004814,2,7,,0,2,1,2,A01
201900004815,3,20,,2,0,1,13,A01
201900004816,1,32,,1,0,0,0,A01
201900004816,1,7,,1,0,8,24,B01
201900004817,1,7,,0,1,0,1,A01
201900004818,1,1,,0,2,8,11,B01
201900004819,0,7,,0,1,1,9,A01
201900004820,2,7,,0,1,4,20,A01
201900004821,1,1,,0,0,0,1,A01
201900004822,1,7,,0,0,0,1,A01
201900004823,2,7,,17,0,1,13,A01
201900004824,1,7,,0,2,2,15,A01
201900004824,2,7,,0,2,1,1,B01
201900004825,2,7,,3,0,1,1,A01
201900004826,1,7,,12,1,1,16,A01
201900004827,3,7,,0,1,1,1,A01
201900004828,1,7,,0,2,8,10,A01
201900004828,1,2,,0,2,1,1,B01
201900004829,2,10,,0,1,1,1,A01
201900004830,0,7,,4,0,1,0,A01
201900004831,3,7,,0,2,3,13,A01
201900004831,3,7,,0,2,1,23,B01
201900004832,3,7,,0,2,1,1,A01
201900004832,3,7,,0,2,8,1,B01
201900004833,3,7,,4,0,9,1,A01
201900004834,2,3,,0,0,1,1,A01
201900004835,2,7,,0,2,1,0,A01
201900004835,2,7,,0,2,4,0,B01
201900004835,2,13,,0,1,4,23,C01
201900004836,1,2,,0,2,7,1,B01
201900004836,2,7,,0,2,3,9,A01
201900004837,1,7,,0,2,2,1,A01
201900004837,0,30,,0,2,1,1,B01
201900004838,3,7,,0,2,3,26,B01
201900004838,1,30,,0,2,1,21,A01
201900004839,1,1,,0,2,7,15,B01
201900004839,1,7,,0,2,0,13,A01
201900004840,1,7,,0,2,3,13,A01
201900004840,2,7,,0,2,1,1,B01
201900004841,1,31,,0,1,0,1,A01
201900004842,1,33,,0,2,4,2,B01
201900004842,1,7,,0,2,1,2,A01
201900004843,1,7,,0,2,8,2,A01
201900004843,2,7,,0,2,1,2,B01
201900004844,2,7,,8,0,1,13,A01
201900004845,2,7,,0,2,3,1,B01
201900004845,2,33,,0,2,8,17,A01
201900004846,2,7,,0,2,3,16,A01
201900004846,2,1,,0,2,1,2,B01
201900004847,2,7,,0,2,8,2,B01
201900004847,1,7,,0,2,1,2,A01
201900004848,2,7,,6,0,1,6,A01
201900004849,1,7,,0,4,1,1,A01
201900004849,1,40,,0,0,0,1,B01
201900004850,1,10,,0,2,2,1,A01
201900004850,1,1,,0,2,4,1,B01
201900004851,3,33,,0,2,1,1,A01
201900004851,3,7,,0,2,6,1,B01
201900004852,3,7,,0,0,1,1,A01
201900004853,2,7,,0,2,5,15,B01
201900004853,2,32,,0,2,1,1,A01
201900004854,3,0,,0,2,0,0,A01
201900004854,0,37,1.0,0,2,2,1,B01
201900004855,2,1,,0,0,1,1,A01
201900004856,0,1,,0,2,1,1,B01
201900004856,0,7,,0,2,2,16,A01
201900004857,1,7,,0,2,1,1,A01
201900004857,1,7,,0,2,4,23,B01
201900004858,1,7,,4,0,3,13,A01
201900004859,1,33,,0,2,8,7,B01
201900004859,2,7,,0,2,1,15,A01
201900004860,1,43,,0,1,2,1,A01
201900004861,1,10,,0,2,1,1,A01
201900004861,1,50,,0,2,8,19,B01
201900004862,1,2,,0,2,8,1,B01
201900004862,1,7,,0,2,0,1,A01
201900004863,2,10,,0,2,4,23,B01
201900004863,2,7,,0,2,3,2,A01
201900004864,1,14,,0,2,7,1,A01
201900004864,1,1,,0,2,8,18,B01
201900004865,1,2,,0,2,1,2,A01
201900004865,1,10,,0,2,4,23,B01
201900004865,3,7,,0,2,0,10,Z01
201900004866,2,34,,0,2,1,18,A01
201900004866,2,7,,0,2,5,22,B01
201900004867,2,1,,0,1,1,1,A01
201900004868,1,31,,0,1,1,1,A01
201900004869,1,7,,0,1,1,1,Z01
201900004870,1,10,,0,6,8,22,A01
201900004870,1,1,,0,0,1,0,B01
201900004871,1,7,,1,1,2,2,A01
201900004872,2,7,,1,0,1,26,A01
201900004873,1,7,,0,-1,1,1,B01
201900004873,1,7,,0,2,7,1,A01
201900004874,1,7,,0,2,1,1,A01
201900004874,1,7,,0,2,4,1,B01
201900004875,2,7,,0,2,1,1,A01
201900004875,2,30,,0,2,4,11,B01
201900004876,2,7,,0,2,0,0,B01
201900004876,1,7,,0,2,0,0,A01
201900004877,1,7,,0,1,1,1,A01
201900004878,1,7,,0,2,2,1,A01
201900004878,1,34,,0,2,6,15,B01
201900004879,1,7,,0,1,2,16,A01
201900004880,3,7,,0,2,2,16,B01
201900004880,3,30,,0,2,1,18,A01
201900004881,3,41,,0,1,1,2,A01
201900004882,1,7,,0,2,8,1,B01
201900004882,2,7,,0,2,1,1,A01
201900004883,3,7,,1,2,4,17,A01
201900004883,3,32,,1,2,1,17,B01
201900004884,3,10,,0,1,1,1,A01
201900004885,1,3,,0,2,2,1,B01
201900004885,1,3,,0,2,3,16,A01
201900004886,2,31,,0,2,1,1,A01
201900004886,2,7,,0,2,7,15,B01
201900004887,1,7,,0,1,7,14,A01
201900004888,1,10,,0,2,8,15,B01
201900004888,1,33,,0,2,1,3,A01
201900004889,2,2,,0,0,0,1,A01
201900004890,1,7,,0,2,3,13,A01
201900004890,2,17,,0,2,3,1,B01
201900004891,2,7,,0,2,4,2,D01
201900004891,2,7,,0,2,1,2,C01
201900004891,1,7,,0,2,5,2,B01
201900004891,1,7,,0,2,1,2,A01
201900004892,1,15,,0,0,7,1,C01
201900004892,1,7,,4,0,7,1,B01
201900004892,1,7,,0,2,3,13,A01
201900004893,3,1,,0,0,0,1,A01
201900004894,2,7,,0,2,3,2,B01
201900004894,1,7,,0,0,2,1,A01
201900004895,3,7,,0,2,8,1,B01
201900004895,3,15,,0,2,8,1,A01
201900004896,3,7,,13,0,1,1,A01
201900004897,1,3,,1,0,1,1,A01
201900004898,2,7,,0,9,2,9,A01
201900004898,2,1,,0,2,8,1,B01
201900004899,2,10,,6,0,2,1,A01
201900004900,1,7,,2,0,7,1,A01
201900004901,2,7,,2,0,8,0,A01
201900004902,2,7,,0,1,3,1,A01
201900004903,1,7,,8,2,1,1,A01
201900004903,2,7,,0,0,6,2,B01
201900004904,1,33,,0,0,9,1,A01
201900004905,3,21,,0,2,5,15,B01
201900004905,3,33,,0,2,2,1,A01
201900004906,3,0,,0,1,0,1,A01
201900004907,1,10,,0,2,1,1,B01
201900004907,2,7,,0,2,7,13,A01
201900004908,1,7,,0,2,1,1,B01
201900004908,2,7,,0,2,6,19,A01
201900004909,1,7,,0,2,1,13,A01
201900004909,2,3,,0,2,1,1,B01
201900004910,2,7,,0,2,9,13,A01
201900004910,1,7,,0,2,2,1,B01
201900004911,3,7,,1,0,3,14,A01
201900004912,2,20,,0,4,3,1,A01
201900004912,1,39,,0,2,1,1,B01
201900004913,3,7,,0,2,1,1,B01
201900004913,3,7,,0,2,2,1,A01
201900004914,2,1,,0,2,4,2,B01
201900004914,2,37,1.0,0,9,2,2,A01
201900004915,1,7,,3,0,2,2,A01
201900004916,1,7,,4,0,9,1,A01
201900004917,2,7,,0,0,2,0,A01
201900004918,1,15,,0,2,1,0,A01
201900004918,1,7,,4,2,6,1,B01
201900004919,2,7,,0,2,6,1,B01
201900004919,1,7,,0,2,9,13,A01
201900004920,2,7,,0,0,9,1,A01
201900004921,1,7,,8,0,9,1,A01
201900004922,2,2,,1,0,1,26,A01
201900004923,2,7,,0,2,4,15,B01
201900004923,1,7,,0,0,3,1,C01
201900004923,2,7,,0,2,1,2,A01
201900004924,3,30,,0,0,0,1,A01
201900004925,1,30,,0,2,1,17,A01
201900004925,1,7,,0,2,8,15,B01
201900004926,3,7,,0,9,7,15,A01
201900004926,3,1,,0,2,3,1,B01
201900004927,0,33,,0,2,6,1,B01
201900004927,0,7,,0,2,1,9,A01
201900004928,1,7,,0,2,8,15,B01
201900004928,1,31,,0,2,1,1,A01
201900004929,2,1,,0,2,1,1,B01
201900004929,3,7,,0,9,2,1,A01
201900004930,1,7,,4,0,3,26,A01
201900004931,2,7,,4,0,1,1,A01
201900004932,1,20,,0,2,3,26,A01
201900004932,1,20,,0,2,5,1,B01
201900004932,1,20,,0,2,3,1,C01
201900004933,1,7,,4,0,1,14,A01
201900004934,1,7,,0,2,4,23,C01
201900004934,1,7,,0,2,4,23,B01
201900004934,1,17,,0,2,1,2,A01
201900004935,1,33,,0,2,1,12,A01
201900004935,1,17,,0,2,5,1,B01
201900004936,1,7,,0,2,1,2,C01
201900004936,1,7,,0,2,1,2,B01
201900004936,1,7,,3,2,9,2,A01
201900004937,1,7,,0,2,1,2,A01
201900004937,1,7,,0,2,4,2,B01
201900004937,1,7,,0,2,4,2,C01
201900004938,1,7,,15,0,7,1,A01
201900004939,1,7,,0,2,1,1,B01
201900004939,2,7,,7,2,8,26,A01
201900004940,2,33,,13,0,1,1,B01
201900004940,2,10,,0,0,0,19,A01
201900004941,2,21,,0,2,3,15,A01
201900004941,1,33,,13,2,1,1,B01
201900004942,2,7,,15,0,2,14,A01
201900004943,1,34,,13,0,8,13,A01
201900004944,1,1,,0,2,8,13,A01
201900004944,2,21,,0,2,8,1,B01
201900004945,1,17,,0,2,2,1,B01
201900004945,1,2,,0,2,1,15,A01
201900004946,1,7,,13,0,2,14,A01
201900004947,2,33,,17,0,1,14,A01
201900004948,1,7,,0,2,7,19,A01
201900004948,1,7,,0,2,1,1,B01
201900004949,1,7,,0,2,3,1,A01
201900004949,2,7,,0,2,3,1,B01
201900004950,3,7,,0,1,1,13,A01
201900004951,2,7,,0,2,8,11,A01
201900004951,2,33,,8,2,7,17,B01
201900004952,1,33,,0,0,4,1,A01
201900004952,1,33,,0,0,1,1,B01
201900004953,0,7,,0,2,3,9,A01
201900004953,2,33,,0,2,1,1,B01
201900004954,1,33,,0,0,8,1,A01
201900004955,1,7,,0,0,1,1,A01
201900004955,2,7,,0,0,1,1,B01
201900004956,1,7,,0,2,7,16,B01
201900004956,1,2,,0,2,8,18,A01
201900004957,1,15,,0,2,3,1,B01
201900004957,2,7,,0,2,3,13,A01
201900004958,2,7,,2,0,1,13,A01
201900004959,2,2,,12,0,0,1,A01
201900004960,0,7,,2,0,1,1,A01
201900004961,3,7,,0,0,8,1,B01
201900004961,3,7,,0,2,1,1,A01
201900004962,0,7,,6,0,1,19,A01
201900004963,1,15,,0,9,1,1,E01
201900004963,1,15,,0,9,1,1,D01
201900004963,1,7,,0,9,1,1,C01
201900004963,1,7,,0,9,1,1,B01
201900004963,2,15,,4,0,3,1,A01
201900004964,1,7,,0,2,6,1,B01
201900004964,2,7,,0,2,8,15,A01
201900004965,3,33,,0,2,1,5,A01
201900004965,0,7,,0,2,1,23,B01
201900004966,1,7,,0,2,1,19,B01
201900004966,1,7,,0,2,2,1,A01
201900004967,1,7,,2,0,1,1,A01
201900004968,2,21,,0,2,6,19,A01
201900004968,1,33,,0,2,1,1,B01
201900004969,1,7,,0,2,1,1,B01
201900004969,2,7,,0,2,1,13,A01
201900004970,2,7,,0,2,3,1,B01
201900004970,1,33,,0,2,1,5,A01
201900004971,3,7,,0,2,7,0,B01
201900004971,1,33,,0,2,1,1,A01
201900004972,3,7,,0,0,0,1,A01
201900004973,3,7,,0,2,2,15,A01
201900004973,2,31,,0,2,7,1,B01
201900004974,1,33,,0,0,7,26,A01
201900004975,2,7,,0,0,9,0,A01
201900004976,2,7,,0,2,8,17,A01
201900004976,2,21,,0,2,1,15,B01
201900004977,3,33,,13,0,0,1,A01
201900004978,1,33,,0,0,0,1,A01
201900004979,2,33,,13,0,1,1,A01
201900004980,3,7,,2,0,2,1,A01
201900004981,2,21,,13,0,8,1,A01
201900004982,3,0,,0,1,0,0,A01
201900004983,1,33,,16,0,1,1,A01
201900004984,1,7,,6,0,1,13,A01
201900004985,1,7,,16,0,1,0,A01
201900004986,3,37,1.0,0,2,6,26,B01
201900004986,3,7,,0,2,3,26,A01
201900004987,3,7,,0,2,3,1,B01
201900004987,3,7,,0,2,3,16,A01
201900004988,1,7,,0,2,1,1,B01
201900004988,2,7,,0,2,1,13,A01
201900004989,1,7,,0,2,1,1,C01
201900004989,1,7,,0,2,1,1,B01
201900004989,2,7,,0,2,1,1,A01
201900004990,0,7,,7,0,1,1,A01
201900004991,1,7,,0,0,5,24,B01
201900004991,1,1,,1,0,1,2,A01
201900004992,0,33,,0,0,7,23,A01
201900004993,0,7,,0,1,1,0,A01
201900004994,1,7,,0,0,7,0,A01
201900004994,2,2,,0,0,0,1,B01
201900004995,1,33,,16,0,1,1,A01
201900004996,2,7,,0,2,1,1,A01
201900004996,1,7,,0,2,1,1,B01
201900004997,1,33,,13,0,1,1,A01
201900004998,2,7,,6,0,8,1,A01
201900004999,2,7,,0,1,1,1,A01
201900005000,1,7,,2,0,1,14,A01
201900005001,1,7,,0,2,7,15,A01
201900005001,2,33,,0,2,1,1,B01
201900005002,2,7,,0,1,2,1,A01
201900005003,1,7,,0,2,7,26,A01
201900005003,2,10,,0,2,1,1,B01
201900005004,3,7,,2,0,8,14,A01
201900005005,1,33,,0,2,7,17,A01
201900005005,1,7,,0,2,3,15,B01
201900005006,2,33,,0,0,0,0,A01
201900005007,1,33,,0,0,2,1,A01
201900005008,1,7,,0,2,3,1,C01