Num_Acc,senc,catv,occutc,obs,obsm,choc,manv,num_veh
201900005008,2,7,,0,2,2,1,A01
201900005008,2,33,,0,2,1,1,B01
201900005009,0,7,,1,0,1,15,A01
201900005010,0,7,,0,2,1,1,A01
201900005010,0,13,,0,2,7,1,B01
201900005011,2,7,,0,1,3,1,A01
201900005012,3,33,,0,0,0,0,A01
201900005013,2,33,,0,2,1,13,A01
201900005013,1,17,,0,2,8,1,B01
201900005014,0,7,,8,0,9,1,A01
201900005014,0,7,,0,9,0,1,B01
201900005015,1,17,,0,2,2,1,B01
201900005015,1,30,,3,0,4,1,A01
201900005016,2,15,,0,2,3,1,B01
201900005016,3,7,,0,2,1,1,A01
201900005017,1,7,,3,0,8,2,A01
201900005018,3,7,,0,0,5,23,A01
201900005018,0,7,,0,0,6,23,B01
201900005018,0,7,,0,0,2,1,C01
201900005019,2,7,,0,0,3,1,B01
201900005019,1,7,,0,2,3,13,A01
201900005020,1,1,,0,5,2,1,A01
201900005021,3,33,,0,0,8,1,A01
201900005022,1,7,,0,2,3,1,B01
201900005022,2,7,,0,2,3,13,A01
201900005023,2,7,,0,0,4,23,C01
201900005023,2,10,,0,2,4,0,B01
201900005023,2,32,,0,2,1,1,A01
201900005024,1,7,,2,0,8,14,A01
201900005025,2,7,,0,2,2,1,A01
201900005025,2,1,,0,0,4,1,B01
201900005026,1,7,,0,0,2,17,B01
201900005026,1,1,,0,2,3,13,A01
201900005027,2,7,,1,0,9,1,A01
201900005028,1,7,,0,2,3,13,A01
201900005028,2,7,,0,2,8,1,B01
201900005029,2,30,,0,0,7,1,A01
201900005030,3,7,,0,2,3,1,A01
201900005030,3,50,,0,2,7,19,B01
201900005031,2,7,,0,0,1,2,B01
201900005031,2,7,,0,0,4,15,A01
201900005032,2,33,,3,0,1,1,A01
201900005033,1,1,,0,0,4,1,B01
201900005033,1,7,,0,2,2,17,A01
201900005034,3,1,,0,2,1,1,B01
201900005034,3,33,,0,2,1,26,A01
201900005035,1,7,,0,1,5,21,A01
201900005036,2,1,,0,1,7,1,A01
201900005037,2,7,,6,0,2,1,A01
201900005038,2,2,,6,0,1,5,A01
201900005039,3,2,,0,0,8,1,A01
201900005040,1,33,,0,2,8,1,A01
201900005040,2,7,,0,2,8,1,B01
201900005041,3,7,,13,0,2,21,A01
201900005042,2,2,,6,0,1,16,A01
201900005043,2,7,,0,2,1,19,A01
201900005043,1,33,,0,2,7,1,B01
201900005044,2,7,,15,2,2,17,B01
201900005044,2,2,,15,2,6,15,A01
201900005045,1,33,,0,2,1,1,B01
201900005045,2,7,,0,2,2,19,A01
201900005046,2,7,,0,2,2,21,B01
201900005046,2,1,,0,2,3,10,A01
201900005047,3,7,,0,9,3,4,A01
201900005047,3,1,,0,2,1,1,B01
201900005048,3,21,,0,0,6,1,B01
201900005048,3,1,,0,2,1,1,A01
201900005049,1,3,,0,2,3,3,A01
201900005049,2,7,,0,2,3,1,B01
201900005050,2,31,,0,2,4,2,B01
201900005050,2,7,,0,2,1,2,A01
201900005051,2,1,,0,2,8,15,B01
201900005051,2,10,,0,2,2,17,A01
201900005052,1,7,,0,0,1,1,A01
201900005052,1,7,,0,0,8,1,B01
201900005052,1,7,,0,0,1,1,C01
201900005052,2,7,,0,0,1,13,D01
201900005053,3,1,,0,2,7,1,A01
201900005053,3,7,,0,2,2,16,B01
201900005054,1,7,,13,0,3,1,A01
201900005055,0,31,,1,0,1,19,A01
201900005056,3,31,,6,2,1,17,B01
201900005056,3,10,,0,0,8,15,A01
201900005057,1,15,,1,2,5,1,B01
201900005057,1,7,,0,0,6,23,A01
201900005058,0,7,,0,1,4,4,A01
201900005059,1,7,,0,2,3,1,A01
201900005059,2,33,,0,2,1,13,B01
201900005060,1,33,,0,2,1,1,B01
201900005060,1,7,,0,2,2,9,A01
201900005061,1,7,,0,0,6,23,B01
201900005061,1,33,,0,2,2,2,A01
201900005062,1,7,,13,0,3,1,A01
201900005063,1,7,,0,2,1,1,A01
201900005063,2,7,,0,2,1,13,B01
201900005064,2,7,,0,2,0,15,A01
201900005064,1,33,,0,2,0,1,B01
201900005065,1,7,,0,2,3,1,A01
201900005065,2,7,,13,2,3,13,B01
201900005066,1,10,,13,0,3,1,A01
201900005067,2,7,,6,0,1,13,A01
201900005068,2,7,,0,2,2,19,A01
201900005068,1,2,,0,2,7,1,B01
201900005069,2,33,,16,0,1,1,A01
201900005070,2,7,,0,0,4,1,A01
201900005070,2,7,,0,2,1,2,B01
201900005071,3,21,,0,2,1,1,B01
201900005071,3,30,,0,2,1,13,A01
201900005072,1,7,,0,2,1,1,B01
201900005072,2,7,,0,2,1,1,A01
201900005073,0,7,,0,1,7,1,A01
201900005074,1,7,,6,0,2,1,A01
201900005075,3,60,,0,2,8,19,B01
201900005075,3,7,,0,2,2,1,A01
201900005076,1,7,,0,0,4,23,B01
201900005076,1,7,,0,2,1,1,A01
201900005077,2,7,,0,2,1,2,A01
201900005077,2,7,,0,0,4,23,B01
201900005078,2,7,,13,0,1,13,A01
201900005079,1,7,,0,2,3,15,A01
201900005079,1,33,,7,2,1,1,B01
201900005080,3,7,,0,1,2,1,A01
201900005081,1,7,,0,2,3,1,A01
201900005081,2,7,,0,2,3,1,B01
201900005082,1,7,,0,0,1,1,B01
201900005082,2,7,,0,2,1,13,A01
201900005083,1,10,,0,1,2,2,A01
201900005084,1,7,,0,2,1,15,A01
201900005084,2,7,,0,2,1,1,B01
201900005085,2,7,,0,2,0,0,B01
201900005085,1,7,,0,2,0,0,A01
201900005086,3,7,,0,2,3,1,B01
201900005086,3,7,,0,2,3,1,A01
201900005087,0,33,,3,0,1,0,A01
201900005088,1,33,,12,0,0,1,A01
201900005089,3,7,,0,2,1,23,C01
201900005089,3,7,,0,2,1,15,B01
201900005089,0,7,,0,2,1,9,A01
201900005090,2,1,,0,2,2,15,B01
201900005090,2,7,,0,9,7,15,A01
201900005091,1,7,,13,2,3,1,B01
201900005091,2,7,,0,2,3,1,A01
201900005092,2,2,,5,0,3,2,A01
201900005093,3,33,,0,0,1,0,A01
201900005094,1,10,,0,2,2,1,B01
201900005094,1,99,,0,2,3,16,A01
201900005095,2,7,,0,2,3,1,C01
201900005095,1,7,,2,2,4,2,B01
201900005095,1,7,,0,2,2,17,A01
201900005096,2,7,,0,2,2,13,B01
201900005096,1,7,,0,2,3,13,A01
201900005097,3,7,,2,0,3,1,A01
201900005098,1,7,,0,1,3,1,A01
201900005099,1,7,,0,2,1,1,C01
201900005099,1,10,,0,2,3,1,B01
201900005099,2,7,,0,2,1,13,A01
201900005100,1,7,,2,0,7,1,A01
201900005101,3,7,,0,0,2,1,B01
201900005101,3,1,,0,0,1,1,A01
201900005102,1,21,,0,2,6,15,A01
201900005102,1,33,,0,2,2,17,B01
201900005103,0,33,,14,0,1,0,A01
201900005104,1,7,,1,0,2,1,A01
201900005104,1,7,,0,0,6,24,B01
201900005105,1,7,,13,0,1,1,A01
201900005106,1,34,,13,0,0,0,A01
201900005107,1,33,,0,2,1,1,B01
201900005107,2,10,,0,2,1,15,A01
201900005108,1,7,,2,0,3,13,A01
201900005109,3,36,,0,0,0,16,A01
201900005110,1,7,,6,0,2,1,A01
201900005111,1,7,,0,1,2,1,A01
201900005112,0,7,,0,2,7,19,A01
201900005112,2,7,,0,2,1,1,B01
201900005113,1,7,,0,2,2,1,A01
201900005113,1,2,,0,2,3,26,B01
201900005114,1,7,,0,2,2,0,A01
201900005114,1,33,,0,2,1,1,B01
201900005115,2,7,,6,0,3,1,A01
201900005116,3,7,,2,0,1,0,A01
201900005117,3,33,,8,2,1,17,A01
201900005117,0,10,,0,0,3,15,B01
201900005118,1,7,,0,2,1,19,A01
201900005118,2,1,,0,0,8,1,B01
201900005119,2,50,,0,2,7,1,A01
201900005119,1,7,,0,9,1,1,B01
201900005120,0,2,,6,0,1,1,A01
201900005121,1,2,,3,0,6,13,A01
201900005122,2,7,,2,0,3,1,A01
201900005123,1,7,,0,0,6,1,B01
201900005123,1,33,,0,2,1,1,A01
201900005124,1,7,,0,2,6,1,A01
201900005124,1,31,,0,2,3,1,B01
201900005125,2,30,,0,2,1,13,A01
201900005125,1,33,,0,2,1,1,B01
201900005126,1,7,,7,2,3,1,A01
201900005126,1,33,,0,2,1,1,B01
201900005127,2,7,,0,2,3,26,B01
201900005127,1,7,,13,2,3,1,A01
201900005128,2,7,,0,1,3,15,A01
201900005129,2,7,,0,2,1,1,B01
201900005129,1,33,,0,2,1,13,A01
201900005130,3,2,,0,2,3,15,A01
201900005130,3,7,,0,2,8,21,B01
201900005131,2,7,,0,2,1,1,B01
201900005131,2,7,,0,0,4,1,A01
201900005132,3,7,,0,1,2,1,A01
201900005132,3,99,,0,2,0,19,B01
201900005133,2,7,,2,0,2,0,A01
201900005134,2,1,,0,0,0,0,A01
201900005135,2,7,,0,0,4,23,A01
201900005135,2,10,,1,0,1,2,B01
201900005136,2,7,,0,2,7,1,B01
201900005136,2,7,,3,2,8,0,A01
201900005137,2,34,,3,0,3,11,A01
201900005138,1,7,,0,2,7,14,B01
201900005138,1,7,,3,2,8,1,A01
201900005139,2,7,,4,2,4,1,B01
201900005139,2,7,,0,2,1,2,A01
201900005140,2,7,,0,0,9,1,A01
201900005141,1,7,,8,0,1,13,A01
201900005142,2,7,,0,2,1,2,A01
201900005142,2,7,,0,2,4,2,B01
201900005142,2,7,,0,2,1,2,C01
201900005143,1,15,,0,2,6,1,B01
201900005143,1,7,,0,2,2,14,A01
201900005144,2,7,,3,0,0,1,A01
201900005145,2,17,,0,2,4,23,B01
201900005145,2,7,,1,0,1,0,A01
201900005146,1,17,,0,2,2,12,A01
201900005146,1,7,,0,2,6,1,B01
201900005147,2,7,,4,0,2,15,A01
201900005148,1,7,,4,0,1,14,A01
201900005149,1,7,,0,2,3,1,B01
201900005149,1,7,,0,2,6,1,C01
201900005149,1,7,,0,2,1,0,Z01
201900005150,1,7,,0,2,4,0,C01
201900005150,1,7,,0,2,4,1,B01
201900005150,1,7,,0,2,1,1,A01
201900005151,1,7,,0,2,4,1,B01
201900005151,1,7,,0,2,1,1,A01
201900005152,2,7,,0,2,4,1,B01
201900005152,2,7,,0,2,1,1,A01
201900005153,1,7,,0,2,4,1,A01
201900005153,1,33,,0,2,1,1,B01
201900005154,1,33,,0,2,1,1,A01
201900005154,1,7,,0,2,4,1,B01
201900005155,2,3,,4,0,3,1,A01
201900005156,1,42,,0,2,1,3,B01
201900005156,1,7,,0,0,6,11,A01
201900005157,1,7,,0,2,7,1,B01
201900005157,1,7,,0,2,1,1,A01
201900005158,2,15,,0,2,2,1,B01
201900005158,2,7,,4,2,1,13,A01
201900005159,2,10,,4,0,1,1,A01
201900005160,1,7,,4,0,1,26,A01
201900005161,1,7,,4,0,3,13,A01
201900005162,2,7,,0,2,4,0,B01
201900005162,2,7,,0,2,2,21,A01
201900005163,1,7,,4,2,6,1,A01
201900005164,1,7,,3,0,3,13,A01
201900005165,2,7,,0,2,1,14,B01
201900005165,2,7,,0,2,8,1,A01
201900005166,2,7,,0,2,4,2,A01
201900005166,2,7,,0,2,1,2,B01
201900005166,2,7,,0,2,1,2,C01
201900005167,2,10,,4,0,1,1,A01
201900005168,1,7,,4,0,1,1,A01
201900005169,1,10,,3,0,1,1,A01
201900005170,2,7,,4,0,1,13,A01
201900005171,1,7,,3,0,0,26,A01
201900005172,2,7,,4,0,1,9,A01
201900005173,1,7,,3,2,1,1,A01
201900005174,2,7,,4,2,4,1,B01
201900005174,2,15,,0,2,1,9,A01
201900005175,1,7,,0,0,9,1,A01
201900005176,1,7,,0,2,8,1,A01
201900005176,1,7,,0,2,1,12,Z01
201900005177,1,7,,4,0,1,13,A01
201900005178,2,7,,0,2,2,1,B01
201900005178,2,10,,4,2,8,18,A01
201900005179,1,7,,0,2,4,2,C01
201900005179,1,7,,0,2,4,2,B01
201900005179,1,7,,0,2,1,2,A01
201900005180,2,10,,3,0,1,13,A01
201900005181,2,10,,4,0,2,26,A01
201900005182,1,7,,3,0,8,17,A01
201900005183,2,7,,3,0,9,2,A01
201900005184,2,10,,3,0,8,1,A01
201900005185,1,7,,0,2,4,2,B01
201900005185,1,7,,0,2,1,2,A01
201900005186,1,7,,3,2,2,1,A01
201900005186,1,7,,0,2,4,23,B01
201900005186,1,7,,1,0,1,21,C01
201900005187,2,33,,0,0,0,11,A01
201900005188,2,7,,0,2,0,0,T01
201900005188,2,7,,0,1,1,1,D01
201900005188,2,30,,0,2,4,23,B01
201900005188,2,7,,0,2,1,2,A01
201900005188,2,7,,0,1,1,2,C01
201900005189,2,10,,0,2,4,2,C01
201900005189,2,10,,0,2,1,2,B01
201900005189,2,10,,0,2,1,2,A01
201900005190,3,3,,0,2,1,19,A01
201900005190,3,7,,0,2,8,1,B01
201900005191,2,31,,0,2,7,17,B01
201900005191,2,7,,0,2,3,13,A01
201900005192,1,33,,14,0,1,1,B01
201900005193,1,33,,0,2,1,1,B01
201900005193,1,7,,0,2,8,19,A01
201900005194,1,7,,8,0,1,1,A01
201900005195,2,99,,0,1,1,0,A01
201900005196,1,7,,8,0,1,1,A01
201900005197,2,17,,0,2,3,1,B01
201900005197,1,10,,0,2,3,13,A01
201900005198,0,7,,8,0,2,1,A01
201900005199,1,7,,4,0,2,1,A01
201900005200,2,31,,0,2,0,19,A01
201900005201,3,99,,9,0,1,19,A01
201900005202,2,7,,0,2,2,12,A01
201900005202,2,7,,0,2,3,1,B01
201900005203,3,7,,3,0,2,1,A01
201900005204,2,2,,0,2,1,1,B01
201900005204,1,7,,0,2,2,15,A01
201900005205,1,37,2.0,0,2,2,1,B01
201900005205,1,7,,0,2,3,15,A01
201900005206,1,7,,0,2,1,9,A01
201900005206,2,7,,0,2,8,9,B01
201900005206,1,7,,0,2,3,9,C01
201900005207,2,33,,0,0,8,1,A01
201900005208,1,7,,0,2,3,15,A01
201900005208,2,80,,0,2,8,1,B01
201900005209,1,10,,0,1,2,26,A01
201900005210,0,7,,0,2,4,2,B01
201900005210,0,2,,0,2,1,2,A01
201900005211,1,7,,0,2,8,1,B01
201900005211,1,2,,0,2,1,1,A01
201900005212,3,10,,0,1,7,15,A01
201900005213,1,7,,0,1,2,10,A01
201900005214,1,7,,0,2,2,15,A01
201900005214,1,7,,0,2,1,1,B01
201900005215,1,7,,0,1,1,1,A01
201900005216,1,7,,0,2,3,9,A01
201900005216,1,7,,0,2,2,1,B01
201900005217,1,7,,0,2,7,1,B01
201900005217,1,7,,0,2,1,9,A01
201900005218,1,7,,0,2,4,2,D01
201900005218,1,7,,0,2,4,2,C01
201900005218,1,7,,0,2,4,2,B01
201900005218,1,7,,0,2,1,2,A01
201900005219,1,32,,0,6,8,13,A01
201900005220,2,33,,0,0,8,1,A01
201900005221,2,10,,0,1,2,1,A01
201900005222,1,7,,0,2,8,15,B01
201900005222,1,2,,0,2,2,17,A01
201900005223,3,7,,0,1,3,1,A01
201900005224,1,7,,8,2,8,1,B01
201900005224,0,7,,0,2,1,1,A01
201900005225,3,3,,1,0,1,14,A01
201900005226,0,7,,0,2,4,1,B01
201900005226,0,7,,0,2,1,2,A01
201900005227,3,32,,0,0,0,26,A01
201900005228,3,7,,6,0,1,1,A01
201900005229,2,30,,14,0,2,14,A01
201900005230,3,2,,0,2,4,1,B01
201900005230,3,7,,0,2,1,1,A01
201900005231,1,30,,0,0,8,9,A01
201900005232,1,7,,0,2,1,1,A01
201900005232,1,7,,0,2,4,1,B01
201900005233,1,10,,0,2,3,1,B01
201900005233,1,33,,0,2,2,16,A01
201900005234,1,7,,0,2,4,2,C01
201900005234,1,7,,0,2,4,2,B01
201900005234,1,7,,0,2,1,2,A01
201900005235,2,3,,0,2,1,1,A01
201900005235,1,7,,0,2,1,1,B01
201900005236,1,7,,0,2,3,15,A01
201900005236,2,1,,0,2,7,2,B01
201900005237,2,1,,0,2,1,1,B01
201900005237,1,7,,0,2,7,15,A01
201900005238,2,10,,0,2,1,1,B01
201900005238,1,7,,0,2,3,1,A01
201900005239,2,30,,0,2,1,1,C01
201900005239,1,7,,0,0,0,15,B01
201900005240,3,7,,0,2,2,15,B01
201900005240,3,1,,0,2,1,1,A01
201900005241,1,7,,0,2,2,16,B01
201900005241,2,34,,0,2,1,26,A01
201900005242,2,7,,0,2,2,15,A01
201900005242,1,1,,0,2,1,1,B01
201900005243,2,50,,0,2,8,16,A01
201900005243,1,7,,0,6,2,2,B01
201900005244,1,7,,0,2,1,2,B01
201900005244,1,50,,0,2,2,2,A01
201900005245,1,7,,0,2,1,15,A01
201900005245,1,7,,0,2,2,1,B01
201900005246,1,32,,0,2,0,17,A01
201900005246,2,7,,0,0,0,15,B01
201900005247,1,33,,0,2,1,0,B01
201900005247,2,7,,0,2,1,15,A01
201900005248,0,7,,0,2,7,15,A01
201900005248,1,2,,0,2,1,1,B01
201900005249,3,10,,9,0,1,5,A01
201900005250,1,7,,2,0,2,6,Z01
201900005251,1,33,,1,0,1,14,A01
201900005252,1,37,1.0,0,1,1,1,A01
201900005253,1,7,,0,2,2,16,B01
201900005253,1,33,,0,2,3,18,A01
201900005254,1,7,,0,1,1,5,B01
201900005254,1,7,,0,2,4,23,A01
201900005255,2,7,,0,2,2,16,B01
201900005255,1,50,,0,2,1,19,A01
201900005256,2,1,,0,2,1,16,B01
201900005256,1,10,,0,6,1,1,A01
201900005257,1,7,,0,2,2,19,A01
201900005257,2,7,,0,2,3,1,B01
201900005258,1,7,,0,2,7,15,A01
201900005258,1,7,,0,2,3,1,B01
201900005259,3,7,,6,0,1,16,A01
201900005260,0,7,,0,1,0,0,A01
201900005261,2,7,,0,2,1,26,B01
201900005261,1,7,,0,2,2,10,A01
201900005262,0,7,,0,9,8,16,A01
201900005262,1,50,,0,2,1,2,B01
201900005263,3,1,,0,2,3,1,Y01
201900005263,3,7,,0,2,2,17,A01
201900005264,3,10,,0,1,0,15,A01
201900005265,1,7,,0,0,4,23,B01
201900005265,1,10,,0,2,1,2,A01
201900005266,0,15,,0,2,4,0,C01
201900005266,3,7,,0,2,4,0,B01
201900005266,3,14,,0,2,1,23,A01
201900005267,2,31,,0,1,7,25,M01
201900005268,1,7,,0,2,4,23,B01
201900005268,1,17,,0,2,1,2,A01
201900005269,1,7,,0,2,5,16,B01
201900005269,1,2,,0,2,3,14,A01
201900005270,3,7,,0,2,1,1,B01
201900005270,0,7,,0,2,2,15,A01
201900005271,2,7,,0,2,5,9,B01
201900005271,3,1,,0,2,5,19,A01
201900005272,1,7,,0,1,1,1,A01
201900005273,2,7,,6,0,1,14,A01
201900005274,1,30,,3,0,1,1,A01
201900005275,2,7,,0,1,1,17,A01
201900005276,0,36,,0,0,0,1,A01
201900005277,2,7,,0,2,3,19,A01
201900005277,1,7,,0,2,3,1,B01
201900005278,3,7,,0,2,3,15,B01
201900005278,3,32,,0,2,1,1,A01
201900005279,2,7,,0,2,3,9,B01
201900005279,1,1,,0,2,1,1,A01
201900005280,2,7,,0,2,5,15,A01
201900005280,1,2,,0,2,1,1,B01
201900005281,1,7,,0,2,1,1,D01
201900005281,1,7,,0,2,1,1,C01
201900005281,2,17,,0,2,3,21,B01
201900005281,2,7,,0,2,1,17,A01
201900005282,1,7,,13,0,9,1,A01
201900005283,0,7,,0,2,4,0,B01
201900005283,3,7,,1,0,3,14,A01
201900005284,1,1,,0,2,7,15,B01
201900005284,1,7,,0,2,3,15,A01
201900005285,1,33,,0,6,3,1,A01
201900005286,2,7,,13,2,3,1,B01
201900005286,1,7,,13,2,3,13,A01
201900005287,3,7,,0,0,0,1,A01
201900005288,1,2,,12,0,7,1,A01
201900005289,2,1,,12,1,8,18,A01
201900005290,2,33,,13,0,2,14,A01
201900005291,3,7,,0,2,8,1,A01
201900005291,1,17,,0,2,1,1,B01
201900005292,2,13,,0,9,2,15,A01
201900005292,1,1,,0,2,1,1,B01
201900005293,1,1,,0,2,4,1,C01
201900005293,1,1,,0,2,4,1,B01
201900005293,1,7,,0,2,2,1,A01
201900005294,1,2,,0,0,0,21,A01
201900005295,2,7,,0,2,3,1,B01
201900005295,1,7,,0,2,3,1,A01
201900005296,0,7,,13,0,2,0,A01
201900005297,0,7,,0,1,4,4,A01
201900005298,1,31,,13,0,3,1,A01
201900005299,1,7,,2,0,7,1,A01
201900005300,2,7,,0,2,7,1,C01
201900005300,1,21,,0,2,3,13,B01
201900005300,1,7,,0,0,0,17,A01
201900005301,0,7,,0,1,4,4,A01
201900005302,2,7,,0,0,4,1,B01
201900005302,2,7,,0,2,4,1,A01
201900005303,2,7,,13,0,1,2,A01
201900005304,2,7,,3,0,1,1,A01
201900005305,0,7,,0,2,1,1,A01
201900005305,0,2,,0,0,4,1,B01
201900005306,1,10,,0,2,2,2,B01
201900005306,1,7,,13,0,6,2,A01
201900005307,1,7,,4,0,0,0,A01
201900005308,3,10,,13,0,7,14,A01
201900005309,3,10,,0,2,1,1,C01
201900005309,3,7,,1,0,4,23,B01
201900005309,3,7,,0,0,4,23,A01
201900005310,1,7,,0,2,1,13,A01
201900005310,2,7,,0,2,1,1,B01
201900005311,2,33,,12,0,7,1,A01
201900005312,2,7,,15,0,7,1,A01
201900005313,1,7,,0,0,1,1,A01
201900005313,2,14,,0,0,1,13,B01
201900005314,3,7,,16,0,1,0,A01
201900005315,1,7,,0,2,3,1,B01
201900005315,2,7,,12,2,2,13,A01
201900005316,1,33,,0,2,2,17,A01
201900005316,1,7,,0,2,7,17,B01
201900005317,2,7,,0,2,6,1,B01
201900005317,2,7,,0,2,1,15,A01
201900005318,2,33,,0,2,1,1,A01
201900005318,1,7,,0,2,1,13,B01
201900005319,1,7,,0,0,8,11,A01
201900005319,1,10,,0,2,1,17,B01
201900005320,1,7,,0,2,1,13,B01
201900005320,2,7,,0,2,1,1,A01
201900005321,1,7,,3,0,1,6,A01
201900005322,0,35,,0,0,7,1,A01
201900005323,3,7,,0,1,1,0,A01
201900005324,0,7,,0,0,1,0,A01
201900005325,0,7,,0,2,3,0,B01
201900005325,0,2,,0,2,1,0,A01
201900005326,3,7,,0,1,4,4,A01
201900005327,2,7,,0,1,1,1,A01
201900005328,1,7,,0,1,2,2,A01
201900005329,3,7,,0,2,3,19,A01
201900005329,2,2,,0,2,1,1,B01
201900005330,1,7,,11,0,4,2,B01
201900005330,1,7,,11,2,1,2,A01
201900005331,2,17,,0,2,8,1,B01
201900005331,1,17,,0,2,3,13,A01
201900005332,3,7,,0,1,1,1,A01
201900005333,1,7,,13,0,1,1,A01
201900005334,1,7,,13,0,1,17,A01
201900005335,2,1,,0,0,9,1,A01
201900005336,2,1,,0,2,7,12,B01
201900005336,1,7,,0,2,8,1,A01
201900005337,1,7,,0,2,3,13,A01
201900005337,2,7,,0,2,3,1,B01
201900005338,3,7,,0,2,0,1,A01
201900005338,0,60,,0,0,0,1,B01
201900005339,2,7,,15,2,8,13,A01
201900005339,1,7,,15,2,8,1,B01
201900005340,3,1,,0,2,0,0,B01
201900005340,3,7,,0,2,8,20,A01
201900005341,1,32,,0,0,1,21,A01
201900005342,1,7,,0,2,3,1,B01
201900005342,2,7,,0,2,3,13,A01
201900005343,1,7,,16,0,9,1,A01
201900005344,1,7,,0,2,3,1,B01
201900005344,2,7,,0,2,1,13,A01
201900005345,2,7,,0,2,1,2,A01
201900005345,2,17,,0,0,6,2,B01
201900005346,1,7,,3,0,1,2,A01
201900005347,2,17,,14,0,1,1,A01
201900005348,3,7,,0,1,1,1,A01
201900005349,3,2,,0,2,1,1,B01
201900005349,3,10,,0,2,3,13,A01
201900005350,2,7,,8,0,1,1,A01
201900005351,2,7,,13,0,1,17,A01
201900005352,1,7,,5,0,9,0,A01
201900005353,2,7,,2,0,2,1,A01
201900005354,2,10,,3,2,3,1,B01
201900005354,1,7,,0,2,1,17,A01
201900005355,3,7,,0,1,1,15,A01
201900005356,2,7,,0,2,2,15,A01
201900005356,1,33,,0,2,1,1,B01
201900005357,3,33,,11,0,3,1,A01
201900005358,3,7,,13,0,2,1,A01
201900005359,2,10,,0,2,3,1,A01
201900005359,1,7,,0,2,3,1,B01
201900005359,1,7,,0,2,3,1,C01
201900005359,1,7,,0,9,1,1,D01
201900005360,3,13,,0,1,7,20,A01
201900005361,0,7,,15,0,1,1,A01
201900005362,2,1,,0,0,4,1,B01
201900005362,2,7,,0,9,2,1,A01
201900005363,2,7,,4,0,3,1,A01
201900005364,1,7,,0,2,1,2,B01
201900005364,1,7,,0,2,4,2,A01
201900005365,2,10,,0,2,3,21,A01
201900005365,2,7,,0,2,6,1,B01
201900005365,2,10,,0,2,6,23,C01
201900005366,1,17,,6,0,1,14,A01
201900005367,1,34,,0,2,7,3,A01
201900005368,2,99,,0,2,1,2,A01
201900005368,2,7,,0,2,4,1,B01
201900005368,2,17,,0,2,4,1,C01
201900005369,2,33,,0,0,9,1,A01
201900005370,1,7,,3,0,3,1,A01
201900005371,1,7,,0,9,1,1,A01
201900005371,1,15,,0,0,0,1,T01
201900005371,1,33,,4,0,0,1,B01
201900005372,1,7,,0,0,9,0,A01
201900005373,1,17,,3,0,1,19,A01
201900005373,1,15,,0,9,1,1,B01
201900005374,1,7,,0,1,1,1,A01
201900005375,1,7,,0,2,1,2,A01
201900005375,1,7,,0,2,4,1,B01
201900005376,2,7,,0,2,3,15,A01
201900005376,1,7,,0,2,3,1,B01
201900005377,1,7,,0,1,1,18,A01
201900005378,1,7,,0,2,3,15,A01
201900005378,2,30,,0,2,8,2,B01
201900005379,2,2,,0,2,7,0,B01
201900005379,1,7,,0,2,3,1,A01
201900005380,1,7,,3,0,7,14,A01
201900005381,2,7,,0,0,9,1,A01
201900005382,1,7,,0,2,1,1,A01
201900005382,1,10,,0,2,4,2,B01
201900005383,2,30,,0,1,0,19,A01
201900005384,3,30,,0,0,0,26,A01
201900005385,2,7,,0,2,4,2,B01
201900005385,2,33,,0,2,1,2,A01
201900005386,1,7,,0,9,7,2,A01
201900005386,1,50,,0,2,0,2,B01
201900005387,3,1,,0,2,8,13,B01
201900005387,3,0,,0,2,0,0,A01
201900005388,2,7,,0,2,2,15,A01
201900005388,1,7,,0,2,1,1,B01
201900005389,1,7,,0,1,1,1,A01
201900005390,2,7,,0,1,1,15,A01
201900005391,1,50,,0,2,4,1,B01
201900005391,1,7,,0,9,1,1,A01
201900005392,1,2,,0,2,4,0,B01
201900005392,1,7,,0,1,5,2,A01
201900005393,3,7,,0,2,1,2,E01
201900005393,3,7,,0,2,1,2,D01
201900005393,3,7,,0,2,1,2,C01
201900005393,3,99,,0,1,0,0,B01
201900005393,3,99,,0,1,0,0,A01
201900005393,3,1,,0,2,4,1,F01
201900005394,2,7,,0,2,2,15,A01
201900005394,1,33,,0,2,1,1,B01
201900005395,2,50,,0,2,8,13,B01
201900005395,2,37,1.0,0,2,2,17,A01
201900005396,3,7,,0,2,1,24,B01
201900005396,3,7,,0,1,4,26,A01
201900005397,2,7,,11,0,1,13,A01
201900005398,2,7,,0,2,3,1,B01
201900005398,1,7,,0,2,2,15,A01
201900005399,2,7,,0,2,7,15,A01
201900005399,1,2,,0,2,1,1,B01
201900005400,0,33,,0,2,1,17,A01
201900005400,0,7,,0,2,4,11,B01
201900005401,0,7,,0,1,3,16,A01
201900005402,0,10,,0,1,1,1,A01
201900005403,0,7,,0,2,1,1,B01
201900005403,0,7,,0,2,8,15,A01
201900005404,0,7,,0,2,1,1,A01
201900005404,0,7,,0,2,7,1,B01
201900005405,0,7,,0,2,3,1,B01
201900005405,0,7,,0,2,0,1,A01
201900005406,3,30,,0,2,1,19,B01
201900005406,3,7,,0,9,2,16,A01
201900005407,1,7,,0,1,2,1,A01
201900005408,3,7,,0,2,3,0,B01
201900005408,3,37,1.0,0,2,2,0,A01
201900005409,1,7,,0,2,0,1,Z01