Num_Acc,senc,catv,occutc,obs,obsm,choc,manv,num_veh
201900005409,1,50,,0,2,5,1,A01
201900005410,2,7,,0,1,0,0,A01
201900005411,2,10,,0,1,4,26,A01
201900005412,0,0,,0,1,2,26,Y01
201900005413,1,7,,0,1,1,1,A01
201900005414,1,7,,0,1,3,1,A01
201900005415,1,7,,0,2,3,13,A01
201900005415,2,7,,0,2,1,1,B01
201900005416,1,7,,0,2,3,13,A01
201900005416,2,50,,0,2,3,1,B01
201900005417,2,30,,0,2,1,2,A01
201900005417,2,7,,0,2,6,1,B01
201900005417,1,10,,0,2,3,1,C01
201900005418,1,7,,0,2,1,1,A01
201900005418,1,7,,0,2,4,1,B01
201900005419,2,7,,0,2,3,1,B01
201900005419,1,7,,0,2,1,15,A01
201900005420,3,7,,0,2,2,1,B01
201900005420,3,7,,0,2,1,13,A01
201900005421,3,7,,0,2,1,5,A01
201900005421,3,7,,0,2,1,1,B01
201900005422,1,10,,0,1,8,26,A01
201900005423,1,7,,8,0,1,1,A01
201900005424,1,7,,0,2,1,1,A01
201900005424,2,7,,0,2,8,1,B01
201900005425,0,7,,0,1,1,0,A01
201900005426,2,7,,0,1,1,1,A01
201900005427,0,7,,0,2,6,15,A01
201900005427,3,1,,0,2,1,1,B01
201900005428,0,10,,0,2,3,1,B01
201900005428,0,7,,0,2,3,13,A01
201900005429,1,7,,14,0,9,0,A01
201900005430,1,7,,5,0,9,0,A01
201900005431,1,7,,7,0,1,1,A01
201900005432,1,7,,0,1,0,26,A01
201900005433,3,7,,0,1,3,18,Z01
201900005434,1,7,,0,2,8,9,B01
201900005434,1,7,,1,2,1,1,A01
201900005435,1,7,,0,2,7,2,A01
201900005435,1,7,,0,2,6,20,B01
201900005435,1,7,,0,2,1,1,C01
201900005436,2,7,,0,0,9,26,A01
201900005437,3,7,,0,2,2,1,C01
201900005437,3,7,,0,2,1,1,B01
201900005437,0,7,,0,2,3,1,A01
201900005438,2,7,,0,2,4,2,B01
201900005438,2,13,,0,2,1,2,A01
201900005439,3,7,,0,1,2,15,A01
201900005440,1,7,,0,2,2,15,A01
201900005440,2,7,,0,2,1,1,B01
201900005441,1,7,,0,1,3,1,A01
201900005442,1,10,,0,2,1,1,A01
201900005442,1,7,,0,2,1,1,B01
201900005443,1,7,,0,2,8,9,A01
201900005443,1,7,,0,2,1,1,B01
201900005444,1,7,,0,2,6,23,B01
201900005444,1,7,,0,2,2,14,A01
201900005445,1,7,,0,2,9,12,A01
201900005445,1,7,,0,2,6,1,B01
201900005445,1,7,,0,2,7,1,C01
201900005446,3,7,,0,2,4,2,D01
201900005446,3,7,,0,2,4,2,C01
201900005446,0,7,,0,2,4,2,B01
201900005446,3,7,,0,2,1,1,A01
201900005447,2,7,,0,2,3,1,B01
201900005447,1,7,,0,2,3,13,A01
201900005448,2,7,,0,1,7,21,A01
201900005448,2,7,,0,1,2,1,B01
201900005449,3,7,,0,1,1,1,A01
201900005450,1,7,,0,2,4,1,B01
201900005450,1,7,,0,2,1,2,A01
201900005451,1,31,,0,2,1,1,B01
201900005451,1,7,,0,2,2,19,A01
201900005452,2,7,,0,2,3,13,A01
201900005452,1,7,,0,2,8,1,B01
201900005453,2,7,,0,2,3,13,A01
201900005453,1,7,,0,2,3,1,B01
201900005454,2,7,,1,0,1,1,A01
201900005455,3,30,,0,2,1,26,A01
201900005455,3,34,,0,2,7,1,B01
201900005456,1,7,,0,2,1,1,A01
201900005456,2,7,,0,2,2,1,B01
201900005457,1,7,,0,1,1,1,A01
201900005458,1,7,,0,2,1,1,B01
201900005458,2,7,,0,2,1,5,A01
201900005459,1,7,,0,2,3,1,A01
201900005459,1,7,,0,2,3,13,B01
201900005460,0,7,,0,2,0,26,A01
201900005460,0,7,,0,2,0,26,B01
201900005461,2,7,,0,2,1,1,B01
201900005461,2,7,,0,2,8,9,A01
201900005462,3,7,,0,1,0,16,A01
201900005463,0,7,,0,2,2,15,A01
201900005463,0,2,,0,2,1,1,B01
201900005464,1,21,,0,2,6,26,A01
201900005464,1,7,,0,2,9,26,B01
201900005464,1,15,,0,2,1,1,C01
201900005465,2,7,,0,2,4,13,Z01
201900005465,2,7,,0,2,1,1,A01
201900005466,1,32,,0,2,5,17,A01
201900005466,1,7,,0,2,3,4,B01
201900005467,2,7,,0,2,7,12,B01
201900005467,2,33,,0,2,8,3,A01
201900005468,1,7,,0,2,2,16,A01
201900005468,1,33,,0,2,8,7,B01
201900005469,1,10,,0,2,7,1,B01
201900005469,1,10,,0,2,1,1,A01
201900005470,1,30,,0,1,3,15,A01
201900005471,1,7,,0,2,2,16,A01
201900005471,1,1,,0,2,1,7,B01
201900005472,1,50,,0,2,1,1,B01
201900005472,1,7,,0,2,5,23,A01
201900005473,1,7,,14,0,1,13,A01
201900005474,2,7,,0,2,6,23,A01
201900005474,2,7,,0,2,7,17,B01
201900005475,2,13,,0,2,0,23,B01
201900005475,2,30,,0,2,0,2,A01
201900005476,1,7,,0,1,1,15,A01
201900005477,2,7,,0,2,3,1,B01
201900005477,1,7,,0,2,1,1,A01
201900005478,2,33,,0,2,4,23,B01
201900005478,2,7,,0,2,1,2,A01
201900005479,1,7,,0,1,3,16,A01
201900005480,1,31,,0,2,1,5,A01
201900005480,2,7,,0,2,7,15,B01
201900005481,3,7,,0,0,3,10,A01
201900005481,3,7,,0,0,3,10,B01
201900005482,3,7,,0,2,1,1,A01
201900005482,3,1,,0,2,4,1,B01
201900005483,2,30,,0,2,1,0,B01
201900005483,1,7,,0,2,5,15,A01
201900005484,1,7,,0,1,7,21,A01
201900005485,1,7,,11,0,1,0,A01
201900005486,1,7,,0,2,2,15,A01
201900005486,1,7,,0,2,3,1,B01
201900005487,2,33,,0,1,1,9,A01
201900005488,1,7,,0,1,1,15,A01
201900005489,1,7,,2,0,7,13,A01
201900005490,1,7,,0,2,3,13,A01
201900005490,2,7,,0,2,3,1,B01
201900005491,3,7,,8,0,1,1,A01
201900005492,3,7,,0,2,3,2,A01
201900005492,3,2,,0,2,8,1,B01
201900005493,2,7,,0,0,0,2,A01
201900005494,2,7,,0,2,3,1,B01
201900005494,1,7,,0,2,3,13,A01
201900005495,1,33,,0,6,1,1,A01
201900005496,0,7,,0,1,1,0,A01
201900005497,0,7,,0,2,4,16,B01
201900005497,0,7,,0,2,1,1,A01
201900005498,0,7,,0,2,7,1,A01
201900005498,0,7,,0,2,7,1,B01
201900005498,0,7,,0,2,7,1,C01
201900005498,0,33,,0,2,1,17,D01
201900005499,1,7,,13,0,3,0,A01
201900005500,0,7,,0,2,4,1,B01
201900005500,0,7,,0,2,1,1,A01
201900005501,2,7,,0,2,8,9,A01
201900005501,2,31,,0,2,2,1,B01
201900005502,3,31,,0,2,1,1,B01
201900005502,3,7,,0,2,5,0,A01
201900005503,3,10,,0,2,3,1,B01
201900005503,3,10,,0,2,2,1,A01
201900005504,3,30,,0,2,2,1,B01
201900005504,3,7,,0,2,2,16,A01
201900005505,3,7,,0,2,8,15,B01
201900005505,3,33,,0,2,1,17,A01
201900005506,1,7,,0,2,3,1,B01
201900005506,1,1,,0,2,0,17,A01
201900005507,0,2,,0,2,1,5,A01
201900005507,0,7,,0,2,3,1,B01
201900005508,2,3,,0,2,2,1,A01
201900005508,2,1,,0,2,6,1,B01
201900005509,3,2,,0,0,0,1,A01
201900005510,1,7,,13,0,1,0,A01
201900005511,2,7,,3,2,2,14,A01
201900005511,2,14,,0,2,3,21,B01
201900005512,2,7,,0,2,1,1,B01
201900005512,1,7,,0,1,1,1,A01
201900005513,1,7,,3,0,9,1,A01
201900005514,1,7,,0,2,3,1,B01
201900005514,2,7,,0,2,3,13,A01
201900005515,1,10,,0,2,1,1,A01
201900005515,2,7,,0,2,3,9,B01
201900005516,2,7,,0,1,1,1,A01
201900005517,2,7,,0,1,1,1,A01
201900005518,1,31,,0,2,1,1,M01
201900005518,1,7,,0,2,7,1,A01
201900005519,1,7,,0,2,1,1,A01
201900005519,1,7,,0,2,2,10,B01
201900005520,1,31,,0,2,1,1,A01
201900005520,2,1,,0,2,7,15,B01
201900005521,1,7,,0,2,1,1,A01
201900005521,3,7,,0,2,1,16,B01
201900005522,3,10,,7,0,1,1,A01
201900005523,1,7,,0,2,9,2,A01
201900005523,1,7,,0,2,9,2,B01
201900005523,1,7,,0,2,9,2,C01
201900005523,1,7,,0,2,1,2,D01
201900005524,3,3,,2,1,9,4,A01
201900005525,3,7,,0,1,4,4,A01
201900005526,1,7,,13,0,0,1,A01
201900005527,0,7,,0,2,1,1,A01
201900005527,0,7,,0,2,4,1,B01
201900005528,1,1,,0,2,4,1,C01
201900005528,1,1,,0,2,4,1,B01
201900005528,1,7,,0,2,1,2,A01
201900005529,1,7,,0,1,1,16,A01
201900005530,3,37,1.0,0,1,1,1,A01
201900005531,1,30,,14,0,2,1,A01
201900005532,3,3,,0,2,6,15,A01
201900005532,1,3,,0,2,3,1,B01
201900005533,1,7,,9,0,9,16,A01
201900005534,1,1,,0,9,1,1,B01
201900005534,1,31,,0,9,0,1,A01
201900005535,3,7,,0,1,1,2,A01
201900005536,1,7,,0,1,1,26,A01
201900005537,1,7,,0,1,1,15,A01
201900005538,2,7,,0,1,3,15,A01
201900005539,2,7,,0,2,3,1,B01
201900005539,1,7,,0,2,3,13,A01
201900005540,1,33,,1,0,1,0,A01
201900005541,2,7,,0,0,6,19,B01
201900005541,1,32,,0,2,1,1,A01
201900005542,1,7,,0,2,2,17,A01
201900005542,1,1,,0,2,4,2,B01
201900005543,2,2,,0,2,1,1,B01
201900005543,1,7,,0,2,2,13,A01
201900005544,1,7,,0,1,2,2,A01
201900005545,2,7,,0,1,2,1,A01
201900005546,1,7,,0,9,1,2,D01
201900005546,1,7,,0,9,1,2,C01
201900005546,1,7,,3,2,1,2,B01
201900005546,2,7,,3,0,0,2,A01
201900005547,2,7,,0,1,2,19,A01
201900005548,3,2,,1,2,8,1,B01
201900005548,3,7,,0,2,3,1,A01
201900005548,0,7,,0,2,2,23,C01
201900005549,0,7,,0,0,9,1,A01
201900005550,1,7,,16,0,8,21,A01
201900005551,3,7,,0,1,2,1,A01
201900005552,2,2,,9,0,1,16,A01
201900005553,2,7,,16,0,2,21,A01
201900005554,1,33,,8,0,1,2,A01
201900005555,3,7,,0,2,1,1,A01
201900005555,3,7,,0,2,3,1,B01
201900005556,1,50,,0,2,1,1,B01
201900005556,1,10,,0,2,7,1,A01
201900005557,2,7,,2,0,1,14,A01
201900005558,2,7,,0,2,1,1,B01
201900005558,1,7,,0,2,1,26,A01
201900005559,2,7,,16,0,1,1,A01
201900005560,2,7,,0,0,1,13,A01
201900005561,1,7,,0,2,1,1,A01
201900005561,1,7,,7,2,8,19,B01
201900005562,0,7,,0,0,2,1,B01
201900005562,0,7,,0,0,3,10,A01
201900005563,0,33,,0,2,1,0,B01
201900005563,3,10,,0,2,3,1,A01
201900005564,2,7,,0,2,1,0,B01
201900005564,2,7,,0,2,1,1,A01
201900005565,1,7,,0,2,2,19,B01
201900005565,2,7,,1,2,3,1,A01
201900005566,3,7,,0,2,3,15,A01
201900005566,3,31,,0,2,1,1,B01
201900005567,2,7,,0,1,3,15,A01
201900005568,1,17,,0,1,4,9,A01
201900005569,2,2,,0,0,7,1,A01
201900005570,3,30,,0,2,7,26,A01
201900005571,1,7,,0,1,1,19,A01
201900005572,3,7,,0,2,0,0,Z01
201900005572,3,1,,0,2,1,26,A01
201900005573,3,7,,0,1,1,2,A01
201900005574,3,10,,0,2,2,15,A01
201900005574,3,30,,0,2,1,0,B01
201900005575,2,33,,0,0,8,15,A01
201900005576,2,7,,13,0,0,2,A01
201900005577,0,7,,2,0,0,1,A01
201900005578,-1,33,,-1,-1,-1,-1,A01
201900005579,0,37,4.0,0,2,0,1,A01
201900005580,0,31,,0,2,1,1,C01
201900005580,-1,7,,0,2,3,1,D01
201900005581,1,10,,0,2,8,9,A01
201900005581,1,7,,0,2,7,21,B01
201900005581,2,7,,0,2,1,1,C01
201900005582,2,31,,0,2,1,1,D01
201900005582,2,7,,0,2,1,1,C01
201900005582,2,7,,0,2,1,1,B01
201900005582,2,7,,0,2,4,1,A01
201900005583,2,7,,0,1,3,1,A01
201900005584,3,7,,0,1,2,1,A01
201900005585,2,20,,0,1,2,26,A01
201900005586,2,0,,0,1,5,4,Z01
201900005587,2,7,,2,0,0,1,A01
201900005588,2,7,,0,1,1,14,A01
201900005589,0,7,,0,0,4,9,B01
201900005589,0,7,,0,2,1,2,A01
201900005590,1,7,,0,2,8,1,B01
201900005590,1,33,,0,2,2,12,A01
201900005591,2,37,1.0,0,1,7,1,A01
201900005592,1,32,,0,1,1,1,A01
201900005593,2,7,,0,1,1,1,A01
201900005594,1,7,,0,2,7,15,B01
201900005594,2,7,,0,2,1,1,A01
201900005595,2,7,,0,2,8,1,B01
201900005595,2,7,,0,2,7,14,A01
201900005596,3,7,,0,2,1,1,B01
201900005596,3,7,,0,2,5,19,A01
201900005597,1,2,,0,2,4,2,B01
201900005597,1,7,,0,2,1,2,A01
201900005598,-1,7,,13,0,2,-1,A01
201900005599,1,7,,13,0,7,1,A01
201900005600,1,33,,0,2,8,2,A01
201900005601,1,7,,0,2,1,1,B01
201900005601,2,7,,0,2,1,5,A01
201900005602,1,7,,13,0,1,1,A01
201900005603,1,7,,0,2,4,2,G01
201900005603,1,15,,0,2,4,2,F01
201900005603,1,7,,0,2,4,2,E01
201900005603,1,7,,0,2,4,2,D01
201900005603,1,10,,0,2,4,2,C01
201900005603,1,7,,0,2,4,2,B01
201900005603,1,10,,0,2,4,2,A01
201900005604,2,7,,11,2,1,6,A01
201900005604,1,7,,0,2,7,1,B01
201900005604,1,7,,0,2,7,1,C01
201900005605,3,7,,0,2,2,0,B01
201900005605,3,7,,0,2,3,26,A01
201900005606,2,31,,0,2,4,2,B01
201900005606,2,7,,0,2,1,2,A01
201900005607,1,7,,0,2,7,16,B01
201900005607,1,33,,0,2,8,18,A01
201900005608,2,33,,0,2,3,1,B01
201900005608,1,7,,0,2,3,15,A01
201900005609,1,7,,0,2,8,1,B01
201900005609,1,14,,0,2,2,12,A01
201900005610,1,7,,0,1,7,21,A01
201900005611,3,7,,1,0,1,1,A01
201900005612,1,10,,0,1,3,15,A01
201900005613,1,7,,0,2,1,2,A01
201900005613,1,7,,0,2,1,2,B01
201900005613,1,7,,0,2,1,2,C01
201900005613,1,7,,0,2,4,2,D01
201900005614,3,7,,0,2,3,2,A01
201900005614,1,33,,0,2,3,1,B01
201900005614,1,33,,12,0,2,21,C01
201900005615,2,7,,0,2,1,1,B01
201900005615,2,7,,0,1,4,1,A01
201900005616,1,7,,0,2,5,1,B01
201900005616,1,30,,0,2,2,2,A01
201900005617,3,7,,0,1,0,1,A01
201900005618,3,7,,0,2,8,26,C01
201900005618,3,7,,0,2,7,26,B01
201900005618,3,7,,0,2,7,26,A01
201900005619,1,7,,0,1,2,16,A01
201900005620,3,30,,0,2,1,1,B01
201900005620,1,7,,0,2,3,15,A01
201900005621,0,32,,1,1,1,17,A01
201900005622,2,7,,0,1,7,1,A01
201900005623,3,7,,0,2,7,15,A01
201900005623,3,7,,0,2,1,1,B01
201900005624,1,7,,0,1,2,0,A01
201900005625,1,31,,0,2,1,17,A01
201900005625,2,7,,0,2,3,9,B01
201900005626,2,7,,0,1,6,4,A01
201900005627,3,7,,0,1,1,15,A01
201900005628,0,0,,0,0,0,0,B01
201900005628,3,7,,0,1,1,16,A01
201900005629,1,7,,0,2,1,2,A01
201900005629,2,10,,0,2,4,2,B01
201900005630,1,31,,0,0,9,2,A01
201900005631,2,10,,0,2,4,2,B01
201900005631,2,13,,0,2,1,2,A01
201900005632,3,32,,0,2,1,5,B01
201900005632,3,7,,0,2,2,1,A01
201900005633,2,7,,0,0,4,2,A01
201900005633,2,7,,0,2,1,2,B01
201900005634,1,7,,0,1,1,1,A01
201900005635,1,7,,0,1,2,9,A01
201900005636,1,7,,1,0,1,26,A01
201900005637,1,7,,0,1,1,1,A01
201900005638,3,7,,0,0,0,0,A01
201900005639,1,30,,0,0,8,21,A01
201900005640,1,7,,0,2,3,1,A01
201900005640,2,33,,0,2,1,13,B01
201900005641,2,7,,0,1,2,1,A01
201900005642,3,7,,0,1,8,1,A01
201900005643,3,7,,0,1,2,15,A01
201900005644,2,33,,0,2,0,1,B01
201900005644,1,7,,0,2,3,10,A01
201900005645,1,7,,5,2,8,1,B01
201900005645,2,7,,0,2,3,13,A01
201900005646,1,7,,9,2,1,19,A01
201900005646,3,7,,0,2,2,1,C01
201900005647,1,7,,0,2,1,1,B01
201900005647,1,7,,0,2,1,16,A01
201900005648,0,33,,0,2,7,0,A01
201900005648,0,7,,0,2,0,0,Z01
201900005649,1,7,,0,0,0,5,A01
201900005649,1,7,,3,0,8,21,B01
201900005650,1,7,,0,2,1,2,B01
201900005650,1,7,,0,2,4,2,A01
201900005651,1,7,,12,0,2,1,A01
201900005652,0,33,,0,2,1,2,B01
201900005652,0,7,,0,2,1,15,A01
201900005653,1,7,,0,1,2,13,A01
201900005654,3,7,,14,2,1,14,A01
201900005654,3,7,,0,2,2,23,C01
201900005654,3,7,,0,2,6,15,B01
201900005655,1,7,,0,2,1,2,A01
201900005655,1,7,,0,2,4,23,B01
201900005656,3,7,,0,2,1,1,B01
201900005656,0,7,,0,2,3,15,A01
201900005657,0,7,,16,1,1,19,A01
201900005658,1,7,,0,2,1,1,B01
201900005658,1,7,,0,0,4,1,A01
201900005659,1,7,,8,0,2,14,A01
201900005660,2,0,,0,1,1,26,A01
201900005661,0,7,,0,2,1,1,C01
201900005661,0,7,,0,2,1,1,D01
201900005662,1,7,,0,2,2,17,A01
201900005662,1,1,,0,2,3,1,B01
201900005663,3,7,,0,1,7,1,A01
201900005664,1,7,,0,2,3,1,B01
201900005664,1,7,,0,2,2,15,A01
201900005665,2,7,,13,0,2,14,A01
201900005666,3,7,,0,2,0,0,A01
201900005666,3,7,,0,2,3,16,B01
201900005667,3,7,,0,2,6,9,A01
201900005667,3,1,,0,2,1,0,B01
201900005668,1,7,,0,2,4,26,B01
201900005668,1,1,,0,2,1,1,A01
201900005669,1,7,,0,1,3,1,A01
201900005670,0,2,,0,2,1,1,B01
201900005670,0,7,,3,2,5,1,A01
201900005671,1,7,,0,1,3,1,A01
201900005672,1,7,,0,2,3,0,A01
201900005672,2,33,,0,2,3,3,B01
201900005673,2,7,,0,2,0,13,A01
201900005673,1,7,,0,2,8,1,B01
201900005673,1,7,,0,2,1,1,C01
201900005674,1,7,,0,2,1,1,B01
201900005674,1,7,,0,2,5,1,A01
201900005675,2,1,,0,2,1,19,B01
201900005675,1,3,,0,1,2,15,A01
201900005676,1,1,,0,0,0,0,A01
201900005677,1,7,,0,2,1,1,A01
201900005677,1,7,,0,2,4,1,B01
201900005677,1,7,,0,2,4,1,C01
201900005678,1,7,,0,2,3,9,A01
201900005678,1,7,,0,2,2,1,B01
201900005679,1,7,,0,2,2,1,B01
201900005679,1,30,,0,2,1,1,A01
201900005680,1,7,,0,2,0,0,B01
201900005680,1,33,,0,2,0,0,A01
201900005681,1,7,,0,2,0,0,D01
201900005681,1,7,,0,2,0,0,C01
201900005681,1,10,,0,2,0,0,B01
201900005681,1,7,,0,2,0,1,A01
201900005682,0,7,,0,2,4,0,C01
201900005682,0,33,,0,2,4,1,B01
201900005682,0,7,,0,2,1,0,A01
201900005683,2,32,,0,2,1,26,A01
201900005683,2,7,,0,2,6,2,B01
201900005684,1,7,,0,1,5,23,A01
201900005685,0,1,,0,2,1,14,A01
201900005685,0,7,,0,2,0,2,B01
201900005686,1,7,,0,9,2,4,A01
201900005686,1,33,,0,2,1,1,B01
201900005687,1,7,,0,1,2,16,A01
201900005688,1,7,,0,1,3,15,A01
201900005689,1,32,,0,2,0,1,A01
201900005689,1,15,,0,2,0,0,B01
201900005690,3,30,,1,0,1,14,A01
201900005691,1,7,,0,2,7,1,A01
201900005691,2,7,,0,2,1,1,B01
201900005692,1,33,,0,2,3,1,B01
201900005692,2,7,,0,2,3,13,A01
201900005693,1,7,,0,2,1,1,A01
201900005693,1,7,,0,2,2,1,B01
201900005694,1,7,,0,0,8,22,A01
201900005694,1,1,,1,0,1,1,B01
201900005695,1,1,,0,0,0,0,A01
201900005696,1,7,,1,0,2,1,A01
201900005697,2,7,,0,2,5,0,B01
201900005697,2,1,,0,0,0,0,A01
201900005698,0,1,,0,0,0,0,A01
201900005699,3,2,,0,2,3,1,B01
201900005699,3,7,,0,2,6,4,A01
201900005700,1,7,,8,2,1,15,A01
201900005700,1,7,,1,2,1,1,B01
201900005701,1,99,,0,2,1,2,Y01
201900005701,1,33,,0,2,1,1,A01
201900005702,3,37,1.0,0,2,3,26,B01
201900005702,3,31,,0,2,1,1,A01
201900005703,3,10,,0,1,7,16,A01
201900005704,3,7,,0,2,4,1,B01
201900005704,3,7,,0,2,1,1,A01
201900005705,2,7,,0,2,2,23,A01
201900005705,2,1,,0,2,1,1,B01
201900005706,1,7,,0,2,4,2,B01
201900005706,1,7,,0,2,1,2,A01
201900005707,2,7,,0,2,3,1,B01
201900005707,2,31,,0,2,7,17,A01
201900005708,2,3,,1,0,3,13,A01
201900005709,1,7,,0,1,3,17,A01
201900005710,3,7,,0,2,7,16,A01
201900005710,1,1,,0,2,7,1,B01
201900005711,3,7,,2,0,2,15,A01
201900005712,1,7,,0,6,1,1,B01
201900005712,2,1,,0,2,1,1,A01
201900005713,1,7,,0,0,4,1,B01
201900005713,1,7,,0,2,1,1,A01
201900005714,1,7,,0,2,2,1,A01
201900005714,1,7,,0,2,1,1,B01
201900005715,2,1,,0,0,3,1,B01
201900005715,2,37,1.0,0,2,5,17,A01
201900005716,0,7,,0,1,1,1,A01
201900005717,2,33,,0,2,1,9,A01
201900005717,2,7,,0,2,5,1,B01
201900005718,2,31,,0,2,8,1,B01
201900005718,1,15,,0,2,8,1,A01
201900005719,1,7,,0,2,3,1,B01
201900005719,2,7,,0,2,3,13,A01
201900005720,2,2,,0,2,1,1,B01
201900005720,2,7,,0,2,2,5,A01
201900005721,3,7,,0,1,1,16,A01
201900005722,3,30,,0,1,1,1,A01
201900005723,2,2,,0,2,1,2,C01
201900005723,2,7,,0,2,4,16,D01
201900005724,2,33,,0,2,7,3,A01
201900005724,2,10,,0,2,8,13,B01
201900005725,3,32,,12,0,0,13,A01
201900005726,0,7,,8,0,2,14,A01
201900005727,3,7,,0,1,1,15,A01
201900005728,3,7,,0,2,4,2,B01
201900005728,3,1,,0,2,1,2,A01
201900005729,1,33,,0,6,1,0,A01
201900005730,1,7,,0,1,0,0,A01
201900005731,0,10,,0,1,1,1,A01
201900005732,1,33,,0,6,1,1,B01
201900005732,1,1,,0,2,0,13,A01
201900005733,3,7,,0,2,4,15,A01
201900005733,3,7,,0,2,1,1,B01
201900005734,3,7,,0,2,2,15,A01
201900005734,3,31,,0,2,1,1,B01
201900005735,1,2,,0,2,1,1,B01
201900005735,1,7,,0,2,4,20,A01
201900005736,1,7,,0,1,4,4,A01
201900005737,1,31,,0,2,1,1,B01
201900005737,2,7,,0,2,2,15,A01
201900005738,1,2,,0,2,7,18,B01
201900005738,1,7,,0,2,1,1,A01
201900005739,2,7,,0,2,6,1,A01
201900005739,3,15,,0,2,1,1,Z01
201900005740,1,30,,0,1,3,1,Z01
201900005741,2,2,,0,2,2,15,B01
201900005741,2,10,,0,2,3,1,A01
201900005742,1,7,,0,2,3,22,A01
201900005742,1,50,,0,2,8,1,B01
201900005743,1,7,,0,2,1,5,A01
201900005743,2,7,,0,2,1,1,B01
201900005744,2,7,,0,1,6,4,A01
201900005745,1,33,,0,2,8,1,B01
201900005745,1,7,,0,2,8,9,A01
201900005746,1,1,,0,2,6,14,B01
201900005746,1,2,,0,2,2,1,A01
201900005747,1,1,,0,2,3,23,C01
201900005747,1,33,,0,2,8,1,B01
201900005747,1,7,,0,2,2,16,A01
201900005748,1,7,,0,2,3,15,A01
201900005748,2,50,,0,2,1,1,B01
201900005749,2,7,,0,1,2,16,A01
201900005750,1,1,,0,2,2,5,A01
201900005750,2,7,,0,2,1,2,B01
201900005751,1,32,,0,2,1,1,B01
201900005751,2,7,,0,2,2,15,A01
201900005752,2,7,,15,0,3,13,A01
201900005753,1,7,,0,2,2,9,A01
201900005753,1,33,,0,2,3,1,B01
201900005754,0,7,,0,2,1,10,B01
201900005754,0,50,,0,2,1,17,A01
201900005755,1,10,,1,0,1,1,A01
201900005756,1,7,,0,2,1,3,B01
201900005756,1,7,,3,2,6,9,A01
201900005757,1,33,,0,2,2,1,LB01
201900005757,1,7,,0,2,8,15,A01
201900005758,2,33,,0,0,0,1,A01
201900005759,2,7,,0,2,1,11,A01
201900005759,1,32,,0,2,1,2,B01
201900005760,1,34,,0,1,2,2,A01
201900005761,2,43,,0,2,1,2,A01
201900005761,2,33,,0,2,4,1,B01
201900005762,1,3,,0,1,1,9,A01
201900005763,1,7,,15,0,2,15,A01
201900005764,0,7,,0,1,3,1,A01
201900005765,1,34,,0,2,1,0,A01
201900005766,0,7,,0,1,0,25,A01
201900005767,0,10,,0,2,2,1,B01
201900005767,1,10,,0,2,3,1,A01
201900005768,3,7,,0,2,2,16,A01
201900005768,3,33,,0,2,3,0,B01
201900005769,1,7,,9,0,9,1,A01
201900005770,2,1,,0,2,1,1,B01
201900005770,1,7,,0,9,7,15,A01
201900005771,3,7,,0,2,1,15,A01
201900005771,3,31,,0,0,8,1,B01
201900005772,1,7,,0,2,1,15,A01
201900005772,2,32,,0,2,1,26,B01
201900005773,1,7,,3,0,9,2,A01
201900005774,1,7,,0,0,6,1,B01
201900005774,1,2,,0,2,1,9,A01
201900005775,1,33,,3,0,0,21,A01
201900005776,0,33,,0,2,1,1,B01
201900005776,0,7,,0,2,6,15,A01
201900005777,3,10,,13,0,2,1,A01
201900005778,2,7,,0,9,2,9,A01
201900005778,2,1,,0,9,3,2,B01
201900005779,1,7,,0,1,2,1,A01
201900005780,1,7,,0,2,3,13,A01
201900005780,2,7,,0,2,3,0,B01
201900005781,1,32,,0,0,0,1,A01
201900005781,2,14,,0,0,0,15,B01
201900005782,3,7,,0,2,3,1,B01
201900005782,1,7,,0,2,3,13,A01
201900005783,2,7,,10,0,8,13,A01
201900005784,1,7,,0,2,1,1,B01
201900005784,2,7,,0,2,1,5,A01
201900005785,1,7,,0,1,2,1,A01
201900005786,3,33,,13,0,1,16,A01
201900005787,2,7,,13,0,2,1,A01
201900005788,3,7,,0,2,1,1,B01
201900005788,3,7,,0,2,2,15,A01
201900005789,1,7,,0,2,5,1,B01
201900005789,2,7,,0,2,1,1,A01
201900005790,2,1,,0,2,6,0,B01
201900005790,2,15,,0,2,7,12,A01
201900005791,2,2,,0,2,3,0,A01
201900005791,2,2,,0,2,2,1,B01
201900005792,3,7,,0,0,2,1,A01
201900005792,1,7,,8,2,1,1,B01
201900005793,0,7,,13,0,8,13,A01
201900005794,2,7,,0,2,3,1,B01
201900005794,1,7,,0,2,3,1,A01
201900005795,2,1,,0,2,1,1,B01
201900005795,1,7,,0,2,3,15,A01
201900005796,1,7,,0,1,3,1,A01
201900005797,1,7,,0,2,3,15,A01
201900005797,1,33,,0,2,1,17,B01
201900005798,0,2,,0,0,7,1,A01
201900005799,1,10,,0,0,6,24,B01
201900005799,1,7,,1,0,2,2,A01
201900005800,3,7,,0,2,1,1,A01
201900005800,3,7,,0,2,4,1,B01
201900005800,3,7,,0,0,4,1,C01
201900005801,2,7,,0,2,3,1,B01
201900005801,1,7,,0,2,8,5,A01
201900005802,1,7,,8,0,0,1,A01
201900005803,3,2,,6,0,1,1,A01
201900005804,1,7,,0,2,2,17,B01
201900005804,1,7,,0,0,8,15,A01
201900005805,3,7,,2,0,3,2,A01
201900005806,3,7,,13,0,2,1,A01
201900005807,2,2,,13,0,1,1,A01
201900005808,2,7,,0,2,1,1,B01