Num_Acc,senc,catv,occutc,obs,obsm,choc,manv,num_veh
201900005808,1,33,,0,2,1,1,A01
201900005809,0,7,,0,0,1,13,B01
201900005809,0,7,,0,0,1,1,A01
201900005810,2,21,,13,0,3,1,A01
201900005811,2,14,,0,1,2,1,A01
201900005812,2,7,,0,2,1,2,B01
201900005812,1,7,,0,2,1,5,A01
201900005813,1,10,,0,0,4,1,B01
201900005813,1,7,,0,2,1,2,A01
201900005814,1,31,,0,2,1,1,A01
201900005814,1,7,,0,0,4,23,B01
201900005815,3,2,,0,2,1,1,B01
201900005815,3,7,,0,2,2,5,A01
201900005816,3,35,,13,0,8,17,A01
201900005817,0,2,,0,0,0,1,C01
201900005817,3,2,,0,2,1,13,B01
201900005817,3,2,,0,2,1,1,A01
201900005818,1,7,,0,9,5,17,A01
201900005818,1,1,,0,2,4,13,B01
201900005819,2,33,,4,0,2,1,A01
201900005820,2,33,,0,0,4,23,A01
201900005820,2,7,,0,2,1,2,B01
201900005821,3,1,,6,0,1,1,A01
201900005822,1,7,,0,2,4,2,B01
201900005822,1,7,,0,2,1,2,A01
201900005823,3,10,,0,2,1,0,A01
201900005823,3,7,,0,2,1,13,B01
201900005824,1,1,,0,0,4,2,B01
201900005824,1,7,,0,2,2,2,A01
201900005825,1,10,,0,2,3,1,A01
201900005825,2,10,,0,2,3,1,B01
201900005826,3,7,,0,0,3,1,B01
201900005826,3,7,,0,0,1,19,A01
201900005827,1,7,,0,2,3,1,A01
201900005827,2,7,,0,0,1,1,B01
201900005828,1,33,,0,2,1,1,B01
201900005828,2,7,,0,2,5,15,A01
201900005829,2,10,,0,2,4,2,B01
201900005829,2,7,,0,2,1,2,A01
201900005830,2,33,,0,2,8,3,A01
201900005830,2,7,,0,2,7,1,B01
201900005831,1,33,,0,0,8,1,A01
201900005832,1,7,,0,2,8,11,B01
201900005832,1,33,,0,2,7,3,A01
201900005833,1,7,,0,2,3,23,A01
201900005833,1,33,,0,2,7,18,B01
201900005834,2,7,,4,0,1,9,A01
201900005835,2,7,,0,2,1,1,A01
201900005835,2,7,,0,2,6,2,B01
201900005836,1,7,,4,0,0,26,A01
201900005837,2,31,,0,2,1,3,B01
201900005837,2,10,,0,2,6,11,A01
201900005838,1,10,,0,2,2,14,A01
201900005838,1,15,,0,2,3,1,B01
201900005839,1,7,,0,1,3,1,A01
201900005840,2,7,,6,0,2,17,A01
201900005841,1,33,,0,2,1,21,A01
201900005841,1,7,,0,2,4,21,B01
201900005841,1,7,,0,2,1,21,C01
201900005842,2,34,,0,2,2,1,A01
201900005842,2,7,,0,2,3,11,B01
201900005843,3,7,,0,2,2,1,A01
201900005843,1,7,,0,2,3,1,B01
201900005844,2,7,,0,2,6,1,A01
201900005844,1,32,,0,2,2,1,B01
201900005845,1,7,,0,2,1,2,A01
201900005845,1,7,,0,2,4,23,B01
201900005846,2,99,,0,2,0,26,A01
201900005846,1,7,,0,2,8,1,B01
201900005847,3,7,,0,2,1,2,B01
201900005847,3,7,,0,2,6,0,C01
201900005847,2,7,,0,2,1,15,A01
201900005848,1,99,,14,1,3,19,A01
201900005849,1,7,,0,2,1,21,B01
201900005849,1,7,,0,2,3,10,A01
201900005850,2,33,,0,2,1,1,B01
201900005850,2,7,,0,6,8,15,A01
201900005851,1,33,,0,2,1,16,B01
201900005851,2,10,,0,2,5,15,A01
201900005852,1,7,,0,1,3,26,A01
201900005853,1,7,,0,2,1,21,A01
201900005853,1,32,,0,2,4,1,B01
201900005854,1,7,,0,2,4,1,B01
201900005854,1,7,,0,2,1,1,A01
201900005855,3,7,,0,1,2,16,A01
201900005856,1,50,,0,1,1,1,B01
201900005856,2,50,,0,1,1,5,A01
201900005857,1,7,,0,2,6,1,B01
201900005857,1,7,,0,2,3,26,A01
201900005858,1,7,,0,2,1,13,A01
201900005858,2,7,,0,2,1,1,B01
201900005859,3,1,,0,2,1,9,A01
201900005859,3,7,,0,6,1,9,B01
201900005860,0,7,,0,2,1,2,A01
201900005860,0,7,,0,0,4,23,B01
201900005861,1,30,,0,2,7,15,A01
201900005861,2,33,,0,2,1,1,B01
201900005862,2,7,,0,2,3,15,B01
201900005862,2,34,,0,2,1,17,A01
201900005863,3,7,,0,1,2,9,B01
201900005864,2,10,,13,0,0,9,A01
201900005865,2,7,,8,0,1,26,A01
201900005866,1,30,,0,1,3,1,A01
201900005867,2,7,,0,2,8,17,A01
201900005868,1,33,,7,0,0,14,A01
201900005869,3,7,,0,2,1,26,B01
201900005869,3,33,,0,2,1,1,A01
201900005870,1,1,,0,0,0,0,A01
201900005871,0,7,,0,1,3,1,A01
201900005872,2,7,,0,2,1,13,A01
201900005872,1,7,,0,2,1,1,B01
201900005873,3,7,,0,0,0,1,A01
201900005874,2,31,,0,2,1,0,B01
201900005874,1,10,,0,2,3,5,A01
201900005875,0,7,,17,9,1,1,A01
201900005876,1,7,,0,1,2,1,A01
201900005877,2,7,,7,0,0,0,A01
201900005878,2,17,,0,0,6,2,B01
201900005878,2,10,,0,2,2,14,A01
201900005879,1,7,,1,0,1,1,A01
201900005879,1,17,,0,0,4,26,B01
201900005880,0,32,,0,0,0,0,A01
201900005881,2,33,,12,0,1,1,A01
201900005882,1,2,,0,2,1,17,A01
201900005882,2,7,,0,2,8,2,B01
201900005882,2,7,,0,2,3,1,C01
201900005883,1,0,,0,1,0,0,A01
201900005884,2,7,,0,2,7,15,A01
201900005884,1,33,,0,2,1,1,B01
201900005885,1,33,,0,2,1,26,B01
201900005885,0,7,,0,0,4,0,A01
201900005886,3,7,,0,1,3,1,A01
201900005887,1,7,,2,0,8,13,A01
201900005888,2,7,,0,2,3,0,C01
201900005888,2,7,,0,2,2,21,B01
201900005888,1,21,,0,2,4,1,A01
201900005889,3,7,,0,2,1,0,B01
201900005889,3,7,,0,2,1,0,A01
201900005890,2,7,,0,0,9,1,A01
201900005891,1,33,,0,2,1,1,B01
201900005891,2,10,,0,0,3,13,A01
201900005892,0,7,,0,2,1,1,C01
201900005892,0,7,,0,2,4,1,B01
201900005892,0,7,,0,2,4,1,A01
201900005893,1,33,,0,0,1,1,A01
201900005894,1,1,,0,2,7,15,A01
201900005894,2,7,,0,9,3,1,B01
201900005895,2,7,,0,2,4,1,E01
201900005895,2,7,,0,2,4,1,D01
201900005895,2,7,,0,2,4,0,C01
201900005895,2,7,,0,2,4,1,B01
201900005895,2,7,,0,2,1,26,A01
201900005896,1,7,,3,0,1,2,A01
201900005897,2,17,,0,0,0,1,A01
201900005897,2,7,,0,9,0,1,B01
201900005898,2,7,,0,6,1,1,A01
201900005899,2,7,,0,2,4,23,C01
201900005899,2,7,,0,2,6,23,B01
201900005899,2,7,,0,2,2,2,A01
201900005900,2,10,,0,2,4,23,C01
201900005900,2,10,,0,2,4,23,B01
201900005900,2,7,,0,2,1,12,A01
201900005901,1,7,,0,2,5,12,A01
201900005901,1,31,,0,2,6,1,B01
201900005902,1,7,,0,2,4,2,C01
201900005902,1,7,,0,2,4,2,B01
201900005902,1,7,,0,2,1,2,A01
201900005903,2,7,,0,2,0,2,C01
201900005903,2,7,,0,2,0,0,B01
201900005903,2,7,,0,2,0,26,A01
201900005904,1,7,,0,2,4,2,B01
201900005904,1,7,,0,2,1,2,A01
201900005905,2,33,,0,2,1,2,A01
201900005905,2,7,,0,2,4,2,B01
201900005906,2,7,,0,2,1,2,A01
201900005906,2,7,,0,2,1,2,B01
201900005906,2,7,,0,2,4,2,C01
201900005907,1,43,,0,0,0,0,A01
201900005908,1,10,,3,0,3,1,A01
201900005909,2,17,,0,2,3,1,B01
201900005909,2,10,,0,2,1,12,A01
201900005910,1,33,,0,2,4,1,A01
201900005910,1,7,,0,2,0,0,Z01
201900005911,2,7,,4,0,1,13,A01
201900005912,2,7,,0,2,3,11,A01
201900005912,2,33,,0,2,2,3,B01
201900005913,2,7,,3,0,3,16,A01
201900005914,2,10,,4,0,1,1,A01
201900005914,2,10,,0,9,0,0,B01
201900005915,1,31,,0,0,0,1,A01
201900005916,1,7,,1,0,2,14,A01
201900005917,1,7,,0,2,0,0,B01
201900005917,1,7,,0,2,1,15,A01
201900005918,0,7,,0,2,4,2,B01
201900005918,0,7,,0,2,1,2,A01
201900005919,1,7,,0,1,2,1,A01
201900005920,3,7,,0,2,1,2,A01
201900005920,3,7,,0,2,4,2,B01
201900005921,1,7,,4,0,2,1,A01
201900005922,0,7,,0,2,6,1,B01
201900005922,0,33,,0,2,0,0,A01
201900005923,0,7,,0,1,2,1,A01
201900005924,1,37,1.0,0,2,2,1,A01
201900005924,1,1,,0,2,1,1,B01
201900005925,1,32,,0,1,1,1,A01
201900005926,3,7,,0,2,1,9,A01
201900005926,3,7,,0,2,7,9,B01
201900005927,1,7,,0,2,7,0,B01
201900005927,3,10,,0,2,5,16,A01
201900005928,3,10,,0,2,1,2,A01
201900005928,3,7,,0,2,4,2,B01
201900005929,2,1,,0,2,1,1,B01
201900005929,1,7,,0,2,3,15,A01
201900005930,1,7,,0,1,1,1,A01
201900005931,1,34,,1,0,7,1,A01
201900005932,2,1,,0,2,1,2,A01
201900005932,2,7,,0,2,4,23,B01
201900005933,1,7,,6,0,1,1,A01
201900005934,1,10,,0,1,1,1,A01
201900005935,1,7,,0,2,3,1,B01
201900005935,1,7,,0,2,2,1,A01
201900005936,3,20,,0,2,7,2,B01
201900005936,3,60,,0,2,8,11,A01
201900005937,2,7,,0,2,4,2,B01
201900005937,2,7,,0,2,1,2,A01
201900005938,1,34,,0,2,0,17,A01
201900005938,1,7,,0,0,0,15,B01
201900005939,0,60,,0,2,7,19,B01
201900005939,2,7,,0,1,1,1,A01
201900005940,3,1,,0,2,4,26,B01
201900005940,3,7,,0,2,3,1,A01
201900005941,1,50,,0,2,7,19,B01
201900005941,1,7,,0,1,1,1,A01
201900005942,2,7,,0,1,2,1,A01
201900005943,3,7,,9,2,1,0,A01
201900005943,3,7,,0,2,8,0,B01
201900005944,2,50,,0,2,1,11,A01
201900005944,2,7,,0,2,2,1,B01
201900005945,1,7,,0,6,1,11,B01
201900005945,3,1,,0,2,1,19,A01
201900005946,3,2,,0,2,1,1,B01
201900005946,3,7,,0,2,2,15,A01
201900005947,3,7,,0,2,3,15,B01
201900005947,3,7,,0,2,2,1,A01
201900005948,2,7,,0,2,7,15,A01
201900005948,1,2,,0,2,1,1,B01
201900005949,2,7,,0,2,4,2,B01
201900005949,1,2,,0,2,1,1,A01
201900005950,1,1,,0,2,0,1,A01
201900005950,2,1,,0,2,0,15,B01
201900005951,1,7,,0,1,1,1,A01
201900005952,2,7,,0,2,8,1,B01
201900005952,1,1,,0,2,8,5,A01
201900005953,2,2,,0,2,3,1,B01
201900005953,1,7,,0,2,0,15,A01
201900005954,2,1,,0,2,1,19,B01
201900005954,1,7,,0,2,3,9,A01
201900005955,1,7,,0,1,1,16,A01
201900005956,2,7,,0,1,1,17,A01
201900005957,2,7,,0,2,2,1,B01
201900005957,1,7,,0,2,1,13,A01
201900005958,1,30,,0,2,1,1,B01
201900005958,2,7,,0,2,1,15,A01
201900005959,1,1,,0,2,1,1,B01
201900005959,2,7,,0,2,6,16,A01
201900005960,1,7,,0,2,1,2,A01
201900005960,1,7,,0,2,1,2,B01
201900005960,1,7,,0,2,1,2,C01
201900005961,2,33,,0,2,1,1,B01
201900005961,2,10,,0,2,8,9,Z01
201900005962,3,3,,0,1,2,1,A01
201900005963,3,7,,0,2,1,0,C01
201900005963,3,7,,14,2,1,1,B01
201900005963,3,7,,0,2,4,23,A01
201900005964,2,7,,0,2,4,23,C01
201900005964,2,7,,0,2,4,23,B01
201900005964,2,7,,0,2,1,2,A01
201900005965,1,7,,0,2,1,9,A01
201900005965,1,2,,0,2,7,2,B01
201900005966,1,7,,0,2,2,15,A01
201900005966,2,7,,0,2,1,1,B01
201900005967,2,10,,0,2,4,1,B01
201900005967,2,14,,0,2,1,2,A01
201900005968,1,7,,0,2,1,2,A01
201900005968,1,7,,0,2,4,1,B01
201900005969,1,7,,1,0,1,13,A01
201900005970,2,7,,0,1,3,16,A01
201900005971,1,30,,0,2,3,18,A01
201900005971,1,7,,0,2,7,16,B01
201900005972,1,33,,16,0,0,1,A01
201900005973,1,7,,0,1,0,1,A01
201900005974,1,7,,0,1,1,26,A01
201900005975,1,7,,0,2,1,0,B01
201900005975,1,7,,0,2,2,0,A01
201900005976,1,7,,0,2,3,26,A01
201900005976,1,1,,0,2,1,5,Y01
201900005977,1,7,,0,2,1,0,C01
201900005977,1,7,,0,2,1,1,B01
201900005977,1,7,,0,2,1,17,A01
201900005978,0,7,,0,2,1,2,A01
201900005978,0,7,,0,2,4,2,B01
201900005979,2,33,,0,0,7,2,B01
201900005980,1,7,,0,2,3,11,B01
201900005980,1,33,,0,2,2,17,A01
201900005981,1,1,,0,0,1,0,A01
201900005982,1,7,,0,1,0,0,A01
201900005983,1,1,,0,2,4,0,B01
201900005983,1,7,,0,2,0,0,A01
201900005984,1,7,,0,2,0,0,A01
201900005984,1,33,,0,2,8,0,B01
201900005985,1,14,,0,2,3,0,B01
201900005985,1,7,,0,2,1,0,A01
201900005986,0,7,,0,2,2,15,A01
201900005986,3,1,,0,2,1,26,B01
201900005987,3,33,,4,0,1,1,A01
201900005988,2,7,,0,2,4,2,B01
201900005988,2,33,,0,2,1,2,A01
201900005989,0,1,,0,-1,8,1,A01
201900005989,0,40,,0,2,1,1,B01
201900005990,3,33,,0,2,1,20,B01
201900005990,3,7,,0,2,3,20,A01
201900005991,1,7,,0,2,3,15,A01
201900005991,1,1,,0,2,7,17,B01
201900005992,0,7,,0,2,0,0,Z01
201900005992,0,1,,0,2,1,1,A01
201900005993,1,7,,0,1,1,1,A01
201900005994,1,7,,0,2,4,2,C01
201900005994,1,7,,8,2,4,2,B01
201900005994,1,7,,0,2,1,2,A01
201900005995,3,7,,0,2,3,13,A01
201900005995,3,7,,0,2,3,2,B01
201900005996,3,30,,0,2,4,1,A01
201900005996,3,7,,0,2,3,1,B01
201900005997,3,10,,0,1,4,4,A01
201900005998,1,30,,2,2,1,13,A01
201900005999,1,30,,0,2,1,1,A01
201900005999,2,7,,0,6,2,15,B01
201900006000,1,7,,0,2,1,1,A01
201900006000,1,7,,0,2,4,23,B01
201900006000,1,7,,0,2,4,23,C01
201900006000,1,7,,0,2,4,23,D01
201900006000,1,7,,0,2,4,23,E01
201900006001,2,2,,0,2,1,1,B01
201900006001,2,7,,0,2,8,15,A01
201900006002,0,7,,0,2,3,1,A01
201900006002,3,34,,0,2,1,15,B01
201900006003,1,33,,0,2,1,1,B01
201900006003,1,7,,0,2,3,19,A01
201900006004,1,32,,0,2,1,1,B01
201900006004,2,10,,0,2,3,15,A01
201900006005,2,30,,0,2,1,26,A01
201900006005,2,7,,0,2,4,26,B01
201900006006,3,7,,0,2,1,15,B01
201900006006,3,30,,0,2,8,1,A01
201900006007,1,7,,0,2,3,16,A01
201900006007,1,7,,12,1,3,13,B01
201900006008,1,34,,0,2,2,17,A01
201900006008,1,7,,0,2,3,15,B01
201900006009,2,30,,0,2,4,17,A01
201900006009,2,33,,0,2,1,17,Z01
201900006010,3,7,,0,2,2,23,A01
201900006010,3,1,,0,2,8,19,B01
201900006011,3,33,,0,0,1,1,A01
201900006012,3,33,,0,0,3,15,A01
201900006013,3,33,,8,2,1,17,B01
201900006013,3,30,,0,2,8,15,A01
201900006014,2,1,,0,0,1,1,A01
201900006015,1,7,,0,2,3,15,A01
201900006015,2,1,,0,2,8,1,B01
201900006016,1,33,,0,2,1,21,B01
201900006016,3,7,,0,2,3,9,A01
201900006017,1,7,,0,1,2,1,A01
201900006018,2,7,,0,2,8,1,B01
201900006018,1,7,,10,2,3,13,A01
201900006019,1,7,,4,0,1,13,A01
201900006020,2,10,,0,2,6,2,B01
201900006020,2,33,,0,2,2,2,A01
201900006021,2,7,,0,2,7,17,A01
201900006021,2,1,,0,2,0,13,B01
201900006022,2,10,,0,2,1,1,A01
201900006022,1,1,,0,2,7,15,B01
201900006023,1,7,,0,2,6,15,B01
201900006023,1,43,,0,2,1,17,A01
201900006024,1,10,,0,2,0,2,Z01
201900006024,1,7,,0,2,4,23,A01
201900006025,1,1,,0,2,1,1,B01
201900006025,1,10,,0,2,8,22,A01
201900006026,2,50,,0,2,1,13,A01
201900006026,1,1,,0,2,1,1,B01
201900006027,2,32,,7,0,1,21,A01
201900006028,3,1,,0,0,2,21,A01
201900006029,2,30,,0,1,1,5,A01
201900006030,1,7,,0,2,3,22,A01
201900006030,1,1,,0,2,1,1,B01
201900006031,1,10,,0,1,7,16,A01
201900006032,3,33,,0,2,1,1,B01
201900006032,1,7,,0,2,2,1,A01
201900006033,2,34,,0,2,4,1,B01
201900006033,2,7,,0,2,1,1,A01
201900006034,1,7,,0,2,1,1,A01
201900006034,1,32,,0,2,4,2,B01
201900006035,1,7,,0,2,1,1,B01
201900006035,3,7,,0,2,7,1,A01
201900006036,3,7,,0,2,6,9,A01
201900006036,3,7,,0,2,2,1,B01
201900006036,3,7,,0,2,0,9,T01
201900006037,1,7,,0,1,2,16,A01
201900006038,3,7,,0,1,1,1,A01
201900006039,3,10,,0,2,2,9,A01
201900006039,0,33,,0,2,7,1,C01
201900006040,3,32,,0,2,1,1,B01
201900006040,3,7,,0,2,5,15,A01
201900006041,1,7,,0,2,3,9,A01
201900006041,1,2,,0,2,2,2,B01
201900006042,2,7,,0,1,2,1,A01
201900006043,2,7,,0,1,0,1,A01
201900006044,2,10,,0,2,1,0,B01
201900006044,2,10,,0,2,6,1,A01
201900006045,1,10,,0,2,6,15,B01
201900006045,1,34,,0,2,1,17,A01
201900006046,1,80,,0,2,1,5,B01
201900006046,3,7,,0,2,3,9,A01
201900006047,3,31,,0,0,0,11,A01
201900006048,2,1,,0,2,1,1,A01
201900006048,2,7,,0,2,1,15,B01
201900006049,1,31,,0,2,1,1,B01
201900006049,1,7,,0,2,8,10,A01
201900006050,1,7,,0,1,2,1,A01
201900006051,1,43,,0,2,1,1,B01
201900006051,1,7,,0,2,3,9,A01
201900006052,1,7,,0,1,0,1,A01
201900006053,3,7,,0,1,2,19,A01
201900006054,2,7,,0,2,1,1,A01
201900006054,1,7,,0,2,8,15,B01
201900006055,1,7,,0,0,9,1,A01
201900006056,0,7,,0,2,1,13,A01
201900006056,3,7,,0,2,1,1,B01
201900006057,1,7,,0,2,4,4,A01
201900006057,1,2,,0,2,7,1,B01
201900006058,1,7,,0,1,1,2,A01
201900006059,1,10,,0,2,2,0,B01
201900006059,1,7,,0,2,3,0,A01
201900006060,1,3,,16,0,8,13,A01
201900006060,1,2,,0,2,1,2,B01
201900006061,3,7,,0,2,1,1,A01
201900006061,3,7,,0,2,5,1,B01
201900006062,1,7,,0,2,0,1,A01
201900006062,1,7,,0,2,3,1,C01
201900006062,1,7,,0,2,9,1,B01
201900006063,3,7,,0,0,5,9,A01
201900006063,3,30,,0,0,1,1,B01
201900006064,3,7,,0,2,1,2,A01
201900006064,3,7,,0,0,4,1,B01
201900006065,1,7,,0,2,1,1,B01
201900006065,2,7,,0,2,2,9,A01
201900006066,3,32,,0,2,8,19,A01
201900006066,3,7,,0,2,3,1,B01
201900006067,1,7,,0,2,6,10,A01
201900006067,1,33,,0,2,1,0,B01
201900006068,1,1,,0,2,1,19,B01
201900006068,3,7,,0,2,3,1,A01
201900006069,3,3,,0,2,2,1,B01
201900006069,3,10,,0,2,4,20,A01
201900006070,3,3,,8,0,1,14,A01
201900006071,2,7,,0,2,4,23,B01
201900006071,2,7,,0,2,1,1,A01
201900006072,1,7,,6,0,1,19,A01
201900006073,1,1,,0,0,1,26,A01
201900006074,1,7,,0,2,1,15,A01
201900006074,2,33,,0,2,1,1,B01
201900006074,1,7,,0,2,1,26,C01
201900006075,1,7,,6,0,9,1,A01
201900006076,2,10,,0,1,3,1,A01
201900006077,2,7,,0,1,1,1,A01
201900006078,1,7,,0,2,1,1,B01
201900006078,1,7,,0,1,1,1,A01
201900006079,2,7,,0,1,1,1,A01
201900006080,2,10,,0,2,1,15,C01
201900006080,1,7,,0,2,1,1,E01
201900006081,1,7,,0,0,4,1,D01
201900006081,1,7,,0,2,1,1,C01
201900006082,3,7,,0,2,8,1,A01
201900006082,3,7,,0,2,7,14,B01
201900006083,1,7,,0,1,1,1,A01
201900006084,3,30,,0,1,1,1,A01
201900006085,3,33,,0,2,1,5,B01
201900006085,3,7,,0,2,2,15,A01
201900006086,0,7,,0,1,4,23,B01
201900006086,0,7,,0,2,1,2,A01
201900006087,0,10,,8,0,1,0,A01
201900006088,0,7,,0,2,1,1,A01
201900006088,0,34,,0,2,7,1,B01
201900006089,2,32,,0,2,8,1,B01
201900006089,2,7,,0,2,7,12,A01
201900006090,2,7,,0,2,2,1,B01
201900006090,1,7,,0,2,3,16,A01
201900006091,2,30,,0,2,1,1,B01
201900006091,1,3,,0,2,5,1,A01
201900006092,1,7,,0,2,3,1,B01
201900006092,1,7,,0,2,0,2,Z01
201900006092,1,7,,0,2,2,15,A01
201900006093,2,3,,0,2,1,1,A01
201900006093,2,3,,0,2,4,1,B01
201900006094,2,10,,0,2,0,15,A01
201900006094,1,1,,0,2,0,1,B01
201900006095,2,7,,0,2,4,2,B01
201900006095,2,33,,0,2,4,2,A01
201900006096,2,10,,0,2,2,13,A01
201900006096,2,10,,0,2,6,1,B01
201900006097,2,10,,0,2,2,16,B01
201900006097,2,32,,0,2,1,1,A01
201900006098,1,7,,0,1,1,1,A01
201900006099,2,31,,0,2,1,1,A01
201900006099,2,7,,0,2,4,1,B01
201900006100,1,32,,1,0,1,14,B01
201900006101,1,10,,0,1,3,1,A01
201900006102,1,30,,0,2,7,17,B01
201900006102,1,99,,0,2,8,13,A01
201900006103,2,7,,0,2,4,24,B01
201900006103,2,7,,1,2,1,1,Z01
201900006104,2,7,,0,2,1,1,A01
201900006104,2,7,,0,0,4,1,B01
201900006105,1,40,,0,1,1,1,A01
201900006106,0,7,,0,2,7,1,A01
201900006106,0,7,,0,1,1,9,Z01
201900006107,0,10,,0,1,1,16,A01
201900006108,1,7,,0,2,1,19,A01
201900006108,1,7,,1,2,9,2,B01
201900006109,1,7,,0,2,3,20,A01
201900006109,1,14,,0,2,1,2,B01
201900006110,2,33,,0,2,2,17,A01
201900006110,2,7,,0,2,8,15,B01
201900006111,2,7,,0,2,0,0,B01
201900006111,1,32,,0,2,1,0,A01
201900006112,2,7,,0,2,1,21,C01
201900006112,1,7,,0,2,1,1,B01
201900006112,2,7,,0,2,3,13,A01
201900006113,1,7,,0,0,7,0,A01
201900006114,1,7,,0,2,3,15,A01
201900006114,2,7,,0,2,3,1,B01
201900006115,2,7,,0,2,1,1,A01
201900006115,2,7,,0,2,4,1,B01
201900006115,2,7,,0,2,4,1,C01
201900006116,1,7,,0,1,2,1,A01
201900006117,2,7,,0,1,1,0,A01
201900006118,0,40,,0,1,2,26,A01
201900006119,2,7,,9,1,0,0,A01
201900006120,3,7,,0,2,4,1,B01
201900006120,3,33,,0,2,1,2,A01
201900006121,1,7,,0,2,4,26,B01
201900006121,1,7,,0,2,1,26,A01
201900006122,1,7,,2,0,9,1,A01
201900006123,2,7,,0,2,1,2,A01
201900006123,2,7,,0,2,4,1,C01
201900006123,2,7,,0,2,4,1,B01
201900006124,1,7,,0,2,1,1,A01
201900006124,2,33,,0,2,1,17,B01
201900006125,1,7,,0,2,7,1,D01
201900006125,1,7,,0,2,6,23,C01
201900006125,1,33,,0,2,8,17,B01
201900006125,1,31,,0,2,1,3,A01
201900006126,2,7,,0,2,3,12,A01
201900006126,2,7,,0,2,5,23,B01
201900006127,1,7,,0,2,1,2,Z01
201900006127,1,7,,0,2,4,2,B01
201900006127,1,7,,0,2,4,2,A01
201900006128,1,7,,0,2,1,2,A01
201900006128,1,7,,0,2,1,2,B01
201900006128,1,7,,0,2,4,23,C01
201900006129,1,7,,0,2,4,23,B01
201900006129,1,7,,0,2,1,2,A01
201900006130,2,7,,0,2,4,23,C01
201900006130,2,7,,0,2,4,23,B01
201900006130,2,7,,0,2,1,2,A01
201900006131,2,17,,0,2,2,12,A01
201900006131,2,7,,0,2,8,1,B01
201900006132,1,31,,0,0,8,1,A01
201900006133,1,33,,0,2,3,11,A01
201900006133,1,10,,0,2,5,1,B01
201900006134,1,32,,0,2,1,3,A01
201900006134,1,7,,0,2,5,12,B01
201900006135,1,31,,0,2,1,1,A01
201900006135,2,7,,0,2,4,23,B01
201900006136,2,1,,0,2,1,5,A01
201900006136,1,7,,0,2,2,1,B01
201900006137,2,7,,0,2,3,15,A01
201900006137,1,34,,0,2,8,1,B01
201900006138,1,32,,0,2,2,1,B01
201900006138,1,7,,0,2,1,1,A01
201900006139,2,7,,0,2,3,9,A01
201900006139,2,33,,0,2,1,1,B01
201900006140,1,7,,0,2,1,1,A01
201900006140,1,7,,0,2,2,1,B01
201900006141,1,43,,0,2,3,1,B01
201900006141,1,10,,0,2,5,4,A01
201900006142,2,7,,0,1,1,1,A01
201900006143,1,10,,0,1,2,1,Z01
201900006144,2,32,,0,2,0,23,B01
201900006144,2,7,,0,2,7,1,A01
201900006145,1,7,,0,1,2,16,A01
201900006146,1,7,,0,2,1,16,A01
201900006146,1,1,,0,2,1,1,B01
201900006147,1,7,,0,2,3,1,A01
201900006147,1,2,,0,2,6,1,B01
201900006148,3,7,,0,1,3,1,A01
201900006149,1,7,,0,1,1,15,Z01
201900006150,1,7,,0,2,1,2,Z01
201900006150,1,32,,0,2,4,23,A01
201900006151,1,10,,0,2,2,12,A01
201900006151,1,32,,0,2,3,1,B01
201900006152,1,99,,12,0,2,25,A01
201900006153,2,7,,0,2,1,1,Z01
201900006153,2,7,,0,2,5,1,A01
201900006154,2,34,,0,1,2,1,A01
201900006155,1,7,,0,2,1,1,A01
201900006155,3,60,,0,2,0,19,B01
201900006156,1,43,,0,2,8,1,B01
201900006156,1,7,,0,2,2,1,A01
201900006157,1,43,,0,1,1,1,A01
201900006158,2,1,,0,2,1,1,B01
201900006158,2,10,,0,2,2,15,A01
201900006159,1,10,,0,2,5,23,B01
201900006159,1,1,,0,2,3,2,A01
201900006160,1,7,,0,1,7,15,A01
201900006161,2,10,,0,2,3,22,A01
201900006161,2,1,,0,2,1,1,B01
201900006162,1,7,,0,2,6,23,C01
201900006162,1,31,,0,2,3,1,B01
201900006162,1,7,,0,2,6,22,A01
201900006163,1,30,,0,2,1,1,A01
201900006163,1,2,,0,2,0,1,Z01
201900006164,1,10,,0,1,1,16,A01
201900006165,1,1,,0,2,2,1,A01
201900006165,2,30,,0,2,2,17,Z01
201900006166,2,1,,0,1,1,1,A01
201900006167,1,10,,0,1,2,16,A01
201900006168,2,50,,0,2,1,1,C01
201900006168,1,33,,1,2,1,1,B01
201900006168,1,10,,0,2,3,9,A01
201900006169,2,32,,0,0,0,1,A01
201900006170,1,30,,15,0,1,14,A01
201900006171,1,7,,0,2,0,22,A01
201900006171,1,1,,12,2,7,18,B01
201900006172,1,7,,0,2,3,15,A01
201900006172,2,1,,0,2,8,1,B01
201900006173,1,10,,0,1,1,15,A01
201900006174,2,37,1.0,0,2,3,7,B01
201900006174,2,30,,0,2,1,16,A01
201900006175,2,30,,1,0,8,13,A01
201900006176,2,32,,0,0,0,1,A01
201900006177,2,7,,0,2,2,16,A01
201900006177,1,1,,0,2,7,1,B01
201900006178,2,32,,0,0,0,21,A01
201900006179,1,7,,0,2,1,2,A01
201900006179,1,7,,0,2,4,23,B01
201900006180,2,33,,0,2,1,1,B01
201900006180,1,7,,0,2,2,15,A01
201900006181,1,10,,0,2,1,1,A01
201900006181,1,7,,0,2,4,23,B01
201900006181,1,7,,0,2,4,23,C01
201900006182,2,32,,0,0,1,21,A01
201900006183,1,7,,0,2,0,15,Z01
201900006183,1,33,,0,2,7,1,A01