Num_Acc,senc,catv,occutc,obs,obsm,choc,manv,num_veh
201900006184,1,7,,0,2,1,2,A01
201900006184,1,7,,0,2,4,2,B01
201900006185,3,1,,0,2,8,1,A01
201900006185,1,7,,0,2,1,1,Z01
201900006186,1,10,,0,1,2,16,A01
201900006187,2,31,,0,0,8,13,A01
201900006188,1,7,,0,1,6,1,A01
201900006189,1,32,,0,1,2,1,A01
201900006190,1,1,,0,2,7,17,A01
201900006190,1,30,,0,2,3,1,B01
201900006191,2,30,,0,2,1,18,A01
201900006191,2,7,,0,2,4,23,B01
201900006192,1,1,,0,2,7,15,A01
201900006192,1,33,,0,2,8,1,B01
201900006193,1,37,1.0,0,1,1,7,A01
201900006194,1,7,,0,2,3,15,A01
201900006194,1,32,,0,2,1,17,B01
201900006195,1,1,,0,2,0,18,B01
201900006195,1,7,,0,2,0,22,A01
201900006196,1,7,,0,2,1,2,A01
201900006196,1,7,,0,2,4,23,B01
201900006196,3,2,,0,2,4,23,C01
201900006197,1,31,,14,0,1,13,A01
201900006198,2,33,,0,0,2,1,A01
201900006199,2,1,,0,1,1,1,A01
201900006200,1,33,,14,0,2,13,A01
201900006201,2,7,,11,0,1,14,A01
201900006202,1,10,,0,1,3,1,A01
201900006203,2,3,,1,1,3,17,A01
201900006203,2,15,,15,0,6,23,B01
201900006204,2,33,,0,2,1,2,B01
201900006204,1,7,,0,2,2,15,A01
201900006205,2,1,,1,0,3,5,A01
201900006206,1,32,,0,1,1,25,A01
201900006207,1,7,,0,1,1,1,A01
201900006208,1,7,,0,2,2,15,A01
201900006208,1,34,,0,2,7,1,B01
201900006209,1,2,,0,2,1,1,B01
201900006209,2,7,,0,2,2,15,A01
201900006210,3,50,,0,2,1,19,A01
201900006210,1,7,,0,2,5,2,B01
201900006211,3,7,,2,0,3,6,A01
201900006212,1,10,,0,0,8,15,A01
201900006212,1,33,,0,0,0,0,B01
201900006213,0,7,,0,1,3,19,A01
201900006214,2,13,,0,2,2,1,A01
201900006214,2,7,,0,2,6,23,B01
201900006215,1,7,,0,1,1,2,A01
201900006216,2,7,,1,2,1,14,A01
201900006216,1,7,,0,2,1,2,B01
201900006216,3,7,,0,2,4,23,C01
201900006217,1,3,,0,2,7,1,A01
201900006217,1,33,,0,2,1,1,B01
201900006218,2,7,,0,2,1,1,A01
201900006218,2,7,,0,0,4,23,B01
201900006219,1,32,,0,2,3,9,B01
201900006220,1,7,,0,1,0,0,A01
201900006221,2,7,,12,2,1,1,B01
201900006221,1,3,,12,2,2,15,A01
201900006222,1,7,,0,1,7,1,A01
201900006223,1,3,,1,0,2,1,B01
201900006223,1,3,,1,0,6,24,A01
201900006224,2,14,,12,1,2,16,A01
201900006224,1,10,,1,1,7,1,B01
201900006225,3,7,,0,1,3,15,A01
201900006226,1,10,,0,1,3,15,A01
201900006227,1,10,,0,1,2,1,A01
201900006228,1,32,,0,2,1,26,B01
201900006228,1,10,,0,2,1,15,A01
201900006229,1,7,,0,1,3,1,A01
201900006230,1,33,,0,0,0,1,A01
201900006230,1,7,,0,0,2,16,B01
201900006231,1,7,,0,2,1,16,A01
201900006231,1,7,,0,2,1,16,C01
201900006231,2,7,,0,2,1,1,B01
201900006232,3,37,1.0,0,2,3,1,B01
201900006232,3,30,,0,2,3,15,A01
201900006233,1,7,,0,0,1,1,A01
201900006234,2,7,,0,2,5,1,B01
201900006234,3,7,,0,2,3,15,A01
201900006235,2,2,,0,2,1,1,A01
201900006235,1,7,,0,2,3,9,B01
201900006236,2,1,,0,2,1,1,B01
201900006236,1,7,,0,2,2,1,A01
201900006237,1,7,,0,2,0,1,A01
201900006237,1,33,,0,2,0,0,B01
201900006238,1,7,,0,2,0,0,B01
201900006238,1,7,,0,2,0,0,A01
201900006239,1,7,,0,1,0,1,A01
201900006240,1,7,,0,1,0,0,Z01
201900006241,1,7,,0,2,0,1,B01
201900006241,1,1,,0,2,0,0,A01
201900006242,1,10,,0,1,0,1,A01
201900006243,2,33,,0,2,0,21,A01
201900006244,2,7,,0,2,7,15,B01
201900006244,2,7,,0,2,1,1,A01
201900006244,2,7,,0,2,2,1,C01
201900006245,1,7,,0,2,1,1,A01
201900006245,0,7,,0,2,4,1,C01
201900006245,1,7,,0,2,4,1,B01
201900006246,2,7,,0,2,3,1,B01
201900006246,2,7,,0,2,2,15,A01
201900006247,1,7,,0,2,1,19,A01
201900006247,1,7,,0,2,8,1,B01
201900006248,0,2,,0,2,1,13,A01
201900006248,0,7,,0,2,3,1,B01
201900006249,0,7,,1,0,1,14,A01
201900006250,2,7,,0,1,7,1,A01
201900006251,1,7,,0,2,3,13,A01
201900006251,1,7,,0,2,3,1,B01
201900006252,2,7,,2,0,1,26,A01
201900006253,3,33,,0,0,7,26,A01
201900006254,1,7,,0,1,3,1,A01
201900006255,1,1,,0,0,0,1,A01
201900006256,3,7,,0,2,1,26,A01
201900006256,3,7,,0,2,4,26,B01
201900006257,2,7,,0,2,3,15,A01
201900006257,2,30,,0,2,3,1,B01
201900006258,1,7,,0,1,1,2,A01
201900006259,2,7,,0,2,4,2,B01
201900006259,3,7,,0,2,4,2,C01
201900006259,2,7,,0,2,1,2,A01
201900006260,1,7,,9,0,1,26,A01
201900006260,3,7,,0,2,8,26,B01
201900006261,1,2,,0,2,3,9,B01
201900006261,1,15,,0,2,2,1,A01
201900006262,1,1,,0,2,8,1,B01
201900006262,2,7,,0,2,2,15,A01
201900006263,2,7,,0,0,1,19,A01
201900006263,1,7,,0,0,8,2,B01
201900006264,2,43,,1,0,1,14,A01
201900006265,0,7,,0,2,1,17,A01
201900006265,3,30,,0,2,7,15,B01
201900006266,3,7,,8,0,9,14,A01
201900006267,1,7,,0,2,3,5,A01
201900006267,2,7,,0,2,6,1,B01
201900006268,2,7,,0,1,3,1,A01
201900006269,0,7,,0,2,1,26,B01
201900006269,0,7,,0,2,0,15,A01
201900006270,0,7,,0,0,0,16,B01
201900006270,0,34,,0,2,0,18,A01
201900006271,0,15,,6,0,1,26,A01
201900006272,1,31,,0,2,1,1,B01
201900006272,2,7,,0,2,5,9,A01
201900006273,1,7,,0,1,3,26,A01
201900006274,1,7,,0,1,1,2,A01
201900006275,2,7,,0,2,1,1,A01
201900006275,2,7,,0,2,4,23,B01
201900006276,1,7,,0,1,2,1,A01
201900006277,3,7,,0,2,2,16,B01
201900006277,3,7,,0,2,1,13,A01
201900006278,3,7,,0,2,8,26,B01
201900006278,3,7,,0,2,1,26,A01
201900006279,1,10,,0,1,1,15,A01
201900006280,3,7,,5,0,1,26,A01
201900006281,2,7,,0,1,1,26,A01
201900006282,1,7,,0,2,8,21,A01
201900006282,1,33,,0,2,2,17,B01
201900006283,2,33,,0,2,6,1,B01
201900006284,1,33,,0,0,7,21,A01
201900006285,1,1,,0,0,0,1,A01
201900006286,2,7,,0,1,1,1,A01
201900006287,1,1,,0,0,0,1,A01
201900006288,3,33,,6,0,1,1,A01
201900006289,1,7,,0,2,2,15,A01
201900006289,2,1,,0,2,1,19,B01
201900006290,1,1,,0,2,1,1,B01
201900006290,3,7,,0,2,3,19,A01
201900006291,3,7,,6,2,1,26,A01
201900006292,2,7,,2,0,1,16,A01
201900006293,2,33,,0,2,1,17,B01
201900006293,2,7,,0,2,3,15,A01
201900006294,1,7,,16,0,2,1,A01
201900006295,3,33,,0,2,6,15,B01
201900006295,3,7,,0,2,1,26,A01
201900006296,1,7,,0,2,7,1,B01
201900006296,2,7,,0,2,1,1,A01
201900006297,3,1,,0,2,4,1,B01
201900006297,3,7,,0,6,8,15,A01
201900006298,1,7,,0,2,4,1,B01
201900006298,1,10,,0,2,1,2,A01
201900006299,2,7,,0,2,1,19,A01
201900006299,3,7,,0,2,1,1,B01
201900006300,2,7,,0,2,3,17,B01
201900006300,2,17,,1,2,4,0,C01
201900006300,2,7,,0,2,0,17,A01
201900006301,3,7,,0,1,3,26,A01
201900006302,2,7,,0,1,1,1,A01
201900006303,1,7,,0,2,1,1,B01
201900006303,1,7,,0,2,1,12,A01
201900006304,2,7,,0,1,1,1,A01
201900006305,1,31,,0,1,1,17,A01
201900006306,1,33,,0,2,7,1,B01
201900006306,1,7,,0,2,2,16,A01
201900006307,2,7,,1,0,1,14,A01
201900006308,1,2,,0,2,1,17,A01
201900006308,1,7,,0,0,6,15,B01
201900006309,2,2,,0,2,2,1,B01
201900006309,2,7,,0,2,3,23,A01
201900006310,1,7,,0,2,1,1,B01
201900006310,1,7,,0,2,8,10,A01
201900006311,2,31,,0,0,7,1,A01
201900006312,0,15,,0,2,2,12,A01
201900006312,0,7,,0,2,9,1,B01
201900006313,0,2,,0,2,1,1,B01
201900006313,0,7,,0,2,8,15,A01
201900006314,2,2,,0,2,1,17,A01
201900006314,3,7,,0,2,3,15,B01
201900006315,0,43,,0,2,2,17,A01
201900006315,0,10,,0,2,3,1,B01
201900006316,0,32,,0,1,1,1,A01
201900006317,0,7,,0,1,0,1,Z01
201900006318,3,1,,0,2,8,1,B01
201900006318,3,7,,0,2,7,14,A01
201900006319,3,7,,0,2,1,15,B01
201900006319,3,32,,0,2,7,18,A01
201900006320,1,7,,0,2,3,1,A01
201900006320,1,10,,0,2,0,0,Z01
201900006321,0,33,,0,2,1,1,B01
201900006321,0,7,,0,2,2,15,A01
201900006322,2,7,,0,2,1,9,A01
201900006322,1,7,,0,2,2,1,B01
201900006323,3,14,,0,1,8,1,A01
201900006324,2,7,,0,6,3,1,A01
201900006324,3,1,,0,2,4,1,B01
201900006325,2,7,,0,2,1,15,A01
201900006325,2,37,2.0,0,2,2,1,B01
201900006326,1,1,,0,2,4,0,B01
201900006326,1,7,,0,2,3,26,A01
201900006327,2,7,,0,2,2,1,A01
201900006327,1,7,,0,2,7,15,B01
201900006328,2,7,,0,2,2,1,A01
201900006328,1,7,,0,2,6,1,B01
201900006329,3,7,,0,2,1,1,A01
201900006330,3,7,,0,2,3,1,B01
201900006330,3,7,,0,2,1,15,A01
201900006331,0,7,,0,1,4,20,A01
201900006332,0,33,,0,2,1,2,A01
201900006332,0,7,,0,2,4,23,B01
201900006333,1,7,,0,2,1,1,A01
201900006333,2,7,,0,2,6,1,B01
201900006334,2,7,,15,0,1,14,A01
201900006335,0,7,,0,2,4,2,B01
201900006335,0,7,,0,0,4,1,C01
201900006335,0,7,,0,2,1,2,A01
201900006336,0,7,,0,2,1,2,A01
201900006336,3,7,,0,0,4,1,B01
201900006337,2,1,,0,2,1,19,B01
201900006337,3,7,,0,2,1,1,A01
201900006338,1,7,,0,2,1,1,A01
201900006338,1,1,,0,2,4,1,B01
201900006339,2,33,,0,0,0,0,A01
201900006340,3,7,,11,0,3,13,A01
201900006341,1,7,,0,2,9,1,A01
201900006342,2,7,,0,2,4,15,B01
201900006342,2,7,,0,2,1,1,A01
201900006343,1,10,,0,1,0,16,A01
201900006344,2,2,,0,2,3,1,B01
201900006344,1,7,,0,2,1,15,A01
201900006345,1,30,,0,0,7,1,A01
201900006346,2,7,,2,0,3,13,A01
201900006347,2,7,,6,0,1,13,A01
201900006348,2,7,,0,2,1,1,G01
201900006348,2,7,,0,2,9,1,H01
201900006348,2,7,,0,2,9,1,I01
201900006348,2,7,,0,2,9,1,J01
201900006348,2,10,,0,2,9,1,K01
201900006348,2,7,,0,2,4,1,L01
201900006349,3,34,,0,2,0,1,A01
201900006349,3,7,,0,2,4,15,B01
201900006350,3,7,,0,1,0,1,A01
201900006351,3,7,,0,2,1,1,C01
201900006351,3,7,,0,2,4,1,D01
201900006352,1,7,,0,2,6,2,B01
201900006352,1,33,,0,2,2,17,A01
201900006353,1,7,,4,0,1,13,A01
201900006354,2,33,,0,2,1,1,B01
201900006354,2,37,1.0,0,2,3,9,A01
201900006355,0,7,,0,2,2,9,A01
201900006355,0,33,,0,2,1,1,B01
201900006356,3,7,,0,2,1,2,Z01
201900006356,3,33,,0,2,2,2,A01
201900006357,0,7,,0,1,1,2,Z01
201900006358,1,30,,0,2,8,11,A01
201900006358,1,7,,0,2,0,2,B01
201900006359,1,3,,0,2,1,13,A01
201900006359,2,34,,0,2,1,1,B01
201900006360,3,2,,0,2,6,16,B01
201900006360,3,7,,0,2,2,12,A01
201900006361,1,10,,0,2,2,15,A01
201900006361,3,31,,0,2,1,1,B01
201900006362,1,33,,0,2,1,1,B01
201900006362,2,7,,0,2,5,4,A01
201900006363,2,7,,0,1,6,26,A01
201900006364,0,31,,4,0,8,1,A01
201900006365,1,7,,1,0,9,0,B01
201900006365,1,7,,1,0,4,0,C01
201900006365,2,7,,1,0,2,0,A01
201900006366,1,30,,12,0,1,13,A01
201900006367,3,7,,0,2,2,16,B01
201900006367,3,7,,8,2,3,7,A01
201900006368,2,7,,0,1,1,2,A01
201900006369,1,7,,0,2,7,15,B01
201900006369,1,32,,0,2,8,17,A01
201900006370,1,33,,0,2,7,1,B01
201900006370,1,7,,0,1,6,1,A01
201900006371,2,10,,0,1,2,1,A01
201900006372,2,7,,0,1,0,16,A01
201900006373,1,7,,0,2,4,2,B01
201900006373,1,14,,0,0,0,1,C01
201900006373,1,31,,0,2,1,2,A01
201900006374,1,99,,0,2,4,1,B01
201900006374,2,34,,0,2,1,1,C01
201900006374,1,34,,8,2,1,1,A01
201900006375,1,7,,1,0,1,2,A01
201900006375,1,7,,0,2,4,23,B01
201900006376,1,32,,0,2,1,1,A01
201900006376,1,10,,0,2,8,0,B01
201900006377,1,0,,0,2,7,26,Y01
201900006377,1,33,,0,1,1,26,A01
201900006378,0,7,,8,0,2,1,A01
201900006379,2,3,,0,2,1,1,A01
201900006379,3,3,,0,2,7,15,B01
201900006380,2,32,,1,2,1,1,B01
201900006380,0,30,,0,2,4,9,A01
201900006381,2,3,,0,2,1,2,A01
201900006381,2,7,,0,2,4,0,B01
201900006382,1,3,,0,2,1,13,A01
201900006382,2,7,,0,2,1,1,B01
201900006383,3,2,,0,2,1,12,B01
201900006383,2,7,,0,2,3,9,A01
201900006384,2,32,,0,2,1,17,B01
201900006384,2,7,,0,2,3,15,A01
201900006385,3,10,,0,1,1,26,A01
201900006386,0,32,,0,0,0,26,Z01
201900006387,2,7,,0,2,4,2,B01
201900006387,2,7,,0,2,1,2,A01
201900006388,2,7,,0,1,0,0,A01
201900006389,2,7,,0,2,4,1,A01
201900006389,2,7,,0,2,0,2,Z01
201900006390,2,7,,0,2,1,1,A01
201900006390,3,7,,0,2,8,19,B01
201900006391,1,7,,0,2,1,15,A01
201900006391,2,32,,0,2,1,1,B01
201900006392,1,7,,0,2,3,26,A01
201900006392,2,7,,0,2,3,26,C01
201900006392,1,2,,0,2,7,26,B01
201900006393,3,20,,0,2,3,19,B01
201900006393,3,99,,0,2,2,0,A01
201900006394,3,31,,0,2,8,15,B01
201900006394,3,7,,0,6,3,1,A01
201900006395,1,7,,0,1,3,15,A01
201900006396,1,32,,0,2,7,17,B01
201900006396,1,7,,0,2,3,2,A01
201900006397,2,30,,0,0,0,0,A01
201900006398,1,15,,9,0,0,16,A01
201900006399,3,1,,0,2,1,19,B01
201900006399,3,7,,0,1,1,15,A01
201900006400,1,2,,0,2,4,1,B01
201900006400,1,7,,0,2,4,23,C01
201900006400,1,7,,0,2,1,26,A01
201900006401,3,7,,0,1,1,1,A01
201900006401,3,99,,0,2,1,1,B01
201900006402,1,7,,0,0,1,1,A01
201900006403,1,7,,0,2,3,13,A01
201900006403,2,7,,0,2,3,1,B01
201900006404,2,7,,0,1,1,1,A01
201900006405,3,7,,0,2,4,23,D01
201900006405,3,7,,0,2,4,2,B01
201900006405,3,7,,0,2,1,2,C01
201900006405,3,10,,0,2,1,2,A01
201900006406,2,31,,6,0,7,14,A01
201900006407,3,1,,0,2,3,1,B01
201900006407,3,7,,0,6,7,16,A01
201900006408,3,7,,0,1,2,2,A01
201900006409,2,30,,0,1,2,1,A01
201900006410,2,32,,0,2,1,0,B01
201900006410,1,34,,0,2,1,13,A01
201900006411,1,31,,0,2,3,1,B01
201900006411,1,7,,0,2,3,1,A01
201900006412,1,7,,0,2,6,0,A01
201900006413,2,20,,0,2,4,16,B01
201900006413,2,30,,0,2,1,2,A01
201900006414,1,15,,0,2,3,1,B01
201900006414,0,10,,0,2,1,15,A01
201900006415,3,1,,0,2,8,19,B01
201900006415,2,10,,0,2,1,1,A01
201900006416,1,7,,0,2,7,1,B01
201900006416,1,7,,0,2,1,2,A01
201900006417,1,7,,0,2,0,18,A01
201900006417,1,7,,0,2,1,17,B01
201900006418,1,7,,4,0,1,14,A01
201900006419,1,32,,0,2,1,1,B01
201900006419,1,7,,0,2,3,13,A01
201900006420,1,30,,0,2,1,1,B01
201900006420,2,7,,0,2,1,15,A01
201900006421,3,7,,0,1,1,1,A01
201900006422,1,7,,14,0,3,13,A01
201900006422,2,2,,15,0,1,13,B01
201900006423,2,33,,0,2,1,2,B01
201900006423,1,10,,0,2,2,15,A01
201900006424,2,7,,0,1,4,23,A01
201900006425,2,31,,0,2,1,23,B01
201900006425,1,7,,2,2,4,26,A01
201900006426,1,7,,6,0,1,13,A01
201900006427,2,7,,0,2,5,2,B01
201900006427,2,1,,0,2,8,1,C01
201900006427,2,7,,0,2,7,2,A01
201900006428,2,33,,0,2,1,1,D01
201900006428,1,7,,0,2,8,15,C01
201900006429,1,7,,0,0,1,2,A01
201900006430,1,7,,0,1,3,1,A01
201900006431,1,7,,0,2,2,21,B01
201900006431,2,7,,0,2,3,13,A01
201900006432,1,32,,0,0,0,0,A01
201900006433,0,7,,8,0,9,1,A01
201900006434,0,37,1.0,0,1,1,1,A01
201900006435,0,7,,0,2,2,4,B01
201900006435,0,31,,0,2,7,1,A01
201900006436,0,33,,0,2,0,1,B01
201900006436,0,7,,0,2,2,16,A01
201900006437,0,7,,0,2,1,1,B01
201900006437,0,7,,0,2,7,1,A01
201900006438,0,7,,0,2,3,15,A01
201900006438,0,1,,0,2,0,17,B01
201900006439,2,50,,0,2,0,1,A01
201900006439,0,7,,0,2,1,9,B01
201900006440,1,7,,0,2,5,23,B01
201900006440,1,7,,0,2,3,11,A01
201900006441,2,7,,0,2,8,9,B01
201900006441,2,10,,0,2,1,1,A01
201900006442,2,33,,0,2,8,11,B01
201900006442,2,7,,0,2,7,1,A01
201900006443,2,7,,0,2,1,1,B01
201900006443,1,7,,0,2,1,13,A01
201900006444,2,7,,0,2,4,2,B01
201900006444,2,7,,0,2,1,2,A01
201900006445,1,31,,0,2,8,1,B01
201900006445,1,7,,0,2,1,10,A01
201900006446,2,7,,0,2,2,15,B01
201900006446,1,30,,0,2,1,1,A01
201900006447,1,7,,0,2,1,19,A01
201900006447,2,7,,0,2,8,1,B01
201900006448,1,7,,0,2,2,19,A01
201900006448,1,7,,0,2,3,1,B01
201900006449,1,10,,0,2,2,11,B01
201900006449,2,10,,0,2,1,19,A01
201900006450,1,7,,0,2,5,0,B01
201900006450,1,7,,0,2,1,26,A01
201900006451,3,7,,0,2,3,1,B01
201900006451,3,20,,0,2,2,15,A01
201900006452,3,7,,0,1,2,17,A01
201900006453,2,10,,0,2,5,15,A01
201900006453,1,33,,0,2,1,1,B01
201900006454,3,7,,0,2,2,9,A01
201900006454,3,15,,0,2,3,23,C01
201900006454,3,7,,0,2,1,1,B01
201900006455,2,7,,13,0,1,14,A01
201900006456,1,33,,0,2,1,17,B01
201900006456,1,10,,0,2,3,11,A01
201900006457,2,30,,0,1,1,17,A01
201900006458,3,7,,0,6,1,0,B01
201900006458,3,10,,0,2,1,0,Z01
201900006459,2,7,,0,2,6,21,A01
201900006459,2,7,,0,2,4,1,C01
201900006459,2,7,,0,2,3,1,B01
201900006460,1,7,,0,2,5,12,B01
201900006460,1,7,,0,2,3,1,A01
201900006461,1,7,,0,2,4,0,B01
201900006461,1,7,,0,2,1,2,A01
201900006462,1,33,,0,2,7,12,A01
201900006462,1,7,,0,2,6,1,B01
201900006463,1,7,,0,2,4,16,B01
201900006463,1,7,,0,2,1,1,A01
201900006464,3,7,,0,2,3,9,A01
201900006464,3,30,,0,2,2,1,B01
201900006465,2,7,,0,2,3,23,B01
201900006465,2,7,,0,2,2,1,A01
201900006466,2,7,,0,2,1,1,Z01
201900006466,2,7,,0,2,4,1,B01
201900006467,1,7,,0,2,2,15,A01
201900006467,2,33,,0,2,1,1,B01
201900006468,1,7,,0,2,3,1,B01
201900006468,1,1,,0,2,1,19,A01
201900006469,2,7,,0,2,1,1,B01
201900006469,2,7,,4,0,3,13,A01
201900006470,3,7,,0,1,8,26,A01
201900006471,3,7,,0,2,0,0,B01
201900006471,0,1,,0,2,8,26,A01
201900006472,2,7,,0,2,7,13,A01
201900006472,1,7,,0,2,1,1,B01
201900006473,2,7,,0,0,4,2,B01
201900006473,2,7,,0,2,1,2,A01
201900006474,3,31,,0,1,1,7,A01
201900006475,3,30,,0,0,3,1,A01
201900006476,1,7,,0,2,2,15,Z01
201900006476,1,32,,0,2,1,1,A01
201900006477,1,7,,0,2,3,0,B01
201900006477,1,33,,0,2,0,0,A01
201900006478,2,7,,0,2,3,15,B01
201900006478,2,33,,0,2,1,17,A01
201900006479,1,7,,0,2,2,15,A01
201900006479,2,31,,0,2,1,1,B01
201900006480,2,3,,0,2,2,15,A01
201900006480,1,7,,0,2,1,1,B01
201900006481,1,13,,0,2,7,12,A01
201900006481,1,7,,0,2,8,1,B01
201900006482,1,7,,0,2,8,1,A01
201900006482,2,33,,0,2,1,1,B01
201900006483,1,7,,0,2,7,15,B01
201900006483,2,80,,0,2,1,1,A01
201900006484,1,30,,0,2,1,2,A01
201900006484,1,7,,0,2,4,23,B01
201900006485,3,2,,0,2,1,1,B01
201900006485,3,7,,0,2,3,15,A01
201900006486,3,7,,0,2,8,1,B01
201900006486,3,15,,0,2,3,12,A01
201900006487,2,2,,0,2,1,1,B01
201900006487,2,7,,0,2,7,15,A01
201900006488,3,33,,0,2,3,1,B01
201900006488,3,33,,0,2,1,13,A01
201900006489,1,7,,0,2,3,2,B01
201900006489,1,33,,0,2,1,2,A01
201900006490,2,1,,0,2,1,1,A01
201900006490,2,7,,0,2,5,1,B01
201900006491,1,7,,0,2,1,1,B01
201900006491,2,7,,0,2,7,15,A01
201900006491,3,7,,0,2,3,23,C01
201900006492,1,7,,2,0,2,1,A01
201900006493,1,7,,6,0,1,16,A01
201900006494,3,7,,0,2,3,19,B01
201900006494,3,7,,0,2,1,19,A01
201900006495,3,7,,0,1,0,1,A01
201900006496,1,7,,0,2,4,1,B01
201900006496,1,33,,0,2,1,2,A01
201900006497,2,2,,0,2,1,1,B01
201900006497,2,7,,0,2,8,15,A01
201900006498,1,7,,0,2,1,13,A01
201900006498,2,7,,0,2,1,1,B01
201900006499,1,30,,0,2,3,13,B01
201900006499,1,7,,0,2,3,26,A01
201900006500,1,7,,0,1,5,26,A01
201900006501,2,1,,0,2,7,1,B01
201900006501,1,7,,0,2,3,9,A01
201900006502,1,7,,0,1,1,15,A01
201900006503,3,10,,0,2,8,19,A01
201900006503,1,33,,0,2,1,1,B01
201900006504,3,2,,0,2,8,9,B01
201900006504,3,7,,0,2,0,9,A01
201900006505,1,7,,0,2,3,15,A01
201900006505,1,10,,0,2,7,1,B01
201900006506,3,1,,0,2,8,19,B01
201900006506,2,7,,0,6,2,26,A01
201900006507,2,7,,9,2,7,1,B01
201900006507,2,7,,0,2,1,1,A01
201900006508,3,7,,0,0,1,1,B01
201900006508,1,7,,0,2,6,1,A01
201900006509,1,7,,15,0,9,14,A01
201900006510,1,7,,0,1,1,15,A01
201900006511,1,7,,0,2,3,15,B01
201900006511,1,31,,0,2,7,1,A01
201900006512,1,7,,0,2,1,16,A01
201900006512,2,1,,0,0,0,0,B01
201900006513,2,1,,0,2,3,19,B01
201900006513,1,7,,0,2,1,1,A01
201900006514,1,7,,0,2,6,15,B01
201900006514,1,7,,0,2,2,17,A01
201900006515,1,7,,0,2,0,1,A01
201900006516,1,2,,0,2,1,13,A01
201900006516,2,10,,0,2,1,1,B01
201900006517,3,7,,1,0,1,1,A01
201900006517,3,7,,1,1,4,26,B01
201900006517,3,7,,1,0,4,24,C01
201900006518,1,7,,0,2,1,9,A01
201900006518,1,7,,0,2,8,1,B01
201900006519,0,7,,0,2,3,1,B01
201900006519,0,10,,0,2,3,13,A01
201900006520,1,7,,0,2,3,1,B01
201900006520,2,21,,0,2,3,13,A01
201900006521,3,7,,0,2,1,19,A01
201900006521,0,7,,0,2,7,1,B01
201900006522,2,7,,0,2,1,5,A01
201900006522,1,2,,0,2,1,1,B01
201900006523,2,3,,1,0,1,26,A01
201900006524,2,7,,0,2,6,9,A01
201900006524,1,1,,0,2,1,1,B01
201900006525,2,2,,0,2,8,9,B01
201900006525,2,7,,0,2,3,9,A01
201900006526,1,7,,0,1,7,16,A01
201900006527,2,10,,0,2,1,15,B01
201900006527,1,7,,6,2,3,1,A01
201900006528,1,7,,0,2,8,1,B01
201900006528,2,7,,0,2,8,26,A01
201900006529,1,7,,0,2,8,15,A01
201900006529,1,2,,0,2,1,17,B01
201900006530,2,2,,0,2,1,2,B01
201900006530,2,7,,0,2,5,26,A01
201900006531,2,30,,0,0,7,1,A01
201900006532,1,7,,0,1,1,1,A01
201900006533,2,31,,14,0,1,13,A01
201900006534,1,33,,12,0,1,17,A01
201900006535,3,7,,0,2,4,2,B01
201900006535,0,32,,0,2,1,2,A01
201900006536,1,7,,0,1,2,26,A01
201900006537,1,7,,0,2,5,1,B01
201900006537,2,50,,0,2,1,1,A01
201900006538,2,7,,0,2,3,15,A01
201900006538,1,7,,0,2,8,1,B01
201900006539,1,7,,0,2,1,1,B01
201900006539,2,33,,0,2,1,13,A01
201900006540,1,31,,0,0,0,1,A01
201900006541,2,7,,0,2,0,0,A01
201900006541,1,33,,0,2,0,0,B01
201900006542,3,10,,9,0,1,19,A01
201900006543,2,7,,9,0,1,13,A01
201900006544,3,7,,0,1,2,16,A01
201900006545,1,7,,0,2,2,26,A01
201900006545,2,7,,0,2,2,26,B01
201900006546,1,37,1.0,0,1,1,2,A01
201900006547,2,7,,1,0,2,26,A01
201900006548,0,37,12.0,0,4,0,21,A01
201900006549,3,7,,0,2,2,26,A01
201900006549,3,0,,0,2,2,1,B01
201900006550,1,7,,0,2,6,19,B01
201900006550,1,7,,0,2,1,19,A01
201900006551,1,7,,0,2,3,15,A01
201900006551,2,32,,0,2,1,1,B01
201900006552,2,7,,0,0,5,4,A01
201900006553,1,2,,0,2,1,26,A01
201900006553,1,7,,0,0,4,0,B01
201900006554,1,3,,0,2,1,1,A01
201900006554,1,1,,0,2,8,19,B01
201900006555,2,31,,0,0,0,1,B01
201900006555,2,7,,0,0,0,15,A01
201900006556,2,1,,0,2,8,19,B01
201900006556,2,7,,0,2,2,1,A01
201900006557,3,2,,0,2,1,1,B01
201900006557,3,7,,0,2,3,15,A01
201900006558,3,7,,0,1,1,1,A01
201900006559,3,7,,0,2,2,1,A01
201900006559,3,7,,0,2,3,0,B01
201900006560,3,1,,0,2,0,1,B01
201900006560,3,7,,0,2,7,1,A01
201900006561,3,7,,0,2,1,1,B01
201900006561,3,7,,0,2,1,19,A01
201900006562,1,7,,0,1,0,0,Z01
201900006563,1,31,,0,0,8,21,A01
201900006564,2,7,,0,2,4,1,B01
201900006564,2,30,,0,2,1,2,A01
201900006565,3,1,,0,2,3,1,B01
201900006565,1,7,,0,2,7,16,A01
201900006566,3,7,,1,0,1,13,A01
201900006567,2,7,,4,0,9,14,A01
201900006568,2,7,,0,2,3,9,A01
201900006568,2,7,,0,2,5,1,B01
201900006569,1,7,,0,2,2,14,A01
201900006569,1,43,,0,2,3,3,B01
201900006570,1,7,,0,2,7,2,A01
201900006570,1,33,,0,2,4,3,B01
201900006570,1,7,,0,2,5,1,C01
201900006571,2,7,,0,2,1,1,A01
201900006571,2,10,,0,2,4,1,B01