Num_Acc,senc,catv,occutc,obs,obsm,choc,manv,num_veh
201900006571,2,7,,0,2,4,0,C01
201900006572,2,10,,0,2,1,1,A01
201900006572,2,7,,0,2,4,1,B01
201900006573,1,34,,0,0,0,1,A01
201900006574,2,31,,0,2,1,3,A01
201900006575,2,7,,5,0,7,1,A01
201900006576,2,7,,0,2,4,1,B01
201900006576,2,7,,0,2,1,1,A01
201900006577,2,7,,0,0,1,26,A01
201900006578,1,33,,0,0,8,1,A01
201900006579,2,10,,4,0,0,0,A01
201900006580,2,7,,0,2,1,2,B01
201900006580,2,7,,3,0,1,1,A01
201900006581,1,33,,0,2,1,1,D01
201900006581,1,10,,0,2,4,1,C01
201900006581,1,7,,0,2,8,1,B01
201900006581,1,17,,0,2,2,12,A01
201900006582,2,7,,0,2,4,2,D01
201900006582,2,7,,0,2,4,2,C01
201900006582,2,7,,0,2,4,2,B01
201900006582,2,7,,0,2,1,2,A01
201900006583,2,7,,4,0,1,1,A01
201900006584,2,33,,3,2,7,1,A01
201900006585,2,7,,4,0,1,1,A01
201900006586,1,7,,3,0,1,1,A01
201900006587,2,7,,0,6,3,1,C01
201900006587,2,7,,0,2,4,23,B01
201900006587,2,33,,1,0,1,2,A01
201900006588,2,10,,0,2,4,2,B01
201900006588,2,7,,4,2,1,1,A01
201900006589,2,33,,0,0,0,2,A01
201900006590,2,7,,0,9,1,1,D01
201900006590,1,7,,0,2,1,9,C01
201900006590,1,7,,0,2,4,1,B01
201900006590,1,7,,4,2,7,1,A01
201900006591,3,30,,0,1,1,26,A01
201900006592,1,7,,0,2,2,15,A01
201900006592,1,7,,0,2,1,1,B01
201900006593,3,7,,0,2,6,10,A01
201900006593,1,31,,0,2,1,1,B01
201900006594,1,7,,0,9,1,0,A01
201900006594,1,1,,0,2,0,0,B01
201900006595,1,7,,0,2,3,15,B01
201900006595,1,33,,0,2,1,17,A01
201900006596,0,7,,0,1,1,15,A01
201900006597,2,7,,12,1,2,15,A01
201900006598,1,7,,0,2,4,2,C01
201900006598,1,7,,0,2,4,2,B01
201900006598,1,7,,0,2,1,2,A01
201900006599,1,7,,0,2,8,15,B01
201900006599,1,31,,0,2,1,17,A01
201900006600,3,7,,13,1,2,1,A01
201900006601,1,7,,9,0,1,26,A01
201900006602,1,7,,0,2,1,9,B01
201900006602,1,33,,0,2,4,26,A01
201900006603,2,7,,2,0,1,21,A01
201900006604,0,7,,0,2,5,2,B01
201900006604,0,7,,0,2,1,2,A01
201900006605,0,7,,9,0,1,14,A01
201900006606,3,10,,0,2,5,12,Z01
201900006606,3,1,,0,2,3,0,A01
201900006607,1,7,,0,2,3,15,B01
201900006607,1,7,,0,2,1,1,A01
201900006608,0,99,,0,1,1,25,A01
201900006609,2,7,,0,1,8,16,A01
201900006610,1,1,,0,2,1,1,B01
201900006610,1,10,,0,2,2,15,A01
201900006611,1,32,,0,2,1,1,A01
201900006611,2,7,,0,2,7,1,B01
201900006612,1,7,,5,0,2,1,A01
201900006613,1,7,,6,0,1,1,A01
201900006614,2,7,,0,2,1,2,B01
201900006614,2,7,,0,2,6,10,A01
201900006615,3,7,,2,0,5,26,A01
201900006616,1,30,,0,-1,7,2,A01
201900006617,1,7,,0,2,1,2,A01
201900006617,1,7,,0,0,4,2,B01
201900006618,3,7,,0,0,0,2,A01
201900006619,1,7,,4,0,3,19,A01
201900006620,2,7,,3,0,2,2,A01
201900006621,2,7,,13,0,2,26,A01
201900006622,2,7,,0,2,8,1,A01
201900006622,1,30,,0,2,1,1,B01
201900006623,1,33,,12,0,1,16,A01
201900006624,1,20,,0,2,1,1,B01
201900006624,2,20,,0,2,7,15,A01
201900006625,1,7,,8,0,3,16,A01
201900006626,0,10,,1,0,0,0,C01
201900006626,3,7,,0,0,5,2,B01
201900006626,3,7,,1,2,2,2,A01
201900006627,0,7,,0,0,0,0,A01
201900006627,1,7,,1,0,0,0,B01
201900006627,0,10,,0,0,0,0,C01
201900006628,1,7,,9,0,1,1,A01
201900006629,0,7,,8,0,1,1,A01
201900006630,2,32,,0,2,1,1,B01
201900006630,2,7,,0,2,3,1,Z01
201900006631,3,7,,12,0,2,14,A01
201900006632,1,7,,8,0,1,19,A01
201900006633,1,7,,0,2,5,2,B01
201900006633,1,33,,0,2,1,2,A01
201900006634,2,7,,0,2,8,1,C01
201900006634,2,43,,0,2,7,1,B01
201900006634,2,7,,0,2,3,13,A01
201900006635,1,33,,0,2,5,2,E01
201900006635,1,33,,0,2,2,2,D01
201900006635,1,7,,0,2,4,2,C01
201900006635,1,7,,0,2,4,2,B01
201900006635,1,10,,0,2,1,2,A01
201900006636,1,7,,0,2,4,23,A01
201900006636,1,7,,0,2,1,2,B01
201900006637,1,30,,0,1,0,17,Z01
201900006638,3,33,,0,0,7,21,A01
201900006639,1,1,,0,0,7,1,A01
201900006640,1,7,,0,2,1,2,A01
201900006640,1,7,,0,2,4,23,B01
201900006640,1,7,,0,2,4,23,Z01
201900006641,1,7,,0,2,1,1,B01
201900006641,2,1,,0,2,1,5,A01
201900006642,1,7,,7,0,1,14,A01
201900006643,2,50,,0,2,1,5,B01
201900006643,1,7,,0,2,3,11,A01
201900006644,2,7,,0,2,7,16,A01
201900006644,2,30,,0,2,0,7,B01
201900006645,2,1,,0,2,7,1,B01
201900006645,2,7,,0,2,8,14,A01
201900006646,2,31,,1,0,2,13,A01
201900006647,3,7,,0,2,3,1,A01
201900006647,3,50,,0,2,2,1,B01
201900006648,3,7,,6,2,3,19,A01
201900006648,3,7,,0,2,1,19,B01
201900006649,2,7,,1,0,1,0,A01
201900006649,2,7,,1,0,4,0,B01
201900006649,2,7,,14,0,3,0,C01
201900006650,1,10,,0,2,1,2,A01
201900006650,1,7,,0,0,4,2,B01
201900006651,3,7,,0,2,3,2,B01
201900006651,3,7,,0,2,1,19,A01
201900006652,1,7,,9,2,7,1,A01
201900006652,1,7,,0,2,1,1,B01
201900006653,0,7,,0,2,1,1,A01
201900006653,0,7,,0,2,3,0,B01
201900006654,2,7,,0,2,3,0,B01
201900006654,1,7,,0,2,3,1,A01
201900006655,0,10,,0,1,1,15,A01
201900006656,0,7,,6,0,3,16,A01
201900006657,3,7,,0,2,1,0,A01
201900006658,1,7,,13,0,2,1,A01
201900006659,2,7,,0,2,4,1,C01
201900006659,2,7,,0,2,6,1,B01
201900006659,2,7,,0,2,1,11,A01
201900006660,1,7,,3,0,1,1,A01
201900006661,2,7,,0,2,1,5,A01
201900006661,1,7,,0,2,1,1,B01
201900006662,1,7,,13,0,2,17,A01
201900006662,1,7,,0,0,8,15,B01
201900006663,2,7,,12,2,7,0,A01
201900006663,1,7,,0,2,2,1,B01
201900006664,1,1,,0,2,3,1,B01
201900006664,1,7,,0,9,2,19,A01
201900006665,1,17,,0,2,1,1,C01
201900006665,1,7,,13,2,1,1,B01
201900006665,2,7,,3,2,1,5,A01
201900006666,1,7,,0,1,2,1,A01
201900006667,1,7,,2,0,8,14,A01
201900006668,2,7,,6,0,1,1,A01
201900006669,2,10,,2,0,1,1,A01
201900006670,3,30,,0,2,1,1,B01
201900006670,3,7,,0,2,3,17,A01
201900006671,2,7,,13,0,3,13,A01
201900006672,2,2,,0,2,1,1,B01
201900006672,1,7,,0,2,1,15,A01
201900006673,2,7,,0,0,3,1,B01
201900006673,1,7,,0,0,2,15,A01
201900006674,2,7,,0,0,9,1,A01
201900006675,1,7,,0,2,3,0,B01
201900006675,1,7,,0,2,3,0,A01
201900006676,2,7,,0,2,1,1,C01
201900006676,1,7,,0,2,3,1,B01
201900006676,1,7,,0,2,5,13,A01
201900006677,0,10,,13,0,0,0,A01
201900006678,2,7,,0,2,1,1,A01
201900006678,1,33,,0,2,1,1,B01
201900006679,1,7,,13,0,1,1,A01
201900006680,1,7,,2,0,1,14,A01
201900006681,1,7,,2,0,3,1,A01
201900006682,1,7,,0,2,1,17,A01
201900006682,2,7,,0,2,1,1,B01
201900006683,2,7,,0,2,2,1,B01
201900006683,1,7,,0,2,2,13,A01
201900006684,1,7,,2,0,3,0,A01
201900006685,0,1,,0,2,8,19,B01
201900006685,1,7,,0,9,1,1,A01
201900006686,3,2,,1,0,1,1,B01
201900006686,3,7,,0,0,4,20,A01
201900006687,0,7,,0,1,2,2,A01
201900006688,0,2,,6,0,1,26,A01
201900006689,3,2,,17,0,1,15,A01
201900006690,1,2,,0,2,1,13,B01
201900006690,2,7,,0,2,2,1,A01
201900006691,2,7,,0,2,3,5,A01
201900006691,1,7,,3,2,3,1,B01
201900006692,2,7,,0,2,3,13,B01
201900006692,1,7,,0,2,6,21,A01
201900006693,1,7,,0,2,2,1,B01
201900006693,2,7,,0,2,7,13,A01
201900006694,2,1,,0,2,1,1,B01
201900006694,1,7,,0,2,7,19,A01
201900006695,0,7,,0,2,1,1,B01
201900006695,0,7,,0,2,3,13,A01
201900006696,1,7,,10,0,2,1,A01
201900006697,1,10,,0,2,3,1,B01
201900006697,2,7,,0,2,1,0,A01
201900006698,1,2,,0,2,1,2,A01
201900006698,1,14,,0,0,5,23,B01
201900006699,0,7,,2,0,3,1,A01
201900006700,1,7,,2,0,1,1,A01
201900006701,1,7,,6,0,1,1,A01
201900006702,0,7,,0,0,9,1,A01
201900006703,2,7,,0,2,7,13,A01
201900006703,1,10,,0,2,1,1,B01
201900006704,3,7,,0,9,3,26,A01
201900006704,3,1,,0,2,2,1,B01
201900006705,1,7,,8,0,1,1,A01
201900006706,1,7,,13,0,3,21,A01
201900006707,2,7,,1,2,3,15,A01
201900006707,2,7,,0,2,3,1,B01
201900006707,2,7,,0,0,4,23,C01
201900006707,2,21,,0,2,8,23,D01
201900006708,3,7,,0,2,7,2,B01
201900006708,3,7,,0,2,3,1,A01
201900006709,2,7,,3,0,1,9,A01
201900006710,1,7,,0,2,1,1,B01
201900006710,1,7,,0,2,4,1,A01
201900006711,1,7,,3,0,1,14,A01
201900006712,1,33,,0,2,1,2,B01
201900006712,1,7,,0,2,4,1,A01
201900006713,2,7,,3,0,2,14,A01
201900006714,2,7,,0,2,3,2,A01
201900006714,2,7,,0,2,4,2,B01
201900006714,2,7,,0,2,4,2,C01
201900006714,2,7,,0,2,1,2,D01
201900006714,2,7,,0,2,4,2,E01
201900006715,1,7,,0,2,4,2,D01
201900006715,1,7,,0,2,4,2,C01
201900006715,1,7,,0,2,4,2,B01
201900006715,1,7,,0,2,1,2,A01
201900006716,1,7,,4,0,1,14,A01
201900006717,1,7,,4,0,3,13,A01
201900006718,2,7,,4,0,1,13,A01
201900006719,2,10,,3,0,1,13,A01
201900006720,2,7,,3,0,1,13,A01
201900006721,2,7,,4,0,1,1,A01
201900006722,1,10,,4,2,5,0,A01
201900006722,1,7,,3,0,5,0,B01
201900006723,1,7,,0,2,2,26,C01
201900006723,2,7,,0,2,1,26,B01
201900006723,1,7,,0,2,2,1,A01
201900006724,1,7,,4,0,1,1,A01
201900006725,1,7,,3,0,3,13,A01
201900006726,1,7,,0,2,4,1,C01
201900006726,1,7,,0,2,4,1,B01
201900006726,1,7,,0,2,1,1,A01
201900006727,2,7,,0,2,1,9,A01
201900006727,2,7,,0,2,0,0,B01
201900006728,2,7,,0,2,3,23,C01
201900006728,2,7,,0,2,1,1,B01
201900006728,2,7,,0,2,1,17,A01
201900006729,2,7,,0,2,1,26,A01
201900006729,2,7,,0,2,6,1,B01
201900006730,2,7,,3,2,1,1,A01
201900006730,2,7,,0,2,7,1,B01
201900006731,2,7,,0,2,1,2,A01
201900006731,2,7,,0,2,4,23,B01
201900006731,2,10,,1,2,1,2,C01
201900006732,2,7,,3,0,1,1,A01
201900006733,1,7,,3,0,3,1,A01
201900006734,2,7,,4,0,1,1,A01
201900006735,1,38,1.0,0,2,6,1,B01
201900006735,1,31,,3,2,6,17,A01
201900006736,1,7,,3,0,7,21,A01
201900006737,2,7,,4,2,9,1,A01
201900006738,1,7,,0,2,3,16,A01
201900006738,2,32,,0,2,1,1,B01
201900006739,3,7,,0,2,2,12,A01
201900006739,3,7,,0,2,3,26,B01
201900006740,1,7,,0,2,4,15,B01
201900006740,1,30,,0,2,4,1,A01
201900006741,3,7,,0,2,2,17,B01
201900006741,3,37,1.0,0,2,8,15,A01
201900006742,2,0,,0,2,0,0,B01
201900006742,1,7,,0,2,3,15,A01
201900006743,1,7,,0,2,4,15,B01
201900006743,1,7,,0,2,1,1,A01
201900006744,1,33,,1,2,5,1,A01
201900006745,1,7,,0,2,1,1,A01
201900006745,2,7,,0,2,3,2,B01
201900006746,3,7,,0,1,1,26,A01
201900006747,1,10,,14,0,1,26,A01
201900006747,1,7,,0,0,4,23,B01
201900006747,1,7,,0,0,4,23,C01
201900006747,1,7,,0,0,4,23,D01
201900006748,2,7,,0,1,8,26,A01
201900006749,1,7,,0,1,1,0,A01
201900006750,1,7,,0,1,8,19,A01
201900006751,1,7,,0,2,4,1,F01
201900006751,1,7,,0,2,4,1,E01
201900006751,1,7,,0,2,6,1,D01
201900006751,1,7,,0,2,8,1,C01
201900006751,1,7,,0,2,2,1,B01
201900006751,1,10,,0,2,8,13,A01
201900006752,1,7,,0,0,3,1,D01
201900006752,1,7,,0,0,3,1,C01
201900006752,2,13,,0,2,3,1,B01
201900006752,1,7,,0,0,3,13,A01
201900006753,0,7,,0,2,3,1,A01
201900006753,0,7,,0,2,1,1,B01
201900006754,3,30,,0,0,0,26,A01
201900006755,3,7,,0,2,5,26,A01
201900006755,3,7,,0,2,1,1,B01
201900006756,2,7,,8,0,1,1,A01
201900006757,3,7,,8,0,7,1,A01
201900006758,0,7,,0,1,3,15,A01
201900006759,3,7,,0,2,8,1,B01
201900006759,3,7,,0,2,8,1,A01
201900006760,2,33,,2,0,2,2,A01
201900006761,2,7,,11,0,1,12,A01
201900006762,2,34,,0,2,1,0,A01
201900006762,1,7,,0,2,1,1,B01
201900006763,2,7,,8,0,3,1,A01
201900006764,2,7,,0,2,1,17,A01
201900006764,1,7,,0,2,3,1,B01
201900006764,2,7,,0,2,1,1,C01
201900006765,1,10,,13,0,1,1,A01
201900006766,2,7,,3,0,1,1,A01
201900006767,2,7,,0,2,3,1,B01
201900006767,1,7,,0,2,3,1,A01
201900006768,2,14,,0,2,3,5,B01
201900006768,1,7,,15,2,1,1,A01
201900006769,1,33,,6,0,7,1,A01
201900006770,2,7,,0,2,2,1,B01
201900006770,1,1,,0,2,8,1,A01
201900006771,3,7,,0,2,3,13,A01
201900006771,3,7,,0,2,3,0,B01
201900006772,3,7,,0,2,2,2,A01
201900006772,3,2,,0,2,1,1,B01
201900006773,2,7,,6,0,1,1,A01
201900006774,1,2,,8,0,1,0,A01
201900006775,2,33,,0,0,4,2,A01
201900006775,2,33,,0,2,1,2,B01
201900006776,0,2,,6,0,3,13,A01
201900006777,1,34,,13,0,7,2,A01
201900006778,3,7,,0,0,0,1,A01
201900006779,3,7,,0,1,1,1,A01
201900006780,0,3,,0,2,8,19,A01
201900006780,1,33,,0,2,1,1,B01
201900006781,1,7,,0,0,2,15,A01
201900006781,2,1,,0,2,1,5,B01
201900006782,0,34,,0,2,1,1,B01
201900006782,0,7,,0,2,6,26,A01
201900006783,3,2,,0,1,1,1,A01
201900006784,2,7,,0,2,1,1,B01
201900006784,1,7,,0,2,8,19,A01
201900006785,1,7,,2,0,1,13,A01
201900006786,1,31,,0,0,8,1,A01
201900006787,2,33,,0,2,1,17,A01
201900006787,2,7,,0,2,3,15,B01
201900006788,2,33,,0,2,1,1,B01
201900006788,0,7,,0,2,1,15,A01
201900006789,1,7,,13,0,3,13,A01
201900006790,1,7,,2,0,3,16,A01
201900006791,1,7,,0,2,8,1,A01
201900006791,1,2,,0,2,1,1,B01
201900006792,2,7,,0,1,1,1,A01
201900006793,2,7,,0,0,8,10,A01
201900006793,2,33,,0,2,1,1,B01
201900006794,1,10,,3,2,9,18,A01
201900006794,1,14,,0,2,9,1,B01
201900006794,2,10,,0,2,1,1,C01
201900006794,2,7,,0,2,1,1,D01
201900006795,1,7,,0,2,3,1,B01
201900006795,2,31,,0,2,3,14,A01
201900006796,0,7,,0,2,1,13,A01
201900006796,0,7,,0,2,1,1,B01
201900006797,1,33,,0,2,1,1,A01
201900006797,2,7,,14,2,3,21,B01
201900006798,1,7,,0,2,3,13,A01
201900006798,2,7,,0,2,3,1,B01
201900006799,0,1,,0,4,8,0,B01
201900006799,1,39,,0,9,3,26,A01
201900006800,1,7,,2,0,7,0,A01
201900006801,1,7,,0,2,2,2,B01
201900006801,2,33,,0,2,1,17,A01
201900006802,1,33,,0,0,0,14,A01
201900006803,0,7,,0,1,1,1,A01
201900006804,1,7,,0,2,2,0,A01
201900006804,2,7,,0,2,3,0,B01
201900006805,2,7,,0,2,6,19,A01
201900006805,2,33,,0,2,1,21,B01
201900006806,1,7,,11,0,7,1,A01
201900006807,1,7,,0,2,1,1,B01
201900006807,2,7,,0,2,1,17,A01
201900006808,1,33,,6,0,1,1,A01
201900006809,1,7,,0,1,1,1,A01
201900006810,0,31,,6,0,1,1,A01
201900006810,0,7,,0,0,0,26,B01
201900006811,2,2,,0,2,8,5,A01
201900006811,1,33,,0,2,8,1,B01
201900006812,2,33,,0,2,2,17,A01
201900006812,2,10,,0,2,8,15,B01
201900006813,2,7,,0,2,3,1,B01
201900006813,1,7,,0,2,1,1,A01
201900006814,1,7,,10,0,1,26,A01
201900006815,1,30,,0,2,1,13,A01
201900006815,2,7,,0,2,3,1,B01
201900006816,1,33,,0,0,2,1,A01
201900006817,1,2,,0,0,8,1,A01
201900006818,2,7,,0,9,3,1,B01
201900006818,1,2,,0,2,3,13,A01
201900006819,1,7,,0,2,8,1,B01
201900006819,2,7,,0,2,3,13,A01
201900006820,3,31,,0,2,1,1,B01
201900006820,0,7,,0,2,3,1,A01
201900006821,1,21,,0,2,6,1,B01
201900006821,2,7,,0,2,3,1,A01
201900006822,2,33,,0,0,0,1,A01
201900006823,1,7,,2,0,8,2,A01
201900006824,2,33,,0,2,1,2,B01
201900006824,2,7,,0,0,4,2,A01
201900006825,3,7,,0,2,1,1,A01
201900006825,3,2,,0,2,1,16,B01
201900006826,3,7,,0,2,1,11,A01
201900006826,3,7,,0,2,1,12,B01
201900006827,1,7,,0,0,5,2,B01
201900006827,1,2,,0,2,1,2,A01
201900006828,1,7,,0,1,1,1,A01
201900006829,0,2,,0,0,0,26,A01
201900006830,2,33,,0,0,7,1,B01
201900006830,1,33,,0,2,1,1,A01
201900006831,1,7,,4,0,2,1,A01
201900006832,1,7,,0,2,1,13,A01
201900006832,2,7,,0,2,1,1,B01
201900006833,2,7,,8,0,1,13,A01
201900006834,1,7,,13,0,3,13,A01
201900006835,1,20,,0,2,1,1,B01
201900006835,2,7,,0,2,2,13,A01
201900006836,3,7,,6,0,1,13,A01
201900006837,2,7,,0,2,7,19,A01
201900006837,2,15,,0,2,1,1,B01
201900006838,1,15,,0,0,6,2,B01
201900006838,1,7,,0,2,1,2,A01
201900006839,0,36,,0,0,0,0,A01
201900006840,3,2,,15,0,1,1,A01
201900006841,1,43,,0,2,1,2,A01
201900006841,1,7,,0,0,5,2,B01
201900006842,1,7,,17,0,2,17,A01
201900006843,1,7,,13,0,2,0,A01
201900006844,2,33,,13,0,3,1,A01
201900006845,2,7,,2,0,8,1,A01
201900006846,3,31,,13,0,1,16,A01
201900006847,2,7,,2,0,2,1,A01
201900006848,2,7,,0,2,2,1,A01
201900006848,1,7,,0,2,1,15,B01
201900006849,3,3,,0,2,1,19,A01
201900006849,2,10,,0,2,2,21,B01
201900006849,1,7,,0,9,3,21,C01
201900006850,1,14,,0,2,3,1,B01
201900006850,2,7,,0,2,3,1,A01
201900006851,1,7,,0,2,3,15,A01
201900006851,2,3,,0,2,1,1,B01
201900006852,2,7,,2,0,8,0,A01
201900006853,2,1,,13,0,7,14,A01
201900006854,1,7,,8,2,3,1,B01
201900006854,2,7,,0,2,3,1,A01
201900006855,2,7,,0,1,2,11,A01
201900006856,2,7,,0,2,3,1,A01
201900006856,1,7,,0,2,1,19,B01
201900006857,0,7,,0,1,1,1,A01
201900006858,3,10,,6,0,3,1,A01
201900006859,1,3,,0,2,3,1,B01
201900006859,0,2,,0,2,3,1,A01
201900006860,3,33,,16,0,0,13,A01
201900006861,2,7,,13,0,0,1,A01
201900006862,2,7,,0,2,1,1,B01
201900006862,1,7,,0,2,1,13,A01
201900006863,2,1,,0,2,4,1,B01
201900006863,2,7,,0,9,1,1,A01
201900006864,2,33,,0,2,5,15,B01
201900006864,2,33,,0,2,2,1,A01
201900006865,2,7,,2,2,5,1,B01
201900006865,2,7,,0,2,3,19,A01
201900006866,1,7,,2,0,1,1,A01
201900006867,2,7,,15,0,1,1,A01
201900006868,2,2,,0,0,0,1,A01
201900006869,2,7,,6,0,1,1,A01
201900006870,1,10,,0,2,4,15,B01
201900006870,1,33,,0,2,1,17,A01
201900006871,1,7,,0,2,5,19,A01
201900006871,2,7,,0,2,1,1,B01
201900006872,1,7,,0,0,9,1,A01
201900006873,3,36,,6,0,2,14,A01
201900006874,2,14,,0,1,7,16,A01
201900006875,1,31,,0,0,5,1,D01
201900006875,1,33,,0,0,4,1,C01
201900006875,1,33,,0,2,4,1,B01
201900006875,1,33,,0,2,1,1,A01
201900006876,2,33,,6,0,2,1,A01
201900006877,1,13,,0,2,2,21,B01
201900006877,2,7,,0,2,8,10,A01
201900006878,2,17,,6,0,1,19,A01
201900006879,2,7,,0,2,8,19,B01
201900006879,2,14,,0,2,2,1,A01
201900006880,1,7,,0,2,3,15,A01
201900006880,2,7,,6,2,1,13,B01
201900006881,1,21,,0,2,1,1,B01
201900006881,2,7,,0,2,1,1,A01
201900006882,1,10,,10,0,2,13,A01
201900006883,1,7,,0,2,1,1,B01
201900006883,1,7,,0,2,8,19,A01
201900006884,1,7,,0,2,2,1,B01
201900006884,2,7,,0,2,2,13,A01
201900006885,1,2,,0,0,0,15,A01
201900006886,3,7,,0,2,1,15,A01
201900006886,2,2,,0,2,1,1,B01
201900006887,1,7,,0,0,0,0,A01
201900006888,1,7,,13,0,2,17,A01
201900006889,1,7,,15,0,0,1,A01
201900006890,1,7,,17,0,2,1,A01
201900006891,1,7,,13,0,3,1,A01
201900006892,2,7,,2,0,1,1,A01
201900006893,2,7,,0,0,3,19,A01
201900006893,2,7,,0,2,1,1,B01
201900006894,1,31,,0,2,1,1,B01
201900006894,2,7,,0,2,3,9,A01
201900006895,1,7,,15,2,3,13,A01
201900006896,1,7,,0,2,1,15,B01
201900006896,1,7,,0,2,5,1,A01
201900006897,2,7,,0,2,1,1,A01
201900006897,2,7,,0,0,4,15,B01
201900006898,0,7,,6,1,1,20,A01
201900006899,1,7,,13,0,1,1,A01
201900006900,2,33,,0,2,0,13,A01
201900006900,1,7,,0,2,1,1,B01
201900006901,2,10,,0,0,6,1,B01
201900006901,2,33,,0,2,1,1,A01
201900006902,2,7,,6,0,1,13,A01
201900006903,1,7,,2,0,1,0,A01
201900006904,3,1,,0,2,8,1,B01
201900006904,3,7,,0,2,7,16,A01
201900006905,1,7,,0,1,2,2,A01
201900006906,1,33,,0,0,0,17,A01
201900006907,3,2,,0,2,8,1,A01
201900006907,3,7,,0,2,3,1,B01
201900006908,2,7,,0,2,1,13,A01
201900006908,1,10,,0,2,3,1,B01
201900006908,1,10,,0,2,2,1,C01
201900006909,1,2,,0,0,1,16,A01
201900006909,1,7,,0,0,3,1,B01
201900006910,1,33,,2,0,0,2,A01
201900006911,1,7,,7,0,2,0,A01
201900006912,2,7,,6,2,3,1,B01
201900006912,1,7,,0,2,3,15,A01
201900006913,1,7,,6,0,7,1,A01
201900006914,2,7,,2,0,2,13,A01
201900006915,1,7,,4,0,3,2,A01
201900006916,2,7,,13,0,1,1,A01
201900006917,0,7,,0,2,3,1,A01
201900006917,3,2,,0,2,1,1,B01
201900006918,2,7,,0,2,1,1,B01
201900006918,2,15,,0,0,6,15,A01
201900006919,0,7,,4,0,0,0,A01
201900006920,3,7,,0,1,5,1,A01
201900006921,3,7,,0,2,1,2,A01
201900006921,3,21,,0,0,6,1,B01
201900006922,0,7,,0,2,2,17,A01
201900006922,0,1,,0,2,8,15,B01
201900006923,2,7,,0,1,1,1,B01
201900006923,1,7,,0,2,3,23,A01
201900006924,1,7,,0,2,2,15,A01
201900006924,2,33,,0,2,1,1,B01
201900006925,1,10,,0,2,3,1,C01
201900006925,2,10,,0,2,5,1,B01
201900006925,2,10,,0,2,3,1,A01
201900006926,1,7,,2,0,3,1,A01
201900006927,0,2,,6,0,1,0,A01
201900006928,2,33,,0,2,0,17,A01
201900006928,1,7,,0,2,1,1,B01
201900006929,1,7,,0,1,2,1,A01
201900006930,1,7,,0,2,3,2,A01
201900006930,1,2,,0,2,1,12,B01
201900006931,1,7,,0,2,3,1,B01
201900006931,2,7,,0,2,3,13,A01
201900006932,1,2,,0,6,0,0,A01
201900006933,0,7,,0,2,1,13,A01
201900006933,1,10,,0,2,1,1,B01
201900006934,2,7,,0,2,1,1,C01
201900006934,2,7,,0,2,3,0,B01
201900006934,1,7,,0,2,3,0,A01
201900006935,1,1,,0,2,7,17,B01
201900006935,1,7,,0,2,8,11,A01
201900006936,2,33,,0,0,0,1,A01
201900006937,1,7,,0,2,1,1,A01
201900006937,1,7,,0,0,2,1,B01
201900006938,1,7,,2,2,2,17,B01
201900006938,2,7,,0,2,2,1,A01
201900006939,2,2,,2,0,1,1,A01
201900006940,1,7,,0,2,7,19,A01
201900006940,1,7,,0,2,1,1,B01
201900006941,1,7,,8,0,3,1,A01
201900006942,2,33,,8,0,1,1,A01
201900006943,1,7,,0,2,3,21,C01
201900006943,1,17,,0,2,2,14,B01
201900006943,1,7,,12,2,8,1,A01
201900006944,1,7,,2,0,3,1,A01
201900006945,1,10,,2,0,3,13,A01
201900006946,1,7,,0,2,7,1,A01
201900006946,1,7,,0,2,8,6,B01
201900006947,1,7,,0,0,1,1,B01
201900006947,2,7,,0,0,1,13,A01
201900006948,1,33,,0,2,1,1,B01
201900006948,1,7,,0,2,7,12,A01
201900006949,1,31,,13,0,1,2,A01
201900006950,1,7,,0,2,1,2,Z01
201900006950,1,7,,0,2,6,2,B01
201900006951,1,31,,0,2,1,1,A01
201900006952,1,7,,3,2,3,26,A01
201900006952,2,1,,0,2,1,1,B01
201900006953,1,7,,0,2,1,1,C01
201900006953,1,14,,0,2,4,1,B01
201900006953,1,7,,0,2,1,1,A01
201900006954,1,15,,0,2,4,1,A01
201900006954,1,7,,0,2,1,11,B01
201900006955,1,33,,4,0,1,2,A01
201900006956,1,7,,0,2,1,2,B01
201900006956,1,1,,0,2,6,5,A01
201900006957,0,32,,0,2,1,0,B01
201900006957,1,7,,0,2,7,1,A01
201900006958,1,7,,0,2,1,1,A01
201900006958,2,7,,0,2,3,15,B01
201900006959,3,7,,6,0,0,5,A01
201900006960,1,7,,0,2,1,1,A01
201900006960,2,1,,0,2,1,15,B01
201900006961,1,32,,0,2,2,19,A01
201900006961,1,7,,0,2,1,1,B01
201900006962,1,7,,0,2,8,1,B01
201900006962,1,7,,0,2,3,1,A01
201900006963,2,30,,0,2,1,2,A01
201900006963,2,7,,0,2,4,2,B01
201900006964,0,7,,13,0,9,0,A01
201900006965,3,7,,0,2,1,0,B01
201900006965,3,7,,0,2,2,1,A01
201900006966,1,7,,1,0,1,2,B01
201900006966,1,7,,1,0,4,23,A01
201900006967,1,7,,0,2,1,15,A01
201900006967,1,31,,0,2,2,26,B01
201900006968,0,7,,0,2,0,1,A01
201900006969,1,7,,0,2,2,1,B01
201900006969,2,7,,0,2,7,13,A01
201900006970,1,7,,1,2,1,14,A01
201900006970,1,7,,1,2,3,24,B01
201900006971,1,7,,0,1,1,0,A01
201900006972,1,7,,0,2,1,1,B01
201900006972,1,7,,0,2,1,1,A01
201900006973,2,7,,0,1,1,0,Z01