Num_Acc,senc,catv,occutc,obs,obsm,choc,manv,num_veh
201900006974,1,33,,0,2,4,23,C01
201900006974,2,7,,0,2,4,1,B01
201900006974,2,7,,0,2,1,1,A01
201900006975,1,7,,0,2,5,1,B01
201900006975,1,7,,0,2,0,14,Z01
201900006976,1,7,,0,1,7,26,A01
201900006977,1,7,,0,2,3,13,A01
201900006977,1,7,,0,2,0,0,B01
201900006978,3,7,,0,1,3,15,A01
201900006979,2,7,,10,0,1,14,A01
201900006980,3,7,,0,2,3,9,A01
201900006980,3,7,,0,2,1,1,B01
201900006981,3,10,,0,2,7,9,B01
201900006981,3,7,,0,2,8,9,A01
201900006982,1,30,,0,2,1,2,A01
201900006982,1,7,,0,2,4,23,B01
201900006983,2,7,,0,2,1,1,A01
201900006983,2,1,,0,2,1,19,B01
201900006984,1,32,,0,2,1,1,B01
201900006984,2,7,,0,2,5,15,A01
201900006985,1,7,,7,0,1,14,Z01
201900006986,1,7,,8,0,1,1,A01
201900006987,1,50,,0,2,1,13,A01
201900006987,2,1,,0,2,1,1,B01
201900006988,2,7,,0,2,3,1,B01
201900006988,0,32,,0,2,1,19,A01
201900006989,2,33,,12,0,1,26,A01
201900006990,1,7,,0,2,6,1,B01
201900006990,1,7,,0,2,2,1,A01
201900006990,1,7,,0,0,9,13,F01
201900006991,1,7,,0,2,5,15,A01
201900006991,2,33,,0,2,1,1,B01
201900006992,2,7,,0,2,3,1,B01
201900006992,1,7,,0,2,3,13,A01
201900006993,2,7,,15,0,1,26,A01
201900006994,1,33,,0,0,5,1,A01
201900006994,1,33,,0,0,0,1,B01
201900006995,1,33,,8,0,1,1,A01
201900006996,1,7,,0,2,1,18,B01
201900006996,1,2,,0,0,4,15,A01
201900006997,2,10,,13,0,9,1,A01
201900006998,2,7,,0,2,3,1,B01
201900006998,1,2,,0,2,0,13,A01
201900006999,2,37,1.0,7,1,2,20,A01
201900007000,0,7,,0,2,1,2,A01
201900007000,0,7,,0,0,7,2,B01
201900007001,1,36,,13,0,1,14,A01
201900007002,2,7,,3,0,1,1,A01
201900007003,1,7,,0,2,3,15,A01
201900007003,2,2,,0,2,1,1,B01
201900007004,1,34,,0,2,1,17,B01
201900007004,1,7,,0,0,6,15,A01
201900007005,2,33,,0,0,7,17,A01
201900007006,3,7,,2,0,1,19,A01
201900007007,1,15,,0,1,1,1,A01
201900007008,1,33,,0,0,9,23,A01
201900007009,1,7,,6,0,2,14,A01
201900007010,0,1,,6,0,1,1,A01
201900007011,1,2,,0,0,0,16,A01
201900007012,1,2,,0,2,1,1,B01
201900007012,1,2,,0,2,1,1,A01
201900007013,1,33,,0,0,3,0,A01
201900007014,1,7,,13,2,3,13,A01
201900007014,2,7,,0,2,3,1,B01
201900007015,2,33,,0,0,0,1,A01
201900007016,1,7,,0,2,3,1,A01
201900007016,1,31,,0,2,1,1,B01
201900007017,1,2,,0,2,1,1,B01
201900007017,2,7,,0,2,8,1,A01
201900007018,3,7,,0,2,8,26,B01
201900007018,3,7,,0,2,3,26,A01
201900007019,1,33,,13,0,1,17,A01
201900007020,0,1,,0,2,8,16,B01
201900007020,0,7,,0,2,7,1,A01
201900007021,1,1,,0,2,1,1,B01
201900007021,2,7,,0,2,1,15,A01
201900007022,1,7,,8,0,1,1,A01
201900007023,2,2,,0,2,1,1,A01
201900007023,3,10,,0,2,3,15,B01
201900007024,1,7,,13,0,8,15,A01
201900007024,1,33,,0,2,1,17,B01
201900007025,2,7,,0,0,1,1,A01
201900007026,1,7,,0,0,3,1,B01
201900007026,2,7,,0,2,3,13,A01
201900007027,3,33,,4,0,8,1,A01
201900007028,0,7,,3,0,1,1,A01
201900007029,1,7,,3,0,9,12,A01
201900007030,2,7,,0,0,1,26,A01
201900007031,2,1,,14,0,0,1,A01
201900007032,3,10,,0,2,2,1,B01
201900007032,3,33,,0,2,1,5,A01
201900007033,2,7,,3,0,4,1,A01
201900007033,2,7,,3,2,1,2,B01
201900007034,1,2,,0,2,1,1,B01
201900007034,1,7,,0,2,7,1,A01
201900007035,0,7,,0,2,7,1,B01
201900007035,3,7,,0,2,2,15,A01
201900007036,1,7,,0,2,2,15,B01
201900007036,2,1,,0,2,1,0,A01
201900007037,2,80,,10,0,1,1,A01
201900007038,3,7,,0,0,9,1,A01
201900007039,1,7,,0,1,1,15,A01
201900007040,2,7,,0,2,2,1,B01
201900007040,1,7,,0,2,1,11,A01
201900007041,1,7,,16,0,1,1,A01
201900007042,0,2,,0,0,1,1,A01
201900007043,1,1,,0,2,4,2,B01
201900007043,1,10,,0,2,2,2,A01
201900007044,1,7,,0,2,6,1,B01
201900007044,1,33,,0,2,1,1,A01
201900007045,3,7,,0,9,1,1,A01
201900007045,3,1,,0,2,1,16,B01
201900007046,3,1,,13,0,0,0,A01
201900007047,1,33,,0,2,1,2,A01
201900007047,1,7,,0,0,4,2,B01
201900007048,0,33,,7,2,1,3,A01
201900007048,0,7,,0,2,3,2,B01
201900007049,3,2,,0,0,1,1,A01
201900007050,1,7,,0,0,7,14,A01
201900007051,2,7,,0,2,4,1,B01
201900007051,2,7,,0,2,1,1,A01
201900007052,1,7,,0,2,4,23,A01
201900007052,1,7,,0,2,1,2,C01
201900007053,1,7,,0,2,1,1,B01
201900007053,1,7,,0,2,4,23,A01
201900007054,2,7,,0,2,7,1,A01
201900007054,2,7,,0,2,3,1,B01
201900007055,1,7,,13,0,1,14,A01
201900007056,2,10,,4,0,3,1,A01
201900007057,2,7,,0,2,3,1,B01
201900007057,2,15,,0,2,0,12,A01
201900007058,1,7,,13,0,9,0,A01
201900007059,1,10,,0,1,2,2,A01
201900007060,0,7,,0,1,1,1,A01
201900007061,2,7,,0,2,7,22,A01
201900007061,2,1,,0,2,7,1,B01
201900007062,3,7,,0,2,1,2,A01
201900007062,3,7,,0,2,4,2,B01
201900007063,3,10,,0,1,2,15,A01
201900007064,1,7,,0,2,8,1,B01
201900007064,3,7,,0,2,1,15,A01
201900007065,1,50,,0,2,2,1,B01
201900007065,1,10,,0,2,3,9,A01
201900007066,1,7,,0,2,1,1,B01
201900007066,2,7,,0,2,2,15,A01
201900007067,2,7,,0,2,1,1,A01
201900007067,1,7,,0,2,2,15,B01
201900007068,2,31,,0,2,1,16,B01
201900007068,2,7,,0,2,2,16,A01
201900007069,1,7,,0,1,2,0,A01
201900007070,0,7,,0,1,0,0,A01
201900007071,1,7,,0,2,8,1,A01
201900007071,2,50,,0,2,7,1,B01
201900007072,2,7,,0,0,8,1,B01
201900007072,1,7,,0,2,1,19,A01
201900007073,1,33,,0,0,0,26,A01
201900007074,2,60,,0,2,3,19,A01
201900007074,1,7,,0,1,2,1,B01
201900007075,2,10,,0,2,7,1,A01
201900007075,2,10,,0,2,1,1,B01
201900007076,3,7,,0,2,5,10,A01
201900007076,3,2,,0,2,1,2,B01
201900007077,3,33,,0,2,0,0,B01
201900007077,3,7,,0,2,0,0,A01
201900007078,2,7,,4,0,3,1,A01
201900007079,1,7,,0,0,9,9,A01
201900007080,0,7,,0,2,2,26,A01
201900007080,0,33,,0,2,1,1,B01
201900007081,1,7,,0,2,7,22,B01
201900007081,1,7,,1,0,2,1,A01
201900007082,2,7,,12,1,3,13,A01
201900007083,2,7,,6,0,1,14,A01
201900007084,2,7,,0,2,8,0,A01
201900007084,1,30,,0,2,1,0,B01
201900007085,2,30,,0,2,1,13,A01
201900007085,2,7,,0,2,5,23,B01
201900007086,1,7,,0,2,4,1,C01
201900007086,1,7,,0,2,4,1,B01
201900007086,1,7,,0,2,1,1,A01
201900007087,2,1,,0,0,0,26,A01
201900007088,3,7,,0,2,3,1,B01
201900007088,3,7,,0,2,3,13,A01
201900007089,3,13,,0,2,2,0,A01
201900007089,3,7,,0,2,4,1,B01
201900007090,0,10,,15,0,1,26,A01
201900007091,2,33,,0,2,5,17,A01
201900007091,2,7,,0,2,3,15,B01
201900007092,3,7,,0,1,5,26,A01
201900007093,1,7,,0,1,7,1,A01
201900007094,2,1,,0,2,0,19,A01
201900007094,1,7,,0,2,1,1,B01
201900007095,1,7,,0,2,0,0,Z01
201900007095,1,7,,0,2,7,1,B01
201900007096,2,7,,0,2,3,19,A01
201900007096,1,30,,0,2,1,1,B01
201900007097,1,7,,0,0,1,0,A01
201900007097,1,1,,0,2,0,0,B01
201900007098,1,32,,0,2,3,15,A01
201900007098,1,31,,0,2,7,1,B01
201900007099,3,7,,0,6,1,26,B01
201900007099,1,50,,0,2,8,25,A01
201900007100,1,7,,0,2,0,12,A01
201900007100,1,30,,0,2,0,0,B01
201900007101,2,7,,0,1,3,15,A01
201900007101,1,1,,0,2,1,19,B01
201900007102,1,30,,0,1,1,2,A01
201900007103,2,10,,0,2,1,2,A01
201900007103,2,10,,0,2,4,23,B01
201900007104,2,7,,0,2,7,14,A01
201900007104,2,7,,0,2,6,2,B01
201900007105,1,10,,0,2,5,23,D01
201900007105,1,7,,11,0,6,24,C01
201900007105,1,7,,0,2,1,26,B01
201900007105,1,10,,0,2,0,12,A01
201900007106,2,30,,0,0,8,1,A01
201900007107,1,2,,0,2,1,0,B01
201900007107,1,7,,0,2,5,26,A01
201900007108,2,7,,11,0,3,1,A01
201900007109,2,7,,0,2,4,1,A01
201900007109,2,7,,0,2,1,2,B01
201900007110,1,7,,14,0,2,1,A01
201900007111,1,7,,0,1,2,26,Z01
201900007111,2,1,,0,2,8,26,B01
201900007112,3,7,,0,2,1,19,A01
201900007112,1,7,,0,2,8,1,B01
201900007113,3,7,,0,2,6,26,A01
201900007113,3,7,,0,2,6,26,B01
201900007114,3,99,,0,6,0,1,A01
201900007115,2,7,,0,2,3,1,B01
201900007115,1,7,,0,2,2,1,A01
201900007116,3,7,,0,0,0,26,A01
201900007117,3,32,,0,2,8,13,A01
201900007117,3,7,,0,2,8,5,B01
201900007118,3,2,,0,0,7,15,A01
201900007119,2,7,,0,1,1,21,A01
201900007120,2,7,,13,0,9,1,A01
201900007121,1,10,,0,2,3,1,A01
201900007121,2,10,,0,2,3,1,B01
201900007122,3,7,,0,1,1,1,A01
201900007123,1,7,,0,2,8,1,C01
201900007123,1,10,,0,2,1,1,B01
201900007123,1,7,,0,2,1,13,A01
201900007124,2,7,,0,0,6,1,B01
201900007124,2,7,,0,2,1,1,C01
201900007125,2,7,,0,1,2,1,A01
201900007126,2,2,,0,2,1,16,B01
201900007126,2,7,,0,2,2,15,A01
201900007127,2,7,,0,2,4,17,A01
201900007127,1,10,,0,2,1,17,B01
201900007128,1,7,,0,2,1,15,B01
201900007128,2,7,,0,2,3,1,A01
201900007129,2,7,,2,0,1,21,A01
201900007130,1,7,,0,1,1,1,A01
201900007131,1,7,,2,0,0,1,A01
201900007132,1,3,,0,2,2,1,A01
201900007132,2,10,,0,2,2,1,B01
201900007133,1,7,,6,0,2,1,A01
201900007134,2,7,,0,2,2,5,A01
201900007134,2,7,,0,2,3,1,B01
201900007135,1,7,,0,0,1,1,B01
201900007135,2,7,,0,0,1,1,A01
201900007136,3,34,,0,0,7,1,A01
201900007137,1,7,,13,0,2,1,A01
201900007138,2,7,,0,9,2,0,A01
201900007139,1,7,,5,0,0,17,A01
201900007140,2,7,,0,2,1,13,A01
201900007140,1,7,,0,2,1,1,B01
201900007141,2,7,,0,2,1,9,A01
201900007141,2,7,,0,2,3,1,B01
201900007142,3,7,,0,2,2,1,B01
201900007142,1,7,,0,2,1,9,A01
201900007143,1,15,,0,2,1,1,C01
201900007143,1,15,,0,2,3,1,B01
201900007143,2,7,,0,2,3,13,A01
201900007144,1,7,,0,2,2,15,A01
201900007144,2,2,,0,2,1,1,B01
201900007145,2,7,,0,2,7,16,B01
201900007145,2,32,,0,2,1,18,A01
201900007146,3,1,,0,2,1,1,B01
201900007146,0,7,,0,9,1,15,A01
201900007147,3,7,,0,2,2,2,A01
201900007147,2,2,,0,2,1,1,B01
201900007148,0,7,,13,0,0,0,A01
201900007149,2,7,,2,0,1,1,A01
201900007150,2,2,,0,2,8,1,B01
201900007150,1,7,,0,2,3,15,A01
201900007151,2,7,,0,1,2,1,A01
201900007152,1,7,,0,2,1,1,A01
201900007152,3,7,,0,0,8,1,B01
201900007153,1,7,,0,2,3,13,A01
201900007153,2,7,,0,2,3,1,B01
201900007154,0,31,,0,2,1,1,B01
201900007154,3,7,,0,2,3,19,A01
201900007155,2,7,,0,2,3,11,A01
201900007155,2,33,,0,2,1,1,B01
201900007156,3,7,,0,2,2,2,A01
201900007156,3,80,,0,0,4,2,B01
201900007157,3,7,,13,0,1,1,A01
201900007158,2,14,,13,2,3,1,B01
201900007158,1,7,,13,2,1,26,A01
201900007159,1,7,,0,2,2,15,B01
201900007159,2,1,,0,2,1,1,A01
201900007160,2,7,,0,2,1,2,B01
201900007160,2,7,,13,0,6,15,A01
201900007161,2,7,,0,2,3,13,A01
201900007161,1,10,,0,2,3,1,B01
201900007162,1,7,,0,0,0,1,A01
201900007163,1,10,,0,2,1,2,B01
201900007163,1,10,,0,2,4,2,A01
201900007164,1,7,,0,2,1,1,C01
201900007164,1,7,,0,2,1,1,B01
201900007164,1,7,,0,2,4,1,A01
201900007165,2,7,,12,0,1,0,A01
201900007166,2,7,,0,2,1,2,C01
201900007166,2,7,,0,2,7,12,B01
201900007166,2,7,,0,2,8,2,A01
201900007167,1,7,,0,2,6,11,A01
201900007167,1,33,,0,2,2,1,B01
201900007168,2,7,,0,2,0,0,B01
201900007168,2,7,,0,2,1,1,A01
201900007169,1,14,,0,2,6,1,A01
201900007169,1,7,,0,2,1,17,B01
201900007170,1,16,,0,2,2,12,B01
201900007170,1,7,,0,2,8,11,A01
201900007171,1,7,,3,0,1,1,A01
201900007172,1,7,,0,2,4,23,C01
201900007172,1,10,,0,2,4,23,B01
201900007172,1,7,,0,2,1,2,A01
201900007173,2,15,,0,2,3,2,C01
201900007173,2,15,,0,2,3,2,B01
201900007173,2,7,,0,2,6,9,A01
201900007174,2,7,,0,2,4,1,D01
201900007174,2,7,,0,2,1,1,C01
201900007174,2,7,,0,2,4,1,B01
201900007174,1,7,,0,2,4,1,A01
201900007174,2,7,,0,2,4,1,Z01
201900007175,2,7,,0,2,1,0,A01
201900007175,2,7,,0,2,4,1,B01
201900007176,2,7,,0,2,1,1,C01
201900007176,2,7,,0,0,4,23,B01
201900007176,2,7,,1,0,1,1,A01
201900007177,1,30,,0,2,1,13,B01
201900007177,1,7,,0,2,6,15,A01
201900007178,1,7,,0,2,1,1,A01
201900007178,1,7,,0,2,6,1,B01
201900007179,1,7,,12,0,1,14,A01
201900007180,1,30,,0,0,7,15,A01
201900007181,3,7,,0,0,7,1,A01
201900007182,3,7,,4,0,1,9,A01
201900007183,2,7,,0,2,5,1,B01
201900007183,2,34,,0,2,1,2,A01
201900007184,1,7,,0,2,2,1,C01
201900007184,1,7,,0,2,5,1,B01
201900007184,1,7,,0,2,1,1,A01
201900007185,3,7,,0,2,7,1,A01
201900007185,3,7,,0,2,1,1,B01
201900007186,3,7,,0,2,3,1,A01
201900007186,3,2,,0,2,1,1,B01
201900007187,3,7,,0,2,1,2,B01
201900007187,3,7,,0,0,4,23,A01
201900007188,2,7,,0,1,1,15,A01
201900007189,3,7,,2,0,4,13,A01
201900007190,2,99,,6,0,1,26,A01
201900007191,1,7,,1,2,5,19,A01
201900007191,2,7,,0,2,0,0,B01
201900007192,2,7,,8,0,2,1,A01
201900007193,2,7,,14,0,1,9,A01
201900007194,3,7,,0,2,1,15,A01
201900007194,3,7,,0,2,3,1,B01
201900007195,1,1,,14,0,2,1,A01
201900007196,1,7,,0,0,4,1,B01
201900007196,1,30,,14,0,4,26,A01
201900007197,1,7,,1,0,1,1,A01
201900007198,0,7,,0,2,4,2,A01
201900007198,2,7,,0,0,0,0,Z01
201900007199,3,7,,0,1,1,1,A01
201900007200,2,7,,0,2,2,12,A01
201900007200,2,33,,0,2,3,3,B01
201900007201,1,7,,0,1,4,4,A01
201900007202,1,60,,0,1,1,25,Z01
201900007203,2,7,,0,1,3,1,A01
201900007204,2,7,,0,2,1,2,A01
201900007204,2,7,,0,2,4,23,B01
201900007205,1,1,,0,2,1,2,A01
201900007205,1,1,,0,2,4,2,B01
201900007206,1,7,,0,1,1,1,A01
201900007207,2,7,,0,1,2,1,A01
201900007208,1,30,,0,0,3,1,A01
201900007209,2,7,,0,2,8,13,A01
201900007209,2,33,,0,2,7,1,B01
201900007210,1,7,,14,0,1,14,A01
201900007211,1,10,,0,2,3,12,A01
201900007211,1,2,,0,2,0,1,B01
201900007212,1,7,,0,2,1,1,A01
201900007213,1,7,,0,2,0,15,Z01
201900007213,1,1,,0,2,1,1,A01
201900007214,3,10,,0,2,3,0,B01
201900007214,3,10,,0,2,2,0,A01
201900007215,1,33,,0,2,1,1,B01
201900007215,2,7,,0,2,1,15,A01
201900007216,3,7,,0,2,7,15,A01
201900007216,3,34,,0,2,1,1,B01
201900007217,1,7,,1,0,1,1,A01
201900007217,1,7,,0,2,4,23,B01
201900007218,1,7,,13,0,3,1,A01
201900007219,1,7,,0,2,1,12,A01
201900007219,1,17,,0,0,6,1,B01
201900007220,3,7,,0,2,3,19,A01
201900007220,3,7,,0,2,1,1,B01
201900007221,1,10,,0,2,2,1,A01
201900007221,1,14,,0,2,6,1,B01
201900007222,1,7,,0,2,8,23,B01
201900007222,1,7,,0,2,2,1,A01
201900007223,1,7,,0,1,2,1,A01
201900007224,1,7,,14,0,1,1,A01
201900007225,2,7,,0,2,1,5,B01
201900007225,1,7,,0,2,1,1,A01
201900007226,2,99,,0,2,1,13,A01
201900007226,1,7,,0,2,3,1,B01
201900007227,1,7,,0,2,1,1,A01
201900007227,3,7,,0,0,5,1,B01
201900007228,2,7,,0,2,1,1,B01
201900007228,1,7,,0,2,3,13,A01
201900007229,2,7,,0,2,3,1,B01
201900007229,1,7,,0,2,3,13,A01
201900007230,1,33,,13,0,1,1,A01
201900007231,1,7,,0,2,1,1,B01
201900007231,2,7,,0,2,1,13,A01
201900007232,1,7,,0,2,1,1,A01
201900007232,1,7,,0,2,2,1,B01
201900007233,2,80,,0,0,0,1,A01
201900007234,1,7,,0,1,3,1,A01
201900007235,1,2,,0,2,1,13,A01
201900007235,2,7,,0,2,3,1,B01
201900007236,3,7,,0,2,8,19,A01
201900007236,2,7,,0,2,1,1,B01
201900007237,1,7,,0,2,1,1,A01
201900007237,2,7,,0,2,7,1,B01
201900007238,1,7,,0,2,1,2,A01
201900007238,1,7,,0,0,4,2,B01
201900007239,2,10,,0,2,1,1,B01
201900007239,1,7,,0,2,1,5,A01
201900007240,1,7,,0,2,1,13,A01
201900007240,2,7,,0,2,1,1,B01
201900007241,1,7,,0,2,2,1,B01
201900007241,2,7,,0,2,2,5,A01
201900007242,2,2,,0,0,2,1,A01
201900007243,2,7,,3,0,9,17,A01
201900007244,1,15,,3,0,2,1,A01
201900007245,3,7,,0,2,1,5,A01
201900007245,3,7,,0,2,1,26,B01
201900007246,2,33,,0,2,1,5,B01
201900007246,1,7,,0,2,3,10,A01
201900007247,1,17,,0,0,6,1,B01
201900007247,1,7,,0,2,2,17,A01
201900007248,2,10,,0,0,4,23,B01
201900007248,2,33,,13,2,1,1,A01
201900007249,3,0,,0,1,0,0,A01
201900007250,1,1,,0,0,4,0,A01
201900007250,1,7,,0,2,1,2,B01
201900007251,1,14,,0,2,3,21,B01
201900007251,2,7,,0,0,1,13,A01
201900007252,1,7,,0,2,1,1,B01
201900007252,2,7,,6,2,7,19,A01
201900007253,2,7,,0,1,1,1,A01
201900007253,2,7,,0,2,3,23,B01
201900007254,1,7,,0,2,8,16,B01
201900007254,1,7,,0,2,3,1,A01
201900007255,1,7,,0,2,1,13,A01
201900007255,2,7,,0,2,1,1,B01
201900007255,2,7,,0,2,2,1,C01
201900007256,1,7,,0,2,6,21,B01
201900007256,2,7,,0,2,3,5,A01
201900007256,1,17,,0,2,3,1,C01
201900007257,3,7,,0,2,3,9,A01
201900007257,2,32,,0,2,1,1,B01
201900007258,0,7,,0,1,1,1,A01
201900007259,1,7,,4,0,2,1,A01
201900007260,1,33,,0,0,9,1,A01
201900007261,0,10,,0,1,4,4,A01
201900007262,2,7,,0,1,8,15,A01
201900007263,2,7,,0,2,3,10,B01
201900007263,2,33,,0,2,3,17,A01
201900007264,3,7,,0,2,5,1,B01
201900007264,3,7,,0,2,1,1,A01
201900007265,0,7,,0,2,3,0,B01
201900007265,3,7,,0,2,3,0,A01
201900007266,2,7,,0,2,3,1,A01
201900007266,1,7,,0,2,1,17,B01
201900007267,1,17,,0,0,0,23,A01
201900007267,2,7,,0,9,6,1,B01
201900007268,2,7,,13,0,7,13,A01
201900007269,1,7,,0,2,2,17,A01
201900007269,1,1,,0,2,3,15,B01
201900007270,3,7,,13,0,9,1,A01
201900007271,2,7,,3,0,2,0,A01
201900007272,1,7,,0,2,3,21,A01
201900007272,1,7,,0,2,2,1,B01
201900007273,1,7,,4,0,2,1,A01
201900007274,2,13,,0,2,1,0,C01
201900007274,2,10,,0,2,1,0,B01
201900007274,2,10,,0,2,1,0,A01
201900007275,1,7,,0,2,4,2,A01
201900007275,1,7,,0,2,1,2,B01
201900007276,1,7,,0,2,1,13,A01
201900007277,2,10,,0,2,1,2,A01
201900007277,2,7,,0,2,4,2,B01
201900007278,2,17,,0,2,5,2,B01
201900007278,2,33,,0,2,1,2,A01
201900007279,1,7,,0,2,1,1,A01
201900007279,1,7,,0,2,7,1,B01
201900007280,2,7,,0,2,0,2,A01
201900007280,2,7,,0,2,5,2,B01
201900007281,2,32,,0,1,7,19,A01
201900007282,1,34,,0,1,1,1,A01
201900007283,1,7,,0,2,1,1,A01
201900007283,1,10,,0,2,4,1,B01
201900007284,2,7,,0,2,1,2,A01
201900007284,2,7,,0,2,9,2,B01
201900007284,2,7,,0,2,9,2,C01
201900007284,2,7,,0,2,4,2,D01
201900007285,3,7,,1,2,3,9,B01
201900007285,2,7,,0,2,1,21,A01
201900007286,0,7,,1,1,4,20,A01
201900007286,1,7,,0,2,8,24,B01
201900007287,2,7,,0,2,4,2,B01
201900007287,2,7,,0,2,1,2,A01
201900007288,2,7,,0,2,2,15,A01
201900007288,1,7,,0,2,1,1,B01
201900007289,2,7,,0,1,3,1,A01
201900007290,2,2,,0,2,1,1,B01
201900007290,1,7,,0,2,2,15,A01
201900007291,1,7,,0,2,3,9,A01
201900007291,2,7,,0,2,3,1,C01
201900007291,1,7,,0,2,7,1,B01
201900007292,1,7,,0,2,1,1,B01
201900007292,2,7,,0,2,3,9,A01
201900007293,0,10,,0,6,6,1,B01
201900007293,0,50,,0,2,1,16,A01
201900007294,1,10,,0,0,0,14,A01
201900007295,1,7,,12,0,1,1,A01
201900007296,3,7,,0,0,8,0,A01
201900007297,3,2,,0,0,0,26,A01
201900007298,3,7,,0,2,3,16,A01
201900007298,3,7,,0,2,3,1,B01
201900007299,1,33,,0,2,1,1,B01
201900007299,2,7,,0,2,7,15,A01
201900007300,1,7,,0,2,1,1,A01
201900007300,3,1,,0,2,2,19,B01
201900007301,1,30,,0,1,1,1,A01
201900007302,1,7,,0,2,1,23,B01
201900007302,1,7,,0,2,4,0,A01
201900007303,1,7,,0,2,1,15,A01
201900007303,0,7,,0,2,4,26,Z01
201900007304,1,7,,0,2,3,1,B01
201900007304,1,7,,0,2,2,2,A01
201900007305,3,7,,0,1,3,1,A01
201900007306,1,10,,0,2,1,15,A01
201900007306,1,10,,9,2,3,1,B01
201900007307,2,33,,1,0,8,1,A01
201900007308,1,7,,0,2,1,1,A01
201900007308,2,7,,0,2,7,15,B01
201900007309,1,7,,0,2,2,1,B01
201900007309,1,31,,0,2,8,11,A01
201900007310,1,33,,0,2,8,3,B01
201900007310,1,7,,0,2,7,12,A01
201900007311,2,7,,0,2,4,23,B01
201900007311,2,30,,0,2,1,2,A01
201900007312,1,43,,0,1,0,17,Z01
201900007313,1,1,,0,2,7,19,A01
201900007313,1,7,,0,2,1,1,B01
201900007314,3,7,,0,1,2,1,A01
201900007315,2,30,,0,2,8,1,A01
201900007315,2,7,,0,2,7,14,Z01
201900007316,1,7,,0,1,1,1,A01
201900007317,1,1,,0,2,1,2,C01
201900007317,1,1,,0,2,1,2,B01
201900007317,1,1,,0,2,4,2,A01
201900007318,2,7,,0,1,1,1,A01
201900007319,1,1,,0,2,7,19,A01
201900007319,1,7,,0,2,0,1,B01
201900007320,2,32,,11,0,0,14,A01
201900007321,1,7,,0,1,3,1,A01
201900007322,3,7,,0,2,0,0,D01
201900007322,3,7,,0,0,8,0,C01
201900007322,3,7,,0,2,1,15,B01
201900007322,3,7,,0,2,0,0,A01
201900007323,3,0,,0,1,0,0,A01
201900007324,0,3,,0,0,1,1,B01
201900007324,0,3,,0,0,3,15,A01
201900007325,1,7,,0,2,3,15,A01
201900007325,1,37,2.0,0,2,7,1,B01
201900007326,2,7,,0,2,1,16,A01
201900007326,2,2,,0,2,2,1,B01
201900007327,0,2,,0,2,1,1,B01
201900007327,0,7,,0,2,3,9,A01
201900007328,1,7,,0,2,3,0,B01
201900007328,1,10,,0,2,1,1,A01
201900007329,1,7,,0,2,0,0,B01
201900007329,0,30,,0,2,0,0,A01
201900007330,2,7,,0,2,4,20,A01
201900007330,2,7,,0,2,1,23,B01
201900007331,1,30,,0,0,0,0,A01
201900007332,1,7,,9,2,4,23,B01
201900007332,1,7,,0,2,1,2,A01
201900007333,1,34,,0,2,7,17,B01
201900007333,1,7,,0,2,3,13,A01
201900007334,1,7,,0,2,1,2,A01
201900007334,1,32,,0,2,4,23,B01
201900007335,3,33,,1,2,2,1,A01
201900007335,3,3,,0,2,7,20,B01
201900007336,2,14,,0,2,2,1,A01
201900007336,1,7,,0,2,3,15,B01
201900007337,1,31,,3,0,0,1,A01
201900007338,1,7,,0,1,1,1,A01
201900007339,0,2,,6,0,7,1,A01
201900007340,1,33,,0,2,3,1,B01
201900007340,2,7,,0,2,3,13,A01
201900007341,1,33,,0,0,0,1,A01
201900007342,2,7,,0,0,1,1,A01
201900007342,3,7,,0,0,3,16,B01
201900007343,2,7,,0,2,3,15,A01
201900007343,1,33,,0,2,3,1,B01
201900007344,2,7,,0,1,2,0,A01
201900007345,2,7,,0,2,8,15,A01
201900007345,1,33,,0,2,1,1,B01
201900007346,2,7,,0,2,1,17,B01
201900007346,1,7,,0,2,1,1,A01
201900007347,2,7,,3,0,1,2,A01
201900007348,2,7,,0,0,9,0,A01
201900007349,1,7,,0,2,1,1,C01
201900007349,1,7,,0,2,1,1,B01
201900007349,1,21,,0,0,4,1,A01
201900007350,2,7,,4,0,1,14,A01
201900007351,1,33,,0,2,1,17,B01
201900007351,1,7,,0,0,3,15,A01
201900007352,1,7,,0,1,1,16,A01
201900007353,1,7,,0,2,9,15,A01
201900007353,1,7,,0,2,3,1,B01
201900007353,2,13,,0,2,3,1,C01
201900007354,2,7,,1,0,1,16,A01
201900007355,2,7,,13,0,9,1,A01
201900007356,2,2,,0,2,1,1,A01
201900007356,2,13,,0,0,4,23,B01
201900007357,3,35,,13,0,2,0,A01
201900007358,2,2,,0,0,0,1,A01
201900007359,1,7,,0,2,3,15,A01
201900007359,2,33,,0,2,8,1,B01
201900007360,2,7,,0,2,8,1,B01
201900007360,1,7,,0,2,3,11,A01
201900007361,2,7,,0,0,9,0,A01
201900007362,2,7,,3,0,1,1,A01
201900007363,3,7,,0,2,8,15,B01
201900007363,2,31,,0,2,1,1,A01
201900007364,1,7,,13,0,2,1,A01
201900007365,1,7,,0,0,1,1,A01
201900007365,2,7,,0,0,1,1,B01
201900007366,1,7,,0,2,3,13,A01
201900007366,2,7,,0,2,3,1,B01
201900007366,2,7,,0,2,3,1,C01
201900007367,2,7,,0,9,2,1,A01
201900007367,1,1,,0,2,1,9,B01
201900007368,1,7,,0,2,3,1,B01
201900007368,2,7,,0,2,3,13,A01