Num_Acc,senc,catv,occutc,obs,obsm,choc,manv,num_veh
201900007369,2,7,,0,1,2,1,A01
201900007370,3,31,,0,2,1,1,B01
201900007370,3,7,,0,0,3,1,A01
201900007371,2,2,,0,0,6,1,A01
201900007372,2,7,,13,0,2,1,A01
201900007373,3,21,,13,0,2,1,A01
201900007374,1,33,,0,2,1,1,B01
201900007374,2,7,,0,2,5,15,A01
201900007375,1,33,,0,2,1,13,A01
201900007375,2,7,,0,2,2,1,B01
201900007376,1,33,,13,0,3,2,A01
201900007377,2,10,,11,2,1,1,B01
201900007377,1,7,,0,2,2,15,A01
201900007378,1,7,,1,0,1,13,A01
201900007378,2,7,,0,2,1,24,B01
201900007379,0,7,,0,1,7,0,A01
201900007380,2,7,,2,0,1,1,A01
201900007381,1,7,,3,0,0,26,A01
201900007382,2,7,,0,2,1,15,B01
201900007382,1,7,,0,2,1,21,A01
201900007383,3,1,,0,2,8,15,B01
201900007383,3,7,,0,9,1,1,A01
201900007384,2,7,,13,0,0,2,A01
201900007385,3,7,,2,0,1,1,A01
201900007386,2,34,,3,2,3,2,B01
201900007386,2,7,,3,2,7,1,A01
201900007387,2,7,,0,2,3,1,B01
201900007387,1,7,,0,2,3,13,A01
201900007388,2,31,,0,2,8,9,B01
201900007388,1,7,,0,2,1,26,A01
201900007389,2,7,,0,2,4,2,B01
201900007389,2,7,,0,2,1,2,A01
201900007390,0,14,,0,2,5,4,A01
201900007390,1,2,,0,2,1,1,B01
201900007391,3,10,,13,0,9,14,A01
201900007392,1,7,,0,2,3,1,B01
201900007392,2,7,,0,2,2,13,A01
201900007393,2,33,,15,0,8,0,A01
201900007394,1,7,,0,1,2,15,A01
201900007395,0,2,,0,0,1,1,A01
201900007396,1,10,,0,1,6,1,A01
201900007396,1,20,,0,1,8,1,B01
201900007397,3,34,,6,0,1,1,A01
201900007398,1,7,,0,2,1,2,B01
201900007398,2,7,,0,2,1,5,A01
201900007399,2,7,,2,0,3,1,A01
201900007400,1,7,,3,0,0,1,B01
201900007400,1,7,,3,2,1,1,A01
201900007401,1,7,,0,2,3,0,A01
201900007401,1,33,,0,2,2,0,B01
201900007402,1,7,,3,0,0,13,A01
201900007403,2,7,,0,2,1,17,A01
201900007403,1,7,,0,2,1,1,B01
201900007403,2,7,,0,2,1,1,C01
201900007404,3,7,,0,1,3,1,A01
201900007405,1,36,,15,0,1,14,A01
201900007406,1,7,,13,0,1,1,A01
201900007407,1,7,,0,2,4,1,A01
201900007407,1,7,,0,2,1,2,B01
201900007408,2,7,,0,2,7,14,A01
201900007408,2,33,,0,2,8,1,B01
201900007409,2,7,,0,2,5,12,B01
201900007409,2,33,,0,2,1,3,A01
201900007410,1,7,,0,2,4,1,C01
201900007410,1,7,,0,2,1,1,A01
201900007410,1,7,,0,2,4,1,B01
201900007411,2,33,,4,0,1,19,A01
201900007412,1,1,,0,2,5,19,B01
201900007412,0,7,,0,6,1,15,A01
201900007413,0,33,,0,0,0,2,A01
201900007414,2,7,,0,2,4,2,B01
201900007414,2,7,,0,2,1,2,A01
201900007415,2,33,,0,2,1,1,B01
201900007415,1,7,,0,2,7,15,A01
201900007416,0,2,,0,2,1,17,A01
201900007416,0,7,,0,2,3,15,B01
201900007417,2,1,,13,0,1,14,A01
201900007418,1,7,,0,2,9,1,A01
201900007418,1,7,,0,2,1,1,B01
201900007419,1,7,,0,2,2,26,A01
201900007419,2,7,,0,2,3,1,B01
201900007420,0,7,,0,2,2,1,B01
201900007420,1,7,,0,2,3,9,A01
201900007421,1,7,,0,-1,2,16,A01
201900007421,0,40,,0,2,7,1,B01
201900007422,1,7,,0,2,1,26,A01
201900007422,2,7,,0,2,1,1,C01
201900007422,2,7,,0,2,2,1,B01
201900007423,3,7,,0,2,1,1,B01
201900007423,3,7,,0,2,1,17,A01
201900007424,0,7,,0,2,7,1,A01
201900007424,0,7,,0,2,1,1,B01
201900007425,2,1,,0,0,3,11,B01
201900007425,2,7,,0,0,2,1,A01
201900007426,0,7,,0,2,1,9,B01
201900007426,2,17,,0,2,7,1,A01
201900007427,1,7,,0,2,7,15,B01
201900007427,2,7,,0,2,1,1,A01
201900007428,2,7,,8,2,6,1,B01
201900007428,0,7,,0,2,0,1,A01
201900007429,1,7,,0,2,2,16,B01
201900007429,1,33,,0,2,1,16,A01
201900007430,2,33,,0,1,1,1,A01
201900007431,1,10,,0,2,3,1,B01
201900007431,1,33,,0,2,3,1,C01
201900007431,1,7,,0,2,1,13,A01
201900007432,1,7,,0,2,4,2,B01
201900007432,1,7,,0,2,4,2,C01
201900007432,1,7,,0,2,1,2,A01
201900007433,2,7,,0,2,6,20,B01
201900007433,2,15,,0,2,2,2,A01
201900007434,1,7,,0,2,8,13,Z01
201900007434,1,32,,0,2,7,1,A01
201900007435,1,3,,0,2,4,13,A01
201900007435,1,33,,0,2,1,3,B01
201900007436,3,33,,0,0,1,1,A01
201900007437,1,7,,0,2,4,15,B01
201900007437,1,7,,0,2,1,26,A01
201900007438,2,30,,5,6,3,26,A01
201900007439,1,32,,14,1,3,19,A01
201900007440,2,32,,0,0,0,0,B01
201900007441,1,7,,0,2,5,2,B01
201900007441,1,7,,0,2,6,2,A01
201900007442,1,1,,1,0,2,0,A01
201900007443,1,7,,0,2,1,26,A01
201900007443,1,14,,0,2,4,23,B01
201900007444,3,7,,0,1,1,1,A01
201900007445,3,7,,0,2,1,15,A01
201900007445,3,33,,0,2,7,3,B01
201900007446,2,7,,0,1,2,26,A01
201900007447,1,7,,0,1,1,15,A01
201900007448,2,7,,0,1,3,26,A01
201900007449,1,7,,0,0,0,1,B01
201900007449,1,7,,0,1,2,14,A01
201900007450,2,33,,8,2,8,1,B01
201900007450,1,7,,8,2,1,15,A01
201900007451,2,7,,0,2,1,26,A01
201900007451,2,7,,0,0,4,23,B01
201900007452,1,2,,0,2,1,1,A01
201900007452,1,10,,0,2,6,23,B01
201900007453,2,7,,0,1,1,1,A01
201900007454,1,7,,0,2,2,1,B01
201900007454,1,7,,0,2,8,26,A01
201900007455,0,32,,0,1,0,13,A01
201900007456,1,7,,0,1,1,9,A01
201900007456,0,1,,0,0,0,0,B01
201900007457,2,50,,0,2,0,1,A01
201900007457,1,7,,0,2,1,5,B01
201900007458,0,7,,0,2,0,21,A01
201900007458,0,7,,0,1,0,0,B01
201900007459,2,3,,0,2,9,1,B01
201900007459,1,3,,0,2,5,1,A01
201900007460,2,7,,0,2,1,2,A01
201900007460,2,7,,8,2,4,23,B01
201900007460,2,10,,8,2,5,23,C01
201900007461,3,2,,0,2,0,0,B01
201900007461,1,7,,0,2,1,1,A01
201900007462,1,7,,0,2,4,24,C01
201900007462,1,7,,0,2,1,1,A01
201900007462,1,7,,0,2,4,23,B01
201900007463,1,7,,0,1,1,1,A01
201900007464,3,31,,4,0,2,26,A01
201900007465,1,3,,0,2,4,1,A01
201900007465,1,7,,0,2,1,2,B01
201900007466,3,7,,0,2,2,1,B01
201900007466,3,7,,0,2,2,5,A01
201900007467,1,33,,0,2,1,1,B01
201900007467,2,7,,0,2,1,15,A01
201900007468,2,7,,0,2,2,1,B01
201900007468,3,7,,0,2,1,15,A01
201900007469,3,30,,0,1,1,21,A01
201900007470,3,10,,14,2,3,15,B01
201900007470,2,33,,15,2,2,11,A01
201900007471,1,7,,0,2,5,16,B01
201900007471,1,7,,0,2,3,9,A01
201900007472,2,3,,1,0,2,1,A01
201900007473,2,34,,0,1,1,2,Z01
201900007474,2,15,,0,2,4,0,B01
201900007474,2,2,,0,2,1,0,A01
201900007475,1,7,,0,2,2,9,A01
201900007475,1,33,,0,2,1,1,B01
201900007476,2,30,,0,2,3,0,A01
201900007476,1,43,,14,2,1,1,B01
201900007477,3,7,,8,0,6,9,A01
201900007478,1,7,,0,2,1,5,A01
201900007478,2,37,1.0,0,2,3,1,B01
201900007479,1,7,,0,1,3,1,A01
201900007480,3,7,,0,2,0,15,A01
201900007480,3,33,,8,2,0,1,B01
201900007481,1,7,,0,2,8,17,B01
201900007481,1,33,,0,2,7,3,A01
201900007482,2,1,,0,1,1,7,A01
201900007483,2,7,,0,2,1,2,A01
201900007483,2,7,,0,2,4,23,B01
201900007484,2,7,,0,2,7,1,B01
201900007484,1,7,,0,2,2,15,A01
201900007485,1,7,,0,2,3,15,B01
201900007485,2,1,,0,2,1,25,A01
201900007486,1,10,,0,2,1,15,B01
201900007486,2,31,,0,2,1,1,A01
201900007487,2,1,,0,2,8,19,A01
201900007487,1,33,,0,2,1,17,B01
201900007488,3,10,,0,2,8,9,A01
201900007488,3,7,,0,2,1,1,B01
201900007489,0,7,,0,2,8,15,B01
201900007489,1,7,,0,2,1,2,A01
201900007490,1,7,,0,2,8,19,A01
201900007491,2,99,,0,1,0,26,Z01
201900007492,3,10,,0,2,4,1,C01
201900007492,3,10,,0,2,1,1,B01
201900007492,3,10,,0,2,1,1,A01
201900007493,1,7,,0,1,0,2,Z01
201900007494,1,1,,0,2,7,1,B01
201900007494,2,7,,0,2,1,19,A01
201900007495,2,7,,0,2,4,1,B01
201900007495,2,7,,0,2,1,2,A01
201900007496,1,7,,0,1,0,0,A01
201900007497,1,1,,0,1,1,1,A01
201900007498,1,10,,0,2,1,13,Z01
201900007498,1,7,,0,2,1,1,B01
201900007499,3,7,,0,2,1,1,A01
201900007499,3,33,,0,0,4,23,B01
201900007500,0,34,,0,9,3,11,A01
201900007500,3,7,,0,2,0,0,B01
201900007501,1,30,,1,0,1,1,B01
201900007501,1,7,,0,2,1,1,Z01
201900007502,1,7,,0,2,3,1,C01
201900007502,1,7,,0,2,4,1,B01
201900007502,1,17,,0,2,7,14,A01
201900007503,1,7,,0,2,1,15,A01
201900007503,2,7,,0,2,8,1,B01
201900007504,2,33,,0,2,1,1,B01
201900007504,3,10,,0,2,8,19,A01
201900007505,1,30,,0,2,1,1,A01
201900007505,1,7,,0,2,2,1,B01
201900007506,2,7,,0,1,4,4,A01
201900007507,2,7,,0,2,1,1,B01
201900007507,1,7,,0,2,1,13,A01
201900007508,3,1,,0,1,1,25,A01
201900007509,1,32,,0,2,0,16,B01
201900007509,1,7,,0,2,0,16,Z01
201900007510,1,7,,0,1,1,0,A01
201900007511,3,7,,0,1,3,16,A01
201900007512,1,34,,0,2,5,0,B01
201900007512,2,7,,0,2,3,1,A01
201900007513,1,50,,0,2,1,25,A01
201900007513,3,7,,0,2,2,26,B01
201900007514,2,7,,0,1,2,15,A01
201900007515,0,7,,0,0,8,23,B01
201900007515,3,10,,14,0,1,1,A01
201900007516,1,31,,0,2,7,1,B01
201900007516,3,7,,0,2,1,26,A01
201900007517,2,7,,0,2,5,15,A01
201900007517,1,33,,0,2,1,1,B01
201900007518,3,7,,0,1,1,15,A01
201900007519,2,7,,0,2,3,19,B01
201900007519,1,33,,0,2,1,1,A01
201900007520,3,7,,0,2,1,2,A01
201900007520,0,7,,0,2,4,2,B01
201900007521,1,10,,4,0,1,13,A01
201900007522,1,7,,0,1,4,20,A01
201900007523,1,7,,9,2,1,14,Z01
201900007524,2,7,,0,2,1,1,B01
201900007524,1,7,,0,2,1,13,A01
201900007525,2,7,,0,1,1,16,A01
201900007526,1,7,,0,2,5,23,C01
201900007526,1,7,,0,2,5,23,B01
201900007526,1,10,,0,2,1,16,A01
201900007527,2,7,,0,2,1,2,B01
201900007527,2,7,,0,2,4,1,A01
201900007528,3,7,,0,2,2,15,A01
201900007528,3,7,,0,2,1,1,B01
201900007529,1,7,,0,2,7,0,B01
201900007529,1,7,,0,2,1,2,A01
201900007530,2,7,,0,2,7,15,B01
201900007530,2,7,,0,2,1,1,A01
201900007531,0,7,,0,2,8,1,B01
201900007531,0,7,,0,2,1,9,A01
201900007531,3,7,,0,2,3,23,C01
201900007532,1,7,,0,2,8,9,A01
201900007532,1,7,,0,2,1,1,B01
201900007533,0,7,,0,2,1,1,B01
201900007533,1,7,,0,2,1,5,A01
201900007534,1,7,,0,2,4,1,B01
201900007534,1,7,,0,2,1,1,A01
201900007535,1,7,,2,0,2,26,A01
201900007536,1,7,,0,2,2,16,A01
201900007536,1,1,,0,2,3,19,B01
201900007537,1,7,,0,1,0,16,A01
201900007538,1,1,,0,2,8,9,A01
201900007538,1,7,,0,2,1,1,B01
201900007539,3,7,,12,1,7,26,A01
201900007540,2,7,,0,2,1,9,B01
201900007540,2,34,,0,2,7,1,A01
201900007541,3,7,,0,2,3,1,B01
201900007541,3,7,,0,2,4,13,A01
201900007542,2,7,,0,2,3,1,B01
201900007542,1,7,,0,2,3,13,A01
201900007543,1,7,,0,2,1,9,A01
201900007543,1,33,,0,0,0,0,B01
201900007544,1,7,,0,2,6,1,B01
201900007544,2,7,,0,2,3,1,A01
201900007545,1,7,,0,0,2,2,A01
201900007545,2,7,,0,2,1,2,B01
201900007546,1,7,,0,2,3,0,A01
201900007546,1,7,,0,2,2,0,B01
201900007547,3,7,,0,1,2,19,A01
201900007548,2,7,,0,2,1,2,A01
201900007548,2,7,,0,2,4,2,B01
201900007548,2,7,,0,2,1,2,Z01
201900007549,3,7,,14,2,5,23,B01
201900007549,3,7,,15,0,3,14,A01
201900007550,3,2,,0,2,1,9,B01
201900007550,0,7,,0,2,7,1,A01
201900007551,1,7,,0,1,3,1,A01
201900007551,1,7,,0,1,0,1,B01
201900007552,3,50,,0,2,6,1,A01
201900007553,1,32,,12,0,1,1,A01
201900007554,2,7,,0,1,1,1,A01
201900007555,1,7,,0,9,5,1,B01
201900007555,1,50,,0,2,1,2,A01
201900007556,2,32,,0,2,1,1,A01
201900007556,1,7,,0,2,3,9,B01
201900007557,2,7,,0,1,4,4,A01
201900007558,3,3,,0,2,3,1,B01
201900007558,3,32,,0,2,1,15,A01
201900007559,3,7,,3,0,1,0,A01
201900007560,1,1,,0,2,1,1,B01
201900007560,3,17,,0,9,7,16,A01
201900007561,1,36,,0,0,7,26,A01
201900007562,1,33,,0,2,1,13,A01
201900007562,1,7,,0,2,1,26,B01
201900007563,1,7,,0,2,3,9,B01
201900007563,1,32,,0,2,1,17,A01
201900007564,3,30,,0,2,5,1,A01
201900007564,3,7,,0,2,1,9,B01
201900007565,1,7,,0,2,1,15,A01
201900007565,1,7,,0,2,8,1,B01
201900007566,3,7,,8,2,1,26,A01
201900007566,3,7,,8,2,8,10,B01
201900007567,1,20,,4,0,3,13,A01
201900007568,3,7,,0,2,6,9,A01
201900007568,3,33,,0,2,1,1,B01
201900007569,1,34,,1,0,1,26,A01
201900007570,3,7,,0,1,2,26,A01
201900007571,3,10,,0,1,2,26,A01
201900007572,1,7,,0,1,1,1,A01
201900007573,2,31,,0,2,3,26,B01
201900007573,1,34,,0,2,2,0,Z01
201900007574,1,7,,0,0,0,0,A01
201900007574,1,99,,0,2,0,0,B01
201900007575,3,7,,0,2,2,1,A01
201900007575,1,7,,0,2,1,19,B01
201900007576,1,7,,0,1,1,1,A01
201900007577,1,7,,0,1,1,1,A01
201900007578,1,30,,0,2,1,1,B01
201900007578,1,10,,0,2,3,16,A01
201900007579,2,7,,0,2,2,2,A01
201900007579,2,7,,0,2,6,23,B01
201900007580,1,7,,6,0,1,1,A01
201900007581,1,7,,0,1,3,1,A01
201900007582,3,7,,0,2,7,15,A01
201900007582,3,7,,0,2,1,1,B01
201900007583,1,7,,0,2,4,1,B01
201900007583,1,2,,0,2,1,1,A01
201900007584,3,1,,0,2,1,9,A01
201900007584,3,7,,0,2,7,1,B01
201900007585,3,7,,15,0,1,1,A01
201900007586,0,7,,0,1,0,0,A01
201900007587,1,7,,0,1,1,26,Z01
201900007588,2,7,,0,2,4,2,B01
201900007588,2,7,,0,2,3,2,A01
201900007589,1,7,,0,0,0,1,A01
201900007590,2,7,,0,2,2,2,A01
201900007590,1,7,,0,2,7,15,B01
201900007591,3,7,,0,1,4,26,A01
201900007592,0,7,,0,2,1,15,B01
201900007592,0,31,,0,2,2,1,A01
201900007593,0,7,,0,1,1,15,A01
201900007594,1,7,,0,1,1,1,A01
201900007595,1,10,,0,1,1,17,A01
201900007596,1,14,,11,1,3,13,A01
201900007597,2,7,,0,1,1,1,A01
201900007598,1,7,,0,1,3,15,A01
201900007599,3,10,,0,1,1,9,A01
201900007600,1,10,,0,2,6,10,A01
201900007600,1,2,,0,2,1,2,B01
201900007601,0,1,,0,2,8,13,A01
201900007601,1,7,,0,2,7,1,B01
201900007602,0,7,,9,0,7,13,A01
201900007603,1,7,,0,2,3,9,A01
201900007603,1,2,,0,2,7,1,B01
201900007604,1,7,,0,2,1,1,A01
201900007604,2,7,,0,2,2,1,B01
201900007605,2,10,,0,2,4,26,A01
201900007605,2,7,,0,2,1,2,B01
201900007606,2,7,,0,2,0,1,A01
201900007607,1,7,,0,1,1,15,A01
201900007608,1,7,,6,0,1,13,A01
201900007609,1,80,,0,2,4,1,B01
201900007609,1,7,,0,2,1,9,A01
201900007610,1,7,,0,2,3,15,B01
201900007610,1,30,,0,2,1,17,A01
201900007611,2,7,,0,2,4,2,C01
201900007611,2,7,,0,2,4,2,B01
201900007611,2,7,,0,2,1,2,A01
201900007612,1,7,,0,2,3,1,B01
201900007612,1,7,,0,2,5,17,A01
201900007613,1,7,,0,1,1,1,A01
201900007614,1,7,,0,0,0,14,A01
201900007615,1,2,,0,2,1,17,A01
201900007615,2,7,,0,2,3,15,B01
201900007616,2,2,,0,0,4,23,B01
201900007616,2,7,,0,2,1,2,A01
201900007617,2,2,,0,2,1,7,B01
201900007617,2,7,,0,2,7,16,A01
201900007618,2,7,,0,1,1,1,A01
201900007619,3,30,,0,1,7,1,A01
201900007620,3,7,,0,2,3,1,B01
201900007620,3,7,,0,2,3,13,A01
201900007621,1,7,,0,1,1,15,A01
201900007622,0,7,,0,1,8,0,A01
201900007623,3,10,,0,2,1,1,B01
201900007623,3,7,,0,2,8,1,A01
201900007624,1,36,,0,0,1,0,A01
201900007625,2,7,,13,0,2,14,A01
201900007626,1,38,1.0,0,1,2,1,A01
201900007627,2,7,,0,2,1,1,B01
201900007627,1,7,,0,2,1,1,A01
201900007628,1,7,,0,2,1,1,A01
201900007628,1,7,,0,2,5,20,B01
201900007629,2,0,,0,1,0,2,A01
201900007630,0,10,,0,1,1,1,A01
201900007631,0,7,,0,2,2,1,A01
201900007631,0,7,,13,2,1,1,B01
201900007632,1,30,,0,0,1,0,A01
201900007633,1,1,,14,0,0,0,A01
201900007634,1,7,,0,2,1,0,A01
201900007634,1,1,,0,2,0,0,B01
201900007635,1,1,,0,2,1,0,B01
201900007635,1,7,,0,2,1,0,A01
201900007636,1,7,,0,2,0,0,A01
201900007636,1,1,,0,2,7,0,B01
201900007637,1,7,,0,1,1,0,A01
201900007638,1,2,,0,2,8,0,B01
201900007638,1,7,,0,2,0,0,A01
201900007639,3,7,,0,2,4,26,C01
201900007639,1,7,,0,2,1,0,A01
201900007639,1,7,,0,2,9,0,B01
201900007640,1,7,,0,1,3,0,A01
201900007641,1,33,,0,2,9,0,B01
201900007641,1,7,,0,2,6,0,A01
201900007642,1,2,,2,0,1,21,A01
201900007643,1,7,,0,1,8,1,A01
201900007644,1,7,,0,2,1,1,B01
201900007644,2,7,,0,2,1,15,A01
201900007645,2,1,,0,2,1,17,B01
201900007645,2,7,,0,9,3,15,A01
201900007646,3,7,,2,0,1,21,A01
201900007647,3,2,,0,2,0,2,B01
201900007647,3,7,,0,2,3,26,A01
201900007648,1,2,,6,0,2,14,A01
201900007649,1,33,,8,0,0,1,A01
201900007650,2,7,,0,2,3,1,A01
201900007650,1,10,,0,2,3,6,B01
201900007651,2,17,,0,0,8,9,A01
201900007651,2,7,,0,9,4,1,C01
201900007651,2,7,,0,2,1,2,D01
201900007652,1,7,,0,2,1,19,A01
201900007652,1,33,,0,2,1,1,B01
201900007653,0,7,,14,0,2,0,A01
201900007654,3,7,,0,0,7,1,A01
201900007655,2,7,,0,2,3,1,B01
201900007655,1,7,,0,2,3,1,A01
201900007656,1,7,,0,1,7,1,A01
201900007657,2,7,,0,2,1,13,A01
201900007657,1,7,,0,2,1,1,B01
201900007658,2,7,,0,1,7,1,A01
201900007659,1,7,,0,2,6,19,A01
201900007659,1,33,,0,2,1,1,B01
201900007660,1,7,,0,2,1,13,A01
201900007660,2,7,,2,2,8,1,B01
201900007661,1,7,,0,2,7,19,A01
201900007661,1,7,,0,2,1,1,B01
201900007662,3,50,,15,0,0,1,A01
201900007663,1,7,,0,2,2,2,A01
201900007663,1,1,,0,2,4,2,B01
201900007664,3,7,,2,0,8,26,A01
201900007665,2,7,,6,0,2,15,A01
201900007666,1,7,,13,2,2,1,A01
201900007666,2,33,,0,2,1,1,B01
201900007667,1,17,,0,2,7,2,A01
201900007667,1,15,,0,2,9,2,B01
201900007667,1,21,,0,0,8,2,C01
201900007668,2,7,,6,0,1,1,A01
201900007669,0,7,,0,2,2,1,A01
201900007669,0,7,,0,2,3,15,B01
201900007670,1,33,,8,0,7,1,A01
201900007671,1,31,,0,0,9,21,A01
201900007672,3,7,,0,0,9,26,A01
201900007673,2,33,,0,2,3,1,C01
201900007673,1,10,,0,2,6,15,A01
201900007674,2,15,,0,2,3,1,B01
201900007674,1,10,,0,2,3,13,A01
201900007675,3,2,,0,2,0,2,B01
201900007675,3,7,,0,0,7,1,A01
201900007676,2,7,,0,1,2,2,A01
201900007677,2,31,,3,0,1,2,A01
201900007678,1,34,,0,2,1,21,A01
201900007678,3,30,,0,0,4,15,B01
201900007679,1,7,,0,2,2,15,A01
201900007679,2,2,,0,2,3,1,B01
201900007680,1,7,,0,2,1,13,A01
201900007680,2,7,,0,2,1,1,B01
201900007681,2,7,,0,0,6,24,B01
201900007681,1,13,,1,0,2,14,A01
201900007682,2,31,,0,6,1,21,A01
201900007683,1,7,,0,9,3,16,A01
201900007683,2,2,,0,2,1,2,B01
201900007684,1,1,,0,2,8,2,A01
201900007684,1,7,,0,2,2,17,B01
201900007685,1,34,,0,2,1,17,B01
201900007685,1,7,,0,2,3,15,A01
201900007686,1,33,,0,2,1,1,B01
201900007686,1,7,,0,2,6,9,A01
201900007687,2,7,,0,2,3,10,A01
201900007687,1,31,,0,2,7,17,B01
201900007688,2,7,,13,0,1,0,A01
201900007689,1,33,,0,2,1,3,C01
201900007689,1,7,,0,2,6,1,B01
201900007689,1,7,,0,2,3,13,A01
201900007690,1,10,,0,2,3,2,C01
201900007690,1,7,,0,2,0,0,B01
201900007690,1,7,,0,2,4,2,A01
201900007691,2,7,,0,2,5,2,B01
201900007691,2,34,,0,2,1,2,A01
201900007692,2,7,,0,2,6,0,B01
201900007692,2,7,,0,2,3,12,A01
201900007693,2,10,,0,2,3,11,A01
201900007693,2,33,,0,2,7,3,B01
201900007694,1,14,,0,2,1,1,A01
201900007694,1,7,,0,2,4,12,B01
201900007695,2,7,,0,2,8,1,B01
201900007695,2,7,,0,2,7,12,A01
201900007696,1,7,,0,2,2,12,A01
201900007696,1,7,,0,2,6,2,B01
201900007697,3,31,,0,2,9,26,A01
201900007698,1,7,,0,6,1,21,A01
201900007699,1,33,,0,2,1,2,A01
201900007699,1,7,,0,2,4,2,B01
201900007700,1,14,,0,2,1,2,A01
201900007700,1,15,,0,2,4,2,B01
201900007701,1,7,,0,2,2,12,B01
201900007701,1,7,,0,2,4,2,C01
201900007701,1,33,,0,2,6,3,A01
201900007702,2,33,,0,2,3,2,B01
201900007702,2,7,,0,2,2,12,A01
201900007703,2,33,,0,2,2,3,B01
201900007703,2,7,,0,2,8,11,A01
201900007704,1,10,,0,2,1,1,A01
201900007704,1,7,,0,2,4,2,B01
201900007705,2,7,,0,2,4,2,B01
201900007705,2,10,,0,2,1,2,A01
201900007706,2,7,,0,2,4,2,B01
201900007706,2,7,,0,2,1,2,A01
201900007707,2,10,,0,2,4,2,B01
201900007707,2,33,,0,2,1,2,A01
201900007708,1,7,,0,2,6,2,C01
201900007708,1,7,,3,0,4,2,B01
201900007708,1,7,,3,2,1,2,A01
201900007709,1,7,,0,2,4,1,B01
201900007709,1,7,,0,2,1,2,A01
201900007710,2,50,,0,2,8,1,B01
201900007711,1,40,,0,1,3,1,A01
201900007712,1,7,,0,2,1,26,A01
201900007712,1,7,,0,2,4,23,B01
201900007712,1,10,,0,2,4,23,C01
201900007713,1,1,,0,2,1,1,B01
201900007713,1,7,,0,2,1,1,Z01
201900007714,1,7,,0,2,0,1,B01
201900007714,0,7,,0,2,0,0,Z01
201900007715,2,3,,0,1,0,0,Z01
201900007716,3,7,,0,1,7,1,A01
201900007717,1,10,,0,1,1,1,A01
201900007718,1,7,,0,2,4,23,C01
201900007718,1,7,,0,2,4,23,B01
201900007718,1,7,,0,2,1,1,A01
201900007719,1,7,,0,2,4,26,B01
201900007719,1,30,,0,2,1,1,A01
201900007720,3,7,,0,2,1,2,A01
201900007720,3,7,,12,0,4,2,B01
201900007721,0,2,,0,2,4,1,B01
201900007721,0,7,,0,2,3,15,A01
201900007722,1,1,,1,0,0,0,B01
201900007722,1,7,,0,0,3,26,A01
201900007723,3,1,,0,2,7,19,Y01
201900007723,3,10,,0,1,1,16,A01
201900007724,3,10,,4,0,3,13,A01
201900007725,3,7,,15,0,2,14,A01
201900007726,3,7,,0,1,3,16,A01
201900007727,1,7,,0,0,9,14,A01
201900007728,3,7,,0,2,3,1,A01
201900007728,3,30,,0,2,7,1,B01
201900007729,0,10,,0,2,6,1,B01
201900007729,0,2,,0,2,1,1,A01
201900007730,2,39,,0,2,1,1,B01
201900007730,1,7,,0,-1,8,23,A01
201900007731,0,7,,0,1,1,7,A01
201900007732,0,1,,0,2,7,1,A01
201900007732,0,7,,0,2,0,16,Z01
201900007733,0,7,,1,0,3,13,A01
201900007734,0,7,,0,2,1,2,A01
201900007734,0,31,,0,2,4,2,B01
201900007734,0,33,,0,2,4,2,C01
201900007735,0,30,,0,1,1,17,Z01
201900007736,2,7,,0,2,3,1,B01
201900007736,1,7,,0,2,3,13,A01
201900007737,1,7,,0,2,4,26,A01
201900007737,1,7,,0,2,4,15,B01
201900007738,1,30,,14,0,1,1,A01
201900007739,2,7,,0,1,3,15,A01
201900007740,1,50,,0,2,6,23,B01
201900007740,1,7,,16,1,6,9,A01
201900007741,2,31,,0,2,1,1,B01
201900007741,1,7,,0,2,7,15,A01
201900007742,1,7,,0,1,1,1,A01
201900007743,1,7,,9,0,1,1,A01
201900007744,1,7,,0,2,1,16,A01
201900007744,1,1,,0,2,2,1,B01
201900007745,2,7,,0,1,1,1,A01
201900007746,1,7,,0,1,2,1,A01
201900007747,3,1,,0,2,6,0,B01
201900007747,1,10,,0,2,2,1,Z01
201900007748,1,7,,0,1,1,1,A01
201900007749,1,30,,3,0,0,14,A01
201900007750,2,31,,0,2,1,0,A01
201900007750,1,7,,0,2,1,1,C01
201900007750,1,7,,0,0,0,15,Z01
201900007751,1,1,,0,2,0,1,B01
201900007751,1,7,,0,1,1,1,A01
201900007752,1,10,,0,1,1,1,A01
201900007753,3,7,,0,6,3,9,A01
201900007753,3,1,,0,2,7,1,B01
201900007754,1,7,,2,2,1,17,A01
201900007754,1,7,,0,2,4,1,B01
201900007755,3,7,,0,2,3,16,B01
201900007755,2,7,,0,2,2,1,A01
201900007756,0,33,,12,0,7,1,A01
201900007757,1,7,,0,2,4,0,E01
201900007757,1,7,,0,2,9,0,D01
201900007757,1,7,,0,2,9,0,C01
201900007757,1,7,,0,2,9,0,B01
201900007757,1,37,1.0,0,2,1,0,A01
201900007758,0,1,,0,2,1,2,B01
201900007758,0,10,,0,2,4,16,A01
201900007759,1,7,,0,1,1,1,A01
201900007760,1,33,,0,2,8,1,B01
201900007760,1,10,,0,2,3,1,A01
201900007761,2,10,,0,2,7,15,A01
201900007761,1,7,,0,2,1,1,B01
201900007762,0,7,,0,2,1,1,A01
201900007762,3,7,,0,2,8,9,B01
201900007763,3,7,,0,2,1,15,B01