Num_Acc,senc,catv,occutc,obs,obsm,choc,manv,num_veh
201900007763,3,30,,0,2,1,1,A01
201900007764,1,7,,0,2,7,15,A01
201900007764,2,37,1.0,0,2,3,1,B01
201900007765,1,7,,0,2,0,0,Z01
201900007765,2,30,,0,2,0,0,A01
201900007766,0,7,,0,2,1,1,B01
201900007766,0,7,,0,2,1,1,Z01
201900007766,0,7,,0,2,1,1,A01
201900007767,2,10,,0,2,0,0,A01
201900007767,1,2,,0,2,0,1,B01
201900007768,0,7,,0,2,2,9,A01
201900007768,3,7,,0,2,8,1,B01
201900007769,2,7,,6,0,1,1,A01
201900007770,3,10,,0,2,3,1,B01
201900007770,3,2,,0,2,1,13,A01
201900007771,1,30,,2,0,1,25,A01
201900007772,0,7,,6,2,1,26,A01
201900007772,0,7,,0,2,5,1,B01
201900007773,0,7,,0,2,1,15,B01
201900007773,2,33,,0,2,1,1,A01
201900007774,2,7,,0,1,1,1,A01
201900007775,1,7,,0,2,1,2,A01
201900007775,2,10,,0,5,4,2,B01
201900007776,3,7,,2,0,1,1,A01
201900007777,3,1,,0,2,7,5,B01
201900007777,3,7,,0,2,1,1,A01
201900007778,3,7,,12,0,2,14,A01
201900007779,3,33,,13,0,0,1,A01
201900007780,2,7,,0,2,1,13,A01
201900007780,1,7,,0,2,1,1,B01
201900007781,3,7,,0,2,1,1,A01
201900007781,3,7,,0,2,3,5,B01
201900007782,3,7,,0,2,4,1,B01
201900007782,3,7,,0,2,1,1,A01
201900007783,2,7,,6,0,1,2,A01
201900007784,2,7,,0,2,4,2,B01
201900007784,2,7,,0,2,1,2,A01
201900007785,2,7,,0,2,5,1,B01
201900007785,2,7,,0,2,5,1,C01
201900007785,2,43,,0,2,3,21,A01
201900007786,2,7,,0,2,5,12,B01
201900007786,2,33,,0,2,1,3,A01
201900007787,1,33,,0,2,7,12,A01
201900007787,1,33,,0,2,8,1,B01
201900007787,1,7,,0,2,5,1,C01
201900007788,2,7,,0,2,4,2,B01
201900007788,2,32,,0,2,1,2,A01
201900007789,1,7,,0,2,6,1,A01
201900007789,1,7,,0,2,3,1,B01
201900007790,2,7,,0,2,6,1,B01
201900007790,2,30,,0,2,1,1,A01
201900007791,1,7,,0,1,2,15,A01
201900007792,2,80,,0,1,1,1,Z01
201900007793,1,7,,0,1,3,1,A01
201900007794,1,50,,0,2,1,15,B01
201900007794,1,7,,0,2,2,17,A01
201900007795,1,7,,0,2,2,1,A01
201900007795,1,7,,0,2,3,16,B01
201900007796,2,1,,0,2,1,1,A01
201900007796,2,10,,0,2,2,16,B01
201900007797,2,1,,0,1,1,1,A01
201900007798,1,1,,0,1,0,1,Z01
201900007799,2,7,,0,1,3,1,Z01
201900007800,1,30,,0,2,3,18,A01
201900007800,1,7,,0,2,7,16,B01
201900007801,0,7,,0,2,1,1,A01
201900007801,0,2,,0,2,4,26,B01
201900007802,1,33,,0,2,8,1,B01
201900007802,1,7,,14,2,2,17,A01
201900007803,2,7,,0,2,4,2,B01
201900007803,2,7,,0,2,1,1,A01
201900007804,3,7,,0,2,1,12,A01
201900007804,3,43,,0,2,4,23,B01
201900007804,3,7,,0,2,4,23,C01
201900007805,3,34,,0,2,6,18,B01
201900007805,3,7,,0,2,1,10,A01
201900007806,2,7,,0,2,1,15,A01
201900007806,2,2,,0,2,7,1,B01
201900007807,0,7,,0,0,8,11,A01
201900007807,0,34,,0,2,2,1,B01
201900007808,3,7,,0,6,1,0,B01
201900007808,3,1,,0,2,1,26,A01
201900007809,1,7,,0,2,3,15,A01
201900007809,1,33,,0,2,1,1,B01
201900007810,0,30,,0,2,1,9,A01
201900007810,1,34,,0,2,1,17,B01
201900007811,2,10,,0,6,2,22,A01
201900007811,2,1,,0,2,0,0,B01
201900007812,1,33,,12,0,1,26,A01
201900007813,3,10,,0,2,7,2,B01
201900007813,3,10,,0,2,3,26,A01
201900007814,1,30,,0,2,8,1,B01
201900007814,2,3,,0,2,7,15,A01
201900007815,1,3,,0,1,7,1,A01
201900007816,2,2,,0,2,1,1,B01
201900007816,1,7,,0,2,3,17,A01
201900007817,1,10,,0,2,2,15,A01
201900007817,1,33,,0,2,1,1,B01
201900007818,1,7,,0,2,1,1,B01
201900007818,2,7,,0,2,1,13,A01
201900007819,2,13,,0,2,1,11,A01
201900007819,2,13,,0,0,6,1,B01
201900007819,2,7,,0,2,4,0,C01
201900007820,3,14,,2,0,3,13,A01
201900007821,2,7,,13,0,1,21,A01
201900007822,1,7,,0,2,3,11,A01
201900007822,1,7,,0,2,5,1,B01
201900007823,3,7,,0,2,8,21,B01
201900007823,3,3,,0,2,2,12,A01
201900007824,3,7,,9,0,1,16,A01
201900007825,1,7,,0,0,4,2,B01
201900007825,1,33,,0,2,1,2,A01
201900007826,2,3,,0,1,2,1,A01
201900007827,2,7,,0,1,3,1,A01
201900007828,2,7,,0,2,2,17,A01
201900007828,2,99,,0,2,3,1,B01
201900007829,1,3,,2,0,1,21,A01
201900007830,2,30,,0,2,1,2,A01
201900007830,2,7,,0,2,4,2,B01
201900007831,2,7,,1,0,1,1,A01
201900007832,1,7,,0,2,4,23,B01
201900007832,1,10,,0,1,1,23,C01
201900007832,1,14,,0,2,1,2,A01
201900007833,2,7,,0,1,2,1,A01
201900007834,1,20,,0,1,2,15,A01
201900007835,1,30,,0,2,3,1,D01
201900007835,1,7,,0,0,0,0,A01
201900007836,3,33,,1,2,1,0,A01
201900007836,3,33,,1,0,4,26,B01
201900007837,2,7,,1,2,3,1,A01
201900007837,1,2,,8,2,0,0,B01
201900007838,2,3,,0,1,1,15,A01
201900007839,3,2,,0,2,8,1,B01
201900007839,3,7,,0,2,1,15,A01
201900007840,1,32,,0,0,3,16,A01
201900007841,3,40,,0,2,4,24,C01
201900007841,3,7,,0,4,8,26,B01
201900007841,3,40,,14,0,1,26,A01
201900007842,1,10,,0,2,2,1,A01
201900007842,2,10,,0,2,7,15,B01
201900007843,1,10,,0,2,7,1,A01
201900007843,1,33,,0,2,1,1,B01
201900007844,2,7,,0,2,8,9,A01
201900007844,2,80,,0,2,8,1,B01
201900007845,1,7,,0,1,4,4,A01
201900007846,3,7,,0,1,1,1,A01
201900007847,1,10,,0,2,1,1,B01
201900007847,2,7,,0,2,1,5,A01
201900007848,2,7,,4,0,1,2,A01
201900007849,0,7,,6,0,9,0,A01
201900007850,2,7,,0,2,7,13,A01
201900007850,1,7,,0,2,1,1,B01
201900007851,1,7,,0,2,1,1,B01
201900007851,1,10,,0,2,1,17,A01
201900007852,2,7,,0,2,1,1,B01
201900007852,1,7,,0,2,1,1,A01
201900007853,3,36,,9,0,1,1,A01
201900007854,3,2,,0,0,1,1,A01
201900007855,3,7,,16,0,3,1,A01
201900007856,1,7,,0,1,2,1,A01
201900007857,1,30,,0,2,1,1,B01
201900007857,1,7,,0,2,6,15,A01
201900007858,0,7,,13,0,1,1,A01
201900007859,2,7,,13,0,1,1,A01
201900007860,1,7,,4,2,5,1,B01
201900007860,1,10,,4,2,3,1,A01
201900007861,1,7,,0,2,1,0,A01
201900007861,1,7,,0,0,4,2,B01
201900007862,1,7,,6,0,8,1,A01
201900007863,2,7,,0,0,3,1,A01
201900007864,2,7,,3,0,2,26,A01
201900007864,2,17,,0,2,2,21,B01
201900007865,2,15,,0,2,4,2,B01
201900007865,2,7,,0,2,1,2,A01
201900007866,1,7,,0,2,1,1,A01
201900007866,1,2,,0,2,4,2,B01
201900007867,1,7,,0,2,4,15,A01
201900007867,1,7,,0,2,1,1,B01
201900007868,2,7,,0,2,3,1,B01
201900007868,1,7,,0,2,3,1,A01
201900007869,1,7,,2,0,9,14,A01
201900007870,1,38,4.0,0,2,7,1,A01
201900007870,3,21,,0,2,3,16,B01
201900007871,3,7,,0,1,4,26,A01
201900007872,3,7,,0,1,1,1,A01
201900007873,1,7,,2,0,1,1,A01
201900007874,0,2,,0,2,1,1,B01
201900007874,3,7,,0,0,2,11,A01
201900007875,2,7,,2,0,1,1,A01
201900007876,2,10,,0,2,1,2,A01
201900007876,2,7,,0,0,4,2,C01
201900007876,2,7,,0,2,4,2,B01
201900007877,2,10,,0,2,2,13,A01
201900007877,1,33,,0,2,1,1,B01
201900007878,2,7,,8,0,9,0,A01
201900007879,2,13,,0,2,2,19,A01
201900007879,1,7,,0,0,8,1,B01
201900007880,3,7,,0,0,9,1,A01
201900007881,2,7,,0,2,3,13,A01
201900007881,1,7,,0,2,3,0,B01
201900007882,1,7,,14,0,1,2,A01
201900007883,1,7,,0,2,1,1,B01
201900007883,2,10,,0,2,2,15,A01
201900007884,1,7,,0,9,1,0,C01
201900007884,1,7,,0,2,1,0,B01
201900007884,1,10,,3,0,1,0,A01
201900007885,2,7,,16,2,2,2,B01
201900007885,2,7,,15,0,1,2,A01
201900007886,1,7,,0,0,0,0,A01
201900007887,1,7,,0,2,1,1,A01
201900007887,1,7,,0,0,4,1,B01
201900007888,1,7,,0,2,3,1,B01
201900007888,2,7,,0,2,3,1,A01
201900007889,1,37,1.0,0,1,1,1,A01
201900007890,1,7,,0,2,1,1,B01
201900007890,2,7,,0,9,1,1,C01
201900007890,2,3,,0,2,2,15,A01
201900007891,2,2,,7,0,3,1,A01
201900007892,2,7,,0,1,2,1,A01
201900007893,1,7,,13,0,3,1,A01
201900007894,1,7,,0,0,1,14,A01
201900007895,1,7,,0,1,3,1,A01
201900007896,2,7,,0,2,1,1,B01
201900007896,1,7,,0,2,1,13,A01
201900007897,2,7,,0,2,3,15,A01
201900007897,1,33,,0,2,2,1,B01
201900007898,0,7,,2,0,1,1,A01
201900007899,2,33,,2,0,1,1,A01
201900007900,1,7,,0,1,1,15,A01
201900007901,2,7,,11,0,1,1,A01
201900007902,1,7,,8,0,7,1,A01
201900007903,1,7,,0,1,2,11,A01
201900007904,1,7,,0,1,2,1,A01
201900007905,1,7,,0,2,1,1,A01
201900007905,2,7,,0,2,3,1,B01
201900007906,0,7,,8,0,8,1,A01
201900007907,1,7,,2,0,0,1,A01
201900007908,1,7,,0,1,7,1,A01
201900007909,1,7,,2,0,3,1,A01
201900007910,2,33,,13,0,0,1,A01
201900007911,2,7,,0,5,1,1,A01
201900007912,2,7,,0,0,8,23,B01
201900007912,1,7,,0,2,1,17,C01
201900007912,1,7,,0,2,3,17,A01
201900007913,3,7,,13,0,1,26,A01
201900007914,1,7,,2,0,9,1,A01
201900007915,3,2,,0,2,8,15,B01
201900007915,3,2,,0,2,1,2,A01
201900007916,0,7,,0,2,1,13,A01
201900007916,0,7,,0,2,1,1,B01
201900007917,3,7,,0,1,1,1,A01
201900007918,1,7,,0,2,3,1,B01
201900007918,2,7,,0,2,3,1,A01
201900007919,1,7,,13,0,9,2,A01
201900007920,1,2,,0,2,1,17,A01
201900007920,1,7,,0,0,6,2,B01
201900007921,2,2,,0,2,1,1,B01
201900007921,1,7,,0,2,3,15,A01
201900007922,1,7,,0,0,9,13,A01
201900007923,2,7,,8,0,1,1,A01
201900007924,1,7,,15,0,9,1,A01
201900007925,1,10,,0,0,7,2,A01
201900007926,1,7,,0,2,2,15,A01
201900007926,2,2,,0,2,1,0,B01
201900007927,2,7,,0,2,1,1,B01
201900007927,1,7,,0,2,7,13,A01
201900007928,1,7,,13,0,1,1,A01
201900007929,1,10,,0,2,3,17,A01
201900007929,2,2,,0,2,1,1,B01
201900007929,1,7,,0,2,8,1,C01
201900007930,1,33,,13,0,1,1,A01
201900007931,1,7,,0,2,1,1,A01
201900007931,1,7,,0,0,4,1,B01
201900007932,2,7,,0,1,0,1,A01
201900007933,1,10,,0,2,1,1,B01
201900007933,2,7,,0,2,2,13,A01
201900007934,2,7,,0,1,3,1,A01
201900007935,1,7,,0,2,1,13,A01
201900007935,2,7,,0,0,3,21,B01
201900007936,1,7,,0,2,8,10,A01
201900007936,1,7,,0,2,2,1,B01
201900007937,1,7,,0,0,0,1,A01
201900007938,1,7,,7,2,3,1,B01
201900007938,2,7,,0,2,3,15,A01
201900007939,1,7,,13,0,3,13,A01
201900007940,1,10,,0,1,2,1,A01
201900007941,2,33,,5,0,9,1,A01
201900007942,1,7,,0,2,3,15,A01
201900007942,2,2,,0,2,3,1,B01
201900007943,2,7,,2,0,7,1,A01
201900007944,2,7,,0,1,1,1,B01
201900007944,2,7,,0,0,5,1,A01
201900007945,1,7,,0,1,3,1,A01
201900007946,2,15,,3,0,5,26,A01
201900007947,0,21,,13,0,9,1,A01
201900007948,2,1,,0,2,7,1,B01
201900007948,1,7,,0,2,1,9,A01
201900007949,1,7,,0,2,1,1,D01
201900007949,1,7,,0,2,8,1,C01
201900007949,2,7,,0,2,6,1,B01
201900007949,2,7,,0,2,2,17,A01
201900007950,1,7,,2,0,8,14,A01
201900007951,2,7,,0,2,3,1,A01
201900007951,1,3,,0,2,3,5,B01
201900007952,3,31,,14,0,1,1,A01
201900007953,1,1,,0,2,8,1,B01
201900007953,1,7,,0,0,7,17,A01
201900007954,2,17,,0,2,1,2,C01
201900007954,2,17,,0,2,1,1,B01
201900007954,0,7,,0,0,6,19,A01
201900007955,3,2,,0,1,1,17,A01
201900007956,2,7,,13,0,1,1,A01
201900007957,1,7,,2,0,1,21,A01
201900007958,1,7,,0,1,2,1,A01
201900007959,1,2,,0,0,8,1,A01
201900007960,1,7,,3,0,8,1,A01
201900007961,1,7,,0,2,2,21,A01
201900007961,1,7,,13,0,8,15,B01
201900007962,3,7,,2,0,2,1,A01
201900007963,2,7,,0,2,1,2,A01
201900007963,2,7,,0,2,4,2,B01
201900007963,2,7,,0,0,4,13,C01
201900007964,2,1,,0,0,4,1,B01
201900007964,2,1,,0,2,1,1,A01
201900007965,0,7,,0,2,2,1,A01
201900007965,0,2,,0,2,8,0,B01
201900007966,0,7,,0,2,1,26,A01
201900007966,0,7,,0,2,1,1,B01
201900007967,3,1,,0,2,2,1,A01
201900007967,3,7,,0,9,2,15,B01
201900007968,2,13,,0,2,1,0,B01
201900007968,1,33,,0,2,8,0,A01
201900007969,1,7,,6,0,1,14,A01
201900007970,1,7,,0,2,1,1,B01
201900007970,2,7,,0,2,7,13,A01
201900007971,0,7,,0,1,3,1,A01
201900007972,2,36,,0,2,7,19,A01
201900007972,2,7,,0,2,1,1,B01
201900007973,1,10,,0,2,3,1,B01
201900007973,2,7,,0,2,3,5,A01
201900007974,2,7,,2,0,1,1,A01
201900007975,1,10,,2,0,1,1,A01
201900007976,3,10,,0,1,4,20,A01
201900007977,1,7,,0,2,1,26,B01
201900007977,2,7,,0,2,5,26,A01
201900007978,2,7,,13,0,9,0,A01
201900007979,1,7,,0,0,9,0,A01
201900007980,2,7,,0,2,1,13,A01
201900007980,1,7,,0,2,1,1,B01
201900007981,1,7,,13,2,2,21,A01
201900007981,2,1,,0,2,1,1,B01
201900007982,2,7,,2,0,7,1,A01
201900007983,3,34,,0,2,1,5,A01
201900007983,3,7,,0,2,2,1,B01
201900007984,2,7,,0,2,0,9,B01
201900007984,2,1,,0,2,0,0,A01
201900007985,2,1,,0,2,5,18,B01
201900007985,2,7,,0,2,5,11,A01
201900007986,2,31,,11,0,1,17,A01
201900007987,2,33,,17,0,1,17,A01
201900007988,2,7,,0,2,3,1,A01
201900007988,1,7,,0,2,1,1,B01
201900007989,2,7,,2,0,8,0,A01
201900007990,1,21,,0,2,4,1,B01
201900007990,1,7,,0,2,1,1,A01
201900007991,1,7,,8,0,9,6,A01
201900007992,0,2,,13,0,1,0,A01
201900007993,2,10,,0,0,3,1,A01
201900007994,3,33,,16,0,9,1,A01
201900007995,1,7,,0,2,1,1,B01
201900007995,3,7,,0,2,1,1,A01
201900007996,3,33,,0,0,8,1,A01
201900007997,1,7,,0,1,3,10,A01
201900007998,1,15,,0,2,1,1,B01
201900007998,2,7,,0,2,3,13,A01
201900007999,2,7,,6,0,1,1,A01
201900008000,1,7,,0,0,5,19,A01
201900008000,2,2,,0,2,1,1,B01
201900008001,3,7,,0,2,5,1,A01
201900008001,3,50,,0,2,1,1,B01
201900008002,1,7,,0,2,1,1,B01
201900008002,2,2,,0,2,7,15,A01
201900008003,2,7,,0,2,2,19,A01
201900008003,1,7,,0,2,5,1,C01
201900008004,0,2,,0,2,3,1,B01
201900008004,0,7,,0,2,3,1,A01
201900008005,2,7,,2,0,1,13,A01
201900008006,0,7,,0,0,8,13,A01
201900008007,1,30,,0,1,1,17,A01
201900008008,2,31,,0,2,1,26,B01
201900008008,2,7,,0,2,1,15,A01
201900008009,1,7,,0,2,4,2,B01
201900008009,1,33,,0,2,1,2,A01
201900008010,1,7,,0,2,8,15,B01
201900008010,2,30,,0,2,1,17,A01
201900008011,1,10,,0,1,1,1,A01
201900008012,1,7,,0,2,1,1,A01
201900008012,1,34,,0,2,1,0,B01
201900008013,0,10,,0,2,8,0,B01
201900008013,3,31,,0,2,1,0,A01
201900008014,3,2,,0,2,2,0,B01
201900008014,3,7,,0,6,3,11,A01
201900008015,3,14,,0,2,3,26,B01
201900008015,3,30,,0,2,1,26,A01
201900008016,3,33,,14,0,4,2,B01
201900008016,1,7,,0,2,1,2,A01
201900008017,2,7,,0,2,3,1,B01
201900008017,1,30,,0,2,1,13,A01
201900008018,1,7,,0,2,4,23,B01
201900008018,1,7,,0,2,1,2,A01
201900008019,2,7,,1,0,5,0,B01
201900008019,1,7,,1,0,2,14,A01
201900008020,0,1,,0,2,8,19,B01
201900008020,0,7,,0,2,1,1,A01
201900008021,1,7,,0,2,2,2,B01
201900008021,2,10,,0,2,3,19,A01
201900008022,3,7,,15,0,1,26,A01
201900008023,1,7,,0,2,8,15,B01
201900008023,3,33,,0,2,1,17,A01
201900008024,2,7,,0,2,8,9,B01
201900008024,2,30,,0,2,7,1,A01
201900008025,1,32,,0,2,2,3,B01
201900008025,1,7,,0,2,3,11,A01
201900008026,1,31,,0,2,7,21,A01
201900008026,1,33,,0,2,6,11,Z01
201900008027,2,7,,0,2,7,12,A01
201900008027,2,33,,0,2,3,3,B01
201900008027,2,7,,0,2,8,1,C01
201900008028,1,10,,0,2,4,2,B01
201900008028,1,7,,0,2,1,2,A01
201900008029,1,32,,0,2,5,3,A01
201900008029,1,7,,0,2,5,2,B01
201900008029,1,13,,0,2,6,13,Z01
201900008030,1,33,,0,2,1,1,A01
201900008030,1,7,,0,2,4,1,B01
201900008031,1,33,,0,2,1,3,A01
201900008031,1,33,,0,2,4,3,B01
201900008032,1,7,,0,2,1,1,A01
201900008032,1,7,,0,2,4,1,B01
201900008032,1,7,,0,2,4,1,C01
201900008032,1,7,,0,2,1,1,D01
201900008033,2,7,,0,2,5,12,Z01
201900008033,2,33,,0,2,3,3,A01
201900008034,1,34,,0,2,3,3,A01
201900008034,1,7,,0,2,5,1,B01
201900008035,2,7,,0,2,8,11,A01
201900008035,2,33,,5,2,7,1,B01
201900008036,2,1,,0,2,7,7,B01
201900008036,2,31,,0,2,8,18,A01
201900008037,1,30,,12,0,3,13,A01
201900008038,1,7,,0,2,7,22,A01
201900008038,1,31,,0,2,1,18,B01
201900008039,2,38,1.0,0,1,8,15,A01
201900008040,2,30,,0,2,1,1,A01
201900008040,2,7,,0,2,5,23,B01
201900008041,1,7,,0,2,3,15,B01
201900008041,1,1,,0,2,0,1,A01
201900008042,2,30,,0,2,1,1,B01
201900008042,2,10,,0,2,8,10,A01
201900008043,1,50,,0,2,2,1,A01
201900008043,1,7,,0,2,3,22,B01
201900008044,2,33,,12,0,0,1,A01
201900008045,1,7,,0,1,4,4,A01
201900008046,2,30,,0,1,1,1,A01
201900008047,1,33,,0,1,1,18,Z01
201900008048,1,2,,0,2,2,17,B01
201900008048,1,7,,0,2,3,10,A01
201900008049,2,43,,0,2,1,21,A01
201900008049,2,1,,0,2,3,15,B01
201900008050,2,1,,0,2,1,1,B01
201900008050,1,7,,0,2,1,15,A01
201900008051,1,7,,0,1,2,1,A01
201900008052,0,30,,0,1,1,18,Z01
201900008053,1,32,,0,2,8,1,B01
201900008053,1,7,,0,2,2,15,A01
201900008054,2,30,,0,1,0,1,Z01
201900008055,1,30,,0,2,3,18,A01
201900008055,1,34,,0,2,7,1,B01
201900008056,1,7,,0,2,2,1,B01
201900008056,1,33,,0,2,3,15,A01
201900008057,1,7,,0,2,3,1,A01
201900008057,1,7,,1,2,3,1,B01
201900008058,1,7,,0,2,1,15,Z01
201900008058,2,2,,0,2,1,1,A01
201900008059,2,7,,0,1,1,16,A01
201900008060,1,10,,0,1,1,23,B01
201900008060,1,10,,0,2,1,1,A01
201900008061,1,10,,0,2,2,16,B01
201900008061,1,32,,0,2,8,7,A01
201900008062,2,7,,0,2,8,9,A01
201900008062,2,1,,0,2,1,1,B01
201900008063,3,1,,0,1,1,1,A01
201900008064,2,60,,0,2,4,19,B01
201900008064,2,7,,0,2,1,1,A01
201900008065,2,7,,0,2,2,1,B01
201900008065,2,7,,0,2,3,13,A01
201900008066,1,33,,11,0,3,1,A01
201900008067,2,7,,0,2,1,1,A01
201900008067,2,7,,0,2,4,23,B01
201900008067,2,7,,0,2,4,1,C01
201900008068,1,7,,0,1,2,16,A01
201900008069,1,7,,0,1,1,16,A01
201900008070,1,33,,0,1,2,1,A01
201900008071,1,33,,0,2,4,21,B01
201900008071,1,43,,0,2,1,2,A01
201900008072,1,30,,12,0,2,14,A01
201900008073,1,32,,2,0,0,1,A01
201900008074,1,37,1.0,0,1,8,7,A01
201900008075,1,7,,0,2,3,15,A01
201900008075,1,32,,0,2,2,17,B01
201900008076,1,32,,0,2,2,1,B01
201900008076,1,7,,0,2,2,13,A01
201900008077,1,7,,0,2,7,9,A01
201900008077,1,33,,0,2,8,1,B01
201900008078,2,7,,0,2,1,1,A01
201900008078,2,7,,0,2,4,23,B01
201900008079,1,1,,0,2,1,1,B01
201900008079,1,7,,0,2,7,16,A01
201900008080,2,10,,0,2,4,2,B01
201900008080,2,10,,0,2,1,2,A01
201900008081,2,1,,1,0,1,21,A01
201900008082,1,33,,0,2,8,1,B01
201900008082,2,7,,0,2,1,15,A01
201900008083,2,1,,0,2,7,17,A01
201900008083,2,33,,0,2,3,15,B01
201900008084,2,7,,4,0,1,1,A01
201900008085,2,7,,0,2,2,1,A01
201900008085,3,50,,0,2,3,19,B01
201900008086,1,7,,0,1,2,1,A01
201900008087,3,32,,1,2,1,17,B01
201900008087,3,7,,0,2,3,10,A01
201900008088,1,30,,0,2,1,1,B01
201900008088,1,7,,0,2,2,15,A01
201900008089,2,2,,0,2,1,1,B01
201900008089,1,7,,0,2,2,15,A01
201900008090,2,7,,0,2,3,13,A01
201900008090,1,2,,0,2,0,1,B01
201900008091,2,32,,1,1,8,21,A01
201900008092,1,30,,0,2,7,17,A01
201900008092,1,7,,0,2,3,15,B01
201900008093,1,7,,0,2,1,1,A01
201900008093,1,10,,0,2,7,1,B01
201900008094,1,7,,0,1,8,1,A01
201900008095,2,1,,0,0,0,21,A01
201900008096,2,43,,0,1,1,3,A01
201900008097,2,2,,0,1,0,7,Z01
201900008098,2,33,,0,2,5,15,B01
201900008098,1,7,,0,2,0,15,A01
201900008099,1,10,,0,2,2,1,A01
201900008099,1,32,,0,2,3,15,B01
201900008100,1,1,,0,2,1,1,B01
201900008100,1,7,,0,2,6,22,A01
201900008101,1,30,,0,2,1,9,A01
201900008101,1,10,,0,2,6,1,B01
201900008102,1,31,,0,2,1,18,A01
201900008102,1,7,,0,2,2,16,B01
201900008103,2,30,,0,2,8,9,A01
201900008103,2,7,,0,2,8,2,Z01
201900008104,1,33,,0,2,7,21,B01
201900008104,1,10,,0,2,0,23,A01
201900008105,2,7,,0,1,3,4,A01
201900008106,2,7,,0,2,3,17,A01
201900008106,2,31,,0,2,2,15,B01
201900008107,1,30,,0,2,2,1,A01
201900008107,1,7,,0,2,6,22,B01
201900008108,1,34,,0,1,1,1,A01
201900008109,1,33,,0,2,4,21,B01
201900008109,1,33,,0,2,1,21,A01
201900008110,2,1,,0,1,1,1,A01
201900008111,1,1,,0,0,0,21,B01
201900008112,1,1,,0,2,1,1,A01
201900008112,2,1,,0,2,0,9,B01
201900008113,1,7,,0,2,4,23,A01
201900008113,1,14,,0,2,1,2,B01
201900008114,1,43,,0,1,0,1,A01
201900008115,2,7,,0,2,3,15,B01
201900008115,2,30,,0,2,1,17,A01
201900008116,1,7,,0,6,5,1,B01
201900008116,3,1,,0,2,1,1,A01
201900008117,1,33,,1,0,1,1,A01
201900008118,1,7,,0,2,8,26,B01
201900008118,1,33,,0,2,8,21,A01
201900008119,3,7,,0,2,7,1,A01
201900008119,0,7,,0,2,1,1,B01
201900008120,1,3,,0,1,1,1,A01
201900008121,1,10,,0,1,1,1,A01
201900008122,2,7,,0,1,3,19,A01
201900008123,2,7,,15,0,2,1,A01
201900008124,1,30,,0,0,8,0,A01
201900008125,1,33,,0,1,1,26,A01
201900008126,1,7,,0,2,8,1,B01
201900008126,1,34,,0,1,1,3,A01
201900008127,2,33,,12,0,1,17,A01
201900008128,3,7,,14,0,3,15,B01
201900008128,3,33,,0,2,7,17,A01
201900008129,3,7,,0,1,3,15,A01
201900008130,3,33,,0,2,7,18,A01
201900008130,1,7,,0,2,3,1,C01
201900008130,3,7,,0,2,0,0,B01
201900008131,1,7,,0,2,1,1,A01
201900008131,2,7,,0,2,1,11,B01
201900008132,2,7,,0,2,5,23,A01
201900008132,2,1,,0,2,1,1,B01
201900008133,1,7,,0,2,1,1,A01
201900008134,1,34,,0,2,2,15,B01
201900008134,2,7,,0,2,3,18,A01
201900008135,1,33,,1,0,1,2,A01
201900008136,1,7,,0,2,1,17,B01
201900008136,1,33,,0,2,8,17,A01
201900008137,1,30,,0,1,2,1,A01
201900008138,0,0,,0,2,1,1,Z01
201900008139,0,7,,0,2,5,0,B01
201900008139,0,33,,0,2,3,1,A01
201900008140,0,7,,0,0,2,0,B01
201900008140,0,7,,0,2,1,26,A01
201900008141,2,7,,1,1,2,17,A01
201900008142,0,7,,0,1,1,26,A01
201900008143,0,7,,0,0,0,16,A01
201900008144,1,31,,0,1,1,3,A01
201900008145,2,33,,0,2,3,1,B01
201900008145,1,10,,0,2,2,1,C01
201900008145,1,10,,0,2,3,15,A01
201900008146,2,30,,0,2,1,14,A01
201900008146,2,7,,0,6,8,0,B01
201900008147,0,7,,0,1,7,19,A01
201900008148,1,7,,0,1,2,1,A01
201900008149,2,30,,0,2,4,1,B01
201900008149,2,7,,0,2,2,10,A01
201900008150,1,32,,0,1,1,2,A01
201900008151,2,7,,0,2,4,23,A01
201900008151,1,7,,0,2,1,2,B01
201900008152,1,7,,0,2,1,17,A01
201900008152,0,7,,0,2,2,15,B01
201900008153,1,33,,0,2,1,2,A01
201900008153,1,7,,0,2,6,2,B01
201900008154,2,1,,0,2,1,1,B01
201900008154,2,7,,0,6,3,9,A01
201900008155,3,7,,12,0,2,2,A01
201900008156,2,7,,1,0,6,9,A01
201900008156,2,33,,0,2,1,2,B01
201900008157,2,2,,0,2,7,17,B01
201900008157,2,10,,0,2,8,13,A01
201900008158,2,20,,0,2,1,19,A01
201900008158,0,20,,0,2,1,19,B01
201900008158,1,20,,0,2,3,23,C01
201900008159,2,32,,1,0,2,26,B01
201900008159,2,99,,1,2,3,24,C01
201900008159,0,99,,0,2,0,0,A01
201900008160,1,10,,0,1,1,14,A01
201900008161,2,7,,0,1,1,1,A01
201900008162,1,7,,0,2,7,19,A01
201900008162,2,33,,0,2,1,1,B01
201900008163,2,32,,0,2,1,17,B01
201900008163,1,7,,0,2,1,1,A01
201900008164,2,7,,1,0,9,1,A01
201900008165,1,2,,0,1,1,18,A01
201900008166,1,7,,0,1,0,1,A01
201900008167,1,3,,0,2,3,13,A01
201900008167,2,32,,0,2,3,2,B01
201900008168,3,3,,0,2,6,1,A01
201900008168,2,37,1.0,0,2,2,0,B01