Num_Acc,senc,catv,occutc,obs,obsm,choc,manv,num_veh
201900008169,1,10,,0,2,3,1,A01
201900008169,2,10,,0,1,3,1,B01
201900008170,1,7,,0,0,8,10,A01
201900008170,1,34,,0,0,2,2,B01
201900008171,3,33,,0,1,7,1,A01
201900008172,3,7,,0,2,1,15,A01
201900008172,3,34,,0,2,2,1,B01
201900008173,1,30,,0,2,1,19,B01
201900008173,2,7,,0,2,7,19,A01
201900008174,0,30,,0,2,2,17,A01
201900008174,0,7,,0,0,4,23,B01
201900008175,3,10,,1,2,2,24,B01
201900008175,3,10,,0,2,7,1,A01
201900008176,1,10,,0,2,3,1,A01
201900008176,2,2,,0,2,1,0,B01
201900008177,1,33,,0,1,6,1,A01
201900008178,3,7,,0,2,0,0,B01
201900008178,2,7,,12,0,9,26,A01
201900008179,1,33,,0,2,8,21,A01
201900008179,0,7,,0,2,2,15,B01
201900008180,1,33,,0,1,1,3,A01
201900008181,1,33,,0,2,4,23,A01
201900008181,1,33,,0,2,1,2,B01
201900008182,0,1,,0,2,4,16,B01
201900008182,0,7,,0,9,2,1,A01
201900008183,1,14,,0,0,0,0,B01
201900008183,0,10,,0,2,0,19,A01
201900008184,1,37,1.0,0,1,2,1,A01
201900008185,1,3,,0,2,2,1,B01
201900008185,1,3,,0,2,6,9,A01
201900008186,3,10,,0,0,4,1,B01
201900008186,3,10,,0,2,1,2,A01
201900008187,3,10,,0,2,1,1,A01
201900008187,3,10,,0,2,8,1,B01
201900008188,1,7,,0,1,0,19,Z01
201900008189,3,7,,2,0,1,1,A01
201900008189,2,7,,2,0,4,1,B01
201900008190,1,7,,0,1,2,1,A01
201900008191,1,34,,0,2,1,0,B01
201900008191,2,1,,0,2,0,2,C01
201900008191,1,7,,0,2,1,9,A01
201900008192,1,7,,1,0,0,0,Z01
201900008192,1,7,,1,0,6,24,A01
201900008193,1,7,,9,2,1,26,A01
201900008193,1,7,,0,2,7,26,B01
201900008193,1,7,,0,2,4,1,C01
201900008194,2,7,,1,0,2,20,A01
201900008194,2,1,,1,0,1,18,B01
201900008195,1,31,,0,2,2,1,B01
201900008195,1,7,,0,2,6,9,A01
201900008196,1,31,,0,1,1,17,A01
201900008197,1,2,,0,2,1,7,A01
201900008197,1,7,,0,2,7,16,B01
201900008198,2,32,,0,2,2,17,B01
201900008198,2,7,,0,2,8,15,A01
201900008199,1,33,,0,2,1,17,B01
201900008199,1,10,,0,2,8,15,A01
201900008200,1,7,,0,1,3,1,A01
201900008201,2,7,,0,2,3,17,A01
201900008201,2,33,,0,2,7,17,B01
201900008202,2,7,,0,2,1,19,A01
201900008202,1,7,,0,2,1,1,B01
201900008203,3,7,,8,0,1,13,A01
201900008204,2,7,,0,2,2,12,A01
201900008204,2,32,,0,2,8,16,B01
201900008205,1,30,,0,0,0,1,A01
201900008206,3,7,,0,1,1,26,Z01
201900008207,2,14,,0,1,0,26,A01
201900008208,2,7,,0,1,1,9,A01
201900008209,2,7,,0,2,8,10,B01
201900008209,1,7,,0,2,1,1,A01
201900008210,3,7,,0,2,3,9,A01
201900008210,3,2,,0,2,5,1,B01
201900008211,1,2,,0,2,7,1,B01
201900008211,1,7,,0,2,3,9,A01
201900008212,1,7,,0,1,2,1,A01
201900008213,1,7,,0,2,6,1,B01
201900008213,1,30,,0,2,2,17,A01
201900008214,3,10,,0,2,1,2,A01
201900008214,3,7,,0,2,4,2,B01
201900008215,2,7,,1,2,1,16,A01
201900008215,2,7,,0,2,1,23,B01
201900008215,3,7,,0,2,4,23,C01
201900008216,1,33,,0,0,0,1,A01
201900008217,3,7,,0,2,4,1,B01
201900008218,0,1,,0,2,1,1,B01
201900008218,0,7,,0,2,3,1,A01
201900008219,2,7,,0,2,1,1,A01
201900008219,2,1,,0,2,8,16,B01
201900008220,2,7,,8,0,0,1,A01
201900008221,2,33,,0,0,8,1,A01
201900008222,3,7,,13,0,2,1,A01
201900008223,3,30,,0,0,0,1,A01
201900008224,1,7,,0,0,6,1,A01
201900008224,1,7,,0,0,2,2,B01
201900008225,1,2,,0,2,1,9,A01
201900008225,1,7,,0,2,2,1,B01
201900008226,1,7,,1,0,2,0,A01
201900008227,1,50,,0,2,1,9,B01
201900008227,1,7,,0,6,2,26,A01
201900008228,3,7,,0,2,4,2,C01
201900008228,3,7,,0,2,4,2,B01
201900008228,3,7,,0,2,1,2,A01
201900008229,1,7,,0,2,2,1,A01
201900008229,3,7,,0,2,6,1,B01
201900008230,2,7,,0,1,2,7,Z01
201900008231,1,33,,0,1,8,1,A01
201900008232,1,7,,0,2,5,15,B01
201900008232,2,32,,0,2,1,1,A01
201900008233,1,7,,1,1,1,1,A01
201900008234,1,32,,0,2,7,1,A01
201900008234,1,10,,0,2,0,16,Z01
201900008235,1,15,,0,2,1,14,A01
201900008235,1,33,,0,2,0,1,B01
201900008236,1,32,,0,1,3,1,A01
201900008237,2,34,,0,2,4,2,B01
201900008237,2,7,,0,2,3,2,A01
201900008238,1,1,,0,1,1,1,A01
201900008239,1,30,,0,2,3,1,B01
201900008239,1,7,,0,2,2,9,A01
201900008240,1,30,,0,2,2,18,A01
201900008240,1,13,,0,2,6,24,B01
201900008241,1,7,,0,2,1,2,Z01
201900008241,1,30,,0,2,4,2,A01
201900008242,1,43,,11,0,1,1,A01
201900008243,2,10,,0,2,5,23,B01
201900008243,2,7,,0,2,3,2,A01
201900008244,2,7,,0,1,3,1,A01
201900008245,2,2,,0,2,2,1,B01
201900008245,2,7,,0,2,3,26,A01
201900008246,1,7,,0,2,1,1,A01
201900008246,1,33,,0,2,4,0,B01
201900008247,3,10,,0,2,3,15,A01
201900008247,3,1,,0,2,1,17,B01
201900008248,1,7,,0,1,2,1,A01
201900008249,1,7,,1,0,1,1,B01
201900008249,1,7,,0,2,1,24,A01
201900008250,1,7,,3,0,2,1,A01
201900008251,0,7,,15,0,1,1,A01
201900008252,1,33,,0,2,1,1,A01
201900008252,2,7,,0,2,3,1,B01
201900008253,1,33,,2,0,1,1,A01
201900008254,3,21,,13,0,2,1,A01
201900008255,2,7,,3,2,9,14,A01
201900008255,2,7,,0,2,3,21,B01
201900008256,2,17,,13,0,2,1,A01
201900008257,1,7,,0,2,3,1,B01
201900008257,2,7,,0,2,3,13,A01
201900008258,1,7,,0,0,0,1,A01
201900008259,3,7,,16,0,9,1,A01
201900008260,3,7,,6,0,1,1,A01
201900008261,1,7,,13,0,1,1,A01
201900008262,2,2,,1,0,1,2,B01
201900008262,2,2,,0,0,4,0,A01
201900008263,0,7,,0,2,7,16,B01
201900008263,0,32,,0,2,3,18,A01
201900008264,3,7,,15,0,1,13,A01
201900008265,1,33,,0,0,4,17,A01
201900008266,1,33,,2,0,1,1,A01
201900008267,2,2,,6,0,3,13,A01
201900008268,1,7,,0,2,1,1,C01
201900008268,1,7,,0,2,2,17,B01
201900008268,1,7,,0,2,8,10,A01
201900008269,2,7,,2,0,8,12,A01
201900008270,2,7,,14,0,3,1,A01
201900008271,3,7,,0,2,6,15,A01
201900008271,2,2,,0,2,1,1,B01
201900008272,2,7,,13,0,1,13,A01
201900008273,1,7,,2,0,1,1,A01
201900008274,1,7,,2,0,7,0,A01
201900008275,3,21,,0,2,3,23,B01
201900008275,3,7,,0,2,3,1,A01
201900008276,1,33,,0,0,9,26,A01
201900008277,3,7,,0,2,1,15,B01
201900008277,3,7,,0,2,1,16,A01
201900008278,1,33,,0,2,1,26,A01
201900008278,1,33,,0,2,8,15,B01
201900008279,1,7,,14,0,1,1,A01
201900008280,0,7,,0,0,0,0,A01
201900008281,0,7,,0,2,3,1,C01
201900008281,0,7,,0,2,6,1,B01
201900008281,2,7,,0,2,3,1,A01
201900008282,1,7,,0,1,3,1,A01
201900008283,1,2,,0,0,0,21,A01
201900008284,2,7,,4,0,2,0,A01
201900008285,2,7,,0,2,4,2,B01
201900008285,2,7,,0,2,1,2,A01
201900008286,0,33,,13,0,1,1,A01
201900008287,1,7,,0,2,3,0,B01
201900008287,2,7,,0,2,3,13,A01
201900008288,0,2,,0,2,1,17,B01
201900008288,3,7,,0,2,3,15,A01
201900008289,3,7,,0,2,3,15,A01
201900008289,3,33,,0,2,2,17,B01
201900008290,1,7,,6,1,2,1,A01
201900008291,1,7,,0,1,1,1,A01
201900008292,2,7,,6,0,1,0,A01
201900008293,1,7,,13,0,9,2,A01
201900008294,1,7,,0,1,3,1,A01
201900008295,2,7,,5,2,6,1,A01
201900008295,1,7,,0,2,1,1,B01
201900008296,2,7,,4,0,1,1,A01
201900008297,1,2,,0,2,1,1,B01
201900008297,3,7,,0,2,3,9,A01
201900008298,2,7,,2,0,2,13,A01
201900008299,1,7,,0,2,3,1,A01
201900008299,2,7,,0,2,8,1,B01
201900008300,0,33,,0,6,1,1,A01
201900008301,1,7,,0,1,3,1,A01
201900008302,1,7,,0,2,8,15,B01
201900008302,2,7,,0,2,1,1,A01
201900008303,1,7,,0,2,1,0,A01
201900008303,2,7,,0,2,1,0,B01
201900008304,1,10,,0,2,1,2,B01
201900008304,1,10,,0,2,4,2,A01
201900008305,1,34,,0,2,3,12,B01
201900008305,1,7,,0,2,2,2,A01
201900008306,1,7,,0,9,1,2,C01
201900008306,1,34,,0,9,1,2,B01
201900008306,2,7,,3,0,8,26,A01
201900008307,1,7,,3,2,7,12,A01
201900008307,1,7,,3,2,8,1,B01
201900008308,1,7,,0,2,5,2,A01
201900008308,1,7,,0,2,5,2,B01
201900008308,1,7,,0,2,1,11,Z01
201900008309,2,10,,0,2,3,11,A01
201900008309,2,43,,0,2,2,3,B01
201900008310,1,10,,0,2,4,2,C01
201900008310,1,7,,0,2,4,2,B01
201900008310,1,7,,0,2,1,1,A01
201900008311,1,31,,0,2,3,1,B01
201900008311,1,10,,0,2,5,1,A01
201900008312,2,7,,0,2,7,12,A01
201900008312,2,34,,0,2,8,1,B01
201900008313,3,7,,0,2,0,26,Z01
201900008313,3,2,,0,2,7,2,A01
201900008314,0,30,,0,0,0,1,A01
201900008315,1,31,,0,2,2,17,A01
201900008315,1,7,,0,2,3,15,B01
201900008316,1,7,,0,1,3,2,Z01
201900008317,2,2,,0,0,7,1,B01
201900008317,2,7,,0,2,0,14,A01
201900008318,1,32,,0,2,8,1,A01
201900008318,1,7,,0,2,7,14,B01
201900008319,2,7,,0,1,1,1,A01
201900008320,1,32,,4,0,8,0,A01
201900008321,2,7,,3,0,1,13,A01
201900008322,1,7,,4,0,1,1,A01
201900008323,3,7,,0,2,1,19,A01
201900008323,3,7,,8,2,7,1,B01
201900008324,2,7,,0,1,7,1,A01
201900008325,1,7,,0,2,4,23,B01
201900008325,1,7,,0,2,1,2,A01
201900008326,1,7,,0,1,1,1,A01
201900008327,3,7,,0,1,1,9,A01
201900008328,1,7,,0,2,2,1,B01
201900008328,1,31,,0,2,1,1,A01
201900008329,1,7,,0,2,7,1,B01
201900008329,1,33,,0,2,1,9,A01
201900008330,2,7,,4,0,9,1,A01
201900008331,1,50,,0,2,2,3,B01
201900008331,1,7,,0,2,8,15,A01
201900008332,3,7,,0,1,3,16,A01
201900008333,1,7,,0,2,3,9,A01
201900008333,1,33,,0,2,7,1,B01
201900008334,1,7,,0,5,1,1,A01
201900008335,0,7,,0,1,2,16,A01
201900008336,1,7,,0,2,3,11,A01
201900008336,1,33,,0,2,1,17,B01
201900008337,1,7,,0,2,8,15,A01
201900008337,2,33,,0,2,1,17,B01
201900008338,1,7,,2,0,1,1,A01
201900008339,0,7,,0,1,1,1,A01
201900008340,3,7,,0,1,1,1,A01
201900008341,1,7,,0,2,3,13,A01
201900008341,2,10,,0,2,3,21,B01
201900008342,2,7,,14,0,3,5,A01
201900008342,1,7,,0,2,3,1,B01
201900008343,2,7,,0,2,3,0,B01
201900008343,3,30,,0,2,1,0,A01
201900008344,1,7,,0,2,2,15,A01
201900008344,2,33,,0,2,1,1,B01
201900008345,0,30,,0,2,1,1,B01
201900008345,0,7,,0,2,8,26,A01
201900008346,1,7,,0,2,1,9,A01
201900008346,1,2,,0,2,2,1,B01
201900008347,2,30,,0,2,1,1,B01
201900008347,1,7,,0,2,3,15,A01
201900008348,2,33,,3,0,8,1,A01
201900008349,1,7,,0,2,5,17,A01
201900008349,1,7,,2,2,8,2,B01
201900008350,2,7,,0,2,2,1,B01
201900008350,1,1,,0,2,1,25,A01
201900008351,3,7,,8,0,1,26,A01
201900008352,1,33,,0,2,7,1,B01
201900008352,3,7,,0,2,6,9,A01
201900008353,0,7,,0,2,0,2,Z01
201900008353,1,1,,0,2,3,1,B01
201900008354,1,1,,0,2,0,19,A01
201900008354,0,7,,0,1,2,1,B01
201900008355,0,7,,0,2,4,2,B01
201900008355,1,34,,0,2,1,2,A01
201900008356,1,7,,8,0,1,1,A01
201900008357,2,33,,0,1,1,3,A01
201900008358,1,7,,0,0,4,2,C01
201900008358,1,7,,0,2,4,2,B01
201900008358,1,7,,0,2,1,2,A01
201900008359,1,1,,0,2,1,1,B01
201900008359,1,7,,0,2,8,9,A01
201900008360,1,7,,1,2,9,1,A01
201900008360,2,7,,0,2,1,1,B01
201900008361,1,7,,0,1,1,1,A01
201900008362,1,7,,0,1,4,4,A01
201900008363,1,7,,0,2,4,1,B01
201900008363,1,7,,14,0,1,26,A01
201900008364,1,7,,0,1,0,4,A01
201900008365,2,7,,0,2,3,9,A01
201900008365,2,1,,0,2,0,1,B01
201900008366,3,32,,0,2,1,17,B01
201900008366,3,7,,0,2,3,10,A01
201900008367,1,2,,0,2,1,2,B01
201900008367,1,10,,0,2,4,2,A01
201900008368,1,7,,0,1,3,1,B01
201900008369,1,7,,0,1,2,1,A01
201900008370,1,30,,0,2,9,0,A01
201900008371,1,7,,0,1,0,0,A01
201900008372,1,7,,0,1,2,16,A01
201900008373,1,7,,0,2,6,9,A01
201900008373,1,14,,0,2,2,1,B01
201900008374,1,7,,4,0,1,13,A01
201900008375,3,7,,4,0,3,1,A01
201900008376,1,7,,0,1,4,26,A01
201900008377,1,7,,0,2,1,2,A01
201900008377,1,7,,0,2,4,2,B01
201900008378,2,10,,0,2,7,16,A01
201900008378,2,1,,0,2,9,16,B01
201900008379,1,10,,0,1,3,1,A01
201900008380,3,7,,0,1,1,1,A01
201900008381,2,7,,0,2,6,23,A01
201900008381,2,7,,0,2,6,2,B01
201900008381,2,7,,0,2,0,1,C01
201900008381,2,7,,0,2,2,2,D01
201900008382,3,7,,0,2,3,1,B01
201900008382,3,7,,0,2,7,1,A01
201900008383,1,7,,0,2,1,2,A01
201900008383,1,7,,0,2,4,23,C01
201900008383,1,7,,0,2,4,23,B01
201900008384,2,33,,1,0,1,15,A01
201900008385,2,7,,0,2,2,0,B01
201900008385,1,7,,0,2,1,17,A01
201900008386,0,7,,2,0,1,14,A01
201900008387,0,7,,0,2,3,15,B01
201900008387,0,7,,0,2,2,1,A01
201900008388,0,3,,0,1,1,15,A01
201900008389,1,7,,0,2,1,1,A01
201900008389,1,7,,0,2,4,1,B01
201900008390,2,7,,0,2,2,20,A01
201900008390,2,2,,8,2,1,1,B01
201900008391,1,30,,13,0,1,13,A01
201900008392,1,2,,0,2,1,0,B01
201900008392,1,7,,0,2,2,0,A01
201900008393,1,7,,5,0,1,1,A01
201900008394,1,7,,0,2,1,1,A01
201900008394,1,7,,0,2,4,1,B01
201900008395,1,32,,0,2,9,18,B01
201900008395,1,7,,0,2,2,15,A01
201900008396,1,7,,0,2,9,0,B01
201900008396,1,7,,0,2,4,0,C01
201900008396,1,7,,0,2,1,0,A01
201900008397,1,2,,0,2,7,0,C01
201900008397,1,7,,0,2,1,0,A01
201900008398,1,7,,0,2,4,26,B01
201900008398,1,7,,0,2,1,1,A01
201900008399,1,7,,0,1,5,0,A01
201900008400,1,7,,0,2,1,0,A01
201900008400,1,1,,0,2,0,0,B01
201900008401,1,7,,0,2,3,0,A01
201900008401,1,2,,0,2,8,1,B01
201900008402,1,1,,0,2,0,0,B01
201900008402,1,20,,0,2,5,2,A01
201900008403,1,7,,0,2,1,0,B01
201900008403,1,7,,0,2,4,23,A01
201900008404,1,33,,14,0,1,26,A01
201900008405,1,20,,0,2,0,1,A01
201900008405,1,7,,0,2,1,1,C01
201900008405,1,7,,0,6,6,1,B01
201900008406,1,7,,0,1,4,26,A01
201900008407,1,7,,0,2,6,0,A01
201900008407,1,7,,0,2,0,24,B01
201900008408,1,7,,0,2,8,15,B01
201900008408,1,30,,0,2,1,5,A01
201900008409,1,33,,0,2,1,5,A01
201900008409,2,7,,0,2,1,16,B01
201900008410,2,7,,0,2,4,17,A01
201900008410,2,1,,0,2,4,2,B01
201900008411,3,7,,0,1,1,1,A01
201900008412,3,7,,0,2,3,15,B01
201900008412,3,32,,0,2,1,19,A01
201900008413,2,7,,0,1,1,15,A01
201900008414,2,30,,0,0,1,1,A01
201900008415,2,7,,0,2,3,1,B01
201900008415,1,7,,0,2,3,13,A01
201900008416,2,7,,0,6,7,16,A01
201900008416,2,1,,0,2,1,0,B01
201900008417,1,7,,0,0,4,1,B01
201900008417,1,7,,0,2,1,1,A01
201900008418,2,7,,9,1,1,9,A01
201900008419,1,7,,0,2,3,15,B01
201900008419,1,33,,0,2,1,17,A01
201900008420,2,33,,0,0,0,26,A01
201900008421,0,33,,6,2,1,13,A01
201900008421,0,10,,0,2,2,15,B01
201900008422,3,1,,0,2,6,1,A01
201900008422,3,7,,0,2,6,1,B01
201900008423,3,15,,0,2,7,16,B01
201900008423,3,32,,0,2,1,18,A01
201900008424,3,7,,1,0,1,13,A01
201900008425,3,7,,0,2,3,15,A01
201900008425,3,31,,0,2,7,1,B01
201900008426,0,7,,1,2,3,18,A01
201900008426,0,7,,0,2,5,1,B01
201900008427,0,7,,0,1,1,1,A01
201900008428,3,10,,0,0,0,16,B01
201900008428,0,31,,0,2,6,7,A01
201900008429,0,7,,0,2,1,1,B01
201900008429,1,7,,0,2,3,15,A01
201900008430,1,33,,0,2,7,26,A01
201900008430,0,7,,0,2,7,1,B01
201900008431,3,31,,0,2,5,1,B01
201900008431,3,7,,0,2,3,13,A01
201900008432,2,7,,0,1,1,1,A01
201900008433,1,7,,0,2,6,19,B01
201900008433,2,1,,0,2,1,19,A01
201900008434,2,10,,0,2,2,15,A01
201900008434,1,31,,0,2,1,1,B01
201900008435,2,7,,0,2,2,15,A01
201900008435,1,7,,0,2,3,1,B01
201900008436,0,1,,0,0,1,0,A01
201900008437,1,7,,0,2,3,5,A01
201900008437,1,33,,0,2,3,1,B01
201900008438,3,7,,0,2,1,1,A01
201900008438,3,1,,0,2,1,19,B01
201900008439,3,7,,0,2,7,19,B01
201900008439,3,7,,0,2,2,19,A01
201900008440,3,1,,0,1,1,1,A01
201900008441,2,7,,0,2,7,15,A01
201900008441,1,33,,0,2,1,1,B01
201900008442,2,32,,0,2,1,2,A01
201900008442,2,7,,0,2,4,2,B01
201900008443,3,7,,0,1,1,16,A01
201900008444,3,7,,0,2,2,1,A01
201900008444,3,7,,0,2,3,9,B01
201900008445,2,1,,0,0,1,1,A01
201900008446,3,14,,0,2,1,1,A01
201900008446,3,7,,0,2,4,1,B01
201900008447,3,7,,0,2,3,1,B01
201900008447,3,7,,0,2,2,16,A01
201900008448,2,7,,8,0,2,2,A01
201900008449,3,7,,0,2,3,1,B01
201900008449,3,7,,0,2,4,4,A01
201900008450,1,30,,0,0,0,1,A01
201900008451,2,30,,11,0,1,26,A01
201900008452,3,1,,0,2,1,19,B01
201900008452,1,7,,0,2,3,1,A01
201900008453,3,7,,0,2,1,1,B01
201900008453,3,7,,0,2,5,15,A01
201900008454,3,7,,0,2,5,1,A01
201900008454,3,1,,0,2,3,1,B01
201900008455,2,7,,0,2,1,17,A01
201900008455,2,21,,0,2,4,1,B01
201900008456,1,30,,0,0,8,21,A01
201900008457,2,7,,0,2,1,23,B01
201900008457,1,33,,0,2,1,1,A01
201900008458,1,80,,0,2,4,13,B01
201900008458,1,7,,0,2,2,2,A01
201900008459,0,7,,0,2,4,26,A01
201900008459,0,1,,0,2,1,2,B01
201900008460,2,7,,1,0,3,13,A01
201900008461,2,7,,0,2,4,2,B01
201900008461,2,10,,-1,2,1,-1,E01
201900008462,3,7,,0,2,1,1,B01
201900008462,3,7,,0,2,2,26,A01
201900008463,2,7,,0,2,4,26,B01
201900008463,2,7,,0,2,5,2,C01
201900008463,2,7,,0,2,1,1,A01
201900008464,1,7,,0,1,2,16,A01
201900008465,3,7,,0,6,1,1,A01
201900008465,3,1,,0,2,1,15,B01
201900008466,3,7,,0,2,8,2,B01
201900008466,3,7,,0,2,1,5,A01
201900008467,2,10,,0,2,1,1,A01
201900008467,2,7,,0,2,4,2,C01
201900008467,2,7,,0,2,4,2,B01
201900008468,2,7,,0,2,1,1,A01
201900008468,2,7,,0,2,4,1,B01
201900008469,1,32,,0,1,1,2,A01
201900008470,3,7,,0,2,2,0,Z01
201900008470,3,1,,0,2,5,26,B01
201900008471,1,7,,0,2,4,23,B01
201900008471,1,7,,0,2,1,2,A01
201900008472,3,7,,0,2,4,1,B01
201900008472,3,7,,0,2,1,1,A01
201900008473,3,7,,0,1,1,1,A01
201900008474,3,32,,0,1,1,2,A01
201900008475,1,7,,0,2,1,2,A01
201900008475,1,7,,0,2,2,2,C01
201900008475,1,7,,0,2,1,2,E01
201900008475,1,7,,0,2,1,0,B01
201900008475,1,7,,0,2,1,2,D01
201900008476,3,80,,0,0,2,1,A01
201900008477,2,30,,0,2,9,1,B01
201900008477,2,7,,0,2,2,1,A01
201900008478,1,1,,0,2,1,1,B01
201900008478,1,7,,0,2,2,1,A01
201900008479,1,7,,9,0,4,1,B01
201900008479,1,7,,2,1,1,0,A01
201900008480,1,34,,0,2,2,2,A01
201900008480,1,7,,0,0,6,1,B01
201900008481,1,1,,0,2,1,25,A01
201900008481,1,7,,0,2,7,16,B01
201900008482,1,1,,0,2,1,1,A01
201900008482,1,7,,0,2,4,23,B01
201900008483,1,7,,0,2,8,19,B01
201900008483,2,2,,0,2,1,3,A01
201900008484,3,7,,14,0,2,1,A01
201900008485,3,33,,0,0,0,1,A01
201900008486,1,1,,0,2,1,1,A01
201900008486,1,7,,0,2,1,1,B01
201900008487,2,7,,0,2,3,15,A01
201900008487,1,33,,0,2,3,1,B01
201900008488,0,31,,0,2,1,1,B01
201900008488,0,7,,0,2,3,10,A01
201900008489,1,30,,12,0,1,15,A01
201900008490,1,37,1.0,0,0,7,1,B01
201900008490,1,14,,0,2,3,15,A01
201900008491,1,7,,1,0,2,14,A01
201900008492,2,7,,0,2,8,9,A01
201900008492,2,33,,0,2,1,1,B01
201900008493,1,1,,0,2,1,1,B01
201900008493,1,7,,0,2,0,14,A01
201900008494,0,1,,0,2,1,1,B01
201900008494,1,7,,0,2,2,1,A01
201900008495,0,40,,0,1,0,1,A01
201900008496,1,7,,0,1,8,1,A01
201900008497,2,33,,0,2,1,1,B01
201900008497,1,7,,0,2,5,15,A01
201900008498,1,30,,0,2,1,13,A01
201900008498,2,7,,0,2,3,1,B01
201900008499,1,7,,0,2,5,15,A01
201900008499,2,31,,0,2,1,1,B01
201900008500,3,7,,0,2,1,19,B01
201900008500,3,7,,0,2,8,26,A01
201900008501,1,33,,0,2,1,1,B01
201900008501,2,7,,0,2,5,9,A01
201900008502,3,30,,0,0,1,0,A01
201900008503,1,7,,0,2,8,1,B01
201900008503,1,17,,0,2,2,12,A01
201900008504,1,31,,0,1,1,1,A01
201900008505,3,33,,0,2,1,1,A01
201900008506,3,1,,0,2,8,19,B01
201900008506,2,7,,0,2,3,15,A01
201900008507,0,7,,0,2,8,26,A01
201900008507,1,7,,0,2,7,1,C01
201900008507,0,33,,0,2,1,17,B01
201900008508,2,7,,0,2,3,1,B01
201900008508,1,7,,0,2,3,13,A01
201900008509,0,33,,0,2,4,23,B01
201900008509,1,7,,0,2,4,23,C01
201900008509,1,10,,0,2,1,2,A01
201900008510,1,10,,0,2,1,2,A01
201900008510,1,7,,0,2,4,23,C01
201900008510,1,10,,0,2,4,23,B01
201900008511,3,30,,12,2,1,26,A01
201900008511,1,14,,0,2,7,26,B01
201900008512,1,7,,0,2,5,1,A01
201900008512,1,30,,0,2,8,1,B01
201900008513,1,37,1.0,0,6,3,8,B01
201900008513,2,50,,0,2,1,19,A01
201900008514,2,7,,0,2,4,23,C01
201900008514,2,7,,0,2,4,23,B01
201900008514,2,7,,0,2,1,1,A01
201900008515,1,7,,0,2,1,1,A01
201900008515,3,7,,0,2,7,15,B01
201900008516,2,7,,0,2,5,23,C01
201900008516,2,7,,0,2,1,19,A01
201900008516,1,7,,0,2,3,23,B01
201900008517,3,7,,0,2,3,16,A01
201900008517,3,10,,0,2,1,1,B01
201900008518,2,7,,8,0,1,16,A01
201900008519,1,7,,13,0,8,1,A01
201900008520,1,7,,0,1,1,1,A01
201900008521,1,10,,0,2,1,1,A01
201900008521,1,7,,0,2,4,0,C01
201900008521,1,7,,0,2,1,1,B01
201900008522,1,7,,0,1,1,1,A01
201900008523,1,10,,0,6,3,9,A01
201900008523,2,1,,0,2,4,16,B01
201900008524,3,7,,0,1,1,15,A01
201900008525,2,7,,0,2,3,2,B01
201900008525,2,33,,0,2,1,1,A01
201900008525,1,7,,0,2,5,1,C01
201900008526,0,7,,0,2,3,0,A01
201900008526,0,33,,0,2,1,0,B01
201900008527,2,1,,0,2,0,0,B01
201900008527,1,7,,0,2,1,9,A01
201900008528,3,7,,0,1,2,1,A01
201900008529,1,33,,0,0,0,1,A01
201900008530,0,30,,9,0,1,26,A01
201900008531,0,7,,0,1,2,1,A01
201900008532,3,0,,0,0,0,26,A01
201900008533,3,33,,0,2,8,1,A01
201900008533,3,7,,0,2,8,21,B01
201900008534,3,7,,0,2,1,1,B01
201900008534,3,10,,0,2,1,1,A01
201900008535,1,10,,0,2,0,0,B01
201900008535,2,7,,0,2,1,1,C01
201900008535,1,7,,0,2,2,0,A01
201900008536,2,2,,0,2,0,2,B01
201900008536,3,17,,0,2,0,15,A01
201900008537,2,7,,0,2,4,2,C01
201900008537,2,7,,14,2,4,2,B01
201900008537,2,7,,14,2,1,2,A01
201900008538,1,7,,0,1,1,26,A01
201900008539,2,7,,0,2,4,2,B01
201900008539,2,7,,0,2,1,2,A01
201900008540,3,7,,0,2,0,1,A01
201900008540,3,7,,0,2,1,1,A01
201900008541,2,7,,8,0,1,0,A01
201900008542,3,7,,0,2,3,5,B01
201900008542,3,7,,0,2,3,13,A01
201900008543,0,37,1.0,0,1,5,15,A01
201900008544,1,7,,0,2,1,1,Z01
201900008544,1,7,,0,2,4,1,B01
201900008545,1,7,,0,2,7,0,B01
201900008545,1,7,,0,2,1,0,A01
201900008546,3,1,,0,2,2,1,B01
201900008546,3,7,,0,2,1,9,A01
201900008547,1,7,,0,1,1,1,A01
201900008548,3,33,,0,2,1,3,A01
201900008548,3,7,,0,2,6,15,B01
201900008549,1,7,,1,0,2,14,A01
201900008550,3,20,,0,2,5,1,B01
201900008550,3,33,,0,2,1,9,A01
201900008551,0,7,,0,1,1,1,A01
201900008552,2,2,,0,2,1,1,B01
201900008552,2,7,,0,2,3,9,A01
201900008553,2,7,,0,2,2,15,A01
201900008553,1,7,,0,2,3,1,B01
201900008553,2,7,,0,2,8,0,C01
201900008554,3,7,,6,0,1,16,A01
201900008555,2,7,,14,2,4,2,C01
201900008555,2,7,,14,2,4,2,B01
201900008555,2,7,,14,2,1,2,A01
201900008556,3,7,,0,2,2,1,B01
201900008556,3,1,,0,2,1,19,A01
201900008557,1,32,,0,2,7,17,A01
201900008557,1,7,,0,2,8,1,B01
201900008558,3,36,,0,0,0,14,A01
201900008559,2,1,,0,2,1,1,B01
201900008559,1,7,,0,9,5,15,A01
201900008560,1,2,,0,2,1,1,A01
201900008560,0,7,,0,2,8,16,B01
201900008561,3,2,,9,0,0,16,A01