Num_Acc,senc,catv,occutc,obs,obsm,choc,manv,num_veh
201900008562,2,31,,4,2,1,1,A01
201900008562,0,7,,0,2,2,15,B01
201900008563,2,7,,0,2,2,1,B01
201900008563,1,33,,0,2,1,13,A01
201900008564,2,33,,13,0,1,14,A01
201900008565,1,7,,12,0,1,1,A01
201900008566,0,10,,0,2,5,19,A01
201900008566,2,33,,0,2,1,1,B01
201900008567,1,7,,2,0,8,1,A01
201900008568,0,7,,0,0,4,2,A01
201900008568,3,7,,0,2,1,2,B01
201900008569,0,34,,0,2,1,17,B01
201900008569,3,7,,0,2,6,15,A01
201900008570,0,7,,0,1,1,1,A01
201900008571,1,7,,13,0,3,1,A01
201900008572,2,7,,0,2,3,1,B01
201900008572,1,7,,0,2,3,1,A01
201900008573,2,7,,15,0,2,0,A01
201900008574,1,10,,15,0,1,6,A01
201900008575,2,7,,0,0,4,16,B01
201900008575,2,33,,0,2,1,1,A01
201900008576,0,7,,0,2,3,20,A01
201900008576,3,7,,0,2,1,23,B01
201900008577,1,7,,6,0,1,0,A01
201900008578,2,31,,0,0,0,1,A01
201900008579,3,7,,13,0,3,1,A01
201900008580,1,7,,13,0,9,1,A01
201900008581,1,7,,16,0,1,1,A01
201900008582,1,7,,6,0,1,17,A01
201900008583,1,7,,2,0,3,13,A01
201900008584,1,1,,0,2,8,15,A01
201900008584,1,33,,0,2,1,17,B01
201900008585,3,7,,1,0,3,13,A01
201900008586,1,33,,13,0,1,1,A01
201900008587,2,7,,0,2,3,1,B01
201900008587,1,7,,0,2,3,13,A01
201900008588,2,33,,0,2,7,1,B01
201900008588,2,7,,0,2,8,20,A01
201900008589,3,7,,0,2,3,1,B01
201900008589,3,7,,0,2,3,13,A01
201900008590,1,2,,0,2,7,1,A01
201900008590,2,7,,0,2,2,1,B01
201900008591,0,7,,0,1,6,4,A01
201900008592,1,1,,0,2,4,2,A01
201900008592,1,7,,0,2,1,1,B01
201900008593,2,17,,0,2,1,1,B01
201900008593,1,7,,0,2,1,13,A01
201900008594,2,7,,0,6,4,2,A01
201900008594,2,7,,3,6,1,2,B01
201900008595,1,14,,0,2,2,19,A01
201900008595,2,33,,8,2,7,1,B01
201900008596,1,33,,12,0,7,0,A01
201900008597,1,7,,3,0,0,1,A01
201900008598,1,2,,0,2,4,1,B01
201900008598,1,7,,0,2,1,1,A01
201900008599,1,10,,0,2,1,1,B01
201900008599,2,7,,0,2,1,13,A01
201900008600,2,7,,2,0,3,0,A01
201900008601,1,7,,13,0,9,1,A01
201900008602,1,7,,0,0,8,2,A01
201900008603,2,33,,2,0,1,3,A01
201900008604,1,15,,0,2,5,1,B01
201900008604,1,7,,0,2,1,14,A01
201900008605,1,7,,3,0,0,0,A01
201900008606,2,7,,0,2,1,1,B01
201900008606,1,7,,0,2,3,0,A01
201900008607,3,33,,2,0,3,13,A01
201900008608,1,7,,2,0,1,0,A01
201900008609,2,2,,0,0,0,21,A01
201900008610,1,15,,0,0,4,1,B01
201900008610,1,7,,0,2,1,2,A01
201900008611,1,7,,7,0,9,1,A01
201900008612,3,2,,15,1,8,25,A01
201900008613,1,33,,13,0,7,1,A01
201900008614,1,33,,0,0,2,1,A01
201900008615,2,7,,0,0,4,2,A01
201900008615,2,33,,0,2,1,1,B01
201900008616,1,7,,0,1,7,21,A01
201900008617,2,7,,3,2,1,2,A01
201900008617,2,10,,0,0,4,2,B01
201900008618,1,7,,3,0,1,1,A01
201900008619,1,7,,9,0,1,1,A01
201900008620,3,33,,0,2,7,3,B01
201900008620,3,7,,0,2,3,9,A01
201900008621,3,10,,0,2,3,19,A01
201900008621,3,33,,0,0,1,1,B01
201900008622,2,10,,3,2,1,17,A01
201900008622,2,15,,0,2,6,2,B01
201900008623,1,33,,0,2,1,4,A01
201900008623,1,7,,0,2,5,23,B01
201900008624,2,7,,2,0,5,1,A01
201900008625,0,7,,0,1,2,2,A01
201900008626,1,7,,0,0,0,2,B01
201900008626,1,7,,0,0,4,1,A01
201900008627,2,7,,0,0,9,9,A01
201900008628,1,7,,3,0,3,0,A01
201900008629,1,7,,7,0,9,1,A01
201900008630,1,7,,0,0,2,1,A01
201900008631,1,1,,0,2,8,18,B01
201900008631,1,13,,0,2,5,16,A01
201900008632,1,21,,0,2,3,15,B01
201900008632,1,7,,0,2,2,17,A01
201900008633,1,7,,4,2,2,17,A01
201900008633,1,15,,0,0,6,1,B01
201900008633,1,7,,0,2,1,1,C01
201900008634,2,17,,3,0,3,13,A01
201900008635,1,7,,0,0,2,0,A01
201900008636,1,7,,0,1,2,1,A01
201900008637,2,7,,0,2,3,15,B01
201900008637,2,33,,0,2,1,17,A01
201900008638,1,33,,0,2,7,1,B01
201900008638,1,7,,0,2,8,11,A01
201900008639,1,10,,0,0,6,1,B01
201900008639,1,15,,0,2,2,14,A01
201900008640,2,10,,0,0,4,2,B01
201900008640,2,7,,0,2,1,0,A01
201900008641,1,33,,0,2,8,0,B01
201900008641,1,7,,0,2,7,12,A01
201900008642,1,7,,4,0,6,1,B01
201900008642,1,7,,0,2,2,14,A01
201900008643,1,7,,0,2,2,1,A01
201900008643,0,7,,0,2,9,26,B01
201900008644,1,7,,13,2,8,1,B01
201900008644,1,7,,3,2,7,17,A01
201900008645,2,33,,16,0,1,1,A01
201900008646,1,7,,2,0,1,14,A01
201900008647,1,17,,0,0,1,1,B01
201900008647,3,10,,0,0,2,19,A01
201900008648,1,15,,0,2,2,1,B01
201900008648,2,10,,0,2,1,13,A01
201900008649,2,15,,0,0,3,1,A01
201900008650,2,7,,0,1,2,1,A01
201900008651,1,33,,7,0,2,1,A01
201900008652,1,2,,0,2,1,1,A01
201900008652,2,7,,0,2,1,1,B01
201900008653,2,1,,0,0,0,1,A01
201900008654,1,15,,0,2,2,1,A01
201900008654,1,99,,0,0,0,2,B01
201900008654,1,31,,0,2,4,23,C01
201900008655,2,7,,0,2,9,12,A01
201900008655,2,15,,0,2,8,1,B01
201900008656,2,7,,0,2,2,14,A01
201900008656,2,17,,0,2,3,12,B01
201900008657,2,33,,0,0,7,2,A01
201900008658,2,7,,0,0,9,2,A01
201900008659,2,15,,0,2,6,1,B01
201900008659,2,7,,4,2,2,17,A01
201900008660,2,7,,4,0,2,0,A01
201900008661,1,7,,0,2,1,2,A01
201900008661,1,7,,0,2,4,2,B01
201900008661,1,7,,0,0,4,2,C01
201900008662,2,7,,0,9,2,1,A01
201900008663,0,1,,0,0,9,2,B01
201900008663,3,7,,0,9,5,1,A01
201900008664,1,17,,13,2,3,1,B01
201900008664,2,7,,3,2,1,13,A01
201900008665,1,7,,3,0,1,1,A01
201900008666,2,7,,0,0,1,14,A01
201900008667,2,7,,3,0,3,14,A01
201900008668,2,7,,0,0,9,21,A01
201900008669,2,7,,17,0,1,14,A01
201900008670,2,14,,0,2,3,2,C01
201900008670,2,13,,0,0,4,2,B01
201900008670,2,7,,0,2,1,2,A01
201900008671,2,7,,0,2,4,2,F01
201900008671,2,10,,0,2,4,2,E01
201900008671,2,7,,0,2,1,2,D01
201900008671,2,15,,0,2,1,2,C01
201900008671,2,15,,0,0,4,1,B01
201900008671,2,15,,4,0,4,1,A01
201900008672,2,7,,0,2,2,2,B01
201900008672,2,33,,0,0,4,2,A01
201900008673,3,2,,16,0,1,1,A01
201900008674,0,33,,0,2,1,17,B01
201900008674,0,7,,0,2,8,10,A01
201900008675,1,10,,0,2,3,1,B01
201900008675,2,7,,0,2,3,6,A01
201900008676,2,7,,3,0,2,1,A01
201900008677,1,7,,0,2,3,1,B01
201900008677,2,2,,0,2,1,1,A01
201900008678,3,7,,0,2,1,1,A01
201900008678,3,1,,0,2,1,16,B01
201900008679,0,7,,0,1,2,19,A01
201900008680,2,7,,0,2,8,1,B01
201900008680,2,7,,3,2,7,1,A01
201900008681,2,14,,0,2,6,1,B01
201900008681,2,7,,0,2,2,12,A01
201900008682,2,7,,3,0,4,1,B01
201900008682,2,7,,0,2,1,2,A01
201900008683,2,7,,4,0,4,2,B01
201900008683,2,10,,0,2,1,2,A01
201900008684,1,2,,0,0,7,1,A01
201900008685,1,33,,4,0,8,0,A01
201900008686,2,7,,0,2,2,12,A01
201900008686,2,31,,0,2,8,3,B01
201900008687,2,17,,0,0,6,1,B01
201900008687,2,7,,0,2,2,1,A01
201900008688,1,13,,0,2,8,1,C01
201900008688,1,7,,0,2,4,1,B01
201900008688,1,7,,0,2,1,1,A01
201900008689,2,7,,0,2,3,1,A01
201900008689,2,7,,0,2,4,1,B01
201900008689,2,7,,0,0,4,1,C01
201900008689,2,7,,3,2,4,1,D01
201900008690,2,7,,0,0,7,1,A01
201900008691,1,7,,0,2,4,2,B01
201900008691,1,33,,0,2,1,2,A01
201900008692,1,7,,4,0,3,21,A01
201900008693,1,7,,0,2,6,15,B01
201900008693,1,31,,0,2,1,17,A01
201900008694,0,7,,0,0,9,2,A01
201900008695,2,31,,0,2,1,9,A01
201900008695,1,7,,0,2,7,1,B01
201900008696,2,7,,0,2,1,1,C01
201900008696,2,17,,0,0,4,1,B01
201900008696,2,7,,4,2,9,0,A01
201900008697,2,7,,0,2,3,9,B01
201900008697,1,7,,0,2,1,1,A01
201900008698,3,7,,6,0,3,1,A01
201900008699,3,7,,0,0,9,1,A01
201900008700,3,7,,2,0,3,0,A01
201900008701,1,10,,3,0,3,14,A01
201900008702,2,10,,0,2,2,1,B01
201900008702,1,38,1.0,0,2,5,13,A01
201900008703,3,10,,0,1,1,1,A01
201900008704,2,7,,0,0,3,0,A01
201900008705,2,7,,2,0,1,1,A01
201900008706,3,7,,2,0,1,14,A01
201900008707,2,7,,0,2,3,13,A01
201900008707,1,7,,0,2,3,1,B01
201900008708,1,7,,0,2,3,17,A01
201900008708,1,10,,0,2,5,17,B01
201900008709,3,7,,6,0,1,1,A01
201900008710,2,7,,0,2,3,1,B01
201900008710,1,7,,0,2,1,13,A01
201900008711,0,7,,0,1,1,1,A01
201900008712,3,7,,0,1,8,1,A01
201900008713,2,7,,0,2,1,1,C01
201900008713,2,14,,0,0,0,17,B01
201900008713,2,7,,0,0,4,1,A01
201900008714,1,7,,0,0,4,23,B01
201900008714,1,7,,0,2,1,2,A01
201900008715,1,1,,0,2,1,5,B01
201900008715,2,7,,1,0,2,1,A01
201900008716,3,7,,0,1,2,1,A01
201900008717,1,7,,0,2,3,0,B01
201900008717,2,7,,0,2,1,0,A01
201900008718,0,7,,0,2,3,1,C01
201900008718,0,7,,0,2,8,1,B01
201900008718,0,32,,0,2,1,17,A01
201900008719,1,10,,0,2,5,15,B01
201900008719,2,34,,0,2,2,1,A01
201900008720,0,2,,1,0,1,1,A01
201900008721,1,33,,6,0,1,0,A01
201900008722,2,7,,0,2,6,1,A01
201900008722,2,2,,0,2,2,9,B01
201900008723,3,99,,0,2,1,17,B01
201900008723,3,7,,0,0,2,1,A01
201900008724,1,31,,0,2,1,1,A01
201900008724,2,7,,0,2,5,15,B01
201900008725,2,33,,0,0,5,23,B01
201900008725,2,33,,0,2,1,2,A01
201900008726,2,7,,13,0,1,1,A01
201900008727,2,7,,8,0,1,0,A01
201900008728,1,7,,2,0,3,15,A01
201900008729,1,7,,0,2,3,9,A01
201900008729,2,1,,0,2,1,1,B01
201900008730,2,7,,17,0,3,1,A01
201900008731,3,80,,0,0,2,0,A01
201900008732,1,1,,0,2,3,1,B01
201900008732,1,7,,0,9,2,19,A01
201900008733,2,33,,0,2,1,1,B01
201900008733,1,7,,0,2,1,1,A01
201900008734,1,14,,0,2,2,1,C01
201900008734,1,7,,0,2,8,1,B01
201900008734,2,7,,0,2,1,5,A01
201900008735,2,31,,14,0,1,1,A01
201900008736,3,1,,0,2,8,0,B01
201900008736,2,7,,0,9,1,19,A01
201900008737,1,7,,0,1,2,19,A01
201900008738,1,7,,0,2,0,26,D01
201900008738,1,7,,0,0,4,23,A01
201900008738,1,7,,0,0,4,23,C01
201900008738,1,7,,0,2,4,23,B01
201900008739,2,7,,0,0,4,1,B01
201900008739,2,2,,1,2,1,3,A01
201900008740,2,7,,0,2,3,1,B01
201900008740,1,13,,0,2,1,15,A01
201900008741,1,7,,0,0,1,1,A01
201900008742,2,7,,0,2,1,15,C01
201900008742,1,33,,0,2,2,1,A01
201900008743,1,7,,0,2,3,16,B01
201900008743,2,2,,0,2,1,1,A01
201900008744,1,7,,0,2,1,1,C01
201900008744,1,7,,0,2,6,1,B01
201900008744,2,7,,0,2,1,6,A01
201900008745,2,7,,0,0,9,1,A01
201900008746,3,7,,8,2,3,1,B01
201900008746,3,7,,8,2,3,11,A01
201900008747,3,7,,0,1,8,1,A01
201900008748,0,7,,0,1,1,26,A01
201900008749,3,7,,0,1,1,1,A01
201900008750,1,7,,0,2,5,1,A01
201900008750,2,7,,0,2,1,1,B01
201900008751,1,15,,0,2,6,13,A01
201900008751,1,7,,0,2,2,1,B01
201900008752,1,7,,0,2,2,2,A01
201900008752,1,7,,0,2,4,2,B01
201900008753,1,7,,0,2,8,1,B01
201900008753,1,7,,0,2,1,15,A01
201900008754,2,7,,0,0,1,1,C01
201900008754,1,33,,0,2,1,17,A01
201900008754,1,7,,0,0,0,9,B01
201900008755,0,33,,0,2,1,1,B01
201900008755,0,7,,0,2,2,1,A01
201900008756,0,7,,3,0,9,16,A01
201900008757,0,3,,13,0,1,1,A01
201900008758,1,7,,0,1,2,1,A01
201900008759,1,7,,0,2,6,15,B01
201900008759,2,34,,0,2,1,1,A01
201900008760,2,37,1.0,0,2,4,0,B01
201900008760,2,7,,1,0,1,21,A01
201900008761,1,7,,0,1,7,1,A01
201900008762,1,7,,0,2,1,9,B01
201900008762,1,30,,0,2,7,1,A01
201900008763,1,7,,0,2,3,0,A01
201900008763,2,7,,0,2,3,0,B01
201900008764,1,30,,0,2,7,17,A01
201900008764,1,7,,0,2,8,1,B01
201900008765,1,37,0.0,0,1,2,1,A01
201900008766,3,7,,0,2,3,26,A01
201900008766,2,7,,0,2,1,1,B01
201900008767,1,7,,0,0,9,1,A01
201900008768,2,7,,0,2,2,11,A01
201900008768,1,33,,0,2,8,21,B01
201900008768,1,7,,0,2,2,21,C01
201900008769,1,7,,14,0,1,1,A01
201900008770,3,7,,0,2,6,1,B01
201900008770,3,7,,0,2,2,1,A01
201900008771,1,1,,0,1,1,25,A01
201900008772,1,32,,0,2,1,1,A01
201900008772,1,7,,0,2,4,23,B01
201900008773,3,7,,0,2,4,1,B01
201900008773,3,7,,0,2,1,1,A01
201900008774,2,10,,0,9,3,15,A01
201900008774,2,33,,0,2,1,9,B01
201900008775,3,17,,0,2,3,1,B01
201900008775,3,7,,0,2,1,16,A01
201900008776,1,37,1.0,0,1,2,16,A01
201900008777,1,31,,0,2,5,26,B01
201900008777,1,15,,0,2,3,2,A01
201900008778,2,1,,0,2,1,1,B01
201900008778,1,7,,0,2,6,1,A01
201900008779,2,7,,0,2,8,1,B01
201900008779,1,2,,0,2,1,1,A01
201900008780,2,32,,0,2,2,1,B01
201900008780,1,10,,0,2,3,9,A01
201900008781,1,7,,0,2,7,9,A01
201900008781,2,32,,0,2,1,1,B01
201900008782,1,7,,0,1,1,1,A01
201900008783,1,7,,1,0,1,13,A01
201900008784,1,7,,0,2,3,10,A01
201900008784,1,31,,0,2,2,17,B01
201900008785,1,50,,0,2,8,15,A01
201900008785,1,7,,0,6,1,1,B01
201900008786,2,7,,0,2,6,15,A01
201900008786,1,33,,0,2,1,1,B01
201900008787,1,7,,0,2,1,13,A01
201900008787,2,7,,0,2,1,1,B01
201900008788,1,2,,0,2,4,2,B01
201900008788,1,7,,0,2,1,2,A01
201900008789,1,31,,0,2,1,1,B01
201900008789,1,7,,0,2,1,13,A01
201900008790,2,7,,0,2,8,16,A01
201900008790,2,37,2.0,0,2,2,1,B01
201900008791,2,10,,0,2,3,9,A01
201900008791,1,33,,14,2,2,15,B01
201900008792,3,1,,0,2,8,26,B01
201900008792,2,7,,0,2,1,18,A01
201900008793,2,7,,0,2,4,2,B01
201900008793,2,7,,0,2,1,2,A01
201900008794,3,33,,0,2,1,1,B01
201900008794,3,7,,0,2,7,19,A01
201900008795,3,7,,0,1,1,1,A01
201900008796,0,7,,0,0,0,18,B01
201900008796,0,31,,0,0,0,1,A01
201900008797,1,10,,0,1,1,1,A01
201900008798,1,7,,0,2,8,1,A01
201900008798,1,33,,0,2,0,0,B01
201900008799,2,7,,0,6,1,26,A01
201900008799,1,1,,0,2,7,15,B01
201900008800,3,7,,2,0,2,9,A01
201900008801,2,7,,0,6,1,26,C01
201900008801,1,33,,15,0,1,0,B01
201900008801,1,33,,0,2,1,26,A01
201900008802,2,1,,0,2,7,19,B01
201900008802,2,7,,0,2,1,26,A01
201900008803,2,7,,0,1,1,0,A01
201900008804,1,10,,0,2,1,26,A01
201900008804,1,7,,0,2,8,0,B01
201900008805,3,7,,8,0,1,26,A01
201900008806,2,7,,6,0,1,1,A01
201900008807,2,32,,0,2,9,17,B01
201900008807,2,10,,0,2,8,13,A01
201900008808,3,99,,0,2,5,1,C01
201900008808,3,32,,1,0,2,1,B01
201900008808,3,7,,0,2,8,26,A01
201900008809,2,7,,0,1,2,1,A01
201900008810,1,7,,1,0,1,1,A01
201900008811,2,1,,0,2,4,2,B01
201900008811,2,7,,0,6,1,21,A01
201900008812,1,14,,0,2,1,1,A01
201900008812,3,1,,0,2,8,19,B01
201900008813,1,7,,0,1,1,1,A01
201900008814,1,30,,12,0,3,13,A01
201900008815,2,7,,13,0,1,14,A01
201900008816,2,7,,0,0,0,10,A01
201900008817,1,14,,14,1,4,26,A01
201900008818,1,7,,0,2,1,1,A01
201900008818,1,30,,0,2,7,16,B01
201900008819,3,10,,0,2,7,17,A01
201900008819,3,1,,0,2,8,15,B01
201900008820,1,10,,0,2,8,10,A01
201900008820,1,43,,0,2,1,2,B01
201900008821,0,7,,0,2,8,1,B01
201900008821,0,1,,0,2,1,19,A01
201900008822,0,7,,0,1,4,25,A01
201900008823,1,7,,0,2,2,1,A01
201900008823,1,7,,0,0,6,1,A01
201900008824,2,33,,0,2,3,15,B01
201900008824,2,7,,0,2,1,9,A01
201900008825,0,7,,0,2,2,1,A01
201900008825,0,7,,0,2,3,23,B01
201900008826,1,7,,0,2,4,0,B01
201900008826,1,7,,0,2,1,0,A01
201900008827,1,7,,0,2,0,0,Y01
201900008827,1,7,,0,1,0,1,A01
201900008828,1,7,,0,2,8,0,A01
201900008828,1,30,,0,2,1,0,B01
201900008829,1,1,,0,2,1,1,B01
201900008829,1,50,,0,2,1,1,A01
201900008830,2,7,,0,2,4,4,A01
201900008830,3,7,,0,2,7,26,B01
201900008830,1,7,,0,2,3,1,C01
201900008831,1,7,,0,2,1,9,A01
201900008831,1,7,,0,2,5,1,B01
201900008832,3,7,,0,2,2,15,A01
201900008832,3,7,,0,2,1,1,B01
201900008833,2,7,,0,2,7,15,A01
201900008833,1,7,,0,2,2,1,B01
201900008834,2,7,,12,0,1,1,A01
201900008835,2,7,,0,2,4,23,B01
201900008835,2,7,,0,2,1,1,A01
201900008836,2,7,,0,2,2,19,B01
201900008836,2,7,,6,2,1,19,A01
201900008837,1,7,,0,1,3,15,A01
201900008838,2,7,,0,0,0,1,A01
201900008839,3,10,,0,1,1,26,A01
201900008840,1,30,,0,2,3,16,A01
201900008840,1,7,,0,2,3,1,B01
201900008841,3,7,,0,1,1,1,A01
201900008842,0,7,,0,1,0,0,Z01
201900008843,2,1,,0,2,1,19,B01
201900008843,2,7,,0,2,3,1,A01
201900008844,2,7,,0,2,5,1,A01
201900008844,2,1,,0,2,1,1,B01
201900008845,0,33,,0,2,7,1,A01
201900008845,0,7,,0,2,8,1,B01
201900008846,2,1,,0,2,4,1,A01
201900008846,2,7,,0,2,5,16,B01
201900008847,2,7,,0,1,2,1,A01
201900008848,1,7,,0,2,2,1,B01
201900008848,1,7,,0,2,8,26,A01
201900008849,1,7,,0,2,8,13,A01
201900008849,0,2,,0,2,7,17,B01
201900008850,0,7,,0,2,2,1,A01
201900008850,0,7,,0,2,9,1,B01
201900008851,0,7,,0,2,7,9,A01
201900008851,0,7,,0,2,0,0,B01
201900008852,0,7,,0,2,1,16,B01
201900008852,0,33,,0,2,1,15,A01
201900008853,1,14,,0,2,8,0,B01
201900008853,3,7,,0,2,3,13,A01
201900008854,1,14,,0,2,3,1,B01
201900008854,1,7,,0,2,2,9,A01
201900008855,2,7,,13,0,9,1,A01
201900008856,3,7,,0,2,3,1,B01
201900008856,3,7,,0,2,7,1,A01
201900008857,2,7,,0,2,4,1,B01
201900008857,2,7,,0,2,1,1,A01
201900008858,2,7,,0,1,1,1,A01
201900008859,0,7,,2,0,1,16,A01
201900008860,2,7,,0,0,0,0,A01
201900008861,2,7,,16,0,0,1,A01
201900008862,1,7,,0,2,1,15,A01
201900008862,2,1,,0,2,0,5,B01
201900008863,0,10,,0,0,4,1,B01
201900008863,0,7,,0,2,1,1,A01
201900008864,3,7,,0,2,3,9,A01
201900008864,2,33,,0,2,1,1,B01
201900008865,3,7,,0,2,1,26,A01
201900008865,3,7,,0,2,1,26,B01
201900008866,3,10,,0,1,1,1,A01
201900008867,1,7,,0,1,1,1,A01
201900008868,3,10,,0,1,2,26,A01
201900008869,3,7,,0,1,2,1,A01
201900008870,2,1,,0,2,1,1,B01
201900008870,2,10,,0,2,3,1,A01
201900008871,1,7,,0,0,4,23,B01
201900008871,1,30,,0,2,1,2,A01
201900008872,1,7,,0,6,2,21,A01
201900008872,2,1,,8,2,1,5,B01
201900008873,1,7,,1,2,8,0,B01
201900008873,1,1,,1,2,1,0,A01
201900008874,1,7,,0,1,8,1,A01
201900008875,1,30,,12,0,1,14,A01
201900008876,1,7,,0,2,7,1,B01
201900008876,1,33,,0,2,1,19,A01
201900008877,1,7,,0,2,3,15,B01
201900008877,2,33,,0,2,1,17,A01
201900008878,2,33,,0,2,1,17,A01
201900008878,1,7,,0,2,2,15,B01
201900008879,2,7,,0,1,2,16,A01
201900008880,1,7,,0,2,6,17,A01
201900008880,1,33,,0,2,1,2,B01
201900008881,3,7,,0,0,7,15,A01
201900008882,1,10,,0,2,1,1,A01
201900008882,1,10,,0,0,4,1,B01
201900008883,3,7,,0,2,1,1,A01
201900008883,3,7,,0,0,4,1,B01
201900008884,3,7,,0,2,1,1,B01
201900008884,3,10,,0,2,1,1,A01
201900008885,1,7,,0,2,6,1,B01
201900008885,1,33,,0,2,1,1,A01
201900008886,3,7,,0,2,4,2,E01
201900008886,2,7,,0,2,4,2,D01
201900008886,2,7,,0,2,4,0,C01
201900008886,2,7,,0,2,4,2,B01
201900008886,2,99,,0,2,1,2,A01
201900008887,1,7,,0,0,8,10,A01
201900008887,0,33,,0,2,1,2,B01
201900008888,3,7,,0,2,3,1,B01
201900008888,3,7,,0,2,3,13,A01
201900008889,3,1,,0,2,1,5,A01
201900008889,0,7,,0,2,2,1,B01
201900008890,0,7,,0,2,3,13,B01
201900008890,0,7,,0,2,3,1,A01
201900008891,1,2,,0,1,1,5,Z01
201900008892,0,7,,0,2,2,1,B01
201900008892,0,7,,0,2,2,1,A01
201900008893,3,7,,0,2,3,15,A01
201900008893,1,30,,0,2,3,0,B01
201900008894,3,30,,0,0,0,1,A01
201900008895,2,7,,0,2,3,1,A01
201900008895,1,7,,0,2,2,1,B01
201900008896,1,7,,0,2,2,24,B01
201900008896,1,7,,1,0,1,2,A01
201900008897,0,7,,0,2,3,13,A01
201900008897,0,7,,0,2,3,1,B01
201900008898,1,33,,12,0,2,14,A01
201900008899,0,7,,0,2,2,1,B01
201900008899,0,7,,0,2,3,1,A01
201900008900,2,33,,0,2,8,1,A01
201900008900,0,10,,0,0,7,1,B01
201900008901,1,7,,0,1,1,1,A01
201900008902,0,7,,0,2,3,1,Z01
201900008902,0,33,,0,0,0,0,A01
201900008903,1,7,,10,0,1,14,A01
201900008904,3,3,,11,0,8,16,A01
201900008905,0,37,1.0,0,0,0,0,B01
201900008905,3,7,,0,2,8,15,A01
201900008906,2,7,,16,0,7,14,A01
201900008907,1,30,,0,2,8,1,B01
201900008907,1,20,,0,2,1,19,A01
201900008908,1,34,,0,2,1,17,B01
201900008908,1,7,,0,2,6,10,A01
201900008909,1,33,,1,0,1,0,A01
201900008910,1,7,,0,2,1,15,A01
201900008910,2,33,,0,2,1,1,B01
201900008911,3,7,,0,2,3,16,B01
201900008911,3,33,,0,2,1,1,A01
201900008912,1,7,,1,0,9,1,A01
201900008912,1,7,,0,2,7,0,B01
201900008912,1,7,,0,2,4,0,C01
201900008913,1,33,,0,0,1,13,A01
201900008914,1,1,,0,2,1,1,B01
201900008914,2,7,,0,2,1,15,A01
201900008915,2,33,,0,0,0,1,A01
201900008916,2,33,,0,2,1,1,A01
201900008916,2,7,,0,2,6,11,B01
201900008917,2,33,,14,0,1,1,A01
201900008918,1,10,,0,2,6,13,Z01
201900008918,1,33,,0,2,2,3,B01
201900008918,1,7,,0,2,7,1,C01
201900008919,1,7,,0,2,4,2,B01
201900008919,1,7,,0,2,1,2,A01
201900008920,2,10,,4,0,3,13,A01
201900008921,1,32,,14,0,1,1,A01
201900008922,2,33,,0,1,0,1,Z01
201900008923,1,7,,1,1,2,15,A01
201900008924,1,7,,9,0,9,1,A01
201900008925,2,7,,0,2,3,1,B01
201900008925,2,34,,0,2,1,1,A01
201900008926,1,7,,2,0,7,13,A01
201900008927,1,7,,0,2,1,1,A01
201900008927,1,33,,0,2,7,1,B01
201900008928,0,30,,0,0,8,0,A01
201900008929,2,7,,16,0,0,21,A01
201900008930,3,7,,0,1,2,1,A01
201900008931,2,2,,0,0,0,26,A01
201900008932,3,7,,0,2,2,17,A01
201900008932,3,7,,0,2,5,23,C01
201900008932,3,7,,0,2,6,23,B01
201900008933,1,7,,0,1,1,2,A01
201900008934,1,10,,0,1,2,15,A01
201900008935,3,7,,0,2,7,26,A01
201900008935,3,7,,0,2,1,1,B01
201900008936,3,7,,6,0,4,1,A01
201900008937,3,7,,0,1,1,1,A01
201900008938,2,7,,4,0,1,9,A01
201900008939,0,7,,0,2,1,15,A01
201900008939,3,33,,0,2,1,1,B01
201900008940,3,30,,0,2,2,16,B01
201900008940,3,7,,0,2,1,9,A01
201900008941,1,7,,0,2,1,2,A01
201900008941,1,7,,0,2,4,1,B01
201900008942,2,7,,0,2,0,0,Z01
201900008942,2,33,,0,2,5,9,B01
201900008943,2,7,,0,6,2,16,B01
201900008943,2,1,,0,2,6,26,A01
201900008944,2,7,,2,0,1,14,A01
201900008945,1,37,1.0,0,1,3,9,A01
201900008946,1,7,,0,1,1,1,A01
201900008947,3,7,,0,2,1,9,B01
201900008947,3,7,,0,2,5,9,A01
201900008948,1,7,,0,2,2,16,Z01
201900008948,1,7,,7,2,8,1,A01
201900008949,3,10,,0,1,4,4,A01
201900008950,3,7,,0,2,1,26,A01
201900008950,3,1,,0,2,8,9,B01
201900008951,2,7,,0,2,1,1,B01
201900008951,1,7,,0,2,1,13,A01
201900008952,2,33,,0,2,3,11,A01
201900008952,2,33,,0,2,7,3,B01
201900008952,2,7,,0,2,2,1,C01
201900008952,2,10,,0,2,6,1,D01
201900008953,1,10,,0,2,1,1,C01
201900008953,1,33,,0,2,1,3,B01
201900008953,1,7,,0,2,6,11,A01
201900008954,2,10,,0,2,3,16,B01
201900008954,2,50,,0,2,1,1,A01
201900008955,1,7,,0,1,3,15,A01
201900008956,2,37,1.0,0,1,7,1,A01
201900008957,1,7,,0,2,3,2,A01
201900008957,1,7,,0,2,4,23,B01
201900008958,2,30,,0,2,2,17,B01
201900008958,2,7,,0,2,0,15,A01
201900008959,1,30,,0,2,2,1,A01
201900008959,2,30,,0,2,1,15,Z01
201900008960,1,33,,0,2,7,17,B01
201900008960,1,7,,0,2,3,10,A01
201900008961,1,7,,0,1,2,16,A01
201900008962,2,7,,0,2,2,15,A01