Num_Acc,senc,catv,occutc,obs,obsm,choc,manv,num_veh
201900008962,1,30,,0,2,1,1,B01
201900008963,2,50,,0,0,0,7,A01
201900008964,2,7,,0,2,3,19,B01
201900008964,2,7,,0,2,1,1,A01
201900008965,2,7,,0,2,3,19,B01
201900008965,2,10,,0,2,1,2,A01
201900008966,1,7,,0,1,3,20,Z01
201900008967,2,7,,0,2,1,2,A01
201900008967,2,7,,0,2,4,0,B01
201900008968,3,10,,13,0,2,14,A01
201900008969,2,34,,0,1,1,1,A01
201900008970,3,33,,0,0,0,9,A01
201900008971,1,0,,0,6,0,0,Z01
201900008971,1,7,,0,2,1,2,B01
201900008971,1,7,,0,2,1,2,C01
201900008972,1,31,,0,2,2,17,A01
201900008972,1,7,,0,2,6,15,B01
201900008973,2,7,,0,0,0,0,B01
201900008973,1,33,,0,2,6,1,A01
201900008974,0,7,,0,1,2,19,A01
201900008975,3,33,,0,2,8,1,B01
201900008975,3,7,,0,2,1,10,A01
201900008976,1,10,,0,2,3,1,A01
201900008976,2,7,,1,2,8,15,B01
201900008977,2,14,,0,0,8,1,A01
201900008978,1,7,,0,2,7,5,A01
201900008978,2,7,,0,2,1,1,B01
201900008979,1,7,,0,2,1,1,A01
201900008979,1,7,,0,2,8,9,B01
201900008980,2,7,,0,2,4,2,C01
201900008980,2,7,,0,2,4,2,B01
201900008980,2,7,,0,0,1,2,A01
201900008981,2,7,,0,1,1,1,A01
201900008982,2,7,,0,2,1,1,D01
201900008982,2,10,,0,2,8,1,C01
201900008982,2,16,,0,2,3,1,B01
201900008982,1,7,,0,2,3,1,A01
201900008983,1,2,,0,2,8,15,A01
201900008983,2,33,,0,2,1,0,B01
201900008984,2,7,,13,0,9,14,A01
201900008985,2,7,,1,1,2,1,A01
201900008986,1,33,,0,2,1,1,B01
201900008986,2,7,,3,2,5,1,A01
201900008987,1,7,,0,1,6,4,A01
201900008988,1,34,,0,6,1,1,A01
201900008989,1,30,,13,0,7,14,A01
201900008990,1,33,,0,2,1,1,A01
201900008990,2,7,,0,2,2,15,B01
201900008991,1,7,,0,1,3,17,A01
201900008992,3,36,,0,2,1,1,B01
201900008992,3,7,,16,2,8,19,A01
201900008993,2,7,,0,0,7,1,A01
201900008994,2,7,,13,0,1,1,A01
201900008995,2,3,,15,0,1,1,A01
201900008996,2,7,,0,2,1,13,A01
201900008996,1,7,,0,2,1,1,B01
201900008997,1,7,,0,2,1,1,B01
201900008997,2,7,,0,2,1,5,A01
201900008998,2,7,,13,0,9,1,A01
201900008998,1,7,,13,0,4,1,B01
201900008999,2,7,,0,2,1,2,A01
201900008999,2,2,,0,0,4,1,B01
201900009000,1,7,,3,2,1,0,A01
201900009000,2,7,,0,2,7,1,B01
201900009000,2,7,,0,2,3,1,C01
201900009001,1,7,,13,0,8,13,A01
201900009002,1,7,,13,0,2,14,A01
201900009003,2,7,,0,0,0,1,A01
201900009004,1,7,,0,1,3,21,B01
201900009005,1,7,,2,0,3,0,A01
201900009006,0,7,,0,0,3,0,A01
201900009006,0,2,,0,2,1,0,B01
201900009007,1,2,,0,2,2,1,B01
201900009007,3,7,,0,2,1,16,A01
201900009008,3,1,,0,2,3,5,B01
201900009008,3,7,,0,2,1,1,A01
201900009009,1,7,,0,2,3,1,B01
201900009009,1,7,,13,2,2,17,A01
201900009010,0,33,,0,0,7,1,A01
201900009011,3,10,,8,0,3,2,A01
201900009012,3,32,,0,2,1,13,B01
201900009012,3,10,,0,2,6,15,A01
201900009013,1,3,,7,0,7,1,A01
201900009013,1,10,,0,2,1,1,B01
201900009014,2,7,,0,2,8,1,C01
201900009014,2,7,,0,2,8,1,B01
201900009014,3,7,,2,2,3,13,A01
201900009015,3,7,,2,0,2,14,A01
201900009016,1,7,,13,0,3,1,A01
201900009017,2,7,,0,1,1,1,A01
201900009018,2,7,,13,0,0,17,A01
201900009019,1,7,,0,2,6,1,B01
201900009019,2,2,,0,2,6,13,A01
201900009020,1,10,,3,0,2,26,A01
201900009021,2,7,,15,0,2,1,A01
201900009022,1,10,,0,2,1,2,C01
201900009022,1,7,,0,2,4,2,B01
201900009022,1,7,,0,2,1,2,A01
201900009023,2,7,,1,0,1,1,A01
201900009024,2,10,,8,0,9,0,A01
201900009025,1,7,,4,0,2,0,A01
201900009026,2,10,,0,2,7,1,C01
201900009026,2,10,,1,2,2,14,B01
201900009026,2,17,,0,2,6,23,A01
201900009027,1,7,,4,2,3,1,B01
201900009027,1,7,,4,2,1,14,A01
201900009028,1,10,,4,0,1,1,A01
201900009029,1,14,,0,2,8,1,C01
201900009029,1,10,,0,2,8,24,B01
201900009029,1,10,,1,0,1,16,A01
201900009030,1,7,,3,0,1,1,A01
201900009031,2,7,,0,2,6,11,A01
201900009031,2,7,,0,2,5,1,B01
201900009032,2,7,,0,2,4,2,Z01
201900009032,2,7,,0,2,1,2,B01
201900009032,2,7,,0,2,1,2,A01
201900009033,1,7,,4,0,1,1,A01
201900009034,1,7,,4,0,0,1,A01
201900009035,2,10,,0,2,1,2,C01
201900009035,2,10,,0,2,4,2,B01
201900009035,2,7,,4,2,8,9,A01
201900009036,1,7,,0,2,7,17,A01
201900009036,1,7,,4,2,8,1,B01
201900009037,2,34,,16,0,8,1,A01
201900009038,2,7,,0,2,8,13,A01
201900009038,3,1,,0,2,9,1,B01
201900009039,1,7,,0,2,1,2,A01
201900009039,1,7,,0,2,4,26,B01
201900009040,3,7,,0,2,8,10,A01
201900009040,3,31,,0,2,1,2,B01
201900009041,2,33,,14,0,1,2,A01
201900009042,1,7,,14,2,4,0,C01
201900009042,1,7,,0,2,4,23,B01
201900009042,1,2,,0,2,9,18,A01
201900009043,1,7,,0,6,2,2,A01
201900009043,3,34,,0,2,7,0,B01
201900009044,3,2,,0,2,1,1,B01
201900009044,2,7,,0,2,3,1,A01
201900009045,1,7,,0,2,7,1,B01
201900009045,1,7,,0,2,1,19,A01
201900009046,1,7,,0,2,1,1,A01
201900009046,2,7,,0,2,7,1,B01
201900009047,2,7,,0,1,1,1,A01
201900009048,1,14,,0,2,2,5,A01
201900009048,2,7,,0,2,3,15,B01
201900009049,3,7,,9,2,1,1,B01
201900009049,3,7,,0,2,5,1,A01
201900009050,1,7,,0,2,3,11,CB01
201900009050,2,7,,0,2,3,1,A01
201900009051,2,7,,1,0,3,26,A01
201900009051,2,7,,1,0,5,0,B01
201900009051,2,7,,0,2,0,0,C01
201900009052,1,7,,0,1,2,15,A01
201900009053,1,7,,0,2,3,15,B01
201900009053,1,33,,0,2,7,16,A01
201900009054,2,7,,0,2,4,2,C01
201900009054,2,7,,0,2,4,2,B01
201900009054,2,7,,0,2,1,2,A01
201900009055,3,7,,0,1,1,16,A01
201900009056,2,34,,0,2,0,0,C01
201900009056,2,7,,0,1,0,1,B01
201900009056,1,7,,0,1,2,1,A01
201900009057,3,7,,4,2,2,1,B01
201900009057,3,7,,4,2,8,11,A01
201900009058,3,7,,0,2,6,15,B01
201900009058,3,7,,0,2,2,14,A01
201900009059,1,33,,0,0,8,13,A01
201900009059,1,7,,0,0,3,14,B01
201900009060,1,33,,12,0,3,15,A01
201900009061,3,7,,0,1,1,1,A01
201900009062,1,7,,0,1,3,9,A01
201900009063,1,7,,0,2,1,1,A01
201900009063,1,7,,0,2,1,1,B01
201900009063,1,7,,0,2,4,1,C01
201900009064,2,7,,0,1,1,26,A01
201900009065,1,7,,0,1,2,1,A01
201900009066,0,7,,0,1,1,1,A01
201900009067,1,7,,0,2,5,23,A01
201900009067,1,34,,0,2,1,3,B01
201900009068,1,7,,0,2,3,1,B01
201900009068,2,7,,0,2,3,13,A01
201900009069,1,7,,0,1,2,16,A01
201900009070,3,7,,0,2,4,1,C01
201900009070,3,7,,0,2,4,1,B01
201900009070,3,7,,0,2,1,1,A01
201900009071,1,7,,0,1,3,1,A01
201900009072,1,7,,0,1,1,16,A01
201900009073,3,7,,0,2,1,0,B01
201900009073,3,30,,0,2,1,17,A01
201900009074,1,7,,0,1,1,9,A01
201900009075,3,31,,0,2,1,1,B01
201900009075,3,7,,0,2,7,15,A01
201900009076,1,7,,0,1,2,16,A01
201900009077,3,7,,0,2,1,9,A01
201900009077,3,7,,0,9,4,2,B01
201900009078,1,7,,0,1,1,2,A01
201900009079,2,7,,0,1,3,15,A01
201900009080,2,7,,0,1,1,26,A01
201900009081,3,7,,1,2,5,20,D01
201900009081,2,7,,0,2,1,2,C01
201900009081,2,10,,0,2,8,2,B01
201900009081,1,7,,1,2,2,26,A01
201900009082,2,10,,0,2,8,1,B01
201900009082,1,14,,0,2,3,9,A01
201900009083,2,7,,0,2,3,15,B01
201900009083,2,30,,0,2,1,17,A01
201900009084,2,7,,0,1,1,1,A01
201900009085,1,7,,0,1,1,1,A01
201900009086,2,7,,0,2,1,15,A01
201900009086,1,7,,0,2,1,1,B01
201900009087,1,32,,8,0,8,13,A01
201900009088,3,32,,0,0,0,0,A01
201900009089,3,7,,0,0,0,9,B01
201900009089,3,32,,0,0,8,21,A01
201900009090,1,7,,0,6,2,1,A01
201900009090,1,1,,0,2,1,19,B01
201900009091,0,7,,0,2,2,15,A01
201900009091,0,33,,0,2,1,1,B01
201900009092,2,50,,0,2,1,1,B01
201900009092,2,7,,0,2,8,1,A01
201900009093,1,1,,0,0,0,0,B01
201900009093,1,7,,0,2,5,16,A01
201900009094,1,7,,0,2,1,1,A01
201900009095,1,2,,0,2,4,1,B01
201900009095,1,7,,0,2,1,1,A01
201900009096,1,1,,0,2,4,9,B01
201900009096,1,7,,0,6,4,2,A01
201900009097,2,32,,0,2,1,1,A01
201900009097,1,7,,0,2,8,15,B01
201900009098,2,7,,0,1,8,16,A01
201900009099,0,2,,1,0,1,13,A01
201900009100,2,10,,0,2,6,15,B01
201900009100,1,7,,0,2,1,1,A01
201900009101,0,7,,8,0,7,1,A01
201900009102,1,10,,0,2,1,2,A01
201900009102,1,7,,0,2,4,2,B01
201900009102,1,7,,0,2,4,2,C01
201900009102,1,7,,0,2,4,1,D01
201900009103,1,7,,0,2,1,2,B01
201900009103,1,7,,0,2,4,23,A01
201900009104,3,1,,0,2,8,1,B01
201900009104,3,7,,0,2,1,15,A01
201900009105,1,7,,0,2,1,1,A01
201900009105,2,1,,0,2,3,15,B01
201900009106,1,1,,0,2,1,26,B01
201900009106,0,7,,0,2,0,20,A01
201900009107,1,2,,0,2,1,3,B01
201900009107,1,7,,0,2,3,15,A01
201900009108,3,7,,0,2,1,2,A01
201900009108,1,7,,0,1,1,15,B01
201900009109,1,7,,0,2,1,2,A01
201900009109,1,3,,0,2,9,2,B01
201900009110,1,7,,0,2,1,9,A01
201900009110,2,1,,0,2,5,1,B01
201900009111,1,7,,13,0,1,1,A01
201900009112,1,7,,0,2,3,2,A01
201900009112,1,7,,0,2,6,23,B01
201900009113,1,30,,0,2,8,1,A01
201900009113,1,7,,0,2,1,15,B01
201900009114,3,7,,0,1,1,1,A01
201900009115,3,7,,0,1,5,4,A01
201900009116,3,33,,1,2,1,26,A01
201900009116,3,99,,0,2,6,26,B01
201900009117,1,36,,1,0,1,16,A01
201900009118,3,33,,0,2,1,1,F01
201900009118,3,7,,0,2,2,15,A01
201900009119,3,7,,0,2,1,13,A01
201900009119,3,7,,0,2,3,1,B01
201900009120,1,7,,0,2,1,1,C01
201900009120,2,7,,0,2,7,15,D01
201900009121,1,7,,0,2,1,15,A01
201900009121,2,10,,9,2,1,1,B01
201900009122,2,7,,0,2,7,16,A01
201900009122,1,2,,0,2,8,18,B01
201900009123,0,37,1.0,0,1,1,1,A01
201900009124,2,7,,0,2,0,11,A01
201900009124,2,33,,12,2,3,17,B01
201900009125,1,7,,1,0,1,26,A01
201900009126,2,7,,13,0,1,21,A01
201900009127,3,31,,0,2,5,17,B01
201900009127,3,7,,0,2,6,15,A01
201900009128,2,33,,7,0,1,13,A01
201900009129,1,7,,0,2,1,19,A01
201900009129,1,7,,0,2,5,0,B01
201900009130,1,99,,0,2,0,0,Y01
201900009130,1,34,,0,2,0,26,A01
201900009131,1,7,,0,1,1,26,Z01
201900009132,1,7,,0,1,1,26,A01
201900009133,1,7,,0,2,1,2,A01
201900009133,1,7,,0,2,4,2,B01
201900009133,2,7,,0,2,4,1,C01
201900009134,0,7,,0,2,7,1,B01
201900009134,0,7,,0,0,0,0,Z01
201900009135,0,30,,0,1,1,1,Z01
201900009136,0,7,,0,2,8,13,A01
201900009136,0,7,,0,2,7,15,B01
201900009137,0,7,,0,1,1,1,A01
201900009138,1,7,,0,1,1,1,A01
201900009139,3,10,,0,2,8,15,A01
201900009139,3,2,,0,2,1,1,B01
201900009140,3,1,,0,2,1,15,A01
201900009140,1,14,,0,2,2,26,B01
201900009141,1,7,,0,2,5,13,A01
201900009141,1,7,,0,2,3,1,B01
201900009142,3,7,,0,2,8,21,B01
201900009142,3,7,,0,2,8,19,A01
201900009143,3,10,,0,2,6,2,A01
201900009143,3,33,,0,2,2,2,B01
201900009144,3,40,,0,1,2,1,A01
201900009145,2,7,,0,6,7,16,A01
201900009146,2,7,,9,2,1,1,A01
201900009146,2,7,,9,0,3,1,B01
201900009147,3,7,,0,2,2,1,B01
201900009147,3,7,,0,2,3,1,A01
201900009148,3,7,,0,2,2,19,A01
201900009148,3,3,,0,2,3,1,B01
201900009149,2,7,,6,0,1,14,A01
201900009150,1,7,,0,6,1,19,A01
201900009150,2,1,,0,2,1,9,B01
201900009151,2,1,,0,2,1,1,B01
201900009151,1,7,,0,2,3,1,A01
201900009152,1,10,,0,1,1,1,A01
201900009153,1,7,,0,2,1,2,A01
201900009153,1,7,,0,2,4,2,B01
201900009154,1,7,,0,2,4,2,C01
201900009154,1,7,,0,2,4,2,B01
201900009154,1,7,,0,2,1,2,A01
201900009155,1,7,,0,2,1,1,Z01
201900009155,1,7,,0,2,4,2,B01
201900009156,2,7,,0,2,1,15,A01
201900009156,1,31,,0,2,1,1,B01
201900009157,2,7,,0,1,1,1,A01
201900009158,1,7,,0,2,1,1,B01
201900009158,1,33,,0,2,7,1,A01
201900009159,1,33,,8,0,1,13,A01
201900009160,3,33,,0,0,0,26,A01
201900009161,2,33,,0,0,0,1,A01
201900009161,2,7,,0,0,0,11,B01
201900009162,1,2,,8,0,3,19,A01
201900009163,1,7,,0,2,0,26,A01
201900009163,1,10,,0,2,0,0,B01
201900009164,2,7,,8,0,5,1,A01
201900009165,2,7,,0,1,2,1,A01
201900009166,1,7,,0,2,3,0,A01
201900009166,2,7,,0,2,3,0,B01
201900009167,1,7,,1,0,1,1,A01
201900009168,1,33,,0,2,1,2,B01
201900009168,1,10,,0,1,6,1,A01
201900009169,1,7,,0,1,1,15,A01
201900009170,2,1,,0,2,1,1,B01
201900009170,1,7,,0,2,7,15,A01
201900009171,1,7,,0,2,1,1,B01
201900009171,1,1,,0,2,0,1,A01
201900009172,1,7,,0,2,1,1,B01
201900009172,1,7,,0,2,1,1,A01
201900009173,1,7,,0,1,1,15,A01
201900009174,1,7,,0,2,1,2,A01
201900009174,1,7,,0,2,4,2,B01
201900009175,1,7,,4,0,9,16,A01
201900009176,1,7,,0,0,0,0,A01
201900009176,1,33,,0,2,2,9,B01
201900009177,2,7,,0,1,1,15,A01
201900009178,1,7,,0,1,2,1,A01
201900009179,1,1,,0,0,1,1,A01
201900009179,0,7,,0,2,1,13,A01
201900009180,1,7,,0,0,0,0,C01
201900009180,1,7,,0,2,4,1,B01
201900009180,1,7,,0,2,1,1,A01
201900009181,1,3,,0,1,0,0,A01
201900009182,1,7,,0,2,3,9,A01
201900009182,1,33,,0,2,7,1,B01
201900009183,2,80,,1,2,2,2,A01
201900009184,1,7,,2,0,1,26,A01
201900009185,1,7,,1,0,0,14,A01
201900009186,2,7,,0,1,8,15,A01
201900009187,2,7,,12,0,2,16,A01
201900009188,3,31,,0,0,0,1,A01
201900009189,3,7,,0,2,3,13,A01
201900009189,3,31,,0,2,7,17,B01
201900009190,0,7,,0,2,1,1,A01
201900009190,0,7,,0,2,3,1,B01
201900009191,0,7,,1,1,7,1,A01
201900009192,1,7,,0,2,3,1,D01
201900009192,1,7,,0,2,7,21,C01
201900009192,1,7,,0,2,3,1,B01
201900009192,2,7,,0,2,1,13,A01
201900009193,3,99,,0,1,1,1,A01
201900009194,1,7,,0,0,1,2,B01
201900009194,1,7,,0,2,4,2,A01
201900009195,3,7,,0,0,3,1,B01
201900009195,3,30,,0,2,1,9,A01
201900009196,1,7,,0,2,1,15,A01
201900009196,1,7,,0,2,1,1,B01
201900009197,1,7,,0,2,7,15,A01
201900009197,0,80,,0,2,1,1,B01
201900009198,2,7,,0,2,1,2,B01
201900009198,2,7,,0,0,4,1,A01
201900009199,2,20,,0,2,1,1,A01
201900009199,1,20,,0,2,1,5,B01
201900009200,3,7,,0,2,0,0,Z01
201900009200,1,1,,0,2,0,19,A01
201900009201,1,7,,0,2,4,23,F01
201900009201,1,7,,0,2,4,23,E01
201900009201,1,7,,0,2,4,23,D01
201900009201,1,7,,0,2,4,23,C01
201900009201,1,7,,0,2,4,23,B01
201900009201,1,99,,0,2,1,1,A01
201900009202,2,7,,-1,1,-1,1,A01
201900009203,1,30,,0,2,1,12,A01
201900009204,0,7,,0,2,3,15,B01
201900009204,1,31,,0,2,8,1,A01
201900009205,0,3,,0,0,0,0,B01
201900009205,0,34,,0,2,0,5,A01
201900009206,1,7,,0,1,1,1,A01
201900009206,1,1,,0,2,7,26,B01
201900009207,3,33,,0,2,8,9,A01
201900009207,3,7,,0,2,7,1,B01
201900009208,3,7,,0,0,1,1,A01
201900009209,1,7,,0,1,1,1,A01
201900009210,1,7,,0,2,3,1,A01
201900009210,2,7,,0,2,3,1,B01
201900009211,3,30,,0,2,1,2,A01
201900009211,3,7,,0,2,4,2,B01
201900009212,1,7,,0,1,3,1,A01
201900009213,2,7,,0,2,1,1,A01
201900009213,2,30,,1,2,4,1,B01
201900009214,1,33,,0,2,3,1,B01
201900009214,2,7,,0,2,2,15,A01
201900009215,2,37,3.0,0,2,1,1,B01
201900009215,1,10,,0,2,7,15,A01
201900009216,2,7,,0,2,5,26,B01
201900009216,2,31,,0,2,8,2,A01
201900009217,1,7,,0,2,4,2,B01
201900009217,3,7,,0,2,2,26,A01
201900009218,3,7,,0,1,1,26,A01
201900009219,0,7,,0,2,2,1,B01
201900009219,0,7,,0,2,1,1,A01
201900009220,3,7,,6,0,3,20,A01
201900009221,2,7,,0,2,8,15,A01
201900009221,2,33,,0,2,1,1,B01
201900009222,1,1,,0,2,8,0,B01
201900009222,1,10,,0,6,1,15,A01
201900009223,3,7,,0,1,0,19,Z01
201900009224,2,7,,0,2,3,19,A01
201900009224,1,31,,0,2,8,1,B01
201900009225,2,33,,0,2,1,2,A01
201900009225,2,7,,0,2,8,15,B01
201900009226,2,7,,0,2,1,15,A01
201900009226,1,2,,0,2,1,1,B01
201900009227,2,1,,0,0,0,0,B01
201900009227,2,7,,0,2,8,24,A01
201900009228,1,33,,0,2,8,1,A01
201900009228,1,10,,0,2,0,15,B01
201900009229,0,7,,0,1,0,1,A01
201900009230,2,7,,0,1,1,1,A01
201900009231,1,33,,0,2,1,1,B01
201900009231,2,7,,0,2,2,15,A01
201900009232,0,7,,0,2,4,1,A01
201900009232,0,33,,0,2,1,1,B01
201900009233,1,7,,0,2,4,0,B01
201900009233,1,33,,0,2,1,1,A01
201900009234,1,7,,0,-1,5,15,A01
201900009234,1,31,,0,2,1,1,B01
201900009235,2,7,,0,1,2,15,A01
201900009236,1,7,,0,2,3,9,A01
201900009236,1,1,,0,2,1,1,B01
201900009237,2,33,,0,2,1,1,B01
201900009237,2,10,,0,2,7,15,A01
201900009238,3,10,,0,1,1,20,A01
201900009239,0,7,,0,2,7,1,A01
201900009239,0,7,,0,2,1,1,B01
201900009240,1,33,,0,2,8,11,A01
201900009240,2,7,,0,2,5,17,B01
201900009241,1,7,,14,1,1,1,A01
201900009242,1,10,,0,2,3,13,A01
201900009242,2,7,,0,2,8,1,B01
201900009242,2,7,,0,2,6,1,C01
201900009242,2,7,,0,2,1,1,D01
201900009242,2,7,,12,0,2,14,E01
201900009243,1,7,,0,2,2,9,A01
201900009243,1,7,,0,2,2,1,B01
201900009244,1,7,,0,1,1,1,A01
201900009245,1,7,,0,1,2,19,A01
201900009246,3,30,,0,0,0,26,A01
201900009247,1,7,,0,2,1,2,A01
201900009247,1,2,,0,2,4,2,B01
201900009248,1,7,,0,2,2,1,B01
201900009248,1,33,,0,2,3,13,A01
201900009249,2,7,,0,2,1,1,C01
201900009249,2,7,,0,2,1,1,B01
201900009249,2,7,,0,2,4,1,A01
201900009250,2,7,,0,0,0,0,B01
201900009250,2,2,,0,2,1,2,A01
201900009251,3,7,,0,2,2,15,A01
201900009251,3,33,,0,2,1,1,B01
201900009252,0,7,,0,2,4,0,B01
201900009252,0,7,,1,0,1,0,A01
201900009253,3,7,,1,0,1,26,A01
201900009254,3,7,,0,2,1,1,D01
201900009254,3,17,,0,2,3,1,C01
201900009254,3,17,,0,2,2,1,B01
201900009254,3,7,,0,2,3,13,A01
201900009255,1,7,,0,0,4,2,B01
201900009255,1,7,,0,2,1,2,A01
201900009256,1,7,,6,0,1,1,A01
201900009257,2,7,,0,0,8,1,A01
201900009258,1,7,,1,0,2,1,A01
201900009258,1,7,,0,2,4,24,B01
201900009259,1,7,,0,1,3,15,A01
201900009260,1,7,,1,0,9,26,A01
201900009261,3,7,,0,2,3,23,B01
201900009261,3,7,,0,2,3,0,A01
201900009262,3,7,,0,1,2,1,A01
201900009263,0,1,,0,2,8,11,B01
201900009263,0,7,,0,2,0,17,A01
201900009264,1,7,,0,2,2,2,A01
201900009264,1,10,,0,2,3,0,B01
201900009265,2,31,,0,2,1,2,A01
201900009265,2,7,,0,2,5,2,B01
201900009266,1,7,,0,2,1,15,B01
201900009266,1,7,,0,2,1,15,A01
201900009267,1,7,,0,2,3,2,B01
201900009267,1,7,,0,2,5,2,A01
201900009268,2,7,,8,0,1,1,A01
201900009269,1,7,,0,1,1,1,A01
201900009270,1,2,,0,2,1,1,B01
201900009270,1,7,,0,2,5,19,A01
201900009271,2,7,,0,2,1,21,A01
201900009272,1,2,,0,2,1,2,B01
201900009272,1,10,,0,2,4,4,A01
201900009273,1,1,,0,0,7,1,B01
201900009273,1,7,,0,2,1,1,A01
201900009274,1,7,,0,2,2,1,A01
201900009274,1,1,,0,0,8,1,B01
201900009275,3,7,,0,1,2,1,A01
201900009276,3,7,,0,2,3,15,A01
201900009276,3,33,,8,2,7,3,B01
201900009277,1,33,,0,2,6,1,A01
201900009277,1,7,,0,2,1,1,Z01
201900009278,0,7,,7,0,1,26,A01
201900009279,1,7,,0,2,7,9,A01
201900009279,1,7,,0,2,1,0,B01
201900009280,3,7,,0,1,2,1,A01
201900009281,1,10,,0,1,1,1,A01
201900009282,1,10,,0,2,4,1,D01
201900009282,1,10,,0,2,1,1,A01
201900009282,1,10,,0,2,1,1,B01
201900009282,1,7,,0,2,1,1,C01
201900009283,3,7,,0,2,1,15,A01
201900009283,3,7,,0,2,7,1,B01
201900009284,3,7,,0,1,2,1,A01
201900009285,1,30,,0,2,5,26,A01
201900009286,3,7,,0,1,2,26,A01
201900009287,0,7,,0,1,3,26,A01
201900009288,1,7,,0,1,1,9,A01
201900009289,1,7,,0,2,2,19,A01
201900009289,1,30,,0,2,1,1,B01
201900009290,2,33,,3,2,2,9,B01
201900009290,2,7,,0,2,8,11,A01
201900009291,3,7,,0,1,3,26,A01
201900009292,3,7,,12,0,0,0,B01
201900009292,3,30,,0,2,0,0,A01
201900009293,1,7,,1,2,8,1,B01
201900009293,2,37,1.0,0,2,3,13,A01
201900009294,2,7,,0,2,1,1,A01
201900009294,2,1,,0,2,1,15,B01
201900009295,1,3,,0,1,1,1,A01
201900009296,0,1,,0,2,3,1,A01
201900009296,0,17,,0,2,5,1,B01
201900009297,1,7,,0,1,1,1,A01
201900009298,0,31,,0,2,1,18,A01
201900009298,0,7,,0,2,1,9,B01
201900009299,2,50,,0,0,0,0,B01
201900009299,2,10,,0,2,0,15,A01
201900009300,3,7,,0,2,3,10,A01
201900009300,3,7,,0,2,1,1,B01
201900009301,2,7,,0,2,2,15,A01
201900009301,1,31,,0,2,1,1,B01
201900009302,3,7,,0,1,2,1,A01
201900009303,1,7,,4,0,8,13,A01
201900009304,3,7,,0,1,1,0,A01
201900009305,1,3,,0,1,1,1,A01
201900009306,3,0,,0,1,0,1,A01
201900009307,3,7,,0,1,1,1,A01
201900009308,2,7,,0,2,3,9,A01
201900009308,2,80,,0,2,7,1,B01
201900009309,2,33,,0,0,7,1,A01
201900009310,1,7,,0,2,1,9,A01
201900009310,1,7,,0,2,1,1,B01
201900009311,1,7,,6,0,1,15,A01
201900009312,3,7,,0,2,3,10,A01
201900009312,0,33,,0,2,1,17,B01
201900009313,3,7,,0,2,4,2,C01
201900009313,3,7,,0,2,4,2,B01
201900009313,3,7,,0,2,1,2,A01
201900009314,3,7,,0,1,2,1,A01
201900009315,1,7,,0,2,3,15,B01
201900009315,2,30,,0,2,1,1,A01
201900009316,0,31,,0,2,2,1,B01
201900009316,0,7,,0,2,3,15,A01
201900009317,2,7,,0,2,3,15,B01
201900009317,2,31,,0,2,2,17,A01
201900009318,0,7,,0,2,3,15,B01
201900009318,0,7,,0,2,2,26,A01
201900009319,3,7,,0,1,1,0,A01
201900009320,0,33,,0,2,1,23,B01
201900009320,0,7,,0,2,6,10,A01
201900009321,1,33,,14,0,1,17,A01
201900009321,1,7,,0,2,0,0,B01
201900009322,1,7,,0,2,1,2,A01
201900009322,1,7,,0,2,4,2,B01
201900009322,1,7,,0,2,4,2,C01
201900009323,1,21,,0,0,3,26,A01
201900009324,1,31,,0,2,1,2,A01
201900009324,1,7,,0,2,5,2,B01
201900009325,3,7,,0,1,6,20,A01
201900009326,3,80,,12,0,1,1,A01
201900009327,0,30,,0,2,1,0,A01
201900009327,0,31,,0,2,5,0,B01
201900009328,1,1,,0,2,1,1,B01
201900009328,2,7,,0,9,3,15,A01
201900009329,1,7,,0,1,1,1,A01
201900009330,1,2,,0,2,1,1,B01
201900009330,2,7,,0,2,2,15,A01
201900009331,2,1,,0,2,6,1,B01
201900009331,2,10,,0,9,2,1,A01
201900009332,1,33,,0,0,7,1,A01
201900009333,1,7,,0,2,1,15,B01
201900009333,1,10,,0,0,7,1,A01
201900009334,3,10,,0,2,6,15,A01
201900009334,3,30,,0,2,1,3,B01
201900009335,1,50,,0,0,0,21,A01
201900009336,1,2,,0,2,2,15,B01
201900009336,1,10,,0,2,3,1,A01
201900009337,2,7,,3,0,1,21,A01
201900009337,1,7,,0,0,0,5,B01
201900009338,1,7,,0,2,1,13,A01
201900009338,2,7,,0,2,1,1,B01
201900009339,1,1,,0,2,1,19,B01
201900009339,1,7,,0,2,7,16,A01
201900009340,2,33,,8,0,1,26,A01
201900009341,3,7,,0,1,4,26,A01
201900009342,1,7,,0,2,2,15,A01
201900009342,2,30,,0,2,1,1,B01
201900009343,2,7,,0,1,1,15,A01
201900009344,2,7,,0,2,1,1,B01
201900009344,1,7,,0,2,5,15,A01
201900009345,3,7,,0,1,3,15,A01
201900009346,3,33,,0,2,1,1,B01
201900009346,3,7,,0,2,2,15,A01
201900009347,3,7,,0,1,1,1,A01
201900009348,3,7,,0,2,2,1,A01
201900009348,3,7,,0,2,1,1,B01
201900009349,1,7,,0,2,1,15,A01
201900009349,1,7,,0,2,3,1,B01
201900009350,3,0,,0,2,4,26,A01
201900009350,3,0,,0,0,0,26,B01
201900009351,1,2,,0,2,2,17,B01
201900009351,1,10,,0,2,8,15,A01
201900009352,2,7,,0,0,4,23,B01
201900009352,2,7,,0,2,1,2,A01
201900009353,2,2,,8,0,1,2,A01
201900009354,3,7,,0,0,7,17,A01