Num_Acc,senc,catv,occutc,obs,obsm,choc,manv,num_veh
201900009354,0,1,,0,2,3,0,B01
201900009355,3,32,,0,2,1,5,C01
201900009355,3,32,,0,2,1,5,B01
201900009355,3,99,,0,9,8,10,A01
201900009356,1,7,,0,2,1,19,A01
201900009356,2,7,,0,2,1,1,B01
201900009356,2,3,,0,2,1,1,C01
201900009356,2,7,,0,2,1,1,D01
201900009357,1,10,,0,1,2,1,A01
201900009358,3,3,,0,2,7,15,A01
201900009358,3,33,,0,2,1,1,B01
201900009359,2,7,,16,0,3,6,A01
201900009360,3,33,,4,0,1,26,A01
201900009361,0,10,,2,0,1,26,D01
201900009362,2,7,,0,2,8,15,A01
201900009362,2,33,,0,2,1,1,B01
201900009363,1,7,,0,2,3,15,B01
201900009363,1,33,,0,2,1,17,A01
201900009364,1,7,,0,2,3,15,A01
201900009364,2,33,,1,2,1,1,B01
201900009365,3,1,,0,0,0,1,A01
201900009366,1,7,,0,2,1,9,A01
201900009366,1,1,,0,2,1,1,B01
201900009367,2,2,,0,2,1,1,B01
201900009367,1,10,,0,2,2,15,A01
201900009368,1,7,,0,2,1,26,A01
201900009368,1,7,,0,2,3,0,B01
201900009369,1,31,,0,0,0,25,A01
201900009370,3,7,,0,2,1,13,A01
201900009370,3,7,,0,2,1,1,B01
201900009371,1,7,,15,0,1,1,A01
201900009372,3,10,,0,2,8,1,B01
201900009372,3,7,,0,2,3,0,C01
201900009372,3,7,,0,2,1,9,A01
201900009373,2,7,,0,1,1,15,A01
201900009374,3,7,,0,2,3,2,B01
201900009374,3,7,,0,2,2,13,A01
201900009375,1,7,,14,2,1,0,B01
201900009375,1,7,,14,2,1,2,A01
201900009376,1,7,,0,1,8,15,A01
201900009377,1,7,,0,2,9,13,A01
201900009377,2,7,,0,2,8,1,B01
201900009377,2,7,,0,2,1,1,C01
201900009378,1,7,,0,1,1,26,A01
201900009379,2,7,,0,2,1,15,A01
201900009379,1,7,,0,2,4,1,B01
201900009380,3,7,,0,1,1,1,A01
201900009381,3,7,,0,1,1,1,A01
201900009382,3,7,,0,9,7,11,B01
201900009382,0,50,,0,9,6,26,A01
201900009383,2,7,,1,0,1,2,B01
201900009383,2,10,,3,0,3,1,A01
201900009384,2,7,,0,2,3,26,B01
201900009384,1,31,,0,2,1,5,A01
201900009385,2,33,,0,2,8,0,A01
201900009385,2,7,,0,2,6,0,B01
201900009386,3,1,,2,0,1,-1,A01
201900009387,1,7,,0,1,1,1,A01
201900009388,1,7,,0,9,3,23,C01
201900009388,1,33,,0,2,8,1,B01
201900009388,2,7,,0,2,1,15,A01
201900009389,1,7,,0,1,2,16,A01
201900009390,2,7,,0,2,1,26,B01
201900009390,1,10,,0,2,1,26,A01
201900009391,2,7,,0,0,1,26,B01
201900009391,1,30,,0,9,0,26,A01
201900009392,2,7,,0,1,3,15,A01
201900009393,1,10,,6,2,1,1,B01
201900009393,2,7,,0,2,3,15,A01
201900009394,3,43,,0,2,1,1,B01
201900009394,3,10,,0,2,3,10,A01
201900009395,0,7,,0,2,1,1,A01
201900009395,3,10,,0,2,4,1,B01
201900009396,0,10,,0,1,1,26,A01
201900009397,2,7,,0,2,1,1,A01
201900009397,1,7,,0,2,2,15,B01
201900009398,0,10,,0,1,1,16,A01
201900009399,1,7,,0,1,3,19,A01
201900009400,0,7,,0,1,0,9,B01
201900009400,2,33,,1,2,1,1,A01
201900009401,0,7,,0,2,6,1,B01
201900009401,0,1,,0,2,1,1,A01
201900009402,2,1,,0,2,3,19,A01
201900009402,2,30,,0,2,1,1,B01
201900009403,1,1,,0,2,0,1,B01
201900009403,1,7,,0,2,2,1,A01
201900009404,0,1,,0,2,1,19,B01
201900009404,0,7,,0,2,1,1,A01
201900009405,3,7,,0,1,7,1,A01
201900009406,1,7,,0,1,8,1,A01
201900009407,2,7,,0,2,3,1,B01
201900009407,1,10,,0,2,3,13,A01
201900009408,1,7,,0,1,6,7,A01
201900009409,0,7,,0,0,1,23,A01
201900009409,0,7,,0,0,1,1,B01
201900009410,2,7,,14,0,1,14,A01
201900009411,1,7,,2,0,1,1,A01
201900009412,2,33,,13,0,1,1,A01
201900009413,1,7,,0,2,3,13,A01
201900009413,2,7,,0,2,8,1,B01
201900009414,2,7,,0,2,3,1,C01
201900009414,1,7,,0,2,6,2,B01
201900009414,1,33,,0,2,1,2,A01
201900009415,1,7,,0,2,2,15,A01
201900009415,2,2,,0,2,1,1,B01
201900009416,3,21,,0,2,1,1,A01
201900009416,0,7,,0,2,1,1,B01
201900009417,2,33,,0,2,1,11,A01
201900009417,2,10,,0,0,4,11,B01
201900009417,2,10,,0,0,0,1,C01
201900009418,1,7,,0,2,7,1,A01
201900009418,2,7,,0,2,3,10,B01
201900009419,1,31,,0,2,3,1,B01
201900009419,2,7,,0,2,3,13,A01
201900009420,2,7,,0,2,4,2,B01
201900009420,2,16,,0,2,1,2,A01
201900009421,3,7,,0,0,9,15,A01
201900009422,2,7,,0,2,3,13,A01
201900009422,1,17,,0,2,3,1,B01
201900009423,1,7,,0,2,1,2,A01
201900009423,1,7,,0,2,4,2,B01
201900009424,2,7,,8,2,2,1,A01
201900009425,1,7,,0,1,1,1,A01
201900009426,3,7,,0,1,5,1,A01
201900009427,3,7,,0,1,1,26,A01
201900009428,1,33,,0,0,7,0,B01
201900009428,1,7,,0,2,3,1,A01
201900009429,2,80,,0,2,1,18,B01
201900009429,1,7,,0,2,2,16,A01
201900009430,1,7,,0,2,3,1,B01
201900009430,2,7,,0,2,3,1,A01
201900009431,2,7,,0,9,2,16,A01
201900009431,2,99,,0,2,1,19,B01
201900009432,1,7,,0,1,1,1,A01
201900009433,3,7,,0,2,8,1,B01
201900009433,3,7,,0,2,8,21,A01
201900009434,3,33,,0,2,1,1,B01
201900009434,3,7,,0,2,3,15,A01
201900009435,1,7,,0,2,1,15,A01
201900009435,1,2,,0,2,5,1,B01
201900009436,3,7,,0,2,1,26,A01
201900009436,1,7,,0,2,2,1,B01
201900009436,2,7,,0,2,1,1,C01
201900009437,1,7,,0,2,4,1,B01
201900009437,1,7,,0,2,1,2,A01
201900009438,2,7,,0,1,3,1,A01
201900009439,0,7,,0,1,7,1,A01
201900009440,2,1,,0,2,0,1,B01
201900009440,1,7,,0,2,2,15,A01
201900009441,0,7,,0,1,1,1,A01
201900009442,0,32,,0,0,0,1,A01
201900009443,0,7,,0,1,1,1,A01
201900009444,1,7,,0,2,3,1,B01
201900009444,3,7,,0,2,7,16,A01
201900009445,3,7,,13,0,1,1,A01
201900009446,2,7,,0,2,6,15,B01
201900009446,2,7,,0,2,1,17,A01
201900009447,3,7,,0,0,2,2,A01
201900009447,3,7,,0,0,4,2,B01
201900009448,2,10,,0,0,4,2,A01
201900009448,2,10,,1,0,4,2,B01
201900009448,2,38,1.0,1,0,1,2,C01
201900009449,2,7,,3,0,1,1,A01
201900009450,2,7,,0,2,1,2,F01
201900009450,2,7,,0,2,1,2,E01
201900009450,2,7,,0,2,1,2,D01
201900009450,2,7,,0,2,5,1,C01
201900009450,2,10,,0,2,6,23,B01
201900009450,2,7,,1,0,1,12,A01
201900009451,3,37,2.0,0,0,0,1,A01
201900009452,2,33,,0,1,1,1,A01
201900009453,2,2,,0,2,4,2,B01
201900009453,2,7,,0,2,1,2,A01
201900009454,1,7,,0,1,1,1,A01
201900009455,2,31,,0,2,2,2,B01
201900009455,3,7,,0,2,4,6,A01
201900009456,3,7,,0,2,8,11,A01
201900009456,3,33,,0,2,1,2,B01
201900009457,0,1,,0,2,0,1,B01
201900009457,0,7,,0,2,0,1,A01
201900009458,3,33,,0,0,0,26,A01
201900009459,1,15,,0,2,2,12,A01
201900009459,1,7,,0,2,6,1,B01
201900009459,1,7,,0,2,1,1,C01
201900009460,2,7,,0,1,1,13,A01
201900009461,1,7,,0,2,9,1,B01
201900009461,1,10,,0,2,1,2,A01
201900009462,3,33,,0,2,1,1,A01
201900009462,2,7,,0,2,3,1,B01
201900009463,1,7,,4,0,1,1,A01
201900009464,2,33,,7,0,1,1,A01
201900009465,2,14,,0,2,3,1,B01
201900009465,1,7,,0,2,3,13,A01
201900009466,2,7,,0,2,1,1,A01
201900009466,2,7,,0,2,4,1,B01
201900009467,1,7,,0,2,4,1,A01
201900009467,1,7,,0,2,1,1,B01
201900009467,1,7,,0,2,1,1,C01
201900009467,1,99,,0,2,6,1,D01
201900009468,0,7,,0,0,3,1,B01
201900009468,0,1,,0,0,1,13,A01
201900009469,3,7,,0,2,3,5,A01
201900009469,3,33,,0,2,1,1,B01
201900009470,2,7,,0,2,4,2,B01
201900009470,2,7,,0,2,1,2,A01
201900009471,3,1,,0,2,7,1,B01
201900009471,3,10,,0,2,1,19,A01
201900009472,2,7,,2,0,7,1,A01
201900009473,3,7,,0,2,3,19,A01
201900009473,3,33,,0,2,1,1,B01
201900009474,1,10,,0,2,1,1,B01
201900009474,0,7,,0,2,8,19,A01
201900009475,2,2,,10,0,1,17,A01
201900009476,1,7,,0,1,2,17,A01
201900009477,1,15,,0,0,7,1,A01
201900009478,2,7,,0,2,3,1,B01
201900009478,1,7,,0,2,1,13,A01
201900009479,2,7,,13,0,3,1,A01
201900009480,2,7,,13,0,2,1,A01
201900009481,2,7,,0,2,1,1,B01
201900009481,2,7,,0,2,8,19,A01
201900009482,1,7,,2,0,1,0,A01
201900009483,2,3,,15,0,2,14,A01
201900009484,3,1,,14,0,0,1,A01
201900009485,1,33,,0,6,1,1,A01
201900009486,1,7,,0,2,5,21,B01
201900009486,1,1,,0,2,1,19,A01
201900009487,1,13,,0,2,6,23,B01
201900009487,1,7,,0,2,2,1,A01
201900009488,1,7,,0,2,1,1,B01
201900009488,2,33,,0,2,1,17,A01
201900009489,3,7,,0,0,4,23,A01
201900009489,3,7,,0,2,1,23,B01
201900009490,2,10,,0,2,3,2,A01
201900009490,1,33,,0,2,2,15,B01
201900009491,1,7,,0,0,9,1,A01
201900009492,2,7,,0,1,1,19,A01
201900009493,1,7,,0,1,2,1,A01
201900009494,1,7,,2,0,2,1,A01
201900009495,0,7,,8,0,0,1,A01
201900009496,1,7,,1,1,3,13,A01
201900009497,1,7,,0,0,0,13,A01
201900009498,0,7,,5,2,1,1,B01
201900009498,0,7,,5,0,1,13,A01
201900009499,1,2,,0,2,4,2,B01
201900009499,1,7,,0,2,1,0,A01
201900009500,1,10,,0,2,2,1,A01
201900009500,2,2,,0,2,1,19,B01
201900009501,0,7,,0,9,7,1,B01
201900009501,0,1,,0,2,1,1,A01
201900009502,1,7,,0,2,5,2,B01
201900009502,1,2,,0,2,1,2,A01
201900009503,1,7,,0,0,4,2,B01
201900009503,2,2,,0,2,1,2,A01
201900009504,2,7,,0,2,7,19,A01
201900009504,1,7,,0,2,1,1,B01
201900009505,3,7,,0,2,1,2,B01
201900009505,3,7,,0,2,8,15,A01
201900009506,2,7,,0,2,2,19,B01
201900009506,2,33,,0,2,1,1,A01
201900009507,1,10,,0,2,2,2,A01
201900009507,1,7,,0,2,4,1,B01
201900009507,1,10,,0,2,4,1,C01
201900009507,1,7,,0,2,4,1,D01
201900009507,1,10,,0,0,0,0,E01
201900009508,1,7,,3,0,7,26,A01
201900009509,1,33,,0,0,8,26,A01
201900009510,2,31,,0,0,0,16,A01
201900009511,1,7,,0,2,3,1,A01
201900009511,1,7,,0,2,4,2,B01
201900009511,1,7,,0,2,1,1,C01
201900009512,1,33,,0,0,0,17,A01
201900009513,2,7,,0,2,3,1,B01
201900009513,2,7,,0,2,2,12,A01
201900009514,2,7,,0,2,4,1,C01
201900009514,2,7,,0,2,9,1,B01
201900009514,2,7,,0,2,1,1,A01
201900009515,1,7,,0,2,5,2,B01
201900009515,2,7,,0,2,1,2,A01
201900009516,2,7,,0,2,1,1,A01
201900009516,2,7,,0,2,4,2,B01
201900009516,2,7,,0,2,4,2,C01
201900009517,2,7,,0,2,1,2,B01
201900009517,2,7,,0,0,4,1,A01
201900009518,2,10,,0,2,4,0,B01
201900009518,2,33,,0,2,1,26,A01
201900009519,1,30,,0,2,1,26,A01
201900009519,1,7,,0,2,4,26,B01
201900009520,1,32,,0,2,1,1,A01
201900009520,2,7,,0,2,3,15,B01
201900009521,1,7,,0,2,1,1,A01
201900009521,1,7,,0,2,7,1,B01
201900009522,1,7,,0,1,3,1,A01
201900009523,2,33,,0,2,2,13,B01
201900009523,2,10,,0,2,3,16,A01
201900009524,0,7,,0,0,0,0,D01
201900009524,0,7,,0,0,0,0,C01
201900009524,0,7,,0,0,0,0,B01
201900009524,2,7,,1,0,1,19,A01
201900009525,2,10,,0,1,1,19,A01
201900009526,3,32,,0,2,1,13,A01
201900009526,3,7,,0,2,3,1,B01
201900009527,1,33,,0,2,1,1,B01
201900009527,2,3,,0,2,4,10,A01
201900009528,1,7,,0,1,3,13,A01
201900009529,3,7,,0,0,6,1,A01
201900009529,3,7,,0,2,2,1,B01
201900009530,1,33,,0,2,1,1,A01
201900009530,2,7,,0,2,1,15,B01
201900009531,1,7,,0,1,4,26,A01
201900009532,1,7,,0,1,3,1,A01
201900009533,3,7,,0,2,5,1,B01
201900009533,3,1,,0,2,1,1,A01
201900009534,1,1,,16,6,0,1,A01
201900009535,2,7,,8,0,1,13,A01
201900009536,1,7,,1,0,1,2,A01
201900009536,1,7,,1,0,0,24,B01
201900009537,0,7,,0,2,3,15,B01
201900009537,0,30,,0,2,7,17,A01
201900009538,2,7,,0,2,2,15,A01
201900009538,1,1,,0,2,1,1,B01
201900009539,1,7,,0,2,6,9,A01
201900009539,3,1,,0,2,1,1,B01
201900009540,1,7,,6,0,2,13,A01
201900009541,1,7,,0,2,8,16,A01
201900009541,1,7,,0,2,1,1,B01
201900009542,2,7,,13,2,1,0,B01
201900009542,1,33,,0,2,2,26,A01
201900009543,3,99,,1,2,0,0,C01
201900009543,1,99,,0,2,5,1,A01
201900009543,3,99,,1,0,0,0,B01
201900009544,3,7,,1,2,7,1,B01
201900009544,3,7,,0,2,1,1,A01
201900009545,2,30,,0,2,1,26,A01
201900009545,2,7,,0,2,3,9,B01
201900009546,0,7,,0,2,2,1,A01
201900009546,1,7,,0,2,1,2,B01
201900009547,2,7,,3,5,1,26,A01
201900009548,3,7,,1,1,6,20,A01
201900009549,2,7,,0,2,8,13,A01
201900009549,1,7,,0,2,8,13,B01
201900009550,2,7,,0,2,5,1,C01
201900009550,2,33,,0,2,4,1,B01
201900009550,2,7,,0,2,2,1,A01
201900009551,2,7,,0,2,1,2,A01
201900009551,2,7,,0,2,9,2,B01
201900009551,2,7,,0,2,3,16,C01
201900009552,2,7,,0,2,1,2,B01
201900009552,1,7,,8,2,1,15,A01
201900009553,3,7,,0,2,4,26,B01
201900009553,3,7,,0,2,0,14,A01
201900009554,2,7,,0,2,7,1,A01
201900009554,2,2,,0,2,1,1,B01
201900009555,3,1,,0,2,1,2,A01
201900009555,3,7,,0,6,5,2,B01
201900009556,1,33,,0,2,1,1,B01
201900009556,1,7,,0,2,5,9,A01
201900009557,1,7,,0,2,1,21,A01
201900009557,1,33,,0,2,4,23,B01
201900009557,1,7,,0,2,8,23,C01
201900009558,3,34,,0,2,7,0,B01
201900009558,3,7,,0,2,6,11,A01
201900009559,2,7,,0,2,1,1,B01
201900009559,1,7,,0,2,1,1,A01
201900009560,2,10,,0,2,1,2,A01
201900009560,2,7,,0,2,4,2,B01
201900009560,2,7,,0,2,0,2,C01
201900009561,2,1,,0,2,1,1,B01
201900009561,2,7,,0,2,6,22,A01
201900009562,2,32,,0,1,1,1,A01
201900009563,2,7,,0,1,1,15,A01
201900009564,2,7,,1,2,1,13,B01
201900009564,1,33,,0,2,1,1,A01
201900009565,2,7,,0,2,2,1,A01
201900009565,2,30,,0,2,6,9,B01
201900009566,2,7,,0,2,3,13,B01
201900009566,2,33,,0,2,7,5,A01
201900009567,1,7,,0,2,4,1,B01
201900009567,1,33,,0,2,1,17,A01
201900009568,1,7,,0,2,2,17,A01
201900009568,1,7,,0,2,6,15,B01
201900009569,1,7,,0,1,8,7,A01
201900009570,2,7,,0,1,4,4,A01
201900009571,1,7,,0,2,1,1,A01
201900009571,1,31,,0,2,4,23,B01
201900009572,1,30,,16,2,8,2,B01
201900009572,1,7,,16,2,0,5,A01
201900009573,2,7,,2,0,1,26,A01
201900009574,0,32,,0,2,3,18,A01
201900009574,1,7,,0,2,7,16,B01
201900009575,2,7,,0,2,3,1,B01
201900009575,3,7,,0,2,2,1,A01
201900009576,0,7,,0,1,1,16,A01
201900009577,1,1,,0,1,1,2,A01
201900009578,2,7,,0,2,6,13,A01
201900009578,2,32,,0,2,1,1,B01
201900009579,0,33,,0,2,1,1,A01
201900009579,0,33,,0,2,4,15,B01
201900009580,2,2,,0,2,1,17,B01
201900009580,2,7,,0,0,6,15,A01
201900009581,1,33,,4,0,1,14,A01
201900009582,0,7,,0,2,3,15,A01
201900009582,0,7,,0,2,1,1,B01
201900009583,1,7,,0,2,3,13,A01
201900009583,2,7,,0,2,3,1,B01
201900009584,2,33,,0,0,7,1,A01
201900009585,1,10,,0,2,3,13,A01
201900009585,2,33,,0,2,1,1,B01
201900009586,1,33,,3,0,2,1,A01
201900009587,2,7,,0,2,1,19,A01
201900009587,2,7,,0,2,0,1,B01
201900009588,3,7,,0,1,4,20,A01
201900009589,1,7,,0,0,8,1,C01
201900009589,2,7,,0,2,3,1,B01
201900009589,1,7,,0,2,1,15,A01
201900009590,2,33,,0,2,1,17,A01
201900009590,2,7,,0,2,8,15,B01
201900009591,1,7,,0,0,3,13,A01
201900009592,2,33,,0,6,1,1,A01
201900009593,1,1,,2,0,0,1,A01
201900009594,3,7,,0,1,1,13,A01
201900009595,1,7,,0,2,2,1,B01
201900009595,2,7,,7,2,7,15,A01
201900009596,3,7,,0,0,0,9,B01
201900009596,1,2,,0,0,7,21,A01
201900009597,1,7,,0,2,1,2,A01
201900009597,1,2,,0,0,4,2,B01
201900009598,1,7,,2,0,2,1,A01
201900009599,2,33,,2,0,1,1,A01
201900009600,3,7,,0,2,3,9,A01
201900009600,3,2,,0,2,2,1,B01
201900009601,1,2,,5,0,4,2,A01
201900009602,3,2,,0,2,3,5,A01
201900009602,3,2,,0,2,3,1,B01
201900009603,1,7,,0,2,1,1,B01
201900009603,2,7,,0,2,1,13,A01
201900009604,2,7,,0,2,1,1,B01
201900009604,1,7,,0,2,1,13,A01
201900009605,1,33,,9,0,1,2,A01
201900009606,2,7,,0,2,1,13,A01
201900009606,1,17,,0,2,3,1,B01
201900009607,1,7,,0,2,1,1,B01
201900009607,2,7,,0,2,1,13,A01
201900009608,3,7,,0,2,1,2,A01
201900009608,3,7,,0,2,1,5,B01
201900009609,2,7,,0,2,6,9,A01
201900009609,1,31,,0,2,1,1,B01
201900009610,2,33,,0,0,2,1,A01
201900009611,2,3,,0,1,1,16,A01
201900009612,0,33,,0,0,7,1,A01
201900009613,2,7,,0,2,1,2,C01
201900009613,1,21,,0,2,8,1,B01
201900009613,2,7,,0,2,1,13,A01
201900009614,1,33,,0,0,7,1,A01
201900009615,2,33,,0,2,3,1,B01
201900009615,1,7,,0,2,8,17,A01
201900009616,1,7,,0,2,3,1,B01
201900009616,2,7,,0,2,3,1,A01
201900009617,1,7,,0,2,2,1,B01
201900009617,2,7,,0,2,3,13,A01
201900009618,2,7,,13,0,7,1,A01
201900009619,2,31,,0,0,0,1,A01
201900009620,0,7,,2,0,1,6,A01
201900009621,3,7,,0,1,1,0,A01
201900009622,2,10,,0,2,2,15,A01
201900009622,1,33,,0,2,3,1,B01
201900009623,1,21,,13,0,3,13,A01
201900009624,2,15,,0,2,3,1,B01
201900009624,1,10,,0,2,1,13,A01
201900009625,2,7,,0,2,2,17,B01
201900009625,2,3,,0,2,6,1,A01
201900009626,1,33,,13,0,1,26,A01
201900009627,1,7,,0,1,1,15,A01
201900009628,2,7,,1,1,2,0,A01
201900009629,0,7,,0,2,2,16,A01
201900009629,3,7,,13,2,7,1,B01
201900009630,3,10,,0,2,1,15,A01
201900009630,3,33,,0,2,1,1,B01
201900009631,3,33,,2,0,1,1,A01
201900009632,2,7,,16,0,9,1,A01
201900009633,1,7,,4,0,0,0,A01
201900009634,1,33,,0,0,9,21,A01
201900009635,1,7,,4,0,3,2,A01
201900009636,3,7,,0,1,1,2,A01
201900009637,1,7,,4,0,1,1,A01
201900009638,3,7,,0,2,2,15,B01
201900009638,2,31,,0,2,1,1,A01
201900009639,1,7,,3,0,0,1,A01
201900009640,3,7,,0,2,1,13,B01
201900009640,3,37,1.0,0,2,1,1,A01
201900009641,3,7,,0,2,1,0,A01
201900009641,3,7,,0,2,3,0,B01
201900009642,3,7,,0,2,3,2,B01
201900009642,3,33,,0,2,1,2,A01
201900009643,1,33,,0,0,1,14,A01
201900009644,0,2,,0,2,4,2,B01
201900009644,0,7,,0,2,3,1,A01
201900009645,2,7,,0,2,5,15,A01
201900009645,1,33,,0,2,1,1,B01
201900009646,1,7,,13,0,1,0,A01
201900009647,2,2,,14,0,1,1,A01
201900009648,2,7,,0,2,1,9,A01
201900009648,2,31,,0,2,8,1,B01
201900009648,2,10,,0,0,3,23,C01
201900009649,1,33,,1,0,7,1,A01
201900009650,2,38,9.0,0,1,7,1,A01
201900009651,1,33,,0,2,4,2,B01
201900009651,1,7,,0,2,1,2,A01
201900009652,1,33,,0,2,2,17,A01
201900009652,1,13,,0,2,6,1,C01
201900009653,3,7,,0,1,1,1,A01
201900009654,1,7,,0,1,1,1,A01
201900009655,2,7,,1,2,1,2,B01
201900009655,2,7,,0,2,4,23,A01
201900009656,2,10,,0,6,7,1,B01
201900009656,2,60,,0,2,1,1,A01
201900009657,1,7,,6,2,8,1,B01
201900009657,1,7,,0,2,1,1,A01
201900009658,1,32,,0,2,3,1,B01
201900009658,1,7,,0,2,2,14,A01
201900009659,1,7,,0,2,1,1,A01
201900009659,1,7,,0,2,4,23,B01
201900009660,1,7,,0,2,5,1,B01
201900009660,3,7,,1,0,0,0,C01
201900009660,1,7,,0,2,1,1,A01
201900009661,1,7,,0,2,2,26,A01
201900009661,1,7,,0,2,6,26,B01
201900009662,1,1,,1,0,1,1,B01
201900009662,1,7,,0,0,3,22,A01
201900009663,2,7,,0,2,3,10,B01
201900009663,2,31,,0,2,1,3,A01
201900009664,2,7,,0,1,2,2,A01
201900009665,1,2,,0,2,7,1,B01
201900009665,1,13,,0,2,8,11,A01
201900009666,1,33,,0,2,1,1,B01
201900009666,2,7,,0,2,1,15,A01
201900009666,3,7,,0,2,3,1,C01
201900009667,2,13,,0,2,1,2,A01
201900009667,2,7,,0,0,4,2,C01
201900009667,2,7,,0,2,4,2,B01
201900009668,1,7,,0,1,3,16,A01
201900009669,1,7,,0,1,2,1,A01
201900009670,1,60,,0,2,5,1,B01
201900009670,1,30,,0,9,1,18,A01
201900009671,1,34,,0,2,7,1,B01
201900009671,1,7,,0,2,3,15,A01
201900009672,0,7,,0,2,3,15,B01
201900009672,0,31,,0,2,1,17,A01
201900009673,2,7,,0,2,1,15,A01
201900009673,3,50,,0,2,3,0,B01
201900009674,1,7,,0,2,3,26,A01
201900009674,1,2,,1,0,2,1,B01
201900009675,3,32,,0,2,7,17,A01
201900009675,3,7,,0,2,6,13,B01
201900009676,1,31,,0,1,1,16,A01
201900009677,3,30,,1,2,1,17,B01
201900009677,3,10,,1,2,3,9,A01
201900009678,3,10,,0,2,5,1,B01
201900009678,3,7,,0,2,3,2,C01
201900009678,3,33,,0,2,1,12,A01
201900009679,3,33,,0,2,5,1,B01
201900009679,3,7,,0,2,8,13,Z01
201900009680,1,32,,0,2,7,2,A01
201900009680,1,10,,0,2,2,0,C01
201900009681,1,7,,0,2,1,15,A01
201900009681,3,34,,0,2,1,1,B01
201900009682,1,32,,0,1,1,1,A01
201900009683,3,50,,0,2,1,2,A01
201900009683,1,1,,0,2,7,2,B01
201900009684,1,7,,0,2,1,15,A01
201900009684,2,7,,0,2,1,2,B01
201900009685,1,7,,0,2,1,1,A01
201900009685,1,7,,0,2,4,23,B01
201900009686,1,7,,0,2,7,14,B01
201900009686,1,34,,1,2,8,18,A01
201900009687,2,7,,0,2,2,15,B01
201900009687,2,33,,0,2,3,1,A01
201900009688,3,32,,0,2,0,21,B01
201900009689,3,10,,0,2,1,13,A01
201900009689,3,2,,0,2,4,2,B01
201900009690,0,7,,0,2,1,1,B01
201900009690,3,7,,0,2,1,1,A01
201900009691,1,7,,0,0,6,23,A01
201900009691,1,33,,0,0,1,0,B01
201900009692,0,7,,0,9,3,16,C01
201900009692,0,7,,0,2,6,15,B01
201900009692,0,36,,0,2,3,1,A01
201900009693,2,15,,0,0,4,2,B01
201900009693,2,43,,0,2,1,2,A01
201900009694,2,33,,0,2,7,13,B01
201900009694,2,7,,0,2,1,15,A01
201900009695,3,2,,0,2,1,5,A01
201900009695,3,2,,0,2,1,1,B01
201900009696,2,1,,0,2,4,21,B01
201900009696,1,7,,0,9,1,9,A01
201900009697,1,7,,8,0,7,14,A01
201900009698,2,7,,0,2,3,1,B01
201900009698,1,33,,0,2,1,0,A01
201900009699,3,2,,0,0,8,15,A01
201900009700,1,33,,0,0,7,1,A01
201900009701,2,31,,0,0,0,1,A01
201900009702,1,7,,0,1,3,9,A01
201900009703,2,7,,0,2,1,1,B01
201900009703,1,7,,0,2,3,1,A01
201900009704,1,7,,13,0,9,1,A01
201900009705,3,7,,0,2,3,1,B01
201900009705,3,7,,0,2,2,11,A01
201900009706,1,33,,0,2,1,1,A01
201900009706,2,7,,0,2,8,26,B01
201900009707,2,7,,0,2,2,1,D01
201900009707,2,7,,0,2,1,1,C01
201900009707,2,7,,3,0,4,1,B01
201900009707,2,7,,3,0,2,1,A01
201900009708,2,7,,2,0,9,1,A01
201900009709,2,1,,0,2,8,19,A01
201900009709,1,7,,0,2,1,9,B01
201900009710,2,7,,14,0,1,1,C01
201900009710,1,7,,0,2,6,1,B01
201900009710,1,7,,0,2,1,1,A01
201900009711,1,7,,1,2,1,14,A01
201900009711,1,7,,0,0,4,24,B01
201900009711,1,7,,0,2,3,2,C01
201900009712,0,2,,0,0,1,2,A01
201900009713,2,7,,0,2,1,17,A01
201900009713,2,13,,0,0,4,1,B01
201900009714,1,7,,0,2,1,0,A01
201900009714,1,10,,0,0,8,10,B01
201900009715,2,38,4.0,0,2,2,1,B01
201900009715,3,7,,0,2,1,15,A01
201900009716,2,10,,0,2,6,1,B01
201900009716,2,7,,0,2,2,17,A01
201900009717,3,2,,0,2,1,21,A01
201900009717,3,7,,0,2,3,9,B01
201900009718,0,7,,0,1,8,1,A01
201900009719,1,10,,0,0,1,1,B01
201900009719,2,7,,1,0,1,0,A01
201900009720,3,30,,0,2,2,1,B01
201900009720,3,7,,0,2,3,15,A01
201900009721,1,7,,0,2,6,10,A01
201900009721,1,33,,0,2,1,13,B01
201900009722,2,33,,0,0,7,17,A01
201900009723,1,7,,6,0,2,0,A01
201900009724,1,7,,0,2,1,17,A01
201900009724,2,7,,9,2,1,1,B01
201900009725,1,7,,0,2,8,19,B01
201900009725,1,33,,0,2,1,1,A01
201900009726,1,7,,0,2,3,1,B01
201900009726,1,34,,0,2,2,14,A01
201900009727,2,7,,2,0,1,1,A01
201900009728,3,33,,0,2,1,21,A01
201900009728,3,10,,0,2,3,1,B01
201900009729,1,7,,0,2,8,15,A01
201900009729,1,7,,0,2,7,21,B01
201900009730,2,7,,7,0,1,1,A01
201900009731,2,7,,0,1,3,1,A01
201900009732,2,7,,0,2,4,2,B01
201900009732,2,7,,0,2,1,1,A01
201900009733,1,7,,16,0,9,1,A01
201900009734,2,7,,0,2,2,1,B01
201900009734,2,7,,0,2,3,19,A01
201900009735,2,7,,0,2,2,1,B01
201900009735,1,7,,7,2,3,13,A01
201900009736,3,33,,9,0,0,26,A01