Num_Acc,senc,catv,occutc,obs,obsm,choc,manv,num_veh
201900009737,1,7,,0,1,2,1,A01
201900009738,2,2,,13,0,0,1,A01
201900009739,1,7,,0,2,3,9,A01
201900009739,2,33,,0,2,0,1,B01
201900009740,1,33,,13,0,1,1,A01
201900009741,3,17,,0,2,3,1,B01
201900009741,3,7,,0,2,3,13,A01
201900009742,2,7,,0,2,1,1,B01
201900009742,2,7,,0,1,4,1,A01
201900009743,2,7,,7,2,1,2,A01
201900009743,2,1,,13,2,4,2,B01
201900009743,2,10,,0,2,2,2,C01
201900009744,1,7,,0,2,1,19,A01
201900009744,2,7,,0,0,7,1,B01
201900009745,2,21,,0,9,8,1,A01
201900009745,1,1,,0,2,8,1,B01
201900009746,3,7,,6,2,8,19,B01
201900009746,2,10,,0,2,2,1,A01
201900009747,3,7,,14,0,1,26,A01
201900009748,3,7,,2,0,8,1,A01
201900009749,2,7,,0,2,1,1,B01
201900009749,1,7,,0,2,1,5,A01
201900009750,3,33,,0,2,4,2,B01
201900009750,3,7,,0,2,6,2,A01
201900009751,3,14,,0,2,6,23,B01
201900009751,3,7,,0,2,2,13,A01
201900009752,2,15,,0,2,6,1,B01
201900009752,1,7,,0,2,3,1,A01
201900009753,2,2,,0,2,1,13,A01
201900009753,1,33,,0,2,1,1,B01
201900009754,1,7,,2,0,1,1,A01
201900009755,2,7,,0,2,3,19,A01
201900009755,2,33,,0,2,1,1,B01
201900009756,1,7,,0,2,3,1,B01
201900009756,3,33,,0,2,3,13,A01
201900009757,2,7,,0,2,0,2,B01
201900009757,1,7,,0,0,4,1,A01
201900009758,1,33,,0,0,2,1,A01
201900009759,3,7,,6,0,1,2,A01
201900009760,3,7,,13,0,1,1,A01
201900009761,1,7,,0,2,1,5,A01
201900009761,2,7,,0,2,1,1,B01
201900009762,0,30,,1,2,1,1,B01
201900009762,2,7,,0,2,3,15,A01
201900009763,2,1,,0,0,8,2,B01
201900009763,2,7,,0,9,7,2,A01
201900009764,2,7,,0,2,1,2,A01
201900009764,2,7,,0,0,4,1,B01
201900009765,2,7,,0,0,3,1,B01
201900009765,1,7,,0,2,3,13,A01
201900009766,3,10,,0,2,1,13,B01
201900009766,3,21,,0,2,6,1,A01
201900009767,3,7,,13,0,1,1,A01
201900009768,1,2,,0,0,8,26,A01
201900009769,3,7,,0,2,3,1,A01
201900009769,3,2,,0,2,1,1,B01
201900009770,2,7,,0,2,8,15,A01
201900009770,2,31,,6,2,2,17,B01
201900009771,1,7,,0,2,3,15,A01
201900009771,2,1,,0,2,1,1,B01
201900009772,2,43,,14,0,7,1,A01
201900009773,3,33,,0,0,7,21,A01
201900009774,3,1,,0,2,1,19,A01
201900009774,2,7,,0,2,2,1,B01
201900009775,1,7,,0,1,1,1,A01
201900009776,2,80,,0,2,8,1,B01
201900009776,1,7,,0,2,3,1,A01
201900009777,1,7,,13,0,3,13,A01
201900009778,3,33,,13,0,1,1,A01
201900009779,1,7,,0,2,2,1,A01
201900009779,2,7,,0,2,3,1,B01
201900009780,1,7,,13,0,2,1,A01
201900009781,0,2,,0,2,1,1,B01
201900009781,0,7,,0,2,7,15,A01
201900009782,2,7,,0,1,2,2,A01
201900009783,3,7,,0,2,1,1,A01
201900009783,1,7,,2,2,7,1,B01
201900009784,3,1,,0,0,0,0,A01
201900009785,3,1,,0,0,4,1,A01
201900009785,3,7,,0,2,2,2,B01
201900009786,2,33,,0,2,7,1,A01
201900009786,0,7,,0,2,1,26,B01
201900009787,1,7,,0,1,1,1,A01
201900009788,1,7,,0,2,1,13,A01
201900009788,2,7,,0,2,1,1,B01
201900009789,2,7,,0,2,8,15,A01
201900009789,1,30,,0,2,1,1,B01
201900009790,0,7,,0,1,2,17,A01
201900009791,0,7,,0,0,9,2,A01
201900009792,1,7,,0,2,5,21,B01
201900009792,0,2,,0,2,0,19,A01
201900009793,1,7,,0,2,1,9,A01
201900009793,1,7,,0,2,8,1,B01
201900009794,2,7,,0,1,3,12,A01
201900009795,1,33,,0,2,6,13,A01
201900009795,2,7,,0,2,3,13,B01
201900009796,1,15,,0,2,1,1,B01
201900009796,2,31,,12,2,1,1,A01
201900009797,1,7,,0,2,7,15,A01
201900009797,2,7,,0,2,1,1,B01
201900009798,2,33,,0,0,0,0,A01
201900009799,2,7,,15,0,1,1,A01
201900009800,0,33,,0,0,9,0,A01
201900009801,0,7,,0,2,3,13,A01
201900009801,0,7,,0,2,3,1,B01
201900009802,1,7,,17,0,3,13,A01
201900009803,3,43,,0,2,3,26,B01
201900009803,3,7,,0,2,3,15,A01
201900009804,2,17,,0,2,1,1,B01
201900009804,1,7,,0,2,1,13,A01
201900009805,2,33,,0,2,4,1,A01
201900009805,1,7,,0,2,8,16,B01
201900009806,3,7,,0,2,1,13,A01
201900009806,3,7,,0,2,1,1,B01
201900009807,1,7,,2,0,9,13,A01
201900009808,2,7,,0,0,1,1,B01
201900009808,1,7,,0,2,1,5,A01
201900009809,3,7,,0,9,3,1,B01
201900009809,3,1,,0,2,1,1,A01
201900009810,1,33,,6,0,7,14,A01
201900009811,1,33,,0,2,1,13,A01
201900009811,2,7,,0,2,1,2,B01
201900009812,0,7,,0,1,1,1,A01
201900009813,1,10,,10,0,1,1,A01
201900009814,1,7,,0,0,0,0,A01
201900009815,2,7,,6,0,1,1,A01
201900009816,2,7,,0,0,3,1,B01
201900009816,1,7,,0,2,3,5,A01
201900009817,1,33,,16,0,0,14,A01
201900009818,2,7,,6,0,1,1,A01
201900009819,3,33,,6,0,1,0,A01
201900009820,1,1,,0,2,1,1,B01
201900009820,2,10,,0,2,1,17,A01
201900009821,1,33,,17,0,1,1,A01
201900009822,3,7,,0,0,1,1,A01
201900009823,2,7,,2,0,1,14,A01
201900009824,2,33,,12,0,1,1,A01
201900009825,3,7,,0,1,2,1,A01
201900009826,1,7,,17,0,1,1,A01
201900009827,2,17,,0,0,6,1,B01
201900009827,2,13,,3,2,1,1,A01
201900009828,1,14,,0,2,2,1,B01
201900009828,1,7,,4,2,1,17,A01
201900009829,1,33,,3,0,2,1,A01
201900009830,1,7,,0,0,4,23,B01
201900009830,1,7,,0,2,1,2,A01
201900009831,1,7,,0,0,3,1,A01
201900009832,0,7,,2,0,7,0,A01
201900009833,1,37,1.0,0,2,5,2,B01
201900009833,1,7,,7,2,1,2,A01
201900009834,3,33,,0,0,4,1,A01
201900009834,3,10,,0,0,2,1,B01
201900009835,2,7,,0,2,2,1,A01
201900009835,1,7,,0,2,3,19,B01
201900009836,1,10,,0,2,6,1,B01
201900009836,1,10,,0,2,2,1,A01
201900009837,2,7,,0,2,1,2,A01
201900009837,2,7,,0,2,4,2,B01
201900009838,2,15,,0,2,1,1,B01
201900009838,1,7,,0,2,1,5,A01
201900009839,1,7,,0,0,4,1,C01
201900009839,1,33,,0,2,1,1,B01
201900009839,1,33,,0,2,1,1,A01
201900009840,2,1,,0,0,1,1,A01
201900009841,1,7,,4,0,3,17,A01
201900009842,1,2,,6,0,2,1,A01
201900009843,3,32,,0,2,8,19,B01
201900009843,1,7,,0,2,3,1,A01
201900009844,3,7,,15,0,1,14,A01
201900009845,3,7,,2,0,1,6,A01
201900009846,1,7,,0,2,5,19,A01
201900009846,2,7,,0,2,1,1,B01
201900009847,1,7,,0,2,3,19,B01
201900009847,2,7,,0,2,1,13,A01
201900009848,1,7,,10,0,2,1,A01
201900009849,1,7,,13,0,2,1,A01
201900009850,1,7,,0,0,1,1,B01
201900009850,2,7,,0,0,1,13,A01
201900009851,2,7,,3,0,8,1,A01
201900009852,3,2,,0,2,3,1,A01
201900009852,3,10,,0,2,7,26,B01
201900009853,1,7,,14,0,8,0,A01
201900009853,1,7,,3,0,1,13,B01
201900009854,1,10,,3,0,0,1,A01
201900009855,2,7,,0,2,1,2,B01
201900009855,2,7,,0,0,4,2,A01
201900009856,1,7,,4,0,3,12,A01
201900009857,3,7,,0,2,8,1,A01
201900009857,1,14,,0,2,1,1,B01
201900009858,2,36,,6,0,1,1,A01
201900009859,3,7,,0,2,1,1,A01
201900009859,0,7,,0,0,2,1,B01
201900009860,2,7,,0,2,0,0,B01
201900009860,2,7,,0,2,0,0,A01
201900009861,2,7,,0,2,0,0,A01
201900009861,2,7,,3,2,0,0,B01
201900009862,1,33,,0,2,3,1,B01
201900009862,2,7,,0,2,1,15,A01
201900009863,1,7,,0,2,1,1,C01
201900009863,1,7,,0,2,2,1,B01
201900009863,2,7,,0,2,1,5,A01
201900009864,1,7,,13,0,3,1,A01
201900009865,2,7,,0,2,1,2,B01
201900009865,2,7,,0,2,4,23,A01
201900009866,2,7,,0,2,4,2,B01
201900009866,2,7,,0,2,1,2,A01
201900009867,3,7,,2,0,1,15,A01
201900009868,1,10,,0,1,2,19,A01
201900009869,1,7,,1,0,1,14,B01
201900009869,1,7,,0,0,6,24,A01
201900009870,1,7,,3,0,1,13,A01
201900009870,1,15,,3,2,1,21,B01
201900009871,1,14,,0,2,3,1,B01
201900009871,1,7,,7,0,7,12,A01
201900009872,2,7,,13,0,3,14,A01
201900009873,2,14,,0,0,4,2,B01
201900009873,2,7,,0,2,1,2,A01
201900009874,2,7,,0,0,1,1,D01
201900009874,2,7,,3,0,3,1,C01
201900009874,2,7,,0,0,6,1,B01
201900009874,2,7,,3,2,2,1,A01
201900009875,1,7,,3,0,1,2,C01
201900009875,1,7,,0,0,1,2,B01
201900009875,1,7,,0,2,5,2,A01
201900009876,1,7,,13,0,9,14,A01
201900009877,2,7,,0,2,2,17,A01
201900009877,2,7,,0,2,8,15,B01
201900009878,2,7,,0,0,5,1,B01
201900009878,2,7,,0,2,5,3,A01
201900009879,0,7,,0,1,2,1,A01
201900009879,3,1,,0,2,6,26,B01
201900009880,2,2,,15,0,1,5,A01
201900009881,2,1,,0,2,0,13,A01
201900009881,2,7,,0,2,2,21,B01
201900009882,0,7,,0,2,1,24,B01
201900009882,2,7,,1,0,1,13,A01
201900009883,1,7,,8,2,6,15,A01
201900009883,1,7,,0,2,2,13,B01
201900009884,0,33,,0,2,1,1,A01
201900009884,0,10,,0,2,3,0,B01
201900009885,0,33,,12,0,1,17,A01
201900009886,0,7,,0,2,8,15,B01
201900009886,3,33,,0,2,1,17,A01
201900009887,2,7,,0,1,3,1,A01
201900009888,1,7,,0,2,1,1,B01
201900009888,2,7,,0,2,1,13,A01
201900009889,2,1,,0,2,9,13,B01
201900009889,2,7,,0,2,2,17,A01
201900009890,1,1,,0,2,4,13,B01
201900009890,1,10,,0,2,7,2,A01
201900009891,2,2,,0,2,1,1,B01
201900009891,1,10,,0,2,3,13,A01
201900009892,1,34,,0,0,8,0,A01
201900009893,2,7,,9,0,7,1,B01
201900009893,1,20,,9,2,1,1,A01
201900009894,3,7,,0,2,8,0,B01
201900009894,3,7,,0,2,1,15,A01
201900009895,1,7,,0,1,7,1,A01
201900009896,3,31,,0,2,1,1,A01
201900009896,3,7,,0,2,7,15,B01
201900009897,2,7,,3,0,6,1,A01
201900009897,2,7,,13,0,1,0,B01
201900009898,2,2,,0,2,1,15,B01
201900009898,1,7,,0,2,3,1,A01
201900009899,2,7,,0,0,1,14,A01
201900009900,1,7,,14,2,1,2,B01
201900009900,1,7,,3,0,3,13,A01
201900009901,1,7,,0,2,1,2,A01
201900009901,1,2,,0,2,4,2,B01
201900009902,2,10,,0,1,2,26,A01
201900009903,1,7,,0,2,8,20,B01
201900009903,0,7,,0,2,2,26,C01
201900009903,1,33,,1,2,2,17,A01
201900009904,3,7,,0,1,2,1,A01
201900009905,2,7,,0,2,1,13,B01
201900009905,1,7,,0,2,1,0,A01
201900009906,2,7,,13,0,9,1,A01
201900009907,1,7,,0,2,3,1,A01
201900009907,2,33,,0,2,7,1,B01
201900009908,2,7,,0,2,1,13,A01
201900009908,2,7,,0,2,3,1,B01
201900009908,1,7,,0,2,5,1,C01
201900009909,2,2,,16,0,1,2,A01
201900009910,1,7,,0,1,1,1,A01
201900009911,1,7,,0,2,1,11,A01
201900009911,2,13,,0,2,1,1,B01
201900009912,2,7,,5,0,1,1,A01
201900009913,3,7,,0,2,1,9,A01
201900009913,3,7,,0,2,1,1,B01
201900009914,1,7,,13,0,9,21,A01
201900009915,1,7,,2,0,1,1,A01
201900009916,3,7,,0,2,2,1,A01
201900009916,3,7,,0,2,2,1,B01
201900009917,2,7,,0,0,4,1,C01
201900009917,2,7,,0,2,4,1,B01
201900009917,2,7,,0,2,1,2,A01
201900009918,1,7,,0,0,4,23,B01
201900009918,1,2,,0,2,4,21,A01
201900009919,3,7,,0,1,3,1,A01
201900009920,1,7,,16,0,9,1,A01
201900009921,2,10,,0,2,1,1,B01
201900009921,1,10,,0,2,1,17,A01
201900009922,1,34,,16,0,4,1,B01
201900009922,1,7,,0,2,2,1,A01
201900009923,1,7,,0,1,2,16,A01
201900009924,2,80,,0,0,4,1,A01
201900009924,2,7,,0,2,2,2,B01
201900009925,2,99,,0,1,7,1,A01
201900009926,1,7,,0,2,3,1,C01
201900009926,1,7,,0,2,3,1,B01
201900009926,2,7,,0,2,3,13,A01
201900009927,2,7,,1,1,1,14,A01
201900009928,1,7,,0,2,3,23,D01
201900009928,2,7,,0,2,2,1,A01
201900009928,2,7,,0,2,3,1,B01
201900009929,1,7,,6,0,1,1,A01
201900009930,1,7,,0,1,0,1,A01
201900009931,2,7,,0,0,8,15,B01
201900009931,1,7,,0,2,1,2,A01
201900009932,2,7,,2,0,1,0,A01
201900009933,2,7,,12,2,8,1,A01
201900009933,2,7,,0,0,1,1,B01
201900009933,1,7,,0,0,3,1,C01
201900009934,3,34,,9,0,1,0,A01
201900009935,3,7,,0,1,1,26,A01
201900009936,2,7,,5,0,1,14,A01
201900009937,1,7,,0,1,1,1,A01
201900009938,1,7,,13,0,7,1,A01
201900009939,1,7,,3,0,1,13,A01
201900009940,1,7,,3,2,2,15,A01
201900009940,2,7,,0,2,1,1,B01
201900009941,1,7,,0,2,1,5,A01
201900009941,2,7,,0,2,1,1,B01
201900009942,1,7,,1,0,1,14,A01
201900009942,2,7,,6,0,1,24,B01
201900009943,1,7,,0,1,1,1,A01
201900009944,1,7,,0,2,7,1,B01
201900009944,2,2,,0,2,1,1,A01
201900009945,2,7,,6,0,1,1,A01
201900009946,2,33,,15,0,1,0,A01
201900009947,2,7,,0,2,3,9,A01
201900009947,2,32,,0,2,5,1,B01
201900009948,2,2,,0,2,1,2,A01
201900009948,2,7,,0,0,4,23,B01
201900009949,1,7,,0,2,1,1,B01
201900009949,1,7,,0,2,3,9,A01
201900009950,2,7,,0,1,4,4,A01
201900009951,2,7,,12,2,2,1,A01
201900009951,1,30,,0,2,3,1,B01
201900009952,1,33,,0,0,1,1,A01
201900009953,3,7,,0,1,7,1,A01
201900009954,2,2,,0,2,1,2,A01
201900009954,2,7,,0,2,6,2,B01
201900009955,2,7,,0,2,3,1,B01
201900009955,1,33,,16,2,1,5,A01
201900009956,1,7,,0,2,3,12,B01
201900009956,1,7,,0,0,6,1,A01
201900009957,1,7,,0,0,6,9,A01
201900009957,1,7,,0,2,1,1,B01
201900009958,0,7,,0,1,3,1,A01
201900009959,1,7,,4,0,1,1,A01
201900009960,2,17,,0,9,5,2,A01
201900009960,1,1,,0,2,8,2,B01
201900009961,1,33,,0,0,0,1,A01
201900009962,1,7,,0,2,2,2,A01
201900009962,1,1,,0,0,4,2,B01
201900009963,1,15,,0,1,3,1,A01
201900009964,2,7,,0,2,3,1,A01
201900009964,2,7,,0,2,2,14,B01
201900009965,1,7,,0,2,1,1,C01
201900009965,1,7,,0,2,4,1,B01
201900009965,1,7,,0,2,4,1,A01
201900009966,1,7,,0,2,4,23,A01
201900009966,1,7,,0,2,1,1,B01
201900009967,2,7,,0,2,1,1,C01
201900009967,2,7,,0,2,4,2,B01
201900009967,2,7,,0,2,4,0,A01
201900009968,2,7,,6,0,1,14,A01
201900009969,1,7,,0,2,9,1,B01
201900009969,1,7,,0,2,0,26,A01
201900009970,1,7,,4,0,2,14,A01
201900009971,2,7,,0,2,2,12,A01
201900009971,2,34,,0,2,3,3,B01
201900009971,2,7,,0,2,4,2,C01
201900009972,1,33,,0,0,7,2,A01
201900009973,1,10,,1,0,1,2,B01
201900009973,1,10,,0,2,4,24,A01
201900009974,1,10,,0,0,1,16,A01
201900009975,2,33,,0,0,0,0,C01
201900009975,2,7,,0,0,0,0,B01
201900009975,2,7,,0,0,0,0,A01
201900009976,2,7,,4,2,6,11,B01
201900009976,2,31,,3,2,7,3,A01
201900009977,2,7,,0,1,2,1,A01
201900009978,2,7,,0,2,2,2,A01
201900009978,1,7,,4,2,4,2,B01
201900009979,2,7,,0,2,1,2,A01
201900009979,1,7,,0,2,4,1,B01
201900009980,2,7,,0,2,1,2,Z01
201900009980,2,7,,0,2,4,1,A01
201900009981,2,10,,0,2,4,2,B01
201900009981,2,7,,0,2,1,2,A01
201900009982,1,10,,4,0,8,1,A01
201900009983,2,7,,0,2,3,0,B01
201900009983,2,15,,0,2,2,0,A01
201900009984,1,10,,4,0,1,26,A01
201900009985,1,7,,0,2,4,23,C01
201900009985,1,7,,0,2,4,23,B01
201900009985,1,7,,3,2,1,1,A01
201900009986,2,7,,0,2,7,12,A01
201900009986,2,33,,0,2,3,3,B01
201900009987,1,33,,4,0,8,13,A01
201900009988,2,17,,0,2,1,1,C01
201900009988,2,7,,0,2,1,1,B01
201900009988,2,7,,0,2,1,5,A01
201900009989,2,7,,0,0,1,1,C01
201900009989,2,17,,0,2,4,23,A01
201900009989,2,10,,0,2,1,1,D01
201900009989,2,10,,0,2,1,1,B01
201900009990,2,33,,0,2,3,12,A01
201900009991,2,7,,0,2,4,1,E01
201900009991,2,10,,0,2,4,1,D01
201900009991,2,10,,0,2,4,1,C01
201900009991,2,7,,0,2,4,1,B01
201900009991,2,10,,0,2,1,11,A01
201900009992,2,7,,0,2,8,11,A01
201900009992,2,7,,0,2,3,1,C01
201900009992,2,7,,0,2,4,1,D01
201900009992,2,33,,0,2,2,3,B01
201900009993,1,7,,6,0,1,26,A01
201900009994,1,7,,0,2,1,2,A01
201900009994,1,7,,0,2,4,2,B01
201900009995,1,7,,0,2,6,1,B01
201900009995,1,7,,4,2,1,14,A01
201900009996,2,33,,0,2,0,1,A01
201900009997,2,7,,0,2,1,0,A01
201900009997,2,7,,0,2,4,0,B01
201900009998,2,7,,0,2,4,1,B01
201900009998,2,7,,0,2,1,1,A01
201900009999,1,7,,0,2,7,1,B01
201900009999,1,7,,0,2,8,13,C01
201900009999,1,7,,0,2,1,21,A01
201900010000,1,15,,0,2,2,12,A01
201900010000,1,7,,4,2,6,1,B01
201900010001,1,15,,3,0,8,14,A01
201900010002,2,7,,0,2,4,2,B01
201900010002,2,7,,0,2,1,2,A01
201900010003,2,7,,0,2,8,11,A01
201900010003,2,7,,0,2,7,1,B01
201900010004,1,7,,0,2,3,1,A01
201900010004,1,7,,0,2,5,2,B01
201900010005,2,10,,0,6,2,2,A01
201900010005,2,7,,0,6,1,2,B01
201900010006,1,7,,0,2,6,1,B01
201900010006,1,17,,0,2,2,12,A01
201900010007,2,7,,0,2,4,2,B01
201900010007,2,7,,0,2,4,2,D01
201900010007,2,7,,0,2,4,2,C01
201900010007,2,7,,0,2,1,2,A01
201900010008,2,7,,4,2,8,13,A01
201900010009,2,34,,0,2,2,3,B01
201900010009,2,7,,0,2,3,11,A01
201900010010,2,33,,0,2,1,26,A01
201900010010,2,7,,0,2,3,11,B01
201900010011,2,34,,0,2,2,3,B01
201900010011,2,10,,0,2,3,11,A01
201900010012,2,7,,0,2,6,1,B01
201900010012,2,33,,0,2,1,1,A01
201900010013,2,7,,4,0,1,1,A01
201900010014,2,7,,4,0,3,15,A01
201900010015,1,7,,4,0,1,1,A01
201900010016,1,7,,0,2,3,2,A01
201900010016,1,7,,0,2,3,2,B01
201900010016,1,7,,0,2,5,2,C01
201900010017,1,7,,4,0,1,0,A01
201900010018,2,7,,0,2,3,11,Z01
201900010018,2,7,,0,2,5,2,B01
201900010018,2,7,,0,2,4,2,C01
201900010018,2,7,,0,2,1,2,D01
201900010019,1,0,,0,2,1,2,Z01
201900010019,1,7,,4,2,4,2,A01
201900010020,2,15,,0,2,2,12,A01
201900010020,2,7,,0,2,8,1,B01
201900010021,2,33,,0,2,7,3,B01
201900010021,2,7,,0,2,6,11,A01
201900010022,2,7,,4,0,8,1,A01
201900010023,1,7,,0,2,4,2,B01
201900010023,1,7,,0,2,1,2,A01
201900010024,1,7,,4,0,1,21,A01
201900010025,1,7,,4,0,1,0,A01
201900010026,1,7,,0,2,6,1,B01
201900010026,1,34,,0,2,1,17,A01
201900010027,2,7,,0,2,1,2,A01
201900010027,2,7,,0,2,4,2,B01
201900010027,2,7,,0,2,4,2,C01
201900010028,2,7,,0,2,8,0,B01
201900010028,2,15,,0,2,2,12,A01
201900010029,2,10,,1,0,1,2,B01
201900010029,2,7,,0,2,4,23,D01
201900010029,2,7,,0,2,4,23,E01
201900010029,2,7,,0,2,4,23,C01
201900010029,2,7,,0,2,1,2,A01
201900010030,2,7,,0,2,1,2,A01
201900010030,2,7,,0,2,4,2,B01
201900010031,2,10,,0,2,9,1,A01
201900010032,2,7,,4,0,3,0,A01
201900010033,2,7,,3,0,1,14,A01
201900010034,1,7,,0,2,5,1,B01
201900010034,1,33,,0,2,8,3,A01
201900010035,2,7,,4,0,1,9,A01
201900010036,1,10,,0,2,4,1,B01
201900010036,1,10,,0,2,1,17,A01
201900010037,2,32,,0,0,7,2,A01
201900010038,2,7,,0,0,7,14,A01
201900010039,0,33,,0,2,7,2,B01
201900010039,0,7,,0,2,2,15,A01
201900010040,0,32,,0,0,0,0,B01
201900010040,1,13,,0,2,7,15,A01
201900010041,3,32,,0,2,7,17,A01
201900010041,3,7,,0,2,0,0,B01
201900010042,2,7,,0,2,2,15,B01
201900010042,1,7,,0,2,3,1,A01
201900010043,1,1,,0,0,0,15,B01
201900010043,1,7,,0,2,3,15,A01
201900010044,0,30,,1,2,0,1,A01
201900010045,1,7,,0,2,1,15,A01
201900010045,1,80,,0,2,1,0,B01
201900010046,1,7,,0,2,1,9,A01
201900010046,1,1,,0,2,7,1,B01
201900010047,1,7,,0,2,3,15,A01
201900010047,1,7,,0,2,2,5,B01
201900010048,0,7,,0,0,1,0,B01
201900010048,0,2,,0,2,0,1,A01
201900010049,1,7,,0,2,4,1,B01
201900010049,1,7,,0,2,1,1,A01
201900010050,3,7,,0,1,1,1,A01
201900010051,2,10,,0,1,2,15,A01
201900010052,2,17,,0,2,1,1,B01
201900010052,1,7,,0,2,1,14,A01
201900010053,3,1,,0,9,3,15,B01
201900010053,3,7,,0,9,2,1,A01
201900010054,1,30,,0,2,1,1,A01
201900010054,2,7,,0,2,2,15,B01
201900010055,1,7,,0,2,1,2,B01
201900010055,3,7,,0,2,1,13,A01
201900010056,1,34,,0,2,1,1,A01
201900010056,1,7,,0,0,4,1,B01
201900010057,0,7,,0,2,2,15,B01
201900010057,3,7,,0,2,1,1,A01
201900010058,2,7,,0,2,5,15,B01
201900010058,2,31,,0,2,1,1,A01
201900010059,0,1,,0,0,0,0,B01
201900010059,2,7,,0,2,0,16,A01
201900010060,1,33,,0,1,2,1,A01
201900010061,0,2,,0,1,1,17,Z01
201900010062,1,31,,0,2,1,0,B01
201900010062,1,10,,0,2,2,10,A01
201900010063,1,7,,0,2,1,2,A01
201900010063,1,7,,0,2,4,0,B01
201900010064,1,7,,0,1,2,16,A01
201900010065,2,3,,0,2,1,15,A01
201900010065,1,7,,0,2,1,1,B01
201900010066,2,7,,0,1,2,15,A01
201900010067,1,7,,0,2,2,1,A01
201900010067,1,33,,8,2,1,1,B01
201900010068,1,7,,14,0,1,16,A01
201900010069,2,7,,0,2,1,13,A01
201900010069,1,34,,0,2,1,1,B01
201900010070,1,7,,0,2,7,1,A01
201900010070,2,33,,0,2,1,1,B01
201900010071,2,30,,0,2,8,3,B01
201900010071,2,7,,0,2,2,12,A01
201900010072,2,33,,0,2,8,3,B01
201900010072,2,7,,0,2,7,12,A01
201900010073,1,31,,0,2,1,18,A01
201900010073,1,7,,0,2,5,1,Z01
201900010074,2,7,,0,2,2,15,A01
201900010074,1,2,,0,2,1,1,B01
201900010075,1,33,,0,2,7,1,B01
201900010075,1,10,,0,2,6,20,A01
201900010076,1,2,,0,2,1,1,A01
201900010076,1,1,,0,2,3,1,B01
201900010077,1,33,,0,2,3,1,A01
201900010077,1,7,,0,2,5,22,Z01
201900010078,1,43,,0,2,1,1,B01
201900010078,2,7,,0,2,3,15,A01
201900010079,2,32,,0,2,2,15,B01
201900010079,1,34,,0,2,1,1,A01
201900010080,2,32,,0,2,1,1,A01
201900010080,1,10,,0,2,3,1,B01
201900010081,2,1,,0,2,1,1,B01
201900010081,1,7,,0,2,7,10,A01
201900010082,1,2,,0,2,1,2,A01
201900010082,1,10,,0,2,5,23,B01
201900010083,2,7,,0,2,0,23,A01
201900010083,2,7,,0,2,4,23,B01
201900010083,2,7,,0,2,9,2,C01
201900010083,2,7,,0,2,1,2,D01
201900010084,2,1,,0,2,2,1,A01
201900010084,0,7,,0,2,3,1,B01
201900010085,1,33,,0,2,2,17,B01
201900010085,1,7,,0,2,3,15,A01
201900010086,3,33,,0,0,6,1,A01
201900010087,1,7,,0,2,3,15,A01
201900010087,1,1,,0,2,2,1,B01
201900010088,1,10,,0,2,7,14,C01
201900010088,1,33,,0,2,8,1,D01
201900010089,0,7,,0,1,3,1,A01
201900010090,3,33,,0,2,1,1,A01
201900010090,3,7,,0,2,7,1,B01
201900010091,1,7,,0,1,2,26,A01
201900010092,1,31,,0,6,1,1,A01
201900010092,1,1,,0,2,8,15,B01
201900010093,3,10,,0,2,2,2,A01
201900010093,2,7,,0,2,3,2,B01
201900010094,2,7,,0,1,1,1,A01
201900010095,3,33,,0,1,1,1,A01
201900010096,1,7,,0,2,8,16,B01
201900010096,1,15,,0,2,0,16,A01
201900010097,3,1,,0,0,0,0,A01
201900010098,0,99,,0,2,3,15,B01
201900010098,0,99,,0,2,1,26,A01
201900010099,0,34,,0,2,1,1,B01
201900010099,0,99,,0,2,2,15,A01
201900010100,2,10,,0,2,3,1,C01
201900010100,1,2,,0,2,1,3,B01
201900010100,1,10,,0,2,3,1,A01
201900010101,1,1,,0,2,1,1,B01
201900010101,0,7,,0,2,7,1,A01
201900010102,3,33,,0,2,1,1,A01
201900010102,3,7,,0,1,5,15,B01
201900010103,1,7,,0,2,8,15,B01
201900010103,1,31,,0,2,1,15,A01
201900010104,1,15,,0,0,8,23,B01
201900010104,1,10,,12,0,4,9,A01
201900010105,1,7,,0,0,2,2,B01
201900010105,1,7,,0,0,6,2,A01
201900010106,2,7,,0,1,1,15,A01
201900010107,1,33,,0,2,3,9,A01
201900010107,1,33,,0,2,7,2,B01
201900010108,1,3,,0,1,3,15,A01
201900010109,2,1,,0,1,1,1,A01
201900010110,2,7,,0,1,2,17,A01
201900010111,3,33,,0,2,4,13,B01
201900010111,3,33,,0,2,1,1,A01
201900010112,1,10,,0,2,5,14,Z01
201900010112,1,2,,0,2,1,1,A01
201900010113,3,2,,0,2,1,1,B01
201900010113,3,10,,0,2,3,9,A01
201900010114,2,7,,0,2,3,13,A01
201900010114,1,7,,0,2,3,1,B01
201900010115,1,7,,0,2,8,1,C01
201900010115,2,7,,0,0,4,15,B01
201900010115,2,7,,0,0,1,1,A01
201900010116,2,7,,0,2,1,1,B01
201900010116,1,7,,0,2,1,13,A01
201900010117,2,10,,0,0,4,1,B01
201900010117,2,10,,0,2,1,12,A01
201900010118,2,33,,0,2,1,1,B01
201900010118,3,7,,0,2,3,9,A01
201900010119,2,7,,17,0,2,1,A01
201900010120,3,7,,2,0,1,1,A01
201900010121,3,7,,0,2,3,0,B01
201900010121,3,7,,0,2,3,0,A01