Num_Acc,senc,catv,occutc,obs,obsm,choc,manv,num_veh
201900010122,1,7,,8,0,1,1,A01
201900010123,2,7,,0,2,1,1,B01
201900010123,1,7,,0,2,1,13,A01
201900010124,1,43,,12,0,7,1,A01
201900010125,1,7,,0,2,8,1,C01
201900010125,2,7,,0,2,1,1,B01
201900010125,1,7,,0,2,9,13,A01
201900010126,3,7,,0,2,7,1,B01
201900010126,3,7,,0,2,8,1,A01
201900010127,1,7,,0,2,2,1,A01
201900010127,2,7,,0,2,2,1,B01
201900010128,1,7,,0,0,2,14,A01
201900010129,2,7,,17,0,3,0,A01
201900010130,0,7,,0,2,2,1,B01
201900010130,3,20,,0,2,3,9,A01
201900010131,2,33,,0,2,1,1,B01
201900010131,1,7,,3,2,3,1,A01
201900010132,2,7,,0,0,6,1,B01
201900010132,2,33,,0,2,1,2,A01
201900010133,2,7,,0,2,1,1,A01
201900010133,1,7,,0,2,1,1,B01
201900010134,1,7,,13,0,1,1,A01
201900010135,3,1,,0,0,0,13,A01
201900010136,2,33,,0,2,1,26,B01
201900010136,1,7,,0,2,1,15,A01
201900010137,1,7,,8,0,1,1,A01
201900010138,3,7,,0,1,2,1,A01
201900010139,3,7,,13,0,1,0,A01
201900010140,2,7,,0,2,3,1,B01
201900010140,1,7,,0,2,3,1,A01
201900010141,2,10,,3,2,1,1,B01
201900010141,1,7,,3,2,7,13,A01
201900010142,3,7,,2,0,5,21,A01
201900010143,1,2,,12,0,1,0,A01
201900010144,1,33,,6,2,1,13,A01
201900010144,2,7,,0,2,2,1,B01
201900010145,0,21,,0,2,1,1,A01
201900010145,0,2,,0,2,1,1,B01
201900010146,0,7,,9,0,1,1,A01
201900010147,1,7,,0,2,1,23,A01
201900010147,1,7,,0,0,8,23,B01
201900010147,1,7,,0,2,1,2,C01
201900010148,3,7,,13,2,6,9,A01
201900010148,3,7,,0,2,2,1,B01
201900010149,2,7,,17,0,2,1,A01
201900010150,2,7,,9,0,6,9,A01
201900010150,2,7,,0,2,2,1,B01
201900010151,2,7,,13,0,9,14,A01
201900010152,3,7,,0,2,1,1,A01
201900010152,0,10,,0,2,1,1,B01
201900010153,2,7,,3,0,9,1,A01
201900010154,1,7,,13,0,3,1,A01
201900010155,1,7,,0,0,5,15,A01
201900010155,1,2,,0,2,1,0,B01
201900010156,1,7,,4,0,3,1,A01
201900010157,1,7,,0,0,5,13,A01
201900010157,2,7,,0,2,1,1,B01
201900010158,1,7,,0,0,9,26,A01
201900010159,2,7,,0,2,2,17,B01
201900010159,3,10,,0,2,8,15,A01
201900010160,1,7,,0,2,3,9,B01
201900010160,1,2,,0,2,1,1,A01
201900010161,1,7,,0,2,3,5,B01
201900010161,2,7,,0,2,3,21,A01
201900010162,1,7,,0,2,1,0,B01
201900010162,2,7,,0,2,1,0,A01
201900010163,2,10,,8,0,1,1,A01
201900010164,0,13,,0,2,7,23,C01
201900010164,1,7,,0,2,1,1,B01
201900010164,0,7,,0,2,7,19,A01
201900010165,1,7,,0,0,1,1,B01
201900010165,2,7,,0,0,5,26,A01
201900010166,2,31,,13,0,1,13,A01
201900010167,1,7,,0,0,7,1,B01
201900010167,0,7,,0,2,3,16,A01
201900010168,2,33,,12,2,7,13,B01
201900010168,2,7,,0,2,6,20,A01
201900010169,2,7,,0,2,1,2,D01
201900010169,2,7,,0,2,1,26,C01
201900010169,2,7,,0,9,4,21,B01
201900010169,2,10,,0,0,0,23,A01
201900010170,1,7,,8,0,1,1,A01
201900010171,1,7,,2,0,1,0,A01
201900010172,1,15,,0,1,3,1,A01
201900010173,1,7,,0,2,3,13,A01
201900010173,2,7,,0,2,3,1,B01
201900010173,2,7,,0,2,2,1,C01
201900010174,3,50,,15,0,1,1,A01
201900010175,1,33,,0,2,3,13,A01
201900010175,2,7,,0,2,3,1,B01
201900010176,1,7,,6,0,1,1,A01
201900010177,2,7,,0,2,1,1,A01
201900010177,2,7,,0,2,6,1,B01
201900010178,1,7,,13,0,1,15,A01
201900010179,1,7,,0,0,5,12,A01
201900010179,1,34,,0,0,1,26,B01
201900010180,1,33,,0,0,7,0,A01
201900010181,2,7,,0,2,7,12,A01
201900010181,2,34,,0,2,8,3,B01
201900010182,1,31,,0,0,9,1,A01
201900010183,1,14,,0,2,1,2,D01
201900010183,1,7,,0,2,4,2,C01
201900010183,1,7,,0,2,4,2,B01
201900010183,1,7,,0,2,4,2,A01
201900010184,1,7,,0,2,7,12,Z01
201900010184,1,7,,0,2,6,1,B01
201900010184,1,33,,0,2,8,3,A01
201900010185,1,7,,0,2,5,1,A01
201900010185,1,33,,0,2,1,3,B01
201900010186,2,33,,0,2,1,3,B01
201900010186,2,7,,0,2,5,11,A01
201900010187,1,32,,0,2,2,3,A01
201900010187,1,7,,0,2,6,11,B01
201900010188,1,7,,0,2,1,1,A01
201900010188,1,7,,0,2,4,2,B01
201900010188,1,7,,3,0,6,2,C01
201900010189,1,7,,4,2,4,0,A01
201900010189,1,7,,0,2,1,0,B01
201900010189,1,7,,0,2,1,0,Z01
201900010190,1,7,,1,0,2,14,A01
201900010190,1,7,,0,2,6,23,B01
201900010191,1,7,,3,0,2,14,A01
201900010192,2,7,,0,2,1,2,A01
201900010192,2,7,,0,2,4,2,B01
201900010192,2,7,,0,2,1,1,C01
201900010193,2,30,,11,0,1,17,A01
201900010194,1,7,,0,2,1,1,A01
201900010194,1,7,,0,2,4,1,B01
201900010195,3,7,,0,1,0,0,A01
201900010196,2,7,,13,0,3,1,A01
201900010197,2,7,,0,1,3,15,Z01
201900010198,2,7,,0,2,4,1,D01
201900010198,2,7,,0,2,4,1,C01
201900010198,2,10,,0,2,4,1,B01
201900010198,2,10,,0,2,1,1,A01
201900010199,1,7,,0,2,5,26,A01
201900010199,2,31,,0,2,4,1,B01
201900010200,3,7,,14,0,1,9,A01
201900010200,3,7,,14,0,2,1,B01
201900010201,1,7,,0,1,2,1,A01
201900010202,2,7,,0,2,4,23,B01
201900010202,2,7,,0,2,1,1,A01
201900010203,1,7,,2,0,2,14,A01
201900010204,1,7,,4,0,1,1,A01
201900010205,1,7,,0,2,4,2,C01
201900010205,1,7,,0,2,4,2,B01
201900010205,1,7,,0,2,1,2,A01
201900010206,2,7,,0,2,3,1,A01
201900010206,1,1,,0,2,3,15,B01
201900010207,3,7,,0,2,3,9,A01
201900010207,3,50,,0,2,1,1,B01
201900010208,3,32,,0,2,2,1,B01
201900010208,3,7,,0,2,1,15,A01
201900010209,1,30,,0,2,1,19,B01
201900010209,1,7,,0,2,2,15,A01
201900010210,3,7,,0,1,1,1,A01
201900010211,3,10,,0,2,4,2,B01
201900010211,3,30,,0,2,1,2,A01
201900010212,0,1,,0,1,1,25,A01
201900010213,1,2,,0,2,1,2,A01
201900010213,1,7,,0,2,4,2,B01
201900010214,1,7,,0,2,2,15,B01
201900010214,2,30,,14,0,1,21,A01
201900010215,1,1,,0,2,2,0,B01
201900010215,1,7,,0,2,1,1,A01
201900010216,1,1,,0,0,0,26,A01
201900010217,2,7,,8,0,3,14,A01
201900010218,2,7,,11,0,1,14,A01
201900010219,1,7,,0,1,3,1,A01
201900010220,2,7,,0,0,0,0,Z01
201900010220,1,31,,0,0,0,0,A01
201900010221,1,7,,0,1,1,1,A01
201900010222,1,31,,0,2,5,1,B01
201900010222,1,7,,0,2,0,12,A01
201900010223,2,15,,0,1,4,15,A01
201900010224,1,30,,0,2,3,18,A01
201900010224,1,7,,0,2,5,1,B01
201900010225,0,10,,0,1,3,20,A01
201900010226,1,7,,0,2,2,16,B01
201900010226,1,30,,0,2,1,13,A01
201900010227,3,7,,0,2,1,1,A01
201900010227,3,7,,0,2,1,1,B01
201900010228,1,7,,0,2,1,1,A01
201900010228,1,7,,0,2,4,1,B01
201900010229,0,7,,0,1,1,16,A01
201900010230,2,7,,1,0,5,1,A01
201900010231,1,7,,0,1,7,1,A01
201900010232,2,7,,0,2,8,1,B01
201900010232,1,7,,0,0,0,0,A01
201900010233,2,13,,0,0,5,15,A01
201900010234,3,7,,0,1,3,21,A01
201900010235,1,32,,0,1,1,25,Z01
201900010236,3,7,,8,1,3,15,A01
201900010237,1,33,,0,1,1,2,A01
201900010238,1,33,,0,2,1,2,A01
201900010239,1,7,,0,2,2,26,B01
201900010239,1,7,,1,0,1,1,Z01
201900010240,2,33,,0,2,8,15,B01
201900010240,2,7,,0,2,7,12,A01
201900010241,1,37,1.0,0,2,8,1,B01
201900010241,1,7,,0,2,2,15,A01
201900010242,1,7,,0,2,5,1,B01
201900010242,2,7,,0,2,2,15,A01
201900010243,2,7,,0,1,1,16,A01
201900010244,1,7,,0,2,3,9,B01
201900010245,2,7,,0,0,0,0,A01
201900010245,2,7,,14,0,5,2,B01
201900010246,2,7,,0,2,1,13,A01
201900010246,1,7,,0,2,3,1,B01
201900010246,1,7,,0,2,8,1,C01
201900010247,2,30,,0,1,3,15,A01
201900010247,2,0,,0,2,0,0,Y01
201900010248,1,30,,0,1,1,1,Z01
201900010249,2,7,,0,2,8,1,B01
201900010249,1,7,,0,2,3,13,A01
201900010250,3,34,,0,2,4,15,B01
201900010250,3,7,,0,2,1,16,A01
201900010251,1,7,,2,0,8,14,A01
201900010252,2,2,,0,2,7,1,B01
201900010252,2,7,,0,2,6,20,A01
201900010253,3,7,,0,2,1,2,C01
201900010253,3,7,,0,2,4,2,B01
201900010253,3,7,,0,2,5,2,A01
201900010254,2,7,,0,1,1,1,A01
201900010255,3,33,,0,2,0,5,A01
201900010255,3,7,,0,2,2,1,B01
201900010256,1,7,,0,1,1,1,A01
201900010257,2,7,,4,0,3,13,A01
201900010258,1,7,,8,2,8,9,B01
201900010258,3,7,,8,0,2,12,A01
201900010259,2,7,,0,2,3,15,B01
201900010259,1,2,,0,2,1,1,A01
201900010260,1,3,,0,2,0,1,A01
201900010260,2,2,,0,2,1,17,B01
201900010261,1,33,,0,2,7,2,B01
201900010261,1,7,,0,2,8,18,A01
201900010262,2,7,,0,2,8,22,A01
201900010262,2,31,,0,2,1,1,B01
201900010263,3,7,,0,0,3,1,B01
201900010263,3,7,,0,0,3,13,A01
201900010264,3,7,,0,0,3,14,A01
201900010265,2,7,,0,2,3,15,A01
201900010265,2,0,,0,2,0,17,B01
201900010266,1,7,,0,0,0,2,B01
201900010266,1,30,,0,0,1,2,A01
201900010267,1,7,,10,0,2,1,A01
201900010268,2,7,,17,0,1,14,A01
201900010269,2,7,,0,2,2,15,B01
201900010269,1,34,,0,2,1,2,A01
201900010270,2,7,,0,0,1,1,A01
201900010271,1,7,,0,1,2,17,Z01
201900010271,1,7,,0,2,8,23,A01
201900010272,1,2,,0,0,0,1,A01
201900010273,1,7,,0,2,0,0,B01
201900010273,1,33,,0,2,6,0,A01
201900010274,0,34,,0,0,1,0,A01
201900010275,2,7,,8,0,2,14,A01
201900010276,1,33,,13,0,1,1,A01
201900010277,2,7,,0,2,0,26,Z01
201900010277,2,30,,0,2,4,26,A01
201900010278,0,37,1.0,0,2,8,15,B01
201900010278,2,7,,0,2,1,17,A01
201900010279,2,32,,0,0,0,1,A01
201900010280,2,7,,0,2,4,15,B01
201900010280,2,99,,0,2,1,26,A01
201900010281,3,36,,6,0,1,14,A01
201900010282,1,7,,0,2,2,15,A01
201900010282,1,2,,0,2,1,1,B01
201900010283,0,7,,0,2,3,1,B01
201900010283,0,7,,0,2,3,1,A01
201900010284,1,7,,0,2,1,9,A01
201900010284,2,7,,1,2,5,2,B01
201900010285,0,7,,0,2,4,2,B01
201900010285,1,7,,0,2,1,2,A01
201900010286,1,33,,13,0,2,1,A01
201900010287,1,33,,3,0,7,1,A01
201900010288,2,3,,0,2,8,0,B01
201900010288,2,32,,0,2,2,1,A01
201900010289,1,33,,6,0,1,26,A01
201900010290,0,7,,1,0,0,0,Z01
201900010290,0,7,,1,2,6,24,B01
201900010291,0,10,,0,0,4,23,A01
201900010291,0,7,,0,1,1,2,B01
201900010292,1,16,,0,2,2,1,A01
201900010292,1,7,,0,2,3,7,B01
201900010293,3,7,,0,2,2,1,B01
201900010293,3,7,,0,2,3,1,A01
201900010294,3,33,,0,2,1,17,B01
201900010294,3,7,,0,2,3,15,A01
201900010295,0,7,,0,1,1,1,A01
201900010296,2,7,,0,0,0,0,B01
201900010296,1,7,,0,2,1,13,A01
201900010297,2,10,,0,0,3,0,B01
201900010297,1,7,,0,2,3,0,A01
201900010298,0,7,,0,2,4,2,B01
201900010298,2,30,,0,2,1,26,A01
201900010299,1,7,,0,2,3,1,B01
201900010299,2,7,,0,2,3,1,A01
201900010300,0,7,,0,2,1,1,A01
201900010300,0,7,,0,2,4,1,B01
201900010301,2,7,,0,2,1,1,B01
201900010301,1,7,,0,2,1,11,A01
201900010302,1,7,,2,0,5,1,A01
201900010303,1,7,,13,0,0,1,A01
201900010304,2,7,,0,2,1,11,A01
201900010304,1,7,,0,2,1,0,B01
201900010305,2,1,,0,2,1,2,B01
201900010305,1,2,,0,9,1,2,A01
201900010306,2,31,,0,2,1,0,A01
201900010306,2,30,,0,2,4,0,B01
201900010306,1,7,,0,2,3,0,C01
201900010307,2,30,,0,2,3,1,A01
201900010307,3,7,,0,2,1,19,B01
201900010307,1,7,,0,2,1,23,C01
201900010308,1,33,,0,0,7,26,A01
201900010309,1,7,,10,0,3,1,A01
201900010310,3,7,,0,2,1,15,A01
201900010310,3,7,,0,2,1,2,B01
201900010311,3,7,,0,2,8,15,A01
201900010311,2,33,,0,2,1,1,B01
201900010312,0,7,,0,2,1,1,B01
201900010312,0,7,,0,2,8,19,A01
201900010313,1,7,,0,1,7,15,A01
201900010314,2,33,,0,9,1,1,A01
201900010314,3,1,,0,2,4,15,B01
201900010315,1,7,,13,0,1,1,A01
201900010316,1,32,,0,2,1,1,B01
201900010316,2,7,,0,2,3,13,A01
201900010317,1,7,,0,2,1,5,A01
201900010317,2,7,,0,2,1,1,B01
201900010318,1,7,,0,2,3,13,A01
201900010318,2,33,,0,2,1,1,B01
201900010319,1,2,,13,0,1,15,A01
201900010320,0,2,,0,0,7,0,A01
201900010321,2,31,,0,1,1,21,A01
201900010322,1,15,,2,0,0,13,A01
201900010322,2,7,,0,2,2,14,B01
201900010323,2,7,,0,2,6,1,A01
201900010323,2,7,,0,2,2,15,B01
201900010324,1,7,,4,2,3,0,B01
201900010324,2,7,,0,2,3,13,A01
201900010325,1,7,,15,1,1,19,A01
201900010326,3,1,,0,2,1,15,B01
201900010326,3,3,,0,1,3,1,A01
201900010327,3,1,,0,2,7,1,B01
201900010327,3,7,,0,2,1,9,A01
201900010328,1,7,,0,2,1,1,B01
201900010328,2,7,,0,2,1,14,A01
201900010329,3,37,1.0,0,4,0,1,B01
201900010330,3,31,,4,0,1,1,A01
201900010331,3,7,,0,2,6,21,A01
201900010331,3,7,,0,2,6,20,B01
201900010332,3,2,,0,2,1,1,B01
201900010332,3,7,,0,2,7,15,A01
201900010333,1,7,,0,0,0,0,B01
201900010333,2,1,,0,0,0,3,A01
201900010334,3,80,,0,0,3,1,A01
201900010335,3,7,,0,2,7,14,A01
201900010335,2,7,,0,2,2,1,A01
201900010336,2,1,,0,0,4,2,A01
201900010336,2,7,,0,2,2,2,B01
201900010337,3,7,,0,2,3,15,A01
201900010337,3,2,,0,2,1,1,B01
201900010338,1,7,,0,1,3,9,Z01
201900010339,3,7,,0,2,0,0,B01
201900010339,3,7,,0,2,0,26,A01
201900010340,3,7,,14,2,1,9,A01
201900010340,1,99,,14,2,8,1,B01
201900010341,3,2,,0,2,8,1,B01
201900010341,3,7,,0,2,2,15,A01
201900010342,1,2,,2,0,9,14,A01
201900010343,3,7,,0,1,1,16,A01
201900010344,1,33,,0,2,1,13,B01
201900010344,1,7,,0,2,6,1,A01
201900010345,1,7,,8,0,3,26,A01
201900010346,1,7,,15,2,3,13,A01
201900010346,2,7,,7,2,3,1,B01
201900010347,3,7,,0,1,4,20,A01
201900010348,2,7,,0,2,6,1,B01
201900010348,2,2,,0,2,2,14,A01
201900010349,3,7,,0,2,4,2,B01
201900010349,3,7,,0,2,1,2,A01
201900010350,1,7,,0,1,1,26,Z01
201900010351,2,7,,0,2,1,1,B01
201900010351,1,7,,0,2,1,13,A01
201900010352,1,7,,13,2,4,2,B01
201900010352,1,7,,13,2,8,13,C01
201900010352,1,7,,13,2,4,14,A01
201900010353,1,7,,0,2,8,15,B01
201900010353,1,33,,0,2,7,17,A01
201900010354,3,7,,1,0,3,2,A01
201900010355,1,33,,0,2,0,0,B01
201900010355,1,33,,0,2,0,0,C01
201900010355,2,7,,0,2,0,1,A01
201900010356,2,33,,0,2,1,1,B01
201900010356,1,7,,0,2,2,15,A01
201900010357,3,33,,0,2,8,13,A01
201900010357,3,33,,0,2,3,17,B01
201900010358,1,33,,0,1,1,1,A01
201900010359,0,7,,0,0,6,15,A01
201900010359,2,33,,0,2,1,17,B01
201900010360,2,33,,0,2,1,1,B01
201900010360,1,7,,0,2,1,15,A01
201900010361,2,10,,0,1,1,15,A01
201900010362,2,2,,0,0,1,1,A01
201900010363,3,7,,0,2,3,10,A01
201900010363,3,33,,0,2,8,2,B01
201900010364,2,10,,0,2,3,1,B01
201900010364,1,7,,0,2,3,13,A01
201900010365,2,31,,8,2,1,17,B01
201900010365,2,7,,0,0,8,15,A01
201900010366,2,1,,0,0,4,15,B01
201900010366,2,33,,0,0,1,1,A01
201900010367,2,7,,0,2,2,9,A01
201900010367,1,33,,0,2,1,1,B01
201900010368,2,30,,6,0,1,1,A01
201900010369,1,30,,12,0,7,14,A01
201900010370,1,31,,0,2,7,1,A01
201900010370,2,7,,0,2,3,26,B01
201900010371,2,7,,8,2,8,1,B01
201900010371,1,33,,0,2,8,5,A01
201900010372,1,7,,0,2,1,2,A01
201900010372,1,7,,0,2,4,2,C01
201900010372,1,7,,0,2,4,2,B01
201900010373,2,7,,0,2,6,1,B01
201900010373,1,7,,0,2,3,13,A01
201900010374,2,31,,0,4,2,0,A01
201900010375,1,31,,0,0,8,1,A01
201900010376,1,7,,0,1,2,1,A01
201900010377,2,30,,0,0,0,0,A01
201900010378,1,7,,0,2,8,15,A01
201900010378,1,33,,0,2,7,17,B01
201900010379,1,0,,0,2,2,9,Z01
201900010379,1,30,,0,1,7,17,A01
201900010380,2,7,,0,1,1,20,A01
201900010381,1,7,,0,0,6,15,B01
201900010381,1,7,,0,2,1,2,A01
201900010382,3,33,,0,2,1,1,B01
201900010382,0,7,,0,6,3,10,A01
201900010383,1,7,,0,0,6,23,B01
201900010383,1,7,,0,2,2,1,A01
201900010384,1,1,,0,2,8,3,B01
201900010384,2,10,,0,0,1,0,A01
201900010385,2,7,,0,2,3,13,A01
201900010385,1,7,,0,2,3,1,B01
201900010386,2,33,,5,0,8,26,A01
201900010387,1,7,,6,0,1,14,A01
201900010388,2,33,,13,0,2,17,A01
201900010389,2,1,,0,2,1,1,B01
201900010389,1,7,,0,2,7,19,A01
201900010390,1,33,,0,0,7,1,A01
201900010391,1,7,,0,1,3,1,A01
201900010392,2,7,,0,0,1,1,B01
201900010392,1,7,,0,2,3,26,A01
201900010393,0,7,,0,1,2,1,A01
201900010394,1,7,,0,0,4,23,B01
201900010394,2,10,,0,0,3,1,C01
201900010394,1,14,,0,2,1,1,A01
201900010395,1,7,,0,2,1,15,B01
201900010395,2,33,,0,2,1,1,G01
201900010396,1,13,,0,2,3,15,B01
201900010396,1,7,,0,2,1,17,A01
201900010397,2,7,,0,2,0,0,B01
201900010397,2,7,,0,2,1,1,A01
201900010398,0,1,,0,2,2,1,B01
201900010398,3,7,,0,2,3,1,A01
201900010399,1,10,,0,1,7,21,A01
201900010400,1,33,,0,2,1,1,A01
201900010400,2,7,,0,2,3,15,B01
201900010401,1,7,,0,2,1,2,C01
201900010401,1,7,,0,2,1,1,B01
201900010401,2,7,,0,2,1,5,A01
201900010402,1,7,,4,0,3,13,A01
201900010403,3,1,,0,2,7,1,B01
201900010403,0,99,,0,9,1,15,A01
201900010404,2,7,,0,2,7,22,A01
201900010404,2,33,,0,2,3,3,B01
201900010404,2,7,,0,2,4,1,C01
201900010405,2,33,,0,2,2,1,B01
201900010405,1,7,,0,2,5,15,A01
201900010406,2,7,,0,2,2,12,A01
201900010406,1,32,,0,2,3,3,B01
201900010407,2,7,,0,2,3,11,A01
201900010407,2,32,,0,2,7,1,B01
201900010408,2,7,,0,2,6,2,B01
201900010408,2,31,,0,2,1,2,A01
201900010409,1,7,,0,2,8,1,C01
201900010409,1,32,,0,2,3,3,B01
201900010409,1,7,,0,2,2,12,A01
201900010410,1,33,,0,2,1,11,A01
201900010410,1,33,,0,2,4,3,B01
201900010411,2,33,,4,0,1,0,A01
201900010412,1,33,,0,2,8,1,B01
201900010412,1,7,,0,2,7,12,A01
201900010413,1,7,,0,0,9,1,A01
201900010414,1,7,,0,2,7,19,A01
201900010414,1,7,,0,2,1,1,B01
201900010415,2,7,,0,2,6,23,B01
201900010415,2,7,,4,2,2,13,A01
201900010416,2,32,,0,2,3,2,A01
201900010416,2,7,,0,2,5,23,B01
201900010417,2,33,,0,2,1,2,A01
201900010417,2,7,,0,2,5,23,B01
201900010418,2,33,,0,2,1,1,B01
201900010418,1,7,,0,2,7,15,A01
201900010419,2,33,,0,2,8,3,A01
201900010419,2,7,,0,2,0,12,Z01
201900010420,1,7,,0,2,1,1,B01
201900010420,2,7,,0,2,1,13,A01
201900010421,2,10,,0,2,5,1,B01
201900010421,2,32,,0,2,3,3,A01
201900010422,1,10,,0,2,1,1,C01
201900010422,1,17,,3,0,2,1,A01
201900010423,1,33,,0,0,8,3,A01
201900010424,1,37,1.0,0,1,5,7,A01
201900010425,1,17,,0,2,3,0,B01
201900010425,1,10,,0,2,7,0,A01
201900010426,1,7,,0,1,2,1,A01
201900010427,1,7,,0,2,1,12,A01
201900010427,1,13,,0,2,8,23,B01
201900010428,0,14,,0,2,6,4,A01
201900010428,2,30,,0,2,1,1,B01
201900010429,2,43,,0,0,0,1,A01
201900010430,1,7,,8,2,1,1,A01
201900010430,1,2,,0,2,2,1,B01
201900010431,2,7,,0,2,1,13,A01
201900010431,1,7,,0,0,8,1,B01
201900010431,1,7,,0,2,1,1,C01
201900010432,2,7,,0,2,2,1,B01
201900010432,2,10,,0,2,1,1,A01
201900010433,2,33,,0,2,3,23,B01
201900010433,2,33,,0,2,1,3,A01
201900010434,1,7,,0,2,2,1,B01
201900010434,2,7,,0,2,1,13,A01
201900010435,2,32,,4,0,3,13,A01
201900010436,1,7,,0,2,8,15,A01
201900010436,3,33,,0,2,1,17,B01
201900010437,1,7,,0,2,3,19,A01
201900010437,2,33,,0,2,8,1,B01
201900010438,1,7,,0,2,3,15,A01
201900010438,1,30,,8,2,2,17,B01
201900010439,3,7,,0,2,1,19,B01
201900010439,3,31,,12,2,7,1,A01
201900010440,1,2,,0,2,1,1,B01
201900010440,2,7,,0,2,3,5,A01
201900010441,3,7,,0,1,3,1,A01
201900010442,2,33,,0,0,0,1,A01
201900010443,0,7,,0,2,3,15,B01
201900010443,3,2,,0,2,1,15,A01
201900010444,1,33,,0,2,6,23,B01
201900010444,1,31,,0,2,7,2,A01
201900010445,1,7,,7,2,0,1,B01
201900010445,3,7,,0,2,2,15,A01
201900010446,0,7,,0,2,3,1,B01
201900010446,0,7,,0,2,3,1,A01
201900010447,2,32,,0,2,2,1,B01
201900010447,2,7,,0,2,3,9,A01
201900010448,2,50,,0,1,0,7,A01
201900010449,1,15,,3,0,7,1,A01
201900010450,2,7,,0,2,3,15,A01
201900010450,2,32,,0,2,1,5,B01
201900010451,1,7,,3,0,6,2,B01
201900010451,1,7,,0,2,1,2,A01
201900010452,1,7,,0,1,4,4,A01
201900010453,1,1,,0,1,7,1,A01
201900010454,1,17,,0,2,3,2,A01
201900010454,1,17,,0,2,4,2,B01
201900010454,1,17,,0,0,4,1,C01
201900010455,3,7,,5,0,3,13,A01
201900010456,3,7,,1,0,1,1,A01
201900010457,1,30,,0,1,7,1,Z01
201900010458,3,33,,0,5,1,1,A01
201900010459,2,37,2.0,0,0,0,1,A01
201900010460,2,30,,0,1,1,1,Z01
201900010461,3,7,,0,0,7,1,B01
201900010461,3,7,,0,2,1,19,A01
201900010462,2,33,,0,1,1,5,Z01
201900010463,1,33,,0,2,1,1,A01
201900010463,1,7,,0,2,5,1,Z01
201900010464,1,7,,0,2,6,1,B01
201900010464,2,50,,0,2,1,16,A01
201900010465,1,10,,0,1,4,4,A01
201900010466,2,7,,0,2,1,1,B01
201900010466,2,7,,0,2,4,15,A01
201900010467,1,7,,0,2,2,16,A01
201900010467,1,7,,0,2,3,7,B01
201900010468,2,7,,8,0,0,1,A01
201900010469,1,7,,2,0,1,1,A01
201900010470,1,30,,0,1,7,1,Z01
201900010471,2,33,,3,0,3,1,A01
201900010472,1,2,,0,2,5,18,A01
201900010472,1,7,,0,2,0,22,B01
201900010473,2,7,,3,0,0,13,A01
201900010473,2,10,,0,2,3,1,B01
201900010474,1,1,,0,1,1,1,A01
201900010475,2,33,,0,2,1,5,A01
201900010475,1,7,,0,2,3,1,B01
201900010476,1,1,,0,2,8,5,A01
201900010476,1,32,,0,2,8,5,B01
201900010477,1,30,,0,1,1,1,Z01
201900010478,1,7,,0,0,9,17,A01
201900010479,1,7,,0,2,3,1,C01
201900010479,1,7,,0,2,8,1,B01
201900010480,2,50,,0,2,1,1,A01
201900010480,2,7,,0,2,5,16,B01
201900010481,1,7,,0,2,1,1,B01
201900010481,1,33,,0,0,6,15,A01
201900010482,1,30,,0,2,1,15,A01
201900010482,2,32,,0,2,1,1,B01
201900010483,2,2,,0,0,0,1,A01
201900010484,1,7,,0,2,2,10,A01
201900010484,2,33,,0,2,1,1,B01
201900010485,2,33,,0,0,7,1,A01
201900010486,2,33,,0,2,1,1,B01
201900010486,2,7,,0,2,3,10,A01
201900010487,1,33,,0,0,8,1,C01
201900010487,1,10,,0,0,6,1,B01
201900010487,2,10,,0,2,3,13,A01
201900010488,2,60,,0,2,8,1,B01
201900010488,2,7,,0,2,1,1,A01
201900010489,1,1,,0,2,0,1,A01
201900010489,2,7,,0,2,1,15,B01
201900010490,1,2,,0,2,2,1,B01
201900010490,3,10,,0,2,2,14,A01
201900010491,1,7,,0,2,7,2,B01
201900010491,1,1,,0,0,8,2,A01
201900010492,2,2,,0,0,4,1,B01
201900010492,2,2,,0,9,1,2,A01
201900010493,2,7,,0,2,8,15,B01
201900010493,2,30,,0,2,8,17,A01
201900010494,1,50,,0,2,1,7,B01
201900010494,1,7,,0,2,4,7,A01
201900010495,2,7,,0,2,6,17,B01
201900010495,2,33,,0,2,2,17,A01
201900010496,0,15,,0,1,2,1,A01
201900010497,1,7,,0,2,3,15,A01
201900010497,1,33,,0,2,1,17,B01
201900010498,1,7,,0,2,4,2,A01
201900010498,1,7,,0,2,1,2,B01
201900010499,1,7,,0,2,2,24,B01
201900010499,1,32,,0,2,1,13,A01
201900010500,1,7,,0,2,6,23,B01
201900010500,1,33,,0,2,1,11,A01
201900010501,3,1,,0,2,8,19,A01
201900010501,3,7,,0,2,1,1,B01
201900010502,1,30,,0,2,8,18,A01
201900010502,1,1,,0,2,0,1,B01
201900010503,3,1,,0,2,0,0,B01
201900010503,0,7,,0,2,3,15,A01
201900010504,1,33,,0,0,1,0,A01
201900010505,1,7,,0,2,7,16,A01
201900010505,1,2,,0,2,7,7,B01
201900010506,1,32,,0,2,2,1,A01
201900010506,1,7,,0,2,3,15,B01
201900010507,2,7,,0,1,2,1,A01
201900010508,1,32,,1,2,0,1,Z01
201900010508,1,7,,0,2,8,16,A01
201900010509,0,7,,0,2,1,1,C01
201900010509,0,7,,0,2,1,1,B01
201900010509,0,7,,0,2,1,5,A01
201900010510,1,7,,8,2,2,1,A01
201900010510,1,7,,0,2,3,1,B01