Num_Acc,senc,catv,occutc,obs,obsm,choc,manv,num_veh
201900010511,1,7,,0,1,1,2,A01
201900010512,2,7,,0,2,8,10,B01
201900010512,2,33,,0,2,7,17,A01
201900010513,3,7,,0,1,2,1,A01
201900010513,3,7,,0,0,0,0,B01
201900010514,1,7,,0,2,4,23,B01
201900010514,1,7,,0,2,1,2,A01
201900010515,3,7,,0,1,4,4,A01
201900010516,1,33,,0,2,1,1,B01
201900010516,3,7,,0,2,2,1,A01
201900010517,3,7,,1,0,1,1,A01
201900010518,3,1,,0,2,2,17,B01
201900010518,3,10,,0,2,6,15,A01
201900010519,1,32,,0,1,1,17,A01
201900010520,2,7,,0,0,1,1,A01
201900010521,1,37,1.0,0,2,6,1,B01
201900010521,1,7,,0,2,2,2,A01
201900010522,2,34,,0,1,1,1,A01
201900010523,3,10,,0,2,8,19,B01
201900010523,2,33,,0,2,1,1,A01
201900010524,1,10,,0,2,3,9,B01
201900010524,1,33,,0,2,2,17,A01
201900010525,1,17,,3,0,2,1,A01
201900010526,1,7,,0,2,3,15,B01
201900010526,2,2,,0,2,1,1,A01
201900010527,2,33,,0,2,1,2,A01
201900010527,2,34,,0,0,4,1,B01
201900010528,1,31,,0,2,1,1,B01
201900010528,1,7,,0,2,6,10,A01
201900010529,1,2,,0,2,1,1,B01
201900010529,1,7,,0,2,2,16,A01
201900010530,2,7,,0,2,0,2,Z01
201900010530,2,80,,1,2,4,2,A01
201900010531,2,7,,12,0,1,21,A01
201900010532,3,33,,0,1,1,1,Z01
201900010533,3,37,1.0,0,1,7,1,A01
201900010534,2,1,,0,2,1,1,B01
201900010534,1,7,,0,2,2,10,A01
201900010535,2,7,,0,2,2,1,A01
201900010535,2,32,,0,2,8,9,B01
201900010536,1,7,,8,0,3,21,A01
201900010537,3,7,,0,2,1,18,A01
201900010537,3,7,,0,2,5,1,B01
201900010537,3,10,,12,2,4,2,C01
201900010538,2,7,,0,2,1,1,B01
201900010538,1,7,,0,2,7,19,A01
201900010539,0,2,,0,2,1,1,B01
201900010539,3,7,,0,2,1,2,A01
201900010540,1,33,,0,2,1,5,A01
201900010540,2,7,,0,2,3,1,B01
201900010541,0,33,,0,2,1,13,A01
201900010541,0,7,,0,2,1,21,B01
201900010542,2,7,,6,0,1,1,A01
201900010543,1,1,,13,0,3,0,A01
201900010544,2,33,,0,2,1,17,B01
201900010544,1,7,,0,2,1,1,A01
201900010545,0,10,,0,0,5,2,B01
201900010545,0,36,,0,2,1,2,A01
201900010546,2,30,,11,0,2,14,A01
201900010547,1,33,,0,2,1,2,B01
201900010547,1,7,,0,0,6,15,A01
201900010548,1,7,,0,1,1,15,A01
201900010549,2,33,,13,0,1,17,A01
201900010550,1,13,,12,0,7,1,A01
201900010551,2,33,,0,2,8,13,A01
201900010551,1,7,,0,2,8,21,B01
201900010552,2,7,,0,1,2,1,A01
201900010553,2,2,,0,2,1,21,B01
201900010553,1,10,,0,2,2,15,A01
201900010554,3,7,,6,9,2,1,A01
201900010555,0,7,,0,2,2,1,B01
201900010555,2,7,,0,2,1,9,A01
201900010556,1,33,,0,2,1,2,B01
201900010556,1,7,,0,0,6,1,A01
201900010557,3,7,,0,2,1,1,B01
201900010557,3,7,,0,2,1,5,A01
201900010558,3,33,,0,0,0,1,A01
201900010559,2,7,,0,2,0,1,A01
201900010559,3,7,,0,2,1,19,B01
201900010560,2,33,,0,2,1,2,B01
201900010560,2,7,,0,0,4,15,A01
201900010561,3,7,,0,1,0,1,A01
201900010562,3,7,,0,2,3,15,B01
201900010562,3,7,,0,2,2,17,A01
201900010563,0,7,,0,1,4,4,A01
201900010564,2,7,,0,2,1,1,B01
201900010564,2,7,,0,2,3,15,A01
201900010565,2,3,,0,2,1,1,B01
201900010565,2,7,,8,2,8,0,A01
201900010566,3,7,,0,1,5,1,A01
201900010567,1,32,,0,0,3,14,A01
201900010568,1,7,,0,2,1,1,B01
201900010568,2,33,,0,2,1,26,A01
201900010569,3,1,,0,0,7,1,A01
201900010570,1,7,,0,2,1,15,A01
201900010570,2,33,,0,2,2,1,B01
201900010571,0,33,,0,2,1,17,A01
201900010571,1,21,,0,0,6,15,B01
201900010572,2,10,,0,9,2,2,A01
201900010572,2,1,,0,0,4,2,B01
201900010573,2,7,,0,9,1,1,A01
201900010573,1,13,,0,0,5,4,B01
201900010574,1,33,,3,0,1,1,A01
201900010575,3,7,,0,2,3,1,B01
201900010575,3,7,,0,2,3,1,A01
201900010576,1,7,,0,0,0,15,A01
201900010576,2,33,,12,0,7,1,B01
201900010577,2,2,,0,2,3,1,B01
201900010577,1,7,,0,2,1,15,A01
201900010578,2,7,,0,2,3,1,B01
201900010578,1,7,,0,2,3,13,A01
201900010579,0,33,,12,0,1,15,A01
201900010580,2,33,,0,2,5,1,B01
201900010580,1,7,,0,2,3,1,A01
201900010581,1,7,,0,2,7,13,A01
201900010581,2,10,,0,2,1,1,B01
201900010582,3,7,,6,0,1,13,A01
201900010583,2,7,,0,2,3,15,A01
201900010583,1,33,,0,2,1,0,B01
201900010584,0,3,,0,2,2,15,A01
201900010584,0,3,,0,2,1,1,B01
201900010585,3,7,,0,1,1,2,A01
201900010586,2,34,,0,2,1,1,B01
201900010586,1,7,,0,2,3,15,A01
201900010587,0,7,,0,2,7,19,A01
201900010587,1,1,,0,2,1,1,B01
201900010588,2,31,,0,0,7,1,A01
201900010589,1,33,,0,2,1,1,B01
201900010589,2,7,,0,2,3,15,A01
201900010590,1,7,,0,2,1,19,B01
201900010590,2,7,,0,2,3,1,A01
201900010591,1,7,,6,2,9,1,A01
201900010591,2,7,,0,2,1,1,B01
201900010592,1,1,,0,2,8,1,B01
201900010592,1,7,,0,2,2,17,A01
201900010593,1,7,,0,1,2,16,A01
201900010594,1,2,,0,2,1,12,B01
201900010594,1,7,,0,2,6,2,A01
201900010595,3,2,,0,0,8,21,A01
201900010596,2,33,,0,0,8,14,A01
201900010597,2,10,,0,1,7,1,A01
201900010598,0,7,,0,1,1,12,A01
201900010599,3,34,,2,0,3,15,A01
201900010600,2,7,,0,0,3,1,D01
201900010600,2,7,,0,0,7,1,C01
201900010600,2,7,,0,2,7,12,B01
201900010600,2,33,,0,2,8,3,A01
201900010601,0,1,,0,2,1,1,B01
201900010601,1,7,,0,0,3,9,A01
201900010602,1,7,,2,0,7,1,A01
201900010603,2,1,,0,1,4,1,A01
201900010604,2,13,,0,1,1,1,A01
201900010605,1,32,,0,1,1,1,A01
201900010606,2,7,,0,1,1,1,A01
201900010607,1,7,,0,2,3,15,B01
201900010607,1,30,,0,2,5,17,A01
201900010608,2,2,,0,2,2,5,A01
201900010608,2,10,,0,2,3,15,B01
201900010609,2,43,,0,2,2,17,A01
201900010609,2,7,,0,2,6,23,B01
201900010610,1,7,,0,2,2,1,B01
201900010610,1,30,,0,2,1,1,A01
201900010611,1,7,,0,2,2,16,A01
201900010611,1,32,,0,2,3,18,B01
201900010612,1,10,,0,2,6,13,B01
201900010612,1,33,,0,2,1,1,A01
201900010613,2,33,,0,2,2,1,A01
201900010613,2,10,,0,2,3,10,B01
201900010614,1,33,,9,2,4,23,A01
201900010614,1,7,,0,2,1,2,B01
201900010615,1,10,,0,2,1,15,A01
201900010615,2,30,,0,2,1,1,B01
201900010616,1,7,,0,2,0,1,Z01
201900010616,1,30,,0,2,1,1,A01
201900010617,1,30,,0,0,7,1,A01
201900010618,1,7,,0,2,3,22,A01
201900010618,1,43,,0,2,2,1,B01
201900010619,1,10,,0,1,1,15,A01
201900010620,1,13,,0,2,1,1,A01
201900010620,1,7,,0,2,8,1,B01
201900010621,2,7,,0,1,6,4,A01
201900010622,2,43,,0,2,3,1,B01
201900010622,1,10,,0,2,7,15,A01
201900010623,2,7,,0,2,2,2,A01
201900010623,2,7,,0,2,5,23,B01
201900010623,2,30,,0,2,5,23,C01
201900010624,2,7,,0,2,8,15,B01
201900010624,2,30,,0,2,1,5,A01
201900010625,2,30,,0,2,8,1,B01
201900010625,2,7,,0,2,7,16,A01
201900010626,1,30,,1,0,1,13,A01
201900010627,2,7,,0,2,3,1,A01
201900010627,1,1,,0,2,1,1,B01
201900010628,2,10,,0,2,2,16,A01
201900010628,2,30,,0,2,6,1,B01
201900010629,2,7,,0,1,1,1,A01
201900010630,1,7,,0,2,3,16,B01
201900010630,1,10,,0,2,5,16,A01
201900010631,1,7,,0,2,3,1,B01
201900010631,2,7,,0,2,2,15,A01
201900010632,1,1,,1,0,1,13,A01
201900010633,1,7,,0,2,7,16,B01
201900010633,1,32,,0,2,1,18,A01
201900010634,2,7,,0,2,3,16,B01
201900010634,2,7,,0,2,2,1,A01
201900010635,1,7,,0,2,1,15,B01
201900010635,1,30,,0,2,7,1,A01
201900010636,1,1,,0,2,1,1,B01
201900010636,2,7,,0,2,2,1,A01
201900010637,2,7,,0,1,6,20,A01
201900010638,1,50,,0,1,1,1,A01
201900010639,1,10,,8,0,1,1,A01
201900010640,2,33,,0,2,2,1,A01
201900010640,1,7,,0,2,3,1,B01
201900010641,2,33,,0,2,1,1,B01
201900010641,1,7,,0,2,3,15,A01
201900010642,1,10,,0,2,1,1,C01
201900010642,2,31,,0,2,1,16,B01
201900010642,1,7,,0,2,2,15,A01
201900010643,2,33,,0,2,2,1,B01
201900010643,2,10,,0,2,3,9,A01
201900010644,0,7,,9,0,2,14,A01
201900010645,2,10,,0,1,6,1,A01
201900010646,0,3,,0,2,1,9,A01
201900010646,1,37,1.0,0,2,7,0,B01
201900010647,3,99,,1,0,4,14,A01
201900010648,1,30,,1,2,1,17,A01
201900010648,1,7,,0,2,3,1,B01
201900010649,2,32,,0,1,0,26,Z01
201900010650,1,2,,0,2,0,1,B01
201900010650,1,7,,0,2,0,12,A01
201900010651,1,10,,0,1,2,23,A01
201900010652,1,7,,0,1,2,1,A01
201900010653,1,10,,0,1,3,1,A01
201900010654,3,7,,0,2,2,1,B01
201900010654,3,7,,0,2,2,16,A01
201900010655,3,20,,0,2,8,0,B01
201900010655,3,7,,0,2,2,9,A01
201900010656,2,7,,0,2,1,1,B01
201900010656,1,1,,0,2,1,17,A01
201900010657,3,37,1.0,0,1,2,1,A01
201900010658,1,7,,8,2,7,2,A01
201900010658,1,7,,0,2,1,2,B01
201900010659,1,7,,0,1,2,17,A01
201900010660,1,30,,0,2,1,1,A01
201900010660,2,7,,0,2,2,10,C01
201900010661,1,7,,0,0,1,2,B01
201900010661,1,7,,0,9,4,26,A01
201900010662,3,50,,0,2,8,26,B01
201900010662,3,7,,0,2,3,26,A01
201900010663,3,32,,0,2,8,1,B01
201900010663,3,10,,0,2,1,15,A01
201900010664,2,7,,0,2,5,1,A01
201900010664,2,7,,0,2,3,9,B01
201900010665,1,37,5.0,14,0,5,15,A01
201900010666,3,7,,8,0,3,1,A01
201900010667,2,7,,0,1,4,4,A01
201900010668,2,10,,0,1,2,1,A01
201900010669,1,7,,0,2,2,12,A01
201900010669,1,2,,0,2,7,1,B01
201900010670,1,10,,0,2,1,1,A01
201900010670,1,10,,0,2,4,1,B01
201900010671,1,7,,0,2,5,1,B01
201900010671,1,7,,0,2,6,11,A01
201900010672,2,7,,0,2,1,17,A01
201900010672,1,33,,0,2,1,1,B01
201900010673,3,17,,0,2,2,12,A01
201900010673,3,7,,0,2,6,2,B01
201900010674,3,15,,0,2,2,26,A01
201900010674,3,7,,0,2,6,9,B01
201900010675,1,7,,0,2,8,15,A01
201900010675,1,32,,0,2,1,2,B01
201900010676,1,7,,0,1,2,0,A01
201900010676,1,60,,0,2,0,0,B01
201900010677,1,7,,0,0,0,0,A01
201900010677,1,2,,1,0,1,1,B01
201900010678,0,7,,0,2,3,1,A01
201900010678,0,7,,0,2,1,15,B01
201900010679,3,7,,0,2,1,1,B01
201900010679,3,7,,0,2,4,20,A01
201900010680,2,10,,0,1,4,4,A01
201900010681,3,7,,0,2,2,16,B01
201900010681,3,1,,0,2,1,26,A01
201900010682,1,1,,0,1,1,1,A01
201900010683,1,2,,0,2,1,1,B01
201900010683,1,7,,0,2,3,16,A01
201900010684,3,33,,0,2,1,0,B01
201900010684,3,7,,0,2,1,0,A01
201900010685,2,31,,0,2,4,2,B01
201900010685,2,7,,0,2,4,2,A01
201900010686,0,37,1.0,0,2,8,15,B01
201900010686,0,7,,0,2,1,16,A01
201900010687,3,1,,0,2,8,1,B01
201900010687,3,7,,0,2,2,1,A01
201900010688,3,7,,0,2,2,11,A01
201900010688,3,2,,0,2,1,1,B01
201900010689,2,33,,9,0,1,26,A01
201900010690,2,7,,13,0,1,1,A01
201900010691,3,7,,0,2,1,1,B01
201900010691,3,7,,0,2,1,17,A01
201900010692,1,33,,5,0,1,1,A01
201900010693,1,7,,0,2,3,9,A01
201900010693,0,2,,0,2,2,21,B01
201900010694,3,7,,0,0,8,1,A01
201900010694,1,7,,0,2,1,1,B01
201900010695,3,7,,0,1,2,26,A01
201900010696,2,30,,0,0,0,1,A01
201900010697,2,33,,0,0,0,14,A01
201900010698,2,7,,0,2,3,1,B01
201900010698,1,7,,0,2,3,17,A01
201900010699,1,33,,0,2,1,13,A01
201900010699,1,10,,0,2,3,15,B01
201900010700,2,7,,0,2,2,15,A01
201900010700,2,33,,0,2,3,1,B01
201900010701,2,7,,13,0,3,1,A01
201900010702,1,7,,0,2,4,15,A01
201900010702,1,7,,0,2,1,1,B01
201900010702,2,7,,0,2,6,1,C01
201900010703,2,31,,13,0,7,1,A01
201900010704,2,33,,0,0,3,2,A01
201900010705,1,7,,13,1,1,16,A01
201900010706,1,7,,0,2,1,1,A01
201900010706,1,7,,0,0,4,23,B01
201900010707,1,7,,0,2,1,19,A01
201900010707,1,7,,0,0,3,2,B01
201900010708,2,7,,0,2,3,1,B01
201900010708,1,7,,0,2,3,5,A01
201900010709,1,2,,6,0,1,21,C01
201900010709,1,7,,13,0,1,17,B01
201900010709,1,21,,0,0,0,15,A01
201900010710,3,21,,0,2,8,1,B01
201900010710,3,32,,0,2,3,13,A01
201900010711,1,33,,0,0,7,1,A01
201900010712,1,7,,0,2,2,2,A01
201900010712,1,7,,0,0,6,2,B01
201900010713,3,21,,0,1,6,1,A01
201900010714,1,7,,15,0,9,1,A01
201900010715,2,33,,3,0,5,1,A01
201900010716,0,7,,0,2,2,1,A01
201900010716,0,31,,0,2,2,10,B01
201900010717,2,7,,0,2,1,1,B01
201900010717,1,7,,0,2,1,5,A01
201900010718,1,32,,0,2,1,17,B01
201900010718,1,7,,0,2,3,15,A01
201900010719,2,7,,0,2,1,1,A01
201900010719,2,17,,0,2,4,1,B01
201900010720,1,7,,0,1,1,1,A01
201900010721,1,7,,0,2,3,1,C01
201900010721,2,7,,0,2,8,13,B01
201900010721,1,7,,0,2,8,13,A01
201900010722,0,7,,0,0,6,15,A01
201900010722,1,2,,0,2,1,16,B01
201900010723,0,30,,0,2,3,0,B01
201900010723,0,33,,0,2,3,21,A01
201900010724,3,7,,0,2,1,13,B01
201900010724,3,7,,0,2,1,1,A01
201900010725,1,7,,8,0,3,1,A01
201900010726,1,7,,2,0,3,1,A01
201900010727,1,7,,0,2,8,15,A01
201900010727,2,7,,0,0,3,1,C01
201900010727,1,33,,0,2,2,3,B01
201900010728,1,7,,0,2,1,15,A01
201900010728,2,2,,0,2,1,1,B01
201900010729,0,33,,0,2,8,1,B01
201900010729,1,7,,0,2,3,1,A01
201900010730,3,32,,13,0,8,1,A01
201900010731,2,17,,0,1,8,1,A01
201900010732,1,33,,0,0,4,15,A01
201900010732,1,7,,0,2,1,9,B01
201900010733,2,7,,12,0,9,1,A01
201900010734,2,7,,0,2,3,1,B01
201900010734,1,7,,0,2,3,13,A01
201900010735,3,7,,13,0,9,1,A01
201900010736,2,21,,0,2,8,15,B01
201900010736,2,33,,0,2,1,17,A01
201900010737,2,33,,16,0,1,1,A01
201900010738,3,33,,8,0,1,1,A01
201900010739,2,7,,0,2,1,1,B01
201900010739,1,7,,0,2,5,13,A01
201900010740,1,33,,0,2,8,1,B01
201900010740,2,7,,0,2,3,13,A01
201900010741,2,2,,0,2,1,1,B01
201900010741,1,7,,0,2,3,15,A01
201900010742,2,30,,0,2,6,15,B01
201900010742,2,7,,0,9,7,1,A01
201900010743,1,7,,0,2,8,1,B01
201900010743,2,33,,0,2,1,13,A01
201900010744,0,1,,0,2,1,1,B01
201900010744,0,10,,0,2,3,11,A01
201900010745,2,80,,0,2,3,2,B01
201900010745,2,13,,0,2,5,2,A01
201900010746,0,36,,10,0,1,1,A01
201900010747,3,10,,13,0,1,14,A01
201900010748,1,10,,0,2,8,1,B01
201900010748,2,32,,0,2,8,13,A01
201900010749,3,7,,6,0,1,0,A01
201900010750,1,7,,0,2,2,1,A01
201900010750,1,1,,0,2,4,1,B01
201900010750,1,1,,0,2,4,1,C01
201900010750,1,1,,0,2,0,1,D01
201900010751,1,7,,0,2,2,15,A01
201900010751,1,30,,0,2,1,1,B01
201900010752,1,15,,0,1,3,1,A01
201900010753,1,33,,0,2,1,1,B01
201900010753,3,7,,0,0,7,19,A01
201900010754,1,7,,2,0,2,14,A01
201900010755,0,10,,0,1,2,1,A01
201900010756,0,99,,6,0,3,5,A01
201900010757,1,33,,0,2,1,1,A01
201900010757,1,7,,0,2,2,1,B01
201900010758,1,7,,0,2,3,15,A01
201900010758,2,33,,0,2,3,1,B01
201900010759,1,7,,0,2,8,13,A01
201900010759,2,15,,0,2,2,1,B01
201900010760,3,7,,0,2,1,1,B01
201900010760,3,7,,0,2,7,1,A01
201900010761,3,10,,15,0,2,21,A01
201900010762,1,33,,2,0,1,13,A01
201900010763,0,1,,0,2,8,1,B01
201900010763,0,1,,0,2,0,19,C01
201900010763,2,7,,0,9,1,19,A01
201900010764,2,7,,0,2,2,17,B01
201900010764,2,1,,0,2,3,2,A01
201900010765,1,7,,0,0,9,0,A01
201900010766,3,2,,0,2,1,1,B01
201900010766,3,7,,0,2,3,15,A01
201900010767,2,7,,0,2,3,17,A01
201900010767,1,2,,0,2,3,1,B01
201900010768,2,33,,0,0,7,1,A01
201900010769,3,1,,0,0,9,1,A01
201900010770,1,7,,13,0,3,1,A01
201900010771,3,2,,15,0,1,1,A01
201900010772,2,2,,0,2,1,1,B01
201900010772,1,99,,0,0,5,15,A01
201900010773,1,7,,2,0,1,1,A01
201900010774,3,7,,0,2,2,17,A01
201900010774,3,1,,0,2,8,1,B01
201900010775,2,33,,0,1,1,26,A01
201900010776,3,7,,0,2,3,15,A01
201900010776,3,7,,1,2,2,1,B01
201900010777,1,7,,0,2,5,2,A01
201900010777,1,33,,0,2,2,2,B01
201900010778,2,33,,13,0,0,1,A01
201900010779,3,7,,0,0,6,24,B01
201900010779,3,3,,1,0,3,16,A01
201900010780,1,7,,0,2,1,1,A01
201900010780,2,7,,0,2,1,1,B01
201900010781,1,7,,14,2,1,1,A01
201900010781,1,14,,0,0,4,23,B01
201900010782,1,7,,0,9,2,16,A01
201900010782,1,1,,0,2,3,2,B01
201900010783,2,7,,0,2,3,13,A01
201900010783,1,15,,0,2,8,1,B01
201900010784,1,10,,0,2,1,1,B01
201900010784,2,7,,0,2,7,15,A01
201900010785,1,7,,6,0,1,14,A01
201900010786,2,33,,13,0,3,1,A01
201900010787,2,7,,7,0,1,0,A01
201900010788,1,33,,0,2,8,26,B01
201900010788,1,7,,0,2,7,17,A01
201900010789,2,2,,0,2,3,13,B01
201900010789,1,7,,0,2,3,1,A01
201900010790,1,7,,6,2,1,1,A01
201900010790,2,1,,0,2,1,1,B01
201900010791,1,7,,0,2,1,1,B01
201900010791,1,7,,0,2,2,15,A01
201900010792,3,33,,0,0,8,1,A01
201900010793,3,7,,5,0,9,1,A01
201900010794,3,7,,0,2,2,26,A01
201900010794,3,7,,0,2,3,2,B01
201900010795,0,3,,1,0,1,1,Z01
201900010795,0,7,,0,2,6,24,A01
201900010796,2,7,,0,1,5,1,A01
201900010797,2,7,,0,2,4,15,B01
201900010797,0,30,,0,2,1,2,A01
201900010798,1,3,,0,2,3,1,A01
201900010798,2,30,,0,2,7,1,B01
201900010799,2,7,,0,2,3,15,A01
201900010799,1,32,,0,2,1,3,B01
201900010800,1,3,,0,1,0,2,A01
201900010801,1,7,,0,2,8,1,C01
201900010801,2,7,,0,2,3,1,B01
201900010801,1,30,,0,2,1,13,A01
201900010802,1,2,,0,2,1,1,B01
201900010802,2,7,,0,2,1,20,A01
201900010803,1,34,,0,1,1,0,A01
201900010804,1,33,,1,2,0,0,A01
201900010804,2,7,,1,2,0,0,B01
201900010805,1,7,,0,2,1,2,A01
201900010805,1,7,,0,2,4,2,B01
201900010806,1,7,,0,2,0,1,B01
201900010806,1,33,,0,2,0,1,A01
201900010807,1,7,,0,2,1,2,A01
201900010807,1,10,,0,2,4,23,B01
201900010808,3,30,,0,0,0,1,A01
201900010809,0,32,,0,2,4,1,A01
201900010809,0,7,,0,2,1,11,B01
201900010810,0,37,0.0,0,1,0,9,A01
201900010811,1,7,,0,1,1,1,A01
201900010812,2,30,,12,0,1,2,A01
201900010813,1,3,,0,4,1,15,A01
201900010814,2,7,,0,2,2,14,A01
201900010814,2,7,,0,2,3,23,B01
201900010815,2,10,,0,1,3,9,A01
201900010816,2,38,1.0,0,2,3,1,B01
201900010816,1,7,,0,2,1,13,A01
201900010817,2,10,,0,1,1,1,A01
201900010818,3,36,,12,0,8,15,A01
201900010819,2,3,,0,1,3,1,A01
201900010820,2,7,,0,2,1,1,A01
201900010820,2,7,,0,2,3,23,C01
201900010820,1,7,,0,2,7,19,B01
201900010821,2,7,,0,2,2,26,A01
201900010821,1,1,,0,2,4,19,B01
201900010822,1,10,,0,2,1,2,A01
201900010822,1,7,,0,2,4,2,B01
201900010822,1,7,,0,2,4,23,C01
201900010822,1,10,,0,2,4,23,D01
201900010823,2,33,,0,2,7,1,B01
201900010823,2,7,,0,2,8,11,A01
201900010824,2,7,,0,2,5,1,B01
201900010824,2,31,,0,2,1,11,A01
201900010825,2,7,,0,2,6,2,B01
201900010825,2,33,,4,2,1,2,A01
201900010826,1,7,,0,2,8,11,A01
201900010826,1,33,,0,2,2,1,B01
201900010827,1,43,,14,2,3,11,A01
201900010827,1,33,,0,2,0,3,Z01
201900010828,1,33,,0,0,0,3,A01
201900010829,1,33,,0,2,1,2,A01
201900010829,1,7,,0,2,4,23,B01
201900010830,2,7,,0,2,2,2,C01
201900010830,2,31,,0,2,8,3,B01
201900010830,2,7,,0,2,2,12,A01
201900010831,1,33,,0,2,3,1,B01
201900010831,1,7,,0,2,7,12,A01
201900010832,1,37,1.0,0,2,3,1,A01
201900010832,2,3,,11,2,1,13,B01
201900010833,1,33,,0,2,2,9,B01
201900010833,1,15,,0,2,1,1,A01
201900010834,1,30,,0,1,1,5,A01
201900010835,2,1,,0,1,1,7,A01
201900010836,2,1,,0,2,3,7,C01
201900010836,2,1,,0,2,3,7,B01
201900010836,2,7,,0,2,5,17,A01
201900010837,2,7,,0,2,4,23,A01
201900010837,2,7,,0,2,1,2,Z01
201900010838,1,7,,0,2,2,15,A01
201900010838,2,31,,0,2,1,1,B01
201900010839,2,10,,0,1,4,4,A01
201900010840,1,7,,0,2,3,17,B01
201900010840,2,30,,0,2,1,1,A01
201900010841,1,32,,0,1,7,1,A01
201900010842,1,33,,0,2,1,5,A01
201900010842,1,7,,0,2,8,15,B01
201900010843,2,30,,0,1,1,17,A01
201900010844,2,37,1.0,0,2,4,23,B01
201900010844,2,1,,0,2,7,2,A01
201900010845,2,10,,0,2,1,1,Z01
201900010845,3,1,,0,2,3,1,A01
201900010846,2,30,,0,1,6,1,A01
201900010847,1,7,,0,2,3,1,A01
201900010847,2,32,,0,2,1,1,B01
201900010847,3,50,,0,2,0,19,Z01
201900010848,2,10,,0,2,5,1,C01
201900010848,2,10,,0,2,8,1,B01
201900010848,2,34,,0,2,7,3,A01
201900010849,2,7,,0,1,5,1,A01
201900010850,1,33,,0,2,7,5,A01
201900010850,1,7,,0,2,3,15,B01
201900010851,1,30,,11,0,0,13,A01
201900010852,1,10,,0,1,1,1,A01
201900010853,2,7,,0,2,3,1,B01
201900010853,2,1,,0,2,3,14,A01
201900010854,1,30,,0,2,4,2,A01
201900010854,1,7,,0,2,1,2,Z01
201900010855,1,7,,0,2,2,1,A01
201900010855,1,33,,0,2,3,1,B01
201900010856,1,10,,0,1,4,4,A01
201900010857,1,1,,0,2,1,1,B01
201900010857,2,80,,0,2,1,1,A01
201900010858,2,7,,0,2,6,24,B01
201900010858,2,31,,0,2,2,2,A01
201900010859,1,7,,0,2,3,1,B01
201900010859,1,10,,0,2,2,16,A01
201900010860,2,7,,0,2,7,1,A01
201900010860,2,7,,0,2,1,1,B01
201900010861,2,31,,12,0,1,14,A01
201900010862,2,30,,0,2,2,1,A01
201900010862,1,7,,0,2,3,1,B01
201900010863,2,33,,0,1,7,1,A01
201900010864,2,1,,0,2,1,1,B01
201900010864,2,7,,0,2,2,16,A01
201900010865,3,7,,0,1,1,15,A01
201900010866,1,7,,0,2,2,15,A01
201900010866,2,1,,0,2,1,1,B01
201900010867,2,1,,0,2,1,1,B01
201900010867,1,7,,0,2,2,15,A01
201900010868,2,7,,7,0,3,13,A01
201900010869,2,33,,0,2,2,1,B01
201900010869,2,7,,0,2,3,9,A01
201900010870,2,1,,0,2,3,16,B01
201900010870,1,10,,0,2,2,10,A01
201900010871,2,30,,0,2,6,15,A01
201900010871,2,30,,0,2,1,17,B01
201900010872,2,14,,0,2,5,14,A01
201900010872,2,1,,0,2,0,1,B01
201900010873,1,30,,0,2,1,1,A01
201900010873,2,7,,0,2,6,1,B01
201900010874,1,1,,0,2,8,19,B01
201900010874,1,7,,0,2,1,1,A01
201900010875,1,7,,0,2,2,1,B01
201900010875,1,1,,0,2,8,13,A01
201900010876,2,10,,0,2,1,2,A01
201900010876,2,33,,0,2,4,23,B01
201900010877,1,10,,0,2,3,1,A01
201900010877,1,33,,0,2,6,1,B01
201900010878,1,32,,0,2,3,1,B01
201900010878,1,7,,0,2,5,12,A01
201900010879,1,80,,0,2,8,1,B01
201900010879,2,7,,0,2,3,5,A01
201900010880,2,7,,0,2,3,24,B01
201900010880,2,33,,0,2,2,21,A01
201900010881,2,43,,0,2,0,1,B01
201900010881,2,50,,0,2,8,13,A01
201900010882,1,43,,0,1,0,1,A01
201900010883,2,7,,1,1,2,1,A01
201900010884,1,32,,0,2,2,16,B01
201900010884,1,7,,0,2,3,19,A01
201900010885,1,7,,0,1,1,9,A01
201900010886,2,7,,0,0,9,26,A01
201900010887,1,33,,14,0,1,17,A01
201900010888,2,10,,0,2,2,15,A01
201900010888,1,33,,0,2,3,1,B01
201900010889,1,13,,0,2,6,15,A01
201900010889,2,33,,0,2,1,1,B01
201900010890,0,7,,0,1,1,1,A01
201900010891,1,7,,0,1,3,2,A01
201900010892,1,7,,0,1,1,19,A01
201900010893,2,1,,0,2,1,13,A01
201900010893,1,7,,0,2,3,1,B01
201900010894,1,32,,0,2,2,3,B01
201900010894,1,7,,0,2,1,9,A01
201900010895,2,37,2.0,9,2,8,1,B01
201900010895,2,15,,0,2,7,16,A01
201900010896,1,2,,0,2,4,23,Z01
201900010896,1,32,,0,2,1,21,A01
201900010897,1,7,,0,2,3,15,B01
201900010897,1,33,,0,2,1,7,A01
201900010898,3,7,,3,0,1,12,A01
201900010899,1,31,,0,2,8,1,B01
201900010900,3,1,,0,2,1,1,A01
201900010900,3,7,,0,2,2,16,B01
201900010901,3,33,,0,0,7,15,A01
201900010902,2,37,2.0,0,2,3,1,B01
201900010902,1,7,,0,2,3,17,A01
201900010903,1,34,,0,2,4,23,B01
201900010903,1,99,,0,2,1,1,A01
201900010904,3,7,,0,1,1,15,A01