Num_Acc,senc,catv,occutc,obs,obsm,choc,manv,num_veh
201900010905,1,33,,12,0,1,26,A01
201900010906,1,7,,0,2,3,2,B01
201900010906,1,7,,0,2,3,13,A01
201900010907,3,7,,0,1,3,19,A01
201900010908,2,7,,0,1,2,1,A01
201900010909,2,34,,0,2,1,17,A01
201900010909,2,7,,0,2,8,15,B01
201900010910,2,32,,0,2,3,1,A01
201900010911,2,7,,0,2,2,1,B01
201900010911,2,10,,0,2,6,4,A01
201900010912,3,7,,0,2,1,1,B01
201900010912,3,7,,0,2,7,19,A01
201900010913,1,3,,0,0,2,6,B01
201900010913,1,37,3.0,0,2,1,9,A01
201900010914,0,7,,0,0,8,15,B01
201900010914,0,32,,0,2,7,17,A01
201900010915,2,7,,0,2,1,1,A01
201900010915,1,2,,0,2,1,17,B01
201900010916,1,7,,0,2,3,10,A01
201900010916,2,30,,0,2,1,2,B01
201900010917,2,7,,0,2,3,15,B01
201900010917,1,7,,0,2,1,1,A01
201900010918,2,7,,0,2,3,23,C01
201900010918,1,33,,0,2,1,1,B01
201900010918,1,99,,0,2,3,26,A01
201900010919,1,7,,0,1,4,0,A01
201900010919,1,50,,0,2,0,0,B01
201900010920,1,7,,0,1,3,21,A01
201900010921,1,34,,0,1,2,1,B01
201900010922,3,7,,0,6,2,1,A01
201900010922,1,1,,0,2,8,1,B01
201900010923,1,7,,0,1,3,15,A01
201900010924,3,10,,0,1,0,20,A01
201900010925,3,7,,0,2,1,19,A01
201900010925,3,7,,0,2,8,19,B01
201900010926,1,10,,0,2,4,23,C01
201900010926,1,7,,1,2,4,23,B01
201900010926,1,7,,1,0,1,2,A01
201900010927,1,7,,0,1,0,15,A01
201900010928,1,7,,0,2,1,2,B01
201900010928,1,7,,0,2,4,15,A01
201900010929,1,7,,0,2,2,15,A01
201900010929,1,7,,0,2,2,0,B01
201900010930,0,10,,0,2,1,1,B01
201900010930,3,3,,0,2,4,1,A01
201900010931,2,7,,0,2,4,23,B01
201900010931,2,7,,0,2,1,26,A01
201900010932,3,10,,0,1,4,26,B01
201900010933,1,7,,0,2,1,15,B01
201900010933,2,31,,0,2,1,1,A01
201900010934,1,7,,0,2,7,15,A01
201900010934,2,1,,0,2,1,1,B01
201900010935,1,3,,0,2,7,15,B01
201900010935,2,3,,0,2,1,19,A01
201900010936,2,7,,0,2,1,1,B01
201900010936,2,7,,7,0,4,23,A01
201900010937,1,7,,0,1,2,15,A01
201900010938,1,2,,0,2,7,17,B01
201900010938,1,7,,0,2,3,15,A01
201900010939,3,20,,0,2,0,0,B01
201900010939,3,20,,0,2,0,9,A01
201900010940,1,30,,0,2,7,17,A01
201900010940,1,3,,0,2,3,10,B01
201900010941,1,3,,0,2,4,0,B01
201900010941,1,10,,0,2,1,0,A01
201900010942,1,7,,0,2,4,26,C01
201900010942,1,2,,0,2,0,0,D01
201900010943,3,7,,0,2,3,11,B01
201900010943,3,2,,0,2,7,1,A01
201900010944,3,7,,0,2,3,1,B01
201900010944,3,7,,0,2,3,9,A01
201900010945,1,7,,0,2,1,15,A01
201900010945,2,2,,0,2,1,1,B01
201900010946,0,7,,3,0,3,1,A01
201900010947,2,7,,1,0,1,14,A01
201900010948,2,2,,0,2,1,1,B01
201900010948,2,7,,0,2,8,15,A01
201900010949,3,7,,0,2,2,1,A01
201900010949,3,7,,0,1,1,1,B01
201900010950,1,2,,0,2,3,18,A01
201900010950,1,2,,0,2,5,20,B01
201900010951,1,1,,0,2,1,2,A01
201900010951,1,7,,0,1,5,0,B01
201900010952,3,7,,4,0,1,9,A01
201900010953,1,7,,0,2,1,19,A01
201900010953,1,7,,0,2,8,1,B01
201900010953,1,37,4.0,0,2,8,1,C01
201900010954,1,33,,0,1,8,23,A01
201900010955,2,33,,0,2,3,1,B01
201900010955,2,7,,0,2,2,26,A01
201900010956,2,7,,0,2,7,18,A01
201900010956,2,37,3.0,0,2,1,1,B01
201900010957,1,99,,0,2,8,19,B01
201900010957,1,7,,0,9,3,9,A01
201900010958,1,10,,9,2,6,24,B01
201900010958,1,13,,1,0,2,16,X01
201900010959,1,7,,0,2,2,15,B01
201900010959,2,30,,0,2,1,1,A01
201900010960,1,10,,0,1,7,15,A01
201900010961,2,7,,1,1,2,1,A01
201900010962,2,7,,0,2,6,1,B01
201900010962,2,7,,0,2,1,9,A01
201900010963,1,1,,0,2,4,1,B01
201900010963,1,43,,0,6,1,1,A01
201900010964,1,7,,0,2,6,2,B01
201900010964,1,2,,0,2,1,2,A01
201900010965,1,13,,0,2,3,15,A01
201900010965,2,80,,0,2,1,1,B01
201900010966,2,7,,0,1,1,1,A01
201900010967,2,30,,0,2,3,1,B01
201900010967,2,7,,0,2,2,1,A01
201900010968,3,7,,0,2,1,1,A01
201900010968,3,32,,0,2,4,1,B01
201900010969,3,31,,0,0,3,26,A01
201900010970,2,10,,0,2,3,15,B01
201900010970,2,31,,11,2,1,2,A01
201900010971,2,7,,15,0,1,26,A01
201900010972,3,2,,0,2,3,9,B01
201900010972,1,7,,0,2,7,1,A01
201900010973,3,7,,2,0,2,1,A01
201900010974,2,10,,2,0,3,14,A01
201900010975,1,7,,6,0,8,13,A01
201900010976,0,7,,0,2,3,15,B01
201900010976,0,2,,0,2,1,17,A01
201900010977,1,33,,0,0,7,1,A01
201900010978,1,7,,0,2,2,5,A01
201900010978,2,7,,0,2,1,1,B01
201900010979,1,7,,0,2,8,1,B01
201900010979,2,7,,0,2,3,13,A01
201900010980,2,7,,13,0,2,2,A01
201900010981,3,7,,0,2,3,13,A01
201900010981,3,7,,13,2,3,26,B01
201900010982,2,7,,0,0,7,1,B01
201900010982,1,7,,0,2,1,19,A01
201900010983,2,2,,12,0,1,0,A01
201900010984,3,2,,0,0,0,1,A01
201900010985,1,7,,0,0,1,2,D01
201900010985,1,7,,0,0,1,1,C01
201900010985,1,7,,0,0,1,1,B01
201900010985,1,7,,0,0,4,1,A01
201900010986,1,7,,0,2,1,5,A01
201900010986,2,7,,0,2,1,1,B01
201900010987,1,7,,0,0,0,1,A01
201900010988,3,7,,0,1,1,1,A01
201900010989,2,7,,0,2,2,1,B01
201900010989,3,7,,0,2,2,15,A01
201900010990,3,10,,6,0,1,1,A01
201900010991,1,7,,1,1,1,15,A01
201900010992,2,1,,1,0,2,1,B01
201900010992,2,10,,0,2,3,23,A01
201900010993,2,7,,0,2,2,1,A01
201900010993,2,7,,0,2,3,1,B01
201900010994,3,7,,0,2,2,15,A01
201900010994,3,30,,0,2,1,1,B01
201900010995,1,7,,0,2,4,23,B01
201900010995,1,7,,0,2,1,1,A01
201900010996,3,7,,0,2,3,15,A01
201900010996,3,31,,0,2,1,1,B01
201900010997,2,7,,0,2,2,2,A01
201900010997,2,7,,0,2,4,23,B01
201900010998,2,7,,0,2,1,1,A01
201900010998,1,34,,0,2,1,1,B01
201900010999,1,7,,0,2,5,1,A01
201900010999,1,7,,8,1,1,15,B01
201900011000,0,7,,0,2,1,1,A01
201900011000,0,7,,0,2,2,1,B01
201900011001,1,7,,16,0,0,26,Z01
201900011001,1,7,,0,2,1,1,A01
201900011001,1,7,,0,2,4,1,B01
201900011002,1,10,,0,2,8,26,A01
201900011002,1,33,,0,2,1,1,B01
201900011003,1,7,,12,2,6,1,B01
201900011003,1,7,,16,2,2,2,A01
201900011004,2,7,,0,0,1,0,A01
201900011005,1,7,,0,1,1,1,A01
201900011006,3,7,,0,1,1,1,A01
201900011007,3,31,,0,5,1,19,A01
201900011008,1,31,,0,2,1,1,B01
201900011008,1,7,,0,2,3,15,A01
201900011009,2,7,,0,2,7,12,A01
201900011009,2,30,,0,2,8,2,B01
201900011010,1,7,,0,2,4,2,B01
201900011010,1,7,,0,2,1,2,A01
201900011011,3,33,,0,2,1,1,B01
201900011011,3,7,,0,2,2,15,A01
201900011012,1,31,,0,0,7,26,A01
201900011013,1,7,,0,2,4,23,C01
201900011013,1,7,,0,2,4,23,B01
201900011013,1,7,,0,2,1,1,A01
201900011014,1,33,,0,0,8,1,A01
201900011015,1,7,,0,0,4,1,B01
201900011015,1,37,1.0,0,2,1,1,A01
201900011016,0,7,,0,2,7,15,A01
201900011016,0,7,,0,2,1,1,B01
201900011017,3,7,,0,1,1,26,A01
201900011018,1,32,,0,2,2,2,B01
201900011018,1,7,,0,2,3,23,A01
201900011019,1,7,,0,2,1,19,A01
201900011019,0,7,,0,2,2,1,B01
201900011020,3,34,,0,2,1,1,B01
201900011020,3,7,,0,2,1,19,A01
201900011021,2,7,,1,0,1,13,A01
201900011022,2,13,,0,2,7,17,A01
201900011022,2,7,,0,2,6,23,B01
201900011023,1,7,,0,2,1,19,A01
201900011023,2,34,,0,2,7,1,B01
201900011024,1,7,,0,1,1,1,A01
201900011025,1,7,,0,1,2,26,A01
201900011026,3,7,,0,1,2,26,A01
201900011027,0,7,,0,1,1,1,A01
201900011028,2,7,,0,2,1,1,B01
201900011028,1,7,,0,2,1,15,A01
201900011029,2,7,,11,0,3,1,A01
201900011030,1,7,,0,1,1,1,A01
201900011031,1,7,,0,2,1,2,A01
201900011031,1,7,,0,2,4,2,B01
201900011031,1,7,,0,2,4,23,C01
201900011032,1,7,,0,2,3,15,A01
201900011032,1,7,,0,2,1,1,B01
201900011033,1,33,,0,0,1,1,A01
201900011034,1,7,,0,2,6,11,A01
201900011034,1,33,,0,2,2,3,B01
201900011035,1,37,1.0,0,1,1,7,A01
201900011036,1,1,,0,1,8,7,A01
201900011037,2,50,,0,2,3,18,A01
201900011037,2,7,,0,2,5,23,B01
201900011038,2,7,,0,2,7,22,A01
201900011038,2,1,,0,2,1,1,B01
201900011039,1,7,,0,2,4,2,B01
201900011039,1,7,,0,2,4,23,A01
201900011040,2,30,,0,1,1,5,Z01
201900011041,2,80,,0,2,3,1,B01
201900011041,1,43,,0,2,3,15,A01
201900011042,2,10,,0,2,0,10,Z01
201900011042,1,30,,0,2,7,1,A01
201900011043,2,7,,0,1,2,16,A01
201900011044,2,7,,0,1,7,1,A01
201900011045,1,7,,0,2,7,1,A01
201900011045,2,2,,0,2,1,1,B01
201900011046,1,33,,0,2,0,17,B01
201900011046,1,7,,0,2,0,13,A01
201900011047,2,7,,0,2,8,1,B01
201900011047,1,33,,0,2,3,17,A01
201900011048,2,10,,0,1,7,1,A01
201900011049,1,1,,0,1,2,1,A01
201900011050,2,50,,0,0,1,1,A01
201900011051,1,43,,0,2,3,9,A01
201900011051,1,37,1.0,0,2,2,16,B01
201900011052,3,7,,0,9,2,9,B01
201900011052,1,50,,0,2,2,1,A01
201900011053,1,7,,0,1,1,26,A01
201900011054,3,30,,0,2,1,9,A01
201900011054,3,32,,0,2,8,1,B01
201900011055,2,33,,0,2,1,1,B01
201900011055,1,7,,0,2,5,15,A01
201900011056,1,3,,0,1,2,16,A01
201900011057,1,33,,0,2,1,1,B01
201900011057,2,7,,0,2,2,15,A01
201900011058,1,7,,0,2,2,15,A01
201900011058,2,33,,0,2,1,1,B01
201900011059,2,10,,0,2,1,15,A01
201900011059,1,33,,0,2,1,1,B01
201900011060,1,7,,0,1,1,1,A01
201900011061,2,7,,1,2,2,17,A01
201900011061,2,10,,1,2,6,24,B01
201900011062,1,3,,0,2,3,15,B01
201900011062,1,30,,0,2,8,17,A01
201900011063,3,30,,1,0,1,1,A01
201900011063,3,7,,1,0,3,26,B01
201900011064,1,7,,0,2,7,1,B01
201900011064,1,7,,0,2,8,11,A01
201900011065,1,7,,0,1,3,1,A01
201900011066,3,14,,0,2,6,23,B01
201900011066,3,13,,0,0,0,0,A01
201900011067,3,7,,0,2,6,1,A01
201900011067,3,7,,0,2,6,1,B01
201900011067,3,7,,0,2,6,1,C01
201900011067,3,7,,0,2,4,0,D01
201900011067,3,7,,0,2,6,1,E01
201900011067,3,7,,0,2,1,1,F01
201900011068,1,7,,0,1,3,1,A01
201900011069,2,7,,0,1,2,21,A01
201900011070,1,7,,8,0,2,16,A01
201900011071,1,33,,0,2,8,17,A01
201900011072,1,60,,0,2,8,19,B01
201900011072,1,7,,0,1,1,1,A01
201900011073,1,7,,0,2,2,15,B01
201900011073,2,32,,0,2,1,1,A01
201900011074,1,7,,0,2,3,15,B01
201900011074,1,7,,0,2,1,1,A01
201900011075,1,99,,0,1,3,19,A01
201900011076,3,7,,0,2,0,9,A01
201900011076,3,32,,0,2,0,1,B01
201900011077,1,3,,0,2,3,2,A01
201900011077,2,32,,1,2,3,11,B01
201900011078,2,33,,0,0,1,9,B01
201900011078,2,34,,0,0,3,9,A01
201900011079,2,1,,0,2,8,1,B01
201900011079,2,14,,0,2,7,16,A01
201900011080,1,30,,0,2,7,3,A01
201900011080,1,0,,0,0,0,0,B01
201900011081,2,33,,0,2,8,9,B01
201900011081,2,7,,0,2,2,1,A01
201900011082,2,32,,0,2,8,14,A01
201900011082,2,7,,0,2,2,16,B01
201900011083,1,7,,0,2,3,23,A01
201900011083,1,2,,1,0,7,17,B01
201900011084,1,7,,0,5,7,1,A01
201900011085,1,10,,0,2,3,1,B01
201900011085,2,2,,0,2,1,13,A01
201900011086,3,7,,0,2,7,1,B01
201900011086,3,60,,0,2,0,9,A01
201900011087,1,2,,0,0,0,1,A01
201900011088,1,7,,0,2,2,17,B01
201900011088,1,7,,0,2,6,2,A01
201900011089,1,33,,0,0,4,2,B01
201900011089,1,7,,0,2,1,2,A01
201900011090,1,10,,3,1,6,23,D01
201900011090,1,10,,1,1,2,2,A01
201900011091,2,7,,7,0,1,16,A01
201900011092,1,10,,0,2,1,1,A01
201900011092,2,7,,0,2,1,1,B01
201900011093,1,7,,0,2,3,1,B01
201900011093,2,7,,0,2,3,1,A01
201900011094,2,7,,0,2,0,15,A01
201900011094,0,2,,0,2,0,15,B01
201900011095,1,7,,0,0,3,1,B01
201900011095,2,7,,0,0,3,1,A01
201900011096,3,7,,0,1,2,0,A01
201900011097,2,33,,0,0,6,1,A01
201900011098,2,2,,0,2,1,13,A01
201900011098,1,7,,0,2,1,1,B01
201900011099,1,1,,0,2,4,2,B01
201900011099,1,7,,0,2,2,2,A01
201900011100,2,7,,8,0,9,1,A01
201900011101,3,7,,6,0,1,1,A01
201900011102,1,7,,0,5,1,1,A01
201900011103,3,7,,0,2,8,1,A01
201900011103,3,1,,1,2,9,15,B01
201900011104,1,7,,13,0,0,1,A01
201900011105,1,7,,0,2,8,1,C01
201900011105,2,7,,0,2,3,13,A01
201900011105,1,7,,0,2,1,1,B01
201900011106,3,7,,6,2,3,1,A01
201900011106,3,15,,0,2,3,1,B01
201900011107,2,7,,0,2,1,17,B01
201900011107,1,34,,0,2,1,1,A01
201900011108,2,7,,17,0,2,14,A01
201900011109,1,2,,0,2,1,1,B01
201900011109,1,7,,0,2,8,19,A01
201900011110,0,7,,0,9,2,2,A01
201900011110,0,1,,0,2,4,2,B01
201900011111,0,33,,0,0,7,0,A01
201900011112,2,7,,2,0,3,1,A01
201900011113,0,7,,11,0,2,1,A01
201900011114,2,7,,0,2,2,2,B01
201900011114,2,13,,0,0,6,20,A01
201900011115,1,33,,0,0,0,13,A01
201900011115,3,7,,0,2,1,1,B01
201900011116,2,31,,0,0,0,1,A01
201900011117,1,7,,0,0,4,23,A01
201900011117,1,7,,0,2,1,1,B01
201900011117,1,7,,0,2,1,1,C01
201900011118,3,7,,13,0,2,1,A01
201900011119,1,7,,0,0,2,1,C01
201900011119,2,10,,0,2,1,1,B01
201900011119,1,2,,0,2,1,13,A01
201900011120,1,7,,2,0,1,1,A01
201900011121,3,7,,2,0,2,1,A01
201900011122,3,2,,0,2,3,1,A01
201900011122,3,7,,0,2,2,19,B01
201900011123,2,7,,6,0,2,1,A01
201900011124,0,7,,9,0,1,1,A01
201900011125,3,7,,8,0,1,1,A01
201900011126,1,13,,0,2,3,1,B01
201900011126,2,7,,0,2,3,13,A01
201900011127,3,7,,0,1,3,1,A01
201900011128,3,7,,16,9,1,2,A01
201900011129,3,7,,0,2,8,1,B01
201900011129,3,7,,0,2,1,1,A01
201900011130,3,7,,0,2,5,4,A01
201900011130,3,2,,0,2,2,1,B01
201900011131,0,7,,8,0,1,1,A01
201900011132,3,7,,8,0,2,14,A01
201900011133,1,7,,0,1,2,1,A01
201900011134,2,7,,0,1,1,1,A01
201900011135,1,7,,0,2,3,1,A01
201900011135,2,7,,0,2,3,1,B01
201900011136,2,7,,9,0,1,13,A01
201900011137,1,7,,0,2,3,15,B01
201900011137,1,33,,0,2,7,17,A01
201900011138,2,7,,9,0,1,2,A01
201900011139,2,7,,0,2,1,1,B01
201900011139,2,7,,0,2,4,1,A01
201900011140,1,7,,0,2,1,2,A01
201900011140,1,7,,0,2,4,2,B01
201900011140,1,7,,0,2,4,2,C01
201900011141,2,3,,0,0,8,17,A01
201900011142,2,99,,0,0,0,0,Z01
201900011142,2,10,,0,2,8,1,C01
201900011142,2,33,,0,2,0,0,B01
201900011143,1,7,,4,0,3,1,A01
201900011144,2,43,,0,2,8,3,B01
201900011144,2,7,,0,2,2,12,A01
201900011145,2,7,,0,2,1,1,A01
201900011145,2,7,,0,2,4,2,B01
201900011146,1,32,,0,2,3,3,B01
201900011146,1,7,,0,2,2,12,A01
201900011147,3,10,,0,2,1,2,A01
201900011147,3,7,,0,2,4,2,B01
201900011147,3,7,,0,2,4,2,C01
201900011148,1,7,,0,2,1,2,A01
201900011148,1,7,,0,2,4,2,C01
201900011148,1,7,,0,2,4,2,B01
201900011149,1,10,,0,1,2,2,A01
201900011150,1,7,,0,2,4,2,A01
201900011150,1,7,,0,2,1,2,B01
201900011151,1,7,,0,2,3,2,B01
201900011151,1,7,,0,2,3,21,C01
201900011151,1,7,,0,2,5,1,A01
201900011152,2,7,,0,2,6,1,A01
201900011152,2,7,,0,2,2,1,B01
201900011153,0,7,,0,2,3,20,B01
201900011153,3,7,,0,2,2,1,A01
201900011154,2,10,,0,2,1,19,A01
201900011154,2,10,,0,2,8,1,B01
201900011155,1,10,,0,2,4,1,B01
201900011155,1,10,,0,2,1,1,A01
201900011156,1,37,1.0,0,1,2,1,A01
201900011157,3,7,,0,1,1,1,A01
201900011158,2,7,,0,2,4,1,C01
201900011158,2,7,,0,2,4,1,B01
201900011158,2,7,,0,2,1,1,A01
201900011159,1,30,,0,2,0,0,Z01
201900011159,1,30,,0,2,8,1,A01
201900011160,2,32,,0,1,1,1,A01
201900011161,1,7,,8,0,2,1,A01
201900011162,1,7,,0,1,3,1,A01
201900011163,2,7,,0,1,2,1,A01
201900011164,1,30,,0,2,1,26,B01
201900011164,1,7,,0,2,3,15,A01
201900011165,1,7,,0,2,3,10,A01
201900011165,2,2,,0,2,1,26,B01
201900011166,1,7,,0,2,4,23,A01
201900011166,1,2,,0,2,1,1,B01
201900011167,3,10,,0,2,6,0,B01
201900011167,3,31,,0,2,6,26,A01
201900011168,2,30,,0,2,1,17,B01
201900011168,1,7,,0,2,3,13,A01
201900011169,1,50,,0,2,1,2,B01
201900011169,1,10,,0,1,4,1,A01
201900011170,2,7,,0,2,2,1,B01
201900011170,1,7,,0,2,1,1,A01
201900011171,1,1,,0,1,1,2,A01
201900011172,1,7,,0,2,6,23,A01
201900011172,2,7,,0,2,1,1,B01
201900011173,1,7,,0,2,1,19,A01
201900011173,1,30,,0,2,0,1,B01
201900011174,1,7,,1,2,1,2,C01
201900011174,1,7,,1,0,2,2,B01
201900011174,1,7,,1,0,4,2,A01
201900011175,3,7,,0,1,2,1,A01
201900011176,1,7,,0,1,1,1,A01
201900011177,1,7,,0,9,1,26,B01
201900011177,1,31,,0,2,1,3,A01
201900011178,3,7,,0,2,6,0,A01
201900011178,3,7,,0,2,0,0,B01
201900011179,2,7,,0,0,3,9,B01
201900011179,1,7,,0,2,2,1,A01
201900011180,2,7,,0,2,1,1,B01
201900011180,1,7,,0,2,1,13,A01
201900011181,2,7,,0,1,7,1,A01
201900011182,1,32,,0,2,3,0,B01
201900011182,2,7,,1,2,2,15,A01
201900011183,3,7,,0,2,2,21,A01
201900011183,3,30,,0,0,2,15,B01
201900011184,1,1,,0,2,1,1,B01
201900011184,2,7,,0,2,3,1,A01
201900011185,2,10,,0,2,4,2,C01
201900011185,2,10,,0,2,4,2,B01
201900011185,2,7,,0,2,1,2,A01
201900011186,1,32,,0,9,2,1,B01
201900011186,1,7,,0,2,2,2,A01
201900011187,1,7,,0,2,1,9,A01
201900011187,1,2,,0,2,2,1,B01
201900011188,2,7,,0,2,1,2,B01
201900011188,2,33,,0,2,4,2,A01
201900011189,1,1,,0,2,1,21,A01
201900011189,1,7,,0,2,4,23,B01
201900011190,0,7,,0,1,1,1,A01
201900011191,1,10,,0,1,6,2,A01
201900011192,1,7,,0,1,8,4,A01
201900011193,1,30,,0,2,1,1,B01
201900011193,2,10,,0,2,2,15,A01
201900011194,1,33,,0,2,4,0,B01
201900011194,1,33,,0,2,1,26,A01
201900011195,1,30,,0,2,1,13,A01
201900011195,1,7,,14,0,6,23,B01
201900011196,2,7,,0,2,1,1,A01
201900011196,2,3,,0,2,4,23,B01
201900011197,3,7,,2,0,2,26,A01
201900011198,1,33,,0,2,2,1,B01
201900011198,1,10,,0,2,5,21,A01
201900011199,3,30,,0,2,1,5,A01
201900011199,3,7,,0,2,3,15,B01
201900011200,3,7,,0,6,6,26,B01
201900011200,3,7,,0,2,2,1,A01
201900011201,3,7,,0,1,2,1,A01
201900011202,3,7,,0,2,8,15,B01
201900011202,3,7,,0,2,1,9,A01
201900011203,1,7,,0,0,1,26,A01
201900011204,3,7,,0,2,3,1,A01
201900011204,3,7,,0,2,1,1,B01
201900011205,1,7,,0,1,3,1,A01
201900011206,3,10,,0,1,3,15,A01
201900011207,2,7,,0,2,6,16,A01
201900011207,1,1,,0,2,1,19,B01
201900011208,1,21,,0,2,2,15,A01
201900011208,2,7,,0,2,1,1,B01
201900011209,1,13,,0,0,1,0,B01
201900011209,2,7,,0,2,1,1,A01
201900011210,2,7,,0,0,0,13,A01
201900011211,1,7,,0,2,4,2,B01
201900011211,1,31,,0,2,1,2,A01
201900011212,2,33,,0,2,1,9,B01
201900011212,2,7,,0,2,0,2,A01
201900011213,2,10,,3,0,1,0,A01
201900011214,2,7,,0,2,5,1,B01
201900011214,2,32,,0,2,1,3,A01
201900011215,1,10,,0,2,8,0,B01
201900011215,1,31,,0,2,9,1,A01
201900011216,2,7,,0,2,1,1,B01
201900011216,1,7,,0,2,1,13,A01
201900011217,3,99,,13,0,0,14,A01
201900011218,1,7,,16,0,6,24,A01
201900011218,1,31,,0,2,1,1,B01
201900011219,3,2,,0,0,4,2,B01
201900011219,3,7,,3,2,1,2,A01
201900011220,2,33,,0,2,1,1,B01
201900011220,1,7,,0,2,7,10,A01
201900011221,2,7,,0,1,2,15,A01
201900011222,1,60,,0,2,1,1,B01
201900011222,1,7,,0,9,7,26,A01
201900011223,2,7,,0,2,2,14,A01
201900011223,2,7,,0,2,6,1,B01
201900011224,1,7,,12,0,1,1,A01
201900011225,3,7,,0,2,1,9,B01
201900011225,3,7,,0,2,2,1,A01
201900011226,0,7,,0,2,2,5,A01
201900011226,0,7,,0,2,1,26,B01
201900011227,0,2,,0,2,1,1,B01
201900011227,0,7,,0,2,2,1,A01
201900011228,3,7,,0,1,3,1,A01
201900011228,3,7,,0,1,1,1,B01
201900011228,3,7,,0,1,3,1,C01
201900011229,1,1,,0,2,1,19,A01
201900011229,1,10,,0,2,6,15,B01
201900011230,0,37,1.0,0,1,1,15,A01
201900011231,0,7,,0,2,0,10,A01
201900011231,0,2,,0,2,4,1,B01
201900011232,1,7,,0,1,2,1,A01
201900011233,1,33,,0,2,7,15,B01
201900011233,2,33,,0,2,1,1,A01
201900011234,3,30,,0,2,2,0,B01
201900011234,3,7,,0,2,1,1,A01
201900011235,0,2,,0,2,1,18,A01
201900011235,0,7,,0,2,8,22,B01
201900011236,1,7,,0,1,3,1,A01
201900011237,0,2,,0,2,1,1,B01
201900011237,0,7,,0,2,3,10,A01
201900011238,2,7,,0,2,4,2,B01
201900011238,2,7,,0,2,1,2,A01
201900011239,1,0,,0,1,0,0,A01
201900011240,0,7,,0,2,1,1,A01
201900011240,0,7,,0,2,8,1,B01
201900011241,3,7,,0,1,3,1,A01
201900011242,1,7,,0,1,1,1,A01
201900011243,1,2,,12,0,1,1,A01
201900011244,1,7,,0,1,1,1,A01
201900011245,3,7,,0,1,3,9,A01
201900011246,1,7,,0,1,1,1,A01
201900011247,1,7,,0,2,2,15,A01
201900011247,2,1,,0,2,1,1,B01
201900011248,2,7,,0,2,3,1,B01
201900011248,2,7,,0,2,7,9,A01
201900011249,2,7,,0,1,2,1,A01
201900011250,1,7,,12,0,2,14,A01
201900011251,3,7,,16,0,0,15,A01
201900011252,1,2,,0,2,1,1,B01
201900011252,1,7,,0,2,2,15,A01
201900011253,3,7,,0,2,3,13,B01
201900011253,3,37,2.0,0,2,3,1,A01
201900011254,1,30,,0,1,1,1,A01
201900011255,2,7,,0,1,3,1,A01
201900011256,1,37,1.0,0,1,5,16,A01
201900011257,1,7,,0,2,1,15,A01
201900011257,1,7,,0,2,3,2,B01
201900011258,2,14,,0,1,3,15,A01
201900011259,2,7,,0,2,8,15,A01
201900011259,2,33,,0,2,7,17,B01
201900011260,2,7,,0,2,7,15,A01
201900011260,1,2,,0,2,1,1,B01
201900011261,1,1,,0,2,4,1,B01
201900011261,1,7,,0,2,1,1,Z01
201900011262,1,7,,0,1,1,1,Z01
201900011263,1,1,,0,2,7,1,B01
201900011263,1,7,,0,2,8,1,A01
201900011264,1,7,,0,2,3,13,A01
201900011264,2,7,,1,2,3,21,B01
201900011265,2,0,,0,2,0,0,B01
201900011265,2,1,,0,2,6,2,A01
201900011266,0,7,,0,1,1,15,A01
201900011267,1,7,,0,2,3,15,A01
201900011267,2,2,,0,2,1,1,B01
201900011268,3,7,,0,2,3,1,A01
201900011268,0,7,,0,2,3,1,B01
201900011269,0,7,,0,1,1,1,A01
201900011270,3,7,,0,2,8,15,A01
201900011270,3,2,,0,2,8,1,B01
201900011271,2,7,,0,1,2,1,A01
201900011272,1,7,,0,2,4,1,A01
201900011272,1,7,,0,0,4,1,B01
201900011272,1,7,,0,2,4,1,C01
201900011272,1,7,,0,2,4,1,D01
201900011273,3,7,,0,1,1,1,A01
201900011274,2,10,,0,2,7,15,B01
201900011274,2,1,,0,2,0,1,A01
201900011275,0,7,,0,1,1,1,A01
201900011276,2,33,,0,2,9,1,B01
201900011276,1,7,,0,2,8,13,A01
201900011277,0,33,,0,2,3,1,B01
201900011277,0,7,,0,2,2,15,A01
201900011278,1,7,,0,2,1,15,A01
201900011278,2,32,,0,0,0,0,B01
201900011279,2,7,,0,2,1,1,B01
201900011279,0,7,,0,2,2,15,A01
201900011280,1,7,,0,2,0,0,Z01
201900011280,1,7,,0,2,4,1,C01
201900011280,1,7,,0,2,1,1,B01
201900011280,1,7,,0,2,3,1,A01
201900011281,2,7,,0,2,2,2,B01
201900011281,2,7,,0,2,3,9,A01
201900011282,1,7,,0,2,8,15,A01
201900011282,1,2,,0,2,7,17,B01
201900011283,1,7,,0,1,7,1,A01
201900011284,1,7,,0,1,1,1,A01
201900011285,0,32,,0,2,1,13,A01
201900011285,0,7,,0,2,1,1,B01
201900011286,1,7,,0,2,0,0,E01
201900011286,1,7,,0,2,1,1,D01
201900011286,1,7,,0,2,1,1,C01
201900011286,1,7,,0,2,1,1,B01
201900011286,1,7,,0,2,4,9,A01
201900011287,2,7,,0,2,4,23,C01
201900011287,2,7,,0,2,4,23,B01
201900011287,2,7,,0,2,1,1,A01
201900011288,2,7,,0,2,2,2,A01
201900011288,2,7,,0,2,4,2,B01
201900011289,3,7,,0,2,7,15,A01
201900011289,3,2,,0,2,3,1,B01
201900011290,2,7,,0,2,8,2,C01
201900011290,1,37,1.0,0,2,1,1,B01
201900011290,3,7,,0,2,8,15,A01