Num_Acc,senc,catv,occutc,obs,obsm,choc,manv,num_veh
201900011291,1,7,,0,2,1,9,A01
201900011291,0,10,,0,2,1,1,B01
201900011291,1,7,,0,2,1,1,C01
201900011292,0,7,,0,2,1,2,C01
201900011292,0,7,,0,2,3,1,B01
201900011292,0,7,,0,2,1,1,A01
201900011293,3,7,,0,2,1,26,A01
201900011293,3,7,,0,2,4,1,B01
201900011293,3,7,,0,2,4,2,C01
201900011294,1,10,,0,2,8,11,A01
201900011294,1,7,,0,2,2,1,B01
201900011295,2,33,,0,2,1,26,A01
201900011295,2,7,,0,2,3,15,B01
201900011296,1,7,,0,1,3,1,A01
201900011297,2,33,,0,1,1,1,A01
201900011298,0,34,,0,2,3,0,B01
201900011298,0,7,,0,2,2,0,A01
201900011299,2,7,,0,2,3,15,A01
201900011299,2,33,,0,2,2,2,B01
201900011300,2,7,,16,0,9,1,A01
201900011301,2,7,,4,0,1,14,A01
201900011302,2,7,,0,2,4,2,B01
201900011302,2,32,,0,2,1,2,A01
201900011303,1,43,,12,0,1,13,A01
201900011304,2,33,,0,2,8,15,B01
201900011304,2,7,,0,2,2,15,A01
201900011305,1,7,,0,1,2,1,A01
201900011306,2,7,,0,1,0,1,Z01
201900011307,2,2,,0,1,1,17,Z01
201900011308,2,50,,0,2,0,14,A01
201900011308,2,7,,0,2,0,24,B01
201900011309,2,7,,11,0,1,13,A01
201900011310,1,1,,0,2,1,1,B01
201900011310,1,7,,0,2,7,22,A01
201900011311,2,1,,0,1,1,5,A01
201900011312,2,31,,0,2,1,1,B01
201900011312,2,10,,0,2,5,15,Z01
201900011313,1,33,,0,2,7,5,B01
201900011313,1,7,,0,2,8,15,A01
201900011314,2,33,,0,2,1,23,B01
201900011314,2,14,,0,2,4,4,A01
201900011315,2,30,,0,2,7,21,A01
201900011316,1,7,,0,1,1,1,A01
201900011317,2,7,,7,0,3,14,A01
201900011318,2,33,,0,2,1,5,B01
201900011318,2,7,,0,2,3,10,A01
201900011319,1,34,,0,2,7,1,Z01
201900011319,1,1,,0,2,6,15,A01
201900011320,1,1,,0,2,1,16,B01
201900011320,1,33,,0,2,2,16,A01
201900011321,1,1,,0,2,6,13,B01
201900011321,1,1,,0,2,1,17,A01
201900011322,2,1,,0,2,3,13,A01
201900011322,1,1,,0,2,1,1,B01
201900011323,1,7,,0,2,0,1,Z01
201900011323,1,1,,0,2,8,7,A01
201900011324,1,33,,0,2,4,23,Z01
201900011324,1,32,,0,2,3,2,A01
201900011325,2,7,,0,1,2,16,A01
201900011326,2,50,,0,1,1,5,Z01
201900011327,1,7,,0,2,6,4,A01
201900011327,2,33,,0,2,1,1,B01
201900011328,1,43,,14,0,8,14,A01
201900011329,2,50,,12,0,0,14,A01
201900011330,2,43,,0,2,1,1,B01
201900011330,1,1,,0,2,3,1,A01
201900011331,1,30,,0,2,8,18,A01
201900011331,1,7,,0,2,2,16,B01
201900011332,1,80,,0,2,6,1,B01
201900011332,1,7,,0,2,3,1,A01
201900011333,2,7,,0,2,0,15,B01
201900011333,2,33,,0,2,0,17,A01
201900011334,1,2,,0,2,1,7,B01
201900011334,1,13,,0,2,7,22,A01
201900011335,1,7,,0,2,1,2,A01
201900011335,1,1,,0,2,4,23,B01
201900011336,1,1,,0,2,1,12,A01
201900011336,1,32,,0,2,0,1,B01
201900011337,1,7,,0,1,1,1,A01
201900011338,1,7,,0,1,2,16,A01
201900011339,1,1,,0,0,0,21,A01
201900011340,1,7,,11,0,3,17,A01
201900011341,2,7,,0,1,1,21,A01
201900011342,1,30,,0,2,7,1,A01
201900011342,1,10,,0,2,3,0,B01
201900011343,2,7,,0,1,1,14,A01
201900011344,1,30,,0,1,2,17,A01
201900011345,2,7,,0,2,1,1,C01
201900011345,2,7,,0,0,4,1,A01
201900011345,2,7,,0,2,1,23,B01
201900011346,3,3,,0,1,3,15,A01
201900011347,2,30,,0,0,4,23,B01
201900011347,2,14,,0,2,1,2,A01
201900011348,3,34,,0,2,1,17,A01
201900011348,3,7,,0,0,3,15,B01
201900011349,1,7,,0,1,2,17,Z01
201900011350,3,10,,0,2,1,1,B01
201900011350,1,1,,0,2,7,21,A01
201900011351,2,50,,0,2,4,19,B01
201900011351,2,7,,0,6,6,16,A01
201900011352,0,30,,0,2,2,1,B01
201900011352,0,10,,0,2,3,16,A01
201900011353,1,3,,0,1,3,1,A01
201900011354,2,7,,0,1,1,1,A01
201900011355,1,1,,0,2,1,9,B01
201900011355,1,14,,0,2,3,9,A01
201900011356,2,7,,12,0,8,1,A01
201900011357,1,1,,0,2,0,15,B01
201900011357,1,3,,0,1,2,1,A01
201900011358,3,2,,0,2,4,16,B01
201900011358,3,15,,0,2,1,16,A01
201900011359,1,15,,0,2,8,16,A01
201900011359,1,32,,0,2,7,1,B01
201900011360,1,7,,0,1,1,1,A01
201900011361,1,7,,0,2,3,1,B01
201900011361,1,33,,0,2,1,17,A01
201900011362,3,7,,0,1,1,1,A01
201900011363,3,33,,0,0,7,1,A01
201900011364,2,7,,0,2,2,13,C01
201900011364,1,33,,13,2,0,13,B01
201900011364,1,33,,13,0,1,13,A01
201900011365,2,7,,16,0,0,0,A01
201900011366,2,33,,5,0,0,17,A01
201900011367,3,33,,0,0,8,1,A01
201900011368,0,7,,0,2,3,1,A01
201900011368,3,1,,0,2,7,19,B01
201900011369,1,31,,0,0,1,1,A01
201900011370,1,21,,0,0,3,9,A01
201900011370,2,33,,0,2,1,1,B01
201900011371,3,7,,1,2,3,9,B01
201900011371,2,2,,0,2,5,1,A01
201900011372,1,7,,0,2,4,2,A01
201900011372,1,7,,0,2,1,2,B01
201900011373,1,7,,0,2,6,1,A01
201900011373,1,14,,0,2,2,12,B01
201900011373,1,7,,0,2,7,1,C01
201900011374,2,7,,0,2,4,1,E01
201900011374,2,7,,0,2,4,1,D01
201900011374,2,7,,0,2,4,2,C01
201900011374,2,7,,0,2,4,2,B01
201900011374,2,7,,0,2,1,2,A01
201900011375,2,7,,0,2,4,2,B01
201900011375,2,33,,0,2,4,2,A01
201900011376,1,7,,0,2,4,2,B01
201900011376,1,7,,0,2,1,1,A01
201900011377,2,7,,0,2,4,2,A01
201900011377,2,10,,0,2,1,2,C01
201900011377,2,10,,0,2,1,2,B01
201900011378,3,7,,0,2,1,1,B01
201900011378,3,7,,0,2,1,13,A01
201900011379,3,31,,0,2,1,17,A01
201900011379,3,7,,0,6,3,15,B01
201900011380,3,7,,2,0,9,16,A01
201900011381,2,7,,0,2,1,13,A01
201900011381,1,7,,0,2,1,1,B01
201900011382,1,7,,6,0,1,19,A01
201900011383,3,7,,0,2,1,13,A01
201900011383,3,7,,0,2,3,1,B01
201900011384,1,7,,0,2,3,15,A01
201900011384,1,33,,0,2,1,17,B01
201900011385,3,7,,0,2,1,1,A01
201900011385,3,7,,0,2,1,13,B01
201900011386,1,7,,0,1,8,16,A01
201900011387,3,7,,0,2,1,1,A01
201900011387,3,7,,0,2,3,1,B01
201900011388,0,43,,9,0,1,21,A01
201900011389,1,33,,14,0,1,17,A01
201900011390,1,7,,0,2,2,15,A01
201900011390,1,31,,0,0,0,0,B01
201900011391,2,7,,0,2,1,1,B01
201900011391,1,7,,0,2,7,19,A01
201900011392,2,7,,0,2,1,10,Z01
201900011392,2,31,,0,2,7,1,B01
201900011393,2,7,,0,2,1,5,A01
201900011393,1,7,,0,2,1,1,B01
201900011394,0,50,,0,0,0,1,A01
201900011395,1,7,,0,0,9,1,A01
201900011396,2,33,,0,2,8,1,A01
201900011396,1,7,,0,2,1,23,B01
201900011396,1,7,,0,2,3,1,C01
201900011397,3,7,,0,2,7,15,B01
201900011397,3,7,,0,2,1,17,A01
201900011398,1,7,,0,2,4,1,B01
201900011398,1,7,,0,2,1,1,A01
201900011399,1,7,,0,2,1,1,A01
201900011399,1,7,,0,2,4,16,B01
201900011400,2,10,,0,2,2,1,B01
201900011400,2,1,,0,2,1,5,A01
201900011401,1,7,,0,1,8,1,A01
201900011402,2,7,,0,2,1,16,A01
201900011402,1,1,,0,2,8,25,B01
201900011403,0,7,,1,0,2,21,C01
201900011403,0,10,,0,2,1,13,A01
201900011403,0,7,,0,2,1,1,B01
201900011404,0,7,,1,0,1,1,A01
201900011405,3,7,,0,2,4,2,C01
201900011405,3,7,,0,2,4,2,B01
201900011405,3,7,,0,2,1,2,A01
201900011406,1,1,,0,2,1,25,B01
201900011406,1,7,,0,2,5,16,A01
201900011407,2,7,,0,2,8,26,C01
201900011407,2,7,,0,2,7,1,B01
201900011407,2,7,,0,2,3,3,A01
201900011408,1,7,,0,1,3,1,A01
201900011409,2,33,,0,2,1,1,B01
201900011409,1,7,,0,2,7,15,A01
201900011410,1,7,,15,0,1,13,A01
201900011411,2,7,,0,2,4,1,C01
201900011411,2,7,,0,2,4,1,B01
201900011411,2,15,,0,2,1,1,A01
201900011412,1,7,,12,0,2,1,A01
201900011413,3,7,,0,9,5,1,A01
201900011413,3,1,,0,2,1,1,B01
201900011414,2,7,,0,1,3,1,A01
201900011415,1,2,,1,0,1,1,B01
201900011415,1,20,,0,2,2,15,A01
201900011416,0,33,,0,2,1,1,A01
201900011416,0,7,,0,2,6,15,Z01
201900011417,3,7,,0,2,3,9,A01
201900011417,3,32,,0,2,5,9,B01
201900011418,3,2,,0,2,6,26,B01
201900011418,3,7,,0,2,3,15,A01
201900011419,3,7,,0,2,4,0,B01
201900011419,3,7,,0,2,1,2,A01
201900011420,2,7,,0,2,3,15,A01
201900011420,1,2,,0,2,1,1,B01
201900011421,3,7,,0,2,3,16,A01
201900011421,3,10,,0,2,3,1,B01
201900011422,3,7,,0,2,3,1,C01
201900011422,3,10,,0,2,1,13,A01
201900011422,3,10,,0,2,8,1,B01
201900011423,3,1,,0,2,4,2,C01
201900011423,3,34,,0,9,1,18,A01
201900011423,3,7,,0,2,1,1,B01
201900011424,2,30,,0,2,3,13,F01
201900011424,1,7,,0,2,3,1,B01
201900011425,0,7,,0,9,7,1,B01
201900011425,3,1,,0,2,1,19,A01
201900011426,2,32,,0,0,0,1,A01
201900011427,2,10,,0,2,5,2,B01
201900011427,2,42,,0,2,1,2,A01
201900011428,1,10,,0,2,1,2,A01
201900011428,1,7,,0,2,4,2,B01
201900011428,1,7,,0,2,4,2,C01
201900011429,1,10,,0,2,8,1,C01
201900011429,1,10,,0,2,7,12,B01
201900011429,1,33,,0,2,3,3,A01
201900011430,1,7,,0,2,1,2,A01
201900011430,1,7,,0,2,4,2,B01
201900011431,2,1,,0,2,0,19,A01
201900011431,2,7,,0,2,1,2,Z01
201900011432,2,7,,0,2,1,14,A01
201900011432,2,7,,0,2,6,24,B01
201900011433,1,1,,0,2,1,1,A01
201900011433,1,7,,0,2,4,23,B01
201900011434,1,7,,0,2,4,23,C01
201900011434,1,7,,0,2,4,23,B01
201900011434,1,7,,0,2,1,2,A01
201900011435,2,50,,14,0,7,1,A01
201900011436,1,50,,0,1,1,1,A01
201900011437,1,99,,0,2,3,24,A01
201900011437,1,1,,1,0,1,1,B01
201900011438,1,31,,9,0,8,14,A01
201900011439,0,7,,0,1,2,1,A01
201900011440,1,7,,0,2,3,13,B01
201900011440,2,37,2.0,14,2,3,16,A01
201900011441,2,7,,0,1,3,1,A01
201900011442,2,7,,0,2,7,26,A01
201900011442,0,7,,0,2,1,1,B01
201900011443,1,34,,5,0,1,9,A01
201900011444,1,10,,0,1,3,1,A01
201900011445,1,3,,0,2,8,15,B01
201900011445,2,33,,0,2,7,17,A01
201900011446,1,15,,0,2,3,1,A01
201900011446,1,7,,0,2,0,0,B01
201900011447,2,7,,0,1,1,2,A01
201900011448,1,7,,0,2,3,0,B01
201900011448,1,7,,0,2,2,0,A01
201900011449,1,3,,0,2,1,26,B01
201900011449,1,3,,0,2,4,26,A01
201900011450,1,7,,0,2,5,12,Z01
201900011450,1,33,,0,2,8,1,A01
201900011451,3,7,,0,2,1,1,A01
201900011451,3,7,,0,2,7,1,B01
201900011452,3,37,0.0,0,1,0,26,A01
201900011453,1,10,,0,2,1,2,A01
201900011453,1,7,,0,2,4,2,B01
201900011454,1,10,,0,1,3,15,Z01
201900011455,1,7,,2,0,0,0,A01
201900011456,0,7,,0,2,2,2,A01
201900011456,0,1,,0,0,4,2,B01
201900011457,1,7,,0,2,1,1,B01
201900011457,2,1,,0,2,8,15,A01
201900011458,1,7,,4,0,2,14,A01
201900011459,2,7,,0,2,2,13,A01
201900011459,1,7,,0,2,1,1,B01
201900011460,1,33,,0,2,8,1,B01
201900011460,2,7,,0,2,3,15,A01
201900011461,2,7,,6,0,7,13,A01
201900011462,1,7,,4,2,1,2,A01
201900011462,1,7,,0,0,4,2,B01
201900011463,2,7,,0,2,1,1,B01
201900011463,1,10,,0,2,3,15,A01
201900011464,1,7,,4,0,1,1,A01
201900011465,1,7,,0,2,1,26,C01
201900011465,1,7,,0,2,4,23,B01
201900011465,1,7,,0,2,6,23,A01
201900011466,2,33,,13,2,8,1,B01
201900011466,2,33,,0,2,5,17,A01
201900011467,2,7,,0,2,3,1,B01
201900011467,1,7,,0,2,1,13,A01
201900011468,1,7,,15,0,1,0,A01
201900011469,1,7,,0,2,1,5,A01
201900011469,2,7,,0,2,1,21,B01
201900011470,2,33,,0,0,7,1,A01
201900011471,2,7,,13,0,9,13,A01
201900011472,2,1,,0,2,1,1,B01
201900011472,1,7,,0,9,2,15,A01
201900011473,1,7,,13,0,0,1,A01
201900011474,1,1,,0,2,4,1,B01
201900011474,1,7,,0,2,2,1,A01
201900011475,2,7,,0,9,2,9,A01
201900011475,1,60,,0,2,2,1,B01
201900011476,1,7,,14,0,1,6,A01
201900011477,2,33,,0,2,1,1,B01
201900011477,2,7,,0,2,6,1,A01
201900011478,3,7,,2,0,3,0,A01
201900011479,2,7,,0,0,8,1,B01
201900011479,3,33,,0,2,1,1,A01
201900011480,1,33,,0,0,7,1,A01
201900011481,2,7,,8,0,8,1,A01
201900011482,1,7,,0,0,1,0,A01
201900011482,2,7,,0,0,1,1,B01
201900011483,1,33,,0,6,1,1,A01
201900011484,1,7,,0,9,9,26,A01
201900011485,2,2,,0,0,0,1,A01
201900011486,3,7,,13,0,1,14,A01
201900011487,2,1,,0,2,1,1,A01
201900011487,2,7,,0,2,7,1,B01
201900011488,1,7,,0,2,1,17,A01
201900011488,1,7,,0,2,8,15,B01
201900011489,0,2,,9,0,8,25,A01
201900011490,2,7,,0,2,3,13,A01
201900011490,1,7,,0,2,3,1,B01
201900011491,3,31,,0,2,1,16,A01
201900011491,0,7,,0,2,3,1,B01
201900011492,3,7,,0,1,0,1,A01
201900011493,2,33,,13,0,2,1,A01
201900011494,1,7,,0,2,1,1,C01
201900011494,1,10,,0,2,1,1,B01
201900011494,2,7,,6,2,1,13,A01
201900011495,2,7,,0,0,4,2,B01
201900011495,2,7,,0,2,1,2,A01
201900011496,2,7,,0,6,2,21,A01
201900011497,3,31,,0,2,1,17,A01
201900011497,3,37,1.0,0,0,8,15,B01
201900011498,1,7,,2,0,9,1,A01
201900011499,1,2,,1,0,3,2,A01
201900011499,1,7,,0,2,4,23,B01
201900011500,2,7,,0,2,8,1,D01
201900011500,2,33,,0,2,1,1,C01
201900011500,2,7,,0,2,3,1,B01
201900011500,1,7,,0,2,1,13,A01
201900011501,2,33,,2,0,1,1,A01
201900011502,2,33,,0,2,2,1,B01
201900011502,1,10,,0,2,3,17,A01
201900011503,1,7,,0,2,1,13,A01
201900011503,2,7,,0,2,1,1,B01
201900011504,3,7,,0,1,2,1,A01
201900011505,1,33,,0,2,7,17,B01
201900011505,1,7,,0,2,8,13,A01
201900011506,1,7,,0,2,3,2,B01
201900011506,2,7,,0,2,1,13,A01
201900011507,2,33,,0,2,1,13,A01
201900011507,1,7,,0,2,1,1,B01
201900011508,2,33,,13,0,1,1,A01
201900011509,1,2,,0,2,1,13,A01
201900011509,2,7,,0,9,3,1,B01
201900011510,1,7,,0,2,7,15,A01
201900011510,2,33,,0,2,1,1,B01
201900011511,1,7,,0,9,2,16,A01
201900011511,2,50,,0,2,8,5,B01
201900011512,0,1,,0,0,0,0,A01
201900011513,3,7,,13,0,8,1,A01
201900011514,3,1,,15,0,1,1,A01
201900011515,3,7,,0,1,2,15,A01
201900011516,2,7,,13,0,0,0,A01
201900011517,2,7,,8,0,3,13,A01
201900011518,1,33,,6,0,1,1,A01
201900011519,2,31,,0,5,1,1,A01
201900011520,1,7,,2,0,1,1,A01
201900011521,2,7,,0,2,4,0,B01
201900011521,2,7,,0,2,1,0,A01
201900011522,2,7,,0,2,4,1,A01
201900011522,2,7,,0,2,1,11,B01
201900011522,2,7,,0,2,1,2,C01
201900011523,1,7,,0,2,1,2,A01
201900011523,1,7,,0,2,4,2,B01
201900011524,2,7,,0,2,1,2,A01
201900011524,2,7,,0,2,4,2,B01
201900011525,1,7,,0,2,2,14,A01
201900011525,1,33,,0,2,3,3,B01
201900011526,1,7,,0,2,1,1,A01
201900011526,1,7,,0,2,4,2,B01
201900011526,1,7,,0,2,4,0,C01
201900011526,1,7,,0,0,4,2,D01
201900011527,2,10,,0,2,2,2,A01
201900011527,2,7,,3,2,5,2,B01
201900011527,2,10,,0,2,5,2,C01
201900011528,1,7,,0,2,1,2,Z01
201900011528,1,14,,0,2,5,2,B01
201900011529,2,17,,0,2,4,2,B01
201900011529,2,7,,0,2,1,2,A01
201900011530,2,7,,4,2,3,18,A01
201900011530,2,7,,0,2,5,1,B01
201900011530,2,7,,0,2,1,1,C01
201900011531,2,10,,4,0,1,14,A01
201900011532,2,7,,0,2,1,1,A01
201900011532,2,7,,0,2,4,2,B01
201900011533,1,33,,0,2,3,1,B01
201900011533,1,7,,0,2,2,12,A01
201900011534,1,7,,0,2,3,1,C01
201900011534,1,7,,0,2,5,1,B01
201900011534,1,33,,0,2,1,3,A01
201900011535,2,33,,0,0,0,1,A01
201900011536,1,34,,0,2,1,9,A01
201900011537,2,7,,4,2,0,2,A01
201900011537,2,7,,0,2,3,1,B01
201900011538,0,7,,0,1,1,15,A01
201900011539,1,7,,0,1,2,1,A01
201900011540,1,33,,0,2,1,1,B01
201900011540,1,7,,0,2,5,4,A01
201900011541,1,7,,0,0,9,21,B01
201900011541,2,7,,0,2,3,13,A01
201900011542,0,10,,0,2,2,1,B01
201900011542,0,2,,0,2,2,13,A01
201900011543,0,33,,0,2,1,2,B01
201900011543,3,7,,0,2,4,2,A01
201900011544,0,32,,0,1,2,1,A01
201900011545,1,99,,0,0,0,20,A01
201900011546,3,7,,0,0,1,0,A01
201900011547,3,33,,12,0,1,1,A01
201900011548,2,7,,0,2,1,1,A01
201900011548,1,7,,0,2,1,1,B01
201900011549,2,7,,2,0,1,1,A01
201900011550,1,2,,1,0,1,0,A01
201900011551,2,2,,0,2,7,19,A01
201900011551,2,7,,0,2,1,1,B01
201900011552,2,7,,0,9,2,17,A01
201900011552,2,1,,0,2,1,13,B01
201900011553,2,7,,12,0,1,1,A01
201900011554,3,10,,0,1,2,2,A01
201900011555,3,36,,13,0,1,1,A01
201900011556,0,7,,0,1,1,26,A01
201900011557,1,33,,0,2,1,17,A01
201900011557,2,7,,0,2,3,1,B01
201900011558,1,7,,8,0,9,17,A01
201900011559,1,33,,0,2,3,1,B01
201900011559,2,7,,0,2,1,15,A01
201900011560,1,33,,2,0,1,1,A01
201900011561,2,7,,0,1,2,1,A01
201900011562,1,7,,0,0,0,1,A01
201900011563,2,7,,0,2,4,23,F01
201900011563,2,7,,1,2,4,23,E01
201900011563,2,7,,0,2,4,23,D01
201900011563,2,20,,1,2,4,23,C01
201900011563,2,7,,1,0,4,23,B01
201900011563,2,10,,1,2,2,2,A01
201900011564,1,7,,0,0,0,1,A01
201900011565,2,33,,3,0,4,1,A01
201900011566,1,33,,0,2,8,1,A01
201900011566,0,7,,0,0,5,1,B01
201900011567,2,7,,0,2,8,1,C01
201900011567,1,7,,0,2,3,1,B01
201900011567,2,7,,0,2,1,13,A01
201900011568,2,7,,0,2,1,1,B01
201900011568,2,7,,0,2,3,6,A01
201900011569,3,7,,2,0,9,1,A01
201900011570,0,7,,0,1,2,19,A01
201900011571,2,17,,0,0,8,14,A01
201900011572,2,17,,0,0,4,23,D01
201900011572,2,17,,0,2,6,23,C01
201900011572,2,10,,0,2,4,2,B01
201900011572,2,17,,0,2,1,2,A01
201900011573,1,7,,0,2,1,1,C01
201900011573,1,7,,0,2,3,1,B01
201900011573,2,7,,0,2,3,13,A01
201900011574,1,7,,0,2,3,15,B01
201900011574,1,33,,0,2,2,17,A01
201900011575,1,33,,3,0,7,14,A01
201900011576,2,2,,0,2,1,1,B01
201900011576,2,7,,0,0,2,19,A01
201900011577,1,7,,0,0,8,16,B01
201900011577,2,2,,0,2,7,19,A01
201900011578,1,7,,2,0,8,1,A01
201900011579,2,1,,0,2,1,1,B01
201900011579,1,7,,0,2,3,15,A01
201900011580,2,7,,0,2,3,13,B01
201900011580,1,7,,0,2,3,0,A01
201900011581,2,14,,0,2,1,1,B01
201900011581,1,7,,0,2,3,13,A01
201900011582,1,7,,16,0,1,13,A01
201900011583,2,33,,0,2,1,2,C01
201900011583,2,10,,0,0,6,2,B01
201900011583,2,7,,0,0,4,15,A01
201900011584,2,7,,0,0,4,26,D01
201900011584,2,15,,0,0,1,23,C01
201900011584,1,10,,14,2,2,3,B01
201900011584,1,7,,1,2,3,6,A01
201900011585,2,7,,13,0,9,1,A01
201900011586,0,10,,0,9,7,15,A01
201900011586,0,1,,0,2,1,1,B01
201900011587,1,33,,2,0,0,1,A01
201900011588,2,7,,13,2,3,1,A01
201900011588,2,7,,0,2,3,1,B01
201900011589,1,7,,0,2,4,2,B01
201900011589,1,7,,0,2,1,2,A01
201900011590,1,33,,0,2,5,3,A01
201900011590,2,7,,0,2,1,9,B01
201900011591,1,33,,0,2,1,17,B01
201900011591,1,7,,0,2,3,15,A01
201900011592,1,7,,2,0,2,13,A01
201900011593,1,33,,0,2,3,2,B01
201900011593,2,7,,0,2,8,2,A01
201900011594,2,7,,0,0,3,15,B01
201900011594,1,7,,0,2,3,17,A01
201900011595,3,7,,0,2,2,1,A01
201900011595,1,7,,0,2,1,1,B01
201900011596,1,7,,0,2,1,1,A01
201900011596,1,7,,13,0,4,15,B01
201900011597,2,7,,0,2,7,15,A01
201900011597,1,2,,0,2,2,1,B01
201900011598,2,7,,0,2,1,1,A01
201900011598,2,7,,0,2,2,1,B01
201900011599,2,7,,0,0,3,15,B01
201900011599,1,30,,0,2,1,1,A01
201900011600,1,31,,12,0,3,26,A01
201900011601,3,2,,0,2,1,1,B01
201900011601,1,7,,0,2,2,15,A01
201900011602,1,2,,0,2,2,12,A01
201900011602,1,7,,0,2,3,1,B01
201900011603,1,7,,0,1,1,1,A01
201900011604,0,7,,0,1,3,15,A01
201900011605,1,33,,0,2,1,26,A01
201900011605,1,7,,0,0,4,2,B01
201900011606,1,31,,0,2,1,1,B01
201900011606,2,7,,0,2,3,15,A01
201900011607,2,10,,1,2,6,14,B01
201900011607,1,7,,0,2,3,13,A01
201900011608,2,7,,4,0,9,0,A01
201900011609,1,7,,0,2,1,2,C01
201900011609,1,7,,0,2,4,2,B01
201900011609,1,7,,0,2,4,2,A01
201900011610,2,7,,3,0,1,0,A01
201900011611,1,7,,0,2,1,1,C01
201900011611,1,7,,0,2,2,1,B01
201900011611,1,10,,0,2,4,1,A01
201900011612,1,7,,0,2,4,1,A01
201900011612,1,7,,0,2,1,1,B01
201900011613,2,7,,0,2,6,1,A01
201900011613,2,7,,0,2,4,1,B01
201900011613,2,7,,0,2,3,1,C01
201900011613,2,7,,0,2,4,1,D01
201900011613,2,7,,0,2,1,1,E01
201900011614,1,10,,0,2,4,1,A01
201900011614,1,7,,0,2,4,2,B01
201900011614,1,7,,0,2,1,2,C01
201900011615,2,31,,3,0,0,2,A01
201900011616,1,7,,0,2,4,2,C01
201900011616,1,7,,0,2,1,2,B01
201900011616,1,7,,0,2,4,2,A01
201900011616,1,7,,0,2,1,2,D01
201900011617,1,7,,0,2,1,2,B01
201900011617,1,10,,0,2,4,2,A01
201900011618,2,7,,3,2,7,1,A01
201900011618,2,7,,3,2,8,9,B01
201900011619,1,7,,5,2,2,14,B01
201900011619,1,7,,5,0,6,1,A01
201900011620,1,7,,0,2,6,1,B01
201900011620,1,33,,0,2,1,14,A01
201900011621,1,7,,4,0,4,0,B01
201900011621,1,7,,0,2,0,0,A01
201900011622,1,10,,0,2,4,2,B01
201900011622,1,7,,3,2,1,14,A01
201900011623,2,7,,0,0,5,1,B01
201900011623,2,7,,0,2,1,21,A01
201900011624,2,7,,0,2,4,1,B01
201900011624,2,7,,0,2,1,2,A01
201900011625,2,15,,0,2,5,1,B01
201900011625,2,14,,0,2,3,1,A01
201900011626,1,7,,0,2,4,1,B01
201900011626,1,7,,3,2,1,14,A01
201900011627,2,7,,0,2,4,2,B01
201900011627,2,31,,0,2,1,1,A01
201900011628,2,7,,4,0,1,1,A01
201900011629,1,10,,0,2,4,1,B01
201900011629,1,10,,0,2,4,1,C01
201900011629,1,10,,0,2,1,1,A01
201900011630,1,7,,0,2,4,14,D01
201900011630,1,7,,4,2,9,2,B01
201900011630,1,7,,0,2,4,2,C01
201900011630,1,7,,4,2,9,2,A01
201900011631,2,7,,0,2,1,1,A01
201900011631,2,7,,0,2,0,0,C01
201900011631,2,7,,0,2,4,1,B01
201900011632,1,10,,0,2,5,0,B01
201900011632,1,33,,0,2,0,26,A01
201900011633,1,10,,0,2,6,2,B01
201900011633,1,33,,0,2,1,2,A01
201900011634,1,7,,0,2,1,0,A01
201900011634,1,7,,0,2,4,0,B01
201900011635,2,10,,0,2,7,14,A01
201900011635,2,34,,0,2,6,3,B01
201900011636,1,7,,0,2,1,15,A01
201900011636,1,33,,0,2,8,17,B01
201900011637,2,10,,0,2,2,2,A01
201900011637,2,7,,0,2,4,1,B01
201900011638,2,7,,0,0,0,0,B01
201900011638,2,15,,0,0,0,0,A01
201900011639,2,7,,4,0,3,0,A01
201900011640,2,10,,6,0,2,16,A01
201900011641,2,7,,0,2,4,23,A01
201900011641,1,7,,0,2,1,1,B01
201900011642,2,7,,0,2,7,12,B01
201900011642,2,33,,0,2,1,3,A01
201900011643,2,33,,0,2,7,3,A01
201900011643,2,7,,0,2,6,23,B01
201900011643,2,20,,0,2,5,1,C01
201900011644,2,7,,0,2,3,9,A01
201900011644,2,31,,0,2,2,1,B01
201900011645,1,7,,0,2,5,12,B01
201900011645,1,31,,0,2,1,3,A01
201900011646,1,17,,0,2,7,12,A01
201900011646,1,7,,0,2,6,1,B01
201900011646,1,32,,0,2,1,1,C01
201900011647,1,7,,0,2,1,2,A01
201900011647,1,7,,0,2,4,2,C01
201900011647,1,7,,0,2,4,2,B01
201900011648,1,0,,0,1,0,0,Z01
201900011649,1,31,,0,2,2,12,A01
201900011649,1,7,,0,2,8,18,Z01
201900011650,1,7,,0,2,6,2,B01
201900011650,1,33,,0,2,1,1,A01
201900011651,2,7,,0,2,3,1,A01
201900011651,2,33,,0,2,3,1,C01
201900011651,2,7,,0,2,5,14,B01
201900011652,1,7,,4,0,1,1,A01
201900011653,1,7,,0,2,4,2,B01
201900011653,1,17,,0,2,1,1,A01
201900011654,2,16,,0,2,1,2,A01
201900011654,2,7,,0,2,4,2,C01
201900011654,2,7,,0,2,4,2,D01
201900011654,2,7,,0,2,4,2,B01
201900011655,2,15,,0,2,1,12,A01
201900011655,2,7,,0,2,1,1,C01
201900011655,2,7,,0,2,6,1,B01
201900011656,2,7,,0,2,3,2,B01
201900011656,2,14,,0,2,5,2,A01
201900011657,1,7,,1,0,1,2,A01
201900011657,1,7,,0,2,7,23,C01
201900011657,1,10,,0,2,4,23,B01
201900011658,2,7,,0,2,7,2,C01