Num_Acc,senc,catv,occutc,obs,obsm,choc,manv,num_veh
201900011658,2,33,,0,2,4,3,B01
201900011658,2,7,,0,2,1,2,A01
201900011659,1,7,,0,2,4,2,A01
201900011659,1,32,,0,2,1,2,C01
201900011659,1,10,,0,2,1,2,B01
201900011660,1,15,,0,2,4,2,C01
201900011660,1,15,,0,2,4,2,B01
201900011660,1,15,,0,2,1,2,A01
201900011661,2,7,,0,2,1,0,A01
201900011661,2,15,,0,2,4,0,C01
201900011661,2,10,,0,2,4,0,B01
201900011662,2,33,,0,2,8,3,B01
201900011662,2,7,,0,2,7,12,A01
201900011663,2,7,,0,2,1,12,B01
201900011663,2,34,,0,2,4,1,A01
201900011664,1,15,,0,2,7,12,A01
201900011664,1,7,,0,2,1,1,B01
201900011665,1,7,,4,0,2,14,A01
201900011666,2,33,,0,2,1,1,A01
201900011666,2,7,,0,6,5,1,B01
201900011667,2,7,,0,2,4,26,Z01
201900011667,2,7,,0,2,1,1,A01
201900011668,1,7,,0,2,2,14,A01
201900011668,1,7,,0,2,4,2,C01
201900011668,1,7,,0,2,1,2,D01
201900011668,1,7,,0,2,8,1,B01
201900011669,2,32,,0,2,2,1,A01
201900011669,2,7,,0,0,6,11,B01
201900011670,2,10,,0,2,2,12,B01
201900011670,2,14,,3,2,6,1,A01
201900011671,1,7,,0,2,4,9,B01
201900011671,1,7,,0,2,1,9,A01
201900011672,1,7,,13,0,9,11,A01
201900011673,2,33,,0,2,1,26,B01
201900011673,2,7,,0,2,6,26,A01
201900011674,1,33,,0,2,0,1,A01
201900011675,1,7,,0,2,4,2,C01
201900011675,1,7,,0,2,1,2,A01
201900011675,1,7,,0,2,4,2,B01
201900011676,2,33,,0,2,3,3,A01
201900011676,2,7,,0,2,2,12,B01
201900011677,1,7,,0,2,1,14,B01
201900011677,1,7,,4,2,3,21,A01
201900011678,2,7,,0,2,2,12,B01
201900011678,2,15,,0,2,6,2,A01
201900011679,2,32,,0,2,3,11,A01
201900011679,2,33,,0,2,1,3,B01
201900011679,2,7,,0,2,8,23,C01
201900011679,2,10,,0,2,5,1,E01
201900011679,2,7,,0,2,8,23,D01
201900011680,1,7,,0,2,5,2,B01
201900011680,1,7,,0,2,2,12,D01
201900011680,1,7,,0,2,6,2,C01
201900011680,1,7,,0,2,4,2,A01
201900011681,3,7,,0,2,2,0,B01
201900011681,3,7,,0,2,1,0,A01
201900011682,1,7,,0,0,0,1,A01
201900011683,2,7,,0,2,1,15,A01
201900011683,1,7,,0,2,8,1,B01
201900011683,1,10,,0,2,3,23,C01
201900011684,3,34,,12,2,1,9,B01
201900011684,3,10,,12,2,3,15,A01
201900011685,2,7,,0,2,8,1,B01
201900011685,2,7,,0,2,2,12,A01
201900011686,0,32,,0,0,0,0,B01
201900011686,0,7,,0,0,0,13,A01
201900011687,3,7,,0,2,7,16,B01
201900011687,3,32,,0,2,1,26,A01
201900011688,2,7,,0,2,1,1,B01
201900011688,2,2,,0,2,2,16,A01
201900011689,2,30,,0,0,1,1,A01
201900011690,3,7,,0,2,4,26,A01
201900011690,3,7,,0,2,1,14,C01
201900011690,3,7,,0,2,6,1,B01
201900011691,1,33,,9,0,1,26,A01
201900011692,1,0,,0,2,0,26,B01
201900011692,2,10,,0,2,1,16,A01
201900011693,3,7,,0,2,5,15,B01
201900011693,3,1,,0,2,1,1,A01
201900011694,2,7,,0,2,1,2,A01
201900011694,2,7,,0,2,4,2,C01
201900011694,2,7,,0,2,4,2,B01
201900011695,2,33,,0,2,1,17,B01
201900011695,2,7,,0,2,3,11,A01
201900011696,2,7,,0,2,1,2,A01
201900011696,2,7,,0,2,6,1,B01
201900011697,1,2,,0,2,1,1,B01
201900011697,1,7,,0,2,8,20,A01
201900011698,2,13,,0,2,1,15,A01
201900011698,2,37,1.0,0,2,3,23,C01
201900011698,1,2,,0,2,1,1,B01
201900011699,3,99,,1,2,9,2,A01
201900011699,3,7,,0,6,5,23,C01
201900011699,3,7,,0,6,0,23,B01
201900011700,1,7,,0,2,1,2,A01
201900011700,1,7,,0,2,4,11,B01
201900011701,2,7,,1,0,3,13,A01
201900011701,2,7,,0,2,5,24,B01
201900011702,1,7,,0,2,1,1,A01
201900011702,1,7,,0,2,8,1,B01
201900011703,2,7,,0,1,2,1,A01
201900011704,0,15,,0,2,4,24,B01
201900011704,0,7,,0,2,1,2,A01
201900011705,3,7,,0,1,4,0,A01
201900011706,0,7,,12,0,9,1,A01
201900011707,2,7,,0,2,4,23,B01
201900011707,2,7,,0,2,4,23,C01
201900011707,2,7,,0,2,1,1,A01
201900011708,2,7,,0,2,3,1,A01
201900011708,1,1,,0,2,7,26,B01
201900011709,2,7,,0,1,3,26,A01
201900011710,0,7,,0,1,8,1,A01
201900011711,1,7,,0,2,4,2,A01
201900011711,1,7,,0,2,1,2,Z01
201900011712,0,1,,0,2,3,1,A01
201900011712,0,7,,0,2,7,17,Z01
201900011713,1,7,,0,2,1,1,A01
201900011713,2,7,,0,2,1,23,B01
201900011713,1,7,,0,2,1,23,C01
201900011713,1,10,,0,2,1,23,D01
201900011714,3,7,,0,1,1,16,A01
201900011715,1,7,,14,6,3,1,A01
201900011716,1,10,,0,1,1,1,A01
201900011717,3,7,,0,2,8,1,E01
201900011717,3,7,,14,0,0,0,D01
201900011717,3,7,,0,6,1,1,C01
201900011717,3,7,,0,2,1,1,B01
201900011717,3,33,,10,2,1,2,A01
201900011718,1,7,,0,2,4,1,B01
201900011718,1,7,,8,2,1,1,A01
201900011719,3,30,,0,2,3,13,A01
201900011719,3,7,,0,2,3,1,B01
201900011720,2,7,,0,1,2,1,A01
201900011721,1,32,,0,1,1,1,A01
201900011722,2,7,,0,2,1,1,B01
201900011722,1,7,,15,2,6,1,A01
201900011723,1,7,,0,1,2,1,A01
201900011724,2,1,,0,0,0,0,B01
201900011724,1,7,,0,2,0,1,A01
201900011725,2,7,,0,2,8,15,B01
201900011725,2,2,,0,2,1,17,A01
201900011726,2,80,,0,2,1,1,B01
201900011726,1,7,,0,2,2,15,A01
201900011727,1,7,,0,2,4,1,B01
201900011727,1,7,,0,2,1,1,A01
201900011728,1,7,,0,2,1,2,A01
201900011728,1,10,,0,2,4,2,C01
201900011728,1,7,,0,2,4,2,B01
201900011729,1,7,,0,2,1,12,A01
201900011729,1,15,,0,2,4,1,C01
201900011729,1,7,,0,2,4,1,B01
201900011730,2,33,,0,2,2,1,B01
201900011730,2,7,,0,2,6,11,A01
201900011731,2,34,,4,2,4,1,A01
201900011732,1,7,,1,0,1,2,A01
201900011732,1,7,,0,2,4,2,C01
201900011732,1,7,,0,2,4,2,D01
201900011732,1,7,,0,2,4,2,B01
201900011733,1,7,,13,0,1,1,A01
201900011734,3,7,,0,2,1,1,A01
201900011734,0,7,,0,2,4,0,B01
201900011735,3,30,,0,0,0,1,A01
201900011736,2,10,,0,2,4,2,B01
201900011736,2,33,,0,2,1,2,A01
201900011737,1,7,,0,1,3,15,A01
201900011738,2,7,,0,2,1,1,A01
201900011738,2,7,,0,2,4,1,B01
201900011739,3,7,,3,0,1,13,A01
201900011740,3,7,,0,2,1,15,A01
201900011740,3,33,,0,2,7,1,B01
201900011741,0,7,,0,2,1,15,A01
201900011741,0,33,,0,2,7,1,B01
201900011742,2,7,,0,2,8,17,A01
201900011742,2,2,,0,2,8,17,B01
201900011743,1,7,,0,1,3,1,A01
201900011744,1,1,,0,2,8,19,A01
201900011744,1,7,,0,2,2,1,B01
201900011745,1,7,,0,6,1,1,A01
201900011745,3,1,,0,2,8,19,B01
201900011746,1,7,,4,0,1,26,A01
201900011747,3,33,,0,0,7,26,A01
201900011748,3,7,,0,6,8,26,A01
201900011748,3,14,,0,2,3,26,B01
201900011749,0,7,,0,2,1,2,A01
201900011749,0,7,,0,2,4,2,B01
201900011750,1,10,,0,1,3,15,A01
201900011751,3,7,,0,2,8,1,B01
201900011751,3,10,,0,2,3,13,A01
201900011752,2,7,,4,0,1,1,A01
201900011753,1,7,,0,1,1,1,A01
201900011754,1,7,,0,0,2,1,B01
201900011754,3,7,,9,2,7,15,A01
201900011755,0,7,,0,2,1,1,A01
201900011755,0,7,,0,2,4,1,B01
201900011756,1,7,,0,2,0,1,B01
201900011756,2,7,,0,2,1,19,A01
201900011757,2,7,,0,1,2,1,A01
201900011758,1,33,,0,2,1,17,B01
201900011758,1,7,,0,2,3,15,A01
201900011759,1,7,,0,0,0,0,A01
201900011760,1,30,,0,0,0,1,A01
201900011761,2,7,,0,1,1,1,A01
201900011762,3,0,,0,1,0,0,Z01
201900011763,2,33,,0,2,5,1,B01
201900011763,2,7,,0,2,3,1,A01
201900011764,2,2,,0,0,8,21,A01
201900011765,2,2,,0,0,7,1,A01
201900011766,1,7,,0,1,1,1,A01
201900011767,1,7,,0,1,1,1,A01
201900011768,1,7,,0,2,1,1,B01
201900011769,1,7,,0,1,1,1,A01
201900011770,2,7,,0,1,2,1,A01
201900011771,3,10,,0,2,2,16,B01
201900011771,3,10,,0,2,2,21,A01
201900011772,2,7,,2,0,1,26,A01
201900011773,3,7,,10,0,1,1,A01
201900011774,2,2,,0,2,1,1,B01
201900011774,3,7,,0,2,5,15,A01
201900011775,3,7,,0,2,3,9,A01
201900011775,3,2,,0,2,1,1,B01
201900011776,1,7,,3,0,1,1,A01
201900011777,3,14,,0,0,7,16,B01
201900011777,3,30,,0,2,1,2,A01
201900011778,2,7,,0,1,7,9,A01
201900011779,2,7,,4,0,3,2,A01
201900011780,1,1,,0,2,8,2,A01
201900011780,1,7,,0,2,7,17,Z01
201900011781,0,10,,0,2,1,1,B01
201900011781,0,1,,0,2,4,1,A01
201900011782,3,7,,0,1,1,15,A01
201900011783,2,7,,0,2,3,1,B01
201900011783,1,30,,0,2,8,19,A01
201900011784,1,7,,0,1,2,1,A01
201900011785,2,2,,0,2,1,1,B01
201900011785,1,7,,0,2,3,15,A01
201900011786,0,14,,0,2,2,1,B01
201900011786,0,7,,0,2,7,1,A01
201900011787,2,7,,0,2,3,9,A01
201900011787,0,7,,0,2,2,1,B01
201900011788,1,7,,0,2,8,9,A01
201900011788,1,7,,0,2,1,1,B01
201900011789,1,7,,0,2,3,13,A01
201900011789,2,7,,0,2,0,1,C01
201900011789,2,7,,0,2,3,1,D01
201900011789,2,7,,3,2,3,1,B01
201900011790,1,2,,0,2,3,2,B01
201900011790,1,7,,0,2,0,0,A01
201900011791,1,7,,0,2,2,19,A01
201900011791,2,7,,0,2,1,1,B01
201900011792,1,7,,0,2,5,10,A01
201900011792,1,7,,0,2,2,10,C01
201900011792,1,34,,0,2,0,1,B01
201900011793,2,7,,0,2,4,1,B01
201900011793,2,7,,0,2,1,1,A01
201900011794,2,7,,0,2,4,1,B01
201900011794,2,7,,0,2,1,2,Z01
201900011795,2,50,,1,0,1,1,A01
201900011796,1,7,,0,1,2,1,A01
201900011797,0,7,,0,2,2,1,A01
201900011797,0,31,,0,2,1,1,B01
201900011798,1,7,,0,2,1,2,A01
201900011798,1,7,,0,2,4,2,B01
201900011799,2,10,,0,2,1,11,A01
201900011799,2,34,,0,2,4,1,B01
201900011800,1,7,,6,0,2,1,A01
201900011801,1,33,,0,1,8,3,A01
201900011801,1,7,,0,2,3,1,B01
201900011802,1,7,,0,2,8,22,A01
201900011802,1,31,,0,2,2,17,B01
201900011803,3,33,,0,0,3,1,A01
201900011804,2,30,,0,0,7,1,A01
201900011805,2,7,,0,2,3,13,A01
201900011805,2,30,,0,2,2,17,B01
201900011806,1,7,,0,2,1,2,A01
201900011806,1,7,,0,2,1,2,B01
201900011806,1,7,,0,2,4,2,C01
201900011807,1,10,,0,1,2,1,A01
201900011808,1,1,,0,1,0,1,Z01
201900011809,1,2,,0,2,1,1,B01
201900011809,1,7,,0,2,2,15,A01
201900011810,1,32,,0,2,7,17,A01
201900011810,1,7,,0,2,3,15,B01
201900011811,3,10,,0,2,5,1,A01
201900011811,3,1,,0,2,1,1,B01
201900011812,1,7,,0,2,2,16,A01
201900011812,1,1,,0,2,0,16,B01
201900011813,1,7,,0,2,3,1,B01
201900011813,2,7,,0,2,1,1,A01
201900011814,3,32,,12,0,0,16,A01
201900011815,2,10,,0,1,5,1,A01
201900011816,1,7,,12,0,0,0,A01
201900011816,1,7,,0,2,0,0,B01
201900011817,1,7,,0,2,3,1,B01
201900011817,2,31,,0,2,1,5,A01
201900011818,2,7,,0,2,7,1,B01
201900011818,2,14,,0,2,6,11,A01
201900011819,2,2,,0,2,1,1,B01
201900011819,1,7,,0,2,1,11,A01
201900011820,1,1,,0,2,8,15,B01
201900011820,1,7,,0,2,7,17,A01
201900011821,1,7,,0,1,2,0,A01
201900011822,1,7,,0,2,3,13,A01
201900011822,2,7,,0,2,1,1,B01
201900011823,3,1,,0,1,1,1,A01
201900011824,0,50,,0,2,4,2,B01
201900011824,3,7,,0,9,2,2,A01
201900011825,1,7,,0,2,4,2,A01
201900011825,1,7,,0,2,4,2,B01
201900011825,1,7,,0,2,4,2,C01
201900011825,1,7,,0,2,1,2,D01
201900011825,1,7,,0,2,1,2,E01
201900011825,1,7,,0,2,4,2,F01
201900011825,1,7,,0,2,1,2,G01
201900011825,1,7,,0,2,1,2,H01
201900011825,1,7,,0,2,6,2,I01
201900011826,1,7,,3,0,7,1,A01
201900011827,2,2,,0,1,1,1,A01
201900011828,3,7,,0,1,2,2,A01
201900011829,1,10,,6,0,1,1,A01
201900011830,1,7,,0,2,8,0,B01
201900011830,2,7,,6,2,7,17,A01
201900011831,1,7,,13,0,0,0,A01
201900011832,0,7,,6,0,1,1,A01
201900011833,1,7,,13,0,0,16,A01
201900011834,1,7,,5,0,3,1,A01
201900011835,3,7,,3,0,7,0,A01
201900011836,2,7,,0,2,5,1,B01
201900011836,1,33,,0,2,1,1,A01
201900011837,2,7,,2,0,1,26,A01
201900011838,2,7,,0,2,3,2,A01
201900011838,2,31,,0,2,1,1,B01
201900011839,2,7,,0,2,1,13,A01
201900011839,1,7,,0,2,8,1,B01
201900011839,1,7,,0,2,1,1,C01
201900011840,1,10,,0,2,1,2,A01
201900011840,1,17,,0,2,4,1,B01
201900011841,2,7,,13,0,6,19,A01
201900011841,1,7,,0,2,1,1,C01
201900011842,0,7,,6,0,2,1,A01
201900011843,2,7,,0,2,8,1,B01
201900011843,2,15,,0,2,2,12,A01
201900011844,2,15,,0,2,2,15,B01
201900011844,1,34,,0,2,1,1,A01
201900011845,2,21,,0,2,6,1,A01
201900011845,2,15,,0,2,2,17,B01
201900011846,1,7,,0,0,0,1,A01
201900011847,2,1,,0,0,0,17,A01
201900011848,2,15,,0,2,5,1,B01
201900011848,2,10,,0,2,3,1,A01
201900011849,2,7,,0,2,1,1,B01
201900011849,1,7,,0,2,1,13,A01
201900011850,1,7,,0,2,2,17,A01
201900011850,1,7,,4,2,6,1,B01
201900011851,1,7,,0,2,1,1,A01
201900011851,2,7,,0,2,1,1,B01
201900011852,1,7,,0,2,3,2,B01
201900011852,2,7,,0,2,3,0,A01
201900011853,2,2,,15,0,1,13,A01
201900011854,2,7,,0,2,1,13,A01
201900011854,1,7,,0,2,1,21,B01
201900011855,2,7,,4,2,1,2,D01
201900011855,2,7,,4,2,4,2,C01
201900011855,2,7,,4,2,4,2,B01
201900011855,2,7,,4,2,4,2,A01
201900011856,2,7,,0,2,7,12,A01
201900011856,2,33,,0,2,1,3,B01
201900011857,1,43,,0,2,2,2,B01
201900011857,1,10,,0,2,3,2,C01
201900011857,1,7,,0,2,3,11,A01
201900011858,1,2,,0,2,4,13,B01
201900011858,1,7,,0,2,1,1,A01
201900011859,1,17,,0,2,6,24,A01
201900011859,1,10,,1,0,1,1,B01
201900011860,1,7,,4,0,3,0,A01
201900011861,2,33,,0,2,7,17,A01
201900011861,2,7,,0,2,8,1,B01
201900011862,0,10,,0,2,2,15,A01
201900011862,0,30,,0,2,1,1,B01
201900011863,2,7,,0,2,1,9,A01
201900011863,1,7,,0,2,1,1,B01
201900011864,3,30,,0,0,7,1,A01
201900011865,2,7,,0,1,1,1,A01
201900011866,3,10,,0,2,1,1,A01
201900011866,3,7,,0,2,4,1,C01
201900011866,3,7,,0,2,4,23,B01
201900011867,2,30,,0,0,8,1,A01
201900011868,2,30,,0,2,1,1,A01
201900011868,2,10,,0,2,4,1,B01
201900011869,2,30,,14,2,2,19,A01
201900011870,3,0,,0,1,0,0,A01
201900011871,1,33,,15,1,1,25,A01
201900011872,1,1,,0,0,1,1,A01
201900011873,2,7,,16,0,0,15,B01
201900011873,1,7,,0,1,2,14,A01
201900011874,2,7,,0,1,3,1,A01
201900011875,0,7,,0,0,5,15,B01
201900011875,1,7,,14,0,3,1,A01
201900011876,2,7,,0,2,1,15,A01
201900011876,1,31,,0,2,0,1,B01
201900011877,2,38,1.0,0,1,1,16,A01
201900011878,1,7,,0,2,3,1,A01
201900011878,2,31,,0,2,7,15,B01
201900011879,3,0,,8,0,0,0,A01
201900011880,2,2,,0,2,1,1,B01
201900011880,2,7,,0,2,2,15,A01
201900011881,3,31,,4,0,1,15,A01
201900011882,2,7,,0,2,4,23,B01
201900011882,2,7,,0,2,1,23,A01
201900011883,3,7,,0,2,5,0,A01
201900011883,3,7,,0,2,2,0,B01
201900011884,1,3,,0,2,6,1,B01
201900011884,2,0,,0,2,3,21,A01
201900011885,3,7,,0,1,1,1,A01
201900011886,3,7,,0,2,3,15,A01
201900011886,3,60,,0,2,1,19,B01
201900011887,2,7,,0,2,6,1,B01
201900011887,2,7,,0,2,2,14,A01
201900011888,2,7,,14,1,2,19,A01
201900011889,3,7,,0,1,1,1,A01
201900011890,1,7,,0,2,1,1,B01
201900011890,2,30,,0,2,1,5,A01
201900011891,1,10,,0,1,1,1,A01
201900011892,1,7,,0,1,1,1,A01
201900011893,2,7,,0,1,2,1,A01
201900011894,3,7,,0,2,1,1,A01
201900011894,3,7,,0,2,1,1,B01
201900011895,3,7,,0,1,1,1,A01
201900011896,1,7,,0,2,3,1,B01
201900011896,2,2,,0,2,2,19,A01
201900011897,2,7,,0,2,1,9,A01
201900011897,3,1,,0,2,1,1,B01
201900011898,2,7,,0,2,1,1,B01
201900011898,1,10,,0,2,1,13,A01
201900011899,1,7,,0,2,1,1,A01
201900011899,1,7,,0,2,4,1,B01
201900011899,1,7,,0,2,4,1,C01
201900011900,0,7,,0,1,1,1,H01
201900011901,0,10,,0,1,1,1,E01
201900011902,0,7,,0,1,1,1,A01
201900011903,1,7,,0,0,3,11,A01
201900011904,1,7,,0,1,3,1,A01
201900011905,1,7,,0,2,6,15,B01
201900011905,1,32,,0,2,1,17,A01
201900011906,1,30,,0,0,2,1,B01
201900011906,1,7,,0,2,3,15,A01
201900011907,3,10,,0,1,0,1,A01
201900011908,1,7,,0,2,2,15,A01
201900011908,2,1,,0,2,1,1,B01
201900011909,2,7,,0,2,4,1,B01
201900011909,2,7,,0,2,1,1,A01
201900011910,2,32,,0,2,1,17,A01
201900011910,1,33,,0,2,3,1,B01
201900011910,2,7,,0,2,8,2,C01
201900011911,1,7,,0,2,3,15,B01
201900011911,0,33,,0,2,7,3,A01
201900011912,3,7,,0,2,3,9,A01
201900011912,3,1,,0,2,1,1,B01
201900011913,0,7,,0,2,1,26,B01
201900011913,3,7,,0,2,5,19,A01
201900011914,1,2,,0,2,1,1,B01
201900011914,1,10,,0,2,8,19,A01
201900011915,2,7,,14,1,3,26,A01
201900011916,3,10,,0,1,2,9,A01
201900011917,1,30,,0,2,1,1,A01
201900011917,1,7,,0,2,4,1,B01
201900011918,1,10,,0,2,1,1,B01
201900011918,2,7,,0,2,1,5,A01
201900011919,0,10,,0,0,0,0,A01
201900011919,2,2,,0,0,0,2,B01
201900011919,2,10,,0,2,0,2,C01
201900011920,0,7,,0,2,1,0,Z01
201900011920,3,7,,0,2,8,19,A01
201900011921,3,7,,0,2,2,15,A01
201900011921,1,7,,0,2,9,1,B01
201900011922,1,7,,0,1,2,1,A01
201900011923,2,50,,0,2,8,1,B01
201900011924,1,7,,0,1,1,1,A01
201900011925,3,7,,4,0,8,13,A01
201900011926,1,7,,3,0,5,1,A01
201900011927,0,1,,0,2,4,23,B01
201900011927,0,7,,0,2,1,1,A01
201900011928,2,7,,8,0,2,14,A01
201900011929,2,7,,0,2,1,1,A01
201900011929,2,7,,0,2,4,1,B01
201900011929,2,7,,0,2,4,1,C01
201900011930,0,3,,0,2,3,13,A01
201900011930,0,7,,0,2,1,1,B01
201900011931,1,7,,0,2,1,0,A01
201900011931,1,7,,0,2,6,0,B01
201900011932,1,33,,0,2,8,0,A01
201900011932,1,7,,0,2,1,0,B01
201900011933,2,7,,0,1,2,1,A01
201900011934,3,7,,0,2,8,1,A01
201900011934,3,7,,0,2,2,1,B01
201900011935,1,1,,0,2,4,0,B01
201900011935,1,7,,0,2,0,0,Z01
201900011936,3,1,,0,2,1,23,B01
201900011936,3,10,,0,2,4,26,A01
201900011937,3,7,,1,0,1,20,A01
201900011938,3,7,,0,2,3,10,A01
201900011938,3,1,,0,2,1,1,B01
201900011939,3,1,,0,2,7,1,B01
201900011939,3,7,,0,2,1,9,A01
201900011940,1,30,,0,1,1,17,A01
201900011941,2,1,,0,2,0,26,B01
201900011941,0,7,,0,0,0,0,Z01
201900011942,1,7,,0,2,1,1,B01
201900011942,2,7,,0,2,5,15,A01
201900011943,3,7,,0,1,2,16,Z01
201900011944,1,33,,0,2,5,16,B01
201900011944,2,7,,0,2,3,1,A01
201900011945,2,7,,0,1,2,1,A01
201900011946,1,7,,0,2,6,1,A01
201900011946,1,2,,0,2,1,15,B01
201900011947,2,10,,0,2,3,15,A01
201900011947,1,1,,0,2,1,1,B01
201900011948,1,33,,0,2,1,1,B01
201900011948,2,7,,0,2,3,15,A01
201900011949,0,7,,0,2,4,1,D01
201900011949,0,7,,0,2,4,0,C01
201900011949,0,7,,0,2,4,0,B01
201900011949,0,7,,0,2,1,1,A01
201900011950,2,7,,0,1,1,1,A01
201900011951,1,15,,0,2,1,14,A01
201900011951,1,7,,0,2,9,1,B01
201900011951,1,7,,0,2,9,1,C01
201900011951,1,10,,0,2,9,1,D01
201900011951,1,7,,0,2,9,1,E01
201900011952,2,10,,0,2,1,2,A01
201900011952,2,1,,0,2,4,2,B01
201900011953,3,7,,0,1,6,2,A01
201900011954,1,7,,0,0,1,13,A01
201900011955,0,7,,0,2,1,1,B01
201900011955,0,7,,0,2,2,1,A01
201900011956,3,1,,0,2,1,1,B01
201900011956,0,7,,0,2,2,16,A01
201900011957,2,1,,0,2,4,1,B01
201900011957,2,14,,0,2,1,1,A01
201900011958,2,7,,0,2,1,16,B01
201900011958,1,30,,0,2,1,3,A01
201900011959,3,7,,0,2,3,0,C01
201900011959,3,7,,0,2,3,0,B01
201900011959,3,7,,0,2,2,1,A01
201900011960,1,32,,0,0,7,1,A01
201900011961,2,33,,1,2,1,17,A01
201900011961,2,7,,0,0,0,1,B01
201900011962,1,7,,2,0,1,1,A01
201900011963,1,7,,0,2,1,1,B01
201900011963,1,7,,0,2,1,15,A01
201900011964,1,7,,0,1,1,1,A01
201900011965,1,7,,0,1,5,1,A01
201900011966,1,30,,0,2,1,2,A01
201900011966,1,7,,0,2,6,2,B01
201900011967,2,7,,8,1,3,1,A01
201900011968,3,7,,1,0,1,26,A01
201900011969,2,37,1.0,0,1,2,1,A01
201900011970,1,31,,0,2,4,2,A01
201900011970,1,31,,0,2,1,2,B01
201900011971,2,1,,0,1,1,7,A01
201900011972,1,37,1.0,0,2,6,9,A01
201900011972,1,1,,0,2,2,14,B01
201900011973,1,1,,0,2,1,18,B01
201900011973,1,7,,0,2,2,16,A01
201900011974,2,7,,0,2,2,1,A01
201900011974,3,50,,0,2,1,9,B01
201900011975,1,37,1.0,0,1,2,1,A01
201900011976,2,33,,0,0,0,21,A01
201900011977,3,7,,0,1,6,4,A01
201900011978,2,7,,1,2,3,15,B01
201900011978,2,34,,0,2,1,1,A01
201900011979,1,7,,0,1,3,9,A01
201900011980,1,7,,0,1,8,1,A01
201900011981,2,32,,0,2,3,1,A01
201900011981,2,7,,0,2,3,23,B01
201900011981,2,7,,0,2,7,22,Z01
201900011982,2,37,2.0,0,0,0,21,A01
201900011983,3,1,,0,2,1,1,A01
201900011983,3,7,,0,2,1,16,Z01
201900011984,1,37,1.0,0,2,2,12,A01
201900011984,1,7,,0,2,3,1,B01
201900011985,2,30,,0,1,7,1,A01
201900011986,2,10,,0,2,8,15,B01
201900011986,2,30,,0,2,1,5,A01
201900011987,2,1,,0,2,0,18,B01
201900011987,2,7,,0,2,0,1,A01
201900011988,2,7,,0,2,1,2,A01
201900011988,2,7,,0,2,4,23,B01
201900011989,2,7,,0,2,3,13,A01
201900011989,2,30,,0,2,8,3,B01
201900011989,2,7,,0,2,7,1,C01
201900011990,2,1,,0,2,1,13,B01
201900011990,1,80,,0,2,1,1,A01
201900011991,3,43,,0,2,8,1,A01
201900011991,3,7,,0,2,2,1,B01
201900011992,2,7,,0,1,4,4,A01
201900011993,2,30,,0,1,1,5,A01
201900011994,0,7,,0,1,2,1,A01
201900011995,2,7,,0,1,2,1,A01
201900011996,1,7,,0,0,0,0,B01
201900011996,1,30,,0,0,0,1,A01
201900011997,0,10,,0,2,3,2,A01
201900011997,0,50,,0,2,2,17,B01
201900011998,0,7,,0,2,5,15,A01
201900011998,0,7,,0,2,2,0,B01
201900011999,1,7,,0,2,3,20,A01
201900011999,1,7,,0,2,2,1,B01
201900012000,2,34,,0,2,2,1,B01
201900012000,2,7,,0,2,3,15,A01
201900012001,1,7,,0,1,3,1,A01
201900012002,1,7,,0,2,1,2,A01
201900012002,1,7,,14,0,4,1,B01
201900012003,1,10,,0,2,2,1,A01
201900012003,1,7,,0,2,3,1,B01
201900012004,3,1,,0,2,3,16,B01
201900012004,3,7,,0,2,2,15,A01
201900012005,3,7,,0,1,1,1,A01
201900012006,1,7,,0,0,2,15,A01
201900012006,2,32,,0,0,3,26,B01
201900012007,3,7,,0,1,2,23,A01
201900012008,0,7,,14,0,1,2,B01
201900012008,0,14,,0,0,4,23,A01
201900012009,1,1,,1,0,0,21,B01
201900012010,1,33,,0,2,4,2,B01
201900012010,1,7,,0,2,1,9,A01
201900012011,3,33,,10,0,7,17,A01
201900012012,1,33,,6,0,1,14,A01
201900012013,1,7,,0,1,2,2,A01
201900012014,0,7,,0,2,2,1,B01
201900012014,0,32,,0,2,1,5,A01
201900012015,1,2,,0,2,8,16,A01
201900012015,1,7,,0,2,2,1,B01
201900012016,2,7,,0,2,3,1,B01
201900012016,1,7,,0,2,3,13,A01
201900012017,0,7,,0,2,4,23,C01
201900012017,0,7,,8,2,4,23,B01
201900012017,0,10,,0,2,1,1,A01
201900012018,2,7,,0,2,3,1,B01
201900012018,1,7,,0,2,3,17,A01
201900012019,2,7,,2,0,1,1,A01
201900012020,1,7,,2,0,1,1,A01
201900012021,2,7,,0,0,1,1,A01
201900012022,2,7,,0,2,1,1,B01
201900012022,1,7,,0,2,1,13,A01
201900012023,2,99,,0,2,3,1,B01
201900012023,1,7,,0,2,3,13,A01
201900012024,1,21,,0,0,9,1,A01
201900012025,2,7,,0,2,2,2,B01
201900012025,2,7,,0,0,4,2,A01
201900012026,2,1,,0,2,6,1,B01
201900012026,2,7,,0,2,2,17,A01
201900012027,0,33,,3,0,2,1,A01
201900012028,2,33,,13,0,3,1,A01
201900012029,2,7,,0,2,1,1,A01
201900012029,2,7,,14,0,4,1,B01
201900012030,2,2,,0,2,4,2,A01
201900012030,2,7,,0,0,0,15,B01
201900012030,2,2,,0,2,1,2,C01
201900012031,2,7,,0,2,4,2,B01
201900012031,2,33,,0,0,4,2,C01
201900012031,2,17,,0,2,1,2,A01
201900012032,2,7,,13,0,2,1,A01
201900012033,3,7,,0,2,1,15,A01
201900012033,3,33,,0,2,1,1,B01
201900012034,0,1,,0,2,0,0,B01