Num_Acc,senc,catv,occutc,obs,obsm,choc,manv,num_veh
201900012034,2,7,,0,9,2,0,A01
201900012035,1,7,,0,2,1,1,B01
201900012035,2,7,,0,2,1,13,A01
201900012036,0,33,,0,2,3,2,A01
201900012036,3,7,,0,2,3,13,B01
201900012037,1,32,,0,2,1,17,A01
201900012037,1,21,,0,2,6,15,B01
201900012038,2,7,,2,0,3,13,A01
201900012039,1,1,,0,2,1,1,B01
201900012039,2,7,,0,2,5,15,A01
201900012040,3,7,,0,1,3,2,A01
201900012041,1,7,,0,0,1,0,A01
201900012041,2,7,,7,0,4,0,B01
201900012042,1,7,,0,1,2,2,A01
201900012043,3,7,,0,1,2,1,A01
201900012044,1,14,,0,2,3,1,B01
201900012044,2,7,,0,2,3,1,A01
201900012045,1,7,,0,1,3,1,A01
201900012046,1,7,,0,0,0,1,A01
201900012047,0,31,,0,2,4,15,B01
201900012047,3,7,,0,2,1,2,A01
201900012048,2,7,,0,1,1,16,A01
201900012049,1,10,,0,2,4,1,A01
201900012049,1,7,,0,2,1,2,B01
201900012050,2,33,,0,2,3,18,A01
201900012050,2,33,,0,2,7,14,B01
201900012051,1,10,,0,0,0,11,A01
201900012051,1,33,,0,0,8,1,B01
201900012052,2,7,,0,2,1,2,A01
201900012052,2,7,,0,2,4,23,B01
201900012052,2,7,,0,2,4,23,C01
201900012053,2,7,,13,0,9,14,A01
201900012054,2,7,,0,2,3,11,A01
201900012054,2,33,,0,2,2,3,B01
201900012055,2,33,,0,2,8,3,B01
201900012055,2,7,,0,2,2,12,A01
201900012056,2,10,,0,0,1,1,A01
201900012057,2,31,,0,2,8,1,A01
201900012058,1,7,,0,2,4,2,C01
201900012058,1,7,,0,2,4,2,B01
201900012058,1,10,,0,2,1,2,A01
201900012059,1,32,,0,2,3,3,B01
201900012059,1,7,,0,2,2,12,A01
201900012060,2,17,,0,2,6,1,C01
201900012060,2,32,,0,2,8,3,B01
201900012060,2,7,,0,2,7,12,A01
201900012061,1,7,,0,2,8,11,A01
201900012061,1,7,,0,2,7,1,B01
201900012062,1,7,,4,0,8,13,A01
201900012063,2,7,,0,2,4,2,B01
201900012063,2,32,,0,2,8,3,C01
201900012063,2,7,,0,2,8,2,D01
201900012063,2,7,,0,0,4,2,E01
201900012063,2,7,,0,2,3,14,A01
201900012064,3,34,,0,2,0,1,B01
201900012064,3,7,,0,2,8,1,A01
201900012065,2,30,,0,2,1,1,B01
201900012065,2,7,,0,2,7,15,A01
201900012066,1,7,,0,1,1,1,A01
201900012067,2,7,,7,1,1,3,A01
201900012068,1,7,,0,1,7,1,A01
201900012069,2,7,,0,2,1,2,A01
201900012069,2,7,,0,2,4,2,B01
201900012070,3,3,,0,1,2,1,A01
201900012071,1,7,,0,2,3,19,B01
201900012071,2,7,,0,2,2,15,A01
201900012072,3,7,,14,0,1,9,A01
201900012072,1,7,,0,2,2,1,B01
201900012073,1,7,,0,2,2,1,B01
201900012073,1,7,,4,2,0,9,A01
201900012074,2,33,,0,2,4,12,A01
201900012074,2,7,,4,2,1,1,B01
201900012075,2,7,,0,2,1,1,A01
201900012075,2,2,,0,2,4,1,B01
201900012075,2,7,,0,2,4,1,C01
201900012076,2,7,,6,2,1,17,A01
201900012076,2,7,,0,2,4,15,B01
201900012077,1,7,,12,1,1,14,A01
201900012078,1,30,,0,0,8,0,A01
201900012079,3,7,,0,1,1,11,A01
201900012080,3,7,,0,2,1,1,A01
201900012080,3,7,,0,2,4,1,B01
201900012081,1,2,,0,2,1,1,B01
201900012081,2,7,,0,2,1,15,A01
201900012082,1,33,,0,2,1,17,B01
201900012082,1,7,,0,2,3,15,A01
201900012083,1,7,,0,1,1,17,A01
201900012084,1,30,,0,9,2,1,A01
201900012085,1,7,,0,0,0,17,A01
201900012086,1,10,,0,2,1,1,A01
201900012086,1,7,,0,2,4,1,B01
201900012086,1,7,,0,2,4,2,C01
201900012086,1,10,,0,2,4,1,D01
201900012087,2,37,1.0,0,1,1,7,A01
201900012088,1,33,,0,2,8,16,Z01
201900012088,2,60,,0,2,0,19,A01
201900012089,1,50,,1,0,5,1,B01
201900012090,2,32,,0,0,3,1,A01
201900012091,1,1,,0,2,1,1,B01
201900012091,1,7,,0,2,8,22,A01
201900012092,1,7,,0,1,3,15,A01
201900012093,1,32,,0,2,1,1,B01
201900012093,2,7,,0,2,2,15,A01
201900012094,1,7,,0,1,1,1,A01
201900012095,3,7,,0,2,2,15,A01
201900012095,3,7,,0,2,3,1,Z01
201900012096,3,10,,0,2,5,1,B01
201900012096,3,34,,0,2,6,18,A01
201900012097,1,7,,0,2,3,15,A01
201900012097,1,2,,0,2,7,1,B01
201900012098,2,7,,0,2,1,1,B01
201900012098,2,10,,0,2,3,1,A01
201900012099,2,7,,0,2,8,10,B01
201900012099,2,30,,0,2,1,1,A01
201900012100,2,7,,0,2,8,1,B01
201900012100,2,32,,0,2,8,1,A01
201900012101,1,7,,1,0,2,14,A01
201900012102,2,30,,0,2,2,17,A01
201900012102,2,7,,0,2,3,15,B01
201900012103,2,33,,0,2,3,7,B01
201900012103,2,10,,0,2,7,16,A01
201900012104,1,7,,0,1,1,1,A01
201900012105,1,7,,0,1,2,1,A01
201900012106,2,7,,0,1,0,1,Z01
201900012107,1,33,,0,2,8,18,A01
201900012107,1,7,,0,2,7,16,B01
201900012108,3,7,,0,2,1,1,A01
201900012108,3,7,,0,2,5,23,B01
201900012109,1,34,,0,2,2,1,B01
201900012109,1,7,,0,2,8,10,A01
201900012110,1,7,,0,2,6,23,B01
201900012110,1,43,,0,2,1,2,A01
201900012111,1,7,,0,2,1,9,A01
201900012111,1,33,,0,2,5,17,B01
201900012112,2,1,,1,0,7,14,A01
201900012113,2,7,,0,2,3,15,A01
201900012113,2,1,,0,2,1,1,B01
201900012114,2,7,,0,1,4,20,Z01
201900012115,1,32,,0,2,1,17,A01
201900012115,1,7,,0,2,3,15,B01
201900012116,2,32,,0,2,2,17,A01
201900012116,2,7,,0,2,0,15,B01
201900012117,1,30,,0,2,9,1,A01
201900012117,1,7,,0,2,2,23,B01
201900012117,1,7,,0,2,6,23,C01
201900012118,1,37,4.0,0,1,3,1,A01
201900012119,1,7,,0,2,8,10,A01
201900012119,1,2,,0,2,1,1,B01
201900012120,2,37,1.0,0,1,3,1,A01
201900012121,2,7,,0,1,1,1,A01
201900012122,2,32,,0,2,3,21,A01
201900012122,2,1,,0,2,4,1,B01
201900012123,2,1,,0,1,1,1,A01
201900012124,2,7,,0,2,2,15,A01
201900012124,1,1,,0,2,8,1,B01
201900012125,2,7,,1,1,1,4,A01
201900012126,1,30,,0,1,0,16,Z01
201900012127,2,33,,0,2,5,23,B01
201900012127,2,10,,0,2,3,15,A01
201900012128,2,10,,0,1,8,15,A01
201900012129,1,10,,0,1,4,4,A01
201900012130,2,7,,0,2,1,1,B01
201900012130,2,1,,0,2,7,1,A01
201900012131,2,7,,0,1,0,15,Z01
201900012132,2,1,,0,2,5,13,B01
201900012132,2,10,,0,2,5,17,A01
201900012133,2,7,,0,1,1,7,A01
201900012134,2,30,,0,2,7,1,B01
201900012134,2,7,,0,2,8,15,A01
201900012135,1,7,,0,1,1,7,A01
201900012136,1,1,,0,2,0,1,A01
201900012136,1,30,,0,2,0,16,Z01
201900012137,1,2,,0,2,1,7,A01
201900012137,1,7,,0,2,3,15,B01
201900012138,2,32,,0,0,0,1,A01
201900012139,1,7,,0,2,3,15,A01
201900012139,1,33,,0,2,7,1,B01
201900012140,1,7,,0,2,2,14,A01
201900012140,1,33,,0,2,6,1,B01
201900012141,1,7,,8,0,3,13,A01
201900012142,2,1,,11,0,1,12,A01
201900012143,3,30,,8,0,0,14,Z01
201900012144,1,30,,0,2,3,2,A01
201900012144,1,7,,0,2,4,15,B01
201900012145,1,30,,0,2,2,1,B01
201900012145,1,7,,0,2,3,15,A01
201900012146,3,14,,0,2,7,14,A01
201900012146,3,32,,0,2,8,1,B01
201900012147,1,32,,0,2,7,1,B01
201900012147,1,7,,0,2,3,15,A01
201900012148,1,33,,0,0,1,1,A01
201900012149,1,7,,0,2,8,15,B01
201900012149,1,30,,0,2,7,17,A01
201900012150,1,34,,11,0,1,13,A01
201900012151,2,50,,0,1,1,5,A01
201900012152,1,7,,0,2,3,2,A01
201900012152,1,33,,0,2,5,23,B01
201900012153,2,7,,0,2,8,22,A01
201900012153,2,33,,0,2,9,17,B01
201900012153,1,7,,0,2,3,1,C01
201900012154,1,10,,0,2,2,15,A01
201900012154,2,32,,0,2,3,1,B01
201900012155,2,2,,0,2,1,1,B01
201900012155,2,1,,0,2,0,11,A01
201900012156,1,34,,0,2,1,1,A01
201900012156,1,1,,0,2,8,9,Z01
201900012157,2,7,,0,2,1,1,B01
201900012157,2,50,,0,2,8,1,A01
201900012158,2,30,,15,1,1,17,A01
201900012159,2,30,,7,0,1,14,A01
201900012160,2,33,,0,1,2,1,A01
201900012161,1,31,,0,2,3,18,B01
201900012161,1,7,,0,2,2,14,A01
201900012162,2,33,,14,2,2,1,A01
201900012162,2,7,,0,2,0,16,B01
201900012163,1,31,,0,2,0,15,A01
201900012164,1,1,,0,2,1,17,B01
201900012164,3,10,,0,2,3,1,A01
201900012165,2,7,,0,1,0,1,Z01
201900012166,2,30,,0,1,2,1,A01
201900012167,1,30,,0,2,1,7,A01
201900012167,1,7,,0,2,2,16,B01
201900012168,2,7,,0,2,7,15,A01
201900012168,1,34,,0,2,1,1,B01
201900012169,1,2,,1,0,7,14,A01
201900012170,2,7,,0,2,6,15,B01
201900012170,2,30,,0,2,1,1,A01
201900012171,1,30,,0,2,2,13,B01
201900012171,1,7,,0,2,3,22,A01
201900012172,1,3,,0,1,2,1,A01
201900012173,2,7,,0,2,8,10,Z01
201900012173,1,2,,0,2,1,26,B01
201900012174,1,32,,0,2,1,1,B01
201900012174,2,7,,0,2,1,15,A01
201900012175,1,7,,8,0,1,2,A01
201900012176,1,7,,0,2,3,15,B01
201900012176,0,33,,0,2,3,17,A01
201900012177,0,7,,12,0,1,1,A01
201900012178,2,30,,0,2,1,1,B01
201900012178,1,7,,0,2,7,15,A01
201900012179,1,2,,1,2,2,1,B01
201900012179,1,33,,0,2,2,14,A01
201900012180,1,10,,1,0,1,1,A01
201900012181,1,7,,1,0,1,1,A01
201900012182,2,7,,0,2,1,1,A01
201900012182,2,33,,0,2,4,1,B01
201900012183,2,2,,0,2,3,1,B01
201900012183,1,7,,0,2,1,15,A01
201900012184,1,7,,0,2,1,15,A01
201900012184,2,33,,0,2,3,1,B01
201900012185,3,32,,0,2,1,1,B01
201900012185,3,10,,0,2,8,1,A01
201900012186,2,10,,8,2,3,13,A01
201900012186,1,34,,0,2,2,1,B01
201900012186,1,10,,0,0,0,0,T01
201900012187,1,33,,0,2,1,1,B01
201900012187,1,7,,0,1,5,19,A01
201900012188,1,7,,0,2,1,1,A01
201900012188,1,7,,0,2,2,1,B01
201900012189,1,7,,0,2,5,1,B01
201900012189,2,99,,0,2,1,9,C01
201900012189,1,2,,0,2,1,16,A01
201900012190,1,3,,12,0,3,26,A01
201900012190,1,1,,16,2,1,1,B01
201900012191,1,10,,1,0,2,21,A01
201900012192,2,32,,0,0,1,26,A01
201900012193,3,13,,0,0,1,1,B01
201900012193,3,13,,0,0,7,1,A01
201900012194,1,7,,0,2,1,1,B01
201900012194,2,30,,0,0,8,1,A01
201900012195,1,34,,1,2,7,2,B01
201900012195,1,7,,1,2,8,16,A01
201900012196,1,7,,0,1,1,1,A01
201900012197,3,1,,0,2,3,0,A01
201900012197,1,7,,0,6,1,1,B01
201900012198,0,2,,0,2,1,1,B01
201900012198,0,7,,0,0,6,20,A01
201900012199,1,10,,0,1,3,15,A01
201900012200,2,2,,0,2,1,2,A01
201900012200,2,7,,0,2,4,2,B01
201900012201,1,7,,1,0,9,1,A01
201900012202,1,7,,12,0,8,13,A01
201900012203,1,7,,0,2,6,23,B01
201900012203,1,30,,0,2,1,2,A01
201900012204,1,10,,0,2,1,15,B01
201900012204,1,10,,0,2,7,15,A01
201900012205,2,33,,2,0,1,1,A01
201900012206,2,7,,0,2,1,1,B01
201900012206,1,7,,0,2,1,1,A01
201900012207,1,7,,0,1,1,26,A01
201900012208,1,31,,1,0,3,21,A01
201900012209,3,10,,0,2,6,15,A01
201900012210,2,7,,0,1,2,2,A01
201900012211,1,1,,0,2,1,15,A01
201900012211,1,7,,0,2,1,2,B01
201900012212,1,7,,0,2,1,1,B01
201900012212,1,7,,0,2,4,1,A01
201900012213,1,34,,0,0,1,0,A01
201900012214,1,7,,0,1,3,1,A01
201900012215,1,10,,0,0,8,2,A01
201900012216,2,7,,0,2,1,1,A01
201900012216,2,7,,0,2,8,1,B01
201900012216,2,7,,0,2,8,1,C01
201900012217,1,7,,0,2,1,1,A01
201900012217,1,7,,0,2,2,1,B01
201900012218,1,10,,1,1,1,1,A01
201900012219,1,7,,0,1,2,15,A01
201900012220,3,99,,0,1,4,26,A01
201900012221,2,7,,0,2,3,1,B01
201900012221,1,7,,0,2,1,15,A01
201900012222,1,7,,0,2,3,1,A01
201900012222,1,1,,0,2,3,0,B01
201900012223,3,7,,0,2,7,9,A01
201900012223,3,33,,0,2,1,1,B01
201900012224,2,7,,0,2,4,1,B01
201900012224,2,10,,0,2,1,1,Z01
201900012225,1,7,,0,1,7,1,A01
201900012226,2,7,,0,2,3,26,A01
201900012226,2,30,,14,0,4,0,B01
201900012227,1,33,,0,2,1,1,A01
201900012227,2,10,,0,2,7,15,B01
201900012228,3,7,,0,1,4,24,A01
201900012229,1,7,,0,1,3,17,A01
201900012230,3,7,,0,2,1,2,A01
201900012230,3,7,,0,4,4,23,B01
201900012231,1,33,,0,1,3,13,A01
201900012232,3,7,,0,2,4,23,B01
201900012232,0,7,,0,2,0,0,A01
201900012233,1,31,,9,0,8,17,A01
201900012234,3,7,,0,2,5,15,B01
201900012234,3,30,,0,2,1,1,A01
201900012235,3,7,,0,2,2,13,B01
201900012235,3,7,,3,0,0,26,A01
201900012236,3,7,,0,1,2,1,A01
201900012237,3,7,,0,0,4,9,A01
201900012237,3,7,,0,2,1,2,B01
201900012238,3,7,,0,2,1,9,B01
201900012238,2,34,,1,2,1,26,A01
201900012239,0,7,,0,1,3,26,A01
201900012240,3,15,,0,0,0,0,B01
201900012240,3,37,1.0,7,0,3,23,A01
201900012241,1,7,,0,1,3,16,A01
201900012242,2,7,,1,0,3,24,A01
201900012242,2,7,,1,0,2,1,B01
201900012243,1,7,,0,2,1,19,B01
201900012243,2,7,,0,2,7,19,A01
201900012244,1,7,,0,1,2,21,A01
201900012245,1,7,,0,2,0,0,B01
201900012245,1,7,,0,2,0,0,A01
201900012246,3,7,,0,1,2,1,A01
201900012247,2,32,,1,0,2,1,A01
201900012248,0,7,,0,2,6,15,N01
201900012248,0,32,,0,2,2,1,M01
201900012249,-1,7,,-1,-1,-1,-1,H01
201900012249,-1,7,,-1,-1,-1,-1,G01
201900012249,-1,7,,-1,-1,-1,-1,F01
201900012249,-1,7,,-1,-1,-1,-1,E01
201900012250,1,1,,0,1,8,26,A01
201900012251,3,10,,0,2,4,4,A01
201900012251,3,31,,0,2,1,1,B01
201900012252,1,7,,0,1,2,9,A01
201900012253,1,7,,0,6,3,16,A01
201900012254,3,10,,0,1,4,26,A01
201900012255,2,7,,0,1,4,23,B01
201900012255,2,1,,0,2,1,2,A01
201900012256,1,10,,0,1,3,26,A01
201900012257,3,7,,0,2,1,1,B01
201900012257,3,7,,0,2,2,16,A01
201900012258,1,7,,0,2,3,1,A01
201900012258,2,33,,0,2,1,1,B01
201900012259,0,7,,0,1,3,26,A01
201900012260,1,10,,0,6,1,1,A01
201900012260,1,1,,0,2,0,0,Y01
201900012261,1,7,,0,1,5,17,A01
201900012262,3,10,,0,2,1,9,A01
201900012262,3,7,,0,2,3,2,C01
201900012262,3,7,,0,2,6,2,B01
201900012263,2,10,,0,2,1,15,B01
201900012263,1,33,,0,2,9,1,A01
201900012264,3,7,,1,2,2,2,A01
201900012265,1,7,,2,0,1,26,A01
201900012266,2,31,,0,1,1,17,A01
201900012267,1,7,,0,1,3,15,A01
201900012268,2,3,,0,2,5,15,A01
201900012268,1,33,,0,2,1,1,B01
201900012269,1,7,,3,2,3,13,A01
201900012269,2,2,,0,2,1,23,B01
201900012269,2,2,,0,2,1,23,C01
201900012269,2,10,,0,2,1,23,D01
201900012270,2,33,,9,1,1,1,A01
201900012271,2,7,,0,2,3,15,B01
201900012271,2,33,,0,2,1,2,A01
201900012272,2,33,,0,1,1,0,A01
201900012273,1,7,,0,1,1,15,A01
201900012274,1,33,,0,2,1,13,A01
201900012274,2,7,,0,2,8,15,B01
201900012275,3,7,,0,2,6,9,A01
201900012275,3,7,,0,2,1,1,B01
201900012276,1,10,,0,2,1,2,A01
201900012276,1,1,,1,2,4,21,B01
201900012276,1,7,,0,2,0,23,C01
201900012277,2,30,,0,0,0,26,A01
201900012278,1,7,,0,2,2,15,A01
201900012278,2,33,,0,2,1,1,B01
201900012279,1,33,,6,0,7,1,A01
201900012280,2,7,,0,2,3,5,A01
201900012280,1,7,,0,2,3,1,B01
201900012281,2,7,,0,0,4,1,B01
201900012281,2,33,,0,2,1,2,A01
201900012282,1,33,,2,0,1,1,A01
201900012283,3,7,,8,0,0,1,A01
201900012284,2,7,,0,1,3,1,A01
201900012285,0,2,,0,0,2,0,A01
201900012286,3,7,,2,0,2,1,A01
201900012287,1,33,,5,0,0,1,A01
201900012288,1,1,,0,2,1,17,B01
201900012288,1,7,,0,2,3,15,A01
201900012289,1,7,,13,0,3,1,A01
201900012290,1,7,,0,2,3,13,A01
201900012290,2,33,,0,2,1,1,B01
201900012291,1,1,,0,0,4,2,B01
201900012291,1,7,,0,2,2,2,A01
201900012292,2,7,,0,2,1,5,A01
201900012292,1,7,,0,2,1,1,B01
201900012293,1,33,,13,0,1,1,A01
201900012294,1,10,,13,0,2,14,A01
201900012295,2,21,,0,2,1,1,A01
201900012295,1,36,,0,2,1,1,B01
201900012296,2,7,,13,0,1,13,A01
201900012297,1,7,,0,2,1,1,B01
201900012297,1,7,,0,2,8,1,A01
201900012298,2,7,,0,0,6,1,B01
201900012298,2,7,,0,2,0,17,A01
201900012299,2,7,,0,2,1,15,B01
201900012299,1,7,,0,2,2,1,A01
201900012300,2,7,,0,0,4,1,B01
201900012300,0,7,,0,2,1,26,A01
201900012301,1,1,,0,2,4,1,B01
201900012301,1,7,,0,9,1,1,A01
201900012302,2,33,,13,0,0,0,A01
201900012303,2,31,,12,0,0,1,A01
201900012304,2,2,,0,0,8,1,A01
201900012305,2,7,,0,2,1,0,A01
201900012305,1,1,,0,2,1,0,B01
201900012306,2,7,,0,2,3,13,A01
201900012306,1,10,,0,2,6,1,B01
201900012307,3,2,,0,0,1,2,A01
201900012308,2,7,,0,2,1,13,A01
201900012308,1,7,,0,2,1,0,B01
201900012309,1,33,,0,2,1,1,B01
201900012309,2,7,,0,2,3,1,A01
201900012310,2,7,,15,0,1,17,A01
201900012311,3,7,,0,1,2,1,A01
201900012312,2,20,,13,0,3,1,A01
201900012313,2,7,,0,2,1,1,C01
201900012313,2,7,,0,2,1,1,B01
201900012313,1,7,,0,2,1,13,A01
201900012314,2,7,,0,2,2,21,B01
201900012314,1,7,,0,2,2,13,A01
201900012315,2,7,,0,0,8,24,C01
201900012315,2,10,,0,0,6,24,B01
201900012315,2,7,,1,0,7,1,A01
201900012316,1,33,,0,0,7,1,A01
201900012317,2,7,,2,0,8,13,A01
201900012318,1,7,,2,0,1,17,A01
201900012319,1,31,,6,0,8,16,A01
201900012320,3,7,,0,1,3,15,A01
201900012321,0,7,,0,2,1,2,C01
201900012321,0,7,,0,2,3,1,B01
201900012321,0,7,,0,2,3,13,A01
201900012322,2,7,,0,2,8,9,A01
201900012322,2,33,,0,2,0,1,B01
201900012323,2,7,,13,0,2,1,A01
201900012324,1,17,,1,0,2,14,B01
201900012324,1,10,,0,0,6,23,A01
201900012325,1,7,,0,2,3,11,A01
201900012325,2,7,,0,2,3,1,B01
201900012326,2,7,,13,0,2,14,A01
201900012327,3,7,,0,0,3,1,B01
201900012327,3,7,,0,0,1,1,A01
201900012328,2,7,,0,2,3,0,B01
201900012328,1,7,,0,2,3,1,A01
201900012329,2,7,,0,2,3,9,A01
201900012329,2,33,,0,2,6,1,B01
201900012330,1,7,,4,0,3,1,A01
201900012331,1,10,,6,2,2,1,A01
201900012331,1,7,,0,2,2,21,B01
201900012332,2,7,,3,0,5,1,A01
201900012333,2,7,,0,2,8,1,B01
201900012333,1,7,,0,2,3,13,A01
201900012334,1,33,,0,2,1,3,A01
201900012334,1,7,,0,0,6,12,B01
201900012335,1,7,,1,0,1,14,B01
201900012335,1,7,,0,0,4,23,A01
201900012336,1,7,,0,0,1,2,C01
201900012336,1,7,,0,0,4,1,B01
201900012336,1,7,,0,0,4,1,A01
201900012337,2,7,,3,0,0,0,A01
201900012338,1,7,,0,0,4,1,C01
201900012338,1,7,,0,2,4,2,B01
201900012338,1,7,,0,2,1,2,A01
201900012339,1,7,,0,2,1,1,B01
201900012339,1,7,,0,2,4,1,A01
201900012340,1,7,,4,0,1,1,A01
201900012341,1,7,,13,0,1,26,A01
201900012342,2,7,,3,0,1,14,A01
201900012343,1,7,,0,2,1,2,C01
201900012343,1,7,,15,0,4,2,B01
201900012343,1,7,,0,0,4,2,A01
201900012344,2,17,,0,2,8,1,B01
201900012344,1,7,,0,2,3,13,A01
201900012345,2,7,,13,0,3,13,A01
201900012346,2,7,,0,2,2,21,B01
201900012346,1,7,,0,2,6,17,A01
201900012347,1,7,,8,0,1,0,A01
201900012348,0,41,,0,2,1,5,B01
201900012348,3,7,,0,2,1,5,A01
201900012349,1,80,,6,0,7,14,A01
201900012350,2,7,,0,2,7,15,B01
201900012350,2,31,,0,2,1,1,A01
201900012351,1,7,,0,2,3,13,A01
201900012351,2,33,,0,2,6,1,B01
201900012352,3,2,,6,0,1,1,A01
201900012353,2,7,,0,2,2,15,A01
201900012353,1,32,,0,2,1,1,B01
201900012354,1,1,,0,2,8,13,B01
201900012354,1,7,,0,9,2,17,A01
201900012355,3,7,,0,2,1,2,C01
201900012355,3,7,,0,2,1,2,B01
201900012355,3,7,,0,0,4,0,A01
201900012356,2,34,,12,0,0,26,A01
201900012357,1,7,,0,1,2,1,A01
201900012358,0,7,,0,9,3,9,A01
201900012358,3,1,,0,0,5,1,B01
201900012359,2,33,,0,2,1,17,B01
201900012359,1,7,,0,2,3,15,A01
201900012360,0,1,,0,2,0,2,B01
201900012360,0,7,,0,9,1,2,A01
201900012361,3,1,,0,2,1,19,B01
201900012361,3,7,,0,9,2,1,A01
201900012362,1,10,,0,2,5,15,A01
201900012362,2,2,,0,2,0,1,B01
201900012363,1,33,,0,2,1,17,B01
201900012363,1,37,1.0,0,0,8,15,A01
201900012364,2,34,,0,2,1,1,B01
201900012364,1,31,,0,0,1,15,A01
201900012365,3,33,,0,2,1,1,B01
201900012365,3,7,,0,2,3,10,A01
201900012366,3,7,,0,1,1,1,A01
201900012367,2,33,,0,0,1,1,A01
201900012368,2,33,,0,2,1,1,A01
201900012368,1,33,,0,2,8,1,B01
201900012369,1,36,,2,0,0,0,A01
201900012370,3,7,,0,0,3,1,B01
201900012370,3,7,,0,0,3,0,A01
201900012371,1,7,,0,2,3,15,B01
201900012371,1,33,,0,2,1,1,A01
201900012372,2,7,,0,2,1,1,A01
201900012372,2,10,,0,2,6,4,B01
201900012373,3,7,,0,1,2,1,A01
201900012374,3,7,,0,0,4,2,B01
201900012374,3,7,,0,2,1,2,A01
201900012375,3,7,,0,2,3,9,A01
201900012375,3,2,,0,0,5,1,B01
201900012376,1,17,,3,0,2,1,A01
201900012377,1,33,,0,2,8,1,B01
201900012377,2,7,,0,2,8,26,A01
201900012378,1,7,,0,9,3,1,B01
201900012378,2,1,,0,2,3,26,A01
201900012379,2,33,,0,0,0,23,A01
201900012380,2,33,,0,2,1,1,B01
201900012380,2,7,,0,2,8,10,A01
201900012381,2,1,,0,0,0,1,A01
201900012382,2,2,,12,0,1,1,A01
201900012383,1,7,,13,0,2,1,A01
201900012384,2,7,,6,0,1,14,A01
201900012385,1,7,,0,0,9,1,A01
201900012386,0,7,,0,2,3,1,B01
201900012386,0,10,,0,2,3,1,A01
201900012387,3,7,,0,0,0,16,A01
201900012388,2,33,,0,2,7,17,B01
201900012388,2,7,,0,2,8,15,A01
201900012389,1,33,,12,0,7,1,A01
201900012390,0,7,,0,0,1,1,A01
201900012390,0,7,,0,0,1,1,B01
201900012391,2,7,,0,0,0,1,A01
201900012392,1,7,,0,2,6,1,B01
201900012392,2,7,,0,2,3,13,A01
201900012393,0,33,,13,0,0,16,A01
201900012394,3,7,,0,1,1,1,A01
201900012395,0,7,,0,2,3,16,B01
201900012395,3,7,,0,2,2,1,A01
201900012396,1,7,,0,0,6,1,A01
201900012396,1,33,,0,2,1,1,B01
201900012397,3,99,,13,0,9,14,A01
201900012398,3,33,,0,2,8,1,B01
201900012398,3,7,,0,2,3,15,A01
201900012399,2,7,,0,2,1,1,A01
201900012399,2,7,,0,2,4,15,B01
201900012399,1,7,,0,2,3,1,C01
201900012399,2,7,,0,2,8,1,D01
201900012399,1,7,,0,2,3,1,E01
201900012400,2,7,,0,2,1,12,A01
201900012400,2,33,,0,0,4,1,B01
201900012401,0,1,,0,2,7,1,A01
201900012401,2,1,,0,2,1,5,B01
201900012402,2,7,,0,1,3,1,A01
201900012403,2,7,,0,0,0,1,A01
201900012404,1,33,,0,0,7,0,A01
201900012405,2,33,,2,0,0,1,A01
201900012406,2,1,,0,2,1,1,A01
201900012406,1,7,,0,9,3,15,B01
201900012407,3,1,,0,2,1,1,B01
201900012407,3,7,,0,2,3,13,A01
201900012408,1,34,,0,2,1,1,B01
201900012408,2,7,,0,2,1,15,A01
201900012409,1,7,,0,0,4,15,A01
201900012409,1,33,,0,2,1,1,B01
201900012410,1,7,,0,2,3,13,A01
201900012410,2,7,,0,2,1,1,B01
201900012411,1,7,,6,0,3,26,A01
201900012412,3,7,,0,2,1,9,B01
201900012412,2,33,,0,0,7,1,A01
201900012413,3,50,,0,0,0,1,A01
201900012414,3,10,,0,2,3,1,B01
201900012414,3,7,,0,2,3,1,A01
201900012415,3,7,,0,2,3,15,B01
201900012415,2,7,,0,2,2,1,A01
201900012416,3,7,,6,0,9,1,A01
201900012417,3,21,,0,2,1,1,B01
201900012417,3,7,,0,2,1,1,A01
201900012418,2,33,,0,2,1,0,A01
201900012418,1,7,,0,2,8,15,B01
201900012419,0,7,,0,1,2,15,A01
201900012420,2,7,,0,2,1,1,B01
201900012420,1,7,,0,2,1,13,A01
201900012421,1,7,,0,2,2,1,B01
201900012421,0,7,,0,2,3,19,A01
201900012422,2,2,,0,0,0,0,A01
201900012423,2,7,,0,0,0,26,A01
201900012424,1,7,,0,2,6,1,A01
201900012425,1,7,,0,2,4,2,A01
201900012425,1,7,,0,2,1,12,B01
201900012425,1,31,,0,2,1,2,C01
201900012426,1,7,,0,2,8,22,A01
201900012426,1,34,,1,0,7,2,B01
201900012426,1,7,,0,2,4,2,C01
201900012427,2,7,,0,2,5,12,A01
201900012427,1,33,,0,2,1,3,B01
201900012428,1,33,,6,0,0,1,A01
201900012429,2,7,,0,2,1,2,A01
201900012429,2,7,,4,0,4,2,B01
201900012430,1,20,,1,0,6,26,A01
201900012430,1,20,,0,0,0,0,B01
201900012431,3,7,,4,0,1,2,A01
201900012432,2,33,,0,2,1,2,B01
201900012432,2,10,,0,2,5,2,A01
201900012433,1,7,,3,0,2,14,A01
201900012434,2,15,,0,2,2,12,A01
201900012434,2,7,,0,2,8,1,B01