Num_Acc,senc,catv,occutc,obs,obsm,choc,manv,num_veh
201900012435,2,7,,0,2,6,1,C01
201900012435,2,17,,0,2,0,1,B01
201900012435,2,7,,0,2,4,9,A01
201900012436,1,15,,0,2,1,1,A01
201900012436,1,7,,0,2,4,1,B01
201900012437,2,7,,0,2,4,1,B01
201900012437,2,7,,0,2,1,1,A01
201900012438,1,7,,0,2,4,1,B01
201900012438,1,15,,0,2,1,1,A01
201900012439,1,7,,0,2,1,1,A01
201900012439,1,7,,0,2,4,1,B01
201900012440,2,7,,0,2,4,2,A01
201900012440,2,7,,0,2,4,2,B01
201900012440,2,7,,0,2,1,2,Z01
201900012441,1,7,,0,2,4,2,C01
201900012441,1,7,,0,2,1,2,B01
201900012441,1,7,,0,2,1,2,A01
201900012442,2,33,,0,2,1,2,A01
201900012442,2,7,,0,2,4,2,B01
201900012443,1,7,,0,2,4,2,B01
201900012443,1,7,,0,2,1,2,A01
201900012444,1,10,,0,2,3,1,A01
201900012444,1,7,,0,2,5,1,B01
201900012445,2,7,,4,0,3,2,A01
201900012446,2,50,,0,2,8,19,B01
201900012446,2,33,,0,2,0,21,A01
201900012447,2,7,,0,2,4,0,B01
201900012447,2,7,,0,2,1,2,A01
201900012448,2,10,,0,2,6,1,B01
201900012448,2,32,,0,2,1,21,A01
201900012449,2,31,,0,0,2,1,A01
201900012450,1,7,,0,2,1,3,A01
201900012450,1,7,,0,2,5,2,B01
201900012451,2,10,,1,0,1,14,A01
201900012452,2,7,,1,0,1,26,A01
201900012452,2,99,,0,2,4,23,B01
201900012453,2,7,,0,2,3,1,B01
201900012453,2,10,,4,2,3,1,A01
201900012454,1,10,,4,0,3,1,A01
201900012455,1,33,,0,2,3,1,B01
201900012455,1,10,,0,2,4,2,A01
201900012456,2,7,,4,0,8,21,A01
201900012457,2,7,,0,2,2,1,A01
201900012457,2,7,,0,2,3,13,B01
201900012457,2,13,,0,2,0,0,Z01
201900012458,1,7,,0,2,4,2,B01
201900012458,1,31,,0,2,1,2,A01
201900012459,1,33,,0,0,9,2,A01
201900012460,2,7,,0,2,1,2,A01
201900012460,2,10,,0,2,4,2,B01
201900012460,2,7,,0,2,4,2,C01
201900012461,1,10,,0,2,1,21,C01
201900012461,1,31,,0,2,0,0,B01
201900012461,1,7,,4,2,1,0,A01
201900012462,2,7,,4,0,0,1,A01
201900012463,2,15,,3,0,3,1,A01
201900012463,1,7,,0,6,1,1,B01
201900012464,2,7,,0,2,4,1,B01
201900012464,2,10,,0,2,1,2,A01
201900012464,2,7,,0,2,4,2,C01
201900012465,2,7,,0,2,4,1,B01
201900012465,2,32,,0,2,1,1,A01
201900012466,1,7,,0,2,3,9,A01
201900012466,1,34,,0,2,5,1,B01
201900012467,3,32,,0,2,3,13,A01
201900012467,3,10,,0,2,3,14,B01
201900012468,1,7,,0,2,1,1,A01
201900012468,2,7,,0,0,8,15,B01
201900012469,2,33,,0,0,1,1,A01
201900012469,1,7,,0,2,2,15,B01
201900012470,1,7,,2,0,2,1,A01
201900012471,1,7,,6,2,2,1,B01
201900012471,1,7,,0,2,1,19,A01
201900012472,2,7,,0,2,1,1,A01
201900012472,1,7,,0,2,3,2,B01
201900012473,2,7,,0,2,1,1,B01
201900012473,1,7,,0,2,1,1,A01
201900012474,2,7,,0,2,3,1,C01
201900012474,2,7,,0,2,8,1,B01
201900012474,1,7,,0,2,3,13,A01
201900012475,1,10,,0,0,9,1,A01
201900012476,1,7,,6,0,1,6,A01
201900012477,1,33,,7,0,0,17,A01
201900012478,2,2,,0,2,8,1,A01
201900012478,1,7,,0,2,8,1,B01
201900012479,1,7,,13,0,1,1,A01
201900012480,1,7,,0,2,6,4,A01
201900012480,2,2,,0,2,1,1,B01
201900012481,1,7,,13,0,0,14,A01
201900012482,2,7,,0,2,6,15,B01
201900012482,2,2,,0,2,1,17,A01
201900012483,1,33,,0,2,1,21,A01
201900012483,1,15,,0,0,4,1,B01
201900012484,1,7,,13,0,1,13,A01
201900012485,1,7,,13,0,2,14,A01
201900012486,2,31,,0,1,1,1,A01
201900012487,2,33,,13,0,1,1,A01
201900012488,1,7,,0,1,2,1,A01
201900012489,0,21,,0,2,1,9,B01
201900012489,0,7,,0,2,1,9,A01
201900012490,2,30,,0,2,1,0,A01
201900012490,3,7,,0,2,8,0,B01
201900012491,3,7,,0,2,8,9,A01
201900012491,3,32,,0,2,1,1,B01
201900012492,2,7,,13,0,7,1,A01
201900012493,2,33,,0,6,1,1,A01
201900012494,2,33,,0,2,1,1,A01
201900012494,0,7,,0,0,6,9,B01
201900012495,1,7,,0,0,9,1,A01
201900012496,2,7,,2,0,1,13,A01
201900012497,1,32,,0,2,1,1,A01
201900012497,1,7,,0,2,4,1,B01
201900012498,2,33,,0,2,3,5,A01
201900012498,1,15,,0,2,3,1,B01
201900012499,2,7,,0,2,1,1,B01
201900012499,1,7,,0,2,1,5,A01
201900012500,3,7,,0,2,3,1,B01
201900012500,3,7,,12,2,3,13,A01
201900012501,3,33,,0,2,3,1,B01
201900012501,3,7,,0,2,3,15,A01
201900012502,2,31,,0,2,8,1,B01
201900012502,1,7,,0,2,2,19,A01
201900012503,1,7,,13,0,3,1,A01
201900012504,1,7,,2,0,2,14,A01
201900012505,2,21,,0,2,3,1,B01
201900012505,1,33,,0,2,3,13,A01
201900012506,0,7,,6,1,4,4,A01
201900012507,1,7,,0,0,3,1,A01
201900012508,3,99,,12,0,0,21,A01
201900012509,2,2,,0,2,8,1,B01
201900012509,1,7,,0,2,1,15,A01
201900012510,2,7,,0,0,1,1,B01
201900012510,1,10,,0,0,1,17,A01
201900012511,2,10,,0,2,1,1,A01
201900012511,1,7,,0,2,1,1,B01
201900012512,2,7,,0,0,9,1,A01
201900012513,2,7,,0,0,3,1,B01
201900012513,0,7,,0,0,2,19,A01
201900012514,3,7,,0,0,0,1,A01
201900012515,2,7,,0,2,2,10,B01
201900012515,1,33,,0,2,1,21,A01
201900012516,2,7,,0,0,9,2,A01
201900012517,1,1,,1,0,1,2,B01
201900012517,1,7,,0,2,8,2,A01
201900012518,2,33,,0,0,8,1,A01
201900012519,2,7,,0,2,1,1,B01
201900012519,2,2,,0,2,1,9,A01
201900012520,3,31,,11,9,3,6,A01
201900012521,1,7,,0,2,5,17,A01
201900012521,1,1,,0,2,8,2,B01
201900012522,2,7,,6,0,1,1,A01
201900012523,1,33,,0,2,1,2,B01
201900012523,1,7,,0,0,4,23,A01
201900012524,1,7,,3,2,3,1,B01
201900012524,2,7,,0,2,1,13,A01
201900012525,1,33,,1,0,1,1,A01
201900012526,2,7,,0,2,8,1,B01
201900012526,1,31,,0,2,8,11,A01
201900012527,2,7,,6,0,1,1,A01
201900012528,1,33,,13,0,1,13,A01
201900012529,1,33,,0,0,7,1,A01
201900012530,1,7,,0,2,3,1,B01
201900012530,2,2,,0,2,1,17,A01
201900012531,2,33,,0,2,6,1,A01
201900012531,2,7,,0,2,7,12,B01
201900012531,2,7,,0,2,4,1,C01
201900012532,1,7,,0,2,4,1,A01
201900012532,1,7,,0,2,1,1,B01
201900012533,1,7,,0,2,1,0,B01
201900012533,1,34,,0,2,4,0,A01
201900012534,2,7,,0,2,4,1,A01
201900012534,2,7,,0,2,0,0,B01
201900012535,1,33,,0,0,7,2,A01
201900012536,1,10,,0,2,1,1,B01
201900012536,2,10,,0,2,4,1,A01
201900012537,2,17,,0,0,0,0,B01
201900012537,2,7,,4,2,8,1,A01
201900012538,1,10,,0,2,2,1,A01
201900012538,1,7,,0,2,3,11,B01
201900012539,1,10,,4,0,1,0,A01
201900012540,2,17,,0,2,1,1,C01
201900012540,2,17,,0,2,2,14,B01
201900012540,2,7,,0,2,6,1,A01
201900012541,2,7,,0,2,1,2,C01
201900012541,2,7,,0,2,1,2,B01
201900012541,2,7,,0,2,4,2,A01
201900012542,1,7,,0,2,7,14,B01
201900012542,1,7,,0,2,8,1,A01
201900012542,1,7,,14,2,1,13,C01
201900012543,1,7,,0,0,9,1,A01
201900012544,1,7,,0,2,1,2,D01
201900012544,1,7,,0,2,4,1,C01
201900012544,1,7,,0,2,4,1,B01
201900012544,1,7,,0,2,4,1,A01
201900012545,2,33,,0,2,1,1,A01
201900012545,2,7,,0,2,4,11,B01
201900012546,1,7,,6,0,7,18,A01
201900012547,1,7,,0,2,4,23,A01
201900012547,1,7,,1,0,2,2,B01
201900012548,1,7,,0,2,4,1,A01
201900012548,1,7,,0,2,1,1,B01
201900012549,2,33,,0,2,8,1,A01
201900012549,2,7,,0,2,2,14,B01
201900012550,2,7,,0,2,4,23,D01
201900012550,2,7,,0,2,1,9,C01
201900012550,2,7,,0,2,1,9,B01
201900012550,2,7,,0,2,1,9,A01
201900012551,1,7,,0,2,4,2,A01
201900012551,1,10,,0,2,1,2,B01
201900012552,1,7,,0,2,4,1,C01
201900012552,1,7,,0,2,1,1,B01
201900012552,1,7,,0,2,1,2,A01
201900012553,1,7,,0,2,4,0,B01
201900012553,1,7,,0,2,1,2,A01
201900012554,1,7,,3,0,1,2,A01
201900012555,1,7,,0,2,4,1,B01
201900012555,1,7,,0,2,1,2,A01
201900012556,2,7,,4,2,1,13,B01
201900012556,2,7,,0,2,1,21,A01
201900012557,2,10,,0,2,3,1,B01
201900012557,2,2,,0,2,1,12,A01
201900012558,2,7,,0,2,1,2,A01
201900012558,2,7,,0,2,4,1,B01
201900012558,2,7,,0,2,4,1,C01
201900012559,2,7,,3,2,4,1,A01
201900012559,2,7,,0,2,1,1,B01
201900012560,1,10,,4,2,8,1,B01
201900012560,1,7,,4,2,1,13,A01
201900012561,2,15,,0,2,4,1,B01
201900012561,2,7,,0,2,1,2,A01
201900012562,1,31,,0,0,7,1,A01
201900012563,2,15,,1,2,7,1,A01
201900012563,2,7,,0,2,8,24,B01
201900012564,2,33,,0,2,1,12,A01
201900012564,2,10,,0,2,5,1,B01
201900012565,2,10,,9,0,3,1,A01
201900012566,1,7,,0,2,1,26,A01
201900012566,1,7,,0,2,4,1,B01
201900012566,1,7,,1,0,4,26,C01
201900012567,1,7,,4,0,1,26,A01
201900012568,1,14,,0,2,3,2,A01
201900012568,1,17,,0,2,5,2,B01
201900012569,2,7,,0,2,9,1,A01
201900012569,2,7,,0,0,4,23,B01
201900012569,2,7,,0,0,3,1,C01
201900012569,2,7,,0,2,1,1,D01
201900012570,2,7,,0,2,0,0,Z01
201900012570,2,31,,0,2,1,12,A01
201900012571,1,7,,0,2,8,17,D01
201900012571,2,7,,0,2,8,1,C01
201900012571,2,7,,0,2,1,1,B01
201900012571,2,15,,4,2,8,6,A01
201900012572,2,14,,0,2,1,11,A01
201900012572,2,7,,0,2,1,5,B01
201900012573,2,7,,0,2,1,2,A01
201900012573,2,14,,0,2,4,23,B01
201900012574,1,33,,4,0,1,16,A01
201900012575,1,33,,0,2,1,26,B01
201900012575,1,7,,4,2,1,18,A01
201900012576,2,7,,0,2,7,12,A01
201900012576,2,7,,0,2,8,13,B01
201900012576,2,7,,0,2,8,1,C01
201900012577,1,7,,0,2,4,2,B01
201900012577,1,7,,0,2,1,2,A01
201900012578,2,7,,0,2,1,23,D01
201900012578,2,7,,0,2,4,12,C01
201900012578,2,7,,0,2,4,12,B01
201900012578,2,7,,0,2,1,26,A01
201900012579,2,7,,3,0,1,12,A01
201900012580,2,7,,0,2,4,9,C01
201900012580,2,7,,0,2,1,2,B01
201900012580,2,7,,0,2,1,2,A01
201900012581,1,7,,0,2,4,2,B01
201900012581,1,7,,0,2,1,2,A01
201900012582,2,7,,1,1,7,1,A01
201900012583,2,7,,0,2,3,5,A01
201900012583,1,10,,0,2,3,1,B01
201900012584,2,43,,0,2,1,2,E01
201900012584,2,10,,0,2,1,11,D01
201900012584,2,7,,0,2,4,2,C01
201900012584,2,10,,0,2,4,2,B01
201900012584,2,10,,0,2,4,2,A01
201900012585,2,7,,0,2,1,2,B01
201900012585,2,15,,0,2,4,2,A01
201900012586,1,17,,0,2,2,12,A01
201900012586,1,7,,3,2,8,1,B01
201900012587,1,7,,0,2,4,23,C01
201900012587,1,7,,0,2,4,23,B01
201900012587,1,7,,0,2,1,21,A01
201900012588,1,17,,0,2,1,2,A01
201900012588,1,7,,0,2,4,23,B01
201900012588,1,17,,0,2,4,23,C01
201900012589,1,10,,0,2,4,23,C01
201900012589,1,7,,0,2,4,23,B01
201900012589,1,10,,0,2,1,2,A01
201900012590,2,33,,0,0,7,0,A01
201900012591,1,7,,3,0,1,14,A01
201900012592,1,33,,3,0,6,21,A01
201900012593,1,10,,0,2,1,1,A01
201900012593,1,7,,0,2,4,2,B01
201900012593,1,7,,0,2,4,2,C01
201900012594,1,7,,0,2,8,1,B01
201900012594,1,17,,0,2,2,12,A01
201900012595,2,7,,3,2,1,2,A01
201900012595,2,99,,3,2,4,1,B01
201900012596,2,7,,0,2,6,1,D01
201900012596,2,7,,0,2,5,0,C01
201900012596,2,7,,0,2,3,1,B01
201900012596,2,7,,0,2,3,18,A01
201900012597,2,33,,0,2,5,3,B01
201900012597,2,33,,0,2,3,3,A01
201900012598,2,7,,4,2,6,13,A01
201900012598,2,17,,0,2,2,1,B01
201900012598,2,7,,0,2,1,1,C01
201900012599,1,7,,0,2,7,1,C01
201900012599,1,17,,0,2,2,1,B01
201900012599,1,7,,0,2,4,9,A01
201900012600,1,7,,0,2,1,2,A01
201900012600,1,7,,0,2,4,2,B01
201900012600,1,7,,0,2,3,2,C01
201900012601,2,15,,0,2,4,1,B01
201900012601,2,7,,0,2,1,1,A01
201900012602,2,7,,0,2,5,2,B01
201900012602,2,33,,0,2,1,3,A01
201900012602,2,7,,0,2,4,2,D01
201900012602,2,33,,0,2,4,3,C01
201900012603,1,14,,0,2,2,1,B01
201900012603,1,33,,0,2,6,3,A01
201900012604,2,10,,0,2,7,1,C01
201900012604,2,33,,0,2,2,3,B01
201900012604,2,7,,0,2,3,11,A01
201900012605,2,34,,0,2,2,3,A01
201900012605,2,7,,0,2,3,11,B01
201900012605,2,7,,0,2,7,1,C01
201900012606,1,17,,1,0,2,1,B01
201900012606,1,17,,0,2,6,23,A01
201900012607,2,7,,0,2,3,2,A01
201900012607,2,7,,0,2,3,2,B01
201900012608,2,10,,2,0,2,14,A01
201900012609,2,7,,13,0,1,18,A01
201900012610,2,7,,0,2,4,1,B01
201900012610,2,7,,0,2,1,12,A01
201900012611,2,7,,14,2,1,2,A01
201900012611,2,7,,14,2,4,2,B01
201900012612,2,7,,0,2,1,2,A01
201900012612,2,7,,0,2,4,2,B01
201900012612,2,7,,0,2,4,2,C01
201900012613,2,10,,0,2,7,1,B01
201900012613,2,33,,0,2,8,1,A01
201900012614,2,10,,0,2,3,1,C01
201900012614,2,10,,0,2,2,1,B01
201900012614,2,10,,0,2,3,3,A01
201900012615,1,7,,4,0,9,12,A01
201900012616,1,33,,0,2,3,2,A01
201900012616,1,7,,0,2,4,2,B01
201900012617,1,7,,0,2,4,2,B01
201900012617,1,7,,0,2,1,2,A01
201900012618,1,7,,0,2,1,2,A01
201900012618,1,7,,0,2,4,1,B01
201900012619,1,7,,4,2,7,14,A01
201900012619,1,7,,0,2,8,1,B01
201900012620,1,33,,0,2,3,13,A01
201900012621,1,14,,0,2,4,2,C01
201900012621,1,10,,0,2,4,2,B01
201900012621,1,14,,0,2,1,1,A01
201900012622,1,33,,0,2,1,3,B01
201900012622,2,7,,0,2,5,1,A01
201900012623,2,7,,0,2,4,1,B01
201900012623,2,10,,0,2,1,9,A01
201900012624,1,33,,0,2,2,1,A01
201900012625,2,10,,0,2,4,11,A01
201900012625,2,33,,0,2,1,3,B01
201900012626,2,10,,0,2,1,1,A01
201900012626,2,10,,0,2,4,23,B01
201900012627,2,7,,0,2,4,1,B01
201900012627,2,7,,0,2,1,1,A01
201900012628,2,7,,0,2,1,2,A01
201900012628,2,7,,0,2,4,2,B01
201900012629,1,7,,0,2,4,1,B01
201900012629,1,7,,0,2,1,2,A01
201900012630,2,7,,0,2,1,2,A01
201900012630,2,7,,0,2,4,2,B01
201900012631,1,7,,0,2,4,2,B01
201900012631,1,7,,0,2,1,2,A01
201900012632,1,7,,4,0,1,0,A01
201900012633,1,2,,0,0,0,0,A01
201900012633,1,7,,0,0,0,0,B01
201900012634,1,7,,0,2,4,2,C01
201900012634,1,7,,0,2,4,2,B01
201900012634,1,7,,0,2,1,2,A01
201900012635,3,7,,9,0,3,1,A01
201900012636,2,10,,0,2,1,2,A01
201900012636,2,7,,0,2,4,2,B01
201900012637,1,7,,0,2,4,2,B01
201900012637,1,31,,0,2,1,2,A01
201900012638,1,7,,0,2,0,0,D01
201900012638,1,33,,0,2,2,0,C01
201900012638,1,7,,0,2,3,0,B01
201900012638,1,7,,0,2,3,11,A01
201900012639,2,7,,0,2,4,2,B01
201900012639,2,10,,0,2,1,2,A01
201900012640,2,13,,0,2,3,1,A01
201900012640,2,34,,0,2,3,3,B01
201900012640,2,10,,0,0,5,14,Z01
201900012641,2,7,,0,2,0,12,Z01
201900012641,2,32,,0,2,2,0,A01
201900012642,2,7,,4,0,2,1,A01
201900012643,1,7,,0,2,4,1,A01
201900012643,1,7,,0,2,4,2,B01
201900012643,1,10,,0,2,1,2,C01
201900012644,1,7,,0,2,8,11,A01
201900012644,1,33,,0,2,2,3,B01
201900012645,2,7,,0,2,4,2,B01
201900012645,2,10,,0,2,1,2,A01
201900012646,2,7,,4,0,9,1,A01
201900012647,1,7,,0,2,4,2,B01
201900012647,1,2,,0,2,1,2,A01
201900012648,3,33,,0,0,5,24,B01
201900012648,3,7,,13,2,3,2,A01
201900012649,1,7,,0,2,1,13,A01
201900012649,2,7,,3,2,1,1,B01
201900012649,2,7,,0,2,8,1,C01
201900012650,3,7,,5,0,6,1,B01
201900012650,3,7,,2,2,1,1,A01
201900012651,2,7,,3,0,7,1,A01
201900012652,3,33,,0,0,8,1,A01
201900012653,2,10,,0,2,3,1,B01
201900012653,1,7,,0,2,3,5,A01
201900012654,1,7,,3,0,0,1,A01
201900012655,3,2,,0,2,1,2,A01
201900012655,3,7,,0,0,5,2,B01
201900012656,2,15,,0,2,5,1,B01
201900012656,2,33,,0,2,1,1,A01
201900012657,2,15,,0,2,3,21,A01
201900012657,1,7,,0,2,1,5,B01
201900012658,1,7,,12,0,9,1,A01
201900012659,2,10,,8,2,2,1,A01
201900012659,2,10,,0,2,5,15,B01
201900012660,1,7,,0,2,3,1,B01
201900012660,2,7,,0,2,3,13,A01
201900012661,2,36,,1,0,3,1,A01
201900012662,2,17,,0,2,1,1,A01
201900012662,3,7,,0,2,8,19,B01
201900012663,2,13,,0,2,2,0,B01
201900012663,1,33,,0,2,2,0,A01
201900012664,1,7,,13,0,1,1,A01
201900012665,2,7,,0,2,1,13,A01
201900012665,1,2,,0,2,1,1,B01
201900012666,2,7,,13,0,3,13,A01
201900012667,1,7,,0,0,8,1,B01
201900012667,2,7,,0,0,8,1,A01
201900012668,1,10,,0,2,3,15,B01
201900012668,2,7,,0,2,3,1,A01
201900012669,2,10,,0,2,1,5,A01
201900012669,1,17,,0,2,1,21,B01
201900012670,2,2,,0,2,7,1,B01
201900012670,2,7,,0,2,1,1,A01
201900012671,2,7,,0,0,8,2,C01
201900012671,2,10,,0,0,4,2,B01
201900012671,2,33,,0,2,1,2,A01
201900012672,2,7,,0,0,1,21,A01
201900012673,3,33,,0,0,8,1,A01
201900012674,3,7,,13,0,2,1,A01
201900012675,2,7,,0,2,1,3,A01
201900012675,1,7,,0,2,3,1,B01
201900012676,2,33,,16,0,0,1,A01
201900012677,1,7,,0,2,8,15,A01
201900012677,1,7,,0,2,7,17,B01
201900012678,1,7,,0,2,2,1,A01
201900012678,2,7,,0,2,3,0,B01
201900012679,3,7,,2,0,8,1,A01
201900012680,1,10,,2,0,1,13,A01
201900012681,2,33,,8,0,1,0,A01
201900012682,1,2,,0,0,8,15,B01
201900012682,1,7,,0,2,2,17,A01
201900012683,2,2,,0,2,3,13,A01
201900012683,1,21,,0,2,3,1,B01
201900012684,0,33,,0,2,1,17,A01
201900012684,2,7,,8,2,8,15,B01
201900012685,2,33,,0,2,1,1,B01
201900012685,1,7,,0,2,2,15,A01
201900012686,2,7,,0,9,3,26,B01
201900012686,1,33,,0,2,0,26,A01
201900012687,2,33,,0,0,8,1,A01
201900012688,2,21,,0,9,8,19,B01
201900012688,1,33,,0,2,1,1,A01
201900012689,1,7,,2,0,2,1,A01
201900012690,2,7,,0,2,1,1,A01
201900012690,1,1,,0,0,6,1,B01
201900012691,2,1,,12,0,0,1,A01
201900012692,1,7,,0,2,1,5,A01
201900012692,2,7,,0,2,1,1,B01
201900012693,2,7,,0,2,1,1,B01
201900012693,1,7,,0,2,1,13,A01
201900012694,1,7,,0,2,1,13,A01
201900012694,2,7,,0,2,1,1,B01
201900012695,2,7,,0,2,2,15,A01
201900012695,1,7,,0,2,3,1,B01
201900012696,3,7,,2,0,3,0,A01
201900012697,2,7,,2,0,3,13,A01
201900012698,1,7,,0,1,7,16,A01
201900012699,1,7,,0,2,2,15,A01
201900012699,2,33,,0,2,1,1,B01
201900012700,2,7,,17,0,1,1,A01
201900012701,2,21,,0,9,5,2,A01
201900012701,2,1,,0,2,3,2,B01
201900012702,0,7,,0,1,1,15,A01
201900012703,1,7,,0,2,2,1,A01
201900012703,1,32,,0,2,3,9,B01
201900012704,1,1,,0,2,8,2,B01
201900012704,1,10,,0,2,7,2,A01
201900012705,0,2,,12,0,0,1,A01
201900012706,2,2,,0,0,0,0,A01
201900012707,0,7,,17,0,1,1,A01
201900012708,0,2,,0,0,0,1,A01
201900012709,2,7,,0,2,1,1,B01
201900012709,1,7,,0,2,1,13,A01
201900012710,2,14,,0,2,3,1,B01
201900012710,1,7,,0,2,6,2,C01
201900012710,1,7,,0,2,1,13,A01
201900012711,1,7,,0,2,3,19,A01
201900012711,1,7,,0,2,7,1,B01
201900012712,2,33,,0,2,1,1,A01
201900012712,2,7,,0,2,2,1,B01
201900012713,1,7,,0,2,2,17,A01
201900012713,1,21,,0,2,3,15,B01
201900012714,1,1,,0,0,0,1,A01
201900012714,1,1,,0,2,1,1,B01
201900012715,2,36,,1,0,1,25,A01
201900012716,2,7,,0,2,8,1,B01
201900012716,1,7,,0,2,3,1,A01
201900012717,2,10,,0,2,3,1,B01
201900012717,2,21,,0,0,5,15,A01
201900012718,3,1,,0,1,0,5,A01
201900012719,3,7,,2,0,1,1,A01
201900012720,2,33,,2,0,0,1,A01
201900012721,1,7,,0,0,0,0,A01
201900012722,2,33,,0,0,0,1,A01
201900012723,1,7,,0,1,1,19,A01
201900012724,2,33,,0,2,1,2,B01
201900012724,2,7,,0,0,4,2,A01
201900012725,2,33,,0,0,8,0,A01
201900012726,1,33,,0,2,1,2,B01
201900012726,1,7,,0,2,8,11,A01
201900012727,1,33,,0,0,0,1,A01
201900012728,3,33,,0,0,0,21,A01
201900012729,1,7,,0,2,2,1,A01
201900012729,1,2,,0,2,4,2,B01
201900012730,1,7,,3,2,1,1,A01
201900012730,2,7,,0,2,1,1,B01
201900012731,1,7,,0,2,1,1,A01
201900012731,1,7,,0,2,7,1,B01
201900012732,0,7,,0,0,3,13,A01
201900012733,1,7,,13,0,1,1,A01
201900012734,2,31,,0,0,7,1,A01
201900012735,1,7,,2,0,1,0,A01
201900012736,3,36,,6,0,2,1,A01
201900012737,1,33,,0,2,2,1,A01
201900012737,2,37,1.0,0,2,3,15,B01
201900012738,3,3,,0,0,0,1,A01
201900012739,1,7,,0,1,5,1,A01
201900012740,1,7,,0,2,1,14,A01
201900012740,0,7,,0,2,8,19,B01
201900012741,2,34,,13,0,1,1,A01
201900012742,1,31,,0,2,1,1,A01
201900012742,3,7,,0,2,8,19,B01
201900012743,1,7,,6,0,1,1,A01
201900012744,2,7,,0,2,1,23,A01
201900012744,1,2,,0,2,7,15,B01
201900012745,2,33,,16,0,2,26,A01
201900012746,1,33,,5,0,7,1,A01
201900012747,1,7,,0,2,1,19,A01
201900012747,2,7,,0,2,8,1,B01
201900012748,2,7,,0,2,3,1,C01
201900012748,1,7,,0,2,9,15,B01
201900012748,1,10,,0,2,1,2,A01
201900012749,1,33,,2,0,1,1,A01
201900012750,2,7,,0,0,7,1,B01
201900012750,1,7,,0,2,1,15,A01
201900012751,1,7,,13,0,2,14,A01
201900012752,3,7,,13,0,9,4,A01
201900012753,2,7,,0,9,8,1,B01
201900012753,1,1,,0,2,8,1,A01
201900012754,2,33,,16,0,3,1,A01
201900012755,1,7,,0,0,9,15,A01
201900012756,1,10,,11,0,1,6,A01
201900012757,1,7,,2,0,2,1,A01
201900012758,0,7,,2,9,1,0,A01
201900012759,3,7,,0,1,6,4,A01
201900012760,3,7,,0,1,1,1,A01
201900012761,2,7,,0,0,6,20,B01
201900012761,2,7,,0,2,2,2,A01
201900012762,2,7,,0,0,2,0,B01
201900012762,1,10,,0,0,2,0,A01
201900012763,1,2,,0,2,1,1,B01
201900012763,0,10,,0,2,3,15,A01
201900012764,1,7,,3,0,9,0,A01
201900012765,1,7,,4,0,9,1,A01
201900012766,1,17,,0,2,1,1,B01
201900012766,2,7,,0,2,4,12,A01
201900012767,1,7,,0,2,8,1,B01
201900012767,1,7,,0,2,8,17,A01
201900012768,2,7,,4,0,3,1,A01
201900012769,1,33,,0,2,8,1,B01
201900012769,1,7,,0,9,5,17,A01
201900012770,0,7,,0,2,3,15,B01
201900012770,0,33,,0,2,8,15,A01
201900012771,3,2,,0,0,0,1,A01
201900012772,1,7,,0,1,1,1,A01
201900012773,1,7,,0,2,6,1,D01
201900012773,1,7,,0,2,4,0,C01
201900012773,1,17,,0,0,5,2,B01
201900012773,1,17,,0,2,3,1,A01
201900012774,2,7,,0,2,3,1,B01
201900012774,2,7,,5,2,5,11,A01
201900012775,2,7,,0,2,1,1,B01
201900012775,2,7,,0,9,7,1,A01
201900012776,2,33,,0,2,8,3,A01
201900012776,2,7,,0,2,7,17,B01
201900012776,2,17,,0,2,3,1,C01
201900012777,2,7,,0,1,8,1,A01
201900012778,2,10,,0,2,1,1,B01
201900012778,1,1,,0,2,1,1,A01
201900012779,3,1,,0,0,0,1,A01
201900012780,1,7,,0,0,4,1,B01
201900012780,1,7,,0,2,1,1,A01
201900012781,1,7,,0,2,1,13,A01
201900012781,2,37,3.0,13,2,1,1,B01
201900012781,1,7,,0,2,2,1,C01
201900012781,1,7,,0,2,6,1,D01
201900012782,1,7,,4,0,3,1,A01
201900012783,2,7,,4,2,0,21,A01
201900012783,2,7,,0,2,0,26,B01
201900012783,2,7,,0,0,0,26,C01
201900012784,2,17,,0,0,4,2,B01
201900012784,2,7,,0,2,1,2,A01
201900012785,2,7,,0,0,6,2,B01
201900012785,2,34,,0,2,2,17,A01
201900012786,3,7,,0,2,1,14,B01
201900012786,3,10,,0,2,3,24,A01
201900012787,2,34,,0,2,1,1,B01
201900012787,1,7,,0,2,7,15,A01
201900012788,1,7,,7,2,3,1,A01
201900012788,2,7,,7,0,1,19,B01
201900012788,2,7,,0,2,1,23,C01
201900012789,0,7,,0,2,2,1,B01
201900012789,2,7,,0,2,3,9,A01
201900012790,2,2,,0,2,1,1,B01
201900012790,1,7,,0,2,7,15,A01
201900012791,1,31,,0,0,0,1,A01
201900012792,1,2,,0,0,8,2,A01
201900012793,2,2,,0,6,1,1,A01
201900012794,2,7,,0,1,2,1,A01
201900012795,2,7,,0,2,3,15,A01
201900012795,1,7,,0,2,3,1,B01
201900012796,1,3,,0,2,3,26,A01
201900012796,2,7,,0,2,1,1,B01
201900012797,2,1,,0,2,4,0,B01
201900012797,2,7,,0,9,0,0,A01
201900012798,1,33,,0,2,1,13,A01
201900012798,2,7,,0,2,3,1,B01
201900012799,2,7,,1,0,1,2,A01
201900012799,0,7,,1,1,1,24,B01
201900012800,3,1,,0,0,4,0,B01