Num_Acc,senc,catv,occutc,obs,obsm,choc,manv,num_veh
201900012800,3,7,,0,9,0,0,A01
201900012801,1,7,,7,2,1,1,B01
201900012801,2,7,,0,2,1,26,C01
201900012801,1,10,,0,2,7,19,A01
201900012802,2,33,,0,0,7,16,A01
201900012803,1,33,,0,2,1,1,B01
201900012803,2,7,,0,0,5,15,A01
201900012804,1,7,,0,2,3,13,B01
201900012804,2,7,,0,2,3,1,A01
201900012805,3,7,,0,2,3,13,A01
201900012805,3,2,,0,2,1,1,B01
201900012806,1,80,,0,0,8,19,B01
201900012806,1,7,,0,0,1,15,A01
201900012807,1,7,,0,2,3,2,C01
201900012807,0,7,,0,2,8,2,B01
201900012807,3,33,,0,2,9,2,A01
201900012808,3,7,,0,2,8,11,B01
201900012808,3,7,,0,2,1,1,A01
201900012809,1,7,,0,2,8,1,B01
201900012809,2,33,,0,2,8,1,A01
201900012810,2,33,,0,2,3,1,B01
201900012810,1,7,,0,2,8,1,A01
201900012811,1,7,,2,0,2,1,A01
201900012812,1,33,,0,0,0,1,A01
201900012813,0,2,,1,0,1,2,A01
201900012814,2,1,,0,0,8,2,B01
201900012814,2,15,,0,9,2,2,A01
201900012815,3,36,,2,0,0,0,A01
201900012816,3,7,,0,0,8,15,A01
201900012816,3,33,,0,2,1,1,B01
201900012817,3,1,,0,0,4,15,B01
201900012817,3,7,,0,2,2,17,A01
201900012818,1,7,,13,0,2,0,A01
201900012819,2,7,,8,0,1,17,A01
201900012820,1,7,,13,0,3,1,A01
201900012821,1,7,,0,2,6,2,C01
201900012821,1,33,,0,2,4,2,B01
201900012821,1,7,,0,2,2,2,A01
201900012822,3,10,,0,1,2,1,A01
201900012823,2,7,,0,2,4,1,B01
201900012823,2,7,,0,2,1,1,A01
201900012824,2,7,,0,0,0,13,A01
201900012824,1,7,,13,0,9,21,B01
201900012825,2,7,,0,2,1,15,A01
201900012825,1,33,,0,2,1,0,B01
201900012826,2,7,,0,1,2,1,A01
201900012827,2,33,,0,2,3,1,A01
201900012827,1,7,,0,9,3,5,B01
201900012828,1,7,,0,2,1,2,A01
201900012828,1,7,,0,2,4,1,B01
201900012828,1,7,,0,2,4,1,C01
201900012829,2,7,,0,1,1,1,A01
201900012830,2,7,,0,2,1,1,B01
201900012830,1,7,,0,2,1,1,A01
201900012831,2,7,,0,1,3,21,A01
201900012832,3,7,,0,2,4,26,A01
201900012832,3,7,,0,2,1,23,B01
201900012833,2,34,,0,1,1,1,A01
201900012834,3,7,,0,1,2,9,A01
201900012835,3,7,,0,1,1,1,A01
201900012836,2,2,,0,2,3,1,B01
201900012836,1,7,,0,2,7,22,A01
201900012837,3,7,,0,1,1,1,A01
201900012838,1,7,,0,2,1,1,A01
201900012838,1,7,,0,2,1,23,C01
201900012838,1,7,,0,2,4,23,D01
201900012838,2,7,,0,2,1,1,B01
201900012839,2,7,,0,2,7,15,A01
201900012839,1,2,,0,2,8,1,B01
201900012840,0,3,,0,1,3,1,A01
201900012841,3,7,,0,0,7,24,B01
201900012841,0,7,,1,0,2,1,A01
201900012842,2,10,,0,2,1,1,B01
201900012842,1,7,,0,2,7,15,A01
201900012843,0,7,,0,1,3,1,A01
201900012844,3,3,,0,0,7,15,A01
201900012845,3,7,,0,2,7,15,B01
201900012845,3,7,,0,2,1,1,A01
201900012846,3,7,,0,1,2,16,A01
201900012847,1,7,,0,2,3,15,A01
201900012847,2,31,,0,2,1,1,B01
201900012848,1,7,,0,2,1,9,A01
201900012848,1,1,,0,2,4,1,B01
201900012849,1,7,,0,2,4,2,B01
201900012849,2,7,,0,2,1,2,A01
201900012850,1,7,,1,0,6,2,A01
201900012851,3,31,,0,0,8,26,A01
201900012852,1,7,,0,6,2,17,A01
201900012852,1,1,,0,2,3,1,B01
201900012853,1,7,,0,2,1,19,A01
201900012853,1,7,,0,2,3,1,B01
201900012854,3,7,,0,1,2,26,B01
201900012855,1,7,,0,1,2,10,A01
201900012856,1,7,,0,2,7,16,A01
201900012856,1,1,,0,2,3,1,B01
201900012857,1,7,,0,2,4,1,B01
201900012857,1,7,,0,2,1,1,A01
201900012858,1,7,,0,2,1,2,A01
201900012858,1,7,,0,2,4,1,B01
201900012859,0,2,,0,2,7,1,A01
201900012859,0,7,,0,2,3,2,Z01
201900012860,1,7,,0,2,3,13,A01
201900012860,2,7,,0,2,3,1,B01
201900012861,2,7,,0,2,3,15,A01
201900012861,1,2,,0,2,1,1,B01
201900012862,3,7,,0,2,3,15,A01
201900012862,3,1,,0,2,1,1,B01
201900012863,2,7,,0,1,2,1,A01
201900012864,0,50,,0,2,4,19,B01
201900012864,0,40,,0,9,4,1,A01
201900012865,3,10,,0,1,3,1,A01
201900012866,1,7,,0,2,1,1,B01
201900012866,2,7,,0,2,7,15,A01
201900012867,1,7,,6,0,1,19,A01
201900012868,2,7,,0,1,2,1,A01
201900012869,1,7,,0,2,1,1,Z01
201900012870,0,30,,0,2,1,17,A01
201900012870,3,7,,0,2,6,15,B01
201900012871,2,33,,0,2,1,1,B01
201900012871,3,7,,0,2,6,0,A01
201900012872,3,7,,0,2,1,1,A01
201900012872,2,2,,0,2,3,1,B01
201900012873,2,2,,0,2,3,1,B01
201900012873,2,7,,0,2,8,15,A01
201900012874,1,7,,0,2,6,17,B01
201900012874,2,7,,0,2,3,1,A01
201900012875,3,31,,0,2,1,21,A01
201900012875,3,7,,0,2,1,11,B01
201900012876,1,10,,0,2,7,12,A01
201900012876,1,32,,0,2,8,1,B01
201900012877,2,33,,0,2,5,1,B01
201900012877,2,33,,0,2,1,3,C01
201900012877,2,33,,0,2,3,3,A01
201900012878,2,7,,0,1,1,15,A01
201900012879,2,1,,0,1,3,1,A01
201900012880,1,7,,0,1,2,1,A01
201900012881,1,7,,0,2,0,1,Z01
201900012881,1,30,,0,2,8,1,B01
201900012882,1,30,,0,2,1,1,A01
201900012882,2,7,,0,2,7,15,B01
201900012883,1,1,,0,2,1,5,A01
201900012883,2,1,,0,2,1,1,B01
201900012884,1,7,,0,1,3,1,A01
201900012885,2,33,,0,2,1,1,B01
201900012885,2,7,,0,2,8,10,A01
201900012886,2,43,,0,2,1,2,A01
201900012886,2,7,,0,2,4,23,B01
201900012887,2,7,,0,2,0,14,Z01
201900012887,2,33,,0,2,0,24,A01
201900012888,1,80,,0,2,8,1,B01
201900012888,1,7,,0,2,7,14,A01
201900012889,1,1,,0,2,1,18,B01
201900012889,1,14,,0,2,2,1,A01
201900012890,1,7,,0,2,1,15,B01
201900012890,2,1,,0,2,7,19,A01
201900012891,2,43,,0,1,2,1,A01
201900012892,1,10,,0,2,2,1,B01
201900012892,1,34,,0,2,3,9,A01
201900012893,2,33,,0,2,4,23,A01
201900012893,2,10,,0,2,1,2,Z01
201900012894,1,33,,0,2,7,1,B01
201900012894,1,1,,0,2,8,16,A01
201900012895,2,7,,0,2,1,1,A01
201900012895,1,2,,0,2,7,15,B01
201900012896,1,50,,0,0,0,25,A01
201900012897,1,10,,0,1,1,16,A01
201900012898,1,31,,14,0,2,1,A01
201900012899,1,7,,0,1,1,26,A01
201900012900,2,7,,8,0,1,19,A01
201900012901,2,7,,0,1,3,26,A01
201900012902,2,10,,0,1,7,16,A01
201900012903,1,7,,0,1,7,26,A01
201900012904,3,15,,0,2,7,9,A01
201900012904,3,33,,0,2,7,1,B01
201900012905,3,37,0.0,0,0,0,26,Z01
201900012906,1,7,,0,2,4,23,B01
201900012906,1,34,,1,0,1,2,A01
201900012907,1,32,,0,2,2,1,B01
201900012907,1,7,,0,2,3,26,A01
201900012908,3,10,,0,1,1,13,A01
201900012909,2,17,,0,2,7,0,B01
201900012909,2,33,,0,2,8,3,A01
201900012910,1,1,,0,2,4,15,B01
201900012910,1,10,,0,2,1,1,A01
201900012911,0,7,,0,2,1,11,A01
201900012911,0,1,,0,2,3,2,B01
201900012912,2,7,,0,2,2,10,A01
201900012912,2,33,,0,2,1,1,B01
201900012913,3,7,,0,2,1,15,A01
201900012913,1,33,,0,2,8,1,B01
201900012914,2,7,,0,1,2,1,A01
201900012915,3,7,,0,1,1,1,A01
201900012916,1,7,,0,0,4,16,C01
201900012916,1,33,,0,2,4,0,B01
201900012916,1,7,,0,2,1,26,A01
201900012917,1,31,,0,2,7,9,B01
201900012917,1,7,,0,2,8,9,A01
201900012918,1,7,,0,2,3,15,A01
201900012918,0,34,,0,2,3,1,B01
201900012919,2,7,,0,2,2,1,A01
201900012919,2,2,,0,2,5,3,B01
201900012920,1,7,,0,1,1,0,Z01
201900012921,2,7,,0,2,8,1,B01
201900012921,1,7,,0,2,1,1,A01
201900012922,2,7,,0,2,3,1,A01
201900012922,1,7,,0,2,2,15,B01
201900012923,1,34,,0,2,2,17,B01
201900012923,1,7,,0,2,3,1,A01
201900012924,3,32,,0,2,3,1,B01
201900012924,3,10,,0,2,2,13,A01
201900012925,2,33,,0,6,0,1,A01
201900012926,2,7,,2,0,1,1,A01
201900012927,3,37,1.0,0,1,3,1,A01
201900012928,1,7,,0,2,2,17,A01
201900012928,1,2,,0,2,8,15,B01
201900012929,2,17,,0,2,3,23,B01
201900012929,1,7,,0,2,3,26,A01
201900012930,2,7,,0,0,2,1,A01
201900012931,2,7,,4,0,1,1,A01
201900012932,2,33,,0,0,8,1,A01
201900012933,3,7,,0,1,1,20,A01
201900012934,1,7,,0,2,1,1,B01
201900012934,2,7,,0,2,1,13,A01
201900012935,0,2,,0,2,8,1,B01
201900012935,0,10,,0,2,1,19,A01
201900012936,3,7,,0,9,2,2,A01
201900012936,0,1,,0,0,4,2,B01
201900012937,2,7,,0,9,1,1,A01
201900012938,3,2,,0,2,1,2,A01
201900012938,0,37,1.0,0,0,4,2,B01
201900012939,1,7,,0,0,9,0,A01
201900012940,1,7,,2,0,3,1,A01
201900012941,3,33,,15,0,1,1,A01
201900012942,1,7,,0,2,7,19,A01
201900012942,1,7,,0,2,1,1,B01
201900012943,3,7,,0,0,9,1,A01
201900012944,1,7,,0,1,3,15,A01
201900012945,1,7,,0,2,1,23,C01
201900012945,1,7,,0,2,6,23,B01
201900012945,2,7,,0,2,8,18,A01
201900012945,2,15,,0,2,2,16,D01
201900012946,1,31,,8,0,1,25,A01
201900012947,2,7,,0,2,1,13,A01
201900012947,1,17,,0,2,1,1,B01
201900012947,2,7,,0,2,7,21,C01
201900012948,1,7,,6,0,9,13,A01
201900012949,0,7,,9,2,3,1,B01
201900012949,3,7,,0,2,3,13,A01
201900012950,1,33,,0,0,7,16,A01
201900012951,1,7,,0,1,2,1,A01
201900012952,1,7,,0,1,1,1,A01
201900012953,0,7,,6,0,1,0,A01
201900012954,2,7,,3,0,7,14,A01
201900012955,1,7,,0,2,6,17,A01
201900012955,2,7,,0,2,3,1,B01
201900012956,1,17,,0,2,2,1,B01
201900012956,2,7,,0,2,3,15,A01
201900012957,0,7,,0,1,1,1,A01
201900012958,1,1,,0,2,3,1,B01
201900012958,2,10,,0,2,3,15,A01
201900012959,2,7,,0,2,3,1,B01
201900012959,0,7,,0,2,1,19,A01
201900012960,1,7,,0,1,2,1,A01
201900012961,3,7,,0,1,2,1,A01
201900012962,0,7,,6,0,1,1,A01
201900012963,1,7,,0,2,8,15,A01
201900012963,2,2,,0,2,1,1,B01
201900012964,3,7,,13,0,3,26,A01
201900012965,2,7,,6,0,1,1,A01
201900012966,2,2,,0,0,8,1,A01
201900012967,2,15,,0,2,2,1,B01
201900012967,1,7,,10,2,2,13,A01
201900012968,2,7,,3,0,2,1,A01
201900012969,2,14,,0,2,2,13,B01
201900012969,2,7,,0,0,6,11,A01
201900012970,2,7,,3,0,3,1,A01
201900012971,0,32,,0,2,1,1,B01
201900012971,0,32,,0,2,1,5,A01
201900012972,3,32,,0,1,2,1,A01
201900012973,3,7,,0,2,1,1,B01
201900012973,3,7,,0,2,1,1,A01
201900012974,3,7,,0,2,6,15,A01
201900012974,3,7,,0,2,1,1,B01
201900012975,0,1,,0,0,8,0,A01
201900012975,2,7,,0,0,7,1,B01
201900012976,1,7,,0,0,3,17,B01
201900012976,1,7,,0,0,2,17,A01
201900012977,1,7,,0,2,3,0,A01
201900012977,2,7,,0,2,6,0,B01
201900012978,1,7,,6,0,1,1,A01
201900012979,3,7,,0,1,2,0,A01
201900012980,3,7,,0,2,8,15,A01
201900012980,1,7,,0,2,3,1,B01
201900012981,2,7,,0,2,8,15,B01
201900012981,2,2,,0,2,2,17,A01
201900012982,1,7,,2,0,7,14,A01
201900012983,1,7,,0,2,3,13,A01
201900012983,2,7,,0,2,3,1,B01
201900012983,2,7,,0,2,8,21,C01
201900012984,2,14,,0,2,7,21,B01
201900012984,1,7,,0,2,2,13,A01
201900012985,1,30,,0,2,1,2,B01
201900012985,1,10,,0,9,3,26,A01
201900012986,2,7,,0,1,1,9,A01
201900012987,2,7,,0,0,1,11,A01
201900012987,1,7,,0,0,1,1,B01
201900012988,3,1,,0,2,1,0,B01
201900012988,2,7,,0,2,3,15,A01
201900012989,1,7,,0,2,4,1,A01
201900012989,1,7,,0,2,1,2,B01
201900012990,2,7,,3,0,1,0,A01
201900012991,2,7,,4,0,1,26,A01
201900012992,2,7,,0,2,1,1,B01
201900012992,2,7,,0,2,4,23,A01
201900012993,1,7,,4,0,1,13,A01
201900012994,1,7,,0,2,3,1,A01
201900012994,1,7,,0,2,5,1,B01
201900012994,1,7,,0,2,4,1,C01
201900012995,1,33,,0,2,1,3,A01
201900012995,1,10,,0,2,3,11,B01
201900012996,2,33,,4,2,1,3,A01
201900012996,2,0,,0,2,0,11,Z01
201900012997,2,17,,0,2,5,1,C01
201900012997,2,10,,0,2,2,1,B01
201900012997,2,7,,3,2,3,9,A01
201900012998,1,7,,0,2,3,2,C01
201900012998,1,7,,0,2,8,2,B01
201900012998,1,32,,0,2,7,17,A01
201900012999,1,7,,0,2,4,1,A01
201900012999,1,33,,0,2,1,1,B01
201900013000,2,30,,0,1,1,17,A01
201900013001,1,10,,0,2,5,15,B01
201900013001,2,10,,0,2,1,2,A01
201900013002,1,7,,0,2,3,15,B01
201900013002,1,7,,0,2,3,1,A01
201900013003,1,7,,0,2,8,1,B01
201900013003,1,7,,0,2,7,9,A01
201900013004,1,1,,0,2,0,1,B01
201900013004,1,7,,0,2,3,1,A01
201900013005,2,50,,2,0,1,26,A01
201900013006,1,40,,0,2,1,5,A01
201900013006,0,15,,0,2,7,1,B01
201900013007,1,7,,0,2,2,0,A01
201900013007,2,7,,0,2,3,0,B01
201900013008,1,7,,4,0,1,14,A01
201900013009,3,10,,0,1,2,19,W01
201900013010,2,32,,0,1,1,26,A01
201900013011,1,7,,0,2,3,1,B01
201900013011,1,99,,0,2,7,19,A01
201900013012,2,10,,0,1,3,21,A01
201900013013,2,30,,0,2,0,0,B01
201900013013,1,7,,0,2,2,1,A01
201900013014,3,7,,0,2,2,19,A01
201900013014,1,34,,0,2,1,2,B01
201900013015,0,99,,0,0,0,0,C01
201900013015,0,34,,0,0,0,0,B01
201900013015,0,34,,0,2,7,17,A01
201900013016,0,30,,0,0,2,1,A01
201900013017,2,33,,0,2,7,3,B01
201900013017,2,15,,0,2,3,15,A01
201900013018,2,7,,0,2,6,11,A01
201900013018,2,32,,0,2,2,1,B01
201900013019,1,7,,0,2,1,15,B01
201900013019,1,30,,0,2,3,18,A01
201900013020,0,10,,0,2,3,26,A01
201900013020,0,30,,0,2,7,17,F01
201900013021,1,7,,0,2,1,15,A01
201900013021,2,33,,0,2,1,1,B01
201900013022,2,7,,0,1,1,1,A01
201900013023,2,7,,13,0,1,1,A01
201900013024,1,2,,12,0,1,1,A01
201900013025,2,15,,4,0,1,14,A01
201900013026,3,14,,0,2,2,1,B01
201900013026,3,7,,0,2,8,19,A01
201900013027,3,7,,0,2,5,13,A01
201900013027,3,7,,0,2,1,1,B01
201900013028,1,34,,0,1,1,17,A01
201900013029,1,7,,2,0,1,13,A01
201900013030,3,7,,0,2,3,9,A01
201900013030,3,2,,0,2,1,1,B01
201900013031,1,17,,0,2,6,2,B01
201900013031,1,7,,0,2,5,2,A01
201900013032,1,15,,0,2,1,1,A01
201900013032,2,7,,3,0,2,15,B01
201900013033,2,10,,0,2,2,5,A01
201900013033,1,7,,0,2,3,1,B01
201900013034,1,7,,2,0,3,1,A01
201900013035,1,7,,0,2,1,2,A01
201900013035,1,7,,0,0,4,1,B01
201900013036,1,31,,5,9,1,17,A01
201900013037,1,7,,0,2,3,13,A01
201900013037,2,15,,0,2,3,1,B01
201900013038,1,7,,2,0,3,1,A01
201900013039,2,7,,13,0,1,16,A01
201900013040,1,7,,0,1,1,1,A01
201900013041,2,7,,2,0,1,14,A01
201900013042,2,7,,0,1,2,19,A01
201900013043,3,7,,0,2,3,15,A01
201900013043,3,2,,0,2,8,1,B01
201900013044,0,3,,0,0,3,15,B01
201900013044,2,2,,0,0,1,1,A01
201900013045,2,33,,0,2,8,1,A01
201900013045,1,7,,0,2,3,17,B01
201900013046,1,2,,0,0,8,1,A01
201900013047,3,7,,8,0,7,1,A01
201900013048,2,7,,1,1,1,2,A01
201900013049,0,7,,0,1,3,1,A01
201900013050,1,7,,0,2,1,13,A01
201900013050,2,7,,0,2,5,15,B01
201900013050,2,7,,0,2,1,1,C01
201900013051,1,7,,0,2,3,9,A01
201900013051,1,1,,0,2,7,1,B01
201900013052,3,7,,0,1,2,1,A01
201900013053,1,2,,0,2,1,2,A01
201900013053,1,10,,0,0,5,2,B01
201900013054,3,7,,0,1,2,15,A01
201900013055,1,7,,3,2,2,2,A01
201900013055,1,15,,0,2,6,2,B01
201900013056,1,17,,0,1,2,2,A01
201900013057,1,17,,3,0,2,1,A01
201900013058,2,32,,0,2,1,0,A01
201900013058,2,7,,0,0,5,1,B01
201900013059,2,2,,0,0,7,16,A01
201900013060,3,33,,14,0,1,1,A01
201900013061,2,31,,0,2,1,1,B01
201900013061,1,7,,0,2,3,11,A01
201900013062,2,15,,8,0,3,1,A01
201900013063,0,7,,0,2,1,19,B01
201900013063,0,7,,16,2,2,15,A01
201900013064,3,7,,0,1,2,1,A01
201900013065,1,7,,2,0,2,0,A01
201900013066,3,7,,0,1,1,1,A01
201900013067,1,7,,0,2,3,1,B01
201900013067,2,34,,0,2,1,17,A01
201900013068,2,7,,0,2,4,2,B01
201900013068,2,7,,0,2,1,2,A01
201900013069,0,33,,0,2,1,1,B01
201900013069,0,10,,0,2,5,10,A01
201900013070,0,7,,0,1,1,26,A01
201900013071,1,33,,0,2,1,1,B01
201900013071,2,7,,0,2,2,15,A01
201900013072,1,7,,0,2,3,16,B01
201900013072,1,33,,0,2,1,1,A01
201900013073,1,7,,0,0,2,1,A01
201900013074,2,33,,7,2,0,21,A01
201900013074,1,10,,7,2,1,1,B01
201900013075,2,7,,0,2,3,1,B01
201900013075,1,7,,0,2,1,13,A01
201900013076,2,7,,0,0,9,1,A01
201900013077,1,7,,0,2,1,0,C01
201900013077,1,14,,0,0,8,0,B01
201900013077,2,7,,0,2,1,0,A01
201900013078,2,7,,13,0,1,1,A01
201900013079,2,7,,0,2,1,0,B01
201900013079,2,7,,4,2,5,1,A01
201900013080,2,10,,0,2,6,1,B01
201900013080,2,7,,0,2,2,17,A01
201900013081,1,7,,0,2,1,1,A01
201900013081,1,7,,0,2,4,2,B01
201900013081,1,7,,0,2,4,2,C01
201900013082,2,7,,0,2,0,1,B01
201900013082,2,33,,0,2,0,0,A01
201900013083,1,33,,3,0,7,14,A01
201900013084,1,7,,0,2,4,2,B01
201900013084,1,15,,0,2,4,2,C01
201900013084,1,7,,0,2,1,2,A01
201900013085,1,43,,0,2,1,2,A01
201900013085,1,7,,0,2,5,2,B01
201900013086,1,33,,0,0,7,3,A01
201900013087,1,7,,0,2,1,2,A01
201900013087,1,7,,0,2,4,2,B01
201900013087,1,7,,0,0,4,2,C01
201900013088,1,7,,0,2,4,1,B01
201900013088,1,7,,0,2,1,1,A01
201900013089,2,7,,0,2,8,13,Z01
201900013089,2,33,,0,2,2,3,A01
201900013090,2,7,,0,2,6,11,A01
201900013090,2,33,,0,2,1,3,B01
201900013091,2,33,,0,2,2,3,B01
201900013091,2,10,,0,2,8,11,A01
201900013092,1,7,,0,2,1,1,A01
201900013092,1,10,,0,2,4,2,B01
201900013093,2,7,,0,2,4,1,C01
201900013093,2,7,,0,2,4,1,B01
201900013093,2,7,,0,2,1,1,A01
201900013094,1,7,,0,2,1,1,C01
201900013094,1,7,,0,2,4,1,B01
201900013094,1,7,,0,0,4,1,A01
201900013095,2,7,,12,2,8,1,B01
201900013095,2,7,,12,2,3,5,A01
201900013096,2,99,,0,1,7,26,A01
201900013097,3,10,,0,2,4,23,B01
201900013097,3,13,,0,1,1,9,A01
201900013098,1,7,,0,2,3,15,B01
201900013098,1,7,,0,2,7,2,A01
201900013099,2,7,,0,2,1,2,A01
201900013099,2,7,,0,2,4,23,B01
201900013099,2,7,,0,2,4,2,C01
201900013100,2,7,,15,0,1,0,A01
201900013101,0,3,,0,1,1,1,A01
201900013102,1,7,,0,2,2,9,B01
201900013102,3,1,,0,2,2,15,A01
201900013103,1,7,,4,2,4,2,B01
201900013103,1,7,,4,2,1,2,A01
201900013104,1,7,,0,1,0,1,A01
201900013105,1,7,,13,0,3,1,A01
201900013106,1,7,,0,2,1,2,A01
201900013106,1,7,,0,0,4,2,B01
201900013107,1,7,,6,0,8,2,A01
201900013108,0,7,,0,0,8,4,A01
201900013109,0,7,,0,2,1,15,A01
201900013109,0,30,,0,2,3,1,B01
201900013110,2,7,,0,2,2,0,A01
201900013110,2,7,,0,2,6,11,B01
201900013111,3,7,,0,1,2,26,A01
201900013112,2,7,,0,1,1,1,A01
201900013113,1,7,,3,0,1,1,A01
201900013114,2,7,,2,0,1,2,A01
201900013115,2,2,,0,0,7,26,A01
201900013116,2,33,,0,2,1,1,A01
201900013116,1,7,,0,2,6,26,B01
201900013117,0,7,,0,0,3,2,A01
201900013118,1,10,,0,2,7,15,A01
201900013118,1,7,,0,2,1,1,B01
201900013119,1,7,,0,2,1,2,A01
201900013119,1,7,,0,2,4,2,B01
201900013120,3,7,,0,1,1,9,A01
201900013121,1,33,,0,2,2,1,B01
201900013121,1,7,,0,2,6,2,A01
201900013122,1,31,,14,0,0,0,A01
201900013123,3,10,,0,2,3,1,B01
201900013123,3,7,,0,2,3,1,A01
201900013124,2,10,,0,2,2,15,A01
201900013124,2,33,,0,2,1,0,B01
201900013125,2,37,2.0,0,2,3,2,B01
201900013125,2,3,,0,2,7,19,A01
201900013126,3,7,,0,2,4,2,B01
201900013126,3,7,,0,1,1,26,A01
201900013127,3,1,,0,2,1,1,B01
201900013127,3,7,,0,2,2,15,A01
201900013128,0,7,,0,1,0,0,A01
201900013129,1,7,,0,2,1,2,A01
201900013129,1,7,,0,2,4,2,B01
201900013130,2,30,,0,2,3,15,B01
201900013130,1,33,,0,2,7,17,A01
201900013131,2,7,,0,2,3,1,B01
201900013131,1,1,,0,2,2,16,A01
201900013132,1,7,,0,1,1,1,A01
201900013133,3,2,,0,0,0,1,A01
201900013134,0,2,,0,2,1,17,A01
201900013134,0,37,1.0,0,2,0,1,C01
201900013134,0,7,,0,2,8,15,B01
201900013135,0,7,,0,1,4,4,A01
201900013136,0,33,,0,2,1,1,A01
201900013136,0,33,,0,2,4,0,B01
201900013137,2,7,,0,2,1,10,A01
201900013137,1,32,,0,2,8,1,B01
201900013138,1,7,,0,1,2,15,A01
201900013139,1,7,,0,2,2,9,A01
201900013139,1,2,,0,2,3,18,B01
201900013140,2,1,,0,2,3,1,B01
201900013140,1,7,,0,2,3,15,A01
201900013141,1,7,,0,2,5,15,A01
201900013141,2,7,,0,2,1,1,B01
201900013142,1,15,,0,2,2,12,B01
201900013142,1,7,,0,2,2,11,A01
201900013143,1,2,,0,1,0,1,A01
201900013144,2,1,,0,2,0,19,B01
201900013144,1,7,,0,2,1,1,A01
201900013145,1,7,,0,2,3,16,A01
201900013145,1,2,,0,2,7,1,B01
201900013146,1,7,,1,0,2,1,A01
201900013147,1,7,,0,1,1,15,A01
201900013148,3,7,,0,1,1,0,Z01
201900013149,3,7,,0,2,7,15,A01
201900013149,3,7,,0,2,1,1,B01
201900013150,2,10,,0,1,1,1,A01
201900013151,1,7,,1,0,1,1,Z01
201900013152,1,7,,0,1,1,1,A01
201900013153,1,7,,0,1,1,1,A01
201900013154,3,1,,0,2,1,26,B01
201900013154,3,7,,0,9,1,26,A01
201900013155,1,7,,0,1,1,1,A01
201900013156,3,7,,0,2,1,15,A01
201900013157,1,7,,0,2,1,2,A01
201900013157,1,7,,0,2,4,2,B01
201900013158,3,7,,0,2,8,19,A01
201900013158,3,33,,0,2,1,1,B01
201900013159,3,7,,0,2,1,13,A01
201900013159,3,7,,0,2,1,1,B01
201900013160,3,7,,0,2,1,15,A01
201900013161,3,7,,0,2,1,1,A01
201900013161,3,7,,0,2,1,23,B01
201900013161,3,7,,0,2,4,23,C01
201900013162,3,10,,0,1,4,4,A01
201900013163,0,33,,0,1,1,1,A01
201900013164,0,7,,0,1,1,1,A01
201900013165,0,7,,8,0,1,14,A01
201900013166,2,31,,0,2,8,1,B01
201900013166,1,7,,0,2,1,15,A01
201900013167,1,7,,6,0,1,1,A01
201900013168,1,7,,14,0,1,1,A01
201900013169,1,7,,0,2,1,2,A01
201900013169,1,7,,0,2,4,2,B01
201900013170,0,7,,0,2,2,1,A01
201900013170,0,7,,0,2,5,0,B01
201900013171,2,7,,0,2,3,1,A01
201900013171,2,7,,0,2,6,1,B01
201900013172,1,7,,0,2,1,2,A01
201900013172,1,7,,0,2,4,2,B01
201900013173,3,7,,0,2,3,1,B01
201900013173,3,7,,0,2,1,19,A01
201900013174,3,7,,0,1,2,1,A01
201900013175,0,7,,0,2,1,1,Z01
201900013175,0,7,,0,2,8,1,A01
201900013176,0,7,,13,0,9,1,A01
201900013177,1,2,,0,2,0,0,Z01
201900013177,3,33,,0,0,0,0,B01
201900013178,1,30,,0,0,0,0,A01
201900013179,2,7,,0,1,3,1,A01
201900013180,1,7,,12,0,1,26,A01
201900013181,1,7,,0,1,3,1,A01
201900013182,1,7,,0,2,2,12,Z01
201900013182,1,33,,0,2,8,1,A01
201900013183,2,7,,8,1,1,1,A01
201900013184,1,7,,0,1,1,1,A01
201900013185,2,33,,0,2,1,1,B01
201900013185,1,10,,0,2,5,15,A01
201900013186,2,7,,0,2,5,9,B01
201900013186,2,33,,0,2,3,1,A01
201900013187,2,2,,0,2,1,17,B01
201900013187,2,7,,0,2,3,10,A01
201900013188,2,50,,0,0,0,25,A01
201900013189,1,7,,0,2,0,1,Z01
201900013189,1,50,,0,2,7,1,A01
201900013190,1,33,,0,2,1,17,A01
201900013190,3,10,,0,2,8,15,B01
201900013191,1,7,,0,1,1,1,A01
201900013192,0,40,,0,1,1,1,A01
201900013193,1,7,,0,1,1,1,A01
201900013194,1,7,,0,2,1,2,A01
201900013194,1,7,,0,2,4,1,B01
201900013195,3,7,,0,2,3,13,A01
201900013195,3,7,,0,2,1,23,B01
201900013196,1,7,,0,2,2,18,A01
201900013196,1,7,,0,2,8,0,B01
201900013197,1,31,,0,0,0,1,A01
201900013198,1,7,,11,0,1,1,A01
201900013199,2,33,,0,2,4,2,B01
201900013199,2,7,,0,2,1,2,A01
201900013200,1,7,,12,0,1,13,A01
201900013201,2,7,,0,2,2,15,A01
201900013201,1,7,,0,2,1,1,B01
201900013202,2,30,,0,2,1,17,B01
201900013202,2,7,,0,2,3,13,A01
201900013203,2,33,,0,2,7,17,B01
201900013203,1,7,,0,2,1,19,A01
201900013204,1,30,,0,1,1,17,A01
201900013205,3,7,,0,2,2,15,A01
201900013205,3,33,,0,2,1,26,B01
201900013206,1,37,1.0,0,1,2,1,A01
201900013207,3,7,,0,2,3,1,B01
201900013207,3,7,,0,2,3,13,A01