Num_Acc,senc,catv,occutc,obs,obsm,choc,manv,num_veh
201900013208,1,13,,0,2,3,15,A01
201900013208,2,33,,0,2,1,14,B01
201900013209,3,7,,12,0,1,9,A01
201900013210,1,30,,0,0,0,1,A01
201900013211,3,7,,0,2,3,1,A01
201900013211,3,7,,0,2,2,15,B01
201900013212,1,7,,0,2,4,2,C01
201900013212,1,7,,0,2,4,2,B01
201900013212,1,7,,0,2,3,2,A01
201900013213,1,7,,10,0,1,26,A01
201900013214,1,31,,0,2,1,1,A01
201900013214,1,7,,0,2,4,1,B01
201900013215,1,7,,0,2,1,15,A01
201900013215,2,10,,0,2,6,1,B01
201900013216,1,7,,0,1,1,15,A01
201900013217,3,7,,0,1,3,19,A01
201900013218,1,7,,0,1,1,15,A01
201900013219,3,50,,0,2,1,19,A01
201900013219,1,32,,0,2,2,1,B01
201900013220,1,7,,0,2,4,2,C01
201900013220,1,7,,0,2,4,2,B01
201900013220,1,10,,0,2,1,2,A01
201900013221,3,7,,0,1,1,26,Z01
201900013222,2,7,,0,2,3,15,B01
201900013222,1,34,,0,2,1,1,A01
201900013223,2,7,,0,2,3,15,B01
201900013223,2,32,,0,2,2,17,A01
201900013224,3,10,,0,0,2,1,A01
201900013225,3,7,,0,2,3,9,A01
201900013225,2,7,,0,2,2,1,B01
201900013226,1,7,,0,1,4,1,B01
201900013226,1,7,,0,2,1,1,A01
201900013227,1,7,,0,1,0,1,A01
201900013228,2,10,,0,2,6,9,A01
201900013228,2,2,,0,2,1,1,B01
201900013229,1,13,,0,2,1,1,A01
201900013229,1,10,,0,2,4,1,B01
201900013229,1,7,,0,2,4,1,C01
201900013230,2,7,,0,2,3,10,A01
201900013230,2,2,,0,2,1,1,B01
201900013231,1,7,,0,2,1,0,A01
201900013231,1,1,,0,2,7,1,B01
201900013232,3,7,,0,0,9,1,A01
201900013233,1,7,,0,2,1,19,A01
201900013233,1,7,,0,2,3,1,B01
201900013233,1,7,,0,2,8,1,C01
201900013234,1,7,,0,2,1,1,A01
201900013234,2,7,,0,2,8,0,B01
201900013235,0,2,,0,2,8,1,A01
201900013235,0,7,,0,2,2,1,B01
201900013236,0,1,,1,0,1,1,B01
201900013236,0,7,,0,2,2,24,A01
201900013237,2,7,,0,1,3,16,A01
201900013237,0,60,,0,2,9,19,B01
201900013238,0,7,,0,2,1,15,A01
201900013238,0,7,,0,2,6,1,B01
201900013239,0,32,,11,0,0,13,A01
201900013240,0,33,,0,2,8,15,B01
201900013240,0,7,,0,2,7,1,A01
201900013241,0,7,,0,2,0,7,Z01
201900013241,0,32,,0,2,7,15,A01
201900013242,0,30,,0,0,8,1,A01
201900013243,2,7,,0,2,3,16,A01
201900013243,1,7,,0,2,2,1,B01
201900013244,3,1,,0,2,1,0,B01
201900013244,3,10,,0,2,3,15,A01
201900013245,3,7,,0,0,0,0,A01
201900013245,3,1,,0,2,1,1,B01
201900013246,2,33,,0,2,1,26,B01
201900013246,1,7,,0,2,8,10,A01
201900013247,2,7,,0,1,3,1,A01
201900013248,1,7,,0,1,3,1,A01
201900013249,2,2,,0,2,5,1,B01
201900013249,2,10,,0,2,3,9,A01
201900013250,1,30,,0,1,0,1,A01
201900013251,1,7,,0,1,4,26,A01
201900013252,2,7,,0,2,4,2,C01
201900013252,2,7,,0,2,4,2,B01
201900013252,2,7,,0,2,1,2,A01
201900013253,1,7,,0,2,4,2,C01
201900013253,1,7,,0,2,4,2,B01
201900013253,1,7,,0,2,1,2,A01
201900013254,1,33,,0,0,0,1,A01
201900013255,1,7,,0,1,3,1,B01
201900013255,2,7,,0,1,1,1,A01
201900013256,3,2,,0,2,1,1,A01
201900013256,3,7,,0,2,3,9,B01
201900013257,3,7,,0,2,1,1,B01
201900013257,3,30,,0,2,1,13,A01
201900013258,1,33,,0,2,1,2,A01
201900013258,1,7,,0,2,6,23,B01
201900013259,2,7,,15,0,1,1,A01
201900013260,1,7,,0,2,4,2,B01
201900013260,1,7,,0,2,1,2,A01
201900013261,1,7,,0,1,1,1,A01
201900013262,2,30,,0,2,2,15,A01
201900013262,2,7,,0,2,1,19,B01
201900013263,1,1,,0,2,2,9,A01
201900013263,1,7,,0,9,6,1,B01
201900013264,1,7,,0,1,1,1,A01
201900013265,1,7,,0,2,1,13,A01
201900013265,1,7,,0,2,3,5,B01
201900013266,1,7,,0,2,9,1,A01
201900013266,1,3,,0,2,9,1,B01
201900013267,1,7,,0,1,0,1,A01
201900013268,1,7,,0,2,1,1,B01
201900013268,1,7,,0,2,1,5,A01
201900013269,1,7,,0,2,3,9,A01
201900013269,1,2,,0,2,1,15,B01
201900013270,2,7,,0,2,2,2,A01
201900013270,2,7,,0,2,4,2,B01
201900013271,0,7,,0,2,2,15,B01
201900013271,2,2,,0,2,7,1,A01
201900013272,1,30,,0,0,7,0,A01
201900013273,1,7,,0,2,2,0,A01
201900013273,1,1,,0,2,9,0,B01
201900013273,0,7,,0,2,8,0,C01
201900013274,2,30,,0,2,1,1,A01
201900013274,2,14,,0,2,3,16,B01
201900013275,2,7,,0,1,2,17,A01
201900013276,0,1,,0,2,2,16,B01
201900013276,0,7,,0,2,5,16,A01
201900013277,0,7,,0,2,3,26,B01
201900013277,0,30,,0,2,1,26,A01
201900013278,0,7,,0,1,1,5,A01
201900013279,0,1,,0,2,1,2,A01
201900013279,0,7,,0,2,5,2,B01
201900013280,1,7,,0,2,2,16,B01
201900013280,1,32,,0,2,8,18,A01
201900013281,2,32,,0,2,6,1,A01
201900013281,3,7,,0,2,6,15,B01
201900013282,1,2,,0,2,5,2,B01
201900013282,1,10,,0,2,1,9,A01
201900013283,1,7,,0,1,2,19,A01
201900013284,3,33,,12,0,1,1,A01
201900013285,3,31,,0,2,1,1,A01
201900013285,3,7,,0,2,2,15,B01
201900013286,2,1,,1,0,1,21,B01
201900013286,2,7,,0,2,8,24,A01
201900013287,1,7,,0,2,6,14,B01
201900013287,1,34,,0,2,2,3,A01
201900013288,2,7,,0,1,1,1,A01
201900013289,1,7,,0,0,4,2,B01
201900013289,1,7,,0,2,1,2,A01
201900013290,1,7,,0,2,1,1,Z01
201900013290,1,1,,0,2,4,1,A01
201900013291,2,7,,0,2,1,1,B01
201900013291,1,50,,0,2,1,19,A01
201900013292,0,7,,0,2,1,1,A01
201900013292,0,33,,0,2,4,1,B01
201900013292,0,7,,0,2,4,1,C01
201900013293,2,34,,0,2,1,1,A01
201900013293,1,7,,0,2,0,20,B01
201900013294,2,37,1.0,0,2,2,1,A01
201900013294,1,1,,0,2,1,1,B01
201900013295,2,7,,0,2,3,1,A01
201900013295,1,2,,0,2,1,1,B01
201900013296,2,33,,0,2,7,1,B01
201900013296,1,7,,0,2,1,15,A01
201900013297,2,33,,0,2,0,0,B01
201900013297,1,7,,0,2,8,1,A01
201900013298,1,33,,0,0,0,1,A01
201900013299,2,7,,0,2,1,1,B01
201900013299,2,7,,0,2,4,1,A01
201900013300,0,33,,3,0,0,1,A01
201900013301,0,7,,4,0,1,1,A01
201900013302,0,7,,0,2,1,15,B01
201900013302,0,30,,0,2,8,17,A01
201900013303,0,10,,0,1,1,1,A01
201900013304,1,33,,0,2,8,3,B01
201900013304,1,7,,0,2,7,12,A01
201900013305,0,7,,0,2,1,1,A01
201900013305,0,7,,0,2,3,1,B01
201900013306,1,34,,3,0,0,11,A01
201900013307,3,7,,0,2,1,17,A01
201900013307,0,7,,0,2,8,15,B01
201900013308,3,7,,8,0,1,14,A01
201900013309,2,7,,8,0,3,0,A01
201900013310,1,7,,0,2,1,13,A01
201900013310,2,7,,0,2,1,1,B01
201900013311,1,7,,0,2,7,1,B01
201900013311,3,10,,0,2,4,4,A01
201900013312,1,7,,0,2,1,2,A01
201900013312,1,1,,0,2,6,0,B01
201900013313,1,7,,0,2,3,15,B01
201900013313,2,33,,0,2,1,1,A01
201900013314,1,7,,0,2,1,1,A01
201900013314,1,7,,0,0,4,1,B01
201900013315,1,7,,0,1,5,13,A01
201900013316,1,7,,0,1,2,1,A01
201900013317,1,1,,0,0,0,1,A01
201900013318,1,7,,0,2,1,0,B01
201900013318,1,7,,0,2,6,4,A01
201900013319,1,7,,0,2,0,0,B01
201900013319,1,7,,0,2,3,15,A01
201900013320,2,34,,1,0,7,17,B01
201900013320,2,7,,0,2,8,23,A01
201900013321,1,34,,0,2,1,2,B01
201900013321,1,10,,0,2,8,15,A01
201900013322,0,7,,0,2,7,15,A01
201900013322,0,7,,0,2,1,1,B01
201900013323,2,7,,0,2,1,16,B01
201900013323,1,7,,0,2,1,5,A01
201900013324,1,2,,0,2,2,1,B01
201900013324,2,7,,0,2,3,9,A01
201900013325,1,7,,0,2,1,1,B01
201900013325,1,33,,0,2,5,1,A01
201900013326,3,7,,0,2,1,21,A01
201900013326,3,7,,0,2,7,0,B01
201900013327,1,7,,0,2,8,26,C01
201900013327,2,7,,0,2,6,26,B01
201900013327,1,7,,0,2,3,26,A01
201900013328,2,7,,0,2,5,26,B01
201900013328,2,30,,0,2,1,26,A01
201900013329,1,7,,4,2,1,14,A01
201900013329,1,7,,0,2,1,1,B01
201900013330,2,33,,0,2,7,3,B01
201900013330,2,10,,0,2,6,11,A01
201900013331,2,7,,0,2,4,2,A01
201900013331,2,10,,0,2,1,2,Z01
201900013332,1,10,,0,2,2,5,B01
201900013332,2,31,,0,2,1,1,A01
201900013333,1,10,,0,2,3,1,A01
201900013333,1,1,,0,2,6,19,B01
201900013334,2,1,,0,2,1,9,A01
201900013334,1,7,,0,2,3,1,B01
201900013335,1,2,,0,2,8,1,B01
201900013335,1,10,,0,2,5,15,A01
201900013336,1,7,,0,2,7,16,B01
201900013336,1,33,,0,2,3,18,A01
201900013337,1,32,,0,1,1,1,A01
201900013338,2,7,,0,1,3,1,A01
201900013339,2,33,,0,2,1,2,A01
201900013339,2,10,,0,2,4,2,B01
201900013340,2,33,,0,2,8,16,B01
201900013340,1,7,,0,2,2,15,A01
201900013341,1,1,,12,0,8,14,A01
201900013342,2,1,,12,0,1,14,A01
201900013343,2,7,,0,2,3,1,A01
201900013343,2,33,,0,2,3,14,B01
201900013344,1,10,,0,2,2,15,A01
201900013344,2,30,,0,2,3,1,B01
201900013345,2,7,,0,2,8,22,A01
201900013345,2,33,,0,2,0,1,B01
201900013346,2,30,,0,1,1,17,A01
201900013347,1,1,,0,2,4,1,A01
201900013347,1,33,,0,2,1,1,B01
201900013348,1,30,,0,2,3,1,B01
201900013348,1,7,,0,2,6,13,A01
201900013349,1,7,,0,1,2,1,A01
201900013350,1,7,,0,2,2,15,A01
201900013350,2,42,,0,2,1,1,B01
201900013351,3,7,,0,1,7,7,A01
201900013352,1,32,,0,2,4,2,A01
201900013352,1,7,,0,2,1,2,Z01
201900013353,1,7,,0,2,6,15,A01
201900013353,1,1,,0,2,2,1,B01
201900013354,1,10,,1,0,1,1,A01
201900013354,0,10,,1,0,6,24,B01
201900013355,1,7,,0,2,4,23,B01
201900013355,1,33,,0,2,4,2,A01
201900013356,0,7,,0,2,3,1,A01
201900013356,0,31,,0,2,2,2,B01
201900013357,1,7,,0,2,2,1,A01
201900013357,1,7,,0,2,1,1,B01
201900013358,3,7,,0,1,4,20,Z01
201900013359,1,1,,1,0,1,1,B01
201900013359,1,7,,0,2,8,24,A01
201900013360,2,33,,0,6,1,5,A01
201900013360,1,1,,0,2,1,1,B01
201900013361,1,7,,0,2,2,9,A01
201900013361,1,33,,0,2,1,17,B01
201900013362,3,7,,0,1,1,16,A01
201900013363,2,7,,0,1,1,1,A01
201900013364,0,33,,0,2,8,1,B01
201900013364,0,7,,0,2,7,1,A01
201900013365,1,3,,0,1,2,1,A01
201900013366,2,7,,0,1,3,9,A01
201900013367,1,7,,0,2,1,1,A01
201900013367,1,7,,0,2,4,1,B01
201900013368,2,7,,0,0,0,14,A01
201900013369,0,50,,0,2,3,11,B01
201900013369,0,7,,0,0,0,0,Z01
201900013370,2,7,,0,1,4,4,A01
201900013371,2,33,,0,2,1,1,B01
201900013371,1,10,,0,2,3,1,A01
201900013372,3,3,,0,2,3,1,B01
201900013372,3,3,,0,2,2,19,A01
201900013373,3,7,,0,1,7,1,A01
201900013374,3,7,,0,2,2,2,A01
201900013374,3,1,,0,2,4,2,B01
201900013375,0,30,,0,1,1,16,A01
201900013376,1,40,,0,1,2,1,A01
201900013377,1,7,,0,2,0,1,A01
201900013377,1,33,,0,0,7,1,B01
201900013378,1,7,,0,2,1,1,A01
201900013378,3,7,,0,2,5,1,C01
201900013378,3,7,,0,2,4,2,B01
201900013379,2,7,,0,1,1,1,A01
201900013380,1,7,,0,0,2,21,A01
201900013381,2,7,,0,2,4,2,B01
201900013381,2,7,,0,2,1,2,A01
201900013382,0,7,,0,1,3,1,A01
201900013383,1,32,,0,2,1,17,A01
201900013383,0,7,,0,2,8,15,B01
201900013384,1,7,,1,2,1,26,C01
201900013384,1,7,,0,2,4,26,A01
201900013385,1,7,,0,2,1,0,A01
201900013385,2,2,,1,2,4,5,C01
201900013385,2,7,,0,2,2,5,B01
201900013386,1,7,,1,1,2,17,B01
201900013386,3,7,,0,0,0,23,A01
201900013387,3,7,,0,2,8,1,B01
201900013387,3,7,,0,2,1,26,A01
201900013388,3,30,,11,0,0,2,A01
201900013389,1,7,,2,1,1,14,A01
201900013390,2,7,,0,1,0,1,A01
201900013391,1,13,,0,2,3,2,B01
201900013391,1,7,,0,2,2,1,A01
201900013392,1,7,,0,2,6,15,B01
201900013392,1,33,,0,2,1,17,A01
201900013393,3,30,,0,2,1,15,A01
201900013393,3,7,,0,2,7,15,B01
201900013394,2,7,,0,2,3,15,A01
201900013394,1,33,,0,2,8,1,B01
201900013395,1,10,,0,2,1,2,A01
201900013395,1,10,,0,2,4,2,B01
201900013396,1,14,,0,1,0,16,A01
201900013397,1,34,,0,2,1,17,A01
201900013397,1,7,,0,2,3,13,B01
201900013397,2,7,,0,2,6,1,C01
201900013398,1,43,,0,2,2,1,B01
201900013398,1,7,,0,2,3,10,A01
201900013399,2,7,,0,1,3,1,Z01
201900013400,3,50,,0,0,0,1,A01
201900013401,2,30,,0,2,3,18,A01
201900013401,2,7,,0,2,7,16,B01
201900013402,2,7,,0,1,1,1,A01
201900013403,1,31,,0,2,2,1,B01
201900013403,1,1,,0,2,2,13,A01
201900013404,1,30,,0,2,1,7,A01
201900013404,1,10,,0,2,2,16,B01
201900013405,1,7,,0,1,1,1,A01
201900013406,2,2,,1,0,1,14,A01
201900013407,2,7,,0,1,4,20,A01
201900013408,2,7,,0,2,2,15,A01
201900013408,1,2,,0,2,3,1,B01
201900013409,1,37,2.0,0,2,3,2,A01
201900013409,1,7,,0,2,5,2,B01
201900013410,1,30,,0,0,0,1,A01
201900013411,1,33,,0,2,3,12,A01
201900013411,1,7,,0,2,5,12,B01
201900013412,1,7,,0,2,3,1,A01
201900013412,2,1,,0,2,0,1,B01
201900013413,1,7,,0,2,0,10,Z01
201900013413,2,33,,0,2,1,1,A01
201900013414,3,7,,0,2,2,1,A01
201900013414,1,50,,0,2,0,16,B01
201900013415,2,32,,0,2,2,18,B01
201900013415,2,7,,0,2,2,1,A01
201900013416,2,10,,0,1,1,1,Z01
201900013417,1,34,,0,1,1,1,A01
201900013418,1,33,,0,2,7,1,B01
201900013418,1,7,,0,2,6,15,A01
201900013419,1,7,,1,0,1,1,A01
201900013420,2,14,,0,2,1,2,A01
201900013420,2,10,,0,2,4,2,B01
201900013421,0,7,,0,2,2,15,A01
201900013421,2,10,,0,2,3,1,B01
201900013422,2,37,3.0,0,2,3,0,B01
201900013422,2,7,,0,2,7,16,A01
201900013423,1,34,,0,2,1,1,B01
201900013423,1,7,,0,2,3,20,A01
201900013424,1,32,,0,2,1,3,A01
201900013424,1,10,,0,2,6,2,B01
201900013425,1,7,,0,2,2,1,B01
201900013425,0,30,,0,2,1,2,A01
201900013426,3,33,,0,0,3,14,A01
201900013427,1,10,,0,2,3,2,B01
201900013427,2,7,,0,2,3,13,A01
201900013428,1,7,,0,2,0,15,A01
201900013428,1,32,,0,2,1,1,B01
201900013429,2,3,,0,2,4,2,A01
201900013429,2,10,,0,2,1,2,B01
201900013430,1,2,,0,2,1,13,A01
201900013430,2,7,,0,2,2,15,B01
201900013431,0,99,,0,2,1,26,B01
201900013431,0,7,,8,1,2,15,A01
201900013432,2,10,,0,2,1,1,A01
201900013432,0,10,,0,2,0,0,B01
201900013433,1,7,,0,2,7,15,A01
201900013433,2,2,,0,2,1,1,B01
201900013434,1,30,,0,1,1,18,A01
201900013435,2,13,,0,2,2,1,A01
201900013435,2,7,,0,2,8,1,B01
201900013436,3,2,,0,1,1,1,A01
201900013437,1,30,,0,2,1,1,A01
201900013437,1,7,,0,2,7,16,B01
201900013438,1,7,,0,2,4,23,B01
201900013438,1,7,,0,2,0,0,A01
201900013439,3,7,,0,2,1,1,A01
201900013439,3,7,,0,2,4,1,B01
201900013439,3,7,,0,2,4,1,C01
201900013440,1,33,,0,2,1,1,B01
201900013440,2,7,,0,2,8,15,A01
201900013441,3,7,,13,0,1,14,A01
201900013442,2,7,,0,2,2,1,A01
201900013442,2,15,,0,2,6,1,B01
201900013443,1,32,,0,2,3,1,A01
201900013443,2,7,,0,2,1,19,B01
201900013444,2,1,,0,2,7,12,A01
201900013444,2,7,,0,2,8,18,B01
201900013445,1,33,,0,0,8,1,A01
201900013446,2,7,,0,2,3,5,B01
201900013446,1,37,4.0,0,0,8,1,A01
201900013447,2,10,,13,0,1,2,A01
201900013448,1,7,,9,0,1,1,A01
201900013449,1,7,,13,0,1,15,A01
201900013450,2,7,,8,2,7,13,A01
201900013450,1,7,,0,2,1,1,B01
201900013451,2,7,,0,2,0,1,B01
201900013451,1,7,,0,2,0,19,A01
201900013452,1,7,,0,2,5,15,A01
201900013452,2,1,,0,2,1,1,B01
201900013453,3,7,,0,2,3,1,B01
201900013453,3,7,,0,2,3,17,A01
201900013454,2,33,,15,0,1,2,A01
201900013455,2,2,,0,2,1,1,B01
201900013455,1,7,,0,2,1,17,A01
201900013456,1,10,,7,2,1,1,A01
201900013456,2,7,,0,2,1,15,B01
201900013457,2,7,,0,2,4,1,B01
201900013457,2,7,,0,0,4,1,A01
201900013457,2,7,,0,2,1,1,C01
201900013458,2,33,,0,2,2,17,A01
201900013458,2,21,,0,2,8,15,B01
201900013459,0,7,,0,2,7,15,A01
201900013459,1,7,,0,2,3,23,C01
201900013459,2,7,,0,2,1,1,B01
201900013460,2,1,,0,2,1,1,B01
201900013460,1,7,,0,2,3,9,A01
201900013461,1,1,,0,0,0,26,A01
201900013462,1,7,,0,2,3,13,B01
201900013462,2,10,,0,2,3,1,A01
201900013463,1,7,,0,2,1,13,A01
201900013463,2,31,,0,2,1,1,B01
201900013464,1,2,,0,2,1,1,C01
201900013464,1,7,,0,2,5,17,B01
201900013464,1,7,,0,2,4,16,A01
201900013465,2,17,,0,2,1,2,A01
201900013465,2,17,,0,2,1,2,B01
201900013465,2,17,,0,2,1,2,C01
201900013465,2,17,,0,0,4,2,D01
201900013466,3,7,,0,2,1,13,A01
201900013466,3,7,,0,2,1,1,B01
201900013467,0,3,,0,2,6,11,B01
201900013467,0,32,,0,2,1,17,A01
201900013468,1,7,,0,2,8,1,B01
201900013468,1,7,,0,2,2,1,A01
201900013469,3,7,,0,2,3,17,A01
201900013469,3,10,,0,2,3,16,B01
201900013469,3,10,,0,0,-1,1,C01
201900013470,1,33,,0,2,1,5,A01
201900013470,2,7,,0,2,1,14,B01
201900013471,2,7,,2,2,3,1,B01
201900013471,1,7,,0,2,1,13,A01
201900013472,2,7,,6,0,2,1,A01
201900013473,2,33,,4,0,7,1,A01
201900013474,1,7,,0,2,3,1,B01
201900013474,2,7,,0,2,3,13,A01
201900013475,1,7,,0,2,2,10,A01
201900013475,1,31,,0,2,1,17,B01
201900013476,0,7,,0,0,4,2,A01
201900013476,0,1,,0,2,1,2,B01
201900013477,2,7,,1,0,1,14,A01
201900013477,2,7,,0,2,4,23,B01
201900013478,1,10,,0,2,6,1,B01
201900013478,1,7,,0,2,2,9,A01
201900013479,2,10,,0,2,5,1,B01
201900013479,2,10,,0,2,8,1,C01
201900013479,2,33,,0,2,1,12,A01
201900013480,1,7,,3,2,8,1,B01
201900013480,1,17,,0,2,1,12,A01
201900013481,1,7,,0,2,1,1,C01
201900013481,1,7,,0,2,1,1,B01
201900013481,1,10,,0,2,4,11,A01
201900013482,2,7,,0,2,1,0,A01
201900013482,2,7,,0,2,4,1,B01
201900013483,2,33,,0,0,8,3,A01
201900013484,1,7,,0,2,4,1,B01
201900013484,1,7,,0,2,1,12,A01
201900013485,1,7,,0,2,1,21,C01
201900013485,1,7,,0,2,6,24,B01
201900013485,1,20,,0,2,2,26,A01
201900013486,2,7,,4,0,2,1,A01
201900013487,2,7,,4,0,2,1,A01
201900013488,2,7,,0,2,1,2,A01
201900013488,2,7,,0,2,4,2,B01
201900013489,2,7,,3,0,7,1,A01
201900013490,2,7,,0,2,4,23,B01
201900013490,2,10,,1,0,1,1,A01
201900013491,2,7,,0,2,1,2,B01
201900013491,2,7,,0,2,4,2,A01
201900013492,2,10,,0,2,3,15,A01
201900013492,1,33,,0,2,1,1,B01
201900013493,2,15,,6,0,1,14,A01
201900013494,1,7,,3,0,7,1,A01
201900013495,0,2,,0,2,1,13,A01
201900013495,0,7,,0,2,1,1,B01
201900013496,2,33,,0,1,7,1,A01
201900013497,1,31,,0,2,1,3,B01
201900013497,1,7,,0,2,5,12,A01
201900013498,3,1,,0,2,8,19,B01
201900013498,3,7,,0,2,1,16,A01
201900013499,1,7,,0,2,6,2,C01
201900013499,1,31,,0,2,3,3,B01
201900013499,1,7,,0,2,3,11,A01
201900013500,3,7,,0,2,4,1,A01
201900013500,3,10,,0,2,1,1,C01
201900013500,3,7,,0,2,4,1,B01
201900013501,1,7,,1,0,4,23,A01
201900013501,1,7,,1,2,0,0,C01
201900013501,1,7,,0,2,1,1,B01
201900013502,1,7,,14,2,1,26,A01
201900013502,1,7,,14,2,1,2,C01
201900013502,1,7,,14,2,4,2,B01
201900013503,1,7,,0,2,3,2,A01
201900013503,1,10,,0,2,6,1,B01
201900013504,1,10,,0,2,3,15,A01
201900013504,1,33,,0,2,8,17,B01
201900013505,2,31,,0,2,1,26,A01
201900013505,2,7,,0,1,4,0,B01
201900013506,1,30,,0,1,0,26,A01
201900013507,1,10,,0,2,1,1,B01
201900013507,1,7,,0,1,4,26,A01
201900013508,2,7,,0,1,3,1,A01
201900013509,2,7,,0,2,3,9,A01
201900013509,2,32,,0,2,1,1,B01
201900013510,2,7,,0,1,1,1,A01
201900013511,3,7,,0,0,9,1,A01
201900013512,3,7,,0,1,2,13,A01
201900013513,0,7,,0,2,3,15,B01
201900013513,0,30,,0,2,1,17,A01
201900013514,2,7,,6,0,1,13,A01
201900013515,3,7,,0,2,1,0,Z01
201900013515,3,1,,0,2,3,1,A01
201900013516,3,7,,0,6,1,1,B01
201900013516,2,1,,0,2,7,19,A01
201900013517,2,1,,0,2,1,1,A01
201900013518,3,7,,0,1,1,1,A01
201900013519,2,10,,0,2,1,1,A01
201900013519,2,7,,0,2,4,23,C01
201900013519,2,7,,0,2,4,23,B01
201900013520,1,7,,0,2,8,15,B01
201900013520,1,2,,0,2,1,1,A01
201900013521,2,7,,0,2,1,2,A01
201900013521,2,7,,0,2,4,2,B01
201900013521,2,7,,0,2,4,2,C01
201900013522,1,7,,0,1,1,15,A01
201900013523,3,7,,0,2,5,16,A01
201900013523,2,7,,0,2,5,1,B01
201900013523,2,7,,0,2,8,23,C01
201900013524,0,7,,0,2,8,24,A01
201900013525,2,7,,0,2,4,23,B01
201900013525,2,7,,0,2,1,1,A01
201900013526,3,7,,0,2,3,1,A01
201900013526,3,30,,0,2,2,1,B01
201900013527,2,7,,6,0,1,14,A01
201900013528,0,7,,0,1,0,1,A01
201900013529,3,7,,0,1,2,1,A01
201900013530,1,7,,0,0,1,14,A01
201900013531,1,7,,0,2,4,1,C01
201900013531,1,7,,0,2,4,1,B01
201900013531,1,7,,0,2,1,1,A01
201900013532,2,1,,11,0,1,21,A01
201900013533,1,7,,0,2,1,9,A01
201900013533,3,50,,0,2,7,9,B01
201900013534,1,7,,0,2,4,1,A01
201900013534,1,7,,0,2,1,1,B01
201900013535,0,7,,6,0,1,1,A01
201900013536,0,33,,0,2,4,23,B01
201900013536,3,7,,0,2,1,2,A01
201900013537,0,7,,0,1,1,1,B01
201900013537,0,7,,0,2,1,1,A01
201900013538,1,7,,2,0,3,13,A01
201900013539,1,7,,0,1,1,16,A01
201900013540,3,7,,0,2,3,0,B01
201900013540,1,7,,14,2,3,1,A01
201900013541,2,7,,0,2,4,1,A01
201900013541,2,7,,0,2,1,1,B01
201900013542,2,7,,1,2,6,26,B01
201900013542,2,7,,0,2,3,13,A01
201900013543,0,7,,0,2,3,9,A01
201900013543,2,7,,0,2,2,1,B01
201900013544,3,33,,0,1,3,1,A01
201900013545,3,7,,0,1,2,1,A01
201900013546,1,7,,0,0,0,0,Z01
201900013546,2,7,,0,2,4,1,C01
201900013546,1,7,,0,2,3,1,B01
201900013547,1,7,,0,1,3,15,A01
201900013548,0,7,,0,2,1,1,A01
201900013548,0,7,,0,2,4,23,B01
201900013549,0,33,,0,2,1,1,B01
201900013549,0,7,,0,2,8,10,A01
201900013550,1,7,,0,2,1,16,A01
201900013550,1,1,,0,2,1,1,B01
201900013551,1,7,,0,1,1,1,A01
201900013552,2,7,,0,1,3,1,A01
201900013553,1,10,,0,1,1,1,A01
201900013554,2,10,,0,1,1,1,A01
201900013555,1,7,,0,2,8,1,B01
201900013555,1,33,,0,2,7,1,A01
201900013556,2,2,,0,2,1,25,A01
201900013556,3,7,,0,2,7,24,B01
201900013557,2,7,,6,0,1,2,A01
201900013558,2,7,,11,2,6,19,A01
201900013558,1,7,,0,2,6,26,B01
201900013559,1,7,,0,1,2,1,A01
201900013560,1,7,,0,2,4,23,B01
201900013560,1,7,,0,0,6,20,C01
201900013560,1,7,,0,2,1,2,A01
201900013561,1,7,,0,2,1,2,A01
201900013561,3,7,,0,2,4,2,B01
201900013561,3,7,,0,2,4,2,C01
201900013562,3,7,,0,1,3,0,A01
201900013563,1,7,,0,2,1,1,A01
201900013563,1,7,,0,2,7,1,B01
201900013564,2,7,,0,1,1,1,A01
201900013565,2,7,,0,2,2,1,A01
201900013565,1,1,,0,2,8,19,B01
201900013566,1,7,,12,0,2,14,A01
201900013567,2,7,,0,2,1,2,A01
201900013567,2,33,,0,2,4,1,B01
201900013568,2,7,,0,1,2,1,A01
201900013569,2,30,,0,2,1,1,B01
201900013569,1,7,,0,2,7,15,A01
201900013570,3,10,,0,2,3,1,B01
201900013570,3,10,,0,2,3,13,A01
201900013571,0,7,,0,1,0,0,B01
201900013572,1,7,,0,2,4,2,B01
201900013572,1,7,,0,2,1,2,A01
201900013573,2,7,,0,1,1,1,A01
201900013574,0,10,,8,0,2,14,A01
201900013575,0,7,,0,2,1,2,A01
201900013575,0,7,,0,2,4,2,B01
201900013576,0,7,,0,1,3,4,A01
201900013577,1,7,,1,0,1,1,A01
201900013577,1,7,,0,2,4,1,B01
201900013577,1,7,,0,2,4,1,C01
201900013578,1,7,,11,2,0,1,A01
201900013579,1,50,,0,2,1,1,B01
201900013579,2,7,,0,2,7,15,A01
201900013580,1,7,,0,2,8,1,C01
201900013580,2,7,,0,2,4,10,B01
201900013580,2,7,,0,2,3,1,A01
201900013581,1,14,,0,1,2,1,A01
201900013582,1,7,,0,2,1,1,A01
201900013582,1,50,,0,2,8,1,B01
201900013583,1,7,,0,2,4,1,B01
201900013583,1,7,,0,2,1,2,A01
201900013584,3,7,,0,2,3,1,C01
201900013584,3,7,,0,2,2,1,A01
201900013584,3,10,,0,2,1,1,B01