Num_Acc,senc,catv,occutc,obs,obsm,choc,manv,num_veh
201900013585,3,7,,0,2,3,1,B01
201900013585,3,7,,0,2,2,15,A01
201900013586,3,31,,0,0,2,1,A01
201900013587,2,7,,4,0,1,1,A01
201900013588,1,10,,0,1,2,1,A01
201900013589,1,10,,0,2,2,1,A01
201900013589,2,7,,1,2,3,1,B01
201900013590,2,7,,2,0,1,15,A01
201900013591,2,10,,0,1,3,15,A01
201900013592,2,7,,0,2,1,1,A01
201900013592,2,7,,0,2,4,15,B01
201900013593,1,7,,9,0,1,14,A01
201900013594,1,7,,0,1,5,20,A01
201900013595,1,7,,0,2,8,21,A01
201900013595,1,7,,0,2,1,1,B01
201900013595,1,7,,0,2,1,2,C01
201900013596,3,7,,0,1,3,26,A01
201900013597,0,7,,0,1,4,4,A01
201900013598,2,7,,0,1,3,0,A01
201900013599,1,7,,0,2,9,1,B01
201900013599,1,7,,0,2,1,1,A01
201900013599,1,7,,0,2,4,1,C01
201900013600,0,7,,0,2,2,1,A01
201900013600,0,7,,0,2,8,1,B01
201900013601,1,7,,0,2,3,9,A01
201900013601,1,7,,0,2,9,1,B01
201900013602,0,7,,0,2,3,9,A01
201900013602,0,32,,0,2,1,1,B01
201900013603,2,1,,0,2,1,0,B01
201900013604,2,7,,14,0,4,23,A01
201900013604,2,7,,0,2,1,2,B01
201900013604,2,7,,0,2,4,0,C01
201900013604,2,7,,0,2,1,1,D01
201900013605,3,7,,0,1,3,1,A01
201900013606,2,7,,0,1,3,1,A01
201900013607,1,10,,0,1,1,12,A01
201900013608,1,1,,0,2,7,2,A01
201900013608,2,7,,0,2,1,1,B01
201900013609,2,10,,0,1,2,1,A01
201900013610,1,7,,0,1,1,1,A01
201900013611,1,7,,0,2,1,1,A01
201900013611,3,7,,0,2,7,4,B01
201900013612,0,10,,12,2,7,1,A01
201900013612,1,7,,0,0,1,19,B01
201900013613,3,0,,0,1,0,0,A01
201900013614,0,7,,0,2,1,15,A01
201900013614,3,7,,6,2,1,1,B01
201900013615,1,7,,0,1,7,1,A01
201900013616,1,7,,0,2,1,1,B01
201900013616,0,7,,0,2,7,19,A01
201900013617,3,7,,0,2,1,1,Z01
201900013617,3,7,,0,2,4,1,B01
201900013618,1,33,,0,2,1,1,B01
201900013618,2,10,,0,2,0,15,A01
201900013619,1,7,,0,1,3,0,Z01
201900013620,2,2,,0,2,1,2,B01
201900013620,1,7,,0,2,3,2,C01
201900013620,2,7,,0,2,4,13,A01
201900013621,3,7,,0,2,1,1,A01
201900013621,3,7,,0,2,1,9,B01
201900013622,1,7,,0,2,4,20,A01
201900013622,1,33,,0,2,1,2,B01
201900013623,1,33,,0,2,8,9,B01
201900013623,0,7,,0,2,0,0,A01
201900013624,3,7,,0,2,4,23,B01
201900013624,3,7,,0,2,1,9,A01
201900013625,3,31,,0,2,1,17,B01
201900013625,3,7,,0,2,3,15,A01
201900013626,1,7,,0,2,3,15,A01
201900013626,2,32,,0,2,2,1,B01
201900013627,3,7,,0,1,2,16,A01
201900013628,3,7,,0,1,1,1,A01
201900013629,3,2,,0,2,2,2,B01
201900013629,3,7,,0,2,1,9,A01
201900013630,3,33,,0,1,1,26,A01
201900013631,2,33,,0,2,1,1,B01
201900013631,3,16,,0,2,2,15,A01
201900013632,2,7,,0,2,3,26,A01
201900013632,2,2,,0,2,7,17,B01
201900013633,2,7,,0,2,3,13,A01
201900013633,1,7,,0,2,3,1,B01
201900013634,1,1,,0,2,1,1,B01
201900013634,1,7,,0,2,2,16,A01
201900013635,1,7,,13,0,8,1,A01
201900013636,1,7,,0,2,1,2,A01
201900013636,1,7,,0,2,4,2,B01
201900013637,1,7,,0,2,6,11,Z01
201900013637,1,43,,0,2,7,1,A01
201900013638,2,7,,0,2,5,12,A01
201900013638,2,33,,0,2,1,3,B01
201900013639,1,7,,0,2,2,14,A01
201900013639,1,33,,0,2,3,3,B01
201900013640,2,43,,1,2,1,17,B01
201900013640,2,7,,0,2,8,13,A01
201900013641,1,10,,0,1,3,1,A01
201900013642,2,33,,0,1,7,5,A01
201900013642,2,7,,0,2,2,5,B01
201900013643,2,10,,0,1,3,1,A01
201900013644,1,7,,0,1,1,15,A01
201900013645,1,1,,0,2,1,17,B01
201900013645,1,10,,0,2,6,4,A01
201900013646,2,33,,0,2,1,1,B01
201900013646,2,7,,0,2,6,15,A01
201900013647,1,30,,0,1,1,1,A01
201900013648,1,30,,0,2,2,1,B01
201900013648,1,10,,0,2,3,10,A01
201900013649,1,7,,1,1,2,13,A01
201900013650,1,7,,0,2,0,9,Z01
201900013650,1,30,,0,2,2,1,A01
201900013651,2,7,,0,2,1,15,A01
201900013651,3,32,,0,2,4,1,B01
201900013652,2,30,,0,1,3,1,Z01
201900013653,2,7,,0,2,3,10,A01
201900013653,2,33,,0,2,1,1,B01
201900013654,1,7,,0,2,2,1,A01
201900013654,2,30,,0,2,5,20,B01
201900013655,2,7,,0,1,2,1,A01
201900013656,1,7,,0,2,3,15,A01
201900013656,2,33,,0,2,8,1,B01
201900013657,1,33,,0,0,8,1,A01
201900013658,2,7,,0,2,3,15,A01
201900013658,2,32,,0,2,5,17,B01
201900013659,1,7,,0,2,3,9,A01
201900013659,1,1,,0,2,5,1,B01
201900013660,2,10,,0,2,3,9,A01
201900013660,0,33,,0,2,1,1,B01
201900013661,2,30,,0,0,0,16,A01
201900013662,2,7,,0,1,1,1,Z01
201900013663,2,7,,0,1,4,4,A01
201900013664,1,7,,11,0,1,13,A01
201900013665,3,32,,0,0,2,16,A01
201900013666,3,80,,0,0,7,1,A01
201900013667,1,3,,9,0,1,0,A01
201900013668,2,7,,0,6,1,1,A01
201900013668,2,1,,0,2,7,19,B01
201900013669,1,32,,0,2,1,2,A01
201900013669,1,7,,0,2,6,2,B01
201900013670,0,7,,0,2,2,1,B01
201900013670,0,7,,0,2,3,10,A01
201900013671,3,7,,1,1,2,1,A01
201900013672,3,7,,1,0,4,0,B01
201900013672,3,7,,1,0,1,1,A01
201900013673,2,7,,0,6,3,13,A01
201900013673,1,2,,0,2,3,1,B01
201900013674,1,10,,0,2,5,15,A01
201900013674,2,7,,0,2,1,1,B01
201900013675,2,7,,0,2,4,1,C01
201900013675,2,7,,0,2,1,8,A01
201900013675,1,7,,0,2,1,1,B01
201900013676,3,32,,0,2,1,26,A01
201900013676,3,99,,0,2,3,15,B01
201900013677,1,31,,1,0,1,2,B01
201900013677,1,15,,0,2,6,24,A01
201900013678,1,7,,0,2,4,20,B01
201900013678,1,7,,0,2,4,1,A01
201900013679,2,30,,0,2,1,19,A01
201900013679,1,7,,0,2,0,0,Z01
201900013680,2,32,,0,2,7,1,B01
201900013680,2,30,,0,2,1,15,A01
201900013681,2,7,,0,2,1,1,A01
201900013681,1,7,,0,2,1,1,B01
201900013682,3,7,,0,9,1,1,A01
201900013682,3,1,,0,2,4,1,B01
201900013683,1,7,,13,0,2,14,A01
201900013684,0,7,,0,1,1,1,A01
201900013685,2,7,,0,2,2,0,A01
201900013685,2,1,,0,0,4,2,B01
201900013686,0,7,,6,0,2,5,A01
201900013687,2,7,,2,0,1,13,A01
201900013688,1,7,,0,2,3,19,A01
201900013688,2,7,,0,2,1,1,B01
201900013689,1,15,,3,0,3,13,A01
201900013690,3,7,,6,2,3,1,B01
201900013690,3,7,,0,2,3,1,A01
201900013691,1,3,,0,2,3,1,B01
201900013691,2,7,,0,2,3,13,A01
201900013692,1,7,,0,2,3,1,B01
201900013692,1,7,,13,0,7,1,A01
201900013693,2,2,,0,2,1,19,B01
201900013693,1,7,,0,2,8,19,A01
201900013694,1,7,,0,2,1,13,A01
201900013694,2,7,,3,2,1,1,B01
201900013695,1,7,,10,0,1,1,A01
201900013696,2,15,,0,0,3,0,A01
201900013696,1,15,,0,0,3,1,B01
201900013697,2,7,,0,2,1,1,B01
201900013697,1,7,,6,2,3,13,A01
201900013698,2,7,,0,2,4,1,B01
201900013698,2,7,,0,2,1,2,A01
201900013699,0,7,,0,1,1,1,A01
201900013700,3,7,,0,1,1,1,A01
201900013701,1,1,,0,2,4,1,A01
201900013701,0,7,,0,9,0,0,B01
201900013702,1,7,,0,1,2,1,A01
201900013703,2,7,,0,2,1,13,A01
201900013703,1,15,,0,2,1,1,B01
201900013704,1,7,,2,0,2,1,A01
201900013705,1,7,,13,0,1,0,A01
201900013706,1,7,,0,0,4,2,A01
201900013706,1,7,,0,2,1,2,B01
201900013707,1,7,,0,2,3,13,A01
201900013707,2,7,,0,2,3,1,B01
201900013708,0,2,,0,0,0,21,A01
201900013709,3,10,,0,1,6,4,A01
201900013710,0,7,,2,0,8,1,A01
201900013711,1,7,,0,1,2,20,A01
201900013712,1,7,,0,2,1,13,A01
201900013712,2,7,,0,2,1,1,B01
201900013713,2,3,,3,0,1,14,A01
201900013714,0,7,,0,1,8,1,A01
201900013715,0,7,,3,0,1,1,A01
201900013716,2,30,,0,2,2,2,A01
201900013716,2,7,,0,2,6,2,B01
201900013717,1,7,,16,0,6,15,A01
201900013717,1,30,,0,2,1,17,B01
201900013718,3,7,,0,1,2,16,A01
201900013719,1,15,,0,2,1,2,Z01
201900013719,1,7,,4,2,4,2,A01
201900013720,2,7,,0,2,2,15,A01
201900013720,1,2,,0,2,1,1,B01
201900013721,1,7,,0,1,2,1,A01
201900013722,2,7,,0,2,3,19,A01
201900013722,1,2,,0,2,1,17,B01
201900013723,1,7,,0,2,2,0,A01
201900013723,1,7,,0,2,3,2,B01
201900013724,1,7,,0,2,1,15,A01
201900013724,2,2,,0,2,3,1,B01
201900013725,1,10,,0,1,2,26,A01
201900013726,3,7,,0,1,1,1,A01
201900013727,1,7,,0,1,1,15,A01
201900013728,1,7,,0,2,6,10,B01
201900013728,1,31,,0,2,0,17,A01
201900013729,1,7,,0,1,1,1,A01
201900013730,1,7,,0,1,1,1,A01
201900013731,3,7,,0,2,3,15,A01
201900013731,1,32,,0,2,3,21,B01
201900013732,2,10,,0,2,3,1,A01
201900013732,1,7,,0,2,8,15,B01
201900013733,1,7,,0,2,4,2,B01
201900013733,1,7,,0,2,1,1,A01
201900013734,1,7,,1,1,7,21,A01
201900013735,1,7,,0,2,3,9,A01
201900013735,2,1,,0,2,1,1,B01
201900013736,1,7,,0,1,1,1,A01
201900013737,1,7,,0,1,1,1,A01
201900013738,1,7,,0,2,0,0,A01
201900013738,0,7,,0,2,0,0,B01
201900013739,2,7,,0,2,4,2,B01
201900013739,2,10,,0,2,1,2,A01
201900013740,0,7,,0,2,6,1,B01
201900013740,0,32,,0,2,1,1,A01
201900013741,1,7,,0,2,2,0,A01
201900013741,1,1,,0,2,0,0,B01
201900013742,1,33,,0,0,7,0,A01
201900013743,3,7,,0,2,2,1,A01
201900013743,3,7,,0,2,1,16,B01
201900013744,0,1,,0,2,1,1,B01
201900013744,0,7,,0,2,3,16,A01
201900013745,1,1,,0,2,1,1,B01
201900013745,1,7,,0,2,3,9,A01
201900013746,1,7,,0,1,1,1,A01
201900013747,2,7,,0,1,2,16,Z01
201900013748,3,10,,14,0,1,2,B01
201900013748,3,7,,0,1,4,23,A01
201900013749,2,7,,0,2,2,9,A01
201900013749,1,33,,0,2,8,1,B01
201900013750,3,7,,7,2,1,1,A01
201900013750,3,7,,0,2,2,1,B01
201900013751,3,7,,0,1,1,9,A01
201900013752,3,33,,0,2,8,15,B01
201900013752,2,7,,0,2,2,14,A01
201900013753,2,34,,0,0,0,1,A01
201900013754,0,7,,0,2,1,9,A01
201900013754,0,7,,0,2,7,1,B01
201900013755,0,7,,0,1,0,1,Z01
201900013756,1,7,,0,0,4,1,B01
201900013756,1,7,,0,2,1,1,A01
201900013757,1,7,,3,0,1,1,A01
201900013758,1,7,,13,0,1,1,A01
201900013759,1,30,,0,1,8,17,Z01
201900013760,3,14,,3,0,9,13,A01
201900013761,1,7,,0,0,1,13,A01
201900013762,1,7,,0,1,1,1,A01
201900013763,2,7,,0,2,1,2,A01
201900013763,2,10,,0,2,4,23,B01
201900013764,1,7,,0,2,2,12,A01
201900013764,1,33,,0,2,3,3,B01
201900013764,1,10,,0,2,5,1,C01
201900013765,1,34,,0,2,1,3,A01
201900013765,1,7,,0,2,8,1,B01
201900013765,1,7,,0,2,7,1,C01
201900013765,1,7,,0,2,8,2,D01
201900013765,1,7,,0,2,6,2,E01
201900013766,1,10,,0,2,7,12,A01
201900013766,1,31,,0,2,1,3,B01
201900013766,1,7,,0,2,6,1,C01
201900013767,1,7,,0,2,4,23,B01
201900013767,1,7,,0,2,1,2,A01
201900013768,2,7,,0,2,1,2,A01
201900013768,2,7,,0,2,4,2,B01
201900013769,2,30,,0,1,0,1,Z01
201900013770,2,7,,0,1,0,1,Z01
201900013771,1,32,,0,2,2,17,B01
201900013771,1,7,,0,2,0,1,A01
201900013772,2,1,,0,1,1,1,A01
201900013773,3,50,,0,0,1,1,A01
201900013774,1,10,,0,1,2,1,Z01
201900013775,1,14,,0,2,3,14,A01
201900013775,1,7,,0,2,2,1,B01
201900013775,1,7,,0,0,3,1,C01
201900013776,3,7,,0,1,3,26,A01
201900013777,3,7,,0,2,7,1,A01
201900013777,3,7,,0,2,1,1,B01
201900013778,1,7,,0,2,2,1,A01
201900013778,1,7,,0,2,7,15,B01
201900013779,3,7,,0,0,2,19,A01
201900013779,3,7,,0,0,1,19,Z01
201900013780,2,34,,0,2,1,1,B01
201900013780,2,7,,0,2,2,12,A01
201900013781,0,7,,0,2,2,15,A01
201900013781,2,32,,0,2,8,15,B01
201900013782,2,7,,0,1,1,1,A01
201900013783,1,32,,0,0,1,26,A01
201900013784,1,7,,0,2,1,5,A01
201900013784,1,7,,0,2,1,1,B01
201900013785,3,32,,0,2,7,2,B01
201900013785,3,14,,0,2,3,10,A01
201900013786,0,50,,0,2,1,26,A01
201900013786,0,7,,0,6,2,1,B01
201900013787,1,32,,0,1,7,1,A01
201900013788,2,14,,0,1,6,16,A01
201900013789,3,10,,0,2,1,1,A01
201900013789,3,33,,0,2,4,1,B01
201900013790,1,7,,0,1,1,15,A01
201900013791,2,7,,0,2,7,20,A01
201900013791,2,32,,0,2,1,1,B01
201900013792,1,7,,2,0,8,1,A01
201900013793,2,7,,2,0,9,1,A01
201900013794,1,7,,2,2,8,19,A01
201900013794,2,14,,0,2,1,21,B01
201900013795,2,17,,0,2,1,13,A01
201900013795,1,17,,0,2,3,1,B01
201900013796,2,1,,0,2,1,1,B01
201900013796,1,3,,0,9,1,15,A01
201900013797,2,33,,8,0,0,26,A01
201900013798,1,7,,0,2,7,13,A01
201900013798,2,7,,0,0,1,1,B01
201900013799,1,31,,0,0,4,12,A01
201900013799,1,7,,0,2,1,2,B01
201900013800,1,7,,3,0,9,1,A01
201900013801,2,7,,13,0,2,1,A01
201900013802,3,1,,0,2,1,16,B01
201900013802,1,7,,0,1,3,1,A01
201900013803,0,7,,0,2,1,2,B01
201900013803,2,7,,0,0,4,1,A01
201900013804,2,7,,0,2,1,13,A01
201900013804,2,10,,4,2,4,1,B01
201900013805,2,7,,4,0,3,11,A01
201900013806,2,7,,0,2,6,1,A01
201900013806,2,15,,0,2,2,12,B01
201900013806,2,7,,0,2,1,1,C01
201900013807,1,7,,0,2,4,23,B01
201900013807,1,7,,0,2,1,2,A01
201900013808,2,7,,0,2,4,1,C01
201900013808,2,7,,0,2,4,1,B01
201900013808,2,7,,0,2,1,1,A01
201900013809,2,33,,0,2,1,1,B01
201900013809,2,7,,0,2,2,12,A01
201900013810,3,32,,0,0,7,0,A01
201900013811,1,33,,0,2,2,1,B01
201900013811,1,7,,4,2,2,13,A01
201900013812,2,43,,3,0,0,26,A01
201900013813,1,7,,0,2,7,12,B01
201900013813,1,32,,0,2,8,3,A01
201900013814,2,7,,4,0,3,13,A01
201900013815,2,15,,0,2,8,24,A01
201900013815,2,10,,1,0,2,14,B01
201900013816,1,10,,0,2,6,11,A01
201900013816,1,33,,0,2,1,3,B01
201900013817,1,17,,0,2,7,12,A01
201900013817,1,7,,0,2,8,1,B01
201900013818,1,7,,4,0,1,21,A01
201900013819,2,33,,0,2,2,3,A01
201900013819,2,7,,0,2,5,1,C01
201900013819,2,10,,0,2,8,1,B01
201900013820,1,7,,0,2,4,1,C01
201900013820,1,7,,0,2,4,1,B01
201900013820,1,15,,0,2,1,1,A01
201900013821,3,13,,0,2,1,2,A01
201900013821,3,10,,0,2,3,2,B01
201900013822,1,31,,16,0,8,15,A01
201900013823,1,7,,0,2,7,19,A01
201900013823,1,33,,0,2,1,1,B01
201900013824,2,7,,0,2,4,15,B01
201900013824,2,2,,0,2,1,2,A01
201900013825,1,7,,0,2,4,2,B01
201900013825,1,1,,0,2,1,2,A01
201900013826,3,7,,0,2,8,15,B01
201900013826,3,33,,0,2,1,17,A01
201900013827,1,7,,0,2,1,1,B01
201900013827,1,7,,0,2,1,15,A01
201900013828,1,7,,1,2,9,1,A01
201900013828,1,7,,1,2,9,20,B01
201900013829,1,7,,0,2,8,9,A01
201900013829,1,33,,0,2,1,1,B01
201900013830,2,2,,0,2,1,1,B01
201900013830,1,7,,0,2,2,15,A01
201900013831,0,7,,0,2,1,1,B01
201900013831,1,7,,0,2,3,9,A01
201900013832,3,10,,0,2,7,2,A01
201900013832,3,1,,0,2,1,2,B01
201900013833,2,7,,0,2,3,15,A01
201900013833,1,50,,0,2,1,1,B01
201900013834,0,7,,0,2,5,1,A01
201900013834,0,7,,0,2,1,1,B01
201900013835,2,7,,3,0,1,1,A01
201900013836,1,33,,14,0,1,1,A01
201900013837,2,31,,0,1,0,15,A01
201900013838,3,30,,0,0,1,1,A01
201900013838,3,7,,0,0,0,23,B01
201900013839,1,33,,0,2,7,17,A01
201900013839,1,10,,0,2,3,1,B01
201900013840,1,2,,0,2,1,1,B01
201900013840,2,7,,0,2,6,1,A01
201900013841,3,33,,0,9,1,13,A01
201900013841,3,33,,0,9,1,1,B01
201900013842,1,30,,0,2,1,17,B01
201900013842,1,30,,0,2,4,13,A01
201900013843,1,7,,0,1,1,26,A01
201900013844,1,2,,0,2,9,17,A01
201900013844,1,7,,0,2,1,1,B01
201900013844,2,7,,0,2,3,5,C01
201900013845,1,30,,0,2,1,16,A01
201900013845,1,7,,0,0,1,15,B01
201900013846,3,33,,0,0,3,1,A01
201900013847,2,1,,0,2,2,1,A01
201900013848,3,7,,0,2,4,2,B01
201900013848,3,33,,0,2,1,2,A01
201900013849,1,33,,0,2,1,1,B01
201900013849,1,10,,0,2,3,10,A01
201900013850,1,33,,0,0,0,3,B01
201900013850,1,10,,0,0,0,11,A01
201900013851,1,38,1.0,0,2,7,17,A01
201900013851,1,1,,0,0,0,0,B01
201900013852,2,7,,0,1,1,1,A01
201900013853,0,7,,0,1,1,1,A01
201900013854,1,7,,0,1,2,1,A01
201900013855,3,60,,0,0,0,15,A01
201900013856,3,7,,0,2,0,0,C01
201900013856,2,7,,0,2,0,0,B01
201900013856,3,7,,0,2,3,21,A01
201900013857,1,7,,0,2,3,1,B01
201900013857,2,7,,0,2,1,1,A01
201900013858,1,1,,0,2,3,1,B01
201900013858,1,15,,0,2,2,16,A01
201900013859,2,7,,0,2,1,2,A01
201900013859,1,7,,1,2,7,1,B01
201900013860,2,1,,0,1,1,1,A01
201900013861,1,7,,0,2,6,2,A01
201900013861,1,33,,0,2,2,2,B01
201900013862,1,1,,0,2,1,5,A01
201900013862,2,7,,0,6,1,9,B01
201900013863,2,33,,0,2,0,2,A01
201900013864,3,30,,0,1,1,0,A01
201900013865,1,7,,0,2,5,12,A01
201900013865,1,33,,0,2,1,3,B01
201900013866,1,7,,0,0,5,23,B01
201900013866,1,30,,0,2,1,21,A01
201900013867,1,7,,0,2,2,1,A01
201900013867,1,7,,0,2,3,1,B01
201900013868,1,50,,14,0,1,13,A01
201900013868,2,7,,0,2,6,23,B01
201900013869,1,7,,0,1,1,26,A01
201900013870,2,7,,0,6,3,1,B01
201900013870,1,50,,0,2,1,5,A01
201900013871,1,32,,0,2,7,17,A01
201900013871,1,7,,0,2,8,15,B01
201900013872,3,10,,0,2,1,1,B01
201900013872,3,30,,0,2,1,5,A01
201900013873,3,7,,0,2,0,9,A01
201900013873,3,2,,0,2,0,0,B01
201900013874,2,7,,0,2,1,2,A01
201900013874,2,7,,0,2,4,2,B01
201900013875,3,31,,8,0,1,21,A01
201900013876,1,7,,0,1,2,1,A01
201900013877,0,7,,0,2,3,13,B01
201900013877,0,31,,0,2,7,13,A01
201900013878,0,7,,0,2,1,17,A01
201900013878,0,7,,8,0,8,15,B01
201900013879,1,7,,0,1,1,2,A01
201900013880,3,1,,8,0,1,1,A01
201900013881,1,0,,0,1,1,1,Z01
201900013882,1,37,1.0,0,2,1,17,A01
201900013882,1,7,,0,2,1,1,B01
201900013883,2,7,,0,2,1,19,B01
201900013883,2,2,,0,2,7,19,A01
201900013884,1,7,,15,0,1,13,A01
201900013885,1,7,,0,2,6,20,A01
201900013885,1,33,,0,2,7,1,B01
201900013886,2,7,,0,2,1,9,A01
201900013886,1,7,,0,2,3,1,B01
201900013887,2,7,,3,0,1,0,A01
201900013888,3,7,,0,2,2,1,B01
201900013888,3,7,,0,2,3,9,A01
201900013889,2,32,,0,2,1,17,A01
201900013889,2,7,,0,2,8,1,B01
201900013890,2,7,,0,2,1,0,B01
201900013890,2,7,,0,2,4,2,A01
201900013891,0,30,,0,2,3,18,A01
201900013891,3,7,,0,2,2,16,B01
201900013892,2,7,,0,2,6,1,B01
201900013892,1,7,,0,2,1,2,A01
201900013893,1,7,,0,2,3,24,B01
201900013893,1,37,1.0,0,1,5,0,A01
201900013894,1,3,,1,1,2,21,B01
201900013895,1,7,,0,2,2,15,A01
201900013895,2,7,,0,2,3,1,B01
201900013896,3,1,,0,2,8,1,B01
201900013896,1,14,,0,2,1,1,A01
201900013897,1,32,,0,2,1,1,B01
201900013897,2,7,,0,2,2,16,A01
201900013898,1,33,,0,2,1,1,B01
201900013898,2,7,,0,2,1,15,A01
201900013899,3,7,,0,2,3,15,A01
201900013899,3,1,,0,2,8,15,B01
201900013900,1,32,,0,9,0,0,B01
201900013900,3,1,,0,2,0,19,A01
201900013901,1,7,,0,1,1,1,A01
201900013902,1,7,,0,2,5,4,B01
201900013902,1,7,,0,2,6,9,A01
201900013903,0,0,,0,0,0,0,B01
201900013903,0,7,,0,2,2,1,A01
201900013904,3,3,,0,2,0,11,A01
201900013904,3,31,,0,2,2,1,B01
201900013905,3,7,,0,2,1,9,A01
201900013905,3,7,,0,2,4,0,C01
201900013905,3,7,,0,2,4,0,B01
201900013906,0,3,,0,1,2,26,Z01
201900013907,1,10,,0,1,1,9,A01
201900013908,2,34,,0,1,1,26,A01
201900013909,1,34,,0,2,1,26,B01
201900013909,1,99,,0,2,2,26,A01
201900013910,3,7,,1,0,2,26,A01
201900013911,3,7,,0,2,2,10,B01
201900013911,3,7,,0,2,1,1,A01
201900013912,2,30,,0,1,1,17,A01
201900013913,1,34,,0,2,7,1,C01
201900013913,1,30,,0,2,1,1,A01
201900013913,1,10,,0,2,4,23,B01
201900013914,2,3,,1,0,8,1,A01
201900013915,1,37,1.0,0,1,6,19,A01
201900013916,3,7,,0,2,8,11,A01
201900013916,3,3,,0,2,7,1,B01
201900013917,1,10,,0,2,3,24,B01
201900013917,1,7,,1,0,2,1,A01
201900013918,1,33,,0,2,1,1,A01
201900013919,1,37,1.0,0,2,2,12,A01
201900013919,1,60,,0,2,0,19,B01
201900013920,1,34,,0,2,7,17,A01
201900013920,1,14,,0,2,3,15,B01
201900013921,1,33,,3,0,1,15,A01
201900013922,2,7,,0,1,2,1,A01
201900013923,1,10,,0,2,4,23,B01
201900013923,1,7,,0,2,4,23,C01
201900013923,1,7,,0,2,1,2,A01
201900013924,2,7,,0,1,2,2,A01
201900013925,2,33,,0,2,8,13,A01
201900013925,2,7,,0,2,6,26,B01
201900013926,1,7,,0,2,1,2,A01
201900013926,1,1,,0,2,7,14,B01
201900013927,3,7,,0,1,1,21,A01
201900013928,1,30,,0,0,0,1,A01
201900013929,1,10,,0,2,3,0,A01
201900013929,1,7,,0,2,4,2,B01
201900013930,1,33,,0,2,7,1,B01
201900013930,1,7,,0,2,1,15,A01
201900013931,2,7,,0,6,1,9,A01
201900013931,1,80,,0,2,7,26,B01
201900013932,1,17,,0,2,5,19,B01
201900013932,1,2,,0,2,1,18,A01
201900013933,1,7,,0,2,3,19,B01
201900013933,1,33,,0,2,1,16,A01
201900013934,1,10,,0,2,4,23,B01
201900013934,1,13,,0,2,1,19,A01
201900013935,1,7,,0,1,3,19,A01
201900013936,1,1,,0,2,1,15,B01
201900013936,1,7,,0,1,3,15,A01
201900013937,1,7,,9,0,1,19,A01
201900013938,3,7,,0,1,3,16,A01
201900013939,1,7,,0,6,3,22,A01
201900013939,1,1,,1,0,2,1,B01
201900013940,1,7,,6,0,2,14,A01
201900013941,3,2,,0,2,1,0,B01
201900013941,3,7,,0,2,1,1,A01
201900013942,1,33,,0,2,8,1,B01
201900013942,2,7,,0,2,1,15,A01
201900013943,1,7,,0,1,1,17,A01
201900013944,0,7,,0,2,3,9,B01
201900013944,0,33,,0,2,1,1,A01
201900013945,1,7,,0,1,3,15,A01
201900013946,1,7,,0,1,1,15,A01
201900013947,2,31,,0,2,1,0,B01
201900013947,2,7,,0,2,3,10,A01
201900013948,3,32,,0,1,1,1,A01
201900013949,3,7,,0,2,4,0,B01
201900013949,3,7,,0,2,1,2,A01
201900013950,2,10,,0,2,2,15,B01
201900013950,2,10,,8,2,2,1,A01
201900013951,2,7,,0,1,1,16,A01
201900013952,2,7,,0,0,4,23,B01
201900013952,2,7,,0,2,1,2,A01
201900013953,3,10,,0,2,3,15,A01
201900013953,3,32,,0,2,2,2,B01
201900013954,3,10,,0,2,3,2,A01
201900013954,3,2,,0,2,1,0,B01
201900013955,3,32,,0,2,4,26,B01
201900013955,3,31,,0,2,3,2,A01
201900013956,2,7,,9,0,2,14,A01
201900013957,1,7,,0,0,3,1,A01
201900013958,2,33,,0,2,1,1,B01
201900013958,1,7,,0,2,2,15,A01
201900013959,2,7,,2,0,1,1,A01
201900013960,2,17,,0,1,1,17,A01
201900013961,1,7,,0,2,3,13,A01
201900013961,2,7,,0,2,1,0,B01
201900013962,1,7,,6,0,7,13,A01
201900013963,3,7,,0,2,8,1,B01
201900013963,3,32,,0,2,3,13,A01
201900013964,2,7,,0,2,1,1,C01
201900013964,1,1,,0,2,1,13,B01
201900013964,1,1,,0,2,1,13,A01
201900013965,1,33,,0,0,1,1,A01
201900013966,1,7,,1,1,1,1,A01
201900013967,1,7,,0,2,2,19,A01
201900013967,1,7,,0,2,1,1,B01
201900013968,0,7,,2,0,1,1,A01
201900013969,1,33,,0,5,2,1,A01
201900013970,2,7,,0,6,9,1,A01
201900013971,2,7,,0,2,1,5,A01
201900013971,1,7,,0,2,1,1,B01
201900013972,3,2,,0,2,1,5,A01
201900013972,3,7,,0,2,3,1,B01
201900013973,2,7,,2,0,3,16,A01
201900013974,2,7,,0,2,1,1,B01
201900013974,1,7,,0,2,1,13,A01
201900013975,0,1,,0,2,1,1,A01
201900013975,0,34,,0,2,1,1,B01
201900013976,1,33,,2,0,0,1,A01
201900013977,2,7,,0,1,2,1,A01
201900013978,1,7,,0,2,3,2,A01
201900013978,1,7,,0,0,5,2,B01
201900013978,1,7,,0,0,5,2,C01
201900013978,1,7,,0,0,6,2,D01
201900013979,3,14,,0,2,3,1,B01
201900013979,3,7,,0,2,6,13,A01
201900013980,2,2,,0,0,0,14,A01
201900013981,2,7,,6,0,1,1,A01
201900013982,1,33,,3,0,7,1,A01
201900013983,2,3,,0,0,3,10,A01
201900013983,2,7,,0,2,1,1,B01
201900013984,0,7,,0,2,7,15,B01
201900013984,0,2,,0,2,1,1,A01
201900013985,2,7,,3,0,1,14,A01