Num_Acc,senc,catv,occutc,obs,obsm,choc,manv,num_veh
201900013986,3,2,,0,0,0,1,A01
201900013987,1,7,,2,0,1,1,A01
201900013988,1,10,,0,2,1,1,B01
201900013988,2,7,,0,2,1,13,A01
201900013989,2,15,,17,0,1,0,A01
201900013990,2,7,,4,0,3,1,A01
201900013991,1,14,,0,0,9,1,A01
201900013992,2,7,,0,2,8,13,A01
201900013992,1,33,,0,2,8,17,B01
201900013993,1,33,,0,0,7,1,A01
201900013994,0,34,,0,0,0,2,A01
201900013995,3,7,,6,0,3,1,A01
201900013996,2,7,,15,0,1,1,A01
201900013997,1,33,,16,0,1,14,A01
201900013998,1,7,,0,2,3,13,A01
201900013998,2,7,,0,2,3,1,B01
201900013998,2,7,,0,2,3,1,C01
201900013999,0,7,,0,1,1,20,A01
201900014000,0,7,,0,2,1,2,B01
201900014000,0,7,,0,0,4,23,A01
201900014001,0,7,,0,0,4,1,B01
201900014001,0,7,,0,0,1,1,A01
201900014002,0,7,,0,2,1,1,B01
201900014002,0,7,,0,2,1,5,A01
201900014003,2,7,,0,1,3,19,A01
201900014004,1,7,,4,0,3,17,A01
201900014005,2,7,,0,0,1,21,A01
201900014006,1,33,,0,2,1,17,A01
201900014006,2,7,,0,0,4,15,B01
201900014007,1,33,,0,0,0,1,A01
201900014008,1,99,,0,2,5,13,B01
201900014008,2,7,,0,2,3,1,A01
201900014009,3,7,,0,2,1,1,B01
201900014009,3,7,,0,2,3,26,A01
201900014010,3,7,,0,1,0,15,A01
201900014011,2,7,,0,1,2,1,A01
201900014012,2,7,,3,2,2,1,A01
201900014012,2,7,,0,2,2,1,B01
201900014013,2,10,,3,6,1,1,A01
201900014014,1,7,,3,0,1,1,A01
201900014015,1,33,,0,2,1,9,B01
201900014015,1,7,,0,0,5,1,A01
201900014016,3,1,,0,2,1,19,B01
201900014016,0,7,,0,2,3,1,A01
201900014017,3,2,,12,0,7,1,A01
201900014018,0,7,,0,0,1,1,A01
201900014019,2,7,,0,2,1,1,A01
201900014019,2,7,,0,0,4,1,B01
201900014020,1,10,,4,0,1,0,A01
201900014021,3,7,,0,2,8,10,A01
201900014021,3,33,,0,2,1,1,B01
201900014022,1,7,,0,9,8,1,B01
201900014022,0,7,,0,2,1,26,A01
201900014023,2,7,,8,0,2,14,A01
201900014024,2,7,,2,0,1,1,A01
201900014025,2,32,,9,0,9,5,A01
201900014026,1,7,,0,0,6,2,B01
201900014026,1,33,,0,2,1,2,A01
201900014027,2,33,,3,2,9,2,B01
201900014027,2,7,,0,2,7,2,A01
201900014028,2,7,,4,0,3,1,A01
201900014029,2,7,,3,2,2,12,A01
201900014029,2,7,,3,2,1,1,B01
201900014030,2,7,,0,2,1,5,A01
201900014030,1,7,,0,2,1,0,B01
201900014031,2,7,,0,2,1,1,B01
201900014031,1,7,,0,2,1,13,A01
201900014032,3,7,,2,0,1,26,A01
201900014033,3,7,,13,0,0,1,A01
201900014034,0,7,,0,2,4,15,B01
201900014034,3,33,,0,2,1,17,A01
201900014035,1,33,,8,0,0,1,A01
201900014036,1,7,,3,0,4,2,A01
201900014036,1,15,,0,0,1,2,B01
201900014037,1,2,,0,0,8,1,A01
201900014038,3,7,,0,2,3,1,B01
201900014038,3,36,,0,2,2,13,A01
201900014039,3,7,,16,0,9,1,A01
201900014040,3,7,,2,0,1,26,A01
201900014041,1,7,,2,0,5,1,A01
201900014042,1,7,,4,2,1,1,A01
201900014042,1,99,,3,0,0,1,B01
201900014043,1,7,,0,2,1,1,A01
201900014043,2,7,,0,2,1,1,B01
201900014044,1,7,,2,0,2,0,A01
201900014045,2,33,,0,1,1,17,A01
201900014046,1,33,,0,2,1,2,A01
201900014046,1,7,,0,2,4,15,B01
201900014047,2,7,,0,2,3,13,A01
201900014047,1,7,,0,2,3,0,B01
201900014048,3,7,,0,2,8,19,A01
201900014048,1,7,,0,2,1,1,B01
201900014048,2,7,,0,2,1,1,C01
201900014049,0,7,,16,9,1,1,A01
201900014050,2,7,,0,2,1,1,B01
201900014050,1,33,,0,2,1,5,A01
201900014051,3,2,,0,1,0,0,A01
201900014052,1,7,,17,0,9,1,A01
201900014053,2,7,,16,0,1,26,A01
201900014054,1,33,,0,0,0,0,A01
201900014055,2,33,,0,2,1,1,C01
201900014055,2,33,,0,2,1,1,B01
201900014055,1,7,,0,2,1,15,A01
201900014056,3,33,,0,0,0,15,A01
201900014057,1,33,,0,0,7,1,A01
201900014058,3,7,,0,1,3,15,A01
201900014059,0,7,,0,1,2,1,A01
201900014060,1,10,,0,2,3,1,A01
201900014060,2,7,,0,2,1,1,B01
201900014061,1,33,,0,2,8,1,B01
201900014061,2,7,,0,2,2,15,A01
201900014062,3,7,,0,2,8,1,B01
201900014062,3,36,,0,2,8,1,A01
201900014063,2,7,,2,6,1,13,A01
201900014064,1,7,,17,0,1,13,A01
201900014065,3,7,,0,2,1,1,B01
201900014065,3,7,,0,2,8,15,A01
201900014066,2,7,,0,2,3,13,A01
201900014066,1,7,,0,2,8,1,B01
201900014067,0,33,,14,0,9,2,A01
201900014068,1,7,,0,0,9,14,A01
201900014069,2,7,,0,1,1,1,A01
201900014070,1,7,,13,0,7,1,C01
201900014070,2,7,,0,2,3,1,B01
201900014070,1,7,,0,2,3,1,A01
201900014071,2,7,,0,0,4,1,B01
201900014071,2,2,,0,2,1,1,A01
201900014072,1,7,,8,0,8,1,A01
201900014073,2,7,,8,0,1,1,A01
201900014074,1,36,,0,0,3,13,A01
201900014074,2,7,,0,2,3,1,B01
201900014075,2,32,,0,2,1,5,B01
201900014075,1,7,,0,2,1,1,A01
201900014076,2,7,,0,2,1,13,A01
201900014076,1,7,,0,2,8,21,B01
201900014076,1,7,,0,2,1,21,C01
201900014077,1,7,,0,2,1,17,A01
201900014077,2,7,,0,2,1,1,B01
201900014078,1,7,,6,0,3,5,A01
201900014079,1,7,,13,0,1,2,A01
201900014080,2,7,,0,1,1,15,A01
201900014081,2,7,,0,1,1,1,A01
201900014082,2,7,,0,0,0,0,A01
201900014082,2,1,,0,0,0,26,B01
201900014083,2,33,,0,2,2,17,B01
201900014083,2,7,,0,2,3,15,A01
201900014084,2,7,,0,1,2,21,A01
201900014085,1,7,,14,0,1,1,A01
201900014086,1,7,,0,2,3,11,A01
201900014086,1,32,,0,2,7,1,B01
201900014087,1,40,,0,1,2,1,A01
201900014088,1,7,,0,1,2,2,A01
201900014089,1,33,,0,2,0,2,A01
201900014090,1,7,,0,2,1,5,A01
201900014090,2,7,,0,2,1,1,B01
201900014091,1,15,,0,2,2,12,A01
201900014091,1,7,,0,2,6,1,B01
201900014092,1,7,,0,2,2,14,A01
201900014092,1,7,,3,2,3,1,B01
201900014093,3,7,,0,2,3,1,B01
201900014093,3,7,,0,2,2,9,A01
201900014094,2,33,,12,0,8,21,A01
201900014095,1,33,,0,0,2,26,A01
201900014096,1,7,,12,0,2,25,A01
201900014097,1,7,,0,2,4,1,B01
201900014097,1,7,,0,2,1,1,A01
201900014098,0,7,,0,1,7,1,A01
201900014099,0,1,,0,2,1,1,B01
201900014099,0,7,,0,6,3,1,A01
201900014100,1,7,,0,2,5,2,B01
201900014100,1,7,,0,2,1,2,A01
201900014101,1,7,,8,0,1,0,A01
201900014102,1,7,,0,1,2,1,A01
201900014103,1,7,,2,0,1,26,A01
201900014104,2,7,,0,2,4,1,B01
201900014104,2,7,,0,2,2,2,A01
201900014105,1,10,,0,1,4,1,A01
201900014106,1,7,,4,0,1,11,A01
201900014107,1,14,,0,2,3,26,A01
201900014107,1,7,,0,2,4,1,B01
201900014107,1,7,,0,2,4,1,C01
201900014108,1,10,,0,2,2,16,A01
201900014108,1,33,,0,2,3,7,B01
201900014109,2,33,,0,2,8,1,B01
201900014109,1,7,,0,2,8,17,A01
201900014110,1,7,,0,2,3,16,A01
201900014110,2,32,,0,2,1,1,B01
201900014111,1,7,,0,2,4,2,B01
201900014111,1,7,,0,2,1,2,A01
201900014112,3,7,,0,1,2,1,A01
201900014113,1,7,,0,2,7,1,B01
201900014113,1,33,,0,2,1,9,A01
201900014114,2,7,,0,2,6,24,B01
201900014114,2,10,,1,0,2,14,A01
201900014115,0,2,,0,0,0,0,Z01
201900014115,3,7,,0,2,4,1,A01
201900014116,1,7,,0,2,6,1,B01
201900014116,1,17,,0,2,2,12,A01
201900014117,1,1,,0,2,8,25,A01
201900014117,1,7,,0,2,5,1,B01
201900014118,1,7,,0,2,1,1,Z01
201900014118,1,7,,0,2,2,1,A01
201900014119,2,2,,0,2,1,2,B01
201900014119,2,7,,0,2,6,10,A01
201900014120,1,30,,0,2,1,13,A01
201900014120,1,7,,0,0,6,26,B01
201900014120,2,7,,0,2,3,26,C01
201900014121,1,10,,0,2,4,2,B01
201900014121,1,31,,0,2,1,1,A01
201900014122,1,14,,0,1,6,4,A01
201900014123,1,33,,0,2,1,17,A01
201900014123,1,7,,0,2,8,15,B01
201900014124,0,1,,0,2,4,0,B01
201900014124,0,31,,0,2,1,0,A01
201900014125,1,34,,0,2,2,1,A01
201900014125,1,7,,0,2,6,1,B01
201900014126,1,7,,0,1,1,15,A01
201900014127,1,7,,9,0,1,1,A01
201900014128,0,7,,0,2,3,15,A01
201900014128,0,31,,0,2,1,17,B01
201900014129,3,7,,0,2,1,1,B01
201900014129,3,7,,0,2,8,1,A01
201900014130,2,7,,11,0,1,13,A01
201900014131,1,7,,0,2,1,2,A01
201900014131,1,7,,0,2,4,2,B01
201900014131,1,7,,0,2,4,2,C01
201900014132,3,30,,0,1,1,1,A01
201900014132,3,1,,0,2,1,1,B01
201900014133,1,7,,0,2,1,1,B01
201900014133,2,7,,0,2,0,0,A01
201900014134,1,1,,0,2,1,26,A01
201900014134,2,7,,0,6,5,15,B01
201900014135,1,33,,0,2,3,2,A01
201900014135,1,7,,0,2,7,15,B01
201900014136,1,7,,9,0,9,13,A01
201900014137,1,7,,0,1,2,1,A01
201900014138,2,7,,0,2,6,1,B01
201900014138,2,34,,0,2,1,2,A01
201900014139,1,7,,0,2,1,1,B01
201900014139,3,0,,0,2,4,4,A01
201900014140,1,1,,0,2,3,2,B01
201900014140,1,7,,0,2,2,16,A01
201900014141,2,7,,0,1,1,1,A01
201900014142,1,32,,12,0,7,1,A01
201900014143,1,7,,0,1,2,25,A01
201900014144,1,7,,0,1,1,16,A01
201900014145,3,7,,0,2,1,1,B01
201900014145,2,7,,0,2,8,1,A01
201900014146,3,50,,0,2,2,17,A01
201900014147,2,7,,0,2,4,23,B01
201900014147,2,31,,0,2,1,1,A01
201900014148,3,7,,0,2,4,1,B01
201900014148,3,30,,0,2,1,1,A01
201900014149,3,7,,0,2,2,16,B01
201900014149,3,1,,0,2,0,25,A01
201900014150,2,15,,0,2,1,1,C01
201900014150,2,7,,0,2,5,1,B01
201900014150,1,10,,0,2,3,13,A01
201900014151,2,7,,0,2,4,1,B01
201900014151,2,7,,0,2,1,2,A01
201900014152,1,7,,6,0,1,1,A01
201900014153,2,10,,1,0,2,1,A01
201900014154,1,7,,0,1,1,1,A01
201900014155,1,10,,0,2,4,9,B01
201900014155,1,10,,0,2,4,9,A01
201900014156,2,2,,0,2,1,2,A01
201900014156,2,10,,0,2,4,2,B01
201900014157,2,7,,0,2,4,1,B01
201900014157,2,7,,0,2,1,2,A01
201900014158,1,3,,0,2,1,11,A01
201900014158,1,7,,0,2,5,1,B01
201900014159,1,50,,0,2,1,26,B01
201900014159,2,7,,8,2,7,1,A01
201900014160,1,7,,0,2,4,0,B01
201900014160,1,7,,0,2,1,0,A01
201900014161,1,7,,0,1,3,0,A01
201900014162,1,80,,0,2,1,0,A01
201900014162,1,7,,0,2,0,0,B01
201900014163,3,10,,2,0,6,1,A01
201900014164,2,7,,0,2,1,1,A01
201900014164,2,34,,0,2,4,1,B01
201900014164,2,7,,0,2,4,1,C01
201900014164,2,33,,0,2,4,1,D01
201900014165,2,7,,0,2,3,15,A01
201900014165,2,7,,0,2,1,17,Z01
201900014166,0,1,,0,2,7,19,B01
201900014166,0,7,,0,2,3,15,A01
201900014167,0,10,,0,2,4,1,C01
201900014167,0,33,,0,2,4,2,B01
201900014167,0,7,,0,2,1,2,A01
201900014168,2,7,,0,1,1,1,A01
201900014168,2,1,,0,2,3,19,B01
201900014169,1,32,,15,0,0,25,A01
201900014170,3,7,,0,2,2,1,A01
201900014170,2,7,,0,2,1,1,B01
201900014171,2,7,,0,1,3,1,A01
201900014172,1,7,,0,1,8,1,X01
201900014173,1,7,,0,0,1,1,A01
201900014174,1,1,,0,2,1,1,B01
201900014174,3,80,,0,2,1,15,A01
201900014175,2,7,,0,2,4,2,C01
201900014175,2,7,,0,2,4,2,B01
201900014175,2,7,,0,2,1,0,A01
201900014176,1,7,,0,2,1,1,A01
201900014176,2,7,,0,2,4,1,B01
201900014177,2,7,,8,0,1,1,A01
201900014178,1,7,,0,2,2,1,A01
201900014178,2,7,,0,2,3,15,B01
201900014179,1,32,,14,0,8,1,A01
201900014180,2,10,,0,2,3,1,A01
201900014180,1,7,,0,2,8,1,B01
201900014181,0,40,,0,2,1,1,B01
201900014181,0,7,,0,4,7,1,A01
201900014182,0,10,,0,2,2,1,A01
201900014182,0,10,,0,2,5,1,B01
201900014183,2,31,,0,2,1,1,B01
201900014183,1,7,,0,2,7,15,A01
201900014184,2,10,,0,2,3,1,A01
201900014184,1,7,,0,2,3,1,B01
201900014185,1,7,,0,2,3,1,A01
201900014185,1,1,,0,2,1,1,B01
201900014186,1,7,,13,0,7,14,A01
201900014187,1,7,,0,1,1,9,A01
201900014188,3,1,,6,0,2,26,A01
201900014189,1,7,,0,2,4,23,C01
201900014189,1,7,,0,2,4,23,B01
201900014189,1,7,,0,2,1,2,A01
201900014190,1,7,,0,2,8,1,B01
201900014190,2,7,,0,2,1,19,A01
201900014191,2,7,,0,2,0,1,A01
201900014191,1,1,,0,2,1,1,B01
201900014192,1,7,,3,0,3,11,A01
201900014192,2,7,,3,2,1,14,B01
201900014193,3,30,,16,0,1,13,A01
201900014194,2,7,,0,2,6,9,A01
201900014194,2,30,,0,2,1,1,B01
201900014195,1,7,,0,0,0,1,A01
201900014196,2,7,,0,2,3,9,A01
201900014196,1,1,,0,2,7,1,B01
201900014197,1,7,,0,2,7,1,B01
201900014197,2,7,,0,2,1,19,A01
201900014198,0,7,,0,1,8,0,A01
201900014199,1,7,,0,2,1,2,B01
201900014199,1,7,,0,2,4,23,A01
201900014200,3,7,,0,2,7,0,B01
201900014200,3,7,,0,2,7,13,A01
201900014201,2,30,,12,0,1,26,A01
201900014202,3,33,,0,0,0,1,A01
201900014203,1,10,,0,2,3,1,A01
201900014203,1,34,,0,2,4,16,B01
201900014204,2,7,,0,2,1,15,A01
201900014204,2,33,,0,2,8,1,B01
201900014205,2,37,2.0,0,2,0,0,A01
201900014205,2,7,,0,2,2,9,B01
201900014206,1,10,,0,2,2,26,B01
201900014206,1,10,,0,2,3,9,A01
201900014207,3,33,,0,6,3,1,B01
201900014207,3,99,,0,2,2,9,A01
201900014208,1,7,,0,1,1,16,Z01
201900014209,2,32,,0,2,2,15,A01
201900014209,2,7,,0,2,3,13,B01
201900014210,3,7,,12,0,0,1,A01
201900014211,1,34,,0,2,1,1,A01
201900014211,1,7,,0,2,7,1,B01
201900014212,2,34,,0,0,9,16,A01
201900014213,3,7,,0,2,2,15,B01
201900014213,2,33,,0,2,3,1,A01
201900014214,1,7,,0,2,1,5,A01
201900014214,2,7,,0,2,2,1,B01
201900014215,1,7,,1,0,1,14,A01
201900014216,3,7,,0,1,3,15,A01
201900014217,3,2,,12,0,0,26,A01
201900014218,3,7,,0,2,3,13,A01
201900014218,3,7,,0,2,3,1,B01
201900014219,3,10,,0,2,2,0,B01
201900014219,0,30,,0,2,2,0,A01
201900014220,2,99,,0,2,2,15,A01
201900014220,1,34,,0,2,1,1,B01
201900014221,2,7,,6,0,2,2,A01
201900014222,1,30,,0,0,7,1,A01
201900014223,2,7,,0,2,4,0,D01
201900014223,1,7,,0,2,3,1,C01
201900014223,2,7,,0,2,1,0,B01
201900014223,2,7,,0,2,1,0,A01
201900014224,2,7,,0,2,8,15,B01
201900014224,1,7,,0,2,2,1,A01
201900014225,2,33,,0,2,1,17,B01
201900014225,2,10,,0,2,8,11,A01
201900014226,2,33,,0,2,1,13,A01
201900014226,1,1,,0,2,1,2,B01
201900014227,2,33,,0,2,1,1,B01
201900014227,1,7,,0,2,2,15,A01
201900014228,0,7,,0,2,3,1,B01
201900014228,0,7,,0,2,3,13,A01
201900014229,2,13,,6,0,1,1,A01
201900014230,1,32,,1,0,1,14,A01
201900014231,1,32,,11,0,1,13,A01
201900014232,3,1,,0,0,7,1,A01
201900014233,1,7,,0,2,7,1,B01
201900014233,1,7,,4,2,3,11,A01
201900014234,2,10,,0,2,3,16,A01
201900014234,2,1,,0,2,7,19,B01
201900014235,2,7,,0,2,3,15,B01
201900014235,2,1,,0,2,2,1,A01
201900014236,1,7,,0,2,5,24,B01
201900014236,1,10,,0,2,3,20,A01
201900014237,2,7,,0,2,3,11,A01
201900014237,2,2,,0,2,7,17,B01
201900014238,1,7,,0,2,1,2,A01
201900014238,1,7,,0,2,4,23,B01
201900014239,1,50,,0,2,4,13,B01
201900014239,1,7,,0,2,2,1,A01
201900014240,2,7,,0,2,2,15,A01
201900014240,1,30,,0,2,1,1,B01
201900014241,2,1,,0,2,1,1,B01
201900014241,2,7,,0,2,3,22,A01
201900014242,2,30,,0,2,1,1,A01
201900014242,2,7,,0,2,6,1,B01
201900014243,2,10,,0,2,2,16,A01
201900014243,2,7,,0,2,8,7,B01
201900014244,1,7,,0,1,2,1,A01
201900014245,1,1,,0,2,1,5,Z01
201900014245,2,1,,0,2,1,1,A01
201900014246,2,7,,0,2,3,10,A01
201900014246,2,32,,0,2,2,1,B01
201900014247,2,10,,0,1,3,15,A01
201900014248,1,1,,0,1,1,25,Z01
201900014249,3,10,,6,0,1,1,A01
201900014250,1,32,,0,2,7,17,B01
201900014250,1,7,,0,2,3,15,A01
201900014251,2,50,,0,0,0,1,A01
201900014252,2,1,,0,2,1,17,A01
201900014252,2,31,,0,2,1,15,B01
201900014253,2,30,,0,2,1,1,B01
201900014253,2,7,,0,2,3,22,A01
201900014254,2,10,,0,2,1,2,B01
201900014254,2,10,,0,2,4,2,A01
201900014255,2,7,,3,2,1,2,A01
201900014255,2,7,,0,2,4,2,B01
201900014255,2,7,,0,2,4,2,C01
201900014255,2,7,,0,2,4,2,D01
201900014255,2,7,,0,2,4,2,E01
201900014255,2,7,,0,2,4,2,F01
201900014255,2,7,,0,2,4,2,G01
201900014256,2,7,,0,2,6,11,A01
201900014256,2,32,,0,2,7,1,B01
201900014257,2,7,,0,2,6,0,A01
201900014258,1,33,,0,2,1,2,A01
201900014258,1,7,,0,2,4,2,B01
201900014259,1,33,,16,0,1,16,A01
201900014260,2,7,,0,2,5,12,A01
201900014260,2,33,,0,2,3,3,B01
201900014261,2,7,,0,2,0,0,B01
201900014261,2,7,,0,2,3,26,A01
201900014262,2,7,,0,2,1,1,A01
201900014262,1,7,,0,2,4,1,B01
201900014263,1,7,,0,2,4,1,B01
201900014263,1,7,,0,2,1,12,A01
201900014264,2,10,,0,2,8,13,A01
201900014264,2,7,,0,2,5,0,B01
201900014264,2,7,,15,0,2,1,C01
201900014265,2,31,,0,0,7,3,A01
201900014266,2,33,,0,2,3,1,B01
201900014266,2,7,,0,2,5,12,A01
201900014267,2,7,,0,2,1,2,A01
201900014267,2,10,,0,2,4,2,B01
201900014267,2,7,,0,2,4,2,C01
201900014268,2,7,,0,2,1,2,A01
201900014268,2,7,,0,2,4,2,B01
201900014268,2,7,,0,2,4,2,C01
201900014269,1,7,,4,0,3,1,A01
201900014270,2,7,,0,2,1,2,C01
201900014270,2,7,,0,2,4,2,B01
201900014270,2,7,,0,2,1,2,A01
201900014271,2,7,,0,2,1,1,A01
201900014271,2,7,,0,2,4,1,B01
201900014271,2,7,,0,2,4,1,C01
201900014272,2,7,,0,0,3,1,A01
201900014273,2,7,,0,0,2,12,A01
201900014274,1,33,,0,2,1,0,A01
201900014274,1,7,,0,2,4,0,B01
201900014275,1,7,,0,2,6,12,B01
201900014275,1,33,,0,2,1,3,A01
201900014276,2,7,,0,2,1,2,A01
201900014276,2,7,,0,2,4,23,B01
201900014277,2,7,,0,2,3,11,B01
201900014277,2,33,,0,2,1,3,A01
201900014278,1,7,,0,2,2,14,A01
201900014278,1,33,,0,2,1,1,B01
201900014279,1,7,,0,2,4,2,D01
201900014279,1,7,,0,2,4,2,C01
201900014279,1,7,,0,2,4,2,B01
201900014279,1,7,,0,2,1,2,A01
201900014280,1,7,,4,0,3,0,A01
201900014281,1,17,,0,2,6,23,B01
201900014281,1,7,,0,2,3,2,A01
201900014282,1,7,,0,2,3,11,B01
201900014282,1,33,,0,2,1,3,A01
201900014283,1,7,,0,2,2,12,A01
201900014283,1,7,,0,2,6,1,B01
201900014284,1,7,,0,2,1,5,A01
201900014284,1,7,,0,2,2,1,B01
201900014284,1,10,,0,2,1,1,C01
201900014285,1,10,,0,2,1,2,A01
201900014285,1,7,,0,2,4,2,B01
201900014286,1,10,,0,2,5,2,B01
201900014286,1,33,,0,2,1,2,A01
201900014287,1,17,,0,0,1,26,A01
201900014288,2,31,,0,0,8,9,A01
201900014289,2,7,,0,2,1,1,E01
201900014289,2,7,,0,2,2,1,D01
201900014289,1,7,,0,2,1,0,C01
201900014289,1,10,,0,2,1,0,B01
201900014289,1,7,,0,0,4,0,A01
201900014290,1,34,,3,0,3,3,A01
201900014291,1,7,,0,2,4,1,B01
201900014291,1,7,,0,2,4,1,C01
201900014291,1,7,,0,2,1,1,A01
201900014292,1,33,,0,2,1,0,A01
201900014292,1,7,,0,2,4,0,B01
201900014293,2,7,,0,0,1,0,C01
201900014293,2,7,,4,2,2,1,B01
201900014293,2,7,,0,2,6,18,A01
201900014294,1,7,,0,2,1,2,A01
201900014294,1,10,,0,2,4,2,B01
201900014295,2,43,,0,2,4,2,B01
201900014295,2,7,,0,2,1,2,A01
201900014296,1,33,,0,0,9,3,A01
201900014297,1,33,,0,2,8,3,A01
201900014297,1,10,,0,2,7,12,B01
201900014298,1,7,,0,2,1,0,Z01
201900014298,1,33,,0,2,4,2,A01
201900014299,2,31,,0,2,1,3,A01
201900014299,2,7,,0,2,4,11,B01
201900014300,2,7,,0,2,4,2,C01
201900014300,2,7,,0,2,4,2,B01
201900014300,2,7,,0,2,1,2,A01
201900014301,2,7,,0,2,6,23,B01
201900014301,2,34,,1,0,1,3,A01
201900014302,1,14,,0,2,5,12,A01
201900014302,1,7,,0,2,8,1,B01
201900014303,2,34,,0,2,7,3,B01
201900014303,2,7,,0,2,3,11,A01
201900014304,2,10,,0,2,8,11,Z01
201900014304,2,33,,0,2,7,3,A01
201900014305,2,7,,0,2,7,12,A01
201900014305,2,33,,0,2,8,3,B01
201900014306,2,7,,13,0,9,13,A01
201900014307,2,7,,4,0,3,13,A01
201900014308,2,7,,0,2,4,23,A01
201900014308,2,10,,1,0,1,1,B01
201900014309,2,7,,0,2,4,23,A01
201900014309,2,7,,1,0,1,1,Z01
201900014309,2,7,,0,2,4,23,B01
201900014310,2,7,,0,2,5,12,B01
201900014310,2,43,,0,2,1,3,A01
201900014311,2,7,,4,0,3,13,A01
201900014312,1,7,,0,0,9,14,A01
201900014313,2,33,,0,0,9,1,A01
201900014314,2,7,,3,0,2,14,A01
201900014315,1,7,,0,2,1,1,B01
201900014315,1,7,,0,2,4,11,A01
201900014316,2,43,,15,0,9,1,A01
201900014317,1,7,,4,2,8,1,B01
201900014317,1,7,,4,2,3,13,A01
201900014318,1,33,,0,2,1,1,A01
201900014318,1,10,,0,2,4,1,Z01
201900014319,2,7,,0,2,3,13,B01
201900014319,2,32,,0,2,7,21,A01
201900014320,2,7,,0,2,2,2,B01
201900014320,2,10,,0,2,6,2,C01
201900014320,2,34,,0,2,3,3,A01
201900014321,1,7,,0,2,6,2,C01
201900014321,1,7,,0,2,6,2,B01
201900014321,1,33,,0,2,0,0,A01
201900014322,1,43,,0,0,9,1,A01
201900014323,1,7,,0,2,1,2,A01
201900014323,1,7,,0,2,4,2,B01
201900014324,2,7,,4,0,1,14,A01
201900014325,1,7,,3,0,1,14,A01
201900014326,1,10,,0,2,1,2,A01
201900014326,1,7,,0,2,4,2,B01
201900014327,2,7,,0,2,7,12,B01
201900014327,2,33,,0,2,8,3,A01
201900014328,2,7,,0,2,4,2,B01
201900014328,2,7,,0,2,1,2,A01
201900014329,1,33,,0,2,7,3,A01
201900014329,1,7,,0,2,8,11,B01
201900014330,2,7,,7,0,1,14,A01
201900014331,1,7,,0,0,9,0,A01
201900014332,1,7,,0,2,3,11,B01
201900014332,1,33,,0,2,2,3,A01
201900014333,2,33,,0,0,9,13,A01
201900014334,2,7,,0,2,8,21,B01
201900014334,2,15,,0,2,4,2,C01
201900014334,2,17,,0,2,1,2,A01
201900014335,1,7,,13,0,9,26,A01
201900014336,2,7,,0,2,5,1,B01
201900014336,2,10,,0,2,7,1,C01
201900014336,2,7,,0,2,3,1,A01
201900014337,1,34,,14,0,9,1,A01
201900014338,1,7,,4,2,3,1,A01
201900014338,1,7,,0,2,5,2,B01
201900014339,1,7,,3,0,3,13,A01
201900014340,2,7,,0,2,1,1,A01
201900014340,2,7,,0,2,4,2,B01
201900014341,1,7,,0,2,2,1,Z01
201900014341,1,7,,0,2,6,1,A01
201900014342,1,7,,4,0,2,16,A01
201900014343,2,7,,0,2,4,23,B01
201900014343,2,7,,0,2,4,23,C01
201900014343,2,7,,1,0,1,2,A01
201900014344,2,33,,0,2,8,1,A01
201900014344,2,7,,0,2,7,12,B01
201900014345,1,10,,0,2,1,1,A01
201900014345,1,7,,0,2,6,2,B01
201900014346,2,10,,0,2,4,1,B01
201900014346,2,7,,0,2,1,26,A01
201900014347,2,33,,0,2,1,3,C01
201900014347,2,10,,0,2,8,1,B01
201900014347,2,7,,0,2,7,1,A01
201900014348,1,7,,0,2,4,2,B01
201900014348,1,7,,0,2,4,2,C01
201900014348,1,7,,0,2,1,2,A01
201900014349,1,7,,0,2,8,1,B01
201900014349,1,17,,0,2,4,1,C01
201900014349,1,31,,0,2,2,3,A01
201900014350,2,10,,0,2,4,2,B01
201900014350,2,7,,0,2,1,2,A01
201900014351,2,7,,0,2,4,2,B01
201900014351,2,7,,0,2,1,2,A01
201900014352,1,7,,3,0,1,0,A01
201900014353,2,7,,0,2,2,14,A01
201900014353,2,10,,4,2,8,1,B01
201900014354,1,7,,0,2,4,1,B01
201900014354,1,7,,0,2,1,0,A01
201900014355,1,7,,0,2,4,2,D01
201900014355,1,7,,0,2,4,2,B01
201900014355,1,10,,0,2,4,2,E01
201900014355,1,7,,0,2,4,2,C01
201900014355,1,17,,0,2,1,2,A01
201900014356,2,7,,4,0,3,20,A01
201900014357,1,7,,0,2,4,2,C01
201900014357,1,7,,0,2,1,2,Z01
201900014357,1,7,,0,2,4,2,B01
201900014358,1,7,,0,2,4,2,B01
201900014358,1,7,,0,2,4,2,C01
201900014358,1,7,,0,2,1,2,A01
201900014359,2,7,,0,2,5,12,A01
201900014359,2,33,,0,2,1,3,B01
201900014360,2,7,,0,2,4,2,B01
201900014360,2,7,,0,2,4,2,C01
201900014360,2,7,,0,2,1,2,A01
201900014361,1,7,,1,0,1,1,A01
201900014361,1,7,,0,2,4,23,B01
201900014362,2,33,,0,2,2,3,A01
201900014362,2,7,,0,2,6,1,B01
201900014363,2,33,,0,2,1,2,A01
201900014363,2,7,,0,2,6,2,B01
201900014364,1,7,,0,2,6,1,B01
201900014364,1,15,,0,2,2,12,A01
201900014365,1,7,,3,0,1,14,A01
201900014366,1,7,,3,0,1,14,A01
201900014367,1,7,,3,0,1,13,A01