Num_Acc,senc,catv,occutc,obs,obsm,choc,manv,num_veh
201900014368,1,7,,0,2,1,1,A01
201900014368,1,7,,0,2,4,2,B01
201900014369,1,7,,0,2,7,12,Z01
201900014369,1,33,,0,2,8,3,A01
201900014370,1,7,,4,0,8,13,A01
201900014371,2,7,,0,2,1,12,B01
201900014371,2,7,,0,2,8,11,C01
201900014371,2,7,,0,2,6,1,A01
201900014372,1,31,,0,2,5,1,A01
201900014372,2,7,,0,0,0,0,Z01
201900014373,1,10,,0,2,4,26,B01
201900014373,1,13,,1,2,1,26,A01
201900014374,2,10,,0,2,4,23,C01
201900014374,2,7,,0,2,6,23,B01
201900014374,2,33,,0,2,1,12,A01
201900014375,2,7,,0,2,3,2,B01
201900014375,2,7,,0,2,5,2,A01
201900014376,2,33,,0,2,8,3,B01
201900014376,2,7,,0,2,2,12,A01
201900014377,1,7,,0,2,5,2,B01
201900014377,1,10,,0,2,1,1,A01
201900014378,2,7,,0,2,1,2,B01
201900014378,2,7,,0,2,1,14,A01
201900014379,2,33,,3,2,8,3,A01
201900014380,2,7,,3,0,3,13,A01
201900014381,2,7,,0,2,4,11,A01
201900014381,2,10,,0,2,1,1,B01
201900014382,1,16,,4,0,1,6,A01
201900014383,2,2,,0,2,4,12,B01
201900014383,2,2,,0,2,1,26,A01
201900014384,2,33,,0,2,1,2,A01
201900014384,2,33,,0,2,4,1,B01
201900014385,1,10,,0,2,4,2,C01
201900014385,1,7,,0,2,4,2,B01
201900014385,1,7,,0,2,1,2,A01
201900014386,1,7,,0,2,8,1,A01
201900014386,1,7,,0,2,4,1,B01
201900014386,1,7,,0,2,4,1,C01
201900014386,1,7,,0,2,4,1,D01
201900014386,1,15,,0,2,7,1,E01
201900014386,1,15,,0,2,1,1,F01
201900014387,2,17,,0,2,1,1,A01
201900014387,2,17,,0,2,4,23,B01
201900014387,2,17,,0,2,4,23,C01
201900014388,2,7,,0,2,1,2,A01
201900014388,2,7,,0,2,4,2,B01
201900014389,2,7,,0,2,4,26,B01
201900014389,2,10,,0,2,1,26,A01
201900014390,2,7,,0,2,4,23,B01
201900014390,2,7,,0,2,1,0,A01
201900014391,2,31,,0,2,8,3,B01
201900014391,2,10,,0,2,7,12,A01
201900014392,1,7,,4,0,1,1,A01
201900014393,1,34,,0,2,1,3,B01
201900014393,1,7,,0,2,5,12,A01
201900014394,2,7,,0,2,1,2,C01
201900014394,2,7,,0,2,4,2,B01
201900014394,2,7,,0,2,4,2,A01
201900014395,1,10,,0,2,4,1,A01
201900014395,1,7,,0,2,1,1,B01
201900014396,1,7,,0,2,3,21,A01
201900014396,1,7,,0,2,4,2,B01
201900014397,2,10,,0,2,1,2,C01
201900014397,2,33,,0,2,4,2,B01
201900014397,2,7,,0,2,1,2,A01
201900014398,2,7,,0,2,5,1,B01
201900014398,2,7,,0,2,1,2,A01
201900014399,1,7,,0,2,5,11,C01
201900014399,1,7,,0,2,5,1,B01
201900014399,1,43,,0,2,8,3,A01
201900014400,2,10,,0,2,2,2,A01
201900014400,2,7,,0,2,4,2,B01
201900014400,2,7,,0,2,4,1,C01
201900014401,2,33,,0,2,8,1,A01
201900014401,2,15,,0,2,5,12,B01
201900014402,2,7,,0,2,4,1,B01
201900014402,2,7,,0,2,1,1,A01
201900014403,1,15,,0,2,1,2,A01
201900014403,1,15,,0,2,4,2,C01
201900014403,1,15,,0,2,4,2,B01
201900014404,2,7,,0,2,8,1,B01
201900014404,2,7,,4,2,3,17,A01
201900014405,1,7,,0,2,4,1,C01
201900014405,1,7,,0,2,1,1,A01
201900014405,1,7,,0,2,4,1,B01
201900014406,1,17,,4,0,1,21,A01
201900014407,2,7,,0,2,6,11,A01
201900014407,2,7,,0,2,7,2,B01
201900014408,1,10,,0,2,1,2,A01
201900014408,1,7,,0,2,4,2,B01
201900014408,1,17,,0,2,4,2,C01
201900014409,2,33,,0,2,4,2,A01
201900014409,2,34,,0,2,1,2,B01
201900014410,1,7,,0,2,4,2,B01
201900014410,1,10,,0,2,1,2,A01
201900014411,1,7,,0,0,0,21,A01
201900014412,2,7,,0,2,8,9,B01
201900014412,2,7,,0,2,2,26,A01
201900014413,1,7,,0,2,4,23,C01
201900014413,1,7,,0,2,4,2,B01
201900014413,1,7,,0,2,1,2,A01
201900014414,1,33,,6,0,7,3,A01
201900014415,2,15,,0,2,2,12,A01
201900014415,2,7,,0,2,8,1,B01
201900014416,2,7,,0,2,3,1,B01
201900014416,1,7,,0,2,3,13,A01
201900014417,2,2,,0,2,2,17,B01
201900014417,1,10,,0,2,3,19,A01
201900014418,2,99,,0,2,2,5,B01
201900014418,1,20,,1,2,1,5,A01
201900014419,3,7,,0,2,7,14,A01
201900014419,0,7,,14,0,3,2,B01
201900014420,3,7,,0,1,1,9,A01
201900014421,3,7,,0,2,4,1,B01
201900014421,3,7,,0,2,1,9,A01
201900014422,1,7,,0,1,1,16,A01
201900014423,2,7,,0,2,3,16,B01
201900014423,1,7,,0,2,1,1,A01
201900014424,3,10,,6,2,7,9,A01
201900014424,3,7,,0,2,1,1,B01
201900014425,2,7,,0,2,3,1,B01
201900014425,1,7,,0,2,3,13,A01
201900014425,2,7,,0,2,3,1,C01
201900014426,3,7,,1,0,1,26,A01
201900014427,1,7,,0,1,1,2,A01
201900014428,1,33,,0,0,7,17,A01
201900014429,1,10,,0,2,1,15,A01
201900014429,2,10,,0,2,3,2,B01
201900014430,1,10,,0,2,6,23,B01
201900014430,1,10,,0,2,1,2,A01
201900014431,3,7,,0,2,3,2,B01
201900014431,3,10,,0,2,7,13,Z01
201900014432,0,2,,0,2,3,5,A01
201900014432,0,7,,0,2,3,21,B01
201900014433,1,7,,0,2,2,1,B01
201900014433,2,7,,0,2,2,11,A01
201900014434,2,7,,0,2,8,11,B01
201900014434,2,31,,0,2,1,1,A01
201900014435,1,7,,0,2,1,1,B01
201900014435,2,33,,0,2,1,13,A01
201900014436,3,2,,13,0,7,1,A01
201900014437,2,7,,0,0,8,15,A01
201900014437,1,33,,0,2,1,1,B01
201900014438,1,33,,0,0,1,1,A01
201900014439,2,7,,0,2,8,1,B01
201900014439,1,33,,0,2,8,13,A01
201900014440,1,7,,0,2,3,1,C01
201900014440,1,7,,0,2,1,1,B01
201900014440,2,7,,0,2,1,13,A01
201900014441,1,7,,9,0,2,17,B01
201900014441,1,7,,0,0,8,15,A01
201900014442,1,1,,0,2,1,13,B01
201900014442,1,7,,0,2,2,1,A01
201900014443,2,7,,0,2,3,2,A01
201900014443,2,1,,0,2,2,19,B01
201900014444,1,7,,13,2,8,15,B01
201900014444,1,7,,0,2,1,17,A01
201900014445,2,33,,12,0,1,1,A01
201900014446,1,33,,0,2,8,1,B01
201900014446,2,7,,0,2,8,17,A01
201900014447,2,10,,13,0,2,1,A01
201900014448,1,33,,0,2,8,17,A01
201900014448,1,10,,0,2,3,15,B01
201900014449,3,7,,0,2,3,1,A01
201900014449,3,31,,0,2,1,15,B01
201900014450,0,7,,0,0,8,1,C01
201900014450,0,7,,0,0,6,1,B01
201900014450,0,33,,0,2,1,1,A01
201900014451,1,7,,13,0,9,13,A01
201900014452,3,10,,0,2,8,1,A01
201900014452,3,10,,0,2,1,1,B01
201900014453,1,7,,0,2,1,1,C01
201900014453,1,7,,0,2,8,1,B01
201900014453,2,7,,0,2,3,5,A01
201900014454,1,34,,8,0,1,1,A01
201900014455,1,33,,0,1,1,2,B01
201900014455,1,7,,0,2,4,9,A01
201900014456,1,7,,0,2,8,2,A01
201900014456,1,17,,0,0,0,0,B01
201900014457,1,7,,0,2,1,2,B01
201900014457,1,7,,0,2,4,2,A01
201900014458,1,7,,0,2,4,1,B01
201900014458,1,7,,0,2,1,2,A01
201900014459,2,7,,0,2,1,12,A01
201900014459,2,33,,0,2,4,1,B01
201900014459,2,7,,0,2,1,1,C01
201900014460,2,7,,3,0,7,14,A01
201900014461,1,7,,0,2,1,1,B01
201900014461,1,7,,0,2,1,13,A01
201900014462,1,7,,3,2,5,14,A01
201900014462,1,7,,3,2,3,2,B01
201900014463,2,7,,0,2,4,23,C01
201900014463,2,7,,0,2,4,23,B01
201900014463,2,7,,0,2,1,2,A01
201900014464,1,10,,0,2,2,14,A01
201900014464,1,7,,0,2,8,1,B01
201900014465,1,31,,0,0,0,16,A01
201900014466,1,99,,0,2,5,0,C01
201900014466,1,10,,0,2,0,0,B01
201900014466,1,7,,0,2,8,0,A01
201900014467,2,7,,0,2,5,12,A01
201900014467,2,33,,0,2,3,3,B01
201900014468,1,7,,0,2,1,2,A01
201900014468,1,7,,0,2,4,2,B01
201900014468,1,7,,0,2,4,2,C01
201900014469,2,7,,0,2,4,2,A01
201900014469,2,7,,0,2,1,2,B01
201900014470,2,7,,4,0,1,0,A01
201900014471,1,38,1.0,0,2,1,1,A01
201900014471,1,7,,0,2,4,2,B01
201900014471,1,7,,0,2,4,2,C01
201900014471,1,7,,0,2,4,2,D01
201900014472,1,42,,0,2,1,3,A01
201900014472,1,10,,0,2,8,11,B01
201900014472,1,10,,0,2,4,1,C01
201900014473,2,13,,0,2,4,2,B01
201900014473,2,7,,0,2,1,2,A01
201900014474,2,7,,0,2,4,1,D01
201900014474,2,7,,0,2,1,1,C01
201900014474,2,7,,0,0,4,1,B01
201900014474,2,7,,0,2,1,1,A01
201900014475,1,7,,0,2,1,1,A01
201900014475,1,7,,0,2,4,1,B01
201900014475,1,7,,0,2,4,1,C01
201900014476,2,34,,0,2,2,3,A01
201900014476,0,7,,0,2,8,1,B01
201900014477,2,7,,4,0,7,1,A01
201900014478,2,10,,0,2,4,12,B01
201900014478,2,33,,0,2,1,3,A01
201900014479,2,7,,0,2,4,2,C01
201900014479,2,7,,0,2,4,2,B01
201900014479,2,7,,0,2,1,2,A01
201900014480,2,7,,4,0,1,1,A01
201900014481,1,7,,0,2,4,2,A01
201900014481,1,7,,0,2,1,1,B01
201900014482,2,7,,0,2,1,2,A01
201900014482,2,7,,0,2,4,2,B01
201900014482,2,7,,0,2,4,2,C01
201900014483,2,7,,3,2,4,2,B01
201900014483,2,7,,4,2,1,1,A01
201900014484,2,33,,0,2,4,0,A01
201900014484,2,7,,0,2,1,0,B01
201900014484,2,7,,0,2,8,1,C01
201900014485,1,33,,0,2,4,3,B01
201900014485,1,33,,0,2,1,3,A01
201900014486,2,33,,0,2,8,9,A01
201900014486,2,10,,0,2,0,0,Z01
201900014487,2,7,,4,0,8,13,A01
201900014488,1,7,,0,2,4,23,C01
201900014488,1,7,,0,2,4,23,B01
201900014488,1,10,,1,0,1,2,A01
201900014489,2,7,,0,2,1,12,A01
201900014489,2,17,,0,2,6,9,B01
201900014489,2,0,,0,2,1,26,Z01
201900014490,2,10,,0,2,1,2,Z01
201900014490,2,7,,0,2,4,2,C01
201900014490,2,10,,0,2,4,2,B01
201900014491,2,34,,3,0,8,17,B01
201900014491,2,10,,0,2,7,1,A01
201900014492,2,7,,0,2,6,1,B01
201900014492,2,10,,0,2,4,1,C01
201900014492,2,7,,0,2,2,1,A01
201900014493,1,31,,0,2,3,3,B01
201900014493,1,7,,0,2,4,1,C01
201900014493,1,7,,0,2,2,12,A01
201900014494,2,7,,0,2,4,1,C01
201900014494,2,43,,0,2,7,3,B01
201900014494,2,7,,0,2,3,11,A01
201900014495,2,7,,0,2,3,2,A01
201900014495,2,7,,0,2,5,2,B01
201900014495,2,17,,0,2,6,1,C01
201900014495,2,10,,0,2,4,2,D01
201900014496,2,33,,14,0,9,1,A01
201900014497,1,7,,0,2,7,14,A01
201900014497,1,31,,0,2,8,1,B01
201900014498,2,43,,0,2,1,2,A01
201900014498,2,33,,0,2,4,2,B01
201900014499,2,7,,3,0,1,17,A01
201900014500,0,7,,0,2,3,16,B01
201900014500,0,7,,0,2,7,15,A01
201900014501,1,2,,0,2,1,1,B01
201900014501,1,10,,0,2,8,9,A01
201900014502,3,1,,0,2,1,9,B01
201900014502,3,37,1.0,0,9,2,1,C01
201900014503,2,2,,0,2,1,15,B01
201900014503,1,30,,0,2,1,2,A01
201900014504,1,7,,0,2,1,5,B01
201900014504,2,7,,0,2,1,15,A01
201900014505,1,7,,0,1,2,16,A01
201900014506,0,7,,1,0,3,13,A01
201900014507,2,7,,0,2,2,17,B01
201900014507,2,30,,14,2,3,9,A01
201900014508,2,7,,14,1,3,23,A01
201900014509,3,30,,1,0,2,2,A01
201900014509,3,7,,0,2,3,24,B01
201900014510,0,1,,0,2,8,19,B01
201900014510,0,7,,0,2,1,15,A01
201900014511,0,2,,0,2,1,1,A01
201900014511,0,13,,0,2,8,1,B01
201900014512,0,7,,0,2,1,16,A01
201900014512,1,2,,0,2,8,1,B01
201900014513,1,33,,0,1,1,1,A01
201900014514,3,7,,0,2,1,15,A01
201900014514,3,7,,0,2,8,2,B01
201900014515,2,7,,0,2,1,1,A01
201900014515,3,7,,0,2,4,2,B01
201900014516,3,33,,0,0,0,13,A01
201900014517,3,30,,0,2,8,7,B01
201900014517,3,7,,0,2,1,9,A01
201900014518,3,33,,1,1,1,3,A01
201900014519,2,7,,0,2,6,15,B01
201900014519,2,7,,0,2,2,17,A01
201900014520,2,7,,0,2,3,13,B01
201900014520,1,34,,0,2,1,1,A01
201900014521,1,7,,0,2,2,0,B01
201900014521,2,7,,0,2,1,19,A01
201900014522,1,7,,17,0,1,1,A01
201900014523,0,7,,0,1,4,4,A01
201900014524,1,7,,0,2,3,15,B01
201900014524,1,30,,0,2,1,17,A01
201900014525,2,7,,0,1,3,26,A01
201900014526,1,15,,0,0,7,1,B01
201900014526,1,1,,0,2,6,3,U01
201900014527,2,34,,0,1,1,1,A01
201900014528,2,1,,0,2,8,1,B01
201900014528,1,7,,0,2,3,15,A01
201900014529,3,7,,0,2,1,2,A01
201900014529,3,7,,0,1,4,0,B01
201900014530,0,33,,0,0,8,1,B01
201900014530,0,7,,0,2,3,15,A01
201900014531,0,33,,0,1,1,1,A01
201900014532,3,1,,0,2,1,5,A01
201900014532,3,7,,0,2,1,16,B01
201900014533,2,7,,8,2,1,15,A01
201900014533,1,7,,8,2,1,1,B01
201900014534,2,10,,0,2,3,26,A01
201900014534,2,10,,0,2,1,1,B01
201900014535,1,7,,0,1,1,1,A01
201900014536,1,7,,0,2,1,2,A01
201900014536,1,7,,0,2,4,2,B01
201900014536,1,10,,0,2,4,2,C01
201900014537,1,7,,0,0,0,0,A01
201900014538,2,2,,0,2,3,9,A01
201900014538,2,7,,0,2,2,1,B01
201900014539,2,7,,0,1,1,16,A01
201900014540,0,7,,2,1,2,9,A01
201900014541,1,7,,14,2,1,1,B01
201900014541,1,7,,14,2,6,10,A01
201900014542,1,7,,0,2,3,1,B01
201900014542,2,7,,0,2,1,13,A01
201900014543,1,7,,0,0,0,11,A01
201900014544,3,1,,0,2,1,19,A01
201900014544,1,37,1.0,0,2,7,1,B01
201900014545,1,10,,0,1,7,16,A01
201900014546,2,7,,0,1,2,17,A01
201900014547,3,10,,0,2,4,1,B01
201900014547,3,10,,0,2,4,1,C01
201900014547,3,7,,0,2,1,2,A01
201900014548,0,7,,0,2,5,15,A01
201900014548,0,7,,0,2,1,1,B01
201900014549,1,7,,0,2,4,2,B01
201900014549,1,7,,0,2,1,2,A01
201900014550,2,33,,0,2,0,19,B01
201900014550,1,7,,0,2,3,1,A01
201900014551,0,7,,13,0,3,13,A01
201900014552,0,7,,0,2,3,13,B01
201900014552,0,7,,0,2,3,0,A01
201900014553,2,7,,0,2,1,13,A01
201900014553,1,7,,0,2,1,1,B01
201900014554,3,1,,1,0,1,1,A01
201900014555,0,2,,0,0,0,1,B01
201900014555,0,7,,0,2,7,1,A01
201900014556,0,37,2.0,0,0,0,26,A01
201900014556,0,1,,0,0,0,0,B01
201900014557,0,2,,0,0,0,1,B01
201900014557,0,7,,2,2,1,2,A01
201900014558,0,7,,0,2,6,22,A01
201900014558,0,1,,1,0,0,1,B01
201900014559,0,7,,0,2,6,0,A01
201900014559,0,7,,0,2,1,17,B01
201900014560,3,31,,0,2,1,1,A01
201900014560,3,7,,0,2,1,1,B01
201900014561,1,7,,8,0,1,14,A01
201900014562,2,30,,0,0,1,26,A01
201900014563,1,7,,0,2,1,1,A01
201900014563,1,33,,0,2,4,1,B01
201900014564,1,7,,0,2,1,1,A01
201900014564,1,7,,0,2,4,1,B01
201900014564,1,7,,0,2,4,1,C01
201900014565,3,1,,0,2,2,17,A01
201900014565,1,7,,0,2,2,1,B01
201900014566,1,7,,0,1,2,1,A01
201900014567,0,7,,0,2,3,1,B01
201900014567,0,33,,0,2,7,15,A01
201900014568,1,33,,0,2,1,17,A01
201900014568,1,21,,0,2,6,15,B01
201900014569,2,7,,0,1,1,16,A01
201900014570,2,36,,13,0,0,1,A01
201900014571,3,10,,0,2,1,1,A01
201900014571,3,10,,0,0,4,1,B01
201900014572,1,10,,0,0,4,1,B01
201900014572,1,10,,0,2,1,1,A01
201900014573,2,7,,0,0,1,1,A01
201900014574,2,1,,0,0,1,1,A01
201900014575,3,7,,0,2,1,19,A01
201900014575,3,7,,0,2,8,1,B01
201900014576,1,7,,0,2,6,13,A01
201900014576,1,33,,0,2,1,3,B01
201900014577,2,7,,0,2,1,15,A01
201900014577,1,30,,0,2,1,1,B01
201900014578,1,7,,0,6,7,17,B01
201900014578,1,1,,0,2,0,2,A01
201900014579,1,7,,0,0,5,1,B01
201900014579,2,10,,0,2,2,19,A01
201900014580,3,7,,0,2,0,0,Z01
201900014580,0,30,,0,2,3,1,A01
201900014581,2,31,,0,1,2,0,B01
201900014582,0,7,,0,6,3,1,B01
201900014582,0,80,,0,2,1,5,A01
201900014583,3,7,,0,1,4,26,A01
201900014584,3,1,,0,2,0,1,B01
201900014584,3,7,,0,2,0,1,Z01
201900014585,2,7,,0,2,3,16,D01
201900014585,2,7,,0,2,1,15,C01
201900014585,2,2,,0,2,1,1,B01
201900014585,1,7,,0,2,3,15,A01
201900014586,3,7,,0,6,6,15,A01
201900014586,1,99,,0,0,0,0,B01
201900014587,3,7,,0,0,0,17,B01
201900014587,3,31,,13,0,1,21,A01
201900014588,2,7,,0,0,0,11,A01
201900014588,2,2,,0,0,7,21,B01
201900014589,2,7,,0,2,2,15,A01
201900014589,1,33,,0,2,1,1,B01
201900014590,1,37,1.0,0,1,5,1,A01
201900014591,2,7,,0,2,8,15,A01
201900014591,2,33,,0,2,1,1,B01
201900014592,1,10,,0,2,1,2,A01
201900014592,1,41,,0,2,4,2,B01
201900014593,2,32,,0,2,1,17,A01
201900014593,2,10,,0,2,6,15,B01
201900014594,1,10,,0,2,1,15,A01
201900014594,2,33,,0,2,1,1,B01
201900014595,1,30,,0,1,0,1,Z01
201900014596,1,7,,0,1,1,1,A01
201900014597,1,30,,0,2,4,23,B01
201900014597,1,7,,0,2,1,2,A01
201900014598,1,32,,0,0,2,1,A01
201900014599,2,7,,0,2,7,9,A01
201900014599,2,32,,0,2,3,1,B01
201900014600,2,7,,0,2,6,23,A01
201900014600,1,60,,0,2,1,1,B01
201900014601,2,50,,0,2,1,1,B01
201900014601,2,7,,0,2,3,9,A01
201900014602,1,50,,0,2,1,16,B01
201900014602,1,7,,0,2,5,16,A01
201900014603,1,7,,0,2,0,2,Z01
201900014603,1,50,,0,2,4,2,A01
201900014604,1,30,,0,2,3,5,B01
201900014604,1,7,,0,2,2,13,A01
201900014605,1,7,,0,2,8,15,A01
201900014605,1,2,,0,2,7,26,B01
201900014606,2,32,,0,1,1,1,A01
201900014607,2,30,,1,0,1,14,A01
201900014608,1,10,,0,2,4,2,C01
201900014608,1,10,,0,2,4,2,B01
201900014608,1,99,,0,2,1,2,A01
201900014609,3,7,,0,1,1,15,A01
201900014610,2,10,,0,2,3,15,B01
201900014610,2,32,,0,2,1,17,A01
201900014611,2,7,,4,0,3,0,A01
201900014612,2,7,,0,2,8,1,C01
201900014612,2,7,,0,2,4,2,B01
201900014612,2,7,,0,2,1,1,A01
201900014613,2,34,,11,0,1,26,A01
201900014614,2,30,,0,2,4,1,A01
201900014615,2,31,,0,2,2,17,A01
201900014615,3,7,,0,2,3,9,B01
201900014616,1,7,,0,1,5,23,C01
201900014616,1,7,,0,2,4,1,B01
201900014616,1,7,,0,2,1,1,A01
201900014617,1,33,,12,2,7,21,A01
201900014618,1,7,,0,1,1,15,A01
201900014619,1,7,,0,2,3,11,A01
201900014619,1,32,,0,2,1,3,B01
201900014619,1,7,,0,2,5,1,C01
201900014620,2,7,,0,2,3,9,A01
201900014620,2,33,,0,2,7,1,B01
201900014621,2,7,,2,0,1,1,A01
201900014622,3,7,,0,2,2,1,A01
201900014622,3,34,,0,2,8,1,B01
201900014623,2,7,,14,0,3,26,A01
201900014624,2,7,,0,1,1,2,A01
201900014625,3,20,,0,1,6,25,A01
201900014626,2,7,,0,2,6,9,B01
201900014626,2,0,,0,2,1,26,A01
201900014627,1,37,2.0,0,2,7,13,A01
201900014627,1,17,,0,2,4,16,B01
201900014628,1,7,,0,2,1,1,B01
201900014628,2,7,,0,2,1,15,A01
201900014629,1,7,,0,1,2,1,A01
201900014630,1,7,,0,1,3,15,A01
201900014631,1,7,,0,1,1,0,A01
201900014632,0,7,,0,1,0,0,A01
201900014633,0,7,,0,2,1,1,B01
201900014633,0,7,,0,2,5,15,A01
201900014634,1,7,,0,2,0,1,B01
201900014634,2,7,,0,1,1,19,A01
201900014635,1,7,,0,9,3,9,A01
201900014636,1,30,,12,0,1,0,A01
201900014637,3,50,,0,0,0,25,A01
201900014638,1,7,,13,0,1,1,A01
201900014639,1,7,,0,1,2,17,A01
201900014640,2,2,,0,2,1,15,B01
201900014640,1,7,,0,2,2,1,A01
201900014641,2,30,,0,2,1,1,A01
201900014641,1,7,,0,2,2,1,B01
201900014642,0,7,,0,1,2,1,A01
201900014643,1,7,,0,1,1,1,B01
201900014644,2,7,,0,1,2,1,A01
201900014645,2,7,,0,2,3,15,A01
201900014645,1,1,,0,2,1,1,B01
201900014646,2,7,,2,0,1,14,A01
201900014647,2,7,,0,2,5,15,A01
201900014647,1,30,,0,2,1,1,B01
201900014648,3,7,,0,1,7,2,A01
201900014649,1,7,,0,1,1,1,A01
201900014650,3,7,,0,1,0,1,A01
201900014651,2,7,,0,2,3,13,A01
201900014651,1,7,,0,2,3,1,B01
201900014652,1,7,,0,1,1,1,A01
201900014653,1,1,,0,2,1,16,B01
201900014653,1,7,,0,2,1,16,A01
201900014654,1,7,,0,1,1,15,A01
201900014655,1,7,,0,2,1,1,A01
201900014655,1,7,,0,2,4,1,B01
201900014656,1,1,,0,2,1,1,B01
201900014656,1,7,,0,2,1,1,Z01
201900014657,1,7,,0,2,7,16,A01
201900014657,1,1,,0,2,1,1,B01
201900014658,2,7,,0,2,2,1,B01
201900014658,1,2,,0,2,1,9,A01
201900014659,2,7,,0,2,8,10,A01
201900014659,1,7,,0,2,3,1,B01
201900014659,2,7,,0,0,0,0,C01
201900014660,2,1,,0,2,1,1,B01
201900014660,2,7,,0,2,2,16,A01
201900014661,3,7,,0,2,1,15,A01
201900014661,3,2,,0,2,1,1,B01
201900014662,2,7,,0,0,4,2,B01
201900014662,2,7,,1,2,1,2,A01
201900014663,2,2,,0,2,1,1,B01
201900014663,2,7,,0,2,6,15,A01
201900014664,1,7,,0,2,1,1,A01
201900014664,2,2,,0,2,1,5,B01
201900014665,2,7,,0,2,0,2,Z01
201900014665,3,7,,0,2,5,16,B01
201900014666,1,7,,0,2,3,24,A01
201900014666,1,1,,1,0,1,1,B01
201900014667,3,30,,0,1,1,26,Z01
201900014668,2,7,,4,0,3,1,A01
201900014669,1,7,,0,2,6,23,C01
201900014669,1,7,,0,2,5,23,B01
201900014669,1,7,,0,2,3,1,A01
201900014670,0,7,,0,1,1,1,A01
201900014671,3,1,,0,2,1,1,B01
201900014671,3,7,,0,6,3,16,A01
201900014672,1,7,,0,2,3,15,A01
201900014672,1,31,,0,2,1,1,B01
201900014673,1,7,,0,2,1,13,A01
201900014673,2,7,,0,2,1,1,B01
201900014674,2,31,,0,2,1,1,B01
201900014674,1,10,,0,2,5,15,A01
201900014675,1,7,,0,1,2,1,A01
201900014676,2,7,,0,2,1,1,B01
201900014676,1,7,,0,2,8,1,A01
201900014677,3,7,,0,2,2,1,B01
201900014677,3,33,,0,2,1,13,A01
201900014678,0,10,,0,2,7,1,B01
201900014678,0,10,,0,2,1,15,A01
201900014679,2,33,,0,2,1,17,A01
201900014679,2,7,,0,2,3,19,B01
201900014680,2,7,,0,2,4,23,B01
201900014680,2,7,,0,2,1,1,A01
201900014681,3,7,,0,2,3,15,A01
201900014681,3,32,,0,2,1,1,B01
201900014682,2,32,,0,2,1,1,B01
201900014682,1,7,,0,2,2,15,A01
201900014683,1,7,,0,1,1,1,A01
201900014684,2,7,,0,1,1,1,A01
201900014685,1,7,,0,2,1,19,A01
201900014685,1,7,,0,2,1,19,B01
201900014686,1,7,,0,2,6,23,B01
201900014686,1,31,,0,2,1,2,A01
201900014687,1,7,,0,2,2,16,B01
201900014687,1,33,,0,2,3,18,A01
201900014688,2,31,,0,0,0,21,A01
201900014689,2,33,,0,0,8,1,A01
201900014690,1,7,,0,2,3,9,B01
201900014690,1,30,,0,2,1,1,A01
201900014691,1,33,,0,2,8,1,B01
201900014691,2,7,,0,2,2,15,A01
201900014692,1,50,,0,2,7,19,B01
201900014692,1,7,,0,2,1,1,A01
201900014693,1,7,,0,2,7,9,A01
201900014693,1,30,,0,2,1,1,B01
201900014694,1,7,,0,2,3,1,C01
201900014694,2,7,,0,2,1,23,B01
201900014694,2,7,,0,2,1,2,A01
201900014695,1,30,,0,2,1,14,A01
201900014695,1,7,,0,2,3,9,B01
201900014696,1,3,,0,1,1,1,A01
201900014697,2,7,,0,2,3,15,A01
201900014697,2,33,,0,2,7,17,B01
201900014698,2,50,,12,0,0,19,A01
201900014699,3,7,,0,2,1,1,A01
201900014699,3,50,,0,2,7,1,B01
201900014700,1,2,,0,2,7,1,B01
201900014700,1,7,,0,2,1,9,A01
201900014701,1,30,,8,0,1,1,A01
201900014702,2,30,,0,2,1,16,B01
201900014702,1,7,,0,2,1,15,A01
201900014703,1,7,,0,1,1,15,A01
201900014704,1,7,,0,1,1,1,A01
201900014705,2,7,,9,2,1,17,A01
201900014705,2,99,,0,0,0,15,T01
201900014706,1,7,,0,1,5,20,A01
201900014707,1,7,,0,2,1,15,A01
201900014707,2,1,,0,2,2,5,B01
201900014708,1,2,,15,0,1,25,A01
201900014709,1,3,,0,6,3,1,A01
201900014709,1,1,,0,2,1,1,B01
201900014710,1,7,,0,2,2,16,A01
201900014710,1,32,,0,2,4,16,B01
201900014711,3,10,,0,2,3,10,B01
201900014711,3,7,,1,2,2,17,A01
201900014712,3,7,,0,2,0,26,A01
201900014712,3,34,,0,0,0,0,B01
201900014713,0,7,,0,1,3,1,A01
201900014714,1,7,,0,0,1,0,A01
201900014714,1,7,,0,0,4,0,B01
201900014715,2,7,,2,2,3,1,B01
201900014715,1,21,,0,2,6,13,A01
201900014716,1,7,,0,0,4,2,B01
201900014716,1,7,,16,0,1,1,A01
201900014717,1,17,,0,2,4,2,B01
201900014717,1,7,,0,2,1,2,A01
201900014718,2,10,,0,2,1,2,A01
201900014718,2,17,,0,2,4,2,B01
201900014719,1,7,,0,2,1,1,C01
201900014719,1,7,,0,2,1,1,B01
201900014719,2,7,,0,2,1,5,A01
201900014720,1,15,,0,2,8,1,C01
201900014720,2,7,,0,2,3,1,B01
201900014720,2,7,,0,2,3,17,A01
201900014721,2,7,,2,0,3,11,A01
201900014722,1,7,,13,0,1,9,A01
201900014723,1,7,,0,2,4,2,B01
201900014723,1,7,,0,2,2,2,A01
201900014724,1,7,,16,0,9,14,A01
201900014725,1,7,,0,2,3,1,B01
201900014725,2,7,,0,2,3,1,A01