Num_Acc,senc,catv,occutc,obs,obsm,choc,manv,num_veh
201900014726,2,7,,0,2,1,2,A01
201900014726,2,7,,0,2,4,2,B01
201900014726,2,7,,0,0,4,1,C01
201900014727,2,10,,0,2,3,1,B01
201900014727,1,7,,0,2,3,1,A01
201900014728,0,21,,0,0,4,1,B01
201900014728,3,7,,0,2,1,1,A01
201900014729,2,7,,2,0,1,0,A01
201900014730,1,15,,0,2,1,1,B01
201900014730,2,7,,0,2,1,13,A01
201900014731,2,7,,2,0,1,1,A01
201900014732,1,7,,2,0,8,1,A01
201900014733,2,7,,8,0,1,0,A01
201900014734,1,7,,17,0,3,1,A01
201900014735,1,31,,8,0,1,14,A01
201900014736,3,7,,0,1,1,1,A01
201900014737,2,10,,0,0,3,2,A01
201900014738,2,10,,13,0,7,1,A01
201900014739,3,1,,0,0,4,2,B01
201900014739,3,7,,0,2,2,2,A01
201900014740,1,7,,0,2,3,1,A01
201900014740,2,7,,0,2,3,17,B01
201900014741,2,7,,0,0,0,1,B01
201900014741,1,17,,0,0,0,1,A01
201900014742,0,2,,0,2,1,1,B01
201900014742,0,7,,0,2,1,15,A01
201900014743,2,7,,0,2,3,15,A01
201900014743,1,31,,0,2,1,17,B01
201900014744,0,2,,0,2,1,1,B01
201900014744,0,7,,0,2,3,10,A01
201900014745,1,10,,14,0,1,1,C01
201900014745,1,10,,14,0,1,1,B01
201900014745,2,17,,0,0,1,1,A01
201900014746,1,7,,11,2,8,0,B01
201900014746,1,7,,0,2,1,0,A01
201900014747,1,7,,4,2,3,0,B01
201900014747,1,7,,0,9,7,1,A01
201900014748,2,2,,0,2,7,0,B01
201900014748,0,7,,0,2,2,26,A01
201900014749,1,2,,0,2,1,17,B01
201900014749,2,7,,0,2,3,15,A01
201900014750,2,7,,0,2,5,1,B01
201900014750,2,33,,0,2,1,1,A01
201900014751,3,7,,0,0,4,20,A01
201900014752,2,7,,0,9,8,1,B01
201900014752,1,31,,0,2,0,1,A01
201900014753,1,7,,0,2,3,9,A01
201900014753,1,2,,0,2,2,1,B01
201900014754,2,7,,0,2,1,1,B01
201900014754,1,2,,0,0,8,15,A01
201900014755,2,7,,0,2,1,9,A01
201900014755,1,80,,0,0,7,1,B01
201900014756,3,1,,0,2,1,26,B01
201900014756,1,33,,0,2,8,1,A01
201900014757,2,33,,1,2,7,1,A01
201900014757,2,33,,0,2,8,1,B01
201900014757,1,7,,0,2,2,21,C01
201900014758,3,7,,0,1,3,1,A01
201900014759,2,7,,0,2,3,1,B01
201900014759,1,7,,0,2,3,5,A01
201900014760,3,7,,0,2,1,5,B01
201900014760,3,7,,0,2,1,1,A01
201900014761,3,36,,0,2,8,19,A01
201900014761,3,7,,0,2,1,1,B01
201900014762,2,7,,4,0,5,1,A01
201900014763,2,31,,0,0,7,9,A01
201900014764,2,7,,0,2,3,1,A01
201900014764,2,7,,0,2,7,23,B01
201900014765,1,7,,0,2,1,2,A01
201900014765,1,7,,0,2,1,2,C01
201900014765,1,7,,0,2,4,2,B01
201900014766,1,7,,0,2,4,1,C01
201900014766,1,7,,0,2,4,2,B01
201900014766,1,99,,0,2,1,2,A01
201900014767,2,7,,0,1,1,2,A01
201900014768,1,43,,3,0,2,23,A01
201900014769,1,7,,1,0,1,2,A01
201900014769,1,7,,0,2,4,23,B01
201900014770,1,31,,3,0,1,3,A01
201900014771,2,7,,0,2,4,2,C01
201900014771,2,7,,0,2,4,2,B01
201900014771,2,7,,0,2,1,2,A01
201900014772,2,7,,5,0,1,11,A01
201900014773,2,33,,0,2,2,2,A01
201900014773,2,7,,0,2,5,1,B01
201900014774,2,33,,0,2,1,3,B01
201900014774,2,7,,0,2,6,11,A01
201900014775,2,7,,0,1,1,14,A01
201900014776,3,30,,0,2,7,1,B01
201900014776,3,7,,0,2,4,4,A01
201900014777,2,34,,0,2,1,1,B01
201900014777,1,7,,0,2,1,15,A01
201900014778,1,7,,0,2,4,0,B01
201900014778,1,7,,0,2,1,1,A01
201900014779,3,7,,0,2,1,1,B01
201900014779,3,7,,0,2,7,19,A01
201900014780,1,2,,0,2,1,1,A01
201900014781,3,7,,0,2,2,1,B01
201900014781,3,7,,0,2,5,4,A01
201900014782,0,30,,1,0,0,0,A01
201900014783,2,7,,0,1,4,4,A01
201900014784,1,7,,0,2,6,19,B01
201900014784,2,7,,0,2,2,19,A01
201900014785,3,10,,0,2,3,1,A01
201900014785,3,7,,0,2,6,15,B01
201900014786,1,33,,0,2,0,1,A01
201900014786,2,7,,0,2,8,0,B01
201900014787,0,7,,0,2,1,15,B01
201900014787,0,32,,0,2,1,1,A01
201900014788,1,80,,0,2,1,15,A01
201900014788,2,30,,0,2,8,1,B01
201900014789,2,50,,0,2,7,19,A01
201900014789,2,7,,0,2,1,15,Z01
201900014790,1,7,,0,2,8,1,B01
201900014790,1,10,,0,2,3,1,A01
201900014790,2,80,,0,2,1,25,C01
201900014791,2,7,,0,2,2,15,A01
201900014791,1,31,,0,2,1,1,B01
201900014792,1,7,,0,1,2,1,A01
201900014793,2,7,,0,1,7,1,A01
201900014794,1,7,,12,0,1,13,A01
201900014795,2,10,,0,2,3,15,A01
201900014795,2,33,,0,2,2,17,B01
201900014796,2,7,,0,1,2,1,A01
201900014797,2,10,,0,2,1,2,B01
201900014797,2,7,,0,2,4,2,A01
201900014798,2,10,,0,2,8,13,B01
201900014798,2,31,,0,2,7,17,A01
201900014799,1,37,2.0,0,2,3,1,B01
201900014799,1,7,,0,2,2,1,A01
201900014800,2,7,,0,2,1,23,A01
201900014800,1,32,,0,2,2,1,B01
201900014801,2,7,,0,0,1,0,A01
201900014801,2,32,,0,0,0,0,B01
201900014802,3,30,,0,2,1,5,A01
201900014802,1,14,,0,2,2,1,B01
201900014803,1,7,,0,1,3,1,A01
201900014804,1,10,,0,2,8,1,A01
201900014804,2,1,,0,2,1,1,Y01
201900014805,1,34,,9,2,8,1,B01
201900014805,1,7,,0,2,1,15,A01
201900014806,2,7,,0,1,6,4,A01
201900014807,3,7,,0,1,1,1,A01
201900014808,2,33,,0,1,1,26,A01
201900014809,1,7,,0,1,3,15,A01
201900014810,1,1,,0,2,4,1,A01
201900014810,1,7,,0,2,0,0,Z01
201900014811,2,7,,0,2,2,16,A01
201900014811,2,31,,0,2,3,18,B01
201900014812,3,7,,0,1,1,15,A01
201900014813,3,34,,0,2,2,1,B01
201900014813,3,7,,0,2,3,15,A01
201900014814,3,7,,2,0,1,17,A01
201900014815,2,33,,16,0,0,1,A01
201900014816,1,7,,0,2,1,1,B01
201900014816,2,7,,0,2,1,11,A01
201900014817,1,7,,0,2,2,1,B01
201900014817,1,2,,0,2,8,15,A01
201900014818,0,2,,0,5,0,0,A01
201900014819,2,30,,0,2,1,1,A01
201900014819,1,7,,0,2,5,15,B01
201900014820,2,7,,0,2,3,1,A01
201900014820,1,33,,0,0,7,1,B01
201900014821,3,1,,0,2,1,1,B01
201900014821,3,7,,0,9,2,1,A01
201900014822,2,7,,0,1,2,1,A01
201900014823,1,7,,0,1,1,1,A01
201900014824,2,7,,0,1,2,1,A01
201900014825,3,7,,6,2,1,2,A01
201900014825,3,33,,0,0,4,20,B01
201900014826,1,7,,13,0,1,1,A01
201900014827,1,7,,0,2,8,0,A01
201900014827,1,17,,0,2,0,0,B01
201900014828,1,10,,0,2,1,2,A01
201900014829,1,10,,3,0,1,2,B01
201900014829,1,10,,0,2,4,2,A01
201900014830,1,7,,0,1,2,1,A01
201900014831,2,7,,3,0,2,0,A01
201900014832,1,7,,0,2,4,1,A01
201900014832,1,7,,0,0,0,0,B01
201900014832,1,7,,0,0,0,0,C01
201900014833,2,7,,4,0,1,14,A01
201900014834,1,17,,0,2,7,1,B01
201900014834,1,7,,0,2,1,9,A01
201900014835,2,10,,0,2,1,1,C01
201900014835,2,7,,4,2,6,1,B01
201900014835,2,14,,0,2,2,12,A01
201900014836,2,7,,0,2,1,21,A01
201900014836,2,7,,4,2,1,1,B01
201900014837,2,7,,3,0,7,14,A01
201900014838,1,7,,0,2,3,1,A01
201900014838,1,7,,0,2,4,1,B01
201900014838,1,7,,0,2,4,1,C01
201900014839,1,7,,0,2,1,2,C01
201900014839,1,7,,0,2,4,2,B01
201900014839,1,7,,0,2,6,23,A01
201900014840,2,7,,0,2,1,2,B01
201900014840,2,7,,0,2,1,1,A01
201900014841,1,1,,1,0,1,1,A01
201900014841,1,7,,0,2,8,22,B01
201900014842,1,32,,0,2,2,1,A01
201900014842,2,7,,0,2,3,13,B01
201900014843,1,7,,0,1,3,1,A01
201900014844,1,7,,8,0,2,1,A01
201900014845,1,30,,0,2,1,1,A01
201900014845,1,7,,0,2,2,16,B01
201900014846,2,7,,0,2,1,13,A01
201900014846,1,14,,0,2,1,1,B01
201900014847,1,1,,0,2,4,2,B01
201900014847,1,7,,0,2,1,2,A01
201900014848,1,37,1.0,2,0,1,13,A01
201900014849,1,10,,0,1,4,4,A01
201900014850,3,7,,9,1,1,26,A01
201900014851,1,7,,0,1,5,4,A01
201900014852,0,7,,0,1,2,13,A01
201900014853,3,7,,13,0,1,1,A01
201900014854,2,7,,0,9,3,21,A01
201900014854,1,33,,0,2,3,17,B01
201900014855,1,7,,0,2,1,17,A01
201900014855,2,7,,0,2,1,1,B01
201900014855,1,37,1.0,0,2,2,2,C01
201900014856,3,7,,0,1,0,1,A01
201900014857,3,7,,0,1,2,16,A01
201900014858,0,7,,8,0,1,14,A01
201900014859,2,7,,0,1,2,1,A01
201900014860,1,10,,0,2,3,15,A01
201900014860,1,80,,0,2,1,7,B01
201900014861,1,7,,0,1,2,1,A01
201900014862,2,7,,0,2,1,1,B01
201900014862,1,7,,0,2,3,15,A01
201900014863,1,30,,0,2,0,0,Z01
201900014863,2,30,,0,2,0,0,A01
201900014864,1,7,,0,1,1,16,A01
201900014865,1,7,,0,2,2,15,A01
201900014865,2,7,,0,2,1,1,B01
201900014866,1,10,,0,2,3,15,A01
201900014866,1,33,,0,2,1,1,B01
201900014867,2,7,,15,0,1,14,A01
201900014868,2,7,,0,2,2,1,A01
201900014868,2,7,,0,2,6,2,B01
201900014869,1,7,,13,0,1,1,A01
201900014870,3,1,,0,0,0,1,A01
201900014871,0,7,,0,1,0,1,A01
201900014872,1,10,,0,1,7,26,A01
201900014873,3,7,,0,2,1,15,A01
201900014873,-1,2,,-1,-1,-1,-1,B01
201900014874,3,7,,0,2,2,1,A01
201900014874,3,7,,14,0,5,15,B01
201900014875,1,7,,0,1,1,1,A01
201900014876,3,7,,0,0,5,15,A01
201900014876,3,7,,0,0,2,1,B01
201900014877,3,30,,0,2,1,19,A01
201900014877,3,7,,0,2,2,1,B01
201900014878,3,7,,0,1,1,9,Z01
201900014879,2,7,,6,2,2,15,B01
201900014879,2,7,,0,2,3,1,A01
201900014880,2,7,,0,1,1,25,A01
201900014881,0,7,,0,2,0,0,Z01
201900014881,0,1,,0,2,1,0,A01
201900014882,0,7,,0,1,0,1,A01
201900014883,1,2,,0,2,1,17,B01
201900014883,0,7,,0,2,3,15,A01
201900014884,0,7,,0,2,8,9,A01
201900014884,1,31,,0,2,1,1,B01
201900014885,1,30,,12,0,0,1,A01
201900014886,3,7,,0,2,1,9,A01
201900014886,3,7,,0,2,2,26,B01
201900014887,1,2,,0,2,1,1,B01
201900014887,1,7,,0,2,8,26,A01
201900014888,2,7,,0,1,1,16,A01
201900014889,3,7,,0,1,1,15,A01
201900014890,1,7,,0,1,2,2,A01
201900014891,1,7,,9,1,1,15,A01
201900014892,3,1,,0,2,7,19,B01
201900014892,2,7,,0,2,1,1,A01
201900014893,2,7,,0,1,1,1,A01
201900014894,1,7,,0,1,3,1,A01
201900014895,3,30,,0,2,1,13,A01
201900014895,3,10,,0,2,1,1,B01
201900014895,3,38,1.0,0,2,3,1,C01
201900014896,3,17,,4,0,8,9,A01
201900014897,2,7,,0,2,1,1,Z01
201900014897,2,7,,0,2,4,23,A01
201900014898,1,7,,0,0,4,1,B01
201900014898,1,30,,0,2,1,1,A01
201900014899,1,13,,0,1,4,2,Z01
201900014900,0,7,,0,1,6,23,B01
201900014900,0,7,,0,2,2,1,A01
201900014901,1,10,,6,0,1,13,A01
201900014902,1,7,,0,2,1,2,A01
201900014902,1,7,,0,2,4,2,B01
201900014902,1,7,,0,2,4,2,C01
201900014903,2,7,,0,2,5,1,B01
201900014903,2,33,,0,2,3,3,A01
201900014904,1,7,,0,2,1,1,B01
201900014904,1,43,,0,2,4,12,A01
201900014905,1,43,,0,2,8,1,B01
201900014905,2,7,,0,2,1,15,A01
201900014906,2,7,,0,1,1,17,A01
201900014907,1,50,,0,2,0,1,A01
201900014907,1,30,,0,2,0,13,Z01
201900014908,1,1,,0,2,7,19,B01
201900014908,1,33,,0,2,7,1,A01
201900014909,2,31,,0,2,7,15,A01
201900014909,1,1,,0,2,1,1,B01
201900014910,1,50,,0,2,1,1,B01
201900014910,1,7,,0,2,3,22,A01
201900014911,2,1,,0,2,8,1,B01
201900014911,1,7,,0,2,3,16,A01
201900014912,2,7,,0,2,2,15,A01
201900014912,2,1,,0,2,8,1,B01
201900014913,2,30,,0,2,1,1,B01
201900014913,1,1,,0,2,1,5,A01
201900014914,2,1,,0,2,0,1,B01
201900014914,2,7,,0,2,7,14,A01
201900014915,3,33,,0,2,1,2,B01
201900014915,3,7,,0,2,8,15,A01
201900014916,1,33,,0,1,1,2,A01
201900014917,3,2,,0,0,0,9,B01
201900014917,2,32,,0,0,1,0,A01
201900014918,1,7,,0,2,8,15,A01
201900014918,1,34,,0,2,1,15,B01
201900014919,1,10,,0,2,0,0,Z01
201900014919,2,33,,0,2,0,26,B01
201900014920,3,7,,0,1,1,0,A01
201900014921,3,7,,0,2,1,1,B01
201900014921,3,7,,0,2,1,15,A01
201900014922,2,99,,0,2,5,4,A01
201900014922,2,31,,0,2,1,2,B01
201900014923,1,7,,0,2,1,2,B01
201900014923,1,34,,0,2,1,11,A01
201900014924,1,7,,1,0,2,0,A01
201900014925,1,80,,0,2,3,15,A01
201900014925,0,7,,0,2,7,1,B01
201900014926,0,31,,0,2,2,0,A01
201900014926,1,7,,0,2,1,0,B01
201900014927,3,7,,2,0,7,1,A01
201900014928,1,7,,0,2,2,1,A01
201900014928,1,7,,0,2,3,15,B01
201900014929,1,7,,12,0,3,13,A01
201900014930,2,33,,5,0,1,1,A01
201900014931,1,7,,0,2,1,1,B01
201900014931,2,10,,0,2,1,19,A01
201900014932,3,7,,6,2,2,17,A01
201900014932,3,10,,0,0,3,15,B01
201900014933,1,7,,0,2,1,19,A01
201900014933,2,35,,0,2,5,1,B01
201900014934,3,7,,0,2,3,1,A01
201900014934,3,10,,0,2,2,0,B01
201900014935,1,7,,0,1,2,1,A01
201900014936,1,7,,0,0,0,14,A01
201900014937,1,7,,0,2,1,1,C01
201900014937,2,7,,0,0,4,23,B01
201900014937,2,7,,0,2,3,13,A01
201900014938,1,2,,0,2,8,1,B01
201900014938,1,7,,0,2,7,17,A01
201900014939,2,7,,0,2,3,1,B01
201900014939,1,7,,0,2,1,1,A01
201900014940,2,31,,12,0,1,1,A01
201900014941,1,7,,0,0,1,1,B01
201900014941,2,7,,0,2,7,13,A01
201900014942,2,7,,13,0,2,1,A01
201900014943,1,7,,0,2,1,15,A01
201900014943,2,33,,0,2,1,1,B01
201900014944,1,33,,0,0,0,1,A01
201900014945,1,7,,0,2,1,19,A01
201900014945,1,7,,0,2,8,1,B01
201900014946,1,10,,0,2,1,5,A01
201900014946,2,10,,0,2,3,1,B01
201900014947,0,33,,0,0,0,1,A01
201900014948,3,7,,0,2,1,1,B01
201900014948,3,7,,0,2,1,13,A01
201900014949,1,10,,0,2,7,1,B01
201900014949,0,7,,0,2,2,26,A01
201900014950,2,17,,0,0,6,23,B01
201900014950,2,7,,1,0,2,0,A01
201900014951,1,7,,3,6,1,1,A01
201900014952,1,17,,0,2,1,1,A01
201900014952,1,17,,0,0,5,11,B01
201900014953,0,7,,0,2,5,9,A01
201900014953,0,34,,0,2,1,2,B01
201900014954,0,7,,13,0,1,19,A01
201900014955,1,7,,8,0,1,13,A01
201900014956,1,7,,0,0,3,1,B01
201900014956,2,7,,0,2,3,1,A01
201900014957,2,7,,0,2,3,1,B01
201900014957,1,7,,0,2,3,17,A01
201900014958,0,7,,0,2,6,15,A01
201900014958,0,2,,0,2,1,1,B01
201900014959,3,33,,0,2,1,1,B01
201900014959,1,10,,0,2,1,19,A01
201900014960,3,7,,0,2,1,5,A01
201900014960,3,33,,0,2,2,5,B01
201900014961,1,7,,0,1,3,21,A01
201900014962,2,33,,2,0,1,1,A01
201900014963,3,10,,0,1,4,4,A01
201900014964,1,7,,3,0,2,1,A01
201900014965,0,2,,0,2,1,1,B01
201900014965,3,7,,0,2,1,15,A01
201900014966,2,7,,0,1,3,1,A01
201900014967,2,7,,0,2,3,1,A01
201900014967,1,7,,0,2,3,1,B01
201900014968,2,2,,0,0,0,3,A01
201900014969,1,20,,0,1,2,1,A01
201900014969,1,7,,0,0,0,0,T01
201900014970,1,7,,4,0,1,21,A01
201900014971,1,7,,3,0,1,2,A01
201900014972,2,7,,0,2,1,2,A01
201900014972,2,7,,0,2,4,2,B01
201900014973,0,7,,0,1,1,1,A01
201900014974,2,30,,0,0,0,1,A01
201900014975,1,7,,0,1,2,15,Z01
201900014976,1,33,,0,2,1,17,A01
201900014976,1,7,,0,2,3,0,B01
201900014977,1,7,,0,2,5,23,A01
201900014977,1,7,,0,2,1,0,Z01
201900014978,1,7,,0,1,3,1,A01
201900014979,1,1,,0,2,1,1,B01
201900014979,1,7,,0,2,3,16,A01
201900014980,3,7,,0,2,4,26,B01
201900014980,3,7,,0,2,1,1,A01
201900014981,1,32,,0,2,8,1,A01
201900014981,1,33,,0,2,2,17,B01
201900014982,3,7,,0,1,4,20,A01
201900014983,2,7,,0,2,1,1,A01
201900014983,1,10,,0,2,2,15,A01
201900014984,1,7,,0,2,7,1,C01
201900014984,1,32,,0,2,8,3,B01
201900014984,1,43,,0,2,0,12,A01
201900014985,2,30,,0,2,0,1,B01
201900014985,2,7,,0,2,0,22,A01
201900014986,1,33,,0,2,1,1,B01
201900014986,1,7,,0,2,6,10,A01
201900014987,1,7,,0,2,2,16,A01
201900014987,1,30,,1,2,1,18,B01
201900014988,2,7,,9,0,3,1,A01
201900014989,2,1,,0,2,2,1,B01
201900014989,2,7,,0,2,1,16,A01
201900014990,1,7,,0,2,5,2,B01
201900014990,1,30,,0,2,1,2,A01
201900014991,2,1,,0,1,1,1,A01
201900014992,2,30,,0,2,1,5,A01
201900014992,2,1,,0,2,3,1,B01
201900014993,2,7,,0,2,7,1,C01
201900014993,2,7,,0,2,4,23,B01
201900014993,2,7,,8,2,1,14,A01
201900014994,1,33,,0,2,7,1,B01
201900014994,1,7,,0,2,8,9,A01
201900014995,2,30,,0,1,1,1,A01
201900014996,3,7,,0,2,0,7,Z01
201900014997,1,7,,0,1,4,4,A01
201900014998,2,32,,0,2,3,1,B01
201900014998,2,7,,0,2,7,22,A01
201900014999,0,7,,0,2,3,19,B01
201900014999,3,7,,0,2,1,1,A01
201900015000,1,7,,0,1,1,17,A01
201900015001,1,7,,0,2,6,2,B01
201900015001,1,10,,0,2,2,2,A01
201900015002,1,30,,0,2,1,26,A01
201900015002,1,7,,0,2,3,9,B01
201900015003,1,7,,0,2,1,2,B01
201900015003,2,7,,12,2,7,15,A01
201900015004,2,7,,0,0,4,23,B01
201900015004,0,10,,0,0,2,2,A01
201900015005,1,7,,0,2,4,26,B01
201900015005,1,7,,0,2,1,1,A01
201900015006,1,7,,0,2,2,19,A01
201900015006,2,7,,0,2,3,1,B01
201900015007,2,7,,0,2,2,17,A01
201900015008,3,7,,0,2,6,1,C01
201900015008,3,31,,0,2,1,1,B01
201900015008,3,3,,0,2,2,1,A01
201900015009,3,7,,0,1,2,1,A01
201900015010,1,3,,14,2,3,19,A01
201900015011,1,7,,0,2,3,15,A01
201900015011,2,33,,0,2,1,1,B01
201900015012,0,7,,0,1,1,1,A01
201900015013,1,30,,1,0,7,22,A01
201900015013,3,7,,0,2,3,24,Z01
201900015014,1,7,,0,1,2,1,A01
201900015015,3,7,,11,0,1,15,A01
201900015016,3,10,,0,2,7,1,A01
201900015016,3,13,,0,2,1,1,B01
201900015017,3,7,,9,0,1,2,A01
201900015018,2,31,,0,0,8,1,A01
201900015019,1,33,,0,2,1,2,A01
201900015019,1,7,,0,2,6,2,B01
201900015020,3,7,,0,2,1,5,A01
201900015020,0,37,1.0,0,2,3,5,B01
201900015021,1,33,,0,2,1,2,A01
201900015021,1,7,,0,0,4,23,B01
201900015022,3,7,,0,2,1,0,B01
201900015022,3,2,,0,2,1,1,A01
201900015023,1,1,,0,2,8,15,B01
201900015023,1,30,,0,2,1,17,A01
201900015024,2,7,,8,0,1,2,A01
201900015025,1,33,,12,0,1,1,A01
201900015026,2,7,,0,2,1,1,B01
201900015026,3,7,,0,2,3,15,A01
201900015027,1,2,,0,0,8,1,A01
201900015027,2,2,,0,2,8,1,B01
201900015028,0,2,,13,0,1,1,A01
201900015029,1,7,,0,0,6,1,B01
201900015029,1,32,,0,2,1,1,A01
201900015030,1,33,,8,0,7,1,A01
201900015031,3,7,,13,0,1,1,A01
201900015032,2,10,,8,0,2,14,A01
201900015033,1,7,,0,2,2,1,A01
201900015033,2,7,,0,2,3,15,B01
201900015034,1,7,,0,2,1,5,B01
201900015034,2,7,,0,2,1,5,A01
201900015035,1,7,,0,2,3,1,B01
201900015035,2,30,,0,2,1,13,A01
201900015036,2,14,,0,2,4,4,A01
201900015036,2,30,,0,2,1,26,B01
201900015037,1,15,,0,2,1,1,B01
201900015037,2,7,,0,2,1,13,A01
201900015038,1,7,,13,0,3,13,A01
201900015039,2,7,,13,0,1,0,A01
201900015040,1,7,,2,0,3,1,A01
201900015041,1,2,,8,0,1,14,A01
201900015042,1,7,,0,2,3,15,A01
201900015042,1,33,,8,2,7,17,B01
201900015043,1,17,,0,2,3,1,B01
201900015043,1,7,,0,2,3,13,A01
201900015044,0,7,,0,0,8,15,A01
201900015044,2,33,,0,2,1,2,B01
201900015045,2,7,,8,0,1,13,A01
201900015046,3,36,,0,0,7,15,A01
201900015047,2,7,,0,2,1,1,A01
201900015047,3,33,,0,0,6,1,B01
201900015048,1,7,,0,2,1,9,A01
201900015048,2,7,,8,2,6,9,B01
201900015049,1,7,,0,0,6,15,A01
201900015049,1,33,,0,2,1,1,C01
201900015050,1,15,,1,1,1,2,A01
201900015051,1,33,,2,0,1,16,A01
201900015052,0,1,,0,2,0,15,B01
201900015052,2,10,,0,2,5,1,A01
201900015053,1,7,,13,0,1,2,A01
201900015054,1,7,,3,0,2,1,A01
201900015055,2,10,,0,0,6,2,B01
201900015055,2,38,5.0,0,0,6,2,C01
201900015055,2,17,,0,2,2,2,A01
201900015056,1,7,,6,0,1,1,A01
201900015057,2,7,,0,2,4,2,D01
201900015057,2,7,,0,2,4,2,C01
201900015057,2,7,,0,2,1,2,B01
201900015057,2,7,,0,2,1,2,A01
201900015058,1,17,,5,0,1,1,A01
201900015059,1,7,,0,2,1,2,A01
201900015059,1,15,,0,0,4,1,B01
201900015060,1,7,,0,2,1,1,A01
201900015060,1,7,,0,2,4,1,B01
201900015060,1,7,,0,2,7,1,C01
201900015060,1,7,,0,2,2,1,D01
201900015061,2,17,,13,9,2,1,A01
201900015062,1,7,,0,1,2,19,A01
201900015063,1,2,,13,0,7,1,A01
201900015064,2,7,,13,1,3,13,A01
201900015065,1,7,,2,0,9,1,A01
201900015066,2,33,,0,0,0,1,A01
201900015067,2,14,,0,2,3,1,B01
201900015067,1,7,,0,2,3,13,A01
201900015068,1,7,,17,0,1,1,A01
201900015069,1,10,,11,0,3,14,A01
201900015070,2,33,,0,2,2,1,B01
201900015070,2,7,,0,2,6,13,A01
201900015071,1,7,,0,2,1,1,A01
201900015071,1,15,,0,2,4,1,B01
201900015072,1,0,,0,1,0,0,A01
201900015073,2,7,,0,2,1,2,A01
201900015073,2,7,,0,2,4,2,C01
201900015073,2,7,,0,2,4,2,B01
201900015074,2,33,,0,2,1,3,A01
201900015074,2,10,,0,2,6,11,B01
201900015075,1,7,,0,2,4,9,B01
201900015075,1,43,,0,2,1,9,C01
201900015075,1,7,,0,2,1,9,A01
201900015076,2,7,,0,2,1,1,A01
201900015076,2,7,,0,2,4,1,B01
201900015077,2,7,,0,2,1,0,A01
201900015077,2,10,,0,2,4,2,C01
201900015077,2,7,,0,2,4,2,D01
201900015077,2,7,,0,2,4,2,E01
201900015077,2,7,,0,2,7,2,F01
201900015077,2,7,,0,2,4,2,B01
201900015078,2,7,,0,2,7,12,A01
201900015078,2,31,,0,2,8,3,B01
201900015079,2,7,,4,0,1,1,A01
201900015080,2,7,,0,2,1,2,A01
201900015080,2,7,,0,2,4,2,C01
201900015080,2,7,,0,2,4,2,B01
201900015081,1,31,,3,0,1,1,A01
201900015082,2,7,,0,2,4,2,B01
201900015082,2,7,,0,2,1,2,A01
201900015082,2,7,,0,2,4,2,C01
201900015083,3,7,,0,2,1,26,A01
201900015083,3,7,,0,2,7,15,B01
201900015084,3,7,,0,2,6,21,B01
201900015084,3,10,,0,2,3,1,C01
201900015084,3,7,,0,2,3,13,A01
201900015085,1,10,,6,0,1,16,A01
201900015086,3,10,,0,2,1,0,B01
201900015086,3,33,,0,2,0,13,A01
201900015087,1,7,,0,2,1,13,A01
201900015087,2,10,,0,2,3,21,B01
201900015088,3,7,,0,2,2,16,B01
201900015088,3,7,,0,2,1,15,A01
201900015089,3,7,,0,2,3,1,B01
201900015089,3,7,,0,2,3,13,A01
201900015090,1,7,,0,1,3,9,A01
201900015091,2,7,,0,2,2,17,A01
201900015091,1,7,,0,2,2,13,B01
201900015092,2,7,,0,2,2,1,B01
201900015092,2,30,,0,2,1,19,A01
201900015093,1,7,,0,2,1,15,A01
201900015093,1,7,,0,2,8,1,B01
201900015094,1,33,,0,2,5,21,A01
201900015094,2,7,,0,2,7,15,B01
201900015095,2,7,,0,1,1,26,A01
201900015096,1,7,,0,1,3,1,A01
201900015097,1,7,,0,2,1,15,A01
201900015097,2,7,,0,2,3,1,B01
201900015098,1,7,,0,2,7,2,B01
201900015098,1,1,,0,2,8,13,A01
201900015099,1,7,,3,0,2,1,A01
201900015100,1,7,,4,0,1,2,A01
201900015101,2,7,,6,0,2,14,A01
201900015102,2,1,,0,2,8,19,A01
201900015102,2,7,,0,2,1,1,B01
201900015103,1,7,,1,0,1,14,A01
201900015104,2,30,,0,2,1,2,A01
201900015104,2,7,,0,2,4,2,B01
201900015105,2,10,,0,2,1,15,A01
201900015105,2,30,,0,2,3,1,B01
201900015106,1,7,,4,0,1,1,A01
201900015107,2,7,,0,2,6,1,B01
201900015107,2,33,,0,2,3,17,A01
201900015108,1,7,,0,1,3,2,A01
201900015109,1,7,,0,2,6,10,A01
201900015109,1,7,,0,2,3,1,B01
201900015109,1,7,,0,2,1,2,C01
201900015110,1,7,,0,1,3,1,A01
201900015111,2,7,,0,1,4,4,A01
201900015112,1,30,,0,2,7,14,A01
201900015112,1,7,,0,2,3,1,B01
201900015113,2,7,,1,1,3,17,A01
201900015114,2,2,,0,1,0,17,Z01
201900015115,1,1,,0,2,0,0,B01
201900015115,1,7,,0,2,3,0,Z01
201900015116,1,7,,0,1,3,7,A01
201900015117,1,7,,0,1,4,20,A01
201900015118,1,7,,0,2,2,9,Z01
201900015118,1,32,,0,2,3,1,A01
201900015119,2,7,,0,1,1,1,A01
201900015120,2,7,,0,2,7,15,A01
201900015120,2,33,,0,2,5,1,B01
201900015121,2,32,,11,0,1,1,A01
201900015122,2,7,,0,2,1,1,A01
201900015122,1,7,,0,2,6,1,B01
201900015123,1,7,,0,0,0,0,Z01
201900015123,1,33,,0,2,8,21,B01