Num_Acc,senc,catv,occutc,obs,obsm,choc,manv,num_veh
201900015124,0,7,,0,1,0,26,A01
201900015125,2,7,,0,2,4,1,A01
201900015125,2,10,,0,2,1,2,B01
201900015126,0,7,,0,2,2,16,A01
201900015127,1,7,,1,1,2,13,A01
201900015128,1,20,,0,1,1,26,A01
201900015129,1,7,,8,0,1,13,A01
201900015130,3,7,,0,2,1,1,A01
201900015130,3,7,,0,2,8,1,C01
201900015130,3,7,,0,2,1,1,D01
201900015130,3,7,,0,2,1,5,B01
201900015131,0,2,,0,1,3,1,A01
201900015132,2,7,,1,0,2,1,A01
201900015133,2,33,,0,2,1,17,A01
201900015133,2,7,,0,2,8,15,B01
201900015134,2,7,,0,1,1,1,A01
201900015135,2,7,,3,2,1,1,B01
201900015135,1,7,,0,2,1,13,A01
201900015136,2,10,,1,0,1,2,B01
201900015136,2,7,,4,0,8,2,A01
201900015137,2,37,1.0,0,2,3,21,B01
201900015137,1,7,,0,2,3,13,A01
201900015138,1,33,,15,0,1,19,A01
201900015139,3,7,,0,2,2,9,A01
201900015139,3,33,,0,2,1,1,B01
201900015140,1,7,,1,0,1,14,A01
201900015140,1,17,,0,0,4,24,B01
201900015141,1,7,,0,2,3,1,C01
201900015141,2,7,,0,2,3,1,B01
201900015141,1,7,,0,2,2,15,A01
201900015142,1,7,,0,2,7,19,B01
201900015142,2,7,,0,2,1,1,A01
201900015142,2,7,,0,2,3,23,C01
201900015143,1,7,,0,2,2,1,A01
201900015143,2,7,,0,0,2,1,B01
201900015144,0,37,1.0,0,1,2,20,A01
201900015145,1,7,,0,2,7,19,A01
201900015145,2,33,,0,2,1,1,B01
201900015146,1,33,,13,0,7,14,A01
201900015147,2,10,,0,2,3,1,B01
201900015147,1,7,,0,2,3,5,A01
201900015148,3,7,,0,2,1,23,B01
201900015148,1,31,,1,0,7,1,A01
201900015149,1,7,,13,0,1,1,A01
201900015150,1,7,,0,2,3,5,A01
201900015150,2,7,,0,2,3,1,B01
201900015150,2,7,,0,2,0,1,C01
201900015151,1,7,,3,0,0,1,A01
201900015152,2,7,,0,1,1,1,A01
201900015153,1,7,,0,2,3,1,A01
201900015153,2,7,,0,2,1,1,B01
201900015154,2,7,,0,1,3,1,A01
201900015155,2,7,,0,2,1,2,A01
201900015155,2,7,,0,2,5,1,B01
201900015156,2,7,,0,2,1,1,A01
201900015156,2,7,,0,0,4,23,B01
201900015157,1,1,,0,2,0,1,B01
201900015157,1,7,,0,2,2,17,A01
201900015158,1,7,,0,2,1,1,C01
201900015158,2,7,,0,2,6,1,B01
201900015158,2,7,,0,2,1,17,A01
201900015159,1,7,,0,2,3,1,B01
201900015159,2,7,,0,2,3,13,A01
201900015160,2,7,,17,0,1,13,A01
201900015161,1,7,,0,2,3,1,B01
201900015161,0,33,,0,2,3,13,A01
201900015162,3,3,,0,1,1,16,A01
201900015163,0,33,,0,2,1,2,B01
201900015163,0,7,,0,2,0,0,A01
201900015164,1,7,,1,0,1,14,A01
201900015165,3,7,,0,2,1,26,B01
201900015165,3,7,,0,2,4,23,A01
201900015166,3,3,,1,1,7,1,A01
201900015167,3,7,,1,0,3,23,G01
201900015167,3,1,,1,0,2,17,B01
201900015168,0,7,,0,1,2,1,A01
201900015169,2,1,,0,2,1,1,B01
201900015169,1,7,,0,2,3,15,A01
201900015170,2,7,,0,2,3,15,A01
201900015170,2,32,,0,2,5,17,B01
201900015171,2,7,,1,2,3,2,B01
201900015171,2,7,,0,2,6,23,A01
201900015172,0,7,,0,0,3,24,B01
201900015172,0,7,,0,1,2,1,A01
201900015173,1,7,,0,1,3,1,A01
201900015174,1,7,,0,2,3,15,A01
201900015174,1,7,,0,2,0,19,B01
201900015175,1,7,,0,1,2,19,A01
201900015176,1,10,,0,2,8,9,B01
201900015176,2,33,,0,2,0,0,A01
201900015177,2,3,,1,1,4,20,A01
201900015178,3,7,,0,1,4,26,A01
201900015178,0,1,,0,0,4,1,B01
201900015179,2,7,,0,2,3,15,B01
201900015179,1,32,,0,2,7,13,A01
201900015180,1,7,,0,6,3,16,A01
201900015180,2,1,,0,2,2,1,B01
201900015181,3,7,,13,0,2,1,A01
201900015182,1,15,,0,0,8,15,A01
201900015182,1,33,,0,2,1,1,B01
201900015183,3,7,,0,2,3,1,B01
201900015183,3,7,,0,2,3,5,A01
201900015184,1,2,,12,0,1,13,A01
201900015185,1,33,,0,0,0,21,A01
201900015186,1,7,,0,2,1,2,A01
201900015186,1,15,,0,0,4,1,B01
201900015187,2,33,,0,2,1,3,A01
201900015187,2,7,,0,0,6,12,B01
201900015188,1,10,,13,0,2,14,A01
201900015189,3,7,,3,0,2,1,A01
201900015190,1,7,,0,2,2,12,A01
201900015190,1,7,,0,2,8,1,B01
201900015191,1,7,,0,1,2,1,A01
201900015192,1,33,,0,2,1,17,B01
201900015192,1,7,,0,2,2,13,A01
201900015193,2,33,,0,0,0,1,A01
201900015194,1,7,,0,0,0,1,A01
201900015195,3,7,,0,2,6,20,A01
201900015195,3,1,,0,2,1,1,B01
201900015196,1,7,,0,2,1,23,D01
201900015196,1,7,,0,2,1,1,A01
201900015196,2,33,,0,2,1,1,C01
201900015197,2,7,,0,2,0,1,A01
201900015197,1,31,,0,2,1,26,B01
201900015198,2,33,,2,0,1,1,A01
201900015199,1,33,,0,0,0,1,A01
201900015200,1,7,,2,0,3,14,A01
201900015201,1,21,,0,2,3,15,B01
201900015201,1,33,,0,2,1,17,A01
201900015202,3,7,,0,2,4,23,A01
201900015202,3,30,,0,2,1,2,B01
201900015203,1,33,,0,0,8,2,A01
201900015203,1,21,,0,0,0,4,B01
201900015204,1,7,,0,0,4,23,B01
201900015204,1,7,,0,2,1,1,A01
201900015205,2,33,,12,0,1,21,A01
201900015206,1,7,,0,2,3,1,B01
201900015206,1,7,,0,2,3,17,A01
201900015207,0,10,,0,2,6,2,D01
201900015207,0,7,,0,0,0,17,C01
201900015207,0,10,,0,2,2,1,B01
201900015207,0,7,,0,2,3,1,A01
201900015208,1,7,,0,2,3,15,A01
201900015208,1,33,,0,2,1,17,B01
201900015209,2,2,,0,2,1,1,A01
201900015209,1,7,,0,2,1,26,B01
201900015210,2,7,,0,2,3,15,A01
201900015210,1,33,,6,2,1,1,B01
201900015211,1,7,,0,2,1,1,B01
201900015211,2,7,,0,2,1,13,A01
201900015212,3,33,,6,0,1,1,A01
201900015213,2,2,,6,0,7,2,B01
201900015213,2,7,,6,2,1,2,A01
201900015214,2,33,,0,0,0,1,A01
201900015215,2,7,,0,0,9,1,A01
201900015216,3,7,,0,2,3,21,B01
201900015216,3,38,1.0,15,2,2,1,A01
201900015217,0,33,,0,0,7,1,A01
201900015218,2,33,,0,0,0,1,A01
201900015219,1,7,,0,1,3,1,A01
201900015220,1,10,,0,2,3,5,A01
201900015220,2,7,,0,2,3,1,B01
201900015221,3,2,,0,2,1,15,A01
201900015221,3,7,,1,2,1,1,B01
201900015222,2,33,,0,2,1,1,B01
201900015222,2,13,,0,2,8,6,A01
201900015223,3,7,,0,1,1,1,A01
201900015224,1,7,,3,2,1,2,A01
201900015224,1,15,,0,0,6,2,B01
201900015225,2,34,,4,2,7,17,A01
201900015225,2,7,,0,2,8,1,B01
201900015225,2,7,,1,0,1,1,C01
201900015226,1,33,,2,0,0,17,A01
201900015227,1,33,,0,2,8,1,B01
201900015227,1,7,,0,2,7,12,A01
201900015228,2,7,,13,0,3,13,A01
201900015229,1,7,,0,2,1,1,B01
201900015229,1,7,,0,2,1,19,A01
201900015230,0,7,,0,2,1,1,B01
201900015230,0,7,,0,2,7,19,A01
201900015231,3,31,,3,0,8,1,A01
201900015232,2,7,,0,2,3,1,B01
201900015232,1,3,,0,2,2,19,A01
201900015233,1,7,,0,2,3,1,B01
201900015233,2,33,,0,2,1,1,A01
201900015234,1,1,,0,9,7,1,B01
201900015234,1,7,,1,2,8,22,A01
201900015235,1,7,,0,2,3,9,A01
201900015235,1,33,,0,2,2,17,B01
201900015236,1,2,,0,2,1,1,A01
201900015236,1,7,,0,2,8,10,B01
201900015237,3,1,,0,2,1,9,A01
201900015237,3,7,,0,9,3,1,B01
201900015238,1,33,,3,0,1,1,A01
201900015239,1,10,,0,2,1,1,B01
201900015239,1,10,,0,2,0,9,A01
201900015240,1,7,,4,0,4,1,B01
201900015240,1,7,,0,2,1,2,A01
201900015241,1,10,,0,2,8,2,C01
201900015241,1,7,,0,2,6,2,B01
201900015241,1,15,,0,2,2,12,A01
201900015242,2,7,,0,2,1,2,A01
201900015242,2,7,,0,2,3,2,B01
201900015242,2,7,,0,2,5,2,C01
201900015242,2,7,,0,2,4,2,D01
201900015243,1,7,,0,2,3,11,A01
201900015243,1,33,,0,2,1,3,B01
201900015243,1,10,,0,2,4,1,C01
201900015244,1,7,,0,2,1,1,A01
201900015244,1,7,,0,0,4,1,B01
201900015245,1,7,,0,2,7,12,A01
201900015245,1,43,,0,2,8,1,B01
201900015246,2,7,,0,2,1,1,C01
201900015246,2,17,,0,2,2,1,B01
201900015246,2,7,,0,2,6,11,A01
201900015247,2,7,,0,2,4,2,B01
201900015247,2,7,,0,2,1,2,A01
201900015248,2,7,,0,2,3,1,C01
201900015248,2,7,,0,2,4,2,B01
201900015248,2,7,,0,2,1,2,A01
201900015249,2,7,,13,0,9,21,A01
201900015250,1,7,,4,2,3,2,B01
201900015250,1,7,,4,0,1,1,A01
201900015251,2,10,,0,2,5,1,B01
201900015251,2,34,,0,2,1,12,A01
201900015252,3,50,,9,0,0,19,A01
201900015253,1,7,,0,1,1,1,A01
201900015254,1,33,,0,2,1,26,A01
201900015254,1,10,,0,2,4,2,B01
201900015255,2,7,,0,1,0,0,A01
201900015256,1,7,,0,1,2,15,A01
201900015257,2,7,,0,2,2,15,A01
201900015257,2,33,,0,2,1,15,B01
201900015258,1,7,,0,2,2,15,A01
201900015258,1,1,,0,2,1,1,Y01
201900015259,1,7,,0,2,4,2,C01
201900015259,1,7,,0,2,4,2,B01
201900015259,1,7,,0,2,1,2,A01
201900015260,1,7,,0,2,1,9,A01
201900015260,1,7,,0,2,7,1,B01
201900015261,1,7,,0,2,1,2,A01
201900015261,1,33,,0,2,4,26,B01
201900015262,1,14,,0,2,1,1,A01
201900015262,1,10,,0,2,4,1,B01
201900015263,2,7,,0,0,1,25,A01
201900015264,1,34,,0,1,1,1,A01
201900015265,3,34,,0,0,1,23,B01
201900015265,3,10,,0,0,0,26,A01
201900015266,3,7,,0,2,2,15,B01
201900015266,3,30,,0,2,1,2,A01
201900015267,3,7,,0,0,1,9,A01
201900015268,3,33,,0,2,3,1,B01
201900015268,3,7,,0,2,1,15,A01
201900015269,1,2,,0,2,1,1,B01
201900015269,1,7,,0,2,3,15,A01
201900015270,1,7,,0,2,0,15,A01
201900015270,1,7,,0,2,1,1,B01
201900015271,2,1,,0,2,1,1,B01
201900015271,1,3,,0,1,2,15,A01
201900015272,2,60,,0,1,7,2,A01
201900015273,2,1,,0,2,6,1,B01
201900015273,3,7,,0,2,1,15,A01
201900015274,1,7,,0,0,1,26,A01
201900015274,1,7,,0,2,4,1,B01
201900015274,1,7,,0,2,4,2,C01
201900015275,2,3,,0,2,9,1,B01
201900015275,1,7,,0,2,3,15,A01
201900015276,3,99,,12,0,1,26,A01
201900015277,0,7,,0,2,3,15,A01
201900015277,0,7,,0,2,3,1,B01
201900015278,1,33,,0,0,3,21,A01
201900015279,3,1,,0,2,1,23,C01
201900015279,3,7,,14,2,1,17,A01
201900015279,0,7,,0,2,1,1,B01
201900015280,3,1,,0,2,1,1,A01
201900015280,3,7,,0,2,0,0,B01
201900015281,1,10,,0,2,2,15,A01
201900015281,2,7,,0,2,1,1,B01
201900015282,3,37,1.0,0,1,1,1,A01
201900015283,1,7,,0,1,1,15,A01
201900015284,1,7,,0,1,3,16,A01
201900015285,0,10,,0,2,8,15,A01
201900015285,3,2,,0,2,1,1,B01
201900015286,1,7,,0,2,3,13,A01
201900015286,2,7,,0,2,0,0,B01
201900015287,2,7,,14,0,1,1,A01
201900015288,1,7,,0,1,1,1,A01
201900015289,2,1,,0,2,3,17,A01
201900015290,1,7,,0,2,3,1,A01
201900015290,1,33,,0,2,4,23,B01
201900015290,2,7,,0,2,1,1,C01
201900015291,2,10,,0,1,4,4,A01
201900015292,2,1,,0,2,0,0,B01
201900015292,1,7,,0,2,5,1,A01
201900015293,2,1,,1,0,0,13,B01
201900015293,3,7,,0,0,0,24,A01
201900015294,1,7,,0,2,1,1,A01
201900015294,1,7,,0,2,1,15,B01
201900015295,1,7,,0,2,1,9,A01
201900015296,1,7,,0,2,1,16,A01
201900015296,1,33,,0,2,1,1,B01
201900015297,1,7,,0,2,5,19,B01
201900015297,1,7,,0,2,1,1,A01
201900015298,1,7,,0,2,1,2,A01
201900015298,1,7,,0,2,4,2,B01
201900015299,1,7,,0,2,7,15,A01
201900015299,1,7,,0,2,8,1,B01
201900015300,1,1,,0,2,1,5,B01
201900015300,1,7,,0,9,1,0,A01
201900015301,1,7,,0,1,1,2,A01
201900015302,1,7,,0,2,1,2,A01
201900015302,1,2,,0,2,4,2,B01
201900015303,1,7,,0,2,1,26,A01
201900015303,1,7,,0,2,4,0,B01
201900015303,1,7,,0,2,4,0,C01
201900015304,1,7,,0,2,1,26,A01
201900015305,1,7,,0,2,1,1,A01
201900015305,1,7,,0,2,0,0,B01
201900015306,1,7,,0,2,4,23,B01
201900015306,1,7,,0,2,1,1,A01
201900015307,2,7,,0,1,2,16,Z01
201900015308,0,1,,0,2,1,1,A01
201900015308,0,7,,0,2,3,1,B01
201900015309,0,33,,0,2,2,17,A01
201900015309,0,7,,0,2,8,15,B01
201900015310,0,7,,0,1,2,17,A01
201900015311,0,7,,0,2,1,2,A01
201900015311,0,37,2.0,0,2,4,23,B01
201900015312,1,7,,0,1,0,0,A01
201900015313,1,30,,0,0,9,0,A01
201900015314,3,0,,0,1,0,-1,Z01
201900015315,1,7,,0,2,3,0,B01
201900015315,1,7,,0,2,0,0,A01
201900015316,1,34,,0,1,1,1,A01
201900015317,0,7,,0,2,0,9,Z01
201900015317,0,32,,0,2,0,1,B01
201900015318,1,7,,0,1,0,1,A01
201900015319,1,31,,0,2,2,26,B01
201900015319,1,7,,0,2,8,9,A01
201900015320,1,7,,1,0,2,1,A01
201900015321,2,34,,14,2,2,17,A01
201900015321,1,7,,0,2,3,9,B01
201900015322,0,10,,0,1,1,1,A01
201900015323,2,15,,0,2,5,16,B01
201900015323,2,7,,0,2,3,18,A01
201900015324,1,7,,4,0,7,1,A01
201900015325,2,7,,0,2,3,1,B01
201900015325,1,7,,0,2,3,13,A01
201900015326,0,2,,0,0,4,1,B01
201900015326,0,7,,0,0,1,1,A01
201900015327,3,7,,0,2,0,0,B01
201900015327,1,1,,0,2,0,19,A01
201900015328,1,7,,0,2,1,1,A01
201900015328,1,7,,0,2,4,1,B01
201900015328,1,7,,0,2,4,1,C01
201900015329,1,10,,0,1,5,26,A01
201900015330,2,10,,0,1,1,1,A01
201900015331,1,7,,0,2,3,26,C01
201900015331,2,7,,0,2,3,26,B01
201900015331,1,32,,0,2,9,17,A01
201900015332,0,7,,3,0,8,13,A01
201900015333,0,7,,0,2,0,0,A01
201900015333,2,2,,0,2,3,0,B01
201900015334,2,7,,0,1,4,4,A01
201900015335,2,7,,0,2,7,15,A01
201900015335,1,2,,0,2,1,1,B01
201900015336,-1,0,,-1,-1,-1,-1,B01
201900015337,1,7,,0,0,0,0,B01
201900015337,1,30,,0,0,0,0,A01
201900015338,1,31,,0,2,1,1,B01
201900015338,1,7,,0,2,3,15,A01
201900015339,2,7,,0,2,5,2,B01
201900015339,2,33,,0,2,1,2,A01
201900015340,2,10,,0,2,5,2,B01
201900015340,2,33,,0,2,3,2,A01
201900015341,1,33,,3,0,3,13,A01
201900015342,1,33,,0,2,3,1,B01
201900015342,1,7,,0,2,7,12,A01
201900015343,1,33,,0,0,7,1,A01
201900015344,1,37,1.0,0,1,2,16,A01
201900015345,1,7,,0,2,4,2,B01
201900015345,1,10,,0,2,1,2,A01
201900015346,3,2,,15,0,1,1,A01
201900015347,1,2,,3,0,1,1,A01
201900015348,2,7,,0,0,1,23,C01
201900015348,1,7,,1,0,1,1,A01
201900015348,1,21,,0,2,7,23,B01
201900015349,2,7,,0,2,3,1,B01
201900015349,1,7,,0,2,1,13,A01
201900015350,1,7,,0,2,1,17,A01
201900015350,2,7,,0,2,3,1,B01
201900015350,1,17,,0,2,8,1,C01
201900015351,1,13,,13,2,2,1,B01
201900015351,2,7,,13,2,1,1,A01
201900015352,1,7,,0,2,2,19,A01
201900015352,1,7,,0,2,3,1,B01
201900015353,2,7,,15,0,1,1,A01
201900015353,2,7,,15,0,4,1,B01
201900015354,2,7,,2,0,1,13,A01
201900015355,3,7,,0,0,2,1,B01
201900015356,2,7,,0,0,6,24,B01
201900015356,2,17,,1,0,2,14,A01
201900015357,1,7,,3,0,1,1,A01
201900015357,1,7,,1,0,1,1,B01
201900015357,1,7,,1,0,7,1,C01
201900015358,2,7,,0,2,3,1,B01
201900015358,1,7,,0,2,3,13,A01
201900015359,2,7,,0,2,1,13,A01
201900015359,1,17,,0,2,3,1,B01
201900015360,2,7,,0,0,8,1,B01
201900015360,2,7,,0,2,2,1,A01
201900015361,1,15,,0,2,2,1,B01
201900015361,1,7,,0,0,8,19,A01
201900015362,2,7,,6,0,9,14,A01
201900015363,2,7,,0,9,1,1,A01
201900015363,2,7,,1,0,1,11,B01
201900015364,2,38,1.0,2,0,2,1,A01
201900015365,2,7,,3,0,1,0,A01
201900015365,2,7,,0,2,1,1,B01
201900015366,2,7,,0,2,6,2,B01
201900015366,2,33,,3,2,2,2,A01
201900015367,0,7,,0,9,2,1,B01
201900015367,3,2,,0,2,3,1,A01
201900015368,1,7,,0,1,1,16,A01
201900015369,2,7,,4,0,3,1,A01
201900015370,2,7,,2,0,8,1,A01
201900015371,2,7,,0,2,1,13,A01
201900015371,1,7,,0,2,3,1,B01
201900015372,2,7,,0,2,1,15,A01
201900015372,1,33,,0,2,1,1,B01
201900015373,1,2,,0,2,1,3,A01
201900015373,2,7,,0,2,3,19,B01
201900015374,1,7,,8,0,2,1,A01
201900015375,2,7,,0,0,8,19,B01
201900015375,1,7,,0,2,3,1,A01
201900015376,2,7,,0,1,6,4,A01
201900015377,1,31,,14,0,0,17,A01
201900015378,2,7,,3,2,3,5,A01
201900015378,1,7,,3,2,3,1,B01
201900015378,1,7,,0,9,1,17,C01
201900015379,1,7,,0,2,1,1,B01
201900015379,2,7,,0,0,1,1,A01
201900015380,1,7,,0,1,2,1,A01
201900015381,1,7,,8,0,0,1,A01
201900015382,2,7,,3,0,3,13,A01
201900015383,0,7,,0,1,1,15,A01
201900015384,0,7,,0,1,2,1,A01
201900015385,2,7,,0,1,1,1,A01
201900015386,1,7,,2,0,1,0,A01
201900015387,3,7,,13,0,2,0,A01
201900015388,1,7,,2,0,1,14,A01
201900015389,2,2,,0,2,1,1,B01
201900015389,1,7,,0,2,1,15,A01
201900015390,2,33,,0,2,4,16,B01
201900015390,2,33,,0,2,1,1,A01
201900015391,1,7,,4,2,4,9,A01
201900015391,1,10,,0,2,1,9,B01
201900015391,1,7,,0,2,2,1,C01
201900015392,2,7,,0,2,4,1,A01
201900015392,0,7,,0,2,1,1,B01
201900015393,2,7,,0,2,3,2,A01
201900015393,2,7,,0,2,5,1,B01
201900015393,2,7,,0,2,4,2,C01
201900015394,1,10,,4,0,3,21,A01
201900015395,1,7,,0,2,7,12,A01
201900015395,1,33,,0,2,8,3,B01
201900015395,1,7,,0,2,6,1,C01
201900015396,2,7,,13,2,3,13,A01
201900015396,2,7,,0,2,7,1,B01
201900015397,2,7,,4,0,3,1,A01
201900015398,2,7,,0,2,1,2,A01
201900015398,2,7,,0,2,4,2,B01
201900015399,1,15,,1,1,1,1,A01
201900015399,1,7,,1,1,0,1,C01
201900015400,2,7,,0,2,5,14,B01
201900015400,2,33,,0,2,3,3,A01
201900015401,1,7,,0,2,4,23,B01
201900015401,2,7,,0,2,1,12,D01
201900015401,2,7,,0,2,4,23,C01
201900015401,2,7,,0,2,4,23,A01
201900015402,1,7,,3,0,1,1,A01
201900015403,3,7,,0,1,1,0,C01
201900015403,2,7,,1,0,1,1,A01
201900015404,2,7,,0,1,4,4,A01
201900015405,1,7,,0,2,4,2,A01
201900015405,1,7,,0,2,1,2,B01
201900015406,2,1,,0,1,1,1,A01
201900015407,1,7,,0,1,2,1,A01
201900015408,1,7,,0,1,1,15,A01
201900015409,1,37,1.0,0,1,2,16,A01
201900015410,2,7,,0,1,1,15,A01
201900015411,1,10,,0,1,1,9,A01
201900015412,0,7,,5,0,9,1,A01
201900015413,3,7,,0,2,2,0,A01
201900015413,3,2,,0,2,0,0,B01
201900015414,0,7,,0,2,1,2,A01
201900015414,0,7,,0,2,4,23,C01
201900015414,0,7,,0,2,4,23,B01
201900015415,1,33,,0,2,1,13,B01
201900015415,1,7,,0,2,1,15,A01
201900015416,1,7,,0,2,1,2,A01
201900015416,2,7,,0,2,4,2,C01
201900015416,2,7,,0,2,4,2,B01
201900015417,2,30,,8,0,0,13,A01
201900015418,0,7,,0,2,3,9,C01
201900015418,0,2,,0,2,1,1,B01
201900015419,1,7,,0,1,2,2,A01
201900015420,1,7,,0,1,1,1,A01
201900015421,1,7,,0,2,4,2,B01
201900015421,1,7,,0,2,5,1,C01
201900015421,1,7,,0,2,1,2,A01
201900015422,1,7,,0,2,0,0,B01
201900015422,1,7,,0,2,0,0,A01
201900015423,1,7,,0,1,2,14,A01
201900015424,1,7,,0,2,3,5,A01
201900015424,2,7,,0,2,6,1,B01
201900015425,2,2,,0,2,1,26,A01
201900015425,1,7,,0,2,3,26,B01
201900015426,1,7,,0,1,1,16,A01
201900015427,1,1,,0,2,1,1,B01
201900015427,0,10,,0,2,2,0,A01
201900015428,0,7,,0,1,7,1,A01
201900015429,2,7,,0,1,1,1,A01
201900015430,3,7,,0,1,7,16,A01
201900015430,3,7,,0,2,1,16,B01
201900015431,1,7,,0,1,2,1,A01
201900015432,0,10,,0,2,3,1,B01
201900015432,0,32,,0,2,3,5,A01
201900015433,1,7,,0,2,2,9,A01
201900015433,1,7,,0,2,2,1,B01
201900015434,1,7,,1,0,3,1,A01
201900015435,1,7,,0,1,0,1,A01
201900015436,1,10,,0,1,5,4,A01
201900015437,2,32,,0,2,3,1,B01
201900015437,1,7,,0,2,1,10,A01
201900015438,2,37,1.0,0,1,2,1,A01
201900015439,1,7,,0,2,6,1,B01
201900015439,1,34,,0,2,7,1,A01
201900015440,1,7,,0,2,2,1,B01
201900015440,1,7,,0,2,3,14,A01
201900015441,2,32,,0,2,7,17,B01
201900015441,2,7,,0,2,1,10,A01
201900015442,1,7,,0,2,5,16,A01
201900015442,1,1,,0,2,1,1,B01
201900015443,1,30,,0,2,1,1,B01
201900015443,1,10,,0,2,3,10,A01
201900015444,2,7,,0,2,4,16,B01
201900015444,2,1,,0,2,4,1,A01
201900015445,3,7,,0,2,2,1,A01
201900015445,1,2,,0,2,1,8,B01
201900015446,3,7,,0,2,3,11,A01
201900015446,3,1,,0,2,4,11,B01
201900015447,1,7,,0,2,3,11,A01
201900015447,1,31,,0,2,2,17,B01
201900015448,1,32,,1,0,1,2,A01
201900015448,1,7,,14,0,2,2,B01
201900015449,1,13,,1,2,8,13,Z01
201900015449,1,7,,0,1,8,1,A01
201900015450,2,7,,15,1,2,13,A01
201900015451,2,7,,0,2,1,1,A01
201900015451,1,7,,2,2,8,1,B01
201900015452,3,7,,0,1,3,20,A01
201900015453,1,2,,0,0,7,19,A01
201900015453,1,7,,0,2,1,1,B01
201900015454,2,2,,0,0,7,23,A01
201900015454,2,2,,0,2,3,21,B01
201900015455,1,1,,0,2,8,1,A01
201900015455,2,7,,0,2,3,1,B01
201900015456,2,2,,0,1,1,1,A01
201900015457,1,2,,12,0,7,1,A01
201900015458,1,7,,0,2,1,1,B01
201900015458,2,7,,0,0,8,19,A01
201900015459,2,7,,0,1,1,1,A01
201900015460,1,15,,11,1,2,1,A01
201900015461,1,14,,0,2,4,15,B01
201900015461,1,7,,0,2,1,1,A01
201900015462,1,7,,0,1,2,1,A01
201900015463,1,7,,13,0,2,1,A01
201900015464,1,7,,0,0,8,1,A01
201900015465,2,2,,0,2,1,9,B01
201900015465,1,7,,0,0,5,1,A01
201900015466,1,7,,0,1,1,1,A01
201900015467,3,7,,0,1,1,2,A01
201900015468,2,7,,0,2,0,17,A01
201900015469,1,33,,0,2,1,3,B01
201900015469,2,7,,0,2,8,11,A01
201900015470,1,7,,0,1,1,1,A01
201900015471,2,7,,0,1,5,4,A01
201900015472,1,1,,0,2,0,1,D01
201900015472,1,7,,0,2,0,1,C01
201900015473,0,7,,0,2,2,15,B01
201900015473,1,7,,0,2,7,2,A01
201900015474,1,7,,0,2,4,2,D01
201900015474,1,7,,0,2,9,2,B01
201900015474,1,7,,0,2,9,2,C01
201900015474,1,10,,0,2,1,2,A01
201900015475,1,10,,3,0,1,15,A01
201900015476,1,14,,0,2,4,2,A01
201900015476,1,7,,0,2,1,2,B01
201900015477,3,10,,0,1,2,20,A01
201900015478,3,7,,0,1,3,1,A01
201900015479,3,10,,0,2,1,1,A01
201900015479,3,7,,0,2,3,15,B01
201900015480,2,31,,0,2,1,17,A01
201900015481,1,7,,0,6,1,1,B01
201900015481,2,1,,0,2,1,5,A01
201900015482,1,7,,0,0,1,26,A01
201900015483,1,37,1.0,0,1,2,1,A01
201900015484,1,7,,0,2,1,26,A01
201900015484,1,30,,0,2,1,2,B01
201900015485,1,7,,0,2,1,1,B01
201900015485,2,1,,0,2,3,19,A01
201900015486,1,7,,0,2,8,15,B01
201900015486,1,33,,0,2,8,17,A01
201900015487,1,7,,0,0,0,0,B01
201900015487,2,2,,0,2,1,1,A01
201900015488,2,7,,0,1,2,26,A01
201900015489,1,7,,2,0,3,13,A01
201900015490,2,7,,0,1,0,0,A01
201900015491,3,7,,0,2,3,15,B01
201900015491,3,7,,0,2,2,1,A01
201900015492,2,7,,0,1,1,1,A01
201900015493,2,32,,0,2,1,26,A01
201900015494,1,7,,0,2,7,15,A01
201900015494,2,7,,0,2,1,1,B01
201900015495,1,7,,8,0,3,16,A01
201900015495,2,7,,0,2,2,1,B01
201900015496,1,7,,0,0,1,1,A01
201900015496,3,1,,0,2,8,19,B01
201900015497,2,33,,0,2,1,1,A01
201900015497,2,7,,0,2,3,1,B01
201900015498,2,34,,0,2,1,1,B01
201900015498,1,7,,0,2,2,15,A01
201900015499,2,32,,0,0,8,26,A01
201900015500,2,7,,0,2,3,20,B01
201900015500,1,33,,0,2,0,0,A01
201900015501,1,7,,0,2,3,15,A01
201900015501,2,2,,0,2,1,1,B01
201900015502,3,7,,4,0,1,9,A01
201900015503,3,7,,9,0,2,1,A01
201900015504,2,7,,0,2,1,1,A01
201900015504,2,7,,0,1,4,1,C01
201900015504,2,7,,0,2,1,1,B01
201900015505,1,7,,0,1,8,15,A01
201900015506,2,7,,0,1,3,15,A01
201900015507,2,7,,4,0,3,1,A01
201900015508,3,7,,0,2,6,1,B01
201900015508,3,30,,0,2,1,1,A01
201900015509,1,7,,0,1,2,1,A01
201900015510,1,7,,0,2,1,2,A01
201900015510,1,7,,0,2,4,2,B01
201900015511,3,7,,0,2,7,1,B01
201900015511,3,7,,0,2,1,9,A01
201900015512,3,7,,0,2,1,1,B01
201900015512,3,7,,0,2,1,1,A01
201900015513,1,7,,0,1,1,1,A01
201900015514,1,7,,1,2,1,1,B01
201900015514,2,7,,0,2,1,13,A01
201900015515,1,99,,0,1,2,1,A01
201900015516,3,7,,0,1,2,16,A01
201900015517,2,7,,0,1,2,1,A01
201900015518,1,7,,0,1,1,1,A01
201900015519,3,7,,0,1,3,1,A01