Num_Acc,senc,catv,occutc,obs,obsm,choc,manv,num_veh
201900015520,1,10,,0,2,1,1,A01
201900015520,3,7,,0,2,8,0,B01
201900015521,2,7,,0,2,2,16,B01
201900015521,3,7,,0,2,3,1,A01
201900015522,3,7,,8,2,8,15,B01
201900015522,3,7,,0,2,2,17,A01
201900015523,1,0,,0,1,1,1,Z01
201900015524,3,7,,0,0,7,14,A01
201900015525,1,7,,0,1,2,2,A01
201900015526,1,7,,0,1,2,1,A01
201900015527,2,7,,0,1,1,1,A01
201900015528,1,7,,0,1,1,1,A01
201900015529,3,31,,0,2,0,21,B01
201900015529,3,7,,0,0,0,19,A01
201900015530,3,7,,0,2,2,19,A01
201900015530,3,7,,0,2,2,1,B01
201900015531,1,30,,0,2,0,0,B01
201900015531,1,37,1.0,0,2,8,15,A01
201900015532,3,38,1.0,1,1,5,10,A01
201900015533,0,31,,0,2,1,1,B01
201900015533,0,7,,0,2,1,15,A01
201900015534,3,7,,0,1,1,11,A01
201900015535,0,2,,0,2,1,1,B01
201900015535,0,7,,0,2,4,20,A01
201900015536,0,7,,0,2,7,1,B01
201900015536,0,7,,0,2,1,1,A01
201900015537,2,30,,14,0,0,1,A01
201900015538,2,7,,0,2,1,2,A01
201900015538,2,3,,0,2,4,2,B01
201900015539,0,7,,0,1,4,4,B01
201900015540,2,7,,0,1,3,15,A01
201900015541,3,7,,0,1,4,20,A01
201900015542,2,43,,3,0,7,1,A01
201900015543,1,7,,0,2,2,2,A01
201900015543,1,7,,0,2,4,2,B01
201900015544,1,7,,0,0,5,23,B01
201900015544,1,31,,0,2,1,21,A01
201900015545,3,10,,0,1,1,13,A01
201900015546,2,7,,8,0,2,16,A01
201900015547,2,50,,0,2,7,19,B01
201900015547,1,7,,0,2,1,1,A01
201900015548,2,2,,0,2,1,1,B01
201900015548,1,7,,0,2,8,1,A01
201900015549,1,7,,0,1,2,15,A01
201900015550,2,7,,0,2,3,17,A01
201900015550,1,7,,0,2,3,15,B01
201900015550,2,37,1.0,0,2,6,1,C01
201900015551,3,7,,0,1,0,0,Z01
201900015552,1,2,,0,2,2,17,B01
201900015552,1,7,,0,2,8,15,A01
201900015553,2,7,,0,2,1,1,B01
201900015553,1,7,,0,2,1,13,A01
201900015554,2,7,,0,2,2,15,A01
201900015554,1,7,,0,2,1,1,B01
201900015555,1,34,,0,2,1,1,B01
201900015555,2,7,,0,2,2,15,A01
201900015556,2,7,,0,2,7,17,A01
201900015556,2,10,,0,2,3,15,B01
201900015557,1,7,,0,1,1,15,A01
201900015558,0,7,,0,2,1,0,A01
201900015558,2,33,,0,2,0,0,B01
201900015559,1,3,,0,2,3,21,B01
201900015559,3,0,,0,2,0,15,Z01
201900015560,1,40,,0,1,2,1,A01
201900015560,2,1,,0,4,8,9,B01
201900015561,1,30,,0,1,0,26,A01
201900015561,1,7,,0,2,7,26,Z01
201900015562,1,34,,12,0,0,26,A01
201900015563,1,10,,0,2,0,9,A01
201900015563,3,1,,0,2,0,0,B01
201900015564,1,7,,0,2,1,17,A01
201900015564,1,7,,0,2,4,1,B01
201900015564,2,7,,0,2,1,1,C01
201900015565,3,7,,0,1,1,2,A01
201900015566,2,1,,0,2,1,1,B01
201900015566,1,7,,0,2,3,15,A01
201900015567,2,1,,0,2,2,10,B01
201900015567,1,7,,0,2,2,1,A01
201900015568,1,7,,0,2,2,2,A01
201900015568,1,7,,0,2,4,2,B01
201900015569,2,50,,0,2,1,19,B01
201900015569,1,7,,0,2,1,1,A01
201900015570,1,1,,0,2,1,13,A01
201900015570,2,1,,0,2,1,1,B01
201900015571,1,30,,0,2,4,2,B01
201900015571,1,7,,0,2,1,2,A01
201900015572,1,2,,0,2,0,1,B01
201900015572,1,7,,0,2,6,15,A01
201900015573,1,7,,0,1,3,1,A01
201900015574,1,7,,1,1,1,26,A01
201900015575,2,1,,0,2,2,1,B01
201900015575,1,7,,0,2,3,24,A01
201900015576,1,1,,0,2,1,26,A01
201900015576,2,1,,0,2,5,26,B01
201900015577,0,37,2.0,0,2,6,1,B01
201900015577,1,10,,0,2,5,3,A01
201900015578,1,7,,0,2,2,15,A01
201900015578,2,31,,0,2,1,1,B01
201900015579,1,7,,0,2,4,2,B01
201900015579,1,7,,0,2,1,2,A01
201900015580,1,33,,0,2,1,2,B01
201900015580,1,7,,0,2,5,19,A01
201900015581,1,7,,2,0,1,14,A01
201900015582,1,1,,0,1,1,1,A01
201900015583,1,7,,0,2,4,2,B01
201900015583,1,7,,0,2,1,2,A01
201900015584,1,7,,0,1,1,2,A01
201900015585,3,7,,0,2,4,1,B01
201900015585,3,7,,0,2,1,1,A01
201900015586,1,7,,1,0,3,13,A01
201900015587,1,7,,0,2,1,2,A01
201900015587,1,7,,0,1,6,2,C01
201900015588,3,7,,2,0,2,15,A01
201900015589,2,37,1.0,0,1,2,1,A01
201900015590,1,7,,0,2,2,1,B01
201900015590,2,33,,0,2,7,5,A01
201900015591,1,33,,0,2,1,1,B01
201900015591,3,7,,0,2,3,19,A01
201900015592,1,32,,0,2,4,2,B01
201900015592,1,7,,0,2,1,2,A01
201900015593,3,7,,0,1,1,15,A01
201900015594,1,7,,0,1,1,1,A01
201900015595,1,7,,0,1,5,1,A01
201900015596,2,7,,6,2,3,15,A01
201900015596,1,7,,9,2,1,2,B01
201900015597,1,13,,0,1,3,13,A01
201900015598,1,10,,0,2,4,21,B01
201900015598,1,2,,0,2,1,21,A01
201900015599,3,10,,0,2,1,2,A01
201900015599,3,3,,8,0,4,2,B01
201900015600,2,7,,0,2,6,15,B01
201900015600,1,7,,8,2,1,0,A01
201900015601,1,7,,0,1,2,16,A01
201900015602,1,7,,0,2,2,1,B01
201900015602,1,7,,0,2,3,26,A01
201900015603,0,7,,0,1,2,1,A01
201900015604,2,1,,0,2,1,26,B01
201900015604,1,7,,0,2,2,15,A01
201900015605,1,10,,1,0,3,1,A01
201900015606,3,7,,8,0,3,13,A01
201900015607,2,7,,8,1,2,16,A01
201900015608,1,7,,0,1,2,1,Z01
201900015609,1,7,,0,1,2,1,A01
201900015610,3,33,,0,0,8,1,A01
201900015611,2,7,,0,2,4,1,B01
201900015611,2,2,,0,2,1,2,A01
201900015612,1,7,,7,0,1,16,A01
201900015613,2,7,,0,1,2,15,A01
201900015614,1,7,,0,2,3,13,A01
201900015614,2,7,,0,2,1,1,B01
201900015615,2,7,,13,0,2,14,A01
201900015616,1,7,,0,1,2,1,A01
201900015617,1,7,,0,2,6,1,A01
201900015617,1,1,,0,2,1,1,B01
201900015618,1,1,,0,2,1,1,B01
201900015618,1,7,,0,9,0,2,C01
201900015619,1,7,,6,0,1,1,A01
201900015620,1,50,,0,2,1,1,A01
201900015620,1,7,,0,2,1,1,B01
201900015621,1,7,,0,2,3,1,B01
201900015621,1,7,,0,2,2,1,A01
201900015622,1,10,,0,1,2,1,A01
201900015623,1,7,,0,2,2,1,B01
201900015623,1,7,,0,2,1,1,A01
201900015624,1,7,,0,0,7,15,A01
201900015625,1,7,,0,2,1,1,B01
201900015625,1,7,,0,2,1,5,A01
201900015626,1,7,,0,2,1,2,A01
201900015626,1,10,,0,2,4,2,B01
201900015627,1,1,,0,-1,3,5,A01
201900015627,2,40,,0,6,3,5,B01
201900015628,3,0,,9,1,4,25,A01
201900015629,1,15,,0,2,6,2,B01
201900015629,1,7,,0,2,1,2,A01
201900015630,1,0,,0,1,1,13,Z01
201900015631,2,7,,0,2,8,1,B01
201900015631,1,32,,0,2,3,1,A01
201900015632,0,2,,14,0,7,1,A01
201900015633,0,7,,0,2,1,15,A01
201900015633,0,33,,0,2,8,1,B01
201900015634,0,7,,0,2,7,1,B01
201900015634,0,7,,0,2,2,1,A01
201900015635,2,7,,0,2,8,11,A01
201900015635,1,33,,0,2,2,17,B01
201900015636,0,1,,1,0,0,0,A01
201900015637,1,1,,0,2,4,0,B01
201900015637,1,7,,0,2,0,0,A01
201900015638,1,3,,15,0,1,0,A01
201900015639,1,7,,0,2,1,0,A01
201900015639,1,7,,0,2,4,0,B01
201900015640,1,7,,0,1,7,0,A01
201900015641,1,7,,0,2,1,0,B01
201900015641,1,7,,0,2,8,0,A01
201900015642,1,1,,0,0,0,26,A01
201900015643,3,7,,0,6,8,0,B01
201900015643,3,1,,1,0,7,26,A01
201900015644,1,7,,0,0,2,0,A01
201900015645,1,7,,13,0,9,13,A01
201900015646,1,7,,0,2,6,1,B01
201900015646,1,33,,0,2,1,19,A01
201900015647,0,7,,0,1,1,1,A01
201900015648,1,7,,0,2,1,15,B01
201900015648,1,1,,0,2,1,1,A01
201900015649,1,30,,0,2,1,15,A01
201900015649,1,7,,0,2,1,1,B01
201900015650,1,1,,0,2,7,1,B01
201900015650,1,7,,0,2,8,9,A01
201900015651,2,20,,0,1,3,19,A01
201900015652,3,7,,0,0,4,26,B01
201900015652,1,2,,0,2,2,21,A01
201900015653,3,1,,0,2,1,19,A01
201900015653,3,7,,0,2,3,1,B01
201900015654,2,33,,0,2,9,1,B01
201900015654,2,7,,0,2,7,15,A01
201900015655,2,7,,0,2,4,1,B01
201900015655,2,33,,0,2,1,1,A01
201900015656,2,7,,0,2,4,1,B01
201900015656,2,7,,0,2,1,2,A01
201900015657,2,80,,0,2,7,19,B01
201900015657,1,33,,0,2,1,1,A01
201900015658,1,80,,0,2,7,1,B01
201900015658,1,7,,0,2,3,1,A01
201900015659,1,50,,0,0,0,1,A01
201900015660,1,37,1.0,0,1,2,1,A01
201900015661,1,7,,0,2,1,1,B01
201900015661,1,1,,0,2,5,19,A01
201900015662,2,7,,0,2,2,1,B01
201900015662,2,7,,0,2,2,9,A01
201900015663,2,7,,0,2,1,1,B01
201900015663,1,7,,0,2,7,15,A01
201900015664,2,7,,13,2,4,26,B01
201900015664,2,7,,13,0,4,2,A01
201900015665,2,7,,0,2,1,11,A01
201900015665,2,31,,0,2,1,1,B01
201900015666,3,7,,0,1,1,1,A01
201900015667,1,7,,0,2,4,9,B01
201900015667,1,7,,0,2,1,9,A01
201900015668,1,33,,0,2,2,1,B01
201900015668,1,7,,0,2,6,15,A01
201900015669,1,34,,0,2,1,1,B01
201900015669,2,7,,0,2,7,15,A01
201900015670,3,38,1.0,15,0,1,26,A01
201900015671,0,7,,0,1,3,1,A01
201900015672,0,7,,0,2,4,1,A01
201900015672,0,60,,0,2,0,1,B01
201900015673,1,33,,12,0,0,26,A01
201900015674,1,7,,0,2,7,1,B01
201900015674,0,1,,0,2,1,5,A01
201900015675,0,7,,0,2,1,1,A01
201900015675,0,1,,0,2,1,9,B01
201900015676,2,37,1.0,0,2,3,15,A01
201900015676,1,32,,0,2,1,1,B01
201900015677,1,33,,0,2,1,1,A01
201900015677,1,15,,0,2,4,1,B01
201900015678,2,7,,0,2,6,15,A01
201900015678,2,33,,0,2,1,1,B01
201900015679,2,7,,0,2,2,1,B01
201900015679,1,7,,0,2,4,1,C01
201900015679,1,7,,0,2,1,1,A01
201900015680,1,33,,6,2,1,1,B01
201900015680,2,7,,0,2,1,16,A01
201900015681,1,36,,0,0,9,1,H01
201900015682,1,7,,4,0,1,13,A01
201900015683,1,2,,0,2,0,1,A01
201900015683,1,7,,0,2,0,0,Z01
201900015684,0,7,,0,1,1,1,A01
201900015685,0,7,,0,2,4,1,A01
201900015685,0,7,,0,2,1,1,B01
201900015686,3,32,,0,1,0,1,Z01
201900015687,2,7,,0,2,8,15,A01
201900015687,1,33,,0,2,1,1,B01
201900015688,2,33,,0,2,6,2,B01
201900015688,0,10,,0,2,0,0,A01
201900015689,3,7,,0,1,3,26,A01
201900015690,0,7,,0,0,0,0,B01
201900015690,0,7,,0,2,3,1,A01
201900015691,3,2,,0,2,1,1,B01
201900015691,3,7,,0,2,2,1,A01
201900015692,1,30,,0,2,4,1,B01
201900015692,1,7,,0,2,1,1,A01
201900015693,2,7,,0,2,7,9,A01
201900015693,0,1,,0,2,7,1,B01
201900015694,3,7,,0,2,1,15,A01
201900015694,3,1,,0,2,1,1,B01
201900015695,1,7,,0,1,1,1,A01
201900015696,2,2,,14,0,7,18,B01
201900015696,2,7,,0,2,7,23,A01
201900015697,1,7,,0,2,1,0,Z01
201900015697,1,1,,0,2,5,2,A01
201900015698,2,7,,0,2,1,9,A01
201900015698,2,1,,0,2,1,26,B01
201900015699,1,7,,0,2,1,15,A01
201900015699,1,7,,0,2,3,15,B01
201900015700,2,7,,0,2,2,15,B01
201900015700,1,33,,0,2,1,1,A01
201900015701,1,7,,0,2,1,15,A01
201900015701,2,1,,0,2,6,2,B01
201900015702,2,2,,0,2,7,2,B01
201900015702,0,7,,0,2,2,15,A01
201900015703,2,7,,0,2,1,1,A01
201900015703,2,7,,0,2,4,1,B01
201900015703,2,10,,0,2,4,1,C01
201900015704,1,7,,0,1,1,1,A01
201900015705,1,32,,0,2,5,15,A01
201900015705,2,33,,0,2,1,1,B01
201900015706,0,7,,0,2,1,1,B01
201900015706,0,1,,0,2,8,19,A01
201900015707,3,7,,0,2,3,17,B01
201900015707,3,7,,0,2,2,15,A01
201900015708,1,7,,0,2,1,2,Z01
201900015708,1,33,,0,2,5,16,B01
201900015709,1,7,,0,2,3,13,A01
201900015709,2,7,,0,2,8,1,B01
201900015709,2,7,,0,2,3,1,C01
201900015710,2,7,,0,0,3,15,A01
201900015711,1,15,,0,2,8,1,A01
201900015711,2,7,,0,2,1,1,B01
201900015712,1,33,,13,0,0,0,A01
201900015713,1,7,,0,2,1,1,A01
201900015713,1,7,,0,2,2,1,B01
201900015714,1,7,,0,2,1,0,A01
201900015714,2,7,,0,2,1,0,B01
201900015715,2,7,,0,2,1,13,A01
201900015715,1,7,,0,2,1,1,B01
201900015716,2,33,,0,0,0,15,A01
201900015717,1,7,,0,1,2,15,A01
201900015718,2,7,,0,0,3,19,A01
201900015718,2,33,,0,2,1,1,B01
201900015719,2,7,,0,2,2,17,A01
201900015719,2,1,,0,2,5,0,B01
201900015720,2,7,,0,2,3,1,A01
201900015720,1,14,,0,0,3,0,B01
201900015721,1,15,,0,2,1,1,B01
201900015721,2,7,,0,2,3,1,C01
201900015721,3,7,,0,2,3,15,A01
201900015722,1,2,,13,0,2,2,A01
201900015723,2,7,,6,0,9,14,A01
201900015724,0,30,,0,0,0,0,A01
201900015725,1,7,,3,0,2,1,A01
201900015726,0,33,,0,2,1,17,A01
201900015726,0,7,,0,0,4,15,B01
201900015727,3,10,,0,2,1,19,A01
201900015727,2,1,,0,2,7,1,B01
201900015728,1,7,,0,2,3,0,B01
201900015728,2,7,,6,2,1,17,A01
201900015729,2,7,,0,2,8,11,B01
201900015729,2,33,,0,2,1,17,A01
201900015730,1,43,,0,0,0,17,A01
201900015731,1,7,,0,0,6,1,B01
201900015731,1,7,,0,2,2,2,A01
201900015732,2,7,,8,0,9,17,A01
201900015733,3,7,,0,0,1,1,B01
201900015733,3,7,,0,2,7,1,A01
201900015734,0,7,,0,2,8,9,B01
201900015734,0,33,,0,2,1,1,A01
201900015735,1,7,,0,2,3,13,A01
201900015735,2,7,,0,2,3,1,B01
201900015736,2,7,,0,0,2,16,A01
201900015736,2,1,,0,2,8,0,B01
201900015737,3,7,,0,0,3,23,B01
201900015737,3,2,,1,0,1,1,A01
201900015738,1,7,,0,0,0,1,B01
201900015738,1,33,,0,2,1,1,A01
201900015739,1,7,,3,2,8,2,B01
201900015739,1,7,,0,0,2,2,A01
201900015740,1,7,,13,0,2,1,A01
201900015741,2,7,,0,2,2,15,A01
201900015741,2,1,,0,2,3,1,B01
201900015742,1,7,,15,2,3,13,A01
201900015742,2,7,,0,2,3,1,B01
201900015743,2,7,,2,0,8,14,A01
201900015744,2,10,,0,2,4,1,B01
201900015744,2,7,,0,2,1,2,A01
201900015745,2,33,,0,2,1,1,A01
201900015745,2,33,,0,2,4,23,B01
201900015746,2,7,,13,0,9,13,A01
201900015747,1,7,,0,1,2,1,A01
201900015748,1,33,,13,0,1,1,A01
201900015749,1,7,,0,2,1,13,A01
201900015749,2,7,,0,2,3,1,B01
201900015749,2,7,,0,2,1,1,C01
201900015750,2,33,,13,0,1,0,A01
201900015751,3,7,,0,2,8,15,A01
201900015751,1,7,,0,2,1,1,B01
201900015752,1,33,,0,6,1,1,A01
201900015753,3,7,,6,0,4,1,A01
201900015754,3,7,,0,2,1,19,A01
201900015754,3,7,,0,2,8,1,B01
201900015755,3,7,,0,2,1,0,B01
201900015755,3,7,,0,2,2,0,A01
201900015756,2,7,,0,2,3,13,A01
201900015756,1,14,,0,2,3,1,B01
201900015757,0,7,,0,2,2,1,B01
201900015757,0,7,,0,2,3,0,A01
201900015758,1,7,,0,0,0,14,A01
201900015759,2,7,,13,0,1,1,A01
201900015760,2,1,,0,0,4,1,B01
201900015760,2,10,,0,2,2,1,A01
201900015761,1,33,,3,0,8,1,A01
201900015762,2,33,,0,2,4,1,B01
201900015762,2,7,,0,2,1,1,A01
201900015763,3,7,,17,0,2,1,A01
201900015764,2,33,,0,5,1,1,A01
201900015765,1,7,,2,0,1,0,A01
201900015766,3,31,,0,0,0,1,A01
201900015767,3,7,,0,2,4,1,B01
201900015767,0,33,,0,2,1,2,A01
201900015768,3,7,,1,1,1,24,A01
201900015769,2,7,,0,2,1,1,B01
201900015769,1,7,,0,0,8,16,A01
201900015770,1,33,,0,2,3,13,A01
201900015770,2,7,,0,2,3,1,B01
201900015771,0,30,,0,2,1,5,A01
201900015771,0,7,,0,2,6,1,B01
201900015772,1,7,,13,0,1,14,A01
201900015773,1,1,,0,0,4,1,B01
201900015773,1,7,,0,2,1,17,A01
201900015774,1,33,,2,0,1,13,A01
201900015775,1,10,,0,2,1,2,A01
201900015775,1,7,,0,2,4,23,C01
201900015775,1,7,,0,2,4,23,B01
201900015776,2,7,,0,2,3,1,C01
201900015776,2,7,,0,2,6,1,B01
201900015776,1,7,,0,2,3,5,A01
201900015777,2,2,,0,2,8,1,B01
201900015777,2,7,,0,2,0,17,A01
201900015778,1,7,,13,0,3,1,A01
201900015779,2,15,,8,0,1,2,B01
201900015779,1,15,,0,0,1,13,A01
201900015780,1,7,,13,0,9,1,A01
201900015781,0,7,,0,0,0,1,A01
201900015782,2,7,,0,2,7,1,B01
201900015782,3,7,,0,2,1,19,A01
201900015783,2,7,,0,2,3,1,B01
201900015783,1,33,,0,2,6,1,A01
201900015784,1,2,,11,0,1,1,A01
201900015785,2,7,,0,1,2,2,A01
201900015786,1,33,,0,2,1,5,A01
201900015786,2,7,,0,2,1,1,B01
201900015787,2,7,,13,0,1,13,A01
201900015788,2,7,,13,0,1,19,A01
201900015789,2,7,,13,0,2,1,A01
201900015790,3,2,,15,0,1,16,A01
201900015791,1,33,,13,0,1,1,A01
201900015792,3,7,,0,2,3,1,A01
201900015792,3,7,,0,2,3,1,B01
201900015793,2,32,,0,2,1,13,A01
201900015793,1,7,,0,2,3,1,B01
201900015794,2,7,,0,2,3,1,B01
201900015794,1,33,,3,2,3,13,A01
201900015795,2,7,,0,2,1,19,B01
201900015795,1,7,,7,2,3,1,A01
201900015796,1,33,,0,2,3,15,B01
201900015796,1,7,,0,2,5,17,A01
201900015797,2,7,,2,0,1,13,A01
201900015798,1,7,,0,1,2,1,A01
201900015799,1,7,,2,2,7,17,B01
201900015799,1,7,,0,2,8,17,A01
201900015800,3,7,,0,9,1,1,A01
201900015800,3,1,,0,2,1,15,B01
201900015801,1,1,,0,2,4,2,B01
201900015801,1,7,,0,2,2,2,A01
201900015802,3,16,,0,2,5,19,A01
201900015802,0,33,,0,2,7,1,B01
201900015803,1,7,,0,2,2,1,B01
201900015803,0,7,,0,2,3,15,A01
201900015804,2,7,,17,0,3,1,A01
201900015805,1,7,,0,1,2,1,A01
201900015806,1,7,,0,1,2,1,A01
201900015807,2,7,,0,2,1,1,B01
201900015807,1,7,,0,2,1,5,A01
201900015808,1,7,,0,2,1,1,A01
201900015808,1,7,,0,2,1,1,B01
201900015808,1,10,,0,2,1,2,C01
201900015809,3,7,,0,2,2,23,B01
201900015809,1,7,,0,2,1,17,A01
201900015809,1,21,,0,2,3,15,C01
201900015810,1,7,,0,1,2,2,A01
201900015811,0,7,,0,1,1,26,A01
201900015812,1,7,,2,0,7,14,A01
201900015813,2,7,,13,0,1,13,A01
201900015814,1,3,,0,2,1,17,B01
201900015814,1,33,,0,2,1,17,A01
201900015815,2,7,,0,0,0,26,B01
201900015815,0,33,,0,1,1,17,A01
201900015816,1,33,,0,2,8,1,C01
201900015816,2,7,,0,2,1,15,A01
201900015816,3,7,,0,0,3,23,B01
201900015817,3,7,,0,2,4,16,B01
201900015817,3,7,,0,2,1,1,A01
201900015818,3,7,,0,1,1,1,A01
201900015819,2,7,,8,0,8,1,A01
201900015820,1,34,,1,0,1,1,A01
201900015821,2,7,,8,0,3,1,B01
201900015821,2,7,,16,0,7,9,A01
201900015822,1,31,,8,0,1,1,A01
201900015823,2,2,,0,0,0,1,A01
201900015824,1,7,,0,2,3,1,B01
201900015824,2,33,,0,2,1,1,A01
201900015825,1,7,,0,0,2,1,B01
201900015825,2,1,,0,0,1,9,A01
201900015826,1,33,,0,2,5,1,B01
201900015826,2,7,,0,2,3,9,A01
201900015827,1,7,,2,0,7,19,A01
201900015828,3,7,,0,0,9,15,A01
201900015829,2,7,,0,2,6,19,B01
201900015829,2,33,,0,2,1,1,A01
201900015830,2,31,,0,0,8,1,A01
201900015831,2,31,,0,0,8,26,A01
201900015832,1,7,,0,0,9,17,A01
201900015833,1,7,,2,0,1,13,A01
201900015834,3,7,,2,0,3,13,A01
201900015835,2,33,,13,0,7,1,A01
201900015836,2,7,,0,2,8,1,B01
201900015836,1,33,,0,2,1,17,A01
201900015837,2,7,,13,0,1,1,A01
201900015838,0,7,,2,0,2,1,A01
201900015839,1,2,,13,0,7,0,A01
201900015840,1,33,,0,0,8,1,A01
201900015841,2,7,,2,0,2,1,A01
201900015842,0,7,,0,0,0,1,A01
201900015843,1,7,,0,2,1,1,B01
201900015843,3,30,,0,2,8,19,A01
201900015844,0,7,,2,0,1,0,A01
201900015845,1,7,,0,2,3,1,B01
201900015845,2,1,,0,2,8,5,A01
201900015846,2,7,,0,2,2,3,A01
201900015846,1,7,,0,2,2,3,B01
201900015847,2,1,,0,2,1,1,B01
201900015847,2,7,,0,2,1,15,A01
201900015848,1,33,,0,0,8,1,A01
201900015849,2,7,,2,0,1,14,A01
201900015850,1,7,,12,0,2,1,A01
201900015851,3,38,1.0,0,1,2,7,A01
201900015852,2,7,,6,9,1,13,A01
201900015853,3,1,,16,0,0,1,A01
201900015854,2,33,,4,0,7,15,A01
201900015855,2,7,,13,0,9,0,A01
201900015856,2,7,,0,2,1,1,B01
201900015856,1,7,,0,2,1,5,A01
201900015857,1,7,,0,0,3,15,A01
201900015857,1,33,,0,2,1,17,B01
201900015858,2,7,,0,0,1,1,A01
201900015859,2,10,,16,0,2,1,A01
201900015860,0,7,,0,0,3,15,B01
201900015860,0,2,,0,0,2,0,A01
201900015861,3,33,,0,2,1,3,A01
201900015861,3,7,,0,0,5,23,B01
201900015862,0,10,,0,1,2,1,A01
201900015863,1,33,,6,0,2,1,A01
201900015864,0,7,,0,9,2,1,B01
201900015864,3,1,,0,2,4,1,A01
201900015865,0,33,,0,0,0,1,A01
201900015866,3,33,,17,9,7,1,A01
201900015867,2,7,,0,0,8,16,B01
201900015867,2,33,,0,2,7,1,A01
201900015868,1,17,,0,2,8,1,B01
201900015868,2,3,,0,2,9,13,A01
201900015869,1,7,,0,2,3,9,A01
201900015869,1,33,,0,2,7,1,B01
201900015870,1,31,,0,0,8,1,A01
201900015871,2,7,,0,2,1,1,A01
201900015871,3,7,,0,0,8,15,B01
201900015872,2,2,,0,2,1,13,A01
201900015872,1,7,,0,2,2,1,B01
201900015873,1,10,,0,2,2,17,B01
201900015873,1,30,,0,2,8,15,A01
201900015874,3,7,,0,1,4,4,A01
201900015875,1,7,,13,0,3,1,A01
201900015876,1,7,,0,2,9,11,A01
201900015876,2,7,,0,2,3,2,B01
201900015876,2,7,,0,2,3,2,D01
201900015876,2,7,,0,0,0,2,C01
201900015877,1,7,,6,0,9,1,A01
201900015878,1,7,,0,1,1,1,A01
201900015879,1,7,,0,2,2,1,A01
201900015879,2,35,,0,2,3,9,B01
201900015880,0,21,,0,2,0,13,A01
201900015880,0,7,,0,2,3,21,B01
201900015880,0,7,,0,0,0,21,C01
201900015881,3,7,,0,2,2,1,A01
201900015881,3,1,,0,2,3,9,B01
201900015882,0,7,,0,2,1,1,B01
201900015882,0,7,,0,2,2,13,A01
201900015883,1,33,,0,0,1,1,A01
201900015884,1,31,,13,0,7,1,A01
201900015885,1,7,,0,9,1,17,A01
201900015885,2,1,,0,2,1,1,C01
201900015886,2,33,,0,2,1,13,A01
201900015886,1,7,,0,2,1,1,B01
201900015887,1,33,,0,2,1,1,A01
201900015887,2,7,,0,2,3,1,B01
201900015888,1,33,,0,0,8,15,A01
201900015889,3,7,,16,0,9,0,A01
201900015890,0,33,,0,2,1,1,B01
201900015890,0,7,,0,0,2,15,A01
201900015891,2,14,,0,2,3,1,C01
201900015891,2,14,,0,2,3,1,B01
201900015891,1,7,,0,2,3,13,A01
201900015892,2,7,,0,2,6,9,A01
201900015892,1,33,,0,2,3,1,B01
201900015893,2,1,,0,2,2,19,B01
201900015893,3,15,,0,1,2,26,A01
201900015894,3,7,,2,0,7,1,A01
201900015895,3,7,,6,0,2,1,A01
201900015896,1,7,,8,2,2,1,B01
201900015896,3,7,,0,2,3,15,A01
201900015897,1,30,,0,2,1,1,A01
201900015897,2,33,,0,2,8,1,B01
201900015898,1,10,,0,2,4,2,A01
201900015898,1,1,,0,2,1,2,B01
201900015899,1,10,,0,2,4,4,A01
201900015899,1,30,,8,2,8,1,B01
201900015900,1,30,,11,0,3,13,A01
201900015901,1,31,,0,2,1,2,A01
201900015901,1,10,,0,2,4,23,B01
201900015902,1,7,,0,1,5,26,A01
201900015903,1,7,,0,2,6,1,A01
201900015903,1,7,,0,2,1,1,B01
201900015904,2,7,,0,2,1,26,B01
201900015904,1,7,,0,2,2,9,A01
201900015905,3,13,,0,2,2,26,A01
201900015905,3,32,,0,2,8,2,B01
201900015906,1,30,,0,2,8,2,B01
201900015906,2,30,,0,2,1,1,A01
201900015907,1,7,,1,0,1,13,A01
201900015908,1,7,,8,0,1,1,A01
201900015909,1,7,,0,2,6,1,B01
201900015909,1,32,,0,2,1,17,A01
201900015910,1,7,,0,2,0,0,B01
201900015910,1,7,,8,2,4,19,A01
201900015911,1,37,1.0,0,2,6,0,B01
201900015911,1,30,,0,2,1,17,A01
201900015912,3,33,,0,2,8,3,A01
201900015912,3,7,,0,2,6,23,B01
201900015912,3,7,,0,2,5,23,C01
201900015913,1,7,,0,2,3,9,B01
201900015913,1,7,,0,2,2,26,A01
201900015914,1,10,,12,0,1,19,B01
201900015914,1,10,,12,0,1,19,A01
201900015915,1,7,,0,2,2,15,B01
201900015915,2,30,,0,2,7,17,A01
201900015916,1,7,,0,2,3,1,B01
201900015916,2,7,,0,2,3,1,A01
201900015917,1,7,,0,1,1,21,A01
201900015918,1,7,,12,2,4,9,A01
201900015918,1,37,3.0,12,2,2,0,B01
201900015919,2,7,,0,2,4,1,A01
201900015919,2,7,,0,2,1,2,B01
201900015920,2,34,,0,2,3,1,B01
201900015920,3,7,,0,2,2,15,A01
201900015921,3,7,,0,2,1,1,B01
201900015921,3,7,,8,2,7,15,A01
201900015922,1,2,,0,2,7,17,B01
201900015922,1,10,,0,2,8,17,A01
201900015923,3,34,,0,2,1,1,B01
201900015923,3,99,,0,2,5,1,A01
201900015924,1,33,,0,2,8,1,B01
201900015924,1,7,,0,2,1,1,A01
201900015925,2,7,,0,1,2,17,A01
201900015926,2,1,,1,0,1,18,B01
201900015926,2,10,,1,0,8,24,A01