Num_Acc,senc,catv,occutc,obs,obsm,choc,manv,num_veh
201900015927,2,7,,0,6,3,23,A01
201900015927,3,1,,14,0,1,25,B01
201900015928,1,10,,0,2,1,13,B01
201900015928,2,7,,0,2,1,13,A01
201900015929,2,7,,0,2,3,15,B01
201900015929,2,7,,9,2,1,17,A01
201900015930,1,7,,0,2,7,15,A01
201900015930,3,33,,0,2,1,1,B01
201900015931,1,7,,0,1,0,0,A01
201900015932,3,7,,0,2,3,0,N01
201900015932,1,30,,0,2,1,0,A01
201900015933,3,7,,15,0,1,14,A01
201900015934,2,32,,0,2,6,1,B01
201900015934,2,7,,0,2,1,1,A01
201900015935,1,1,,0,2,3,0,B01
201900015935,2,7,,0,2,2,15,A01
201900015936,1,50,,0,2,1,15,B01
201900015936,2,10,,0,2,3,1,A01
201900015937,1,7,,0,0,6,24,B01
201900015937,1,7,,0,2,2,14,A01
201900015938,2,7,,0,0,5,17,B01
201900015938,2,33,,0,0,3,17,A01
201900015939,2,7,,0,0,6,1,B01
201900015939,2,7,,0,2,2,17,A01
201900015940,1,7,,5,0,2,1,A01
201900015941,0,1,,0,9,1,15,B01
201900015941,0,7,,0,9,8,6,A01
201900015942,1,36,,0,2,1,1,B01
201900015942,2,7,,0,2,2,15,A01
201900015943,1,7,,1,0,2,1,A01
201900015944,3,31,,2,0,0,0,A01
201900015945,2,7,,0,2,1,15,A01
201900015945,1,2,,0,2,1,1,B01
201900015946,1,33,,0,2,3,26,A01
201900015946,2,7,,0,2,2,9,B01
201900015947,3,10,,0,2,2,19,A01
201900015947,2,43,,0,2,1,1,B01
201900015948,1,14,,1,0,2,1,A01
201900015948,1,7,,0,0,6,23,B01
201900015949,3,99,,0,0,0,1,A01
201900015950,2,7,,0,2,3,1,B01
201900015950,1,7,,0,2,3,1,A01
201900015951,2,33,,13,0,0,1,A01
201900015952,2,1,,0,2,4,1,B01
201900015952,2,7,,0,9,2,1,A01
201900015953,2,7,,0,2,1,1,B01
201900015953,1,33,,0,2,1,17,A01
201900015954,2,7,,7,0,1,1,A01
201900015955,1,7,,0,1,3,1,A01
201900015956,3,50,,0,2,6,25,A01
201900015956,3,7,,0,9,2,26,B01
201900015957,2,17,,0,0,6,1,B01
201900015957,2,7,,0,2,1,2,A01
201900015958,2,13,,0,1,2,1,A01
201900015959,0,7,,0,0,6,1,B01
201900015959,0,33,,0,2,1,15,A01
201900015960,2,2,,1,0,7,0,A01
201900015961,2,7,,0,1,2,1,A01
201900015962,2,7,,0,2,3,1,B01
201900015962,1,7,,0,2,3,5,A01
201900015963,2,7,,0,2,1,19,A01
201900015963,2,30,,0,2,7,1,B01
201900015964,2,33,,0,2,7,21,B01
201900015964,1,7,,0,2,2,23,A01
201900015965,2,7,,0,2,8,1,B01
201900015965,2,7,,0,2,3,1,A01
201900015966,1,7,,4,0,6,17,A01
201900015967,1,7,,0,2,7,1,B01
201900015967,1,33,,0,2,8,15,A01
201900015968,1,7,,0,2,5,13,A01
201900015968,2,14,,0,2,1,1,B01
201900015969,2,15,,0,0,0,1,A01
201900015970,1,7,,0,2,1,1,B01
201900015970,1,7,,0,2,7,19,A01
201900015971,1,10,,0,2,3,1,B01
201900015971,2,10,,0,2,3,13,A01
201900015972,2,7,,15,0,0,1,A01
201900015973,1,10,,0,2,1,1,A01
201900015973,1,7,,0,2,5,23,B01
201900015973,2,7,,0,2,1,1,C01
201900015974,2,7,,0,2,1,1,B01
201900015974,1,7,,0,2,1,13,A01
201900015975,2,7,,0,2,7,9,B01
201900015975,1,7,,14,2,1,1,A01
201900015976,2,7,,2,0,1,13,A01
201900015977,1,7,,13,0,9,13,A01
201900015978,2,33,,13,0,1,16,A01
201900015978,2,33,,13,0,1,16,B01
201900015979,2,7,,0,2,3,1,B01
201900015979,1,7,,0,2,3,13,A01
201900015980,1,33,,0,0,0,26,A01
201900015981,2,7,,0,2,3,1,B01
201900015981,1,33,,13,2,1,1,A01
201900015982,2,7,,0,0,6,2,B01
201900015982,2,2,,0,2,1,2,A01
201900015983,2,7,,0,2,2,13,B01
201900015983,1,7,,0,2,1,1,A01
201900015984,3,15,,0,2,1,1,A01
201900015984,3,7,,0,0,2,13,B01
201900015985,2,7,,0,9,2,1,A01
201900015985,2,1,,0,0,8,19,B01
201900015986,2,15,,0,2,2,1,A01
201900015986,0,99,,0,2,3,15,B01
201900015987,2,2,,0,0,8,15,A01
201900015988,1,7,,0,1,1,1,A01
201900015989,0,7,,0,2,2,1,A01
201900015989,1,7,,0,2,3,1,B01
201900015990,1,7,,0,0,7,15,A01
201900015990,2,33,,0,2,1,1,B01
201900015991,1,33,,0,0,0,23,A01
201900015992,2,2,,0,2,1,1,B01
201900015992,1,7,,0,2,1,15,A01
201900015993,2,7,,1,2,1,5,A01
201900015993,1,7,,0,2,3,1,B01
201900015994,1,7,,0,0,9,1,A01
201900015995,2,33,,0,2,1,1,C01
201900015995,1,1,,0,2,1,5,B01
201900015995,1,1,,0,2,1,5,A01
201900015996,2,7,,0,2,3,17,B01
201900015996,1,2,,0,2,3,1,A01
201900015997,1,7,,13,0,1,14,A01
201900015998,1,7,,0,0,1,1,B01
201900015998,2,7,,0,0,2,1,A01
201900015999,3,7,,2,0,1,1,A01
201900016000,3,7,,6,0,1,1,A01
201900016001,2,7,,0,0,8,26,A01
201900016001,1,33,,0,2,8,1,B01
201900016002,2,7,,0,0,8,1,A01
201900016003,2,7,,0,2,3,1,A01
201900016003,2,10,,0,2,2,19,B01
201900016004,1,33,,8,0,7,0,A01
201900016005,0,7,,0,2,7,19,A01
201900016005,1,7,,0,2,1,1,B01
201900016006,1,7,,0,2,3,15,A01
201900016006,2,33,,0,2,0,21,B01
201900016007,3,31,,0,0,0,0,A01
201900016008,0,10,,0,2,3,1,A01
201900016008,0,7,,0,2,3,1,B01
201900016009,2,7,,2,0,7,14,A01
201900016010,2,33,,13,0,1,15,A01
201900016011,1,7,,0,2,3,9,A01
201900016011,1,7,,0,2,3,1,B01
201900016012,2,7,,13,0,0,1,A01
201900016013,2,7,,0,2,3,21,B01
201900016013,1,7,,0,2,3,15,A01
201900016014,1,7,,0,1,2,1,A01
201900016015,2,7,,2,0,7,1,A01
201900016016,3,7,,13,6,7,1,A01
201900016017,1,7,,1,2,1,1,A01
201900016017,2,21,,0,2,6,21,B01
201900016017,0,7,,0,0,8,22,C01
201900016018,1,2,,6,0,7,14,A01
201900016019,2,1,,0,0,8,1,A01
201900016020,2,7,,0,2,3,1,B01
201900016020,1,7,,14,2,8,5,A01
201900016021,1,7,,8,0,3,2,A01
201900016022,0,1,,0,2,4,1,B01
201900016022,0,7,,0,9,1,1,A01
201900016023,1,7,,0,2,7,1,B01
201900016023,0,36,,0,2,1,9,A01
201900016024,3,7,,0,2,2,17,A01
201900016024,3,1,,0,2,4,1,B01
201900016025,2,7,,13,0,2,1,A01
201900016026,1,33,,3,0,0,26,A01
201900016027,1,7,,0,2,0,0,B01
201900016027,1,1,,0,0,8,1,A01
201900016028,3,3,,8,0,4,1,B01
201900016028,0,7,,0,2,1,2,A01
201900016029,2,7,,13,0,1,1,A01
201900016030,1,2,,1,0,1,0,A01
201900016031,3,7,,2,0,1,1,A01
201900016032,3,7,,0,2,1,15,A01
201900016032,3,33,,0,2,5,2,B01
201900016033,0,10,,0,2,2,15,A01
201900016033,2,33,,0,2,1,1,B01
201900016034,0,2,,14,0,0,0,A01
201900016035,3,1,,0,0,4,2,B01
201900016035,3,7,,0,2,1,2,A01
201900016036,2,7,,0,2,1,1,B01
201900016036,1,15,,0,2,1,13,A01
201900016037,2,7,,0,2,1,13,A01
201900016037,1,7,,0,2,1,1,B01
201900016038,2,33,,0,0,9,1,A01
201900016039,2,33,,13,2,3,1,A01
201900016039,1,7,,0,2,8,1,B01
201900016040,2,33,,0,0,8,2,A01
201900016041,2,10,,2,2,2,1,A01
201900016041,1,7,,0,2,3,1,B01
201900016042,3,7,,13,0,8,13,A01
201900016043,1,7,,0,2,4,2,C01
201900016043,1,7,,0,2,6,2,B01
201900016043,1,14,,0,2,1,2,A01
201900016044,1,7,,0,2,1,13,A01
201900016044,2,7,,0,2,1,1,B01
201900016045,1,7,,0,2,3,13,A01
201900016045,1,7,,0,2,3,1,B01
201900016046,2,7,,0,0,0,13,A01
201900016047,0,1,,0,2,5,12,B01
201900016047,0,7,,0,2,1,9,A01
201900016048,2,33,,0,0,7,0,A01
201900016049,2,13,,0,2,3,1,A01
201900016049,1,7,,0,2,1,1,C01
201900016049,2,7,,0,2,4,15,B01
201900016050,1,7,,0,2,3,15,B01
201900016050,1,7,,0,2,7,17,A01
201900016051,1,2,,13,0,1,1,A01
201900016052,2,7,,0,2,1,1,A01
201900016052,1,7,,0,2,3,1,B01
201900016053,2,1,,0,2,1,1,A01
201900016053,1,7,,0,9,1,15,B01
201900016054,1,31,,0,2,1,0,A01
201900016054,2,7,,0,2,1,0,B01
201900016055,1,7,,0,2,8,1,B01
201900016055,1,7,,0,2,1,1,A01
201900016056,3,7,,2,2,2,1,A01
201900016057,3,7,,0,2,7,1,A01
201900016057,0,7,,0,2,1,1,B01
201900016058,3,7,,0,2,3,15,A01
201900016058,1,7,,0,2,2,1,B01
201900016059,0,36,,0,0,0,0,A01
201900016060,1,33,,7,0,3,15,A01
201900016061,2,7,,3,0,9,2,A01
201900016062,1,7,,0,2,1,2,A01
201900016062,1,7,,0,2,5,2,B01
201900016063,1,2,,8,0,1,1,A01
201900016064,1,10,,0,0,4,23,C01
201900016064,1,7,,0,2,4,23,B01
201900016064,1,7,,0,2,1,1,A01
201900016065,1,7,,4,0,8,26,A01
201900016066,3,7,,13,0,3,1,A01
201900016067,3,1,,0,0,0,26,A01
201900016068,2,7,,0,2,5,1,B01
201900016068,2,17,,0,2,3,11,A01
201900016069,0,33,,0,2,3,17,A01
201900016069,0,7,,0,2,5,15,B01
201900016070,3,7,,0,2,1,1,A01
201900016070,3,7,,0,2,1,1,B01
201900016071,3,7,,0,2,2,19,A01
201900016071,2,32,,0,2,3,1,B01
201900016072,1,7,,17,2,3,1,B01
201900016072,2,7,,0,2,2,13,A01
201900016073,2,7,,0,2,7,10,A01
201900016073,1,7,,0,2,1,1,B01
201900016074,1,7,,8,0,3,1,A01
201900016075,1,1,,0,2,4,14,B01
201900016075,1,7,,0,2,2,17,A01
201900016076,1,7,,0,2,3,13,A01
201900016076,1,7,,0,2,6,1,B01
201900016077,3,7,,0,2,7,19,B01
201900016077,3,7,,0,2,2,1,A01
201900016078,2,7,,0,2,8,15,A01
201900016078,2,7,,0,2,8,17,B01
201900016079,2,7,,0,2,2,9,A01
201900016079,2,7,,0,2,3,16,B01
201900016080,2,10,,0,2,3,1,C01
201900016080,2,10,,0,2,3,1,B01
201900016080,1,10,,6,2,1,0,A01
201900016081,2,7,,0,2,3,5,A01
201900016081,1,7,,0,2,3,1,B01
201900016081,1,7,,1,2,8,1,C01
201900016082,2,7,,0,2,3,1,B01
201900016082,1,7,,0,2,3,13,A01
201900016083,2,7,,0,2,8,1,B01
201900016083,1,33,,0,2,8,17,A01
201900016084,1,7,,0,0,6,2,B01
201900016084,1,33,,0,2,1,2,A01
201900016085,2,7,,0,2,3,17,A01
201900016085,1,7,,0,2,6,1,B01
201900016086,0,13,,0,2,1,2,B01
201900016086,0,7,,0,2,4,2,A01
201900016087,0,7,,12,0,1,15,A01
201900016088,0,7,,0,1,3,19,A01
201900016089,1,33,,0,2,3,9,A01
201900016089,1,10,,0,2,6,1,B01
201900016090,1,33,,8,0,3,0,B01
201900016090,1,7,,0,2,2,16,A01
201900016091,3,33,,0,2,7,26,B01
201900016091,3,3,,0,2,1,9,A01
201900016092,3,99,,0,1,1,16,Z01
201900016093,3,50,,0,2,7,1,B01
201900016093,3,7,,0,6,2,9,A01
201900016094,1,7,,0,1,4,4,A01
201900016095,1,3,,0,2,1,2,Z01
201900016095,1,3,,0,2,4,1,B01
201900016095,1,37,1.0,0,2,4,1,C01
201900016096,1,99,,0,1,7,1,A01
201900016097,1,7,,0,1,1,11,A01
201900016098,3,3,,0,2,1,15,A01
201900016098,3,32,,0,2,7,17,B01
201900016099,1,7,,0,1,2,1,A01
201900016100,3,31,,0,2,1,1,B01
201900016100,3,7,,0,2,1,21,A01
201900016101,2,7,,0,2,1,1,A01
201900016101,1,7,,0,2,3,1,B01
201900016102,2,7,,0,2,2,14,A01
201900016102,2,7,,0,2,8,9,B01
201900016103,1,7,,0,2,6,26,A01
201900016103,1,7,,0,2,2,13,B01
201900016103,1,33,,0,2,7,26,C01
201900016104,2,10,,0,1,1,1,A01
201900016105,2,60,,0,2,0,0,B01
201900016105,2,7,,0,6,3,1,A01
201900016106,2,7,,0,2,1,0,Z01
201900016106,3,1,,0,2,8,1,B01
201900016107,2,13,,0,1,1,16,A01
201900016108,2,43,,0,2,7,17,A01
201900016108,2,13,,0,2,3,2,B01
201900016109,3,7,,0,2,6,21,A01
201900016109,3,33,,0,2,7,17,B01
201900016110,3,7,,0,1,4,26,A01
201900016111,1,2,,0,2,1,16,B01
201900016111,1,2,,0,0,4,15,A01
201900016112,2,2,,0,0,0,1,A01
201900016113,1,7,,0,0,7,1,B01
201900016113,1,30,,0,2,1,1,A01
201900016114,2,38,2.0,0,2,1,1,B01
201900016114,1,33,,0,2,9,17,A01
201900016115,3,2,,0,0,0,1,A01
201900016116,1,33,,0,2,1,21,B01
201900016116,0,7,,0,2,6,15,A01
201900016117,2,33,,0,2,1,1,A01
201900016117,2,7,,0,2,5,1,B01
201900016118,2,1,,0,2,1,1,B01
201900016118,0,7,,0,9,3,15,A01
201900016119,1,7,,0,2,5,15,A01
201900016119,1,7,,0,2,3,1,B01
201900016119,2,7,,0,2,3,1,C01
201900016120,2,7,,13,0,0,14,A01
201900016121,2,7,,15,0,1,1,A01
201900016122,0,7,,6,0,8,1,A01
201900016123,1,2,,0,0,0,1,A01
201900016124,2,7,,0,2,1,1,C01
201900016124,2,10,,0,2,1,1,B01
201900016124,1,7,,0,2,1,13,A01
201900016125,3,7,,0,1,2,1,A01
201900016126,0,7,,13,0,2,14,A01
201900016127,2,7,,0,2,5,15,A01
201900016127,2,33,,0,2,3,17,B01
201900016128,1,33,,0,2,1,1,B01
201900016128,1,7,,0,2,3,15,A01
201900016129,2,7,,17,0,3,1,A01
201900016130,1,33,,0,2,1,1,B01
201900016130,2,10,,0,2,7,15,A01
201900016131,2,7,,0,2,1,1,B01
201900016131,1,7,,0,2,1,13,A01
201900016132,2,10,,0,2,1,16,A01
201900016132,1,7,,0,2,2,1,A01
201900016133,3,1,,0,0,2,1,A01
201900016134,1,34,,13,0,1,1,A01
201900016135,2,31,,0,2,1,1,A01
201900016135,1,7,,0,2,2,15,B01
201900016136,1,33,,8,0,2,1,A01
201900016137,2,33,,13,0,7,18,A01
201900016138,1,7,,13,0,7,1,A01
201900016139,1,7,,2,0,2,1,A01
201900016140,3,0,,0,1,2,1,A01
201900016141,3,1,,0,0,4,2,B01
201900016141,3,7,,0,2,2,2,A01
201900016142,1,7,,0,2,2,15,A01
201900016142,2,1,,0,2,1,1,B01
201900016143,2,30,,12,0,1,1,A01
201900016144,1,7,,14,0,3,13,A01
201900016145,2,10,,0,2,1,1,B01
201900016145,1,7,,0,2,1,17,A01
201900016146,2,99,,0,0,4,1,C01
201900016146,2,17,,0,0,4,1,B01
201900016146,2,7,,0,2,1,1,A01
201900016147,1,7,,0,2,4,2,E01
201900016147,1,7,,0,2,4,2,D01
201900016147,1,7,,0,2,4,2,C01
201900016147,1,7,,0,2,4,2,B01
201900016147,1,7,,0,2,1,2,A01
201900016148,1,7,,4,0,1,21,A01
201900016149,2,1,,0,2,4,0,B01
201900016149,2,7,,0,9,2,1,A01
201900016150,2,3,,0,1,3,1,A01
201900016151,2,7,,2,0,2,14,A01
201900016152,2,7,,0,0,1,1,A01
201900016153,1,7,,13,0,3,1,A01
201900016154,0,2,,0,2,2,9,A01
201900016154,1,7,,0,2,3,1,B01
201900016154,1,7,,0,2,3,1,C01
201900016155,2,10,,0,0,8,1,B01
201900016155,2,99,,0,2,1,0,A01
201900016156,3,3,,0,0,2,1,A01
201900016157,2,17,,0,2,7,17,B01
201900016157,2,7,,0,2,1,1,A01
201900016158,3,1,,0,0,1,0,A01
201900016159,3,7,,0,2,3,15,B01
201900016159,3,1,,0,2,2,1,A01
201900016160,2,7,,0,2,3,1,A01
201900016160,2,1,,0,2,7,6,B01
201900016161,1,7,,0,2,4,23,C01
201900016161,1,7,,1,2,4,2,B01
201900016161,1,7,,1,2,1,2,A01
201900016162,1,33,,0,2,1,17,A01
201900016162,1,30,,0,2,8,15,B01
201900016163,2,7,,0,0,4,23,B01
201900016163,2,32,,14,0,1,2,A01
201900016164,2,33,,8,0,1,2,A01
201900016165,1,7,,0,2,3,1,A01
201900016165,2,7,,0,2,6,1,B01
201900016166,2,7,,0,2,1,2,A01
201900016166,2,7,,0,2,4,2,B01
201900016167,1,7,,7,0,1,1,A01
201900016168,1,1,,0,2,4,1,B01
201900016168,1,7,,0,6,1,9,A01
201900016169,1,33,,0,2,1,12,A01
201900016169,1,7,,0,2,4,23,B01
201900016170,2,33,,0,6,1,17,A01
201900016171,1,33,,0,0,8,3,A01
201900016172,2,7,,0,0,4,2,B01
201900016172,2,7,,0,2,1,1,A01
201900016173,2,7,,0,2,6,2,B01
201900016173,2,17,,0,2,2,2,A01
201900016174,1,7,,0,2,4,2,A01
201900016174,1,7,,0,2,1,2,B01
201900016175,2,7,,0,2,6,1,C01
201900016175,2,33,,0,2,1,1,B01
201900016175,2,7,,0,2,8,0,A01
201900016176,2,7,,12,0,7,12,A01
201900016177,2,15,,0,2,4,1,B01
201900016177,2,10,,0,2,1,1,A01
201900016178,2,7,,3,0,1,2,A01
201900016179,2,7,,0,2,1,2,A01
201900016179,2,10,,0,2,4,2,C01
201900016179,2,7,,0,2,4,2,B01
201900016180,3,99,,5,2,8,17,A01
201900016180,3,99,,0,2,3,1,B01
201900016181,1,7,,3,0,7,1,A01
201900016182,0,1,,8,0,0,1,A01
201900016183,0,7,,0,0,0,15,B01
201900016183,0,32,,0,2,0,15,A01
201900016184,1,7,,0,2,2,16,A01
201900016184,1,7,,0,2,3,16,B01
201900016185,1,7,,0,1,1,1,A01
201900016186,2,37,1.0,0,1,5,16,A01
201900016187,2,2,,0,2,8,1,B01
201900016187,1,7,,14,0,3,1,A01
201900016188,1,30,,0,1,1,0,A01
201900016189,1,31,,0,2,2,17,A01
201900016189,1,10,,0,0,3,11,B01
201900016190,2,33,,0,2,6,3,B01
201900016190,2,7,,0,2,7,1,A01
201900016191,3,10,,0,2,1,13,A01
201900016191,3,7,,0,2,1,1,B01
201900016192,1,30,,14,6,2,21,A01
201900016193,2,7,,14,1,3,19,A01
201900016194,3,7,,0,2,6,16,A01
201900016194,3,2,,0,2,7,16,B01
201900016195,1,1,,0,0,1,0,A01
201900016196,2,50,,0,0,0,7,B01
201900016196,1,7,,0,0,0,15,A01
201900016197,3,0,,0,2,0,0,C01
201900016197,3,37,1.0,0,2,3,1,B01
201900016198,1,7,,0,2,8,1,B01
201900016198,1,50,,0,2,1,19,A01
201900016199,1,2,,0,2,0,8,A01
201900016199,2,7,,0,2,7,15,B01
201900016200,1,7,,0,2,1,1,B01
201900016200,1,7,,0,2,6,1,A01
201900016201,1,30,,0,0,1,25,A01
201900016202,1,7,,0,1,1,26,A01
201900016203,1,33,,0,2,1,1,B01
201900016203,1,7,,0,2,3,10,A01
201900016204,3,7,,12,0,9,16,A01
201900016205,0,7,,0,2,2,1,B01
201900016205,0,7,,0,2,3,1,A01
201900016206,2,7,,0,2,1,15,A01
201900016206,1,31,,0,2,1,1,B01
201900016207,2,7,,0,2,1,1,Z01
201900016207,1,3,,0,2,1,13,A01
201900016208,2,7,,0,2,3,1,A01
201900016208,1,10,,0,2,2,1,B01
201900016209,3,7,,0,2,2,15,A01
201900016209,3,33,,0,2,1,1,B01
201900016210,1,34,,0,1,3,21,A01
201900016211,1,31,,4,0,1,0,A01
201900016212,0,7,,0,2,1,1,A01
201900016212,0,33,,0,2,7,1,B01
201900016213,1,7,,0,0,2,2,A01
201900016213,1,2,,0,0,6,2,B01
201900016214,2,7,,0,2,1,1,A01
201900016214,2,7,,0,2,4,23,B01
201900016214,2,7,,0,2,2,23,C01
201900016214,2,7,,0,2,1,1,D01
201900016215,1,7,,0,2,1,1,B01
201900016215,3,50,,0,2,8,19,A01
201900016216,0,7,,6,0,1,14,A01
201900016217,0,7,,8,0,2,14,A01
201900016218,2,7,,4,0,3,13,A01
201900016219,2,7,,0,2,1,2,A01
201900016219,2,7,,0,2,6,2,B01
201900016220,1,7,,0,2,1,2,A01
201900016220,1,7,,0,2,4,2,B01
201900016220,1,7,,0,2,4,2,C01
201900016221,3,7,,0,1,1,1,A01
201900016222,3,7,,0,2,1,0,A01
201900016222,3,7,,0,2,3,0,B01
201900016223,1,7,,0,2,2,15,A01
201900016223,2,1,,0,2,0,1,B01
201900016224,2,1,,0,2,1,19,B01
201900016224,1,7,,0,2,1,16,Z01
201900016225,1,7,,0,2,1,1,B01
201900016225,1,31,,0,2,8,16,A01
201900016226,2,1,,0,2,1,1,B01
201900016226,1,7,,0,2,1,16,A01
201900016227,1,7,,0,1,1,1,A01
201900016228,1,7,,0,2,7,16,A01
201900016228,2,1,,0,2,8,1,B01
201900016229,2,7,,0,2,6,13,B01
201900016229,2,31,,0,2,7,11,A01
201900016230,1,7,,0,1,1,15,A01
201900016231,0,2,,8,0,1,26,A01
201900016232,1,1,,0,2,1,1,B01
201900016232,2,7,,0,2,3,15,A01
201900016233,3,10,,0,2,1,1,B01
201900016233,0,10,,0,2,2,15,A01
201900016234,1,7,,0,1,7,1,A01
201900016235,2,7,,0,1,3,16,A01
201900016236,2,7,,0,2,1,2,A01
201900016236,2,7,,0,0,0,0,B01
201900016237,2,10,,0,2,3,1,A01
201900016237,1,2,,0,2,1,1,B01
201900016238,1,7,,13,0,1,1,A01
201900016239,1,60,,0,2,1,19,B01
201900016239,1,7,,0,2,2,1,A01
201900016240,1,1,,0,0,0,1,A01
201900016241,1,1,,0,1,7,25,A01
201900016242,2,50,,8,0,1,1,A01
201900016243,1,2,,12,0,2,1,A01
201900016244,1,7,,1,0,2,20,A01
201900016245,1,7,,0,2,1,1,A01
201900016245,2,1,,0,2,1,5,B01
201900016246,2,2,,1,0,1,18,A01
201900016247,2,7,,0,2,1,15,A01
201900016247,1,32,,0,2,1,1,B01
201900016248,2,7,,0,1,1,1,A01
201900016249,0,7,,0,1,0,1,Z01
201900016250,1,7,,0,1,7,1,A01
201900016251,1,7,,0,1,7,1,A01
201900016252,1,7,,0,2,1,1,A01
201900016252,1,7,,0,2,4,1,B01
201900016253,2,7,,0,2,1,2,A01
201900016253,2,38,1.0,0,2,4,1,B01
201900016254,2,33,,0,2,0,12,A01
201900016254,1,7,,0,2,3,9,B01
201900016254,1,7,,0,2,1,23,C01
201900016255,2,10,,0,2,1,1,A01
201900016255,2,7,,0,2,4,1,B01
201900016255,2,7,,0,2,4,1,C01
201900016256,1,7,,0,2,1,1,A01
201900016256,1,33,,0,2,4,1,B01
201900016257,1,33,,0,2,1,1,B01
201900016257,2,7,,0,2,7,15,A01
201900016258,3,7,,0,6,8,10,A01
201900016258,1,33,,0,2,1,1,B01
201900016259,0,7,,0,2,2,15,A01
201900016259,0,7,,0,2,1,1,B01
201900016260,0,7,,0,2,5,1,B01
201900016260,0,7,,0,2,1,1,A01
201900016261,2,7,,1,0,2,14,A01
201900016262,1,7,,0,2,0,14,A01
201900016262,1,1,,0,2,8,1,B01
201900016263,0,7,,0,2,1,1,B01
201900016263,1,7,,0,2,3,19,A01
201900016264,1,7,,0,2,5,2,C01
201900016264,1,7,,0,2,4,2,B01
201900016264,1,7,,0,6,4,21,A01
201900016265,2,33,,0,0,0,17,A01
201900016266,3,7,,0,2,8,0,B01
201900016266,3,7,,0,2,3,15,A01
201900016267,3,7,,0,2,3,9,A01
201900016267,3,17,,0,2,1,1,B01
201900016268,2,7,,6,0,3,26,A01
201900016269,1,7,,0,1,5,26,A01
201900016270,2,10,,0,2,1,2,A01
201900016270,2,7,,0,2,4,23,B01
201900016271,1,7,,0,1,1,1,A01
201900016272,1,32,,0,0,7,1,A01
201900016273,1,7,,0,2,7,26,B01
201900016273,1,2,,0,2,1,1,A01
201900016274,1,7,,0,2,3,15,A01
201900016274,1,37,1.0,0,2,3,1,B01
201900016275,1,7,,0,2,3,1,B01
201900016275,1,7,,0,2,2,1,A01
201900016276,1,37,1.0,0,1,1,1,A01
201900016277,3,10,,0,1,2,9,A01
201900016278,3,7,,7,0,1,13,A01
201900016279,2,7,,0,2,3,9,A01
201900016279,2,80,,0,2,7,1,B01
201900016280,3,7,,0,1,3,13,A01
201900016281,1,7,,0,2,8,10,B01
201900016281,2,33,,0,2,1,1,A01
201900016282,1,35,,1,2,7,2,A01
201900016282,1,7,,1,0,8,0,B01
201900016283,1,7,,1,2,7,10,A01
201900016283,1,31,,14,2,2,2,B01
201900016284,0,2,,0,2,1,1,B01
201900016284,0,7,,0,2,7,24,C01
201900016284,0,7,,0,2,5,15,A01
201900016285,0,7,,0,2,1,2,A01
201900016285,0,7,,1,2,1,2,B01
201900016286,3,7,,9,1,5,1,A01
201900016287,1,7,,0,2,1,2,A01
201900016287,1,7,,0,2,4,2,B01
201900016288,2,7,,0,2,1,15,A01
201900016288,2,1,,0,2,7,1,B01
201900016289,1,1,,0,0,1,1,A01
201900016290,1,7,,0,1,1,1,A01
201900016291,1,20,,0,2,3,0,A01
201900016291,1,7,,0,2,9,11,B01
201900016292,1,30,,0,0,0,0,A01
201900016293,1,1,,0,0,0,26,A01
201900016294,0,7,,0,1,5,26,A01
201900016295,3,7,,6,0,1,14,A01
201900016296,3,1,,0,0,1,1,A01
201900016297,1,15,,0,1,7,1,A01
201900016298,3,7,,0,2,3,1,A01
201900016298,3,7,,0,2,3,1,B01
201900016299,3,10,,0,2,2,1,A01
201900016299,3,7,,0,2,3,1,B01
201900016300,1,34,,0,1,1,1,A01
201900016301,2,30,,0,2,1,1,A01
201900016301,1,7,,0,2,3,15,B01
201900016302,2,7,,0,1,2,1,A01
201900016303,0,7,,0,1,1,1,A01
201900016304,2,7,,0,2,7,23,A01
201900016304,2,1,,1,0,1,1,B01
201900016305,1,7,,0,1,2,1,A01
201900016306,1,7,,0,2,2,15,A01
201900016306,1,31,,0,2,1,1,B01
201900016307,1,10,,0,2,3,2,A01
201900016307,0,7,,0,2,1,2,B01
201900016308,2,7,,0,1,2,9,A01
201900016309,1,7,,5,0,3,1,A01
201900016310,2,7,,0,2,6,15,B01
201900016310,2,33,,0,2,1,1,A01
201900016311,1,10,,0,2,1,19,B01
201900016311,1,7,,0,2,2,19,A01
201900016312,2,7,,0,2,4,2,A01
201900016312,2,7,,0,2,1,2,C01
201900016312,2,7,,0,0,9,2,B01
201900016313,1,7,,0,2,3,13,A01
201900016313,2,10,,0,2,3,26,B01
201900016314,2,7,,0,2,5,1,D01
201900016314,2,7,,0,2,5,23,B01
201900016314,2,17,,0,2,1,1,C01
201900016314,2,7,,0,0,0,0,A01
201900016315,2,99,,0,2,0,19,B01
201900016315,2,7,,0,2,0,1,A01
201900016316,3,3,,0,2,8,1,B01
201900016316,3,3,,0,2,1,1,A01
201900016317,1,10,,0,2,1,1,A01
201900016317,2,7,,0,2,8,15,B01
201900016318,2,7,,0,2,3,15,B01
201900016318,1,37,1.0,0,2,2,1,A01
201900016319,1,7,,0,2,3,1,A01
201900016319,1,32,,0,2,7,1,B01
201900016320,1,7,,0,2,6,2,B01
201900016320,1,34,,0,2,6,2,A01
201900016321,0,31,,0,0,8,26,A01