Num_Acc,senc,catv,occutc,obs,obsm,choc,manv,num_veh
201900016322,1,7,,0,2,0,1,A01
201900016322,1,7,,0,2,0,0,B01
201900016323,0,7,,0,2,2,2,A01
201900016323,0,32,,0,2,1,2,B01
201900016324,3,7,,0,2,1,1,A01
201900016324,3,7,,0,2,3,15,B01
201900016325,1,7,,0,2,4,21,A01
201900016325,1,7,,0,2,1,2,B01
201900016326,2,7,,0,0,5,2,B01
201900016326,2,2,,0,2,1,26,A01
201900016327,3,7,,0,6,1,1,A01
201900016327,3,7,,0,2,4,1,B01
201900016328,3,7,,4,0,1,1,A01
201900016329,3,7,,0,1,2,9,A01
201900016330,3,7,,0,2,7,17,A01
201900016330,3,1,,0,2,8,2,B01
201900016331,3,1,,0,2,1,15,A01
201900016331,3,7,,0,2,3,2,B01
201900016332,1,33,,0,0,7,1,A01
201900016333,-1,7,,-1,-1,-1,-1,C01
201900016333,-1,7,,-1,-1,-1,-1,D01
201900016334,3,1,,0,2,7,1,B01
201900016334,3,7,,0,2,1,9,A01
201900016335,2,10,,0,1,3,1,B01
201900016335,2,33,,0,1,1,1,A01
201900016336,1,13,,0,1,1,1,A01
201900016337,1,35,,0,2,8,1,A01
201900016337,1,7,,0,2,7,0,B01
201900016338,3,7,,0,2,5,1,D01
201900016338,3,7,,0,2,3,1,B01
201900016338,3,10,,0,2,8,1,C01
201900016338,3,32,,0,1,1,3,A01
201900016339,3,37,1.0,0,2,3,1,B01
201900016339,3,7,,0,2,3,1,A01
201900016340,2,32,,0,1,1,17,A01
201900016341,1,7,,1,0,2,5,A01
201900016342,2,33,,0,2,7,23,A01
201900016342,2,7,,0,2,7,0,B01
201900016343,2,34,,0,2,0,0,B01
201900016343,2,7,,0,2,0,0,A01
201900016344,2,7,,0,1,1,15,A01
201900016345,2,10,,1,1,2,1,A01
201900016346,3,7,,0,1,3,1,A01
201900016347,1,7,,0,2,2,9,A01
201900016347,1,32,,0,2,7,0,B01
201900016348,3,30,,0,2,8,1,A01
201900016348,3,7,,0,2,6,26,B01
201900016349,1,7,,0,2,1,1,A01
201900016349,1,7,,15,2,8,1,B01
201900016350,1,32,,0,2,1,2,B01
201900016350,1,7,,0,2,5,23,A01
201900016351,2,7,,0,2,5,1,B01
201900016351,1,7,,0,1,1,9,A01
201900016352,3,7,,0,2,1,0,A01
201900016352,3,7,,0,2,1,0,B01
201900016353,3,7,,11,0,1,15,A01
201900016354,3,7,,0,2,5,15,A01
201900016354,3,2,,0,2,5,0,B01
201900016355,0,31,,0,1,1,3,A01
201900016356,0,7,,0,2,4,16,A01
201900016356,0,7,,0,2,9,21,B01
201900016357,1,7,,0,2,7,26,A01
201900016357,0,7,,0,2,8,26,B01
201900016358,0,7,,0,1,1,15,A01
201900016359,1,33,,0,0,8,9,A01
201900016360,1,7,,4,0,3,13,A01
201900016361,1,7,,3,2,1,1,A01
201900016361,1,7,,0,2,4,2,B01
201900016362,2,32,,0,0,9,16,A01
201900016363,1,7,,3,0,1,21,A01
201900016364,1,7,,3,0,3,13,A01
201900016365,1,7,,4,0,1,14,A01
201900016366,2,7,,4,2,1,1,A01
201900016367,1,7,,0,2,4,1,A01
201900016367,1,10,,0,2,1,12,B01
201900016368,2,7,,3,0,0,26,A01
201900016369,1,10,,0,2,2,16,A01
201900016369,1,1,,0,2,8,1,B01
201900016370,1,7,,0,1,1,1,A01
201900016371,3,33,,16,0,0,1,A01
201900016372,3,31,,0,2,8,1,A01
201900016372,3,7,,0,2,3,15,A01
201900016373,3,7,,-1,2,4,1,B01
201900016373,3,7,,-1,2,1,1,A01
201900016374,1,30,,0,2,7,26,B01
201900016374,3,7,,0,6,3,9,A01
201900016375,0,10,,0,2,1,1,C01
201900016375,0,7,,0,2,1,1,B01
201900016375,3,10,,0,2,1,13,A01
201900016376,1,10,,0,1,1,15,A01
201900016377,1,34,,0,2,1,26,A01
201900016377,1,10,,0,2,6,20,B01
201900016378,3,7,,8,0,1,13,A01
201900016379,2,10,,0,2,1,1,A01
201900016379,2,10,,0,2,5,1,B01
201900016380,3,31,,0,2,2,1,B01
201900016380,3,7,,0,2,3,15,A01
201900016381,3,7,,0,2,7,10,A01
201900016381,3,7,,0,2,1,26,B01
201900016382,1,30,,0,2,7,1,B01
201900016382,3,10,,0,2,1,26,A01
201900016383,1,7,,0,1,2,26,L01
201900016384,1,7,,6,0,1,26,A01
201900016385,3,1,,8,0,1,1,A01
201900016386,1,31,,0,2,1,1,B01
201900016386,2,10,,0,2,2,15,A01
201900016387,3,10,,0,1,1,1,A01
201900016388,2,1,,14,0,1,26,A01
201900016389,3,10,,0,2,1,1,C01
201900016389,3,7,,0,2,8,1,B01
201900016389,3,10,,0,2,1,13,A01
201900016390,1,7,,0,2,1,26,A01
201900016390,2,7,,0,2,1,1,B01
201900016390,1,7,,0,2,1,1,C01
201900016391,2,1,,14,2,3,21,B01
201900016392,0,1,,0,0,3,1,B01
201900016392,0,7,,0,2,1,15,A01
201900016393,1,3,,0,2,1,1,B01
201900016393,1,3,,0,2,2,15,A01
201900016394,2,1,,0,2,6,0,B01
201900016394,1,30,,0,2,4,14,A01
201900016395,2,30,,0,2,6,1,A01
201900016395,2,32,,0,2,7,1,B01
201900016396,1,30,,0,2,1,3,A01
201900016396,1,7,,0,6,6,1,C01
201900016396,2,14,,0,2,8,1,B01
201900016397,2,2,,5,2,5,21,B01
201900016397,2,7,,14,2,3,26,A01
201900016398,1,7,,0,2,6,5,A01
201900016398,2,30,,0,2,1,5,B01
201900016399,1,30,,0,1,1,1,A01
201900016400,1,7,,15,0,1,1,A01
201900016401,1,31,,0,2,1,9,A01
201900016401,1,37,1.0,0,2,3,9,B01
201900016402,1,7,,0,2,4,1,B01
201900016402,1,32,,0,2,1,2,A01
201900016403,1,7,,0,2,1,1,A01
201900016403,1,7,,0,2,4,2,B01
201900016403,1,7,,0,2,4,0,C01
201900016403,1,7,,0,2,4,2,D01
201900016404,3,10,,0,2,1,2,D01
201900016404,3,7,,0,2,4,2,C01
201900016404,3,10,,0,2,4,2,B01
201900016404,3,7,,0,2,4,2,A01
201900016405,1,7,,0,2,5,15,A01
201900016405,2,1,,0,2,1,26,B01
201900016406,3,7,,0,1,2,17,A01
201900016407,2,30,,0,0,7,1,A01
201900016408,2,7,,0,2,1,1,B01
201900016408,2,7,,0,2,4,9,A01
201900016409,2,33,,0,2,7,1,B01
201900016409,1,10,,0,2,1,19,A01
201900016410,3,30,,0,0,0,15,A01
201900016411,2,1,,0,2,1,0,B01
201900016411,1,2,,0,2,2,0,A01
201900016412,2,30,,1,2,1,21,A01
201900016412,1,10,,0,2,1,15,B01
201900016413,0,7,,0,2,1,2,A01
201900016413,0,7,,0,2,1,2,B01
201900016413,0,7,,0,2,4,2,C01
201900016414,3,7,,0,2,7,1,B01
201900016415,3,7,,0,2,1,5,A01
201900016415,3,7,,0,2,1,1,B01
201900016416,2,10,,0,2,2,12,A01
201900016416,2,31,,0,2,8,1,B01
201900016417,1,7,,0,1,1,1,A01
201900016418,2,7,,0,2,4,2,B01
201900016418,2,7,,0,2,1,2,A01
201900016419,1,7,,0,2,8,1,B01
201900016419,2,33,,1,2,2,9,A01
201900016420,2,10,,0,2,8,1,B01
201900016420,1,7,,1,2,1,14,A01
201900016421,2,7,,12,1,6,10,A01
201900016422,2,10,,0,1,1,1,A01
201900016423,0,7,,0,2,4,1,D01
201900016423,0,7,,0,2,4,1,C01
201900016423,0,7,,0,2,4,1,B01
201900016423,0,7,,0,2,1,1,A01
201900016424,1,7,,0,2,4,1,B01
201900016424,1,7,,0,2,1,1,A01
201900016425,3,1,,0,2,4,19,Y01
201900016425,3,7,,0,2,1,15,A01
201900016426,3,7,,0,2,1,0,B01
201900016426,3,32,,0,2,8,15,A01
201900016427,1,7,,0,1,4,20,A01
201900016428,1,1,,0,2,6,2,B01
201900016428,1,7,,0,2,2,2,A01
201900016429,2,1,,0,2,1,1,A01
201900016429,1,7,,0,2,2,15,B01
201900016430,3,7,,0,9,1,9,B01
201900016430,1,20,,0,2,4,9,A01
201900016431,2,7,,0,2,2,1,B01
201900016431,1,7,,0,2,3,15,A01
201900016432,2,7,,0,1,0,1,Z01
201900016433,2,7,,0,2,1,1,A01
201900016433,2,7,,0,2,4,1,B01
201900016434,1,7,,0,2,1,1,B01
201900016434,1,7,,0,2,1,13,A01
201900016435,1,2,,0,2,1,1,B01
201900016435,1,16,,0,2,2,15,A01
201900016436,3,37,1.0,4,0,3,1,A01
201900016437,1,7,,0,2,1,2,B01
201900016437,1,7,,0,2,3,15,A01
201900016438,0,7,,0,2,7,23,A01
201900016438,3,1,,0,2,1,18,Y01
201900016439,3,15,,0,0,0,26,A01
201900016440,2,7,,2,0,1,26,A01
201900016441,2,7,,14,0,1,1,F01
201900016441,2,7,,0,2,0,1,B01
201900016441,2,7,,14,0,1,1,G01
201900016441,2,7,,14,0,0,1,E01
201900016441,2,7,,14,0,1,1,D01
201900016441,2,17,,14,0,1,1,C01
201900016441,2,43,,13,0,1,14,A01
201900016442,1,7,,0,2,3,1,A01
201900016443,2,7,,0,2,2,15,B01
201900016443,1,7,,0,2,3,1,A01
201900016444,1,7,,1,0,1,13,A01
201900016445,1,7,,0,1,1,1,Z01
201900016446,1,7,,0,1,1,15,A01
201900016447,1,7,,0,2,1,16,A01
201900016447,1,7,,0,2,1,15,B01
201900016448,1,7,,0,1,1,15,A01
201900016449,1,7,,0,1,2,1,A01
201900016450,0,7,,0,2,3,1,B01
201900016450,0,10,,0,2,2,1,A01
201900016451,0,7,,0,2,1,1,B01
201900016451,0,16,,0,2,7,13,A01
201900016452,1,2,,0,2,1,1,A01
201900016452,1,7,,0,2,3,20,B01
201900016453,0,7,,0,2,1,1,B01
201900016453,0,7,,0,2,1,15,A01
201900016454,1,30,,0,2,0,2,A01
201900016454,1,30,,0,2,9,2,B01
201900016455,1,2,,0,2,8,19,B01
201900016455,1,7,,0,2,3,15,A01
201900016456,1,7,,8,0,7,19,A01
201900016457,0,10,,9,2,7,15,A01
201900016457,0,7,,0,2,1,2,B01
201900016458,2,13,,9,0,7,1,A01
201900016459,1,7,,0,2,5,15,A01
201900016459,2,2,,0,2,1,1,B01
201900016460,2,7,,0,2,6,15,A01
201900016460,1,33,,0,2,3,17,B01
201900016461,2,1,,0,2,4,1,B01
201900016461,2,7,,0,2,2,1,A01
201900016462,0,2,,5,0,1,0,A01
201900016463,1,32,,0,2,3,1,A01
201900016463,1,17,,0,2,5,12,B01
201900016464,3,7,,0,1,4,4,A01
201900016465,3,30,,0,0,0,21,A01
201900016465,3,7,,0,0,0,21,B01
201900016466,2,10,,0,2,1,1,A01
201900016466,2,7,,0,2,4,1,B01
201900016467,1,7,,0,1,1,15,A01
201900016468,3,7,,13,2,1,21,A01
201900016468,0,1,,0,0,0,0,B01
201900016469,2,7,,0,2,1,9,B01
201900016469,3,1,,0,2,7,1,A01
201900016470,3,7,,0,1,1,1,A01
201900016471,3,7,,0,2,1,15,B01
201900016471,3,7,,0,2,3,1,A01
201900016472,2,7,,0,2,3,1,B01
201900016472,1,7,,0,2,3,13,A01
201900016473,0,30,,0,2,8,9,A01
201900016473,0,7,,0,2,1,1,B01
201900016474,2,32,,0,2,8,3,B01
201900016474,2,7,,0,2,7,12,A01
201900016475,1,10,,4,2,2,12,A01
201900016475,1,7,,0,2,8,1,B01
201900016475,1,7,,0,2,8,1,C01
201900016475,1,7,,0,2,8,1,D01
201900016476,1,33,,0,2,1,1,A01
201900016476,2,7,,0,2,5,1,B01
201900016477,1,1,,0,2,1,5,B01
201900016477,2,10,,0,2,1,1,A01
201900016478,1,7,,0,2,7,16,A01
201900016478,1,32,,0,2,8,1,B01
201900016479,2,7,,0,2,1,2,A01
201900016479,2,7,,0,2,4,23,B01
201900016480,2,7,,0,1,1,1,Z01
201900016481,1,33,,0,2,1,17,B01
201900016481,1,10,,0,2,3,10,A01
201900016482,1,7,,0,2,5,23,A01
201900016482,1,30,,0,2,1,2,B01
201900016483,1,7,,0,1,2,1,A01
201900016484,1,50,,0,2,1,25,A01
201900016484,2,7,,0,2,8,16,B01
201900016485,1,3,,0,1,1,15,A01
201900016486,2,7,,2,0,3,16,A01
201900016487,2,7,,0,1,1,15,A01
201900016488,2,32,,0,2,1,1,A01
201900016489,1,10,,0,2,6,1,A01
201900016489,3,32,,0,0,7,0,B01
201900016490,2,7,,0,2,6,15,B01
201900016490,2,7,,0,2,3,15,A01
201900016491,1,7,,0,1,2,16,Z01
201900016492,1,7,,0,2,1,0,A01
201900016492,1,50,,0,2,0,0,B01
201900016493,2,7,,0,2,1,1,B01
201900016493,1,7,,14,0,2,15,A01
201900016494,3,7,,0,1,1,1,A01
201900016495,2,7,,0,2,1,15,A01
201900016495,1,2,,0,2,1,1,B01
201900016496,1,20,,0,2,5,11,A01
201900016496,1,33,,0,2,1,1,B01
201900016497,1,7,,0,2,4,23,A01
201900016497,1,7,,1,0,1,1,B01
201900016498,2,37,1.0,0,1,2,26,A01
201900016499,1,10,,0,1,8,15,A01
201900016500,1,3,,0,1,2,17,A01
201900016501,3,7,,0,2,6,15,A01
201900016501,1,10,,0,2,6,17,B01
201900016502,0,0,,0,2,2,19,Y01
201900016502,1,10,,0,1,2,26,A01
201900016503,3,30,,0,6,1,26,Z01
201900016503,3,1,,0,2,1,1,B01
201900016504,2,50,,0,2,1,1,Y01
201900016504,1,30,,0,2,1,17,Z01
201900016505,2,7,,0,2,1,13,A01
201900016505,1,33,,0,2,3,1,B01
201900016506,3,7,,0,2,1,19,A01
201900016506,3,7,,0,2,1,1,B01
201900016507,3,2,,0,2,8,15,A01
201900016507,3,33,,0,2,1,0,B01
201900016508,1,7,,2,0,3,14,A01
201900016509,0,15,,0,2,3,1,A01
201900016509,0,7,,0,2,3,13,B01
201900016510,2,7,,0,1,5,1,A01
201900016511,1,7,,0,2,1,1,B01
201900016511,2,7,,0,2,8,17,A01
201900016512,1,30,,0,2,5,2,B01
201900016512,1,7,,0,2,2,17,A01
201900016513,1,7,,14,0,1,2,C01
201900016513,1,7,,14,0,1,2,B01
201900016513,1,7,,4,0,7,0,A01
201900016514,2,17,,0,2,2,1,B01
201900016514,2,7,,0,2,6,9,A01
201900016515,1,7,,0,0,8,15,A01
201900016515,2,13,,0,0,3,1,B01
201900016516,2,7,,0,0,7,1,B01
201900016516,2,7,,0,2,1,10,A01
201900016517,2,7,,0,2,5,15,B01
201900016517,2,7,,0,2,3,1,A01
201900016518,1,7,,2,0,1,0,A01
201900016519,3,7,,0,2,3,9,A01
201900016519,3,7,,0,2,6,1,B01
201900016520,3,7,,0,2,1,5,A01
201900016520,3,7,,0,2,1,2,B01
201900016521,0,7,,13,0,8,1,A01
201900016522,1,7,,0,1,2,1,A01
201900016523,1,33,,0,0,1,1,A01
201900016524,0,7,,2,0,0,11,A01
201900016525,1,2,,0,0,9,1,A01
201900016526,1,7,,0,2,3,1,B01
201900016526,1,7,,15,2,7,17,A01
201900016527,3,7,,0,2,1,19,A01
201900016527,2,2,,0,0,7,1,B01
201900016528,0,7,,0,2,1,19,A01
201900016528,0,33,,0,2,7,2,B01
201900016529,2,7,,0,2,1,1,B01
201900016529,1,10,,0,2,7,1,A01
201900016530,1,7,,2,0,1,6,A01
201900016531,0,2,,0,2,1,1,B01
201900016531,0,7,,0,2,5,11,A01
201900016532,1,7,,14,0,1,2,D01
201900016532,1,7,,14,0,1,2,C01
201900016532,1,7,,14,0,1,2,B01
201900016532,1,7,,0,0,4,0,A01
201900016533,2,7,,3,0,4,23,A01
201900016533,2,7,,0,2,1,0,B01
201900016533,2,7,,3,0,2,21,C01
201900016534,3,80,,0,2,1,2,B01
201900016534,3,7,,0,2,4,23,A01
201900016535,2,7,,6,0,2,1,A01
201900016536,1,2,,0,1,1,1,A01
201900016537,1,7,,0,1,2,1,A01
201900016538,2,7,,0,2,1,1,C01
201900016538,2,7,,0,2,4,1,B01
201900016538,2,7,,0,0,4,23,A01
201900016539,3,7,,0,1,3,1,A01
201900016540,2,2,,0,2,5,15,B01
201900016540,1,7,,0,2,1,9,A01
201900016541,2,7,,8,0,1,1,A01
201900016542,1,38,2.0,0,2,3,1,A01
201900016542,2,14,,0,2,8,1,B01
201900016542,1,7,,14,0,1,1,C01
201900016543,1,7,,0,2,1,5,A01
201900016543,2,7,,0,2,1,1,B01
201900016544,2,33,,0,0,7,1,A01
201900016545,1,7,,2,0,2,14,A01
201900016546,1,7,,17,0,1,0,A01
201900016547,3,50,,0,2,1,5,B01
201900016547,3,7,,0,2,2,16,A01
201900016548,2,7,,0,2,8,1,C01
201900016548,2,7,,0,2,4,17,B01
201900016548,2,7,,0,2,1,1,A01
201900016549,2,7,,0,2,6,1,A01
201900016549,2,33,,0,2,1,1,B01
201900016550,1,7,,0,2,3,1,B01
201900016550,1,7,,0,0,5,11,A01
201900016551,2,7,,0,2,4,2,A01
201900016551,2,7,,0,2,1,2,B01
201900016552,1,7,,0,2,4,1,A01
201900016552,1,7,,0,2,1,2,B01
201900016553,1,34,,0,2,2,21,B01
201900016553,1,7,,0,2,6,12,A01
201900016554,1,7,,0,2,3,5,A01
201900016554,2,7,,0,2,4,21,B01
201900016554,2,7,,0,2,8,21,C01
201900016554,2,7,,0,2,8,21,D01
201900016554,2,7,,0,2,8,21,E01
201900016554,2,7,,0,2,1,1,F01
201900016554,2,7,,0,2,1,1,G01
201900016555,1,33,,4,2,3,6,B01
201900016555,1,7,,0,2,6,1,A01
201900016556,2,7,,0,6,1,23,B01
201900016556,2,7,,3,2,1,1,A01
201900016557,1,7,,0,2,4,2,B01
201900016557,1,7,,0,2,1,2,A01
201900016558,2,10,,4,0,1,14,A01
201900016559,2,33,,0,2,1,3,A01
201900016559,2,7,,0,2,4,11,B01
201900016560,2,7,,0,2,7,12,A01
201900016560,2,7,,0,2,4,2,D01
201900016560,2,7,,0,2,5,2,C01
201900016560,2,17,,0,2,8,1,B01
201900016561,2,33,,13,0,2,1,A01
201900016561,2,7,,13,2,0,11,Z01
201900016562,1,7,,12,2,8,11,A01
201900016562,1,15,,0,2,2,2,B01
201900016563,2,7,,0,2,6,11,A01
201900016563,2,33,,0,2,1,3,B01
201900016564,1,10,,14,0,1,1,A01
201900016565,1,7,,4,0,3,1,A01
201900016566,1,7,,3,0,3,1,A01
201900016567,2,14,,0,2,1,1,A01
201900016568,2,7,,0,2,1,2,A01
201900016568,2,7,,0,2,4,2,B01
201900016568,2,7,,0,2,4,2,C01
201900016569,2,33,,0,2,1,3,A01
201900016569,2,10,,0,2,6,1,B01
201900016570,1,7,,0,2,4,2,C01
201900016570,1,10,,0,2,4,2,B01
201900016570,1,10,,0,2,1,2,A01
201900016571,1,33,,4,0,8,1,A01
201900016572,3,20,,0,1,3,26,A01
201900016573,2,7,,0,2,8,19,A01
201900016573,2,7,,0,2,1,1,B01
201900016574,1,7,,0,2,8,1,B01
201900016574,1,7,,0,2,1,19,A01
201900016575,1,2,,0,2,1,2,B01
201900016575,1,7,,0,2,5,16,A01
201900016576,1,7,,0,2,2,0,B01
201900016576,1,7,,0,2,1,5,A01
201900016577,1,10,,0,2,1,16,A01
201900016577,3,1,,0,2,7,1,B01
201900016578,2,7,,0,2,3,2,A01
201900016578,1,7,,0,2,5,23,B01
201900016578,2,7,,0,2,6,2,C01
201900016579,1,7,,0,2,6,1,B01
201900016579,1,7,,0,2,2,9,A01
201900016580,2,7,,0,1,2,1,A01
201900016581,1,7,,0,2,4,2,B01
201900016581,1,7,,0,2,1,21,C01
201900016581,1,7,,0,2,0,0,D01
201900016581,1,7,,0,2,9,17,A01
201900016582,1,7,,0,0,0,0,A01
201900016582,1,7,,0,0,0,0,B01
201900016583,1,7,,0,2,1,15,A01
201900016583,1,2,,0,2,1,1,B01
201900016584,2,33,,0,2,1,1,B01
201900016584,1,7,,0,2,7,15,A01
201900016585,1,7,,0,2,8,15,A01
201900016585,1,38,1.0,0,2,1,1,B01
201900016586,3,7,,0,2,1,2,A01
201900016586,3,7,,0,2,4,1,B01
201900016587,2,7,,0,0,1,0,B01
201900016587,2,7,,0,0,0,26,A01
201900016588,2,7,,0,2,2,15,A01
201900016588,1,33,,0,2,1,1,B01
201900016589,1,7,,4,0,3,26,A01
201900016590,1,33,,16,0,8,0,A01
201900016591,1,7,,3,0,3,15,A01
201900016592,1,7,,0,2,1,1,A01
201900016592,1,7,,0,2,4,1,B01
201900016593,2,7,,3,2,3,1,A01
201900016593,2,0,,0,2,0,0,Z01
201900016594,2,7,,0,2,4,23,B01
201900016594,2,7,,1,0,1,2,A01
201900016595,2,7,,0,2,2,23,B01
201900016595,2,33,,1,0,1,3,A01
201900016596,1,7,,0,2,4,2,A01
201900016596,1,7,,0,2,1,2,Z01
201900016597,1,21,,0,2,8,1,B01
201900016597,2,3,,0,2,8,1,A01
201900016598,2,30,,0,2,1,1,A01
201900016598,2,7,,0,2,8,1,B01
201900016599,2,7,,0,1,1,1,A01
201900016599,3,99,,0,2,8,19,B01
201900016600,1,10,,0,2,4,2,B01
201900016600,1,10,,0,2,1,2,A01
201900016601,0,7,,1,0,4,0,B01
201900016601,0,7,,1,0,1,26,A01
201900016602,1,7,,0,1,2,1,A01
201900016603,1,7,,0,1,1,1,A01
201900016604,1,3,,0,2,2,19,A01
201900016604,2,7,,0,2,2,1,B01
201900016605,1,7,,0,2,1,17,A01
201900016605,1,7,,0,2,4,1,B01
201900016606,1,2,,0,2,8,0,B01
201900016606,2,10,,0,2,3,15,A01
201900016607,2,33,,0,2,8,1,B01
201900016607,2,7,,0,2,0,0,A01
201900016608,1,7,,0,1,8,21,A01
201900016609,3,7,,0,2,1,1,B01
201900016609,3,7,,0,2,1,13,A01
201900016610,2,7,,15,0,1,0,A01
201900016611,1,7,,0,1,1,15,A01
201900016612,2,50,,0,2,0,0,A01
201900016612,1,7,,0,9,8,1,B01
201900016612,1,7,,0,0,0,0,T01
201900016613,2,7,,0,0,2,2,B01
201900016613,2,7,,0,0,0,0,A01
201900016614,1,7,,0,2,1,1,A01
201900016614,1,34,,0,2,4,23,B01
201900016614,1,7,,0,2,4,23,C01
201900016615,1,31,,0,2,1,17,A01
201900016615,1,7,,0,2,8,15,B01
201900016616,2,7,,0,2,6,4,B01
201900016616,1,30,,0,2,2,16,A01
201900016617,2,7,,0,2,3,13,A01
201900016617,1,7,,0,2,3,1,B01
201900016618,2,7,,0,2,7,12,A01
201900016618,2,31,,0,2,8,3,B01
201900016619,1,10,,0,2,1,2,A01
201900016619,1,7,,0,2,4,2,B01
201900016620,1,33,,0,0,8,1,A01
201900016621,1,7,,0,2,4,2,B01
201900016621,1,7,,0,2,1,12,A01
201900016622,1,30,,0,2,0,17,Z01
201900016622,1,30,,0,2,8,16,A01
201900016623,1,33,,0,1,1,16,Z01
201900016624,2,32,,0,2,5,17,A01
201900016624,2,7,,0,2,3,15,B01
201900016625,1,7,,0,2,0,16,Z01
201900016625,1,1,,0,2,3,1,A01
201900016626,2,7,,0,1,3,1,A01
201900016627,2,7,,0,2,2,1,B01
201900016627,1,30,,0,2,3,15,A01
201900016628,1,7,,0,1,3,1,A01
201900016629,1,7,,0,2,5,1,A01
201900016629,1,7,,0,2,1,1,B01
201900016630,1,7,,0,1,1,1,Z01
201900016631,2,1,,0,1,1,16,A01
201900016632,1,33,,11,0,1,14,A01
201900016633,1,7,,11,0,1,1,A01
201900016634,2,7,,0,2,4,23,B01
201900016634,2,1,,0,2,1,2,A01
201900016635,1,30,,0,2,8,1,A01
201900016635,2,33,,0,2,1,1,B01
201900016636,1,7,,0,2,4,23,B01
201900016636,1,7,,0,2,1,1,A01
201900016637,3,7,,4,0,0,0,A01
201900016638,1,33,,0,2,1,1,B01
201900016638,1,7,,0,2,3,15,A01
201900016639,1,7,,1,0,1,1,A01
201900016640,2,3,,0,2,1,10,A01
201900016640,1,31,,0,2,8,1,B01
201900016641,1,43,,0,2,1,13,B01
201900016641,2,7,,0,2,3,13,A01
201900016642,1,1,,0,2,0,0,V01
201900016642,2,7,,0,1,2,2,B01
201900016643,3,7,,0,1,4,4,A01
201900016644,3,10,,0,1,2,1,A01
201900016645,2,7,,0,2,1,15,B01
201900016645,1,30,,14,2,9,1,A01
201900016646,1,7,,0,2,3,1,B01
201900016646,2,2,,0,2,1,13,A01
201900016647,1,7,,0,1,2,1,A01
201900016648,0,7,,15,0,0,2,A01
201900016649,3,7,,6,0,1,0,A01
201900016650,1,10,,0,2,2,26,B01
201900016650,1,10,,0,0,6,23,A01
201900016651,2,7,,3,0,2,1,A01
201900016652,2,7,,0,0,7,2,B01
201900016652,2,7,,3,2,3,2,A01
201900016653,1,7,,0,2,2,17,A01
201900016653,1,7,,0,2,8,15,B01
201900016654,1,14,,0,2,6,1,B01
201900016654,2,7,,13,2,3,13,A01
201900016655,2,7,,0,2,1,19,B01
201900016655,2,7,,0,0,8,1,A01
201900016656,0,7,,0,2,2,1,A01
201900016656,3,7,,0,2,1,19,B01
201900016657,2,7,,0,2,6,24,C01
201900016657,2,7,,0,2,8,24,B01
201900016657,2,7,,1,0,2,1,A01
201900016658,1,7,,0,2,1,1,B01
201900016658,2,7,,0,2,1,5,A01
201900016659,2,13,,0,2,2,2,A01
201900016659,2,1,,0,2,4,2,B01
201900016660,0,7,,0,1,1,1,A01
201900016661,1,33,,0,2,3,17,A01
201900016661,2,7,,0,2,3,2,B01
201900016662,1,7,,2,0,1,1,A01
201900016663,2,7,,0,2,1,1,B01
201900016663,1,7,,0,2,1,13,A01
201900016664,2,1,,0,2,1,2,B01
201900016664,2,2,,0,2,8,18,A01
201900016665,1,10,,0,1,2,1,A01
201900016666,1,7,,0,0,4,23,B01
201900016666,1,7,,0,2,1,1,A01
201900016667,2,7,,17,0,1,0,A01
201900016668,1,36,,0,0,0,1,A01
201900016669,0,7,,0,9,3,16,A01
201900016669,0,1,,0,2,2,1,B01
201900016670,0,7,,0,2,1,15,A01
201900016670,0,7,,0,2,1,26,B01
201900016671,1,14,,0,2,7,16,A01
201900016671,1,1,,0,2,0,18,B01
201900016672,2,7,,8,0,1,1,A01
201900016673,2,7,,17,0,1,2,A01
201900016674,3,31,,2,0,1,1,A01
201900016675,1,30,,0,2,7,2,A01
201900016675,1,7,,0,2,3,10,B01
201900016676,1,7,,0,2,3,15,B01
201900016676,1,2,,0,2,1,17,A01
201900016677,3,7,,6,0,2,0,A01
201900016678,1,7,,0,1,1,1,A01
201900016679,2,31,,0,1,1,1,A01
201900016680,1,7,,13,0,2,1,A01
201900016681,3,7,,0,1,1,1,A01
201900016682,2,7,,0,0,4,2,B01
201900016682,2,7,,0,2,1,2,A01
201900016683,3,0,,0,1,3,0,A01
201900016684,1,33,,13,0,2,1,A01
201900016685,1,10,,0,1,2,1,A01
201900016686,1,33,,0,0,0,1,A01
201900016687,1,7,,0,1,1,1,A01
201900016688,0,7,,0,0,8,0,A01
201900016689,2,7,,14,2,1,1,C01
201900016689,2,33,,14,2,4,23,B01
201900016689,2,7,,0,0,4,23,A01
201900016690,1,7,,0,2,1,1,B01
201900016690,2,7,,0,2,1,13,A01
201900016691,1,7,,0,2,4,1,A01
201900016691,1,7,,0,2,1,1,B01
201900016691,1,7,,0,2,1,1,C01
201900016692,2,30,,0,2,7,3,B01
201900016692,2,7,,0,2,8,13,A01
201900016693,2,7,,0,5,9,1,A01
201900016694,1,10,,0,2,4,2,A01
201900016694,1,13,,0,2,2,2,B01
201900016695,1,10,,0,2,1,1,D01
201900016695,1,7,,0,2,4,1,C01
201900016695,0,7,,0,2,1,1,B01
201900016695,1,13,,0,0,4,1,A01
201900016696,1,7,,0,1,3,21,A01
201900016697,2,7,,7,0,1,12,A01
201900016698,2,7,,0,2,1,2,A01
201900016698,2,7,,0,2,4,2,B01