Num_Acc,senc,catv,occutc,obs,obsm,choc,manv,num_veh
201900016698,2,7,,0,2,1,0,C01
201900016699,2,7,,0,0,9,0,A01
201900016700,0,33,,6,0,2,26,A01
201900016701,1,7,,0,2,3,1,A01
201900016701,1,7,,0,2,5,12,B01
201900016702,2,7,,0,2,1,2,A01
201900016702,2,7,,0,2,4,2,B01
201900016702,2,7,,0,2,4,2,C01
201900016703,1,7,,0,2,4,2,C01
201900016703,1,7,,0,2,4,2,B01
201900016703,1,7,,0,2,1,2,A01
201900016704,3,7,,4,0,3,1,A01
201900016705,3,7,,0,2,1,1,A01
201900016705,3,30,,0,2,7,1,B01
201900016706,3,33,,2,0,1,26,A01
201900016707,1,10,,0,1,1,1,A01
201900016708,2,14,,0,2,2,21,A01
201900016708,2,10,,0,0,3,23,B01
201900016709,0,7,,0,1,1,15,A01
201900016710,2,7,,0,1,1,1,A01
201900016711,1,50,,0,2,8,25,B01
201900016711,1,7,,0,2,1,26,A01
201900016712,2,7,,0,2,1,2,D01
201900016712,2,7,,0,2,4,2,C01
201900016712,2,7,,0,2,5,2,B01
201900016712,2,7,,0,2,4,1,A01
201900016713,1,33,,0,2,0,17,A01
201900016713,1,7,,0,2,8,11,B01
201900016714,3,32,,0,0,8,13,A01
201900016715,1,7,,0,1,2,1,A01
201900016716,2,7,,0,2,2,15,A01
201900016716,2,32,,0,2,1,1,B01
201900016717,1,7,,0,1,1,9,A01
201900016718,0,33,,0,2,0,0,B01
201900016718,1,7,,0,2,1,1,A01
201900016719,2,7,,0,1,1,1,A01
201900016720,2,7,,0,2,8,1,B01
201900016720,1,7,,0,2,1,1,A01
201900016721,3,40,,0,2,8,1,A01
201900016721,3,7,,0,4,1,15,B01
201900016722,3,7,,0,2,3,15,A01
201900016722,3,2,,0,2,8,1,B01
201900016723,2,7,,0,2,7,10,A01
201900016723,1,2,,0,2,1,1,B01
201900016724,3,7,,0,2,4,1,B01
201900016724,0,30,,0,2,1,1,A01
201900016725,1,1,,0,2,8,15,A01
201900016725,2,7,,0,9,1,1,B01
201900016726,2,7,,1,2,1,14,A01
201900016727,0,7,,0,2,1,1,A01
201900016727,0,7,,0,2,6,1,B01
201900016728,3,7,,0,2,1,1,B01
201900016728,3,7,,0,2,0,13,A01
201900016729,2,7,,1,0,6,9,A01
201900016729,2,32,,1,0,1,1,B01
201900016730,1,7,,8,0,1,13,A01
201900016731,3,7,,0,2,1,16,A01
201900016731,3,7,,0,2,5,16,B01
201900016732,1,7,,0,2,1,2,B01
201900016732,1,7,,0,2,2,2,A01
201900016733,1,10,,1,1,2,1,A01
201900016734,2,7,,0,1,4,4,A01
201900016735,1,7,,0,2,5,15,A01
201900016735,2,32,,0,2,1,1,B01
201900016736,2,7,,0,2,0,15,Z01
201900016736,1,32,,0,2,8,16,A01
201900016737,1,1,,0,2,1,1,B01
201900016737,1,7,,0,2,2,16,A01
201900016738,2,2,,0,2,0,1,B01
201900016738,1,7,,0,2,0,15,A01
201900016739,1,32,,0,2,8,1,B01
201900016739,1,7,,0,2,5,13,A01
201900016740,2,7,,0,2,3,14,A01
201900016740,2,1,,0,2,1,7,B01
201900016741,1,7,,0,2,7,22,Z01
201900016741,1,50,,0,2,1,7,A01
201900016742,1,50,,0,0,0,25,A01
201900016743,1,3,,8,2,2,1,B01
201900016743,3,3,,0,2,7,9,A01
201900016744,2,7,,0,2,2,1,A01
201900016744,2,7,,0,2,3,1,B01
201900016745,1,20,,0,1,4,20,A01
201900016746,1,7,,0,1,2,26,A01
201900016747,1,10,,0,2,4,23,A01
201900016747,3,10,,0,2,1,2,B01
201900016748,3,7,,0,1,2,16,A01
201900016749,3,7,,12,0,1,9,A01
201900016750,2,7,,0,1,0,1,Z01
201900016751,1,7,,1,0,2,2,A01
201900016752,2,7,,0,2,1,1,B01
201900016752,1,7,,0,2,3,13,A01
201900016753,2,7,,0,2,3,1,B01
201900016753,2,7,,0,2,8,9,A01
201900016754,3,7,,0,2,3,15,B01
201900016754,3,7,,0,2,3,1,A01
201900016755,2,33,,0,2,1,19,B01
201900016755,1,7,,0,2,5,15,A01
201900016756,3,7,,0,0,9,0,A01
201900016757,1,7,,4,0,2,1,A01
201900016758,3,7,,0,2,2,15,A01
201900016758,2,7,,0,2,1,1,B01
201900016759,1,7,,2,0,2,14,A01
201900016760,3,7,,0,0,1,26,B01
201900016760,3,7,,0,0,4,26,A01
201900016761,1,7,,6,2,8,1,B01
201900016761,2,7,,6,2,3,13,A01
201900016762,3,7,,0,1,1,9,A01
201900016763,2,33,,0,2,7,1,B01
201900016763,2,7,,0,2,3,9,A01
201900016764,3,7,,6,0,7,1,A01
201900016765,1,0,,12,0,3,1,B01
201900016765,2,2,,0,0,0,1,A01
201900016766,0,32,,0,2,0,2,A01
201900016766,3,32,,0,0,0,2,B01
201900016767,2,7,,0,0,7,0,A01
201900016768,1,7,,0,0,3,1,B01
201900016768,2,30,,0,2,1,1,A01
201900016769,1,33,,0,6,1,1,A01
201900016770,2,7,,4,0,2,1,A01
201900016771,2,7,,0,2,1,1,A01
201900016771,2,7,,0,2,1,1,B01
201900016771,2,7,,0,2,1,1,C01
201900016771,2,7,,0,2,4,0,D01
201900016772,1,7,,0,2,1,2,B01
201900016772,1,7,,0,2,4,2,A01
201900016773,1,7,,13,0,2,14,A01
201900016774,1,33,,0,0,0,1,A01
201900016775,2,7,,13,0,3,13,A01
201900016776,2,31,,0,2,1,1,B01
201900016776,2,7,,0,9,6,26,A01
201900016777,3,7,,0,2,1,2,B01
201900016777,3,7,,0,0,4,2,A01
201900016777,3,7,,0,2,1,2,C01
201900016777,3,13,,0,2,1,2,D01
201900016777,3,14,,0,2,1,2,E01
201900016777,3,14,,0,2,1,2,F01
201900016778,1,7,,3,0,2,1,A01
201900016779,3,7,,0,1,1,21,A01
201900016780,1,7,,0,0,3,23,A01
201900016780,2,2,,14,0,1,26,B01
201900016781,1,10,,0,2,6,13,A01
201900016781,2,32,,0,2,1,1,B01
201900016782,1,7,,7,0,3,1,A01
201900016783,1,17,,0,2,6,1,B01
201900016783,2,7,,0,2,8,1,A01
201900016784,1,7,,0,0,4,2,A01
201900016784,1,10,,0,2,2,2,B01
201900016785,1,7,,0,2,2,17,A01
201900016785,1,15,,0,2,3,1,B01
201900016786,2,15,,0,0,8,1,B01
201900016786,2,7,,0,0,2,14,A01
201900016787,3,7,,0,2,1,13,A01
201900016787,3,7,,0,2,1,1,B01
201900016788,2,10,,3,0,0,0,A01
201900016789,2,2,,3,0,1,1,A01
201900016790,2,7,,0,2,1,1,B01
201900016790,1,7,,0,2,2,15,A01
201900016791,3,7,,0,1,2,1,A01
201900016792,1,7,,0,2,1,0,B01
201900016792,2,7,,0,2,1,13,A01
201900016793,1,7,,0,2,3,10,A01
201900016793,1,2,,0,2,8,17,B01
201900016794,2,33,,0,2,1,1,B01
201900016794,1,33,,0,0,8,1,A01
201900016795,0,7,,0,0,5,23,B01
201900016795,0,7,,0,2,2,1,A01
201900016796,2,2,,16,0,9,1,A01
201900016797,1,7,,1,0,3,1,B01
201900016797,1,7,,0,2,5,23,A01
201900016798,3,7,,0,2,5,15,A01
201900016798,3,33,,0,2,1,1,B01
201900016799,2,7,,0,2,1,13,A01
201900016799,1,7,,0,2,1,1,C01
201900016799,1,7,,0,2,1,1,B01
201900016800,1,1,,0,2,1,1,B01
201900016800,2,7,,0,9,3,1,A01
201900016801,3,7,,0,2,2,19,A01
201900016801,3,7,,6,2,6,19,B01
201900016802,2,33,,13,0,1,14,A01
201900016803,0,7,,0,2,1,1,A01
201900016803,0,7,,0,0,4,26,B01
201900016804,2,7,,0,2,1,1,B01
201900016804,2,7,,0,2,8,10,A01
201900016805,3,33,,0,0,1,1,A01
201900016806,1,33,,0,2,1,1,B01
201900016806,2,33,,0,2,1,17,A01
201900016807,1,7,,0,2,4,1,A01
201900016807,1,7,,0,2,4,2,B01
201900016807,1,7,,0,2,1,2,Z01
201900016808,1,7,,0,2,1,2,B01
201900016808,1,7,,0,2,4,2,A01
201900016809,1,7,,0,2,1,2,C01
201900016809,1,7,,0,2,4,2,B01
201900016809,1,7,,0,2,4,2,A01
201900016810,1,7,,4,0,1,26,Z01
201900016810,2,7,,0,2,1,1,B01
201900016811,2,7,,0,2,6,2,A01
201900016811,2,7,,0,2,2,2,B01
201900016812,3,7,,0,2,9,1,A01
201900016812,3,7,,0,2,1,2,C01
201900016812,3,7,,0,2,6,2,B01
201900016813,3,7,,4,0,2,2,A01
201900016814,1,7,,4,0,1,14,A01
201900016815,2,7,,0,2,4,2,B01
201900016815,2,7,,0,2,1,2,A01
201900016816,2,34,,0,2,1,3,A01
201900016816,2,7,,0,6,3,11,B01
201900016817,1,33,,16,0,1,26,A01
201900016818,1,7,,14,0,3,1,A01
201900016819,1,14,,0,0,8,1,A01
201900016820,1,7,,0,2,7,15,A01
201900016820,2,7,,0,2,1,1,B01
201900016821,1,7,,0,2,3,15,A01
201900016821,1,7,,0,2,2,1,B01
201900016822,1,7,,0,2,3,11,A01
201900016822,1,7,,0,2,2,1,B01
201900016823,2,7,,1,0,3,21,A01
201900016824,1,7,,0,1,3,1,A01
201900016825,1,7,,0,1,1,1,Z01
201900016826,3,7,,0,2,3,9,A01
201900016826,3,7,,0,2,2,1,B01
201900016827,2,7,,0,2,8,1,A01
201900016827,3,7,,0,2,1,1,B01
201900016828,1,7,,9,0,3,13,A01
201900016829,3,7,,0,1,1,20,A01
201900016830,2,7,,0,1,3,18,A01
201900016831,2,10,,0,2,4,2,A01
201900016831,2,10,,0,2,1,2,B01
201900016832,2,3,,0,2,3,5,A01
201900016832,1,32,,0,2,1,1,B01
201900016833,1,7,,0,1,1,13,A01
201900016834,1,7,,0,2,1,1,A01
201900016834,2,7,,0,2,1,2,B01
201900016835,3,30,,0,2,1,1,B01
201900016835,3,10,,0,2,3,1,A01
201900016836,3,34,,0,0,1,1,B01
201900016836,3,7,,0,2,2,10,A01
201900016837,3,7,,0,2,1,1,B01
201900016837,1,7,,0,2,1,13,A01
201900016838,3,7,,0,2,1,1,B01
201900016838,3,7,,0,2,2,19,A01
201900016839,3,7,,14,2,1,6,Z01
201900016839,3,7,,0,0,0,1,T01
201900016839,3,7,,0,2,1,1,B01
201900016840,2,7,,0,2,0,0,A01
201900016840,1,7,,0,2,3,1,B01
201900016841,1,33,,0,2,1,1,A01
201900016841,1,3,,0,2,6,19,B01
201900016842,2,7,,0,1,1,2,A01
201900016843,2,3,,0,1,2,9,A01
201900016844,1,33,,0,1,8,17,A01
201900016845,1,7,,0,1,0,1,Z01
201900016846,2,10,,0,1,0,1,A01
201900016847,2,7,,0,2,2,1,A01
201900016847,2,32,,0,2,3,0,B01
201900016848,1,32,,0,0,7,15,A01
201900016849,1,7,,0,1,2,15,A01
201900016850,1,7,,1,0,1,21,A01
201900016850,2,1,,0,2,1,1,B01
201900016851,1,7,,0,2,5,22,A01
201900016851,1,7,,0,2,1,18,B01
201900016852,1,33,,0,0,9,1,A01
201900016853,2,7,,0,2,4,2,B01
201900016853,2,10,,0,2,1,1,A01
201900016854,2,7,,0,2,6,11,A01
201900016854,2,33,,0,2,2,3,B01
201900016855,2,7,,4,0,1,1,A01
201900016856,1,37,1.0,0,0,0,26,A01
201900016857,1,10,,1,1,1,14,A01
201900016858,1,30,,0,2,1,1,A01
201900016858,2,30,,0,2,1,5,B01
201900016859,1,7,,0,1,2,15,A01
201900016860,2,7,,0,2,5,15,A01
201900016860,1,33,,0,2,1,17,B01
201900016861,3,2,,0,2,1,0,B01
201900016861,3,7,,0,2,8,26,A01
201900016862,1,31,,0,1,1,1,A01
201900016863,2,50,,0,1,1,1,A01
201900016864,3,7,,0,2,1,16,A01
201900016864,1,1,,0,2,5,26,B01
201900016865,3,80,,0,1,1,1,A01
201900016866,3,7,,0,2,1,1,A01
201900016866,3,7,,0,2,4,1,B01
201900016867,3,7,,0,2,8,24,B01
201900016867,1,7,,1,0,2,1,A01
201900016868,2,7,,0,1,2,1,A01
201900016869,2,7,,0,2,1,1,A01
201900016869,2,2,,0,2,4,1,B01
201900016870,1,31,,1,2,3,1,B01
201900016870,1,7,,0,2,2,26,A01
201900016871,2,7,,0,1,1,15,A01
201900016872,1,7,,0,1,2,16,A01
201900016873,1,37,1.0,0,1,2,26,A01
201900016874,1,7,,0,2,7,12,A01
201900016874,1,7,,0,2,1,15,B01
201900016874,1,7,,0,2,8,1,C01
201900016874,1,7,,0,2,3,1,D01
201900016875,3,10,,6,0,2,14,A01
201900016876,1,7,,0,2,7,16,B01
201900016876,1,33,,0,2,1,18,A01
201900016877,1,7,,0,1,1,26,A01
201900016878,2,32,,0,0,1,1,A01
201900016879,2,7,,0,6,7,22,A01
201900016879,2,1,,0,6,1,26,B01
201900016880,3,7,,0,2,1,26,A01
201900016880,3,2,,0,2,2,15,B01
201900016881,2,7,,0,1,1,26,A01
201900016882,2,1,,0,0,1,1,A01
201900016883,2,7,,0,2,4,2,B01
201900016883,2,7,,0,2,1,2,A01
201900016884,3,7,,0,2,7,15,B01
201900016884,3,31,,0,2,1,26,A01
201900016885,3,7,,0,1,0,26,A01
201900016886,3,7,,0,1,0,0,A01
201900016887,2,7,,0,2,3,1,B01
201900016887,2,13,,0,2,1,12,A01
201900016888,1,7,,0,1,2,2,A01
201900016889,3,7,,0,1,2,12,A01
201900016890,0,7,,0,0,3,1,B01
201900016890,0,7,,0,0,8,0,C01
201900016890,3,7,,14,0,3,13,A01
201900016891,1,7,,0,2,3,0,B01
201900016891,3,30,,0,2,2,19,A01
201900016892,1,7,,0,2,1,15,A01
201900016892,2,7,,0,2,1,1,B01
201900016893,1,7,,0,1,1,1,A01
201900016894,3,7,,0,1,1,1,A01
201900016895,0,7,,0,2,3,26,A01
201900016895,0,7,,0,2,7,2,B01
201900016896,2,7,,0,2,2,9,A01
201900016896,1,80,,0,2,1,1,B01
201900016897,2,7,,0,1,1,1,A01
201900016898,1,7,,2,0,3,16,A01
201900016899,2,7,,0,1,1,15,A01
201900016900,1,7,,0,1,1,1,A01
201900016901,1,7,,0,1,1,1,A01
201900016902,2,2,,0,2,1,1,B01
201900016902,1,7,,0,2,1,15,A01
201900016903,2,2,,0,2,7,21,A01
201900016903,2,7,,0,2,3,15,B01
201900016904,2,7,,0,2,2,15,B01
201900016904,1,33,,0,2,1,1,A01
201900016905,1,10,,0,1,3,15,A01
201900016906,2,7,,0,1,1,1,A01
201900016907,0,7,,0,1,1,1,A01
201900016908,0,7,,0,1,1,1,A01
201900016909,2,7,,0,0,9,9,A01
201900016910,1,7,,0,2,1,1,A01
201900016910,1,7,,3,0,7,1,B01
201900016911,1,7,,1,0,2,9,A01
201900016912,1,7,,0,1,2,16,A01
201900016913,0,7,,0,1,1,1,A01
201900016914,0,7,,0,1,1,1,A01
201900016915,0,7,,0,1,2,16,A01
201900016916,3,7,,0,2,4,24,B01
201900016916,3,7,,1,1,4,4,A01
201900016917,1,14,,0,1,3,15,A01
201900016918,3,7,,0,2,3,1,B01
201900016918,2,7,,0,2,7,1,A01
201900016919,1,7,,0,1,1,1,A01
201900016920,1,31,,0,2,2,1,B01
201900016920,2,7,,0,2,2,15,A01
201900016921,1,1,,0,1,1,1,A01
201900016922,1,7,,0,2,1,13,A01
201900016922,1,10,,0,2,2,1,B01
201900016923,0,30,,0,2,2,14,A01
201900016923,0,7,,0,2,6,1,B01
201900016924,0,7,,0,2,3,0,B01
201900016924,0,33,,0,2,7,17,A01
201900016925,2,7,,0,2,4,1,B01
201900016925,2,13,,0,2,1,1,A01
201900016926,2,10,,0,0,8,15,A01
201900016926,2,1,,0,2,3,2,B01
201900016927,1,7,,0,2,3,15,A01
201900016927,2,2,,0,2,1,1,B01
201900016928,2,7,,1,0,1,20,A01
201900016929,2,7,,0,2,0,0,A01
201900016929,1,7,,0,2,0,0,B01
201900016930,1,7,,0,2,1,15,A01
201900016930,2,2,,0,2,1,1,B01
201900016931,3,7,,0,2,1,15,A01
201900016931,3,33,,0,2,1,1,B01
201900016932,0,7,,0,6,2,15,A01
201900016932,1,1,,14,2,1,2,B01
201900016933,1,7,,13,0,9,14,A01
201900016934,2,7,,0,2,7,1,A01
201900016934,2,7,,0,2,1,1,B01
201900016935,3,7,,0,1,4,26,A01
201900016936,0,7,,0,1,1,1,A01
201900016937,1,7,,0,2,2,1,A01
201900016937,2,1,,0,2,2,15,B01
201900016938,0,7,,0,2,1,1,A01
201900016938,0,7,,0,2,3,15,B01
201900016939,0,7,,0,2,1,9,A01
201900016939,0,7,,1,2,1,1,B01
201900016940,0,7,,0,2,8,9,A01
201900016940,0,2,,0,0,1,1,B01
201900016941,1,7,,0,2,3,1,B01
201900016941,2,7,,0,2,1,1,A01
201900016942,2,7,,13,0,7,14,A01
201900016943,2,7,,0,2,5,15,A01
201900016943,1,33,,0,2,9,1,B01
201900016944,3,10,,0,2,7,15,A01
201900016944,3,2,,0,2,1,1,B01
201900016945,1,7,,0,1,0,1,A01
201900016946,1,32,,0,1,1,1,A01
201900016947,2,7,,13,0,1,0,A01
201900016948,2,3,,1,0,1,1,A01
201900016948,2,3,,0,0,4,23,B01
201900016949,0,7,,0,1,1,1,A01
201900016950,2,7,,0,2,6,15,A01
201900016950,2,7,,0,2,3,2,B01
201900016951,2,10,,0,1,1,26,A01
201900016952,2,37,1.0,0,1,2,16,A01
201900016953,3,7,,0,1,3,4,A01
201900016954,1,33,,0,2,4,2,B01
201900016954,1,10,,0,2,1,9,A01
201900016955,0,7,,0,1,0,1,A01
201900016956,0,7,,0,1,1,26,A01
201900016957,1,7,,0,2,3,15,B01
201900016957,1,31,,0,2,1,17,A01
201900016958,1,32,,0,1,1,2,A01
201900016959,2,7,,0,1,1,0,A01
201900016960,1,2,,0,1,1,1,A01
201900016961,1,7,,16,0,9,1,A01
201900016962,2,7,,0,1,1,1,A01
201900016963,2,7,,0,1,2,1,A01
201900016964,1,7,,0,2,1,26,B01
201900016964,1,1,,0,2,1,26,A01
201900016965,1,7,,0,2,1,2,A01
201900016965,1,7,,0,2,4,2,B01
201900016966,3,7,,0,1,3,26,A01
201900016967,3,7,,2,0,1,1,A01
201900016968,2,2,,0,2,2,1,A01
201900016968,2,7,,0,2,6,15,B01
201900016969,1,10,,0,2,2,9,A01
201900016969,1,33,,0,2,1,1,B01
201900016970,2,2,,0,2,1,1,B01
201900016970,1,7,,0,2,3,15,A01
201900016971,1,1,,0,2,1,1,A01
201900016971,2,7,,0,2,3,1,B01
201900016972,1,7,,0,1,1,1,A01
201900016973,0,7,,0,1,3,1,A01
201900016974,2,10,,5,0,0,0,A01
201900016975,2,7,,0,2,1,1,B01
201900016975,2,7,,0,2,8,19,A01
201900016976,3,7,,0,1,4,26,A01
201900016977,1,7,,0,2,3,1,B01
201900016977,2,2,,0,2,1,21,A01
201900016978,3,7,,14,0,1,1,A01
201900016979,1,7,,1,0,2,14,A01
201900016979,0,7,,1,0,6,0,B01
201900016979,0,7,,1,0,0,0,C01
201900016980,1,30,,0,2,3,1,A01
201900016980,2,7,,0,2,6,15,B01
201900016981,1,7,,0,2,1,13,A01
201900016981,2,7,,0,2,1,1,B01
201900016982,3,7,,0,1,2,19,A01
201900016983,3,2,,0,2,1,1,B01
201900016983,1,7,,0,2,6,26,A01
201900016984,2,7,,0,2,1,2,A01
201900016984,2,7,,0,2,4,1,B01
201900016985,1,7,,0,2,3,13,A01
201900016985,2,10,,0,2,8,1,C01
201900016985,2,7,,0,2,1,1,D01
201900016985,2,7,,0,2,3,1,B01
201900016986,2,2,,0,2,3,21,A01
201900016986,3,10,,0,2,3,0,B01
201900016987,3,10,,0,2,1,1,B01
201900016987,3,7,,0,2,1,1,A01
201900016988,2,7,,0,2,1,13,A01
201900016988,1,7,,0,2,1,23,B01
201900016989,1,7,,0,1,1,1,A01
201900016990,1,7,,0,2,3,1,B01
201900016990,1,7,,0,2,1,1,A01
201900016991,1,1,,0,0,0,0,A01
201900016992,2,33,,0,0,8,1,A01
201900016993,1,7,,0,2,1,13,A01
201900016993,2,7,,0,2,1,1,B01
201900016994,2,7,,0,2,8,1,B01
201900016994,1,7,,0,2,1,19,A01
201900016995,2,1,,0,2,8,1,B01
201900016995,2,20,,0,2,7,1,A01
201900016996,2,7,,0,2,4,23,C01
201900016996,2,7,,0,2,4,23,B01
201900016996,2,7,,0,2,1,2,A01
201900016997,1,1,,0,1,1,1,A01
201900016998,1,10,,0,2,4,26,A01
201900016998,1,3,,0,2,1,1,B01
201900016999,0,7,,0,1,1,26,A01
201900017000,1,7,,0,1,3,1,A01
201900017001,1,0,,0,1,0,1,Z01
201900017002,2,7,,0,0,8,24,A01
201900017002,2,1,,1,0,1,1,B01
201900017003,2,7,,0,2,1,1,B01
201900017003,1,7,,0,2,1,1,A01
201900017004,1,7,,0,1,2,26,A01
201900017005,2,7,,0,2,4,2,D01
201900017005,2,7,,0,2,2,1,F01
201900017005,2,7,,0,2,4,2,B01
201900017005,2,7,,0,2,3,21,E01
201900017005,2,7,,0,2,4,2,C01
201900017005,2,7,,0,2,1,2,A01
201900017006,2,7,,0,2,1,1,D01
201900017006,1,7,,0,0,1,1,E01
201900017006,1,7,,0,2,1,1,F01
201900017007,2,7,,0,2,3,17,A01
201900017007,1,7,,0,2,1,16,B01
201900017008,3,7,,0,2,8,1,B01
201900017008,3,7,,0,2,2,9,A01
201900017009,2,7,,4,0,3,1,A01
201900017010,1,7,,0,2,4,1,B01
201900017010,1,7,,0,2,4,1,C01
201900017010,1,7,,0,2,1,12,A01
201900017011,3,7,,0,2,1,0,A01
201900017011,3,1,,0,2,6,19,B01
201900017012,2,37,1.0,0,1,1,15,A01
201900017013,2,33,,1,0,2,1,A01
201900017014,3,7,,0,1,3,26,A01
201900017015,1,7,,0,2,1,2,A01
201900017015,1,7,,0,2,4,2,B01
201900017016,3,7,,0,2,2,15,B01
201900017016,0,7,,15,2,1,26,A01
201900017017,0,7,,7,0,2,15,A01
201900017018,1,33,,0,2,0,1,B01
201900017018,1,7,,0,2,2,15,A01
201900017019,3,7,,0,1,3,9,B01
201900017020,2,1,,0,2,1,1,B01
201900017020,1,10,,0,2,6,15,A01
201900017021,1,7,,0,2,1,1,B01
201900017021,2,7,,0,2,2,15,A01
201900017022,1,10,,0,2,3,15,B01
201900017022,1,33,,0,2,2,1,A01
201900017023,3,30,,0,2,2,1,B01
201900017023,2,10,,0,2,3,9,A01
201900017024,1,10,,0,1,3,15,A01
201900017025,1,10,,0,2,3,1,B01
201900017025,2,10,,0,2,1,15,A01
201900017026,2,7,,0,2,3,1,A01
201900017026,0,7,,0,2,1,1,B01
201900017027,2,7,,0,1,0,1,A01
201900017028,0,7,,0,1,1,16,A01
201900017029,0,0,,0,1,0,0,Z01
201900017030,2,10,,0,1,5,4,A01
201900017031,2,7,,0,1,1,1,A01
201900017032,0,1,,0,2,1,1,B01
201900017032,0,7,,0,2,0,15,A01
201900017033,0,7,,0,2,0,0,B01
201900017033,0,1,,0,2,1,0,A01
201900017034,1,37,1.0,0,2,3,1,B01
201900017034,2,30,,0,2,3,1,A01
201900017035,1,7,,0,2,1,1,B01
201900017035,1,1,,15,2,1,19,A01
201900017036,1,2,,0,2,1,2,A01
201900017036,1,7,,0,2,4,23,B01
201900017037,3,7,,0,1,0,1,A01
201900017038,1,7,,0,2,1,9,A01
201900017038,1,7,,0,2,3,9,B01
201900017039,0,7,,0,1,0,1,A01
201900017040,1,7,,0,1,3,1,A01
201900017041,2,7,,0,2,3,15,B01
201900017041,2,33,,0,2,1,17,A01
201900017042,3,30,,0,2,1,5,A01
201900017042,3,7,,0,2,1,1,B01
201900017043,3,0,,0,2,0,19,B01
201900017043,1,7,,0,6,2,19,A01
201900017044,1,7,,1,2,1,1,B01
201900017044,1,7,,1,2,2,15,A01
201900017045,1,7,,0,1,3,15,A01
201900017046,2,7,,0,1,1,16,A01
201900017047,2,7,,0,0,9,14,A01
201900017048,0,7,,0,1,1,1,A01
201900017049,0,2,,0,2,3,1,B01
201900017049,0,7,,0,2,3,15,A01
201900017050,2,7,,0,2,3,13,B01
201900017050,1,7,,0,2,3,1,A01
201900017051,2,7,,0,2,7,11,A01
201900017051,2,2,,0,2,8,1,B01
201900017052,1,10,,0,2,2,15,B01
201900017052,1,1,,0,2,7,1,A01
201900017053,1,7,,0,1,1,1,A01
201900017054,1,1,,0,2,4,1,B01
201900017054,1,7,,0,2,3,1,Z01
201900017055,1,7,,0,2,2,1,B01
201900017055,1,7,,0,2,3,10,A01
201900017056,2,31,,0,2,1,1,B01
201900017056,2,7,,0,2,6,9,A01
201900017057,2,7,,0,2,8,1,B01
201900017057,1,7,,0,2,1,1,A01
201900017058,1,38,1.0,0,2,1,16,A01
201900017058,0,10,,0,2,0,16,B01
201900017058,3,1,,0,2,8,1,C01
201900017059,2,33,,1,0,1,1,A01
201900017060,3,80,,0,2,7,19,B01
201900017060,1,7,,0,2,1,1,A01
201900017061,3,7,,0,1,1,15,A01
201900017062,1,7,,0,1,1,17,B01
201900017063,2,7,,0,1,1,1,C01
201900017064,1,7,,0,2,1,1,B01
201900017064,1,7,,0,2,8,9,A01
201900017065,1,3,,12,2,4,2,B01
201900017065,1,7,,0,2,1,2,A01
201900017066,1,32,,0,2,1,0,B01
201900017066,2,7,,0,2,2,15,A01
201900017067,1,7,,0,2,5,19,B01
201900017067,1,7,,0,2,1,19,A01
201900017068,1,32,,0,2,1,1,B01
201900017068,2,7,,0,2,8,15,Z01
201900017069,1,7,,1,0,1,1,A01
201900017070,3,7,,1,0,3,1,B01
201900017070,3,30,,1,0,2,19,A01
201900017071,3,7,,0,2,1,5,A01
201900017071,3,7,,0,2,1,1,B01
201900017072,2,10,,0,2,1,0,A01
201900017072,1,10,,0,2,1,0,B01
201900017073,3,0,,0,1,1,17,Z01
201900017074,3,7,,0,0,0,0,A01
201900017074,3,7,,0,0,0,0,C01
201900017074,3,7,,0,0,0,0,B01
201900017074,3,7,,0,0,0,0,D01
201900017075,0,7,,8,6,1,5,Z01
201900017075,0,1,,0,0,0,0,B01
201900017076,1,7,,0,2,3,15,A01
201900017076,1,7,,0,2,2,2,B01
201900017077,2,7,,0,2,5,26,B01
201900017077,2,7,,8,2,3,2,A01
201900017078,2,7,,0,2,3,15,B01
201900017078,1,34,,0,2,2,17,A01
201900017079,1,37,1.0,0,6,4,23,B01
201900017079,1,99,,14,0,1,1,A01
201900017080,1,7,,0,2,6,16,B01
201900017080,1,7,,0,2,1,1,A01
201900017081,1,2,,0,0,8,1,A01
201900017082,3,7,,0,2,2,19,Y01
201900017082,2,7,,0,1,2,1,A01
201900017083,1,2,,0,2,1,1,B01
201900017083,2,7,,0,2,3,15,A01
201900017084,2,7,,0,1,3,1,A01
201900017085,1,7,,0,2,8,15,B01
201900017085,1,2,,0,2,2,17,A01
201900017086,3,7,,0,2,1,1,B01
201900017086,3,7,,0,2,4,1,C01
201900017086,3,7,,0,2,1,1,A01
201900017087,1,1,,0,2,1,25,B01
201900017087,1,7,,0,2,2,16,A01
201900017088,2,7,,0,2,5,1,B01
201900017088,1,99,,0,2,2,1,A01
201900017089,2,13,,0,2,3,1,B01
201900017089,1,7,,0,2,1,13,A01
201900017090,2,7,,0,2,1,1,B01
201900017090,1,7,,0,2,1,15,A01
201900017091,1,7,,2,0,1,1,A01
201900017092,1,7,,0,1,8,1,A01
201900017093,1,7,,0,2,3,21,B01
201900017093,2,7,,0,2,1,13,A01
201900017094,2,7,,0,2,4,1,B01
201900017094,2,7,,0,2,1,14,Z01
201900017095,2,7,,0,2,0,11,A01
201900017095,2,33,,0,2,1,3,B01
201900017095,2,7,,0,2,5,1,C01
201900017096,2,33,,0,0,8,3,A01
201900017097,2,7,,0,2,0,1,Z01
201900017097,2,10,,4,2,2,21,A01
201900017098,2,31,,0,2,3,3,A01
201900017098,2,7,,0,2,3,1,B01