Num_Acc,senc,catv,occutc,obs,obsm,choc,manv,num_veh
201900017098,2,7,,0,2,7,23,C01
201900017098,2,7,,0,2,5,23,D01
201900017099,1,7,,0,2,4,2,D01
201900017099,1,32,,0,2,3,1,C01
201900017099,1,7,,0,2,4,2,B01
201900017099,1,7,,0,2,3,2,A01
201900017100,1,7,,0,2,4,12,A01
201900017100,1,7,,0,2,1,9,B01
201900017101,1,7,,0,2,2,2,A01
201900017101,1,7,,0,2,6,2,B01
201900017102,1,14,,0,1,1,16,A01
201900017103,1,7,,0,2,2,15,A01
201900017103,2,43,,0,2,1,1,B01
201900017104,1,13,,0,1,2,16,A01
201900017105,1,7,,11,0,1,7,A01
201900017106,1,15,,0,1,2,15,A01
201900017107,1,7,,0,2,1,1,A01
201900017107,2,30,,0,2,7,1,B01
201900017108,1,30,,0,0,8,1,A01
201900017109,1,50,,0,1,7,1,A01
201900017110,1,32,,0,2,0,1,A01
201900017110,1,7,,0,2,8,10,B01
201900017111,2,7,,0,2,5,14,A01
201900017111,2,1,,0,2,8,1,B01
201900017112,2,50,,0,1,3,1,A01
201900017113,1,2,,1,0,2,13,A01
201900017114,1,7,,0,2,2,17,A01
201900017114,1,37,2.0,0,2,3,1,B01
201900017115,2,10,,0,2,3,15,A01
201900017115,2,32,,0,2,7,1,B01
201900017116,1,7,,0,1,5,4,A01
201900017117,2,7,,0,2,1,15,B01
201900017117,2,33,,0,2,1,17,A01
201900017118,2,1,,0,2,1,5,A01
201900017118,2,7,,0,2,6,20,B01
201900017119,2,7,,0,2,2,13,A01
201900017119,2,7,,0,2,6,1,B01
201900017120,0,7,,0,1,1,1,A01
201900017121,1,7,,15,0,3,15,A01
201900017122,1,7,,4,0,3,26,A01
201900017123,1,33,,0,2,0,26,A01
201900017123,1,10,,0,2,2,21,B01
201900017124,3,7,,0,2,0,1,B01
201900017124,3,7,,8,2,3,1,A01
201900017125,3,1,,0,0,8,19,B01
201900017125,1,17,,0,2,1,1,A01
201900017126,3,10,,12,0,3,13,A01
201900017127,0,14,,0,1,8,9,A01
201900017128,1,7,,1,0,2,26,A01
201900017128,1,7,,0,0,3,1,B01
201900017129,2,20,,0,1,1,16,A01
201900017130,2,10,,0,2,7,17,Z01
201900017130,2,37,2.0,0,2,8,1,A01
201900017131,1,7,,0,2,3,15,A01
201900017131,2,0,,0,2,1,1,Z01
201900017132,1,7,,0,2,3,16,A01
201900017132,2,7,,0,2,3,23,B01
201900017133,3,37,3.0,0,2,1,26,A01
201900017134,3,7,,0,2,7,1,B01
201900017134,3,32,,0,2,8,13,A01
201900017135,3,32,,0,2,1,1,A01
201900017135,3,7,,0,2,4,1,B01
201900017136,2,33,,0,1,1,17,A01
201900017137,3,7,,0,1,4,4,A01
201900017138,2,7,,0,9,3,9,A01
201900017138,0,1,,0,2,1,26,B01
201900017139,1,7,,15,2,2,19,A01
201900017139,2,7,,0,2,3,1,B01
201900017140,1,33,,6,0,1,1,A01
201900017141,1,1,,0,2,1,5,B01
201900017141,2,7,,0,9,2,16,A01
201900017142,1,7,,13,0,1,1,A01
201900017143,0,7,,0,2,5,12,B01
201900017143,0,2,,0,2,1,3,A01
201900017144,3,7,,0,0,1,1,A01
201900017145,1,1,,0,2,2,17,B01
201900017145,1,7,,0,9,0,19,A01
201900017146,1,7,,0,0,4,1,A01
201900017146,1,7,,0,2,4,2,B01
201900017146,1,7,,0,2,4,2,C01
201900017146,1,7,,0,2,1,2,D01
201900017147,0,7,,0,9,8,23,B01
201900017147,0,7,,1,0,2,1,A01
201900017148,0,2,,0,0,7,1,A01
201900017149,1,7,,0,2,1,1,B01
201900017149,2,15,,0,2,5,9,A01
201900017150,3,33,,0,0,7,1,A01
201900017151,1,7,,0,0,1,1,A01
201900017152,1,33,,0,2,8,1,B01
201900017152,1,10,,0,2,8,19,A01
201900017153,2,34,,0,0,0,26,A01
201900017154,1,7,,0,2,3,1,B01
201900017154,2,10,,0,2,1,15,A01
201900017155,1,31,,0,0,9,1,A01
201900017156,1,7,,0,2,2,1,A01
201900017156,1,1,,0,2,4,1,B01
201900017157,1,7,,6,0,3,1,A01
201900017158,1,33,,0,2,3,1,A01
201900017158,1,7,,0,2,2,17,B01
201900017159,2,1,,0,2,4,0,A01
201900017159,1,7,,0,9,2,1,B01
201900017160,1,33,,0,0,1,1,A01
201900017161,3,7,,0,1,1,0,A01
201900017162,1,7,,0,2,2,1,A01
201900017162,1,1,,0,0,8,19,B01
201900017163,2,1,,0,0,5,1,B01
201900017163,2,7,,0,2,3,9,A01
201900017164,1,2,,0,2,1,2,B01
201900017164,1,7,,0,0,4,2,A01
201900017165,2,7,,0,1,3,15,A01
201900017166,1,15,,0,0,4,1,A01
201900017166,1,14,,0,9,1,1,B01
201900017166,1,99,,0,2,3,1,C01
201900017167,1,31,,0,0,1,1,B01
201900017167,1,7,,0,0,7,1,A01
201900017168,1,7,,0,2,2,13,A01
201900017168,2,7,,0,2,6,1,B01
201900017168,2,33,,0,2,3,1,C01
201900017168,2,7,,0,9,1,1,D01
201900017169,2,7,,8,0,2,0,A01
201900017170,0,33,,0,2,3,15,A01
201900017170,0,38,1.0,0,2,3,0,B01
201900017171,1,43,,0,2,2,1,A01
201900017171,2,7,,0,2,5,15,B01
201900017172,2,33,,0,0,7,1,A01
201900017173,3,7,,2,0,3,1,A01
201900017174,1,33,,0,2,3,1,A01
201900017174,1,7,,0,2,1,1,B01
201900017175,2,7,,0,0,9,14,A01
201900017176,2,33,,0,2,1,1,B01
201900017176,1,21,,0,2,1,15,A01
201900017177,1,2,,13,0,0,1,A01
201900017178,3,7,,0,2,2,15,A01
201900017178,3,7,,0,2,3,1,B01
201900017179,1,33,,0,6,3,1,A01
201900017180,1,7,,0,0,0,24,B01
201900017180,2,1,,1,0,1,21,A01
201900017181,2,7,,0,2,1,2,D01
201900017181,2,10,,0,2,4,2,C01
201900017181,2,7,,0,2,1,2,B01
201900017181,2,10,,0,2,4,2,A01
201900017182,1,10,,0,2,2,1,C01
201900017182,1,7,,0,2,6,1,B01
201900017182,1,7,,0,2,2,2,A01
201900017183,1,33,,0,0,8,1,A01
201900017184,1,38,9.0,0,2,3,13,A01
201900017184,2,10,,0,2,3,1,B01
201900017185,1,17,,0,2,1,1,B01
201900017185,2,7,,7,0,5,19,A01
201900017186,3,31,,6,0,1,1,A01
201900017187,1,10,,4,0,3,1,A01
201900017188,3,17,,12,0,2,1,A01
201900017189,3,1,,0,2,6,0,B01
201900017189,3,7,,0,9,2,1,A01
201900017190,1,33,,13,0,4,17,B01
201900017190,1,10,,0,0,0,17,A01
201900017191,2,7,,0,2,6,19,A01
201900017191,2,33,,0,2,1,2,B01
201900017192,2,15,,0,2,1,13,B01
201900017192,1,7,,0,2,1,13,A01
201900017193,1,33,,0,0,7,1,A01
201900017194,2,33,,3,0,8,1,A01
201900017195,1,33,,0,2,3,1,B01
201900017195,2,7,,0,2,3,13,A01
201900017196,1,2,,13,0,0,1,A01
201900017197,1,33,,0,0,9,1,A01
201900017198,2,1,,0,2,1,1,B01
201900017198,1,7,,0,9,1,1,A01
201900017199,1,80,,16,0,9,1,A01
201900017200,1,33,,0,2,5,2,B01
201900017200,1,7,,0,2,3,2,A01
201900017201,1,7,,0,0,1,23,A01
201900017201,0,2,,8,9,1,1,B01
201900017202,0,7,,0,0,4,1,A01
201900017202,0,2,,0,2,1,1,B01
201900017203,1,7,,13,0,1,1,A01
201900017204,1,33,,0,2,1,1,A01
201900017204,1,7,,0,0,5,15,B01
201900017205,1,7,,13,0,1,1,A01
201900017206,1,2,,0,2,1,1,B01
201900017206,1,7,,0,2,2,15,A01
201900017207,1,7,,0,2,1,0,A01
201900017207,2,10,,0,2,1,1,B01
201900017208,1,33,,0,2,2,17,A01
201900017208,1,10,,0,2,8,15,B01
201900017209,2,7,,0,2,1,2,E01
201900017209,1,7,,0,2,4,1,D01
201900017209,2,7,,0,2,4,1,C01
201900017209,2,7,,0,2,4,1,B01
201900017209,2,10,,0,2,1,2,A01
201900017210,2,7,,3,0,1,14,A01
201900017211,1,7,,0,2,5,1,A01
201900017211,1,31,,0,2,8,2,B01
201900017212,2,7,,0,2,1,2,A01
201900017212,2,7,,0,2,4,2,B01
201900017213,1,33,,0,2,2,3,B01
201900017213,1,7,,0,2,6,11,A01
201900017214,2,7,,0,2,7,0,B01
201900017214,2,31,,0,2,0,3,A01
201900017215,2,10,,1,2,1,2,C01
201900017215,2,7,,0,2,4,23,B01
201900017215,2,7,,0,2,4,23,A01
201900017216,2,7,,0,2,1,2,A01
201900017216,2,7,,0,2,4,2,B01
201900017217,1,7,,0,2,2,12,Z01
201900017217,1,7,,4,2,3,1,B01
201900017218,2,7,,0,2,3,11,A01
201900017218,2,33,,0,2,7,1,B01
201900017219,2,7,,0,2,8,11,B01
201900017219,2,33,,0,2,2,3,A01
201900017220,1,7,,0,2,0,0,D01
201900017220,1,33,,0,2,0,0,C01
201900017220,1,33,,0,2,0,0,B01
201900017220,1,7,,0,2,0,0,A01
201900017221,1,7,,0,2,1,1,A01
201900017221,3,7,,0,2,4,23,B01
201900017222,0,32,,0,0,3,1,A01
201900017223,3,32,,0,0,0,1,A01
201900017223,3,7,,0,0,0,1,B01
201900017224,2,7,,1,0,2,9,A01
201900017225,1,7,,0,2,4,0,A01
201900017225,1,7,,0,2,1,2,B01
201900017226,1,7,,0,2,1,3,A01
201900017226,1,7,,14,0,1,2,B01
201900017226,1,7,,0,0,5,2,C01
201900017226,1,7,,0,0,6,1,D01
201900017227,1,7,,3,2,7,1,B01
201900017227,1,7,,0,2,3,11,A01
201900017228,1,3,,12,0,8,16,A01
201900017229,2,7,,0,1,6,26,A01
201900017230,3,30,,16,0,0,16,A01
201900017231,0,30,,0,2,8,17,B01
201900017231,3,10,,0,2,3,9,A01
201900017232,1,7,,0,0,0,26,A01
201900017233,2,50,,0,0,0,1,A01
201900017234,1,32,,0,2,7,1,B01
201900017234,1,7,,1,0,3,26,A01
201900017235,1,1,,0,2,1,19,A01
201900017235,1,37,3.0,0,2,7,16,B01
201900017236,2,7,,0,2,4,0,B01
201900017236,2,7,,0,2,1,26,A01
201900017237,1,7,,0,1,2,16,A01
201900017238,2,31,,0,2,1,1,B01
201900017238,1,7,,0,2,2,9,A01
201900017239,2,7,,0,1,3,2,A01
201900017240,2,7,,0,2,1,2,A01
201900017240,2,7,,8,2,5,1,B01
201900017241,1,7,,15,0,1,13,A01
201900017242,1,7,,0,2,1,0,B01
201900017242,2,7,,0,2,1,0,A01
201900017243,3,50,,0,1,7,25,A01
201900017244,3,80,,0,0,0,0,A01
201900017245,0,7,,3,0,1,20,A01
201900017246,1,7,,0,1,1,15,A01
201900017247,1,3,,0,2,6,2,B01
201900017247,1,7,,0,2,2,2,A01
201900017248,1,7,,0,2,1,26,A01
201900017248,1,7,,0,2,4,0,B01
201900017249,1,7,,0,2,7,15,A01
201900017249,2,7,,0,2,1,26,B01
201900017250,3,34,,0,2,1,1,B01
201900017250,3,7,,0,2,1,19,A01
201900017251,3,30,,0,2,1,13,A01
201900017251,0,7,,0,2,1,1,B01
201900017252,2,3,,0,2,2,1,A01
201900017252,1,1,,0,2,7,0,B01
201900017253,3,7,,3,2,8,11,A01
201900017253,3,7,,3,2,2,2,B01
201900017254,1,33,,0,2,1,17,A01
201900017254,2,7,,0,2,6,15,B01
201900017255,1,33,,2,0,1,1,A01
201900017256,1,33,,0,2,3,17,A01
201900017256,1,7,,0,2,3,15,B01
201900017257,1,7,,0,1,3,9,A01
201900017258,0,7,,0,2,1,1,A01
201900017258,0,7,,0,2,2,1,B01
201900017259,1,1,,0,2,3,15,B01
201900017259,1,37,1.0,0,6,5,17,A01
201900017260,1,7,,0,2,0,2,A01
201900017260,1,7,,0,2,0,23,B01
201900017261,0,2,,0,2,1,2,A01
201900017261,0,7,,0,2,4,2,B01
201900017262,0,7,,0,2,1,1,B01
201900017262,0,7,,0,2,7,1,A01
201900017263,0,7,,0,1,1,1,A01
201900017264,1,7,,0,2,3,15,A01
201900017264,1,1,,0,0,0,0,B01
201900017265,3,1,,0,2,0,26,A01
201900017265,3,7,,0,2,2,2,B01
201900017266,2,7,,0,1,0,26,B01
201900017266,2,37,1.0,0,1,5,17,A01
201900017267,1,7,,0,2,6,15,A01
201900017267,1,33,,0,2,7,15,B01
201900017268,2,7,,0,2,7,12,A01
201900017268,2,2,,0,2,2,11,B01
201900017269,1,1,,0,2,1,1,A01
201900017269,2,2,,0,2,1,13,B01
201900017270,1,7,,0,2,4,2,B01
201900017270,1,33,,0,2,1,2,A01
201900017271,1,3,,0,1,0,1,A01
201900017272,1,7,,0,2,1,15,A01
201900017272,3,80,,0,2,8,1,B01
201900017273,1,7,,0,2,1,13,A01
201900017273,2,17,,0,2,1,26,B01
201900017274,1,7,,6,0,1,0,A01
201900017275,1,7,,0,1,1,1,A01
201900017276,1,7,,0,2,1,19,A01
201900017276,1,7,,0,2,5,19,B01
201900017277,1,7,,0,2,1,1,C01
201900017277,1,7,,0,2,4,2,B01
201900017277,1,7,,0,2,4,1,A01
201900017278,3,1,,0,1,1,25,A01
201900017279,0,7,,0,2,8,15,B01
201900017279,0,30,,0,2,2,17,A01
201900017280,1,7,,0,0,0,15,Z01
201900017280,1,33,,0,2,0,0,B01
201900017281,1,7,,0,6,3,1,A01
201900017281,1,1,,0,2,7,12,Y01
201900017282,0,7,,0,2,5,1,A01
201900017282,0,31,,0,2,1,1,B01
201900017283,1,33,,0,2,1,0,B01
201900017283,1,7,,0,2,2,0,A01
201900017284,1,7,,0,2,1,0,A01
201900017284,1,2,,0,2,1,0,B01
201900017285,1,7,,0,2,2,0,B01
201900017285,1,7,,0,2,3,0,A01
201900017286,1,7,,0,2,2,15,A01
201900017286,2,33,,0,2,1,1,B01
201900017287,0,33,,0,2,7,1,B01
201900017287,0,7,,0,2,1,9,A01
201900017288,1,7,,0,2,2,15,B01
201900017288,2,31,,0,2,1,1,A01
201900017289,3,2,,0,2,3,7,B01
201900017289,3,7,,0,2,2,16,A01
201900017290,3,7,,0,2,1,9,A01
201900017290,3,50,,0,2,5,26,B01
201900017291,2,7,,0,2,2,1,B01
201900017291,1,7,,0,2,3,1,A01
201900017292,2,50,,0,2,0,0,B01
201900017292,3,0,,0,2,0,0,Z01
201900017293,1,7,,0,2,8,10,A01
201900017293,1,32,,0,2,2,2,B01
201900017294,2,7,,0,2,2,16,B01
201900017294,2,34,,0,2,1,18,A01
201900017295,0,7,,0,2,3,20,Z01
201900017295,1,2,,0,2,5,1,B01
201900017296,2,43,,0,1,1,3,A01
201900017297,2,7,,14,0,4,23,C01
201900017297,2,7,,14,0,4,23,B01
201900017297,2,7,,0,0,1,1,A01
201900017298,2,7,,0,1,3,1,A01
201900017299,3,7,,0,2,7,1,B01
201900017299,3,7,,0,2,1,9,A01
201900017300,1,31,,0,2,2,0,B01
201900017300,3,7,,0,2,3,9,A01
201900017301,2,33,,0,2,1,1,B01
201900017301,1,7,,0,2,7,15,A01
201900017302,3,7,,0,2,4,2,C01
201900017302,3,99,,0,2,9,2,B01
201900017302,3,7,,0,2,1,2,A01
201900017303,2,7,,0,2,1,19,A01
201900017303,1,2,,0,2,8,1,B01
201900017304,2,7,,0,1,2,15,A01
201900017305,2,7,,0,2,3,26,B01
201900017305,1,7,,0,2,0,0,A01
201900017306,0,43,,0,1,0,2,A01
201900017307,2,7,,0,2,4,26,B01
201900017307,2,7,,0,2,1,26,A01
201900017308,1,33,,0,2,3,17,B01
201900017308,1,7,,0,2,1,9,A01
201900017309,2,2,,0,2,7,1,B01
201900017309,3,7,,0,2,1,9,A01
201900017310,2,7,,0,2,3,0,A01
201900017310,1,33,,0,2,1,16,B01
201900017311,2,10,,0,2,1,26,A01
201900017311,2,7,,0,2,4,1,B01
201900017311,1,7,,0,2,4,0,C01
201900017311,2,7,,0,2,5,1,D01
201900017312,1,33,,0,2,1,9,A01
201900017312,1,7,,0,2,3,13,B01
201900017313,1,30,,0,1,1,7,Z01
201900017314,2,7,,0,1,1,7,A01
201900017315,2,7,,0,2,7,16,Z01
201900017315,2,1,,0,2,1,7,A01
201900017316,1,31,,0,1,1,1,Z01
201900017317,3,7,,9,0,1,21,A01
201900017318,1,7,,14,2,7,11,A01
201900017318,2,7,,0,2,8,1,B01
201900017318,2,7,,0,2,4,1,C01
201900017319,1,34,,0,1,1,15,A01
201900017320,2,50,,0,1,1,15,A01
201900017321,1,33,,0,2,1,12,A01
201900017321,1,7,,0,2,5,15,B01
201900017321,1,13,,0,2,6,1,C01
201900017322,2,1,,0,2,4,1,B01
201900017322,2,10,,0,2,2,22,A01
201900017323,2,32,,0,2,2,17,B01
201900017323,2,7,,0,2,3,13,A01
201900017324,1,30,,9,0,1,14,A01
201900017325,1,7,,0,1,1,1,A01
201900017326,2,2,,0,2,2,17,B01
201900017326,2,10,,0,2,8,15,A01
201900017327,3,7,,0,2,3,1,Z01
201900017327,3,7,,0,2,1,9,A01
201900017328,0,1,,0,2,2,2,A01
201900017328,0,37,1.0,0,0,6,23,B01
201900017329,1,37,1.0,0,2,6,24,B01
201900017329,1,33,,1,0,2,17,A01
201900017330,2,2,,0,2,4,15,B01
201900017330,2,7,,0,2,1,17,A01
201900017331,3,10,,6,0,1,1,A01
201900017332,0,7,,0,1,2,1,A01
201900017333,1,7,,1,0,1,0,T01
201900017334,3,33,,0,0,0,0,A01
201900017334,3,7,,0,0,0,0,B01
201900017335,1,10,,0,2,3,15,A01
201900017335,2,10,,0,2,1,1,B01
201900017336,1,7,,12,2,3,1,B01
201900017336,3,1,,12,2,5,9,A01
201900017337,1,7,,0,2,8,15,A01
201900017337,1,32,,0,2,2,17,B01
201900017338,3,7,,0,1,3,1,A01
201900017339,1,7,,0,1,1,15,A01
201900017340,2,34,,0,2,4,2,B01
201900017340,2,7,,0,2,1,2,A01
201900017341,2,34,,0,2,3,1,B01
201900017341,2,7,,0,2,3,1,A01
201900017342,3,7,,0,2,4,1,B01
201900017342,3,7,,0,2,1,16,A01
201900017343,2,7,,0,2,2,1,A01
201900017343,1,33,,0,2,1,1,B01
201900017344,1,7,,0,2,3,15,A01
201900017344,1,33,,0,2,7,4,B01
201900017345,2,7,,0,2,4,10,B01
201900017345,2,33,,0,2,1,1,A01
201900017346,2,7,,0,1,2,2,A01
201900017347,2,7,,3,2,2,2,A01
201900017347,2,17,,0,0,6,2,B01
201900017348,1,7,,0,2,1,1,A01
201900017348,1,7,,0,0,6,1,B01
201900017348,2,7,,0,2,1,1,C01
201900017349,1,33,,2,0,1,1,A01
201900017350,1,7,,0,0,0,1,A01
201900017351,1,7,,3,0,3,1,A01
201900017352,1,7,,3,0,3,1,C01
201900017352,1,7,,0,2,1,1,B01
201900017352,2,7,,0,2,1,5,A01
201900017353,2,7,,0,0,4,2,B01
201900017353,2,30,,0,2,1,2,A01
201900017354,2,2,,0,0,4,2,B01
201900017354,2,7,,0,2,1,2,A01
201900017355,1,7,,2,0,2,14,A01
201900017356,3,7,,0,0,3,15,A01
201900017356,2,7,,0,2,3,1,B01
201900017357,2,21,,0,9,5,17,A01
201900017357,2,60,,0,2,3,13,B01
201900017358,1,7,,2,0,3,1,A01
201900017359,2,2,,0,2,3,13,A01
201900017359,1,7,,0,2,3,1,B01
201900017360,2,33,,13,0,1,0,A01
201900017361,1,7,,0,2,1,15,B01
201900017361,2,31,,0,2,8,1,A01
201900017362,0,10,,6,0,1,1,A01
201900017363,1,7,,0,2,2,15,A01
201900017363,2,2,,0,2,1,1,B01
201900017364,2,15,,0,2,3,23,C01
201900017364,1,2,,0,2,1,3,B01
201900017364,1,7,,0,2,3,15,A01
201900017365,1,15,,13,0,7,1,A01
201900017366,3,33,,0,5,2,1,A01
201900017367,2,7,,6,0,1,2,A01
201900017368,1,32,,0,1,8,12,A01
201900017369,1,2,,14,0,1,12,A01
201900017370,1,7,,0,2,1,0,A01
201900017370,2,7,,0,2,1,1,B01
201900017371,1,33,,0,2,3,1,B01
201900017371,2,7,,0,2,7,19,A01
201900017372,2,7,,8,0,1,16,B01
201900017372,2,7,,0,0,4,16,A01
201900017373,0,7,,0,2,3,9,B01
201900017373,0,7,,0,0,5,26,A01
201900017374,2,7,,0,2,2,1,A01
201900017374,3,7,,7,2,1,1,B01
201900017375,1,2,,0,2,3,1,B01
201900017375,2,7,,0,2,2,15,A01
201900017376,1,32,,0,2,2,5,B01
201900017376,2,7,,0,2,7,1,A01
201900017377,2,7,,0,2,7,15,A01
201900017377,1,34,,0,2,1,18,B01
201900017378,1,2,,0,2,1,17,A01
201900017378,2,7,,0,2,3,26,B01
201900017379,2,7,,15,0,9,1,A01
201900017380,3,38,1.0,0,2,5,1,B01
201900017380,3,1,,0,2,8,1,A01
201900017381,2,10,,0,2,4,2,B01
201900017381,2,10,,0,2,2,2,A01
201900017382,2,7,,0,1,1,1,A01
201900017383,0,7,,0,2,2,1,B01
201900017383,3,7,,0,2,3,9,A01
201900017384,2,1,,0,2,1,1,B01
201900017384,1,7,,0,9,7,15,A01
201900017385,1,7,,0,2,4,1,B01
201900017385,1,32,,0,2,8,1,A01
201900017386,2,10,,0,1,1,1,A01
201900017387,2,7,,0,1,1,1,A01
201900017388,1,33,,0,0,0,0,A01
201900017389,3,1,,0,2,7,10,B01
201900017389,3,7,,0,2,2,16,A01
201900017390,2,7,,13,0,1,1,A01
201900017391,1,7,,6,0,1,1,A01
201900017392,3,7,,0,1,3,1,A01
201900017393,0,2,,0,0,0,26,A01
201900017394,1,80,,0,2,1,1,B01
201900017394,2,7,,0,2,3,15,A01
201900017395,2,33,,0,2,1,3,A01
201900017395,2,10,,0,2,3,22,B01
201900017396,2,10,,0,2,4,1,A01
201900017396,2,7,,0,2,1,12,Z01
201900017397,2,7,,0,2,4,1,A01
201900017397,2,7,,0,2,4,2,B01
201900017397,2,7,,0,2,4,2,C01
201900017397,2,10,,0,2,1,2,D01
201900017397,2,7,,0,2,4,2,E01
201900017397,2,7,,0,2,1,2,F01
201900017398,1,7,,0,2,4,23,C01
201900017398,1,7,,0,2,4,23,B01
201900017398,1,7,,0,2,1,2,A01
201900017399,2,7,,0,2,8,11,A01
201900017399,2,33,,3,2,7,3,B01
201900017400,1,10,,0,2,1,1,A01
201900017400,1,17,,0,2,3,12,B01
201900017400,1,14,,0,2,4,1,C01
201900017400,1,10,,0,2,8,13,D01
201900017400,1,14,,0,2,2,1,E01
201900017400,1,7,,0,2,4,1,F01
201900017401,2,7,,4,0,1,21,A01
201900017402,2,7,,0,2,6,11,A01
201900017402,2,33,,0,2,2,3,B01
201900017403,1,31,,0,0,8,2,A01
201900017404,1,10,,0,2,4,2,B01
201900017404,1,7,,0,2,1,2,A01
201900017405,1,10,,0,2,2,15,B01
201900017405,2,33,,0,2,1,1,A01
201900017406,1,7,,0,1,1,3,A01
201900017407,1,7,,0,2,6,1,Z01
201900017407,1,31,,0,2,2,3,A01
201900017408,2,34,,0,0,0,1,A01
201900017409,1,7,,0,2,4,23,B01
201900017409,1,7,,0,2,1,2,A01
201900017410,1,7,,0,2,5,23,C01
201900017410,1,7,,0,2,4,23,B01
201900017410,1,17,,0,2,1,2,A01
201900017411,1,32,,0,1,1,1,A01
201900017412,2,1,,0,1,8,1,A01
201900017413,1,10,,0,2,3,20,A01
201900017413,1,32,,1,2,9,17,B01
201900017414,3,7,,0,2,3,1,B01
201900017414,3,32,,0,2,7,16,A01
201900017415,2,7,,0,2,3,22,B01
201900017415,2,30,,0,2,2,1,A01
201900017416,2,7,,0,2,3,10,B01
201900017416,2,33,,0,2,1,17,A01
201900017417,1,34,,0,0,7,16,A01
201900017418,1,7,,0,2,5,23,B01
201900017418,1,7,,0,2,3,13,A01
201900017419,1,50,,0,0,0,1,A01
201900017420,2,7,,0,2,5,15,A01
201900017420,1,31,,0,2,1,2,B01
201900017421,2,7,,0,2,1,9,A01
201900017421,1,7,,0,2,8,1,B01
201900017421,1,10,,0,2,3,1,C01
201900017422,2,7,,0,2,1,1,B01
201900017422,1,7,,0,2,5,15,A01
201900017423,2,33,,0,2,1,1,B01
201900017423,1,7,,0,2,3,10,A01
201900017424,0,3,,0,0,1,16,A01
201900017425,1,32,,1,0,2,17,A01
201900017425,2,1,,1,0,1,20,B01
201900017426,1,7,,0,2,4,2,C01
201900017426,1,7,,0,2,4,2,B01
201900017426,1,7,,0,2,1,2,A01
201900017427,3,7,,0,2,4,23,B01
201900017427,3,7,,0,2,1,26,A01
201900017428,1,7,,0,1,2,1,A01
201900017429,2,32,,0,2,4,2,B01
201900017429,2,10,,0,2,1,2,A01
201900017430,2,7,,0,2,1,2,A01
201900017430,2,7,,0,2,4,2,B01
201900017431,0,7,,0,1,3,19,A01
201900017432,0,30,,0,2,7,1,B01
201900017432,0,3,,0,2,8,15,A01
201900017433,1,7,,0,2,6,16,A01
201900017433,1,32,,0,2,7,26,B01
201900017434,3,7,,0,2,2,15,A01
201900017434,3,7,,0,2,3,1,B01
201900017435,2,2,,1,2,8,1,B01
201900017435,1,7,,14,2,3,15,A01
201900017435,2,7,,0,2,1,23,C01
201900017436,1,10,,8,0,3,1,A01
201900017437,1,2,,12,0,1,1,A01
201900017438,1,34,,0,0,7,1,A01
201900017439,2,17,,4,2,2,1,B01
201900017439,2,14,,4,2,3,1,A01
201900017440,2,33,,0,2,1,2,A01
201900017440,2,7,,0,0,4,2,B01
201900017441,2,7,,0,2,1,1,B01
201900017441,2,7,,3,2,5,26,A01
201900017442,2,7,,2,0,9,1,A01
201900017443,2,7,,0,2,3,1,B01
201900017443,1,7,,0,0,1,13,A01
201900017444,1,7,,0,2,1,13,B01
201900017444,2,17,,0,2,3,1,A01
201900017445,2,7,,0,2,8,1,B01
201900017445,2,7,,0,2,2,15,A01
201900017446,2,10,,0,2,3,1,B01
201900017446,1,10,,0,2,3,13,A01
201900017447,2,2,,0,2,7,1,B01
201900017447,1,7,,0,2,1,1,A01
201900017448,2,7,,2,0,7,14,A01
201900017449,2,10,,0,1,2,1,A01
201900017450,3,7,,0,9,2,1,B01
201900017450,3,1,,0,2,1,25,A01
201900017451,1,7,,6,0,1,1,A01
201900017452,1,7,,0,2,1,1,B01
201900017452,2,7,,0,2,1,15,A01
201900017453,1,7,,0,2,1,2,A01
201900017453,1,33,,0,0,4,23,B01
201900017454,3,7,,0,9,3,1,A01
201900017454,3,1,,0,2,8,1,B01
201900017455,1,7,,13,0,3,13,A01
201900017456,2,7,,0,1,1,1,A01
201900017457,1,7,,0,2,2,1,B01
201900017457,1,10,,0,2,8,17,A01
201900017458,3,2,,0,2,8,1,B01
201900017458,3,7,,0,2,1,9,A01
201900017459,1,33,,0,0,3,15,A01
201900017460,2,7,,0,2,1,2,A01
201900017460,2,15,,0,0,4,1,B01
201900017461,0,7,,0,2,3,9,A01
201900017461,0,7,,0,0,3,1,B01
201900017462,2,33,,0,2,1,17,A01
201900017462,1,33,,0,2,1,1,B01
201900017463,0,2,,0,1,1,1,A01
201900017464,1,33,,1,0,8,1,A01
201900017465,1,7,,0,2,9,2,D01
201900017465,2,15,,0,0,1,2,C01
201900017465,1,7,,0,0,9,0,B01
201900017465,1,7,,0,0,4,0,A01
201900017466,2,14,,0,2,2,1,B01
201900017466,2,7,,0,2,2,11,A01
201900017467,2,7,,0,2,6,1,B01
201900017467,2,7,,0,2,2,1,A01
201900017468,1,7,,2,0,1,11,A01
201900017469,3,7,,13,0,2,1,A01
201900017470,0,7,,0,2,2,9,B01
201900017470,0,7,,0,2,3,1,A01
201900017471,1,2,,0,2,7,1,A01
201900017471,3,7,,0,2,3,15,B01
201900017472,3,7,,16,0,0,1,A01
201900017473,1,33,,0,2,1,17,A01
201900017473,2,7,,0,2,3,1,B01