Num_Acc,senc,catv,occutc,obs,obsm,choc,manv,num_veh
201900017474,3,7,,0,2,3,1,B01
201900017474,3,7,,0,2,3,5,A01
201900017475,2,7,,0,2,5,1,B01
201900017475,2,15,,0,2,3,11,A01
201900017476,2,7,,6,0,1,17,A01
201900017477,2,36,,0,2,1,2,A01
201900017477,2,7,,0,2,8,1,B01
201900017477,2,7,,0,2,3,1,C01
201900017477,2,7,,0,2,6,1,D01
201900017478,1,33,,2,0,1,1,A01
201900017479,2,7,,0,2,2,17,A01
201900017479,2,1,,0,0,4,1,B01
201900017480,1,10,,0,0,8,13,A01
201900017481,1,7,,5,0,4,1,A01
201900017482,1,7,,16,0,0,2,A01
201900017483,2,7,,8,0,9,1,A01
201900017484,2,7,,13,0,8,13,A01
201900017485,2,3,,13,0,3,0,A01
201900017486,1,7,,0,1,1,1,A01
201900017487,2,7,,0,2,2,1,B01
201900017487,1,7,,0,2,1,13,A01
201900017488,1,33,,0,6,1,1,A01
201900017489,2,7,,0,2,1,1,A01
201900017489,1,1,,0,2,2,15,B01
201900017490,2,10,,16,0,1,1,A01
201900017491,2,7,,0,2,2,1,B01
201900017491,2,2,,0,2,8,9,A01
201900017492,2,7,,2,0,1,1,A01
201900017493,2,7,,8,0,1,1,A01
201900017494,1,7,,6,0,2,1,A01
201900017495,2,7,,0,2,3,17,A01
201900017495,2,1,,0,0,4,13,B01
201900017496,1,7,,0,2,8,19,A01
201900017496,1,7,,0,2,1,1,B01
201900017497,2,33,,0,2,1,15,A01
201900017497,2,7,,0,2,2,1,B01
201900017498,2,7,,3,2,5,23,A01
201900017498,2,7,,0,2,1,1,B01
201900017499,1,7,,2,0,3,1,A01
201900017500,3,7,,0,0,0,1,A01
201900017501,1,10,,0,1,4,4,A01
201900017502,2,3,,0,2,1,1,B01
201900017502,1,2,,0,2,1,13,A01
201900017503,1,33,,6,2,7,1,A01
201900017503,2,7,,0,2,6,15,B01
201900017504,1,7,,0,9,3,1,C01
201900017504,2,21,,0,0,0,1,B01
201900017504,2,1,,0,2,3,17,A01
201900017505,2,33,,0,0,2,1,A01
201900017506,2,7,,6,0,8,13,A01
201900017507,0,2,,0,2,7,1,B01
201900017507,1,7,,0,2,3,9,A01
201900017508,3,1,,0,2,7,19,C01
201900017508,3,1,,0,2,7,19,B01
201900017508,1,7,,0,2,1,1,A01
201900017509,1,1,,0,2,4,13,B01
201900017509,1,7,,0,1,2,1,A01
201900017510,3,7,,13,0,3,1,A01
201900017511,2,10,,0,0,1,1,A01
201900017512,2,7,,0,2,1,13,A01
201900017512,1,10,,0,2,1,21,B01
201900017513,2,7,,16,0,0,1,A01
201900017514,3,7,,2,0,2,14,A01
201900017515,2,7,,0,2,3,13,A01
201900017515,1,7,,0,2,1,1,B01
201900017516,1,7,,0,2,3,13,A01
201900017516,2,7,,0,2,3,1,B01
201900017517,1,7,,2,0,1,14,A01
201900017518,2,7,,2,0,2,1,A01
201900017519,2,7,,0,2,8,1,B01
201900017519,1,2,,0,2,1,1,A01
201900017520,3,1,,0,2,1,1,A01
201900017520,3,21,,0,0,7,1,B01
201900017521,3,33,,17,0,1,0,A01
201900017522,2,7,,0,2,1,0,A01
201900017522,2,2,,0,2,1,10,B01
201900017523,1,80,,0,2,7,15,B01
201900017523,1,7,,0,9,3,9,A01
201900017524,2,7,,0,2,1,1,B01
201900017524,1,7,,0,0,3,19,A01
201900017525,2,33,,6,2,7,18,A01
201900017525,2,15,,0,2,8,17,B01
201900017526,3,7,,8,0,1,1,A01
201900017527,1,7,,3,0,0,1,A01
201900017528,0,33,,0,2,1,2,A01
201900017528,0,10,,0,0,4,2,B01
201900017529,2,33,,0,6,1,1,A01
201900017530,2,7,,6,0,1,1,A01
201900017531,2,7,,13,0,1,1,A01
201900017532,2,7,,0,0,1,17,A01
201900017533,2,33,,0,0,0,0,A01
201900017534,1,7,,13,9,8,13,A01
201900017535,3,1,,6,2,1,1,B01
201900017535,3,7,,6,2,3,13,A01
201900017536,1,7,,7,0,7,1,A01
201900017537,1,7,,0,2,1,1,B01
201900017537,2,7,,0,2,1,0,A01
201900017538,3,33,,12,0,2,2,A01
201900017539,1,7,,0,2,3,1,B01
201900017539,2,14,,0,2,3,1,A01
201900017540,1,7,,6,0,1,13,A01
201900017541,0,7,,6,0,2,0,A01
201900017542,2,7,,13,0,2,14,A01
201900017543,1,33,,0,0,8,17,A01
201900017544,1,33,,13,0,8,26,A01
201900017545,2,7,,0,2,3,1,B01
201900017545,1,7,,0,2,3,13,A01
201900017546,3,36,,0,2,2,1,B01
201900017546,3,33,,0,2,3,5,A01
201900017547,3,36,,0,0,7,10,A01
201900017548,0,7,,0,2,3,9,A01
201900017548,1,7,,0,2,2,1,B01
201900017549,1,33,,0,2,1,2,A01
201900017549,2,7,,0,2,6,15,B01
201900017550,1,1,,0,0,1,0,A01
201900017551,1,7,,0,2,3,1,B01
201900017551,2,36,,0,2,3,13,A01
201900017552,2,33,,0,2,8,1,B01
201900017552,2,7,,0,2,1,19,A01
201900017553,2,7,,17,0,1,1,A01
201900017554,2,7,,4,0,1,1,A01
201900017555,1,10,,3,2,4,2,C01
201900017555,1,17,,0,2,1,2,A01
201900017556,2,14,,8,0,3,1,A01
201900017557,2,10,,3,0,0,0,A01
201900017558,1,10,,0,2,8,1,B01
201900017558,2,31,,0,2,3,13,A01
201900017559,2,7,,3,0,3,1,A01
201900017560,0,7,,0,2,5,15,B01
201900017560,0,7,,0,2,1,1,A01
201900017561,1,7,,0,0,2,1,A01
201900017561,1,7,,0,0,3,0,B01
201900017561,1,7,,0,2,1,0,C01
201900017561,1,7,,0,2,2,0,D01
201900017561,1,7,,3,0,3,0,E01
201900017561,1,7,,0,2,0,0,F01
201900017562,1,7,,3,2,2,1,A01
201900017562,1,7,,3,0,2,1,B01
201900017562,1,7,,0,2,1,2,C01
201900017563,3,7,,0,1,3,1,A01
201900017564,1,7,,0,2,1,2,A01
201900017564,1,15,,0,0,4,2,B01
201900017565,3,7,,0,1,3,1,A01
201900017566,1,7,,0,2,5,15,A01
201900017566,2,33,,0,2,1,1,B01
201900017567,2,7,,6,0,1,13,A01
201900017568,0,2,,0,2,1,1,B01
201900017568,3,7,,0,2,3,20,A01
201900017569,1,7,,0,2,1,5,A01
201900017569,1,7,,0,2,1,2,B01
201900017570,2,7,,0,9,0,0,A01
201900017570,2,1,,0,0,4,0,B01
201900017571,1,7,,0,2,1,13,B01
201900017571,2,15,,0,2,1,1,A01
201900017572,2,7,,0,0,6,2,B01
201900017572,2,33,,0,2,1,2,A01
201900017573,2,7,,14,0,1,14,A01
201900017574,3,7,,2,0,2,1,A01
201900017575,1,7,,0,2,1,5,A01
201900017575,2,7,,5,2,8,1,B01
201900017576,2,7,,0,0,0,1,A01
201900017577,2,17,,0,1,7,1,A01
201900017578,1,7,,13,0,1,14,A01
201900017579,2,7,,7,0,3,1,A01
201900017580,2,33,,0,0,0,17,A01
201900017581,2,17,,13,0,8,14,A01
201900017582,1,7,,17,0,1,0,A01
201900017583,2,7,,0,2,1,2,D01
201900017583,2,7,,0,2,1,2,C01
201900017583,2,7,,0,2,1,9,B01
201900017583,2,7,,0,0,4,2,A01
201900017584,1,7,,0,2,8,13,A01
201900017584,2,16,,0,0,8,1,B01
201900017585,1,13,,0,0,4,23,A01
201900017585,1,10,,1,2,1,23,B01
201900017586,1,7,,4,0,1,1,A01
201900017587,1,7,,2,0,2,15,A01
201900017588,1,38,19.0,13,0,0,15,A01
201900017589,1,7,,0,2,1,13,A01
201900017589,2,17,,0,2,3,1,B01
201900017589,2,7,,0,2,1,1,C01
201900017589,1,7,,0,2,0,1,D01
201900017590,1,7,,0,2,1,11,A01
201900017590,2,17,,0,2,1,1,B01
201900017591,2,7,,0,2,5,1,D01
201900017591,2,17,,0,2,6,1,C01
201900017591,2,17,,0,0,0,1,B01
201900017591,2,7,,0,2,1,2,A01
201900017592,2,7,,17,0,1,0,A01
201900017593,2,17,,5,0,1,1,A01
201900017594,1,15,,0,2,4,2,B01
201900017594,1,15,,0,0,4,2,D01
201900017594,1,15,,0,2,4,2,C01
201900017594,1,15,,0,2,1,2,A01
201900017595,1,7,,0,0,4,1,B01
201900017595,1,7,,0,2,1,2,A01
201900017596,1,7,,7,0,1,1,A01
201900017597,1,7,,0,2,1,1,B01
201900017597,2,33,,0,2,3,19,A01
201900017598,2,7,,17,0,1,14,A01
201900017599,2,7,,13,2,9,1,B01
201900017599,2,7,,0,2,7,26,A01
201900017600,3,17,,0,1,3,12,A01
201900017601,2,14,,0,0,6,1,B01
201900017601,2,7,,0,2,1,14,A01
201900017602,1,7,,0,0,4,23,C01
201900017602,1,7,,0,2,4,23,B01
201900017602,1,15,,0,0,1,2,A01
201900017603,2,7,,0,2,1,2,A01
201900017603,2,7,,0,0,4,2,B01
201900017604,2,7,,0,2,3,11,A01
201900017604,2,10,,3,0,5,1,B01
201900017605,1,7,,0,0,4,1,B01
201900017605,1,7,,0,2,1,1,A01
201900017606,3,7,,6,0,8,1,A01
201900017607,1,7,,13,0,1,14,A01
201900017608,3,7,,0,2,4,1,B01
201900017608,3,7,,0,2,1,1,A01
201900017609,3,7,,13,0,2,1,A01
201900017610,2,7,,13,0,9,1,A01
201900017611,3,32,,0,2,3,1,B01
201900017611,3,7,,0,2,3,15,A01
201900017612,1,0,,0,0,1,1,A01
201900017613,1,99,,0,2,1,1,B01
201900017613,2,3,,0,2,1,13,A01
201900017614,0,7,,0,1,3,0,A01
201900017615,3,2,,0,2,3,13,B01
201900017615,3,7,,0,2,3,15,A01
201900017616,3,7,,0,0,1,1,A01
201900017617,1,7,,0,2,2,1,B01
201900017617,2,7,,0,2,7,13,A01
201900017618,3,2,,0,2,8,1,B01
201900017618,3,7,,0,2,7,17,A01
201900017619,3,2,,0,2,1,1,B01
201900017619,3,7,,0,0,7,15,A01
201900017620,3,2,,0,2,1,1,A01
201900017620,3,7,,0,2,2,1,B01
201900017621,3,36,,0,0,0,0,B01
201900017622,1,10,,0,2,2,17,A01
201900017622,1,7,,0,2,3,15,B01
201900017623,2,7,,0,0,0,26,A01
201900017624,1,2,,13,0,7,1,A01
201900017625,2,7,,0,2,3,13,A01
201900017625,1,7,,0,2,3,1,B01
201900017626,2,7,,0,0,5,26,B01
201900017626,2,2,,0,2,1,2,A01
201900017627,3,1,,0,2,7,1,B01
201900017627,3,7,,0,2,5,4,A01
201900017628,1,33,,0,0,9,1,A01
201900017629,1,10,,6,0,3,1,A01
201900017630,2,7,,0,2,1,19,B01
201900017630,1,7,,0,2,1,1,A01
201900017631,2,7,,0,0,7,23,A01
201900017631,2,33,,1,0,0,21,B01
201900017632,1,10,,0,2,1,13,A01
201900017632,2,10,,0,2,1,1,B01
201900017633,1,7,,0,2,1,1,A01
201900017633,2,7,,0,2,1,13,B01
201900017634,1,7,,0,2,6,5,A01
201900017634,2,7,,0,2,1,1,B01
201900017635,2,33,,12,6,1,1,A01
201900017636,1,7,,13,0,1,15,A01
201900017637,2,7,,2,0,1,13,A01
201900017638,1,7,,3,0,7,1,A01
201900017639,0,7,,0,2,8,16,A01
201900017639,3,32,,0,2,2,1,B01
201900017640,1,7,,0,2,3,13,A01
201900017640,2,7,,0,2,8,1,B01
201900017641,2,7,,0,0,9,21,A01
201900017642,1,7,,10,0,1,1,A01
201900017643,1,33,,13,0,1,1,A01
201900017644,3,36,,0,0,8,0,A01
201900017645,3,33,,0,2,4,2,B01
201900017645,3,33,,0,0,1,2,A01
201900017646,3,7,,2,0,1,1,A01
201900017647,2,33,,13,0,9,1,A01
201900017648,3,7,,0,9,1,1,A01
201900017648,0,1,,0,2,8,1,B01
201900017649,2,7,,0,2,1,1,B01
201900017649,0,7,,0,2,7,19,A01
201900017650,2,7,,0,1,3,15,A01
201900017651,1,7,,0,2,7,15,A01
201900017651,2,33,,0,2,1,1,B01
201900017652,3,7,,0,2,2,15,B01
201900017652,1,33,,6,2,7,1,A01
201900017653,0,7,,0,1,8,11,A01
201900017654,3,10,,0,2,1,15,B01
201900017654,1,34,,0,0,8,17,A01
201900017655,1,7,,16,0,1,1,A01
201900017656,1,7,,13,0,2,1,A01
201900017657,0,33,,0,2,4,2,B01
201900017657,0,7,,0,2,1,9,A01
201900017658,2,7,,0,2,6,21,B01
201900017658,1,7,,0,2,3,13,A01
201900017659,0,99,,13,0,7,14,A01
201900017660,1,1,,0,2,1,2,B01
201900017660,1,7,,0,0,4,23,A01
201900017661,1,7,,0,1,1,1,A01
201900017662,2,33,,6,0,1,13,A01
201900017663,1,7,,0,2,5,1,B01
201900017663,2,7,,0,2,1,1,A01
201900017664,0,31,,0,2,1,1,B01
201900017664,3,7,,0,2,3,15,A01
201900017665,2,60,,0,2,1,13,A01
201900017665,1,7,,0,9,3,1,B01
201900017666,3,10,,0,1,1,1,A01
201900017667,1,7,,13,0,0,1,A01
201900017668,2,7,,0,0,9,1,A01
201900017669,1,7,,0,2,2,1,B01
201900017669,1,1,,0,2,1,1,A01
201900017670,2,7,,0,2,1,1,B01
201900017670,1,13,,0,2,1,5,A01
201900017671,1,7,,3,0,8,1,A01
201900017672,1,31,,1,0,1,16,A01
201900017673,3,1,,0,0,3,1,B01
201900017673,3,1,,0,2,2,1,A01
201900017674,1,1,,14,0,1,1,A01
201900017675,0,36,,0,2,3,1,B01
201900017675,0,7,,0,2,6,1,A01
201900017676,2,7,,0,0,2,1,A01
201900017677,0,31,,0,0,0,21,A01
201900017677,0,7,,0,0,0,9,B01
201900017678,3,7,,0,1,4,20,A01
201900017679,2,7,,0,2,1,1,B01
201900017679,1,7,,0,2,7,13,A01
201900017680,0,60,,0,2,1,19,B01
201900017680,3,38,1.0,0,1,2,16,A01
201900017681,0,7,,0,2,1,21,A01
201900017681,0,33,,0,2,1,5,B01
201900017682,2,33,,2,0,7,0,A01
201900017683,3,7,,16,0,1,1,A01
201900017684,1,7,,0,2,2,1,B01
201900017684,2,7,,0,2,3,5,A01
201900017685,1,3,,8,0,1,21,A01
201900017686,1,1,,0,2,1,0,B01
201900017686,2,7,,0,2,2,15,A01
201900017687,2,7,,6,0,1,13,A01
201900017688,3,33,,8,0,0,16,A01
201900017689,2,7,,6,0,8,1,A01
201900017690,1,7,,0,2,1,1,B01
201900017690,2,33,,0,2,2,5,A01
201900017691,3,7,,0,1,2,14,A01
201900017692,2,10,,0,2,3,1,B01
201900017692,1,7,,0,2,3,13,A01
201900017693,1,20,,0,2,2,21,B01
201900017693,1,7,,0,2,8,24,A01
201900017694,2,7,,4,0,8,2,A01
201900017695,1,7,,0,2,4,2,A01
201900017695,1,14,,0,2,1,2,B01
201900017696,2,7,,0,2,6,1,A01
201900017696,2,7,,4,2,2,14,B01
201900017697,1,7,,0,2,1,1,B01
201900017697,1,7,,0,2,4,1,A01
201900017698,1,7,,0,2,6,1,A01
201900017698,1,7,,0,0,0,0,Z01
201900017699,1,7,,0,2,1,12,A01
201900017699,1,99,,0,2,4,1,B01
201900017700,1,7,,0,2,6,2,C01
201900017700,1,7,,3,2,4,2,B01
201900017700,1,7,,0,2,1,9,A01
201900017701,1,17,,0,2,6,23,B01
201900017701,1,7,,0,2,2,1,A01
201900017702,1,33,,0,2,2,1,A01
201900017702,1,7,,0,2,6,14,B01
201900017702,1,7,,0,2,4,1,C01
201900017703,1,7,,0,2,1,0,Z01
201900017703,1,7,,3,2,4,1,B01
201900017704,2,17,,0,2,6,24,B01
201900017704,2,7,,1,0,1,14,A01
201900017705,2,7,,0,2,3,1,C01
201900017705,2,33,,0,2,3,1,B01
201900017705,2,7,,0,2,5,12,A01
201900017706,1,33,,0,2,1,1,C01
201900017706,1,7,,0,2,1,1,B01
201900017706,2,10,,0,2,1,5,A01
201900017707,2,33,,0,2,2,3,A01
201900017707,2,15,,0,2,0,1,B01
201900017708,1,7,,0,2,1,2,A01
201900017708,1,7,,0,2,4,2,B01
201900017709,2,33,,4,0,3,1,A01
201900017710,2,10,,0,2,1,2,A01
201900017710,2,7,,0,2,4,2,B01
201900017710,2,7,,0,2,4,2,C01
201900017710,2,7,,0,2,4,2,D01
201900017711,2,17,,0,2,4,2,C01
201900017711,2,7,,0,2,4,2,B01
201900017711,2,10,,0,2,2,2,A01
201900017712,1,33,,4,0,1,2,A01
201900017713,2,7,,15,0,2,21,A01
201900017714,1,7,,3,0,1,26,A01
201900017715,2,7,,3,0,9,26,A01
201900017716,1,7,,1,0,1,14,A01
201900017716,1,7,,1,0,4,23,B01
201900017716,1,7,,1,2,4,0,C01
201900017717,2,7,,0,2,6,1,B01
201900017717,2,7,,0,2,2,14,A01
201900017718,2,32,,0,0,9,0,A01
201900017719,3,1,,0,2,4,2,B01
201900017719,3,7,,0,6,1,2,A01
201900017720,3,33,,0,2,1,1,B01
201900017720,3,7,,0,2,2,9,A01
201900017721,2,7,,0,2,2,1,A01
201900017721,1,7,,0,2,3,1,B01
201900017722,1,7,,0,1,2,2,A01
201900017723,0,7,,0,1,1,16,A01
201900017724,1,7,,0,2,1,19,A01
201900017724,1,33,,0,2,8,1,B01
201900017725,1,10,,0,2,5,1,B01
201900017725,1,99,,0,2,1,1,A01
201900017726,1,7,,1,0,7,9,A01
201900017726,0,7,,0,0,6,22,B01
201900017727,1,7,,0,1,1,15,A01
201900017728,3,7,,0,2,4,23,C01
201900017728,3,7,,0,2,4,23,B01
201900017728,3,7,,0,2,1,26,A01
201900017729,1,7,,0,2,3,0,A01
201900017729,1,7,,0,2,2,0,B01
201900017730,3,7,,0,2,1,0,A01
201900017730,3,7,,0,2,7,0,B01
201900017731,2,31,,0,2,1,1,B01
201900017731,1,7,,0,2,2,15,A01
201900017732,3,7,,0,-1,2,2,A01
201900017733,2,7,,0,1,3,19,A01
201900017734,0,7,,0,2,1,1,A01
201900017734,0,7,,0,2,4,1,B01
201900017735,2,7,,0,2,3,1,A01
201900017735,1,50,,0,2,1,19,B01
201900017736,1,10,,0,2,6,1,B01
201900017736,1,7,,0,2,1,1,A01
201900017737,1,33,,0,2,3,3,A01
201900017737,1,7,,0,2,2,12,B01
201900017738,2,7,,0,2,1,2,A01
201900017738,2,7,,0,2,4,2,B01
201900017738,2,7,,0,2,4,2,C01
201900017739,2,14,,0,2,4,1,B01
201900017739,2,7,,0,2,4,12,A01
201900017740,2,7,,3,0,8,13,A01
201900017741,2,7,,0,2,6,1,B01
201900017741,2,43,,0,2,2,17,A01
201900017742,1,10,,0,2,4,23,D01
201900017742,1,7,,0,2,4,23,C01
201900017742,1,7,,0,2,4,23,B01
201900017742,1,14,,1,0,1,2,A01
201900017743,2,10,,0,2,1,9,A01
201900017743,1,10,,0,2,3,0,B01
201900017744,3,10,,0,2,8,1,A01
201900017744,3,30,,0,2,1,1,B01
201900017745,1,7,,12,0,2,25,A01
201900017746,1,7,,0,2,1,19,B01
201900017746,2,34,,0,2,4,19,A01
201900017747,2,33,,0,2,0,1,B01
201900017747,1,99,,0,2,2,15,A01
201900017748,2,7,,0,2,1,0,B01
201900017748,1,7,,0,2,1,11,A01
201900017749,1,31,,12,0,7,26,A01
201900017750,2,31,,1,2,1,1,A01
201900017750,1,7,,0,2,5,15,B01
201900017751,1,7,,0,2,4,2,B01
201900017751,1,7,,0,2,3,2,A01
201900017752,3,7,,0,2,3,15,B01
201900017752,0,30,,0,2,1,1,A01
201900017753,3,30,,0,0,0,0,A01
201900017754,0,7,,9,0,1,1,A01
201900017755,2,7,,0,6,2,19,A01
201900017755,2,99,,0,2,6,1,B01
201900017756,3,7,,0,2,2,15,A01
201900017756,3,7,,0,2,1,1,B01
201900017757,1,3,,0,2,1,1,A01
201900017757,1,3,,0,2,8,1,B01
201900017758,2,7,,0,2,3,1,A01
201900017758,1,7,,0,2,3,17,B01
201900017759,2,7,,0,1,7,1,A01
201900017760,2,33,,0,2,2,1,B01
201900017760,1,10,,0,2,6,15,A01
201900017761,2,3,,0,2,1,1,A01
201900017761,2,7,,0,2,4,23,B01
201900017762,1,10,,0,2,5,15,B01
201900017762,1,7,,0,2,1,2,A01
201900017763,3,7,,0,2,3,15,B01
201900017763,3,30,,0,2,1,2,A01
201900017764,2,10,,0,2,7,20,A01
201900017764,1,33,,0,2,1,1,B01
201900017765,3,7,,0,0,0,19,B01
201900017765,1,32,,0,2,1,14,A01
201900017766,3,7,,0,1,3,15,A01
201900017767,1,30,,0,2,1,15,A01
201900017767,1,7,,0,2,1,2,B01
201900017768,1,32,,0,2,0,0,A01
201900017768,1,7,,0,2,8,26,B01
201900017769,2,7,,6,2,0,0,A01
201900017769,2,7,,6,0,0,0,B01
201900017769,2,7,,9,2,0,1,D01
201900017770,2,33,,0,2,8,13,A01
201900017770,1,7,,0,2,8,1,B01
201900017771,1,30,,0,0,1,14,A01
201900017772,1,10,,0,2,1,9,A01
201900017772,2,33,,0,2,7,1,B01
201900017773,0,33,,8,0,1,1,A01
201900017774,2,37,1.0,0,1,1,26,A01
201900017775,1,7,,0,2,2,15,A01
201900017775,2,2,,0,2,1,0,B01
201900017776,2,7,,0,2,1,1,D01
201900017776,2,7,,0,2,4,1,C01
201900017776,2,7,,0,2,3,1,B01
201900017776,2,7,,0,2,7,17,A01
201900017777,1,33,,0,2,1,2,A01
201900017777,1,7,,0,2,5,2,B01
201900017778,1,1,,0,1,0,25,A01
201900017779,2,7,,0,2,1,2,A01
201900017779,2,7,,0,1,4,2,B01
201900017780,1,1,,0,2,0,0,B01
201900017780,1,10,,0,2,1,9,A01
201900017781,1,7,,0,1,3,1,A01
201900017782,2,2,,0,2,8,16,A01
201900017782,3,33,,0,2,8,0,B01
201900017783,2,7,,0,2,2,1,A01
201900017783,2,1,,0,2,4,1,B01
201900017784,3,7,,0,2,3,15,B01
201900017784,3,33,,0,2,1,1,A01
201900017785,2,30,,0,0,0,1,A01
201900017786,2,7,,0,1,1,19,A01
201900017786,1,1,,0,2,7,1,B01
201900017787,2,7,,0,1,2,21,A01
201900017788,3,17,,0,2,4,23,B01
201900017788,3,7,,0,2,1,2,A01
201900017789,1,7,,8,0,7,1,A01
201900017790,1,33,,0,2,4,2,B01
201900017790,1,7,,0,2,1,2,A01
201900017791,1,7,,0,2,1,9,A01
201900017791,1,7,,0,2,4,9,B01
201900017792,1,1,,10,0,0,0,A01
201900017793,1,7,,0,2,5,1,A01
201900017793,2,7,,0,2,2,1,B01
201900017794,3,7,,0,2,3,16,A01
201900017794,2,7,,0,2,1,1,B01
201900017795,2,10,,0,2,4,1,B01
201900017795,2,32,,0,2,1,2,A01
201900017796,1,1,,0,2,7,2,C01
201900017796,2,1,,0,2,7,0,B01
201900017796,2,7,,0,6,3,9,A01
201900017797,1,7,,0,2,3,15,A01
201900017797,2,7,,0,2,8,1,Z01
201900017798,2,7,,0,2,3,9,A01
201900017798,2,7,,0,2,5,26,B01
201900017799,2,10,,0,1,7,1,A01
201900017800,2,7,,0,0,0,13,B01
201900017800,1,33,,13,0,3,26,A01
201900017801,2,30,,0,2,1,0,B01
201900017801,3,7,,0,2,6,15,A01
201900017802,3,7,,0,2,1,26,A01
201900017802,3,7,,0,2,3,0,B01
201900017803,0,1,,0,2,4,1,B01
201900017803,0,7,,0,2,1,1,A01
201900017804,1,7,,1,0,2,14,A01
201900017805,1,7,,0,1,1,26,A01
201900017806,1,7,,2,0,4,1,A01
201900017807,1,2,,16,0,0,15,A01
201900017808,1,7,,0,1,2,1,A01
201900017809,1,7,,0,2,0,1,B01
201900017809,1,1,,0,2,0,1,A01
201900017810,1,7,,0,1,1,1,A01
201900017811,1,7,,0,2,7,1,B01
201900017811,1,7,,0,2,8,13,A01
201900017812,1,7,,0,1,2,1,A01
201900017813,1,7,,0,2,4,23,B01
201900017813,1,7,,0,2,1,1,A01
201900017814,1,7,,0,2,2,1,B01
201900017814,1,7,,0,2,8,15,A01
201900017815,1,7,,0,1,1,1,Z01
201900017816,3,7,,0,2,1,1,B01
201900017816,3,10,,0,2,2,15,A01
201900017817,1,2,,0,2,1,1,B01
201900017817,1,7,,0,2,1,1,A01
201900017818,0,33,,0,2,1,1,A01
201900017818,0,10,,0,2,1,1,B01
201900017819,2,33,,0,6,7,1,B01
201900017819,2,60,,0,2,5,19,A01
201900017820,1,1,,0,0,0,0,A01
201900017821,1,7,,0,2,1,13,A01
201900017821,2,17,,0,2,1,1,B01
201900017821,1,7,,0,2,8,1,C01
201900017822,0,1,,0,2,7,1,B01
201900017822,0,7,,0,2,1,1,A01
201900017823,2,7,,0,2,8,11,B01
201900017823,1,33,,0,2,7,1,A01
201900017824,3,33,,0,2,0,1,A01
201900017825,3,7,,0,1,2,16,A01
201900017826,1,33,,0,1,1,1,A01
201900017827,0,2,,12,0,0,14,A01
201900017828,1,7,,0,2,2,15,A01
201900017828,2,2,,0,2,1,0,B01
201900017829,1,7,,1,0,1,11,A01
201900017829,1,10,,0,0,4,23,B01
201900017830,1,33,,1,0,1,1,A01
201900017831,1,10,,12,0,5,16,A01
201900017831,1,1,,1,0,1,1,B01
201900017832,3,7,,0,2,1,2,C01
201900017832,3,7,,0,2,4,2,B01
201900017832,3,7,,0,2,4,2,A01
201900017833,1,10,,0,2,8,15,B01
201900017833,1,32,,0,2,1,17,A01
201900017834,2,7,,0,2,1,9,A01
201900017834,2,7,,3,2,1,1,B01
201900017835,1,7,,0,2,3,9,A01
201900017835,1,1,,0,2,5,9,B01
201900017836,3,7,,0,1,2,2,A01
201900017837,2,33,,0,2,7,1,B01
201900017837,2,7,,0,0,0,0,Z01
201900017838,3,7,,8,2,9,16,A01
201900017838,3,7,,0,2,2,16,B01
201900017839,3,10,,0,2,1,1,A01
201900017839,3,10,,0,2,4,1,B01
201900017839,3,10,,0,2,4,1,C01
201900017840,3,1,,0,2,8,19,B01
201900017840,2,0,,0,2,1,0,Z01
201900017841,2,7,,0,2,3,15,B01
201900017841,1,7,,0,2,1,1,Z01
201900017842,0,33,,0,2,1,9,B01
201900017842,0,7,,0,2,5,1,Z01
201900017843,1,10,,0,1,3,1,A01
201900017844,3,2,,1,0,1,1,A01
201900017845,0,7,,0,2,3,9,A01
201900017845,1,33,,0,2,2,1,B01
201900017846,1,7,,0,1,3,1,A01
201900017847,0,7,,0,2,3,1,B01
201900017847,0,31,,0,2,7,17,A01
201900017848,-1,7,,-1,-1,-1,-1,B01
201900017849,3,30,,0,2,0,1,B01
201900017849,3,37,1.0,0,2,7,19,A01
201900017850,1,7,,0,2,8,18,A01
201900017850,1,7,,0,2,1,0,C01
201900017850,1,7,,0,2,8,2,B01
201900017851,3,7,,0,2,1,26,A01
201900017851,3,7,,0,2,7,0,B01
201900017852,2,7,,0,2,1,1,Z01
201900017852,2,33,,0,2,4,0,B01
201900017853,2,37,1.0,0,2,3,2,B01
201900017853,2,15,,0,2,5,2,A01
201900017854,3,1,,0,2,2,1,B01
201900017854,3,7,,0,6,1,15,A01
201900017855,1,30,,0,2,1,25,A01
201900017855,0,7,,0,2,2,26,B01
201900017856,1,7,,0,2,1,2,A01
201900017856,1,2,,0,2,4,2,B01
201900017857,2,7,,0,2,4,1,B01
201900017857,2,2,,0,2,4,1,A01
201900017858,3,7,,0,1,1,11,A01
201900017859,2,7,,0,2,5,0,B01
201900017859,2,7,,0,2,3,2,A01
201900017860,2,10,,0,2,1,17,A01
201900017860,2,7,,0,2,8,15,B01
201900017861,2,33,,0,2,8,3,A01
201900017861,2,7,,0,2,7,1,B01
201900017861,2,7,,0,2,6,1,C01
201900017862,2,32,,0,2,7,3,A01
201900017863,1,7,,0,2,8,1,A01
201900017863,1,7,,0,2,1,1,B01
201900017864,1,50,,0,1,1,7,A01
201900017865,1,7,,0,2,5,1,Z01
201900017865,2,50,,0,2,1,1,A01
201900017866,1,7,,0,2,6,1,B01
201900017866,2,1,,0,2,0,1,A01