Num_Acc,senc,catv,occutc,obs,obsm,choc,manv,num_veh
201900017867,2,1,,0,2,1,1,B01
201900017867,1,1,,0,2,1,1,A01
201900017868,1,43,,0,1,1,1,A01
201900017869,1,10,,0,2,0,1,Z01
201900017869,1,60,,0,2,0,1,A01
201900017870,2,30,,0,2,7,1,B01
201900017870,2,60,,0,2,8,19,A01
201900017871,1,33,,1,2,8,15,A01
201900017871,2,7,,0,2,3,1,B01
201900017872,1,7,,0,2,2,1,A01
201900017872,2,7,,0,2,3,1,B01
201900017873,2,1,,0,2,0,1,B01
201900017873,2,10,,0,2,3,22,A01
201900017874,1,31,,0,2,7,1,B01
201900017874,1,30,,0,2,8,13,A01
201900017875,2,7,,0,2,5,14,B01
201900017875,2,34,,0,2,3,18,A01
201900017876,2,50,,0,0,1,7,A01
201900017877,2,1,,0,2,1,2,B01
201900017877,2,7,,0,2,6,23,A01
201900017878,1,7,,0,1,1,1,Z01
201900017879,2,43,,0,2,3,1,B01
201900017879,2,7,,0,2,2,16,A01
201900017880,1,7,,0,2,2,1,B01
201900017880,2,33,,0,2,7,1,A01
201900017881,1,7,,0,2,4,23,D01
201900017881,1,7,,0,2,3,23,C01
201900017881,1,33,,0,2,4,23,B01
201900017881,1,10,,0,2,1,2,A01
201900017882,1,43,,0,2,0,13,A01
201900017883,1,30,,0,0,0,1,A01
201900017884,1,30,,0,2,1,17,A01
201900017884,1,7,,0,2,8,26,Z01
201900017885,3,13,,0,2,2,16,A01
201900017885,3,2,,0,2,6,18,B01
201900017886,1,7,,0,2,2,9,A01
201900017886,2,7,,0,2,3,0,B01
201900017887,1,7,,0,1,1,2,Z01
201900017888,1,7,,0,1,1,26,A01
201900017889,1,3,,14,0,3,21,A01
201900017890,3,7,,0,2,4,2,C01
201900017890,2,7,,0,2,4,2,B01
201900017890,2,7,,0,2,1,2,A01
201900017891,2,34,,0,2,3,1,A01
201900017891,2,7,,0,2,2,1,B01
201900017892,1,7,,0,2,1,19,B01
201900017892,1,33,,0,2,8,19,A01
201900017893,3,17,,3,0,3,13,A01
201900017894,2,7,,0,2,1,1,B01
201900017894,2,7,,0,2,4,1,A01
201900017895,0,7,,0,2,3,15,A01
201900017895,0,2,,0,2,8,0,B01
201900017896,0,1,,0,2,1,1,A01
201900017896,1,2,,0,2,0,0,B01
201900017897,2,99,,0,2,1,5,A01
201900017897,2,7,,0,2,1,1,B01
201900017898,2,10,,0,2,1,1,A01
201900017898,2,7,,0,2,8,9,B01
201900017899,1,7,,0,2,3,9,B01
201900017899,3,7,,0,2,2,15,A01
201900017900,3,33,,0,2,1,1,A01
201900017900,3,7,,0,2,3,1,B01
201900017901,1,7,,0,1,1,1,A01
201900017902,1,99,,0,1,1,19,A01
201900017903,1,37,2.0,0,6,4,2,B01
201900017903,1,37,1.0,0,2,1,19,A01
201900017904,2,10,,0,2,3,15,A01
201900017904,2,32,,0,2,1,17,B01
201900017905,1,1,,0,1,8,11,A01
201900017906,2,7,,0,1,8,1,A01
201900017907,1,34,,0,2,1,1,B01
201900017907,2,7,,1,2,5,15,A01
201900017908,2,7,,0,2,3,23,B01
201900017908,1,10,,0,2,1,16,A01
201900017909,0,30,,0,1,1,19,A01
201900017910,2,33,,16,0,0,1,A01
201900017911,1,7,,0,2,1,1,A01
201900017911,2,7,,0,2,1,1,B01
201900017912,1,7,,0,2,1,2,C01
201900017912,1,7,,0,2,4,2,B01
201900017912,1,7,,0,2,4,2,A01
201900017913,1,7,,0,1,3,2,A01
201900017914,2,7,,0,0,6,1,B01
201900017914,2,33,,0,2,0,2,A01
201900017915,1,20,,0,2,8,1,B01
201900017915,1,2,,0,2,1,1,A01
201900017916,2,32,,0,2,1,0,A01
201900017916,1,7,,0,2,3,1,B01
201900017917,1,7,,0,0,5,1,B01
201900017917,1,33,,0,2,8,2,A01
201900017918,2,33,,4,0,7,1,A01
201900017919,1,7,,0,1,1,17,A01
201900017920,1,7,,13,9,2,14,A01
201900017921,3,33,,0,0,2,1,A01
201900017922,2,32,,11,0,0,6,A01
201900017923,1,33,,0,2,8,1,A01
201900017923,1,7,,0,2,7,3,B01
201900017924,3,7,,0,2,1,2,A01
201900017924,3,1,,0,2,4,2,B01
201900017925,1,7,,0,0,4,19,B01
201900017925,2,7,,0,2,1,1,A01
201900017926,1,7,,0,2,1,15,B01
201900017926,1,31,,0,0,8,15,A01
201900017927,2,7,,0,1,1,2,A01
201900017928,1,7,,0,1,2,21,A01
201900017929,3,1,,1,0,1,2,B01
201900017929,0,7,,0,0,3,2,A01
201900017930,1,7,,0,2,8,5,A01
201900017930,2,7,,0,2,8,1,B01
201900017931,3,7,,2,0,1,15,A01
201900017932,2,2,,0,2,8,1,A01
201900017932,1,7,,0,2,3,1,B01
201900017933,2,80,,0,0,4,1,B01
201900017933,0,7,,0,9,1,14,A01
201900017934,2,1,,0,0,0,1,A01
201900017935,1,10,,0,9,2,1,A01
201900017935,1,80,,0,0,4,1,B01
201900017936,1,7,,0,2,6,15,A01
201900017936,1,33,,0,2,1,1,B01
201900017937,1,7,,0,2,7,15,A01
201900017937,2,1,,0,2,7,21,B01
201900017938,1,7,,3,0,8,1,A01
201900017939,1,7,,0,2,1,19,A01
201900017939,1,7,,0,2,2,1,B01
201900017940,2,7,,0,2,1,1,B01
201900017940,1,7,,0,2,1,13,A01
201900017941,1,33,,4,0,0,0,A01
201900017942,2,7,,13,0,2,1,A01
201900017943,1,7,,0,2,1,1,A01
201900017943,1,30,,0,0,4,1,B01
201900017943,1,1,,0,0,4,1,C01
201900017944,1,33,,0,2,1,1,B01
201900017944,2,2,,0,2,1,1,A01
201900017945,2,7,,2,0,1,13,A01
201900017946,2,7,,0,0,8,1,A01
201900017947,2,10,,0,0,0,1,A01
201900017948,1,7,,13,6,9,1,A01
201900017949,2,7,,0,2,1,13,A01
201900017949,1,7,,0,2,2,21,B01
201900017950,2,7,,3,0,7,1,A01
201900017951,0,1,,0,2,1,9,B01
201900017951,2,7,,0,2,2,1,A01
201900017952,3,1,,0,2,8,19,B01
201900017952,2,13,,0,2,1,1,A01
201900017953,3,7,,0,2,3,1,B01
201900017953,3,7,,6,2,3,13,A01
201900017954,0,1,,0,0,0,1,A01
201900017955,2,2,,13,0,1,0,A01
201900017956,2,7,,0,0,4,2,B01
201900017956,2,7,,0,2,1,2,A01
201900017957,3,2,,0,2,2,15,B01
201900017957,3,7,,0,2,3,1,A01
201900017958,2,7,,0,2,1,23,A01
201900017958,2,7,,0,2,4,23,B01
201900017958,2,7,,0,2,4,23,C01
201900017958,2,10,,0,2,4,23,D01
201900017959,3,32,,0,2,8,1,B01
201900017959,3,7,,0,2,8,1,A01
201900017960,1,7,,0,2,8,15,B01
201900017960,1,33,,0,2,7,1,A01
201900017961,1,7,,0,2,1,13,A01
201900017961,2,7,,0,2,1,1,B01
201900017962,2,33,,0,0,2,0,B01
201900017962,2,7,,7,0,3,1,A01
201900017963,1,20,,0,9,2,1,A01
201900017963,2,80,,0,2,1,19,B01
201900017964,3,14,,0,2,3,19,B01
201900017964,2,33,,0,2,1,1,A01
201900017965,1,7,,0,0,4,0,A01
201900017965,1,2,,0,2,7,1,B01
201900017966,3,1,,0,2,3,1,B01
201900017966,1,7,,0,9,2,1,A01
201900017967,2,33,,0,2,1,0,A01
201900017967,2,7,,0,0,6,0,B01
201900017968,3,33,,0,2,1,6,A01
201900017968,0,7,,0,2,8,1,B01
201900017969,2,7,,0,2,8,20,B01
201900017969,2,7,,0,2,1,1,A01
201900017970,1,33,,0,0,7,1,A01
201900017971,2,7,,0,2,3,16,A01
201900017971,3,33,,0,2,7,1,B01
201900017972,3,7,,2,0,8,1,A01
201900017973,0,33,,0,2,2,17,B01
201900017973,0,7,,0,2,8,15,A01
201900017974,1,7,,13,0,0,17,A01
201900017975,2,15,,0,2,2,2,B01
201900017975,2,7,,0,2,8,11,A01
201900017976,1,17,,0,2,4,0,D01
201900017976,1,10,,0,2,4,23,C01
201900017976,1,7,,0,2,4,23,B01
201900017976,1,17,,0,2,4,1,A01
201900017977,1,10,,13,0,7,1,A01
201900017978,1,7,,0,1,1,1,A01
201900017979,2,7,,0,2,4,11,Z01
201900017979,2,33,,0,2,1,17,A01
201900017980,1,7,,0,2,1,2,A01
201900017980,1,7,,0,2,4,2,B01
201900017981,1,14,,0,2,1,2,A01
201900017981,1,7,,0,2,4,2,B01
201900017981,1,7,,0,2,4,2,C01
201900017981,1,15,,0,2,4,2,D01
201900017982,1,7,,0,2,4,1,D01
201900017982,1,7,,0,2,4,1,C01
201900017982,1,7,,0,2,4,1,B01
201900017982,1,7,,0,2,1,2,A01
201900017983,2,7,,0,2,7,12,B01
201900017983,2,34,,0,2,8,3,A01
201900017984,2,7,,0,2,1,2,A01
201900017984,2,10,,0,2,4,2,B01
201900017985,2,7,,0,2,8,11,A01
201900017985,2,33,,0,2,2,3,B01
201900017986,1,7,,0,2,8,11,Z01
201900017986,1,7,,0,2,7,17,B01
201900017987,2,7,,0,2,3,11,B01
201900017987,2,33,,0,2,2,3,A01
201900017988,1,7,,0,2,5,12,B01
201900017988,1,32,,0,2,3,3,A01
201900017989,2,33,,0,2,3,3,A01
201900017989,2,7,,0,2,5,1,B01
201900017990,2,7,,0,2,3,11,B01
201900017990,2,33,,4,2,7,3,A01
201900017991,2,7,,0,2,3,12,A01
201900017991,2,7,,0,2,5,1,B01
201900017992,2,33,,0,2,8,3,B01
201900017992,2,7,,0,2,2,2,A01
201900017993,1,7,,0,2,1,3,A01
201900017993,1,7,,0,2,4,1,B01
201900017994,2,7,,0,2,6,1,B01
201900017994,2,7,,0,2,2,12,A01
201900017995,2,17,,0,2,7,1,B01
201900017995,2,7,,6,2,9,26,A01
201900017996,1,33,,0,2,7,1,B01
201900017996,1,10,,0,2,8,10,Z01
201900017997,2,34,,0,2,2,1,A01
201900017997,2,1,,0,2,1,1,B01
201900017998,1,34,,0,2,1,1,A01
201900017998,1,7,,0,2,5,16,B01
201900017999,3,30,,0,0,0,1,A01
201900018000,2,1,,0,1,1,21,A01
201900018001,1,32,,0,2,4,1,B01
201900018001,1,30,,0,2,1,1,A01
201900018002,1,30,,0,0,0,21,A01
201900018003,1,7,,0,1,2,1,A01
201900018004,3,10,,0,2,3,9,A01
201900018004,2,34,,0,2,1,1,B01
201900018005,2,7,,0,2,1,1,B01
201900018005,1,7,,0,2,2,1,A01
201900018006,3,7,,10,0,3,21,A01
201900018007,2,2,,0,2,1,1,B01
201900018007,1,33,,0,2,7,10,A01
201900018008,2,37,4.0,6,0,1,26,A01
201900018009,0,33,,0,0,1,16,B01
201900018009,0,7,,0,0,3,1,A01
201900018010,1,7,,0,2,1,15,B01
201900018010,2,99,,0,2,1,1,A01
201900018011,1,30,,0,1,2,17,A01
201900018012,2,7,,0,2,2,1,B01
201900018012,2,7,,0,2,2,9,A01
201900018013,1,10,,0,2,4,23,C01
201900018013,1,7,,0,2,1,23,B01
201900018013,1,7,,0,2,4,1,A01
201900018014,0,7,,16,0,9,1,A01
201900018015,1,33,,0,2,7,1,B01
201900018015,1,7,,0,2,8,9,A01
201900018016,2,7,,6,0,3,13,A01
201900018017,2,1,,0,2,1,1,B01
201900018017,1,1,,0,2,1,5,A01
201900018018,0,7,,0,2,1,2,A01
201900018018,0,7,,0,2,4,23,B01
201900018019,0,7,,0,2,1,15,B01
201900018019,0,7,,0,2,2,1,A01
201900018020,1,7,,0,2,1,2,A01
201900018020,1,7,,0,2,4,2,B01
201900018021,2,7,,0,2,8,1,B01
201900018021,3,7,,0,2,1,15,A01
201900018022,2,32,,0,2,3,18,A01
201900018022,2,13,,0,2,7,14,B01
201900018023,3,10,,0,1,0,1,A01
201900018024,3,7,,0,1,2,9,A01
201900018025,1,31,,0,2,0,2,B01
201900018025,1,7,,0,2,3,15,A01
201900018026,1,1,,1,0,1,1,B01
201900018026,1,7,,0,0,8,24,A01
201900018027,0,34,,0,2,8,1,B01
201900018027,0,7,,0,2,2,12,A01
201900018028,1,7,,0,2,1,26,A01
201900018028,1,7,,0,2,8,1,B01
201900018029,3,7,,0,2,2,2,B01
201900018029,3,7,,0,2,6,2,A01
201900018030,2,34,,0,2,1,5,A01
201900018030,2,7,,0,2,3,11,B01
201900018031,1,30,,0,2,1,5,A01
201900018031,1,7,,0,2,3,1,B01
201900018032,2,7,,0,2,3,1,B01
201900018032,1,7,,0,2,2,15,A01
201900018033,1,33,,0,2,1,3,A01
201900018033,3,7,,0,0,6,0,B01
201900018033,0,7,,0,2,0,0,C01
201900018034,2,7,,0,1,3,1,A01
201900018035,1,32,,0,2,1,1,B01
201900018035,1,7,,0,2,2,15,A01
201900018036,2,30,,0,1,1,17,A01
201900018037,0,7,,0,2,2,2,B01
201900018037,0,14,,0,2,3,1,A01
201900018038,0,1,,0,2,1,18,B01
201900018038,0,7,,0,2,5,16,A01
201900018039,2,30,,14,0,1,1,A01
201900018040,1,7,,0,1,3,1,A01
201900018041,1,7,,0,0,4,23,B01
201900018041,1,7,,0,2,1,2,A01
201900018042,3,7,,0,2,1,12,B01
201900018042,3,7,,0,2,7,15,A01
201900018043,2,7,,0,1,2,1,A01
201900018044,3,7,,12,0,6,23,A01
201900018044,3,7,,0,2,1,1,B01
201900018044,3,7,,1,2,4,1,C01
201900018044,3,7,,0,2,2,1,D01
201900018045,1,7,,0,2,1,1,B01
201900018045,2,7,,0,2,1,13,A01
201900018046,1,7,,0,1,3,1,A01
201900018047,1,7,,0,1,8,0,A01
201900018048,1,38,1.0,0,1,0,21,A01
201900018049,3,33,,0,2,1,15,B01
201900018049,2,7,,0,2,3,1,A01
201900018050,2,7,,0,2,1,1,A01
201900018050,2,7,,0,2,4,1,B01
201900018051,1,32,,0,2,3,15,A01
201900018051,0,7,,0,2,2,1,B01
201900018052,1,7,,0,2,4,1,A01
201900018052,1,2,,0,2,1,14,B01
201900018053,3,7,,0,2,1,15,A01
201900018053,3,7,,15,0,3,1,MB01
201900018054,1,7,,0,0,0,17,A01
201900018055,3,7,,0,2,7,2,B01
201900018055,3,1,,0,2,1,19,A01
201900018056,3,1,,0,2,0,26,B01
201900018056,3,30,,0,2,1,1,A01
201900018057,3,33,,0,2,1,2,A01
201900018057,3,33,,0,2,0,2,D01
201900018057,3,33,,0,2,0,2,C01
201900018057,3,7,,0,2,6,2,B01
201900018058,3,1,,0,2,1,9,B01
201900018058,3,7,,0,6,3,1,A01
201900018059,1,7,,0,1,3,1,A01
201900018060,0,7,,0,2,7,2,A01
201900018060,0,7,,0,2,1,2,B01
201900018061,3,7,,0,1,1,1,A01
201900018062,3,7,,0,2,1,16,A01
201900018062,3,7,,0,2,2,26,B01
201900018063,3,7,,0,2,1,15,A01
201900018063,1,33,,0,2,8,1,B01
201900018064,3,33,,0,1,3,26,A01
201900018064,1,7,,0,1,0,2,B01
201900018064,1,7,,0,1,8,2,C01
201900018065,1,7,,0,1,1,1,A01
201900018066,1,31,,0,5,1,1,A01
201900018067,3,7,,0,2,7,9,A01
201900018067,3,33,,0,2,3,1,B01
201900018068,3,30,,0,1,1,1,A01
201900018069,0,7,,0,2,3,1,B01
201900018069,0,7,,0,2,1,1,A01
201900018070,1,7,,0,2,5,14,A01
201900018070,1,7,,0,2,0,18,B01
201900018071,2,7,,0,2,5,21,A01
201900018071,2,2,,0,2,1,1,B01
201900018072,1,2,,0,1,0,0,Z01
201900018073,3,32,,0,2,1,15,Z01
201900018073,2,7,,0,6,8,1,B01
201900018074,1,7,,0,1,1,1,A01
201900018075,0,7,,0,2,1,1,B01
201900018075,0,7,,0,2,7,1,A01
201900018076,1,7,,0,2,4,23,D01
201900018076,1,7,,0,2,4,23,C01
201900018076,1,7,,0,2,4,23,B01
201900018076,1,7,,0,2,1,1,A01
201900018077,1,7,,0,2,1,26,B01
201900018077,2,7,,0,2,1,1,A01
201900018078,1,30,,0,2,1,1,A01
201900018078,1,7,,0,2,3,9,B01
201900018079,1,7,,0,2,1,1,C01
201900018079,1,2,,0,2,1,17,B01
201900018079,1,7,,0,2,1,15,A01
201900018080,1,7,,0,2,8,1,B01
201900018080,1,2,,0,2,9,1,A01
201900018081,1,30,,0,2,4,15,B01
201900018081,1,30,,0,2,1,13,A01
201900018082,0,2,,0,2,1,16,A01
201900018082,0,7,,0,0,2,1,B01
201900018083,3,30,,0,2,1,1,B01
201900018083,3,7,,0,2,4,10,A01
201900018084,1,7,,0,2,1,1,A01
201900018084,1,7,,0,2,4,1,B01
201900018085,1,33,,0,2,2,1,C01
201900018085,2,7,,0,2,3,1,B01
201900018085,2,7,,0,2,7,17,A01
201900018086,1,10,,0,2,2,1,A01
201900018086,1,1,,0,2,1,1,B01
201900018087,1,7,,0,2,5,15,A01
201900018087,1,7,,0,2,1,1,B01
201900018088,2,0,,0,1,1,1,A01
201900018089,2,10,,0,1,0,1,A01
201900018090,2,7,,0,1,2,26,A01
201900018091,2,32,,1,2,1,1,B01
201900018091,2,7,,0,2,3,24,A01
201900018092,0,3,,0,2,1,21,A01
201900018092,0,3,,0,2,1,0,B01
201900018092,0,3,,0,2,4,0,C01
201900018093,1,7,,0,1,7,1,A01
201900018094,1,7,,0,2,3,20,A01
201900018094,1,1,,0,2,7,1,B01
201900018095,3,99,,0,2,1,0,B01
201900018095,3,7,,0,2,5,17,A01
201900018096,2,7,,0,2,1,1,C01
201900018096,2,7,,0,2,1,1,B01
201900018096,2,7,,0,2,3,1,A01
201900018097,0,33,,0,2,3,15,B01
201900018097,0,7,,0,2,2,1,A01
201900018098,3,7,,0,1,0,0,A01
201900018099,2,7,,0,2,2,1,B01
201900018099,3,7,,0,2,3,2,A01
201900018100,2,50,,12,0,0,1,A01
201900018101,2,60,,0,0,0,26,A01
201900018102,1,1,,0,2,8,0,B01
201900018102,1,7,,0,2,1,0,A01
201900018103,1,7,,0,2,3,15,A01
201900018103,2,7,,0,2,8,1,B01
201900018104,1,7,,0,2,1,1,B01
201900018104,2,2,,0,2,8,1,A01
201900018105,1,7,,0,2,2,12,A01
201900018105,1,7,,0,2,6,1,B01
201900018105,1,7,,0,2,8,1,C01
201900018106,1,50,,0,0,0,26,A01
201900018107,1,7,,0,1,4,4,A01
201900018108,1,7,,0,0,8,1,A01
201900018108,1,31,,0,2,1,1,B01
201900018109,1,13,,1,1,2,12,A01
201900018110,2,7,,0,1,3,2,A01
201900018110,0,50,,0,0,3,1,B01
201900018111,1,7,,0,2,2,10,B01
201900018111,1,34,,0,2,8,1,A01
201900018112,3,7,,0,2,2,1,B01
201900018112,3,10,,0,2,5,15,A01
201900018113,3,1,,0,1,1,16,A01
201900018114,1,33,,0,0,8,1,A01
201900018115,3,7,,1,2,1,21,A01
201900018116,1,43,,0,1,1,1,A01
201900018117,1,7,,0,2,3,16,A01
201900018117,1,7,,0,2,2,2,B01
201900018118,2,7,,0,2,1,15,A01
201900018118,1,7,,0,2,3,1,B01
201900018119,3,3,,0,1,1,9,A01
201900018120,1,7,,0,2,7,1,B01
201900018120,2,2,,0,2,1,1,A01
201900018121,1,7,,0,2,1,9,A01
201900018121,1,7,,0,2,4,1,B01
201900018122,2,30,,0,2,7,1,A01
201900018122,1,7,,0,2,1,1,B01
201900018123,2,50,,0,2,1,26,A01
201900018123,1,7,,0,2,1,15,B01
201900018124,1,7,,0,1,1,1,A01
201900018125,1,7,,0,1,1,1,A01
201900018126,2,34,,0,2,6,18,A01
201900018126,2,7,,0,2,2,20,B01
201900018127,1,1,,9,0,2,1,A01
201900018127,1,7,,9,0,3,1,B01
201900018128,2,7,,0,1,7,1,A01
201900018129,2,31,,0,2,7,8,A01
201900018129,2,7,,0,2,8,15,B01
201900018130,3,1,,9,0,7,5,B01
201900018130,3,7,,9,0,3,1,A01
201900018131,2,7,,0,2,3,2,B01
201900018131,1,1,,0,2,1,2,A01
201900018132,3,34,,0,2,1,1,B01
201900018132,3,7,,0,2,5,1,A01
201900018133,1,7,,0,2,1,1,A01
201900018133,2,7,,0,2,3,1,B01
201900018134,2,10,,0,2,0,0,A01
201900018134,2,7,,0,2,4,26,B01
201900018135,1,7,,0,2,3,15,A01
201900018135,1,2,,0,2,1,17,B01
201900018136,3,32,,0,2,1,2,A01
201900018136,1,7,,0,2,4,1,B01
201900018137,1,7,,0,2,4,1,B01
201900018137,1,7,,0,2,1,1,A01
201900018138,2,32,,0,2,3,1,B01
201900018138,2,7,,0,2,7,12,A01
201900018139,2,10,,0,2,3,10,A01
201900018139,2,43,,0,2,6,1,B01
201900018140,3,7,,0,2,1,1,A01
201900018140,0,10,,1,0,0,0,C01
201900018140,3,7,,1,0,5,1,B01
201900018141,2,3,,0,2,7,16,B01
201900018141,2,33,,0,2,8,3,A01
201900018142,3,7,,12,0,1,5,A01
201900018143,1,10,,0,2,7,26,A01
201900018143,2,1,,0,2,8,2,B01
201900018144,1,30,,0,0,7,16,A01
201900018145,2,7,,0,1,3,1,A01
201900018146,2,30,,0,2,1,5,A01
201900018146,1,7,,0,2,3,2,B01
201900018147,2,7,,0,2,2,2,B01
201900018147,1,50,,0,2,0,1,A01
201900018148,1,7,,0,2,2,16,A01
201900018148,1,50,,0,2,1,2,B01
201900018149,1,7,,0,0,0,0,A01
201900018150,1,32,,1,2,1,1,B01
201900018150,1,7,,0,2,0,12,A01
201900018151,2,7,,0,2,3,1,A01
201900018151,1,1,,0,2,4,1,B01
201900018152,2,7,,0,1,1,1,A01
201900018153,3,10,,0,1,3,26,A01
201900018154,2,50,,0,1,1,26,A01
201900018155,1,1,,1,0,7,3,B01
201900018155,1,10,,0,2,8,22,A01
201900018156,1,7,,0,1,3,21,A01
201900018157,1,50,,0,2,1,0,A01
201900018157,1,7,,0,1,1,19,B01
201900018158,3,10,,0,1,2,26,A01
201900018159,2,30,,9,0,0,1,A01
201900018160,2,1,,0,2,4,19,B01
201900018160,1,7,,0,2,2,9,A01
201900018161,2,50,,0,2,0,0,B01
201900018161,1,7,,0,6,0,0,A01
201900018162,1,40,,0,1,2,2,A01
201900018163,2,7,,0,1,3,15,A01
201900018164,1,7,,0,2,3,1,A01
201900018164,1,50,,0,2,1,25,B01
201900018165,1,7,,0,1,2,1,A01
201900018166,2,7,,0,6,1,15,A01
201900018166,1,1,,0,2,1,1,B01
201900018167,2,7,,0,2,1,2,A01
201900018167,2,7,,0,2,4,23,B01
201900018168,1,3,,0,1,1,20,A01
201900018169,3,7,,0,2,8,19,B01
201900018169,1,31,,0,2,1,1,A01
201900018170,1,7,,0,2,1,1,B01
201900018170,1,7,,0,0,0,0,A01
201900018171,1,7,,0,2,7,1,B01
201900018171,1,7,,0,2,3,9,A01
201900018172,1,7,,0,2,1,11,A01
201900018172,1,7,,0,2,4,1,B01
201900018173,1,7,,0,2,6,11,B01
201900018173,1,7,,0,2,2,21,A01
201900018174,1,7,,0,2,1,16,A01
201900018174,1,7,,13,2,7,1,B01
201900018175,1,2,,0,2,0,0,B01
201900018175,1,3,,0,2,8,13,A01
201900018176,2,7,,0,0,1,0,A01
201900018177,2,32,,1,2,8,1,B01
201900018177,2,7,,1,2,2,15,A01
201900018178,1,7,,0,1,3,1,A01
201900018179,2,7,,0,2,1,2,A01
201900018179,2,7,,0,2,4,2,B01
201900018180,2,37,1.0,0,1,3,1,A01
201900018181,1,7,,0,2,1,2,A01
201900018181,1,7,,0,2,4,1,B01
201900018182,1,30,,0,1,1,14,A01
201900018183,1,7,,0,2,8,24,C01
201900018183,2,10,,0,2,4,2,B01
201900018183,2,10,,0,2,2,2,A01
201900018184,1,7,,0,1,1,1,A01
201900018185,2,30,,4,0,0,1,A01
201900018186,2,7,,0,2,4,26,B01
201900018186,2,31,,0,2,1,26,A01
201900018187,1,7,,0,1,2,16,A01
201900018188,1,33,,0,2,0,13,B01
201900018188,1,33,,0,2,0,2,A01
201900018189,2,33,,0,1,1,0,A01
201900018190,1,7,,0,2,4,1,B01
201900018190,1,7,,0,2,1,2,A01
201900018191,1,7,,0,1,2,1,A01
201900018192,2,7,,1,0,1,14,A01
201900018193,2,7,,6,0,1,15,A01
201900018194,1,37,1.0,0,2,2,8,B01
201900018194,2,30,,0,2,3,15,A01
201900018195,2,7,,0,2,1,1,B01
201900018195,1,7,,0,2,1,13,A01
201900018196,2,7,,0,2,2,15,A01
201900018196,1,33,,0,2,1,1,B01
201900018197,1,32,,0,2,1,1,B01
201900018197,2,50,,0,2,1,5,A01
201900018198,2,1,,0,2,8,19,B01
201900018198,2,31,,0,6,1,1,A01
201900018199,1,10,,0,1,1,17,A01
201900018200,1,7,,0,2,1,1,B01
201900018200,1,10,,0,2,5,1,A01
201900018201,1,37,1.0,0,2,4,23,B01
201900018201,1,30,,14,0,1,26,A01
201900018202,3,7,,3,2,3,16,A01
201900018203,1,7,,0,1,1,26,A01
201900018204,3,7,,0,2,2,9,A01
201900018204,3,32,,0,2,3,1,B01
201900018205,0,7,,0,2,8,19,A01
201900018205,0,1,,0,0,0,0,B01
201900018206,1,7,,0,2,1,13,A01
201900018206,2,34,,0,2,4,1,B01
201900018207,1,30,,0,2,1,1,A01
201900018208,1,10,,0,2,2,1,B01
201900018208,1,7,,0,2,6,15,A01
201900018209,3,33,,0,0,8,1,B01
201900018209,3,7,,0,0,0,15,A01
201900018210,1,33,,1,0,1,25,A01
201900018211,1,7,,0,2,2,15,A01
201900018211,2,7,,0,2,3,1,B01
201900018212,0,7,,8,1,7,19,A01
201900018213,1,34,,12,0,1,1,A01
201900018214,1,7,,0,2,3,1,A01
201900018214,2,7,,0,2,3,1,B01
201900018215,2,31,,0,2,4,11,A01
201900018215,2,7,,0,2,1,2,B01
201900018216,3,31,,0,2,1,9,A01
201900018216,1,7,,0,2,2,1,B01
201900018217,1,10,,0,1,5,23,A01
201900018217,1,50,,1,0,1,17,Y01
201900018218,1,7,,0,2,7,15,A01
201900018218,2,31,,0,2,7,1,B01
201900018219,1,7,,0,2,1,7,A01
201900018219,1,7,,0,2,3,12,B01
201900018220,3,7,,0,1,3,1,A01
201900018221,3,7,,0,2,8,2,A01
201900018221,3,17,,0,2,7,19,B01
201900018222,2,7,,0,2,4,2,B01
201900018222,2,7,,0,2,1,2,A01
201900018223,3,7,,0,2,1,0,A01
201900018223,3,7,,0,2,6,0,B01
201900018224,1,7,,0,2,1,5,A01
201900018224,2,33,,0,2,1,1,B01
201900018225,3,7,,0,1,1,1,A01
201900018226,1,1,,0,2,1,1,B01
201900018226,2,7,,0,2,6,15,A01
201900018227,1,7,,0,1,3,1,A01
201900018228,0,30,,0,0,8,1,A01
201900018229,2,10,,0,1,3,15,A01
201900018230,1,80,,0,2,1,1,B01
201900018230,2,7,,0,2,3,9,A01
201900018231,2,7,,0,0,1,1,D01
201900018231,2,7,,0,0,1,1,C01
201900018231,2,33,,0,0,6,13,B01
201900018231,2,7,,0,2,1,13,A01
201900018232,0,7,,0,1,1,1,A01
201900018233,1,7,,0,2,1,15,A01
201900018233,2,31,,0,2,8,1,B01
201900018234,1,7,,0,1,7,1,A01
201900018235,0,7,,8,0,2,13,A01
201900018236,1,7,,4,0,0,0,A01
201900018237,2,7,,0,0,1,1,A01
201900018238,1,30,,0,2,1,1,B01
201900018238,2,7,,0,2,3,5,A01
201900018239,1,7,,0,1,1,0,Z01
201900018240,2,7,,0,2,0,15,Z01
201900018240,1,30,,0,2,2,1,A01
201900018241,2,7,,0,2,2,2,B01
201900018241,2,1,,0,2,7,19,A01
201900018242,1,2,,0,0,0,0,B01
201900018242,2,7,,0,2,1,9,A01
201900018243,2,10,,0,1,1,1,A01
201900018244,2,7,,0,2,1,1,B01
201900018244,1,7,,13,2,1,1,A01
201900018245,3,7,,0,1,2,16,A01
201900018246,1,7,,0,1,1,1,A01
201900018247,1,7,,0,2,3,10,A01
201900018247,1,2,,0,2,7,1,B01
201900018248,1,7,,0,2,1,1,Z01