Num_Acc,senc,catv,occutc,obs,obsm,choc,manv,num_veh
201900018248,1,7,,0,2,1,15,A01
201900018249,2,7,,0,1,2,1,A01
201900018250,2,7,,0,2,1,2,A01
201900018251,2,7,,0,2,1,2,C01
201900018251,2,10,,0,2,4,23,B01
201900018252,2,2,,0,2,1,2,A01
201900018252,1,7,,0,2,5,1,B01
201900018253,1,7,,0,2,1,0,A01
201900018253,1,7,,0,2,4,0,B01
201900018254,1,7,,0,1,0,0,A01
201900018255,1,7,,3,0,0,0,A01
201900018256,1,7,,0,1,1,0,A01
201900018257,2,7,,0,0,4,0,C01
201900018257,2,7,,0,2,4,0,B01
201900018257,2,7,,0,2,1,0,A01
201900018258,0,7,,0,2,2,0,B01
201900018258,0,33,,0,2,1,9,A01
201900018259,0,7,,0,2,3,15,A01
201900018259,3,1,,0,2,3,0,B01
201900018260,0,7,,0,2,4,1,C01
201900018260,0,7,,0,2,4,2,B01
201900018260,0,7,,0,2,1,2,A01
201900018261,2,7,,0,2,1,1,A01
201900018261,2,7,,0,2,4,0,C01
201900018261,2,7,,0,2,1,1,B01
201900018262,0,7,,0,1,1,1,Z01
201900018263,3,7,,0,1,1,1,A01
201900018264,1,2,,11,0,1,1,A01
201900018265,1,7,,0,2,1,1,B01
201900018265,2,3,,0,2,8,19,A01
201900018266,1,7,,0,2,4,1,C01
201900018266,1,7,,0,2,4,1,B01
201900018266,1,7,,0,2,1,1,A01
201900018267,0,7,,0,2,1,1,A01
201900018267,0,7,,0,2,4,0,B01
201900018268,2,7,,0,2,1,15,A01
201900018268,1,2,,0,2,1,1,B01
201900018269,2,7,,0,2,1,1,B01
201900018269,1,7,,0,2,8,19,A01
201900018270,3,7,,0,1,1,1,A01
201900018271,1,33,,0,2,1,2,A01
201900018271,1,7,,0,2,6,1,B01
201900018271,2,10,,0,2,8,1,C01
201900018272,1,7,,0,2,4,23,B01
201900018272,1,7,,0,2,1,2,A01
201900018273,3,7,,0,2,3,1,A01
201900018273,3,50,,0,2,2,0,B01
201900018274,2,10,,0,2,4,23,B01
201900018274,2,30,,14,0,1,1,A01
201900018275,0,7,,0,2,8,1,A01
201900018275,0,2,,0,2,2,16,B01
201900018276,3,32,,0,2,1,1,B01
201900018276,1,7,,0,2,2,15,A01
201900018277,3,2,,0,2,2,1,B01
201900018277,3,7,,0,2,2,1,A01
201900018278,1,7,,0,2,8,1,B01
201900018278,1,7,,0,2,7,1,A01
201900018279,3,7,,0,2,0,0,B01
201900018279,3,7,,1,0,2,1,A01
201900018280,1,7,,0,2,4,2,B01
201900018280,1,7,,0,2,1,2,A01
201900018281,3,33,,0,2,1,1,A01
201900018281,3,32,,0,2,4,16,B01
201900018282,2,7,,1,0,2,14,A01
201900018283,1,7,,0,1,1,1,A01
201900018284,1,7,,0,2,5,1,A01
201900018284,0,1,,0,2,8,2,B01
201900018285,1,33,,0,2,1,2,A01
201900018285,1,7,,0,2,5,2,B01
201900018286,1,7,,0,1,3,17,A01
201900018287,1,1,,0,2,1,1,B01
201900018287,1,7,,0,2,0,16,A01
201900018288,1,33,,0,1,1,1,A01
201900018289,2,50,,0,2,8,19,B01
201900018289,2,7,,0,2,3,16,A01
201900018290,1,10,,0,1,3,1,A01
201900018291,1,7,,0,2,4,23,B01
201900018291,1,7,,0,2,1,2,A01
201900018292,1,50,,0,0,1,1,A01
201900018293,1,30,,0,2,1,2,A01
201900018293,1,7,,0,2,6,2,B01
201900018294,2,30,,0,0,7,1,A01
201900018295,1,2,,0,2,8,11,Z01
201900018295,1,32,,0,2,3,1,A01
201900018296,1,31,,0,2,7,3,A01
201900018296,1,10,,0,2,5,23,B01
201900018296,1,10,,0,2,3,22,Z01
201900018297,2,33,,0,2,0,2,A01
201900018298,1,7,,6,0,3,26,A01
201900018299,3,31,,0,2,1,2,A01
201900018299,0,7,,0,0,4,1,B01
201900018300,1,7,,0,1,3,1,A01
201900018301,1,7,,0,2,2,16,A01
201900018301,1,31,,0,2,6,2,B01
201900018302,2,7,,0,9,3,15,A01
201900018302,1,1,,0,2,1,1,B01
201900018303,1,2,,0,2,1,0,A01
201900018303,2,7,,0,2,3,15,B01
201900018304,3,7,,0,2,3,15,A01
201900018304,0,31,,0,2,8,1,B01
201900018305,3,7,,4,0,4,23,A01
201900018305,3,7,,4,6,1,2,B01
201900018306,1,7,,4,0,1,26,A01
201900018307,0,2,,0,2,1,1,B01
201900018307,0,3,,0,2,2,15,A01
201900018308,3,7,,0,1,1,9,A01
201900018309,1,7,,0,2,1,1,A01
201900018309,2,7,,0,2,8,1,B01
201900018310,1,3,,0,1,1,1,A01
201900018311,0,34,,0,2,7,17,A01
201900018311,0,3,,0,2,3,15,B01
201900018312,0,7,,0,2,2,11,A01
201900018312,0,33,,0,2,1,1,B01
201900018313,2,30,,0,2,0,0,A01
201900018313,1,10,,0,2,8,19,B01
201900018314,2,7,,0,2,1,2,A01
201900018314,2,33,,0,2,4,23,B01
201900018315,3,13,,0,1,7,14,A01
201900018316,2,7,,0,1,1,1,A01
201900018317,3,7,,0,2,8,20,A01
201900018317,3,34,,1,2,1,2,B01
201900018317,3,7,,0,2,1,24,C01
201900018318,1,7,,0,2,1,26,B01
201900018318,1,7,,0,2,7,26,RA01
201900018319,2,7,,0,2,3,1,B01
201900018319,1,7,,0,2,1,13,A01
201900018320,2,7,,1,0,1,1,A01
201900018321,3,7,,0,2,1,1,B01
201900018321,3,7,,0,0,4,23,A01
201900018322,1,7,,8,0,1,1,A01
201900018323,1,33,,0,2,1,13,B01
201900018323,2,7,,0,2,1,1,A01
201900018324,1,7,,0,1,1,1,A01
201900018325,2,7,,0,2,1,1,C01
201900018325,2,7,,0,2,1,1,B01
201900018325,1,7,,0,2,1,5,A01
201900018326,3,10,,0,1,1,15,A01
201900018327,1,10,,0,6,1,1,A01
201900018328,2,17,,4,0,2,0,A01
201900018329,2,15,,0,2,3,1,B01
201900018329,1,10,,0,2,1,13,A01
201900018330,1,33,,0,6,1,1,A01
201900018331,0,7,,6,0,9,1,A01
201900018332,2,7,,0,1,1,1,A01
201900018333,1,7,,0,1,1,1,A01
201900018334,2,2,,0,2,1,1,B01
201900018334,1,10,,0,9,2,15,A01
201900018335,2,7,,8,0,1,1,A01
201900018336,1,7,,0,2,3,17,A01
201900018336,2,7,,0,2,3,1,B01
201900018337,2,7,,0,2,4,2,A01
201900018337,2,7,,0,2,1,2,B01
201900018338,1,7,,0,1,1,1,A01
201900018339,2,1,,0,2,4,1,B01
201900018339,2,7,,0,2,2,2,A01
201900018340,1,7,,0,1,2,1,A01
201900018341,1,7,,0,1,1,1,A01
201900018342,2,7,,2,0,1,1,A01
201900018343,2,33,,0,2,1,1,B01
201900018343,2,7,,0,2,7,9,A01
201900018344,2,7,,8,0,1,0,A01
201900018345,1,7,,13,0,0,14,A01
201900018346,2,34,,0,0,0,1,A01
201900018347,1,7,,0,2,1,5,A01
201900018347,2,15,,0,2,3,1,B01
201900018348,1,2,,0,2,1,1,B01
201900018348,3,21,,0,2,5,15,A01
201900018349,1,7,,13,0,1,1,A01
201900018350,2,7,,0,2,2,1,A01
201900018350,1,7,,0,2,5,15,B01
201900018351,2,7,,2,0,1,14,A01
201900018352,2,7,,4,0,1,11,A01
201900018353,1,7,,0,0,4,2,B01
201900018353,1,7,,0,2,1,2,A01
201900018354,3,7,,0,2,1,16,B01
201900018354,1,33,,0,2,7,1,A01
201900018355,3,33,,13,0,1,1,A01
201900018356,1,10,,8,0,1,13,A01
201900018357,0,7,,0,1,1,16,A01
201900018358,1,7,,8,0,2,0,A01
201900018359,2,7,,0,1,1,1,A01
201900018360,1,7,,8,0,7,1,A01
201900018361,2,7,,13,0,2,0,A01
201900018362,0,2,,0,6,7,1,A01
201900018363,1,2,,0,0,8,1,A01
201900018364,2,7,,0,2,3,1,B01
201900018364,2,14,,0,2,7,12,A01
201900018365,1,10,,0,2,1,1,C01
201900018365,1,10,,0,2,4,1,B01
201900018365,1,7,,0,2,4,1,A01
201900018366,1,7,,0,2,2,1,B01
201900018366,1,7,,0,2,3,3,Z01
201900018367,1,7,,0,2,5,1,B01
201900018367,1,32,,0,2,1,11,A01
201900018368,2,33,,3,2,8,9,A01
201900018368,2,7,,0,2,7,14,B01
201900018369,1,7,,0,2,2,14,A01
201900018369,1,43,,0,2,6,3,B01
201900018370,1,10,,4,0,3,1,A01
201900018371,1,14,,0,0,0,15,A01
201900018372,2,7,,0,2,1,1,B01
201900018372,2,7,,4,2,3,21,A01
201900018373,2,10,,0,2,1,2,A01
201900018373,2,7,,0,2,4,2,B01
201900018373,2,10,,0,2,4,2,C01
201900018373,2,10,,0,2,4,2,D01
201900018374,1,7,,0,2,1,1,A01
201900018374,1,7,,0,2,6,2,B01
201900018375,1,7,,0,2,4,2,D01
201900018375,1,7,,0,2,4,2,C01
201900018375,1,7,,0,2,4,2,B01
201900018375,1,7,,0,2,1,2,A01
201900018376,1,7,,0,2,8,2,D01
201900018376,1,7,,0,2,6,2,C01
201900018376,1,7,,0,2,5,2,B01
201900018376,1,7,,0,2,1,13,A01
201900018377,1,32,,0,2,4,2,A01
201900018377,1,7,,0,2,1,2,Z01
201900018378,1,7,,0,2,4,2,B01
201900018378,1,7,,0,2,1,2,A01
201900018379,1,10,,0,2,4,2,B01
201900018379,1,33,,0,2,1,2,A01
201900018380,2,7,,0,2,1,2,A01
201900018381,2,7,,13,0,1,13,A01
201900018382,1,7,,0,2,4,23,B01
201900018382,1,7,,14,0,1,26,A01
201900018383,2,7,,0,2,4,1,C01
201900018383,2,10,,0,0,4,1,B01
201900018383,2,7,,0,2,1,26,A01
201900018384,2,30,,14,0,0,0,A01
201900018385,1,7,,0,-1,1,1,A01
201900018385,1,3,,0,2,3,1,B01
201900018386,3,7,,8,0,2,1,A01
201900018387,3,7,,1,1,2,19,A01
201900018388,3,7,,8,0,1,26,A01
201900018389,3,7,,0,2,1,2,A01
201900018389,3,7,,0,2,4,2,B01
201900018390,3,30,,0,0,0,15,A01
201900018391,2,7,,0,1,3,2,A01
201900018392,1,33,,0,2,1,1,C01
201900018392,1,7,,0,2,6,15,A01
201900018393,0,7,,0,2,7,1,A01
201900018393,1,2,,0,2,1,1,B01
201900018394,1,7,,0,2,6,1,B01
201900018394,2,7,,0,2,7,1,A01
201900018395,3,7,,0,2,1,2,A01
201900018395,3,7,,14,0,4,2,B01
201900018396,3,7,,0,1,1,1,A01
201900018397,3,7,,15,0,8,26,A01
201900018398,3,30,,0,0,7,16,A01
201900018399,3,7,,0,2,1,1,B01
201900018399,3,7,,0,2,1,13,A01
201900018400,1,7,,0,2,7,13,A01
201900018400,1,10,,0,2,1,0,B01
201900018401,1,10,,1,0,2,14,A01
201900018402,2,7,,0,2,8,10,A01
201900018402,1,7,,0,2,1,1,B01
201900018403,2,31,,0,2,1,2,A01
201900018403,2,7,,0,2,5,23,B01
201900018404,1,7,,0,2,3,0,A01
201900018404,1,32,,0,2,4,0,B01
201900018405,2,7,,0,0,4,1,A01
201900018405,0,7,,0,2,4,1,A01
201900018406,1,7,,0,2,8,1,B01
201900018406,1,15,,0,2,7,12,A01
201900018407,1,7,,0,2,1,1,C01
201900018407,1,7,,0,2,1,1,B01
201900018407,1,7,,0,2,4,1,D01
201900018408,2,10,,0,1,2,1,A01
201900018409,2,1,,0,2,1,15,A01
201900018409,1,7,,0,2,3,1,B01
201900018410,1,7,,0,2,4,1,B01
201900018410,1,7,,0,2,1,1,A01
201900018411,2,7,,0,2,1,2,A01
201900018411,2,7,,0,2,4,2,B01
201900018411,2,7,,0,0,5,15,C01
201900018412,0,31,,0,0,0,1,B01
201900018412,0,7,,0,2,2,9,A01
201900018413,0,7,,0,1,1,1,A01
201900018414,0,7,,1,2,1,26,A01
201900018414,0,7,,0,2,4,0,B01
201900018414,0,31,,0,2,4,21,C01
201900018415,0,7,,0,2,1,15,A01
201900018415,0,7,,0,2,3,1,B01
201900018416,0,7,,0,2,1,2,A01
201900018416,0,7,,0,2,4,2,B01
201900018417,3,80,,0,2,7,1,B01
201900018417,3,7,,0,2,1,1,A01
201900018418,2,7,,0,1,1,15,A01
201900018419,2,7,,0,1,1,9,A01
201900018420,3,7,,0,2,1,2,A01
201900018420,3,7,,0,2,4,1,C01
201900018420,3,7,,0,2,5,1,B01
201900018421,1,33,,10,0,0,1,A01
201900018422,1,7,,0,1,2,1,A01
201900018423,3,7,,0,2,0,15,A01
201900018423,3,1,,0,2,8,4,B01
201900018424,3,7,,0,1,2,2,A01
201900018425,3,7,,0,1,2,1,A01
201900018426,1,7,,0,2,1,1,A01
201900018426,1,10,,0,2,4,23,B01
201900018427,2,7,,0,1,2,1,A01
201900018428,1,31,,0,2,2,2,B01
201900018428,1,7,,0,2,6,11,A01
201900018429,2,80,,12,0,1,26,A01
201900018430,0,7,,0,2,8,9,A01
201900018430,0,7,,0,2,2,1,B01
201900018431,1,10,,0,2,1,1,A01
201900018431,1,7,,0,2,4,1,C01
201900018431,1,7,,0,2,9,1,B01
201900018432,3,7,,0,1,0,0,A01
201900018433,0,7,,0,2,3,9,B01
201900018433,3,99,,0,2,1,26,A01
201900018434,3,7,,0,2,4,0,B01
201900018434,3,7,,0,2,1,21,A01
201900018435,3,7,,0,2,3,13,B01
201900018435,3,30,,0,2,3,9,A01
201900018436,2,7,,0,2,2,14,A01
201900018436,2,7,,0,2,8,1,B01
201900018437,0,2,,0,2,7,1,B01
201900018437,0,7,,0,2,1,9,A01
201900018438,1,7,,0,2,3,9,A01
201900018438,2,7,,0,2,2,1,B01
201900018439,1,7,,0,2,1,1,A01
201900018439,1,7,,0,2,4,1,B01
201900018440,3,7,,0,2,8,9,B01
201900018440,0,30,,0,2,1,1,A01
201900018441,1,1,,0,2,3,15,Y01
201900018441,1,7,,0,2,8,26,A01
201900018442,1,7,,0,2,2,1,A01
201900018442,0,7,,0,2,8,2,B01
201900018443,1,7,,0,2,1,2,A01
201900018443,1,7,,0,2,4,23,B01
201900018444,2,2,,7,0,1,21,A01
201900018445,1,7,,0,2,0,16,A01
201900018445,2,7,,0,2,3,15,C01
201900018445,1,30,,0,2,1,1,B01
201900018446,3,7,,9,2,8,26,A01
201900018446,3,7,,0,2,6,23,B01
201900018447,1,1,,0,0,1,1,A01
201900018448,1,7,,2,0,0,26,A01
201900018449,2,7,,0,2,8,0,B01
201900018449,2,30,,0,2,1,1,A01
201900018450,1,7,,0,1,1,1,A01
201900018451,1,7,,0,2,2,15,A01
201900018451,1,33,,0,2,1,19,B01
201900018452,1,10,,0,2,1,1,C01
201900018452,1,10,,0,0,4,1,D01
201900018453,2,7,,0,1,6,3,A01
201900018454,0,7,,0,2,7,18,B01
201900018454,0,37,1.0,0,2,1,16,A01
201900018455,0,32,,12,0,7,25,A01
201900018456,2,0,,0,1,1,3,A01
201900018457,1,30,,0,2,1,17,A01
201900018457,1,10,,0,2,3,15,B01
201900018458,0,34,,0,2,1,0,B01
201900018458,0,7,,0,2,3,15,A01
201900018459,0,7,,0,2,2,5,B01
201900018459,0,7,,0,2,1,5,A01
201900018460,2,7,,0,2,1,1,A01
201900018460,2,7,,0,0,4,1,B01
201900018461,0,7,,0,2,6,2,B01
201900018461,0,7,,0,2,2,2,A01
201900018462,3,30,,0,2,9,26,B01
201900018462,3,32,,0,2,9,26,A01
201900018462,2,30,,0,2,9,1,C01
201900018463,0,34,,0,2,1,1,B01
201900018463,0,10,,0,2,2,20,A01
201900018464,2,2,,0,2,7,17,B01
201900018464,2,7,,0,2,3,1,A01
201900018465,2,7,,0,2,1,1,A01
201900018465,1,7,,0,2,1,11,B01
201900018466,0,7,,0,6,1,15,A01
201900018466,2,32,,0,2,1,3,B01
201900018467,0,7,,9,0,1,0,A01
201900018468,2,34,,0,2,7,7,A01
201900018468,1,7,,0,2,1,1,B01
201900018469,1,37,1.0,0,1,1,0,A01
201900018470,2,7,,0,2,4,23,B01
201900018470,2,30,,0,2,1,0,A01
201900018471,1,7,,0,1,1,1,Z01
201900018472,1,7,,0,2,3,15,A01
201900018472,1,31,,0,2,2,2,B01
201900018473,3,33,,0,2,0,9,A01
201900018474,1,7,,0,0,0,0,D01
201900018474,0,10,,0,0,0,0,B01
201900018474,0,33,,0,0,1,0,C01
201900018474,1,34,,0,0,1,0,A01
201900018475,0,7,,0,2,1,0,B01
201900018475,0,33,,0,2,0,12,A01
201900018476,2,7,,0,2,1,1,B01
201900018476,1,7,,0,2,1,21,A01
201900018477,1,7,,0,1,1,26,Z01
201900018478,1,7,,0,2,1,19,A01
201900018478,3,30,,0,2,7,19,B01
201900018479,3,7,,0,2,5,14,B01
201900018479,3,7,,0,2,3,14,A01
201900018480,2,7,,0,1,1,1,A01
201900018481,3,37,1.0,0,2,0,0,B01
201900018481,1,32,,0,2,0,1,A01
201900018482,3,3,,0,1,2,17,A01
201900018483,2,7,,6,0,1,0,A01
201900018484,1,32,,0,2,1,1,B01
201900018484,2,7,,0,2,1,15,A01
201900018485,1,10,,0,1,0,1,A01
201900018486,1,33,,0,2,1,17,B01
201900018486,1,7,,0,2,3,15,A01
201900018487,2,32,,0,2,0,1,B01
201900018487,2,7,,0,2,0,15,A01
201900018488,3,34,,0,2,1,1,B01
201900018488,3,10,,0,6,2,15,A01
201900018489,2,7,,1,0,2,14,A01
201900018490,2,2,,0,2,1,1,B01
201900018490,2,7,,0,2,0,10,A01
201900018491,1,31,,0,2,3,2,A01
201900018491,1,7,,0,2,7,2,B01
201900018492,1,7,,0,2,2,12,A01
201900018492,1,33,,0,2,3,3,B01
201900018493,2,7,,0,2,0,12,A01
201900018493,2,34,,0,2,8,3,B01
201900018494,1,10,,4,2,6,9,A01
201900018494,1,7,,0,2,2,1,Z01
201900018495,2,7,,0,2,8,12,A01
201900018495,2,31,,0,2,8,3,B01
201900018496,1,33,,0,2,2,3,A01
201900018496,1,7,,0,2,6,1,B01
201900018497,1,15,,0,2,1,2,A01
201900018497,1,33,,0,2,4,23,B01
201900018498,2,7,,0,2,1,2,A01
201900018498,2,7,,0,2,4,2,B01
201900018498,2,7,,0,2,4,2,C01
201900018498,2,7,,0,2,4,2,D01
201900018499,1,33,,0,2,1,11,A01
201900018499,1,7,,0,2,6,1,B01
201900018500,1,32,,0,2,7,15,A01
201900018500,2,33,,0,2,1,1,B01
201900018501,1,7,,0,2,7,15,A01
201900018501,1,32,,0,2,2,1,B01
201900018502,1,7,,0,1,3,1,Z01
201900018503,1,7,,0,2,3,15,A01
201900018503,1,2,,0,2,7,17,B01
201900018504,2,7,,0,2,3,9,A01
201900018504,2,2,,0,2,1,1,B01
201900018505,2,7,,0,1,2,16,A01
201900018506,1,7,,0,1,3,9,Z01
201900018507,1,32,,0,1,1,1,A01
201900018508,1,33,,12,0,7,14,A01
201900018509,1,7,,8,0,1,12,A01
201900018510,1,7,,0,2,7,1,B01
201900018510,1,33,,0,2,3,18,A01
201900018511,2,1,,0,2,1,1,B01
201900018511,1,7,,0,2,2,10,A01
201900018512,1,30,,0,2,2,2,A01
201900018512,1,7,,0,2,6,23,B01
201900018513,2,30,,0,2,1,1,A01
201900018513,1,7,,0,2,2,15,B01
201900018514,2,34,,0,1,3,1,A01
201900018515,1,10,,12,0,3,13,A01
201900018516,2,30,,0,2,5,16,A01
201900018516,1,30,,0,2,3,16,B01
201900018517,1,7,,0,2,8,15,B01
201900018517,1,30,,0,2,3,2,A01
201900018518,1,7,,0,2,2,15,A01
201900018518,2,2,,0,2,1,1,B01
201900018519,1,7,,0,2,3,5,A01
201900018519,2,1,,0,2,1,1,B01
201900018520,1,33,,0,1,2,17,A01
201900018521,1,1,,0,2,8,5,B01
201900018521,2,7,,0,2,2,16,A01
201900018522,3,30,,0,0,0,21,A01
201900018523,2,1,,0,1,1,1,A01
201900018524,1,7,,14,0,3,13,A01
201900018525,2,50,,0,0,1,25,A01
201900018526,1,31,,0,2,8,1,B01
201900018526,1,13,,0,2,7,14,A01
201900018527,2,33,,0,1,8,7,A01
201900018528,1,7,,0,1,1,15,A01
201900018529,1,30,,0,1,1,19,Z01
201900018530,3,7,,0,2,1,1,B01
201900018530,3,43,,0,2,2,1,A01
201900018531,1,30,,0,0,8,17,A01
201900018532,3,7,,0,2,2,15,A01
201900018532,3,10,,0,2,3,1,B01
201900018533,2,10,,0,2,2,15,A01
201900018533,2,42,,0,2,1,1,B01
201900018534,1,32,,0,1,1,11,A01
201900018535,1,2,,0,2,7,17,B01
201900018535,1,10,,0,2,3,15,A01
201900018536,1,33,,11,0,2,14,A01
201900018537,2,1,,0,2,4,11,A01
201900018537,2,7,,0,2,2,1,B01
201900018538,1,7,,0,1,3,1,A01
201900018539,1,33,,11,0,1,13,A01
201900018540,1,50,,0,1,1,5,A01
201900018541,1,34,,0,1,2,7,A01
201900018542,1,33,,0,0,2,21,A01
201900018543,2,7,,0,1,3,26,A01
201900018544,2,7,,0,2,4,2,B01
201900018544,2,7,,0,2,1,2,A01
201900018545,1,7,,0,2,6,23,B01
201900018545,1,7,,0,2,4,23,C01
201900018545,1,7,,0,2,4,26,A01
201900018546,1,7,,0,0,4,26,B01
201900018546,2,7,,0,2,1,2,A01
201900018547,0,7,,0,2,1,21,A01
201900018547,0,7,,0,2,4,0,B01
201900018548,2,32,,0,1,2,2,A01
201900018549,2,7,,0,2,6,26,B01
201900018549,1,33,,0,2,1,2,A01
201900018550,3,7,,0,2,1,1,A01
201900018550,2,34,,0,2,8,1,B01
201900018551,1,7,,0,1,3,1,A01
201900018552,1,7,,0,2,3,15,B01
201900018552,2,30,,0,2,1,17,A01
201900018553,1,2,,0,2,2,1,B01
201900018553,2,7,,0,2,8,15,A01
201900018554,2,7,,0,2,6,15,A01
201900018554,2,2,,0,2,1,17,B01
201900018555,1,14,,0,2,1,1,B01
201900018555,1,32,,0,2,1,15,A01
201900018556,3,10,,0,2,2,26,A01
201900018556,3,10,,0,2,3,1,C01
201900018556,1,34,,0,2,1,2,B01
201900018557,3,15,,0,2,1,15,A01
201900018557,3,34,,0,2,8,15,B01
201900018558,1,14,,0,2,1,15,A01
201900018558,0,17,,0,2,2,1,B01
201900018559,1,30,,14,0,0,1,A01
201900018560,0,3,,0,2,0,9,A01
201900018560,0,3,,0,2,4,1,B01
201900018561,3,10,,6,0,1,19,A01
201900018562,1,33,,0,2,1,2,A01
201900018562,1,10,,0,2,8,15,B01
201900018563,1,14,,0,2,1,1,A01
201900018563,1,10,,0,2,4,1,B01
201900018563,1,10,,0,2,4,1,C01
201900018564,2,7,,0,2,3,1,B01
201900018564,2,33,,0,2,1,13,A01
201900018565,1,10,,0,2,4,1,B01
201900018565,1,10,,0,2,1,1,A01
201900018566,0,3,,15,0,0,15,A01
201900018567,3,32,,0,2,1,1,B01
201900018567,3,7,,0,2,5,15,A01
201900018568,2,31,,0,1,3,26,A01
201900018569,1,7,,0,1,1,1,A01
201900018570,1,7,,1,0,4,26,A01
201900018570,1,7,,1,0,0,24,B01
201900018571,1,7,,0,0,3,24,A01
201900018572,3,10,,0,2,1,2,A01
201900018572,1,7,,0,2,4,1,B01
201900018573,1,7,,0,1,3,15,A01
201900018574,2,7,,0,2,3,9,A01
201900018574,2,34,,0,2,7,1,B01
201900018575,2,7,,1,0,1,15,A01
201900018575,2,34,,1,0,1,1,B01
201900018576,2,10,,15,0,1,1,A01
201900018577,1,10,,0,2,1,1,A01
201900018577,2,10,,0,2,8,1,B01
201900018578,1,7,,0,2,1,2,B01
201900018578,1,7,,0,1,1,23,A01
201900018579,0,31,,0,1,1,1,A01
201900018580,3,7,,15,2,7,19,A01
201900018580,3,7,,15,2,1,1,B01
201900018581,1,7,,0,2,0,15,A01
201900018581,1,34,,0,2,1,2,B01
201900018582,3,7,,0,2,2,17,B01
201900018582,3,7,,0,2,3,2,A01
201900018583,1,0,,0,1,0,16,Z01
201900018584,1,7,,0,2,0,0,Z01
201900018584,1,31,,0,2,0,9,A01
201900018585,1,7,,0,2,5,1,B01
201900018585,3,10,,0,2,3,9,A01
201900018586,2,7,,0,2,2,1,A01
201900018586,2,7,,0,2,1,13,B01
201900018587,2,1,,0,2,1,1,B01
201900018587,1,7,,0,2,3,15,A01
201900018588,1,7,,0,1,5,2,A01
201900018589,2,7,,0,2,1,15,A01
201900018589,1,2,,0,2,1,1,B01
201900018590,2,7,,0,2,8,1,B01
201900018590,2,7,,0,2,1,21,A01
201900018591,3,7,,1,0,3,19,A01
201900018591,3,7,,0,2,2,19,B01
201900018592,1,30,,0,2,1,1,A01
201900018592,2,7,,0,2,3,15,B01
201900018593,1,37,1.0,0,0,5,2,A01
201900018594,1,34,,0,2,1,2,A01
201900018594,1,7,,0,2,6,2,B01
201900018595,1,7,,0,1,2,0,A01
201900018596,1,7,,0,1,2,9,A01
201900018597,0,33,,8,0,1,1,A01
201900018598,2,31,,0,0,8,1,A01
201900018599,1,7,,0,2,3,1,B01
201900018599,2,7,,0,2,2,15,A01
201900018600,2,7,,2,0,1,1,A01
201900018601,1,7,,0,1,0,16,A01
201900018602,1,7,,3,0,8,1,A01
201900018603,0,1,,0,2,1,9,B01
201900018603,3,7,,0,9,1,1,A01
201900018604,3,7,,0,2,1,1,B01
201900018604,3,33,,0,2,1,13,A01
201900018605,1,7,,0,2,2,5,A01
201900018605,2,7,,0,2,2,1,B01
201900018606,2,7,,0,1,1,1,A01
201900018607,2,7,,0,0,0,21,A01
201900018608,1,7,,0,2,1,2,Z01
201900018608,1,7,,0,2,4,2,A01
201900018609,1,33,,0,2,7,1,B01
201900018609,1,7,,0,2,3,11,A01
201900018610,2,7,,0,2,1,2,A01
201900018610,2,7,,0,2,4,2,B01
201900018611,1,32,,0,2,1,3,D01
201900018611,1,7,,0,2,4,0,C01
201900018611,1,7,,0,2,4,2,B01
201900018611,1,7,,0,2,1,2,A01
201900018612,1,7,,0,0,1,26,A01
201900018612,1,7,,0,0,1,26,D01
201900018612,1,34,,0,2,1,21,B01
201900018612,1,7,,0,0,6,26,C01
201900018613,2,7,,0,2,8,11,A01
201900018613,2,7,,0,2,2,1,B01
201900018614,1,10,,0,2,2,9,A01
201900018614,1,10,,0,2,6,21,B01
201900018615,3,1,,0,2,1,16,B01
201900018615,3,7,,0,2,8,9,A01
201900018616,2,7,,0,1,1,1,A01
201900018617,1,7,,4,2,5,1,B01
201900018617,1,10,,0,2,4,26,C01
201900018617,1,10,,0,2,4,2,D01
201900018617,1,7,,0,2,2,13,A01
201900018618,3,7,,0,2,3,1,B01
201900018618,0,7,,0,2,3,13,A01
201900018619,1,7,,0,2,1,9,A01
201900018619,1,2,,0,2,3,1,B01
201900018620,1,1,,0,9,7,15,B01
201900018620,1,32,,0,9,1,1,A01
201900018621,1,7,,0,2,5,9,A01
201900018621,1,1,,0,2,0,1,B01
201900018622,3,33,,9,2,3,16,A01
201900018622,3,10,,0,2,3,15,B01
201900018623,1,7,,12,0,3,1,A01
201900018624,3,7,,0,1,3,1,A01
201900018625,2,7,,0,1,8,1,A01
201900018626,2,7,,0,1,3,1,A01
201900018627,3,7,,0,0,9,21,A01
201900018628,1,32,,0,2,1,2,A01
201900018628,1,7,,0,2,3,2,B01
201900018628,1,7,,0,2,1,1,C01
201900018629,1,7,,0,2,1,17,C01
201900018629,1,7,,0,2,3,21,B01
201900018629,1,7,,0,2,3,21,A01
201900018630,3,32,,0,2,2,17,B01
201900018630,0,0,,0,2,0,0,Z01
201900018631,0,7,,0,2,5,15,A01
201900018631,0,7,,0,2,2,1,B01
201900018632,1,7,,1,0,1,1,A01
201900018633,0,1,,0,1,8,25,A01
201900018634,1,30,,0,2,1,1,A01
201900018634,0,7,,0,2,8,23,C01
201900018634,0,7,,0,2,3,1,B01
201900018635,2,14,,0,1,5,26,A01
201900018636,2,7,,0,2,1,26,A01
201900018636,2,7,,0,2,4,1,B01