Num_Acc,senc,catv,occutc,obs,obsm,choc,manv,num_veh
201900018637,0,7,,0,1,1,1,Z01
201900018638,1,7,,0,1,1,1,A01
201900018639,1,7,,0,2,1,2,A01
201900018639,1,7,,0,2,5,2,B01
201900018639,1,7,,0,2,4,2,C01
201900018640,2,31,,0,1,1,1,B01
201900018640,1,7,,0,2,7,19,A01
201900018641,2,7,,0,2,1,2,A01
201900018641,2,7,,0,2,4,2,B01
201900018642,1,1,,0,2,8,1,B01
201900018642,2,7,,0,2,3,15,A01
201900018643,1,1,,0,0,0,5,A01
201900018644,2,7,,0,1,1,1,A01
201900018645,2,2,,0,2,1,2,A01
201900018645,2,7,,0,2,4,1,B01
201900018646,2,7,,13,0,1,1,A01
201900018647,1,30,,0,2,1,1,A01
201900018647,1,7,,0,2,1,1,B01
201900018648,1,7,,0,2,6,16,A01
201900018648,1,15,,0,2,5,16,B01
201900018649,0,7,,0,2,1,15,A01
201900018649,1,7,,0,2,1,1,B01
201900018650,1,7,,0,1,1,1,A01
201900018651,0,7,,0,2,3,1,B01
201900018651,0,7,,0,2,3,1,A01
201900018652,3,0,,0,1,0,26,A01
201900018653,2,7,,0,2,1,1,A01
201900018653,1,7,,0,2,3,1,B01
201900018654,1,17,,0,2,1,2,A01
201900018654,1,7,,0,2,4,2,B01
201900018654,1,7,,0,2,4,2,C01
201900018654,1,17,,0,2,4,2,D01
201900018655,1,7,,0,1,3,15,A01
201900018656,1,32,,0,0,0,1,A01
201900018657,2,7,,0,1,2,1,A01
201900018658,2,7,,0,2,1,1,B01
201900018658,1,7,,0,2,1,15,A01
201900018659,0,7,,0,1,3,25,A01
201900018660,2,10,,0,2,2,12,B01
201900018660,2,2,,9,2,4,1,A01
201900018661,0,31,,0,2,8,1,B01
201900018661,0,7,,0,2,8,1,A01
201900018662,1,7,,0,2,2,1,B01
201900018662,2,7,,0,2,1,1,A01
201900018663,1,7,,0,1,1,1,A01
201900018664,1,30,,0,1,1,17,A01
201900018665,1,31,,0,0,7,1,A01
201900018666,3,7,,0,2,1,1,B01
201900018666,3,7,,0,2,3,15,A01
201900018667,1,7,,0,2,2,1,B01
201900018667,1,7,,0,2,6,1,A01
201900018668,2,7,,0,1,2,1,Z01
201900018669,1,2,,0,0,8,1,A01
201900018670,2,7,,0,2,4,2,C01
201900018670,2,7,,0,2,4,2,B01
201900018670,2,10,,0,2,1,2,A01
201900018671,1,10,,0,1,2,7,A01
201900018672,2,7,,0,1,1,15,A01
201900018673,2,7,,0,2,3,1,B01
201900018673,1,30,,0,2,3,15,A01
201900018674,2,1,,0,2,0,9,A01
201900018674,2,1,,0,2,0,1,B01
201900018675,1,7,,0,2,4,23,B01
201900018675,1,15,,0,2,1,2,A01
201900018676,1,37,1.0,9,0,1,13,A01
201900018677,2,10,,0,2,5,13,A01
201900018677,2,31,,0,2,3,1,B01
201900018678,1,7,,0,1,2,15,A01
201900018679,3,50,,0,0,0,1,A01
201900018680,1,7,,0,2,1,1,B01
201900018680,1,7,,0,2,2,1,A01
201900018681,2,33,,0,2,1,1,B01
201900018681,1,7,,0,2,2,15,A01
201900018682,1,33,,0,1,1,17,A01
201900018683,1,7,,0,2,3,20,A01
201900018683,1,31,,0,2,5,1,B01
201900018684,2,33,,0,2,1,1,B01
201900018684,2,7,,0,2,5,15,A01
201900018685,2,10,,0,2,3,15,B01
201900018685,2,33,,0,2,5,17,A01
201900018686,3,7,,0,1,3,1,A01
201900018687,2,50,,0,0,8,1,B01
201900018687,1,7,,0,2,1,11,A01
201900018688,3,10,,0,2,7,19,B01
201900018688,0,2,,0,2,1,19,A01
201900018689,1,10,,0,0,5,16,A01
201900018690,1,7,,0,0,6,0,TC01
201900018690,1,7,,0,2,3,13,B01
201900018690,2,7,,0,2,3,1,A01
201900018691,2,7,,0,2,4,1,B01
201900018691,2,7,,0,2,1,1,A01
201900018692,2,7,,1,0,1,21,B01
201900018693,3,10,,0,2,6,1,A01
201900018693,3,31,,0,2,1,1,B01
201900018694,1,10,,0,2,1,26,A01
201900018694,2,7,,0,2,1,0,B01
201900018694,2,7,,0,2,0,0,C01
201900018695,1,30,,0,2,1,2,A01
201900018695,1,7,,0,2,3,26,B01
201900018696,3,2,,0,2,1,2,A01
201900018696,3,7,,0,2,4,2,B01
201900018697,2,7,,0,2,1,1,A01
201900018697,1,7,,0,2,3,16,B01
201900018698,2,7,,0,1,1,1,A01
201900018699,1,10,,13,0,0,1,A01
201900018700,3,7,,0,1,2,1,A01
201900018701,2,7,,6,0,2,0,A01
201900018702,1,7,,8,0,8,1,A01
201900018703,2,7,,0,1,1,1,A01
201900018704,1,7,,4,0,1,12,A01
201900018705,1,7,,0,2,6,2,B01
201900018705,1,33,,0,2,2,2,A01
201900018706,2,33,,0,0,0,1,B01
201900018707,1,7,,0,0,4,1,B01
201900018707,1,7,,0,2,1,1,A01
201900018708,2,7,,2,0,3,13,A01
201900018709,0,7,,3,0,8,1,B01
201900018709,3,7,,0,2,2,19,A01
201900018710,1,1,,0,2,1,1,B01
201900018710,2,7,,0,9,1,15,A01
201900018711,2,7,,14,0,1,1,A01
201900018711,1,7,,0,2,8,23,B01
201900018712,2,7,,0,1,2,1,A01
201900018713,0,3,,0,2,2,1,B01
201900018713,0,7,,0,2,0,17,A01
201900018714,3,2,,13,0,2,0,A01
201900018715,2,7,,13,0,2,14,A01
201900018716,1,7,,0,2,8,9,A01
201900018716,1,33,,0,2,1,1,B01
201900018717,1,7,,6,0,3,13,A01
201900018718,2,7,,15,0,2,1,A01
201900018719,1,7,,6,0,8,23,B01
201900018719,2,7,,0,2,1,16,A01
201900018720,1,7,,2,0,3,1,A01
201900018721,1,7,,0,2,3,1,B01
201900018721,2,7,,0,2,3,1,A01
201900018722,0,7,,0,2,1,2,C01
201900018722,0,7,,1,2,4,2,B01
201900018722,0,7,,0,0,4,2,A01
201900018723,3,7,,0,2,1,1,B01
201900018723,3,7,,0,2,1,1,A01
201900018724,2,7,,0,2,2,15,A01
201900018724,1,33,,0,2,1,1,B01
201900018725,1,7,,2,0,1,1,A01
201900018726,1,7,,0,9,2,2,A01
201900018726,1,1,,0,2,4,2,B01
201900018727,1,7,,17,0,9,1,A01
201900018728,2,10,,0,2,4,23,B01
201900018728,2,7,,1,0,1,2,A01
201900018729,2,7,,2,0,1,1,A01
201900018730,1,15,,0,0,3,1,B01
201900018730,1,7,,0,2,2,14,A01
201900018731,1,15,,0,0,4,1,A01
201900018731,1,7,,0,2,1,1,B01
201900018732,1,7,,1,0,2,2,C01
201900018732,1,7,,3,2,8,1,B01
201900018732,1,7,,0,2,7,17,A01
201900018733,1,7,,3,0,1,0,A01
201900018734,2,7,,0,0,6,2,A01
201900018734,2,7,,0,2,1,2,B01
201900018734,2,7,,0,2,1,2,C01
201900018735,3,2,,0,1,1,1,A01
201900018736,2,7,,16,0,3,1,A01
201900018737,2,7,,0,2,3,1,B01
201900018737,1,7,,0,2,7,13,A01
201900018738,1,7,,6,0,9,1,A01
201900018739,1,7,,12,0,1,6,A01
201900018740,1,7,,0,2,1,13,B01
201900018740,2,7,,0,2,1,1,A01
201900018741,2,33,,0,0,7,1,A01
201900018742,1,7,,0,2,1,1,B01
201900018742,1,7,,0,2,4,1,A01
201900018743,1,7,,0,2,3,14,A01
201900018743,1,7,,0,2,4,2,B01
201900018743,1,7,,0,2,7,2,C01
201900018744,1,7,,0,2,0,1,C01
201900018744,1,7,,0,2,6,1,B01
201900018744,1,33,,0,2,1,9,A01
201900018745,1,7,,0,2,3,1,A01
201900018745,1,7,,0,2,4,2,B01
201900018746,1,7,,0,1,1,2,D01
201900018746,1,7,,0,1,1,2,C01
201900018746,1,7,,0,1,1,2,B01
201900018746,1,7,,0,1,1,2,A01
201900018747,2,7,,0,2,2,2,A01
201900018747,2,33,,0,2,6,2,B01
201900018748,2,7,,0,2,1,1,A01
201900018748,2,7,,0,2,4,1,B01
201900018749,1,7,,0,2,4,2,C01
201900018749,1,7,,0,2,4,2,B01
201900018749,1,10,,0,2,1,2,A01
201900018750,2,13,,4,0,3,19,A01
201900018751,2,7,,0,0,0,1,A01
201900018752,2,10,,0,2,8,11,A01
201900018752,2,31,,0,2,2,0,B01
201900018753,2,7,,0,2,1,2,A01
201900018753,2,7,,0,2,4,2,B01
201900018753,2,7,,0,2,4,2,C01
201900018754,1,7,,3,0,1,13,A01
201900018755,1,7,,8,0,1,14,A01
201900018756,2,7,,4,0,1,1,A01
201900018757,1,7,,4,0,2,12,A01
201900018758,2,33,,0,2,1,3,A01
201900018758,2,7,,0,2,6,11,B01
201900018759,2,7,,0,2,1,2,A01
201900018759,2,10,,0,2,4,2,B01
201900018760,2,7,,0,2,3,1,C01
201900018760,2,7,,0,2,8,1,B01
201900018760,2,33,,0,2,7,3,A01
201900018761,1,7,,0,2,1,21,A01
201900018761,1,7,,0,2,4,1,B01
201900018762,2,7,,0,2,8,1,D01
201900018762,2,7,,0,2,5,1,C01
201900018762,2,33,,0,2,2,3,B01
201900018762,2,7,,0,2,8,11,A01
201900018763,2,7,,0,2,1,2,A01
201900018763,2,7,,0,2,4,2,B01
201900018763,2,7,,0,2,4,2,C01
201900018764,1,7,,0,2,3,1,B01
201900018764,1,14,,0,0,5,2,A01
201900018765,3,7,,0,2,2,16,A01
201900018765,3,30,,0,2,0,0,B01
201900018766,3,7,,0,2,3,1,B01
201900018766,3,7,,0,2,3,13,A01
201900018767,2,7,,0,2,7,15,A01
201900018767,1,7,,0,2,1,1,B01
201900018768,2,7,,0,1,1,0,A01
201900018769,2,7,,0,2,2,15,A01
201900018769,2,7,,0,2,2,1,B01
201900018770,2,7,,0,1,8,1,A01
201900018771,2,30,,0,1,1,17,Z01
201900018772,1,7,,0,1,2,1,A01
201900018773,1,1,,0,2,5,15,B01
201900018773,2,7,,0,2,1,1,A01
201900018774,1,32,,0,1,1,1,A01
201900018775,1,1,,0,2,1,1,B01
201900018775,1,10,,0,2,4,4,A01
201900018776,1,10,,7,2,3,2,A01
201900018776,1,7,,0,2,4,23,B01
201900018776,1,7,,0,2,5,23,C01
201900018777,1,7,,0,1,4,4,A01
201900018778,1,2,,0,2,8,1,A01
201900018778,2,37,1.0,0,2,8,1,B01
201900018779,2,30,,0,0,8,1,A01
201900018780,3,7,,0,2,7,12,B01
201900018780,3,43,,0,2,3,7,A01
201900018781,2,32,,0,2,4,23,B01
201900018781,2,7,,0,2,3,1,A01
201900018782,1,7,,0,1,1,1,A01
201900018783,1,34,,0,2,2,1,A01
201900018783,1,7,,0,2,2,15,B01
201900018784,0,7,,0,2,2,1,A01
201900018784,0,7,,0,2,6,24,B01
201900018785,1,7,,0,2,0,1,Z01
201900018785,1,30,,0,2,8,13,A01
201900018786,1,30,,0,1,1,1,Z01
201900018787,1,7,,0,2,6,22,A01
201900018787,1,7,,0,2,6,2,Z01
201900018788,2,7,,0,2,3,9,B01
201900018788,2,30,,0,2,2,1,A01
201900018789,1,10,,0,1,1,15,A01
201900018790,0,7,,0,1,1,1,A01
201900018791,2,7,,0,1,2,16,A01
201900018792,1,7,,0,2,3,1,A01
201900018792,1,7,,0,2,6,1,B01
201900018793,1,7,,0,1,2,16,A01
201900018794,1,7,,0,1,1,16,A01
201900018795,1,30,,0,1,1,1,A01
201900018796,1,7,,0,1,2,15,A01
201900018797,1,14,,0,2,7,22,A01
201900018797,1,1,,0,2,1,18,B01
201900018798,1,7,,0,1,3,1,A01
201900018799,2,7,,0,1,4,4,A01
201900018800,1,7,,0,2,6,15,A01
201900018800,1,7,,0,2,2,17,B01
201900018801,2,7,,0,1,1,9,A01
201900018802,2,32,,0,2,1,17,A01
201900018802,2,7,,0,2,3,15,B01
201900018803,1,7,,7,0,3,15,A01
201900018804,1,7,,0,2,0,1,Z01
201900018804,2,1,,0,2,7,19,A01
201900018805,1,30,,0,2,0,14,Z01
201900018805,1,33,,0,2,2,1,A01
201900018806,2,7,,0,1,1,16,Z01
201900018807,2,31,,0,1,1,1,A01
201900018808,1,30,,0,1,1,1,A01
201900018809,1,7,,0,1,6,4,A01
201900018810,1,7,,0,2,3,13,Z01
201900018810,1,32,,0,2,2,1,A01
201900018811,2,33,,0,1,2,1,A01
201900018812,2,32,,0,2,1,17,B01
201900018812,2,7,,0,2,3,10,A01
201900018813,1,32,,0,2,1,17,A01
201900018813,1,7,,0,2,6,15,B01
201900018814,1,32,,1,2,8,7,B01
201900018814,1,7,,0,2,2,16,A01
201900018815,1,34,,0,2,3,1,B01
201900018815,1,10,,0,2,2,22,A01
201900018816,1,32,,0,2,4,23,B01
201900018816,1,7,,0,2,1,2,A01
201900018817,2,7,,0,2,6,23,C01
201900018817,2,32,,0,2,1,1,B01
201900018817,2,32,,0,2,4,11,A01
201900018818,2,7,,0,1,2,1,A01
201900018819,1,30,,0,0,3,15,A01
201900018820,1,7,,0,1,3,15,A01
201900018821,1,10,,0,2,1,1,B01
201900018821,1,10,,0,2,7,1,A01
201900018822,1,7,,0,1,1,1,A01
201900018823,2,7,,0,1,3,17,A01
201900018824,0,7,,1,0,1,26,A01
201900018824,1,7,,0,0,1,0,B01
201900018825,1,10,,0,2,1,16,A01
201900018825,1,10,,0,2,3,1,B01
201900018826,2,7,,0,2,5,10,A01
201900018826,2,33,,0,2,7,26,B01
201900018826,2,7,,0,2,8,2,C01
201900018827,1,3,,0,1,3,2,A01
201900018828,2,7,,0,2,8,9,A01
201900018828,3,7,,0,2,2,1,B01
201900018829,1,10,,0,2,4,23,B01
201900018829,1,10,,0,2,1,1,A01
201900018830,3,7,,3,0,2,1,A01
201900018831,3,7,,0,2,2,15,B01
201900018831,1,7,,0,2,1,19,A01
201900018832,3,3,,0,1,1,23,B01
201900018832,3,3,,0,1,4,4,A01
201900018833,1,3,,0,1,1,1,A01
201900018834,2,32,,0,2,2,1,B01
201900018834,2,7,,0,2,8,9,A01
201900018835,0,33,,1,0,1,1,A01
201900018836,1,7,,0,1,1,1,A01
201900018837,3,10,,0,1,5,1,B01
201900018838,3,14,,0,0,6,15,A01
201900018838,3,33,,0,2,1,17,B01
201900018839,1,10,,0,1,3,9,A01
201900018840,1,10,,0,1,2,26,A01
201900018841,3,7,,0,1,2,21,A01
201900018842,3,7,,0,1,3,1,B01
201900018843,1,7,,0,2,4,2,D01
201900018843,1,7,,0,2,4,2,C01
201900018843,2,7,,0,2,4,2,B01
201900018843,1,7,,0,2,1,2,A01
201900018844,1,7,,1,0,3,24,A01
201900018845,1,30,,0,0,0,0,B01
201900018845,1,7,,0,0,6,2,A01
201900018846,2,7,,0,0,4,23,A01
201900018846,2,7,,0,2,1,1,B01
201900018847,0,31,,0,0,3,26,B01
201900018847,0,7,,0,2,2,26,A01
201900018848,3,7,,0,2,4,23,A01
201900018849,2,33,,0,0,7,1,A01
201900018850,0,7,,0,1,1,15,A01
201900018851,3,10,,0,2,6,26,A01
201900018851,2,32,,0,2,1,1,B01
201900018852,2,1,,0,2,1,1,B01
201900018852,1,7,,0,2,1,16,A01
201900018853,2,30,,0,2,7,26,A01
201900018853,1,30,,0,2,8,26,B01
201900018854,1,7,,0,1,1,1,A01
201900018855,1,38,3.0,0,2,1,1,B01
201900018855,2,7,,0,2,2,1,A01
201900018856,2,31,,0,2,1,1,B01
201900018856,1,7,,0,2,1,5,A01
201900018857,2,7,,0,2,1,2,A01
201900018857,2,7,,0,2,4,23,B01
201900018857,2,7,,0,2,4,23,C01
201900018857,2,7,,0,2,4,23,D01
201900018858,2,7,,0,1,8,2,A01
201900018859,1,7,,0,1,3,1,A01
201900018860,2,7,,0,2,1,1,A01
201900018860,1,7,,0,2,1,13,B01
201900018861,2,10,,6,0,1,1,A01
201900018862,2,7,,0,0,1,1,B01
201900018862,2,7,,0,0,4,1,A01
201900018863,0,7,,6,0,2,0,A01
201900018864,2,7,,8,0,6,1,A01
201900018865,1,10,,0,2,3,15,A01
201900018865,2,32,,0,2,1,1,B01
201900018866,2,10,,2,0,3,1,A01
201900018867,2,10,,6,0,2,1,A01
201900018868,1,7,,0,1,5,26,A01
201900018869,1,7,,0,2,8,10,B01
201900018869,2,33,,0,2,1,1,A01
201900018870,2,7,,13,0,0,0,A01
201900018871,1,7,,0,2,3,1,B01
201900018871,2,7,,0,2,1,1,A01
201900018872,3,7,,0,2,1,1,B01
201900018872,3,7,,3,2,0,1,A01
201900018873,3,7,,0,2,7,19,A01
201900018873,1,7,,0,2,1,1,B01
201900018874,3,7,,0,2,3,23,B01
201900018874,2,7,,0,2,1,2,A01
201900018875,1,7,,0,2,7,21,C01
201900018875,2,7,,0,2,3,1,B01
201900018875,1,7,,0,2,3,13,A01
201900018876,1,7,,13,0,0,17,A01
201900018877,1,7,,9,0,0,1,A01
201900018878,2,7,,13,2,2,1,A01
201900018878,1,7,,13,2,3,1,B01
201900018879,1,7,,6,0,8,1,A01
201900018880,2,7,,2,0,1,0,A01
201900018881,2,1,,0,2,1,1,A01
201900018881,3,7,,0,9,7,1,B01
201900018882,2,7,,0,2,1,1,A01
201900018882,1,7,,0,2,1,1,B01
201900018883,2,10,,0,2,3,1,A01
201900018883,1,7,,0,2,3,1,B01
201900018884,1,7,,13,0,1,13,A01
201900018885,1,7,,13,0,2,1,A01
201900018886,2,7,,0,2,1,1,B01
201900018886,1,7,,9,2,1,1,A01
201900018887,0,7,,0,1,1,24,A01
201900018888,3,7,,0,1,4,4,A01
201900018889,1,7,,0,2,1,1,B01
201900018889,2,7,,0,2,1,0,A01
201900018890,1,7,,0,2,3,23,A01
201900018890,2,7,,1,0,3,1,B01
201900018891,2,7,,2,0,1,14,A01
201900018892,3,7,,0,1,5,4,A01
201900018893,2,7,,4,0,2,0,A01
201900018894,2,7,,0,2,1,1,A01
201900018894,1,7,,0,2,7,15,B01
201900018895,1,7,,13,0,2,0,A01
201900018896,2,7,,0,2,7,15,A01
201900018896,1,7,,0,2,1,1,B01
201900018897,1,7,,3,0,8,13,A01
201900018898,0,7,,8,0,3,1,A01
201900018899,2,33,,3,0,2,1,A01
201900018900,1,17,,0,1,1,20,A01
201900018901,1,7,,8,0,1,1,A01
201900018902,3,2,,0,2,1,13,B01
201900018902,3,21,,0,2,3,1,A01
201900018903,2,7,,13,0,2,13,A01
201900018904,1,7,,13,0,2,14,A01
201900018905,1,7,,0,2,8,15,A01
201900018905,2,10,,0,2,2,1,B01
201900018906,1,7,,0,1,3,1,A01
201900018907,2,7,,6,0,1,1,A01
201900018908,0,15,,0,1,2,2,A01
201900018909,3,7,,0,1,3,15,A01
201900018910,0,50,,0,0,0,0,A01
201900018911,2,7,,0,0,5,2,C01
201900018911,2,7,,0,2,4,2,B01
201900018911,2,7,,0,2,1,2,A01
201900018912,0,32,,0,2,1,1,A01
201900018912,0,7,,0,2,3,10,B01
201900018913,1,7,,8,0,3,13,A01
201900018914,2,7,,6,0,1,0,A01
201900018915,1,33,,16,0,8,0,A01
201900018916,2,7,,17,0,2,13,A01
201900018917,1,7,,1,0,7,17,A01
201900018918,3,7,,0,2,8,19,A01
201900018918,2,7,,0,2,1,13,B01
201900018919,3,7,,13,0,0,0,A01
201900018920,2,14,,0,2,6,13,B01
201900018920,1,7,,0,2,3,2,A01
201900018921,3,7,,2,0,1,1,A01
201900018922,1,7,,0,2,2,13,A01
201900018922,2,7,,0,2,2,17,B01
201900018923,1,7,,2,0,9,13,A01
201900018924,1,7,,0,2,1,2,A01
201900018924,1,7,,0,2,4,2,B01
201900018924,1,7,,0,2,5,1,C01
201900018925,2,7,,0,1,1,2,A01
201900018926,2,7,,6,0,7,0,A01
201900018927,2,7,,0,2,4,21,A01
201900018927,1,7,,0,2,1,1,B01
201900018928,2,7,,0,9,1,0,A01
201900018929,2,10,,2,0,3,6,A01
201900018930,2,33,,6,0,1,1,A01
201900018931,1,7,,0,2,1,17,A01
201900018931,2,7,,13,2,1,1,B01
201900018932,2,7,,3,2,1,1,B01
201900018932,1,7,,3,2,1,13,A01
201900018933,1,7,,6,0,3,1,A01
201900018934,3,7,,0,2,1,11,A01
201900018934,1,7,,0,0,3,0,B01
201900018935,1,7,,8,0,6,1,A01
201900018936,1,7,,6,0,1,13,A01
201900018937,1,7,,0,2,1,1,B01
201900018937,2,7,,0,2,1,17,A01
201900018938,2,7,,15,2,6,15,A01
201900018938,2,7,,15,2,3,17,C01
201900018939,2,7,,15,0,1,1,A01
201900018940,1,7,,0,1,1,1,A01
201900018941,2,7,,6,0,1,1,A01
201900018942,1,7,,13,0,1,1,A01
201900018943,1,7,,13,0,7,14,A01
201900018944,1,17,,0,2,3,1,B01
201900018944,2,7,,0,2,3,1,A01
201900018945,0,7,,0,2,3,0,B01
201900018945,0,7,,0,2,3,0,A01
201900018946,2,7,,0,2,3,1,A01
201900018946,3,7,,0,0,8,19,B01
201900018947,3,7,,0,2,1,1,B01
201900018947,3,7,,0,2,1,17,A01
201900018948,1,32,,0,0,1,1,B01
201900018948,1,7,,0,0,2,19,A01
201900018949,2,10,,0,2,1,1,B01
201900018949,1,10,,0,2,2,15,A01
201900018950,2,7,,14,0,1,1,B01
201900018950,2,7,,11,0,1,1,A01
201900018951,2,10,,0,2,3,1,B01
201900018951,1,7,,0,2,3,13,A01
201900018952,1,7,,3,0,2,1,A01
201900018953,2,7,,0,1,2,1,A01
201900018954,3,7,,0,2,3,13,A01
201900018954,3,2,,0,2,1,17,B01
201900018955,1,7,,0,0,7,1,A01
201900018955,1,2,,0,2,1,19,B01
201900018956,1,7,,13,0,2,1,A01
201900018957,3,31,,0,2,7,1,A01
201900018957,3,7,,0,2,1,15,B01
201900018958,2,1,,0,2,4,1,A01
201900018958,2,7,,0,2,1,1,Z01
201900018959,1,7,,6,0,7,1,A01
201900018960,1,31,,0,0,4,2,B01
201900018960,1,32,,0,2,7,1,A01
201900018961,0,7,,0,2,1,1,B01
201900018961,0,7,,0,2,1,5,A01
201900018962,2,7,,0,2,1,1,B01
201900018962,1,50,,0,2,2,19,A01
201900018963,0,7,,0,1,1,1,A01
201900018964,0,7,,2,0,1,1,A01
201900018965,0,7,,0,2,7,1,B01
201900018965,0,31,,0,2,9,14,A01
201900018966,3,1,,0,2,1,1,B01
201900018966,3,7,,0,6,3,9,A01
201900018967,2,7,,0,2,4,2,D01
201900018967,2,7,,0,2,4,2,C01
201900018967,2,7,,0,2,4,23,B01
201900018967,2,7,,0,2,1,2,A01
201900018968,3,10,,0,1,2,1,A01
201900018969,1,7,,0,2,4,2,B01
201900018969,1,7,,0,2,1,2,A01
201900018970,1,7,,11,2,2,15,A01
201900018970,2,7,,11,2,3,1,B01
201900018971,1,33,,0,1,1,17,A01
201900018972,1,31,,0,2,7,17,A01
201900018972,1,7,,0,2,8,15,B01
201900018973,1,15,,1,2,1,2,C01
201900018973,1,7,,0,2,1,2,B01
201900018973,1,7,,0,2,1,2,A01
201900018974,3,7,,15,0,1,0,A01
201900018974,3,7,,0,2,3,0,C01
201900018975,0,7,,0,2,1,2,Z01
201900018975,0,7,,0,2,4,23,C01
201900018975,1,7,,0,2,4,23,B01
201900018975,0,7,,0,2,4,23,A01
201900018976,3,38,1.0,0,2,8,1,B01
201900018976,0,7,,0,2,8,1,A01
201900018977,3,7,,0,1,2,15,A01
201900018978,1,7,,0,1,4,4,A01
201900018979,1,7,,0,2,3,1,B01
201900018979,1,7,,0,2,2,12,A01
201900018980,1,43,,0,2,1,2,A01
201900018980,1,7,,0,2,1,2,B01
201900018980,1,7,,0,2,4,23,C01
201900018981,3,37,1.0,0,2,1,1,B01
201900018981,3,41,,0,2,1,1,A01
201900018982,1,7,,0,2,3,15,A01
201900018982,2,33,,0,2,7,1,B01
201900018983,1,50,,1,2,8,1,B01
201900018983,1,10,,0,2,7,17,A01
201900018984,2,7,,0,2,3,13,A01
201900018984,1,7,,0,2,3,1,B01
201900018985,2,7,,0,1,4,4,A01
201900018986,2,31,,0,2,8,15,B01
201900018986,2,33,,0,2,1,17,A01
201900018987,1,7,,0,2,1,16,A01
201900018987,1,1,,0,2,1,1,B01
201900018988,1,1,,0,2,1,5,B01
201900018988,1,33,,0,2,1,1,A01
201900018989,0,7,,2,0,1,15,A01
201900018990,1,7,,0,2,4,23,B01
201900018990,1,7,,0,2,1,2,A01
201900018991,2,1,,0,2,2,1,B01
201900018991,2,7,,0,2,3,22,A01
201900018992,1,7,,0,1,2,1,A01
201900018993,1,7,,0,2,3,10,A01
201900018993,1,30,,0,2,1,1,B01
201900018994,2,32,,0,2,1,1,B01
201900018994,1,7,,0,2,1,15,A01
201900018995,1,7,,0,2,4,2,Z01
201900018995,1,1,,0,2,1,2,A01
201900018996,2,7,,0,1,3,15,A01
201900018997,3,7,,0,2,3,15,A01
201900018997,3,2,,0,2,1,1,B01
201900018998,2,7,,0,1,4,20,A01
201900018999,2,7,,0,1,2,1,A01
201900019000,2,7,,0,1,6,1,A01
201900019001,3,7,,0,0,4,2,A01
201900019002,0,7,,0,1,3,26,A01
201900019003,1,30,,0,0,0,1,A01
201900019004,3,7,,0,1,2,15,A01
201900019005,2,10,,0,2,1,5,A01
201900019005,1,32,,0,2,1,0,B01
201900019006,1,3,,0,2,1,26,A01
201900019006,1,3,,0,2,4,1,B01
201900019007,1,7,,0,2,0,0,A01
201900019007,2,34,,0,2,1,1,B01
201900019008,2,60,,0,0,0,1,A01
201900019009,1,7,,0,1,8,1,A01
201900019010,3,33,,0,2,5,15,B01
201900019010,3,7,,0,2,1,1,A01
201900019011,2,7,,1,2,1,1,A01
201900019011,2,7,,0,0,5,1,B01
201900019012,2,7,,0,2,3,26,B01
201900019012,1,7,,0,2,3,13,A01
201900019013,2,2,,0,2,2,17,A01
201900019013,2,2,,0,2,8,15,B01
201900019014,1,17,,1,0,1,1,B01
201900019014,1,17,,0,0,4,23,A01
201900019015,2,33,,0,2,1,1,B01
201900019015,2,7,,0,2,2,9,A01
201900019016,2,1,,14,0,2,14,A01
201900019017,2,7,,0,1,2,1,A01
201900019018,0,33,,6,0,2,0,A01
201900019019,1,7,,13,2,2,17,A01
201900019019,1,7,,13,0,6,1,B01
201900019020,3,2,,2,0,1,13,A01
201900019021,3,1,,0,2,4,2,B01
201900019021,3,7,,0,2,1,2,A01
201900019022,2,7,,0,2,2,11,A01
201900019022,1,7,,0,2,3,1,B01
201900019023,1,7,,0,2,1,1,B01
201900019023,2,7,,0,2,8,13,A01
201900019024,0,2,,0,2,1,0,A01
201900019024,0,7,,0,2,1,1,B01
201900019025,2,1,,0,2,8,0,A01
201900019025,2,15,,0,2,2,2,B01
201900019026,1,7,,0,1,2,1,A01
201900019027,1,7,,0,2,3,1,B01
201900019027,2,33,,0,2,1,13,A01
201900019028,2,10,,0,2,8,10,A01
201900019028,2,2,,0,2,1,2,B01
201900019029,1,7,,0,0,9,0,A01
201900019030,1,7,,0,2,3,1,A01
201900019030,1,7,,0,2,3,1,B01
201900019031,3,15,,0,2,2,20,B01
201900019031,1,7,,0,1,1,1,A01
201900019032,2,33,,13,0,0,26,A01
201900019033,2,17,,1,1,0,1,A01
201900019034,1,7,,0,2,1,1,B01
201900019034,2,7,,0,2,1,1,A01
201900019035,3,33,,6,0,1,1,A01
201900019036,1,7,,6,0,1,14,A01
201900019037,1,7,,0,2,6,1,B01
201900019037,1,33,,0,2,1,17,A01
201900019038,1,7,,13,0,9,1,A01
201900019039,0,7,,8,0,1,1,A01
201900019040,2,10,,0,2,3,1,B01
201900019040,1,33,,0,2,3,13,A01
201900019041,1,10,,0,2,3,0,B01
201900019041,2,14,,13,2,1,13,A01
201900019042,0,7,,0,2,3,23,B01
201900019042,2,7,,0,2,2,21,A01
201900019043,2,7,,0,0,6,15,B01
201900019043,2,33,,0,2,1,2,A01
201900019044,2,7,,0,2,1,1,A01
201900019044,2,14,,0,0,4,1,B01
201900019044,2,7,,0,2,4,1,C01