Num_Acc,senc,catv,occutc,obs,obsm,choc,manv,num_veh
201900019045,1,7,,0,2,1,1,A01
201900019045,1,13,,0,0,4,1,B01
201900019046,0,33,,0,2,1,9,B01
201900019046,2,33,,0,0,6,1,A01
201900019047,1,7,,0,1,3,1,A01
201900019048,0,7,,6,0,6,0,C01
201900019048,3,7,,0,0,6,23,B01
201900019048,0,7,,1,1,1,1,A01
201900019049,3,7,,0,2,3,15,A01
201900019049,2,33,,0,2,1,1,B01
201900019050,1,33,,0,2,1,1,A01
201900019050,2,10,,0,2,3,15,B01
201900019051,2,37,1.0,0,2,2,1,A01
201900019051,1,7,,0,2,3,15,B01
201900019052,0,7,,0,2,3,1,B01
201900019052,0,33,,0,2,3,1,A01
201900019053,1,7,,13,0,0,0,A01
201900019054,3,7,,0,1,1,1,A01
201900019055,3,10,,0,1,1,1,A01
201900019056,1,7,,8,0,1,14,A01
201900019057,0,34,,0,0,7,1,A01
201900019058,0,33,,6,0,1,0,A01
201900019059,2,7,,8,0,8,5,A01
201900019060,2,1,,0,2,1,1,B01
201900019060,1,7,,0,0,2,15,A01
201900019061,3,7,,0,2,8,15,A01
201900019061,3,13,,0,2,1,13,B01
201900019062,1,1,,0,2,3,25,A01
201900019062,1,7,,0,9,2,1,B01
201900019063,1,7,,0,2,3,13,A01
201900019063,2,7,,0,2,3,1,B01
201900019064,2,7,,8,0,2,1,A01
201900019065,1,7,,0,0,9,0,A01
201900019066,2,7,,2,0,2,1,A01
201900019067,0,7,,8,0,2,0,A01
201900019068,1,7,,0,2,4,1,A01
201900019068,1,7,,0,2,1,2,B01
201900019069,0,7,,0,2,-1,0,A01
201900019069,0,7,,0,2,0,0,B01
201900019070,1,7,,0,2,4,2,D01
201900019070,1,10,,0,2,4,2,C01
201900019070,1,10,,0,2,1,2,B01
201900019070,1,7,,0,2,1,2,A01
201900019071,2,7,,0,2,1,1,A01
201900019071,2,31,,0,2,4,1,B01
201900019072,2,7,,0,2,5,12,B01
201900019072,2,31,,0,2,5,26,A01
201900019073,2,7,,0,2,6,0,B01
201900019073,2,15,,0,2,1,26,A01
201900019074,1,33,,0,2,5,14,A01
201900019074,1,7,,0,2,5,17,B01
201900019075,2,7,,0,2,4,1,C01
201900019075,2,31,,0,2,7,1,B01
201900019075,2,7,,0,2,8,11,A01
201900019076,1,7,,0,2,4,2,E01
201900019076,1,10,,0,2,1,2,D01
201900019076,1,7,,0,2,1,2,C01
201900019076,1,7,,0,2,1,2,B01
201900019076,1,7,,0,2,1,2,A01
201900019077,2,10,,0,2,5,12,B01
201900019077,2,33,,0,2,1,3,A01
201900019078,1,7,,0,2,3,0,A01
201900019078,1,7,,0,2,5,0,B01
201900019079,3,1,,0,2,3,19,A01
201900019079,1,7,,0,2,7,1,B01
201900019080,2,7,,8,2,3,1,B01
201900019080,0,7,,8,2,2,15,A01
201900019080,2,7,,0,2,1,23,C01
201900019081,1,7,,0,2,1,1,C01
201900019081,1,7,,0,2,4,1,B01
201900019081,1,7,,0,2,4,1,A01
201900019082,3,7,,0,2,1,2,A01
201900019082,3,7,,0,2,1,2,B01
201900019082,0,1,,0,2,0,19,C01
201900019083,2,2,,0,2,1,1,B01
201900019083,1,7,,0,2,7,15,A01
201900019084,1,50,,0,1,3,26,A01
201900019085,1,1,,0,0,0,14,A01
201900019086,1,7,,0,1,2,26,A01
201900019086,3,0,,0,2,0,0,Y01
201900019087,1,33,,0,2,4,17,A01
201900019087,1,2,,0,2,1,13,B01
201900019088,1,7,,0,2,2,26,A01
201900019088,1,30,,0,2,1,1,B01
201900019089,2,33,,0,2,1,1,B01
201900019089,1,7,,0,2,3,15,A01
201900019090,1,30,,0,2,1,17,A01
201900019090,1,7,,0,2,3,17,B01
201900019091,1,50,,0,0,0,25,A01
201900019092,1,7,,0,2,2,1,A01
201900019092,1,50,,0,2,1,1,B01
201900019093,2,7,,0,2,7,1,B01
201900019093,1,7,,0,2,3,1,A01
201900019094,1,7,,0,1,2,26,A01
201900019095,3,1,,0,2,3,19,A01
201900019095,2,32,,0,2,1,21,B01
201900019096,1,7,,0,2,3,1,A01
201900019096,2,1,,0,2,8,15,B01
201900019097,2,7,,0,2,3,19,B01
201900019097,2,10,,0,2,2,9,A01
201900019098,3,1,,0,2,7,15,B01
201900019098,3,7,,0,2,1,1,A01
201900019099,3,7,,0,2,3,5,B01
201900019099,3,7,,0,2,3,5,A01
201900019100,3,99,,6,0,1,26,A01
201900019101,1,7,,0,1,1,0,A01
201900019102,2,7,,0,2,6,12,B01
201900019102,2,43,,0,2,1,3,A01
201900019103,2,7,,0,2,2,1,A01
201900019103,2,7,,0,2,6,23,B01
201900019104,2,7,,0,2,5,15,B01
201900019104,1,34,,0,2,1,26,A01
201900019105,1,7,,0,2,3,1,B01
201900019105,2,7,,0,2,3,13,A01
201900019106,2,1,,0,2,1,1,B01
201900019106,1,7,,12,0,8,1,Y01
201900019107,2,7,,0,0,4,0,D01
201900019107,2,7,,0,2,4,0,C01
201900019107,2,7,,0,2,4,0,B01
201900019107,2,7,,0,2,1,0,A01
201900019108,0,7,,15,0,3,13,A01
201900019109,3,32,,0,2,1,18,A01
201900019109,3,7,,0,2,2,15,B01
201900019110,2,7,,8,6,1,1,Z01
201900019111,2,7,,0,2,5,2,B01
201900019111,2,7,,0,2,1,2,A01
201900019112,1,7,,0,0,0,1,A01
201900019113,1,10,,14,1,1,15,A01
201900019114,1,7,,0,2,7,15,A01
201900019114,1,33,,0,2,1,1,B01
201900019115,2,1,,0,0,5,1,B01
201900019115,1,7,,0,2,1,1,A01
201900019116,1,7,,0,1,1,1,A01
201900019117,1,7,,0,2,6,1,B01
201900019117,1,10,,0,2,1,1,A01
201900019118,2,7,,0,1,1,15,A01
201900019119,1,7,,0,1,4,20,A01
201900019120,2,30,,0,2,3,21,A01
201900019120,2,7,,0,2,5,2,B01
201900019121,1,7,,0,2,4,26,A01
201900019121,1,1,,0,2,1,2,B01
201900019122,1,1,,0,2,5,9,B01
201900019122,2,7,,0,2,1,0,A01
201900019123,2,7,,0,2,1,2,B01
201900019123,2,7,,0,1,1,1,A01
201900019124,1,7,,0,2,1,2,A01
201900019124,1,7,,0,2,4,1,B01
201900019125,2,1,,0,2,8,1,B01
201900019125,1,10,,0,2,2,15,A01
201900019126,1,7,,0,1,1,26,A01
201900019127,1,7,,0,1,1,26,A01
201900019128,1,7,,0,2,1,5,B01
201900019128,1,7,,0,2,1,5,A01
201900019129,1,7,,0,1,9,1,A01
201900019130,1,7,,0,2,1,13,A01
201900019130,1,7,,0,2,1,1,B01
201900019131,1,7,,0,2,3,16,A01
201900019131,1,7,,0,2,1,2,B01
201900019132,3,7,,0,2,1,16,A01
201900019132,0,1,,0,2,8,19,B01
201900019133,1,33,,13,0,9,21,A01
201900019134,2,1,,0,2,1,1,B01
201900019134,0,7,,0,0,7,16,A01
201900019135,1,7,,0,2,1,13,A01
201900019135,2,7,,0,2,1,1,B01
201900019136,1,7,,0,1,1,1,A01
201900019137,1,7,,0,2,6,9,A01
201900019137,1,15,,0,2,2,1,B01
201900019138,1,7,,0,0,4,2,A01
201900019138,1,7,,0,2,4,2,B01
201900019138,1,7,,0,2,1,2,C01
201900019139,1,10,,0,2,1,2,A01
201900019139,1,7,,0,2,4,2,B01
201900019140,2,31,,0,2,3,3,A01
201900019140,2,7,,0,2,7,12,B01
201900019140,2,7,,0,2,5,1,C01
201900019141,1,15,,0,2,2,12,A01
201900019141,1,7,,0,2,3,1,B01
201900019142,2,7,,0,2,6,11,B01
201900019142,2,34,,0,2,1,1,A01
201900019143,2,42,,0,2,1,21,A01
201900019143,2,7,,0,2,5,23,B01
201900019144,2,7,,0,2,3,0,B01
201900019144,2,7,,0,2,9,26,A01
201900019145,1,7,,3,0,9,21,A01
201900019146,2,7,,0,2,6,1,B01
201900019146,2,7,,0,2,2,1,A01
201900019147,1,7,,0,2,5,12,A01
201900019147,1,31,,0,2,3,3,B01
201900019148,2,33,,0,2,8,3,A01
201900019148,2,15,,0,2,8,1,B01
201900019148,2,7,,0,2,0,0,Z01
201900019149,2,7,,0,2,7,1,B01
201900019149,2,33,,0,2,8,13,A01
201900019150,2,7,,0,2,1,1,A01
201900019150,2,10,,0,2,4,2,B01
201900019151,1,7,,0,1,2,1,A01
201900019152,2,7,,0,2,4,2,C01
201900019152,2,7,,0,2,1,2,B01
201900019152,2,7,,0,2,1,2,A01
201900019153,2,43,,0,2,2,3,B01
201900019153,2,7,,0,2,8,11,A01
201900019154,1,2,,0,2,5,23,B01
201900019154,1,7,,0,2,1,11,A01
201900019155,1,7,,0,2,4,12,B01
201900019155,1,33,,0,2,1,3,A01
201900019156,1,7,,0,2,1,2,A01
201900019156,1,7,,0,2,4,1,B01
201900019157,3,7,,0,2,6,23,C01
201900019157,3,7,,0,2,4,23,B01
201900019157,3,7,,0,2,1,2,A01
201900019158,0,7,,0,1,1,1,A01
201900019158,0,33,,0,0,0,0,B01
201900019159,1,10,,0,2,3,1,A01
201900019159,1,2,,0,2,1,23,B01
201900019160,3,7,,0,2,1,2,B01
201900019160,3,7,,0,0,4,23,A01
201900019161,1,7,,0,1,2,1,A01
201900019162,2,32,,0,2,8,2,A01
201900019162,1,33,,0,2,7,2,Z01
201900019163,1,7,,0,2,4,1,B01
201900019163,1,7,,0,2,4,1,A01
201900019164,2,34,,8,0,1,1,A01
201900019165,3,7,,0,2,6,2,A01
201900019165,3,33,,0,2,1,2,B01
201900019166,3,7,,0,1,8,15,A01
201900019167,1,7,,0,1,1,26,A01
201900019168,2,7,,0,1,2,21,A01
201900019169,1,7,,0,9,2,26,A01
201900019170,2,31,,0,0,7,26,A01
201900019171,3,37,1.0,0,2,2,1,B01
201900019171,3,32,,0,2,3,15,A01
201900019172,1,33,,0,2,1,1,A01
201900019172,2,7,,0,2,7,15,B01
201900019173,3,10,,0,2,4,1,B01
201900019173,3,7,,0,2,1,26,A01
201900019174,2,7,,0,2,3,1,B01
201900019174,1,1,,0,2,1,15,A01
201900019174,2,10,,0,2,0,15,C01
201900019175,1,33,,1,0,1,13,A01
201900019176,1,30,,12,0,3,1,A01
201900019177,3,7,,0,2,3,15,A01
201900019177,2,7,,0,2,1,26,B01
201900019178,0,7,,0,1,6,26,A01
201900019179,1,30,,8,0,1,14,A01
201900019180,1,33,,0,2,1,1,B01
201900019180,3,7,,0,2,3,15,A01
201900019181,2,10,,1,0,2,17,Z01
201900019181,2,10,,12,0,6,2,A01
201900019182,3,7,,0,2,5,1,A01
201900019182,3,2,,0,2,1,1,Y01
201900019183,3,7,,0,2,8,15,B01
201900019183,3,7,,0,2,1,1,A01
201900019184,2,7,,0,2,3,1,B01
201900019184,1,7,,16,2,3,13,A01
201900019185,1,7,,1,1,1,1,A01
201900019186,1,7,,2,0,1,15,A01
201900019187,3,10,,8,0,2,21,A01
201900019188,2,7,,0,2,4,2,B01
201900019188,2,30,,0,2,1,2,A01
201900019189,3,7,,0,2,1,0,A01
201900019189,3,7,,12,0,4,1,B01
201900019190,3,7,,8,0,1,26,A01
201900019191,1,7,,0,2,8,10,A01
201900019191,1,7,,0,2,1,1,B01
201900019192,3,7,,0,2,4,1,B01
201900019192,3,32,,0,2,1,1,A01
201900019193,3,7,,0,2,2,15,A01
201900019193,3,1,,0,2,1,15,B01
201900019194,0,7,,0,2,1,15,A01
201900019194,0,32,,0,2,1,1,B01
201900019195,1,10,,0,2,1,2,A01
201900019195,1,10,,0,2,4,2,B01
201900019196,2,33,,0,2,1,13,A01
201900019196,1,7,,0,2,1,1,B01
201900019197,2,33,,0,2,1,26,B01
201900019197,2,21,,0,2,6,1,A01
201900019198,2,32,,0,2,3,3,B01
201900019198,2,7,,0,2,7,12,A01
201900019199,2,1,,0,2,9,15,B01
201900019199,1,7,,0,2,1,1,A01
201900019200,1,31,,0,2,1,1,A01
201900019200,2,7,,0,2,7,15,B01
201900019201,1,80,,0,2,0,1,B01
201900019201,1,7,,0,2,8,22,A01
201900019202,3,7,,0,2,3,1,A01
201900019202,1,10,,0,2,1,1,B01
201900019202,1,7,,0,2,4,1,C01
201900019202,2,7,,0,2,8,1,D01
201900019203,3,7,,0,2,2,7,B01
201900019203,1,7,,0,2,3,1,A01
201900019204,2,33,,1,1,1,1,A01
201900019205,1,30,,0,0,5,16,A01
201900019206,2,7,,0,2,3,15,A01
201900019206,2,30,,0,2,1,1,B01
201900019207,3,1,,0,0,0,7,A01
201900019208,1,30,,0,2,2,19,A01
201900019208,1,7,,0,6,3,1,B01
201900019209,3,7,,2,0,1,1,A01
201900019210,0,7,,0,2,1,1,A01
201900019210,0,7,,0,2,1,15,B01
201900019211,3,7,,0,2,1,19,B01
201900019211,3,30,,0,2,3,19,A01
201900019212,2,40,,0,2,0,0,B01
201900019212,2,7,,0,-1,3,15,A01
201900019213,3,7,,0,0,2,0,B01
201900019213,3,7,,0,0,1,1,A01
201900019214,1,30,,0,1,1,21,A01
201900019215,1,7,,0,2,1,19,A01
201900019215,1,7,,0,2,8,0,B01
201900019216,3,7,,14,0,5,12,A01
201900019216,3,2,,0,2,1,2,B01
201900019217,1,30,,0,2,1,0,C01
201900019217,1,30,,0,2,4,23,A01
201900019218,1,7,,0,6,2,1,A01
201900019219,3,3,,0,0,5,2,A01
201900019219,3,2,,0,2,1,2,B01
201900019220,1,7,,8,2,2,19,A01
201900019220,1,32,,0,2,1,0,B01
201900019221,3,7,,0,1,1,1,A01
201900019222,1,1,,5,0,9,1,A01
201900019223,3,7,,0,1,4,20,A01
201900019224,2,7,,0,2,1,1,A01
201900019224,2,7,,0,2,4,1,B01
201900019224,2,7,,0,2,1,1,C01
201900019224,2,7,,14,0,1,1,D01
201900019225,3,2,,0,0,7,16,A01
201900019225,3,7,,0,2,1,26,B01
201900019226,0,7,,14,9,6,2,A01
201900019226,0,7,,0,2,2,2,B01
201900019227,1,7,,0,2,1,2,C01
201900019227,1,7,,0,2,4,23,B01
201900019227,1,7,,0,2,4,23,A01
201900019228,3,10,,0,2,3,1,B01
201900019228,3,21,,0,2,5,15,A01
201900019229,2,33,,13,0,1,1,A01
201900019230,1,7,,0,2,6,2,B01
201900019230,1,33,,0,2,1,2,A01
201900019231,2,33,,14,0,1,1,A01
201900019232,1,7,,0,2,1,1,B01
201900019232,2,7,,0,2,8,9,A01
201900019233,2,7,,0,2,1,1,B01
201900019233,1,2,,0,2,1,13,A01
201900019234,2,7,,10,0,2,1,A01
201900019235,1,7,,6,0,1,1,A01
201900019236,1,7,,0,0,3,1,B01
201900019236,2,7,,15,0,8,0,C01
201900019236,1,7,,0,0,1,19,A01
201900019237,1,7,,13,0,1,1,A01
201900019238,2,33,,0,0,0,0,A01
201900019239,2,7,,0,1,1,1,A01
201900019240,0,7,,0,2,1,1,B01
201900019240,0,7,,3,2,1,1,A01
201900019241,1,7,,0,2,3,13,A01
201900019241,2,7,,0,2,6,1,B01
201900019242,2,33,,0,2,1,17,B01
201900019242,2,7,,0,2,8,15,A01
201900019243,1,10,,0,1,3,1,A01
201900019244,2,7,,0,2,3,1,C01
201900019244,1,7,,0,2,2,21,B01
201900019244,2,7,,0,2,6,9,A01
201900019245,2,1,,0,2,8,1,A01
201900019245,2,7,,0,2,7,17,B01
201900019246,2,33,,0,2,1,1,B01
201900019246,1,7,,0,0,7,15,A01
201900019247,1,31,,10,0,2,1,A01
201900019248,1,33,,16,0,0,1,A01
201900019249,2,7,,0,0,3,1,A01
201900019250,1,7,,2,0,1,17,A01
201900019251,0,1,,0,2,7,19,B01
201900019251,0,7,,0,9,8,1,A01
201900019252,1,7,,0,1,1,1,A01
201900019253,2,33,,0,2,2,2,A01
201900019253,2,7,,0,2,6,23,B01
201900019254,3,33,,0,0,9,13,A01
201900019255,3,36,,0,1,1,1,A01
201900019256,3,7,,3,0,3,1,A01
201900019257,1,31,,0,0,0,1,A01
201900019258,2,7,,0,2,3,1,B01
201900019258,2,7,,0,2,3,13,A01
201900019259,1,33,,8,0,1,1,A01
201900019260,0,33,,12,0,1,1,A01
201900019260,0,33,,12,0,0,1,B01
201900019261,2,7,,2,0,1,13,A01
201900019262,1,7,,0,2,3,19,B01
201900019262,1,7,,0,2,1,1,A01
201900019263,2,7,,3,2,6,24,A01
201900019263,2,15,,1,0,2,14,B01
201900019264,2,7,,0,0,4,2,C01
201900019264,2,7,,0,2,4,2,B01
201900019264,2,7,,0,2,1,2,A01
201900019265,1,7,,7,0,5,19,A01
201900019265,2,15,,0,2,1,1,B01
201900019266,1,7,,0,2,3,15,B01
201900019266,1,15,,0,2,2,1,A01
201900019267,0,7,,0,2,3,19,A01
201900019267,3,33,,0,2,1,1,B01
201900019268,0,7,,0,9,2,2,C01
201900019268,0,1,,0,0,8,2,B01
201900019268,0,1,,0,0,8,2,A01
201900019269,1,7,,4,2,2,1,B01
201900019269,1,7,,0,2,2,1,A01
201900019270,2,2,,0,9,1,2,A01
201900019271,2,32,,0,2,8,10,B01
201900019271,1,33,,0,2,1,1,A01
201900019272,2,2,,0,2,1,9,B01
201900019272,2,7,,0,2,1,0,A01
201900019273,1,31,,1,0,1,1,A01
201900019273,2,7,,0,0,1,24,B01
201900019274,3,33,,6,0,1,1,A01
201900019275,3,7,,0,1,2,15,A01
201900019276,2,7,,0,2,1,1,B01
201900019276,1,7,,0,2,1,13,A01
201900019277,2,7,,0,2,3,1,B01
201900019277,1,7,,0,2,3,5,A01
201900019278,2,33,,0,2,3,1,A01
201900019278,3,10,,0,2,2,9,B01
201900019278,3,7,,0,2,3,23,C01
201900019279,3,7,,0,2,1,26,B01
201900019279,3,2,,0,2,5,21,A01
201900019280,2,7,,0,2,2,9,A01
201900019280,2,2,,0,2,7,16,B01
201900019281,1,1,,0,0,4,2,B01
201900019281,1,7,,0,9,1,2,A01
201900019282,2,7,,0,2,3,13,A01
201900019282,1,7,,0,2,3,1,B01
201900019282,1,7,,0,2,3,1,C01
201900019283,2,7,,14,0,1,2,C01
201900019283,2,7,,14,0,7,2,B01
201900019283,2,7,,3,0,8,10,A01
201900019284,1,32,,0,0,0,16,A01
201900019285,2,7,,0,1,7,1,A01
201900019286,2,7,,0,2,4,1,A01
201900019286,2,33,,0,2,1,2,B01
201900019287,2,10,,0,2,1,2,A01
201900019287,2,10,,0,2,4,2,B01
201900019288,1,7,,3,2,1,2,A01
201900019288,1,7,,0,2,4,1,B01
201900019289,1,7,,0,2,1,14,A01
201900019289,1,7,,0,2,1,1,B01
201900019290,1,7,,0,0,9,1,A01
201900019291,2,7,,0,2,4,23,B01
201900019291,2,7,,1,0,1,21,A01
201900019292,1,7,,0,2,4,2,C01
201900019292,1,7,,0,2,4,2,B01
201900019292,1,10,,0,2,1,2,A01
201900019293,1,7,,0,2,4,1,B01
201900019293,1,7,,0,2,1,1,A01
201900019294,1,33,,0,2,3,16,B01
201900019294,1,30,,0,2,1,1,A01
201900019295,1,33,,12,0,1,21,A01
201900019296,1,7,,0,2,1,1,A01
201900019296,1,7,,0,2,6,1,B01
201900019297,1,7,,0,1,3,17,A01
201900019298,1,7,,0,2,3,15,A01
201900019298,1,32,,0,2,1,1,B01
201900019299,2,37,1.0,0,1,1,1,A01
201900019299,1,7,,0,1,0,23,B01
201900019300,1,7,,0,2,7,0,B01
201900019300,2,7,,0,2,3,16,A01
201900019301,1,7,,0,2,2,26,A01
201900019301,1,7,,0,2,6,9,B01
201900019302,2,7,,0,2,5,14,A01
201900019302,2,1,,0,2,1,0,B01
201900019303,1,7,,0,1,1,9,A01
201900019304,3,34,,0,2,1,18,A01
201900019304,3,7,,0,2,7,15,B01
201900019305,1,7,,0,2,1,2,B01
201900019305,1,7,,0,0,4,23,A01
201900019306,2,32,,0,2,8,2,B01
201900019306,2,7,,0,2,1,15,A01
201900019307,3,7,,0,2,3,15,A01
201900019307,3,7,,0,2,2,19,B01
201900019308,1,30,,11,0,1,1,A01
201900019309,2,2,,1,0,3,13,A01
201900019310,1,7,,0,2,1,1,B01
201900019310,1,30,,0,2,1,1,A01
201900019311,1,7,,0,2,3,1,B01
201900019311,1,7,,0,2,1,1,A01
201900019312,1,30,,0,0,7,1,A01
201900019313,2,7,,0,2,1,1,A01
201900019313,2,7,,0,2,4,15,B01
201900019314,3,7,,0,2,6,9,A01
201900019314,3,33,,0,2,7,1,B01
201900019315,3,7,,4,2,1,1,A01
201900019315,3,7,,0,2,3,1,B01
201900019316,2,7,,0,2,6,15,B01
201900019316,2,31,,0,2,1,15,A01
201900019317,2,1,,0,2,1,1,B01
201900019317,1,7,,0,2,3,15,A01
201900019318,2,33,,13,0,0,1,A01
201900019319,2,7,,13,0,2,1,A01
201900019320,1,7,,0,2,2,9,A01
201900019320,2,2,,0,2,1,21,B01
201900019321,3,1,,1,0,0,1,A01
201900019322,0,33,,0,2,1,1,B01
201900019322,0,7,,0,2,3,9,A01
201900019323,2,7,,0,2,1,1,B01
201900019323,1,10,,0,2,1,1,A01
201900019324,2,7,,0,9,3,1,B01
201900019324,1,60,,0,2,1,13,A01
201900019325,2,7,,0,0,9,1,A01
201900019326,1,7,,1,0,2,14,A01
201900019327,1,13,,0,2,3,13,A01
201900019327,1,15,,0,2,3,1,B01
201900019328,3,2,,0,2,2,1,B01
201900019328,3,7,,0,2,3,1,A01
201900019329,2,7,,0,0,4,1,B01
201900019329,2,7,,0,2,1,1,A01
201900019330,1,33,,0,2,2,1,B01
201900019330,1,7,,0,2,8,10,A01
201900019331,1,7,,2,0,2,1,A01
201900019332,0,7,,0,2,3,1,B01
201900019332,2,2,,0,2,1,17,A01
201900019333,3,32,,0,2,7,2,B01
201900019333,0,7,,0,2,8,2,A01
201900019334,1,7,,0,2,1,16,B01
201900019334,2,1,,0,2,1,13,A01
201900019335,1,7,,3,0,0,0,A01
201900019336,2,2,,0,0,3,15,A01
201900019337,1,7,,6,0,3,13,A01
201900019338,2,7,,0,2,8,15,B01
201900019338,2,31,,0,2,0,17,A01
201900019339,0,33,,16,0,1,1,A01
201900019340,1,7,,0,1,2,1,A01
201900019341,1,31,,7,0,2,1,A01
201900019342,1,2,,0,2,1,1,B01
201900019342,2,7,,0,0,5,1,A01
201900019343,1,7,,7,0,2,1,A01
201900019344,3,7,,0,1,1,15,A01
201900019345,2,32,,0,2,1,15,B01
201900019345,1,33,,0,2,7,16,A01
201900019346,0,31,,8,0,3,13,A01
201900019347,1,17,,0,1,8,15,A01
201900019348,3,7,,0,2,2,1,B01
201900019348,3,7,,0,2,3,9,A01
201900019349,1,33,,0,0,4,1,B01
201900019349,1,33,,0,2,1,2,A01
201900019350,2,33,,3,0,1,13,A01
201900019351,0,7,,0,0,1,2,A01
201900019352,2,7,,2,0,2,0,A01
201900019353,1,7,,0,1,3,9,A01
201900019354,3,7,,0,0,1,26,C01
201900019354,3,7,,0,2,3,15,B01
201900019354,3,33,,1,2,2,17,A01
201900019355,1,7,,0,2,2,1,B01
201900019355,2,7,,0,2,2,15,A01
201900019356,1,7,,0,2,3,1,B01
201900019356,2,2,,0,2,0,0,A01
201900019357,2,7,,0,2,2,1,A01
201900019357,1,7,,0,2,2,1,B01
201900019358,1,7,,13,0,7,26,A01
201900019359,2,31,,0,2,1,19,B01
201900019359,2,7,,0,2,3,26,A01
201900019360,1,7,,0,0,6,2,A01
201900019360,1,33,,0,2,1,2,B01
201900019361,1,33,,0,0,5,23,A01
201900019361,1,33,,1,0,1,1,B01
201900019362,2,7,,0,2,1,1,B01
201900019362,1,7,,0,2,1,5,A01
201900019363,1,21,,0,9,1,2,A01
201900019363,1,1,,0,2,4,2,B01
201900019363,3,7,,0,0,1,26,C01
201900019364,3,33,,0,6,1,19,A01
201900019365,2,1,,0,2,4,2,B01
201900019365,2,7,,0,9,2,1,A01
201900019366,1,7,,2,0,9,14,A01
201900019367,0,7,,0,1,2,21,A01
201900019368,3,7,,0,2,1,2,A01
201900019368,3,7,,0,2,4,2,B01
201900019369,2,7,,14,2,1,2,B01
201900019369,2,7,,0,0,4,23,A01
201900019370,3,33,,6,0,9,1,A01
201900019371,1,7,,0,2,3,1,A01
201900019371,2,7,,0,2,8,1,B01
201900019371,2,7,,0,2,1,1,C01
201900019372,2,31,,0,0,0,1,A01
201900019373,0,7,,0,2,1,5,A01
201900019373,0,7,,0,2,1,1,B01
201900019374,2,7,,0,1,2,1,A01
201900019375,3,7,,0,0,0,17,B01
201900019375,3,33,,13,0,0,17,A01
201900019376,2,10,,0,2,5,15,A01
201900019376,1,33,,0,2,1,1,B01
201900019377,1,10,,0,2,2,21,B01
201900019377,2,7,,3,2,2,13,A01
201900019378,0,7,,6,0,9,17,A01
201900019379,3,33,,0,0,4,1,A01
201900019380,0,7,,10,0,2,1,A01
201900019381,3,7,,0,2,8,1,B01
201900019381,3,7,,0,2,1,1,A01
201900019382,1,7,,0,2,3,13,A01
201900019382,2,7,,3,2,3,1,B01
201900019383,2,7,,6,0,1,1,A01
201900019384,3,2,,0,2,6,11,A01
201900019384,3,7,,0,2,2,17,B01
201900019385,3,7,,0,2,1,19,A01
201900019385,3,33,,0,2,1,1,B01
201900019386,3,33,,0,2,3,1,A01
201900019386,3,7,,0,2,3,13,B01
201900019387,1,1,,0,2,0,1,A01
201900019387,2,7,,0,2,7,15,B01
201900019388,1,7,,13,0,2,14,A01
201900019389,1,7,,2,0,2,19,A01
201900019390,1,7,,15,0,1,0,A01
201900019391,1,7,,0,2,8,15,B01
201900019391,1,33,,0,2,2,17,A01
201900019392,1,7,,3,0,1,1,A01
201900019393,2,7,,5,0,1,1,A01
201900019394,1,10,,13,0,1,1,A01
201900019395,2,7,,0,2,3,1,A01
201900019395,1,21,,0,2,6,1,B01
201900019396,3,7,,13,2,3,1,B01
201900019396,3,7,,0,2,3,13,A01
201900019397,3,33,,13,0,1,1,A01
201900019398,2,7,,2,0,1,13,A01
201900019399,2,7,,3,0,8,1,A01
201900019400,0,10,,0,2,2,1,A01
201900019400,0,1,,13,2,4,1,B01
201900019401,0,7,,0,2,1,1,A01
201900019401,3,1,,0,0,8,1,B01
201900019402,2,7,,0,2,1,1,C01
201900019402,1,10,,0,2,1,21,A01
201900019403,2,33,,12,0,0,9,B01
201900019404,2,7,,0,2,3,13,A01
201900019404,1,7,,0,2,3,1,B01
201900019405,0,33,,0,2,7,1,A01
201900019405,0,7,,0,2,1,9,B01
201900019406,1,7,,0,2,1,9,A01
201900019406,1,33,,0,2,5,1,B01
201900019407,3,7,,0,2,3,19,A01
201900019407,2,7,,0,2,1,1,B01
201900019408,1,7,,14,0,1,1,A01
201900019409,3,2,,0,0,0,1,A01
201900019410,1,7,,0,1,2,1,A01
201900019411,2,10,,0,2,1,1,B01
201900019411,2,2,,0,2,8,1,A01
201900019412,2,1,,0,2,3,1,B01
201900019412,2,7,,0,2,2,17,A01
201900019413,3,1,,0,2,3,15,B01
201900019413,3,1,,0,2,1,1,A01
201900019414,2,7,,0,0,1,1,A01
201900019415,2,34,,0,0,0,2,A01
201900019416,2,33,,0,0,3,1,B01
201900019416,1,7,,0,2,3,1,A01
201900019417,1,7,,15,0,0,1,A01
201900019418,2,7,,0,2,3,5,A01
201900019418,1,7,,0,2,1,1,B01
201900019419,3,7,,0,2,3,1,B01
201900019419,0,32,,0,2,1,0,A01
201900019420,1,7,,0,2,1,0,A01
201900019420,2,7,,0,2,2,23,B01
201900019421,2,33,,0,0,7,1,A01
201900019422,1,7,,0,1,3,15,A01
201900019423,0,33,,0,2,1,1,B01
201900019423,3,7,,0,0,8,10,A01
201900019424,3,33,,8,0,3,17,A01
201900019425,2,7,,0,1,2,1,A01
201900019426,2,7,,0,2,6,17,A01
201900019426,0,33,,0,2,1,17,B01
201900019427,2,7,,0,1,5,4,A01
201900019428,1,10,,0,2,2,17,A01
201900019428,0,1,,0,2,4,1,B01