Num_Acc,senc,catv,occutc,obs,obsm,choc,manv,num_veh
201900019429,3,33,,0,0,8,1,A01
201900019430,1,15,,0,2,5,1,B01
201900019430,1,7,,0,2,1,12,A01
201900019431,1,7,,0,2,1,0,C01
201900019431,1,17,,0,0,4,9,A01
201900019432,2,7,,0,0,7,15,A01
201900019433,2,7,,0,9,2,1,A01
201900019433,2,1,,0,0,4,1,B01
201900019434,0,7,,0,2,8,15,B01
201900019434,1,7,,0,2,1,1,A01
201900019435,1,7,,0,2,1,1,B01
201900019435,2,7,,0,2,8,15,A01
201900019436,2,7,,0,0,1,1,A01
201900019436,1,7,,0,0,6,15,B01
201900019437,0,7,,0,2,3,0,A01
201900019437,0,7,,0,2,3,0,B01
201900019438,1,7,,0,2,1,9,A01
201900019438,1,14,,0,2,8,1,B01
201900019439,2,7,,0,0,4,0,B01
201900019439,2,7,,0,2,1,1,A01
201900019440,1,7,,0,2,1,2,B01
201900019440,1,7,,0,2,4,1,A01
201900019441,2,7,,0,2,1,2,A01
201900019441,2,7,,0,2,4,1,B01
201900019442,1,7,,0,2,1,2,D01
201900019442,1,14,,0,2,1,2,C01
201900019442,1,14,,0,2,5,2,B01
201900019442,1,7,,0,2,3,18,A01
201900019443,2,7,,0,2,4,1,B01
201900019443,0,10,,0,2,1,1,A01
201900019444,1,7,,0,2,8,1,A01
201900019444,1,14,,0,0,0,0,Z01
201900019445,2,7,,4,0,3,1,A01
201900019446,2,7,,0,2,4,1,A01
201900019446,2,7,,0,2,1,1,B01
201900019447,2,33,,0,2,8,1,A01
201900019447,2,7,,0,2,5,1,B01
201900019448,2,10,,0,2,4,1,A01
201900019448,2,7,,0,2,4,1,B01
201900019448,2,7,,0,2,1,1,C01
201900019449,1,7,,0,1,2,1,A01
201900019450,2,7,,0,2,4,1,A01
201900019450,2,7,,0,0,0,0,B01
201900019450,2,7,,0,2,1,2,C01
201900019451,1,7,,0,2,6,1,A01
201900019451,1,7,,0,2,1,2,B01
201900019452,1,7,,0,2,7,2,A01
201900019452,1,7,,0,2,3,9,B01
201900019453,1,7,,0,2,5,12,B01
201900019453,1,33,,7,2,1,18,A01
201900019454,1,7,,0,2,4,26,A01
201900019454,1,7,,0,2,1,2,B01
201900019455,2,7,,3,0,3,21,A01
201900019456,2,7,,4,0,1,14,A01
201900019457,2,7,,0,2,8,11,B01
201900019457,2,33,,0,2,1,3,A01
201900019458,1,7,,0,2,1,1,B01
201900019458,2,7,,0,2,1,5,A01
201900019459,2,7,,4,2,4,1,B01
201900019459,2,7,,0,2,6,1,C01
201900019459,2,7,,0,2,1,1,A01
201900019460,1,7,,0,2,2,1,B01
201900019460,1,17,,0,2,8,1,A01
201900019461,1,7,,0,2,3,11,A01
201900019461,1,7,,0,2,5,1,B01
201900019461,1,7,,0,2,4,2,C01
201900019462,2,7,,4,0,3,16,A01
201900019463,1,7,,0,2,2,12,A01
201900019463,1,7,,0,2,8,1,C01
201900019463,1,7,,0,2,4,1,B01
201900019464,1,7,,0,2,4,1,B01
201900019464,1,7,,0,2,4,2,A01
201900019465,1,7,,0,0,0,0,Z01
201900019465,1,7,,4,2,5,2,B01
201900019466,1,7,,12,2,3,21,B01
201900019466,1,10,,0,0,0,26,A01
201900019467,1,10,,0,2,1,2,A01
201900019467,1,17,,0,2,4,2,B01
201900019468,2,7,,0,2,5,14,A01
201900019468,2,33,,0,2,1,1,B01
201900019469,2,7,,0,2,1,2,B01
201900019469,2,7,,0,2,4,23,A01
201900019470,1,32,,0,2,1,1,B01
201900019470,1,7,,0,2,4,1,A01
201900019471,2,10,,0,2,5,2,B01
201900019471,2,7,,0,2,3,1,A01
201900019472,2,7,,3,0,2,14,A01
201900019473,2,7,,13,0,1,14,A01
201900019474,2,7,,0,2,1,1,A01
201900019474,2,7,,0,2,4,2,B01
201900019474,2,7,,0,2,4,2,C01
201900019475,2,7,,4,0,2,1,A01
201900019476,1,7,,0,2,4,1,B01
201900019476,1,7,,0,2,2,26,A01
201900019477,2,33,,0,2,1,2,A01
201900019477,2,7,,0,2,4,2,B01
201900019478,1,7,,0,2,0,13,B01
201900019478,1,10,,0,2,3,11,A01
201900019479,2,33,,0,2,2,1,A01
201900019479,2,7,,0,2,6,13,B01
201900019480,1,33,,0,2,8,12,A01
201900019480,1,7,,0,2,5,1,B01
201900019481,2,7,,0,2,2,1,C01
201900019481,2,7,,0,2,2,13,B01
201900019481,2,7,,0,2,6,23,A01
201900019482,1,7,,0,2,3,1,C01
201900019482,2,7,,0,2,3,1,B01
201900019482,1,33,,0,2,1,3,A01
201900019483,2,10,,0,2,8,1,C01
201900019483,2,10,,0,2,3,1,B01
201900019483,1,33,,0,2,1,3,A01
201900019484,2,10,,0,2,5,2,B01
201900019484,2,10,,0,2,4,23,C01
201900019484,2,10,,0,2,1,2,A01
201900019485,1,15,,0,0,7,1,A01
201900019486,2,7,,0,5,1,26,A01
201900019487,1,7,,0,0,3,1,A01
201900019488,2,7,,0,2,6,2,B01
201900019488,2,7,,0,2,2,2,A01
201900019489,1,7,,0,2,1,2,Z01
201900019489,1,7,,3,2,4,2,A01
201900019490,1,7,,4,0,1,12,A01
201900019491,1,7,,0,2,0,11,A01
201900019491,1,33,,0,2,0,3,B01
201900019492,1,7,,0,2,3,15,A01
201900019492,1,34,,0,2,2,15,B01
201900019493,1,7,,0,2,1,2,A01
201900019493,1,7,,0,2,4,2,C01
201900019493,1,7,,0,2,4,2,B01
201900019493,1,7,,0,2,4,2,D01
201900019494,1,33,,0,2,5,12,A01
201900019494,1,10,,0,2,4,2,B01
201900019495,1,7,,4,0,0,21,A01
201900019496,2,2,,0,2,8,21,A01
201900019497,1,31,,0,2,0,21,A01
201900019498,3,7,,0,1,3,26,A01
201900019499,2,7,,0,2,4,2,B01
201900019499,2,33,,0,2,1,2,A01
201900019500,2,7,,0,1,2,1,A01
201900019501,3,7,,0,1,3,9,A01
201900019502,1,33,,13,0,0,13,A01
201900019503,1,7,,0,2,1,9,A01
201900019503,3,1,,0,2,7,14,B01
201900019504,0,7,,0,1,2,1,K01
201900019505,0,33,,0,2,4,1,B01
201900019505,0,7,,0,2,2,1,A01
201900019506,0,7,,0,2,1,1,B01
201900019506,0,7,,0,2,3,20,A01
201900019507,0,1,,0,2,1,1,B01
201900019507,0,7,,0,2,3,15,A01
201900019508,0,7,,0,1,1,1,A01
201900019509,0,37,1.0,0,1,1,1,A01
201900019510,0,7,,0,2,3,15,B01
201900019510,0,30,,0,2,1,1,A01
201900019511,1,7,,0,2,1,1,B01
201900019511,2,33,,0,2,1,1,A01
201900019512,2,7,,0,1,1,1,A01
201900019513,1,7,,0,2,2,1,B01
201900019513,0,80,,0,2,2,26,A01
201900019514,3,10,,0,2,1,9,A01
201900019514,3,31,,0,2,7,1,B01
201900019515,2,10,,0,2,1,1,B01
201900019515,2,10,,0,6,4,23,A01
201900019516,3,33,,0,2,1,1,A01
201900019516,3,7,,0,2,3,15,B01
201900019517,1,7,,0,2,1,16,A01
201900019517,2,1,,0,2,0,0,C01
201900019517,2,1,,0,2,0,19,B01
201900019518,1,7,,0,1,2,1,A01
201900019519,3,7,,0,2,6,2,B01
201900019519,3,7,,0,2,2,2,A01
201900019520,2,7,,0,2,1,10,B01
201900019520,2,7,,0,2,8,13,A01
201900019521,3,7,,0,2,5,15,A01
201900019521,3,33,,0,2,1,1,B01
201900019522,1,7,,0,1,8,1,A01
201900019523,1,2,,16,0,1,14,A01
201900019524,1,30,,2,0,3,1,A01
201900019525,2,7,,0,2,2,13,A01
201900019525,2,7,,0,2,6,2,B01
201900019526,1,31,,0,0,0,0,Z01
201900019527,3,7,,0,1,3,1,A01
201900019528,1,31,,12,0,1,19,A01
201900019529,1,30,,0,1,2,5,A01
201900019530,1,2,,12,0,3,13,A01
201900019531,2,7,,0,2,1,1,B01
201900019531,1,30,,0,2,1,13,A01
201900019532,1,7,,0,2,1,13,A01
201900019532,2,7,,0,0,0,0,B01
201900019533,2,7,,0,2,3,10,A01
201900019533,2,10,,0,2,2,17,B01
201900019534,3,7,,0,2,1,1,A01
201900019534,3,1,,0,2,1,19,B01
201900019535,3,7,,0,2,1,2,A01
201900019535,3,7,,0,2,4,23,B01
201900019535,3,7,,0,2,4,20,C01
201900019536,2,7,,0,0,9,15,A01
201900019537,2,7,,0,2,3,15,B01
201900019537,1,30,,0,2,1,17,A01
201900019538,2,37,1.0,0,0,6,1,B01
201900019538,2,30,,0,2,1,1,A01
201900019539,0,1,,0,2,0,5,B01
201900019539,0,7,,0,2,1,1,A01
201900019540,0,30,,0,2,1,1,B01
201900019540,0,7,,0,2,3,1,A01
201900019541,2,7,,0,2,3,18,A01
201900019541,2,7,,0,2,7,16,B01
201900019542,0,10,,0,0,1,1,B01
201900019542,0,7,,0,2,7,9,A01
201900019543,2,7,,0,2,1,1,B01
201900019543,1,7,,0,2,1,15,A01
201900019544,2,17,,0,2,0,0,B01
201900019544,1,7,,0,2,1,13,A01
201900019545,3,7,,0,1,3,1,A01
201900019546,2,7,,0,1,2,1,A01
201900019547,1,7,,0,1,3,1,A01
201900019548,1,7,,0,2,1,1,B01
201900019548,1,7,,0,2,7,19,A01
201900019549,0,7,,0,2,3,15,B01
201900019549,0,7,,0,2,5,16,A01
201900019550,3,7,,0,0,4,9,B01
201900019550,3,14,,0,2,1,9,A01
201900019551,2,7,,0,1,1,16,A01
201900019552,2,7,,0,2,2,15,A01
201900019552,1,31,,0,2,1,1,B01
201900019553,1,7,,0,2,2,1,A01
201900019553,3,10,,0,2,3,9,B01
201900019554,1,10,,0,0,4,1,B01
201900019554,1,37,1.0,0,2,1,1,A01
201900019555,1,7,,0,0,4,1,B01
201900019555,1,7,,0,2,1,1,A01
201900019556,1,7,,0,0,4,1,F01
201900019556,1,7,,0,2,9,1,E01
201900019556,1,33,,0,2,1,1,D01
201900019557,0,7,,0,2,7,15,A01
201900019557,1,34,,0,2,1,1,B01
201900019558,3,10,,0,2,2,1,A01
201900019558,3,10,,0,2,3,9,Z01
201900019559,0,7,,0,2,4,4,A01
201900019559,3,1,,0,2,7,0,B01
201900019560,0,7,,0,6,3,15,B01
201900019560,0,33,,0,2,1,17,A01
201900019561,2,7,,0,1,1,1,A01
201900019562,3,32,,0,5,1,1,A01
201900019563,1,7,,0,1,0,1,A01
201900019564,1,10,,15,0,1,16,A01
201900019565,1,7,,15,0,1,25,A01
201900019566,2,7,,0,1,8,1,A01
201900019567,2,2,,13,0,1,1,A01
201900019568,1,7,,0,2,3,1,B01
201900019568,2,7,,0,2,3,15,A01
201900019569,2,7,,0,0,9,1,A01
201900019570,2,10,,0,1,1,16,A01
201900019571,1,7,,0,2,6,2,B01
201900019571,1,10,,0,2,2,2,A01
201900019572,1,3,,8,1,5,4,A01
201900019573,2,1,,0,2,8,19,A01
201900019573,2,30,,0,2,1,1,B01
201900019574,1,30,,0,0,0,1,Z01
201900019575,1,7,,0,2,3,1,A01
201900019575,1,7,,0,2,3,1,B01
201900019576,1,7,,0,1,3,15,A01
201900019577,2,7,,0,2,4,1,B01
201900019577,2,7,,0,2,1,1,A01
201900019578,1,7,,0,2,1,1,B01
201900019578,1,30,,0,2,1,17,A01
201900019579,1,33,,0,2,8,7,B01
201900019579,1,7,,0,2,2,16,A01
201900019580,3,7,,0,1,3,1,A01
201900019581,1,50,,12,0,0,14,A01
201900019582,1,33,,0,2,3,1,B01
201900019582,1,1,,0,2,1,25,A01
201900019583,1,33,,0,0,0,9,A01
201900019584,1,2,,0,2,1,5,Z01
201900019584,1,10,,0,2,3,15,A01
201900019585,2,7,,0,2,3,15,A01
201900019585,2,50,,0,2,1,1,B01
201900019586,2,7,,0,2,1,15,A01
201900019586,1,1,,0,2,7,1,B01
201900019587,1,7,,0,1,2,16,Z01
201900019588,1,33,,0,2,7,1,B01
201900019588,1,34,,0,2,3,21,A01
201900019589,1,2,,0,2,1,2,B01
201900019589,1,3,,0,2,2,20,A01
201900019590,2,7,,0,1,1,1,A01
201900019591,2,30,,0,2,1,1,B01
201900019591,1,30,,0,2,1,13,A01
201900019592,3,7,,0,2,6,1,B01
201900019592,1,7,,0,2,2,14,A01
201900019593,3,7,,0,1,8,2,A01
201900019594,2,32,,0,2,1,1,B01
201900019594,1,7,,0,2,8,9,A01
201900019595,1,7,,0,1,2,26,A01
201900019596,3,7,,0,1,1,15,A01
201900019597,1,33,,0,1,4,1,B01
201900019597,1,7,,0,2,2,1,A01
201900019598,1,7,,0,2,5,15,B01
201900019598,1,34,,0,2,1,1,A01
201900019599,1,37,1.0,0,1,2,1,A01
201900019600,1,7,,0,1,2,9,B01
201900019601,1,7,,0,2,4,23,C01
201900019601,1,7,,0,2,4,23,B01
201900019601,1,13,,0,2,1,2,A01
201900019602,2,7,,0,0,6,1,B01
201900019602,2,7,,0,2,1,17,A01
201900019603,1,7,,3,0,1,1,A01
201900019604,1,1,,0,0,0,2,A01
201900019605,1,7,,0,2,1,15,B01
201900019605,2,1,,0,2,1,5,A01
201900019606,2,31,,0,1,5,26,A01
201900019607,2,2,,0,2,3,1,A01
201900019607,1,7,,0,2,3,15,B01
201900019608,1,7,,3,0,8,1,A01
201900019609,1,14,,0,0,4,1,B01
201900019609,1,7,,3,2,1,2,A01
201900019610,1,10,,0,2,2,1,B01
201900019610,1,10,,0,2,6,18,A01
201900019611,1,7,,0,1,1,1,A01
201900019612,1,33,,13,0,1,21,C01
201900019612,1,33,,0,2,1,1,B01
201900019612,2,7,,0,2,1,15,A01
201900019613,0,7,,0,2,3,1,B01
201900019613,0,7,,0,2,3,1,A01
201900019614,0,99,,0,2,6,2,B01
201900019614,0,7,,0,5,2,2,A01
201900019615,2,7,,0,2,3,1,B01
201900019615,1,7,,0,2,3,13,A01
201900019616,1,10,,0,1,1,1,A01
201900019617,2,7,,7,2,3,1,B01
201900019617,3,7,,0,2,2,19,A01
201900019618,1,7,,0,0,4,1,B01
201900019618,1,7,,0,2,1,2,A01
201900019619,3,1,,0,0,0,1,A01
201900019620,2,7,,0,2,4,15,B01
201900019620,2,2,,0,2,1,1,A01
201900019621,2,7,,0,2,7,1,B01
201900019621,3,7,,0,2,1,1,A01
201900019622,1,2,,0,1,1,1,A01
201900019623,2,15,,3,0,3,1,A01
201900019624,2,10,,5,0,9,14,A01
201900019625,2,7,,0,2,3,13,A01
201900019625,1,7,,3,2,6,1,B01
201900019626,0,33,,0,0,9,1,A01
201900019627,2,7,,0,2,3,0,A01
201900019627,1,7,,0,2,3,0,B01
201900019628,1,7,,17,0,2,14,A01
201900019629,1,7,,0,2,3,1,D01
201900019629,1,7,,0,2,2,1,C01
201900019629,1,7,,0,2,1,1,B01
201900019629,2,7,,0,2,1,13,A01
201900019630,1,21,,0,2,3,15,B01
201900019630,1,33,,0,2,1,17,A01
201900019631,3,2,,0,2,7,1,B01
201900019631,0,15,,0,2,3,15,A01
201900019632,1,1,,0,2,6,1,B01
201900019632,1,7,,0,2,2,17,A01
201900019633,1,38,1.0,0,2,3,1,B01
201900019633,2,34,,0,2,1,13,A01
201900019634,1,7,,0,2,3,15,A01
201900019634,2,7,,0,2,3,1,B01
201900019635,3,1,,0,2,1,5,B01
201900019635,3,7,,0,2,1,1,A01
201900019636,2,7,,0,2,1,13,A01
201900019636,1,7,,0,2,1,1,B01
201900019637,1,33,,2,0,0,0,A01
201900019638,1,33,,0,2,7,18,B01
201900019638,1,7,,0,2,1,15,A01
201900019639,1,7,,0,2,0,14,B01
201900019639,1,33,,0,2,0,1,A01
201900019640,1,10,,0,2,1,2,A01
201900019640,1,7,,0,2,4,23,B01
201900019640,1,7,,0,2,1,2,C01
201900019640,1,7,,0,0,4,23,D01
201900019641,3,14,,0,2,3,1,B01
201900019641,3,1,,0,2,3,1,A01
201900019642,2,1,,0,1,1,1,A01
201900019643,3,2,,0,2,1,15,A01
201900019643,1,7,,0,2,2,1,B01
201900019644,1,7,,0,1,6,1,B01
201900019644,1,7,,0,2,2,2,A01
201900019645,2,7,,0,2,1,1,C01
201900019645,1,7,,0,2,3,11,B01
201900019645,1,33,,0,2,1,1,A01
201900019646,3,7,,0,0,5,23,A01
201900019646,3,7,,8,2,2,1,B01
201900019647,1,31,,13,0,1,1,A01
201900019648,3,2,,0,2,8,1,B01
201900019648,3,10,,0,2,3,15,A01
201900019649,1,7,,0,2,4,15,B01
201900019649,1,2,,0,2,2,17,A01
201900019650,1,7,,0,2,3,1,A01
201900019650,2,13,,0,2,3,1,B01
201900019651,2,7,,0,0,3,11,A01
201900019651,1,7,,0,2,1,2,B01
201900019652,1,31,,12,0,8,1,A01
201900019653,3,7,,12,0,1,6,A01
201900019654,2,10,,0,9,2,17,A01
201900019654,2,1,,0,2,3,13,B01
201900019655,0,7,,0,1,2,1,A01
201900019656,0,7,,13,0,1,1,A01
201900019657,2,7,,0,2,1,13,A01
201900019657,1,7,,0,2,1,1,B01
201900019658,1,33,,0,2,1,21,B01
201900019658,2,7,,0,2,1,10,A01
201900019659,2,10,,0,2,2,2,A01
201900019659,2,1,,0,2,4,2,B01
201900019660,3,7,,8,0,1,1,A01
201900019661,2,7,,0,0,0,0,A01
201900019661,2,7,,0,0,0,0,B01
201900019662,1,7,,0,2,1,1,A01
201900019662,1,7,,0,2,4,2,B01
201900019663,2,43,,0,2,8,3,B01
201900019663,2,7,,0,2,7,14,A01
201900019664,1,10,,0,2,4,23,B01
201900019664,2,10,,0,2,1,2,A01
201900019665,2,7,,0,2,4,2,A01
201900019665,2,7,,0,2,4,2,B01
201900019665,2,7,,0,2,1,2,C01
201900019666,0,7,,1,0,1,1,A01
201900019667,1,33,,0,2,4,23,D01
201900019667,1,7,,0,2,4,23,C01
201900019667,1,7,,0,2,4,23,B01
201900019667,1,7,,0,2,1,2,A01
201900019668,2,10,,0,2,4,2,B01
201900019668,2,10,,0,2,1,2,A01
201900019669,1,7,,0,2,2,14,A01
201900019669,1,7,,0,2,6,1,B01
201900019670,1,7,,0,2,2,2,A01
201900019670,1,7,,0,2,4,0,B01
201900019670,1,7,,0,2,1,2,C01
201900019671,2,7,,0,2,6,11,A01
201900019671,2,32,,0,2,7,3,B01
201900019672,2,7,,0,2,5,1,C01
201900019672,2,7,,0,2,8,11,B01
201900019672,2,34,,0,2,1,3,A01
201900019673,2,7,,0,2,1,2,A01
201900019673,2,7,,0,2,4,2,B01
201900019674,1,7,,0,2,1,1,B01
201900019674,1,7,,0,2,4,1,A01
201900019675,2,7,,0,2,4,1,B01
201900019675,2,7,,0,2,1,1,A01
201900019676,2,7,,0,2,3,1,B01
201900019676,1,7,,0,2,3,5,A01
201900019677,0,32,,0,2,2,1,A01
201900019677,0,7,,0,2,6,1,B01
201900019678,2,33,,0,1,1,1,A01
201900019679,1,7,,0,2,3,9,A01
201900019679,2,1,,0,2,7,1,B01
201900019680,1,7,,0,2,3,10,Z01
201900019680,2,1,,0,2,2,1,B01
201900019681,1,7,,0,1,1,1,A01
201900019682,0,7,,0,2,3,9,A01
201900019682,3,1,,0,2,7,1,B01
201900019683,2,7,,0,2,4,2,B01
201900019683,2,7,,0,2,1,2,A01
201900019684,1,7,,13,0,1,14,A01
201900019685,3,7,,11,0,1,26,B01
201900019685,3,7,,0,2,7,11,A01
201900019686,1,30,,12,0,7,1,A01
201900019687,2,7,,15,0,3,13,A01
201900019688,1,7,,13,0,8,13,A01
201900019689,1,7,,0,1,0,9,A01
201900019690,2,1,,0,2,1,2,B01
201900019690,2,7,,0,2,0,9,A01
201900019691,1,7,,0,0,0,21,A01
201900019691,1,7,,0,2,1,1,B01
201900019692,3,36,,0,0,7,1,A01
201900019693,0,1,,0,2,0,0,B01
201900019693,3,7,,0,2,0,0,A01
201900019694,3,7,,0,2,7,9,A01
201900019694,2,7,,0,2,1,1,B01
201900019695,3,7,,2,0,1,1,A01
201900019696,1,33,,0,0,0,26,A01
201900019697,3,33,,0,2,1,26,B01
201900019697,3,7,,0,2,2,15,A01
201900019698,2,7,,0,2,1,1,B01
201900019698,2,7,,0,1,4,23,A01
201900019699,2,7,,0,2,1,1,A01
201900019699,2,7,,0,2,3,16,B01
201900019700,1,7,,6,0,1,1,A01
201900019701,2,7,,0,2,1,9,A01
201900019701,2,1,,0,2,7,1,B01
201900019702,1,33,,0,0,7,2,A01
201900019703,1,7,,0,0,1,1,A01
201900019704,2,7,,0,2,1,1,A01
201900019704,2,33,,0,0,4,1,B01
201900019705,2,7,,0,2,1,1,A01
201900019705,2,7,,0,2,4,1,B01
201900019706,1,33,,0,0,0,1,A01
201900019707,3,7,,0,2,1,13,A01
201900019707,3,17,,0,2,3,1,B01
201900019708,1,10,,0,2,8,15,B01
201900019708,2,33,,0,2,7,17,A01
201900019709,0,7,,0,2,6,1,B01
201900019709,3,7,,0,2,6,4,A01
201900019710,2,7,,6,0,2,1,A01
201900019711,2,32,,0,2,7,2,B01
201900019711,1,7,,0,2,8,9,A01
201900019712,2,7,,0,2,3,15,A01
201900019712,1,30,,0,2,0,0,B01
201900019713,1,7,,0,1,5,15,A01
201900019714,2,34,,0,2,1,1,B01
201900019714,2,7,,0,2,3,20,A01
201900019715,2,7,,0,0,4,1,B01
201900019715,2,7,,0,2,9,1,C01
201900019715,2,7,,0,2,0,0,Z01
201900019716,3,7,,0,1,2,1,A01
201900019717,1,7,,0,0,1,9,B01
201900019717,0,7,,0,0,1,13,A01
201900019718,3,32,,1,0,0,14,A01
201900019719,3,7,,0,2,3,1,B01
201900019719,3,1,,0,2,3,15,A01
201900019720,2,1,,0,2,1,1,A01
201900019720,2,7,,0,2,4,26,B01
201900019721,2,33,,0,2,1,26,B01
201900019721,2,7,,0,2,3,10,A01
201900019722,1,7,,1,2,7,19,A01
201900019722,1,7,,0,2,1,1,B01
201900019723,0,7,,0,2,4,0,C01
201900019723,0,7,,0,2,4,0,B01
201900019723,0,7,,0,2,1,0,A01
201900019724,0,7,,0,2,1,1,B01
201900019724,2,7,,0,2,1,5,A01
201900019725,3,7,,0,2,3,10,A01
201900019725,3,32,,0,2,8,1,B01
201900019726,1,7,,0,2,4,2,B01
201900019726,1,7,,0,2,1,2,A01
201900019727,3,7,,0,2,5,2,B01
201900019727,3,7,,0,2,3,2,A01
201900019728,2,7,,2,0,2,1,A01
201900019729,1,10,,0,2,5,1,B01
201900019729,1,31,,0,2,1,1,Z01
201900019730,2,7,,0,2,3,15,A01
201900019730,1,2,,0,2,1,1,B01
201900019731,2,17,,14,2,2,1,A01
201900019731,2,7,,0,2,8,9,B01
201900019732,1,33,,0,2,2,3,Z01
201900019732,1,7,,0,2,6,23,C01
201900019732,1,10,,0,2,5,1,B01
201900019732,1,33,,0,2,4,3,A01
201900019733,2,32,,0,2,7,3,B01
201900019733,2,7,,0,2,8,11,A01
201900019734,2,33,,0,0,8,1,A01
201900019735,1,34,,4,1,1,1,A01
201900019736,1,32,,8,0,5,1,A01
201900019737,1,7,,0,2,4,15,A01
201900019737,2,1,,0,2,1,1,B01
201900019738,1,32,,0,1,1,17,A01
201900019739,2,7,,0,2,4,23,B01
201900019739,2,7,,0,2,1,2,A01
201900019740,1,7,,0,1,3,1,A01
201900019741,1,7,,0,2,4,2,B01
201900019741,1,7,,0,2,1,2,A01
201900019742,2,30,,0,0,8,25,A01
201900019743,1,33,,0,2,1,2,A01
201900019743,1,7,,0,2,5,23,B01
201900019744,1,10,,0,2,6,23,C01
201900019744,1,34,,0,2,1,3,B01
201900019744,1,7,,0,2,7,22,A01
201900019745,2,7,,0,2,4,23,B01
201900019745,2,1,,0,2,1,2,A01
201900019746,1,1,,0,2,7,1,B01
201900019746,1,31,,0,2,3,15,A01
201900019747,1,7,,0,2,3,22,A01
201900019747,1,1,,0,2,1,1,B01
201900019748,2,7,,0,1,1,15,Z01
201900019749,2,30,,0,2,7,1,A01
201900019749,2,7,,0,2,8,12,Z01
201900019750,2,30,,12,0,1,14,A01
201900019751,1,32,,0,2,2,2,A01
201900019751,1,7,,0,2,6,23,B01
201900019752,2,10,,0,2,8,1,Z01
201900019752,2,50,,0,2,1,1,A01
201900019753,1,30,,0,2,8,15,A01
201900019753,1,7,,0,2,1,2,B01
201900019753,1,7,,0,2,1,2,C01
201900019753,1,7,,0,2,1,2,D01
201900019754,1,7,,0,2,3,13,A01
201900019754,1,32,,0,2,7,1,B01
201900019755,1,33,,7,0,1,1,A01
201900019756,1,7,,1,0,2,2,A01
201900019757,1,50,,0,1,8,1,A01
201900019758,2,7,,0,2,1,2,A01
201900019758,2,7,,0,2,9,23,B01
201900019758,2,7,,0,2,4,23,C01
201900019759,1,7,,0,2,0,26,A01
201900019759,1,34,,0,2,1,3,B01
201900019760,2,32,,1,1,1,17,A01
201900019761,2,10,,0,2,1,2,A01
201900019761,1,7,,0,2,3,2,B01
201900019762,2,10,,0,6,1,10,B01
201900019762,2,33,,0,6,1,17,A01
201900019763,1,1,,0,2,1,1,B01
201900019763,2,33,,0,2,1,15,A01
201900019764,2,7,,0,2,1,2,A01
201900019764,2,7,,1,2,4,2,B01
201900019765,2,32,,0,2,2,17,A01
201900019765,2,7,,0,2,3,15,B01
201900019766,1,7,,0,2,5,15,A01
201900019766,2,33,,0,2,1,1,B01
201900019767,2,33,,0,2,1,3,B01
201900019767,2,10,,0,2,2,15,A01
201900019768,1,37,4.0,0,2,0,0,B01
201900019768,1,10,,0,2,3,15,A01
201900019769,2,7,,0,2,2,0,A01
201900019769,2,7,,0,2,3,15,B01
201900019770,1,7,,6,0,3,19,A01
201900019771,3,7,,0,2,4,23,B01
201900019771,3,7,,0,2,1,1,A01
201900019772,3,7,,0,2,8,26,B01
201900019772,3,32,,0,2,1,17,A01
201900019773,2,7,,0,2,3,13,A01
201900019773,2,2,,0,2,1,1,B01
201900019774,1,2,,0,2,1,1,B01
201900019774,2,7,,0,2,2,1,A01
201900019775,2,7,,0,2,1,1,A01
201900019775,2,7,,0,2,3,15,B01
201900019776,0,99,,0,2,3,1,A01
201900019776,1,7,,0,2,0,15,B01
201900019777,1,7,,1,0,1,25,A01
201900019778,1,7,,0,2,2,15,A01
201900019778,1,7,,0,2,1,1,B01
201900019779,2,34,,0,2,1,1,B01
201900019779,1,10,,0,2,5,15,A01
201900019780,3,7,,0,1,1,2,A01
201900019781,2,32,,0,1,0,25,A01
201900019782,1,7,,0,1,1,0,A01
201900019782,1,1,,0,2,1,1,B01
201900019783,1,7,,0,2,8,23,D01
201900019783,1,7,,0,2,4,23,C01
201900019783,1,7,,0,2,4,23,B01
201900019783,1,10,,0,2,1,1,A01
201900019783,2,37,1.0,0,2,6,9,E01
201900019784,2,31,,0,1,1,1,A01
201900019785,0,30,,0,1,0,5,A01
201900019786,3,0,,0,1,1,1,A01
201900019787,1,80,,0,2,0,1,B01
201900019787,3,32,,0,6,0,0,A01
201900019788,2,34,,0,2,1,11,A01
201900019788,2,7,,0,2,6,15,B01
201900019789,0,7,,0,2,1,1,A01
201900019789,0,7,,0,2,6,1,B01
201900019790,1,7,,0,2,2,15,A01
201900019790,1,1,,0,2,7,19,B01
201900019791,1,7,,0,2,1,1,A01
201900019791,1,2,,0,2,1,15,B01
201900019792,1,37,1.0,0,1,1,1,A01
201900019793,1,3,,0,2,7,14,A01
201900019793,1,33,,0,2,3,1,B01
201900019794,1,7,,0,2,4,9,A01
201900019794,1,7,,0,2,1,2,B01
201900019795,0,32,,0,0,7,15,A01
201900019796,1,33,,0,2,1,2,B01
201900019796,1,10,,0,2,3,15,A01
201900019797,1,7,,0,2,2,1,B01
201900019797,1,30,,0,2,3,5,A01
201900019798,1,30,,0,1,2,1,A01
201900019799,1,1,,1,0,1,26,A01
201900019800,2,2,,0,6,8,26,A01
201900019800,2,50,,0,2,1,1,B01
201900019801,2,10,,0,1,2,15,A01
201900019802,3,7,,0,2,2,15,A01