Num_Acc,senc,catv,occutc,obs,obsm,choc,manv,num_veh
201900019802,3,33,,0,2,8,1,B01
201900019803,3,99,,0,2,3,19,B01
201900019803,3,7,,0,1,2,1,A01
201900019804,3,7,,0,2,4,2,B01
201900019804,3,50,,0,2,1,2,A01
201900019805,1,7,,0,2,4,23,A01
201900019805,1,7,,0,2,1,1,B01
201900019806,2,7,,0,2,1,15,A01
201900019806,3,31,,0,2,3,0,B01
201900019807,2,7,,0,1,3,1,A01
201900019808,3,10,,0,1,2,1,A01
201900019809,1,7,,0,2,4,2,C01
201900019809,1,7,,0,2,6,2,B01
201900019809,1,7,,0,2,2,2,A01
201900019810,2,7,,0,2,6,15,B01
201900019810,2,7,,0,2,3,2,A01
201900019811,3,2,,0,0,0,0,A01
201900019812,1,7,,0,0,5,15,B01
201900019812,1,33,,0,2,1,2,A01
201900019813,2,7,,4,0,3,1,A01
201900019814,2,7,,0,0,3,0,A01
201900019815,2,34,,0,5,2,19,A01
201900019816,2,7,,0,2,6,15,B01
201900019816,1,33,,0,2,1,1,A01
201900019817,1,7,,0,0,1,1,A01
201900019818,1,7,,6,0,1,5,A01
201900019819,3,33,,0,0,7,1,A01
201900019820,3,7,,0,2,1,2,B01
201900019820,3,7,,0,0,4,2,A01
201900019821,1,33,,0,0,0,0,A01
201900019822,1,7,,0,2,3,17,A01
201900019822,2,33,,0,2,1,1,B01
201900019823,2,7,,0,2,1,13,B01
201900019823,1,7,,0,2,1,1,A01
201900019824,2,33,,0,2,1,1,B01
201900019824,1,7,,0,2,2,10,A01
201900019825,1,7,,0,2,2,2,A01
201900019825,1,1,,0,2,4,2,B01
201900019826,2,33,,0,2,1,1,B01
201900019826,1,7,,0,2,7,15,A01
201900019827,1,7,,13,0,0,1,A01
201900019828,2,7,,4,0,4,1,B01
201900019828,2,7,,0,2,1,1,A01
201900019829,1,33,,0,2,4,2,B01
201900019829,1,7,,0,2,2,2,A01
201900019830,3,33,,0,0,0,1,A01
201900019831,2,31,,0,2,1,11,A01
201900019831,1,15,,0,2,1,0,B01
201900019832,1,15,,0,2,3,2,A01
201900019832,1,7,,0,0,4,15,B01
201900019833,0,99,,0,1,3,15,A01
201900019834,2,7,,2,0,5,1,A01
201900019835,2,7,,0,1,8,21,A01
201900019836,1,1,,0,0,8,15,B01
201900019836,1,7,,0,0,2,13,A01
201900019837,1,7,,0,2,6,1,C01
201900019837,1,7,,0,2,3,1,B01
201900019837,1,7,,0,2,2,15,A01
201900019838,1,7,,0,0,1,1,C01
201900019838,2,7,,0,0,1,1,B01
201900019838,2,7,,0,0,8,1,A01
201900019839,1,7,,0,0,1,2,B01
201900019839,1,7,,3,0,4,23,A01
201900019840,3,2,,0,2,1,1,B01
201900019840,3,7,,0,2,2,20,A01
201900019841,1,7,,2,0,9,1,A01
201900019842,2,7,,0,0,9,1,A01
201900019843,2,7,,16,0,9,1,A01
201900019844,1,7,,0,2,1,1,C01
201900019844,1,7,,0,2,1,1,B01
201900019844,2,7,,0,0,1,11,A01
201900019845,2,7,,0,2,1,5,A01
201900019845,1,38,3.0,0,2,1,1,B01
201900019846,2,3,,6,0,1,1,A01
201900019847,1,7,,13,0,3,13,A01
201900019848,0,21,,0,2,3,1,B01
201900019848,1,7,,0,2,3,1,A01
201900019849,2,14,,0,2,2,15,B01
201900019849,1,33,,0,2,7,1,A01
201900019850,1,1,,0,2,1,1,C01
201900019850,2,7,,0,2,3,1,B01
201900019850,2,7,,0,2,6,0,A01
201900019851,3,2,,0,2,1,18,A01
201900019851,3,2,,0,2,7,16,B01
201900019852,3,7,,6,0,1,1,A01
201900019853,2,3,,0,2,1,0,A01
201900019853,1,7,,0,2,1,1,B01
201900019854,2,1,,0,2,1,1,B01
201900019854,1,7,,0,2,1,15,A01
201900019855,1,7,,2,0,3,1,A01
201900019856,2,7,,0,9,3,1,A01
201900019856,1,1,,0,2,1,16,B01
201900019857,2,33,,0,0,8,1,A01
201900019858,3,1,,0,2,3,5,B01
201900019858,3,7,,0,6,1,16,A01
201900019859,2,7,,0,2,2,14,B01
201900019859,2,2,,0,2,6,18,A01
201900019860,1,7,,0,2,4,2,B01
201900019860,1,7,,0,2,1,1,A01
201900019861,1,7,,0,2,7,1,A01
201900019861,2,10,,0,2,1,19,B01
201900019862,3,7,,4,0,3,1,A01
201900019863,2,7,,0,2,3,2,B01
201900019863,3,37,1.0,0,2,5,23,A01
201900019864,2,37,2.0,0,2,4,2,B01
201900019864,2,7,,0,2,1,2,A01
201900019865,1,7,,1,0,8,0,B01
201900019865,1,7,,1,0,5,0,C01
201900019865,1,7,,0,6,2,2,A01
201900019866,1,1,,0,2,8,1,B01
201900019866,1,10,,0,2,2,1,A01
201900019867,3,7,,1,2,1,1,A01
201900019867,3,33,,0,2,7,26,B01
201900019867,3,32,,6,2,0,26,C01
201900019868,2,7,,0,0,9,1,A01
201900019869,3,34,,0,2,1,0,B01
201900019869,3,7,,0,2,4,26,A01
201900019870,2,80,,0,2,1,1,A01
201900019871,1,7,,0,2,4,1,B01
201900019871,1,7,,0,2,1,1,A01
201900019871,1,2,,0,1,4,23,C01
201900019872,3,2,,0,2,1,2,B01
201900019872,3,7,,0,2,3,9,A01
201900019873,2,1,,0,2,1,1,A01
201900019873,2,7,,0,2,8,1,B01
201900019874,1,7,,0,2,8,1,B01
201900019874,1,7,,0,2,2,12,A01
201900019875,1,10,,0,6,1,1,A01
201900019875,2,60,,0,2,8,19,B01
201900019876,3,7,,0,1,8,26,A01
201900019877,1,7,,0,1,1,16,A01
201900019878,1,7,,0,2,2,15,A01
201900019878,2,1,,0,2,1,1,B01
201900019879,1,2,,0,2,1,1,A01
201900019879,1,10,,0,2,3,1,B01
201900019880,1,10,,0,2,1,13,A01
201900019880,2,37,1.0,0,2,3,1,B01
201900019881,1,7,,0,2,5,12,B01
201900019881,1,33,,0,2,1,7,A01
201900019882,2,7,,0,2,3,1,A01
201900019882,2,7,,0,2,2,1,B01
201900019883,2,7,,0,1,2,1,A01
201900019884,2,7,,4,2,3,1,A01
201900019885,1,7,,0,2,4,1,B01
201900019885,1,7,,0,2,1,1,A01
201900019886,1,34,,0,1,2,17,A01
201900019887,1,7,,0,0,8,21,A01
201900019887,2,7,,0,6,0,26,Z01
201900019888,1,7,,0,2,1,2,B01
201900019888,1,7,,0,2,4,9,A01
201900019889,1,10,,0,2,1,2,A01
201900019889,1,7,,0,2,4,2,B01
201900019890,1,7,,0,2,8,15,B01
201900019890,1,7,,0,2,3,1,A01
201900019891,1,7,,0,2,1,2,A01
201900019891,1,7,,0,2,4,2,B01
201900019892,1,7,,0,2,5,14,A01
201900019892,1,7,,0,2,3,1,B01
201900019893,3,7,,0,2,3,21,A01
201900019893,3,7,,0,2,3,21,B01
201900019894,3,30,,0,2,2,0,B01
201900019894,3,10,,0,2,3,15,A01
201900019895,3,7,,0,1,2,1,A01
201900019896,3,7,,0,2,6,0,B01
201900019896,3,33,,0,2,1,0,A01
201900019897,2,7,,0,2,3,1,B01
201900019897,1,7,,0,2,3,13,A01
201900019898,3,3,,0,1,1,1,A01
201900019899,0,1,,0,2,0,13,A01
201900019899,3,7,,0,2,1,1,B01
201900019900,3,7,,0,2,4,2,A01
201900019900,3,7,,0,2,1,2,B01
201900019901,3,7,,0,2,3,9,A01
201900019901,3,1,,0,2,1,1,B01
201900019902,3,7,,0,2,3,1,B01
201900019902,3,99,,0,2,1,1,A01
201900019903,3,7,,0,2,0,15,A01
201900019903,3,2,,0,2,1,5,B01
201900019904,2,33,,0,2,3,1,C01
201900019904,2,33,,0,2,2,1,B01
201900019904,2,7,,0,2,1,15,A01
201900019905,3,7,,0,2,3,15,A01
201900019905,3,32,,0,2,2,3,B01
201900019906,3,7,,0,2,3,1,B01
201900019906,3,2,,0,2,1,13,A01
201900019907,2,14,,0,2,3,1,B01
201900019907,2,32,,0,2,6,11,A01
201900019908,3,7,,0,1,2,1,A01
201900019909,1,32,,0,2,5,1,B01
201900019909,3,7,,0,2,7,1,A01
201900019910,3,32,,0,2,1,21,B01
201900019910,3,7,,0,2,6,2,A01
201900019911,1,32,,0,2,1,9,B01
201900019911,1,7,,0,2,3,9,A01
201900019912,2,2,,0,2,2,9,B01
201900019912,2,7,,0,2,3,9,A01
201900019913,3,32,,0,1,1,3,A01
201900019914,3,1,,0,2,1,2,B01
201900019914,3,7,,0,2,4,23,A01
201900019915,1,7,,0,2,3,1,B01
201900019915,1,7,,3,2,2,17,A01
201900019916,2,7,,0,2,2,15,A01
201900019916,1,32,,0,2,2,1,B01
201900019917,2,32,,0,2,1,21,B01
201900019917,2,7,,0,2,6,10,A01
201900019918,2,30,,0,2,1,1,B01
201900019918,3,7,,0,2,2,0,A01
201900019919,3,7,,0,2,1,2,B01
201900019919,3,33,,0,2,4,15,A01
201900019920,2,7,,0,2,4,2,B01
201900019920,2,7,,0,2,1,2,A01
201900019921,3,7,,0,6,1,1,C01
201900019921,3,7,,0,2,0,15,B01
201900019921,3,31,,0,2,8,15,A01
201900019922,3,7,,1,0,1,1,A01
201900019923,3,7,,0,1,1,17,A01
201900019924,3,99,,0,1,3,1,A01
201900019925,1,7,,0,1,1,1,A01
201900019926,0,7,,0,2,3,1,A01
201900019926,3,7,,0,2,1,10,B01
201900019927,3,1,,0,1,1,1,A01
201900019928,1,30,,0,2,4,23,B01
201900019928,1,7,,0,2,1,26,A01
201900019929,3,33,,0,2,1,1,B01
201900019929,3,7,,0,2,2,15,A01
201900019930,1,7,,0,2,2,15,A01
201900019930,1,33,,0,2,1,2,B01
201900019931,3,7,,0,1,2,19,A01
201900019932,1,10,,0,1,2,1,A01
201900019933,3,33,,0,2,3,1,B01
201900019933,3,10,,0,2,2,15,A01
201900019934,2,33,,1,0,7,17,A01
201900019934,2,15,,1,2,6,23,B01
201900019935,1,33,,0,2,1,9,A01
201900019935,1,10,,0,2,6,23,B01
201900019936,3,7,,0,1,3,1,A01
201900019937,3,31,,0,2,2,3,B01
201900019937,3,7,,0,2,5,20,A01
201900019938,1,7,,0,2,5,26,B01
201900019938,2,30,,0,0,1,16,A01
201900019939,3,7,,0,9,8,22,B01
201900019939,1,60,,1,0,1,1,A01
201900019940,1,7,,0,1,1,1,A01
201900019941,1,33,,0,2,1,2,B01
201900019941,1,7,,0,2,8,10,A01
201900019942,3,7,,0,2,3,15,B01
201900019942,1,7,,0,2,1,2,A01
201900019943,1,7,,3,0,1,16,A01
201900019944,2,33,,0,2,1,1,X01
201900019944,3,10,,0,2,8,15,B01
201900019945,1,38,1.0,0,2,3,1,A01
201900019945,1,10,,0,2,2,19,B01
201900019946,0,7,,0,0,0,0,B01
201900019946,3,31,,0,0,3,1,A01
201900019947,3,7,,4,0,3,13,A01
201900019948,3,1,,0,2,1,1,B01
201900019948,3,7,,0,2,3,26,A01
201900019949,3,32,,0,2,1,1,B01
201900019949,2,3,,0,2,2,15,A01
201900019949,3,7,,0,0,0,1,A01
201900019950,1,33,,0,2,1,3,B01
201900019950,1,7,,0,2,6,15,A01
201900019950,3,7,,0,2,1,1,A01
201900019951,1,37,1.0,4,1,3,7,A01
201900019952,1,7,,8,1,1,21,A01
201900019953,1,7,,0,2,2,1,A01
201900019953,1,1,,0,2,8,1,B01
201900019954,1,7,,0,2,8,15,A01
201900019954,1,31,,0,2,9,17,B01
201900019955,1,30,,0,2,1,2,A01
201900019955,1,7,,0,2,4,2,B01
201900019956,1,7,,0,2,8,15,A01
201900019956,1,34,,0,2,7,2,B01
201900019957,1,7,,1,0,1,1,A01
201900019957,3,30,,1,0,2,9,B01
201900019958,2,7,,0,2,1,12,A01
201900019958,3,7,,0,2,4,1,B01
201900019959,1,7,,0,2,2,2,B01
201900019959,1,1,,0,2,7,1,A01
201900019960,3,7,,0,2,2,1,B01
201900019960,3,1,,0,2,1,26,A01
201900019961,3,7,,0,2,7,15,A01
201900019961,3,31,,1,0,1,1,B01
201900019962,3,1,,0,2,6,1,B01
201900019962,3,7,,0,2,2,9,A01
201900019963,3,7,,9,0,9,17,A01
201900019964,2,10,,0,2,3,15,B01
201900019964,3,7,,0,2,1,1,A01
201900019965,1,7,,0,1,1,16,A01
201900019966,2,7,,8,0,1,14,A01
201900019967,3,7,,0,1,2,11,A01
201900019968,3,7,,0,1,1,26,A01
201900019969,1,34,,1,2,1,13,B01
201900019969,1,7,,0,2,8,13,A01
201900019970,1,7,,0,2,2,15,A01
201900019970,2,33,,0,2,1,1,B01
201900019971,3,7,,0,2,4,2,B01
201900019971,3,7,,0,2,1,2,A01
201900019972,0,7,,0,1,3,1,A01
201900019973,1,7,,12,0,2,12,A01
201900019974,1,7,,0,2,4,1,B01
201900019974,1,7,,0,2,4,1,C01
201900019974,3,7,,0,2,1,1,A01
201900019975,1,7,,0,0,0,0,B01
201900019975,1,7,,0,0,0,0,A01
201900019976,0,7,,0,2,0,0,Z01
201900019976,1,1,,0,2,8,1,B01
201900019977,1,7,,0,2,1,1,A01
201900019977,1,33,,0,2,1,1,B01
201900019978,1,7,,0,0,4,2,C01
201900019978,1,7,,0,2,4,2,B01
201900019978,1,7,,0,2,1,1,A01
201900019979,0,7,,0,2,3,1,A01
201900019979,0,7,,0,2,3,1,B01
201900019980,0,7,,0,2,1,2,A01
201900019980,0,7,,0,2,4,2,B01
201900019981,0,7,,0,1,1,1,A01
201900019982,0,7,,8,0,2,14,A01
201900019983,2,7,,0,2,4,2,D01
201900019983,1,7,,0,2,1,2,A01
201900019983,1,7,,0,2,9,2,B01
201900019983,0,7,,0,2,4,2,C01
201900019984,1,7,,1,0,9,14,A01
201900019985,1,32,,0,0,9,16,A01
201900019986,2,7,,0,1,8,2,A01
201900019987,2,33,,1,0,1,26,A01
201900019988,2,7,,0,2,1,0,B01
201900019988,1,7,,0,2,2,0,A01
201900019989,1,10,,0,1,2,15,A01
201900019990,2,7,,1,1,3,24,A01
201900019990,2,10,,0,0,0,0,C01
201900019991,3,7,,0,2,6,9,A01
201900019991,3,2,,0,2,1,1,B01
201900019992,3,10,,0,2,2,2,A01
201900019992,3,7,,0,2,3,2,B01
201900019993,3,7,,0,1,2,1,A01
201900019994,3,7,,0,2,4,2,B01
201900019994,3,10,,0,2,1,2,A01
201900019995,3,3,,12,2,1,6,A01
201900019995,3,3,,0,2,3,1,B01
201900019996,0,7,,0,2,0,0,A01
201900019996,0,1,,0,2,0,0,B01
201900019997,3,7,,0,2,4,2,B01
201900019997,3,7,,0,2,1,2,A01
201900019998,2,7,,0,2,4,26,B01
201900019998,2,30,,0,2,1,1,A01
201900019999,1,33,,0,2,7,3,B01
201900019999,1,7,,0,2,8,13,A01
201900020000,3,34,,0,0,0,0,A01
201900020001,3,33,,0,2,7,2,B01
201900020001,3,7,,0,2,3,11,A01
201900020002,1,7,,1,0,3,21,A01
201900020003,1,7,,0,2,4,2,B01
201900020003,1,15,,0,2,4,2,C01
201900020003,1,10,,0,2,1,2,A01
201900020004,2,7,,0,2,1,2,B01
201900020004,2,7,,0,2,1,2,C01
201900020004,2,33,,0,2,1,2,A01
201900020005,2,7,,4,0,1,1,A01
201900020006,2,7,,0,2,1,2,A01
201900020006,2,7,,0,2,4,2,B01
201900020007,3,1,,0,0,0,21,A01
201900020008,3,33,,0,0,8,1,A01
201900020009,3,30,,0,0,7,1,A01
201900020010,3,31,,0,2,3,26,A01
201900020010,0,37,1.0,0,2,3,15,B01
201900020011,0,7,,0,2,8,1,B01
201900020011,0,7,,0,2,1,1,C01
201900020011,0,7,,0,2,1,1,A01
201900020012,3,1,,1,0,1,0,B01
201900020012,3,7,,0,2,8,24,A01
201900020013,2,7,,0,2,1,1,B01
201900020013,2,2,,0,2,7,1,A01
201900020014,3,7,,2,0,1,2,A01
201900020015,1,7,,0,1,3,1,A01
201900020016,2,7,,0,1,6,1,A01
201900020017,1,7,,1,0,1,26,A01
201900020018,1,7,,13,0,2,15,A01
201900020019,2,33,,0,0,8,1,A01
201900020020,1,10,,0,2,2,12,A01
201900020020,1,2,,0,2,3,1,B01
201900020021,2,7,,0,2,3,9,A01
201900020021,2,30,,0,2,1,1,B01
201900020022,2,33,,0,0,7,1,A01
201900020023,1,7,,0,2,2,15,B01
201900020023,2,7,,0,2,1,1,A01
201900020024,1,7,,0,2,2,1,B01
201900020024,2,7,,0,2,7,15,A01
201900020025,0,7,,0,1,2,1,A01
201900020026,3,30,,14,0,1,26,A01
201900020027,2,33,,3,0,1,1,A01
201900020028,3,99,,8,0,1,1,A01
201900020029,2,32,,0,2,3,1,B01
201900020029,1,7,,0,2,1,15,A01
201900020030,0,7,,0,2,4,1,A01
201900020030,0,7,,0,2,1,1,B01
201900020030,0,43,,0,2,1,1,C01
201900020031,2,7,,14,0,6,15,A01
201900020032,3,7,,0,2,6,20,B01
201900020032,3,7,,0,2,2,2,A01
201900020033,3,7,,0,2,7,1,B01
201900020033,3,7,,0,2,0,0,A01
201900020034,1,7,,0,2,4,1,B01
201900020034,1,7,,0,2,1,1,A01
201900020035,1,7,,0,1,1,1,Z01
201900020036,2,7,,0,2,7,12,A01
201900020036,2,31,,0,2,8,3,B01
201900020037,1,7,,0,2,0,15,Z01
201900020037,1,30,,0,2,7,17,A01
201900020038,1,7,,0,2,7,12,A01
201900020038,1,30,,0,2,8,1,B01
201900020039,1,33,,0,1,2,1,A01
201900020040,3,7,,0,2,3,1,Z01
201900020040,1,7,,0,2,2,1,A01
201900020041,1,7,,1,1,1,1,A01
201900020042,2,7,,0,2,2,12,A01
201900020042,2,7,,0,2,6,0,B01
201900020043,1,7,,0,2,8,15,A01
201900020043,1,30,,0,2,2,15,B01
201900020044,3,15,,0,2,0,16,A01
201900020044,3,7,,0,2,7,0,B01
201900020045,1,7,,0,1,2,1,A01
201900020046,1,34,,0,2,1,1,B01
201900020046,1,7,,0,2,2,11,A01
201900020047,3,7,,0,2,1,10,B01
201900020047,1,32,,0,2,1,1,A01
201900020048,3,2,,14,0,1,11,B01
201900020048,3,7,,0,2,6,23,A01
201900020049,1,7,,9,0,1,14,A01
201900020050,1,7,,0,2,4,2,B01
201900020050,1,7,,0,2,1,2,A01
201900020051,3,39,,0,1,1,1,A01
201900020052,2,7,,0,2,1,1,A01
201900020052,1,7,,4,2,8,9,B01
201900020053,2,7,,0,0,4,0,C01
201900020053,2,7,,0,2,4,0,B01
201900020053,2,15,,0,2,1,0,A01
201900020054,1,7,,0,1,2,1,A01
201900020055,3,7,,0,2,1,5,A01
201900020055,3,7,,0,2,1,1,B01
201900020056,2,7,,0,2,1,1,B01
201900020056,1,7,,0,2,2,15,A01
201900020057,3,10,,0,2,2,9,A01
201900020057,3,33,,0,2,1,1,B01
201900020058,1,33,,0,2,1,5,A01
201900020058,2,7,,0,2,3,1,B01
201900020059,2,7,,2,0,1,13,A01
201900020060,2,7,,0,2,3,13,A01
201900020060,1,7,,0,2,3,1,B01
201900020061,1,7,,0,1,2,15,A01
201900020062,1,7,,0,2,2,17,A01
201900020062,1,7,,6,0,6,16,B01
201900020063,0,7,,0,1,1,0,A01
201900020064,3,7,,0,0,3,19,A01
201900020064,1,7,,8,0,1,1,B01
201900020065,2,7,,0,1,3,1,A01
201900020066,1,10,,0,2,1,15,B01
201900020066,2,33,,0,2,2,1,A01
201900020067,1,10,,0,2,1,1,B01
201900020067,2,7,,1,2,7,1,A01
201900020068,1,7,,13,0,1,1,A01
201900020069,2,17,,0,2,3,1,B01
201900020069,1,7,,0,2,3,13,A01
201900020070,1,10,,0,1,2,1,A01
201900020071,2,7,,3,0,1,0,A01
201900020072,1,38,1.0,0,1,8,15,A01
201900020073,2,7,,0,2,1,2,E01
201900020073,2,33,,0,0,4,1,D01
201900020073,2,7,,0,2,2,14,C01
201900020073,2,7,,0,0,6,1,B01
201900020073,2,7,,0,0,6,2,A01
201900020074,1,7,,15,2,2,1,B01
201900020074,1,7,,0,2,3,1,A01
201900020075,0,7,,0,1,2,1,A01
201900020076,2,7,,0,2,1,2,G01
201900020076,2,7,,0,0,1,2,F01
201900020076,2,7,,0,2,4,2,E01
201900020076,2,7,,0,2,4,2,D01
201900020076,2,7,,0,2,4,2,C01
201900020076,2,7,,0,2,1,2,B01
201900020076,2,7,,0,2,4,2,A01
201900020077,2,2,,0,2,2,1,B01
201900020077,2,7,,0,2,3,19,A01
201900020078,1,7,,0,2,7,19,A01
201900020078,2,33,,0,2,1,1,B01
201900020079,1,7,,2,0,0,0,A01
201900020080,3,2,,0,2,1,1,B01
201900020080,1,7,,0,2,3,19,A01
201900020081,0,17,,0,0,3,1,B01
201900020081,3,7,,0,2,3,1,A01
201900020082,3,7,,8,0,1,1,A01
201900020083,0,31,,14,0,1,23,A01
201900020084,0,7,,0,1,2,1,A01
201900020085,3,7,,0,1,1,1,A01
201900020086,3,7,,0,1,1,26,A01
201900020087,2,7,,8,0,8,1,A01
201900020088,1,7,,0,5,0,0,A01
201900020089,1,2,,0,5,1,1,A01
201900020090,1,7,,0,1,2,1,A01
201900020091,1,7,,0,0,4,1,B01
201900020091,1,7,,0,2,1,1,A01
201900020092,2,7,,2,0,3,1,A01
201900020093,1,7,,0,2,2,12,C01
201900020093,1,7,,0,2,6,1,B01
201900020093,1,7,,0,2,3,1,A01
201900020094,1,7,,0,2,8,15,A01
201900020094,1,10,,0,2,1,1,B01
201900020095,2,7,,0,2,8,2,B01
201900020095,2,7,,0,2,2,14,A01
201900020096,1,7,,0,2,1,11,Z01
201900020096,1,20,,0,2,4,26,A01
201900020097,1,10,,0,2,1,2,B01
201900020097,1,31,,0,2,4,2,A01
201900020098,1,33,,16,0,0,0,A01
201900020099,2,10,,0,2,4,1,B01
201900020099,2,7,,0,2,1,2,A01
201900020100,2,31,,4,0,1,13,A01
201900020101,1,7,,0,1,2,20,A01
201900020102,1,7,,13,0,1,13,A01
201900020103,3,7,,0,2,1,1,A01
201900020103,2,10,,15,0,4,26,B01
201900020104,3,7,,0,2,2,15,A01
201900020104,3,2,,0,2,1,1,B01
201900020105,1,30,,0,0,0,12,E01
201900020106,2,7,,0,1,1,1,A01
201900020107,1,7,,0,2,1,2,A01
201900020107,1,7,,0,2,4,2,B01
201900020107,1,7,,0,2,0,2,C01
201900020108,1,7,,13,0,2,1,A01
201900020109,2,30,,0,0,7,1,A01
201900020110,2,7,,0,2,1,2,A01
201900020110,2,7,,0,2,5,1,B01
201900020111,3,7,,0,2,8,9,A01
201900020111,3,7,,0,2,1,1,B01
201900020112,3,7,,12,0,1,15,A01
201900020112,3,1,,0,2,4,12,B01
201900020113,0,7,,0,2,8,0,B01
201900020113,0,7,,0,2,0,0,A01
201900020114,3,7,,8,2,0,1,B01
201900020114,3,7,,0,2,1,1,A01
201900020115,2,7,,0,1,1,1,A01
201900020116,3,33,,0,0,0,16,A01
201900020117,1,7,,0,2,3,16,B01
201900020117,1,30,,0,2,1,5,A01
201900020118,1,7,,16,2,1,1,C01
201900020118,1,7,,16,0,1,1,B01
201900020118,1,7,,0,2,1,1,A01
201900020119,3,7,,16,0,9,0,A01
201900020120,1,7,,0,2,5,2,B01
201900020120,1,7,,0,2,3,12,A01
201900020121,3,7,,6,0,1,2,A01
201900020122,1,7,,0,2,1,1,A01
201900020122,1,7,,0,2,1,1,B01
201900020123,2,31,,0,2,1,26,A01
201900020123,2,10,,0,2,6,10,B01
201900020124,3,7,,0,1,3,1,A01
201900020125,0,1,,0,2,0,0,B01
201900020125,0,7,,0,2,3,9,A01
201900020126,0,10,,0,1,1,2,A01
201900020126,0,7,,0,2,4,2,B01
201900020127,1,7,,0,1,3,1,A01
201900020128,2,7,,0,2,4,2,C01
201900020128,2,7,,0,2,1,2,B01
201900020128,2,7,,4,0,1,11,A01
201900020129,3,33,,0,0,7,1,A01
201900020130,2,7,,3,0,8,1,A01
201900020131,1,7,,0,1,3,1,A01
201900020132,1,7,,0,2,4,1,B01
201900020132,1,7,,0,2,1,1,A01
201900020133,1,7,,0,1,1,1,A01
201900020134,1,32,,0,2,1,1,B01
201900020134,2,7,,0,2,2,13,A01
201900020135,1,7,,1,2,1,2,A01
201900020136,3,7,,0,2,1,1,A01
201900020136,3,7,,0,2,4,23,B01
201900020136,3,7,,0,2,4,23,C01
201900020137,0,7,,0,1,0,1,A01
201900020138,3,33,,0,2,1,26,B01
201900020138,3,7,,0,2,8,15,A01
201900020139,1,7,,0,2,4,2,B01
201900020139,1,2,,0,2,1,2,A01
201900020140,1,7,,14,0,1,1,A01
201900020141,1,7,,0,2,8,0,B01
201900020141,2,7,,0,2,0,1,A01
201900020142,2,7,,0,2,4,1,B01
201900020142,2,7,,0,2,0,0,Z01
201900020143,2,1,,0,1,1,1,A01
201900020144,1,30,,0,0,0,0,A01
201900020145,1,7,,0,2,4,23,B01
201900020145,1,7,,0,2,1,2,A01
201900020146,1,7,,0,2,6,2,C01
201900020146,1,7,,0,2,5,2,B01
201900020146,1,7,,0,2,3,2,A01
201900020147,2,7,,0,2,1,13,A01
201900020147,2,32,,0,2,2,17,B01
201900020148,1,30,,0,2,8,1,A01
201900020148,1,7,,0,2,7,12,Z01
201900020149,1,7,,0,2,4,1,I01
201900020149,1,7,,0,2,4,1,H01
201900020149,1,7,,12,2,7,1,G01
201900020149,1,7,,0,2,5,2,F01
201900020149,1,7,,9,2,9,2,A01
201900020150,1,43,,0,0,7,1,A01
201900020151,2,10,,0,1,7,16,A01
201900020152,1,7,,0,1,1,17,A01
201900020153,1,7,,0,1,1,15,A01
201900020154,1,7,,0,1,1,1,A01
201900020155,1,50,,0,1,3,16,A01
201900020156,2,30,,0,2,1,9,B01
201900020156,2,7,,0,2,2,2,A01
201900020157,2,7,,0,1,3,1,A01
201900020158,1,7,,0,2,1,13,A01
201900020158,2,7,,0,2,1,21,B01
201900020159,1,7,,9,0,3,15,A01
201900020160,2,7,,0,0,2,0,C01
201900020160,2,33,,0,2,8,3,B01
201900020160,1,7,,0,0,6,22,A01
201900020161,1,13,,0,2,7,1,A01
201900020161,1,7,,0,2,3,9,B01
201900020162,0,0,,0,1,0,26,A01
201900020163,1,7,,1,0,1,9,A01
201900020164,3,7,,0,2,1,1,A01
201900020164,3,10,,0,2,8,9,B01
201900020165,0,7,,0,1,0,0,A01
201900020166,1,10,,0,1,1,1,A01
201900020167,3,32,,0,2,1,17,B01
201900020167,3,7,,0,2,3,15,A01
201900020168,3,10,,0,1,2,2,A01
201900020169,3,7,,0,2,2,1,B01
201900020169,3,10,,0,2,1,1,A01
201900020170,2,99,,0,2,4,26,B01
201900020170,3,7,,0,2,2,17,Z01
201900020171,2,33,,0,0,7,26,A01
201900020172,1,30,,11,0,1,13,A01
201900020173,2,7,,0,2,1,2,A01
201900020173,2,7,,0,2,4,23,B01
201900020173,2,7,,0,2,4,23,C01
201900020174,2,7,,0,2,3,13,A01
201900020174,1,7,,0,2,3,1,B01
201900020175,2,7,,0,2,3,1,B01
201900020175,1,33,,0,2,1,13,A01
201900020176,3,7,,0,1,2,15,A01
201900020177,2,7,,0,2,5,11,A01
201900020177,1,33,,0,2,1,1,B01
201900020178,2,7,,0,1,1,1,A01
201900020179,3,7,,0,2,1,1,B01
201900020179,3,7,,0,2,1,21,A01
201900020180,0,7,,2,0,1,0,A01
201900020181,0,7,,13,0,1,1,A01
201900020181,2,7,,0,2,2,1,B01
201900020182,2,7,,3,0,3,13,A01
201900020183,1,7,,2,0,2,2,A01
201900020184,1,7,,16,0,9,14,A01
201900020185,2,7,,13,0,3,1,A01
201900020186,2,7,,0,2,3,1,B01
201900020186,1,33,,0,2,3,17,A01
201900020187,3,33,,16,0,2,1,A01
201900020188,2,7,,6,0,2,1,A01
201900020189,2,33,,0,0,0,1,A01
201900020190,1,7,,0,1,1,0,A01
201900020191,2,7,,0,1,1,15,A01
201900020192,2,7,,0,1,2,1,A01
201900020193,2,10,,10,0,1,0,A01
201900020194,1,7,,8,0,2,1,A01