Num_Acc,senc,catv,occutc,obs,obsm,choc,manv,num_veh
201900020195,2,7,,0,2,1,1,B01
201900020195,1,7,,0,2,5,13,A01
201900020196,2,7,,3,0,0,14,A01
201900020197,3,7,,0,2,2,17,B01
201900020197,3,7,,0,0,6,23,A01
201900020198,1,10,,0,2,3,1,B01
201900020198,2,7,,0,2,3,13,A01
201900020199,3,7,,0,1,2,1,A01
201900020200,2,10,,0,1,3,1,A01
201900020201,0,7,,0,2,1,5,A01
201900020201,0,7,,0,2,1,1,B01
201900020202,3,10,,0,2,1,1,A01
201900020202,1,7,,0,0,3,1,B01
201900020203,2,7,,0,2,3,13,A01
201900020203,1,7,,0,2,3,1,B01
201900020204,2,33,,0,2,1,1,B01
201900020204,1,7,,0,2,5,10,A01
201900020205,1,7,,10,0,2,13,A01
201900020206,2,7,,0,2,7,13,A01
201900020206,1,7,,0,2,1,1,B01
201900020207,3,2,,2,0,1,1,A01
201900020208,1,0,,0,2,4,2,R01
201900020208,1,7,,3,0,3,26,Q01
201900020209,2,7,,13,0,0,1,A01
201900020210,2,7,,0,2,4,2,A01
201900020210,2,7,,0,2,1,1,B01
201900020211,1,7,,4,0,9,0,A01
201900020212,2,7,,0,2,1,0,C01
201900020212,2,7,,0,2,8,0,B01
201900020212,2,7,,0,2,1,15,A01
201900020213,2,10,,0,2,0,0,C01
201900020213,2,10,,3,2,1,1,B01
201900020213,2,10,,3,2,1,26,A01
201900020214,2,7,,0,2,4,2,D01
201900020214,2,7,,0,2,4,2,C01
201900020214,2,7,,0,2,4,2,B01
201900020214,2,14,,0,2,1,2,A01
201900020215,1,10,,0,2,4,1,D01
201900020215,1,10,,0,2,4,1,C01
201900020215,1,10,,0,2,4,1,B01
201900020215,1,10,,0,2,1,1,A01
201900020216,1,7,,0,0,0,0,A01
201900020216,1,7,,0,2,4,26,B01
201900020216,1,7,,0,2,4,26,C01
201900020217,1,7,,16,0,3,26,A01
201900020218,1,7,,0,2,1,1,A01
201900020218,1,7,,0,2,5,0,B01
201900020219,2,7,,0,1,4,0,A01
201900020220,1,7,,0,2,1,17,B01
201900020220,2,7,,0,2,2,17,A01
201900020221,3,60,,0,6,0,13,B01
201900020221,2,7,,0,6,1,17,A01
201900020222,3,7,,0,2,7,16,A01
201900020222,3,2,,0,2,3,2,B01
201900020223,1,10,,0,2,2,16,B01
201900020223,1,1,,0,2,1,7,A01
201900020224,2,10,,0,2,0,0,B01
201900020224,3,7,,0,2,4,1,A01
201900020225,1,30,,0,2,1,7,B01
201900020225,1,7,,0,2,2,18,A01
201900020226,1,7,,0,2,0,23,A01
201900020227,2,32,,0,2,1,1,B01
201900020227,2,7,,0,2,8,10,A01
201900020228,1,33,,0,2,7,17,A01
201900020228,2,7,,0,2,6,15,B01
201900020229,1,7,,0,1,2,1,A01
201900020230,1,7,,0,2,6,26,A01
201900020230,2,2,,0,2,3,1,B01
201900020231,1,50,,0,2,0,1,B01
201900020231,1,15,,0,1,5,16,A01
201900020232,1,37,3.0,0,1,2,1,A01
201900020233,1,7,,13,0,2,1,A01
201900020234,2,33,,13,0,5,14,A01
201900020235,1,7,,0,2,3,15,A01
201900020235,1,7,,0,2,1,1,B01
201900020236,1,33,,0,2,1,1,A01
201900020236,2,17,,0,2,8,15,B01
201900020237,2,7,,0,2,3,15,A01
201900020237,1,2,,0,2,1,1,B01
201900020238,2,1,,0,2,1,1,B01
201900020238,1,15,,0,2,2,9,A01
201900020239,2,7,,0,2,3,19,B01
201900020239,1,31,,0,2,1,1,A01
201900020240,1,7,,4,0,1,26,A01
201900020241,1,7,,6,0,1,1,A01
201900020242,3,1,,0,2,1,26,B01
201900020242,0,10,,0,1,0,1,A01
201900020243,1,7,,0,2,2,1,A01
201900020243,2,7,,0,2,3,1,B01
201900020244,3,2,,0,2,1,1,B01
201900020244,0,7,,0,2,3,19,A01
201900020245,2,7,,0,2,1,1,A01
201900020245,2,7,,0,2,4,23,B01
201900020245,2,15,,0,2,5,23,C01
201900020246,2,7,,0,0,7,1,A01
201900020247,2,7,,0,2,1,11,A01
201900020247,1,7,,0,2,1,1,B01
201900020248,3,7,,0,2,3,1,B01
201900020248,3,7,,0,2,3,1,A01
201900020249,1,7,,2,0,7,14,A01
201900020250,3,7,,0,2,3,1,B01
201900020250,3,7,,0,2,3,13,A01
201900020251,2,7,,0,0,4,15,B01
201900020251,2,33,,0,2,1,18,A01
201900020252,2,7,,8,0,1,14,A01
201900020253,1,7,,13,0,1,1,A01
201900020254,1,3,,0,2,4,1,B01
201900020254,1,33,,0,2,1,1,A01
201900020255,2,7,,0,2,1,1,B01
201900020255,1,7,,0,2,1,17,A01
201900020256,3,7,,3,2,3,1,B01
201900020256,3,7,,0,2,3,1,A01
201900020257,1,7,,0,2,2,19,A01
201900020257,2,7,,0,2,1,1,B01
201900020258,2,7,,0,2,8,15,A01
201900020258,2,7,,0,2,1,1,B01
201900020259,2,7,,13,0,2,1,A01
201900020260,2,7,,0,2,1,13,A01
201900020260,1,7,,0,2,3,1,B01
201900020260,2,7,,0,2,1,1,C01
201900020261,1,7,,0,2,8,15,A01
201900020261,3,17,,0,2,1,1,A01
201900020262,1,33,,0,0,8,16,A01
201900020262,1,33,,2,0,9,21,B01
201900020262,1,33,,2,0,9,15,C01
201900020263,0,7,,14,0,3,13,A01
201900020264,0,7,,0,1,4,26,A01
201900020265,2,7,,0,2,2,15,A01
201900020265,1,33,,0,2,1,1,B01
201900020266,2,7,,0,1,1,1,A01
201900020267,2,7,,0,2,3,13,B01
201900020267,1,33,,0,2,1,1,A01
201900020268,3,7,,0,2,2,1,A01
201900020268,3,7,,0,0,5,15,B01
201900020269,2,7,,14,0,1,1,C01
201900020269,2,7,,0,2,3,1,B01
201900020269,1,7,,0,2,3,1,A01
201900020270,3,7,,6,0,3,1,A01
201900020271,3,33,,6,0,2,14,A01
201900020272,3,7,,17,0,2,14,A01
201900020273,2,7,,0,2,1,1,B01
201900020273,1,7,,0,2,1,13,A01
201900020274,2,2,,0,2,1,1,B01
201900020274,0,7,,0,0,3,19,A01
201900020275,2,31,,3,0,0,1,A01
201900020276,2,7,,6,0,2,14,A01
201900020277,2,7,,0,2,1,15,A01
201900020277,1,30,,0,2,1,1,B01
201900020278,2,7,,0,0,3,1,C01
201900020278,1,21,,0,2,6,0,B01
201900020278,1,7,,0,2,3,17,A01
201900020279,1,7,,0,2,3,1,B01
201900020279,2,7,,0,2,3,1,A01
201900020280,1,7,,0,1,3,1,A01
201900020281,2,7,,8,0,8,1,A01
201900020282,1,7,,0,1,3,1,A01
201900020283,3,7,,0,1,1,1,A01
201900020284,1,7,,0,2,8,17,B01
201900020284,1,31,,0,2,7,17,A01
201900020285,1,3,,13,0,1,1,A01
201900020286,0,7,,13,0,1,26,A01
201900020287,2,33,,0,2,2,1,B01
201900020287,1,7,,0,2,6,1,A01
201900020288,0,7,,6,2,3,1,A01
201900020288,3,7,,0,2,1,19,B01
201900020289,2,7,,15,0,1,1,A01
201900020290,3,7,,2,0,7,0,A01
201900020291,2,7,,2,0,1,13,A01
201900020292,1,7,,8,0,3,2,A01
201900020293,2,7,,0,2,1,17,A01
201900020293,2,21,,0,2,4,15,B01
201900020294,2,7,,0,2,2,15,A01
201900020294,1,1,,0,2,1,1,B01
201900020295,2,33,,12,0,1,1,A01
201900020296,2,7,,0,0,4,15,A01
201900020296,2,7,,0,2,1,1,B01
201900020296,2,7,,0,2,1,1,C01
201900020297,1,2,,0,6,1,19,A01
201900020298,1,33,,0,2,1,19,A01
201900020298,2,7,,0,2,1,1,B01
201900020299,2,7,,0,2,3,1,B01
201900020299,1,7,,0,2,1,1,A01
201900020300,1,2,,0,2,2,17,B01
201900020300,1,7,,0,2,8,15,A01
201900020301,3,7,,0,2,3,1,A01
201900020301,3,7,,0,2,3,1,B01
201900020302,1,7,,0,0,8,15,A01
201900020302,2,7,,0,2,1,1,B01
201900020303,2,7,,2,0,7,1,A01
201900020304,2,7,,2,0,3,2,A01
201900020305,1,1,,0,2,8,15,B01
201900020305,1,7,,0,9,1,15,A01
201900020306,2,7,,0,1,3,1,B01
201900020306,2,7,,3,0,3,13,A01
201900020307,1,7,,0,2,1,15,A01
201900020307,1,7,,0,2,3,0,B01
201900020308,1,1,,0,2,8,21,B01
201900020308,2,7,,0,2,1,15,A01
201900020309,2,1,,0,2,6,0,B01
201900020309,2,7,,0,9,2,2,A01
201900020310,1,2,,15,0,1,1,A01
201900020311,2,7,,16,0,9,0,A01
201900020312,2,33,,0,2,7,26,B01
201900020312,2,7,,0,2,3,11,A01
201900020313,3,1,,0,2,1,1,B01
201900020313,3,7,,0,2,1,15,A01
201900020314,2,10,,0,2,1,1,B01
201900020314,2,15,,0,2,4,1,A01
201900020315,2,7,,13,0,1,0,A01
201900020316,0,33,,0,2,1,1,B01
201900020316,0,33,,0,2,8,19,A01
201900020317,1,33,,0,2,1,0,C01
201900020317,1,7,,0,2,1,1,B01
201900020317,1,7,,0,0,4,1,A01
201900020318,3,7,,0,2,1,1,B01
201900020318,3,7,,0,2,1,0,A01
201900020319,2,7,,0,2,5,15,A01
201900020319,1,33,,0,2,1,21,B01
201900020320,1,7,,0,2,1,17,A01
201900020320,2,7,,0,2,1,1,B01
201900020321,1,7,,2,0,1,0,A01
201900020322,0,7,,3,0,0,15,A01
201900020323,3,2,,1,0,0,1,A01
201900020324,2,33,,16,0,7,1,A01
201900020325,2,7,,6,0,1,1,A01
201900020326,0,7,,6,0,2,1,A01
201900020327,3,7,,7,0,2,0,A01
201900020328,3,32,,0,2,2,1,B01
201900020328,3,7,,0,2,3,15,A01
201900020329,3,7,,15,0,1,1,A01
201900020330,2,31,,13,0,1,1,A01
201900020331,3,31,,15,0,1,1,A01
201900020332,0,7,,2,0,1,14,A01
201900020333,2,33,,14,0,1,0,A01
201900020334,2,7,,0,2,2,13,B01
201900020334,1,7,,0,2,2,1,A01
201900020335,1,7,,3,2,7,13,A01
201900020335,2,38,1.0,0,2,1,1,B01
201900020336,2,7,,0,2,1,17,A01
201900020336,1,38,1.0,0,2,1,1,B01
201900020337,2,7,,1,0,1,1,A01
201900020338,0,7,,0,1,3,1,A01
201900020339,2,7,,8,0,1,1,A01
201900020340,0,7,,0,2,2,13,A01
201900020340,0,7,,0,2,1,21,B01
201900020340,0,7,,0,2,6,21,C01
201900020341,3,7,,6,0,1,13,A01
201900020342,3,7,,0,1,3,1,A01
201900020343,2,7,,0,0,2,1,A01
201900020344,1,39,,0,2,1,1,B01
201900020344,2,7,,0,4,7,26,A01
201900020345,1,7,,0,2,3,1,B01
201900020345,2,7,,0,2,3,13,A01
201900020346,0,7,,17,0,1,1,A01
201900020347,1,2,,0,0,8,0,A01
201900020348,2,7,,0,2,3,2,A01
201900020348,2,2,,0,0,4,2,B01
201900020349,3,1,,0,0,0,0,A01
201900020350,3,7,,2,0,1,1,A01
201900020351,1,7,,0,0,9,1,A01
201900020352,2,7,,0,1,1,0,A01
201900020353,0,7,,0,2,1,1,B01
201900020353,0,7,,0,2,1,17,A01
201900020354,1,7,,13,2,2,2,B01
201900020354,1,7,,0,2,1,15,A01
201900020355,2,33,,1,0,1,2,B01
201900020355,2,7,,0,2,4,23,A01
201900020356,1,32,,0,2,1,2,D01
201900020356,1,32,,0,2,1,2,C01
201900020356,1,10,,0,2,1,2,B01
201900020356,1,7,,0,2,4,2,A01
201900020357,2,10,,0,2,1,0,Z01
201900020357,2,33,,0,2,4,2,A01
201900020358,1,7,,0,2,1,2,C01
201900020358,1,7,,0,2,4,2,B01
201900020358,1,7,,0,2,4,2,A01
201900020359,1,7,,0,2,1,2,D01
201900020359,1,7,,0,2,4,1,B01
201900020359,1,7,,0,2,4,23,C01
201900020359,1,7,,0,2,1,2,A01
201900020360,1,13,,0,2,2,12,A01
201900020360,1,7,,4,2,6,1,B01
201900020361,2,17,,0,2,3,1,A01
201900020361,2,7,,0,2,2,12,B01
201900020362,3,7,,0,2,1,5,A01
201900020362,3,7,,0,2,1,2,C01
201900020362,3,7,,0,2,1,1,B01
201900020363,2,7,,0,2,4,1,B01
201900020363,2,10,,0,2,1,2,A01
201900020364,1,7,,0,2,1,2,A01
201900020364,1,33,,0,2,4,2,B01
201900020365,2,7,,3,0,3,14,A01
201900020366,1,7,,0,2,1,12,A01
201900020366,1,14,,0,2,5,1,B01
201900020367,1,7,,0,2,3,2,A01
201900020367,1,7,,0,2,5,2,B01
201900020368,2,15,,0,2,2,0,A01
201900020368,2,7,,0,2,8,0,B01
201900020369,1,7,,0,2,6,11,B01
201900020369,1,7,,0,2,6,2,C01
201900020369,1,32,,0,2,1,21,A01
201900020370,2,33,,0,2,1,2,A01
201900020370,2,7,,0,0,0,0,B01
201900020370,2,7,,0,2,0,0,C01
201900020371,2,7,,0,2,1,1,B01
201900020371,2,7,,0,2,1,5,A01
201900020372,2,7,,0,2,3,11,A01
201900020372,2,33,,0,2,7,3,B01
201900020373,2,33,,0,2,1,3,A01
201900020373,2,7,,0,2,5,1,B01
201900020374,2,7,,4,2,4,1,C01
201900020374,2,7,,0,2,6,1,B01
201900020374,2,7,,0,2,1,26,A01
201900020375,2,33,,0,0,9,21,A01
201900020376,1,10,,4,0,0,2,A01
201900020377,2,7,,0,0,4,0,B01
201900020377,2,7,,0,2,1,26,A01
201900020378,2,33,,0,2,4,21,A01
201900020378,2,7,,0,2,6,13,B01
201900020379,2,33,,0,2,1,1,B01
201900020379,2,7,,0,2,3,15,A01
201900020380,3,30,,0,2,1,19,A01
201900020380,3,7,,0,2,7,0,B01
201900020381,3,7,,0,1,2,1,A01
201900020382,1,7,,0,2,6,15,A01
201900020382,1,33,,0,2,7,17,B01
201900020383,2,10,,0,2,3,1,B01
201900020383,1,10,,0,2,3,13,A01
201900020384,3,7,,16,0,9,1,A01
201900020385,3,7,,0,2,0,2,A01
201900020385,3,33,,0,2,1,2,B01
201900020386,1,7,,0,2,7,16,A01
201900020386,1,2,,0,2,8,2,B01
201900020387,1,34,,0,1,0,1,Z01
201900020388,3,7,,0,2,4,1,B01
201900020388,3,7,,0,2,1,1,A01
201900020389,1,7,,4,0,9,2,B01
201900020389,1,7,,0,2,4,2,C01
201900020389,1,7,,4,0,1,2,A01
201900020390,2,7,,0,2,1,2,A01
201900020390,2,7,,0,2,4,2,B01
201900020391,1,7,,4,2,9,3,A01
201900020392,1,7,,0,1,3,26,A01
201900020393,3,7,,0,1,1,1,A01
201900020394,1,7,,0,2,3,17,A01
201900020394,2,7,,0,2,3,1,B01
201900020395,0,7,,0,1,1,18,A01
201900020396,2,7,,4,1,1,1,A01
201900020397,3,7,,0,2,4,0,B01
201900020397,3,7,,0,2,4,0,C01
201900020397,3,7,,0,2,1,26,A01
201900020398,1,34,,0,2,1,17,B01
201900020398,1,7,,0,2,8,15,A01
201900020399,3,40,,0,2,8,1,B01
201900020399,3,7,,0,-1,2,15,A01
201900020400,1,7,,0,2,2,9,A01
201900020400,1,7,,0,2,3,1,B01
201900020401,3,7,,0,2,1,2,A01
201900020401,3,7,,0,2,4,26,B01
201900020401,3,7,,0,9,4,26,C01
201900020402,3,32,,0,2,3,13,A01
201900020402,3,7,,0,2,3,13,B01
201900020403,1,7,,0,2,1,1,A01
201900020403,1,2,,0,2,4,2,B01
201900020404,3,33,,0,2,0,0,B01
201900020404,1,7,,1,0,2,26,A01
201900020405,2,7,,0,2,1,2,B01
201900020405,2,7,,0,2,4,2,A01
201900020406,1,7,,16,2,1,0,B01
201900020406,1,7,,0,2,4,25,A01
201900020407,2,7,,0,2,1,2,A01
201900020407,2,7,,0,2,4,2,Z01
201900020407,2,7,,0,2,4,2,B01
201900020408,3,7,,0,2,3,1,B01
201900020408,3,7,,0,2,3,13,A01
201900020409,3,7,,0,1,1,1,A01
201900020410,1,7,,0,2,8,0,B01
201900020410,1,7,,0,2,2,0,A01
201900020411,3,10,,0,1,2,1,A01
201900020412,1,99,,12,0,1,13,A01
201900020412,2,7,,0,2,1,9,C01
201900020413,1,7,,2,0,3,26,A01
201900020414,0,31,,0,2,1,1,B01
201900020414,0,7,,0,2,2,15,A01
201900020415,0,2,,0,2,5,1,B01
201900020415,0,7,,0,2,7,15,A01
201900020416,1,30,,12,0,2,1,A01
201900020417,1,7,,0,1,3,1,A01
201900020418,1,7,,0,2,2,13,A01
201900020418,1,7,,0,2,2,0,B01
201900020419,1,7,,0,1,2,1,A01
201900020420,1,7,,0,2,1,13,A01
201900020420,1,7,,0,2,1,1,B01
201900020421,2,7,,0,2,1,1,B01
201900020421,2,7,,0,2,7,15,A01
201900020422,1,7,,0,2,1,1,B01
201900020422,1,7,,0,2,1,1,C01
201900020422,1,7,,0,2,4,1,A01
201900020423,1,10,,0,1,2,16,A01
201900020424,2,7,,0,2,4,0,E01
201900020424,2,7,,0,2,4,1,D01
201900020424,2,7,,0,2,4,23,B01
201900020424,2,7,,0,2,1,1,A01
201900020425,2,7,,0,1,2,14,A01
201900020426,1,10,,0,2,2,1,A01
201900020426,1,10,,0,2,1,1,B01
201900020427,1,7,,0,1,2,1,A01
201900020428,3,10,,0,2,4,1,B01
201900020428,3,7,,0,2,1,9,A01
201900020429,1,7,,0,2,1,1,A01
201900020429,2,2,,0,2,8,0,B01
201900020430,1,7,,0,2,2,9,B01
201900020430,1,7,,0,2,1,1,A01
201900020431,3,7,,0,2,1,9,A01
201900020431,1,33,,0,2,2,0,B01
201900020432,1,7,,0,0,9,1,A01
201900020433,2,7,,0,2,1,17,A01
201900020433,1,7,,0,2,1,1,B01
201900020434,1,7,,9,0,3,1,A01
201900020435,1,7,,1,0,9,1,A01
201900020436,0,7,,0,2,2,15,A01
201900020436,0,7,,0,2,3,1,B01
201900020437,3,7,,0,2,4,23,B01
201900020437,2,7,,0,2,1,1,A01
201900020438,2,7,,0,1,1,16,A01
201900020439,2,1,,0,2,0,16,B01
201900020439,2,30,,0,2,8,1,A01
201900020440,1,33,,0,2,1,1,A01
201900020440,1,7,,0,2,7,12,B01
201900020441,0,7,,0,1,1,1,A01
201900020442,1,1,,0,2,0,18,A01
201900020442,1,7,,0,2,7,1,B01
201900020443,3,1,,2,0,2,14,A01
201900020444,2,7,,13,0,2,14,A01
201900020445,1,7,,9,0,5,1,B01
201900020445,1,7,,0,2,1,19,A01
201900020446,3,7,,0,2,3,15,A01
201900020446,2,34,,0,2,1,1,B01
201900020447,3,7,,0,2,7,14,A01
201900020447,3,32,,0,2,8,16,B01
201900020447,3,7,,0,2,8,16,C01
201900020448,2,7,,0,2,3,9,A01
201900020448,1,7,,0,2,1,0,B01
201900020449,3,31,,0,2,1,1,B01
201900020449,3,7,,0,2,3,9,A01
201900020450,1,7,,14,0,7,1,A01
201900020451,2,31,,0,2,1,1,B01
201900020451,1,7,,0,2,2,15,A01
201900020452,2,7,,0,2,3,7,B01
201900020452,2,7,,0,2,7,16,A01
201900020453,1,1,,0,2,7,17,B01
201900020453,1,1,,0,2,8,14,A01
201900020454,1,31,,0,0,1,1,A01
201900020455,1,7,,0,2,1,23,B01
201900020455,1,7,,0,2,4,2,A01
201900020456,1,1,,0,2,1,1,B01
201900020456,1,10,,0,2,3,22,A01
201900020457,1,32,,0,2,3,1,B01
201900020457,2,7,,0,2,1,15,A01
201900020458,2,1,,0,1,1,1,A01
201900020459,1,30,,0,1,1,2,A01
201900020460,2,7,,0,1,1,16,A01
201900020461,2,30,,0,2,1,2,A01
201900020461,2,7,,0,2,4,24,B01
201900020462,1,7,,0,1,5,7,A01
201900020463,1,30,,0,1,1,1,A01
201900020464,1,7,,0,2,2,2,B01
201900020464,1,7,,0,2,6,23,A01
201900020465,2,50,,0,2,1,1,B01
201900020465,2,7,,0,2,3,22,A01
201900020466,1,50,,0,1,7,1,A01
201900020467,2,33,,0,0,8,1,A01
201900020468,1,10,,0,2,2,15,A01
201900020469,0,7,,0,2,1,15,A01
201900020469,0,33,,0,2,1,1,B01
201900020470,1,7,,0,2,1,1,B01
201900020470,1,7,,0,2,8,1,A01
201900020471,1,33,,0,2,3,1,B01
201900020471,1,3,,0,2,2,15,A01
201900020472,2,10,,0,0,7,15,A01
201900020472,1,1,,0,2,1,14,B01
201900020473,2,30,,0,2,1,26,A01
201900020473,1,7,,0,2,3,1,B01
201900020474,1,7,,0,2,1,2,A01
201900020474,1,10,,0,2,4,23,B01
201900020475,1,10,,0,2,4,23,B01
201900020475,1,7,,0,2,1,2,A01
201900020476,1,32,,14,0,0,1,A01
201900020477,3,7,,0,2,3,22,A01
201900020477,3,30,,0,2,8,1,B01
201900020477,3,7,,0,0,0,0,C01
201900020478,2,7,,0,2,3,1,B01
201900020478,1,31,,0,2,1,1,A01
201900020479,2,1,,0,2,8,1,B01
201900020479,2,7,,0,9,7,17,A01
201900020480,1,7,,0,2,3,1,B01
201900020480,2,7,,0,2,3,1,A01
201900020481,1,7,,3,0,4,2,B01
201900020481,1,7,,0,2,1,2,A01
201900020482,2,7,,16,0,1,1,A01
201900020483,1,7,,0,1,1,13,A01
201900020484,0,7,,0,2,1,0,A01
201900020484,0,7,,0,2,4,0,B01
201900020485,2,20,,0,1,4,26,A01
201900020486,3,7,,0,1,1,1,A01
201900020487,2,2,,0,0,0,1,A01
201900020488,2,7,,0,2,1,1,B01
201900020488,0,7,,0,2,3,10,A01
201900020489,3,10,,0,2,8,19,A01
201900020489,0,7,,0,2,1,1,B01
201900020490,1,7,,0,0,3,1,A01
201900020490,2,7,,13,0,3,1,B01
201900020491,2,7,,2,0,1,1,A01
201900020492,1,33,,0,2,1,1,A01
201900020492,1,1,,0,0,8,19,B01
201900020493,2,2,,13,0,0,16,A01
201900020494,1,7,,0,2,2,1,B01
201900020494,2,7,,0,2,7,13,A01
201900020495,1,7,,0,2,3,1,B01
201900020495,2,7,,3,2,3,13,A01
201900020496,2,7,,0,2,1,0,A01
201900020496,1,7,,0,0,3,1,B01
201900020497,1,33,,12,0,5,16,B01
201900020497,1,7,,0,2,2,9,A01
201900020498,2,7,,0,1,2,1,A01
201900020499,2,7,,3,0,1,1,A01
201900020500,2,7,,0,1,1,1,A01
201900020501,1,7,,7,2,8,1,B01
201900020501,2,10,,0,2,1,1,A01
201900020502,1,7,,0,0,2,1,B01
201900020502,1,7,,0,0,3,16,A01
201900020503,2,7,,0,2,8,1,B01
201900020503,2,7,,0,2,7,1,A01
201900020504,3,7,,0,2,1,1,C01
201900020504,3,7,,0,2,1,1,B01
201900020504,3,10,,0,2,3,5,A01
201900020505,1,7,,6,0,7,1,A01
201900020506,2,15,,0,2,5,1,B01
201900020506,1,7,,0,2,5,1,A01
201900020507,1,7,,3,0,8,21,A01
201900020508,3,1,,6,2,6,1,A01
201900020508,3,7,,0,2,3,1,B01
201900020509,1,7,,0,0,2,1,A01
201900020509,1,1,,0,2,1,0,B01
201900020510,3,7,,0,2,3,1,A01
201900020510,3,7,,0,2,3,1,B01
201900020510,3,7,,0,2,3,0,C01
201900020511,3,7,,0,0,8,15,B01
201900020511,0,2,,0,2,1,17,A01
201900020512,3,2,,0,2,1,17,A01
201900020512,3,7,,0,2,6,15,B01
201900020513,2,10,,2,0,1,1,A01
201900020514,2,7,,0,2,1,1,B01
201900020514,1,7,,0,2,7,1,A01
201900020515,2,1,,0,2,4,1,A01
201900020515,2,7,,0,2,1,1,B01
201900020516,3,33,,15,9,1,1,A01
201900020517,1,7,,0,1,1,1,A01
201900020518,3,7,,0,2,1,1,A01
201900020518,3,14,,0,2,1,1,B01
201900020519,1,7,,0,2,3,1,B01
201900020519,0,2,,0,2,1,0,A01
201900020520,2,10,,0,2,1,2,B01
201900020520,1,7,,3,2,3,5,A01
201900020521,2,2,,0,2,1,0,B01
201900020521,1,7,,0,2,3,26,A01
201900020522,2,33,,3,0,7,9,A01
201900020523,1,7,,4,0,1,2,A01
201900020524,2,17,,0,2,1,1,A01
201900020524,2,7,,0,2,4,1,B01
201900020525,2,7,,0,2,4,2,E01
201900020525,2,10,,0,2,4,2,D01
201900020525,2,7,,0,2,4,2,C01
201900020525,2,10,,0,2,4,2,B01
201900020525,2,38,2.0,0,2,1,2,A01
201900020526,2,10,,4,0,1,0,A01
201900020527,2,7,,4,0,1,1,A01
201900020528,2,7,,0,2,5,2,B01
201900020528,2,43,,0,2,3,2,A01
201900020529,1,7,,0,2,4,9,B01
201900020529,1,34,,0,2,1,1,A01
201900020530,1,17,,0,2,4,2,B01
201900020530,1,10,,0,2,1,2,A01
201900020531,2,7,,0,2,3,11,A01
201900020531,2,33,,0,2,2,2,B01
201900020532,1,7,,0,2,1,5,A01
201900020532,1,17,,0,2,1,2,B01
201900020533,1,33,,3,2,9,1,A01
201900020534,2,7,,0,0,3,13,A01
201900020535,3,7,,0,2,1,1,B01
201900020535,3,7,,0,2,1,5,A01
201900020536,3,1,,0,2,4,18,B01
201900020536,3,7,,0,2,2,1,A01
201900020537,3,7,,0,2,1,1,B01
201900020537,3,7,,0,2,7,19,A01
201900020538,1,7,,0,2,2,17,A01
201900020538,1,7,,0,2,3,1,B01
201900020539,1,10,,1,1,4,26,A01
201900020540,2,3,,0,2,1,1,F01
201900020540,2,3,,0,2,1,1,E01
201900020540,2,3,,0,2,1,1,D01
201900020540,2,3,,0,2,1,1,C01
201900020540,2,7,,0,2,4,14,B01
201900020540,2,7,,0,2,1,5,A01
201900020541,2,7,,0,2,2,16,A01
201900020541,1,1,,0,2,1,25,B01
201900020542,1,7,,14,1,2,15,A01
201900020543,3,30,,0,2,1,1,A01
201900020543,3,7,,0,2,5,15,B01
201900020544,3,10,,0,1,8,26,A01
201900020545,3,7,,0,2,6,2,B01
201900020545,3,7,,6,2,1,2,A01
201900020546,0,7,,0,0,0,0,GB01
201900020546,3,7,,0,2,3,1,A01
201900020547,1,7,,0,2,3,9,A01
201900020547,1,33,,0,2,1,1,B01
201900020548,1,30,,0,2,1,1,A01
201900020548,1,7,,0,2,7,1,B01
201900020549,1,7,,0,2,5,1,B01
201900020549,1,34,,0,2,8,1,A01
201900020550,1,30,,0,2,7,21,A01
201900020550,1,7,,0,2,8,10,B01
201900020551,1,30,,8,0,1,13,A01
201900020552,1,33,,0,2,7,3,B01
201900020552,1,7,,0,2,8,11,A01
201900020553,2,7,,0,2,4,23,B01
201900020553,2,32,,0,2,1,2,A01
201900020554,3,7,,1,0,2,1,A01
201900020554,3,7,,0,2,4,23,B01
201900020554,3,7,,0,2,4,23,C01
201900020555,0,3,,0,2,3,13,B01
201900020555,2,3,,0,2,3,1,A01
201900020556,3,7,,0,2,1,9,A01
201900020556,3,7,,0,0,0,0,B01
201900020557,0,32,,0,2,1,16,A01
201900020557,0,7,,0,2,8,13,B01
201900020558,1,7,,0,2,3,9,A01
201900020558,2,34,,0,2,1,1,B01
201900020559,1,7,,0,1,3,26,A01
201900020560,3,7,,0,2,5,1,B01
201900020560,3,7,,0,2,1,1,A01
201900020561,2,7,,1,0,1,14,A01
201900020561,0,7,,0,0,1,24,B01
201900020562,2,10,,0,0,7,15,A01
201900020563,0,33,,0,0,0,0,B01
201900020563,0,3,,0,2,8,15,A01
201900020564,2,7,,0,0,6,15,B01
201900020564,2,7,,0,2,3,17,A01
201900020565,3,7,,0,2,2,15,B01
201900020565,3,80,,0,2,8,1,A01
201900020566,3,1,,0,1,1,2,A01
201900020567,2,7,,0,0,4,11,A01
201900020567,2,7,,0,2,1,1,B01
201900020568,2,33,,3,0,7,1,A01
201900020569,3,33,,0,0,0,0,A01
201900020570,3,7,,6,0,0,1,A01
201900020571,2,7,,13,0,1,1,A01
201900020572,1,13,,0,0,8,23,B01
201900020572,2,7,,0,2,3,13,A01
201900020573,1,7,,0,2,1,13,A01
201900020573,2,7,,0,2,3,15,B01
201900020573,1,7,,0,2,3,16,C01
201900020574,0,7,,8,0,1,1,A01
201900020575,2,17,,13,0,1,1,A01