Num_Acc,senc,catv,occutc,obs,obsm,choc,manv,num_veh
201900020576,0,7,,0,0,1,1,A01
201900020577,0,7,,2,0,1,21,A01
201900020578,1,2,,13,0,1,1,A01
201900020579,2,7,,0,2,1,1,B01
201900020579,0,7,,0,2,3,19,A01
201900020580,2,7,,8,0,1,26,A01
201900020581,2,33,,13,0,0,1,A01
201900020582,2,7,,0,2,2,15,A01
201900020582,1,7,,0,2,1,1,B01
201900020583,1,1,,0,2,0,2,A01
201900020583,1,7,,0,2,0,17,B01
201900020583,1,7,,0,2,6,23,C01
201900020583,1,7,,1,0,2,2,D01
201900020584,1,15,,6,1,1,1,A01
201900020585,1,7,,13,0,1,1,A01
201900020586,1,7,,0,1,1,1,A01
201900020587,1,7,,2,0,1,1,A01
201900020588,2,7,,2,0,1,1,A01
201900020589,1,7,,2,0,3,13,A01
201900020590,2,7,,3,0,1,0,A01
201900020591,1,7,,0,1,1,0,A01
201900020592,1,7,,0,1,1,19,A01
201900020593,1,7,,3,0,3,2,B01
201900020593,1,7,,14,1,1,2,A01
201900020594,1,17,,0,2,1,1,B01
201900020594,2,10,,0,2,1,13,A01
201900020595,2,7,,3,0,8,1,A01
201900020596,2,7,,0,2,0,1,F01
201900020596,2,7,,0,2,7,1,E01
201900020596,2,7,,0,2,0,1,D01
201900020596,2,7,,0,2,6,1,C01
201900020596,2,7,,0,2,4,1,B01
201900020596,2,7,,4,2,1,0,A01
201900020597,2,10,,0,2,3,15,A01
201900020597,1,2,,0,2,1,1,B01
201900020598,3,7,,0,1,6,26,A01
201900020599,1,7,,0,2,1,13,A01
201900020599,2,7,,0,2,1,1,B01
201900020600,1,7,,0,1,2,1,A01
201900020601,3,7,,8,0,1,1,A01
201900020602,2,7,,2,0,7,0,A01
201900020603,1,7,,0,2,2,15,B01
201900020603,2,32,,0,2,1,1,A01
201900020604,2,7,,0,2,3,1,A01
201900020604,1,7,,0,2,8,15,B01
201900020605,2,7,,0,2,1,1,B01
201900020605,1,7,,0,2,1,17,A01
201900020606,1,7,,2,0,1,14,A01
201900020607,1,7,,0,0,0,1,A01
201900020608,2,7,,0,2,3,1,B01
201900020608,2,2,,0,0,4,1,A01
201900020609,2,7,,0,2,6,1,D01
201900020609,2,7,,0,2,2,1,C01
201900020609,1,14,,0,2,3,1,B01
201900020609,2,7,,0,2,3,13,A01
201900020610,1,10,,8,0,2,0,A01
201900020611,0,7,,0,2,8,13,A01
201900020611,0,15,,0,2,3,1,B01
201900020612,2,2,,0,2,2,17,B01
201900020612,2,7,,0,2,8,15,A01
201900020613,2,33,,0,2,7,1,A01
201900020613,2,7,,0,2,1,15,B01
201900020614,0,7,,1,0,1,0,A01
201900020615,2,7,,0,2,3,15,A01
201900020615,1,7,,0,2,1,1,B01
201900020616,0,2,,0,2,0,17,A01
201900020616,0,14,,0,2,3,15,B01
201900020617,2,7,,0,2,1,19,A01
201900020617,1,7,,0,2,7,1,B01
201900020618,1,2,,0,1,1,1,A01
201900020619,0,7,,0,2,3,13,A01
201900020619,0,7,,0,2,3,1,B01
201900020620,1,7,,0,2,2,1,D01
201900020620,1,7,,0,2,3,1,C01
201900020620,2,7,,0,2,3,1,B01
201900020620,1,7,,0,2,3,1,A01
201900020621,2,7,,2,0,1,1,A01
201900020622,1,7,,16,0,3,1,A01
201900020623,1,7,,13,0,7,1,A01
201900020624,2,7,,0,0,3,0,B01
201900020624,1,15,,0,0,8,21,A01
201900020625,2,7,,0,2,1,1,B01
201900020625,1,7,,0,2,5,1,A01
201900020626,2,7,,2,0,8,14,A01
201900020627,1,7,,0,2,3,5,A01
201900020627,2,7,,0,2,3,5,B01
201900020628,3,7,,0,1,1,20,A01
201900020629,2,7,,13,0,2,14,A01
201900020630,2,7,,0,2,2,1,A01
201900020630,2,1,,0,2,4,2,B01
201900020631,2,7,,0,2,3,1,B01
201900020631,1,7,,0,2,1,21,A01
201900020632,2,7,,0,2,3,0,A01
201900020632,1,7,,0,2,2,1,B01
201900020632,1,7,,0,2,2,1,C01
201900020633,1,15,,0,2,6,24,B01
201900020633,1,10,,1,2,1,14,A01
201900020634,2,7,,0,0,6,15,B01
201900020634,2,33,,0,2,1,17,A01
201900020635,2,30,,0,0,4,1,A01
201900020635,2,7,,0,2,1,12,B01
201900020636,1,7,,0,9,3,9,A01
201900020636,2,2,,0,2,7,15,B01
201900020637,2,7,,0,2,3,15,A01
201900020637,1,2,,0,2,1,1,B01
201900020638,2,7,,0,1,3,1,A01
201900020639,0,33,,12,0,1,1,A01
201900020640,2,33,,0,2,1,1,B01
201900020640,2,33,,0,0,4,16,A01
201900020641,1,7,,0,2,2,17,B01
201900020641,1,7,,13,2,6,13,A01
201900020642,3,7,,3,0,0,1,A01
201900020643,2,7,,2,0,8,1,A01
201900020644,1,7,,0,2,2,1,A01
201900020644,1,7,,0,0,6,1,B01
201900020645,1,7,,0,2,3,1,B01
201900020645,2,7,,0,2,2,15,A01
201900020646,1,7,,6,0,1,1,A01
201900020647,1,7,,0,2,3,1,B01
201900020647,1,30,,0,2,1,1,A01
201900020648,2,7,,8,0,8,21,A01
201900020649,0,7,,0,1,3,2,A01
201900020650,0,7,,0,1,3,2,A01
201900020651,2,7,,0,2,2,1,A01
201900020651,2,7,,0,2,6,1,B01
201900020652,1,7,,3,0,2,1,A01
201900020653,1,30,,6,0,8,13,A01
201900020654,1,7,,17,0,1,0,A01
201900020655,1,7,,0,2,1,1,C01
201900020655,1,7,,0,2,1,1,B01
201900020655,1,7,,0,2,3,1,A01
201900020656,2,33,,0,0,8,1,A01
201900020657,2,7,,0,2,1,11,B01
201900020657,2,7,,0,2,4,2,A01
201900020658,1,10,,0,2,3,11,C01
201900020658,1,10,,0,2,3,2,B01
201900020658,1,10,,0,2,5,2,A01
201900020659,1,0,,0,1,0,0,Z01
201900020659,1,7,,0,0,0,0,A01
201900020660,2,7,,0,2,1,11,C01
201900020660,2,7,,0,2,7,1,B01
201900020660,2,7,,0,2,4,9,A01
201900020661,2,7,,0,2,4,1,A01
201900020661,2,7,,0,2,4,1,B01
201900020661,2,7,,0,2,1,2,C01
201900020662,1,33,,0,0,7,3,A01
201900020663,1,7,,0,2,1,1,D01
201900020663,1,7,,0,2,9,1,C01
201900020663,1,10,,0,2,9,1,B01
201900020663,1,7,,0,2,4,1,A01
201900020664,1,7,,0,2,5,1,A01
201900020664,1,7,,0,2,3,21,B01
201900020665,1,7,,7,2,1,2,A01
201900020665,1,7,,0,2,4,1,B01
201900020666,1,7,,0,2,4,1,C01
201900020666,1,7,,0,2,6,1,B01
201900020666,1,7,,0,2,2,14,A01
201900020667,0,31,,0,0,7,16,A01
201900020668,2,10,,0,2,4,1,A01
201900020668,2,7,,0,2,4,2,B01
201900020668,2,7,,0,2,4,2,C01
201900020668,2,7,,0,2,1,0,D01
201900020669,2,7,,0,2,4,12,B01
201900020669,2,7,,0,2,1,2,A01
201900020670,2,7,,3,2,6,1,B01
201900020670,2,7,,3,2,2,14,A01
201900020671,1,14,,0,2,1,1,A01
201900020671,1,14,,0,2,4,2,B01
201900020671,1,7,,0,2,4,23,C01
201900020671,1,10,,0,2,4,2,D01
201900020671,1,7,,0,2,1,2,E01
201900020672,1,7,,0,2,1,2,A01
201900020672,1,7,,0,2,5,2,B01
201900020673,1,10,,0,2,2,2,Z01
201900020673,1,7,,0,2,6,1,B01
201900020674,2,7,,0,2,0,14,A01
201900020674,2,7,,0,2,0,1,B01
201900020675,2,17,,0,2,2,1,A01
201900020675,2,7,,0,2,6,11,B01
201900020675,2,7,,0,2,1,1,C01
201900020676,2,7,,0,2,8,1,B01
201900020676,2,7,,0,6,0,5,D01
201900020676,2,7,,0,2,6,5,E01
201900020676,1,7,,0,6,1,5,C01
201900020676,2,10,,4,2,7,12,A01
201900020677,2,10,,8,0,1,1,A01
201900020678,2,3,,0,0,2,21,A01
201900020679,2,33,,0,2,1,26,B01
201900020679,2,7,,0,2,5,2,C01
201900020679,2,7,,0,2,3,11,A01
201900020680,1,7,,2,0,5,1,A01
201900020681,2,7,,16,0,1,26,A01
201900020682,1,7,,0,2,8,1,B01
201900020682,1,7,,0,2,2,11,A01
201900020683,1,7,,0,2,6,11,B01
201900020683,1,15,,0,2,4,1,C01
201900020683,1,15,,0,2,2,1,A01
201900020684,1,15,,0,2,2,12,A01
201900020684,1,7,,0,2,8,1,B01
201900020685,2,7,,0,2,5,1,B01
201900020685,2,7,,4,2,3,1,A01
201900020686,1,7,,0,2,7,1,B01
201900020686,1,7,,0,2,8,13,A01
201900020687,2,31,,0,2,1,2,A01
201900020687,2,7,,0,2,5,2,B01
201900020688,1,7,,0,2,3,21,A01
201900020688,1,7,,0,2,7,2,B01
201900020688,1,7,,0,2,3,2,C01
201900020689,1,17,,0,2,1,12,A01
201900020689,1,7,,0,2,8,0,B01
201900020690,2,43,,0,0,8,21,A01
201900020691,2,7,,4,0,8,2,A01
201900020692,2,7,,0,2,4,2,B01
201900020692,2,7,,3,2,1,2,A01
201900020693,2,14,,1,0,2,1,B01
201900020694,1,7,,4,0,3,1,A01
201900020695,1,7,,4,0,5,11,A01
201900020696,1,7,,0,2,5,14,A01
201900020696,1,33,,0,2,3,1,B01
201900020697,2,7,,0,2,4,23,C01
201900020697,2,7,,0,2,4,23,B01
201900020697,2,10,,1,0,1,2,A01
201900020698,2,10,,0,2,8,11,A01
201900020698,2,31,,0,2,7,1,B01
201900020699,2,7,,0,2,1,1,B01
201900020699,2,7,,0,2,4,1,C01
201900020699,2,7,,0,2,1,18,A01
201900020700,2,7,,0,2,2,1,B01
201900020700,2,7,,0,2,3,11,A01
201900020701,2,10,,3,2,1,2,A01
201900020701,2,14,,0,2,4,2,B01
201900020702,2,7,,1,2,4,26,C01
201900020702,2,10,,0,0,1,26,A01
201900020702,2,13,,0,0,4,23,D01
201900020702,2,7,,0,0,4,26,B01
201900020703,2,31,,0,2,0,3,A01
201900020704,2,33,,0,2,1,3,A01
201900020704,2,7,,0,0,4,11,B01
201900020705,2,7,,0,0,6,11,A01
201900020705,2,43,,0,2,1,3,B01
201900020706,2,7,,0,2,4,2,A01
201900020706,2,7,,0,0,1,2,B01
201900020707,1,10,,3,0,2,1,A01
201900020708,1,7,,0,2,5,23,B01
201900020708,1,7,,0,2,1,2,A01
201900020709,1,7,,0,1,1,15,A01
201900020710,0,7,,0,0,3,0,B01
201900020710,3,7,,0,0,3,0,A01
201900020711,0,7,,0,2,2,1,A01
201900020711,0,7,,6,2,2,1,B01
201900020712,3,1,,0,0,0,1,A01
201900020713,2,1,,0,2,1,1,B01
201900020713,2,7,,0,2,8,22,A01
201900020714,2,30,,0,1,1,17,A01
201900020715,1,33,,12,0,7,20,A01
201900020716,2,7,,3,0,1,13,A01
201900020717,3,7,,12,0,1,16,A01
201900020718,2,7,,4,0,1,17,A01
201900020719,3,7,,0,2,1,1,C01
201900020719,3,33,,0,2,9,0,B01
201900020719,3,7,,0,2,3,26,A01
201900020720,0,7,,0,2,1,15,B01
201900020720,0,30,,0,2,1,17,A01
201900020721,1,30,,14,1,1,1,A01
201900020722,1,1,,0,2,7,19,A01
201900020722,1,2,,0,2,1,1,B01
201900020723,2,32,,0,1,1,1,A01
201900020724,2,30,,0,2,8,1,A01
201900020724,2,30,,0,2,7,1,B01
201900020725,2,7,,0,1,3,1,A01
201900020726,3,10,,12,0,3,13,A01
201900020727,2,13,,0,2,2,1,B01
201900020727,1,7,,0,2,2,0,A01
201900020728,1,7,,0,2,2,14,A01
201900020728,2,2,,0,2,2,26,B01
201900020729,2,34,,0,2,1,21,A01
201900020729,2,7,,0,2,3,1,C01
201900020729,2,7,,0,2,5,2,B01
201900020730,2,7,,0,2,4,2,B01
201900020730,2,7,,0,2,4,2,C01
201900020730,2,7,,0,2,1,2,A01
201900020731,1,7,,0,1,3,1,A01
201900020732,1,7,,0,2,3,26,A01
201900020732,2,7,,0,2,2,19,B01
201900020733,1,7,,0,1,2,1,A01
201900020734,2,7,,0,1,2,1,A01
201900020735,3,7,,0,6,3,10,A01
201900020735,3,31,,0,2,3,1,B01
201900020736,1,7,,0,2,4,1,B01
201900020736,1,7,,0,2,1,1,A01
201900020737,1,7,,8,0,2,16,A01
201900020738,3,7,,0,2,5,15,A01
201900020738,3,1,,0,2,0,0,B01
201900020739,2,7,,0,1,3,1,A01
201900020740,2,33,,0,1,2,1,A01
201900020741,3,7,,0,2,4,23,C01
201900020741,3,7,,0,2,4,23,B01
201900020741,3,7,,0,2,2,1,A01
201900020742,1,10,,0,1,2,1,A01
201900020743,3,7,,0,1,1,1,A01
201900020744,2,2,,0,2,1,1,B01
201900020744,1,7,,0,2,3,15,A01
201900020745,1,7,,0,1,1,1,A01
201900020746,3,7,,0,2,3,13,A01
201900020746,3,7,,0,2,3,1,B01
201900020747,1,10,,0,4,0,26,A01
201900020748,2,7,,0,2,6,2,B01
201900020748,1,33,,0,2,1,2,A01
201900020749,2,7,,0,0,9,14,A01
201900020750,3,7,,0,2,1,19,A01
201900020750,3,2,,0,0,0,0,B01
201900020751,1,2,,0,2,4,23,B01
201900020751,1,7,,14,0,1,2,A01
201900020752,0,50,,0,2,0,0,B01
201900020752,3,7,,0,6,3,15,A01
201900020753,1,7,,0,1,1,1,A01
201900020754,1,7,,0,2,2,1,A01
201900020754,1,1,,0,0,0,0,B01
201900020755,1,30,,0,2,7,13,A01
201900020755,2,7,,0,2,3,9,B01
201900020756,2,7,,0,2,1,26,A01
201900020756,2,33,,0,2,4,26,B01
201900020757,3,7,,0,2,4,15,B01
201900020757,3,10,,0,2,6,2,C01
201900020757,3,7,,0,2,1,1,A01
201900020758,3,33,,11,0,1,0,A01
201900020759,2,7,,0,1,1,0,A01
201900020760,0,7,,2,2,5,19,A01
201900020760,0,7,,0,2,1,1,B01
201900020761,0,7,,0,1,1,0,Z01
201900020762,0,7,,8,0,1,14,A01
201900020763,0,7,,0,1,1,1,A01
201900020764,3,1,,0,2,0,1,A01
201900020764,3,7,,0,2,0,1,B01
201900020765,1,7,,0,2,3,1,B01
201900020765,2,3,,0,2,1,13,A01
201900020766,3,7,,0,0,0,2,B01
201900020766,3,7,,0,1,1,2,A01
201900020767,2,2,,0,2,8,17,B01
201900020767,2,7,,0,2,8,1,A01
201900020768,1,7,,0,2,3,15,A01
201900020768,2,7,,0,2,3,1,B01
201900020769,1,7,,0,1,1,1,A01
201900020770,2,7,,0,2,3,26,A01
201900020770,1,7,,0,2,6,26,B01
201900020771,1,7,,0,1,1,16,A01
201900020772,2,7,,6,0,1,1,A01
201900020773,1,7,,2,2,7,13,A01
201900020773,2,7,,0,2,1,26,B01
201900020774,3,1,,0,2,3,2,A01
201900020774,3,7,,0,2,2,16,B01
201900020775,2,7,,8,0,1,11,A01
201900020776,0,32,,0,2,1,18,A01
201900020776,0,1,,0,2,1,1,B01
201900020777,1,1,,0,2,1,13,A01
201900020777,1,7,,0,2,5,1,B01
201900020778,3,7,,0,2,4,23,A01
201900020778,3,2,,0,2,1,1,B01
201900020779,0,17,,0,2,2,15,B01
201900020779,0,10,,0,2,0,1,A01
201900020780,1,7,,8,0,1,14,A01
201900020781,1,2,,0,2,1,21,B01
201900020781,1,10,,0,2,3,15,A01
201900020782,3,7,,0,2,1,2,A01
201900020782,3,7,,0,2,4,23,B01
201900020783,2,7,,0,2,1,2,Z01
201900020783,2,7,,0,2,4,23,B01
201900020784,3,7,,0,2,8,2,A01
201900020784,3,7,,0,2,2,2,C01
201900020784,3,7,,0,2,7,1,B01
201900020785,2,7,,0,2,1,6,B01
201900020785,1,7,,0,2,3,1,A01
201900020786,0,1,,0,0,0,0,B01
201900020786,2,7,,0,2,8,1,A01
201900020787,2,2,,0,1,1,18,A01
201900020788,2,7,,0,1,3,16,Z01
201900020789,1,7,,0,2,3,1,B01
201900020789,2,7,,0,2,3,1,A01
201900020790,1,7,,0,1,1,9,Z01
201900020791,1,7,,9,0,1,21,A01
201900020792,2,31,,0,0,0,16,A01
201900020793,2,43,,0,2,1,1,B01
201900020794,3,7,,0,0,1,14,A01
201900020795,2,7,,2,0,1,13,A01
201900020796,3,10,,0,0,0,2,A01
201900020797,1,30,,0,0,0,26,A01
201900020798,1,7,,0,2,8,9,A01
201900020798,1,7,,0,2,1,1,B01
201900020799,1,7,,0,2,6,11,B01
201900020799,1,43,,0,2,2,3,A01
201900020800,1,31,,0,0,8,1,A01
201900020801,2,7,,0,1,2,1,A01
201900020802,1,33,,0,2,1,1,B01
201900020802,1,7,,0,2,3,9,A01
201900020803,1,32,,0,2,8,15,A01
201900020803,1,7,,0,2,2,1,B01
201900020804,1,7,,0,2,5,2,A01
201900020804,1,10,,0,2,3,2,B01
201900020805,1,7,,0,2,2,1,A01
201900020805,1,7,,0,2,3,1,B01
201900020806,2,7,,0,2,1,1,A01
201900020806,2,33,,0,2,3,1,B01
201900020807,1,33,,0,2,1,18,B01
201900020807,1,7,,0,2,5,22,A01
201900020808,2,7,,0,2,4,23,B01
201900020808,2,7,,0,2,1,2,A01
201900020809,2,31,,0,2,0,17,B01
201900020809,2,7,,0,2,6,10,A01
201900020810,1,32,,0,2,3,18,B01
201900020810,1,7,,0,2,7,16,A01
201900020811,2,7,,0,2,3,15,B01
201900020811,1,31,,0,2,6,21,A01
201900020812,3,7,,0,2,3,11,A01
201900020812,3,33,,0,2,7,1,B01
201900020813,1,33,,0,2,1,2,B01
201900020813,1,7,,0,2,7,9,A01
201900020814,3,7,,0,1,2,2,A01
201900020815,3,30,,9,0,2,0,A01
201900020816,0,7,,6,0,1,0,A01
201900020817,1,7,,1,0,2,21,A01
201900020818,1,30,,0,2,2,3,A01
201900020818,1,3,,0,2,6,1,B01
201900020818,2,37,1.0,0,2,8,1,C01
201900020819,1,7,,0,1,1,1,A01
201900020820,3,30,,0,2,7,17,B01
201900020820,3,7,,0,2,3,13,A01
201900020821,3,32,,12,0,3,26,A01
201900020822,2,33,,7,0,1,1,A01
201900020823,3,7,,0,2,3,9,A01
201900020823,0,1,,0,2,4,1,B01
201900020824,0,7,,0,1,2,1,A01
201900020825,2,2,,0,2,1,1,A01
201900020825,1,7,,0,2,7,1,B01
201900020826,1,2,,0,2,1,1,B01
201900020826,2,7,,0,2,3,13,A01
201900020827,0,7,,0,0,9,1,A01
201900020828,1,33,,4,0,1,1,A01
201900020829,1,7,,0,2,1,15,A01
201900020829,2,32,,0,2,1,13,B01
201900020830,3,33,,0,2,1,1,B01
201900020830,3,34,,0,2,1,1,A01
201900020831,1,7,,13,0,1,14,A01
201900020832,2,7,,0,2,7,16,B01
201900020832,2,2,,0,2,1,1,A01
201900020833,0,7,,0,2,2,15,A01
201900020833,1,7,,7,2,3,1,B01
201900020834,2,31,,8,0,1,17,A01
201900020835,1,7,,0,2,2,1,B01
201900020835,2,7,,0,2,2,1,A01
201900020836,1,3,,2,0,1,0,A01
201900020837,2,31,,0,0,9,1,A01
201900020838,2,33,,0,2,1,1,B01
201900020838,1,33,,0,2,1,13,A01
201900020839,2,7,,12,0,2,26,A01
201900020840,2,7,,13,0,8,13,A01
201900020841,1,7,,1,1,2,1,A01
201900020842,2,33,,16,0,1,1,A01
201900020843,1,33,,0,6,1,1,A01
201900020844,0,7,,8,0,3,0,A01
201900020845,2,32,,0,0,7,2,A01
201900020846,1,7,,0,2,3,11,A01
201900020846,2,33,,0,2,1,1,B01
201900020847,1,33,,4,0,2,14,A01
201900020848,3,33,,0,0,0,26,A01
201900020849,1,7,,0,0,2,1,A01
201900020850,1,31,,16,0,1,0,A01
201900020851,1,7,,0,2,1,1,A01
201900020851,2,7,,0,2,1,1,B01
201900020852,3,7,,0,1,4,4,A01
201900020853,1,7,,8,0,1,1,A01
201900020854,0,7,,6,0,1,1,A01
201900020855,2,7,,0,0,1,17,A01
201900020855,1,7,,0,2,1,1,B01
201900020856,2,7,,0,2,1,1,A01
201900020856,2,7,,0,2,4,1,B01
201900020856,2,7,,0,1,0,0,C01
201900020857,1,33,,0,0,2,1,A01
201900020858,2,30,,0,2,1,1,A01
201900020858,1,7,,0,2,2,1,B01
201900020859,2,7,,8,0,3,0,A01
201900020860,2,7,,0,2,3,21,B01
201900020860,2,7,,4,0,9,0,A01
201900020861,2,10,,13,0,9,17,A01
201900020862,2,7,,15,0,2,1,A01
201900020863,3,7,,12,0,0,1,A01
201900020864,1,1,,0,9,0,2,A01
201900020864,1,1,,0,2,1,1,B01
201900020864,1,1,,0,2,1,2,C01
201900020864,1,7,,0,0,4,2,D01
201900020865,1,7,,0,2,1,1,B01
201900020865,2,7,,0,2,1,17,A01
201900020866,1,33,,13,0,1,1,A01
201900020867,1,7,,13,0,1,13,A01
201900020868,2,7,,6,0,1,13,A01
201900020869,2,7,,0,2,1,13,A01
201900020869,1,7,,0,2,3,1,B01
201900020870,1,33,,15,0,1,13,A01
201900020871,1,7,,0,2,7,19,A01
201900020871,1,7,,0,2,1,1,B01
201900020872,2,33,,8,0,1,13,A01
201900020873,3,2,,0,2,3,1,B01
201900020873,3,7,,0,2,8,17,A01
201900020874,1,7,,2,0,1,1,A01
201900020875,0,7,,0,1,2,26,A01
201900020876,2,7,,0,2,5,1,A01
201900020876,2,32,,0,2,1,0,B01
201900020877,2,7,,0,2,4,2,A01
201900020877,2,10,,0,2,1,2,B01
201900020878,2,10,,0,2,3,2,C01
201900020878,2,7,,0,2,5,2,B01
201900020878,2,7,,0,2,4,2,A01
201900020879,2,7,,0,2,4,1,A01
201900020879,2,7,,0,2,1,1,B01
201900020879,2,7,,0,2,1,1,C01
201900020879,2,7,,0,2,8,0,F01
201900020880,1,10,,0,2,4,2,B01
201900020880,1,7,,0,2,1,2,A01
201900020881,1,7,,0,2,1,14,C01
201900020881,1,7,,0,2,6,1,B01
201900020881,1,7,,0,2,4,1,A01
201900020882,1,33,,0,2,1,3,A01
201900020882,1,7,,0,2,5,1,B01
201900020883,2,7,,0,2,5,1,D01
201900020883,2,10,,0,2,2,1,C01
201900020883,2,14,,0,2,2,1,B01
201900020883,2,7,,4,2,1,9,A01
201900020884,1,7,,0,2,4,2,B01
201900020884,1,10,,0,2,2,2,A01
201900020885,1,7,,0,2,4,1,C01
201900020885,1,32,,0,2,1,3,B01
201900020885,1,10,,0,2,2,22,A01
201900020886,1,7,,3,2,6,9,A01
201900020886,1,17,,0,2,2,1,B01
201900020886,1,10,,0,2,1,1,C01
201900020887,1,7,,0,2,1,1,A01
201900020887,1,14,,0,2,5,1,B01
201900020888,1,7,,0,2,5,11,A01
201900020888,1,33,,0,2,1,3,B01
201900020889,1,10,,0,2,1,2,C01
201900020889,1,7,,0,2,4,2,B01
201900020889,1,7,,0,2,1,2,A01
201900020889,1,10,,0,2,4,2,D01
201900020890,2,7,,4,2,1,2,A01
201900020890,2,7,,0,2,4,2,B01
201900020891,2,7,,0,2,1,2,A01
201900020891,2,7,,0,2,4,2,B01
201900020891,2,7,,0,2,4,2,C01
201900020892,2,7,,0,1,3,1,A01
201900020893,1,31,,0,2,7,1,B01
201900020893,1,7,,0,2,8,11,A01
201900020894,2,30,,0,2,3,15,A01
201900020894,2,7,,0,2,7,1,B01
201900020895,2,31,,0,2,2,9,B01
201900020895,2,13,,0,2,2,1,A01
201900020896,2,33,,0,2,3,1,B01
201900020896,1,7,,0,2,3,15,A01
201900020897,1,7,,0,1,2,1,A01
201900020898,1,34,,0,2,7,17,A01
201900020898,1,10,,0,2,3,15,B01
201900020899,1,7,,0,1,1,15,A01
201900020900,1,7,,0,1,1,15,A01
201900020901,3,31,,0,0,3,1,A01
201900020902,2,1,,0,2,1,15,A01
201900020902,1,34,,0,2,3,1,B01
201900020903,1,7,,0,2,3,15,B01
201900020903,1,32,,0,2,2,17,A01
201900020904,1,30,,0,2,1,2,A01
201900020904,1,7,,0,0,4,2,B01
201900020905,2,50,,0,2,7,19,B01
201900020905,2,7,,0,2,1,1,A01
201900020906,1,1,,0,1,1,1,A01
201900020907,1,50,,0,2,1,1,A01
201900020907,1,7,,0,2,3,15,B01
201900020908,1,33,,0,2,1,1,B01
201900020908,1,7,,0,2,6,10,A01
201900020909,1,7,,0,2,3,1,B01
201900020909,1,30,,0,2,1,1,A01
201900020910,3,7,,0,2,6,1,B01
201900020910,3,7,,0,2,1,19,A01
201900020911,1,14,,14,0,1,1,A01
201900020911,1,7,,0,2,4,23,B01
201900020912,1,10,,0,2,3,1,B01
201900020912,1,7,,0,2,2,1,A01
201900020913,2,10,,0,2,1,0,A01
201900020913,1,10,,0,2,1,0,B01
201900020914,1,7,,14,0,2,1,A01
201900020915,1,7,,1,0,3,26,A01
201900020915,2,7,,0,2,2,0,B01
201900020916,1,7,,0,2,8,1,C01
201900020916,3,1,,0,2,2,19,B01
201900020916,2,7,,0,2,3,1,A01
201900020917,3,1,,0,2,1,19,B01
201900020917,1,7,,0,2,1,16,A01
201900020918,0,31,,0,2,7,1,A01
201900020918,0,7,,0,9,4,17,B01
201900020919,1,7,,0,1,2,15,A01
201900020920,2,7,,0,2,4,23,B01
201900020920,2,1,,0,2,1,1,A01
201900020921,0,7,,0,2,2,1,B01
201900020921,0,7,,0,2,1,15,A01
201900020922,2,7,,0,2,1,2,A01
201900020922,2,43,,0,2,4,2,B01
201900020923,1,30,,0,2,1,18,A01
201900020923,1,7,,0,2,2,16,B01
201900020924,1,2,,0,2,4,1,B01
201900020924,1,7,,0,2,3,10,A01
201900020925,2,20,,0,2,4,23,B01
201900020925,2,20,,0,2,1,2,A01
201900020926,2,7,,0,1,1,0,A01
201900020926,0,60,,0,2,0,0,Y01
201900020927,1,7,,0,2,2,2,B01
201900020927,1,33,,0,2,3,2,A01
201900020928,1,7,,0,2,1,1,A01
201900020928,1,7,,0,2,4,26,C01
201900020928,1,7,,6,2,8,1,B01
201900020929,2,7,,0,1,1,26,A01
201900020930,0,3,,0,1,1,0,A01
201900020931,0,7,,0,2,8,0,A01
201900020931,3,50,,0,0,0,0,B01
201900020932,1,30,,0,2,2,15,A01
201900020932,1,7,,0,2,3,2,B01
201900020933,3,2,,0,2,9,0,B01
201900020933,3,7,,0,2,8,11,A01
201900020934,3,10,,0,2,5,16,A01
201900020934,3,1,,0,2,1,1,B01
201900020935,2,7,,0,9,1,1,D01
201900020935,2,7,,0,2,1,1,C01
201900020935,2,7,,0,2,8,1,B01
201900020935,1,7,,0,2,1,13,A01
201900020936,2,14,,0,0,6,1,B01
201900020936,2,7,,0,2,1,17,A01
201900020937,1,33,,12,0,1,1,A01
201900020938,2,3,,0,2,1,1,B01
201900020938,1,7,,0,2,1,0,A01
201900020939,3,7,,0,1,7,1,A01
201900020940,2,7,,3,0,3,1,A01
201900020941,2,7,,3,2,1,1,B01
201900020941,1,38,1.0,0,2,3,1,A01
201900020942,2,7,,0,2,3,13,A01
201900020942,2,33,,0,2,1,1,B01
201900020943,1,7,,2,0,4,2,B01
201900020943,1,7,,0,2,1,2,A01
201900020944,1,15,,0,0,7,1,A01
201900020945,2,33,,0,2,1,1,B01
201900020945,1,7,,0,0,4,6,A01
201900020946,1,7,,0,2,3,1,C01
201900020946,2,33,,0,2,1,1,B01
201900020946,1,7,,0,2,2,15,A01
201900020947,2,7,,0,6,1,21,A01
201900020948,2,1,,0,2,3,2,B01
201900020948,2,7,,0,9,2,2,A01
201900020949,3,2,,12,0,1,1,A01
201900020950,1,7,,16,0,3,1,A01
201900020951,1,35,,4,0,0,1,A01
201900020952,1,7,,0,9,2,1,C01
201900020952,2,7,,0,2,3,1,B01
201900020952,1,7,,0,2,3,17,A01
201900020953,1,7,,8,0,2,13,A01
201900020954,1,33,,8,0,3,1,A01
201900020955,1,7,,0,2,3,17,A01
201900020955,2,7,,0,2,3,1,B01
201900020956,2,33,,17,0,1,14,A01
201900020957,2,7,,0,0,0,13,A01
201900020958,0,10,,0,2,1,1,B01