Num_Acc,senc,catv,occutc,obs,obsm,choc,manv,num_veh
201900020958,0,7,,0,2,1,1,A01
201900020959,2,31,,0,0,0,1,A01
201900020960,1,15,,13,2,3,1,B01
201900020960,2,7,,13,2,3,13,A01
201900020961,1,7,,0,2,1,13,A01
201900020961,2,7,,0,2,1,1,B01
201900020962,1,7,,0,2,5,15,A01
201900020962,2,1,,0,2,1,1,B01
201900020963,3,2,,0,2,1,1,A01
201900020963,3,7,,0,2,6,1,B01
201900020964,2,31,,0,5,0,0,A01
201900020965,3,7,,13,0,8,14,A01
201900020966,2,7,,2,0,8,1,A01
201900020967,1,33,,1,0,1,1,A01
201900020968,0,33,,0,0,0,0,A01
201900020969,1,33,,8,0,1,1,A01
201900020970,1,7,,0,2,3,1,B01
201900020970,2,2,,0,2,1,13,A01
201900020971,1,7,,13,0,1,14,A01
201900020972,1,1,,0,2,9,0,B01
201900020972,1,7,,0,2,2,0,A01
201900020973,2,1,,0,2,1,1,B01
201900020973,2,7,,0,2,1,5,A01
201900020974,1,7,,0,2,3,15,A01
201900020974,3,33,,0,2,1,1,B01
201900020975,2,10,,0,2,2,2,B01
201900020975,2,30,,0,2,1,2,A01
201900020976,0,7,,0,1,0,26,A01
201900020977,3,7,,0,2,5,2,B01
201900020977,3,33,,0,2,1,2,A01
201900020978,3,7,,0,2,1,1,A01
201900020978,3,7,,0,2,4,1,B01
201900020979,1,7,,0,2,1,2,A01
201900020979,1,7,,0,0,4,1,B01
201900020980,3,7,,0,1,1,1,A01
201900020981,0,1,,0,2,8,1,A01
201900020981,0,40,,0,2,1,1,B01
201900020982,2,7,,0,1,1,1,A01
201900020982,2,7,,0,2,4,1,B01
201900020983,2,7,,0,2,0,15,A01
201900020983,1,43,,0,2,8,1,B01
201900020984,0,15,,0,2,2,1,B01
201900020984,0,7,,0,2,9,11,A01
201900020985,0,7,,0,2,1,1,B01
201900020985,0,7,,0,2,1,1,A01
201900020986,3,1,,0,2,8,1,B01
201900020986,3,10,,0,2,3,15,A01
201900020987,1,2,,0,2,1,1,A01
201900020987,2,7,,0,2,3,15,B01
201900020988,2,7,,0,2,3,20,B01
201900020988,2,33,,0,2,2,17,A01
201900020989,2,7,,0,2,5,1,B01
201900020989,2,33,,0,2,1,1,A01
201900020990,1,33,,0,2,1,1,B01
201900020990,2,7,,0,2,8,9,A01
201900020991,1,7,,0,2,1,1,A01
201900020991,1,7,,0,2,4,2,B01
201900020992,1,7,,0,1,1,1,A01
201900020993,1,7,,0,2,1,1,B01
201900020993,2,31,,0,2,1,5,A01
201900020994,0,7,,0,2,1,15,B01
201900020994,1,33,,1,2,1,0,A01
201900020995,0,7,,0,2,8,15,B01
201900020995,2,31,,0,2,2,17,A01
201900020996,1,7,,0,2,3,2,B01
201900020996,2,7,,0,2,1,15,A01
201900020997,2,34,,0,2,0,17,B01
201900020997,1,7,,0,2,5,26,A01
201900020998,1,7,,0,2,2,2,A01
201900020998,1,2,,0,2,1,11,B01
201900020999,2,37,1.0,0,1,5,15,A01
201900021000,2,2,,0,2,1,1,B01
201900021000,1,7,,0,2,3,15,A01
201900021001,1,10,,0,2,1,1,B01
201900021001,2,7,,0,2,7,0,A01
201900021002,3,10,,8,0,1,0,A01
201900021003,3,7,,0,1,3,26,A01
201900021004,1,7,,0,1,1,26,A01
201900021005,1,1,,0,2,3,1,B01
201900021005,1,7,,0,2,2,16,A01
201900021006,1,7,,0,2,4,15,B01
201900021006,1,33,,14,0,1,26,A01
201900021007,1,7,,0,2,4,2,D01
201900021007,1,10,,0,2,4,2,C01
201900021007,1,7,,0,2,4,2,B01
201900021007,1,7,,0,2,1,2,A01
201900021008,2,7,,0,2,1,1,C01
201900021008,2,15,,0,2,2,14,B01
201900021008,2,7,,4,2,6,3,A01
201900021009,1,7,,0,2,2,2,A01
201900021009,1,7,,0,2,6,2,B01
201900021009,1,7,,0,2,4,2,C01
201900021009,1,7,,0,2,9,2,D01
201900021010,1,7,,0,2,8,9,A01
201900021010,1,30,,0,2,1,1,B01
201900021011,1,7,,12,2,1,13,A01
201900021011,1,7,,0,2,3,1,B01
201900021012,1,7,,0,2,1,15,B01
201900021012,2,31,,0,2,1,1,A01
201900021013,3,31,,0,2,8,1,B01
201900021013,3,2,,0,2,1,1,A01
201900021014,1,10,,0,2,3,13,B01
201900021014,1,32,,0,2,5,17,A01
201900021015,1,1,,0,1,1,1,A01
201900021016,2,33,,0,1,3,1,A01
201900021017,2,33,,0,2,1,17,A01
201900021017,2,1,,0,2,8,15,B01
201900021018,2,10,,0,1,6,4,A01
201900021019,3,33,,0,0,0,15,A01
201900021020,1,33,,0,0,0,0,B01
201900021020,1,7,,0,2,1,1,A01
201900021020,1,7,,0,2,4,23,C01
201900021021,1,10,,0,1,4,4,A01
201900021022,2,30,,0,2,1,17,A01
201900021022,2,7,,0,2,3,15,B01
201900021023,1,7,,0,1,1,1,Z01
201900021024,0,7,,0,1,3,1,A01
201900021025,3,33,,16,2,1,1,A01
201900021025,3,7,,16,0,4,26,B01
201900021026,3,7,,0,2,4,2,B01
201900021026,3,7,,0,2,1,2,A01
201900021027,1,7,,0,2,2,19,A01
201900021027,3,33,,0,2,1,1,B01
201900021028,1,7,,0,2,1,16,A01
201900021028,1,7,,0,0,4,0,B01
201900021029,1,34,,0,1,2,3,A01
201900021030,0,7,,0,2,2,1,B01
201900021030,0,33,,0,2,1,1,A01
201900021031,3,7,,0,1,4,4,A01
201900021032,1,7,,0,2,3,1,B01
201900021032,1,7,,0,2,6,1,A01
201900021033,3,30,,0,2,8,1,B01
201900021033,3,30,,0,2,2,1,A01
201900021034,2,7,,0,1,2,14,A01
201900021035,1,32,,12,0,7,14,A01
201900021036,1,31,,0,2,7,1,B01
201900021036,1,33,,0,2,3,16,A01
201900021037,1,7,,0,2,5,19,A01
201900021037,1,34,,0,2,1,1,B01
201900021038,2,7,,0,1,2,13,A01
201900021038,2,1,,1,0,6,0,B01
201900021039,3,10,,0,2,4,1,B01
201900021039,3,10,,0,2,1,1,A01
201900021040,1,7,,0,2,1,2,A01
201900021040,1,7,,0,2,4,23,B01
201900021040,1,7,,0,2,4,23,C01
201900021041,2,7,,0,1,2,1,A01
201900021042,2,7,,0,2,1,1,B01
201900021042,1,7,,0,2,1,13,A01
201900021043,3,7,,0,2,2,15,A01
201900021043,0,34,,0,2,1,1,B01
201900021044,1,14,,0,2,1,1,B01
201900021044,2,10,,0,2,1,17,A01
201900021045,3,7,,2,0,1,26,A01
201900021046,2,1,,0,0,0,0,A01
201900021047,1,7,,13,0,1,1,A01
201900021048,1,15,,0,2,3,1,B01
201900021048,2,7,,0,2,3,1,A01
201900021049,1,7,,0,0,7,13,A01
201900021050,2,7,,0,2,3,1,B01
201900021050,1,7,,0,2,3,1,A01
201900021051,2,80,,0,2,4,1,B01
201900021051,2,7,,3,2,1,2,A01
201900021052,0,7,,0,2,8,26,A01
201900021052,2,13,,0,2,1,1,B01
201900021053,1,7,,0,2,1,1,A01
201900021053,2,7,,0,2,1,1,B01
201900021054,1,7,,2,0,2,1,A01
201900021055,1,7,,0,2,2,1,C01
201900021055,1,7,,0,2,5,1,B01
201900021055,1,7,,0,2,3,9,A01
201900021056,2,7,,0,2,1,1,B01
201900021056,1,7,,0,2,7,1,A01
201900021057,1,7,,16,0,0,1,A01
201900021058,2,7,,0,2,6,1,C01
201900021058,1,7,,0,2,3,1,B01
201900021058,2,10,,0,2,3,17,A01
201900021059,3,80,,0,0,0,1,A01
201900021060,1,34,,13,0,2,21,A01
201900021061,1,7,,0,0,0,13,A01
201900021062,2,33,,0,2,3,13,A01
201900021062,1,33,,0,2,8,1,B01
201900021063,1,30,,0,0,4,2,A01
201900021063,1,7,,0,2,1,2,B01
201900021064,2,33,,13,0,7,1,A01
201900021065,0,7,,0,1,2,1,A01
201900021066,1,15,,3,0,8,0,A01
201900021067,3,7,,0,1,3,1,A01
201900021068,1,7,,0,9,1,2,D01
201900021068,1,17,,0,0,0,2,B01
201900021068,1,33,,0,2,1,2,A01
201900021069,1,15,,0,1,1,1,A01
201900021070,2,10,,0,2,8,10,B01
201900021070,1,33,,0,2,1,1,A01
201900021071,2,10,,0,2,3,1,B01
201900021071,1,7,,0,2,3,1,A01
201900021072,0,2,,0,1,1,1,A01
201900021073,1,7,,0,1,3,14,A01
201900021074,0,7,,2,0,2,14,A01
201900021075,0,7,,0,2,3,1,B01
201900021075,0,7,,0,2,3,0,A01
201900021076,1,7,,0,1,1,19,A01
201900021077,3,7,,0,1,1,1,A01
201900021078,0,7,,0,2,1,15,A01
201900021078,0,7,,0,2,1,1,B01
201900021078,0,7,,0,1,3,1,C01
201900021079,3,7,,0,2,1,15,A01
201900021079,3,2,,0,2,1,1,B01
201900021080,3,7,,16,0,7,1,A01
201900021081,1,33,,7,0,1,2,A01
201900021082,1,33,,0,0,2,17,A01
201900021082,1,7,,0,2,3,15,B01
201900021083,1,7,,13,0,3,1,A01
201900021084,2,33,,0,2,1,1,A01
201900021084,3,7,,0,2,3,1,B01
201900021085,1,7,,0,2,1,1,C01
201900021085,1,7,,0,2,2,1,B01
201900021085,1,7,,0,2,8,13,A01
201900021086,1,7,,0,2,4,1,A01
201900021086,1,7,,0,2,1,0,B01
201900021087,2,7,,6,0,1,12,A01
201900021088,2,32,,0,2,7,3,A01
201900021088,2,7,,0,2,6,1,B01
201900021089,2,7,,0,2,1,2,A01
201900021089,2,7,,0,2,4,2,B01
201900021090,1,33,,5,0,9,26,A01
201900021091,1,7,,0,2,1,0,B01
201900021091,1,7,,0,2,4,1,A01
201900021092,1,17,,0,2,3,1,B01
201900021092,1,33,,0,2,1,2,C01
201900021092,1,7,,0,2,8,11,A01
201900021093,2,7,,0,2,3,2,B01
201900021093,2,7,,3,2,5,2,A01
201900021094,2,1,,0,2,1,15,B01
201900021094,1,10,,0,2,2,16,A01
201900021095,0,30,,12,0,1,13,A01
201900021096,1,7,,0,1,0,1,A01
201900021097,2,10,,0,2,1,21,A01
201900021097,2,7,,0,6,4,21,B01
201900021098,2,10,,0,1,3,26,A01
201900021099,2,3,,0,2,2,26,A01
201900021099,2,15,,0,2,6,1,B01
201900021100,1,7,,0,2,2,1,A01
201900021100,1,7,,0,2,3,0,B01
201900021101,1,7,,0,1,1,1,A01
201900021102,2,7,,0,2,1,1,A01
201900021102,2,7,,0,2,4,1,B01
201900021103,2,7,,0,2,8,15,B01
201900021103,1,32,,0,2,1,17,A01
201900021104,1,7,,0,2,1,1,A01
201900021104,1,7,,0,2,4,1,B01
201900021104,1,7,,0,2,4,1,C01
201900021105,1,7,,1,0,2,1,A01
201900021106,1,7,,0,2,3,1,A01
201900021106,1,32,,0,2,7,2,B01
201900021107,3,13,,0,2,2,15,A01
201900021107,3,33,,0,2,1,1,B01
201900021108,1,7,,0,1,2,1,A01
201900021109,1,7,,0,1,3,1,A01
201900021110,2,33,,0,2,1,1,B01
201900021110,1,7,,0,2,7,15,A01
201900021111,1,7,,0,2,3,1,B01
201900021111,2,7,,0,2,1,13,A01
201900021112,2,7,,0,1,2,16,A01
201900021113,1,7,,0,2,1,2,A01
201900021113,1,7,,0,1,4,2,B01
201900021114,1,7,,0,1,3,26,A01
201900021115,0,7,,0,2,3,9,B01
201900021115,0,7,,0,2,7,1,A01
201900021116,0,7,,0,2,1,1,A01
201900021116,0,7,,0,2,5,20,B01
201900021117,2,30,,0,2,7,19,A01
201900021117,2,10,,0,2,8,1,B01
201900021118,2,7,,0,2,3,13,A01
201900021118,1,7,,0,2,8,1,B01
201900021119,2,7,,6,0,1,14,A01
201900021120,3,7,,0,2,3,13,B01
201900021120,3,7,,0,2,3,14,A01
201900021121,2,7,,0,0,0,0,A01
201900021122,1,10,,0,2,1,1,A01
201900021122,1,7,,0,2,4,23,B01
201900021123,1,2,,0,0,1,17,A01
201900021124,1,7,,0,2,2,15,A01
201900021124,1,7,,0,2,1,1,B01
201900021125,1,1,,0,2,5,1,B01
201900021125,1,7,,0,2,3,9,A01
201900021126,1,1,,0,1,1,1,A01
201900021127,2,1,,0,2,3,1,B01
201900021127,1,13,,0,2,5,4,A01
201900021128,1,7,,0,1,1,16,A01
201900021129,2,7,,0,2,1,2,B01
201900021129,2,7,,0,2,4,15,A01
201900021130,1,7,,0,2,3,11,B01
201900021130,1,30,,0,2,1,17,A01
201900021131,2,7,,0,2,7,1,B01
201900021131,2,7,,0,2,3,9,A01
201900021132,1,7,,15,0,1,1,A01
201900021133,2,10,,0,2,1,1,B01
201900021133,1,7,,0,2,1,0,A01
201900021134,1,34,,0,2,1,16,A01
201900021134,1,7,,0,2,7,16,B01
201900021135,1,7,,0,2,0,16,A01
201900021135,2,33,,0,2,0,2,B01
201900021136,1,7,,0,2,1,1,A01
201900021136,1,1,,0,2,1,1,B01
201900021137,1,2,,0,2,1,1,B01
201900021137,1,7,,0,0,0,0,A01
201900021138,1,7,,0,1,1,1,I01
201900021139,1,7,,0,1,1,1,A01
201900021140,1,7,,0,1,1,1,A01
201900021141,1,7,,1,1,3,1,A01
201900021142,1,7,,0,2,7,16,A01
201900021142,1,2,,0,2,3,18,B01
201900021143,2,7,,0,2,6,1,B01
201900021143,2,7,,0,2,1,1,A01
201900021144,1,7,,0,2,3,16,A01
201900021144,1,1,,0,2,1,1,B01
201900021145,2,7,,2,6,1,1,A01
201900021146,3,7,,0,2,3,16,A01
201900021146,3,7,,0,2,1,2,B01
201900021147,3,7,,0,2,4,2,B01
201900021147,3,7,,0,2,1,2,A01
201900021148,2,7,,13,0,1,13,A01
201900021149,1,20,,0,2,4,0,B01
201900021149,0,1,,0,2,1,0,A01
201900021150,1,1,,0,2,9,0,B01
201900021150,1,7,,0,2,0,0,A01
201900021151,1,2,,0,2,7,0,B01
201900021151,1,7,,0,2,8,0,A01
201900021152,2,10,,0,2,5,12,A01
201900021152,2,43,,0,2,3,1,B01
201900021153,1,7,,0,2,1,2,A01
201900021153,1,7,,0,2,4,2,B01
201900021154,2,32,,0,2,1,14,A01
201900021154,2,10,,0,2,4,1,B01
201900021155,1,31,,0,2,4,17,B01
201900021155,1,7,,0,2,6,1,C01
201900021155,1,31,,0,2,1,17,A01
201900021156,1,7,,4,0,8,11,A01
201900021156,1,15,,4,2,2,1,B01
201900021157,2,7,,0,2,1,1,B01
201900021157,2,7,,0,2,8,1,C01
201900021157,1,7,,0,2,0,13,A01
201900021158,2,7,,0,2,4,2,B01
201900021158,2,7,,0,2,1,9,A01
201900021159,2,7,,4,0,7,0,A01
201900021160,1,10,,4,0,2,14,A01
201900021161,1,7,,0,0,0,0,A01
201900021162,2,33,,0,2,4,2,B01
201900021162,2,31,,0,2,1,2,A01
201900021163,2,7,,0,2,1,2,A01
201900021163,2,7,,0,2,4,2,B01
201900021164,1,33,,0,2,2,3,A01
201900021164,1,7,,0,2,5,12,B01
201900021165,2,7,,0,2,1,9,A01
201900021165,2,7,,0,2,1,1,B01
201900021166,2,7,,0,2,1,2,A01
201900021166,2,7,,0,2,4,2,B01
201900021166,2,7,,0,2,4,2,C01
201900021166,2,7,,0,2,4,2,D01
201900021167,1,7,,0,2,4,2,B01
201900021167,1,7,,0,2,1,1,A01
201900021168,2,10,,4,0,1,14,A01
201900021169,1,7,,0,2,1,2,A01
201900021169,1,10,,0,2,4,2,C01
201900021169,1,7,,0,2,4,2,B01
201900021169,1,7,,0,2,4,2,D01
201900021170,1,7,,4,0,1,1,A01
201900021171,1,33,,0,2,8,1,B01
201900021171,1,10,,0,2,5,12,A01
201900021172,2,7,,4,0,1,13,A01
201900021173,2,7,,0,2,7,1,C01
201900021173,2,7,,0,2,3,1,B01
201900021173,2,15,,0,2,7,12,A01
201900021174,1,14,,0,2,1,2,A01
201900021174,1,7,,0,2,4,2,B01
201900021175,2,17,,0,2,1,2,B01
201900021175,2,33,,0,2,4,12,C01
201900021175,2,17,,0,2,1,2,A01
201900021176,1,10,,0,2,0,0,Z01
201900021176,1,7,,4,2,7,1,A01
201900021177,2,7,,4,0,1,1,A01
201900021178,2,7,,4,0,1,12,A01
201900021179,2,7,,4,0,2,14,A01
201900021180,2,7,,0,2,1,1,C01
201900021180,1,7,,3,2,8,1,B01
201900021180,1,10,,4,2,1,12,A01
201900021181,1,7,,0,2,6,2,C01
201900021181,1,7,,4,2,4,2,B01
201900021181,1,7,,0,2,1,1,A01
201900021182,1,7,,0,2,4,2,B01
201900021182,1,10,,0,2,1,1,A01
201900021183,1,7,,0,2,4,1,C01
201900021183,1,7,,0,2,4,2,B01
201900021183,1,7,,0,2,1,1,A01
201900021184,1,17,,0,2,7,12,A01
201900021184,1,7,,0,2,1,1,B01
201900021185,2,10,,0,2,4,2,B01
201900021185,2,33,,0,2,1,1,A01
201900021186,1,0,,0,2,1,2,Z01
201900021186,1,7,,0,2,4,2,D01
201900021186,1,7,,0,2,4,2,C01
201900021186,1,7,,0,2,4,2,B01
201900021186,1,7,,0,2,4,2,A01
201900021187,2,31,,0,2,1,3,B01
201900021187,2,7,,0,2,7,12,A01
201900021188,2,33,,0,2,3,3,A01
201900021188,2,7,,0,2,5,12,B01
201900021189,1,33,,0,2,2,3,A01
201900021189,1,7,,0,2,3,11,B01
201900021190,1,7,,0,2,4,2,B01
201900021190,1,7,,0,2,1,2,A01
201900021191,2,7,,13,0,9,15,A01
201900021192,2,7,,0,2,8,1,B01
201900021192,2,14,,0,2,7,12,A01
201900021193,1,13,,0,2,1,2,A01
201900021193,1,7,,0,2,1,2,C01
201900021193,1,7,,0,2,4,1,B01
201900021194,1,7,,0,0,4,9,A01
201900021194,1,7,,0,2,1,2,B01
201900021195,2,7,,0,2,7,12,B01
201900021195,2,7,,0,2,8,1,C01
201900021195,2,33,,0,2,1,3,A01
201900021196,1,7,,3,0,3,9,A01
201900021197,1,15,,0,2,4,1,A01
201900021197,1,7,,0,2,1,1,C01
201900021197,1,7,,0,2,1,1,D01
201900021197,1,7,,0,2,1,1,B01
201900021198,1,33,,3,0,3,1,A01
201900021199,2,10,,0,2,4,0,B01
201900021199,2,7,,0,2,1,26,A01
201900021200,1,31,,0,2,1,1,A01
201900021200,1,7,,0,2,4,11,Z01
201900021201,2,7,,3,0,1,14,A01
201900021202,2,7,,0,2,1,2,B01
201900021202,2,7,,0,2,4,1,A01
201900021203,1,7,,0,2,4,1,A01
201900021203,1,34,,0,2,2,3,C01
201900021203,1,7,,0,2,3,1,B01
201900021204,2,7,,0,2,3,21,B01
201900021204,2,7,,0,2,2,12,A01
201900021205,2,7,,0,2,4,1,A01
201900021205,2,7,,0,2,1,2,B01
201900021206,1,7,,0,2,1,2,B01
201900021206,1,7,,0,2,4,1,A01
201900021207,2,32,,0,2,8,1,B01
201900021207,2,7,,0,2,7,14,A01
201900021208,2,7,,0,2,7,12,A01
201900021208,2,33,,0,2,8,3,B01
201900021209,2,17,,0,2,2,12,A01
201900021209,2,7,,0,2,8,1,B01
201900021210,3,7,,8,0,1,1,A01
201900021211,1,1,,1,0,2,1,B01
201900021212,1,7,,0,2,2,15,A01
201900021212,1,3,,0,2,1,1,B01
201900021213,1,7,,0,2,1,1,B01
201900021213,2,7,,0,2,1,15,A01
201900021214,1,7,,0,2,1,13,A01
201900021214,1,7,,0,2,6,1,B01
201900021214,2,7,,0,2,3,1,C01
201900021215,3,7,,8,0,1,14,A01
201900021216,2,7,,0,2,1,15,A01
201900021216,1,2,,0,2,3,16,B01
201900021217,3,7,,0,2,4,0,B01
201900021217,3,33,,0,2,1,1,A01
201900021218,0,7,,0,2,5,24,C01
201900021218,2,7,,0,2,6,20,B01
201900021218,2,33,,1,2,3,2,A01
201900021219,1,7,,4,0,1,14,A01
201900021220,1,32,,0,1,1,1,A01
201900021221,1,7,,0,2,3,19,B01
201900021221,1,30,,0,2,1,17,A01
201900021222,0,1,,0,2,4,15,B01
201900021222,1,7,,0,2,3,16,A01
201900021223,1,7,,0,2,8,1,A01
201900021223,1,1,,0,2,7,9,B01
201900021224,2,33,,0,2,1,17,B01
201900021224,1,7,,0,2,1,15,A01
201900021225,3,38,1.0,0,1,2,1,A01
201900021226,1,31,,0,2,7,2,A01
201900021226,1,30,,0,2,1,2,B01
201900021227,3,31,,0,2,7,17,A01
201900021227,3,7,,0,2,8,15,B01
201900021228,1,10,,0,1,2,1,A01
201900021229,2,7,,0,1,2,1,A01
201900021230,2,41,,0,0,0,13,A01
201900021231,0,1,,0,2,3,1,B01
201900021231,0,7,,0,2,5,17,A01
201900021232,1,7,,0,1,3,1,A01
201900021233,3,7,,7,2,3,18,A01
201900021233,3,7,,0,2,5,1,B01
201900021234,1,7,,0,2,3,15,B01
201900021234,1,7,,0,2,5,17,A01
201900021235,1,10,,0,2,3,1,A01
201900021235,2,1,,0,2,1,1,B01
201900021236,1,7,,0,1,2,16,A01
201900021237,1,7,,0,2,1,2,A01
201900021237,1,7,,0,2,4,2,B01
201900021238,2,7,,0,2,3,15,A01
201900021238,2,7,,0,2,2,13,B01
201900021239,1,33,,0,2,0,0,A01
201900021240,0,7,,0,1,0,0,Z01
201900021241,3,1,,0,1,1,1,A01
201900021242,1,7,,0,1,1,1,A01
201900021243,1,7,,0,2,1,1,A01
201900021243,1,7,,0,2,7,1,B01
201900021244,2,7,,0,2,8,16,A01
201900021244,1,13,,0,2,1,0,B01
201900021245,1,1,,0,2,1,2,A01
201900021245,1,7,,0,2,4,23,B01
201900021246,1,7,,0,2,1,0,A01
201900021246,2,1,,0,2,1,19,B01
201900021247,1,1,,0,2,0,0,A01
201900021247,1,14,,0,2,0,2,B01
201900021248,1,7,,0,1,4,20,A01
201900021249,0,30,,1,0,1,1,A01
201900021250,2,7,,0,2,3,1,A01
201900021250,1,7,,0,2,3,1,B01
201900021251,1,7,,0,0,3,0,B01
201900021251,2,7,,6,0,3,26,A01
201900021252,2,33,,0,2,7,1,B01
201900021252,2,7,,0,2,3,11,A01
201900021253,3,7,,0,1,1,1,A01
201900021254,3,7,,0,1,1,1,A01
201900021255,2,7,,0,2,5,10,B01
201900021255,1,33,,0,2,8,21,A01
201900021256,1,30,,0,2,1,1,B01
201900021256,2,7,,0,2,3,16,A01
201900021257,0,7,,0,2,0,1,Z01
201900021257,0,7,,0,2,8,1,A01
201900021258,1,1,,6,0,0,26,A01
201900021259,1,7,,0,2,1,2,A01
201900021259,1,7,,0,2,4,2,B01
201900021260,1,7,,0,2,3,1,B01
201900021260,1,7,,0,2,8,0,A01
201900021261,3,99,,0,0,1,26,A01
201900021262,1,7,,0,2,8,15,A01
201900021262,1,2,,0,2,8,17,B01
201900021263,1,7,,0,2,1,1,A01
201900021263,1,7,,0,2,4,23,B01
201900021264,1,2,,0,2,0,0,B01
201900021264,1,7,,0,2,0,2,A01
201900021265,2,10,,13,0,3,13,A01
201900021266,2,1,,0,2,1,1,B01
201900021266,1,7,,0,2,2,15,A01
201900021267,2,31,,0,2,7,1,A01
201900021267,1,7,,0,2,1,1,B01
201900021268,1,15,,0,2,8,15,B01
201900021268,1,34,,0,2,1,17,A01
201900021269,1,7,,6,1,1,17,A01
201900021270,1,34,,0,1,1,17,A01
201900021271,1,3,,0,1,1,1,A01
201900021272,3,7,,9,0,1,26,A01
201900021273,2,7,,9,0,1,21,A01
201900021274,2,7,,3,0,2,14,B01
201900021275,3,7,,0,1,2,1,A01
201900021276,2,7,,0,2,8,1,C01
201900021276,2,7,,0,2,5,1,B01
201900021276,2,43,,0,2,3,3,A01
201900021277,2,10,,0,2,6,11,A01
201900021277,2,33,,0,2,1,11,B01
201900021278,2,7,,0,2,6,11,B01
201900021278,2,31,,0,2,2,3,A01
201900021279,2,14,,0,2,2,12,A01
201900021279,2,7,,0,2,6,1,B01
201900021279,2,32,,0,2,0,1,C01
201900021279,2,7,,0,2,0,1,D01
201900021280,2,7,,0,1,3,9,A01
201900021280,2,32,,0,2,7,1,B01
201900021281,2,1,,0,2,0,7,B01
201900021281,2,10,,0,2,2,16,A01
201900021282,1,14,,0,0,5,23,A01
201900021282,1,1,,0,0,1,1,B01
201900021283,1,7,,0,1,3,1,A01
201900021284,2,30,,0,1,7,25,Z01
201900021285,3,7,,0,2,1,1,A01
201900021285,1,50,,0,2,1,19,B01
201900021286,1,34,,0,1,1,17,A01
201900021287,1,7,,0,2,4,23,B01
201900021287,1,7,,0,2,1,2,A01
201900021288,2,7,,0,1,2,1,A01
201900021289,2,32,,0,1,1,20,A01
201900021290,1,7,,0,2,0,22,A01
201900021290,1,2,,0,2,0,18,B01
201900021291,1,7,,0,1,3,1,A01
201900021292,3,33,,0,2,8,14,Z01
201900021292,3,14,,0,2,7,14,X01
201900021292,3,30,,0,2,8,1,A01
201900021293,1,10,,0,2,2,15,A01
201900021293,2,50,,0,2,8,1,B01
201900021294,2,2,,0,2,3,7,B01
201900021294,1,7,,0,2,5,15,A01
201900021295,1,33,,0,2,8,1,A01
201900021295,2,1,,0,2,1,16,Z01
201900021296,2,50,,0,1,3,25,A01
201900021297,1,30,,0,2,1,7,A01
201900021297,1,7,,0,2,6,11,Z01
201900021298,2,7,,0,2,3,11,A01
201900021298,2,32,,0,2,2,1,B01
201900021299,1,30,,14,0,1,17,A01
201900021300,1,10,,1,1,3,2,A01
201900021301,1,3,,0,0,2,1,A01
201900021302,2,7,,0,2,1,26,A01
201900021302,2,33,,0,2,7,1,B01
201900021303,2,33,,0,2,1,26,B01
201900021303,1,42,,0,2,1,17,A01
201900021304,2,7,,0,2,3,1,B01
201900021304,1,10,,0,2,1,10,A01
201900021305,2,7,,0,1,1,1,A01
201900021306,1,99,,0,2,4,2,B01
201900021306,1,7,,0,2,2,14,A01
201900021307,2,31,,0,2,1,1,B01
201900021307,1,10,,0,2,7,15,A01
201900021308,3,7,,0,2,8,1,A01
201900021308,3,32,,0,2,1,0,B01
201900021309,1,43,,0,2,1,1,B01
201900021309,1,7,,0,2,0,20,A01
201900021310,3,7,,0,9,8,17,A01
201900021311,1,7,,0,2,2,1,A01
201900021311,1,7,,0,2,1,0,B01
201900021312,1,7,,0,2,4,23,A01
201900021312,1,10,,0,2,1,2,B01
201900021313,1,7,,0,1,2,9,A01
201900021314,1,7,,0,2,7,14,A01
201900021314,1,31,,0,2,8,1,B01
201900021315,3,7,,0,2,7,15,A01
201900021315,3,34,,0,2,1,1,B01
201900021316,1,2,,0,2,1,19,B01
201900021316,1,7,,0,2,2,15,A01
201900021317,1,60,,0,1,1,25,A01
201900021318,1,33,,0,2,1,7,A01
201900021318,1,7,,0,2,5,16,B01
201900021319,3,7,,0,1,7,1,A01
201900021320,2,7,,17,0,3,13,A01
201900021321,3,7,,0,9,1,1,A01
201900021321,3,1,,0,2,1,1,B01
201900021322,1,7,,0,0,8,15,A01
201900021322,2,7,,0,2,1,17,B01
201900021323,1,7,,0,2,1,9,A01
201900021323,1,7,,7,2,3,1,B01
201900021324,1,99,,13,0,2,0,A01
201900021325,0,7,,0,2,1,2,A01
201900021325,3,1,,0,0,4,1,B01
201900021326,1,33,,6,0,2,1,A01
201900021327,1,30,,1,0,1,23,B01
201900021327,2,7,,1,0,3,15,A01
201900021328,3,7,,0,1,1,9,A01
201900021329,3,7,,0,2,1,1,B01
201900021329,3,7,,0,2,6,5,A01
201900021330,1,7,,0,2,3,15,A01
201900021330,2,2,,0,2,1,2,B01
201900021331,2,10,,3,0,9,14,A01
201900021332,0,7,,0,0,9,0,A01
201900021333,1,7,,0,2,1,15,A01
201900021333,1,7,,0,2,3,1,B01
201900021334,1,1,,0,2,8,15,A01
201900021334,1,7,,0,2,1,1,B01
201900021335,1,7,,0,2,1,26,B01
201900021335,2,7,,0,2,4,15,A01
201900021336,2,7,,16,0,1,15,A01
201900021336,1,7,,0,2,7,2,B01
201900021337,1,33,,0,2,0,1,B01
201900021337,2,3,,0,2,3,15,A01