Num_Acc,senc,catv,occutc,obs,obsm,choc,manv,num_veh
201900021338,1,7,,0,2,3,21,A01
201900021338,1,7,,2,0,5,1,B01
201900021339,1,7,,0,1,1,19,A01
201900021340,2,30,,0,1,1,1,A01
201900021341,1,7,,1,0,3,1,A01
201900021342,2,7,,0,2,3,1,D01
201900021342,2,7,,0,2,7,17,C01
201900021343,2,7,,0,2,4,23,A01
201900021343,2,2,,0,2,1,2,B01
201900021344,1,7,,0,2,3,15,A01
201900021344,2,1,,0,2,6,26,B01
201900021345,1,1,,0,2,0,0,B01
201900021345,1,10,,0,6,1,1,A01
201900021346,1,7,,0,2,2,2,A01
201900021346,1,7,,0,2,9,2,B01
201900021346,1,7,,0,2,9,2,C01
201900021346,1,7,,0,2,4,2,D01
201900021347,1,33,,0,2,2,17,A01
201900021347,1,7,,0,2,8,15,B01
201900021348,1,7,,0,2,3,26,A01
201900021348,2,31,,0,2,1,1,B01
201900021349,2,7,,0,2,1,9,A01
201900021349,1,1,,0,2,7,1,B01
201900021350,1,7,,0,1,2,26,A01
201900021351,1,30,,0,0,0,14,A01
201900021352,3,2,,0,2,1,26,B01
201900021352,3,7,,0,2,3,26,A01
201900021353,3,1,,0,0,4,25,A01
201900021354,1,7,,1,0,3,14,A01
201900021355,1,7,,4,2,3,1,A01
201900021355,2,7,,0,2,8,1,B01
201900021356,0,7,,0,2,1,1,A01
201900021356,0,7,,0,2,7,1,B01
201900021357,1,1,,0,0,0,26,A01
201900021358,1,30,,0,2,0,2,B01
201900021358,0,7,,0,2,2,15,A01
201900021359,1,7,,0,2,5,1,C01
201900021359,1,7,,0,2,5,1,B01
201900021359,1,32,,0,2,1,1,A01
201900021360,0,7,,0,2,2,1,A01
201900021360,0,50,,0,0,0,0,B01
201900021361,3,7,,1,0,1,0,A01
201900021362,3,7,,0,2,3,1,B01
201900021362,3,7,,0,2,2,1,A01
201900021363,1,30,,0,2,8,1,B01
201900021363,2,7,,0,2,3,15,A01
201900021364,2,33,,0,2,3,17,B01
201900021364,1,37,1.0,0,2,3,15,A01
201900021365,1,7,,6,1,1,2,A01
201900021365,0,7,,0,0,0,26,Z01
201900021366,2,7,,0,2,1,2,A01
201900021366,2,7,,0,2,5,2,B01
201900021366,2,7,,0,2,4,2,C01
201900021367,1,7,,0,2,1,2,A01
201900021367,1,7,,0,2,4,2,B01
201900021368,1,7,,0,2,1,12,A01
201900021368,1,7,,0,2,4,23,B01
201900021369,1,1,,0,2,2,17,B01
201900021369,1,7,,0,2,3,22,A01
201900021370,1,7,,0,2,3,1,B01
201900021370,2,1,,0,2,1,1,A01
201900021371,2,31,,0,2,3,1,A01
201900021371,1,7,,0,2,3,13,Z01
201900021372,1,60,,0,2,7,2,B01
201900021372,1,7,,0,2,8,2,A01
201900021373,0,7,,0,2,2,15,A01
201900021373,0,33,,0,2,1,1,B01
201900021374,3,1,,0,2,8,9,A01
201900021374,3,7,,0,2,2,1,B01
201900021375,2,30,,0,2,7,1,B01
201900021375,1,7,,0,2,1,1,A01
201900021376,3,10,,0,1,3,1,A01
201900021377,3,7,,0,2,7,16,A01
201900021377,3,30,,0,2,8,18,B01
201900021378,3,7,,0,2,3,0,B01
201900021378,3,33,,0,2,2,17,A01
201900021379,0,7,,0,2,4,23,B01
201900021379,0,7,,14,0,1,2,A01
201900021380,1,3,,0,2,3,2,B01
201900021380,2,3,,0,2,3,13,A01
201900021381,1,7,,8,0,1,0,A01
201900021382,1,33,,4,0,3,1,A01
201900021383,1,7,,0,0,4,1,B01
201900021383,1,10,,0,2,1,2,A01
201900021384,2,1,,0,2,1,19,B01
201900021384,2,7,,0,9,3,1,A01
201900021385,2,7,,0,2,3,19,A01
201900021385,2,7,,0,2,7,1,B01
201900021386,1,7,,0,0,4,2,A01
201900021386,1,7,,0,2,1,2,B01
201900021387,2,2,,0,2,1,2,B01
201900021387,2,7,,0,0,4,15,A01
201900021388,2,7,,4,0,1,1,A01
201900021389,3,14,,0,2,3,1,B01
201900021389,3,7,,0,2,1,1,A01
201900021390,1,10,,3,2,1,1,B01
201900021390,2,10,,3,2,2,5,A01
201900021391,1,7,,2,0,8,1,A01
201900021392,0,21,,0,1,0,0,A01
201900021393,1,7,,9,0,2,0,A01
201900021394,1,7,,0,0,9,1,A01
201900021395,2,7,,0,0,0,13,A01
201900021396,2,7,,13,0,8,19,A01
201900021397,2,33,,0,2,1,0,A01
201900021397,2,7,,0,0,6,15,B01
201900021398,1,7,,2,0,3,1,A01
201900021399,3,1,,0,0,1,1,A01
201900021400,2,7,,0,2,2,15,A01
201900021400,1,7,,0,2,3,1,B01
201900021401,2,7,,0,2,2,13,A01
201900021401,1,7,,0,2,2,21,B01
201900021402,1,7,,0,2,2,1,B01
201900021402,1,2,,0,2,3,19,A01
201900021403,2,1,,0,2,8,2,B01
201900021403,2,7,,0,2,7,17,A01
201900021404,0,7,,0,0,1,9,A01
201900021404,0,30,,0,0,0,2,B01
201900021405,3,36,,0,0,2,1,A01
201900021406,2,33,,0,0,8,1,A01
201900021407,2,32,,0,0,0,1,A01
201900021408,1,7,,0,2,8,17,B01
201900021408,1,33,,0,2,1,17,A01
201900021409,1,7,,0,2,1,1,B01
201900021409,2,7,,0,2,1,5,A01
201900021410,1,13,,0,9,4,0,B01
201900021410,1,33,,0,2,1,0,A01
201900021411,1,7,,0,2,1,15,B01
201900021411,2,7,,0,2,2,1,A01
201900021412,1,1,,0,2,3,1,A01
201900021412,1,7,,0,2,3,9,B01
201900021413,2,7,,12,0,2,1,A01
201900021414,1,7,,13,0,6,2,B01
201900021414,1,7,,0,2,1,2,A01
201900021415,3,7,,9,0,3,1,A01
201900021416,3,10,,0,2,0,2,A01
201900021416,3,1,,0,2,0,2,B01
201900021417,0,33,,13,0,1,1,A01
201900021418,3,7,,1,1,1,1,A01
201900021419,1,7,,0,2,1,1,B01
201900021419,2,7,,0,2,1,1,A01
201900021420,3,31,,0,0,0,1,A01
201900021420,3,33,,8,0,1,13,B01
201900021421,1,7,,6,0,1,13,A01
201900021422,1,37,1.0,0,2,1,1,C01
201900021422,2,7,,0,2,1,17,B01
201900021422,2,7,,0,2,8,14,A01
201900021423,1,2,,0,0,8,1,A01
201900021424,2,99,,3,0,2,1,A01
201900021425,2,7,,0,2,3,1,B01
201900021425,1,7,,0,2,3,1,A01
201900021426,1,7,,0,9,1,2,A01
201900021426,1,15,,0,2,4,2,B01
201900021427,1,7,,0,0,3,0,A01
201900021428,1,7,,0,2,1,2,A01
201900021428,1,7,,4,2,4,2,B01
201900021428,1,7,,0,2,1,2,C01
201900021428,1,7,,0,2,3,2,D01
201900021429,2,7,,1,1,1,26,A01
201900021430,1,7,,3,0,4,2,B01
201900021430,1,10,,0,2,1,2,A01
201900021431,3,7,,0,2,1,2,A01
201900021431,3,7,,0,2,1,1,B01
201900021432,1,17,,0,2,2,12,B01
201900021432,1,7,,3,2,6,1,A01
201900021433,1,7,,0,0,4,23,B01
201900021433,1,7,,0,2,1,1,A01
201900021434,1,7,,3,2,1,2,A01
201900021434,1,7,,13,2,4,2,B01
201900021435,1,33,,0,2,1,1,A01
201900021435,1,17,,0,2,6,1,B01
201900021436,1,7,,0,2,1,1,B01
201900021436,1,33,,0,2,4,26,A01
201900021437,2,33,,3,0,7,1,A01
201900021438,1,2,,0,2,1,2,B01
201900021438,1,7,,0,2,3,0,A01
201900021439,0,7,,0,9,8,19,B01
201900021439,2,33,,0,2,1,1,A01
201900021440,0,2,,0,2,1,2,B01
201900021440,0,7,,0,2,4,2,A01
201900021441,0,2,,0,2,1,1,B01
201900021441,0,7,,0,2,1,17,A01
201900021442,2,33,,15,0,1,21,A01
201900021443,1,33,,0,2,7,1,B01
201900021443,1,7,,0,2,1,1,A01
201900021444,1,37,1.0,0,2,3,1,B01
201900021444,1,7,,0,2,3,5,A01
201900021445,3,21,,8,0,3,16,A01
201900021446,2,7,,3,0,3,13,A01
201900021447,0,1,,0,2,7,19,B01
201900021447,2,7,,9,9,1,1,A01
201900021448,1,1,,0,2,8,1,B01
201900021448,2,7,,0,2,2,15,A01
201900021448,3,7,,0,2,6,23,C01
201900021449,2,7,,0,2,3,1,B01
201900021449,1,7,,0,2,2,1,A01
201900021450,1,7,,1,0,9,26,C01
201900021450,2,7,,0,0,6,24,B01
201900021451,1,7,,3,0,8,1,A01
201900021452,2,33,,6,0,2,1,A01
201900021453,0,33,,0,0,4,1,B01
201900021453,0,33,,0,2,4,1,A01
201900021454,2,32,,0,2,2,1,B01
201900021454,3,7,,0,2,1,15,A01
201900021455,1,7,,0,2,1,15,A01
201900021455,2,33,,0,2,1,1,B01
201900021456,3,33,,0,2,1,5,A01
201900021457,1,7,,1,2,3,1,B01
201900021457,1,10,,0,2,2,9,A01
201900021458,2,7,,0,2,5,1,A01
201900021458,2,7,,0,2,6,1,B01
201900021458,2,7,,0,2,6,1,C01
201900021458,2,7,,0,2,9,12,D01
201900021459,2,7,,0,2,4,2,A01
201900021459,2,7,,0,2,1,2,B01
201900021460,1,7,,0,2,4,2,A01
201900021460,1,7,,0,2,1,2,B01
201900021461,2,7,,0,2,6,2,B01
201900021461,2,33,,0,2,7,3,A01
201900021462,2,7,,4,0,1,2,A01
201900021463,1,7,,4,0,1,17,A01
201900021464,2,7,,1,0,6,24,B01
201900021464,2,7,,1,0,2,18,A01
201900021465,1,7,,0,2,7,1,B01
201900021465,1,33,,0,2,8,13,A01
201900021466,1,7,,0,1,1,1,A01
201900021467,2,7,,0,1,8,1,A01
201900021468,2,7,,0,2,1,1,Z01
201900021468,0,50,,0,2,7,1,B01
201900021469,2,30,,0,1,8,1,A01
201900021470,2,34,,0,1,7,2,A01
201900021471,1,7,,0,2,6,2,B01
201900021471,1,34,,0,2,2,2,A01
201900021472,2,7,,4,2,2,13,A01
201900021472,2,7,,0,2,2,1,B01
201900021473,3,37,1.0,0,0,0,21,A01
201900021474,1,7,,0,1,7,1,A01
201900021475,1,1,,0,2,7,19,B01
201900021475,2,7,,0,2,3,19,A01
201900021476,2,50,,0,1,3,1,A01
201900021477,1,7,,0,2,8,13,A01
201900021477,2,7,,0,2,8,1,B01
201900021478,1,7,,0,2,1,14,A01
201900021478,1,7,,0,2,1,2,H01
201900021479,1,7,,0,1,2,26,A01
201900021480,0,30,,0,0,0,1,A01
201900021481,1,14,,0,1,4,4,A01
201900021482,1,7,,0,2,1,11,A01
201900021482,1,7,,0,2,8,10,B01
201900021483,2,7,,1,0,1,1,A01
201900021484,3,7,,0,1,1,1,A01
201900021485,1,2,,0,2,0,0,B01
201900021485,2,7,,0,2,2,15,A01
201900021486,3,10,,0,2,1,1,B01
201900021486,3,33,,0,2,2,12,A01
201900021487,1,2,,0,1,1,1,B01
201900021488,0,7,,0,1,1,1,A01
201900021489,3,34,,0,1,1,21,A01
201900021490,2,7,,0,2,3,15,B01
201900021490,2,33,,0,2,1,17,A01
201900021491,2,33,,0,2,1,2,B01
201900021491,1,7,,0,2,0,10,A01
201900021492,3,7,,15,0,9,1,A01
201900021493,2,7,,0,2,3,15,A01
201900021493,1,2,,0,2,3,1,B01
201900021494,2,7,,0,1,3,16,A01
201900021495,2,7,,0,2,4,15,A01
201900021495,2,31,,0,2,1,5,B01
201900021496,2,7,,0,2,8,1,B01
201900021496,1,7,,0,2,1,1,A01
201900021497,0,7,,0,2,3,5,B01
201900021497,2,7,,0,2,1,1,A01
201900021498,1,7,,0,2,2,15,A01
201900021498,2,1,,0,2,3,8,B01
201900021499,3,7,,0,2,1,13,A01
201900021499,3,7,,0,2,3,1,B01
201900021499,3,7,,0,2,3,1,C01
201900021500,-1,30,,-1,-1,-1,-1,A01
201900021501,3,7,,0,0,6,2,B01
201900021501,3,7,,0,2,2,2,A01
201900021502,1,7,,0,2,4,2,B01
201900021502,1,7,,0,2,1,2,A01
201900021503,3,34,,0,0,8,21,A01
201900021504,3,30,,0,0,1,15,A01
201900021505,0,7,,0,0,4,2,C01
201900021505,0,7,,0,2,4,2,B01
201900021505,0,7,,0,2,1,2,A01
201900021506,1,7,,0,2,8,3,A01
201900021506,2,10,,0,2,8,1,B01
201900021507,2,2,,0,2,1,2,A01
201900021507,2,21,,0,2,4,4,B01
201900021508,1,7,,0,2,2,17,A01
201900021508,1,1,,0,2,3,15,B01
201900021509,1,7,,0,2,1,1,B01
201900021509,2,7,,0,2,1,13,A01
201900021510,2,7,,0,0,9,17,A01
201900021511,1,7,,2,0,1,13,A01
201900021512,1,7,,2,0,1,14,A01
201900021513,1,7,,2,0,3,1,A01
201900021514,1,7,,0,2,3,9,A01
201900021514,1,2,,0,2,1,1,B01
201900021515,1,2,,0,0,0,1,A01
201900021516,2,7,,0,2,3,1,B01
201900021516,1,33,,0,2,3,17,A01
201900021517,0,7,,0,2,5,2,A01
201900021517,0,33,,0,2,1,1,B01
201900021518,1,10,,0,2,1,15,B01
201900021518,2,2,,0,2,1,1,A01
201900021519,2,7,,0,0,0,17,A01
201900021519,2,7,,2,0,8,21,B01
201900021520,1,7,,16,0,9,1,A01
201900021521,1,7,,6,0,1,14,A01
201900021522,0,7,,0,2,6,1,B01
201900021522,3,2,,0,2,1,15,A01
201900021523,2,7,,0,2,3,15,A01
201900021523,2,2,,0,2,1,1,B01
201900021524,1,7,,0,2,3,13,A01
201900021524,2,7,,0,2,3,1,B01
201900021525,3,2,,0,0,0,1,A01
201900021525,3,21,,0,0,0,1,B01
201900021526,3,21,,0,0,0,23,A01
201900021527,1,7,,0,2,1,1,B01
201900021527,2,7,,15,2,2,15,A01
201900021528,0,7,,0,9,2,17,A01
201900021528,0,1,,0,2,8,2,B01
201900021529,1,7,,13,0,0,0,A01
201900021530,1,7,,0,2,1,1,B01
201900021530,2,7,,0,2,1,13,A01
201900021531,3,7,,0,2,1,1,A01
201900021531,3,7,,0,2,5,1,B01
201900021532,3,10,,0,2,1,1,B01
201900021532,3,7,,0,2,3,1,A01
201900021533,1,10,,0,0,1,23,B01
201900021533,2,7,,1,0,1,1,A01
201900021534,1,1,,0,9,1,1,B01
201900021534,0,1,,0,2,8,19,A01
201900021535,1,7,,0,2,2,15,A01
201900021535,2,7,,0,2,1,1,B01
201900021536,1,33,,0,0,8,1,B01
201900021536,2,7,,0,2,1,15,A01
201900021537,2,31,,7,0,0,1,A01
201900021538,3,10,,0,2,2,17,B01
201900021538,3,1,,0,2,8,15,A01
201900021539,0,7,,13,0,1,1,A01
201900021540,1,2,,7,0,3,0,A01
201900021541,3,7,,0,2,8,15,B01
201900021541,3,34,,0,2,2,17,A01
201900021542,1,7,,0,2,3,1,B01
201900021542,1,1,,0,2,8,19,A01
201900021543,2,7,,0,2,8,1,B01
201900021543,1,7,,0,2,1,13,A01
201900021544,0,7,,0,2,1,0,A01
201900021544,1,20,,0,2,8,1,B01
201900021545,3,7,,0,1,4,4,A01
201900021546,3,7,,3,0,2,0,A01
201900021547,1,7,,1,2,3,1,A01
201900021547,2,7,,6,2,2,17,C01
201900021548,1,7,,16,0,1,1,A01
201900021549,2,7,,0,2,1,17,A01
201900021549,1,31,,0,2,1,1,B01
201900021550,2,7,,0,2,8,19,A01
201900021550,2,7,,0,2,1,1,B01
201900021551,2,7,,0,2,1,1,B01
201900021551,1,7,,0,2,1,13,A01
201900021552,1,7,,0,2,1,13,A01
201900021552,2,7,,0,2,1,1,B01
201900021553,2,7,,0,2,1,15,A01
201900021553,1,7,,0,2,1,1,B01
201900021554,1,13,,2,0,2,1,A01
201900021555,1,7,,0,2,3,1,A01
201900021555,2,7,,0,2,3,1,B01
201900021556,3,30,,0,2,1,1,B01
201900021556,3,31,,0,2,1,1,A01
201900021557,1,1,,0,2,0,1,B01
201900021557,1,7,,0,2,2,2,A01
201900021558,1,7,,0,1,1,1,A01
201900021559,0,10,,0,2,1,1,B01
201900021559,0,7,,0,2,3,9,A01
201900021560,2,7,,0,2,7,1,C01
201900021560,2,7,,0,2,1,1,B01
201900021560,1,33,,0,2,1,13,A01
201900021561,2,33,,0,2,1,1,A01
201900021561,2,7,,0,2,4,1,B01
201900021562,1,7,,0,2,2,1,B01
201900021562,2,33,,0,2,7,13,A01
201900021563,1,7,,5,0,2,1,A01
201900021564,1,2,,0,0,7,0,A01
201900021565,1,7,,8,0,0,1,A01
201900021566,2,33,,3,0,0,15,A01
201900021567,1,7,,0,0,0,1,A01
201900021568,1,7,,17,0,2,1,A01
201900021569,1,32,,0,2,1,1,A01
201900021569,1,10,,0,0,2,20,B01
201900021570,2,7,,8,0,8,1,A01
201900021571,0,7,,0,2,8,15,A01
201900021571,0,1,,0,2,1,1,B01
201900021572,1,38,19.0,13,0,3,1,A01
201900021573,1,33,,0,0,7,1,A01
201900021574,1,7,,13,0,1,1,A01
201900021575,2,7,,0,0,0,17,A01
201900021576,1,33,,13,0,1,14,A01
201900021577,1,7,,0,2,1,2,A01
201900021577,1,7,,0,0,4,2,B01
201900021578,3,33,,8,0,1,1,A01
201900021579,2,7,,0,0,5,1,A01
201900021579,2,7,,4,2,1,1,B01
201900021580,2,7,,3,0,4,1,B01
201900021580,2,7,,0,2,1,13,A01
201900021581,1,7,,14,2,1,2,A01
201900021581,1,7,,14,9,4,2,B01
201900021581,1,7,,0,2,8,2,C01
201900021581,1,7,,0,2,6,2,D01
201900021582,0,80,,0,2,1,0,B01
201900021582,0,7,,0,2,3,0,A01
201900021583,2,7,,0,2,2,1,B01
201900021583,0,14,,0,2,3,1,A01
201900021584,1,7,,0,2,1,2,B01
201900021584,1,7,,0,2,4,2,A01
201900021585,2,7,,0,2,1,1,B01
201900021585,2,7,,6,2,1,1,A01
201900021586,2,33,,0,0,8,1,A01
201900021587,1,99,,4,0,0,0,A01
201900021588,2,7,,0,2,1,15,A01
201900021588,1,33,,0,2,1,1,B01
201900021589,1,2,,0,0,7,1,A01
201900021590,3,7,,0,0,5,23,B01
201900021590,3,7,,0,2,5,1,A01
201900021591,2,7,,0,0,8,0,A01
201900021592,1,33,,0,2,8,18,B01
201900021592,2,7,,0,2,1,15,A01
201900021593,1,2,,0,2,0,18,A01
201900021593,1,7,,0,2,7,16,B01
201900021594,2,15,,0,2,1,1,B01
201900021594,1,7,,0,2,1,13,A01
201900021595,3,7,,13,0,3,1,A01
201900021596,1,7,,0,2,6,1,D01
201900021596,1,99,,0,2,3,1,C01
201900021596,1,7,,0,2,1,1,B01
201900021596,2,7,,0,2,3,13,A01
201900021597,1,33,,0,2,2,17,B01
201900021597,1,7,,0,2,8,10,A01
201900021598,0,7,,0,2,1,1,B01
201900021598,0,7,,0,2,1,11,A01
201900021599,1,16,,2,0,2,14,A01
201900021600,2,7,,0,2,3,1,B01
201900021600,1,7,,0,0,3,13,A01
201900021601,2,7,,0,9,3,1,A01
201900021601,3,1,,0,2,1,26,B01
201900021602,0,7,,0,2,3,19,A01
201900021602,0,32,,0,2,1,1,B01
201900021603,1,2,,2,0,1,13,A01
201900021604,1,7,,0,0,0,1,A01
201900021605,1,15,,0,2,3,1,B01
201900021605,2,7,,0,2,3,13,A01
201900021606,1,7,,0,2,1,5,A01
201900021606,2,7,,0,0,3,0,B01
201900021607,0,7,,1,0,1,1,A01
201900021607,0,7,,0,2,1,1,B01
201900021608,2,7,,0,9,1,1,B01
201900021608,1,1,,0,2,1,13,A01
201900021609,2,7,,0,0,6,1,B01
201900021609,2,7,,0,2,2,2,A01
201900021610,0,31,,0,0,8,15,A01
201900021611,1,7,,0,0,6,1,B01
201900021611,1,33,,0,2,1,19,A01
201900021612,3,7,,0,2,2,1,A01
201900021612,0,1,,0,9,2,26,B01
201900021613,1,7,,8,0,1,13,A01
201900021614,1,33,,0,2,3,1,A01
201900021614,2,3,,0,2,6,15,B01
201900021615,3,1,,0,0,0,1,A01
201900021616,0,7,,0,2,3,0,A01
201900021616,2,33,,0,2,1,1,B01
201900021617,2,2,,0,0,8,15,A01
201900021618,3,7,,13,0,2,2,A01
201900021619,2,33,,13,0,3,1,A01
201900021620,2,7,,0,2,1,5,A01
201900021620,1,7,,0,2,1,1,B01
201900021621,2,1,,0,0,0,1,A01
201900021622,0,1,,0,2,4,0,B01
201900021622,0,3,,0,9,3,9,A01
201900021623,2,7,,0,1,1,1,A01
201900021624,1,7,,0,0,6,10,A01
201900021624,1,33,,0,0,2,2,B01
201900021625,1,7,,0,0,0,0,A01
201900021626,2,7,,2,0,1,0,A01
201900021627,1,10,,0,2,3,15,B01
201900021627,1,10,,6,2,2,17,A01
201900021628,1,15,,0,2,1,1,B01
201900021628,3,7,,0,2,7,19,A01
201900021629,1,34,,9,0,0,0,A01
201900021630,1,33,,0,2,1,1,B01
201900021630,2,7,,0,2,3,9,A01
201900021631,1,7,,0,2,2,16,A01
201900021631,1,33,,0,2,1,1,B01
201900021632,2,7,,0,2,3,1,B01
201900021632,2,7,,0,2,1,1,A01
201900021633,0,1,,0,2,5,26,A01
201900021633,0,7,,0,2,1,19,B01
201900021634,2,2,,17,0,8,1,A01
201900021635,2,33,,0,0,2,1,A01
201900021636,3,7,,0,2,1,1,A01
201900021636,3,21,,0,2,1,1,B01
201900021637,2,33,,9,0,0,1,A01
201900021638,2,1,,0,0,4,2,B01
201900021638,2,7,,0,9,2,2,A01
201900021639,1,7,,0,1,3,15,A01
201900021640,3,1,,0,2,8,0,B01
201900021640,3,7,,0,9,2,1,A01
201900021641,2,2,,0,2,1,1,B01
201900021641,1,7,,0,2,2,15,A01
201900021642,2,7,,0,2,1,0,B01
201900021642,1,7,,0,2,1,13,A01
201900021643,1,7,,0,2,8,1,A01
201900021643,1,20,,0,2,7,9,B01
201900021644,1,7,,0,2,3,10,B01
201900021644,1,7,,0,2,1,9,A01
201900021645,1,30,,0,2,8,13,A01
201900021645,1,17,,0,2,2,1,B01
201900021646,1,7,,0,0,4,1,A01
201900021646,1,7,,0,2,1,2,C01
201900021646,1,7,,0,2,1,2,Z01
201900021647,2,7,,0,2,1,2,C01
201900021647,2,10,,0,2,4,2,B01
201900021647,2,7,,0,2,4,2,A01
201900021648,2,7,,3,0,1,26,A01
201900021649,1,10,,0,2,1,2,A01
201900021649,1,7,,0,2,4,2,B01
201900021650,1,7,,0,2,6,0,B01
201900021650,1,15,,0,2,2,2,A01
201900021651,1,7,,4,0,2,26,A01
201900021652,2,14,,0,2,2,12,A01
201900021652,2,7,,0,2,6,1,B01
201900021653,1,7,,4,0,3,26,A01
201900021654,1,7,,0,2,8,26,A01
201900021654,1,10,,0,2,1,1,B01
201900021655,2,7,,0,2,4,1,A01
201900021655,2,7,,0,2,4,2,B01
201900021655,2,10,,0,2,1,2,C01
201900021656,1,7,,0,2,4,1,C01
201900021656,1,7,,0,2,4,1,B01
201900021656,1,7,,0,2,1,1,A01
201900021657,2,7,,0,0,1,2,A01
201900021658,1,7,,0,2,4,2,C01
201900021658,1,7,,0,2,1,2,B01
201900021658,1,7,,0,2,4,2,A01
201900021659,1,7,,0,2,5,1,C01
201900021659,1,34,,0,2,8,3,B01
201900021659,1,7,,0,2,7,12,A01
201900021660,1,33,,0,2,4,3,A01
201900021660,1,7,,0,2,2,1,B01
201900021661,2,7,,0,2,1,1,B01
201900021661,2,7,,7,2,1,9,A01
201900021662,2,7,,0,2,7,12,A01
201900021662,2,7,,0,2,8,1,B01
201900021663,2,7,,4,2,3,18,B01
201900021663,2,7,,0,2,2,1,A01
201900021664,1,10,,0,2,7,1,B01
201900021664,1,33,,3,2,8,3,A01
201900021665,1,7,,0,2,1,2,B01
201900021665,1,7,,0,2,4,2,A01
201900021666,1,15,,0,2,1,2,A01
201900021666,1,7,,0,2,4,2,B01
201900021666,1,17,,0,2,3,1,C01
201900021667,1,7,,0,2,8,13,A01
201900021667,1,7,,0,2,2,1,B01
201900021668,2,7,,0,2,6,1,A01
201900021668,2,7,,0,2,2,17,B01
201900021668,2,34,,0,2,1,1,C01
201900021669,2,7,,0,2,1,26,A01
201900021669,2,7,,0,2,4,0,B01
201900021670,3,7,,4,0,1,0,A01
201900021671,3,7,,0,2,2,0,A01
201900021671,3,1,,0,2,1,0,B01
201900021672,3,1,,0,2,3,0,A01
201900021672,3,21,,0,2,1,0,B01
201900021673,1,7,,14,1,0,15,A01
201900021674,1,7,,4,2,1,26,A01
201900021674,1,7,,4,2,4,1,B01
201900021675,1,7,,0,1,1,1,A01
201900021676,1,33,,0,0,1,1,A01
201900021677,2,1,,0,2,8,1,B01
201900021677,1,7,,0,2,1,15,A01
201900021678,0,31,,0,0,0,1,A01
201900021679,1,7,,0,2,4,16,A01
201900021679,1,7,,0,2,1,0,Z01
201900021680,1,20,,0,1,1,19,A01
201900021681,2,1,,0,2,7,1,B01
201900021681,2,7,,0,2,6,10,A01
201900021682,2,10,,0,2,0,1,E01
201900021682,2,7,,0,2,4,1,D01
201900021682,2,7,,0,2,6,1,C01
201900021682,2,7,,0,2,4,1,B01
201900021682,2,17,,0,2,1,0,A01
201900021683,1,7,,0,1,8,19,A01
201900021684,0,10,,0,2,3,9,A01
201900021684,0,30,,0,2,8,17,B01
201900021685,2,7,,0,2,1,1,A01
201900021685,2,10,,0,2,4,1,B01
201900021685,2,7,,0,2,0,0,C01
201900021686,2,7,,0,2,1,9,A01
201900021686,2,32,,0,2,2,17,B01
201900021687,3,7,,0,2,1,1,A01
201900021687,3,7,,0,2,8,15,B01
201900021688,3,7,,0,1,4,4,A01
201900021689,1,33,,0,2,1,1,B01
201900021689,1,7,,0,2,2,17,A01
201900021690,1,33,,1,0,1,26,A01
201900021691,3,33,,11,0,1,1,A01
201900021692,1,33,,1,0,8,15,A01
201900021693,1,7,,15,0,1,13,A01
201900021694,1,7,,0,2,1,2,A01
201900021694,1,7,,0,2,4,2,B01
201900021695,2,2,,0,2,1,2,A01
201900021695,2,7,,0,2,8,20,C01
201900021695,2,7,,0,2,6,2,B01
201900021696,1,7,,0,2,6,2,B01
201900021696,2,7,,0,2,1,1,C01
201900021696,1,10,,0,2,3,2,A01
201900021697,1,10,,0,2,3,9,A01
201900021697,1,7,,0,2,3,1,B01
201900021698,2,7,,0,2,1,2,A01
201900021698,2,7,,0,2,4,23,C01
201900021698,2,7,,0,2,4,23,B01
201900021699,2,7,,0,1,1,1,A01
201900021700,1,7,,0,2,3,1,B01
201900021700,1,7,,0,2,2,15,A01
201900021701,1,7,,0,2,1,15,A01
201900021701,2,1,,0,2,1,1,B01
201900021701,2,1,,0,2,1,1,C01
201900021701,2,1,,0,2,2,21,D01
201900021702,1,31,,0,2,1,18,B01
201900021702,1,7,,0,2,5,14,A01
201900021703,1,7,,0,1,1,1,A01
201900021704,1,17,,0,2,7,14,A01
201900021704,1,7,,0,2,8,23,B01
201900021705,1,7,,15,0,9,1,A01
201900021706,2,7,,0,2,1,2,A01
201900021706,2,33,,0,2,4,2,C01
201900021706,2,7,,0,2,4,2,B01
201900021706,2,7,,0,2,4,2,D01
201900021707,2,2,,0,2,8,9,A01
201900021708,2,30,,0,0,7,1,A01
201900021709,2,37,2.0,0,0,0,1,A01
201900021710,2,10,,0,1,7,16,A01
201900021711,2,10,,0,1,7,16,A01
201900021712,2,7,,0,1,4,2,B01
201900021712,2,7,,0,2,1,2,A01
201900021713,2,1,,0,0,0,1,A01
201900021714,1,10,,0,1,3,15,A01
201900021715,2,7,,0,2,2,9,A01
201900021715,1,7,,0,2,8,1,B01
201900021716,2,7,,9,0,7,13,A01
201900021717,1,33,,0,0,8,1,A01
201900021718,1,7,,0,2,4,2,B01
201900021718,1,7,,0,2,1,2,A01
201900021719,1,2,,0,2,1,1,B01
201900021719,2,10,,0,2,2,15,A01
201900021720,2,7,,0,2,3,15,A01
201900021720,2,33,,0,2,1,1,B01
201900021721,2,7,,0,1,4,4,A01
201900021722,1,7,,17,2,1,13,A01
201900021722,2,7,,0,2,1,1,B01
201900021723,3,7,,0,2,4,1,B01
201900021723,3,7,,0,2,4,1,C01