Num_Acc,senc,catv,occutc,obs,obsm,choc,manv,num_veh
201900021723,3,7,,0,2,1,2,A01
201900021724,3,33,,0,2,7,1,B01
201900021724,3,7,,0,2,1,9,A01
201900021725,1,7,,0,2,3,9,A01
201900021725,2,31,,0,2,2,1,B01
201900021726,3,7,,0,1,1,17,A01
201900021727,3,7,,13,0,0,18,A01
201900021728,1,30,,1,0,1,2,A01
201900021729,2,31,,1,0,1,26,A01
201900021729,0,7,,0,2,6,26,B01
201900021730,1,7,,0,2,1,2,A01
201900021730,1,7,,0,2,4,23,B01
201900021731,1,7,,0,1,4,4,A01
201900021732,3,7,,0,1,3,2,A01
201900021733,0,7,,0,1,1,19,A01
201900021734,3,30,,0,0,0,1,A01
201900021735,2,7,,0,2,1,1,B01
201900021735,3,7,,0,2,8,19,A01
201900021736,3,10,,0,1,2,15,A01
201900021737,3,7,,0,1,1,20,A01
201900021738,1,7,,0,2,1,26,A01
201900021739,1,7,,0,1,3,16,A01
201900021740,3,33,,0,1,1,1,A01
201900021741,3,33,,0,2,1,0,B01
201900021741,3,10,,0,2,3,9,A01
201900021742,3,7,,0,1,1,1,A01
201900021743,1,7,,0,1,3,1,A01
201900021744,0,7,,0,1,1,16,A01
201900021745,1,7,,0,2,1,1,A01
201900021745,1,2,,0,2,1,1,B01
201900021746,3,7,,0,2,3,1,A01
201900021746,3,7,,0,2,8,15,B01
201900021747,3,30,,0,2,1,13,A01
201900021747,2,7,,0,2,1,5,B01
201900021748,2,7,,0,2,1,2,A01
201900021748,2,7,,0,2,4,2,B01
201900021749,1,7,,0,2,3,26,A01
201900021749,1,1,,0,2,5,2,B01
201900021750,1,10,,0,1,4,26,A01
201900021751,2,1,,0,2,7,1,B01
201900021751,1,3,,0,2,2,15,A01
201900021752,3,7,,0,0,1,1,B01
201900021752,3,32,,0,0,8,1,A01
201900021753,1,37,1.0,0,1,3,15,A01
201900021754,1,7,,0,2,5,2,C01
201900021754,1,33,,0,2,7,3,A01
201900021754,1,7,,0,2,8,2,B01
201900021755,1,7,,0,2,2,9,A01
201900021755,3,2,,0,2,0,0,B01
201900021756,2,33,,0,2,4,2,B01
201900021756,2,7,,0,2,4,15,C01
201900021756,2,7,,0,2,1,1,A01
201900021757,3,2,,0,2,8,1,B01
201900021757,3,7,,0,2,1,19,A01
201900021758,2,7,,0,2,6,1,F01
201900021758,2,7,,0,2,1,1,E01
201900021758,2,7,,0,2,8,1,D01
201900021758,2,7,,0,2,8,1,C01
201900021758,2,10,,0,2,8,1,B01
201900021758,1,7,,0,2,8,5,A01
201900021759,1,7,,0,1,4,4,A01
201900021760,1,30,,0,2,7,15,B01
201900021760,2,10,,0,2,3,18,A01
201900021761,1,33,,0,0,1,15,A01
201900021762,1,7,,0,1,1,1,A01
201900021763,1,7,,0,2,3,1,B01
201900021763,1,30,,0,2,1,1,A01
201900021764,1,7,,0,2,3,13,A01
201900021764,1,7,,0,2,3,1,B01
201900021765,3,7,,0,2,1,13,A01
201900021765,3,7,,0,2,2,21,B01
201900021766,1,7,,0,1,1,0,A01
201900021767,2,1,,0,2,1,1,Y01
201900021767,2,7,,0,6,8,9,A01
201900021768,2,17,,0,6,5,13,A01
201900021768,2,1,,0,2,0,1,B01
201900021769,1,7,,0,2,1,16,B01
201900021769,1,7,,0,2,1,16,A01
201900021770,1,7,,0,1,1,1,A01
201900021771,2,7,,13,0,1,26,A01
201900021772,1,2,,0,2,1,19,C01
201900021772,2,7,,0,2,6,1,D01
201900021773,2,7,,0,1,3,1,A01
201900021774,1,7,,0,1,2,15,A01
201900021775,2,10,,0,1,3,15,A01
201900021776,1,33,,13,0,7,26,A01
201900021777,2,7,,0,2,1,15,B01
201900021777,1,30,,0,2,1,13,A01
201900021778,2,33,,0,2,4,23,B01
201900021778,2,33,,0,2,1,2,A01
201900021779,1,7,,0,1,7,1,A01
201900021780,1,7,,9,0,7,1,A01
201900021781,2,7,,3,0,1,1,A01
201900021782,1,7,,0,1,1,2,A01
201900021782,1,1,,0,2,4,13,B01
201900021783,1,33,,0,2,1,0,A01
201900021783,1,1,,0,2,4,2,B01
201900021784,0,7,,0,2,4,1,B01
201900021784,0,7,,0,2,1,1,A01
201900021785,0,7,,0,2,1,1,A01
201900021785,0,7,,0,2,4,1,B01
201900021785,0,7,,0,2,3,1,C01
201900021786,0,1,,12,0,0,1,A01
201900021787,0,33,,0,2,1,1,B01
201900021787,0,7,,0,2,5,15,A01
201900021788,0,7,,0,2,6,1,B01
201900021788,0,33,,0,2,1,1,A01
201900021789,0,7,,0,2,1,20,A01
201900021789,0,2,,0,2,1,1,B01
201900021790,0,7,,0,2,1,1,B01
201900021790,0,7,,0,2,7,1,A01
201900021791,0,7,,0,2,1,1,B01
201900021791,0,1,,0,2,7,19,A01
201900021792,0,7,,0,2,4,1,B01
201900021792,0,7,,0,2,1,1,A01
201900021793,0,1,,0,2,7,1,B01
201900021793,0,7,,0,2,3,1,A01
201900021794,0,2,,0,2,1,1,A01
201900021794,0,7,,0,2,3,15,B01
201900021795,0,7,,0,2,1,1,Z01
201900021795,0,30,,0,2,1,15,A01
201900021796,0,1,,0,2,8,1,B01
201900021796,0,7,,0,2,7,1,A01
201900021797,0,7,,0,2,1,2,A01
201900021797,0,7,,0,2,4,1,B01
201900021798,0,7,,0,2,4,1,C01
201900021798,0,7,,0,2,1,2,A01
201900021798,0,31,,0,2,4,0,B01
201900021799,0,10,,0,2,4,1,B01
201900021799,0,10,,0,2,1,2,A01
201900021800,0,2,,0,2,1,1,A01
201900021800,0,7,,0,2,4,1,B01
201900021801,0,7,,1,0,3,1,A01
201900021802,0,7,,0,2,1,1,B01
201900021802,0,10,,0,2,5,1,C01
201900021802,0,7,,4,0,1,1,A01
201900021803,0,7,,0,2,4,1,B01
201900021803,0,7,,0,2,1,1,A01
201900021804,0,7,,0,2,1,1,A01
201900021804,0,1,,0,2,1,1,B01
201900021805,0,33,,0,2,1,1,B01
201900021805,0,7,,0,2,3,1,A01
201900021806,0,7,,0,2,1,1,A01
201900021806,0,7,,0,2,4,1,B01
201900021806,0,7,,0,2,4,1,C01
201900021807,0,7,,0,1,0,1,A01
201900021808,0,7,,0,2,0,1,B01
201900021808,0,7,,0,2,0,20,A01
201900021809,1,7,,0,2,5,15,A01
201900021809,1,43,,0,2,2,1,B01
201900021810,1,7,,14,2,1,23,D01
201900021810,1,7,,14,2,4,23,C01
201900021810,1,7,,14,2,1,23,B01
201900021810,1,10,,14,2,1,26,A01
201900021811,3,2,,0,2,1,1,B01
201900021811,3,7,,0,2,8,20,A01
201900021812,1,7,,0,1,2,1,A01
201900021813,1,30,,14,0,3,1,A01
201900021814,2,2,,14,0,1,3,A01
201900021815,1,33,,0,2,1,13,B01
201900021815,3,7,,0,2,6,20,A01
201900021816,0,1,,0,2,7,19,A01
201900021816,0,7,,0,2,0,1,B01
201900021817,3,37,1.0,0,1,7,15,A01
201900021818,1,15,,0,1,3,1,A01
201900021819,2,7,,0,1,2,1,A01
201900021820,1,7,,0,2,6,15,A01
201900021820,1,7,,0,2,2,17,B01
201900021821,1,7,,2,1,1,16,A01
201900021822,2,13,,0,2,3,1,B01
201900021822,1,7,,0,2,1,13,A01
201900021823,2,7,,0,1,2,1,A01
201900021824,3,7,,0,1,3,15,A01
201900021825,1,7,,0,1,2,26,A01
201900021826,3,7,,0,1,2,21,A01
201900021827,0,7,,0,2,5,15,C01
201900021827,1,7,,0,2,1,1,A01
201900021827,0,7,,0,2,8,15,B01
201900021828,0,33,,14,0,1,17,A01
201900021829,1,7,,0,1,2,1,A01
201900021830,3,7,,0,1,7,1,A01
201900021831,3,7,,9,0,0,21,A01
201900021832,3,20,,0,1,4,4,A01
201900021833,3,34,,0,2,1,17,A01
201900021833,3,7,,0,2,4,0,B01
201900021834,3,31,,0,0,0,0,A01
201900021835,1,7,,0,2,1,1,A01
201900021835,2,2,,0,2,1,1,B01
201900021836,2,7,,14,0,1,26,A01
201900021837,3,10,,0,1,1,1,A01
201900021838,3,7,,0,2,2,1,B01
201900021838,3,7,,0,2,1,17,A01
201900021839,1,7,,0,2,1,13,A01
201900021839,2,37,2.0,0,2,1,1,B01
201900021840,0,33,,0,1,0,26,A01
201900021841,2,7,,0,0,3,0,B01
201900021841,1,7,,0,0,3,0,I01
201900021842,2,33,,0,0,1,1,A01
201900021843,0,7,,13,0,1,2,A01
201900021844,1,7,,8,0,3,2,A01
201900021845,2,7,,9,0,3,21,A01
201900021846,1,33,,0,2,1,1,B01
201900021846,1,7,,0,2,3,9,A01
201900021847,3,31,,0,2,1,2,B01
201900021847,3,7,,0,2,2,15,A01
201900021848,3,30,,0,6,7,1,A01
201900021849,3,7,,0,2,8,19,B01
201900021849,3,7,,0,2,1,19,A01
201900021850,2,7,,0,2,3,15,A01
201900021850,1,2,,0,2,1,1,B01
201900021851,1,33,,0,2,2,1,B01
201900021851,3,7,,0,2,1,15,A01
201900021852,1,7,,0,1,2,1,A01
201900021853,1,7,,4,0,1,13,A01
201900021854,0,2,,0,0,0,26,A01
201900021855,0,7,,0,1,1,26,A01
201900021856,1,7,,0,1,2,1,A01
201900021857,1,7,,0,2,8,1,B01
201900021857,2,7,,0,2,3,1,C01
201900021857,1,7,,0,2,3,13,A01
201900021858,0,1,,0,2,1,19,B01
201900021858,2,7,,0,2,2,1,A01
201900021859,1,7,,0,1,1,1,A01
201900021860,1,7,,0,0,6,23,B01
201900021860,1,7,,1,0,2,1,A01
201900021861,0,7,,0,2,3,1,B01
201900021861,0,2,,0,2,7,1,A01
201900021862,1,33,,0,2,2,17,B01
201900021862,1,7,,0,2,3,15,A01
201900021863,3,1,,0,2,7,9,B01
201900021863,1,7,,0,2,3,1,A01
201900021864,2,7,,0,2,3,0,B01
201900021864,2,32,,0,2,5,17,A01
201900021865,1,2,,0,2,1,1,A01
201900021865,3,7,,0,2,3,15,B01
201900021866,0,7,,0,1,1,1,A01
201900021867,0,7,,9,0,9,26,A01
201900021868,1,7,,0,2,1,1,B01
201900021868,2,7,,0,2,1,13,A01
201900021869,2,33,,0,2,1,17,A01
201900021869,2,7,,0,2,8,0,B01
201900021870,3,7,,0,2,0,0,Z01
201900021870,3,7,,0,2,1,19,A01
201900021871,2,10,,0,1,1,0,A01
201900021872,2,7,,0,2,9,1,A01
201900021872,2,7,,0,2,6,17,B01
201900021873,0,31,,0,2,8,1,B01
201900021873,0,10,,0,2,1,1,A01
201900021874,1,10,,0,1,2,1,A01
201900021875,2,7,,0,2,3,15,A01
201900021875,2,33,,0,2,1,17,B01
201900021876,1,7,,0,1,1,1,A01
201900021877,1,34,,0,2,1,1,B01
201900021877,2,7,,0,2,3,15,A01
201900021878,3,7,,15,2,7,9,B01
201900021878,1,7,,0,2,1,9,A01
201900021879,1,33,,0,2,4,3,B01
201900021879,1,32,,0,2,1,3,A01
201900021880,2,7,,0,1,5,1,A01
201900021881,2,10,,0,1,4,4,A01
201900021882,1,7,,8,0,3,15,A01
201900021883,2,7,,0,1,1,1,A01
201900021884,2,34,,0,2,7,9,A01
201900021884,2,7,,0,2,8,11,B01
201900021885,3,2,,16,0,0,1,A01
201900021886,1,34,,0,2,4,23,B01
201900021886,1,7,,0,2,1,1,A01
201900021887,1,1,,0,1,1,1,A01
201900021888,2,30,,0,2,8,9,A01
201900021888,2,33,,0,2,1,1,B01
201900021889,3,32,,0,2,1,1,A01
201900021889,3,7,,0,2,2,15,Z01
201900021890,3,1,,14,0,1,1,A01
201900021891,1,32,,0,2,6,11,A01
201900021891,0,7,,0,2,2,12,B01
201900021892,3,33,,0,2,8,1,A01
201900021892,3,7,,0,2,5,1,B01
201900021893,2,1,,0,2,2,1,A01
201900021893,2,33,,0,2,1,1,B01
201900021894,2,34,,0,1,1,7,A01
201900021895,2,7,,0,2,2,15,A01
201900021895,1,32,,0,2,8,1,B01
201900021896,3,7,,0,1,1,15,A01
201900021897,3,7,,0,2,3,16,Z01
201900021897,3,32,,0,2,2,1,A01
201900021898,1,10,,0,2,1,1,A01
201900021898,1,1,,0,2,1,17,B01
201900021898,1,7,,0,2,1,7,Z01
201900021899,2,33,,8,0,7,13,A01
201900021900,1,7,,0,2,3,1,B01
201900021900,1,33,,0,2,1,3,A01
201900021901,2,3,,0,1,3,1,A01
201900021902,1,7,,0,2,0,15,A01
201900021902,2,33,,0,2,0,0,B01
201900021903,3,7,,0,2,4,20,A01
201900021903,3,7,,0,2,5,24,B01
201900021904,3,1,,1,0,0,23,A01
201900021905,2,7,,0,2,3,15,A01
201900021905,1,2,,0,2,1,1,B01
201900021906,1,7,,16,1,5,20,A01
201900021907,3,7,,6,0,6,26,A01
201900021908,1,7,,0,2,1,19,A01
201900021908,1,7,,0,2,3,1,B01
201900021908,1,7,,0,2,3,1,C01
201900021909,1,33,,0,2,1,5,A01
201900021909,2,7,,0,2,5,21,B01
201900021910,1,34,,0,0,4,23,B01
201900021910,1,34,,0,2,1,2,A01
201900021911,2,7,,0,1,3,1,A01
201900021912,0,7,,0,2,3,16,A01
201900021912,0,33,,0,2,3,21,B01
201900021913,1,37,1.0,0,1,6,1,A01
201900021914,2,34,,0,2,7,17,B01
201900021914,2,7,,0,2,3,15,A01
201900021915,1,3,,0,1,7,2,A01
201900021916,1,7,,0,2,5,15,B01
201900021916,1,30,,0,2,1,2,A01
201900021917,1,7,,0,2,2,17,A01
201900021917,1,10,,0,2,1,1,B01
201900021918,3,7,,0,1,1,19,A01
201900021919,2,60,,0,2,0,26,B01
201900021919,1,10,,0,6,0,1,A01
201900021920,1,7,,15,0,7,0,A01
201900021921,1,32,,0,2,1,21,A01
201900021921,2,7,,0,2,2,15,B01
201900021922,3,30,,0,2,9,9,A01
201900021922,3,33,,0,2,1,1,B01
201900021923,1,7,,0,2,1,19,A01
201900021923,2,7,,0,2,2,1,B01
201900021924,3,7,,0,2,1,16,A01
201900021924,2,7,,0,2,1,26,B01
201900021925,2,7,,0,0,7,15,B01
201900021925,2,31,,0,2,1,1,A01
201900021926,2,7,,4,2,6,1,B01
201900021926,2,7,,4,2,3,17,A01
201900021927,1,7,,7,2,6,1,B01
201900021927,1,7,,0,2,2,14,A01
201900021928,1,33,,0,2,0,1,A01
201900021928,2,20,,0,2,1,15,B01
201900021929,3,7,,0,2,3,2,A01
201900021929,3,33,,0,2,2,17,B01
201900021930,1,7,,0,2,1,13,A01
201900021930,2,15,,0,2,3,1,B01
201900021931,1,30,,0,2,1,0,B01
201900021931,1,7,,0,2,4,1,A01
201900021932,2,2,,0,2,1,1,B01
201900021932,3,7,,0,2,1,17,A01
201900021933,2,7,,0,1,8,1,A01
201900021934,2,10,,0,2,1,1,A01
201900021934,2,7,,0,2,4,1,B01
201900021934,2,7,,0,2,6,15,C01
201900021935,1,7,,13,0,1,1,A01
201900021936,2,2,,0,2,8,15,B01
201900021936,2,7,,0,2,1,17,A01
201900021937,1,7,,0,0,9,1,A01
201900021938,1,31,,0,2,0,1,A01
201900021938,1,7,,0,2,1,1,B01
201900021939,2,7,,13,0,1,13,A01
201900021940,0,7,,0,1,1,15,A01
201900021941,2,7,,6,0,1,1,A01
201900021942,1,7,,0,1,3,1,A01
201900021943,2,10,,0,2,1,1,B01
201900021943,1,7,,13,0,5,13,A01
201900021944,1,15,,3,0,2,1,A01
201900021945,2,7,,0,1,1,1,A01
201900021946,2,7,,0,2,8,15,B01
201900021946,2,33,,0,2,1,17,A01
201900021947,1,33,,6,0,8,13,A01
201900021948,2,7,,0,0,3,15,A01
201900021948,1,7,,0,0,3,1,B01
201900021949,3,7,,0,2,3,1,A01
201900021949,3,32,,0,2,1,1,B01
201900021950,3,31,,0,2,1,1,A01
201900021950,3,7,,0,2,3,1,B01
201900021951,1,14,,0,1,4,4,A01
201900021952,1,15,,0,1,5,26,A01
201900021953,1,7,,0,2,2,23,B01
201900021953,1,7,,8,0,8,0,A01
201900021954,1,7,,7,0,1,1,A01
201900021955,2,7,,5,0,0,1,B01
201900021955,2,14,,5,0,7,1,A01
201900021956,2,7,,6,0,1,1,A01
201900021957,1,7,,14,0,2,21,A01
201900021958,2,7,,0,2,6,11,A01
201900021958,2,15,,0,2,2,1,B01
201900021958,2,7,,0,2,1,1,C01
201900021959,2,31,,0,2,2,1,B01
201900021959,2,7,,0,2,2,11,A01
201900021960,2,17,,0,2,4,1,B01
201900021960,2,7,,0,2,1,2,A01
201900021961,2,7,,0,2,1,1,A01
201900021961,2,7,,0,2,4,2,B01
201900021962,1,7,,0,2,1,1,D01
201900021962,1,10,,0,2,4,1,B01
201900021962,1,7,,0,2,4,1,C01
201900021962,1,10,,0,2,4,1,A01
201900021963,1,7,,0,2,7,0,B01
201900021963,1,7,,3,2,1,21,A01
201900021964,1,17,,0,0,1,1,A01
201900021965,1,7,,0,2,1,1,A01
201900021965,1,7,,0,2,4,2,B01
201900021965,1,7,,0,2,4,2,C01
201900021965,1,7,,0,2,4,2,D01
201900021965,1,7,,0,2,4,2,E01
201900021965,1,7,,0,2,4,2,F01
201900021966,1,7,,0,2,4,2,B01
201900021966,1,7,,0,2,1,2,A01
201900021967,1,33,,0,0,9,1,A01
201900021968,1,7,,0,2,1,26,A01
201900021968,1,7,,0,2,4,0,B01
201900021969,1,17,,0,2,7,12,Z01
201900021969,1,7,,0,2,8,1,B01
201900021970,0,7,,0,2,8,1,B01
201900021970,0,7,,0,2,1,1,A01
201900021971,2,34,,0,2,1,17,A01
201900021971,1,7,,0,2,1,1,B01
201900021972,1,7,,9,2,6,1,A01
201900021972,1,7,,0,2,3,1,B01
201900021973,2,7,,0,1,3,1,A01
201900021974,1,10,,0,1,2,19,A01
201900021975,2,7,,0,2,4,0,B01
201900021975,2,7,,4,2,1,0,A01
201900021976,1,32,,0,1,1,20,A01
201900021977,3,7,,0,2,3,23,B01
201900021977,3,7,,0,2,3,15,A01
201900021978,1,7,,0,1,2,1,A01
201900021979,2,7,,0,2,1,2,B01
201900021979,2,2,,0,2,4,23,A01
201900021980,1,30,,0,2,4,2,B01
201900021980,1,7,,0,2,1,2,A01
201900021981,1,7,,0,1,2,1,A01
201900021982,3,38,1.0,0,6,3,26,B01
201900021982,3,37,3.0,0,2,1,26,A01
201900021983,1,7,,0,2,4,2,B01
201900021983,1,7,,0,2,1,2,A01
201900021984,1,10,,0,1,3,26,A01
201900021985,1,7,,0,2,1,18,Z01
201900021985,1,7,,0,2,4,1,B01
201900021985,1,7,,0,2,4,1,C01
201900021985,1,14,,0,2,2,1,D01
201900021986,2,37,1.0,0,1,2,9,A01
201900021987,2,7,,4,0,2,0,A01
201900021988,2,7,,0,2,3,1,B01
201900021988,2,7,,0,2,8,9,A01
201900021989,1,7,,4,0,1,0,A01
201900021990,3,38,2.0,0,2,0,0,B01
201900021990,3,7,,0,2,2,15,A01
201900021991,2,2,,0,1,1,1,Z01
201900021992,2,7,,0,2,4,2,D01
201900021992,2,7,,0,2,1,2,C01
201900021992,2,7,,0,2,1,2,B01
201900021992,2,7,,4,2,1,2,A01
201900021993,2,7,,0,1,1,1,A01
201900021994,1,7,,6,0,9,1,A01
201900021995,1,7,,13,0,1,13,A01
201900021996,1,7,,0,2,2,15,A01
201900021996,2,30,,0,2,1,1,B01
201900021997,1,7,,0,2,1,1,B01
201900021997,2,7,,0,2,2,1,A01
201900021998,2,2,,0,2,4,2,B01
201900021998,2,7,,0,2,1,2,A01
201900021999,1,7,,0,2,3,9,B01
201900021999,1,7,,0,2,1,1,A01
201900022000,2,10,,0,1,2,1,A01
201900022001,1,7,,0,2,1,1,B01
201900022001,1,2,,0,2,7,15,A01
201900022002,2,7,,0,2,2,15,A01
201900022002,1,30,,0,2,7,1,B01
201900022003,2,7,,0,2,1,1,B01
201900022003,0,7,,0,2,1,15,A01
201900022004,3,7,,0,2,4,0,C01
201900022004,3,7,,0,2,4,0,B01
201900022004,3,7,,0,2,1,26,A01
201900022005,0,31,,0,2,3,1,B01
201900022005,0,32,,0,2,1,15,A01
201900022006,2,15,,0,2,2,1,C01
201900022006,2,7,,0,2,6,1,B01
201900022006,2,7,,0,2,2,3,A01
201900022007,2,33,,0,2,1,6,A01
201900022007,1,7,,0,2,3,6,B01
201900022008,3,10,,4,1,1,0,A01
201900022009,0,7,,0,1,1,1,A01
201900022010,3,7,,0,2,3,19,A01
201900022010,3,33,,0,2,1,19,B01
201900022011,2,7,,0,1,1,1,A01
201900022012,1,7,,0,1,1,1,A01
201900022013,2,7,,0,2,1,1,B01
201900022013,2,7,,0,2,3,15,A01
201900022014,1,10,,0,2,1,2,B01
201900022014,1,7,,0,2,6,10,A01
201900022015,1,7,,0,1,1,15,A01
201900022016,3,1,,0,2,1,19,B01
201900022016,3,7,,0,2,1,19,A01
201900022017,1,7,,0,1,3,2,A01
201900022018,1,7,,0,1,3,26,A01
201900022019,3,7,,0,2,3,13,A01
201900022019,3,33,,0,2,1,2,B01
201900022020,1,7,,0,2,8,13,A01
201900022020,2,7,,0,2,1,1,B01
201900022021,3,1,,0,2,9,1,B01
201900022021,3,7,,0,2,7,2,A01
201900022022,1,7,,0,2,3,10,A01
201900022022,1,2,,0,2,1,1,B01
201900022023,1,7,,7,2,2,16,A01
201900022023,2,7,,0,2,2,1,B01
201900022024,1,30,,0,2,1,1,B01
201900022024,1,30,,0,2,1,10,A01
201900022025,1,1,,0,2,3,1,B01
201900022025,1,7,,0,2,1,1,A01
201900022026,2,32,,0,2,1,2,B01
201900022026,1,7,,0,2,7,15,A01
201900022027,1,7,,0,2,8,15,B01
201900022027,1,31,,0,2,2,17,A01
201900022028,1,33,,0,2,2,17,B01
201900022028,1,7,,0,2,3,15,A01
201900022029,1,7,,4,0,1,16,A01
201900022030,1,7,,1,2,1,1,A01
201900022030,2,7,,6,2,8,16,B01
201900022031,2,7,,0,1,1,2,A01
201900022032,1,7,,0,2,1,1,B01
201900022032,2,14,,0,2,7,1,A01
201900022033,1,7,,0,2,9,2,B01
201900022033,1,7,,0,2,4,2,C01
201900022033,1,7,,0,2,1,2,A01
201900022034,1,10,,0,1,4,0,A01
201900022035,1,7,,0,5,1,1,A01
201900022036,3,37,1.0,0,1,5,9,A01
201900022037,1,7,,3,2,5,2,B01
201900022037,1,7,,0,2,3,11,A01
201900022038,1,7,,8,0,9,26,A01
201900022039,1,7,,0,2,1,1,A01
201900022039,2,7,,0,2,1,10,Z01
201900022040,1,32,,0,2,7,1,B01
201900022040,1,7,,0,2,6,11,A01
201900022041,3,7,,0,2,0,0,A01
201900022041,3,7,,0,2,0,0,B01
201900022042,0,7,,0,1,4,4,A01
201900022043,0,7,,0,2,4,0,A01
201900022043,0,7,,0,2,1,0,B01
201900022044,3,7,,0,1,1,0,A01
201900022045,2,2,,0,2,1,1,B01
201900022045,1,7,,0,2,3,15,A01
201900022046,2,7,,0,2,2,1,A01
201900022046,2,7,,0,2,6,24,B01
201900022047,2,7,,0,1,1,1,A01
201900022048,3,7,,15,0,2,23,A01
201900022049,3,7,,0,2,1,1,A01
201900022049,3,7,,0,2,4,1,B01
201900022050,1,33,,0,2,3,1,B01
201900022050,1,7,,0,2,2,15,A01
201900022051,2,7,,15,0,0,14,A01
201900022052,1,7,,0,1,3,1,A01
201900022053,3,7,,0,1,2,11,A01
201900022054,1,10,,0,1,8,2,A01
201900022055,1,2,,0,2,1,1,B01
201900022055,1,7,,0,2,3,9,A01
201900022056,0,1,,0,2,1,1,B01
201900022056,1,7,,0,2,2,15,A01
201900022057,1,7,,0,1,0,0,A01
201900022058,0,7,,0,2,4,1,C01
201900022058,0,7,,0,2,9,1,B01
201900022058,0,7,,0,2,1,1,A01
201900022059,0,31,,0,2,1,1,B01
201900022059,0,7,,0,2,3,15,A01
201900022060,0,31,,0,2,7,18,B01
201900022060,0,7,,0,2,2,22,A01
201900022061,2,7,,0,2,1,1,A01
201900022061,1,7,,0,2,4,1,B01
201900022061,2,7,,0,2,4,1,C01
201900022062,1,7,,0,1,1,11,A01
201900022063,1,7,,0,1,3,1,A01
201900022064,2,7,,0,0,1,1,A01
201900022064,1,7,,0,0,4,13,B01
201900022065,0,1,,0,2,4,2,B01
201900022065,0,7,,0,2,2,2,A01
201900022066,2,7,,0,1,3,15,A01
201900022067,2,7,,0,2,8,15,B01
201900022067,2,32,,0,2,1,1,A01
201900022068,1,7,,0,2,4,23,C01
201900022068,1,7,,0,2,6,23,B01
201900022068,1,7,,0,2,6,9,A01
201900022069,1,7,,0,2,5,9,B01
201900022069,1,7,,0,2,3,1,A01
201900022070,1,7,,0,2,4,2,A01
201900022070,1,7,,0,2,1,2,Z01
201900022071,2,7,,0,9,7,12,A01
201900022071,3,1,,0,2,8,1,B01
201900022072,1,2,,0,2,1,1,B01
201900022072,3,7,,0,2,3,1,A01
201900022073,1,7,,0,2,8,16,A01
201900022074,2,7,,0,1,1,16,A01
201900022075,2,10,,0,1,1,1,A01
201900022076,1,7,,0,1,3,1,A01
201900022077,1,50,,0,2,1,1,A01
201900022077,2,7,,0,2,6,1,B01
201900022078,1,7,,0,2,1,14,A01
201900022078,2,1,,0,2,8,19,B01
201900022079,1,7,,0,2,1,2,A01
201900022079,1,7,,0,2,7,0,B01
201900022080,1,7,,0,2,1,1,B01
201900022080,2,1,,0,2,1,13,A01
201900022081,1,33,,0,1,1,21,A01
201900022082,3,7,,0,2,1,23,C01
201900022082,3,7,,0,2,3,15,A01
201900022082,3,33,,0,2,1,1,B01
201900022082,3,30,,0,2,0,17,D01
201900022083,2,7,,0,1,1,1,A01
201900022084,-1,7,,-1,-1,-1,-1,B01
201900022084,-1,33,,-1,-1,-1,-1,A01
201900022085,1,10,,0,1,1,1,A01
201900022086,1,7,,0,1,1,16,A01
201900022087,1,7,,1,0,8,13,A01
201900022088,1,7,,0,2,3,20,A01
201900022088,1,2,,0,2,1,2,B01
201900022089,1,7,,0,2,4,1,B01
201900022089,1,7,,0,2,1,2,A01
201900022090,1,7,,0,2,1,15,A01
201900022090,1,32,,0,2,3,1,B01
201900022091,1,7,,0,2,1,1,B01
201900022091,1,7,,0,2,1,15,A01
201900022092,1,7,,0,2,7,19,A01
201900022092,1,7,,0,2,1,1,B01
201900022093,1,10,,0,2,2,17,A01
201900022093,1,7,,0,2,3,20,B01
201900022094,0,7,,0,1,4,20,A01
201900022095,1,7,,8,0,3,0,A01
201900022096,3,7,,8,0,5,1,A01
201900022097,0,1,,0,1,1,26,B01
201900022097,0,7,,0,2,0,26,Z01
201900022098,0,40,,0,1,1,0,B01
201900022099,0,33,,0,1,1,8,A01
201900022100,3,7,,0,2,8,9,A01
201900022100,3,1,,0,2,1,1,B01
201900022101,3,1,,0,2,5,18,A01
201900022101,0,7,,0,2,5,15,B01
201900022102,3,7,,0,2,7,1,B01
201900022102,3,7,,0,2,3,9,A01
201900022103,2,7,,8,0,7,1,A01
201900022104,2,30,,0,2,3,17,A01
201900022104,1,7,,0,2,3,1,B01
201900022105,1,7,,0,1,2,1,A01
201900022106,2,33,,11,0,1,1,A01
201900022107,1,30,,0,2,1,1,B01
201900022107,2,7,,0,2,1,15,A01
201900022108,1,10,,0,1,3,9,A01
201900022109,0,7,,0,1,1,1,A01
201900022110,1,7,,0,1,0,15,A01
201900022111,1,30,,0,2,1,1,A01
201900022111,1,7,,0,2,4,1,B01
201900022112,1,33,,0,2,4,1,A01
201900022112,1,7,,0,2,1,0,Z01
201900022113,0,7,,0,2,7,15,B01
201900022113,2,32,,0,2,1,1,A01
201900022114,0,7,,0,1,1,1,A01
201900022115,1,7,,0,2,4,15,B01
201900022115,1,10,,0,2,1,2,A01
201900022116,1,7,,0,2,4,23,B01
201900022116,1,32,,0,2,1,26,A01
201900022117,1,2,,0,2,1,1,B01
201900022117,2,7,,0,2,3,15,A01
201900022118,1,7,,0,2,3,23,B01
201900022118,2,7,,0,2,3,13,A01
201900022119,1,7,,0,1,1,1,A01