Num_Acc,senc,catv,occutc,obs,obsm,choc,manv,num_veh
201900022120,2,31,,6,0,1,5,A01
201900022121,1,7,,0,2,1,1,A01
201900022121,2,7,,0,2,8,15,B01
201900022122,1,33,,0,2,1,1,A01
201900022122,0,7,,6,2,8,15,B01
201900022123,1,7,,2,0,2,1,A01
201900022124,1,7,,0,2,1,1,A01
201900022124,3,31,,0,2,3,1,B01
201900022125,1,7,,13,0,3,16,A01
201900022126,1,7,,0,2,4,1,C01
201900022126,1,7,,0,2,4,1,B01
201900022126,1,7,,0,2,1,1,A01
201900022127,2,33,,0,1,1,1,A01
201900022128,1,7,,0,1,4,4,A01
201900022129,2,7,,0,1,1,1,A01
201900022130,3,2,,0,2,1,1,B01
201900022130,3,7,,0,2,2,11,A01
201900022131,3,7,,0,2,5,12,A01
201900022131,3,7,,0,2,3,12,B01
201900022132,2,1,,0,2,1,2,A01
201900022132,2,7,,0,2,4,23,B01
201900022133,2,33,,0,2,3,1,B01
201900022133,2,7,,0,2,2,12,A01
201900022134,2,33,,0,2,1,9,A01
201900022134,2,7,,0,2,4,1,B01
201900022135,1,7,,0,1,2,7,A01
201900022136,1,30,,0,2,1,13,A01
201900022136,2,7,,0,2,1,1,B01
201900022137,2,32,,0,2,1,1,B01
201900022137,1,7,,0,2,7,1,A01
201900022138,2,32,,0,0,0,9,A01
201900022139,1,7,,0,2,2,22,A01
201900022139,1,1,,0,2,1,1,B01
201900022140,1,33,,0,1,1,1,A01
201900022141,2,43,,0,1,1,1,A01
201900022142,2,33,,0,2,0,1,B01
201900022142,1,7,,0,2,2,1,A01
201900022143,1,7,,0,2,5,23,B01
201900022143,1,32,,0,2,1,2,A01
201900022144,1,7,,0,2,4,23,C01
201900022144,1,7,,0,2,4,23,B01
201900022144,1,7,,0,2,1,2,A01
201900022145,1,7,,0,2,8,4,A01
201900022145,1,32,,0,2,7,16,B01
201900022146,1,1,,0,2,4,13,A01
201900022146,1,7,,0,2,1,17,B01
201900022147,1,7,,0,1,0,15,A01
201900022148,1,7,,0,2,3,15,A01
201900022148,2,33,,0,2,8,1,B01
201900022149,2,32,,0,2,7,1,B01
201900022149,2,7,,0,2,3,15,A01
201900022150,2,1,,0,1,1,1,A01
201900022151,3,32,,0,0,7,15,A01
201900022152,2,33,,0,1,3,1,A01
201900022153,1,30,,14,0,1,14,A01
201900022154,1,7,,0,1,2,16,A01
201900022155,1,7,,0,2,1,15,A01
201900022155,1,50,,0,2,3,19,B01
201900022156,2,34,,1,2,2,17,B01
201900022156,2,10,,0,2,8,15,A01
201900022157,1,14,,0,1,2,16,A01
201900022158,2,50,,0,1,7,1,A01
201900022159,2,7,,0,2,1,1,A01
201900022159,1,7,,0,2,8,1,B01
201900022160,2,10,,0,1,1,15,A01
201900022161,2,7,,0,1,3,16,A01
201900022162,3,7,,0,2,2,1,A01
201900022162,3,32,,0,2,8,15,B01
201900022163,2,7,,0,1,3,15,A01
201900022164,1,7,,0,2,0,26,A01
201900022164,3,13,,0,2,1,26,B01
201900022165,0,7,,0,2,2,2,A01
201900022165,3,34,,0,2,4,2,B01
201900022166,2,14,,0,1,1,16,A01
201900022167,2,7,,0,2,1,15,A01
201900022167,2,7,,0,2,3,1,B01
201900022168,3,37,4.0,0,1,0,7,A01
201900022169,1,7,,0,2,1,16,A01
201900022169,2,7,,0,2,1,2,B01
201900022170,1,37,1.0,0,2,7,1,B01
201900022170,1,7,,0,2,1,1,A01
201900022171,1,30,,0,2,1,1,B01
201900022171,2,7,,0,2,1,15,A01
201900022172,3,7,,0,2,1,2,B01
201900022172,3,10,,15,0,4,26,A01
201900022173,3,7,,0,1,3,1,MA01
201900022174,3,32,,0,0,1,0,A01
201900022175,1,10,,0,1,0,15,A01
201900022176,1,7,,0,1,1,9,A01
201900022177,1,7,,0,2,3,13,B01
201900022177,1,30,,0,2,2,1,A01
201900022178,2,3,,0,2,7,1,A01
201900022178,2,3,,0,2,1,1,B01
201900022179,2,7,,0,1,3,15,A01
201900022180,1,2,,0,2,1,1,B01
201900022180,2,10,,0,2,1,15,A01
201900022181,1,7,,0,2,1,1,A01
201900022181,3,7,,8,2,2,1,B01
201900022182,3,30,,0,1,1,1,A01
201900022183,1,7,,1,0,7,1,A01
201900022184,0,7,,0,1,1,15,A01
201900022185,1,7,,0,2,1,15,A01
201900022185,1,7,,0,2,3,1,B01
201900022186,3,1,,0,2,2,2,A01
201900022186,3,7,,0,2,3,2,B01
201900022187,2,32,,0,2,8,1,B01
201900022187,2,10,,0,2,7,12,A01
201900022188,1,31,,0,2,1,1,B01
201900022188,2,7,,0,2,3,16,A01
201900022189,1,7,,1,0,4,0,C01
201900022189,1,7,,0,2,1,0,B01
201900022189,1,7,,1,0,1,0,A01
201900022190,2,32,,0,2,8,18,B01
201900022190,2,13,,0,2,7,1,A01
201900022191,2,7,,0,2,2,1,B01
201900022191,2,34,,0,2,3,21,A01
201900022192,1,7,,0,1,2,1,A01
201900022193,1,10,,0,2,1,19,A01
201900022193,2,1,,0,2,6,1,B01
201900022194,1,10,,0,1,1,16,Z01
201900022195,1,7,,1,0,1,1,A01
201900022196,1,7,,0,1,1,1,A01
201900022197,1,2,,0,2,1,1,A01
201900022197,2,7,,0,2,8,17,B01
201900022198,3,7,,13,0,2,15,A01
201900022199,1,7,,0,2,3,24,B01
201900022199,1,80,,1,0,1,1,A01
201900022200,2,7,,0,0,0,13,A01
201900022200,1,7,,13,0,9,21,B01
201900022201,2,7,,3,0,3,1,A01
201900022202,2,10,,0,0,9,1,A01
201900022203,1,7,,0,1,1,1,A01
201900022204,2,7,,2,0,3,0,A01
201900022205,1,7,,0,2,1,1,C01
201900022205,2,7,,0,2,1,21,B01
201900022205,2,7,,0,2,1,17,A01
201900022206,0,33,,0,2,1,1,B01
201900022206,0,10,,0,2,8,15,A01
201900022207,1,7,,0,1,7,1,A01
201900022208,3,7,,0,2,1,15,A01
201900022208,3,7,,0,2,1,1,B01
201900022209,2,33,,0,0,7,1,A01
201900022210,1,7,,6,0,2,1,A01
201900022211,3,31,,17,0,1,21,A01
201900022212,0,21,,0,9,3,15,A01
201900022212,0,80,,0,2,8,1,B01
201900022213,1,7,,0,2,1,1,B01
201900022213,1,7,,6,2,8,1,A01
201900022214,1,17,,3,0,1,0,A01
201900022215,1,7,,3,0,1,0,A01
201900022216,2,7,,3,0,1,1,A01
201900022217,2,7,,0,2,7,19,B01
201900022217,2,7,,6,2,1,1,A01
201900022218,0,7,,0,2,1,21,A01
201900022218,0,7,,0,2,1,1,B01
201900022219,2,7,,0,0,3,15,B01
201900022219,2,2,,0,2,2,17,A01
201900022220,2,2,,0,0,0,1,A01
201900022221,3,2,,0,1,8,0,A01
201900022222,1,7,,0,2,1,19,A01
201900022222,2,7,,0,2,6,1,B01
201900022223,2,38,1.0,0,2,8,9,A01
201900022223,2,1,,0,2,1,21,B01
201900022224,3,7,,0,2,8,19,A01
201900022224,1,7,,0,2,1,1,B01
201900022225,1,2,,6,0,3,15,A01
201900022226,2,7,,0,1,2,1,A01
201900022227,2,7,,16,0,1,1,A01
201900022228,1,7,,3,0,2,1,A01
201900022229,1,7,,0,2,3,1,B01
201900022229,3,7,,0,0,3,15,A01
201900022230,2,7,,0,2,1,1,B01
201900022230,1,7,,0,2,3,1,A01
201900022231,1,7,,0,2,1,17,A01
201900022231,1,36,,0,0,8,15,B01
201900022232,3,2,,0,2,1,1,B01
201900022232,3,7,,0,2,3,17,A01
201900022233,1,7,,0,2,3,1,A01
201900022233,2,7,,0,2,3,13,B01
201900022234,3,1,,0,0,6,2,B01
201900022234,3,7,,0,2,2,2,A01
201900022235,0,7,,9,0,1,1,A01
201900022236,3,33,,0,2,3,1,A01
201900022236,3,7,,0,2,1,1,B01
201900022237,2,10,,0,2,1,13,A01
201900022237,1,15,,0,2,3,1,B01
201900022238,2,7,,0,0,3,22,A01
201900022238,2,1,,0,2,1,1,B01
201900022238,2,1,,1,2,1,1,C01
201900022239,2,7,,0,2,4,2,A01
201900022239,2,7,,0,2,4,2,B01
201900022239,2,7,,0,2,1,2,Z01
201900022240,1,7,,4,0,1,13,A01
201900022241,2,7,,0,2,7,1,C01
201900022241,2,33,,0,2,7,3,B01
201900022241,2,7,,0,2,8,11,A01
201900022242,1,33,,0,2,4,1,B01
201900022242,1,33,,0,2,1,3,A01
201900022243,2,10,,0,2,4,23,B01
201900022243,2,7,,1,0,1,1,A01
201900022244,1,33,,0,2,1,3,B01
201900022244,1,7,,0,2,8,11,A01
201900022245,1,7,,0,2,3,15,A01
201900022245,2,33,,0,2,1,1,B01
201900022246,3,33,,6,0,7,2,A01
201900022247,2,7,,0,2,1,19,A01
201900022247,1,7,,0,2,7,1,D01
201900022247,2,7,,0,2,3,1,C01
201900022247,1,7,,0,2,3,1,B01
201900022248,1,37,2.0,0,2,3,1,B01
201900022248,1,7,,0,2,7,19,A01
201900022249,1,2,,0,2,1,17,B01
201900022249,1,7,,0,2,8,9,A01
201900022250,2,7,,6,0,9,1,A01
201900022251,1,7,,0,2,1,15,A01
201900022251,2,33,,0,2,1,1,B01
201900022252,1,7,,0,2,2,1,B01
201900022252,1,7,,0,2,3,9,A01
201900022253,1,7,,0,4,2,21,A01
201900022254,3,7,,0,1,1,1,A01
201900022255,3,7,,0,1,1,19,A01
201900022256,3,10,,0,2,7,9,A01
201900022256,3,33,,0,2,1,1,B01
201900022257,1,7,,4,1,1,1,A01
201900022258,1,41,,0,2,1,1,A01
201900022258,2,7,,0,2,2,1,B01
201900022259,2,7,,0,2,0,17,A01
201900022259,2,7,,0,2,8,1,B01
201900022260,3,7,,0,1,1,15,A01
201900022261,2,7,,0,2,1,1,A01
201900022261,1,7,,0,2,2,1,B01
201900022262,1,7,,0,2,1,21,B01
201900022262,2,7,,6,2,3,21,A01
201900022263,3,7,,0,2,3,1,B01
201900022263,3,2,,0,2,2,15,A01
201900022264,3,10,,0,2,1,1,A01
201900022264,3,33,,0,2,4,23,B01
201900022265,3,7,,0,1,1,1,A01
201900022266,3,10,,0,1,3,1,A01
201900022267,2,7,,0,2,4,1,B01
201900022267,2,7,,0,2,1,1,A01
201900022268,3,7,,0,2,2,19,A01
201900022268,3,7,,8,2,5,1,B01
201900022269,1,7,,0,2,4,15,B01
201900022269,1,7,,0,2,1,2,A01
201900022270,2,1,,0,1,1,1,A01
201900022271,1,7,,0,1,1,1,A01
201900022272,1,1,,0,2,1,1,A01
201900022272,0,40,,0,2,2,1,B01
201900022273,1,7,,0,1,2,1,Z01
201900022274,1,30,,0,1,1,17,A01
201900022275,2,32,,14,0,1,21,A01
201900022275,1,37,1.0,0,0,0,15,B01
201900022276,1,7,,15,0,3,13,A01
201900022277,2,7,,0,2,3,9,A01
201900022277,1,2,,0,2,2,1,B01
201900022278,1,7,,0,2,1,2,A01
201900022278,1,7,,0,2,4,2,B01
201900022279,1,7,,0,2,1,1,B01
201900022279,1,10,,0,2,7,19,A01
201900022280,2,3,,0,1,1,26,A01
201900022281,1,7,,0,2,1,1,A01
201900022281,1,7,,0,2,8,1,B01
201900022282,2,34,,0,2,1,1,B01
201900022282,1,7,,0,2,8,26,A01
201900022283,2,7,,0,2,1,16,A01
201900022283,2,7,,0,2,8,1,B01
201900022284,2,7,,0,2,6,23,B01
201900022284,2,7,,0,2,2,2,A01
201900022285,0,7,,0,0,3,19,A01
201900022285,0,7,,0,2,1,1,B01
201900022286,2,7,,0,1,1,1,A01
201900022287,2,7,,0,2,3,26,B01
201900022287,1,7,,0,2,8,13,A01
201900022288,3,33,,15,2,1,1,B01
201900022288,3,7,,0,2,5,15,A01
201900022289,0,7,,0,2,3,9,A01
201900022289,0,10,,0,2,1,1,B01
201900022290,0,2,,0,2,8,1,A01
201900022290,0,7,,0,2,2,17,Z01
201900022291,0,7,,0,2,3,15,A01
201900022291,0,7,,0,2,3,1,B01
201900022292,1,7,,8,0,2,14,A01
201900022293,1,7,,0,0,0,1,A01
201900022294,1,7,,1,0,1,1,A01
201900022295,1,7,,0,2,3,9,B01
201900022295,1,14,,0,2,1,1,A01
201900022296,3,32,,0,2,1,1,A01
201900022296,3,7,,0,2,2,15,B01
201900022297,2,7,,0,2,1,1,A01
201900022297,2,7,,0,2,4,23,B01
201900022297,2,7,,0,2,4,23,C01
201900022297,2,7,,0,2,4,23,D01
201900022298,1,7,,0,2,3,15,B01
201900022298,1,31,,0,2,1,1,A01
201900022299,1,33,,0,2,2,1,B01
201900022299,1,7,,0,2,4,1,A01
201900022300,0,7,,0,1,1,15,A01
201900022301,1,7,,0,2,8,1,A01
201900022301,1,1,,0,2,8,19,B01
201900022302,0,7,,0,1,1,1,A01
201900022303,0,7,,0,1,2,1,A01
201900022304,2,10,,0,1,5,26,Z01
201900022305,0,10,,0,2,1,26,A01
201900022305,0,30,,0,2,7,0,B01
201900022306,3,7,,0,1,2,16,A01
201900022307,1,31,,0,2,0,1,B01
201900022307,2,7,,0,2,1,15,A01
201900022308,1,7,,0,2,2,1,A01
201900022308,1,7,,0,2,4,1,B01
201900022308,3,7,,0,2,4,1,C01
201900022309,0,7,,0,1,4,4,A01
201900022310,1,2,,0,2,1,1,B01
201900022310,1,2,,0,2,1,1,A01
201900022311,2,7,,0,0,-1,14,A01
201900022312,3,31,,0,2,7,1,B01
201900022312,3,7,,0,2,5,15,A01
201900022313,2,7,,0,1,7,1,A01
201900022314,3,7,,0,2,1,1,A01
201900022314,3,7,,0,2,4,23,B01
201900022315,2,7,,0,1,3,1,A01
201900022316,3,7,,0,2,1,1,A01
201900022316,0,33,,0,2,4,1,B01
201900022317,1,7,,0,2,1,1,A01
201900022317,3,1,,0,2,8,19,B01
201900022318,0,7,,0,2,1,1,B01
201900022318,0,1,,0,2,7,19,A01
201900022319,2,7,,0,1,3,1,B01
201900022319,2,7,,0,2,5,9,A01
201900022320,2,33,,0,2,1,1,B01
201900022320,1,7,,0,2,1,15,A01
201900022321,2,7,,0,2,1,1,A01
201900022321,2,7,,0,2,4,1,B01
201900022321,2,7,,0,2,4,2,C01
201900022322,1,7,,0,1,3,1,A01
201900022323,3,7,,0,1,3,15,A01
201900022324,0,38,3.0,0,2,3,1,B01
201900022324,0,7,,0,2,2,16,A01
201900022325,0,7,,1,0,1,1,A01
201900022326,2,7,,0,2,1,1,B01
201900022326,1,2,,0,2,8,15,A01
201900022327,3,7,,13,0,1,1,A01
201900022328,0,7,,0,2,3,15,B01
201900022328,0,7,,0,2,2,0,A01
201900022329,2,10,,0,1,2,1,A01
201900022330,1,7,,0,2,2,15,A01
201900022330,2,33,,0,2,1,1,B01
201900022331,2,7,,0,1,1,1,A01
201900022332,2,7,,0,2,1,16,A01
201900022332,2,34,,0,2,4,1,B01
201900022333,2,7,,0,2,8,23,B01
201900022333,2,7,,0,2,0,2,A01
201900022334,1,7,,11,0,1,1,A01
201900022335,0,7,,0,2,3,0,A01
201900022335,0,7,,0,2,3,0,B01
201900022336,2,80,,0,2,1,1,B01
201900022336,1,7,,0,2,2,1,A01
201900022337,1,7,,0,2,1,1,A01
201900022337,1,7,,0,2,4,1,B01
201900022338,0,7,,0,0,0,0,Z01
201900022338,2,7,,0,2,7,24,A01
201900022339,2,7,,0,2,3,15,A01
201900022339,1,2,,0,2,1,1,B01
201900022340,2,7,,1,0,2,14,A01
201900022341,2,32,,0,2,1,1,B01
201900022341,0,7,,0,2,7,15,A01
201900022342,1,7,,0,2,1,15,A01
201900022342,2,7,,0,2,3,1,B01
201900022343,2,40,,0,1,2,1,A01
201900022344,1,7,,0,2,3,16,A01
201900022344,1,7,,0,2,2,1,B01
201900022345,3,7,,2,2,1,14,A01
201900022345,3,7,,0,2,3,1,B01
201900022346,1,33,,0,2,0,0,B01
201900022346,1,10,,0,2,2,15,A01
201900022347,3,7,,0,2,4,1,A01
201900022347,0,2,,0,2,1,1,B01
201900022348,0,7,,0,2,8,19,A01
201900022348,0,2,,0,2,1,1,B01
201900022349,1,7,,0,1,1,1,A01
201900022350,2,7,,0,1,7,1,A01
201900022351,0,7,,0,2,8,11,A01
201900022351,0,1,,0,2,5,1,B01
201900022352,1,7,,3,0,3,1,A01
201900022353,1,7,,0,2,5,23,B01
201900022353,1,2,,0,2,1,2,A01
201900022354,2,7,,0,2,1,1,B01
201900022354,1,7,,0,2,1,15,A01
201900022355,3,10,,0,2,1,1,B01
201900022355,3,10,,0,2,2,15,A01
201900022356,2,7,,0,2,3,1,B01
201900022356,2,7,,0,2,3,1,A01
201900022357,2,1,,0,2,1,2,B01
201900022357,1,7,,0,2,2,16,A01
201900022358,1,7,,0,2,1,1,A01
201900022358,1,7,,0,2,4,1,B01
201900022358,1,7,,0,2,4,1,C01
201900022359,3,7,,2,0,1,14,A01
201900022360,0,10,,0,1,2,1,A01
201900022361,1,7,,0,0,8,17,B01
201900022361,1,37,1.0,0,0,3,23,C01
201900022361,1,33,,1,2,1,17,A01
201900022362,3,10,,0,1,1,9,A01
201900022363,1,33,,0,2,1,2,A01
201900022363,1,7,,0,2,5,2,B01
201900022364,0,7,,0,2,3,3,A01
201900022364,0,7,,0,2,6,1,B01
201900022365,1,7,,1,0,1,14,A01
201900022366,1,30,,0,1,1,1,A01
201900022367,3,7,,0,2,8,13,A01
201900022367,3,33,,0,2,7,17,B01
201900022368,1,33,,0,2,0,21,A01
201900022369,2,80,,0,1,1,25,A01
201900022370,2,7,,0,2,7,15,A01
201900022370,1,43,,0,2,1,2,B01
201900022371,2,7,,0,1,2,1,A01
201900022372,1,1,,0,1,8,17,A01
201900022373,2,30,,0,2,1,1,B01
201900022373,2,7,,0,2,6,24,A01
201900022374,2,7,,0,2,3,1,B01
201900022374,1,33,,0,2,8,13,A01
201900022375,1,20,,0,0,0,2,A01
201900022375,1,20,,1,0,2,2,B01
201900022376,1,7,,0,0,7,20,B01
201900022376,1,32,,1,2,1,14,A01
201900022377,2,10,,0,1,1,15,A01
201900022378,1,7,,0,1,1,1,A01
201900022379,1,99,,0,1,1,1,Z01
201900022380,1,7,,0,2,1,2,A01
201900022380,1,7,,0,2,4,23,B01
201900022381,1,37,1.0,0,1,2,1,A01
201900022382,3,7,,0,2,6,1,B01
201900022382,3,7,,0,2,2,19,A01
201900022383,1,7,,0,1,6,15,A01
201900022384,0,7,,0,1,2,1,A01
201900022385,1,1,,0,2,7,19,B01
201900022385,1,7,,0,2,1,1,A01
201900022386,1,7,,0,2,3,15,B01
201900022386,1,30,,0,2,1,17,A01
201900022387,1,34,,0,1,0,0,A01
201900022388,1,7,,0,1,3,1,A01
201900022389,1,43,,0,2,8,11,A01
201900022389,1,10,,0,2,2,1,B01
201900022390,3,7,,0,1,6,20,A01
201900022391,1,7,,0,2,8,1,B01
201900022391,1,10,,0,2,1,1,A01
201900022392,2,33,,0,2,1,1,B01
201900022392,1,7,,0,2,7,15,A01
201900022393,2,30,,0,2,7,17,A01
201900022393,2,7,,0,2,1,19,B01
201900022394,2,13,,0,2,1,26,B01
201900022394,1,7,,8,2,5,1,A01
201900022395,3,7,,12,0,3,1,A01
201900022396,1,30,,0,2,2,17,A01
201900022396,1,10,,0,2,3,1,B01
201900022397,1,7,,6,0,1,1,A01
201900022398,1,7,,0,2,2,15,A01
201900022398,1,32,,0,2,8,2,B01
201900022399,1,7,,0,1,2,15,A01
201900022400,2,32,,0,1,1,21,A01
201900022401,1,7,,0,1,7,1,A01
201900022402,1,7,,0,1,1,1,A01
201900022403,2,7,,0,2,1,13,A01
201900022403,1,7,,0,2,1,1,B01
201900022404,1,7,,0,2,3,11,A01
201900022404,1,10,,0,2,2,1,B01
201900022405,3,10,,0,2,1,2,A01
201900022405,3,7,,0,2,4,23,B01
201900022406,0,7,,0,2,4,23,B01
201900022406,0,7,,0,2,1,1,A01
201900022407,0,7,,0,2,0,12,Z01
201900022407,1,7,,0,2,3,1,A01
201900022408,3,33,,0,2,1,1,B01
201900022408,3,7,,0,2,3,1,A01
201900022409,3,7,,0,1,1,1,A01
201900022410,1,33,,0,1,3,26,A01
201900022411,0,7,,0,1,1,26,A01
201900022412,1,13,,0,2,2,22,A01
201900022412,2,50,,0,2,1,5,B01
201900022413,1,10,,0,1,3,15,A01
201900022414,2,30,,1,0,3,18,A01
201900022414,2,7,,0,2,8,23,B01
201900022415,1,30,,0,2,1,17,A01
201900022415,1,10,,0,2,8,15,B01
201900022416,2,32,,0,1,1,1,A01
201900022417,1,10,,0,2,2,16,A01
201900022417,1,43,,0,2,3,1,B01
201900022418,2,33,,0,0,8,2,A01
201900022419,2,30,,0,0,7,1,A01
201900022420,1,7,,0,1,1,1,Z01
201900022421,2,1,,0,2,1,15,C01
201900022421,1,7,,0,2,1,1,B01
201900022421,2,7,,0,2,1,1,A01
201900022422,1,2,,0,1,0,1,Z01
201900022423,1,32,,0,0,1,2,A01
201900022423,1,7,,0,0,7,2,B01
201900022424,3,7,,0,1,2,15,A01
201900022425,1,7,,0,6,2,1,A01
201900022426,2,1,,0,2,0,21,B01
201900022426,2,7,,0,2,0,22,A01
201900022427,1,7,,0,1,3,15,A01
201900022428,1,32,,0,2,1,9,A01
201900022428,2,10,,0,2,2,15,B01
201900022429,1,7,,0,2,0,15,B01
201900022429,1,33,,0,2,0,17,A01
201900022430,3,32,,0,0,8,2,B01
201900022430,3,0,,0,-1,1,11,A01
201900022431,2,7,,0,1,2,1,A01
201900022432,1,10,,0,2,3,10,B01
201900022432,1,30,,0,2,7,17,A01
201900022433,2,2,,0,0,0,0,B01
201900022433,1,99,,0,2,3,9,A01
201900022434,2,7,,0,2,7,15,A01
201900022434,2,10,,0,2,2,1,B01
201900022435,1,14,,0,1,1,0,A01
201900022436,2,7,,0,2,1,2,B01
201900022436,2,7,,14,2,1,14,A01
201900022437,2,7,,0,0,0,23,A01
201900022437,2,30,,1,0,0,17,B01
201900022438,1,7,,0,2,7,1,A01
201900022438,2,10,,0,2,1,1,B01
201900022439,1,7,,0,2,6,20,B01
201900022439,1,10,,0,2,2,2,A01
201900022440,1,10,,0,1,3,15,A01
201900022441,1,7,,0,2,0,14,Z01
201900022441,1,32,,0,2,1,21,A01
201900022442,1,7,,0,2,3,15,A01
201900022442,1,2,,0,2,1,15,B01
201900022443,2,30,,0,2,1,3,B01
201900022443,2,7,,0,2,5,22,A01
201900022444,1,7,,0,0,2,1,A01
201900022445,1,7,,0,1,1,15,A01
201900022446,1,34,,0,2,1,1,B01
201900022446,1,10,,0,2,5,16,A01
201900022447,3,7,,0,2,1,2,A01
201900022447,3,7,,0,2,4,2,B01
201900022447,3,7,,0,2,4,2,C01
201900022447,3,7,,0,2,4,2,D01
201900022448,1,7,,14,0,1,1,B01
201900022448,1,10,,3,0,1,23,A01
201900022449,1,7,,0,2,1,5,A01
201900022449,1,7,,0,2,1,1,B01
201900022450,1,7,,2,0,2,1,A01
201900022451,2,7,,8,0,1,0,A01
201900022452,2,7,,0,2,4,2,B01
201900022452,2,7,,0,2,1,2,C01
201900022452,2,7,,0,2,4,2,A01
201900022453,2,7,,0,1,4,4,A01
201900022454,2,7,,0,1,2,1,A01
201900022455,2,7,,0,2,3,1,B01
201900022455,2,1,,0,2,2,17,A01
201900022456,1,33,,0,2,1,1,B01
201900022456,2,7,,0,2,3,17,A01
201900022457,2,10,,0,0,9,1,A01
201900022458,2,33,,0,2,2,17,A01
201900022458,2,7,,0,2,6,15,B01
201900022459,3,0,,0,1,0,2,Z01
201900022460,2,7,,0,2,1,15,A01
201900022460,1,33,,0,2,1,13,B01
201900022461,1,10,,8,0,1,26,A01
201900022462,1,7,,15,0,1,1,A01
201900022463,3,7,,0,2,0,0,B01
201900022463,3,7,,0,2,1,26,A01
201900022464,2,7,,13,2,9,13,A01
201900022464,1,7,,0,2,1,1,B01
201900022465,1,7,,0,2,8,15,B01
201900022465,1,33,,0,2,1,1,A01
201900022466,1,7,,0,2,1,1,B01
201900022466,2,31,,0,0,2,1,A01
201900022467,2,1,,0,0,0,1,A01
201900022468,1,10,,3,0,1,15,A01
201900022469,2,7,,7,0,8,1,A01
201900022470,1,99,,1,0,1,2,B01
201900022470,2,7,,1,0,3,15,A01
201900022471,1,7,,0,2,3,2,B01
201900022471,2,7,,0,2,1,13,A01
201900022472,2,7,,0,2,1,1,B01
201900022472,1,7,,0,2,7,13,A01
201900022473,0,7,,0,2,3,0,B01
201900022473,0,30,,0,2,3,26,A01
201900022474,0,7,,0,2,3,1,B01
201900022474,0,7,,0,2,3,13,A01
201900022475,2,30,,1,0,1,0,A01
201900022476,3,32,,0,2,1,1,A01
201900022476,3,7,,0,0,8,2,B01
201900022477,1,7,,0,1,7,13,A01
201900022478,3,7,,0,9,5,15,B01
201900022478,3,34,,0,2,1,1,A01
201900022479,1,10,,0,1,2,1,A01
201900022480,2,33,,3,0,1,1,A01
201900022481,0,7,,0,1,1,1,A01
201900022482,2,7,,0,2,3,1,B01
201900022482,1,7,,0,2,3,13,A01
201900022483,1,1,,0,2,4,2,B01
201900022483,1,7,,0,2,1,2,A01
201900022484,3,7,,0,1,1,1,A01
201900022485,1,7,,2,0,1,1,A01
201900022486,3,7,,0,2,2,9,A01
201900022486,3,31,,0,2,3,2,B01
201900022487,2,15,,0,2,0,1,A01
201900022487,2,7,,0,9,1,1,B01
201900022487,1,7,,0,2,1,2,C01
201900022487,1,7,,0,2,1,2,D01
201900022488,1,10,,0,2,1,2,B01
201900022488,1,10,,0,2,4,2,A01
201900022489,1,32,,0,1,1,1,A01
201900022490,1,7,,4,9,1,1,A01
201900022491,0,1,,0,2,8,19,B01
201900022492,1,7,,0,2,1,1,B01
201900022492,1,7,,0,2,1,5,A01
201900022493,2,7,,0,2,4,2,C01
201900022493,2,7,,3,2,4,1,B01
201900022493,2,7,,0,2,1,2,A01
201900022494,3,7,,0,2,2,13,A01
201900022494,3,7,,0,2,3,1,D01
201900022494,3,7,,0,0,6,23,C01
201900022494,3,7,,0,0,5,23,B01
201900022495,3,7,,0,1,1,0,A01
201900022496,1,7,,0,2,2,17,A01
201900022496,1,7,,13,0,8,1,B01
201900022497,3,15,,6,0,1,1,A01
201900022498,1,10,,0,2,1,12,A01
201900022498,1,10,,0,2,7,1,B01
201900022498,1,10,,0,2,1,1,C01
201900022498,1,10,,0,2,4,1,D01
201900022498,1,10,,0,2,4,1,E01
201900022499,3,7,,0,2,1,1,B01
201900022499,3,7,,0,2,1,13,A01
201900022500,1,10,,0,2,3,23,B01
201900022500,2,33,,0,2,2,1,A01
201900022501,1,7,,0,9,0,1,E01
201900022501,1,7,,0,9,0,1,D01
201900022501,1,7,,0,9,2,1,C01
201900022501,1,7,,0,9,1,1,B01
201900022501,2,7,,0,0,0,1,A01
201900022502,2,7,,0,2,1,1,B01
201900022502,1,10,,0,2,2,1,A01
201900022503,1,10,,0,2,1,1,A01
201900022503,1,10,,0,2,4,2,B01
201900022504,1,34,,0,2,8,13,A01
201900022504,2,7,,0,2,8,1,B01
201900022505,1,7,,0,2,8,2,C01
201900022505,2,17,,0,2,3,1,B01
201900022505,1,7,,0,2,3,13,A01
201900022506,2,7,,4,0,2,1,D01
201900022506,2,7,,0,2,2,1,C01
201900022506,2,7,,0,2,1,1,B01
201900022506,2,7,,3,2,1,5,A01
201900022507,1,7,,4,0,1,1,A01
201900022508,0,0,,0,1,1,0,Z01
201900022509,3,30,,0,2,1,1,B01
201900022509,3,10,,0,2,3,15,A01
201900022510,2,7,,3,0,1,2,A01
201900022511,2,7,,13,0,1,1,A01
201900022512,2,7,,3,2,1,13,A01
201900022512,2,14,,0,2,7,1,B01
201900022513,1,7,,0,2,7,12,A01
201900022513,1,33,,0,2,8,3,B01
201900022513,1,7,,0,2,4,1,C01
201900022514,2,7,,13,0,1,17,A01
201900022515,2,7,,0,2,1,0,A01
201900022515,2,7,,0,2,4,0,B01