Num_Acc,senc,catv,occutc,obs,obsm,choc,manv,num_veh
201900022515,2,7,,0,2,1,0,C01
201900022515,2,7,,0,0,4,0,D01
201900022516,1,7,,0,1,2,1,A01
201900022517,1,7,,0,1,1,20,A01
201900022518,3,7,,2,0,2,13,A01
201900022519,2,7,,0,0,3,0,B01
201900022519,1,10,,0,2,3,13,A01
201900022520,2,7,,0,2,3,21,B01
201900022520,1,7,,0,2,3,13,A01
201900022521,1,7,,0,2,1,1,A01
201900022521,2,7,,0,2,1,1,B01
201900022522,3,7,,0,2,5,20,B01
201900022522,3,2,,0,2,1,20,A01
201900022523,1,7,,13,0,1,1,A01
201900022524,1,2,,2,0,1,1,A01
201900022525,2,7,,0,2,8,1,A01
201900022525,2,7,,0,2,1,1,A01
201900022526,2,7,,6,0,3,13,A01
201900022527,1,7,,0,0,3,1,A01
201900022527,2,7,,0,0,3,13,B01
201900022528,1,7,,0,2,3,5,A01
201900022528,2,7,,2,2,8,1,B01
201900022528,2,7,,0,2,1,1,C01
201900022529,3,7,,2,0,3,1,A01
201900022530,1,15,,0,2,1,1,B01
201900022530,2,7,,0,2,1,13,A01
201900022531,1,13,,0,2,3,1,B01
201900022531,2,7,,0,2,3,5,A01
201900022532,1,10,,0,1,2,0,A01
201900022533,2,7,,6,0,2,2,A01
201900022534,2,7,,0,0,4,2,A01
201900022535,2,7,,0,2,1,2,A01
201900022535,2,2,,0,0,4,1,B01
201900022536,1,7,,6,0,2,1,A01
201900022537,1,7,,2,0,3,1,A01
201900022538,2,7,,16,0,1,1,A01
201900022539,3,7,,0,2,2,15,A01
201900022539,2,2,,0,2,5,1,B01
201900022540,1,7,,0,2,1,1,B01
201900022540,2,7,,0,2,1,13,A01
201900022541,1,7,,8,0,1,1,A01
201900022542,2,3,,0,2,3,1,A01
201900022542,1,7,,0,2,3,1,B01
201900022543,1,15,,0,2,1,1,A01
201900022543,1,7,,0,2,7,1,B01
201900022544,2,7,,0,2,3,1,B01
201900022544,1,10,,0,2,3,1,A01
201900022545,3,2,,0,2,1,1,B01
201900022545,3,10,,0,2,3,15,A01
201900022546,1,7,,0,2,2,1,A01
201900022546,2,1,,0,2,6,1,B01
201900022547,2,7,,0,2,3,1,B01
201900022547,1,7,,2,2,3,13,A01
201900022548,3,7,,0,2,3,15,B01
201900022548,2,2,,0,2,1,1,A01
201900022549,1,10,,13,0,1,2,A01
201900022550,1,10,,13,0,3,1,A01
201900022551,0,7,,0,2,3,1,B01
201900022551,3,7,,0,2,7,13,A01
201900022552,2,7,,4,0,3,1,A01
201900022553,1,7,,3,0,3,1,A01
201900022554,1,34,,0,2,1,1,B01
201900022554,0,7,,0,2,3,17,A01
201900022555,3,15,,6,1,1,1,A01
201900022556,1,17,,0,2,6,13,A01
201900022556,2,7,,0,2,3,0,B01
201900022557,1,2,,3,9,0,0,A01
201900022558,1,7,,0,1,2,15,A01
201900022559,2,7,,0,2,2,1,A01
201900022559,2,7,,3,0,6,2,B01
201900022560,1,7,,6,0,1,1,A01
201900022561,2,7,,0,2,2,21,A01
201900022561,2,7,,0,2,3,11,B01
201900022562,2,10,,3,0,2,1,A01
201900022563,1,17,,0,2,4,2,B01
201900022563,1,7,,0,2,4,2,A01
201900022564,1,7,,0,2,8,1,A01
201900022564,2,7,,0,2,3,13,B01
201900022565,1,15,,4,0,2,1,A01
201900022566,1,7,,2,0,3,13,A01
201900022567,2,7,,5,0,2,1,A01
201900022568,2,2,,0,2,7,21,B01
201900022568,1,7,,0,2,2,9,A01
201900022569,0,7,,0,2,2,21,B01
201900022569,0,7,,0,2,3,13,A01
201900022570,1,15,,0,2,4,1,A01
201900022570,1,7,,0,2,1,1,B01
201900022571,1,7,,0,1,2,1,A01
201900022572,0,33,,0,2,1,1,B01
201900022572,0,7,,0,2,3,19,A01
201900022573,1,33,,0,0,8,2,A01
201900022573,1,33,,0,0,0,1,B01
201900022573,1,33,,0,2,2,1,C01
201900022574,1,7,,2,0,2,13,A01
201900022574,1,7,,2,0,2,21,B01
201900022575,1,33,,0,2,1,1,B01
201900022575,2,7,,0,2,1,15,A01
201900022576,1,34,,0,2,5,1,B01
201900022576,0,7,,0,2,1,19,A01
201900022577,1,7,,2,0,3,13,A01
201900022578,1,7,,12,0,2,1,A01
201900022579,2,33,,0,0,7,1,A01
201900022580,2,10,,13,0,1,1,A01
201900022581,0,10,,0,0,4,26,B01
201900022581,2,1,,1,0,1,26,A01
201900022582,1,1,,0,2,4,14,B01
201900022582,1,7,,0,9,2,1,A01
201900022583,1,3,,0,2,1,15,B01
201900022583,2,2,,0,2,1,0,A01
201900022584,2,31,,0,2,1,1,C01
201900022584,2,10,,0,2,3,1,B01
201900022584,1,10,,0,2,1,1,A01
201900022585,1,7,,0,2,3,1,B01
201900022585,2,7,,0,2,1,13,A01
201900022586,2,7,,0,2,2,15,A01
201900022586,1,33,,0,2,1,1,B01
201900022587,3,36,,0,0,9,0,A01
201900022588,1,33,,0,0,0,14,A01
201900022589,1,7,,2,0,1,13,A01
201900022590,3,7,,0,2,8,15,A01
201900022590,3,33,,0,2,7,17,B01
201900022591,1,7,,0,1,2,1,A01
201900022592,1,21,,0,2,3,1,C01
201900022592,2,2,,0,2,1,1,B01
201900022592,1,7,,0,2,3,17,A01
201900022593,2,7,,3,0,2,1,A01
201900022594,1,7,,0,0,1,1,B01
201900022594,2,7,,0,0,1,13,A01
201900022595,1,7,,0,1,1,16,A01
201900022596,1,7,,0,2,5,15,A01
201900022596,2,31,,0,2,1,1,B01
201900022597,1,80,,0,9,8,13,B01
201900022597,2,1,,0,2,8,21,A01
201900022598,3,33,,0,0,0,1,A01
201900022599,3,7,,2,0,1,1,A01
201900022600,1,7,,0,2,3,1,B01
201900022600,1,7,,13,0,5,17,A01
201900022601,1,7,,0,0,2,14,A01
201900022602,1,7,,0,2,8,1,A01
201900022602,1,7,,0,2,7,14,B01
201900022603,2,7,,0,2,4,1,A01
201900022603,2,7,,0,2,4,2,B01
201900022603,2,7,,0,2,4,2,C01
201900022603,2,7,,0,2,1,2,D01
201900022604,3,33,,0,2,3,9,A01
201900022604,3,7,,0,2,5,14,B01
201900022605,2,10,,0,2,5,2,A01
201900022605,2,33,,0,2,3,2,B01
201900022606,1,7,,0,2,1,2,C01
201900022606,1,7,,0,2,5,23,B01
201900022606,1,33,,0,2,1,2,A01
201900022607,1,33,,7,0,1,1,A01
201900022608,1,7,,0,2,2,12,A01
201900022608,1,33,,0,2,1,3,B01
201900022609,2,7,,0,2,7,12,A01
201900022609,2,7,,0,2,8,1,B01
201900022610,3,7,,14,0,1,1,B01
201900022610,3,7,,16,0,7,26,A01
201900022611,1,7,,0,2,6,1,C01
201900022611,1,7,,0,2,2,12,B01
201900022611,1,33,,0,2,1,3,A01
201900022612,1,7,,0,2,4,2,D01
201900022612,1,7,,0,2,4,2,C01
201900022612,1,7,,0,2,4,1,B01
201900022612,1,7,,0,2,1,2,A01
201900022613,2,7,,0,2,4,2,B01
201900022613,2,7,,0,2,1,2,A01
201900022614,2,33,,0,2,4,1,B01
201900022614,2,7,,4,0,3,17,A01
201900022615,2,7,,0,2,2,1,B01
201900022615,2,7,,4,2,6,13,A01
201900022616,2,7,,4,2,3,21,B01
201900022616,2,15,,0,2,5,12,A01
201900022617,1,7,,0,2,1,2,C01
201900022617,1,10,,0,2,4,2,B01
201900022617,1,10,,0,2,4,2,A01
201900022618,2,17,,0,2,4,11,C01
201900022618,2,7,,4,2,1,1,B01
201900022618,2,7,,0,2,2,1,A01
201900022619,1,17,,0,0,7,14,A01
201900022620,1,33,,0,0,9,9,A01
201900022621,1,31,,0,2,1,1,A01
201900022621,1,7,,0,2,4,1,B01
201900022622,2,7,,0,2,8,1,B01
201900022622,2,7,,0,2,2,9,A01
201900022623,1,7,,0,2,0,1,A01
201900022623,1,7,,0,2,2,1,B01
201900022624,1,7,,0,1,1,1,B01
201900022625,3,7,,0,2,1,1,A01
201900022625,3,7,,0,2,4,1,B01
201900022625,3,7,,0,2,4,1,C01
201900022625,3,7,,0,2,4,1,D01
201900022626,1,7,,0,1,1,1,A01
201900022627,3,7,,0,2,1,15,A01
201900022627,3,7,,0,2,1,1,Z01
201900022628,1,7,,0,1,2,2,A01
201900022629,1,7,,0,2,6,26,B01
201900022629,1,30,,0,2,1,1,A01
201900022630,0,7,,0,1,1,15,A01
201900022631,1,7,,0,1,1,1,A01
201900022632,1,33,,0,0,1,26,A01
201900022633,3,30,,0,0,0,3,A01
201900022634,3,80,,0,2,3,0,B01
201900022634,2,7,,0,2,2,1,A01
201900022635,2,1,,0,0,0,26,A01
201900022636,3,7,,0,1,1,13,A01
201900022637,3,2,,0,2,1,17,B01
201900022637,3,7,,0,2,1,1,A01
201900022638,1,33,,1,0,3,1,A01
201900022639,1,7,,0,2,1,1,A01
201900022639,1,30,,0,2,4,2,B01
201900022640,3,7,,0,1,1,26,A01
201900022641,1,7,,0,2,7,1,B01
201900022642,2,7,,8,0,3,13,A01
201900022643,2,7,,0,2,4,26,E01
201900022643,2,7,,0,2,4,26,D01
201900022643,2,7,,0,2,4,26,C01
201900022643,2,7,,0,2,4,26,B01
201900022643,2,7,,0,2,1,26,A01
201900022644,3,7,,0,1,1,1,A01
201900022645,2,7,,0,2,1,1,B01
201900022645,2,7,,0,2,2,15,A01
201900022646,2,7,,0,0,9,14,A01
201900022647,3,7,,0,2,2,15,B01
201900022647,3,34,,0,2,1,8,A01
201900022648,2,7,,0,1,1,1,A01
201900022649,1,7,,0,2,1,2,A01
201900022649,1,7,,0,2,4,23,B01
201900022650,1,7,,0,2,0,0,C01
201900022650,1,7,,0,2,0,0,B01
201900022650,1,7,,0,0,0,0,A01
201900022651,0,33,,0,2,0,17,A01
201900022651,0,7,,0,2,3,15,B01
201900022652,2,7,,0,2,1,2,A01
201900022652,2,7,,0,2,4,0,B01
201900022653,0,7,,0,2,1,2,A01
201900022653,0,7,,0,1,1,23,B01
201900022654,2,7,,0,6,3,11,A01
201900022654,2,1,,0,2,1,1,B01
201900022655,3,10,,0,1,2,1,A01
201900022656,1,7,,0,1,1,16,A01
201900022657,1,7,,0,1,1,5,A01
201900022658,1,7,,0,2,2,17,A01
201900022658,1,2,,0,2,6,1,B01
201900022659,1,50,,0,2,1,9,B01
201900022659,2,7,,0,1,8,9,A01
201900022660,2,7,,0,1,2,11,A01
201900022661,3,30,,0,0,2,26,A01
201900022662,3,7,,0,2,3,1,B01
201900022662,1,2,,0,2,7,15,A01
201900022663,1,7,,0,1,7,21,A01
201900022664,2,33,,0,2,7,1,B01
201900022664,1,7,,0,2,2,9,A01
201900022665,1,33,,0,2,1,1,B01
201900022665,1,7,,0,2,1,9,A01
201900022666,2,7,,0,2,3,1,A01
201900022666,3,1,,0,2,2,1,B01
201900022667,2,33,,0,2,1,1,B01
201900022667,2,7,,0,2,8,15,A01
201900022668,2,7,,0,1,1,1,A01
201900022669,1,7,,0,2,2,1,A01
201900022669,2,30,,0,2,7,5,B01
201900022670,2,7,,0,2,3,0,B01
201900022670,2,7,,0,2,2,1,A01
201900022671,3,7,,0,1,4,20,A01
201900022672,3,30,,16,0,0,0,A01
201900022673,1,7,,3,0,1,26,A01
201900022674,3,1,,3,2,8,1,B01
201900022674,0,7,,0,0,0,0,A01
201900022675,3,7,,0,1,2,1,A01
201900022676,1,7,,0,2,4,1,D01
201900022676,1,7,,0,2,4,1,C01
201900022676,1,17,,0,2,4,1,B01
201900022676,1,17,,0,2,1,1,A01
201900022677,3,1,,0,2,5,15,A01
201900022677,3,7,,0,2,3,1,B01
201900022678,3,7,,0,2,2,15,B01
201900022678,3,1,,0,2,1,1,A01
201900022679,2,31,,0,2,7,15,A01
201900022679,1,7,,0,2,2,1,B01
201900022680,0,7,,0,1,8,1,A01
201900022681,0,30,,0,2,1,1,A01
201900022681,0,7,,0,2,3,1,B01
201900022682,1,7,,3,0,1,13,A01
201900022683,1,7,,0,2,1,9,A01
201900022683,2,2,,0,2,1,1,B01
201900022684,1,7,,3,0,1,9,A01
201900022685,2,7,,0,2,1,1,C01
201900022685,2,7,,0,2,1,1,B01
201900022685,2,7,,0,2,4,1,A01
201900022686,3,7,,0,6,3,9,A01
201900022686,3,1,,0,2,2,1,B01
201900022687,1,7,,0,2,8,9,A01
201900022687,3,1,,0,2,1,2,B01
201900022688,2,7,,0,2,1,1,D01
201900022688,1,7,,0,2,1,1,C01
201900022689,1,7,,0,2,1,1,A01
201900022689,1,30,,0,0,4,1,B01
201900022690,1,3,,0,2,2,15,A01
201900022690,2,3,,0,2,2,16,B01
201900022691,1,7,,0,1,1,9,A01
201900022692,0,7,,0,1,2,1,A01
201900022693,2,33,,0,2,1,1,B01
201900022693,1,7,,0,2,2,15,A01
201900022694,2,34,,14,0,3,1,A01
201900022695,3,7,,0,6,3,0,C01
201900022695,3,33,,0,2,1,0,B01
201900022695,3,7,,0,2,8,17,A01
201900022696,1,0,,0,0,0,0,Y01
201900022696,1,60,,1,2,7,2,A01
201900022697,3,1,,0,2,2,1,B01
201900022697,3,7,,0,2,3,9,A01
201900022698,1,7,,0,2,4,1,A01
201900022698,1,7,,0,2,1,1,B01
201900022699,1,7,,0,2,3,1,A01
201900022699,1,7,,0,2,2,1,B01
201900022700,1,30,,0,2,1,17,B01
201900022700,2,34,,0,2,1,17,A01
201900022701,2,31,,0,2,8,11,Z01
201900022701,2,10,,0,2,5,23,B01
201900022701,2,32,,0,2,2,3,A01
201900022702,2,15,,0,2,4,2,B01
201900022702,2,14,,0,2,1,2,A01
201900022702,2,17,,0,2,4,23,C01
201900022703,2,34,,0,2,2,3,A01
201900022703,2,7,,0,2,6,11,B01
201900022704,1,7,,0,2,5,1,B01
201900022704,1,31,,0,2,3,12,A01
201900022705,1,10,,0,2,1,2,A01
201900022705,1,7,,0,2,4,2,B01
201900022706,2,10,,0,2,4,2,B01
201900022706,2,33,,0,2,2,2,A01
201900022707,1,1,,0,2,3,1,B01
201900022707,1,7,,0,2,3,22,A01
201900022708,2,31,,14,0,1,1,A01
201900022709,2,34,,0,2,3,18,B01
201900022709,1,7,,0,2,1,15,A01
201900022710,2,7,,9,2,7,1,A01
201900022710,1,7,,0,2,2,1,B01
201900022711,3,33,,0,0,7,1,A01
201900022712,2,43,,0,2,1,1,B01
201900022712,1,7,,0,2,2,10,A01
201900022713,3,1,,0,2,7,1,A01
201900022713,1,7,,0,2,1,1,B01
201900022714,1,30,,0,1,1,1,A01
201900022715,2,7,,0,1,1,1,A01
201900022716,2,10,,0,2,1,1,B01
201900022716,1,7,,0,2,1,13,A01
201900022717,2,14,,0,1,1,16,A01
201900022718,1,31,,0,2,8,7,A01
201900022718,1,7,,0,2,2,16,B01
201900022719,2,32,,0,0,0,21,A01
201900022720,1,7,,0,2,1,1,B01
201900022720,1,32,,0,2,7,1,A01
201900022721,1,30,,0,2,2,1,A01
201900022721,1,1,,0,2,3,1,B01
201900022722,1,30,,0,2,0,1,B01
201900022722,1,7,,0,2,0,13,A01
201900022723,2,7,,0,2,7,1,A01
201900022723,3,30,,0,2,1,16,B01
201900022724,2,7,,0,1,1,1,A01
201900022725,0,7,,0,1,2,1,A01
201900022726,1,20,,0,1,3,21,A01
201900022727,1,7,,0,1,2,13,A01
201900022728,3,60,,0,2,8,19,B01
201900022728,2,7,,0,2,2,16,A01
201900022729,2,33,,0,2,1,2,B01
201900022729,2,7,,0,2,3,9,A01
201900022730,1,2,,0,2,1,1,B01
201900022730,2,7,,0,2,2,15,A01
201900022731,1,13,,0,6,8,1,B01
201900022731,1,80,,0,2,1,1,A01
201900022732,1,7,,0,2,1,1,A01
201900022732,1,7,,0,2,3,1,B01
201900022733,1,7,,0,0,0,13,A01
201900022733,1,1,,0,0,0,2,B01
201900022734,1,33,,0,2,7,17,B01
201900022734,1,7,,0,2,8,17,A01
201900022735,2,7,,0,1,2,21,A01
201900022736,1,1,,0,1,2,1,A01
201900022737,3,33,,0,2,3,1,A01
201900022737,3,7,,0,2,3,19,B01
201900022738,3,33,,0,0,9,1,A01
201900022739,3,7,,0,2,3,10,B01
201900022739,3,33,,0,2,2,17,A01
201900022740,2,34,,0,2,1,17,A01
201900022740,2,7,,0,2,3,15,B01
201900022741,2,10,,0,2,7,15,A01
201900022741,1,42,,0,2,1,1,B01
201900022742,2,7,,6,0,1,1,A01
201900022743,2,7,,0,0,6,15,B01
201900022743,2,7,,8,2,1,2,A01
201900022744,2,7,,0,2,8,19,A01
201900022744,2,7,,0,2,2,1,B01
201900022745,2,7,,13,0,3,1,A01
201900022746,2,7,,2,0,7,1,A01
201900022747,1,7,,0,2,1,1,A01
201900022747,1,7,,0,2,2,1,B01
201900022748,2,33,,15,0,1,1,A01
201900022749,2,7,,2,0,3,13,B01
201900022749,1,7,,0,0,3,14,A01
201900022750,1,7,,0,2,8,0,B01
201900022750,1,30,,0,2,8,0,A01
201900022751,3,1,,0,2,1,19,A01
201900022751,0,7,,0,2,2,16,B01
201900022752,0,7,,0,1,0,8,A01
201900022753,0,7,,0,2,0,1,Z01
201900022753,0,50,,0,2,0,16,B01
201900022754,3,2,,0,0,5,2,B01
201900022754,3,7,,0,2,3,15,A01
201900022755,3,7,,0,2,5,23,B01
201900022755,3,31,,0,2,1,1,A01
201900022756,1,7,,0,1,2,1,A01
201900022757,3,7,,0,2,1,26,A01
201900022757,3,1,,0,0,4,2,B01
201900022758,1,7,,0,2,3,19,A01
201900022758,1,10,,0,2,1,1,B01
201900022759,3,7,,0,2,1,19,B01
201900022759,3,34,,0,2,2,21,A01
201900022760,2,7,,0,2,3,2,A01
201900022760,2,7,,0,2,5,0,B01
201900022761,1,33,,0,2,6,23,A01
201900022761,3,7,,0,2,1,1,B01
201900022762,1,7,,0,2,3,15,A01
201900022762,1,7,,0,2,1,17,Z01
201900022763,0,30,,0,2,8,1,A01
201900022763,0,7,,0,2,0,0,Z01
201900022764,1,7,,0,2,1,1,A01
201900022764,2,7,,0,2,1,1,B01
201900022765,0,31,,0,2,7,14,A01
201900022765,0,7,,0,2,5,1,B01
201900022766,3,1,,0,2,1,1,B01
201900022766,3,7,,0,2,2,15,A01
201900022767,3,7,,0,2,3,1,A01
201900022767,3,7,,0,2,2,15,B01
201900022768,1,7,,0,2,5,2,B01
201900022768,0,7,,0,2,2,9,A01
201900022769,2,7,,0,1,1,1,A01
201900022770,0,7,,0,2,3,1,A01
201900022771,1,33,,0,0,0,2,A01
201900022772,1,34,,0,2,1,1,B01
201900022772,1,7,,0,2,3,10,Z01
201900022773,3,7,,0,2,3,1,B01
201900022773,1,7,,0,2,2,15,A01
201900022774,0,7,,0,1,3,1,A01
201900022775,2,13,,1,0,2,26,A01
201900022775,1,7,,0,2,2,0,B01
201900022776,3,99,,1,0,0,23,A01
201900022777,3,1,,0,0,0,1,A01
201900022778,3,7,,8,2,7,15,A01
201900022778,1,7,,0,2,1,1,B01
201900022779,1,7,,0,2,3,15,A01
201900022779,1,32,,0,2,2,17,B01
201900022780,1,7,,8,0,2,14,A01
201900022781,3,7,,0,2,4,1,B01
201900022781,3,7,,0,2,1,26,A01
201900022782,1,32,,0,2,1,1,B01
201900022782,2,32,,0,2,2,15,A01
201900022783,1,7,,0,2,0,19,B01
201900022783,2,33,,0,2,1,17,A01
201900022784,1,7,,0,1,3,1,A01
201900022785,1,7,,0,1,2,16,A01
201900022786,1,32,,0,2,8,1,B01
201900022786,1,7,,0,2,7,16,A01
201900022787,2,1,,0,2,2,17,A01
201900022787,2,7,,0,2,8,22,Z01
201900022788,1,7,,0,2,1,13,A01
201900022788,2,37,9.0,0,2,1,1,B01
201900022789,2,32,,0,2,2,15,B01
201900022789,2,32,,0,2,1,25,A01
201900022790,1,7,,0,2,3,1,B01
201900022790,1,1,,0,2,1,1,A01
201900022791,2,34,,0,1,1,1,A01
201900022792,3,34,,0,2,1,1,B01
201900022792,1,1,,0,2,7,1,A01
201900022793,2,33,,0,2,1,1,B01
201900022793,1,7,,0,2,2,15,A01
201900022794,2,30,,0,2,6,1,B01
201900022794,1,7,,0,2,2,15,A01
201900022795,1,32,,0,2,1,17,A01
201900022795,1,7,,0,2,3,15,B01
201900022796,2,7,,0,2,6,1,A01
201900022796,1,7,,0,2,1,15,Z01
201900022797,2,10,,0,1,3,1,A01
201900022798,1,80,,12,0,2,13,A01
201900022799,2,32,,0,1,0,17,A01
201900022800,1,7,,0,1,2,1,A01
201900022801,1,3,,0,2,2,2,A01
201900022801,1,3,,0,2,3,20,B01
201900022802,3,31,,0,2,3,1,B01
201900022802,3,7,,0,2,2,15,A01
201900022803,0,7,,0,1,2,16,A01
201900022804,3,7,,0,2,1,2,B01
201900022804,3,31,,0,6,4,1,A01
201900022805,1,7,,0,2,8,1,C01
201900022805,2,14,,0,2,3,1,B01
201900022805,1,7,,0,2,3,17,A01
201900022806,3,7,,0,1,2,2,A01
201900022807,0,7,,0,1,3,1,A01
201900022808,2,37,3.0,15,2,1,21,A01
201900022808,1,3,,0,0,1,0,B01
201900022809,1,10,,0,0,1,2,B01
201900022809,0,33,,0,0,4,23,A01
201900022810,0,7,,0,2,3,15,B01
201900022810,0,30,,0,2,2,17,A01
201900022811,0,7,,15,0,1,1,A01
201900022812,2,7,,0,1,6,1,A01
201900022813,1,7,,0,1,3,1,A01
201900022814,1,31,,0,2,1,23,B01
201900022814,1,10,,0,2,4,4,A01
201900022815,1,7,,0,1,7,1,A01
201900022816,1,7,,0,2,7,14,A01
201900022816,1,33,,0,2,8,0,B01
201900022817,3,10,,0,2,2,2,A01
201900022817,3,2,,0,2,1,1,B01
201900022817,3,10,,0,2,6,23,C01
201900022818,2,33,,13,0,1,1,A01
201900022819,0,7,,0,2,3,1,A01
201900022819,3,2,,0,2,1,1,B01
201900022820,1,7,,4,0,8,13,A01
201900022821,2,2,,0,2,1,1,B01
201900022821,3,7,,0,2,3,15,A01
201900022822,1,7,,0,0,1,23,B01
201900022822,2,7,,0,2,1,1,A01
201900022823,3,10,,0,2,1,21,B01
201900022823,3,7,,0,2,1,13,A01
201900022824,1,7,,0,2,3,13,A01
201900022824,2,7,,0,2,3,1,B01
201900022825,3,7,,13,0,2,14,A01
201900022826,2,2,,0,2,1,17,A01
201900022826,2,99,,0,0,8,15,B01
201900022827,1,10,,0,2,6,13,B01
201900022827,1,33,,0,2,1,2,A01
201900022828,2,7,,13,0,9,1,A01
201900022829,1,2,,0,2,1,1,B01
201900022829,2,7,,0,2,2,15,A01
201900022830,1,7,,0,2,6,2,B01
201900022830,1,33,,0,2,1,2,A01
201900022831,1,33,,7,0,1,16,A01
201900022832,2,33,,0,2,3,1,B01
201900022832,2,7,,0,2,2,19,A01
201900022833,2,10,,11,2,2,19,A01
201900022833,1,7,,0,2,1,1,B01
201900022834,1,33,,0,0,8,15,A01
201900022835,2,7,,0,2,3,5,B01
201900022835,1,33,,0,2,1,1,A01
201900022836,2,7,,0,0,1,5,A01
201900022836,1,7,,0,0,1,1,B01
201900022837,1,7,,0,1,2,1,A01
201900022838,0,7,,0,0,2,0,A01
201900022839,2,33,,5,0,0,1,A01
201900022840,1,33,,0,2,1,17,B01
201900022840,1,7,,0,2,3,15,A01
201900022841,1,17,,13,0,2,21,A01
201900022842,1,7,,13,0,2,1,A01
201900022843,1,7,,0,0,4,23,A01
201900022843,1,7,,1,0,1,1,B01
201900022844,1,7,,0,2,1,5,B01
201900022844,2,14,,0,0,1,1,A01
201900022845,1,7,,0,2,6,1,B01
201900022845,1,7,,0,2,2,17,A01
201900022846,3,7,,0,2,3,1,B01
201900022846,3,7,,0,2,3,17,A01
201900022847,3,21,,0,0,0,1,B01
201900022847,3,32,,13,0,1,13,A01
201900022848,3,33,,0,2,1,2,B01
201900022848,3,33,,0,2,1,17,A01
201900022849,0,2,,0,2,4,1,B01
201900022849,3,7,,0,2,2,2,A01
201900022850,0,7,,0,2,2,2,B01
201900022850,0,7,,0,2,6,2,A01
201900022851,0,7,,0,1,2,1,A01
201900022852,2,7,,0,0,9,1,A01
201900022853,1,33,,0,2,2,1,B01
201900022853,0,7,,0,2,8,19,A01
201900022854,2,7,,7,2,1,1,B01
201900022854,2,7,,0,2,1,19,A01
201900022855,1,7,,1,0,9,1,A01
201900022856,3,7,,0,2,3,13,A01
201900022856,3,7,,0,2,3,13,B01
201900022857,2,14,,0,0,1,13,A01
201900022858,0,7,,0,2,3,16,A01
201900022858,0,33,,0,2,2,26,B01
201900022859,2,3,,6,0,3,1,A01
201900022860,1,7,,0,2,3,13,A01
201900022860,2,7,,0,2,3,1,B01
201900022861,2,7,,0,2,1,1,B01
201900022861,1,7,,0,2,1,15,A01
201900022862,2,10,,0,2,1,2,B01
201900022862,2,7,,0,2,4,2,A01
201900022863,2,7,,0,2,1,2,C01
201900022863,2,7,,0,2,9,2,B01
201900022863,2,7,,0,2,4,2,A01
201900022864,2,7,,0,2,1,1,A01
201900022864,2,7,,0,2,4,1,B01
201900022865,1,7,,3,2,7,14,A01
201900022865,1,7,,3,2,8,1,B01
201900022866,1,7,,4,0,3,13,A01
201900022867,2,10,,0,2,4,23,B01
201900022867,2,7,,1,0,1,2,A01
201900022868,2,10,,0,2,2,2,A01
201900022868,2,10,,0,2,5,2,B01
201900022868,2,7,,0,2,4,2,C01
201900022869,2,10,,0,2,7,12,Z01
201900022869,2,7,,0,2,6,1,B01
201900022869,2,32,,0,2,3,3,A01
201900022870,2,7,,0,2,4,2,D01
201900022870,2,7,,0,2,4,2,C01
201900022870,2,7,,0,2,4,2,B01
201900022870,1,7,,0,2,1,2,A01
201900022871,2,7,,0,2,1,2,B01
201900022871,2,7,,0,2,4,2,A01
201900022872,1,33,,3,0,2,17,A01
201900022873,0,7,,0,0,2,20,B01
201900022873,0,30,,0,2,1,18,A01
201900022874,1,1,,0,2,3,1,B01
201900022875,2,30,,0,2,1,19,A01
201900022875,1,37,1.0,0,2,3,1,B01
201900022876,1,1,,0,0,0,0,B01
201900022876,2,7,,0,2,0,0,A01
201900022877,1,0,,1,0,8,14,A01
201900022877,1,7,,0,2,8,0,B01
201900022878,3,33,,0,2,1,21,A01
201900022878,3,7,,0,2,6,10,B01
201900022879,2,7,,0,2,3,9,C01
201900022879,2,7,,0,2,1,2,A01
201900022879,2,7,,0,2,4,2,B01
201900022880,3,7,,0,2,1,1,B01
201900022880,3,7,,0,2,1,0,A01
201900022881,1,7,,0,1,1,1,A01
201900022882,1,33,,0,0,8,21,A01
201900022883,3,1,,0,2,7,1,B01
201900022883,3,10,,0,2,2,15,A01
201900022884,2,10,,0,2,1,2,C01
201900022884,2,16,,0,2,1,2,B01
201900022884,2,17,,0,2,4,26,A01
201900022885,1,7,,1,2,4,2,A01
201900022885,1,7,,0,2,4,2,B01
201900022886,1,7,,0,2,1,1,A01
201900022886,1,7,,0,2,0,0,B01
201900022886,1,0,,0,0,9,1,C01
201900022887,2,2,,13,0,1,21,A01
201900022888,2,31,,14,0,1,9,A01
201900022889,2,7,,0,2,8,11,A01
201900022889,2,7,,3,2,7,1,B01
201900022890,2,7,,0,2,2,1,A01
201900022890,2,7,,3,2,6,1,B01
201900022891,0,10,,0,2,1,15,A01
201900022891,3,33,,0,2,1,1,B01
201900022892,3,7,,0,2,1,1,A01
201900022892,3,7,,0,2,3,1,B01
201900022893,1,33,,0,2,1,1,B01
201900022893,2,7,,0,2,2,15,A01
201900022894,2,7,,14,0,7,1,B01
201900022894,2,7,,13,2,9,13,A01
201900022895,2,7,,0,2,2,15,A01
201900022895,1,33,,0,2,1,1,B01
201900022896,0,7,,0,2,3,9,A01
201900022896,0,2,,0,2,7,9,B01
201900022897,2,7,,0,1,2,26,A01
201900022898,1,99,,0,2,1,1,A01
201900022898,1,99,,0,0,0,1,B01
201900022899,1,7,,0,2,1,2,A01