Num_Acc,senc,catv,occutc,obs,obsm,choc,manv,num_veh
201900022899,1,7,,0,0,4,1,B01
201900022900,1,37,1.0,0,2,4,1,B01
201900022900,1,7,,14,0,1,26,A01
201900022901,1,32,,0,2,1,2,A01
201900022901,1,7,,0,2,4,0,B01
201900022902,3,7,,0,1,1,1,A01
201900022903,2,30,,8,0,1,13,A01
201900022904,2,7,,0,2,3,1,B01
201900022904,1,7,,0,2,3,2,A01
201900022905,1,7,,8,0,3,26,A01
201900022906,0,7,,0,1,8,16,A01
201900022907,0,7,,0,2,3,15,B01
201900022907,0,7,,0,2,1,9,A01
201900022908,2,31,,0,2,1,1,B01
201900022908,1,7,,0,2,2,13,A01
201900022909,2,33,,0,2,1,5,A01
201900022909,1,30,,0,2,1,1,B01
201900022910,2,33,,2,0,0,1,A01
201900022911,1,2,,0,2,7,13,A01
201900022911,2,7,,0,2,2,1,B01
201900022912,1,7,,0,2,3,1,B01
201900022912,2,10,,0,2,3,13,A01
201900022913,1,7,,0,2,4,2,C01
201900022913,1,7,,0,2,4,2,B01
201900022913,1,7,,0,2,1,2,A01
201900022914,1,7,,0,2,4,2,B01
201900022914,1,33,,0,2,1,2,A01
201900022915,2,32,,0,2,1,2,A01
201900022915,2,7,,0,2,4,2,B01
201900022916,2,33,,0,2,2,3,A01
201900022916,2,10,,0,2,8,11,B01
201900022917,1,7,,0,2,6,15,A01
201900022917,1,30,,0,2,5,1,B01
201900022918,1,30,,0,2,7,17,A01
201900022918,1,1,,0,2,7,1,B01
201900022919,1,33,,0,2,5,1,A01
201900022919,1,7,,0,2,8,22,B01
201900022920,1,30,,1,0,1,14,A01
201900022921,1,7,,0,1,1,1,A01
201900022922,3,7,,0,2,3,15,A01
201900022922,0,2,,0,2,1,1,B01
201900022923,0,30,,0,2,6,2,A01
201900022923,1,7,,0,2,0,0,Z01
201900022924,3,7,,0,2,1,2,B01
201900022924,3,7,,0,2,4,0,A01
201900022925,2,3,,0,2,4,18,B01
201900022925,2,7,,0,2,1,2,A01
201900022926,3,7,,0,1,2,2,A01
201900022927,1,7,,15,1,2,1,A01
201900022928,3,31,,0,2,2,17,A01
201900022928,3,7,,0,2,6,15,B01
201900022929,2,7,,6,0,1,1,A01
201900022930,1,7,,1,0,1,1,A01
201900022931,1,7,,2,0,1,1,A01
201900022932,2,7,,3,0,3,1,A01
201900022933,1,2,,0,2,1,1,B01
201900022933,1,2,,0,2,6,15,A01
201900022934,2,7,,0,0,4,2,B01
201900022934,2,7,,4,2,1,2,A01
201900022935,3,50,,15,9,1,1,A01
201900022936,0,7,,2,0,2,14,A01
201900022937,1,7,,0,9,2,19,A01
201900022937,2,1,,0,2,8,1,B01
201900022938,1,1,,0,2,6,18,B01
201900022938,1,7,,0,2,2,2,A01
201900022939,1,33,,13,0,9,1,A01
201900022940,1,35,,13,0,9,13,A01
201900022941,0,7,,0,0,5,19,B01
201900022941,0,33,,0,2,1,1,A01
201900022942,2,1,,1,0,0,1,A01
201900022943,1,7,,0,1,3,1,A01
201900022944,2,32,,17,0,1,14,A01
201900022945,1,7,,0,9,2,17,A01
201900022945,1,1,,0,2,8,15,B01
201900022946,1,7,,0,2,3,1,B01
201900022946,2,7,,0,2,6,13,A01
201900022947,1,31,,0,2,1,2,A01
201900022947,1,7,,0,0,4,2,B01
201900022948,3,33,,0,2,1,1,B01
201900022948,3,7,,0,2,3,1,A01
201900022949,1,7,,13,0,3,0,A01
201900022950,0,33,,0,2,1,1,B01
201900022950,0,7,,0,2,6,17,A01
201900022951,3,1,,0,0,0,0,A01
201900022952,2,7,,2,0,0,0,A01
201900022953,0,7,,0,2,1,1,A01
201900022953,0,7,,0,2,8,1,B01
201900022953,0,7,,0,2,1,1,C01
201900022954,1,17,,0,2,6,1,B01
201900022954,1,7,,0,2,2,2,A01
201900022955,2,7,,0,2,1,2,B01
201900022955,2,7,,0,2,4,2,A01
201900022956,2,7,,0,2,0,1,B01
201900022956,2,7,,0,2,0,12,A01
201900022957,1,38,1.0,0,0,4,2,B01
201900022957,1,7,,0,2,1,2,A01
201900022958,2,7,,0,2,8,1,C01
201900022958,1,7,,0,2,4,2,B01
201900022958,1,33,,0,2,1,1,A01
201900022959,2,2,,6,0,1,14,A01
201900022960,2,7,,16,0,1,0,A01
201900022961,1,33,,13,0,1,1,A01
201900022962,0,7,,0,0,4,1,B01
201900022962,3,33,,0,2,1,1,A01
201900022963,3,2,,12,0,0,0,A01
201900022964,1,7,,0,2,1,15,B01
201900022964,1,33,,0,2,1,17,A01
201900022965,1,7,,0,2,1,1,B01
201900022965,2,32,,0,2,1,13,A01
201900022966,3,80,,0,2,1,1,B01
201900022966,3,7,,0,9,2,19,A01
201900022967,1,1,,0,2,7,0,A01
201900022967,1,7,,0,2,3,9,B01
201900022968,2,7,,0,2,1,1,A01
201900022968,2,7,,13,0,6,21,B01
201900022968,2,7,,0,2,1,13,C01
201900022969,0,10,,0,2,6,1,A01
201900022969,3,2,,0,2,1,1,B01
201900022970,1,7,,0,9,8,9,B01
201900022970,1,1,,0,2,4,1,A01
201900022971,2,21,,0,2,1,1,B01
201900022971,1,7,,0,2,1,13,A01
201900022972,2,7,,13,0,1,1,A01
201900022973,1,10,,0,2,4,23,B01
201900022973,1,7,,0,0,4,23,C01
201900022973,1,7,,0,2,1,1,A01
201900022974,1,7,,0,0,8,19,B01
201900022974,1,33,,0,2,1,19,A01
201900022975,2,7,,0,2,1,2,C01
201900022975,2,7,,0,2,4,2,B01
201900022975,2,7,,0,0,4,2,A01
201900022976,1,7,,0,2,5,2,A01
201900022976,1,31,,0,2,3,0,B01
201900022977,1,7,,0,2,8,11,B01
201900022977,2,33,,14,2,7,1,A01
201900022978,2,7,,0,0,0,0,A01
201900022979,1,7,,14,0,1,14,A01
201900022980,2,33,,0,2,4,2,B01
201900022980,2,7,,0,2,4,23,C01
201900022980,2,7,,0,2,1,2,A01
201900022981,2,7,,0,2,4,1,B01
201900022981,2,7,,0,2,1,1,A01
201900022982,1,7,,0,2,5,1,D01
201900022982,1,7,,0,2,6,2,B01
201900022982,1,7,,0,2,6,1,C01
201900022982,1,7,,0,2,1,2,A01
201900022983,1,7,,0,0,5,1,C01
201900022983,1,7,,0,0,3,11,B01
201900022983,1,31,,0,2,1,3,A01
201900022984,2,7,,0,2,5,1,B01
201900022984,2,32,,0,2,1,1,A01
201900022985,2,34,,0,2,8,3,B01
201900022985,2,7,,0,0,7,12,Z01
201900022986,2,17,,4,2,5,0,A01
201900022986,2,7,,4,2,1,0,B01
201900022987,2,7,,0,2,1,2,A01
201900022987,2,7,,0,2,4,2,B01
201900022988,1,7,,0,2,1,13,Z01
201900022988,1,7,,0,2,7,1,B01
201900022989,2,7,,0,2,7,12,B01
201900022989,2,7,,0,2,6,1,C01
201900022989,2,33,,0,2,1,3,A01
201900022990,1,7,,0,1,2,9,A01
201900022991,1,7,,0,2,1,26,A01
201900022991,1,7,,0,2,4,1,C01
201900022991,1,7,,0,2,5,1,B01
201900022992,1,1,,0,2,2,1,A01
201900022992,1,7,,0,2,1,1,B01
201900022993,3,7,,0,1,2,15,A01
201900022994,3,7,,0,2,8,14,A01
201900022994,3,7,,0,2,8,23,B01
201900022995,1,30,,11,0,1,11,A01
201900022996,2,30,,0,2,3,1,A01
201900022996,1,7,,0,2,7,10,B01
201900022997,1,7,,0,1,3,26,A01
201900022998,1,7,,0,0,2,2,B01
201900022998,1,7,,0,0,4,2,A01
201900022999,3,7,,0,0,1,1,A01
201900023000,1,7,,0,2,0,0,B01
201900023000,1,7,,16,0,0,0,A01
201900023001,1,7,,0,2,8,1,B01
201900023001,1,7,,0,0,0,0,A01
201900023002,2,3,,0,2,8,1,B01
201900023002,2,14,,0,2,2,15,A01
201900023003,1,7,,0,2,6,13,A01
201900023003,1,7,,0,2,3,1,B01
201900023004,1,10,,0,2,1,2,A01
201900023004,1,7,,0,2,4,23,C01
201900023004,1,7,,0,2,4,23,B01
201900023005,2,7,,0,2,0,0,B01
201900023005,1,7,,0,2,8,2,A01
201900023006,1,7,,0,2,8,15,B01
201900023006,1,32,,0,2,0,1,C01
201900023006,1,31,,0,2,1,17,A01
201900023007,2,31,,0,2,3,17,A01
201900023007,1,7,,0,2,1,1,C01
201900023007,1,7,,0,2,3,15,B01
201900023008,1,7,,4,0,2,15,A01
201900023009,1,7,,8,0,1,1,A01
201900023010,2,7,,0,6,1,19,A01
201900023010,2,1,,0,2,7,1,B01
201900023011,1,50,,0,1,1,25,A01
201900023012,1,7,,0,2,4,2,B01
201900023012,1,7,,0,2,4,2,C01
201900023012,1,7,,0,2,4,2,A01
201900023013,2,7,,0,2,7,12,B01
201900023013,2,33,,0,2,3,3,A01
201900023014,1,7,,0,2,1,1,A01
201900023014,1,7,,0,2,4,2,Z01
201900023015,3,33,,0,2,7,1,A01
201900023015,3,7,,0,2,3,11,B01
201900023016,3,17,,0,2,1,1,A01
201900023016,1,7,,0,2,4,1,B01
201900023017,1,7,,0,2,4,2,D01
201900023017,1,7,,0,2,4,2,B01
201900023017,1,7,,0,2,4,2,C01
201900023017,1,7,,0,2,1,2,A01
201900023018,1,33,,14,0,1,1,A01
201900023019,1,7,,1,0,1,14,A01
201900023019,1,7,,0,2,1,1,C01
201900023019,1,17,,0,2,4,24,B01
201900023020,0,7,,12,0,9,1,A01
201900023021,2,10,,0,2,1,9,A01
201900023021,1,17,,0,2,3,1,B01
201900023021,2,7,,12,0,2,21,C01
201900023022,3,7,,0,2,1,9,A01
201900023022,3,2,,0,2,4,1,B01
201900023023,0,7,,0,1,1,1,Z01
201900023024,3,3,,0,1,1,15,A01
201900023025,1,7,,0,2,3,10,Z01
201900023025,1,7,,0,2,7,21,B01
201900023026,1,32,,0,2,1,1,A01
201900023026,2,7,,0,2,2,15,B01
201900023027,1,7,,0,2,2,17,A01
201900023027,1,7,,0,2,6,0,B01
201900023028,2,1,,0,2,1,1,B01
201900023028,1,10,,0,2,5,24,A01
201900023029,1,40,,0,1,2,1,A01
201900023030,2,33,,0,0,0,1,A01
201900023031,3,20,,0,0,9,15,A01
201900023032,3,7,,6,0,1,15,A01
201900023033,1,7,,0,2,5,1,B01
201900023033,1,7,,0,2,1,1,A01
201900023034,1,7,,12,0,3,13,A01
201900023035,1,2,,6,0,1,1,A01
201900023036,2,7,,6,0,1,14,A01
201900023037,2,7,,0,2,1,15,A01
201900023037,2,31,,0,2,1,1,B01
201900023038,2,2,,2,2,1,21,A01
201900023038,2,14,,0,0,0,15,B01
201900023039,1,2,,0,0,0,0,A01
201900023040,3,1,,0,2,0,15,B01
201900023040,3,7,,0,2,0,1,A01
201900023041,1,7,,0,2,1,1,A01
201900023041,1,7,,0,2,2,1,B01
201900023042,2,7,,0,2,1,2,A01
201900023042,2,31,,0,2,4,2,C01
201900023042,2,10,,0,2,4,2,B01
201900023042,2,7,,0,2,4,2,D01
201900023043,2,7,,0,2,2,17,A01
201900023043,2,10,,0,2,6,1,B01
201900023044,1,7,,0,2,1,1,A01
201900023044,1,7,,0,2,4,1,B01
201900023045,0,30,,0,2,1,1,A01
201900023045,0,80,,0,2,1,1,B01
201900023046,1,7,,0,2,9,1,B01
201900023046,1,14,,0,2,7,14,A01
201900023047,1,7,,0,0,4,23,B01
201900023047,1,7,,0,2,1,26,A01
201900023048,3,7,,0,1,1,0,A01
201900023049,2,7,,13,0,0,1,A01
201900023050,1,7,,2,0,2,1,A01
201900023051,3,7,,0,1,3,15,A01
201900023052,1,7,,8,0,1,1,A01
201900023053,1,10,,0,2,8,19,A01
201900023053,0,33,,0,2,1,1,C01
201900023053,0,33,,0,2,1,1,B01
201900023054,1,20,,0,2,1,26,A01
201900023054,1,20,,0,2,4,15,B01
201900023055,3,10,,0,1,4,26,M01
201900023056,1,30,,0,1,1,17,A01
201900023057,1,7,,0,2,1,21,A01
201900023057,1,7,,0,2,0,26,Z01
201900023058,2,33,,4,2,1,1,A01
201900023058,1,7,,0,2,8,1,B01
201900023059,3,7,,0,2,7,1,B01
201900023059,3,7,,0,2,1,1,A01
201900023060,3,30,,0,2,1,1,B01
201900023060,1,7,,0,2,3,1,A01
201900023061,2,80,,1,0,1,1,A01
201900023062,1,43,,15,0,1,1,A01
201900023063,1,7,,0,2,2,1,B01
201900023063,2,1,,0,2,7,13,A01
201900023064,1,7,,0,2,8,1,B01
201900023064,2,32,,0,2,1,9,A01
201900023065,2,43,,0,2,2,2,A01
201900023065,2,7,,0,2,6,1,B01
201900023066,1,43,,0,2,7,3,B01
201900023066,1,7,,0,2,8,11,A01
201900023067,3,7,,4,0,8,13,A01
201900023068,2,10,,0,1,0,1,A01
201900023068,2,1,,0,2,1,17,B01
201900023069,2,7,,0,1,2,7,A01
201900023070,3,37,1.0,0,1,2,1,A01
201900023071,2,7,,0,1,1,4,Z01
201900023072,3,1,,0,2,2,1,B01
201900023072,3,7,,0,2,1,15,A01
201900023073,1,7,,0,2,0,10,B01
201900023073,1,32,,0,2,0,17,A01
201900023074,2,7,,0,2,1,2,A01
201900023074,2,7,,0,2,6,20,B01
201900023075,1,33,,0,0,8,1,A01
201900023076,1,14,,0,1,1,16,A01
201900023077,2,7,,0,1,1,1,A01
201900023078,2,13,,0,1,4,1,Z01
201900023079,1,33,,0,2,5,23,A01
201900023079,1,7,,0,2,0,16,Z01
201900023080,1,7,,0,2,3,1,A01
201900023080,1,7,,0,2,3,1,B01
201900023081,2,32,,0,2,1,17,A01
201900023081,2,7,,0,2,3,15,B01
201900023082,1,2,,0,2,2,15,B01
201900023082,0,7,,0,0,3,15,A01
201900023083,3,7,,0,2,1,19,A01
201900023083,3,7,,0,2,1,19,B01
201900023084,2,30,,0,2,3,13,A01
201900023084,1,7,,0,2,3,0,B01
201900023085,1,31,,14,0,0,1,A01
201900023086,3,7,,0,1,5,4,A01
201900023087,2,7,,0,2,2,2,B01
201900023087,1,7,,0,2,8,26,A01
201900023088,1,30,,8,0,1,21,A01
201900023089,2,7,,0,2,2,15,A01
201900023089,1,32,,0,2,3,1,B01
201900023089,3,10,,1,0,0,24,C01
201900023090,1,7,,0,1,2,19,A01
201900023091,1,7,,0,1,1,19,A01
201900023092,0,7,,0,2,7,12,B01
201900023092,3,34,,0,2,8,18,A01
201900023093,1,30,,0,2,1,1,B01
201900023093,1,15,,0,2,2,9,A01
201900023094,1,7,,0,2,3,2,A01
201900023094,1,2,,0,2,5,20,B01
201900023095,2,7,,0,2,3,5,A01
201900023095,2,7,,0,2,2,1,B01
201900023096,3,50,,0,1,1,1,A01
201900023097,0,32,,0,0,2,1,A01
201900023098,1,7,,0,2,3,5,B01
201900023098,2,7,,0,2,3,5,A01
201900023099,1,7,,6,0,1,1,A01
201900023100,0,7,,0,2,1,9,B01
201900023100,0,33,,0,2,1,1,A01
201900023101,1,7,,0,1,2,1,A01
201900023102,1,7,,0,2,3,1,B01
201900023102,2,31,,0,2,1,15,A01
201900023103,1,7,,5,2,3,1,B01
201900023103,0,7,,0,2,1,1,A01
201900023104,1,7,,0,0,8,0,A01
201900023105,2,7,,0,2,3,13,A01
201900023105,1,32,,0,2,1,1,B01
201900023105,1,10,,0,2,2,1,C01
201900023106,0,31,,0,0,7,1,A01
201900023107,2,7,,0,0,9,14,A01
201900023108,2,33,,15,0,0,17,A01
201900023109,2,7,,0,0,0,1,A01
201900023109,1,31,,0,2,1,1,C01
201900023109,2,1,,0,2,1,17,B01
201900023110,1,33,,0,2,7,13,A01
201900023110,1,10,,0,2,6,13,B01
201900023111,1,33,,10,0,1,0,A01
201900023112,1,7,,0,0,4,2,B01
201900023112,1,99,,0,2,1,2,A01
201900023113,2,10,,0,2,1,1,A01
201900023113,1,7,,0,0,2,1,B01
201900023114,2,7,,8,0,1,13,A01
201900023115,1,33,,0,2,1,1,B01
201900023115,0,7,,0,0,8,26,A01
201900023116,1,7,,0,0,4,15,A01
201900023116,1,7,,0,2,1,2,B01
201900023117,1,7,,0,0,6,17,A01
201900023117,1,33,,0,2,1,17,B01
201900023118,2,2,,0,2,1,18,B01
201900023118,3,7,,0,2,1,11,A01
201900023119,1,10,,0,2,2,16,B01
201900023119,1,2,,0,2,1,18,A01
201900023120,1,7,,0,1,3,9,A01
201900023121,1,7,,0,1,1,1,A01
201900023122,0,33,,0,2,1,1,B01
201900023122,0,7,,0,2,3,19,A01
201900023123,2,7,,0,6,1,15,B01
201900023123,1,33,,0,2,1,11,A01
201900023124,1,7,,0,2,1,1,A01
201900023124,1,7,,0,2,4,15,B01
201900023125,3,7,,0,1,1,1,A01
201900023126,1,7,,9,0,1,1,A01
201900023127,2,7,,0,2,4,2,B01
201900023127,2,7,,0,2,4,2,C01
201900023127,2,7,,0,2,1,2,A01
201900023128,1,10,,0,2,5,1,B01
201900023128,1,7,,0,2,3,1,A01
201900023129,1,7,,0,0,9,16,A01
201900023130,1,33,,0,2,5,0,B01
201900023130,2,7,,0,2,2,15,A01
201900023131,2,30,,0,2,4,11,B01
201900023132,0,7,,8,2,8,19,A01
201900023132,1,13,,0,2,1,1,B01
201900023133,2,7,,0,2,8,13,A01
201900023133,2,17,,0,2,7,1,B01
201900023134,2,13,,0,2,8,0,B01
201900023134,2,17,,0,2,3,13,A01
201900023135,2,10,,0,2,1,2,A01
201900023135,2,7,,0,2,4,1,B01
201900023136,1,10,,0,2,6,1,A01
201900023137,2,7,,0,2,6,2,A01
201900023137,2,7,,0,2,6,2,B01
201900023137,2,14,,0,2,7,14,Z01
201900023138,1,7,,0,2,4,23,D01
201900023138,1,10,,0,2,4,23,B01
201900023138,1,10,,0,2,4,23,C01
201900023138,1,7,,1,0,1,2,A01
201900023139,2,7,,0,2,5,0,C01
201900023139,2,7,,0,2,2,0,B01
201900023139,2,13,,0,2,3,21,A01
201900023140,1,10,,0,2,1,1,A01
201900023140,1,10,,0,2,4,1,B01
201900023141,3,10,,0,2,1,2,A01
201900023141,3,7,,0,2,4,1,B01
201900023142,1,7,,0,2,1,1,B01
201900023142,1,7,,0,2,1,1,A01
201900023143,1,7,,0,2,2,1,A01
201900023143,1,34,,0,2,8,1,B01
201900023144,2,7,,0,2,3,1,B01
201900023144,1,7,,0,2,1,15,A01
201900023145,1,7,,4,0,3,26,A01
201900023146,0,30,,0,2,2,17,A01
201900023146,0,7,,0,2,0,0,B01
201900023147,2,7,,0,2,3,1,B01
201900023147,2,7,,0,2,5,1,A01
201900023148,2,32,,0,1,1,1,A01
201900023149,2,32,,4,0,1,1,A01
201900023150,1,2,,0,2,6,2,B01
201900023150,1,7,,0,2,2,2,A01
201900023151,1,7,,0,1,1,15,A01
201900023152,1,2,,0,2,1,1,B01
201900023152,1,7,,0,2,2,15,A01
201900023153,1,7,,14,0,1,1,B01
201900023153,2,30,,14,0,1,1,A01
201900023154,2,7,,0,6,1,1,C01
201900023154,2,15,,0,6,1,1,B01
201900023154,2,1,,0,2,4,1,A01
201900023155,1,2,,0,2,1,1,B01
201900023155,1,7,,0,2,2,9,A01
201900023156,2,2,,0,2,4,26,B01
201900023156,2,7,,0,2,1,26,A01
201900023157,1,32,,0,0,8,21,A01
201900023158,1,30,,14,0,1,1,A01
201900023159,1,7,,0,1,1,1,A01
201900023160,3,33,,0,2,0,1,B01
201900023160,3,7,,0,0,0,13,A01
201900023161,1,7,,0,2,4,1,C01
201900023161,1,7,,0,2,4,1,B01
201900023161,1,7,,0,2,1,26,A01
201900023162,0,7,,0,2,1,1,A01
201900023162,0,1,,0,2,8,1,C01
201900023162,0,2,,0,2,7,1,B01
201900023163,1,2,,0,2,7,1,B01
201900023163,0,7,,0,2,1,9,A01
201900023164,2,2,,0,2,1,2,A01
201900023164,2,10,,0,2,5,16,B01
201900023165,0,1,,0,2,8,26,B01
201900023165,3,0,,0,2,8,2,Z01
201900023166,1,10,,0,1,8,0,Z01
201900023167,0,0,,0,1,0,0,Z01
201900023168,2,7,,0,2,1,15,B01
201900023168,1,7,,0,2,8,1,A01
201900023169,1,7,,0,1,1,1,A01
201900023170,2,7,,0,1,8,1,A01
201900023171,2,7,,0,1,1,1,A01
201900023172,1,7,,0,2,1,2,B01
201900023172,1,33,,0,2,4,23,A01
201900023173,2,40,,0,1,1,1,A01
201900023174,1,10,,0,2,1,15,A01
201900023174,2,34,,0,2,1,1,B01
201900023175,1,7,,0,1,1,1,A01
201900023176,1,7,,0,1,2,1,A01
201900023177,2,7,,0,2,1,1,A01
201900023177,1,7,,0,2,1,1,B01
201900023178,2,1,,0,2,7,19,B01
201900023178,2,7,,0,2,3,13,A01
201900023179,2,10,,0,2,1,2,A01
201900023179,2,7,,0,2,4,1,B01
201900023179,2,7,,0,2,4,1,C01
201900023180,1,7,,0,2,3,19,A01
201900023180,1,7,,0,2,5,2,B01
201900023180,1,7,,0,2,2,2,C01
201900023180,1,7,,0,2,5,2,D01
201900023180,1,7,,0,2,4,2,E01
201900023180,1,7,,0,2,4,2,F01
201900023181,1,0,,0,2,0,26,B01
201900023182,1,31,,0,2,4,23,B01
201900023182,1,7,,0,2,1,9,A01
201900023183,3,7,,0,1,2,1,A01
201900023184,2,50,,0,2,3,17,A01
201900023184,0,7,,0,2,3,15,B01
201900023185,2,30,,0,2,3,13,A01
201900023185,1,10,,0,2,3,1,B01
201900023186,1,7,,0,1,6,20,A01
201900023187,2,37,1.0,9,6,1,24,B01
201900023187,1,33,,14,6,3,26,A01
201900023188,3,7,,1,1,2,9,A01
201900023189,1,7,,0,2,4,2,B01
201900023189,1,7,,0,2,1,2,A01
201900023190,3,15,,0,2,4,2,B01
201900023190,3,7,,0,2,1,2,A01
201900023191,3,30,,14,0,0,26,A01
201900023192,2,1,,0,2,0,9,A01
201900023192,2,7,,0,2,7,1,B01
201900023193,2,7,,0,1,3,1,A01
201900023194,2,7,,0,2,1,13,A01
201900023194,1,7,,0,2,2,1,B01
201900023195,3,33,,0,2,7,1,B01
201900023195,3,7,,0,2,1,9,A01
201900023196,1,2,,0,2,3,1,B01
201900023196,2,7,,0,2,2,1,A01
201900023197,2,7,,0,6,8,15,A01
201900023197,2,2,,0,2,7,17,B01
201900023198,3,7,,0,2,2,26,C01
201900023198,3,30,,0,2,1,26,A01
201900023198,3,30,,0,2,1,26,B01
201900023199,1,34,,0,2,1,1,B01
201900023199,1,7,,0,2,3,9,A01
201900023200,3,7,,0,2,1,16,A01
201900023200,3,33,,0,2,4,1,B01
201900023201,3,99,,0,0,2,16,A01
201900023202,3,7,,0,1,2,15,A01
201900023203,1,99,,0,2,3,0,B01
201900023203,1,7,,0,2,2,9,A01
201900023204,2,7,,0,0,8,15,A01
201900023204,2,33,,0,2,7,2,B01
201900023205,1,15,,0,2,4,24,C01
201900023205,1,14,,0,2,5,24,B01
201900023205,1,7,,1,2,1,1,A01
201900023206,0,33,,0,2,1,2,A01
201900023206,0,7,,0,2,4,2,B01
201900023207,2,30,,0,2,1,0,A01
201900023207,2,7,,0,2,3,0,B01
201900023207,2,7,,0,2,4,0,C01
201900023208,1,33,,0,2,1,17,A01
201900023209,3,7,,0,2,3,15,B01
201900023209,3,30,,0,2,1,1,A01
201900023210,1,7,,6,0,1,1,A01
201900023211,1,7,,0,1,1,1,A01
201900023212,1,7,,0,1,1,1,A01
201900023213,1,33,,0,2,4,23,B01
201900023213,1,7,,0,2,3,15,A01
201900023214,3,7,,0,2,2,13,A01
201900023214,1,7,,0,2,1,19,Z01
201900023215,2,7,,0,2,1,1,B01
201900023215,3,7,,0,2,5,15,A01
201900023216,1,7,,0,1,3,2,A01
201900023217,2,32,,0,2,1,1,B01
201900023217,2,7,,0,2,3,10,A01
201900023218,1,7,,0,2,4,23,A01
201900023218,1,7,,0,2,1,2,B01
201900023219,0,7,,0,2,1,15,B01
201900023219,0,33,,0,2,1,5,A01
201900023220,1,7,,0,1,3,1,A01
201900023221,1,2,,0,2,2,17,B01
201900023221,1,10,,0,2,8,10,A01
201900023222,1,7,,14,0,1,26,A01
201900023222,1,7,,14,0,4,26,B01
201900023223,1,17,,0,2,5,16,A01
201900023223,1,1,,0,2,1,1,B01
201900023224,1,7,,11,2,2,9,A01
201900023224,2,1,,0,2,8,0,B01
201900023225,1,2,,0,2,4,2,B01
201900023225,1,13,,0,2,3,2,A01
201900023226,1,30,,1,0,8,5,A01
201900023226,1,7,,0,0,0,0,B01
201900023227,1,2,,0,2,1,17,B01
201900023227,1,7,,0,2,6,24,A01
201900023228,1,1,,0,2,4,0,C01
201900023228,1,7,,1,2,1,15,A01
201900023228,2,7,,0,2,7,1,B01
201900023229,3,7,,0,2,2,2,A01
201900023229,3,33,,0,2,4,23,B01
201900023230,1,7,,10,0,1,21,C01
201900023230,1,2,,0,2,4,2,B01
201900023230,1,7,,0,2,1,2,A01
201900023231,1,7,,0,1,2,16,A01
201900023232,2,10,,0,2,3,26,B01
201900023232,2,7,,6,2,2,1,A01
201900023233,2,1,,0,2,3,15,B01
201900023233,2,7,,0,2,2,2,A01
201900023234,2,7,,0,2,2,1,A01
201900023234,2,1,,0,2,4,1,B01
201900023235,2,32,,8,0,3,14,A01
201900023236,1,2,,0,2,8,13,A01
201900023236,2,13,,0,2,8,1,B01
201900023237,2,7,,0,1,2,1,A01
201900023238,2,33,,0,2,1,26,B01
201900023238,2,7,,0,2,4,23,A01
201900023239,1,10,,0,0,8,1,B01
201900023239,1,33,,0,2,1,19,A01
201900023240,2,7,,0,2,3,9,A01
201900023240,2,30,,0,2,5,1,B01
201900023241,1,7,,0,2,1,13,A01
201900023241,2,7,,0,2,1,1,B01
201900023242,1,7,,0,1,3,1,A01
201900023243,1,10,,0,1,3,1,A01
201900023244,2,7,,0,1,6,26,A01
201900023245,2,1,,0,2,1,1,B01
201900023245,1,7,,0,2,8,19,A01
201900023246,2,1,,0,2,1,2,C01
201900023246,2,7,,0,2,4,20,B01
201900023246,2,1,,0,2,1,2,A01
201900023247,3,1,,0,2,1,1,A01
201900023247,3,7,,0,2,7,1,B01
201900023248,1,7,,0,2,3,26,A01
201900023248,1,7,,0,2,2,0,B01
201900023249,0,33,,0,2,1,1,B01
201900023249,0,7,,0,2,2,0,A01
201900023250,3,33,,2,2,2,17,A01
201900023251,2,10,,0,2,2,19,A01
201900023251,1,2,,0,2,1,1,B01
201900023252,1,7,,0,2,1,1,C01
201900023252,1,7,,0,2,6,1,B01
201900023252,1,7,,0,2,2,1,A01
201900023253,1,7,,0,2,2,15,A01
201900023253,2,7,,0,2,3,16,B01
201900023254,1,7,,0,2,1,13,A01
201900023254,2,7,,0,2,1,1,B01
201900023255,1,7,,0,2,3,1,B01
201900023255,0,1,,0,2,1,1,A01
201900023256,1,7,,0,2,8,15,B01
201900023256,1,32,,0,2,1,17,A01
201900023257,2,7,,0,0,4,2,B01
201900023257,2,7,,0,2,1,2,A01
201900023258,0,7,,0,1,4,20,A01
201900023259,0,7,,0,1,1,15,A01
201900023260,2,33,,0,0,1,1,A01
201900023261,0,10,,0,0,6,15,A01
201900023261,0,2,,0,2,1,2,B01
201900023262,3,30,,0,0,7,1,A01
201900023263,2,7,,0,2,1,9,A01
201900023263,3,1,,0,2,7,1,B01
201900023264,1,7,,0,2,1,1,B01
201900023264,1,7,,0,2,8,16,A01
201900023265,2,7,,0,2,7,15,B01
201900023265,1,31,,0,2,1,1,A01
201900023266,1,1,,0,2,1,9,A01
201900023266,1,7,,0,2,3,1,B01
201900023267,1,14,,0,2,8,24,B01
201900023267,1,13,,1,0,6,4,A01
201900023268,3,7,,0,0,0,0,Z01
201900023268,3,1,,0,2,8,1,B01
201900023269,3,7,,0,2,2,1,B01
201900023269,3,7,,0,2,3,15,A01
201900023270,1,7,,0,2,4,2,A01
201900023270,1,7,,0,2,4,2,B01
201900023271,1,7,,0,2,4,0,C01
201900023271,1,7,,0,2,4,0,B01