Num_Acc,senc,catv,occutc,obs,obsm,choc,manv,num_veh
201900023271,1,7,,0,2,1,1,A01
201900023272,3,7,,0,1,0,26,A01
201900023273,3,7,,0,2,8,1,B01
201900023273,3,37,1.0,0,2,1,1,A01
201900023274,1,1,,1,0,1,5,B01
201900023274,3,7,,0,2,2,9,A01
201900023275,1,33,,14,0,8,13,A01
201900023276,1,37,1.0,0,2,1,2,A01
201900023276,1,7,,0,2,4,2,B01
201900023277,1,31,,3,2,2,16,A01
201900023277,1,7,,0,2,3,1,B01
201900023277,1,7,,0,2,1,1,C01
201900023277,1,7,,0,2,1,1,D01
201900023278,3,7,,1,0,3,26,A01
201900023279,3,33,,1,2,1,1,B01
201900023279,3,10,,0,2,7,1,A01
201900023280,2,7,,0,2,1,2,A01
201900023280,2,7,,0,2,4,2,B01
201900023280,2,7,,0,2,4,2,C01
201900023280,2,7,,0,2,4,2,D01
201900023281,3,0,,0,2,1,19,A01
201900023281,3,7,,0,2,3,1,B01
201900023282,0,2,,0,2,0,1,A01
201900023282,0,1,,0,2,0,1,B01
201900023283,1,7,,0,1,3,1,A01
201900023284,1,7,,2,0,3,2,A01
201900023285,3,7,,0,1,2,26,A01
201900023286,2,7,,0,2,1,1,B01
201900023286,2,7,,0,2,1,15,A01
201900023287,1,7,,0,2,3,5,A01
201900023287,2,1,,0,2,1,1,B01
201900023288,1,32,,0,2,1,17,A01
201900023288,1,7,,0,2,8,15,B01
201900023289,1,2,,0,2,1,1,A01
201900023289,1,7,,0,2,4,2,B01
201900023290,2,7,,0,2,4,16,B01
201900023290,2,7,,0,2,1,1,A01
201900023291,0,1,,0,2,4,19,A01
201900023291,0,7,,0,6,1,0,B01
201900023292,3,7,,0,2,1,13,A01
201900023292,3,7,,0,2,1,1,B01
201900023293,1,2,,0,2,7,1,B01
201900023293,3,7,,0,2,1,9,A01
201900023294,1,2,,0,1,1,1,A01
201900023295,1,7,,0,2,3,13,A01
201900023295,2,10,,0,2,6,1,B01
201900023296,1,31,,3,0,1,1,A01
201900023297,3,2,,0,2,2,1,A01
201900023297,3,7,,0,2,2,1,B01
201900023298,0,1,,0,2,0,1,B01
201900023298,0,7,,0,2,3,1,A01
201900023299,3,30,,0,0,0,1,A01
201900023300,1,15,,0,2,0,9,B01
201900023300,1,1,,0,2,0,26,A01
201900023301,0,2,,0,2,1,1,A01
201900023301,0,7,,0,2,7,15,B01
201900023302,2,30,,0,2,1,13,A01
201900023302,1,7,,0,2,3,1,B01
201900023303,0,7,,0,2,1,1,B01
201900023303,0,7,,0,2,6,1,A01
201900023304,1,7,,0,1,3,1,A01
201900023305,1,7,,0,0,9,16,A01
201900023306,3,2,,0,2,0,0,B01
201900023306,3,10,,0,2,2,10,A01
201900023307,1,7,,0,2,3,16,A01
201900023307,1,7,,0,2,3,23,B01
201900023308,2,7,,0,1,1,1,A01
201900023309,1,7,,0,1,3,26,A01
201900023310,0,10,,0,2,1,17,A01
201900023310,0,7,,0,2,3,1,B01
201900023311,3,7,,0,2,2,1,B01
201900023311,3,7,,0,2,1,19,A01
201900023312,1,7,,8,0,4,26,A01
201900023313,1,7,,8,0,1,0,A01
201900023314,3,33,,0,2,0,0,B01
201900023314,3,7,,0,2,3,15,A01
201900023315,1,10,,0,1,4,4,A01
201900023316,2,7,,8,1,2,20,A01
201900023317,1,1,,0,2,1,1,B01
201900023317,1,7,,0,2,3,1,A01
201900023318,2,7,,0,2,0,15,A01
201900023318,1,30,,0,2,1,1,B01
201900023319,2,7,,0,2,2,17,A01
201900023319,2,14,,0,2,6,1,B01
201900023320,1,7,,0,2,0,15,B01
201900023320,1,32,,0,2,0,17,A01
201900023321,2,14,,0,2,1,2,A01
201900023321,2,7,,0,2,4,2,B01
201900023322,3,32,,0,2,8,1,A01
201900023322,3,7,,0,2,1,1,C01
201900023322,3,7,,0,2,1,1,B01
201900023323,1,30,,0,2,2,1,A01
201900023323,3,30,,0,2,1,5,Z01
201900023324,2,2,,0,2,1,0,B01
201900023324,1,7,,0,2,1,15,A01
201900023325,3,7,,0,2,1,15,B01
201900023325,1,30,,0,2,1,1,A01
201900023326,1,7,,0,1,2,1,A01
201900023327,1,13,,0,1,2,1,B01
201900023327,1,1,,0,2,1,9,Y01
201900023328,3,15,,0,2,6,0,B01
201900023328,3,30,,1,0,1,0,A01
201900023329,1,10,,0,2,1,2,B01
201900023329,1,10,,0,2,4,23,A01
201900023330,3,7,,0,9,3,13,A01
201900023330,3,7,,0,9,1,0,B01
201900023330,3,32,,0,2,0,0,C01
201900023331,1,1,,0,2,1,1,B01
201900023331,1,10,,0,6,5,26,A01
201900023332,1,7,,0,2,4,2,A01
201900023332,1,7,,0,2,0,0,B01
201900023333,1,7,,0,1,2,1,A01
201900023334,3,30,,0,1,1,26,A01
201900023335,3,7,,0,2,2,2,A01
201900023335,3,2,,0,2,7,15,B01
201900023336,2,7,,0,2,1,1,A01
201900023336,2,7,,0,2,4,23,B01
201900023337,2,7,,0,6,4,1,B01
201900023337,2,1,,0,2,1,21,A01
201900023338,1,7,,0,6,3,20,A01
201900023338,1,33,,0,2,7,1,B01
201900023339,1,33,,1,0,1,21,A01
201900023339,1,38,1.0,0,2,6,24,B01
201900023340,2,7,,0,2,2,17,A01
201900023340,2,1,,0,2,3,1,B01
201900023341,2,31,,12,0,2,1,A01
201900023342,1,0,,0,2,3,1,B01
201900023342,2,33,,0,2,1,1,A01
201900023343,2,7,,2,0,8,1,A01
201900023344,2,7,,0,1,2,1,A01
201900023345,2,33,,0,2,1,0,A01
201900023345,2,7,,0,2,5,26,B01
201900023346,1,7,,0,0,8,15,B01
201900023346,1,7,,7,2,1,17,A01
201900023347,1,7,,13,0,5,1,A01
201900023348,2,7,,6,0,0,13,A01
201900023349,2,7,,0,2,3,13,A01
201900023349,1,7,,0,2,3,1,B01
201900023350,2,7,,13,2,3,1,B01
201900023350,1,7,,0,2,3,13,A01
201900023351,2,17,,0,1,7,1,A01
201900023352,1,33,,0,0,0,1,A01
201900023353,1,7,,13,0,3,13,A01
201900023354,2,7,,0,2,2,15,B01
201900023354,2,31,,0,2,7,1,A01
201900023355,1,7,,13,0,2,1,A01
201900023356,1,7,,0,2,1,1,A01
201900023356,2,15,,0,2,3,1,B01
201900023357,1,7,,13,0,2,0,F01
201900023358,2,33,,0,2,0,1,A01
201900023358,1,10,,0,2,3,15,B01
201900023359,3,7,,13,0,2,21,A01
201900023360,1,7,,0,2,1,1,B01
201900023360,2,7,,15,2,1,1,A01
201900023361,3,7,,0,2,3,9,A01
201900023361,1,33,,0,2,1,2,B01
201900023362,2,7,,0,2,1,1,B01
201900023362,1,7,,0,2,1,13,A01
201900023363,1,7,,0,0,8,1,A01
201900023363,1,7,,0,2,1,1,B01
201900023364,1,15,,0,0,0,1,A01
201900023365,3,33,,12,0,1,1,A01
201900023366,3,7,,0,2,3,9,A01
201900023366,3,7,,0,2,0,1,B01
201900023367,1,2,,0,0,9,1,A01
201900023368,2,7,,0,2,1,1,B01
201900023368,2,10,,0,0,4,1,A01
201900023369,2,7,,0,2,6,17,B01
201900023369,2,7,,0,2,1,17,A01
201900023370,1,7,,0,2,1,1,C01
201900023370,1,7,,0,2,4,1,B01
201900023370,1,7,,0,0,4,1,A01
201900023371,3,7,,0,9,1,3,A01
201900023371,3,1,,0,0,4,3,B01
201900023372,1,99,,0,0,0,1,A01
201900023373,2,14,,0,2,3,1,A01
201900023373,1,33,,0,2,0,2,B01
201900023374,0,7,,0,9,1,13,A01
201900023374,1,1,,0,2,4,13,B01
201900023375,1,33,,0,2,1,1,B01
201900023375,2,7,,0,2,2,15,A01
201900023376,0,7,,0,1,1,26,C01
201900023376,0,7,,0,1,2,26,B01
201900023376,3,13,,1,0,5,1,A01
201900023377,2,7,,0,2,2,14,B01
201900023377,2,17,,0,0,3,1,A01
201900023378,3,1,,0,2,2,19,B01
201900023378,3,37,1.0,0,9,3,1,A01
201900023379,1,33,,0,0,0,16,A01
201900023380,1,7,,0,0,1,26,B01
201900023380,1,7,,0,0,8,26,A01
201900023381,2,15,,0,2,3,1,C01
201900023381,1,7,,4,2,2,21,B01
201900023381,2,7,,0,2,2,13,A01
201900023382,2,33,,0,2,1,17,A01
201900023382,1,7,,0,2,1,16,B01
201900023383,1,7,,13,0,1,1,A01
201900023384,2,43,,0,2,1,2,A01
201900023384,2,7,,0,2,4,1,B01
201900023385,1,17,,4,2,1,13,A01
201900023385,1,7,,0,2,6,2,B01
201900023385,1,17,,0,2,4,1,C01
201900023385,1,14,,0,2,1,2,D01
201900023386,1,10,,0,2,5,1,B01
201900023386,1,7,,10,2,5,1,A01
201900023387,1,7,,0,2,3,9,A01
201900023387,1,14,,0,2,2,1,B01
201900023387,1,7,,0,2,6,1,C01
201900023387,1,7,,0,2,1,1,D01
201900023388,1,15,,0,2,2,14,B01
201900023388,1,7,,0,2,6,1,A01
201900023389,1,7,,0,0,1,21,A01
201900023390,2,7,,0,2,7,12,B01
201900023390,2,33,,0,2,8,12,A01
201900023391,1,10,,4,0,2,1,A01
201900023392,2,7,,4,0,1,13,A01
201900023393,2,17,,0,2,5,2,B01
201900023393,2,7,,0,2,3,2,A01
201900023394,1,33,,0,2,1,1,B01
201900023394,1,7,,4,2,3,23,A01
201900023395,2,30,,0,1,0,17,A01
201900023396,1,10,,0,1,3,0,Z01
201900023397,1,7,,0,1,2,1,A01
201900023398,1,7,,0,1,2,1,A01
201900023399,1,7,,0,2,4,4,A01
201900023399,1,7,,0,2,1,1,B01
201900023400,1,33,,0,2,2,1,B01
201900023400,1,7,,0,2,8,1,A01
201900023401,2,7,,0,0,0,0,B01
201900023401,2,7,,0,2,1,26,A01
201900023402,1,3,,0,1,4,2,B01
201900023402,1,7,,0,2,1,2,A01
201900023403,2,7,,0,2,1,2,A01
201900023403,2,7,,1,0,4,2,B01
201900023404,3,7,,0,2,4,2,A01
201900023404,3,7,,0,2,4,2,B01
201900023405,1,7,,0,2,1,1,B01
201900023405,1,7,,0,2,1,13,A01
201900023406,1,7,,1,0,3,15,A01
201900023407,1,7,,0,2,4,2,B01
201900023407,1,7,,0,2,1,2,A01
201900023408,3,7,,0,1,4,15,A01
201900023409,2,7,,0,1,1,19,A01
201900023410,3,7,,0,2,3,13,A01
201900023410,3,7,,0,2,3,0,B01
201900023411,0,7,,12,0,1,12,A01
201900023412,3,1,,0,2,1,1,B01
201900023412,3,7,,0,2,2,1,A01
201900023413,2,33,,0,2,1,1,B01
201900023413,1,7,,0,2,1,15,A01
201900023414,0,2,,0,2,1,1,B01
201900023414,0,7,,0,2,1,15,A01
201900023415,1,7,,0,1,1,0,A01
201900023416,1,7,,11,0,1,15,A01
201900023417,2,32,,0,1,1,1,A01
201900023418,1,7,,0,1,8,1,A01
201900023419,1,7,,0,1,1,1,A01
201900023420,2,7,,0,2,1,1,B01
201900023420,2,7,,0,2,7,15,A01
201900023421,1,7,,0,2,1,26,C01
201900023421,1,7,,0,2,1,9,B01
201900023421,1,7,,0,2,1,1,A01
201900023422,3,32,,0,2,1,1,B01
201900023422,3,7,,0,2,4,26,A01
201900023423,3,30,,0,2,1,1,B01
201900023423,3,7,,0,2,2,15,A01
201900023424,2,33,,0,2,2,16,A01
201900023424,2,7,,0,2,3,1,B01
201900023425,3,7,,0,2,3,15,A01
201900023425,3,2,,0,2,2,3,B01
201900023426,2,7,,0,2,2,9,A01
201900023426,1,7,,0,2,8,9,B01
201900023427,2,2,,0,2,1,24,B01
201900023427,3,7,,14,2,1,26,A01
201900023428,0,7,,0,2,6,1,B01
201900023428,0,7,,0,2,3,1,A01
201900023429,3,34,,0,2,3,9,A01
201900023429,3,10,,0,2,5,9,B01
201900023430,3,3,,1,0,2,0,A01
201900023431,2,7,,6,0,1,1,A01
201900023432,3,33,,14,0,1,2,A01
201900023433,1,7,,0,2,1,2,A01
201900023433,1,7,,0,2,6,2,B01
201900023434,1,7,,0,2,1,15,A01
201900023434,2,31,,0,2,8,1,B01
201900023435,1,7,,13,2,1,2,A01
201900023435,1,7,,0,2,4,2,B01
201900023436,1,7,,0,2,4,2,B01
201900023436,1,7,,12,2,1,2,A01
201900023437,1,7,,0,1,1,1,A01
201900023438,3,7,,0,1,1,1,A01
201900023439,3,7,,0,2,1,15,B01
201900023439,3,7,,0,2,1,1,A01
201900023440,1,32,,0,2,7,15,B01
201900023440,2,7,,0,2,1,1,A01
201900023441,3,7,,0,1,1,1,A01
201900023442,0,7,,0,1,1,16,A01
201900023443,1,10,,0,2,1,16,B01
201900023443,2,2,,0,2,7,1,A01
201900023444,3,30,,0,4,5,26,A01
201900023444,-1,39,,0,2,1,1,B01
201900023445,1,33,,0,2,8,1,B01
201900023445,2,7,,0,2,3,15,A01
201900023446,1,33,,0,2,1,1,B01
201900023446,2,7,,0,2,2,15,A01
201900023447,1,7,,6,0,3,13,A01
201900023448,0,33,,0,2,1,2,A01
201900023448,0,7,,0,2,4,2,B01
201900023449,0,7,,0,2,3,15,A01
201900023449,1,33,,0,2,1,1,B01
201900023450,0,7,,15,0,2,1,A01
201900023451,2,33,,4,0,0,1,A01
201900023452,2,7,,0,0,9,17,A01
201900023453,1,7,,0,2,1,13,A01
201900023453,1,7,,0,2,0,21,B01
201900023454,2,7,,0,2,1,1,B01
201900023454,1,7,,0,2,1,17,A01
201900023455,1,32,,0,2,7,1,A01
201900023455,2,7,,0,2,3,1,B01
201900023456,1,33,,0,0,7,1,A01
201900023457,1,31,,0,2,1,18,A01
201900023457,1,7,,0,2,7,19,B01
201900023458,2,1,,0,2,7,1,B01
201900023458,3,7,,0,2,2,9,A01
201900023459,2,33,,0,2,1,1,B01
201900023459,1,7,,15,2,2,15,A01
201900023460,2,7,,0,2,3,1,B01
201900023460,1,10,,0,2,3,13,A01
201900023461,2,7,,0,2,4,2,B01
201900023461,2,7,,0,2,4,2,C01
201900023461,2,99,,0,2,1,2,A01
201900023462,1,7,,0,2,4,23,B01
201900023462,1,7,,0,2,1,26,A01
201900023463,1,34,,0,1,1,1,Z01
201900023464,2,1,,0,2,1,0,B01
201900023464,2,7,,0,6,7,26,A01
201900023465,2,7,,6,0,1,1,A01
201900023466,3,7,,0,2,1,26,A01
201900023466,1,7,,0,2,7,2,B01
201900023467,1,7,,0,2,1,15,A01
201900023467,2,7,,0,2,1,1,B01
201900023468,1,7,,0,1,1,1,A01
201900023469,3,10,,0,2,3,9,A01
201900023469,1,7,,0,2,2,1,B01
201900023470,3,7,,0,2,3,9,A01
201900023470,3,7,,0,2,3,1,B01
201900023471,3,2,,0,0,0,0,A01
201900023472,0,36,,2,0,1,1,A01
201900023473,2,2,,0,0,7,1,A01
201900023474,1,7,,0,0,0,0,Z01
201900023474,1,33,,0,0,0,21,A01
201900023475,2,33,,0,5,1,1,A01
201900023476,0,33,,0,2,1,1,A01
201900023476,0,7,,0,2,1,15,B01
201900023477,3,7,,0,2,6,22,A01
201900023477,3,7,,0,1,2,0,Z01
201900023478,2,7,,0,1,1,0,A01
201900023479,3,7,,0,1,1,0,A01
201900023480,0,2,,0,2,1,18,B01
201900023480,0,7,,0,2,2,16,A01
201900023481,2,7,,5,0,0,0,A01
201900023482,3,34,,0,2,2,17,B01
201900023482,3,7,,0,2,3,13,A01
201900023483,3,1,,0,2,8,0,B01
201900023483,3,7,,0,2,1,0,A01
201900023484,0,33,,0,0,1,1,A01
201900023485,0,33,,0,2,1,1,B01
201900023485,0,7,,0,2,6,19,A01
201900023486,0,7,,0,2,6,10,A01
201900023486,0,33,,0,2,1,1,B01
201900023487,0,7,,0,2,3,15,A01
201900023487,0,34,,0,2,1,1,B01
201900023488,0,7,,4,0,9,1,A01
201900023489,1,33,,0,2,1,1,B01
201900023489,3,7,,0,2,3,15,A01
201900023490,0,7,,0,2,8,1,B01
201900023490,1,7,,0,2,2,1,A01
201900023491,0,30,,0,2,1,1,A01
201900023491,0,10,,0,2,4,23,B01
201900023492,3,30,,0,2,0,1,B01
201900023492,3,7,,0,2,1,9,A01
201900023493,1,7,,0,2,1,1,B01
201900023493,2,31,,0,2,3,1,A01
201900023494,0,7,,8,0,2,14,A01
201900023495,2,7,,0,1,3,15,A01
201900023496,3,38,1.0,0,1,7,26,A01
201900023497,0,7,,0,1,1,1,A01
201900023498,1,7,,0,2,1,1,B01
201900023498,2,2,,0,2,3,1,A01
201900023499,1,7,,0,2,1,1,B01
201900023499,1,7,,0,2,3,15,A01
201900023500,0,1,,0,0,0,0,A01
201900023501,1,7,,0,2,1,13,A01
201900023501,2,7,,0,2,1,1,B01
201900023502,1,7,,0,1,3,1,B01
201900023503,2,7,,1,0,2,1,C01
201900023504,2,7,,0,2,2,15,A01
201900023504,1,33,,0,2,1,1,B01
201900023505,3,31,,0,0,7,26,A01
201900023506,3,2,,0,2,1,1,B01
201900023506,0,7,,0,2,5,15,A01
201900023507,2,39,,0,1,3,1,A01
201900023508,1,7,,2,0,2,1,A01
201900023509,1,32,,0,2,8,1,A01
201900023509,2,7,,0,2,1,15,B01
201900023510,1,32,,0,2,0,23,B01
201900023510,1,7,,0,2,1,2,A01
201900023511,2,7,,0,2,6,1,B01
201900023511,2,2,,0,2,0,17,A01
201900023512,2,7,,12,0,1,1,A01
201900023513,2,7,,9,0,1,1,A01
201900023514,2,7,,1,0,2,26,A01
201900023515,2,7,,0,2,1,2,B01
201900023515,1,7,,0,2,8,15,A01
201900023516,2,10,,0,2,8,15,A01
201900023516,1,33,,0,2,1,1,B01
201900023517,1,3,,6,0,1,1,A01
201900023518,1,7,,0,1,3,1,A01
201900023519,3,32,,0,2,1,16,B01
201900023519,3,7,,0,2,3,15,A01
201900023520,1,7,,0,1,3,9,A01
201900023521,2,7,,0,2,8,15,B01
201900023521,2,33,,0,2,2,17,A01
201900023522,2,7,,0,2,3,15,B01
201900023522,1,7,,0,2,1,13,A01
201900023523,2,7,,0,2,1,2,B01
201900023523,1,32,,0,2,8,19,A01
201900023524,1,7,,0,2,1,1,E01
201900023524,2,7,,0,2,3,1,D01
201900023524,1,10,,0,2,1,1,C01
201900023524,1,7,,0,2,3,1,B01
201900023524,2,7,,0,2,3,13,A01
201900023525,3,1,,0,1,1,26,A01
201900023526,1,33,,0,2,1,1,B01
201900023526,1,7,,0,2,1,9,A01
201900023527,3,7,,0,2,8,1,B01
201900023527,3,1,,0,2,1,1,A01
201900023528,1,40,,0,1,1,1,A01
201900023529,1,1,,0,1,1,1,A01
201900023529,1,7,,0,1,5,23,B01
201900023530,0,2,,0,1,2,1,A01
201900023531,1,7,,0,2,2,1,A01
201900023531,2,2,,0,2,1,1,B01
201900023532,2,30,,12,0,1,1,A01
201900023533,3,33,,0,2,8,11,A01
201900023533,3,7,,0,2,7,1,B01
201900023534,2,2,,0,2,1,2,A01
201900023534,2,7,,0,2,5,23,B01
201900023535,1,2,,0,2,1,2,A01
201900023535,1,33,,0,2,4,2,B01
201900023536,3,7,,0,2,1,1,A01
201900023536,2,7,,6,2,7,1,B01
201900023537,1,7,,0,1,3,1,A01
201900023538,2,7,,7,1,1,20,A01
201900023539,1,7,,1,0,1,13,A01
201900023540,1,7,,1,0,1,14,A01
201900023541,2,2,,6,0,1,15,A01
201900023542,1,7,,0,2,1,1,B01
201900023542,1,7,,0,2,7,13,A01
201900023543,1,7,,0,2,8,1,B01
201900023543,1,7,,0,2,3,13,A01
201900023544,2,7,,6,0,2,14,A01
201900023545,1,7,,0,1,1,1,A01
201900023546,1,7,,0,2,1,1,B01
201900023546,1,7,,0,2,1,19,A01
201900023547,0,10,,0,2,1,26,C01
201900023547,0,10,,0,2,1,1,B01
201900023547,0,10,,8,2,7,9,A01
201900023548,2,7,,6,2,7,2,B01
201900023548,1,10,,6,2,1,0,A01
201900023549,1,33,,15,0,1,17,A01
201900023550,1,7,,0,2,7,15,A01
201900023550,2,33,,0,2,1,1,B01
201900023551,1,7,,0,1,1,1,A01
201900023552,2,1,,0,2,1,1,B01
201900023552,2,7,,0,2,8,16,A01
201900023553,3,7,,0,2,8,9,A01
201900023553,3,33,,0,2,1,1,B01
201900023554,1,7,,0,2,2,15,B01
201900023554,2,7,,0,2,3,1,A01
201900023555,1,7,,0,1,1,15,A01
201900023556,3,7,,0,2,3,9,A01
201900023556,3,33,,0,2,0,0,B01
201900023557,3,99,,0,2,8,13,B01
201900023557,3,7,,0,2,7,17,A01
201900023558,2,7,,0,2,5,15,A01
201900023558,2,33,,0,2,1,1,B01
201900023559,1,7,,0,1,3,9,A01
201900023560,1,7,,1,0,8,10,A01
201900023560,2,10,,0,2,1,1,B01
201900023561,2,7,,0,2,3,15,B01
201900023562,0,7,,0,2,1,1,B01
201900023562,0,7,,0,2,3,1,A01
201900023563,1,7,,0,2,3,2,B01
201900023563,1,10,,0,2,1,1,A01
201900023564,3,7,,0,2,1,1,B01
201900023564,3,7,,0,2,2,15,A01
201900023565,0,34,,0,2,8,2,B01
201900023565,1,7,,0,2,1,15,A01
201900023566,3,33,,0,0,0,1,A01
201900023567,2,7,,5,0,1,13,A01
201900023568,1,7,,1,0,3,1,B01
201900023569,1,7,,0,2,1,16,A01
201900023569,1,7,,0,2,6,15,B01
201900023570,3,33,,0,1,1,26,A01
201900023571,1,7,,0,0,4,20,B01
201900023572,2,7,,6,0,3,0,A01
201900023573,1,7,,0,2,8,15,B01
201900023573,1,32,,0,2,1,17,A01
201900023574,2,3,,0,2,8,9,A01
201900023574,2,30,,0,2,1,1,B01
201900023575,1,7,,0,2,1,9,A01
201900023575,2,7,,0,2,6,9,B01
201900023576,3,7,,0,2,1,19,A01
201900023576,2,2,,0,2,8,1,B01
201900023577,3,7,,0,2,8,15,B01
201900023577,1,7,,0,2,3,9,A01
201900023577,1,7,,0,2,8,0,C01
201900023578,2,32,,1,0,1,25,A01
201900023579,2,7,,0,2,3,15,A01
201900023579,1,7,,0,2,3,1,B01
201900023580,1,7,,0,1,1,1,A01
201900023581,2,0,,0,2,0,0,B01
201900023581,2,33,,0,2,0,26,A01
201900023582,3,7,,0,1,3,15,A01
201900023583,1,7,,1,0,1,9,A01
201900023583,1,7,,0,2,6,24,B01
201900023584,2,32,,0,1,1,25,A01
201900023584,2,32,,0,1,1,25,C01
201900023584,2,32,,0,1,1,25,B01
201900023585,1,0,,0,0,0,26,A01
201900023586,2,33,,0,2,1,26,B01
201900023586,1,10,,0,2,3,15,A01
201900023587,1,32,,0,0,0,3,A01
201900023587,1,7,,0,0,5,23,B01
201900023587,1,7,,0,0,3,23,C01
201900023588,3,7,,0,2,2,23,B01
201900023588,2,30,,0,2,1,25,A01
201900023589,1,7,,15,0,3,13,A01
201900023590,1,7,,0,0,2,15,A01
201900023590,0,2,,0,0,1,1,B01
201900023591,1,7,,1,0,1,0,A01
201900023592,2,99,,0,2,1,1,B01
201900023592,2,1,,0,2,1,1,C01
201900023592,1,7,,0,2,3,15,A01
201900023593,3,32,,0,2,1,1,B01
201900023593,3,7,,0,2,2,15,A01
201900023594,1,7,,0,2,3,15,A01
201900023594,2,7,,0,2,1,1,B01
201900023595,3,10,,0,2,2,9,A01
201900023595,2,10,,0,2,2,1,B01
201900023596,2,7,,6,2,1,0,B01
201900023596,1,7,,0,2,1,13,A01
201900023597,2,7,,0,1,2,1,A01
201900023598,1,32,,0,2,1,1,B01
201900023598,1,7,,0,2,7,15,A01
201900023599,1,7,,0,1,7,1,A01
201900023600,1,7,,0,2,3,1,B01
201900023600,1,7,,0,2,1,1,A01
201900023601,1,10,,0,2,1,1,A01
201900023601,1,7,,0,2,4,1,B01
201900023602,0,7,,0,1,1,15,A01
201900023603,0,14,,0,2,8,1,B01
201900023603,0,7,,0,2,2,1,A01
201900023604,0,34,,0,2,1,21,B01
201900023604,0,7,,0,2,1,15,A01
201900023605,1,30,,0,0,0,17,A01
201900023606,2,32,,0,2,7,12,A01
201900023606,2,7,,0,2,7,1,Z01
201900023607,2,7,,4,0,7,14,A01
201900023608,0,7,,0,2,1,1,B01
201900023608,0,7,,0,2,8,10,A01
201900023609,1,32,,0,1,3,17,A01
201900023610,1,33,,0,1,2,1,A01
201900023611,2,14,,0,2,5,15,A01
201900023611,2,7,,0,2,8,15,B01
201900023612,2,33,,0,2,6,1,A01
201900023612,3,10,,0,2,2,1,B01
201900023613,2,1,,0,2,8,19,B01
201900023613,1,32,,0,2,3,1,A01
201900023614,1,50,,0,2,3,19,A01
201900023614,2,31,,0,2,0,2,B01
201900023615,2,10,,0,1,1,15,A01
201900023616,2,34,,7,0,1,17,A01
201900023617,2,34,,0,2,1,1,B01
201900023617,2,10,,0,2,3,10,A01
201900023618,1,7,,0,1,3,1,A01
201900023619,2,7,,0,2,3,15,B01
201900023619,2,43,,0,2,1,17,A01
201900023620,1,7,,0,1,1,1,A01
201900023621,1,10,,0,1,2,26,A01
201900023622,2,1,,0,2,1,1,A01
201900023622,2,7,,0,2,4,1,B01
201900023623,2,31,,0,2,1,1,B01
201900023623,2,7,,0,2,6,5,A01
201900023624,2,31,,0,1,0,26,A01
201900023625,1,30,,0,1,2,9,A01
201900023626,1,7,,0,6,4,1,B01
201900023626,1,14,,0,2,1,1,A01
201900023627,1,10,,0,0,4,23,B01
201900023627,1,10,,1,0,4,2,A01
201900023628,2,7,,8,2,8,1,A01
201900023628,1,37,3.0,0,2,7,0,B01
201900023629,2,15,,0,2,1,2,A01
201900023629,2,7,,0,0,4,2,B01
201900023630,1,10,,4,0,3,14,A01
201900023631,3,7,,0,1,0,0,B01
201900023631,3,7,,0,2,1,26,A01
201900023632,3,7,,0,1,2,17,A01
201900023633,1,7,,1,1,7,21,A01
201900023634,3,99,,14,2,2,6,B01
201900023634,2,7,,0,2,3,26,A01
201900023635,1,7,,0,2,0,1,B01
201900023635,1,33,,0,2,7,2,A01
201900023636,1,3,,0,1,2,2,A01
201900023637,1,7,,8,2,1,16,A01
201900023637,1,37,1.0,0,2,1,23,B01
201900023638,1,30,,0,0,8,21,A01
201900023639,3,7,,0,2,6,1,B01
201900023639,2,1,,0,2,1,1,A01
201900023640,3,7,,0,2,1,9,A01
201900023640,3,30,,0,2,2,1,Z01
201900023641,2,10,,0,2,2,2,A01
201900023641,2,7,,0,2,8,15,B01
201900023642,2,34,,0,1,1,1,A01
201900023643,1,10,,0,2,3,9,A01
201900023643,1,32,,0,2,5,17,B01
201900023644,1,10,,0,2,4,2,B01
201900023644,1,7,,0,2,4,2,C01
201900023644,1,10,,0,2,1,2,A01
201900023645,0,7,,0,1,5,4,A01
201900023646,1,7,,0,2,0,0,Z01
201900023646,1,7,,0,2,6,1,A01
201900023647,2,7,,0,2,1,15,A01
201900023647,2,30,,0,2,1,1,B01
201900023648,2,10,,2,0,1,13,A01
201900023649,2,7,,0,0,8,1,B01
201900023649,1,33,,0,2,8,1,A01
201900023650,1,17,,0,0,4,2,B01
201900023650,1,7,,0,2,1,2,A01
201900023651,1,7,,2,0,1,17,A01
201900023652,3,2,,0,0,8,19,A01
201900023652,1,7,,0,2,1,1,B01
201900023653,1,7,,0,2,8,1,A01
201900023653,2,7,,0,2,1,1,B01
201900023654,2,7,,3,0,5,13,A01
201900023655,2,7,,0,1,7,1,A01
201900023656,1,7,,13,0,9,1,A01
201900023657,2,7,,8,0,8,1,A01
201900023658,2,7,,0,9,3,1,B01
201900023658,1,31,,0,2,0,1,A01
201900023659,1,7,,0,1,4,4,A01
201900023660,3,33,,0,0,0,0,A01
201900023661,0,1,,0,2,0,1,B01
201900023661,0,7,,0,9,2,1,A01
201900023662,1,7,,0,2,2,13,A01
201900023662,2,7,,0,2,2,1,B01
201900023663,2,7,,4,9,1,1,B01
201900023663,1,38,1.0,0,2,3,1,A01
201900023664,1,7,,0,2,1,1,B01
201900023664,2,7,,0,2,7,19,A01
201900023665,3,2,,0,2,0,16,A01