Num_Acc,senc,catv,occutc,obs,obsm,choc,manv,num_veh
201900023665,0,7,,0,2,1,15,B01
201900023666,2,7,,0,2,3,1,A01
201900023666,1,2,,0,2,1,0,B01
201900023667,1,7,,0,2,1,1,B01
201900023667,2,7,,0,2,3,15,A01
201900023668,1,2,,0,0,8,15,A01
201900023669,1,10,,0,0,7,1,A01
201900023670,3,10,,0,1,4,4,A01
201900023671,3,32,,15,9,3,1,A01
201900023672,1,2,,0,1,1,1,A01
201900023673,2,7,,0,2,3,0,A01
201900023673,1,10,,0,2,3,0,B01
201900023674,1,3,,0,2,3,1,B01
201900023674,2,7,,0,2,8,21,A01
201900023675,1,10,,2,0,9,1,A01
201900023676,2,33,,2,0,0,1,A01
201900023677,2,7,,0,2,1,2,B01
201900023677,1,17,,0,2,8,5,C01
201900023677,2,7,,0,2,4,15,A01
201900023678,2,7,,13,0,2,1,A01
201900023679,3,7,,2,0,1,1,A01
201900023680,1,34,,2,0,1,14,A01
201900023681,1,7,,0,2,1,13,A01
201900023681,2,7,,0,2,1,1,B01
201900023682,1,7,,2,0,7,1,A01
201900023683,2,1,,0,2,4,2,A01
201900023683,2,10,,0,2,2,2,B01
201900023684,2,33,,0,0,0,2,A01
201900023685,2,7,,0,2,1,2,A01
201900023685,2,7,,0,2,4,2,B01
201900023685,2,7,,0,2,4,2,C01
201900023686,1,10,,0,2,1,12,A01
201900023686,1,7,,0,2,4,23,C01
201900023686,1,7,,0,2,4,23,E01
201900023686,1,10,,0,2,4,23,B01
201900023686,1,7,,0,2,4,23,D01
201900023687,2,7,,0,2,1,2,A01
201900023687,2,7,,0,2,4,2,B01
201900023688,2,7,,0,2,1,12,A01
201900023688,2,17,,0,2,2,1,B01
201900023688,2,10,,0,2,5,1,C01
201900023689,1,7,,0,2,2,11,A01
201900023689,1,33,,0,2,2,1,B01
201900023690,2,7,,0,2,5,1,B01
201900023690,2,43,,0,2,3,21,A01
201900023691,1,7,,0,2,4,1,C01
201900023691,1,7,,0,2,4,1,B01
201900023691,1,33,,0,2,3,3,A01
201900023692,1,7,,0,2,1,26,H01
201900023692,1,7,,1,0,4,1,C01
201900023692,1,7,,0,2,4,1,B01
201900023693,1,7,,0,0,9,1,A01
201900023694,0,7,,0,2,-1,0,C01
201900023694,0,7,,0,2,0,0,B01
201900023695,2,7,,14,0,1,26,A01
201900023696,3,7,,0,1,2,1,A01
201900023697,2,30,,0,0,0,1,A01
201900023698,2,2,,0,2,6,13,A01
201900023699,3,7,,0,2,7,24,B01
201900023699,3,7,,1,0,2,26,A01
201900023700,1,7,,4,0,3,11,A01
201900023701,3,37,2.0,0,2,3,1,B01
201900023701,3,7,,0,2,1,15,A01
201900023702,0,7,,0,1,4,4,A01
201900023703,1,33,,12,0,2,14,A01
201900023704,3,33,,0,2,3,1,B01
201900023704,3,10,,0,2,5,12,A01
201900023705,1,34,,0,1,2,17,A01
201900023706,2,10,,0,2,4,4,A01
201900023706,2,7,,0,2,1,2,B01
201900023707,3,7,,0,2,1,0,B01
201900023707,1,7,,0,1,4,23,A01
201900023708,1,7,,0,1,3,1,A01
201900023709,0,7,,0,1,1,9,A01
201900023710,0,33,,0,0,8,1,A01
201900023711,0,2,,0,2,1,1,B01
201900023711,0,7,,0,2,3,20,A01
201900023712,1,2,,0,2,7,1,B01
201900023712,1,10,,0,2,8,9,A01
201900023713,1,7,,4,0,9,14,A01
201900023714,1,7,,0,2,3,13,A01
201900023714,2,7,,0,2,3,1,B01
201900023715,1,10,,6,2,3,1,A01
201900023715,2,7,,0,2,1,1,B01
201900023716,1,7,,0,2,1,1,B01
201900023716,1,7,,0,2,2,9,A01
201900023717,1,7,,0,2,1,1,A01
201900023717,2,7,,0,2,2,1,B01
201900023718,1,7,,6,0,1,13,A01
201900023719,1,7,,0,1,1,15,A01
201900023720,2,7,,0,2,1,0,B01
201900023720,1,7,,0,2,1,26,A01
201900023721,1,33,,4,0,0,1,A01
201900023722,2,7,,0,2,4,1,B01
201900023722,2,7,,0,2,4,1,C01
201900023722,2,7,,0,2,1,1,A01
201900023723,1,1,,0,2,1,15,B01
201900023723,2,7,,0,2,3,1,A01
201900023724,2,7,,1,0,1,1,A01
201900023725,2,10,,0,1,1,15,A01
201900023726,1,7,,0,2,6,15,A01
201900023726,1,7,,0,2,5,17,B01
201900023727,2,2,,0,2,7,19,A01
201900023727,2,7,,0,2,1,19,B01
201900023728,2,7,,0,2,6,1,B01
201900023728,1,7,,0,2,2,1,A01
201900023729,2,7,,13,0,2,14,A01
201900023730,2,1,,0,2,4,1,B01
201900023730,2,7,,0,2,1,2,A01
201900023731,1,1,,0,2,0,1,B01
201900023731,1,7,,0,9,0,1,A01
201900023732,1,10,,8,0,1,1,A01
201900023733,2,10,,0,1,5,26,A01
201900023734,0,10,,2,0,1,14,A01
201900023735,2,30,,0,2,7,21,B01
201900023735,2,7,,0,2,3,9,A01
201900023736,1,7,,0,2,7,15,A01
201900023736,2,7,,0,2,1,1,B01
201900023737,2,7,,0,2,4,1,B01
201900023737,2,7,,0,2,1,1,A01
201900023738,1,38,1.0,0,2,2,15,A01
201900023738,2,1,,0,2,1,1,B01
201900023739,0,1,,12,0,1,21,A01
201900023740,1,7,,0,2,3,22,A01
201900023740,1,2,,1,0,2,1,B01
201900023741,1,7,,0,2,1,1,A01
201900023741,1,7,,0,2,7,1,B01
201900023742,0,7,,0,2,1,1,A01
201900023742,0,7,,0,2,4,2,C01
201900023742,0,7,,0,2,4,2,B01
201900023743,2,7,,9,0,3,14,A01
201900023744,2,7,,0,2,3,1,C01
201900023744,1,7,,0,2,1,20,A01
201900023744,1,7,,0,2,3,1,B01
201900023745,3,7,,0,2,6,23,B01
201900023745,3,7,,0,2,4,23,C01
201900023745,3,7,,0,2,1,18,A01
201900023746,1,1,,0,2,8,19,B01
201900023746,1,7,,0,2,1,16,A01
201900023747,1,1,,0,0,1,1,A01
201900023748,3,33,,0,2,1,1,B01
201900023748,3,7,,0,2,3,15,A01
201900023749,2,7,,0,2,3,1,A01
201900023749,3,7,,0,2,7,1,B01
201900023750,2,7,,0,1,1,1,A01
201900023751,1,7,,0,2,2,1,B01
201900023751,1,7,,4,2,6,11,A01
201900023752,0,43,,0,2,1,18,A01
201900023752,0,7,,0,2,2,16,B01
201900023753,3,2,,0,2,7,19,B01
201900023753,1,40,,0,2,1,1,A01
201900023754,1,7,,0,1,3,1,A01
201900023755,2,7,,0,2,1,2,A01
201900023755,2,10,,0,2,4,23,C01
201900023755,2,10,,0,2,4,2,B01
201900023756,0,7,,0,0,4,1,B01
201900023756,0,7,,0,2,1,1,A01
201900023757,1,7,,0,1,1,15,A01
201900023758,2,7,,0,1,2,1,A01
201900023759,1,30,,0,2,1,9,A01
201900023759,1,7,,0,2,2,1,B01
201900023759,1,7,,0,2,1,17,C01
201900023760,1,7,,0,1,2,16,A01
201900023761,1,34,,0,1,1,17,A01
201900023762,1,7,,0,1,1,0,A01
201900023763,2,7,,0,1,2,1,A01
201900023764,1,7,,1,0,3,26,B01
201900023764,1,7,,1,0,5,24,A01
201900023765,3,7,,0,2,0,1,B01
201900023765,3,7,,0,2,1,1,A01
201900023766,2,7,,0,2,4,23,B01
201900023766,2,3,,0,2,1,2,A01
201900023767,2,7,,0,2,3,1,B01
201900023767,1,7,,0,2,3,13,A01
201900023768,1,7,,0,1,2,1,A01
201900023769,1,34,,0,2,1,12,A01
201900023769,1,7,,0,2,4,23,B01
201900023770,3,7,,3,0,6,1,B01
201900023770,2,7,,0,2,2,1,A01
201900023771,3,7,,8,0,1,1,A01
201900023772,2,7,,0,1,3,1,A01
201900023773,1,7,,8,0,1,1,A01
201900023774,2,7,,0,1,3,1,A01
201900023775,2,7,,13,0,2,1,A01
201900023776,0,33,,0,2,8,18,B01
201900023776,0,7,,0,2,7,17,A01
201900023777,3,7,,13,0,2,14,A01
201900023778,2,2,,0,0,4,1,B01
201900023778,2,7,,0,2,2,1,A01
201900023779,0,7,,0,2,1,1,A01
201900023779,0,7,,0,2,1,2,B01
201900023780,1,7,,0,2,3,13,A01
201900023780,2,7,,0,2,3,1,B01
201900023781,1,2,,0,0,4,2,B01
201900023781,1,7,,0,2,2,2,A01
201900023782,2,32,,0,2,1,1,A01
201900023782,2,37,1.0,0,2,3,15,B01
201900023783,1,7,,0,0,4,23,C01
201900023783,1,7,,14,0,4,23,B01
201900023783,1,7,,14,0,1,2,A01
201900023784,3,7,,6,0,3,1,A01
201900023785,2,7,,0,2,2,14,C01
201900023785,2,7,,0,0,6,1,B01
201900023785,2,7,,0,0,4,2,A01
201900023786,2,7,,0,2,1,2,D01
201900023786,2,7,,0,0,4,2,C01
201900023786,2,7,,0,0,4,2,B01
201900023786,2,7,,0,0,4,2,A01
201900023787,2,7,,13,0,6,1,B01
201900023787,2,7,,0,2,2,2,A01
201900023788,2,15,,0,0,6,23,B01
201900023788,2,7,,1,0,1,2,A01
201900023789,2,10,,8,0,1,0,A01
201900023790,1,1,,0,2,6,2,C01
201900023790,1,1,,0,2,6,26,B01
201900023790,1,7,,0,9,2,14,A01
201900023791,3,7,,0,1,2,1,A01
201900023792,2,7,,12,0,1,1,A01
201900023793,1,7,,0,2,1,1,B01
201900023793,2,7,,0,2,8,19,A01
201900023794,1,7,,0,0,4,1,B01
201900023794,1,7,,0,2,1,1,A01
201900023795,0,7,,0,1,4,24,B01
201900023795,0,7,,1,0,1,1,A01
201900023796,1,7,,0,1,2,1,A01
201900023797,2,10,,0,2,1,1,C01
201900023797,2,7,,0,2,6,13,B01
201900023797,1,7,,0,2,3,1,A01
201900023798,2,7,,0,2,3,1,B01
201900023798,1,7,,0,2,3,1,A01
201900023799,1,7,,0,2,1,21,B01
201900023799,2,7,,0,2,7,19,A01
201900023800,2,7,,0,2,2,2,A01
201900023800,2,7,,4,0,6,2,B01
201900023801,0,7,,8,0,2,1,A01
201900023802,2,7,,0,2,1,2,B01
201900023802,2,7,,0,2,4,23,A01
201900023803,1,7,,0,2,4,2,D01
201900023803,1,10,,0,2,4,2,C01
201900023803,1,14,,0,2,4,2,B01
201900023803,1,17,,0,2,1,2,A01
201900023804,2,10,,0,2,8,11,A01
201900023804,2,15,,0,2,2,1,B01
201900023804,2,7,,0,2,1,1,C01
201900023805,1,7,,0,2,8,11,A01
201900023805,1,33,,0,2,1,1,B01
201900023806,2,7,,0,2,8,11,A01
201900023806,2,33,,0,2,7,3,B01
201900023806,2,7,,0,2,4,2,C01
201900023807,2,31,,0,2,3,3,B01
201900023807,2,7,,0,2,2,12,A01
201900023808,2,7,,0,2,4,1,B01
201900023808,2,7,,0,2,1,1,A01
201900023809,2,7,,4,2,6,11,A01
201900023809,2,33,,4,2,2,1,B01
201900023809,2,7,,0,2,6,1,C01
201900023810,1,31,,0,2,1,1,A01
201900023810,1,15,,0,0,0,0,B01
201900023811,2,33,,0,2,1,2,A01
201900023811,2,33,,0,2,4,2,B01
201900023812,2,31,,0,0,9,3,A01
201900023813,1,43,,0,2,4,2,B01
201900023813,1,7,,0,2,1,2,A01
201900023814,2,33,,0,0,9,21,A01
201900023815,1,17,,0,2,6,24,C01
201900023815,1,7,,1,2,1,21,B01
201900023815,1,7,,1,0,2,14,A01
201900023816,2,33,,1,0,1,2,B01
201900023816,2,7,,4,2,4,23,A01
201900023817,1,7,,0,2,4,2,B01
201900023817,1,15,,0,2,1,2,A01
201900023818,1,33,,0,0,9,0,A01
201900023819,2,33,,4,0,2,1,A01
201900023820,2,33,,4,2,7,3,A01
201900023820,2,7,,0,2,6,11,B01
201900023821,3,7,,0,2,4,26,A01
201900023821,3,7,,0,2,1,2,B01
201900023822,1,7,,0,2,3,3,C01
201900023822,1,7,,0,2,2,12,B01
201900023822,1,7,,0,2,3,3,A01
201900023823,1,7,,0,1,1,1,A01
201900023824,1,2,,0,2,2,1,B01
201900023824,1,7,,0,2,3,20,A01
201900023825,0,7,,0,1,1,1,A01
201900023826,3,34,,0,0,8,1,A01
201900023827,1,7,,0,2,1,2,A01
201900023827,1,7,,0,2,4,23,B01
201900023828,2,7,,0,2,6,15,B01
201900023828,2,30,,0,2,7,26,A01
201900023829,1,33,,0,0,0,26,A01
201900023830,3,7,,0,2,6,12,C01
201900023830,3,33,,0,2,1,2,B01
201900023830,3,7,,0,2,4,1,A01
201900023831,1,7,,0,0,2,14,A01
201900023832,1,7,,0,2,4,2,A01
201900023832,1,7,,0,2,1,2,B01
201900023833,3,2,,0,2,7,1,A01
201900023833,3,7,,0,2,3,15,VB01
201900023834,2,31,,0,2,1,1,A01
201900023834,1,7,,0,2,3,19,B01
201900023835,1,7,,0,2,7,1,B01
201900023835,2,7,,0,2,0,1,A01
201900023836,2,1,,0,2,4,1,B01
201900023837,0,50,,0,1,1,0,A01
201900023838,3,7,,6,0,1,1,A01
201900023839,1,20,,0,2,3,15,A01
201900023839,1,33,,0,2,1,3,B01
201900023840,1,7,,12,1,2,9,A01
201900023841,2,7,,0,2,1,2,A01
201900023841,2,7,,0,2,4,2,B01
201900023842,3,10,,0,2,1,1,B01
201900023842,3,10,,0,2,2,1,A01
201900023843,3,7,,9,0,2,1,A01
201900023844,1,30,,0,2,1,1,B01
201900023844,1,10,,0,2,6,26,A01
201900023845,1,7,,0,2,1,2,A01
201900023845,1,7,,0,2,4,2,B01
201900023845,1,7,,0,2,4,2,C01
201900023845,1,7,,0,2,4,2,D01
201900023845,1,7,,0,2,4,2,E01
201900023846,2,0,,0,1,7,26,Z01
201900023847,3,7,,1,1,2,1,A01
201900023848,1,7,,12,2,7,15,A01
201900023848,2,7,,12,2,1,1,B01
201900023849,1,7,,0,2,1,14,A01
201900023849,1,7,,8,0,3,9,B01
201900023850,2,1,,6,0,1,15,A01
201900023851,3,33,,0,0,8,1,A01
201900023852,0,7,,0,2,4,1,B01
201900023852,0,7,,0,2,1,1,A01
201900023853,2,7,,0,1,2,1,A01
201900023854,1,7,,1,0,1,1,A01
201900023855,1,32,,0,2,1,1,A01
201900023855,1,7,,0,2,4,23,B01
201900023856,1,7,,0,1,3,1,A01
201900023857,1,7,,0,1,4,2,B01
201900023857,1,7,,0,2,1,2,A01
201900023858,2,7,,0,2,4,1,C01
201900023858,2,7,,0,2,9,1,B01
201900023858,2,7,,0,2,1,1,A01
201900023859,2,7,,0,2,2,15,B01
201900023859,1,30,,0,2,1,1,A01
201900023860,2,34,,0,2,1,21,CB01
201900023860,1,7,,0,2,8,19,A01
201900023861,2,33,,0,0,1,16,A01
201900023862,3,7,,9,0,1,1,A01
201900023863,3,7,,2,0,8,1,A01
201900023864,1,7,,0,2,4,1,F01
201900023864,1,7,,0,2,1,1,E01
201900023864,1,7,,0,2,4,1,D01
201900023864,1,7,,0,2,4,1,C01
201900023864,1,7,,0,2,4,1,B01
201900023864,1,15,,0,2,5,1,A01
201900023865,3,10,,0,1,1,0,A01
201900023866,3,7,,0,2,8,10,A01
201900023866,3,33,,0,2,1,17,B01
201900023867,2,7,,0,2,5,26,A01
201900023867,2,1,,0,2,3,26,B01
201900023868,1,7,,0,1,2,16,A01
201900023869,1,7,,0,1,1,1,A01
201900023870,1,7,,0,1,2,1,Z01
201900023871,1,7,,0,1,2,1,A01
201900023872,1,7,,0,2,1,1,C01
201900023872,2,7,,0,2,1,13,A01
201900023873,2,7,,0,2,3,1,B01
201900023873,1,7,,0,2,3,1,A01
201900023874,1,7,,0,2,0,0,C01
201900023874,1,7,,0,2,9,0,B01
201900023874,1,7,,0,2,2,0,A01
201900023875,2,7,,0,2,3,1,B01
201900023875,1,7,,0,2,3,17,A01
201900023876,2,7,,0,1,0,26,A01
201900023877,1,7,,0,2,4,1,C01
201900023877,1,7,,0,2,4,1,B01
201900023877,1,7,,0,2,1,1,A01
201900023878,1,7,,8,0,0,1,A01
201900023879,2,7,,0,2,4,1,B01
201900023879,2,32,,0,2,1,1,A01
201900023880,1,40,,0,1,2,1,A01
201900023881,0,7,,0,1,1,1,A01
201900023882,2,10,,0,1,4,1,A01
201900023883,1,37,1.0,0,1,2,16,A01
201900023884,3,7,,0,2,4,23,B01
201900023884,3,7,,0,2,1,2,A01
201900023885,1,31,,16,2,8,1,A01
201900023885,2,20,,0,9,3,1,B01
201900023886,1,33,,0,2,1,1,B01
201900023886,2,3,,0,2,2,4,A01
201900023887,3,7,,0,2,1,15,A01
201900023887,0,7,,0,2,3,15,B01
201900023888,0,7,,0,2,1,1,A01
201900023888,0,32,,0,2,7,1,B01
201900023889,1,7,,0,2,1,6,A01
201900023889,2,7,,0,2,8,1,B01
201900023890,1,7,,0,1,3,26,A01
201900023891,1,1,,0,2,3,19,A01
201900023891,2,7,,0,2,3,1,B01
201900023892,1,31,,0,2,3,3,B01
201900023892,1,7,,0,2,2,12,A01
201900023893,2,34,,0,2,1,3,Z01
201900023893,2,7,,0,2,4,1,B01
201900023893,2,32,,0,2,4,3,A01
201900023894,1,7,,0,2,3,1,C01
201900023894,1,7,,0,2,7,12,B01
201900023894,1,32,,0,2,3,18,A01
201900023895,1,7,,0,2,2,1,C01
201900023895,1,10,,0,2,2,1,B01
201900023895,1,7,,0,2,3,11,A01
201900023896,1,7,,0,2,3,13,A01
201900023896,2,7,,0,2,3,23,B01
201900023897,1,1,,0,2,1,1,B01
201900023897,1,7,,0,2,7,15,A01
201900023898,3,7,,0,2,1,1,B01
201900023898,1,1,,0,2,3,15,A01
201900023898,2,34,,0,2,1,1,C01
201900023899,2,7,,0,2,4,23,A01
201900023899,2,7,,0,2,1,2,Z01
201900023900,1,10,,0,2,1,2,A01
201900023900,1,33,,0,2,4,23,B01
201900023901,1,13,,0,1,5,23,A01
201900023902,1,32,,0,2,7,1,B01
201900023902,1,7,,0,2,8,11,A01
201900023903,1,14,,0,2,2,16,B01
201900023903,1,7,,0,2,8,18,A01
201900023904,1,33,,8,2,1,17,A01
201900023904,1,7,,0,2,0,13,B01
201900023905,1,1,,0,2,1,1,B01
201900023905,1,10,,0,2,1,22,A01
201900023906,1,7,,14,2,1,1,A01
201900023907,2,30,,0,2,5,23,B01
201900023907,2,7,,0,2,8,15,A01
201900023908,1,32,,0,0,7,15,A01
201900023909,2,7,,0,2,4,23,B01
201900023909,2,7,,0,2,4,23,C01
201900023909,2,7,,0,2,1,2,A01
201900023910,2,3,,0,2,1,9,A01
201900023910,2,34,,0,2,8,1,B01
201900023911,2,7,,0,1,2,2,A01
201900023912,1,15,,0,2,2,12,B01
201900023912,1,7,,0,2,6,1,A01
201900023913,1,7,,0,2,1,2,A01
201900023913,1,0,,0,2,0,2,B01
201900023914,2,32,,0,2,1,2,B01
201900023914,1,7,,0,2,3,15,A01
201900023915,3,30,,0,2,1,0,A01
201900023915,3,7,,0,2,1,0,B01
201900023916,3,31,,0,2,0,17,B01
201900023916,3,3,,0,2,0,13,A01
201900023917,0,7,,0,2,6,15,B01
201900023917,0,32,,0,2,6,17,A01
201900023918,2,33,,0,2,7,2,B01
201900023918,2,10,,0,2,8,13,A01
201900023919,3,7,,0,2,2,15,A01
201900023919,1,7,,0,2,1,1,B01
201900023920,1,7,,0,2,3,15,A01
201900023920,1,34,,0,2,3,2,B01
201900023921,2,3,,0,2,1,2,A01
201900023921,2,7,,0,2,4,2,B01
201900023922,2,7,,0,2,2,1,B01
201900023922,1,7,,0,2,2,13,A01
201900023923,1,7,,0,1,1,1,A01
201900023924,0,10,,0,2,2,16,A01
201900023924,1,10,,0,2,2,2,B01
201900023925,1,43,,0,1,1,26,A01
201900023926,3,7,,0,2,1,2,A01
201900023926,3,7,,0,2,4,1,B01
201900023927,2,7,,0,2,3,15,B01
201900023927,2,30,,0,2,1,17,A01
201900023928,1,30,,0,1,1,1,A01
201900023929,2,3,,0,2,3,15,A01
201900023929,2,32,,0,2,2,3,B01
201900023930,3,7,,0,2,7,1,B01
201900023930,3,7,,0,2,1,19,A01
201900023931,2,33,,1,2,7,1,B01
201900023931,2,7,,0,2,3,20,A01
201900023932,2,7,,4,0,3,1,A01
201900023933,1,15,,0,2,1,1,B01
201900023933,2,7,,0,2,8,1,A01
201900023934,2,7,,13,0,1,1,B01
201900023934,1,7,,0,0,1,9,A01
201900023935,3,2,,0,0,7,1,A01
201900023935,0,7,,0,2,3,9,B01
201900023936,1,17,,4,0,3,1,A01
201900023937,1,7,,0,2,3,17,A01
201900023937,2,7,,0,2,3,1,B01
201900023938,0,7,,0,2,3,15,B01
201900023938,1,33,,0,2,1,17,A01
201900023939,1,7,,0,0,4,2,A01
201900023939,1,7,,0,2,1,2,B01
201900023939,1,7,,0,0,4,2,C01
201900023939,1,7,,0,2,1,2,D01
201900023940,3,32,,0,0,0,21,A01
201900023941,2,7,,0,0,6,23,C01
201900023941,1,7,,13,2,3,1,B01
201900023941,2,7,,0,2,3,17,A01
201900023942,2,7,,0,2,1,15,A01
201900023942,1,1,,0,2,1,1,B01
201900023943,1,10,,0,2,2,15,A01
201900023943,1,2,,0,2,1,1,B01
201900023944,1,37,1.0,0,2,1,1,A01
201900023944,1,7,,0,2,4,1,B01
201900023944,1,10,,0,2,4,1,C01
201900023945,2,7,,0,2,1,1,B01
201900023945,1,7,,0,2,1,5,A01
201900023946,3,7,,0,1,2,1,A01
201900023947,0,33,,0,0,8,1,A01
201900023948,2,7,,0,2,1,1,B01
201900023948,2,7,,0,2,1,1,C01
201900023948,1,7,,0,2,3,14,A01
201900023949,1,1,,0,2,1,0,B01
201900023949,0,10,,0,9,3,15,A01
201900023950,2,2,,16,0,0,1,A01
201900023951,3,7,,0,2,1,0,A01
201900023951,0,1,,0,2,7,0,B01
201900023952,2,1,,0,2,3,1,C01
201900023952,2,2,,0,2,1,1,B01
201900023952,1,7,,0,2,3,15,A01
201900023953,1,7,,0,1,5,15,A01
201900023954,2,7,,0,2,1,1,B01
201900023954,1,7,,0,2,2,13,A01
201900023955,1,2,,0,2,1,1,B01
201900023955,1,7,,0,0,6,26,A01
201900023956,1,2,,0,2,7,2,B01
201900023956,1,7,,0,2,3,9,A01
201900023957,0,2,,0,0,5,0,A01
201900023957,0,15,,0,0,2,1,B01
201900023958,2,7,,0,2,1,1,B01
201900023958,2,7,,0,2,7,1,A01
201900023959,1,7,,0,2,3,9,A01
201900023959,1,31,,0,2,1,1,B01
201900023960,2,7,,5,2,1,17,A01
201900023960,1,7,,0,2,2,1,B01
201900023961,1,1,,0,2,8,19,B01
201900023961,1,7,,0,9,1,0,A01
201900023962,1,7,,0,2,1,1,B01
201900023962,2,7,,0,2,7,13,A01
201900023963,3,7,,0,1,3,1,A01
201900023964,0,7,,0,1,2,1,A01
201900023965,2,10,,0,2,2,2,A01
201900023965,2,10,,0,2,3,11,B01
201900023966,2,7,,0,2,3,12,A01
201900023966,2,7,,0,2,5,1,B01
201900023967,2,10,,0,2,1,2,A01
201900023967,2,10,,0,2,4,23,C01
201900023967,2,10,,0,2,4,23,B01
201900023968,1,7,,0,2,4,26,C01
201900023968,1,10,,0,2,5,24,B01
201900023968,2,7,,1,0,3,9,A01
201900023969,2,7,,0,2,5,1,B01
201900023969,2,33,,0,2,1,12,A01
201900023970,2,7,,4,2,1,2,A01
201900023970,2,7,,4,2,4,2,B01
201900023970,2,7,,4,2,3,2,C01
201900023971,2,15,,0,2,4,1,B01
201900023971,2,15,,0,2,1,1,A01
201900023972,2,7,,0,2,4,0,D01
201900023972,2,7,,0,2,4,0,C01
201900023972,2,7,,0,2,4,0,B01
201900023972,2,7,,0,2,1,26,A01
201900023973,2,33,,0,2,6,3,B01
201900023973,2,10,,0,2,6,1,C01
201900023973,2,10,,0,2,7,1,A01
201900023974,1,16,,1,0,1,2,A01
201900023974,1,10,,0,2,4,23,B01
201900023975,1,7,,0,2,1,2,C01
201900023975,1,7,,0,2,4,2,B01
201900023975,1,7,,0,2,4,2,A01
201900023976,2,7,,0,2,8,13,A01
201900023976,2,17,,0,2,2,1,B01
201900023977,2,7,,0,2,1,2,A01
201900023977,2,16,,0,2,6,2,B01
201900023978,2,10,,0,2,7,12,A01
201900023978,2,31,,0,2,8,1,B01
201900023979,2,10,,0,2,4,2,B01
201900023979,2,7,,0,2,1,2,A01
201900023980,1,7,,4,0,1,16,A01
201900023981,2,7,,4,0,2,1,A01
201900023982,2,7,,4,0,1,2,A01
201900023983,2,7,,13,0,9,2,A01
201900023984,2,7,,0,2,4,2,B01
201900023984,2,7,,0,2,1,2,A01
201900023985,1,10,,0,2,1,0,A01
201900023985,1,7,,0,2,8,0,C01
201900023985,1,7,,0,2,4,1,B01
201900023986,2,7,,0,2,7,14,A01
201900023986,2,7,,0,2,8,1,B01
201900023987,1,31,,0,6,1,3,A01
201900023987,1,7,,0,2,0,0,B01
201900023988,1,7,,0,0,3,0,B01
201900023988,1,7,,3,2,2,9,A01
201900023989,2,7,,0,2,4,23,B01
201900023989,2,7,,0,2,1,2,A01
201900023990,1,7,,3,0,7,1,A01
201900023991,3,10,,0,1,7,16,A01
201900023992,2,7,,8,0,1,14,A01
201900023993,2,7,,0,2,1,2,A01
201900023993,2,10,,0,2,4,2,B01
201900023994,1,32,,5,6,3,26,A01
201900023995,1,7,,0,2,3,15,A01
201900023995,2,2,,0,2,1,1,B01
201900023996,1,10,,0,2,3,15,B01
201900023996,1,30,,0,2,1,17,A01
201900023997,1,7,,0,2,8,3,Z01
201900023997,1,7,,0,2,1,15,A01
201900023998,2,32,,0,0,8,21,A01
201900023999,2,1,,0,2,1,19,B01
201900023999,2,10,,0,2,7,16,A01
201900024000,1,32,,0,6,1,8,A01
201900024001,3,7,,0,2,1,16,B01
201900024001,1,7,,0,2,3,17,A01
201900024002,1,31,,0,2,1,2,B01
201900024002,1,20,,0,2,5,26,A01
201900024003,1,7,,0,2,2,9,B01
201900024003,1,30,,1,2,2,9,A01
201900024004,1,7,,9,0,1,21,B01
201900024004,1,2,,12,0,4,26,A01
201900024005,0,7,,0,2,2,1,A01
201900024005,0,7,,0,2,4,1,B01
201900024006,0,7,,0,1,0,1,A01
201900024007,1,32,,11,0,1,1,A01
201900024008,2,7,,0,2,7,15,A01
201900024008,1,33,,0,2,1,1,B01
201900024009,1,7,,0,1,1,1,A01
201900024010,1,7,,0,2,3,17,A01
201900024010,2,7,,0,2,1,1,C01
201900024010,2,7,,0,2,3,1,B01
201900024011,0,7,,0,0,0,0,B01
201900024011,0,7,,0,2,2,13,A01
201900024012,1,7,,1,0,1,14,A01
201900024013,0,7,,3,0,2,14,A01
201900024014,3,7,,0,2,3,15,A01
201900024014,2,7,,0,2,3,1,B01
201900024015,2,7,,0,0,0,0,B01
201900024015,1,1,,0,2,0,1,A01
201900024016,1,7,,0,1,1,1,A01
201900024017,2,7,,14,1,3,15,A01
201900024018,2,2,,0,2,1,1,B01
201900024018,1,7,,0,2,3,13,A01
201900024019,1,2,,0,2,3,1,B01
201900024019,1,7,,0,2,2,16,A01
201900024020,1,32,,0,0,8,15,A01
201900024021,1,7,,17,0,2,1,A01
201900024022,3,7,,0,1,1,2,A01
201900024023,2,7,,8,0,7,16,A01
201900024024,1,30,,16,0,0,1,A01
201900024025,1,7,,0,2,4,1,B01
201900024025,1,2,,0,2,1,1,A01
201900024026,0,7,,0,1,1,1,A01
201900024027,1,7,,0,1,4,4,A01
201900024028,1,2,,0,2,8,15,B01
201900024028,1,2,,0,2,1,1,A01
201900024029,1,7,,0,2,4,1,C01
201900024029,1,7,,0,2,1,1,B01
201900024029,1,7,,0,2,1,1,A01
201900024030,1,7,,0,1,1,1,A01
201900024031,0,7,,0,1,3,15,A01
201900024032,2,1,,0,2,8,1,B01
201900024032,1,7,,0,2,1,15,A01
201900024033,1,7,,0,1,1,1,A01
201900024034,1,7,,0,1,1,9,A01
201900024035,1,7,,0,2,1,2,A01
201900024035,1,7,,0,2,5,2,B01
201900024036,0,30,,8,0,1,13,A01
201900024037,1,7,,0,2,4,15,C01