Num_Acc,senc,catv,occutc,obs,obsm,choc,manv,num_veh
201900024037,2,7,,0,2,9,1,B01
201900024037,2,14,,0,2,1,2,A01
201900024038,1,7,,0,2,6,11,Z01
201900024038,1,7,,0,2,2,1,B01
201900024039,2,7,,0,2,2,5,A01
201900024039,1,31,,0,2,1,1,B01
201900024040,3,33,,0,2,1,1,B01
201900024040,0,1,,0,2,8,19,A01
201900024041,2,30,,0,2,1,1,B01
201900024041,1,7,,0,2,3,15,A01
201900024042,3,7,,0,2,3,9,A01
201900024042,3,7,,0,2,8,1,B01
201900024043,1,7,,0,2,1,2,A01
201900024043,1,10,,0,2,4,2,B01
201900024044,0,7,,0,0,9,1,A01
201900024045,1,7,,0,2,1,1,A01
201900024045,1,7,,0,2,4,2,B01
201900024046,0,7,,0,2,0,1,B01
201900024046,0,7,,0,2,1,1,A01
201900024047,1,7,,6,0,2,17,A01
201900024048,2,7,,0,2,1,10,A01
201900024048,2,7,,0,2,2,1,B01
201900024049,1,7,,0,1,2,1,A01
201900024050,2,7,,0,1,1,2,A01
201900024051,2,10,,0,0,8,1,B01
201900024051,2,37,7.0,0,2,1,1,A01
201900024052,3,10,,0,2,1,1,A01
201900024052,3,33,,0,2,1,17,B01
201900024053,1,14,,0,2,4,2,B01
201900024053,1,14,,0,2,1,2,A01
201900024054,2,30,,14,0,1,26,A01
201900024055,2,7,,0,2,1,2,A01
201900024055,2,7,,0,2,4,23,B01
201900024056,2,7,,7,0,3,13,A01
201900024057,1,14,,0,2,7,1,A01
201900024057,1,34,,0,2,3,21,B01
201900024058,1,7,,0,1,1,1,A01
201900024059,2,7,,0,2,8,15,B01
201900024059,2,7,,0,2,1,1,A01
201900024060,1,7,,0,2,2,9,A01
201900024060,2,1,,0,2,5,5,B01
201900024061,1,7,,0,2,7,11,A01
201900024061,1,30,,0,2,8,1,B01
201900024062,3,7,,6,0,1,1,A01
201900024063,2,7,,0,1,5,20,A01
201900024064,1,33,,0,2,4,23,A01
201900024064,1,37,1.0,0,2,5,23,B01
201900024064,2,7,,0,2,0,1,Z01
201900024065,1,7,,0,1,3,1,A01
201900024066,2,33,,0,1,1,1,A01
201900024067,3,37,1.0,0,2,0,8,A01
201900024067,3,7,,0,2,1,19,B01
201900024068,0,30,,0,2,1,17,A01
201900024068,2,7,,0,2,8,15,B01
201900024069,1,7,,0,2,1,26,A01
201900024069,1,7,,14,0,4,0,B01
201900024069,1,7,,14,2,4,2,C01
201900024069,1,7,,14,2,4,2,D01
201900024070,1,37,2.0,12,1,2,26,A01
201900024071,1,7,,2,0,1,1,A01
201900024072,1,7,,0,1,6,20,A01
201900024073,1,10,,0,2,2,1,A01
201900024074,1,30,,0,1,1,26,A01
201900024075,1,7,,0,2,3,16,B01
201900024075,2,7,,0,2,2,1,A01
201900024076,1,7,,0,1,0,19,A01
201900024077,1,33,,0,2,1,3,B01
201900024077,1,7,,0,2,5,2,A01
201900024078,1,33,,13,0,1,1,A01
201900024079,2,7,,0,2,1,17,A01
201900024079,1,7,,0,2,1,1,B01
201900024080,1,7,,0,2,8,1,A01
201900024080,1,80,,0,2,7,1,B01
201900024081,3,7,,0,1,3,1,A01
201900024082,3,7,,13,0,8,13,A01
201900024083,2,7,,0,0,5,1,A01
201900024083,2,7,,3,2,3,1,B01
201900024084,1,7,,0,2,1,1,B01
201900024084,1,7,,0,2,1,13,A01
201900024085,2,7,,8,0,1,1,A01
201900024086,2,7,,2,0,7,14,A01
201900024087,2,7,,0,2,3,21,B01
201900024087,2,7,,0,2,1,1,C01
201900024087,1,7,,0,2,3,13,A01
201900024088,0,31,,0,2,8,1,B01
201900024088,3,7,,0,2,1,1,A01
201900024089,1,2,,0,2,7,1,B01
201900024089,1,10,,0,2,2,9,A01
201900024090,3,7,,0,2,1,9,A01
201900024090,1,7,,0,2,2,1,B01
201900024091,2,7,,0,2,1,19,A01
201900024091,1,2,,0,2,2,1,B01
201900024092,2,15,,0,2,1,1,A01
201900024092,2,10,,0,2,4,1,B01
201900024092,2,21,,0,0,4,1,C01
201900024093,2,10,,0,2,3,13,A01
201900024093,1,7,,2,2,3,1,B01
201900024094,1,7,,13,0,1,1,A01
201900024095,1,7,,0,2,3,15,B01
201900024095,1,33,,10,2,1,17,A01
201900024096,0,7,,0,1,2,1,A01
201900024097,1,7,,8,0,1,13,A01
201900024098,2,1,,0,2,4,2,A01
201900024098,2,7,,0,2,2,2,B01
201900024099,3,31,,0,0,0,1,A01
201900024100,1,17,,0,2,4,24,A01
201900024100,1,7,,1,0,2,1,C01
201900024100,1,7,,0,2,2,2,B01
201900024101,2,10,,0,2,1,2,A01
201900024101,2,17,,0,0,6,1,B01
201900024101,2,7,,14,0,1,1,D01
201900024101,2,7,,14,0,1,1,E01
201900024102,2,7,,4,0,2,1,A01
201900024103,1,7,,0,2,3,17,B01
201900024103,2,7,,0,2,1,26,A01
201900024104,1,10,,0,2,3,13,A01
201900024104,2,7,,0,2,1,1,B01
201900024104,1,7,,0,2,1,2,C01
201900024105,1,7,,0,2,1,1,B01
201900024105,2,7,,0,2,1,5,A01
201900024106,1,3,,0,0,6,1,B01
201900024106,1,7,,0,2,2,12,A01
201900024107,1,2,,0,1,1,2,A01
201900024108,1,7,,0,2,1,5,A01
201900024108,2,10,,0,2,6,1,B01
201900024108,2,10,,0,2,1,1,C01
201900024109,1,7,,0,2,3,10,A01
201900024109,1,10,,0,2,2,1,B01
201900024110,2,3,,0,9,2,2,A01
201900024110,2,1,,0,2,4,2,B01
201900024111,1,7,,0,2,2,17,Z01
201900024111,1,7,,0,2,6,1,B01
201900024112,1,17,,6,0,2,14,A01
201900024113,1,7,,3,0,2,16,A01
201900024114,1,7,,0,2,3,26,B01
201900024114,1,7,,0,2,3,26,A01
201900024115,1,7,,3,0,3,26,A01
201900024116,2,7,,0,2,1,0,Z01
201900024116,2,7,,0,2,4,1,A01
201900024117,1,10,,0,2,1,2,A01
201900024117,1,7,,0,2,4,2,B01
201900024117,1,7,,0,2,4,2,C01
201900024117,1,7,,0,2,4,2,D01
201900024117,1,7,,0,2,4,2,E01
201900024118,1,7,,0,2,3,1,A01
201900024118,1,7,,13,2,9,1,B01
201900024119,2,10,,4,0,2,1,A01
201900024120,1,17,,0,2,2,1,B01
201900024120,1,17,,0,2,1,1,D01
201900024120,1,7,,0,2,8,13,A01
201900024120,1,17,,0,2,1,1,C01
201900024121,1,7,,0,2,1,9,A01
201900024121,1,2,,0,0,4,23,B01
201900024121,1,7,,0,0,6,23,C01
201900024122,3,7,,0,0,1,1,A01
201900024122,3,33,,0,2,4,23,B01
201900024123,1,10,,1,1,8,26,A01
201900024124,1,33,,0,0,7,26,A01
201900024125,2,2,,0,0,0,2,A01
201900024126,1,7,,0,2,4,1,B01
201900024126,1,7,,0,2,1,1,A01
201900024127,2,31,,0,2,1,1,B01
201900024127,1,7,,0,2,5,10,A01
201900024128,1,7,,0,2,1,19,A01
201900024128,2,7,,0,2,8,1,B01
201900024129,1,7,,0,2,3,1,B01
201900024129,2,7,,0,2,3,17,A01
201900024130,2,7,,0,0,9,1,A01
201900024131,2,7,,0,2,2,1,A01
201900024131,3,1,,0,2,1,1,B01
201900024132,1,15,,0,2,1,1,B01
201900024132,1,7,,0,2,8,10,A01
201900024133,2,10,,0,2,6,23,B01
201900024133,2,10,,0,2,3,1,A01
201900024134,2,7,,0,0,9,13,A01
201900024135,1,7,,0,2,5,19,B01
201900024135,1,7,,0,2,1,1,A01
201900024136,3,33,,0,0,0,15,A01
201900024137,2,2,,0,2,1,1,B01
201900024137,1,7,,0,2,5,15,A01
201900024138,2,7,,0,2,8,13,A01
201900024138,1,7,,0,2,1,1,B01
201900024138,1,7,,0,2,1,1,C01
201900024139,2,7,,13,0,1,1,A01
201900024140,2,7,,0,1,2,1,A01
201900024141,2,7,,0,2,1,1,C01
201900024141,2,7,,0,2,1,1,B01
201900024141,1,7,,0,2,1,13,A01
201900024142,2,2,,0,2,1,1,A01
201900024142,3,7,,0,2,5,19,B01
201900024143,2,7,,0,9,3,1,B01
201900024143,1,33,,0,0,8,1,A01
201900024144,2,7,,1,0,2,21,A01
201900024145,1,7,,13,0,1,1,A01
201900024146,1,7,,0,2,1,1,A01
201900024146,2,10,,13,2,1,1,B01
201900024147,3,1,,0,2,1,2,B01
201900024147,3,10,,0,2,3,2,A01
201900024148,0,7,,0,1,1,2,A01
201900024149,2,99,,0,2,3,1,B01
201900024149,1,7,,0,2,3,13,A01
201900024150,2,7,,17,0,1,26,A01
201900024151,2,33,,0,2,1,1,B01
201900024151,1,17,,0,2,3,15,A01
201900024152,2,33,,5,0,8,1,A01
201900024153,2,33,,0,0,7,1,A01
201900024154,2,7,,0,2,5,9,B01
201900024154,2,7,,0,2,3,1,A01
201900024155,0,7,,0,2,2,15,A01
201900024155,0,7,,0,2,3,1,B01
201900024156,3,10,,0,9,6,15,B01
201900024156,3,33,,0,2,1,1,A01
201900024157,3,7,,0,1,1,15,A01
201900024158,3,2,,6,0,1,1,A01
201900024159,2,15,,0,2,3,26,B01
201900024159,1,7,,0,2,3,13,A01
201900024160,3,33,,12,0,6,1,A01
201900024161,2,7,,0,2,1,1,C01
201900024161,2,15,,0,2,4,1,B01
201900024161,2,7,,0,2,1,1,A01
201900024162,1,7,,13,0,0,1,A01
201900024163,3,7,,0,1,1,14,A01
201900024164,1,7,,2,0,0,1,A01
201900024165,3,2,,0,0,0,0,A01
201900024166,2,2,,12,0,7,14,A01
201900024167,1,7,,0,0,0,2,A01
201900024168,2,7,,0,2,8,9,A01
201900024168,1,7,,0,2,1,1,B01
201900024169,3,7,,0,1,2,19,A01
201900024170,2,7,,0,2,3,1,B01
201900024170,1,7,,0,2,3,5,A01
201900024171,2,7,,0,1,1,2,A01
201900024172,3,33,,0,0,8,17,A01
201900024173,2,31,,0,0,0,1,A01
201900024174,3,7,,0,2,1,1,A01
201900024174,3,1,,0,2,2,15,B01
201900024175,2,7,,0,2,1,15,A01
201900024175,1,7,,9,2,1,13,B01
201900024176,1,7,,0,0,2,1,A01
201900024176,1,7,,13,0,6,1,B01
201900024177,1,7,,2,0,1,1,A01
201900024178,1,7,,17,0,1,0,A01
201900024179,3,7,,0,1,1,1,A01
201900024180,2,7,,0,2,4,1,A01
201900024180,2,7,,0,2,1,14,B01
201900024181,2,7,,0,2,5,1,D01
201900024181,2,7,,0,2,2,1,C01
201900024181,2,33,,0,2,1,3,B01
201900024181,2,7,,0,2,6,11,A01
201900024182,2,7,,0,2,8,1,A01
201900024182,2,7,,4,2,3,13,B01
201900024183,1,7,,3,0,8,2,A01
201900024184,2,10,,0,2,2,14,A01
201900024184,2,17,,0,2,6,1,B01
201900024185,2,7,,4,0,1,13,A01
201900024186,1,33,,14,0,7,1,A01
201900024187,1,7,,0,2,1,2,A01
201900024187,1,7,,0,2,4,1,B01
201900024188,1,7,,0,0,0,14,A01
201900024188,1,33,,0,0,0,3,B01
201900024189,1,7,,0,2,4,2,C01
201900024189,1,7,,0,2,4,2,B01
201900024189,1,7,,0,2,1,1,A01
201900024190,1,7,,0,2,7,12,Z01
201900024190,1,33,,0,2,8,3,A01
201900024191,2,33,,4,2,1,21,A01
201900024191,2,7,,0,2,4,1,B01
201900024192,2,7,,0,2,1,1,A01
201900024192,2,10,,0,2,4,2,B01
201900024193,2,7,,4,0,2,1,A01
201900024194,1,7,,0,2,3,9,B01
201900024194,1,15,,0,2,5,1,A01
201900024195,1,7,,0,2,4,2,B01
201900024195,1,33,,0,2,1,1,A01
201900024196,2,15,,0,2,6,1,A01
201900024196,2,15,,0,2,1,1,B01
201900024197,2,7,,0,2,2,23,C01
201900024197,2,7,,0,2,8,11,B01
201900024197,2,33,,0,2,1,3,A01
201900024198,2,7,,0,2,3,11,A01
201900024198,2,33,,0,2,1,1,B01
201900024199,1,7,,6,0,1,14,A01
201900024200,1,7,,0,1,2,15,Y01
201900024200,1,7,,0,1,2,15,B01
201900024201,1,10,,0,1,1,26,A01
201900024202,1,7,,0,1,2,1,A01
201900024203,1,7,,0,2,1,1,A01
201900024203,1,7,,0,2,4,1,B01
201900024204,1,7,,0,2,2,1,B01
201900024204,1,1,,0,2,1,1,A01
201900024205,3,7,,0,2,1,9,B01
201900024205,3,1,,0,2,1,1,A01
201900024206,1,1,,0,2,1,25,B01
201900024206,1,7,,0,2,1,9,A01
201900024207,3,7,,0,2,3,1,B01
201900024207,3,7,,0,2,3,13,A01
201900024208,1,7,,0,2,3,0,B01
201900024208,2,7,,0,2,3,0,A01
201900024209,1,7,,0,1,1,5,A01
201900024210,3,7,,3,0,1,2,A01
201900024211,1,30,,0,2,7,9,A01
201900024211,1,7,,0,2,3,1,B01
201900024212,1,7,,0,1,1,15,A01
201900024213,1,7,,0,2,2,19,B01
201900024213,2,50,,0,2,1,7,A01
201900024214,1,7,,0,1,1,15,A01
201900024215,3,1,,0,0,0,1,A01
201900024216,2,7,,0,2,3,15,A01
201900024216,2,30,,0,2,3,10,B01
201900024217,1,7,,0,2,4,26,A01
201900024217,2,20,,0,2,0,0,B01
201900024218,2,7,,0,2,3,15,A01
201900024218,2,33,,0,2,7,3,B01
201900024219,2,7,,0,2,4,23,C01
201900024219,2,7,,0,2,4,23,B01
201900024219,2,7,,0,2,1,1,A01
201900024220,1,7,,0,2,7,16,A01
201900024220,3,32,,0,2,8,1,B01
201900024221,2,31,,0,2,1,1,B01
201900024221,0,7,,0,2,6,15,A01
201900024222,1,7,,0,2,4,23,B01
201900024222,1,7,,0,2,1,12,A01
201900024223,3,7,,0,2,6,23,C01
201900024223,3,7,,0,2,8,23,B01
201900024223,3,7,,0,2,2,5,A01
201900024224,3,33,,0,0,0,21,A01
201900024225,1,3,,0,2,5,15,A01
201900024225,2,33,,0,2,1,3,B01
201900024226,1,7,,0,2,4,2,B01
201900024226,1,7,,0,2,4,2,C01
201900024226,1,7,,0,2,1,1,A01
201900024227,3,13,,0,1,4,20,A01
201900024228,2,7,,0,2,6,23,B01
201900024228,2,33,,0,2,1,2,A01
201900024229,0,10,,0,2,7,19,B01
201900024229,0,33,,0,2,1,1,A01
201900024230,1,7,,0,2,1,2,A01
201900024230,1,7,,0,2,4,23,B01
201900024231,1,33,,0,0,8,1,A01
201900024232,2,33,,0,2,1,1,B01
201900024232,1,7,,0,2,5,15,A01
201900024233,1,7,,0,1,0,16,A01
201900024234,2,34,,0,2,6,26,A01
201900024234,2,7,,0,0,6,13,B01
201900024235,0,7,,0,1,1,1,A01
201900024236,0,30,,0,1,0,1,A01
201900024237,2,7,,-1,-1,-1,-1,E01
201900024237,2,7,,0,2,4,0,D01
201900024237,2,37,1.0,0,2,3,0,C01
201900024237,2,7,,0,2,4,1,B01
201900024238,3,99,,15,0,0,26,A01
201900024239,2,7,,0,1,1,1,Z01
201900024240,0,7,,0,2,0,11,A01
201900024240,0,33,,0,2,8,21,B01
201900024240,0,7,,0,2,4,1,C01
201900024241,3,7,,0,1,1,1,A01
201900024242,1,7,,0,0,4,23,B01
201900024242,1,7,,0,2,1,23,A01
201900024243,2,7,,0,1,0,1,A01
201900024244,1,1,,0,1,1,1,A01
201900024245,1,3,,0,1,1,1,A01
201900024246,1,30,,0,2,1,1,A01
201900024246,1,7,,0,2,2,1,B01
201900024247,2,7,,12,0,3,1,A01
201900024248,2,2,,0,2,1,1,B01
201900024248,2,7,,0,2,8,9,A01
201900024249,2,1,,0,2,8,1,B01
201900024249,2,7,,0,2,7,14,Z01
201900024250,2,10,,0,2,1,1,B01
201900024250,2,7,,0,2,8,13,A01
201900024251,1,33,,0,0,8,15,A01
201900024252,2,10,,0,1,1,16,A01
201900024253,3,30,,14,0,1,26,A01
201900024254,2,7,,0,2,1,1,B01
201900024254,1,30,,0,2,1,15,A01
201900024255,2,7,,13,0,1,13,A01
201900024256,1,10,,0,1,1,15,A01
201900024257,0,7,,0,2,5,15,A01
201900024257,0,7,,0,2,1,1,C01
201900024257,1,33,,0,2,1,1,B01
201900024258,2,7,,0,2,1,1,A01
201900024258,2,7,,0,2,4,1,B01
201900024258,2,7,,0,2,4,1,C01
201900024258,2,7,,0,2,4,23,D01
201900024259,3,7,,0,2,1,26,B01
201900024259,3,7,,0,2,3,26,A01
201900024260,1,7,,0,2,1,1,A01
201900024260,2,7,,0,2,2,1,B01
201900024261,1,7,,0,2,1,13,A01
201900024261,2,17,,0,2,6,1,B01
201900024262,1,30,,0,2,1,1,B01
201900024262,2,7,,0,2,3,9,A01
201900024263,1,10,,0,2,4,23,A01
201900024264,3,7,,1,0,2,1,A01
201900024265,1,1,,0,0,1,15,A01
201900024266,2,7,,0,2,8,1,B01
201900024266,2,34,,0,2,1,1,A01
201900024267,1,31,,0,2,1,1,A01
201900024267,1,7,,0,2,4,1,B01
201900024268,1,33,,0,2,9,17,A01
201900024268,1,7,,0,2,6,1,B01
201900024269,1,33,,0,2,0,1,B01
201900024269,1,7,,0,2,1,9,A01
201900024270,1,7,,1,0,2,14,A01
201900024271,2,32,,13,0,7,13,A01
201900024272,3,7,,0,0,5,1,B01
201900024272,3,7,,0,2,3,9,A01
201900024273,3,7,,0,1,2,15,A01
201900024274,3,10,,0,1,4,2,B01
201900024274,3,10,,0,2,1,2,A01
201900024275,2,7,,0,2,1,26,A01
201900024275,2,7,,0,2,4,2,B01
201900024275,2,7,,0,2,4,2,C01
201900024275,2,7,,0,2,4,2,D01
201900024276,2,7,,0,1,1,1,A01
201900024277,1,7,,6,2,1,1,B01
201900024277,1,7,,0,2,8,9,A01
201900024278,3,33,,0,2,1,1,B01
201900024278,3,7,,0,2,6,10,A01
201900024279,2,7,,0,1,8,15,A01
201900024280,3,7,,12,0,1,2,A01
201900024281,3,7,,0,2,1,2,A01
201900024281,3,7,,0,2,4,23,B01
201900024281,3,7,,0,2,4,23,C01
201900024282,2,34,,0,1,1,1,A01
201900024283,2,15,,0,1,3,1,A01
201900024284,2,32,,0,2,1,26,A01
201900024284,2,7,,0,2,4,26,B01
201900024285,1,7,,0,2,3,15,A01
201900024285,2,7,,0,2,1,1,B01
201900024286,3,2,,0,2,1,1,B01
201900024286,3,7,,0,2,4,16,A01
201900024287,1,14,,0,2,0,1,C01
201900024287,1,7,,0,2,5,12,B01
201900024287,1,33,,0,2,1,3,A01
201900024288,2,30,,0,1,2,1,Z01
201900024289,1,30,,0,2,2,1,A01
201900024289,1,10,,0,2,2,9,B01
201900024290,1,30,,0,0,0,17,A01
201900024291,1,34,,0,2,3,1,B01
201900024291,1,7,,0,2,6,10,A01
201900024292,1,7,,0,2,1,15,B01
201900024292,1,32,,0,2,7,1,A01
201900024293,3,34,,0,1,1,17,A01
201900024294,1,7,,0,2,2,1,B01
201900024294,1,7,,0,2,3,13,A01
201900024295,1,7,,0,1,1,15,A01
201900024296,2,1,,0,0,1,21,A01
201900024297,2,7,,0,1,2,1,A01
201900024298,1,10,,0,2,4,23,A01
201900024298,1,7,,0,2,1,2,B01
201900024299,2,7,,0,1,3,1,A01
201900024300,2,10,,0,2,2,16,A01
201900024300,2,1,,0,2,1,1,B01
201900024301,2,7,,0,2,2,16,A01
201900024301,1,1,,0,2,1,1,B01
201900024302,2,7,,0,2,8,10,A01
201900024302,2,30,,0,2,7,17,B01
201900024303,1,7,,1,0,2,14,A01
201900024304,2,7,,0,1,7,1,A01
201900024305,2,7,,0,1,1,16,A01
201900024306,1,7,,0,2,1,1,A01
201900024306,1,1,,0,2,7,1,B01
201900024307,2,7,,0,2,1,16,B01
201900024307,3,32,,0,2,7,1,A01
201900024308,2,30,,0,2,5,2,A01
201900024308,2,7,,0,2,5,2,B01
201900024309,1,7,,0,1,1,1,A01
201900024310,1,7,,0,2,6,1,B01
201900024310,1,2,,0,2,1,1,A01
201900024311,3,7,,0,2,8,1,B01
201900024311,3,7,,0,2,1,19,A01
201900024312,2,43,,0,2,1,1,B01
201900024312,3,7,,0,2,5,15,A01
201900024313,3,14,,0,2,0,0,B01
201900024313,3,32,,0,2,1,16,A01
201900024314,1,7,,0,2,2,12,A01
201900024314,1,7,,0,2,6,1,B01
201900024314,1,7,,0,2,4,0,C01
201900024315,1,7,,0,0,9,2,A01
201900024316,2,7,,0,2,1,1,C01
201900024316,2,17,,0,2,6,1,B01
201900024316,2,7,,0,2,1,1,A01
201900024317,2,7,,4,0,1,14,A01
201900024318,1,7,,0,2,4,2,A01
201900024318,1,10,,0,2,1,2,B01
201900024319,2,7,,0,0,9,21,A01
201900024320,1,7,,3,0,2,14,A01
201900024321,2,7,,0,2,6,13,A01
201900024321,2,7,,0,2,2,1,B01
201900024322,2,7,,3,0,1,26,A01
201900024323,2,43,,0,2,3,3,B01
201900024323,2,7,,0,2,2,12,A01
201900024324,1,7,,4,2,8,1,B01
201900024324,1,7,,0,2,1,12,A01
201900024325,2,7,,4,2,1,17,A01
201900024325,2,7,,0,2,3,1,B01
201900024326,2,7,,3,0,1,14,A01
201900024327,2,7,,4,0,1,14,A01
201900024328,2,7,,4,0,1,1,A01
201900024329,1,7,,0,2,1,2,A01
201900024329,1,32,,0,2,5,2,B01
201900024329,1,7,,0,2,4,2,C01
201900024330,1,7,,0,2,6,1,C01
201900024330,1,33,,0,2,2,3,B01
201900024330,1,10,,0,2,5,11,A01
201900024331,2,17,,0,2,7,12,A01
201900024331,2,10,,0,2,8,1,B01
201900024332,1,7,,1,2,7,20,A01
201900024332,2,1,,0,2,8,9,B01
201900024332,1,34,,0,2,8,0,C01
201900024332,1,7,,0,2,6,0,D01
201900024333,3,7,,0,1,2,26,A01
201900024334,3,14,,0,2,7,12,A01
201900024334,3,7,,0,2,8,1,B01
201900024335,0,7,,0,0,1,13,A01
201900024336,3,7,,0,2,4,4,A01
201900024337,3,32,,0,2,1,26,B01
201900024337,3,7,,0,2,3,26,A01
201900024338,1,7,,0,2,3,1,B01
201900024338,1,7,,0,2,3,13,A01
201900024339,1,7,,0,2,3,26,A01
201900024339,1,2,,0,2,1,1,B01
201900024340,1,2,,0,2,1,1,B01
201900024340,2,7,,0,2,7,15,A01
201900024341,0,7,,0,2,5,15,A01
201900024341,0,1,,0,2,1,1,B01
201900024342,0,7,,0,2,1,1,B01
201900024342,0,7,,0,2,1,1,A01
201900024343,3,7,,0,2,3,1,Z01
201900024343,3,7,,0,2,7,1,A01
201900024344,2,7,,0,2,4,1,C01
201900024344,2,7,,0,2,4,1,B01
201900024344,2,7,,0,2,1,1,A01
201900024345,2,7,,0,1,1,1,A01
201900024346,1,10,,0,2,4,1,B01
201900024346,1,7,,0,2,1,1,A01
201900024347,1,7,,3,0,2,21,A01
201900024348,1,7,,0,2,4,2,A01
201900024348,1,7,,0,2,4,2,B01
201900024348,1,7,,0,2,1,2,C01
201900024349,1,7,,0,2,4,2,B01
201900024349,1,7,,0,2,1,2,A01
201900024350,1,7,,0,2,4,2,A01
201900024350,1,7,,0,2,1,1,B01
201900024351,1,1,,0,2,4,19,A01
201900024351,2,7,,0,2,2,1,B01
201900024352,1,7,,0,1,2,1,A01
201900024353,1,7,,0,2,1,2,A01
201900024353,1,7,,0,2,4,2,B01
201900024354,1,7,,1,0,3,1,A01
201900024355,2,7,,0,2,4,1,B01
201900024355,3,7,,0,2,3,9,A01
201900024356,1,7,,0,0,2,14,A01
201900024357,3,7,,0,1,1,1,A01
201900024358,1,7,,0,2,1,15,A01
201900024358,2,30,,0,2,1,1,B01
201900024359,3,7,,0,2,1,1,D01
201900024359,1,7,,0,2,0,0,C01
201900024359,1,7,,0,2,0,0,B01
201900024359,1,7,,0,4,5,1,A01
201900024359,3,39,,0,2,1,1,E01
201900024360,2,7,,4,0,1,13,A01
201900024361,2,7,,0,2,4,1,B01
201900024361,2,1,,0,2,1,2,A01
201900024362,2,7,,4,0,1,13,A01
201900024363,1,7,,0,1,1,1,A01
201900024364,2,7,,0,2,1,17,B01
201900024364,1,7,,0,2,1,1,A01
201900024365,1,7,,0,2,8,1,A01
201900024365,1,7,,0,2,2,1,B01
201900024366,1,2,,0,2,7,2,B01
201900024366,1,7,,0,2,6,15,A01
201900024367,1,33,,0,2,1,1,B01
201900024367,2,7,,0,2,6,9,A01
201900024368,0,7,,0,2,1,1,B01
201900024368,0,7,,0,2,1,1,A01
201900024369,0,7,,0,2,1,1,B01
201900024369,0,7,,0,2,2,1,A01
201900024370,1,3,,0,2,4,2,B01
201900024370,1,7,,0,2,1,2,A01
201900024371,2,7,,0,2,1,13,A01
201900024371,1,7,,0,2,1,1,B01
201900024371,1,7,,0,2,1,2,C01
201900024372,1,7,,0,2,1,1,A01
201900024372,1,1,,0,2,4,1,B01
201900024372,1,1,,0,2,4,1,C01
201900024373,1,7,,4,0,1,1,A01
201900024374,1,7,,0,1,1,1,A01
201900024375,3,7,,9,0,1,14,A01
201900024376,3,0,,9,0,0,0,A01
201900024377,3,7,,0,2,1,2,A01
201900024377,3,7,,0,2,4,23,B01
201900024377,3,7,,0,2,4,23,C01
201900024378,1,7,,0,2,8,23,B01
201900024378,1,7,,0,1,2,1,A01
201900024379,0,10,,0,2,3,19,A01
201900024379,0,1,,0,2,1,1,B01
201900024380,1,37,1.0,0,1,2,1,A01
201900024381,3,7,,0,2,1,1,A01
201900024381,3,7,,0,2,4,1,B01
201900024382,2,7,,0,2,2,1,A01
201900024382,2,7,,0,2,6,1,B01
201900024382,2,7,,0,2,6,1,C01
201900024382,2,7,,0,2,6,1,D01
201900024382,2,7,,0,2,2,1,E01
201900024383,1,37,1.0,0,1,2,0,A01
201900024384,2,15,,0,2,3,1,B01
201900024384,1,7,,0,2,3,13,A01
201900024385,1,1,,0,2,1,26,A01
201900024385,1,7,,0,9,1,15,B01
201900024386,0,7,,0,2,1,1,A01
201900024386,0,43,,0,2,1,15,B01
201900024387,0,7,,0,2,1,1,B01
201900024387,0,50,,0,2,1,19,A01
201900024388,0,7,,0,2,1,19,B01
201900024388,0,7,,0,2,1,1,A01
201900024389,0,7,,0,2,1,1,A01
201900024389,0,7,,0,2,9,23,B01
201900024390,1,31,,0,2,9,1,B01
201900024390,1,7,,0,2,3,9,A01
201900024391,2,7,,0,2,4,2,B01
201900024391,2,7,,0,2,4,2,C01
201900024391,1,7,,0,2,3,2,A01
201900024392,1,7,,0,1,2,1,A01
201900024393,0,32,,0,2,3,15,B01
201900024393,0,7,,0,2,8,15,A01
201900024394,1,10,,0,2,4,1,B01
201900024394,1,7,,0,2,1,1,A01
201900024395,1,7,,0,2,1,1,A01
201900024395,1,7,,0,2,4,23,B01
201900024395,1,7,,0,2,4,23,C01
201900024395,1,7,,0,2,4,23,D01
201900024396,3,33,,3,0,7,1,A01
201900024397,0,15,,0,2,3,1,B01
201900024397,0,10,,0,2,3,13,A01
201900024398,3,37,1.0,0,1,1,1,A01
201900024399,0,10,,0,2,2,2,B01
201900024399,0,7,,0,0,3,1,A01
201900024400,1,7,,0,2,8,0,B01
201900024400,1,31,,0,2,1,3,A01
201900024401,1,3,,0,0,1,19,A01
201900024402,1,10,,0,2,7,26,A01
201900024402,1,30,,0,2,8,1,B01
201900024403,3,1,,12,0,8,2,B01
201900024403,3,7,,16,9,2,2,A01
201900024404,2,10,,0,1,3,1,A01
201900024405,1,7,,0,2,1,13,A01
201900024405,2,13,,0,2,1,1,B01
201900024406,2,3,,0,2,1,26,A01
201900024406,2,33,,0,2,7,2,B01
201900024407,2,50,,0,1,1,1,A01
201900024408,1,10,,12,0,2,14,A01
201900024409,1,7,,0,2,5,14,A01
201900024409,1,33,,0,2,1,1,B01
201900024410,1,33,,0,1,3,1,A01
201900024411,2,1,,0,1,1,7,A01
201900024412,2,33,,0,0,0,1,A01
201900024413,1,1,,0,2,8,19,B01
201900024413,1,7,,0,2,2,16,A01
201900024414,1,7,,0,2,3,10,A01
201900024414,1,43,,8,2,2,1,B01
201900024415,2,43,,0,2,1,1,B01