Num_Acc,senc,catv,occutc,obs,obsm,choc,manv,num_veh
201900024415,2,7,,0,2,8,9,A01
201900024416,1,7,,0,2,5,22,B01
201900024416,1,30,,0,2,1,18,A01
201900024417,2,30,,0,1,2,1,A01
201900024418,2,32,,0,0,3,16,A01
201900024419,2,33,,0,2,6,18,B01
201900024419,2,7,,0,2,7,22,A01
201900024420,2,7,,0,2,2,2,A01
201900024420,2,2,,0,2,4,23,B01
201900024421,1,10,,0,2,3,9,A01
201900024421,1,2,,0,2,2,1,B01
201900024422,3,7,,0,2,1,2,B01
201900024422,3,7,,0,2,4,26,A01
201900024423,3,10,,0,2,1,2,A01
201900024423,3,10,,0,2,4,2,B01
201900024423,3,10,,0,2,4,2,C01
201900024424,1,7,,0,2,3,23,A01
201900024424,1,30,,0,2,1,1,B01
201900024425,1,7,,0,2,2,16,A01
201900024425,1,1,,0,2,0,0,B01
201900024426,3,7,,0,2,1,15,B01
201900024426,3,7,,0,2,8,1,A01
201900024427,0,7,,1,1,2,1,A01
201900024428,1,7,,8,0,1,0,A01
201900024429,3,99,,14,0,1,1,A01
201900024430,1,7,,0,2,2,19,A01
201900024430,2,7,,0,2,3,0,B01
201900024431,1,7,,0,0,4,16,B01
201900024431,1,30,,0,0,1,1,A01
201900024432,3,32,,0,2,4,2,A01
201900024432,3,7,,0,2,1,2,B01
201900024433,1,7,,0,2,7,1,B01
201900024433,1,7,,0,2,8,1,A01
201900024434,3,7,,8,0,3,15,A01
201900024435,3,30,,16,0,8,0,B01
201900024435,1,10,,0,2,2,2,A01
201900024436,2,7,,1,0,2,14,A01
201900024437,3,7,,0,2,5,1,C01
201900024437,3,7,,0,2,2,1,A01
201900024438,1,7,,0,2,4,1,B01
201900024438,1,30,,0,2,1,1,A01
201900024439,3,7,,0,2,2,15,A01
201900024439,3,30,,0,2,1,1,B01
201900024440,1,7,,0,1,7,23,A01
201900024441,2,7,,11,0,9,1,A01
201900024442,1,7,,0,2,1,2,B01
201900024442,1,7,,0,2,4,23,A01
201900024443,1,7,,0,2,3,1,B01
201900024443,2,7,,0,2,1,13,A01
201900024444,2,10,,2,0,7,1,B01
201900024444,2,10,,0,2,1,1,A01
201900024445,2,7,,0,2,3,13,B01
201900024445,1,7,,0,2,3,13,A01
201900024446,2,7,,13,0,1,15,A01
201900024447,2,7,,0,2,1,17,A01
201900024447,1,7,,3,2,1,1,B01
201900024448,1,3,,0,0,3,5,A01
201900024448,2,7,,0,0,0,1,C01
201900024448,2,7,,0,2,3,1,B01
201900024449,2,31,,0,2,1,0,B01
201900024449,1,2,,0,2,1,1,A01
201900024450,1,7,,2,0,2,1,A01
201900024451,2,7,,0,2,2,1,C01
201900024451,2,7,,0,2,3,1,B01
201900024451,1,7,,0,2,3,1,A01
201900024452,2,7,,1,0,1,2,B01
201900024452,2,7,,0,2,4,2,A01
201900024453,2,1,,0,0,4,2,B01
201900024453,2,10,,0,9,2,2,A01
201900024454,1,7,,0,2,1,1,B01
201900024454,2,7,,0,2,1,13,A01
201900024455,2,7,,0,2,2,16,B01
201900024455,1,7,,0,2,1,17,A01
201900024456,2,7,,0,2,3,26,A01
201900024456,1,7,,0,2,1,1,B01
201900024457,0,31,,0,2,1,0,A01
201900024457,3,7,,0,0,6,15,B01
201900024458,2,7,,0,0,4,1,B01
201900024458,2,7,,0,2,1,1,A01
201900024459,1,2,,0,2,1,13,A01
201900024459,2,7,,0,2,3,1,B01
201900024460,2,10,,0,2,1,1,A01
201900024460,2,7,,0,2,4,15,B01
201900024460,1,7,,13,0,8,1,C01
201900024461,3,7,,12,2,3,1,A01
201900024461,3,7,,0,2,8,1,B01
201900024462,3,7,,6,0,1,1,A01
201900024463,1,10,,0,1,2,25,A01
201900024464,2,7,,13,0,1,0,A01
201900024465,1,7,,0,2,3,1,A01
201900024465,2,7,,0,2,1,11,B01
201900024466,1,7,,0,2,3,15,B01
201900024466,1,2,,0,2,2,17,A01
201900024467,3,7,,8,0,1,1,A01
201900024468,1,7,,0,1,3,1,A01
201900024469,2,7,,16,2,4,15,A01
201900024469,2,7,,16,2,1,1,B01
201900024470,2,7,,0,2,7,1,A01
201900024470,1,7,,0,2,1,1,B01
201900024471,3,33,,0,0,8,1,A01
201900024472,1,7,,0,2,3,21,B01
201900024472,2,7,,0,2,1,19,A01
201900024473,1,15,,0,2,4,4,A01
201900024473,1,33,,0,2,1,2,C01
201900024474,3,33,,0,9,1,1,A01
201900024474,3,10,,0,9,1,1,B01
201900024474,0,10,,0,0,0,26,C01
201900024475,1,33,,0,2,6,1,A01
201900024475,1,7,,0,0,6,15,B01
201900024476,1,7,,0,2,1,5,A01
201900024476,2,15,,0,2,3,1,B01
201900024476,1,7,,0,9,3,1,C01
201900024477,2,15,,0,2,6,2,B01
201900024477,2,7,,0,2,2,2,A01
201900024478,2,7,,1,2,9,21,C01
201900024478,2,7,,0,2,1,5,B01
201900024478,2,7,,0,2,1,5,A01
201900024479,3,7,,0,2,2,1,A01
201900024479,3,2,,0,2,1,15,B01
201900024480,1,7,,0,2,3,13,A01
201900024480,2,7,,0,0,3,0,B01
201900024481,3,1,,0,2,1,15,B01
201900024481,3,7,,0,0,2,1,A01
201900024482,3,7,,0,2,1,1,B01
201900024482,3,7,,0,2,1,13,A01
201900024483,2,7,,2,0,2,13,A01
201900024484,3,7,,0,2,2,15,A01
201900024484,3,33,,0,2,1,1,B01
201900024485,2,7,,0,0,0,1,A01
201900024486,1,7,,0,1,2,1,A01
201900024487,3,7,,2,0,1,13,A01
201900024488,1,7,,13,0,0,13,A01
201900024489,2,7,,0,2,1,1,A01
201900024489,1,7,,0,2,1,1,B01
201900024490,0,7,,0,1,1,1,A01
201900024491,2,7,,10,0,1,1,A01
201900024492,1,7,,0,0,3,15,A01
201900024492,1,1,,0,0,1,1,B01
201900024493,1,7,,0,2,3,15,A01
201900024493,2,7,,0,2,1,1,B01
201900024494,2,7,,0,2,8,1,B01
201900024494,2,7,,0,2,3,13,A01
201900024495,2,7,,4,0,8,13,A01
201900024496,0,7,,0,2,2,1,B01
201900024496,0,31,,0,2,1,13,A01
201900024497,2,7,,13,0,0,26,A01
201900024498,2,7,,0,0,7,1,B01
201900024498,1,7,,0,2,1,1,A01
201900024499,1,7,,8,0,1,1,A01
201900024500,2,33,,0,2,7,2,B01
201900024500,2,7,,0,0,3,10,A01
201900024501,1,32,,2,0,1,1,A01
201900024502,2,7,,8,0,9,1,A01
201900024503,2,7,,15,0,1,0,A01
201900024504,2,7,,0,2,3,9,A01
201900024504,2,13,,0,2,2,1,B01
201900024505,3,31,,0,0,0,1,A01
201900024506,1,1,,12,0,9,1,A01
201900024507,2,7,,6,0,2,14,A01
201900024508,3,33,,0,2,1,1,A01
201900024508,0,7,,0,0,4,23,B01
201900024509,2,7,,17,0,1,1,A01
201900024510,1,33,,0,6,1,1,A01
201900024511,1,21,,0,2,3,13,A01
201900024511,1,10,,0,2,2,17,B01
201900024512,2,7,,0,2,9,1,A01
201900024512,2,7,,0,2,6,16,B01
201900024513,2,2,,16,0,1,13,A01
201900024514,2,7,,6,9,8,13,A01
201900024515,1,7,,13,0,1,17,A01
201900024516,2,7,,2,0,8,0,A01
201900024517,1,7,,0,2,1,1,B01
201900024517,3,7,,7,0,7,19,A01
201900024518,1,33,,0,0,9,14,A01
201900024519,0,7,,0,1,2,14,A01
201900024520,2,15,,0,0,8,1,A01
201900024520,2,7,,0,2,2,14,B01
201900024520,2,7,,0,2,4,1,C01
201900024520,2,7,,0,2,1,1,D01
201900024521,2,7,,0,9,6,2,B01
201900024521,2,33,,3,2,1,2,A01
201900024522,2,7,,0,0,0,1,A01
201900024523,2,7,,0,2,1,2,A01
201900024523,2,7,,0,0,5,2,B01
201900024524,3,10,,0,9,5,1,A01
201900024524,3,1,,0,2,1,26,B01
201900024525,1,7,,0,2,5,15,A01
201900024525,2,33,,0,2,0,1,B01
201900024526,1,7,,0,2,1,1,B01
201900024526,1,13,,7,2,6,19,A01
201900024527,0,7,,0,2,3,1,B01
201900024527,0,33,,0,2,3,13,A01
201900024528,1,33,,0,2,2,1,B01
201900024528,2,7,,0,2,2,5,A01
201900024529,1,1,,0,2,4,1,B01
201900024529,1,7,,0,9,3,9,A01
201900024530,2,7,,0,1,2,14,A01
201900024531,1,14,,0,1,8,15,A01
201900024532,0,1,,0,2,3,1,A01
201900024532,3,7,,0,2,2,16,B01
201900024533,1,33,,11,0,1,12,A01
201900024534,3,7,,0,2,3,1,A01
201900024534,3,2,,0,2,1,1,B01
201900024535,1,2,,0,2,1,1,B01
201900024535,2,7,,0,2,3,15,A01
201900024536,3,1,,0,2,4,9,B01
201900024536,3,7,,0,9,3,9,A01
201900024537,1,7,,0,2,4,23,A01
201900024537,1,7,,0,2,1,1,B01
201900024538,2,7,,0,2,2,1,A01
201900024538,2,7,,0,2,8,11,B01
201900024539,2,7,,0,2,4,1,A01
201900024539,2,7,,0,2,1,14,B01
201900024539,2,33,,0,2,3,1,C01
201900024540,2,7,,0,2,1,1,C01
201900024540,2,7,,0,2,4,11,B01
201900024540,2,7,,3,2,2,17,A01
201900024541,2,7,,0,2,4,2,D01
201900024541,2,7,,0,2,4,2,C01
201900024541,2,7,,0,2,4,2,B01
201900024541,2,7,,0,2,1,2,A01
201900024542,1,7,,0,2,6,11,A01
201900024542,1,7,,0,2,2,1,B01
201900024543,1,33,,0,0,1,26,A01
201900024544,1,7,,0,2,6,23,A01
201900024544,1,7,,1,0,1,1,B01
201900024544,1,7,,0,2,7,0,C01
201900024544,1,7,,0,2,1,1,D01
201900024545,2,7,,0,2,4,2,B01
201900024545,2,7,,0,2,1,2,A01
201900024546,1,7,,0,2,1,2,D01
201900024546,1,7,,0,2,4,1,C01
201900024546,1,7,,0,2,4,2,B01
201900024546,1,7,,0,2,4,1,A01
201900024547,1,7,,0,2,5,2,C01
201900024547,1,7,,0,2,0,11,A01
201900024547,1,33,,0,2,8,3,B01
201900024548,3,33,,0,2,2,17,B01
201900024548,0,7,,14,0,3,15,A01
201900024549,1,10,,0,2,1,1,B01
201900024549,2,10,,0,2,2,15,A01
201900024550,0,1,,15,0,1,25,A01
201900024551,2,2,,0,1,1,1,A01
201900024552,1,99,,0,2,1,0,B01
201900024552,1,99,,0,2,8,5,A01
201900024553,3,7,,0,2,7,15,A01
201900024553,0,2,,0,2,1,1,B01
201900024554,3,7,,0,1,1,1,A01
201900024555,1,7,,0,1,3,9,A01
201900024556,3,7,,0,1,4,20,A01
201900024557,0,7,,0,1,2,2,A01
201900024558,1,33,,0,2,5,2,A01
201900024558,1,7,,0,2,5,2,B01
201900024559,2,1,,0,0,0,0,B01
201900024559,1,7,,0,2,2,1,A01
201900024560,1,7,,0,2,1,15,A01
201900024560,2,1,,0,2,8,1,B01
201900024561,3,7,,0,2,3,1,B01
201900024561,3,7,,0,2,2,15,A01
201900024562,3,30,,0,0,0,26,A01
201900024563,1,33,,0,1,3,13,A01
201900024564,2,31,,0,2,7,21,A01
201900024564,2,10,,0,2,1,9,B01
201900024565,1,37,1.0,0,1,7,16,A01
201900024566,2,7,,0,2,1,2,A01
201900024566,2,7,,0,2,5,2,B01
201900024567,2,10,,15,2,5,19,A01
201900024567,2,10,,0,2,1,19,B01
201900024568,3,33,,0,2,1,1,B01
201900024568,3,7,,0,2,7,19,A01
201900024569,1,7,,0,2,2,1,A01
201900024569,2,50,,0,2,0,0,B01
201900024570,1,7,,0,2,7,1,A01
201900024570,1,33,,0,2,1,1,B01
201900024571,1,7,,0,2,1,15,A01
201900024571,3,7,,0,2,3,1,B01
201900024572,1,7,,0,2,7,23,A01
201900024572,1,7,,0,2,6,23,C01
201900024572,1,32,,0,2,1,3,B01
201900024573,2,7,,1,0,2,0,A01
201900024574,1,7,,0,2,5,15,A01
201900024574,2,7,,0,2,1,1,B01
201900024575,1,7,,0,2,4,2,B01
201900024575,1,7,,0,2,1,2,A01
201900024576,2,7,,1,0,2,2,A01
201900024577,0,7,,0,2,3,11,A01
201900024577,0,7,,0,2,5,23,B01
201900024577,0,7,,0,2,4,23,C01
201900024578,1,10,,0,2,3,15,B01
201900024578,1,33,,0,2,2,17,A01
201900024579,1,1,,0,0,0,1,A01
201900024580,2,7,,0,2,3,15,B01
201900024580,2,31,,0,2,7,17,A01
201900024581,3,7,,0,1,3,26,A01
201900024582,3,7,,1,0,4,24,C01
201900024582,3,7,,6,0,5,24,B01
201900024582,3,7,,1,0,1,16,A01
201900024583,1,7,,0,1,1,26,A01
201900024584,3,33,,0,2,0,0,B01
201900024584,3,7,,0,2,3,11,A01
201900024585,1,7,,1,0,2,16,A01
201900024586,0,7,,0,0,4,23,B01
201900024586,0,10,,1,0,1,2,A01
201900024587,3,10,,0,2,1,2,B01
201900024587,3,10,,15,2,7,15,A01
201900024588,0,0,,0,-1,-1,0,B01
201900024588,1,7,,0,1,1,15,A01
201900024589,3,7,,0,1,3,1,A01
201900024590,1,7,,1,0,1,14,A01
201900024591,2,7,,0,2,1,15,A01
201900024591,1,2,,0,2,8,1,B01
201900024592,2,7,,0,2,1,15,A01
201900024592,1,34,,0,2,8,0,B01
201900024593,1,7,,0,1,3,1,A01
201900024594,2,10,,0,9,2,15,B01
201900024594,1,1,,0,2,8,1,A01
201900024595,2,7,,0,2,5,1,B01
201900024595,2,31,,0,2,1,9,A01
201900024596,2,10,,0,1,2,1,A01
201900024597,2,30,,0,2,1,2,A01
201900024597,2,37,1.0,0,2,4,23,B01
201900024598,1,7,,0,2,3,26,A01
201900024599,3,39,,0,2,3,1,B01
201900024599,3,7,,0,4,2,9,A01
201900024600,2,10,,0,2,3,2,C01
201900024600,1,7,,9,2,1,2,A01
201900024600,1,7,,0,2,7,0,B01
201900024601,1,30,,4,0,8,1,A01
201900024602,2,10,,14,0,1,1,A01
201900024602,2,7,,0,6,1,1,B01
201900024603,1,7,,0,5,1,1,A01
201900024604,2,7,,0,6,7,16,A01
201900024604,2,1,,0,2,8,1,B01
201900024605,1,7,,0,2,1,2,A01
201900024605,1,7,,0,2,4,2,B01
201900024606,3,7,,0,2,1,2,A01
201900024606,3,7,,0,2,4,2,B01
201900024607,1,2,,0,2,1,2,A01
201900024607,1,7,,0,2,4,2,B01
201900024608,1,7,,0,2,1,1,B01
201900024608,1,7,,0,2,8,19,A01
201900024609,1,1,,0,2,4,1,B01
201900024609,1,7,,0,2,1,16,A01
201900024610,3,7,,0,1,3,15,A01
201900024611,2,31,,2,1,3,25,A01
201900024612,3,7,,0,2,3,1,B01
201900024612,3,7,,0,2,3,15,A01
201900024613,3,13,,0,2,8,9,A01
201900024613,3,7,,0,2,1,9,B01
201900024614,2,7,,1,2,2,1,A01
201900024615,1,34,,12,2,2,17,B01
201900024615,1,7,,12,0,6,15,A01
201900024616,2,7,,0,2,3,17,A01
201900024616,1,7,,0,2,3,1,B01
201900024617,3,1,,0,2,4,1,B01
201900024617,3,10,,0,2,1,9,A01
201900024618,1,2,,0,2,3,1,B01
201900024618,1,7,,0,2,2,16,A01
201900024619,1,40,,0,2,1,1,B01
201900024619,1,1,,0,4,1,19,A01
201900024620,1,30,,9,0,1,14,A01
201900024621,3,7,,0,1,1,15,A01
201900024622,3,10,,0,1,2,9,A01
201900024623,1,7,,0,1,1,15,A01
201900024624,1,7,,0,2,3,1,B01
201900024624,1,7,,0,2,1,9,A01
201900024625,3,7,,0,2,5,26,A01
201900024625,3,33,,0,2,0,2,B01
201900024626,1,7,,0,2,6,10,A01
201900024626,1,7,,0,2,3,1,B01
201900024627,1,7,,0,2,3,16,A01
201900024627,1,1,,0,2,4,15,B01
201900024628,1,33,,0,2,2,1,B01
201900024628,2,7,,0,2,1,5,A01
201900024629,1,7,,0,2,1,1,A01
201900024629,1,1,,0,2,1,1,B01
201900024630,0,7,,0,2,8,24,B01
201900024630,1,2,,1,0,1,1,A01
201900024631,1,2,,0,2,1,2,A01
201900024631,1,7,,0,2,4,2,B01
201900024632,0,1,,0,2,1,26,C01
201900024632,3,1,,0,2,1,26,B01
201900024632,1,7,,0,6,1,1,A01
201900024633,1,7,,0,1,1,1,A01
201900024634,2,7,,1,1,7,1,A01
201900024635,1,31,,12,2,9,17,A01
201900024635,2,7,,0,2,8,1,B01
201900024636,3,7,,2,0,1,26,A01
201900024637,3,7,,0,2,3,1,B01
201900024637,3,7,,0,2,3,13,A01
201900024638,1,20,,15,2,4,1,B01
201900024638,3,0,,0,2,1,1,A01
201900024639,1,10,,0,2,1,1,A01
201900024639,1,2,,0,2,4,1,B01
201900024640,1,7,,0,2,4,26,B01
201900024640,1,7,,1,0,1,1,A01
201900024641,3,7,,0,1,6,26,A01
201900024642,1,1,,0,2,8,1,B01
201900024642,1,7,,0,2,1,9,A01
201900024643,1,7,,0,1,1,19,A01
201900024644,1,7,,0,2,3,9,A01
201900024644,3,2,,0,2,7,1,B01
201900024645,1,7,,0,2,1,9,A01
201900024645,2,7,,0,2,7,1,B01
201900024646,2,30,,12,0,2,16,A01
201900024647,1,7,,0,1,1,2,A01
201900024648,1,7,,0,2,1,15,B01
201900024648,1,7,,0,2,1,11,A01
201900024649,1,21,,0,2,0,15,A01
201900024649,1,7,,0,2,0,0,B01
201900024650,1,7,,0,2,4,1,C01
201900024650,1,7,,0,2,4,2,B01
201900024650,1,7,,0,2,1,2,A01
201900024651,1,7,,0,2,9,26,A01
201900024652,1,7,,0,1,4,26,A01
201900024653,2,1,,1,0,0,5,C01
201900024653,1,7,,0,1,1,2,B01
201900024654,1,7,,0,1,1,1,A01
201900024655,1,7,,0,2,1,5,B01
201900024655,1,7,,0,2,1,5,A01
201900024656,1,7,,0,1,1,1,A01
201900024657,1,7,,0,4,6,15,A01
201900024657,1,40,,0,2,1,2,B01
201900024658,1,7,,0,1,1,1,A01
201900024659,1,7,,0,1,1,1,A01
201900024660,1,7,,0,1,1,1,A01
201900024661,1,7,,0,9,1,15,A01
201900024661,1,1,,0,2,0,0,B01
201900024662,1,7,,0,1,1,15,A01
201900024663,1,7,,0,2,1,1,A01
201900024663,1,7,,0,2,4,1,B01
201900024663,1,7,,0,2,1,1,C01
201900024664,1,7,,0,1,1,15,A01
201900024665,2,7,,0,2,2,26,A01
201900024665,2,50,,0,2,1,0,B01
201900024666,3,60,,0,2,7,19,B01
201900024666,2,7,,0,2,3,1,A01
201900024667,2,7,,0,2,1,1,A01
201900024667,2,7,,0,2,8,15,B01
201900024668,1,7,,0,1,1,0,A01
201900024669,0,7,,0,2,3,1,B01
201900024669,0,7,,0,2,2,9,A01
201900024670,0,7,,0,2,7,17,B01
201900024670,0,33,,0,2,8,17,A01
201900024671,3,1,,0,0,8,15,A01
201900024671,0,7,,0,9,2,17,B01
201900024672,1,7,,0,2,3,1,A01
201900024672,3,1,,0,2,1,1,B01
201900024673,3,30,,0,0,2,1,A01
201900024674,1,7,,0,2,1,2,C01
201900024674,1,7,,0,2,4,2,B01
201900024674,1,7,,0,0,6,15,A01
201900024675,1,10,,0,2,3,0,B01
201900024675,2,7,,0,2,3,0,A01
201900024676,2,7,,0,2,3,11,A01
201900024676,1,13,,0,2,8,1,B01
201900024677,2,7,,13,0,1,13,A01
201900024678,2,7,,0,2,1,1,B01
201900024678,1,7,,0,2,1,13,A01
201900024679,2,33,,17,0,1,0,A01
201900024680,1,33,,0,0,7,1,A01
201900024681,2,10,,2,0,1,1,A01
201900024682,1,7,,0,0,6,1,A01
201900024682,1,7,,0,2,1,2,B01
201900024683,2,7,,2,0,1,1,A01
201900024684,0,32,,0,0,4,23,B01
201900024684,1,7,,0,2,3,2,A01
201900024685,2,14,,0,2,1,1,B01
201900024685,1,7,,0,2,8,1,A01
201900024686,1,10,,2,0,3,14,A01
201900024687,1,7,,0,0,4,23,C01
201900024687,1,7,,0,0,4,23,B01
201900024687,1,7,,0,2,1,2,A01
201900024688,3,7,,0,1,3,1,A01
201900024689,1,7,,10,0,3,1,A01
201900024690,2,7,,0,2,3,1,A01
201900024690,1,7,,0,2,0,1,B01
201900024691,0,33,,0,0,0,0,A01
201900024692,3,33,,0,0,8,26,A01
201900024692,3,33,,0,0,0,21,B01
201900024693,1,7,,0,1,2,1,A01
201900024694,1,7,,2,0,3,1,A01
201900024695,2,7,,0,2,2,1,A01
201900024695,3,7,,0,2,1,9,B01
201900024696,1,13,,0,2,7,12,B01
201900024696,1,7,,0,2,8,1,A01
201900024697,2,13,,0,2,4,2,C01
201900024697,2,7,,0,2,4,2,B01
201900024697,2,17,,0,2,1,2,A01
201900024698,1,7,,0,2,5,23,B01
201900024698,1,7,,0,2,3,2,A01
201900024699,1,33,,0,2,1,26,A01
201900024699,1,7,,0,2,5,14,B01
201900024700,2,7,,0,2,1,2,A01
201900024700,2,7,,0,2,4,2,B01
201900024701,1,7,,0,2,4,2,B01
201900024701,1,7,,0,0,4,2,C01
201900024701,1,7,,0,2,1,2,A01
201900024702,2,7,,3,0,3,1,A01
201900024703,2,7,,0,2,5,1,C01
201900024703,2,14,,0,2,8,12,B01
201900024703,2,17,,0,2,2,13,A01
201900024704,1,17,,0,2,6,1,B01
201900024704,1,7,,0,2,1,14,A01
201900024705,2,17,,0,2,1,21,A01
201900024705,2,7,,0,2,4,1,B01
201900024705,2,10,,3,2,1,21,C01
201900024706,3,10,,0,2,2,2,B01
201900024706,3,7,,0,2,6,9,A01
201900024707,1,10,,0,2,1,15,A01
201900024707,2,2,,0,2,8,1,B01
201900024708,3,7,,0,0,1,26,A01
201900024709,0,7,,0,2,0,9,C01
201900024709,0,33,,0,2,0,9,D01
201900024710,2,7,,0,2,0,6,D01
201900024710,2,30,,0,2,0,1,C01
201900024711,2,7,,0,2,2,15,A01
201900024711,1,1,,0,2,1,1,B01
201900024712,3,10,,0,2,5,26,A01
201900024712,3,30,,0,2,8,2,B01
201900024713,3,7,,15,0,1,14,A01
201900024714,1,30,,0,0,7,21,A01
201900024714,1,7,,0,0,0,26,B01
201900024715,3,3,,0,2,3,15,A01
201900024715,3,33,,0,2,1,1,B01
201900024716,2,1,,0,2,1,5,B01
201900024716,1,7,,0,2,1,26,A01
201900024717,3,7,,0,2,1,2,A01
201900024717,3,7,,0,2,3,2,C01
201900024717,3,7,,0,2,4,2,B01
201900024718,1,2,,0,2,1,9,A01
201900024718,1,7,,0,2,3,1,B01
201900024719,2,2,,0,2,1,18,B01
201900024719,2,7,,0,2,7,16,A01
201900024720,1,7,,0,0,4,2,C01
201900024720,1,7,,0,2,4,1,B01
201900024720,1,7,,0,2,1,2,A01
201900024721,2,1,,0,1,1,1,A01
201900024722,2,7,,0,1,4,20,A01
201900024723,2,10,,0,2,2,2,A01
201900024723,1,34,,0,2,7,2,B01
201900024724,2,1,,1,0,7,17,B01
201900024724,2,10,,0,2,8,24,A01
201900024725,3,50,,0,0,0,25,A01
201900024726,2,7,,0,2,1,1,A01
201900024726,2,7,,0,2,7,1,B01
201900024727,1,7,,0,2,7,16,A01
201900024727,1,31,,0,2,3,2,B01
201900024728,1,7,,0,6,3,10,A01
201900024728,1,33,,0,2,1,0,B01
201900024729,1,33,,0,2,0,14,B01
201900024729,1,7,,0,2,0,15,A01
201900024730,2,7,,0,2,1,17,A01
201900024730,2,7,,0,2,6,15,B01
201900024731,2,7,,0,2,1,2,B01
201900024731,1,7,,0,0,5,15,A01
201900024732,1,7,,0,2,2,1,B01
201900024732,2,7,,0,2,3,15,A01
201900024733,1,7,,0,2,5,19,A01
201900024733,1,33,,0,2,1,1,B01
201900024734,1,34,,0,2,2,3,B01
201900024734,1,7,,0,2,3,11,A01
201900024735,1,7,,0,1,1,9,A01
201900024736,3,2,,0,2,8,1,B01
201900024736,3,14,,0,2,0,0,A01
201900024737,3,37,1.0,0,1,2,1,A01
201900024738,2,7,,0,2,1,1,B01
201900024738,2,7,,12,2,1,13,A01
201900024739,2,33,,12,2,8,26,A01
201900024739,2,7,,0,2,2,15,B01
201900024740,2,7,,0,2,2,15,A01
201900024740,1,33,,0,2,1,1,B01
201900024741,1,7,,0,2,3,9,A01
201900024741,1,1,,0,2,1,1,B01
201900024742,1,7,,0,2,8,2,A01
201900024742,1,2,,0,2,7,2,B01
201900024743,3,7,,1,0,1,26,A01
201900024744,1,7,,0,1,3,1,A01
201900024745,0,7,,0,2,8,1,B01
201900024745,0,7,,0,2,1,26,A01
201900024746,0,7,,0,2,1,1,B01
201900024746,0,7,,0,2,6,1,C01
201900024746,0,7,,0,2,1,17,A01
201900024747,2,33,,0,2,1,1,B01
201900024747,1,7,,0,2,2,15,A01
201900024748,1,33,,0,2,6,17,A01
201900024748,1,7,,0,2,6,15,B01
201900024749,1,33,,0,0,1,1,A01
201900024750,0,7,,0,1,4,4,A01
201900024751,0,7,,1,0,2,9,A01
201900024752,0,1,,0,2,1,15,A01
201900024752,3,7,,0,2,2,1,C01
201900024752,3,7,,0,2,3,1,B01
201900024753,0,33,,0,2,1,2,A01
201900024753,0,7,,0,0,4,2,B01
201900024754,2,7,,0,2,1,5,A01
201900024754,1,7,,0,2,1,1,B01
201900024755,1,7,,0,1,2,1,A01
201900024756,2,7,,0,2,1,17,A01
201900024756,1,7,,0,2,7,19,B01
201900024757,1,33,,0,2,1,1,B01
201900024757,2,7,,0,2,7,15,A01
201900024758,2,1,,0,2,0,0,B01
201900024758,1,7,,0,2,0,0,Z01
201900024759,1,40,,0,1,1,1,A01
201900024760,1,7,,0,2,1,1,A01
201900024760,1,7,,0,2,8,9,B01
201900024761,1,7,,0,1,1,15,A01
201900024762,3,31,,0,2,1,17,A01
201900024762,3,7,,0,2,3,15,B01
201900024763,1,7,,0,1,4,4,A01
201900024764,1,2,,0,2,8,1,B01
201900024764,1,7,,0,2,7,12,A01
201900024765,2,33,,0,2,1,1,B01
201900024765,1,7,,0,2,1,15,A01
201900024766,1,7,,0,2,1,1,A01
201900024766,2,7,,0,2,2,15,B01
201900024767,3,37,1.0,0,2,1,26,A01
201900024767,3,7,,0,2,3,1,B01
201900024768,2,10,,0,2,1,1,B01
201900024768,1,33,,0,2,1,13,A01
201900024769,3,30,,0,2,1,1,A01
201900024769,3,7,,0,2,6,0,B01
201900024770,0,7,,1,0,1,15,A01
201900024771,1,7,,0,2,2,16,B01
201900024771,1,1,,0,2,8,1,A01
201900024772,1,7,,0,2,6,1,B01
201900024772,1,7,,0,2,3,1,A01
201900024773,0,50,,0,2,1,1,B01
201900024773,0,7,,0,2,3,15,A01
201900024774,1,7,,2,0,1,1,A01
201900024775,1,7,,0,2,3,9,A01
201900024775,1,31,,0,2,1,1,B01
201900024776,1,7,,0,2,1,15,B01
201900024776,1,1,,0,2,1,16,A01
201900024777,1,7,,0,2,3,15,B01
201900024777,2,7,,2,2,1,1,A01
201900024778,2,7,,0,2,1,2,A01
201900024778,2,7,,0,2,4,23,C01
201900024778,2,7,,0,2,4,23,B01
201900024779,3,7,,0,2,4,1,B01
201900024779,3,7,,0,2,1,1,A01
201900024780,3,7,,15,0,1,14,A01
201900024781,3,7,,0,2,8,1,B01
201900024781,3,7,,4,2,2,15,A01
201900024782,2,7,,13,0,1,1,A01
201900024783,2,50,,0,2,1,11,A01
201900024783,2,7,,0,2,1,1,B01
201900024784,3,30,,0,1,7,1,A01
201900024785,0,7,,0,2,1,1,A01
201900024785,1,7,,0,2,4,1,B01
201900024786,0,1,,0,2,9,19,B01
201900024786,1,7,,0,2,1,1,A01
201900024787,0,7,,0,0,9,1,A01
201900024788,1,33,,0,2,1,1,A01
201900024788,2,7,,0,2,5,15,B01
201900024789,0,7,,0,1,2,1,A01
201900024790,0,43,,0,2,2,17,A01
201900024790,1,7,,0,2,6,15,B01
201900024791,1,31,,0,2,1,1,A01
201900024791,1,7,,0,2,5,16,B01
201900024792,3,7,,0,2,1,2,A01
201900024792,3,7,,0,2,4,23,B01