Num_Acc,senc,catv,occutc,obs,obsm,choc,manv,num_veh
201900024793,0,1,,0,2,0,5,B01
201900024793,3,7,,0,0,2,1,A01
201900024794,1,7,,0,2,1,0,C01
201900024794,1,7,,0,2,1,0,B01
201900024794,1,7,,4,2,0,26,A01
201900024795,1,7,,8,0,2,13,A01
201900024796,2,80,,0,0,0,0,B01
201900024796,2,7,,0,0,0,0,A01
201900024797,2,7,,0,2,4,23,A01
201900024797,2,7,,0,2,2,2,B01
201900024798,3,7,,0,2,4,1,F01
201900024798,3,7,,0,2,9,1,E01
201900024798,3,7,,0,2,1,1,D01
201900024799,2,33,,0,2,1,17,A01
201900024799,2,7,,0,2,8,1,C01
201900024799,2,7,,0,2,3,9,B01
201900024799,1,7,,0,2,0,1,D01
201900024800,1,34,,0,1,1,1,A01
201900024801,0,20,,10,0,1,26,A01
201900024802,3,7,,0,1,4,20,A01
201900024803,1,7,,11,2,1,17,Z01
201900024803,1,7,,11,2,3,15,B01
201900024804,3,30,,0,0,0,26,A01
201900024804,3,7,,0,0,0,26,Z01
201900024805,2,7,,0,2,3,1,B01
201900024805,1,7,,0,2,1,19,A01
201900024806,1,7,,0,1,1,0,A01
201900024807,1,33,,0,2,1,0,A01
201900024807,2,7,,0,2,3,1,B01
201900024808,2,17,,0,1,8,15,A01
201900024809,3,7,,0,2,1,23,B01
201900024809,3,3,,0,2,3,21,A01
201900024810,2,7,,15,0,2,1,A01
201900024811,1,7,,0,2,1,2,A01
201900024811,2,7,,0,2,4,2,B01
201900024812,1,7,,1,0,2,14,A01
201900024813,2,7,,0,2,1,2,A01
201900024813,2,7,,0,2,4,2,B01
201900024813,2,10,,0,2,4,2,C01
201900024814,1,7,,0,1,1,1,A01
201900024815,2,40,,0,1,3,1,A01
201900024816,3,32,,0,2,1,1,A01
201900024816,2,7,,0,0,0,10,Z01
201900024817,1,7,,0,2,2,14,A01
201900024817,1,1,,0,2,2,7,B01
201900024818,2,33,,0,2,4,12,Z01
201900024818,2,32,,0,2,1,1,A01
201900024819,2,7,,0,2,2,1,A01
201900024819,1,33,,0,2,7,1,B01
201900024820,1,7,,0,2,7,22,A01
201900024820,1,1,,0,2,1,1,B01
201900024821,2,30,,1,0,1,14,A01
201900024822,2,7,,0,2,1,1,A01
201900024822,2,7,,0,2,4,23,B01
201900024823,1,33,,0,2,3,17,A01
201900024823,2,7,,0,2,8,15,B01
201900024824,2,30,,0,1,1,16,A01
201900024825,1,50,,0,2,1,18,A01
201900024825,1,1,,0,2,4,1,B01
201900024826,1,7,,0,2,5,15,A01
201900024826,1,32,,0,2,3,1,B01
201900024827,1,7,,0,2,3,1,A01
201900024828,3,7,,0,2,1,9,A01
201900024828,1,50,,0,2,8,25,B01
201900024829,2,37,1.0,0,2,3,23,A01
201900024829,2,10,,0,2,2,1,Z01
201900024830,2,43,,0,2,4,1,A01
201900024830,2,7,,0,2,1,1,B01
201900024831,2,7,,0,2,3,1,B01
201900024831,1,7,,0,2,1,13,A01
201900024832,1,7,,0,1,3,16,A01
201900024833,1,2,,0,2,3,1,B01
201900024833,1,10,,0,2,2,16,A01
201900024834,1,7,,11,0,1,1,A01
201900024835,1,7,,0,1,0,1,A01
201900024836,1,60,,0,2,7,1,B01
201900024836,1,7,,0,2,7,1,A01
201900024837,1,10,,0,2,3,15,Z01
201900024837,1,50,,0,2,7,17,B01
201900024838,1,50,,0,2,3,14,A01
201900024838,1,10,,0,2,5,23,B01
201900024839,1,7,,0,2,3,1,A01
201900024839,1,34,,0,2,4,15,B01
201900024840,2,10,,0,2,8,9,A01
201900024840,2,1,,0,2,1,1,B01
201900024841,2,7,,0,2,3,10,B01
201900024841,2,33,,0,2,7,17,A01
201900024842,2,7,,0,2,3,13,A01
201900024842,1,7,,0,2,2,1,B01
201900024843,3,7,,0,2,4,23,B01
201900024843,3,7,,0,2,1,2,A01
201900024844,1,0,,0,1,1,19,A01
201900024845,1,31,,0,2,4,23,B01
201900024845,1,7,,0,2,3,9,A01
201900024846,1,7,,0,2,1,0,A01
201900024846,1,7,,0,2,4,1,B01
201900024847,3,7,,0,2,3,13,A01
201900024847,3,10,,0,2,3,1,B01
201900024848,2,2,,0,2,3,1,B01
201900024848,2,10,,0,2,1,1,A01
201900024849,2,33,,0,2,1,1,B01
201900024849,2,7,,0,2,2,14,A01
201900024850,1,2,,0,2,1,1,A01
201900024850,1,32,,0,2,2,1,B01
201900024851,1,2,,1,0,0,1,A01
201900024852,1,7,,8,0,1,1,A01
201900024853,1,10,,0,1,1,1,Z01
201900024854,0,7,,0,2,0,1,A01
201900024854,0,50,,0,2,0,1,B01
201900024855,1,33,,0,2,3,1,B01
201900024855,2,7,,0,2,1,15,A01
201900024856,1,32,,0,2,1,1,C01
201900024856,1,33,,0,2,4,16,B01
201900024856,1,33,,0,2,3,21,A01
201900024857,0,7,,0,2,8,15,B01
201900024857,0,34,,0,2,1,1,A01
201900024858,2,7,,0,2,3,1,A01
201900024858,0,60,,0,2,1,19,B01
201900024859,0,7,,0,2,8,1,B01
201900024859,0,50,,0,2,1,1,A01
201900024860,1,33,,14,0,8,3,A01
201900024860,1,7,,0,0,5,23,B01
201900024861,2,7,,0,2,4,2,B01
201900024861,2,30,,0,2,1,2,A01
201900024862,2,7,,0,2,3,15,B01
201900024862,2,33,,0,2,2,18,A01
201900024863,2,7,,0,2,2,1,B01
201900024863,3,1,,0,2,1,9,A01
201900024864,1,2,,0,2,7,1,B01
201900024864,1,10,,0,2,3,9,A01
201900024865,2,10,,0,2,1,2,A01
201900024865,2,7,,0,2,4,2,B01
201900024866,1,7,,0,2,1,1,B01
201900024866,2,1,,0,2,7,19,A01
201900024867,3,7,,0,2,1,1,A01
201900024867,3,14,,0,2,7,15,B01
201900024868,1,15,,0,2,4,2,C01
201900024868,1,7,,0,2,4,2,B01
201900024868,1,10,,0,2,1,2,A01
201900024869,1,7,,0,2,1,13,A01
201900024869,2,10,,0,2,1,13,B01
201900024870,1,14,,0,2,1,1,C01
201900024870,1,7,,0,2,9,23,B01
201900024870,1,7,,0,2,1,1,A01
201900024871,3,7,,13,0,2,14,A01
201900024872,1,7,,0,2,3,15,A01
201900024872,2,33,,0,2,1,1,B01
201900024873,1,10,,0,2,1,2,B01
201900024873,1,7,,0,5,0,21,A01
201900024874,3,7,,13,0,2,1,A01
201900024875,1,37,1.0,0,1,1,1,A01
201900024876,1,43,,1,0,9,1,B01
201900024876,3,7,,0,2,1,9,A01
201900024877,3,7,,0,1,2,21,A01
201900024878,3,33,,0,2,3,0,B01
201900024878,3,7,,0,2,2,15,A01
201900024879,3,3,,0,2,3,1,B01
201900024879,3,7,,0,6,0,13,A01
201900024880,1,31,,0,2,1,19,A01
201900024880,0,7,,0,2,3,1,B01
201900024881,3,7,,0,2,8,1,B01
201900024881,3,37,4.0,0,2,1,1,A01
201900024882,3,7,,0,2,3,13,A01
201900024882,3,7,,0,2,3,0,B01
201900024883,2,7,,0,2,8,11,A01
201900024883,2,1,,0,2,7,2,B01
201900024884,2,7,,0,2,4,1,B01
201900024884,2,7,,0,2,1,1,A01
201900024885,2,7,,0,2,4,1,B01
201900024885,2,33,,0,2,1,26,A01
201900024886,1,30,,0,0,3,9,A01
201900024887,3,7,,0,2,3,26,A01
201900024887,3,7,,0,0,5,0,B01
201900024887,3,7,,0,0,6,1,C01
201900024888,2,7,,0,1,8,1,B01
201900024888,2,7,,0,1,2,1,A01
201900024889,2,33,,0,0,8,26,A01
201900024890,1,34,,0,2,4,1,C01
201900024890,1,7,,0,0,4,1,D01
201900024891,1,32,,0,2,9,1,C01
201900024891,1,99,,0,2,9,1,D01
201900024892,3,43,,0,2,1,1,B01
201900024892,3,7,,0,2,7,15,A01
201900024893,1,7,,0,2,4,1,D01
201900024893,1,7,,0,2,1,0,B01
201900024893,1,7,,0,2,1,1,C01
201900024893,1,7,,0,2,1,26,A01
201900024894,2,7,,0,1,2,16,A01
201900024895,0,7,,0,1,1,15,A01
201900024896,3,7,,3,0,1,1,A01
201900024897,0,34,,0,2,1,2,B01
201900024897,0,30,,0,2,1,15,A01
201900024898,2,7,,0,2,7,16,B01
201900024898,2,7,,0,2,3,9,A01
201900024899,2,7,,0,2,3,10,A01
201900024899,2,1,,0,2,8,1,B01
201900024900,2,2,,0,2,1,1,B01
201900024900,1,7,,0,2,8,1,A01
201900024901,3,7,,1,0,0,13,A01
201900024902,1,7,,1,0,2,1,A01
201900024903,0,10,,0,0,1,1,A01
201900024903,0,7,,0,2,4,26,B01
201900024904,3,1,,0,2,7,0,B01
201900024904,3,7,,0,6,3,26,A01
201900024905,1,2,,0,2,2,17,B01
201900024905,1,7,,0,2,6,26,A01
201900024906,2,33,,0,2,7,17,A01
201900024906,2,10,,0,2,8,15,B01
201900024907,1,7,,0,1,2,1,A01
201900024908,2,7,,0,2,1,2,A01
201900024908,2,7,,0,2,4,2,B01
201900024909,1,7,,0,2,7,19,A01
201900024909,1,2,,0,2,1,17,B01
201900024910,1,10,,0,2,3,1,B01
201900024910,2,33,,0,2,1,13,A01
201900024911,2,7,,0,2,1,1,B01
201900024911,1,7,,0,2,1,17,A01
201900024912,1,2,,0,2,1,2,B01
201900024912,1,7,,0,2,5,15,A01
201900024913,2,1,,0,2,1,25,A01
201900024913,2,7,,0,2,2,26,B01
201900024914,1,7,,0,2,8,1,A01
201900024914,1,7,,0,2,0,12,Z01
201900024915,2,33,,0,2,8,1,B01
201900024915,2,7,,0,2,7,12,A01
201900024916,1,10,,0,2,5,1,C01
201900024916,1,33,,0,2,8,3,B01
201900024916,1,7,,0,2,7,12,A01
201900024917,1,34,,0,0,7,1,A01
201900024918,2,33,,4,2,2,3,B01
201900024918,2,7,,0,2,3,11,A01
201900024919,2,7,,0,2,4,2,C01
201900024919,2,7,,0,2,4,2,B01
201900024919,2,7,,0,2,1,2,A01
201900024920,1,7,,0,2,2,11,A01
201900024920,1,7,,0,2,6,1,B01
201900024921,2,10,,0,2,1,1,A01
201900024921,2,7,,0,2,4,23,B01
201900024921,2,7,,0,2,4,23,C01
201900024922,1,32,,0,2,8,9,B01
201900024922,1,15,,0,2,1,1,A01
201900024923,3,7,,0,1,1,1,A01
201900024924,2,50,,1,0,1,14,A01
201900024925,2,50,,0,2,2,1,B01
201900024925,2,14,,0,2,2,16,A01
201900024926,2,50,,0,2,5,7,A01
201900024926,2,7,,0,2,5,16,B01
201900024927,1,30,,0,2,6,9,B01
201900024927,1,7,,0,2,8,24,A01
201900024927,1,7,,0,2,6,1,Z01
201900024928,1,7,,0,2,8,22,A01
201900024928,1,50,,0,2,2,1,B01
201900024929,2,7,,0,1,2,1,A01
201900024930,3,33,,0,0,2,1,A01
201900024931,1,7,,0,2,2,15,B01
201900024931,2,2,,0,2,1,1,A01
201900024932,1,2,,0,1,1,16,A01
201900024933,1,37,1.0,0,2,1,1,A01
201900024933,1,33,,0,2,4,23,B01
201900024934,1,43,,0,1,1,1,Z01
201900024935,2,7,,0,2,3,16,B01
201900024935,1,30,,0,2,2,1,A01
201900024936,1,1,,0,1,8,7,A01
201900024937,1,30,,0,2,3,1,B01
201900024937,2,30,,0,2,1,5,A01
201900024938,2,30,,0,1,1,1,A01
201900024939,1,7,,0,1,3,1,A01
201900024940,0,7,,0,1,0,0,Z01
201900024941,3,1,,0,2,1,1,B01
201900024941,3,7,,0,2,4,23,A01
201900024942,2,10,,0,2,1,1,A01
201900024942,2,1,,0,2,8,1,B01
201900024943,3,60,,0,2,0,19,B01
201900024943,1,7,,0,2,7,1,A01
201900024944,1,37,1.0,0,1,2,1,A01
201900024945,1,32,,0,1,8,1,A01
201900024946,1,30,,0,1,0,21,A01
201900024947,3,7,,0,2,4,23,B01
201900024947,3,10,,0,2,1,2,A01
201900024948,1,33,,0,1,7,1,Z01
201900024949,2,7,,0,2,3,15,A01
201900024949,1,33,,0,2,1,1,B01
201900024950,2,1,,0,4,1,19,A01
201900024950,1,40,,0,2,3,1,B01
201900024951,1,33,,0,2,1,1,B01
201900024951,0,1,,0,2,7,15,A01
201900024952,1,10,,0,1,4,4,A01
201900024953,1,2,,1,0,2,14,A01
201900024954,2,30,,0,1,0,1,Z01
201900024955,2,33,,0,2,1,1,A01
201900024955,1,7,,0,2,3,1,B01
201900024956,1,37,2.0,7,0,3,1,A01
201900024957,1,7,,0,2,5,1,A01
201900024957,2,50,,0,2,8,1,B01
201900024958,2,10,,0,2,8,1,C01
201900024958,1,33,,0,2,8,17,B01
201900024958,1,10,,0,2,1,13,A01
201900024959,1,7,,1,1,2,1,A01
201900024960,2,7,,12,0,3,13,A01
201900024961,2,34,,0,1,1,1,A01
201900024962,2,10,,8,2,3,1,A01
201900024962,1,10,,1,2,6,1,B01
201900024963,2,7,,0,1,7,15,A01
201900024964,1,7,,0,2,7,23,C01
201900024964,1,34,,0,2,2,1,B01
201900024964,1,7,,0,2,8,22,A01
201900024965,1,1,,0,1,1,1,A01
201900024966,2,10,,0,2,2,1,A01
201900024966,2,1,,0,2,4,1,B01
201900024967,2,14,,0,1,3,1,A01
201900024968,2,33,,1,0,1,14,A01
201900024969,2,10,,0,1,3,1,Z01
201900024970,2,38,3.0,1,0,1,7,A01
201900024971,0,1,,0,2,1,1,B01
201900024971,2,7,,0,2,2,22,A01
201900024972,1,50,,0,2,0,0,B01
201900024972,1,0,,0,9,0,0,A01
201900024973,2,30,,0,2,1,1,B01
201900024973,2,30,,0,2,1,19,A01
201900024974,1,33,,0,0,9,26,A01
201900024975,1,33,,14,0,1,21,A01
201900024975,1,3,,0,0,5,2,B01
201900024976,2,30,,0,2,1,1,A01
201900024976,2,10,,0,2,5,15,B01
201900024977,2,10,,0,2,3,13,Z01
201900024977,1,7,,0,2,1,1,A01
201900024978,1,7,,0,2,3,2,B01
201900024978,3,7,,1,2,9,20,A01
201900024979,2,30,,0,2,3,9,A01
201900024979,3,7,,0,2,3,1,B01
201900024980,1,7,,0,2,7,1,B01
201900024980,0,34,,0,2,1,16,A01
201900024981,1,37,2.0,0,2,1,2,A01
201900024981,1,7,,0,2,4,23,B01
201900024982,1,2,,0,2,1,17,B01
201900024982,1,13,,0,2,3,15,A01
201900024983,1,7,,0,2,1,21,A01
201900024983,1,7,,0,2,0,26,Z01
201900024984,1,1,,0,2,1,2,A01
201900024984,1,7,,0,2,4,2,B01
201900024985,2,10,,0,1,1,1,A01
201900024986,2,7,,0,2,4,0,B01
201900024986,2,10,,0,2,1,1,A01
201900024987,1,3,,0,2,6,15,A01
201900024987,1,1,,0,2,1,1,B01
201900024988,1,7,,0,2,6,15,A01
201900024988,1,37,2.0,0,2,2,1,B01
201900024989,2,7,,0,1,2,15,A01
201900024990,1,7,,12,0,1,15,A01
201900024991,1,33,,0,1,7,1,A01
201900024992,0,32,,0,0,0,15,A01
201900024993,1,32,,0,0,0,1,A01
201900024994,1,7,,1,0,9,1,A01
201900024995,1,7,,0,1,2,1,A01
201900024996,3,7,,0,2,2,19,A01
201900024996,1,7,,0,2,1,1,B01
201900024997,3,0,,0,1,0,0,A01
201900024998,1,7,,0,2,4,1,B01
201900024998,1,7,,0,2,1,2,A01
201900024999,1,7,,0,1,0,0,A01
201900025000,3,7,,0,2,3,15,A01
201900025000,1,2,,0,2,8,1,B01
201900025001,3,10,,0,1,1,9,A01
201900025002,3,34,,0,1,1,3,A01
201900025003,2,14,,0,2,3,1,A01
201900025003,2,7,,0,2,5,15,B01
201900025004,0,37,1.0,0,1,2,16,A01
201900025005,3,7,,0,1,0,16,A01
201900025006,1,7,,0,1,2,26,A01
201900025007,1,10,,0,2,8,15,A01
201900025007,1,10,,0,2,1,1,B01
201900025008,1,1,,0,1,1,1,A01
201900025009,1,33,,0,2,1,1,A01
201900025009,3,34,,0,2,4,23,B01
201900025010,1,7,,0,0,3,9,A01
201900025010,1,32,,0,2,1,17,B01
201900025011,1,20,,0,2,5,9,A01
201900025011,1,34,,0,2,1,9,B01
201900025012,3,7,,0,0,3,1,A01
201900025013,1,31,,0,1,1,26,A01
201900025014,1,7,,0,2,1,0,A01
201900025014,1,7,,0,2,4,1,B01
201900025015,1,7,,0,2,3,15,A01
201900025015,1,32,,0,2,1,1,B01
201900025016,1,32,,0,2,1,1,B01
201900025016,1,10,,0,2,2,1,A01
201900025017,1,7,,0,0,0,0,A01
201900025017,3,1,,0,0,0,0,B01
201900025018,1,20,,1,0,1,13,A01
201900025019,2,30,,0,2,3,5,A01
201900025019,1,7,,0,2,3,1,B01
201900025020,1,30,,0,2,8,3,B01
201900025020,1,10,,0,2,5,12,A01
201900025021,3,7,,0,1,2,2,B01
201900025022,1,7,,1,0,1,1,A01
201900025023,3,7,,0,1,3,19,A01
201900025024,3,10,,0,2,0,0,B01
201900025024,3,10,,0,2,1,1,A01
201900025025,3,7,,0,2,6,2,A01
201900025025,3,7,,0,2,2,2,B01
201900025025,3,7,,0,2,1,1,C01
201900025025,3,7,,0,0,0,0,D01
201900025026,1,34,,0,2,1,1,B01
201900025026,2,7,,0,2,1,15,Z01
201900025027,2,30,,0,2,3,13,A01
201900025027,2,31,,0,2,2,17,B01
201900025028,2,7,,0,2,1,16,A01
201900025028,1,7,,0,2,8,1,B01
201900025029,2,1,,0,1,1,1,A01
201900025030,2,7,,0,2,2,1,A01
201900025030,2,7,,0,2,6,9,B01
201900025031,2,7,,0,1,3,16,A01
201900025032,2,7,,0,2,8,2,B01
201900025032,2,32,,11,2,7,17,A01
201900025033,3,7,,0,2,1,1,B01
201900025033,3,7,,0,2,4,1,A01
201900025034,3,33,,0,2,7,15,B01
201900025034,2,7,,0,2,1,1,A01
201900025035,3,10,,8,2,6,26,A01
201900025035,3,10,,9,2,2,2,B01
201900025036,1,10,,0,1,7,1,X01
201900025037,1,31,,0,2,2,1,B01
201900025037,1,7,,0,2,0,18,Z01
201900025038,1,40,,0,1,7,1,A01
201900025039,1,7,,0,2,3,15,A01
201900025039,2,7,,8,2,1,1,B01
201900025040,1,31,,0,2,1,1,B01
201900025040,1,7,,0,2,6,15,A01
201900025041,1,7,,0,1,4,20,A01
201900025042,1,7,,0,1,1,1,A01
201900025043,2,7,,0,1,3,1,A01
201900025044,2,33,,0,2,1,1,B01
201900025044,2,7,,0,2,3,17,A01
201900025045,1,10,,1,2,5,1,A01
201900025045,3,10,,0,2,2,15,B01
201900025046,1,7,,1,2,3,26,A01
201900025046,1,7,,0,2,1,19,B01
201900025047,1,7,,0,2,3,1,A01
201900025047,1,1,,0,2,0,1,B01
201900025048,1,7,,0,2,3,1,B01
201900025048,1,99,,0,2,1,1,A01
201900025049,0,7,,0,1,2,15,A01
201900025050,3,7,,0,1,0,0,Z01
201900025051,0,7,,0,2,4,2,B01
201900025051,0,7,,0,2,1,2,Z01
201900025052,0,7,,8,0,1,13,A01
201900025053,1,7,,2,0,3,1,A01
201900025054,1,7,,16,2,7,0,A01
201900025054,1,1,,0,2,1,0,B01
201900025055,1,30,,12,0,8,0,A01
201900025056,1,1,,0,0,0,0,A01
201900025057,1,33,,0,0,3,1,A01
201900025058,1,7,,13,0,1,13,A01
201900025059,3,7,,0,2,3,1,B01
201900025059,3,7,,0,2,2,15,A01
201900025060,2,10,,0,2,3,13,A01
201900025060,1,7,,0,2,3,1,B01
201900025061,3,7,,0,2,7,9,A01
201900025061,3,2,,0,2,1,1,B01
201900025062,3,33,,0,2,1,2,A01
201900025062,3,7,,0,2,4,2,B01
201900025063,2,7,,0,2,1,17,A01
201900025063,2,7,,0,2,6,2,B01
201900025064,1,32,,0,1,1,2,B01
201900025065,1,7,,0,2,8,1,B01
201900025065,2,7,,0,2,1,15,A01
201900025066,3,7,,0,2,0,0,B01
201900025066,3,34,,0,2,1,9,A01
201900025067,3,7,,2,0,2,14,A01
201900025068,1,7,,0,2,7,15,A01
201900025068,1,1,,0,2,1,1,B01
201900025069,1,7,,0,2,2,3,Z01
201900025069,1,2,,0,2,1,1,B01
201900025070,2,7,,0,2,3,1,A01
201900025070,1,7,,0,2,3,1,B01
201900025071,0,7,,0,2,1,1,A01
201900025071,0,7,,0,2,4,1,B01
201900025071,0,7,,0,2,4,1,C01
201900025072,0,10,,0,2,6,4,B01
201900025072,2,1,,0,2,1,1,A01
201900025073,0,7,,0,2,0,0,Z01
201900025073,0,1,,0,2,0,1,A01
201900025074,1,7,,0,2,1,1,B01
201900025074,2,7,,0,2,1,9,A01
201900025075,1,7,,0,1,2,25,A01
201900025076,1,10,,0,2,2,16,B01
201900025076,1,2,,0,2,3,18,A01
201900025077,1,7,,0,2,2,14,A01
201900025077,1,10,,0,2,6,1,B01
201900025078,3,7,,8,2,7,1,B01
201900025078,3,7,,0,2,2,15,A01
201900025079,1,10,,0,1,2,1,A01
201900025080,1,7,,0,1,1,1,A01
201900025081,0,7,,0,2,1,26,A01
201900025081,0,1,,0,2,4,1,B01
201900025082,2,7,,0,1,2,14,A01
201900025083,2,7,,0,6,2,19,A01
201900025083,2,30,,0,6,0,0,B01
201900025084,2,7,,0,2,1,1,B01
201900025084,1,7,,0,2,1,13,A01
201900025085,2,30,,9,0,1,13,A01
201900025086,3,7,,0,0,1,0,A01
201900025087,2,7,,0,1,2,15,A01
201900025088,2,7,,0,0,6,19,A01
201900025088,1,7,,0,0,2,2,B01
201900025089,3,7,,0,2,3,13,B01
201900025089,3,7,,0,2,3,26,A01
201900025090,2,7,,0,2,3,1,A01
201900025090,1,31,,0,2,7,15,B01
201900025091,2,7,,0,2,7,0,B01
201900025091,1,7,,0,2,1,0,A01
201900025092,1,30,,0,0,7,1,A01
201900025093,1,7,,7,2,1,1,B01
201900025093,1,2,,7,2,4,15,A01
201900025094,1,30,,0,1,1,1,A01
201900025095,2,7,,0,2,2,1,B01
201900025095,2,7,,0,2,3,11,A01
201900025096,0,7,,12,0,2,2,A01
201900025096,0,34,,12,0,0,0,B01
201900025097,2,34,,0,2,1,1,B01
201900025097,2,7,,0,2,3,10,A01
201900025098,2,7,,0,2,0,2,A01
201900025098,2,7,,0,2,4,23,B01
201900025099,0,7,,0,2,8,17,A01
201900025099,0,33,,0,2,7,17,B01
201900025100,1,3,,0,2,8,20,A01
201900025100,1,33,,14,2,1,1,B01
201900025101,1,7,,0,1,8,19,A01
201900025102,0,7,,0,2,1,1,Z01
201900025102,0,32,,0,2,5,15,A01
201900025103,1,3,,0,1,8,1,A01
201900025104,1,32,,15,0,8,1,A01
201900025105,2,32,,0,1,1,19,A01
201900025106,3,7,,0,2,2,1,C01
201900025106,3,30,,0,2,1,1,B01
201900025106,3,3,,0,2,1,5,A01
201900025107,1,7,,0,2,3,13,A01
201900025107,1,7,,0,2,3,1,B01
201900025108,2,33,,0,0,0,1,A01
201900025109,2,7,,0,2,3,9,A01
201900025109,2,7,,0,2,5,1,B01
201900025110,0,1,,0,0,8,9,B01
201900025110,0,7,,0,0,2,9,A01
201900025111,1,7,,0,1,0,1,A01
201900025112,3,33,,0,2,3,1,B01
201900025112,3,1,,0,2,3,5,A01
201900025113,2,32,,0,2,3,9,B01
201900025113,1,32,,0,2,2,19,A01
201900025114,2,10,,0,6,3,1,B01
201900025114,2,1,,0,2,1,17,A01
201900025115,1,33,,0,0,7,2,A01
201900025116,3,30,,0,0,8,1,A01
201900025117,3,7,,4,0,1,0,A01
201900025118,0,7,,0,1,0,26,A01
201900025119,1,7,,0,2,1,19,B01
201900025119,1,33,,0,2,4,23,A01
201900025120,2,7,,0,1,2,1,A01
201900025121,1,7,,0,1,3,26,A01
201900025122,1,32,,0,2,8,1,B01
201900025122,3,10,,0,2,1,19,A01
201900025123,2,10,,0,2,2,12,Z01
201900025123,2,7,,0,2,6,1,A01
201900025124,2,32,,0,2,3,1,B01
201900025124,2,43,,0,2,1,1,A01
201900025125,1,33,,14,2,2,17,B01
201900025125,1,7,,0,2,3,15,A01
201900025126,1,31,,0,2,1,17,A01
201900025126,1,7,,0,2,6,15,B01
201900025127,0,10,,0,1,2,1,A01
201900025128,2,1,,0,2,9,1,B01
201900025128,2,14,,0,2,5,16,A01
201900025129,2,7,,0,2,1,2,A01
201900025129,2,7,,0,2,4,23,B01
201900025130,1,43,,0,1,2,1,A01
201900025131,0,7,,6,0,3,14,A01
201900025132,1,33,,0,2,1,1,A01
201900025132,2,7,,0,2,2,15,B01
201900025133,1,7,,0,2,2,15,A01
201900025133,2,7,,0,2,1,1,B01
201900025134,1,7,,0,2,2,1,B01
201900025134,1,7,,0,2,3,10,A01
201900025135,1,32,,0,2,1,2,A01
201900025135,1,7,,0,2,4,23,B01
201900025136,2,1,,0,2,1,5,A01
201900025136,1,1,,0,2,1,1,B01
201900025137,1,7,,0,2,2,1,B01
201900025137,1,43,,0,2,1,9,A01
201900025138,1,7,,0,2,2,1,A01
201900025138,1,7,,0,2,0,15,B01
201900025139,1,7,,0,2,5,12,A01
201900025139,1,32,,0,2,3,1,B01
201900025140,1,1,,0,2,3,18,A01
201900025140,1,7,,0,2,2,23,B01
201900025141,1,30,,0,2,1,1,A01
201900025141,2,7,,0,2,7,1,Z01
201900025142,2,7,,0,2,8,2,A01
201900025142,2,50,,0,2,7,2,B01
201900025143,1,43,,0,2,2,1,B01
201900025143,1,7,,0,2,8,15,A01
201900025144,1,30,,0,1,0,1,Z01
201900025145,2,7,,0,2,2,2,B01
201900025145,2,33,,0,2,3,15,A01
201900025146,1,7,,0,1,8,1,A01
201900025147,1,7,,0,2,1,2,A01
201900025147,1,1,,0,2,4,2,B01
201900025148,1,7,,8,2,2,14,A01
201900025148,1,7,,0,2,7,23,B01
201900025149,2,1,,0,2,1,18,B01
201900025149,2,7,,0,2,7,22,A01
201900025150,1,30,,0,2,8,2,A01
201900025150,1,7,,0,2,4,23,B01
201900025151,1,7,,0,2,5,1,B01
201900025151,1,34,,0,2,1,1,A01
201900025152,2,7,,0,2,3,1,B01
201900025152,1,7,,0,2,1,15,A01
201900025153,3,7,,0,2,4,23,D01
201900025153,3,7,,0,2,4,23,C01
201900025153,3,7,,0,2,4,23,B01
201900025153,3,7,,0,2,1,2,A01
201900025154,3,7,,0,1,1,16,A01
201900025155,1,7,,2,0,3,15,A01
201900025155,1,2,,8,0,1,16,B01
201900025156,2,30,,0,1,1,13,A01
201900025157,2,7,,0,2,2,15,A01
201900025157,1,33,,0,2,1,1,B01
201900025158,2,7,,0,6,7,16,B01
201900025158,2,1,,0,2,7,19,A01
201900025159,1,7,,0,2,6,23,B01
201900025159,1,7,,1,0,1,1,A01
201900025160,2,33,,0,2,8,1,B01
201900025160,2,7,,0,2,1,1,A01
201900025161,1,7,,0,2,4,26,B01
201900025161,1,7,,0,2,1,1,A01
201900025162,3,10,,0,2,2,1,A01
201900025162,3,10,,0,2,5,13,B01
201900025163,1,37,2.0,0,2,3,1,B01
201900025163,1,7,,0,2,3,26,A01
201900025164,2,7,,0,1,7,1,A01
201900025165,1,7,,0,2,4,2,C01
201900025165,1,7,,0,2,4,2,B01
201900025165,1,7,,0,2,1,2,A01
201900025166,2,33,,1,2,0,2,A01
201900025167,1,1,,0,2,7,1,B01
201900025167,2,10,,0,2,1,18,A01
201900025168,1,7,,0,2,2,6,A01
201900025168,1,31,,0,2,1,0,B01
201900025169,3,7,,6,0,1,26,A01
201900025170,1,7,,0,2,4,1,C01
201900025170,1,7,,0,2,5,1,B01
201900025170,1,7,,0,2,3,21,A01
201900025171,3,2,,0,1,1,0,Z01
201900025171,1,7,,0,2,5,16,B01
201900025172,1,30,,0,2,1,15,A01
201900025172,2,32,,0,2,3,1,B01
201900025173,1,3,,1,0,0,0,B01
201900025173,1,34,,1,2,1,1,A01
201900025174,2,3,,0,2,3,9,B01
201900025174,1,3,,0,2,2,21,A01
201900025175,3,7,,0,2,1,15,A01
201900025175,3,7,,0,2,7,2,B01