Num_Acc,senc,catv,occutc,obs,obsm,choc,manv,num_veh
201900025176,1,7,,0,1,1,1,A01
201900025177,1,3,,14,2,0,0,B01
201900025177,1,37,2.0,0,2,2,1,A01
201900025178,3,34,,0,1,1,1,Z01
201900025179,1,7,,0,1,2,1,A01
201900025180,1,99,,0,2,1,26,A01
201900025180,3,7,,0,2,1,19,B01
201900025181,1,7,,0,2,8,10,A01
201900025181,1,33,,0,2,2,1,B01
201900025182,1,7,,0,6,2,16,A01
201900025182,1,1,,0,2,7,1,B01
201900025183,3,1,,0,2,4,11,B01
201900025183,3,7,,0,6,3,11,A01
201900025184,1,7,,1,0,5,20,A01
201900025185,3,31,,0,2,1,1,B01
201900025185,3,7,,0,2,3,1,A01
201900025186,3,37,1.0,0,1,3,1,A01
201900025187,1,7,,13,0,2,1,A01
201900025188,2,7,,0,0,1,1,B01
201900025188,1,7,,3,0,1,13,A01
201900025189,2,33,,0,0,8,15,A01
201900025190,2,7,,0,0,5,1,B01
201900025190,2,7,,0,2,2,1,A01
201900025191,0,0,,0,1,0,1,A01
201900025192,1,7,,2,0,1,1,A01
201900025193,1,7,,0,2,8,2,B01
201900025193,1,7,,2,2,1,17,A01
201900025194,3,1,,0,2,0,21,C01
201900025194,3,1,,0,2,7,21,B01
201900025194,3,36,,0,9,1,15,A01
201900025195,3,33,,0,0,1,1,A01
201900025196,1,7,,8,0,2,14,A01
201900025197,2,10,,0,2,1,1,A01
201900025197,2,14,,0,0,4,2,B01
201900025198,1,34,,7,0,3,0,A01
201900025199,3,7,,0,1,4,4,A01
201900025200,0,2,,0,2,1,9,A01
201900025200,0,7,,0,2,8,1,B01
201900025201,3,10,,0,2,1,16,A01
201900025201,3,2,,0,2,8,1,B01
201900025202,2,7,,0,0,4,0,B01
201900025202,2,7,,0,2,1,0,A01
201900025203,1,33,,0,0,1,16,A01
201900025204,2,7,,13,0,8,1,A01
201900025205,2,7,,0,2,3,1,C01
201900025205,2,7,,0,2,8,1,B01
201900025205,1,17,,0,2,8,13,A01
201900025206,1,7,,13,1,1,1,A01
201900025207,1,31,,12,0,1,1,A01
201900025208,1,7,,0,0,8,1,A01
201900025209,1,7,,0,2,6,11,A01
201900025209,1,7,,0,2,2,17,B01
201900025210,1,7,,2,0,2,1,A01
201900025211,2,7,,2,0,1,1,A01
201900025212,2,7,,2,0,3,0,A01
201900025213,2,1,,0,2,7,5,B01
201900025213,2,32,,0,2,8,1,A01
201900025214,2,43,,0,1,2,1,A01
201900025215,1,7,,0,2,1,1,A01
201900025215,1,14,,0,2,4,23,B01
201900025216,3,37,3.0,0,2,2,1,A01
201900025216,3,7,,0,2,3,11,B01
201900025217,2,32,,0,2,1,18,A01
201900025217,2,7,,0,2,4,23,B01
201900025218,2,7,,1,0,9,14,A01
201900025219,2,7,,0,2,5,2,B01
201900025219,2,43,,0,2,1,2,A01
201900025220,2,1,,0,1,0,1,Z01
201900025221,1,31,,0,2,8,17,A01
201900025221,1,7,,0,2,8,15,B01
201900025222,3,7,,0,2,3,1,A01
201900025222,3,7,,0,2,2,1,B01
201900025223,1,7,,0,2,1,26,B01
201900025223,1,2,,0,2,7,26,A01
201900025224,2,7,,0,2,8,1,A01
201900025224,2,7,,0,2,2,15,C01
201900025224,2,7,,0,2,1,1,B01
201900025225,2,7,,8,2,8,1,B01
201900025225,1,7,,0,2,1,1,A01
201900025226,1,10,,0,0,2,10,A01
201900025226,1,33,,0,2,1,1,B01
201900025227,1,7,,4,4,1,21,A01
201900025228,2,7,,0,2,3,15,A01
201900025228,1,32,,0,2,1,1,B01
201900025229,2,7,,0,2,7,0,B01
201900025229,3,10,,0,2,0,26,C01
201900025229,3,7,,0,2,8,11,A01
201900025230,2,7,,0,1,1,1,A01
201900025231,1,10,,1,0,3,22,A01
201900025231,1,1,,1,0,0,26,B01
201900025232,2,7,,0,1,1,1,A01
201900025233,2,33,,0,2,7,1,B01
201900025233,2,7,,0,2,3,15,A01
201900025234,1,30,,0,2,3,15,A01
201900025234,1,33,,1,0,0,0,B01
201900025235,1,10,,0,2,2,16,A01
201900025235,1,1,,0,2,1,1,B01
201900025236,2,33,,0,2,6,1,B01
201900025236,2,33,,0,2,1,1,A01
201900025237,1,7,,0,2,3,1,B01
201900025237,1,7,,0,2,3,1,A01
201900025238,3,2,,0,0,0,0,B01
201900025238,3,10,,0,0,0,5,A01
201900025239,2,32,,0,2,1,1,A01
201900025239,1,7,,0,2,2,10,Z01
201900025240,1,7,,0,2,1,1,B01
201900025240,2,7,,0,2,8,13,A01
201900025241,1,15,,4,0,3,0,A01
201900025242,2,10,,0,2,1,1,C01
201900025242,2,7,,0,2,6,1,B01
201900025242,1,7,,0,2,3,13,A01
201900025243,3,7,,0,1,2,4,A01
201900025244,3,7,,13,0,2,14,A01
201900025245,2,7,,0,2,3,17,A01
201900025245,2,31,,0,2,2,17,B01
201900025246,1,7,,13,0,7,14,A01
201900025246,1,7,,0,2,1,2,B01
201900025247,1,15,,2,0,1,1,A01
201900025248,1,33,,0,2,3,13,A01
201900025248,2,7,,0,2,3,1,B01
201900025249,2,60,,0,2,1,1,B01
201900025249,1,7,,0,1,6,1,A01
201900025250,3,33,,0,2,1,1,B01
201900025250,3,7,,6,2,2,1,A01
201900025251,2,7,,13,0,3,1,A01
201900025252,2,10,,0,2,6,1,C01
201900025252,2,7,,0,2,1,1,B01
201900025252,1,7,,0,2,1,17,A01
201900025253,1,7,,0,2,3,9,A01
201900025253,2,2,,0,2,1,1,B01
201900025254,3,7,,0,9,3,1,B01
201900025254,3,1,,0,2,1,13,A01
201900025255,2,7,,0,2,2,13,A01
201900025255,1,7,,0,2,2,21,B01
201900025256,1,7,,0,2,3,13,A01
201900025256,2,15,,0,2,3,1,B01
201900025257,3,36,,17,0,2,0,A01
201900025258,1,10,,0,2,1,1,B01
201900025258,2,7,,0,2,1,13,A01
201900025259,1,7,,4,0,0,1,A01
201900025260,1,7,,10,2,3,1,B01
201900025260,2,7,,3,2,6,13,A01
201900025261,1,33,,0,2,1,17,A01
201900025261,2,37,1.0,0,2,8,1,B01
201900025262,2,1,,0,2,1,1,A01
201900025262,1,7,,0,9,8,9,B01
201900025263,2,31,,0,2,1,17,A01
201900025263,2,7,,0,2,3,15,B01
201900025264,3,33,,0,0,1,0,A01
201900025265,2,7,,0,1,1,16,A01
201900025266,0,7,,2,0,1,1,A01
201900025267,3,7,,0,2,1,1,C01
201900025267,0,33,,0,2,1,1,A01
201900025267,0,7,,0,2,2,15,B01
201900025268,0,31,,0,2,5,1,A01
201900025268,0,7,,0,2,2,17,B01
201900025269,1,7,,0,2,8,9,A01
201900025269,1,2,,0,2,7,2,B01
201900025270,2,7,,0,2,3,15,A01
201900025270,1,33,,0,2,1,1,B01
201900025271,2,10,,8,0,1,1,A01
201900025272,0,7,,15,0,2,1,A01
201900025273,3,2,,16,0,9,21,A01
201900025274,2,7,,0,1,1,2,A01
201900025275,0,2,,0,2,8,13,B01
201900025275,3,7,,0,2,8,17,A01
201900025276,1,7,,0,2,7,17,A01
201900025276,1,7,,13,2,8,1,B01
201900025277,0,2,,0,2,1,26,B01
201900025277,0,7,,0,0,3,26,A01
201900025278,2,33,,12,0,3,13,A01
201900025279,2,7,,0,0,0,23,A01
201900025280,2,10,,0,2,6,11,B01
201900025280,2,7,,0,2,2,11,A01
201900025281,2,7,,0,2,8,11,A01
201900025281,2,31,,0,2,1,1,B01
201900025282,2,7,,0,2,2,26,A01
201900025282,2,7,,0,2,1,0,C01
201900025282,2,10,,0,2,6,0,B01
201900025283,1,7,,0,2,4,0,C01
201900025283,1,7,,0,2,4,0,B01
201900025283,1,10,,0,2,1,26,A01
201900025284,1,43,,0,2,1,1,B01
201900025284,1,10,,0,2,4,12,A01
201900025285,1,7,,0,2,1,1,B01
201900025285,1,7,,0,2,4,1,A01
201900025286,1,7,,0,2,4,9,A01
201900025286,1,7,,0,2,1,2,C01
201900025286,1,7,,0,2,4,2,B01
201900025287,2,7,,0,0,9,16,A01
201900025288,2,7,,0,2,8,1,A01
201900025288,2,7,,0,2,8,21,B01
201900025288,2,7,,0,2,6,1,C01
201900025288,2,7,,0,2,7,1,D01
201900025289,2,17,,0,2,1,26,A01
201900025289,2,17,,0,0,4,0,B01
201900025290,2,33,,0,2,8,1,B01
201900025290,1,7,,0,2,1,1,A01
201900025291,3,30,,0,0,3,0,A01
201900025292,3,31,,0,0,0,1,A01
201900025293,2,30,,0,2,1,0,A01
201900025293,1,7,,0,2,1,0,B01
201900025294,0,30,,0,2,1,11,A01
201900025294,2,30,,0,2,1,1,B01
201900025295,2,7,,0,2,2,1,B01
201900025295,2,7,,0,2,3,9,A01
201900025296,3,7,,14,0,9,12,A01
201900025297,1,7,,0,2,3,15,B01
201900025297,2,7,,0,2,3,13,A01
201900025298,3,7,,0,2,1,2,B01
201900025298,3,7,,0,6,4,15,A01
201900025299,0,7,,0,1,0,20,A01
201900025300,3,7,,0,2,1,13,B01
201900025300,3,7,,0,2,1,1,A01
201900025301,3,7,,0,6,0,17,Z01
201900025302,1,7,,0,2,4,9,B01
201900025302,1,7,,0,2,1,2,A01
201900025303,1,2,,0,2,5,23,B01
201900025303,1,2,,1,0,1,1,A01
201900025304,0,7,,0,1,1,1,A01
201900025305,1,7,,0,2,2,19,A01
201900025305,2,7,,0,2,3,2,B01
201900025306,1,7,,1,2,8,1,B01
201900025306,1,7,,0,2,1,1,A01
201900025307,3,33,,0,2,0,3,B01
201900025307,3,10,,0,2,3,15,A01
201900025308,2,7,,0,2,4,2,B01
201900025308,2,7,,0,2,1,2,A01
201900025309,1,7,,8,0,1,1,A01
201900025310,0,37,2.0,1,0,1,13,B01
201900025310,3,7,,0,0,2,0,A01
201900025311,3,7,,0,2,1,1,Z01
201900025311,0,7,,0,2,5,1,B01
201900025312,2,7,,0,0,0,13,A01
201900025313,2,30,,0,1,3,18,A01
201900025313,2,7,,0,2,7,23,B01
201900025314,3,10,,0,2,2,16,A01
201900025314,3,30,,0,2,3,1,B01
201900025315,2,34,,0,2,2,1,A01
201900025315,2,10,,0,2,6,10,B01
201900025316,2,7,,0,2,0,16,Z01
201900025316,2,2,,0,2,0,16,A01
201900025317,1,7,,0,2,4,23,B01
201900025317,1,10,,0,2,1,1,A01
201900025318,3,7,,0,2,4,23,B01
201900025318,3,7,,0,2,1,1,A01
201900025319,2,31,,0,2,3,13,A01
201900025319,2,7,,0,2,7,1,B01
201900025320,1,30,,0,2,1,17,A01
201900025320,1,10,,0,2,3,17,B01
201900025321,1,7,,0,2,1,15,A01
201900025321,1,30,,0,2,1,1,B01
201900025322,1,7,,0,2,3,15,A01
201900025322,1,32,,0,2,7,15,B01
201900025323,2,32,,0,2,0,17,A01
201900025323,2,7,,0,2,8,15,B01
201900025324,1,43,,0,1,1,1,A01
201900025325,1,50,,0,2,0,1,B01
201900025325,2,7,,0,2,0,1,A01
201900025326,1,3,,0,2,5,15,A01
201900025326,2,2,,0,2,1,2,B01
201900025327,1,10,,0,6,2,9,A01
201900025327,1,1,,12,0,0,2,B01
201900025328,0,7,,0,1,0,0,A01
201900025329,1,10,,0,2,3,1,B01
201900025329,0,30,,0,2,1,1,A01
201900025330,1,7,,0,0,1,26,A01
201900025331,2,7,,0,0,0,19,B01
201900025332,1,7,,0,2,1,23,C01
201900025332,1,7,,0,2,1,23,B01
201900025332,1,7,,0,2,1,16,A01
201900025333,2,7,,0,2,3,1,B01
201900025333,1,30,,0,2,2,1,A01
201900025334,1,7,,0,2,7,15,A01
201900025334,1,33,,0,2,1,1,B01
201900025335,2,7,,0,2,1,1,A01
201900025335,1,7,,0,2,1,1,B01
201900025336,1,7,,0,0,6,15,B01
201900025336,1,33,,0,2,1,1,A01
201900025337,2,7,,0,0,6,1,B01
201900025337,2,7,,15,0,1,17,A01
201900025338,2,7,,3,0,3,1,A01
201900025339,2,7,,0,1,0,1,A01
201900025340,2,1,,0,2,4,1,B01
201900025340,2,7,,0,2,2,1,A01
201900025341,1,7,,16,0,1,1,A01
201900025342,0,7,,6,0,4,14,A01
201900025343,3,80,,0,2,1,1,B01
201900025343,3,7,,0,0,5,16,A01
201900025344,3,7,,0,2,4,4,A01
201900025344,3,2,,0,2,7,1,B01
201900025345,1,7,,8,2,7,1,A01
201900025345,1,7,,0,2,1,1,B01
201900025346,3,7,,0,2,8,15,B01
201900025346,2,7,,0,2,2,1,A01
201900025347,2,7,,0,1,1,16,A01
201900025348,2,33,,0,2,1,1,A01
201900025348,1,7,,0,2,6,15,B01
201900025349,0,7,,0,2,3,1,A01
201900025349,0,2,,0,2,1,0,B01
201900025350,2,7,,0,0,9,1,A01
201900025351,0,7,,5,0,1,1,A01
201900025352,2,7,,0,2,1,11,A01
201900025352,2,15,,0,0,4,1,B01
201900025353,2,7,,0,1,2,1,A01
201900025354,1,7,,3,0,3,11,A01
201900025355,2,33,,0,0,0,11,A01
201900025356,1,10,,13,0,1,14,A01
201900025357,1,7,,0,1,6,23,B01
201900025357,1,7,,1,0,2,1,A01
201900025358,2,7,,0,2,3,1,C01
201900025358,2,7,,0,2,3,1,B01
201900025358,1,34,,0,2,1,1,A01
201900025359,0,7,,0,2,8,15,B01
201900025359,3,33,,0,2,2,17,A01
201900025360,1,7,,0,0,4,2,A01
201900025360,1,33,,0,2,1,2,B01
201900025361,2,7,,0,2,0,1,B01
201900025361,2,7,,13,2,0,1,A01
201900025362,3,33,,0,2,5,1,B01
201900025362,3,7,,0,9,3,2,A01
201900025363,1,7,,0,2,1,1,B01
201900025363,2,7,,8,0,8,15,A01
201900025364,3,33,,0,0,2,0,A01
201900025365,1,7,,15,2,1,26,A01
201900025365,1,7,,0,2,4,1,B01
201900025366,1,7,,0,2,2,15,B01
201900025366,2,7,,0,2,8,26,A01
201900025367,1,33,,0,0,7,1,A01
201900025368,2,7,,0,2,1,14,C01
201900025368,2,7,,0,2,1,13,B01
201900025368,2,7,,0,2,7,1,A01
201900025369,1,7,,0,2,8,24,A01
201900025369,2,7,,0,2,2,21,B01
201900025370,2,13,,0,2,2,1,A01
201900025370,2,7,,0,2,8,0,B01
201900025371,2,7,,4,0,3,13,A01
201900025372,1,7,,0,2,1,2,A01
201900025372,1,7,,0,2,4,2,B01
201900025372,1,7,,0,2,4,2,C01
201900025373,1,7,,4,0,8,13,A01
201900025374,1,7,,4,2,2,14,A01
201900025374,1,7,,4,2,8,1,B01
201900025375,2,7,,4,0,5,1,A01
201900025376,1,7,,3,0,2,14,A01
201900025377,1,7,,2,0,3,0,A01
201900025378,2,7,,4,0,6,0,A01
201900025379,1,10,,1,0,1,2,C01
201900025379,1,10,,0,2,4,1,B01
201900025379,1,10,,0,2,1,2,A01
201900025380,2,7,,3,0,1,0,A01
201900025381,2,7,,0,2,4,2,B01
201900025381,2,7,,0,2,1,1,A01
201900025382,1,7,,3,0,1,1,A01
201900025383,1,7,,4,0,3,1,A01
201900025384,2,7,,0,2,3,1,B01
201900025384,2,7,,0,2,2,1,C01
201900025384,2,7,,4,2,3,5,A01
201900025385,1,7,,0,1,1,1,A01
201900025386,2,2,,0,2,3,16,B01
201900025386,1,7,,0,2,2,15,A01
201900025387,2,7,,0,2,1,0,A01
201900025387,1,7,,0,2,8,1,B01
201900025388,1,7,,0,2,0,0,Z01
201900025388,1,7,,0,2,5,9,B01
201900025389,1,32,,0,2,8,1,B01
201900025389,1,7,,0,2,0,0,Z01
201900025390,0,1,,0,0,5,1,B01
201900025390,0,7,,0,2,1,1,A01
201900025391,3,7,,0,1,1,26,A01
201900025392,3,7,,0,2,1,26,A01
201900025392,3,33,,0,2,7,1,B01
201900025393,2,37,1.0,0,2,8,26,A01
201900025393,2,33,,1,2,7,17,B01
201900025394,1,7,,8,0,1,1,A01
201900025395,1,7,,0,1,1,15,A01
201900025396,2,7,,0,1,2,1,A01
201900025397,2,7,,0,1,3,15,A01
201900025398,2,7,,0,1,3,15,A01
201900025399,3,7,,0,6,3,25,A01
201900025399,3,1,,0,2,1,25,B01
201900025400,1,7,,0,6,1,16,A01
201900025400,3,1,,0,2,8,0,B01
201900025401,1,40,,0,1,3,1,A01
201900025402,1,7,,0,1,1,1,A01
201900025403,1,1,,0,2,1,1,A01
201900025403,2,7,,0,2,3,1,B01
201900025404,1,7,,0,1,6,4,A01
201900025405,2,1,,0,2,4,1,B01
201900025405,1,7,,0,2,1,15,A01
201900025406,1,7,,0,2,1,16,A01
201900025406,2,1,,0,2,1,1,B01
201900025407,1,40,,0,1,0,1,A01
201900025408,1,7,,0,1,0,1,A01
201900025409,1,30,,0,1,0,1,Z01
201900025410,2,2,,0,2,1,0,B01
201900025410,1,7,,0,2,1,0,A01
201900025411,1,33,,0,2,1,1,B01
201900025411,1,7,,0,2,2,2,A01
201900025412,2,1,,0,2,7,1,B01
201900025412,1,7,,0,2,1,1,A01
201900025413,2,1,,0,2,7,1,B01
201900025413,1,7,,0,2,1,1,A01
201900025414,1,10,,0,2,2,15,A01
201900025414,2,31,,0,2,1,1,B01
201900025415,1,7,,0,1,2,11,A01
201900025416,1,33,,0,2,3,1,B01
201900025416,1,7,,0,2,7,16,A01
201900025417,1,30,,0,1,3,1,A01
201900025418,1,1,,0,2,0,1,B01
201900025418,1,7,,0,2,2,1,A01
201900025419,2,7,,0,2,2,15,B01
201900025419,1,2,,0,2,1,1,A01
201900025420,2,50,,0,2,0,0,B01
201900025420,1,7,,0,1,1,9,A01
201900025421,1,1,,0,1,1,1,A01
201900025422,1,7,,0,2,4,2,B01
201900025422,1,7,,0,2,1,2,A01
201900025423,1,7,,0,1,3,1,A01
201900025424,1,7,,1,1,7,26,A01
201900025425,2,2,,0,2,1,1,B01
201900025425,1,7,,0,2,5,1,A01
201900025426,1,7,,0,2,3,1,A01
201900025426,2,7,,0,2,2,1,B01
201900025427,2,1,,0,2,7,19,B01
201900025427,1,7,,0,2,1,15,A01
201900025428,2,2,,0,2,1,1,B01
201900025428,1,7,,0,2,5,15,A01
201900025429,1,1,,0,1,3,1,A01
201900025430,1,7,,0,2,3,9,A01
201900025430,1,7,,0,2,1,1,B01
201900025431,3,7,,0,2,1,1,B01
201900025431,3,7,,0,2,2,15,A01
201900025432,3,7,,0,2,2,1,B01
201900025432,3,7,,0,2,1,1,A01
201900025433,1,7,,0,1,1,1,A01
201900025434,1,7,,5,0,2,1,A01
201900025435,1,2,,0,2,0,1,B01
201900025435,1,7,,0,2,2,1,A01
201900025436,1,7,,0,2,1,1,A01
201900025436,1,7,,0,2,1,1,B01
201900025437,0,7,,0,2,1,9,A01
201900025437,1,2,,0,2,1,17,C01
201900025437,1,2,,0,2,1,17,B01
201900025438,1,1,,0,2,1,1,B01
201900025438,1,7,,0,2,1,9,A01
201900025439,2,10,,0,2,1,2,A01
201900025439,1,7,,0,2,4,2,B01
201900025440,1,7,,0,1,1,1,A01
201900025441,1,7,,0,1,1,1,A01
201900025442,1,7,,0,2,1,2,A01
201900025442,1,7,,0,2,4,2,B01
201900025443,0,1,,0,2,3,9,A01
201900025443,0,7,,0,2,2,9,B01
201900025444,0,32,,0,2,1,2,A01
201900025444,0,7,,0,2,6,15,B01
201900025445,0,1,,0,2,2,0,A01
201900025445,0,7,,0,2,1,1,B01
201900025446,0,7,,0,2,2,1,A01
201900025446,0,7,,0,2,3,1,B01
201900025447,1,7,,0,2,6,23,B01
201900025447,1,7,,0,2,3,16,A01
201900025448,1,2,,0,2,3,1,A01
201900025448,2,7,,0,2,8,1,B01
201900025449,1,7,,0,2,1,19,A01
201900025449,1,2,,0,0,0,17,B01
201900025450,2,7,,0,2,1,1,A01
201900025450,2,7,,0,2,4,2,B01
201900025451,2,1,,0,2,4,2,B01
201900025451,2,7,,0,2,1,2,A01
201900025452,2,7,,0,2,1,15,A01
201900025452,2,1,,0,2,2,1,B01
201900025453,2,10,,0,2,4,1,B01
201900025453,2,10,,0,2,1,1,A01
201900025454,1,33,,0,1,7,17,A01
201900025455,3,7,,2,0,1,14,A01
201900025456,3,7,,15,1,1,26,A01
201900025457,1,7,,0,0,0,1,A01
201900025458,2,7,,0,1,0,1,Z01
201900025459,2,7,,0,2,1,1,B01
201900025459,1,7,,0,2,2,15,A01
201900025460,1,7,,1,0,3,13,A01
201900025461,3,30,,0,2,7,0,B01
201900025461,3,7,,0,2,3,9,A01
201900025462,2,7,,0,2,2,15,A01
201900025462,1,7,,0,2,1,1,B01
201900025463,1,33,,14,0,1,14,A01
201900025464,3,1,,0,2,1,19,B01
201900025464,2,10,,0,1,1,1,A01
201900025465,1,30,,0,2,1,17,A01
201900025465,1,7,,0,2,3,15,B01
201900025466,2,7,,0,2,4,1,B01
201900025466,2,37,1.0,0,2,1,1,A01
201900025467,1,10,,0,2,4,2,B01
201900025467,1,33,,0,2,1,2,A01
201900025468,1,7,,0,2,5,2,B01
201900025468,1,30,,0,2,1,2,A01
201900025469,2,7,,0,2,4,2,B01
201900025469,2,7,,0,2,1,2,A01
201900025470,2,7,,0,2,3,1,B01
201900025470,2,7,,0,2,1,13,A01
201900025471,2,43,,12,0,2,0,A01
201900025472,1,2,,0,2,1,15,A01
201900025472,2,7,,0,2,7,1,B01
201900025473,2,7,,8,0,2,13,A01
201900025474,1,7,,0,2,3,13,B01
201900025474,2,30,,0,2,1,13,A01
201900025475,1,7,,0,2,3,15,A01
201900025475,2,7,,0,2,8,2,B01
201900025476,1,7,,0,1,1,1,A01
201900025477,1,7,,15,0,2,26,A01
201900025478,2,37,1.0,0,2,2,1,B01
201900025478,2,7,,0,2,3,1,A01
201900025479,1,7,,0,2,3,15,B01
201900025479,1,33,,0,2,2,17,A01
201900025480,2,2,,0,2,2,2,B01
201900025480,1,7,,0,2,3,13,A01
201900025481,2,7,,0,2,4,2,B01
201900025481,2,7,,0,2,4,2,D01
201900025481,2,7,,0,2,4,2,C01
201900025481,2,7,,0,2,1,2,A01
201900025482,1,7,,0,2,1,15,B01
201900025482,1,2,,0,2,1,1,A01
201900025483,2,10,,0,2,4,1,B01
201900025483,2,32,,0,2,1,2,A01
201900025484,1,7,,0,2,1,6,A01
201900025484,1,7,,0,2,4,6,B01
201900025485,1,1,,0,0,0,26,A01
201900025486,1,7,,0,2,2,15,A01
201900025486,2,2,,0,2,2,1,B01
201900025487,2,32,,12,0,2,1,A01
201900025488,2,2,,0,1,0,21,A01
201900025489,0,31,,0,2,2,1,B01
201900025489,0,7,,0,2,6,9,A01
201900025490,2,7,,0,1,1,1,A01
201900025491,3,7,,0,2,8,19,A01
201900025491,2,2,,0,2,1,1,B01
201900025492,2,2,,0,0,7,1,B01
201900025492,3,7,,0,0,0,19,A01
201900025493,1,30,,0,0,0,0,A01
201900025494,2,7,,0,1,1,1,A01
201900025495,1,7,,0,2,3,15,B01
201900025495,1,2,,0,2,1,17,A01
201900025496,1,2,,0,0,8,1,A01
201900025497,2,7,,0,2,6,1,B01
201900025497,2,31,,0,2,1,2,A01
201900025498,2,33,,0,2,1,1,A01
201900025498,2,7,,0,2,6,23,B01
201900025499,1,7,,0,2,6,11,A01
201900025499,1,33,,0,2,7,11,B01
201900025499,1,10,,0,2,4,23,C01
201900025500,2,10,,0,1,0,1,Z01
201900025501,2,33,,0,1,1,1,A01
201900025502,1,7,,0,0,0,9,A01
201900025503,1,38,1.0,0,2,3,9,A01
201900025503,2,33,,0,2,7,1,B01
201900025504,1,7,,0,2,1,2,Z01
201900025504,1,7,,0,2,4,1,C01
201900025504,1,7,,0,2,4,2,B01
201900025505,2,7,,0,2,7,15,A01
201900025505,1,33,,0,2,1,1,B01
201900025506,1,7,,0,1,0,1,A01
201900025507,0,33,,0,2,0,1,B01
201900025507,0,7,,0,2,0,15,A01
201900025508,1,7,,0,0,4,2,B01
201900025508,1,1,,0,2,1,2,A01
201900025509,1,10,,0,2,7,14,B01
201900025509,1,7,,0,2,8,0,A01
201900025510,1,2,,0,2,7,21,B01
201900025510,2,7,,0,2,1,26,A01
201900025511,0,7,,0,1,4,26,A01
201900025512,2,7,,0,1,2,1,A01
201900025513,1,7,,0,2,1,26,A01
201900025513,1,2,,0,2,0,0,B01
201900025514,1,7,,0,1,1,1,A01
201900025515,2,7,,0,1,1,1,A01
201900025515,1,7,,0,1,3,0,B01
201900025516,3,7,,0,2,6,9,A01
201900025516,3,7,,0,2,1,9,B01
201900025517,1,10,,0,1,2,1,A01
201900025518,1,33,,1,2,1,2,B01
201900025518,1,7,,1,2,8,24,C01
201900025518,1,7,,1,2,4,1,A01
201900025519,1,7,,0,2,2,1,A01
201900025519,1,2,,0,2,1,1,B01
201900025520,2,7,,1,0,9,0,A01
201900025521,0,7,,0,2,1,1,B01
201900025521,0,7,,0,2,1,15,A01
201900025522,1,33,,0,2,3,1,B01
201900025522,2,7,,0,2,1,15,A01
201900025523,1,7,,0,2,1,19,A01
201900025523,1,31,,0,2,8,1,B01
201900025524,1,7,,0,2,2,15,B01
201900025524,1,7,,0,2,8,1,A01
201900025525,2,33,,0,0,0,1,A01
201900025526,2,7,,0,2,4,2,A01
201900025526,2,30,,0,2,1,2,B01
201900025527,1,7,,0,1,1,16,A01
201900025528,1,7,,0,2,3,1,A01
201900025528,2,7,,0,0,3,13,B01
201900025529,1,2,,0,2,7,17,B01
201900025529,1,7,,0,2,8,15,A01
201900025530,2,7,,0,2,2,2,A01
201900025530,2,3,,0,2,6,1,B01
201900025531,2,0,,0,1,1,26,B01
201900025532,1,33,,0,1,1,21,A01
201900025533,2,7,,0,1,2,26,A01
201900025534,3,10,,0,1,1,15,A01
201900025535,1,7,,15,0,1,5,A01
201900025536,2,7,,0,2,6,1,B01
201900025536,1,7,,0,2,1,1,C01
201900025536,2,7,,0,2,2,17,A01
201900025537,2,7,,0,2,1,1,B01
201900025537,1,7,,0,2,8,19,A01
201900025538,2,7,,0,1,1,13,A01
201900025539,1,33,,0,2,5,1,B01
201900025539,1,7,,0,2,2,9,A01
201900025540,1,7,,0,1,1,1,A01
201900025541,2,7,,0,2,8,17,Z01
201900025541,1,1,,0,2,8,1,B01
201900025542,3,7,,0,1,1,1,A01
201900025543,0,99,,0,2,0,0,B01
201900025543,2,33,,0,2,1,13,A01
201900025544,3,7,,0,2,1,1,Z01
201900025545,3,7,,0,2,3,15,A01
201900025545,2,31,,0,2,1,1,B01
201900025546,1,40,,0,2,1,2,B01
201900025546,1,7,,8,-1,2,5,A01
201900025547,3,7,,0,2,3,15,B01
201900025547,3,7,,0,2,2,13,A01
201900025548,1,7,,1,0,2,1,B01
201900025548,1,7,,0,2,8,22,A01
201900025549,3,30,,0,1,6,17,A01
201900025550,2,31,,0,2,1,19,A01
201900025550,3,7,,0,2,8,1,B01
201900025551,1,7,,0,2,8,19,B01
201900025551,1,10,,0,2,1,15,A01
201900025552,1,7,,0,2,8,9,B01
201900025552,1,7,,0,2,1,1,A01
201900025553,2,99,,0,1,7,0,Z01
201900025554,1,7,,0,0,0,0,A01
201900025554,1,7,,0,0,0,0,B01
201900025555,1,33,,0,2,2,25,A01
201900025555,1,7,,0,2,2,9,B01
201900025556,3,37,0.0,0,1,5,16,Z01
201900025557,3,7,,0,2,1,1,B01
201900025557,3,7,,0,2,2,15,A01
201900025558,2,7,,0,2,1,1,B01
201900025558,1,7,,0,2,5,1,A01
201900025559,1,7,,0,2,1,5,A01
201900025559,2,7,,0,2,1,1,B01
201900025560,0,7,,0,1,2,16,A01
201900025561,2,7,,6,0,9,1,B01
201900025561,1,7,,2,0,9,1,A01
201900025562,0,7,,0,2,1,1,C01
201900025562,0,7,,0,2,1,1,B01
201900025562,0,7,,0,2,1,1,A01
201900025563,1,7,,0,2,3,15,A01
201900025563,1,7,,5,2,5,17,B01
201900025564,2,7,,0,0,4,2,B01
201900025564,2,10,,0,2,1,2,A01
201900025565,2,7,,0,2,1,1,C01
201900025565,2,15,,0,2,8,1,B01