Num_Acc,senc,catv,occutc,obs,obsm,choc,manv,num_veh
201900025565,2,7,,0,2,7,14,A01
201900025566,2,7,,0,0,6,1,B01
201900025566,2,7,,0,0,1,1,A01
201900025567,1,17,,0,2,3,1,B01
201900025567,2,10,,0,2,6,13,A01
201900025568,2,99,,3,0,9,1,A01
201900025569,3,17,,13,0,1,1,A01
201900025570,1,7,,0,2,3,13,A01
201900025570,2,7,,0,2,3,1,B01
201900025571,2,7,,0,2,1,15,A01
201900025571,1,32,,0,2,8,1,B01
201900025572,0,7,,4,0,0,0,A01
201900025573,2,7,,8,0,8,14,A01
201900025574,0,7,,8,0,3,12,A01
201900025575,0,7,,9,2,1,26,A01
201900025575,3,7,,0,2,8,1,B01
201900025575,3,7,,0,2,8,1,C01
201900025575,3,7,,0,2,4,1,D01
201900025575,3,7,,0,2,6,1,E01
201900025575,3,7,,0,2,4,1,F01
201900025576,3,7,,13,2,8,15,B01
201900025576,3,7,,0,2,1,1,A01
201900025577,0,33,,0,0,0,1,A01
201900025578,0,38,1.0,0,2,1,1,B01
201900025578,0,7,,0,2,1,5,A01
201900025579,1,7,,13,0,0,1,A01
201900025580,0,7,,0,2,3,17,B01
201900025580,0,33,,0,2,2,17,A01
201900025581,1,7,,0,1,1,16,A01
201900025582,1,7,,0,0,9,13,A01
201900025583,1,7,,0,2,1,1,B01
201900025583,1,7,,11,0,4,23,A01
201900025584,2,7,,0,2,3,13,A01
201900025584,1,7,,8,2,3,1,B01
201900025585,3,7,,2,0,1,1,A01
201900025586,2,15,,0,2,1,21,B01
201900025586,1,7,,0,2,1,13,A01
201900025587,2,10,,0,2,3,1,B01
201900025587,1,10,,0,2,3,13,A01
201900025588,1,7,,13,0,1,0,A01
201900025589,1,7,,0,2,4,1,A01
201900025590,1,7,,0,2,1,2,C01
201900025590,1,7,,0,2,1,2,B01
201900025590,1,7,,0,2,4,1,A01
201900025591,1,7,,0,2,8,1,A01
201900025591,1,7,,0,2,0,17,B01
201900025592,1,14,,0,2,6,20,B01
201900025592,1,7,,0,2,2,26,A01
201900025593,1,10,,3,2,6,1,B01
201900025593,1,7,,3,2,2,17,A01
201900025594,2,33,,0,0,1,3,A01
201900025594,2,10,,0,2,0,0,B01
201900025594,2,7,,0,2,0,0,C01
201900025595,1,7,,0,2,1,18,A01
201900025595,1,15,,0,2,2,2,B01
201900025595,1,7,,4,2,5,2,C01
201900025596,1,10,,0,2,7,12,A01
201900025596,1,33,,0,2,8,0,B01
201900025597,2,17,,0,2,4,23,D01
201900025597,2,7,,0,2,4,23,C01
201900025597,2,10,,0,2,4,23,B01
201900025597,2,7,,1,0,1,2,A01
201900025598,1,10,,0,2,4,2,B01
201900025598,1,7,,0,2,1,2,A01
201900025599,1,7,,0,2,7,12,A01
201900025599,1,33,,0,2,3,3,B01
201900025600,2,10,,0,2,1,1,C01
201900025600,2,33,,0,2,8,1,B01
201900025600,2,7,,0,2,7,12,A01
201900025601,1,34,,0,2,8,11,B01
201900025601,1,7,,0,2,7,12,A01
201900025602,2,7,,0,1,2,1,A01
201900025603,0,7,,0,1,1,2,A01
201900025604,0,7,,0,1,1,16,A01
201900025605,2,7,,0,2,7,1,B01
201900025605,2,7,,1,2,3,20,A01
201900025606,1,7,,3,0,2,1,A01
201900025607,2,7,,0,2,1,2,A01
201900025607,2,31,,0,2,4,2,B01
201900025608,3,2,,0,2,1,1,B01
201900025608,3,10,,0,2,4,20,A01
201900025609,2,7,,0,2,2,1,B01
201900025609,3,2,,0,2,3,9,A01
201900025610,3,36,,2,0,1,14,A01
201900025611,1,17,,0,2,3,11,B01
201900025611,1,7,,0,2,2,1,A01
201900025612,1,1,,0,1,1,1,A01
201900025613,2,33,,0,2,2,1,B01
201900025613,2,7,,0,2,8,15,A01
201900025614,2,7,,0,1,2,26,A01
201900025615,0,7,,2,0,1,0,A01
201900025616,3,7,,1,2,3,16,B01
201900025616,3,34,,0,2,2,18,A01
201900025617,1,7,,0,2,8,1,A01
201900025617,1,33,,0,2,1,1,B01
201900025618,1,7,,0,0,0,0,Z01
201900025618,1,7,,0,2,6,1,A01
201900025619,2,7,,0,2,4,23,B01
201900025619,2,10,,0,2,1,1,A01
201900025620,1,3,,0,9,1,1,B01
201900025620,2,1,,0,2,2,1,A01
201900025621,1,10,,0,2,4,26,A01
201900025621,2,10,,1,0,1,9,B01
201900025622,1,37,0.0,0,0,0,26,A01
201900025623,1,7,,0,2,1,2,A01
201900025623,1,7,,0,2,5,2,B01
201900025623,1,7,,0,2,4,2,C01
201900025624,3,34,,0,0,0,21,A01
201900025625,1,7,,1,0,6,24,C01
201900025625,1,33,,0,2,4,1,B01
201900025625,1,7,,0,2,3,18,A01
201900025626,1,32,,0,1,1,13,A01
201900025627,1,7,,0,2,5,16,B01
201900025627,1,30,,0,2,1,25,A01
201900025628,2,7,,0,1,1,9,A01
201900025629,0,7,,0,2,6,1,B01
201900025629,0,7,,0,2,1,1,A01
201900025630,0,7,,0,1,1,1,A01
201900025631,2,7,,0,2,5,2,A01
201900025631,2,10,,0,2,3,2,B01
201900025632,1,7,,0,6,3,16,A01
201900025632,2,1,,0,2,1,1,B01
201900025633,1,7,,0,2,1,2,C01
201900025633,1,7,,0,2,4,2,B01
201900025633,1,7,,0,2,1,1,A01
201900025634,2,7,,0,2,1,1,B01
201900025634,1,7,,0,2,2,10,A01
201900025635,1,7,,0,1,1,1,A01
201900025636,0,7,,0,1,1,1,A01
201900025637,3,33,,0,0,7,9,A01
201900025638,2,7,,0,1,2,7,A01
201900025639,3,10,,0,2,6,1,B01
201900025639,3,30,,0,2,7,1,A01
201900025640,1,7,,15,0,1,0,A01
201900025641,1,1,,0,2,8,19,B01
201900025641,2,7,,0,2,1,1,A01
201900025642,2,1,,0,2,3,19,B01
201900025642,1,7,,0,2,2,16,A01
201900025643,2,7,,1,0,1,1,A01
201900025644,2,7,,0,2,3,2,A01
201900025644,2,7,,0,2,5,15,B01
201900025645,3,2,,0,2,1,1,A01
201900025645,3,7,,0,2,3,1,B01
201900025646,1,7,,0,2,4,2,B01
201900025646,1,3,,0,2,1,2,A01
201900025647,3,14,,0,1,1,15,A01
201900025648,1,33,,0,1,1,1,A01
201900025649,1,7,,0,1,3,15,A01
201900025650,1,2,,0,2,4,1,B01
201900025650,1,7,,0,2,1,1,A01
201900025651,1,7,,0,1,1,1,A01
201900025652,1,7,,14,0,1,13,A01
201900025653,1,7,,0,2,5,1,C01
201900025653,1,30,,1,0,1,18,B01
201900025653,3,7,,0,2,8,22,A01
201900025654,1,7,,0,1,1,1,A01
201900025655,3,30,,0,2,1,26,A01
201900025655,3,7,,0,2,6,9,B01
201900025656,0,37,1.0,0,1,3,16,A01
201900025657,1,7,,0,2,4,1,B01
201900025657,1,2,,0,2,1,2,A01
201900025658,1,7,,0,2,9,0,A01
201900025658,1,7,,0,2,9,0,B01
201900025658,1,7,,0,2,9,0,C01
201900025658,1,7,,0,2,3,0,D01
201900025659,2,1,,0,2,8,1,B01
201900025659,2,7,,0,2,7,17,A01
201900025660,3,7,,0,1,3,1,Z01
201900025661,3,7,,0,2,0,0,A01
201900025661,3,21,,0,2,4,0,B01
201900025662,3,31,,0,0,0,0,A01
201900025663,2,7,,0,1,3,15,A01
201900025664,1,32,,0,1,1,1,A01
201900025665,0,31,,8,0,1,1,A01
201900025666,0,7,,0,2,4,1,B01
201900025666,0,7,,0,2,1,1,A01
201900025667,0,7,,0,2,1,0,B01
201900025667,0,7,,0,2,1,26,A01
201900025668,0,7,,0,1,2,1,A01
201900025669,2,7,,0,2,5,15,A01
201900025669,1,30,,0,2,1,1,B01
201900025670,1,7,,0,2,4,2,C01
201900025670,1,7,,0,2,4,2,B01
201900025670,1,7,,0,2,1,2,A01
201900025671,2,2,,0,2,1,1,B01
201900025671,1,7,,0,2,1,15,A01
201900025672,1,31,,0,2,4,1,A01
201900025672,1,7,,0,2,2,1,Z01
201900025673,3,7,,0,2,4,23,D01
201900025673,3,7,,0,2,4,23,C01
201900025673,3,7,,0,2,4,23,B01
201900025673,3,7,,0,2,3,9,A01
201900025674,2,7,,0,2,3,1,B01
201900025674,1,21,,0,2,2,19,A01
201900025675,2,30,,0,0,8,1,A01
201900025676,1,30,,0,2,1,16,A01
201900025676,1,7,,0,2,1,1,B01
201900025677,3,7,,0,1,1,0,A01
201900025678,2,7,,1,1,1,1,A01
201900025679,2,7,,0,2,3,1,B01
201900025679,2,7,,0,2,1,2,A01
201900025680,2,7,,0,2,3,1,B01
201900025680,1,1,,0,2,2,16,A01
201900025681,2,7,,0,2,1,9,A01
201900025681,3,1,,0,2,4,2,B01
201900025682,1,7,,0,2,1,1,A01
201900025682,1,10,,0,2,4,1,B01
201900025683,2,7,,0,0,1,1,A01
201900025683,2,2,,0,2,4,1,B01
201900025684,2,7,,0,2,6,15,B01
201900025684,2,30,,0,2,1,17,A01
201900025685,2,7,,0,1,1,1,A01
201900025686,1,7,,0,2,1,15,A01
201900025686,1,7,,0,2,1,0,B01
201900025687,1,7,,0,2,3,1,A01
201900025687,1,7,,0,2,3,0,B01
201900025688,2,7,,13,0,7,1,A01
201900025689,3,7,,0,1,2,1,A01
201900025690,2,1,,0,2,1,1,B01
201900025690,1,7,,0,2,1,11,A01
201900025691,3,7,,0,2,3,1,B01
201900025691,1,7,,0,2,1,15,A01
201900025692,1,7,,0,2,4,23,B01
201900025692,1,7,,0,2,1,1,A01
201900025693,3,7,,0,2,2,2,B01
201900025693,3,33,,0,2,8,9,A01
201900025694,2,34,,0,1,1,1,A01
201900025695,2,2,,3,0,7,14,A01
201900025696,1,7,,6,0,2,1,A01
201900025697,2,33,,14,0,1,12,A01
201900025698,2,7,,0,2,1,2,A01
201900025698,2,7,,0,2,4,2,B01
201900025698,2,7,,0,2,1,2,C01
201900025699,1,7,,0,1,3,16,A01
201900025700,2,10,,0,1,1,1,A01
201900025701,0,34,,0,1,1,1,A01
201900025702,1,1,,0,2,2,17,B01
201900025702,1,7,,0,2,3,10,A01
201900025703,1,7,,0,2,1,1,A01
201900025703,2,1,,0,2,2,1,B01
201900025704,1,33,,0,2,1,1,A01
201900025704,1,7,,0,2,3,9,B01
201900025705,2,7,,0,2,4,2,B01
201900025705,2,7,,0,2,1,2,A01
201900025706,2,1,,12,2,7,1,B01
201900025706,1,7,,0,2,0,10,A01
201900025707,2,43,,0,2,7,1,B01
201900025707,2,7,,0,2,3,1,A01
201900025708,1,33,,0,2,4,2,B01
201900025708,1,10,,0,2,1,2,A01
201900025709,1,7,,0,2,7,14,A01
201900025709,1,1,,0,2,3,1,B01
201900025710,1,7,,0,1,2,1,A01
201900025711,1,7,,0,2,8,10,A01
201900025711,1,32,,0,2,1,1,B01
201900025712,2,7,,9,2,3,1,B01
201900025712,1,7,,0,2,1,1,A01
201900025713,2,31,,12,2,1,9,B01
201900025713,1,7,,0,2,7,15,A01
201900025714,1,7,,0,2,2,15,A01
201900025714,2,2,,0,2,1,1,B01
201900025715,2,1,,0,0,8,26,A01
201900025716,1,7,,0,2,8,1,Z01
201900025716,2,2,,0,2,1,1,A01
201900025717,3,10,,0,2,2,17,B01
201900025717,3,13,,0,2,3,15,A01
201900025718,1,7,,15,0,6,9,A01
201900025719,3,7,,1,1,1,1,A01
201900025720,2,31,,0,2,0,17,B01
201900025720,3,7,,0,2,0,23,A01
201900025721,3,30,,0,2,0,16,A01
201900025721,1,7,,0,9,0,16,B01
201900025722,2,30,,0,1,1,2,A01
201900025723,2,7,,0,1,2,1,A01
201900025724,2,32,,0,1,1,17,A01
201900025725,2,34,,0,1,1,1,B01
201900025726,1,7,,0,2,2,1,A01
201900025727,2,30,,0,2,1,3,A01
201900025727,3,7,,0,2,4,11,B01
201900025728,2,7,,0,1,2,21,A01
201900025729,1,32,,0,1,3,1,A01
201900025730,3,7,,0,0,3,1,B01
201900025730,3,7,,0,2,3,1,A01
201900025731,1,15,,0,2,1,1,B01
201900025731,0,7,,8,2,3,9,A01
201900025732,1,7,,0,2,1,1,A01
201900025732,1,7,,0,2,4,1,B01
201900025733,2,7,,0,2,2,19,A01
201900025733,1,7,,0,2,3,26,B01
201900025734,1,7,,0,1,3,1,A01
201900025735,2,7,,8,0,1,13,A01
201900025736,2,7,,0,2,3,1,B01
201900025736,1,7,,0,2,3,17,A01
201900025737,1,7,,0,1,0,1,A01
201900025738,1,7,,2,0,2,1,A01
201900025739,3,1,,0,9,1,0,B01
201900025739,1,50,,1,9,1,0,A01
201900025740,1,7,,4,0,3,1,A01
201900025741,1,7,,0,2,4,2,H01
201900025741,1,7,,0,2,4,2,G01
201900025741,1,7,,0,2,4,2,F01
201900025741,1,7,,0,2,4,2,E01
201900025741,1,7,,0,2,4,2,D01
201900025741,1,7,,0,2,4,2,C01
201900025741,1,7,,0,2,4,2,B01
201900025741,1,7,,0,2,1,2,A01
201900025742,2,7,,0,2,8,1,A01
201900025742,2,7,,0,2,8,13,B01
201900025742,2,7,,0,2,4,1,C01
201900025742,2,17,,0,2,7,1,D01
201900025743,1,33,,0,2,3,3,B01
201900025743,1,7,,0,2,5,14,A01
201900025744,1,7,,0,2,1,2,A01
201900025744,1,7,,0,2,4,2,B01
201900025745,2,7,,0,2,1,2,A01
201900025745,2,7,,0,2,4,2,B01
201900025745,2,7,,0,2,4,2,C01
201900025745,2,7,,0,2,7,1,D01
201900025745,2,7,,0,2,4,2,E01
201900025745,2,7,,0,2,4,2,F01
201900025746,2,7,,0,2,4,2,E01
201900025746,2,7,,0,2,4,2,D01
201900025746,2,7,,0,2,4,2,C01
201900025746,2,7,,0,2,4,2,B01
201900025746,2,10,,0,2,1,2,A01
201900025747,2,7,,4,0,3,13,A01
201900025748,2,32,,0,2,1,3,C01
201900025748,2,7,,0,2,3,11,B01
201900025748,2,7,,0,2,4,1,A01
201900025749,1,7,,0,2,6,13,A01
201900025749,1,43,,0,2,2,3,B01
201900025750,1,7,,0,2,4,2,B01
201900025750,1,7,,0,2,4,1,C01
201900025750,1,7,,0,2,4,2,D01
201900025750,1,7,,0,2,1,2,A01
201900025751,2,7,,3,2,2,17,A01
201900025751,2,7,,0,2,1,1,B01
201900025752,1,7,,3,0,1,13,A01
201900025753,1,7,,0,1,1,1,A01
201900025754,1,7,,4,0,3,17,A01
201900025755,3,7,,0,9,3,1,B01
201900025755,3,1,,0,2,7,19,A01
201900025756,1,50,,0,0,0,26,A01
201900025757,1,7,,0,1,1,1,A01
201900025758,1,7,,0,2,1,17,A01
201900025758,1,7,,0,2,8,15,B01
201900025759,1,7,,0,2,4,23,E01
201900025759,2,7,,0,2,4,23,D01
201900025759,2,7,,0,2,4,23,C01
201900025759,2,7,,0,2,4,23,B01
201900025759,2,10,,0,2,1,21,A01
201900025760,2,7,,0,1,2,1,A01
201900025761,1,33,,0,2,8,26,B01
201900025761,2,10,,0,2,3,15,A01
201900025762,0,31,,0,2,8,1,A01
201900025762,0,7,,0,2,0,1,Z01
201900025763,1,30,,0,0,8,1,A01
201900025764,2,7,,0,2,1,13,A01
201900025764,1,7,,0,2,3,1,B01
201900025765,2,7,,0,2,1,1,A01
201900025765,2,7,,0,2,2,1,B01
201900025766,2,7,,0,1,1,1,A01
201900025767,2,2,,0,2,1,1,B01
201900025767,3,7,,0,2,3,19,A01
201900025768,1,7,,0,1,2,1,A01
201900025769,1,7,,0,2,1,1,A01
201900025769,1,7,,0,2,0,1,B01
201900025769,1,7,,0,2,0,1,C01
201900025770,0,7,,0,2,3,26,B01
201900025770,0,31,,0,2,1,17,A01
201900025771,2,7,,0,2,1,1,B01
201900025771,1,10,,0,2,5,19,A01
201900025772,1,7,,15,0,1,0,A01
201900025773,3,7,,0,1,3,1,A01
201900025774,2,7,,0,2,4,1,B01
201900025774,2,7,,0,2,1,1,A01
201900025775,2,7,,0,2,8,15,A01
201900025775,2,10,,0,2,2,17,B01
201900025776,3,7,,0,2,1,1,B01
201900025776,3,7,,0,2,2,15,A01
201900025777,3,7,,0,2,1,2,A01
201900025777,3,7,,0,2,4,2,B01
201900025778,2,7,,0,2,1,5,A01
201900025778,1,7,,0,2,1,1,B01
201900025779,2,7,,0,2,3,1,B01
201900025779,1,7,,0,2,3,17,A01
201900025780,2,7,,0,2,1,1,B01
201900025780,1,7,,0,2,1,13,A01
201900025781,0,2,,0,2,1,1,B01
201900025781,0,7,,0,2,3,1,A01
201900025782,1,7,,0,2,1,26,A01
201900025782,1,7,,0,2,4,0,B01
201900025782,1,7,,0,2,4,0,C01
201900025783,1,7,,0,2,6,23,B01
201900025783,1,7,,0,2,2,1,A01
201900025784,0,7,,0,2,3,9,A01
201900025784,0,1,,0,2,7,0,B01
201900025785,1,7,,0,0,1,1,A01
201900025786,2,3,,0,1,1,1,A01
201900025787,2,7,,0,2,1,2,A01
201900025787,2,7,,0,2,4,2,B01
201900025788,2,1,,1,0,1,1,A01
201900025789,0,30,,0,2,9,17,A01
201900025789,0,7,,0,2,8,23,C01
201900025789,0,7,,0,2,1,19,B01
201900025790,1,34,,0,2,2,0,A01
201900025790,1,7,,0,2,3,26,Z01
201900025791,1,7,,0,2,3,15,A01
201900025791,1,2,,0,2,5,2,B01
201900025792,1,32,,0,2,7,1,B01
201900025792,2,7,,0,2,1,1,Z01
201900025793,1,7,,0,2,3,13,A01
201900025793,2,7,,0,2,3,13,B01
201900025794,3,7,,0,1,1,12,A01
201900025795,3,10,,0,1,3,1,Z01
201900025796,1,1,,0,2,6,13,A01
201900025796,1,30,,0,2,1,17,Z01
201900025797,1,31,,0,1,3,1,A01
201900025798,1,30,,0,1,1,1,Z01
201900025799,2,7,,0,2,2,16,Z01
201900025799,2,32,,0,2,8,1,B01
201900025800,1,33,,0,1,1,1,A01
201900025801,1,7,,0,1,1,15,A01
201900025802,2,34,,0,1,1,1,A01
201900025803,1,33,,0,2,8,18,A01
201900025803,2,7,,0,2,7,15,B01
201900025804,1,7,,0,2,3,13,A01
201900025804,1,32,,0,2,5,1,B01
201900025805,2,7,,0,1,3,1,A01
201900025806,2,31,,0,1,1,5,Z01
201900025807,1,30,,0,2,1,2,A01
201900025807,1,7,,0,2,4,23,B01
201900025808,2,30,,0,1,1,1,Z01
201900025809,1,7,,0,2,2,16,A01
201900025809,1,1,,0,2,1,1,B01
201900025810,1,1,,12,0,7,16,A01
201900025811,1,1,,0,2,1,2,A01
201900025811,1,1,,0,2,4,2,B01
201900025812,2,7,,0,2,3,1,B01
201900025812,1,7,,0,2,2,15,A01
201900025813,2,7,,0,2,1,2,A01
201900025813,2,7,,0,2,4,2,B01
201900025814,2,7,,0,1,1,1,A01
201900025815,1,7,,0,2,4,1,A01
201900025815,1,10,,0,2,0,0,B01
201900025816,2,33,,0,0,7,0,B01
201900025816,2,10,,0,0,0,0,A01
201900025817,2,31,,0,2,1,2,A01
201900025817,2,7,,0,2,4,2,B01
201900025818,3,7,,0,2,8,15,B01
201900025818,3,32,,0,2,1,17,A01
201900025819,0,7,,1,0,2,15,A01
201900025820,1,7,,0,1,1,1,A01
201900025821,1,7,,0,1,4,20,A01
201900025822,1,7,,0,0,0,0,B01
201900025822,1,30,,0,2,2,18,A01
201900025823,0,7,,0,2,3,15,A01
201900025823,2,7,,0,2,3,1,B01
201900025824,3,7,,0,2,1,1,A01
201900025824,3,7,,0,2,4,23,B01
201900025825,3,1,,0,2,1,9,B01
201900025825,0,3,,0,2,2,0,A01
201900025826,0,7,,12,2,2,15,B01
201900025826,2,33,,0,2,1,1,A01
201900025827,2,15,,1,2,8,24,B01
201900025827,2,7,,1,1,4,20,A01
201900025828,1,7,,0,1,2,1,A01
201900025829,2,7,,0,5,1,1,A01
201900025830,2,7,,0,2,3,23,C01
201900025830,1,7,,0,2,2,19,A01
201900025830,2,7,,0,2,1,1,B01
201900025831,1,10,,0,0,8,24,C01
201900025831,1,7,,0,0,6,24,B01
201900025831,1,7,,1,0,2,1,A01
201900025832,1,7,,7,0,0,1,A01
201900025833,1,7,,13,0,2,1,A01
201900025834,3,7,,0,1,2,21,A01
201900025835,2,7,,8,0,1,1,A01
201900025836,1,3,,6,0,1,0,A01
201900025837,0,7,,0,2,3,23,C01
201900025837,2,7,,0,2,1,1,B01
201900025837,1,7,,0,2,2,11,A01
201900025838,0,7,,0,0,0,1,A01
201900025839,2,2,,0,0,9,1,A01
201900025840,1,7,,15,0,3,13,A01
201900025841,3,7,,15,0,1,13,A01
201900025842,1,7,,2,0,3,1,A01
201900025843,2,10,,13,0,8,13,A01
201900025844,2,7,,0,0,9,1,A01
201900025845,1,7,,3,2,2,1,B01
201900025845,1,7,,3,2,8,13,A01
201900025846,3,7,,0,1,1,16,A01
201900025847,1,7,,0,2,1,1,B01
201900025847,2,7,,0,0,2,1,A01
201900025848,1,1,,0,2,1,2,A01
201900025848,1,1,,0,5,1,2,B01
201900025849,2,7,,13,2,8,1,D01
201900025849,1,7,,0,2,1,17,C01
201900025849,1,7,,0,2,6,1,B01
201900025849,1,7,,0,0,0,23,A01
201900025850,3,7,,0,1,6,20,A01
201900025851,2,7,,0,2,3,15,B01
201900025851,2,2,,0,2,1,1,A01
201900025852,2,7,,8,0,1,2,A01
201900025853,2,7,,0,2,1,1,B01
201900025853,1,33,,0,2,1,13,A01
201900025854,2,7,,0,9,1,1,A01
201900025855,2,33,,14,0,1,1,A01
201900025856,1,7,,0,2,4,2,B01
201900025856,1,10,,0,2,1,2,A01
201900025857,3,7,,0,0,1,2,B01
201900025857,3,7,,0,0,4,2,A01
201900025858,1,33,,5,9,1,1,A01
201900025859,1,7,,0,2,6,0,B01
201900025859,1,7,,0,2,2,3,A01
201900025860,2,7,,4,0,3,2,B01
201900025860,2,7,,4,0,3,1,A01
201900025861,1,7,,2,0,3,1,A01
201900025862,2,7,,0,2,3,1,B01
201900025862,1,7,,0,2,1,13,A01
201900025863,3,33,,0,2,0,1,B01
201900025863,3,7,,0,2,3,15,A01
201900025864,2,31,,0,2,1,1,B01
201900025864,1,7,,0,2,2,15,A01
201900025865,1,7,,2,0,2,14,A01
201900025866,0,32,,0,2,1,1,A01
201900025866,0,7,,0,0,3,16,B01
201900025867,0,7,,0,2,7,15,A01
201900025867,0,32,,0,2,1,1,B01
201900025868,2,7,,0,2,1,19,A01
201900025868,2,7,,0,0,2,1,B01
201900025869,1,7,,0,0,3,1,A01
201900025869,2,7,,0,0,3,0,B01
201900025870,2,7,,0,1,3,1,A01
201900025871,0,7,,12,0,1,16,A01
201900025872,1,7,,0,2,1,1,D01
201900025872,1,7,,0,2,3,1,C01
201900025872,1,7,,0,2,3,1,B01
201900025872,2,7,,2,2,1,1,A01
201900025873,1,7,,2,0,8,1,A01
201900025874,2,7,,0,2,1,1,B01
201900025874,1,7,,0,2,8,19,A01
201900025875,2,7,,0,2,1,13,B01
201900025875,1,7,,0,2,1,1,A01
201900025876,0,7,,0,0,0,1,A01
201900025877,2,7,,3,0,1,0,A01
201900025878,2,7,,3,2,1,1,B01
201900025878,2,7,,0,2,4,1,A01
201900025879,1,7,,0,2,7,12,A01
201900025879,1,32,,0,2,8,3,B01
201900025880,1,7,,0,2,4,2,C01
201900025880,1,7,,0,2,4,2,B01
201900025880,2,7,,0,2,1,2,A01
201900025881,2,43,,0,2,2,3,A01
201900025881,2,7,,0,2,6,1,B01
201900025882,2,7,,0,2,8,1,B01
201900025882,2,7,,4,2,2,12,A01
201900025883,1,7,,13,0,2,0,A01
201900025884,2,7,,0,2,4,1,E01
201900025884,2,7,,0,2,4,1,D01
201900025884,2,7,,0,2,7,1,C01
201900025884,2,33,,0,2,1,1,B01
201900025884,2,7,,0,2,3,13,A01
201900025885,1,7,,0,2,5,2,B01
201900025885,1,7,,0,2,1,2,A01
201900025886,1,33,,0,0,3,2,A01
201900025886,1,7,,0,0,5,2,B01
201900025887,1,33,,0,2,1,3,A01
201900025887,1,7,,0,2,5,1,B01
201900025888,2,7,,0,2,6,12,A01
201900025888,1,33,,0,2,1,1,B01
201900025889,2,33,,0,0,9,21,A01
201900025890,1,33,,0,2,1,1,A01
201900025890,1,7,,0,2,4,2,B01
201900025891,1,7,,3,2,1,1,A01
201900025891,1,7,,0,2,4,1,B01
201900025891,1,7,,0,2,1,1,C01
201900025892,2,7,,4,2,6,2,A01
201900025892,2,14,,0,2,2,1,B01
201900025893,2,7,,0,1,2,9,A01
201900025894,2,7,,4,0,6,21,A01
201900025895,2,7,,4,2,1,1,A01
201900025895,2,14,,0,2,6,1,B01
201900025896,2,7,,0,2,8,23,A01
201900025896,2,1,,1,0,1,1,B01
201900025897,2,2,,0,2,1,0,B01
201900025897,2,7,,0,2,2,1,A01
201900025898,1,42,,0,1,3,26,A01
201900025899,1,2,,0,2,8,1,B01
201900025899,1,7,,0,2,2,14,A01
201900025900,2,3,,0,1,2,26,A01
201900025901,1,33,,0,1,1,17,A01
201900025902,1,7,,0,1,3,1,A01
201900025903,1,32,,0,2,1,0,A01
201900025903,1,7,,0,2,4,1,B01
201900025904,3,7,,0,2,1,1,B01
201900025904,3,7,,0,2,1,13,A01
201900025905,1,7,,0,2,2,15,A01
201900025905,1,32,,0,2,1,1,B01
201900025906,3,7,,1,0,0,0,F01
201900025906,3,7,,1,0,0,0,E01
201900025906,3,7,,1,0,0,0,D01
201900025906,3,7,,1,0,0,0,C01
201900025906,3,7,,1,0,0,0,B01
201900025906,3,7,,1,0,2,12,A01
201900025907,3,30,,0,2,6,1,B01
201900025907,3,7,,0,2,2,1,A01
201900025908,2,7,,0,2,8,20,A01
201900025908,2,2,,1,2,1,1,B01
201900025909,3,7,,6,0,1,0,A01
201900025910,1,33,,0,2,8,2,B01
201900025910,2,3,,0,2,3,15,A01
201900025911,1,7,,0,2,4,1,C01
201900025911,1,7,,0,2,6,1,B01
201900025911,1,7,,0,2,1,1,A01
201900025912,3,7,,4,0,3,1,A01
201900025913,1,7,,6,0,3,26,A01
201900025914,1,7,,0,2,4,23,B01
201900025914,1,2,,0,2,1,1,A01
201900025915,1,7,,0,2,5,21,B01
201900025915,1,32,,0,2,1,13,A01
201900025916,3,7,,0,1,3,21,A01
201900025917,3,7,,1,2,8,17,B01
201900025917,3,33,,0,2,1,17,A01
201900025918,3,7,,0,1,1,1,A01
201900025919,0,10,,0,1,2,1,A01
201900025920,3,7,,0,1,2,20,A01
201900025921,2,7,,0,2,8,13,A01
201900025921,1,7,,0,2,8,1,B01
201900025922,1,30,,0,0,1,1,A01
201900025923,1,33,,0,2,7,1,B01
201900025923,2,7,,0,2,1,20,A01
201900025924,1,10,,0,1,1,1,A01
201900025925,3,7,,0,2,1,13,A01
201900025925,3,10,,0,2,3,1,B01
201900025926,1,31,,0,2,0,21,A01
201900025926,1,7,,1,0,0,9,B01
201900025927,2,7,,0,2,4,17,A01
201900025927,2,33,,0,2,1,17,B01
201900025928,1,31,,0,1,1,26,A01
201900025929,1,10,,0,0,4,2,B01
201900025929,1,10,,0,0,0,0,A01
201900025930,2,7,,0,0,4,0,B01
201900025930,2,7,,0,2,1,23,A01
201900025931,2,7,,1,0,7,1,A01
201900025932,1,33,,14,0,8,2,A01
201900025933,1,7,,1,1,3,1,A01
201900025934,2,32,,0,1,8,1,A01
201900025934,1,7,,0,1,3,5,B01
201900025935,3,7,,0,1,2,19,A01
201900025936,1,7,,0,2,1,15,A01
201900025936,2,1,,0,2,1,1,B01
201900025937,1,31,,10,0,3,13,A01
201900025938,2,7,,0,6,1,21,A01
201900025939,1,7,,0,2,1,21,A01
201900025939,1,7,,0,2,4,1,B01
201900025939,1,7,,0,2,6,1,C01
201900025939,1,7,,0,2,4,1,D01
201900025939,1,7,,0,2,4,1,E01
201900025940,2,7,,3,0,0,1,A01
201900025941,3,7,,0,2,2,15,A01
201900025941,3,30,,0,2,1,1,B01
201900025942,0,7,,0,2,1,1,B01
201900025942,0,7,,0,2,1,1,A01
201900025943,2,7,,0,1,5,1,A01