Num_Acc,senc,catv,occutc,obs,obsm,choc,manv,num_veh
201900025944,3,33,,1,2,1,3,B01
201900025944,3,7,,0,2,2,9,A01
201900025945,2,7,,0,2,1,17,A01
201900025945,2,7,,0,2,4,15,B01
201900025946,1,33,,0,2,1,9,A01
201900025946,1,7,,0,9,8,1,B01
201900025947,2,20,,3,0,2,1,A01
201900025948,1,7,,0,1,2,1,A01
201900025949,1,7,,0,1,1,14,A01
201900025950,2,7,,0,0,3,9,A01
201900025950,1,33,,0,2,1,1,B01
201900025950,1,33,,0,2,1,2,C01
201900025951,1,7,,2,0,8,14,A01
201900025952,1,7,,3,2,1,1,B01
201900025952,1,7,,3,2,0,17,A01
201900025953,1,7,,13,0,3,1,A01
201900025954,1,37,1.0,0,2,8,1,B01
201900025954,1,33,,0,2,7,17,A01
201900025955,3,7,,2,0,3,16,A01
201900025956,3,33,,0,0,8,1,A01
201900025957,1,33,,0,2,3,1,B01
201900025957,1,7,,0,2,2,15,A01
201900025958,3,36,,0,2,3,1,A01
201900025958,1,7,,0,2,3,1,B01
201900025959,2,7,,0,2,1,1,B01
201900025959,1,7,,0,2,8,19,A01
201900025960,0,7,,7,0,1,1,A01
201900025961,1,7,,0,1,3,1,A01
201900025962,1,7,,0,0,8,15,B01
201900025962,2,2,,0,2,1,1,A01
201900025963,1,7,,0,2,2,1,A01
201900025963,2,2,,0,2,1,16,B01
201900025964,2,7,,0,2,1,1,B01
201900025964,1,7,,0,2,1,5,A01
201900025965,1,7,,0,2,1,1,B01
201900025965,1,7,,0,2,1,5,A01
201900025966,1,7,,0,2,2,12,A01
201900025966,1,33,,0,2,8,1,B01
201900025967,3,7,,0,1,2,1,A01
201900025968,2,31,,0,0,0,1,A01
201900025969,2,7,,0,2,6,11,A01
201900025969,2,32,,0,0,7,1,B01
201900025970,1,2,,0,2,3,1,A01
201900025971,1,7,,0,2,1,1,B01
201900025971,2,15,,3,2,1,1,A01
201900025972,2,17,,0,0,4,1,B01
201900025972,2,10,,0,2,1,2,A01
201900025973,2,30,,0,2,1,1,A01
201900025973,1,10,,0,2,1,15,B01
201900025974,2,7,,0,1,2,1,A01
201900025975,2,7,,0,2,3,26,A01
201900025975,1,7,,0,2,2,21,B01
201900025975,2,7,,0,2,3,1,C01
201900025975,1,7,,0,2,2,1,D01
201900025976,2,7,,0,2,8,19,A01
201900025976,3,7,,0,2,1,1,B01
201900025977,3,7,,0,2,3,1,A01
201900025977,3,7,,0,2,1,15,B01
201900025978,2,7,,0,2,1,1,C01
201900025978,1,7,,0,2,1,1,B01
201900025978,2,7,,0,2,1,1,A01
201900025979,1,7,,4,0,7,14,A01
201900025980,0,7,,0,2,1,19,A01
201900025980,3,7,,0,2,1,1,B01
201900025981,1,7,,0,1,2,15,A01
201900025982,1,7,,0,1,3,1,A01
201900025983,2,7,,0,2,3,15,A01
201900025983,1,7,,0,2,3,1,B01
201900025984,3,7,,2,2,9,6,A01
201900025985,3,7,,15,0,1,1,A01
201900025986,1,7,,8,0,7,1,A01
201900025987,2,7,,0,2,7,14,A01
201900025987,2,33,,0,2,1,3,B01
201900025988,1,7,,0,2,5,1,C01
201900025988,1,33,,0,2,8,3,B01
201900025988,1,7,,0,2,2,12,A01
201900025989,1,7,,0,2,3,0,A01
201900025990,2,7,,0,2,4,2,D01
201900025990,2,7,,0,2,6,2,C01
201900025990,2,7,,0,2,4,2,B01
201900025990,2,7,,0,2,1,2,A01
201900025991,2,33,,0,2,1,2,B01
201900025991,2,33,,0,2,4,1,A01
201900025992,2,7,,0,2,1,2,A01
201900025992,2,7,,0,2,4,2,B01
201900025993,1,33,,4,0,1,12,A01
201900025994,3,7,,8,2,5,19,A01
201900025994,3,7,,0,2,1,1,B01
201900025995,2,7,,0,2,3,23,C01
201900025995,2,7,,0,2,5,23,B01
201900025995,2,7,,0,2,3,21,A01
201900025996,2,7,,0,2,1,1,A01
201900025996,2,7,,0,2,4,1,B01
201900025996,2,7,,0,2,4,1,C01
201900025996,2,7,,0,2,4,1,D01
201900025996,2,7,,0,2,4,1,E01
201900025997,1,7,,4,0,1,2,A01
201900025998,3,33,,0,2,0,9,B01
201900025998,3,7,,9,0,3,9,A01
201900025999,1,15,,4,2,3,1,A01
201900025999,1,7,,4,2,2,12,B01
201900026000,1,33,,0,0,9,1,A01
201900026001,2,33,,3,0,7,1,A01
201900026002,2,7,,4,2,3,13,A01
201900026002,2,7,,0,2,8,9,B01
201900026003,1,7,,4,0,8,13,A01
201900026004,2,7,,0,2,5,1,B01
201900026004,2,33,,0,2,3,14,A01
201900026005,2,7,,0,2,1,1,B01
201900026005,1,7,,0,2,1,19,A01
201900026006,1,1,,0,2,2,1,B01
201900026006,1,7,,0,2,0,19,A01
201900026007,3,7,,0,1,4,23,B01
201900026007,0,7,,0,2,1,2,A01
201900026008,1,33,,0,2,1,1,B01
201900026008,1,7,,0,2,7,1,A01
201900026009,1,33,,8,0,1,1,A01
201900026010,3,7,,0,2,1,2,A01
201900026010,3,7,,0,2,1,2,B01
201900026010,3,7,,0,2,4,2,C01
201900026011,1,10,,0,2,3,9,A01
201900026011,1,2,,0,2,2,16,B01
201900026012,2,7,,0,1,1,1,A01
201900026013,1,7,,0,2,4,2,C01
201900026013,1,7,,0,2,4,2,B01
201900026013,1,7,,0,2,1,2,A01
201900026014,3,7,,15,1,3,1,A01
201900026015,2,7,,0,1,1,1,A01
201900026016,1,7,,0,1,1,1,A01
201900026017,2,7,,1,2,4,2,B01
201900026017,2,7,,1,2,1,17,A01
201900026018,1,7,,0,2,8,15,C01
201900026018,2,7,,0,2,1,1,B01
201900026018,1,7,,0,2,1,15,A01
201900026019,1,7,,0,1,1,15,A01
201900026020,3,10,,0,2,6,19,A01
201900026020,3,10,,0,2,2,1,B01
201900026021,2,43,,0,1,1,3,A01
201900026022,0,7,,1,0,0,1,A01
201900026023,2,7,,0,2,1,1,B01
201900026023,3,7,,0,2,3,1,C01
201900026023,3,7,,0,2,1,19,A01
201900026024,3,7,,6,0,1,1,A01
201900026025,2,7,,0,1,6,4,A01
201900026026,0,30,,0,2,1,1,B01
201900026026,0,7,,0,2,2,17,A01
201900026027,0,7,,15,0,1,1,A01
201900026028,1,33,,2,2,1,1,B01
201900026028,3,7,,0,2,7,15,A01
201900026029,3,30,,0,0,0,26,A01
201900026030,2,7,,0,1,3,1,A01
201900026031,1,7,,0,2,1,2,B01
201900026031,2,7,,0,2,1,13,A01
201900026032,3,7,,0,1,2,21,A01
201900026033,1,7,,0,2,1,17,A01
201900026034,2,7,,0,1,2,19,A01
201900026035,2,7,,6,0,1,1,A01
201900026036,2,33,,0,2,7,2,B01
201900026036,2,7,,0,2,8,10,A01
201900026037,2,7,,0,2,3,1,B01
201900026037,2,7,,0,2,1,1,A01
201900026038,2,7,,0,1,3,1,A01
201900026039,1,7,,0,2,1,1,C01
201900026039,1,7,,0,2,1,1,B01
201900026039,2,7,,0,2,7,15,A01
201900026040,1,1,,0,1,1,14,Z01
201900026041,1,7,,0,2,3,15,A01
201900026041,2,2,,0,2,3,1,B01
201900026042,1,7,,0,1,2,1,A01
201900026043,1,7,,0,2,1,9,A01
201900026043,1,1,,0,2,4,1,B01
201900026044,2,2,,0,1,1,15,A01
201900026045,2,1,,0,2,1,1,B01
201900026045,1,7,,0,2,2,16,A01
201900026046,2,7,,2,0,1,1,A01
201900026047,1,2,,1,0,2,14,A01
201900026048,2,7,,2,0,3,13,A01
201900026049,1,7,,0,2,1,1,A01
201900026049,1,10,,0,2,8,1,B01
201900026050,1,7,,0,1,3,1,A01
201900026051,2,3,,0,1,2,26,A01
201900026052,1,14,,0,1,2,1,A01
201900026053,2,7,,0,2,4,1,B01
201900026053,2,7,,0,2,1,2,A01
201900026054,1,1,,0,1,1,25,A01
201900026055,3,1,,0,2,1,19,A01
201900026055,0,7,,0,2,2,15,B01
201900026056,2,37,1.0,0,1,2,15,A01
201900026057,2,7,,0,1,1,1,A01
201900026058,3,7,,0,2,1,2,A01
201900026058,0,7,,0,2,4,23,B01
201900026059,0,7,,0,2,1,2,A01
201900026059,0,7,,0,2,4,2,B01
201900026060,1,7,,0,6,1,26,A01
201900026060,1,1,,0,2,1,26,B01
201900026061,3,7,,0,1,4,26,A01
201900026062,1,7,,0,2,1,15,A01
201900026062,2,7,,0,2,8,1,B01
201900026063,1,7,,3,0,1,1,A01
201900026064,1,7,,3,0,1,1,A01
201900026065,1,80,,0,2,7,1,B01
201900026065,1,7,,0,2,8,9,A01
201900026066,1,1,,0,2,7,1,B01
201900026066,1,7,,0,2,1,1,A01
201900026067,2,7,,0,1,2,14,A01
201900026068,1,7,,8,2,1,2,A01
201900026068,2,7,,0,2,7,2,B01
201900026069,1,7,,0,2,4,1,B01
201900026069,1,7,,0,2,1,2,A01
201900026070,1,7,,4,0,1,2,A01
201900026071,3,10,,0,1,2,9,A01
201900026072,3,7,,0,1,1,26,A01
201900026073,0,2,,1,0,1,26,A01
201900026074,0,7,,0,1,3,9,A01
201900026075,3,10,,0,2,0,1,A01
201900026076,3,10,,0,1,2,26,A01
201900026077,0,30,,0,2,1,1,B01
201900026077,0,7,,0,2,6,1,A01
201900026078,0,7,,0,2,3,15,A01
201900026078,0,31,,0,2,7,1,B01
201900026078,0,7,,0,2,8,15,C01
201900026079,0,7,,0,2,1,15,A01
201900026079,0,31,,0,2,1,0,B01
201900026080,0,31,,0,2,1,1,A01
201900026080,0,7,,0,2,2,1,B01
201900026081,0,7,,0,2,2,1,B01
201900026081,1,7,,0,2,1,9,A01
201900026082,2,7,,0,2,3,1,B01
201900026082,1,7,,0,2,3,1,A01
201900026083,0,7,,0,2,9,9,A01
201900026083,0,13,,0,2,8,1,B01
201900026083,0,7,,0,2,7,1,C01
201900026084,0,14,,0,2,3,1,A01
201900026084,0,10,,0,2,4,1,B01
201900026085,0,7,,0,0,0,0,A01
201900026086,3,7,,0,2,3,1,B01
201900026086,3,7,,0,2,7,19,A01
201900026087,2,31,,0,2,3,1,B01
201900026087,1,7,,0,2,1,1,A01
201900026088,2,7,,1,2,5,15,A01
201900026088,1,1,,0,2,1,1,B01
201900026089,1,33,,1,0,1,2,A01
201900026090,1,7,,0,2,0,1,A01
201900026090,3,1,,0,2,4,19,B01
201900026091,1,7,,2,0,9,12,A01
201900026092,3,7,,0,2,7,1,A01
201900026092,3,1,,0,2,1,1,B01
201900026093,1,1,,0,2,3,1,B01
201900026093,1,7,,0,2,5,16,A01
201900026094,1,7,,0,0,0,0,Z01
201900026094,1,7,,0,2,0,26,A01
201900026095,1,7,,0,2,7,15,A01
201900026095,1,7,,0,2,2,1,B01
201900026096,3,7,,0,2,1,1,A01
201900026096,3,7,,0,2,4,1,B01
201900026097,3,7,,0,2,1,2,A01
201900026097,3,7,,0,2,4,23,B01
201900026098,2,10,,0,1,1,9,A01
201900026099,2,7,,2,0,1,1,A01
201900026100,2,7,,0,2,3,15,A01
201900026100,2,33,,0,2,2,1,B01
201900026101,1,7,,0,2,2,2,A01
201900026101,1,7,,0,2,4,2,B01
201900026101,1,7,,0,2,4,2,C01
201900026101,1,7,,0,2,4,2,D01
201900026101,1,7,,0,2,0,14,Z01
201900026102,1,7,,0,2,4,2,B01
201900026102,1,7,,0,2,1,2,A01
201900026103,1,33,,0,2,1,2,A01
201900026103,1,7,,0,2,5,2,Z01
201900026104,2,37,1.0,0,1,2,7,A01
201900026105,1,30,,0,0,6,21,A01
201900026106,1,7,,0,2,1,2,A01
201900026106,1,7,,0,2,4,2,B01
201900026107,3,30,,0,2,3,15,A01
201900026107,3,7,,0,2,2,1,B01
201900026108,2,7,,0,2,0,9,A01
201900026108,2,33,,0,2,0,0,B01
201900026109,2,31,,0,2,1,2,A01
201900026109,2,7,,0,2,4,2,B01
201900026110,1,7,,0,2,2,1,A01
201900026110,1,7,,11,0,4,1,B01
201900026111,2,13,,0,2,3,26,A01
201900026111,2,7,,0,2,2,12,B01
201900026112,2,7,,0,2,5,15,A01
201900026112,1,7,,0,2,0,1,Z01
201900026113,3,7,,0,2,1,1,A01
201900026113,1,7,,0,0,4,0,C01
201900026113,1,7,,0,2,4,0,B01
201900026114,2,1,,0,2,5,26,B01
201900026114,2,7,,0,2,3,9,A01
201900026115,1,7,,4,0,7,14,A01
201900026116,1,7,,0,2,1,14,A01
201900026116,1,7,,13,2,4,1,B01
201900026117,1,7,,1,0,1,14,A01
201900026118,1,7,,0,2,1,1,A01
201900026118,1,7,,0,2,4,1,B01
201900026119,2,7,,0,1,1,1,A01
201900026120,2,30,,15,0,1,14,A01
201900026121,2,7,,0,1,5,4,A01
201900026122,1,7,,0,1,2,21,A01
201900026123,1,1,,0,2,8,19,B01
201900026123,1,34,,0,0,0,0,Z01
201900026124,2,7,,0,2,3,16,B01
201900026124,2,7,,0,2,1,1,A01
201900026125,2,34,,1,2,2,1,B01
201900026125,2,7,,0,2,1,19,A01
201900026126,2,2,,0,2,1,1,B01
201900026126,1,7,,0,2,3,15,A01
201900026127,1,7,,0,2,1,1,Z01
201900026127,1,2,,0,2,3,19,A01
201900026128,2,7,,0,1,1,16,A01
201900026129,1,1,,0,2,1,1,A01
201900026129,1,7,,0,2,3,1,B01
201900026130,1,34,,0,1,1,21,A01
201900026131,3,7,,0,1,7,1,A01
201900026132,1,7,,0,2,3,15,B01
201900026132,1,32,,0,2,1,17,A01
201900026133,1,7,,0,1,1,1,A01
201900026134,2,32,,0,2,1,1,A01
201900026134,2,7,,0,2,3,1,B01
201900026135,3,7,,0,2,8,15,B01
201900026135,3,7,,0,2,1,1,A01
201900026136,1,7,,0,1,8,1,A01
201900026137,1,32,,0,0,8,13,A01
201900026138,3,7,,0,2,3,15,B01
201900026138,1,7,,0,2,1,1,A01
201900026139,1,30,,0,1,1,1,A01
201900026140,2,7,,0,1,2,1,A01
201900026141,1,7,,0,2,1,6,A01
201900026141,2,7,,0,2,1,23,C01
201900026141,2,7,,0,2,1,23,B01
201900026142,1,7,,0,2,1,2,RC01
201900026142,1,7,,0,2,1,2,B01
201900026142,1,7,,0,2,3,2,A01
201900026143,3,7,,1,6,8,22,B01
201900026143,2,1,,1,2,3,0,A01
201900026144,0,7,,-1,-1,-1,0,A01
201900026145,1,7,,0,2,7,16,A01
201900026145,2,7,,0,2,1,1,B01
201900026146,2,7,,0,2,1,5,A01
201900026146,1,7,,0,2,1,1,B01
201900026147,3,7,,13,0,8,1,A01
201900026148,0,7,,2,2,1,17,A01
201900026148,0,7,,0,2,3,1,B01
201900026149,3,15,,0,2,6,1,A01
201900026149,3,7,,0,2,3,1,B01
201900026150,2,7,,0,0,1,17,A01
201900026150,1,7,,0,0,1,1,B01
201900026151,2,10,,0,2,3,13,A01
201900026151,1,7,,0,2,6,1,B01
201900026152,2,33,,0,2,8,1,B01
201900026152,1,7,,0,2,3,13,A01
201900026153,1,7,,0,2,1,11,A01
201900026153,2,7,,0,2,3,1,B01
201900026153,2,7,,0,2,8,1,C01
201900026154,3,80,,0,0,0,1,A01
201900026155,1,7,,0,2,3,1,B01
201900026155,2,7,,0,2,3,3,A01
201900026156,1,7,,0,2,1,26,B01
201900026156,1,7,,0,2,3,15,A01
201900026157,1,7,,0,2,1,1,C01
201900026157,2,7,,0,2,4,15,B01
201900026157,2,7,,0,2,1,0,A01
201900026158,1,7,,16,0,9,15,A01
201900026159,3,7,,0,1,1,1,A01
201900026160,1,10,,0,2,5,1,B01
201900026160,1,7,,0,2,3,15,A01
201900026161,2,7,,0,2,3,1,B01
201900026161,1,7,,0,2,2,13,A01
201900026162,1,7,,0,2,2,13,A01
201900026162,2,7,,0,2,3,1,B01
201900026163,3,7,,0,1,1,1,A01
201900026164,2,7,,2,0,2,14,A01
201900026165,1,1,,0,2,2,0,B01
201900026165,2,10,,0,9,2,1,A01
201900026166,1,7,,13,0,1,14,A01
201900026167,2,7,,1,0,3,14,A01
201900026168,1,7,,0,0,6,2,A01
201900026168,1,31,,0,0,1,2,B01
201900026169,1,7,,2,0,3,1,A01
201900026170,1,7,,2,0,7,13,A01
201900026171,1,7,,2,0,2,2,A01
201900026172,3,2,,0,2,2,18,A01
201900026172,3,7,,0,2,3,16,B01
201900026173,1,7,,0,2,6,1,A01
201900026173,1,7,,0,2,2,12,B01
201900026174,2,7,,0,1,3,21,A01
201900026175,2,7,,0,2,6,1,A01
201900026175,2,7,,0,2,7,12,B01
201900026175,2,7,,0,2,1,1,C01
201900026176,1,7,,0,2,1,1,B01
201900026176,1,7,,0,2,4,23,A01
201900026177,1,7,,0,2,4,1,A01
201900026177,1,7,,0,2,1,2,B01
201900026178,2,7,,0,2,4,1,A01
201900026178,2,7,,0,2,1,2,B01
201900026179,1,7,,12,0,5,1,A01
201900026180,2,7,,3,0,9,0,A01
201900026181,2,10,,0,2,3,1,B01
201900026181,2,7,,4,2,3,13,A01
201900026182,1,7,,3,0,1,14,A01
201900026183,2,10,,4,0,1,0,A01
201900026184,2,7,,0,2,9,1,B01
201900026184,2,7,,0,2,1,1,C01
201900026184,2,7,,0,2,9,2,A01
201900026185,1,7,,0,2,1,2,A01
201900026185,1,7,,0,2,4,2,C01
201900026185,1,7,,0,2,1,2,B01
201900026186,1,7,,14,0,6,23,A01
201900026186,1,7,,0,2,1,2,B01
201900026187,2,7,,4,0,2,2,A01
201900026188,1,7,,4,0,0,26,A01
201900026189,3,7,,0,2,1,2,B01
201900026189,3,7,,0,2,3,9,A01
201900026190,1,30,,0,1,8,17,A01
201900026191,3,1,,0,2,4,1,B01
201900026191,3,7,,0,2,2,2,A01
201900026192,2,7,,0,2,4,1,B01
201900026192,2,7,,0,2,1,1,A01
201900026193,3,7,,0,1,1,1,A01
201900026194,3,7,,0,2,3,24,A01
201900026194,3,7,,0,2,2,1,B01
201900026195,1,7,,0,0,7,12,A01
201900026196,3,7,,0,2,1,15,A01
201900026196,1,30,,0,2,8,1,B01
201900026197,1,3,,14,2,8,15,B01
201900026197,1,32,,9,2,8,1,A01
201900026198,2,7,,0,2,1,21,A01
201900026198,1,33,,0,2,1,26,B01
201900026199,2,2,,0,2,1,1,B01
201900026199,1,7,,0,2,8,15,A01
201900026200,2,7,,14,2,6,9,A01
201900026200,1,30,,5,2,6,9,B01
201900026201,1,30,,0,1,0,19,A01
201900026202,1,34,,0,0,0,16,A01
201900026203,2,7,,0,2,1,17,B01
201900026203,2,30,,0,2,4,17,A01
201900026204,1,7,,0,2,5,1,B01
201900026204,1,7,,0,2,5,1,T01
201900026204,1,30,,0,2,3,13,A01
201900026205,1,7,,16,0,1,13,A01
201900026206,1,7,,0,2,1,26,A01
201900026206,1,7,,13,2,4,16,B01
201900026207,2,10,,0,2,2,15,A01
201900026207,1,2,,0,2,7,17,B01
201900026208,1,7,,0,1,1,1,A01
201900026209,0,14,,0,2,8,15,B01
201900026209,1,7,,0,2,1,16,A01
201900026210,1,7,,0,2,1,15,B01
201900026210,1,32,,0,2,1,1,A01
201900026211,1,1,,0,2,8,19,B01
201900026211,1,7,,0,2,1,1,A01
201900026212,1,32,,0,0,6,26,A01
201900026213,3,7,,0,2,4,23,B01
201900026213,3,7,,0,2,0,0,A01
201900026214,2,7,,0,2,4,26,B01
201900026214,2,7,,0,2,1,1,A01
201900026215,3,7,,0,1,0,26,A01
201900026216,2,7,,0,2,2,16,B01
201900026216,2,33,,0,2,8,9,A01
201900026217,1,7,,0,1,1,1,A01
201900026218,3,7,,0,2,3,15,A01
201900026218,3,7,,0,2,3,2,B01
201900026219,1,7,,0,1,7,1,A01
201900026220,1,7,,0,1,1,1,A01
201900026221,1,7,,0,2,1,26,A01
201900026221,1,10,,0,2,5,26,B01
201900026222,1,7,,0,2,2,15,A01
201900026222,1,7,,0,2,3,1,B01
201900026223,2,7,,4,0,1,1,A01
201900026224,1,7,,0,1,4,20,A01
201900026225,1,7,,0,1,2,1,A01
201900026226,3,7,,0,2,4,24,B01
201900026226,3,7,,0,2,1,15,A01
201900026227,1,7,,0,2,3,1,B01
201900026227,1,7,,1,2,2,9,A01
201900026228,3,38,1.0,0,1,2,16,A01
201900026229,2,7,,0,1,1,19,A01
201900026230,3,7,,0,2,1,1,A01
201900026230,3,7,,0,0,4,1,B01
201900026231,3,7,,0,1,1,16,A01
201900026232,2,7,,0,1,1,26,A01
201900026233,3,1,,0,1,1,2,A01
201900026234,1,7,,0,2,1,15,A01
201900026234,2,7,,0,2,2,1,B01
201900026235,3,10,,0,2,1,1,B01
201900026235,3,10,,0,2,4,2,C01
201900026235,3,10,,0,2,1,1,Z01
201900026236,2,7,,0,1,3,26,A01
201900026237,1,7,,0,2,4,1,B01
201900026237,1,7,,0,2,1,1,A01
201900026238,3,10,,0,2,1,26,B01
201900026238,3,10,,0,2,7,15,A01
201900026239,3,7,,0,2,8,1,A01
201900026239,3,1,,0,2,5,1,B01
201900026240,0,7,,0,2,5,15,B01
201900026240,0,7,,0,2,2,1,A01
201900026241,2,7,,5,0,9,13,A01
201900026242,3,7,,0,2,1,2,B01
201900026242,3,7,,0,2,1,13,A01
201900026243,1,7,,0,1,2,19,A01
201900026244,2,7,,0,2,3,1,B01
201900026244,1,7,,0,2,3,15,A01
201900026245,2,32,,10,0,0,1,A01
201900026246,1,7,,0,1,2,1,A01
201900026247,3,7,,0,1,4,20,A01
201900026248,2,30,,0,2,1,1,B01
201900026248,2,31,,0,2,1,1,C01
201900026248,1,7,,0,2,8,19,A01
201900026249,0,7,,0,1,1,2,A01
201900026250,1,7,,0,2,5,9,C01
201900026250,1,33,,0,2,1,17,B01
201900026251,2,7,,0,2,1,21,B01
201900026251,1,7,,0,2,1,13,A01
201900026252,0,7,,0,2,1,1,A01
201900026252,0,10,,0,2,3,9,A01
201900026253,0,7,,0,2,3,1,C01
201900026253,0,7,,0,2,7,1,A01
201900026254,1,10,,0,1,2,1,A01
201900026255,2,7,,0,2,1,17,B01
201900026255,2,7,,0,2,5,11,A01
201900026256,1,7,,2,0,7,14,A01
201900026257,2,7,,0,1,3,21,A01
201900026258,3,7,,0,1,2,17,A01
201900026259,2,7,,0,2,3,1,B01
201900026259,1,7,,0,2,3,13,A01
201900026260,0,10,,0,1,4,20,A01
201900026261,1,7,,9,0,3,13,A01
201900026262,2,30,,1,0,1,1,A01
201900026263,0,7,,0,2,1,9,A01
201900026263,0,7,,0,2,2,1,B01
201900026264,0,7,,0,1,3,1,A01
201900026265,3,38,1.0,0,1,2,1,A01
201900026266,2,2,,0,1,1,1,B01
201900026266,2,7,,0,2,3,20,A01
201900026267,2,7,,0,2,2,20,A01
201900026267,2,7,,0,2,3,1,B01
201900026268,2,7,,0,2,7,17,Z01
201900026268,2,2,,0,2,8,1,A01
201900026269,1,7,,0,1,3,1,A01
201900026270,3,7,,0,2,9,1,B01
201900026270,2,7,,0,2,0,0,C01
201900026270,1,7,,0,2,0,0,A01
201900026271,3,7,,0,2,3,1,B01
201900026271,3,7,,0,2,2,1,A01
201900026272,3,7,,0,2,1,1,A01
201900026272,3,7,,0,2,3,23,C01
201900026272,3,7,,0,2,7,1,B01
201900026273,1,7,,0,2,4,0,B01
201900026273,0,7,,0,2,1,0,A01
201900026274,1,33,,0,2,1,0,B01
201900026274,1,7,,0,2,8,0,A01
201900026275,1,30,,0,0,0,15,A01
201900026276,0,10,,0,1,1,1,A01
201900026277,2,7,,0,1,2,1,A01
201900026278,0,10,,0,1,2,23,A01
201900026278,0,10,,0,2,1,2,B01
201900026279,0,30,,0,0,0,1,A01
201900026280,3,3,,0,2,1,26,A01
201900026280,3,1,,0,2,1,1,B01
201900026281,3,7,,0,2,1,1,B01
201900026281,3,80,,0,2,4,1,A01
201900026282,0,7,,0,1,7,1,A01
201900026283,0,7,,0,2,3,1,A01
201900026283,0,30,,0,2,1,1,B01
201900026284,2,7,,3,2,1,2,A01
201900026284,2,7,,0,0,4,1,B01
201900026284,2,7,,0,2,5,1,C01
201900026285,0,7,,0,2,6,0,B01
201900026285,0,30,,0,2,1,26,A01
201900026286,3,7,,0,2,5,1,B01
201900026286,3,1,,0,2,4,1,A01
201900026287,1,7,,0,2,1,1,C01
201900026287,1,7,,0,2,1,1,B01
201900026287,1,7,,0,2,1,1,A01
201900026288,2,80,,0,0,0,1,A01
201900026289,0,7,,0,2,2,19,A01
201900026289,0,2,,0,2,8,0,B01
201900026290,0,1,,0,1,1,0,A01
201900026291,3,33,,0,2,4,1,B01
201900026291,3,7,,0,2,3,9,A01
201900026292,1,31,,4,0,0,21,A01
201900026293,1,33,,0,0,7,2,A01
201900026294,2,2,,0,2,1,1,B01
201900026294,1,7,,0,2,1,15,A01
201900026295,3,7,,1,2,5,19,A01
201900026295,1,7,,0,2,1,1,B01
201900026296,2,7,,0,1,1,16,A01
201900026297,1,33,,0,2,7,1,A01
201900026297,1,7,,0,2,3,9,B01
201900026298,1,1,,14,0,1,1,A01
201900026299,1,7,,4,0,2,1,A01
201900026300,3,7,,0,2,1,15,A01
201900026300,3,7,,0,2,1,1,B01
201900026301,3,37,1.0,0,2,3,0,A01
201900026301,1,99,,0,2,5,1,B01
201900026302,3,30,,0,1,3,19,A01
201900026303,1,7,,0,1,2,26,A01
201900026304,3,7,,9,2,1,21,A01
201900026304,3,34,,0,2,7,21,B01
201900026305,1,1,,0,2,8,11,B01
201900026305,1,7,,0,2,2,1,A01
201900026306,0,7,,0,1,0,1,Z01
201900026307,0,1,,0,2,0,1,B01
201900026307,0,31,,0,2,7,1,A01
201900026308,1,7,,9,0,9,1,A01
201900026309,2,30,,0,2,1,5,A01
201900026309,2,7,,0,2,2,1,B01
201900026310,0,31,,0,2,1,1,A01
201900026310,0,7,,0,2,0,1,C01
201900026310,0,7,,0,2,4,1,B01
201900026311,1,7,,0,2,3,15,B01
201900026311,2,33,,0,2,1,1,A01
201900026312,2,33,,0,2,0,1,B01
201900026312,1,7,,0,2,2,16,A01
201900026313,0,31,,0,2,1,1,A01
201900026313,0,7,,0,2,1,1,B01
201900026314,1,7,,0,2,2,1,B01
201900026314,1,1,,0,2,3,13,A01
201900026315,1,7,,0,2,7,1,A01
201900026315,1,1,,0,2,8,1,B01
201900026316,0,7,,0,1,1,1,A01
201900026317,2,7,,0,2,3,1,C01
201900026317,1,7,,0,2,7,1,B01
201900026317,3,7,,0,2,1,9,A01
201900026318,1,3,,13,0,1,1,A01
201900026319,3,1,,0,2,0,0,B01
201900026319,3,7,,0,2,1,1,A01
201900026320,2,7,,0,2,4,2,C01
201900026320,2,10,,0,2,4,2,B01
201900026320,2,7,,0,2,1,2,A01
201900026321,0,20,,0,2,1,26,A01
201900026321,0,2,,0,2,8,15,B01
201900026322,1,7,,0,0,1,2,A01
201900026323,2,7,,0,2,1,2,A01
201900026323,2,7,,0,2,4,2,B01
201900026324,2,7,,0,1,1,16,A01
201900026325,0,7,,0,2,4,0,D01
201900026325,0,7,,0,0,0,0,C01
201900026325,0,7,,0,2,4,0,B01
201900026325,0,7,,0,2,1,1,A01
201900026326,0,2,,0,2,0,1,A01
201900026326,0,7,,0,2,0,0,B01
201900026327,0,7,,0,1,1,16,A01
201900026328,2,1,,0,2,1,1,B01
201900026328,1,7,,0,6,1,1,A01
201900026329,1,7,,0,2,3,15,A01
201900026329,1,34,,0,2,1,17,B01
201900026330,2,33,,0,2,7,17,B01
201900026330,2,7,,0,2,2,15,A01
201900026331,1,7,,0,2,8,0,B01
201900026331,1,7,,0,2,1,9,A01
201900026332,1,30,,0,2,0,26,A01
201900026333,1,7,,1,0,5,26,A01
201900026334,1,31,,0,2,4,2,B01
201900026334,1,7,,0,2,1,2,A01
201900026335,1,7,,0,2,1,1,A01
201900026335,1,7,,0,0,9,1,B01
201900026336,1,7,,0,2,1,1,B01
201900026336,2,37,3.0,1,0,1,13,A01
201900026337,1,31,,1,2,1,17,B01
201900026337,1,7,,0,2,3,13,A01
201900026338,0,3,,0,2,3,23,B01
201900026338,0,7,,0,2,3,16,A01