Num_Acc,senc,catv,occutc,obs,obsm,choc,manv,num_veh
201900026339,1,3,,0,2,1,1,B01
201900026339,2,7,,0,2,2,15,A01
201900026340,2,7,,0,2,7,16,Z01
201900026340,2,32,,0,2,8,1,A01
201900026341,1,37,1.0,0,1,5,1,A01
201900026342,2,7,,0,1,4,20,A01
201900026343,2,32,,0,2,8,1,B01
201900026343,1,7,,0,2,0,0,A01
201900026344,3,7,,1,2,2,13,A01
201900026344,1,7,,0,2,6,1,B01
201900026345,1,34,,0,2,0,26,A01
201900026346,1,10,,0,2,2,2,A01
201900026346,3,7,,0,2,3,19,B01
201900026347,1,10,,0,1,2,1,A01
201900026348,2,10,,0,2,3,13,A01
201900026348,1,7,,0,2,3,1,B01
201900026349,1,30,,0,2,8,2,A01
201900026349,1,7,,0,2,8,15,B01
201900026350,3,7,,0,2,2,1,B01
201900026350,3,7,,0,2,2,17,A01
201900026351,1,7,,0,1,1,15,A01
201900026352,3,7,,0,2,4,2,C01
201900026352,3,33,,0,2,4,2,B01
201900026352,3,33,,0,2,1,2,A01
201900026353,0,7,,0,1,1,15,A01
201900026354,3,99,,1,0,8,1,A01
201900026354,3,7,,0,2,8,24,B01
201900026355,3,7,,0,1,4,26,A01
201900026355,3,7,,0,2,4,2,B01
201900026355,3,7,,0,2,4,2,C01
201900026355,3,7,,0,2,1,2,D01
201900026356,2,7,,0,2,1,1,A01
201900026356,2,7,,0,2,4,23,B01
201900026356,2,7,,0,0,0,0,C01
201900026357,1,2,,0,1,1,0,A01
201900026357,1,7,,0,1,0,26,T01
201900026358,1,7,,0,2,2,1,A01
201900026358,1,3,,0,2,1,1,B01
201900026359,0,7,,0,2,3,11,A01
201900026359,0,7,,0,2,4,1,B01
201900026359,0,7,,0,2,0,0,C01
201900026359,0,33,,0,2,0,3,D01
201900026360,1,7,,16,0,3,0,A01
201900026361,3,7,,14,0,1,26,A01
201900026362,2,33,,0,2,1,1,B01
201900026362,1,7,,0,2,1,15,A01
201900026363,2,7,,12,0,7,22,B01
201900026363,2,33,,12,2,1,18,A01
201900026364,1,30,,15,0,1,14,A01
201900026365,1,7,,0,2,6,2,B01
201900026365,1,7,,0,2,2,2,A01
201900026366,3,1,,0,2,8,19,B01
201900026366,2,7,,0,2,1,1,A01
201900026367,1,33,,0,2,1,2,A01
201900026367,1,7,,0,2,6,2,B01
201900026367,1,7,,0,2,5,1,C01
201900026367,1,31,,0,2,1,3,D01
201900026367,1,2,,0,2,1,3,E01
201900026368,1,32,,0,2,4,14,Z01
201900026368,1,33,,14,2,1,1,A01
201900026369,1,7,,0,2,6,2,C01
201900026369,1,7,,0,2,4,2,B01
201900026369,1,7,,0,2,1,2,A01
201900026370,1,33,,0,2,1,3,A01
201900026370,1,7,,0,2,5,12,B01
201900026371,2,7,,0,2,8,11,A01
201900026371,2,33,,0,2,7,1,B01
201900026372,2,7,,0,2,2,12,Z01
201900026372,2,31,,0,2,8,3,A01
201900026373,2,10,,0,2,6,2,B01
201900026373,2,33,,0,2,2,2,A01
201900026374,1,7,,0,2,6,1,B01
201900026374,1,32,,0,2,1,14,A01
201900026375,2,33,,0,2,2,11,A01
201900026375,2,10,,0,2,6,1,B01
201900026376,2,33,,0,2,1,3,A01
201900026376,2,33,,0,2,4,3,B01
201900026377,1,7,,0,1,2,1,A01
201900026378,1,7,,0,2,2,12,A01
201900026378,1,43,,0,2,6,1,B01
201900026379,2,33,,0,2,3,1,B01
201900026379,2,50,,0,2,1,5,A01
201900026380,2,7,,0,2,8,16,A01
201900026380,2,1,,0,2,1,19,B01
201900026381,2,2,,0,2,8,18,B01
201900026381,2,7,,0,2,7,22,A01
201900026382,1,1,,0,2,4,2,B01
201900026382,1,7,,0,2,2,2,A01
201900026383,1,7,,1,1,7,1,A01
201900026384,1,7,,0,2,4,2,B01
201900026384,1,7,,0,2,1,2,A01
201900026385,1,40,,0,1,1,1,A01
201900026386,1,7,,0,2,3,10,A01
201900026386,1,1,,0,2,1,1,B01
201900026387,1,7,,0,1,3,1,A01
201900026388,1,7,,0,1,1,1,A01
201900026389,1,32,,0,2,5,1,A01
201900026389,1,7,,0,2,7,1,B01
201900026390,1,7,,7,0,1,13,A01
201900026391,1,7,,0,2,3,1,B01
201900026391,1,1,,0,2,3,14,A01
201900026392,2,32,,0,2,7,17,B01
201900026392,2,7,,0,2,8,22,A01
201900026393,2,10,,0,2,3,15,B01
201900026393,2,32,,0,2,2,5,A01
201900026394,2,33,,0,0,1,1,A01
201900026395,1,34,,0,1,3,1,A01
201900026396,2,7,,0,2,1,2,Z01
201900026396,2,32,,0,2,4,2,A01
201900026397,2,1,,0,0,0,1,A01
201900026398,1,30,,0,0,7,7,A01
201900026399,2,14,,0,2,4,4,A01
201900026399,2,32,,0,2,1,1,B01
201900026400,1,37,1.0,0,2,7,1,B01
201900026400,1,1,,0,2,3,13,A01
201900026401,2,43,,15,0,1,1,A01
201900026402,2,32,,11,0,4,16,A01
201900026403,2,37,1.0,0,1,7,16,A01
201900026404,1,7,,0,2,1,2,A01
201900026404,1,7,,0,2,4,23,B01
201900026405,2,1,,0,1,1,7,A01
201900026406,2,7,,0,2,4,23,B01
201900026406,2,30,,0,2,4,2,A01
201900026407,1,32,,0,2,1,1,B01
201900026407,1,10,,0,2,3,10,A01
201900026408,1,7,,0,2,3,2,Z01
201900026408,1,50,,0,2,0,2,A01
201900026409,1,1,,0,2,1,2,Z01
201900026409,1,1,,0,2,6,15,A01
201900026410,2,32,,0,2,1,18,A01
201900026410,2,37,1.0,0,2,5,16,B01
201900026411,2,32,,1,2,8,20,B01
201900026411,2,7,,0,2,2,1,A01
201900026412,1,30,,0,2,8,18,A01
201900026412,1,7,,0,2,7,22,B01
201900026413,1,10,,0,2,2,2,A01
201900026413,1,30,,0,2,3,21,B01
201900026414,2,33,,0,1,7,9,A01
201900026415,2,7,,0,2,2,16,B01
201900026415,2,32,,0,2,1,18,A01
201900026416,1,1,,0,2,1,3,A01
201900026416,1,7,,0,2,4,1,C01
201900026416,1,14,,0,2,6,1,B01
201900026417,1,32,,0,1,1,1,A01
201900026418,2,33,,0,2,7,17,B01
201900026418,2,7,,0,2,3,15,A01
201900026419,1,30,,0,2,4,2,A01
201900026419,1,7,,0,2,1,2,B01
201900026420,1,7,,0,1,1,1,A01
201900026421,1,32,,0,2,1,1,A01
201900026421,0,1,,0,2,5,19,Z01
201900026422,1,31,,12,0,0,13,A01
201900026423,1,50,,12,0,1,14,A01
201900026424,1,7,,0,1,2,26,A01
201900026425,1,30,,0,1,1,16,A01
201900026426,2,7,,0,1,1,15,A01
201900026427,2,2,,0,1,0,1,Z01
201900026428,3,33,,9,0,7,19,A01
201900026429,2,7,,0,2,3,1,B01
201900026429,1,7,,0,2,1,1,A01
201900026430,0,7,,0,2,1,2,A01
201900026430,3,7,,0,2,4,23,B01
201900026430,3,7,,0,0,4,23,C01
201900026431,2,30,,0,2,0,0,B01
201900026431,3,7,,0,2,1,15,A01
201900026432,1,7,,0,2,1,2,A01
201900026432,1,43,,0,2,8,23,B01
201900026433,1,33,,0,2,1,1,B01
201900026433,1,7,,0,2,3,20,A01
201900026434,1,7,,0,2,1,1,A01
201900026434,1,34,,0,2,1,8,B01
201900026435,1,7,,0,2,1,1,A01
201900026435,1,50,,0,2,0,1,B01
201900026436,1,7,,0,2,1,1,A01
201900026436,1,7,,0,2,4,1,B01
201900026436,1,7,,0,2,4,2,C01
201900026436,1,7,,0,2,5,17,D01
201900026436,1,7,,0,2,4,1,E01
201900026437,1,37,5.0,0,2,2,1,A01
201900026437,1,7,,0,2,2,1,B01
201900026438,2,10,,0,2,4,1,A01
201900026438,1,50,,0,2,1,2,B01
201900026439,1,30,,0,2,1,1,A01
201900026439,1,7,,0,2,6,15,B01
201900026440,2,10,,0,2,8,18,A01
201900026440,2,2,,0,2,7,0,B01
201900026441,1,3,,0,1,5,26,A01
201900026442,3,31,,0,2,1,17,A01
201900026442,1,3,,0,2,3,15,B01
201900026443,0,7,,0,2,1,15,B01
201900026443,0,34,,10,2,0,9,A01
201900026444,2,10,,0,2,1,1,A01
201900026444,3,7,,0,2,1,16,B01
201900026445,1,10,,0,2,1,1,A01
201900026445,1,10,,0,2,4,2,B01
201900026445,1,7,,0,2,4,2,C01
201900026445,1,7,,0,2,4,2,D01
201900026445,1,7,,0,9,4,2,E01
201900026446,2,7,,0,2,1,2,A01
201900026446,2,7,,0,2,9,2,B01
201900026446,2,7,,0,2,4,0,C01
201900026447,3,7,,0,1,4,20,A01
201900026448,3,7,,0,0,6,11,A01
201900026448,0,7,,0,0,3,1,B01
201900026449,1,30,,0,1,1,26,A01
201900026450,3,7,,0,2,3,2,A01
201900026450,3,7,,0,2,4,2,B01
201900026451,1,7,,1,1,6,1,A01
201900026452,2,7,,0,2,3,19,A01
201900026452,2,34,,0,2,1,2,B01
201900026453,1,7,,0,2,6,9,A01
201900026453,1,7,,0,2,0,0,B01
201900026453,2,7,,0,2,8,1,C01
201900026454,3,34,,0,2,1,26,A01
201900026454,3,7,,0,2,8,1,B01
201900026455,3,50,,0,2,1,1,B01
201900026455,3,7,,0,2,3,15,A01
201900026456,2,30,,0,2,1,1,B01
201900026456,0,10,,0,2,4,26,A01
201900026457,3,7,,0,0,2,9,A01
201900026458,1,7,,0,2,1,1,B01
201900026458,1,7,,0,2,3,1,A01
201900026459,3,7,,0,1,3,1,A01
201900026460,1,10,,0,2,1,26,A01
201900026460,1,10,,0,2,4,23,B01
201900026461,1,7,,0,2,2,0,A01
201900026461,1,7,,0,0,3,11,B01
201900026462,2,31,,0,1,1,1,A01
201900026463,1,32,,0,2,3,2,A01
201900026463,1,7,,0,2,5,12,B01
201900026464,1,7,,0,2,3,9,A01
201900026464,1,32,,1,2,0,17,B01
201900026465,2,7,,0,2,4,23,A01
201900026465,2,30,,0,2,1,2,B01
201900026466,2,33,,0,0,7,1,B01
201900026466,2,7,,0,0,7,1,A01
201900026467,1,34,,0,1,7,21,A01
201900026468,1,10,,0,0,6,1,B01
201900026468,1,32,,0,2,1,1,A01
201900026469,3,32,,0,2,0,0,A01
201900026469,3,7,,0,2,0,0,B01
201900026470,2,7,,0,2,3,15,A01
201900026470,1,34,,0,2,3,1,B01
201900026471,2,32,,0,9,0,26,A01
201900026472,1,34,,0,2,2,26,B01
201900026472,2,7,,0,2,2,15,A01
201900026473,1,7,,0,2,3,0,B01
201900026473,1,7,,0,2,5,0,A01
201900026474,1,7,,0,2,3,2,B01
201900026474,1,7,,0,2,2,20,A01
201900026475,1,10,,0,1,1,1,A01
201900026476,2,50,,0,1,1,0,A01
201900026477,1,7,,0,2,3,1,B01
201900026477,2,32,,0,1,1,1,A01
201900026478,3,1,,0,2,3,1,A01
201900026478,3,7,,0,6,1,1,B01
201900026479,0,3,,0,2,1,2,D01
201900026479,0,3,,0,2,1,2,C01
201900026479,0,3,,0,0,6,2,B01
201900026479,0,99,,0,0,1,0,A01
201900026480,3,7,,0,2,8,20,A01
201900026480,3,34,,0,2,7,26,B01
201900026481,1,7,,2,0,1,1,A01
201900026482,1,7,,0,1,1,1,A01
201900026483,3,2,,0,2,1,1,B01
201900026483,3,7,,0,0,5,1,A01
201900026484,2,7,,0,1,2,17,A01
201900026485,0,7,,8,0,1,1,A01
201900026486,3,2,,0,2,1,18,B01
201900026486,0,7,,0,2,2,16,A01
201900026487,3,7,,0,1,5,20,A01
201900026488,1,7,,2,0,3,1,A01
201900026489,2,7,,0,2,3,0,B01
201900026489,1,7,,0,2,1,13,A01
201900026490,2,7,,0,0,2,21,A01
201900026491,1,7,,0,2,1,1,B01
201900026491,1,7,,0,2,4,15,A01
201900026492,1,7,,0,2,1,1,B01
201900026492,2,7,,13,2,7,13,A01
201900026493,2,10,,0,2,2,15,A01
201900026493,1,10,,0,2,3,1,B01
201900026494,3,7,,0,1,4,4,A01
201900026495,1,7,,0,1,8,9,A01
201900026496,1,1,,0,2,4,13,A01
201900026496,1,7,,0,2,1,1,B01
201900026497,1,15,,0,0,4,1,B01
201900026497,1,7,,0,2,1,1,A01
201900026498,1,15,,0,2,5,17,B01
201900026498,1,1,,0,0,8,1,A01
201900026499,2,2,,12,0,2,1,A01
201900026500,2,7,,0,2,1,1,B01
201900026500,1,7,,9,2,7,5,A01
201900026501,3,7,,13,0,3,1,A01
201900026502,1,43,,3,0,1,6,A01
201900026503,1,7,,0,2,2,1,A01
201900026503,2,7,,0,2,1,17,B01
201900026504,1,31,,0,2,2,1,A01
201900026504,1,7,,0,0,8,15,B01
201900026505,0,7,,0,2,8,1,C01
201900026505,0,7,,5,2,9,1,B01
201900026505,0,7,,0,2,9,1,A01
201900026506,1,7,,13,0,1,1,A01
201900026507,1,7,,7,0,2,1,A01
201900026508,2,7,,0,2,2,2,A01
201900026508,2,7,,0,0,6,2,B01
201900026509,2,7,,0,2,2,1,A01
201900026509,2,14,,0,2,6,1,B01
201900026510,1,7,,2,0,0,14,A01
201900026511,2,7,,0,2,1,1,B01
201900026511,1,7,,0,2,3,13,A01
201900026512,1,7,,0,0,3,0,A01
201900026513,1,7,,0,2,6,19,A01
201900026513,2,33,,0,2,1,1,B01
201900026514,2,7,,0,0,9,1,A01
201900026515,1,7,,0,1,1,1,A01
201900026516,1,7,,0,2,1,1,B01
201900026516,2,7,,0,2,1,13,A01
201900026517,2,33,,0,0,3,0,A01
201900026518,2,33,,0,2,1,1,B01
201900026518,1,7,,0,2,3,13,A01
201900026519,1,36,,12,0,0,0,A01
201900026520,2,33,,3,0,7,14,A01
201900026521,3,33,,0,2,1,1,B01
201900026521,0,3,,0,2,3,19,A01
201900026522,1,7,,9,2,8,1,A01
201900026522,2,7,,0,2,1,1,B01
201900026523,1,7,,0,2,2,1,B01
201900026523,1,7,,0,2,3,20,A01
201900026524,2,7,,0,2,3,1,B01
201900026524,1,7,,0,2,3,1,A01
201900026525,2,7,,0,1,1,1,A01
201900026526,3,10,,0,1,1,1,A01
201900026527,1,7,,6,0,3,0,A01
201900026528,1,10,,8,0,3,1,A01
201900026529,3,30,,0,2,2,17,B01
201900026529,3,7,,0,2,8,15,A01
201900026530,3,33,,0,2,1,1,B01
201900026530,0,2,,0,0,6,15,A01
201900026531,1,33,,10,0,1,1,A01
201900026532,1,7,,0,2,2,1,B01
201900026532,2,7,,0,2,2,13,A01
201900026533,1,2,,0,2,1,1,B01
201900026533,0,7,,0,2,3,15,A01
201900026534,0,36,,6,0,1,13,A01
201900026535,2,7,,3,0,0,26,A01
201900026536,2,33,,13,0,4,0,A01
201900026536,2,33,,0,2,1,2,B01
201900026537,3,33,,0,2,7,1,A01
201900026537,3,7,,0,2,3,19,B01
201900026538,1,7,,0,2,8,1,B01
201900026538,2,31,,0,2,8,26,A01
201900026539,2,15,,0,2,1,21,B01
201900026539,1,7,,0,2,1,13,A01
201900026540,2,7,,14,0,2,1,A01
201900026541,1,7,,7,0,9,13,A01
201900026542,1,33,,0,0,4,23,A01
201900026542,1,10,,0,2,1,23,B01
201900026543,1,33,,0,2,1,13,A01
201900026543,2,7,,0,2,1,1,B01
201900026544,3,7,,15,0,0,1,A01
201900026545,3,7,,2,0,1,0,A01
201900026546,1,7,,0,2,1,1,B01
201900026546,2,7,,0,2,1,5,A01
201900026547,1,33,,0,2,1,1,A01
201900026547,1,37,1.0,0,2,6,9,B01
201900026548,2,7,,0,2,1,1,B01
201900026548,1,7,,0,2,1,1,A01
201900026549,1,7,,0,0,6,2,B01
201900026549,1,2,,0,2,1,2,A01
201900026550,1,10,,0,2,3,1,B01
201900026550,2,7,,0,2,3,13,A01
201900026551,1,7,,0,2,3,13,A01
201900026551,2,7,,0,2,3,1,B01
201900026551,2,7,,0,2,3,1,C01
201900026552,3,2,,0,2,8,1,A01
201900026552,3,7,,0,2,3,1,B01
201900026553,1,7,,0,2,7,15,A01
201900026553,2,33,,0,2,6,1,B01
201900026554,1,7,,0,1,2,1,A01
201900026555,3,10,,0,0,0,1,A01
201900026556,3,2,,6,0,1,16,A01
201900026557,1,7,,0,2,7,15,B01
201900026557,2,7,,0,2,1,1,A01
201900026558,3,33,,0,2,1,1,B01
201900026558,3,7,,3,2,8,1,A01
201900026559,2,7,,0,2,1,1,A01
201900026559,2,7,,0,2,1,1,B01
201900026560,2,7,,0,2,1,1,A01
201900026560,2,7,,0,2,4,1,B01
201900026560,2,7,,0,0,4,2,C01
201900026561,2,31,,0,2,1,1,B01
201900026561,1,7,,0,2,8,19,A01
201900026562,2,7,,0,2,1,1,B01
201900026562,3,7,,13,2,8,19,A01
201900026563,1,7,,0,2,1,17,B01
201900026563,1,10,,0,0,6,17,A01
201900026564,1,7,,2,0,3,13,A01
201900026565,2,1,,0,2,7,1,A01
201900026565,2,7,,0,9,3,1,B01
201900026566,2,7,,0,2,3,1,B01
201900026566,1,33,,0,2,1,1,A01
201900026567,1,7,,13,0,3,1,A01
201900026568,1,7,,0,2,1,1,A01
201900026568,2,7,,0,2,1,1,B01
201900026569,1,7,,0,1,2,1,A01
201900026570,1,10,,0,2,2,1,A01
201900026570,0,2,,0,2,8,9,B01
201900026571,2,33,,0,0,0,1,A01
201900026572,2,33,,0,2,2,1,B01
201900026572,2,10,,0,2,3,19,A01
201900026573,1,7,,0,2,8,15,A01
201900026573,0,7,,0,2,2,1,B01
201900026574,0,32,,0,2,1,1,B01
201900026574,0,10,,0,2,7,15,A01
201900026575,2,7,,0,2,1,1,A01
201900026575,2,7,,0,0,4,1,B01
201900026576,2,7,,0,0,1,1,B01
201900026576,2,7,,0,0,7,1,A01
201900026577,1,7,,0,1,1,1,A01
201900026578,0,7,,9,1,4,4,A01
201900026579,1,7,,0,2,3,0,A01
201900026579,2,1,,0,2,1,0,B01
201900026580,2,7,,0,0,1,1,B01
201900026580,2,7,,0,0,4,15,A01
201900026581,1,7,,0,2,2,1,B01
201900026581,2,7,,0,2,3,5,A01
201900026582,1,7,,0,2,1,1,A01
201900026582,3,7,,8,2,7,19,B01
201900026583,1,7,,0,2,1,13,A01
201900026583,2,17,,0,2,1,1,B01
201900026584,2,33,,0,0,1,2,A01
201900026584,2,7,,0,2,8,15,B01
201900026585,0,7,,2,0,1,1,A01
201900026586,0,36,,6,0,2,1,A01
201900026587,2,33,,6,0,1,0,A01
201900026588,2,7,,0,2,1,1,B01
201900026588,2,7,,0,2,5,1,A01
201900026589,1,7,,0,1,2,2,A01
201900026590,2,33,,0,2,1,17,B01
201900026590,1,7,,0,2,6,13,A01
201900026591,1,80,,0,0,0,25,A01
201900026592,1,7,,3,2,3,1,B01
201900026592,2,7,,3,2,3,1,A01
201900026593,2,7,,13,0,3,13,A01
201900026593,1,7,,13,0,1,1,B01
201900026594,1,7,,0,1,0,1,A01
201900026595,3,2,,6,0,2,1,A01
201900026596,1,2,,0,2,1,1,A01
201900026596,2,7,,0,2,4,1,B01
201900026597,2,7,,0,2,3,1,C01
201900026597,1,2,,0,2,1,11,A01
201900026598,2,7,,0,2,1,13,A01
201900026598,1,7,,0,2,3,1,B01
201900026599,2,1,,0,2,1,1,A01
201900026599,1,7,,0,2,8,1,B01
201900026600,3,7,,0,2,2,15,A01
201900026600,3,33,,0,2,7,9,B01
201900026601,1,38,17.0,0,2,3,1,B01
201900026601,2,7,,0,2,1,13,A01
201900026602,3,7,,0,2,1,1,B01
201900026602,3,7,,0,2,1,1,A01
201900026603,3,7,,0,1,2,1,A01
201900026604,0,7,,0,2,3,1,B01
201900026604,0,2,,0,2,1,13,A01
201900026605,3,7,,0,0,3,26,A01
201900026605,3,0,,0,0,0,0,B01
201900026606,1,7,,4,0,9,6,A01
201900026607,1,7,,6,0,3,13,A01
201900026608,1,7,,0,2,5,17,A01
201900026608,1,7,,0,2,3,17,B01
201900026608,1,21,,0,0,3,1,C01
201900026609,1,7,,0,2,7,1,A01
201900026609,1,1,,0,2,2,15,B01
201900026610,3,7,,2,0,1,1,A01
201900026611,1,33,,0,0,1,2,A01
201900026611,1,10,,0,0,4,2,B01
201900026612,1,33,,3,0,9,0,A01
201900026613,3,7,,0,2,3,13,A01
201900026613,3,7,,0,2,3,1,B01
201900026614,1,7,,0,2,1,1,B01
201900026614,1,7,,0,2,6,9,A01
201900026615,0,33,,13,0,4,1,A01
201900026616,1,33,,11,0,0,17,A01
201900026617,2,33,,0,0,7,1,A01
201900026618,2,7,,0,2,6,15,B01
201900026618,2,33,,0,2,1,17,A01
201900026619,1,7,,0,2,3,16,A01
201900026619,1,1,,0,2,0,1,B01
201900026620,1,1,,0,2,1,1,B01
201900026620,1,14,,0,2,7,16,A01
201900026621,1,7,,0,9,2,1,A01
201900026621,1,1,,16,0,4,1,B01
201900026621,1,1,,16,0,4,1,C01
201900026622,2,7,,0,0,0,1,A01
201900026623,2,7,,0,2,7,13,A01
201900026623,1,10,,0,2,1,1,B01
201900026624,2,33,,0,2,9,1,B01
201900026624,1,10,,0,2,7,15,A01
201900026625,3,1,,0,2,8,1,B01
201900026625,3,21,,0,2,5,17,A01
201900026626,1,7,,0,2,2,17,A01
201900026626,1,1,,0,2,4,1,B01
201900026626,1,1,,0,2,4,1,C01
201900026627,1,2,,3,0,0,1,A01
201900026628,1,7,,2,0,9,1,A01
201900026629,3,7,,0,2,2,9,A01
201900026629,3,7,,0,2,7,1,B01
201900026630,3,7,,0,2,3,1,B01
201900026630,3,7,,0,2,3,1,A01
201900026631,1,7,,0,2,8,13,A01
201900026631,2,33,,0,2,8,1,B01
201900026632,1,33,,6,0,1,1,A01
201900026633,1,2,,0,2,1,1,B01
201900026633,1,7,,0,2,5,1,A01
201900026634,2,7,,13,0,8,1,A01
201900026635,1,31,,0,0,8,1,A01
201900026636,2,7,,13,0,3,13,A01
201900026637,3,7,,0,2,3,1,B01
201900026637,3,2,,0,2,1,1,A01
201900026638,2,2,,6,0,2,1,A01
201900026639,2,7,,2,2,0,17,A01
201900026639,2,7,,0,2,3,15,B01
201900026640,3,2,,0,2,8,1,B01
201900026640,3,7,,0,2,3,1,A01
201900026641,2,7,,2,0,2,26,A01
201900026642,2,2,,6,0,2,1,A01
201900026643,2,33,,0,2,1,1,B01
201900026643,1,7,,0,2,7,15,A01
201900026644,2,7,,0,2,2,6,A01
201900026644,2,7,,0,2,3,11,B01
201900026645,2,17,,0,0,6,2,B01
201900026645,2,10,,3,2,1,2,A01
201900026646,1,33,,0,2,7,1,B01
201900026646,1,7,,0,2,8,11,A01
201900026647,1,33,,0,0,8,1,A01
201900026648,2,10,,0,9,2,2,B01
201900026648,2,1,,0,0,6,2,A01
201900026649,0,1,,0,2,8,26,B01
201900026649,3,7,,0,1,1,26,A01
201900026650,2,7,,3,0,1,16,A01
201900026651,2,33,,5,0,2,1,A01
201900026652,2,10,,13,0,0,1,A01
201900026653,1,7,,0,2,1,17,A01
201900026653,2,7,,0,2,1,1,B01
201900026654,1,7,,0,1,0,1,Z01
201900026655,2,7,,0,2,6,1,B01
201900026655,2,7,,0,2,2,12,A01
201900026656,1,7,,0,2,6,2,B01
201900026656,1,30,,0,2,1,2,A01
201900026657,2,1,,1,0,7,17,B01
201900026657,2,7,,1,0,3,26,A01
201900026658,2,37,1.0,0,2,1,26,A01
201900026658,2,7,,0,2,4,0,B01
201900026659,1,33,,0,2,4,26,A01
201900026659,1,10,,0,2,1,2,B01
201900026660,0,7,,0,2,1,1,B01
201900026660,0,7,,0,2,3,15,A01
201900026661,1,7,,0,1,0,15,A01
201900026662,1,10,,0,2,1,1,B01
201900026662,1,10,,0,2,1,1,A01
201900026663,1,10,,0,1,1,2,A01
201900026664,3,7,,0,2,1,26,A01
201900026664,3,7,,0,2,4,1,B01
201900026665,1,33,,1,0,1,18,B01
201900026666,1,7,,1,0,2,1,A01
201900026667,2,7,,0,2,3,10,A01
201900026667,2,2,,0,2,7,1,B01
201900026668,3,33,,0,2,3,1,B01
201900026668,2,7,,0,2,3,9,A01
201900026669,2,7,,14,0,1,1,B01
201900026669,1,7,,14,0,4,23,A01
201900026670,1,7,,0,2,1,12,Z01
201900026670,1,80,,0,2,4,1,A01
201900026671,3,7,,0,2,3,1,B01
201900026671,3,30,,0,2,1,1,A01
201900026672,1,7,,0,2,4,1,B01
201900026672,3,7,,1,1,1,17,A01
201900026673,2,2,,0,2,1,1,B01
201900026673,1,7,,0,2,4,20,A01
201900026674,2,32,,0,2,1,1,B01
201900026674,1,7,,0,2,5,15,A01
201900026675,3,33,,0,2,1,1,B01
201900026675,3,10,,0,2,1,15,A01
201900026676,1,7,,0,2,7,17,A01
201900026676,1,1,,0,2,8,2,B01
201900026677,1,1,,0,2,4,1,B01
201900026677,1,7,,0,2,2,2,A01
201900026678,2,10,,0,2,3,13,A01
201900026678,1,15,,0,2,3,1,B01
201900026679,1,7,,0,0,3,5,A01
201900026679,2,7,,0,0,3,1,B01
201900026680,2,33,,4,0,1,17,A01
201900026681,1,33,,0,0,0,18,A01
201900026681,1,7,,0,0,2,2,B01
201900026682,3,7,,0,1,2,2,A01
201900026683,1,7,,0,0,3,1,A01
201900026684,2,7,,3,0,9,1,A01
201900026685,2,7,,0,2,3,13,A01
201900026685,1,7,,0,2,1,0,B01
201900026685,1,7,,0,2,2,21,C01
201900026686,2,7,,3,0,1,1,A01
201900026687,0,7,,0,2,3,1,B01
201900026687,3,33,,0,2,1,1,A01
201900026688,2,17,,0,2,3,2,B01
201900026688,1,10,,0,2,1,0,A01
201900026689,1,7,,0,2,1,1,B01
201900026689,2,7,,0,2,4,4,A01
201900026690,1,7,,2,0,3,13,A01
201900026691,2,7,,2,0,1,13,A01
201900026692,1,7,,0,2,1,1,A01
201900026692,2,7,,0,2,1,5,B01
201900026693,1,7,,17,0,1,1,A01
201900026694,2,7,,2,0,2,1,A01
201900026695,1,7,,0,1,3,1,A01
201900026696,3,7,,0,1,6,26,A01
201900026697,1,2,,3,0,1,0,A01
201900026698,3,7,,0,9,2,1,A01
201900026698,3,1,,0,2,8,16,B01
201900026699,1,33,,3,0,2,1,A01
201900026700,1,7,,6,0,1,1,A01
201900026701,2,7,,0,2,1,0,C01
201900026701,1,7,,0,2,4,0,B01
201900026701,1,7,,0,2,1,1,A01
201900026701,1,7,,0,0,6,21,D01
201900026702,3,7,,0,1,3,1,A01
201900026703,1,7,,0,2,1,19,A01
201900026703,2,7,,0,2,2,21,B01
201900026704,2,7,,0,0,0,14,A01
201900026705,0,7,,13,0,3,1,A01
201900026706,0,7,,0,1,7,1,A01
201900026707,3,7,,2,0,2,1,A01
201900026708,1,7,,6,0,1,1,A01
201900026709,1,7,,8,0,9,13,A01
201900026710,2,2,,0,0,0,1,A01
201900026711,2,7,,2,0,8,14,A01
201900026712,1,10,,6,1,3,26,A01
201900026713,1,7,,13,0,0,1,A01
201900026714,0,7,,8,0,2,1,A01
201900026715,1,7,,0,0,9,0,A01
201900026716,1,7,,13,0,0,0,A01
201900026717,2,33,,0,0,0,15,A01
201900026718,2,7,,13,0,6,0,A01
201900026719,2,7,,0,2,3,1,B01
201900026719,1,7,,0,2,8,5,A01
201900026720,2,7,,4,0,3,0,A01
201900026721,3,10,,2,0,2,1,A01
201900026722,1,17,,1,2,1,1,A01
201900026723,1,7,,4,0,3,1,A01
201900026724,2,7,,0,2,2,1,A01
201900026724,2,7,,0,2,6,1,B01
201900026725,1,7,,0,2,1,1,C01
201900026725,2,14,,0,2,3,1,B01
201900026725,1,7,,0,2,3,13,A01
201900026726,2,17,,0,2,1,1,B01
201900026726,2,7,,0,0,4,1,A01
201900026727,1,7,,0,1,3,1,A01
201900026728,1,15,,0,2,6,2,B01
201900026728,1,7,,4,2,1,2,A01
201900026729,2,7,,2,0,1,1,A01
201900026730,0,10,,13,0,2,1,A01
201900026731,3,33,,0,2,3,26,B01
201900026731,3,14,,0,2,3,15,A01