Num_Acc,senc,catv,occutc,obs,obsm,choc,manv,num_veh
201900026732,1,2,,0,2,8,19,B01
201900026732,1,7,,0,2,3,1,A01
201900026733,3,7,,12,0,1,1,A01
201900026734,1,2,,0,0,0,1,A01
201900026735,1,7,,0,0,7,15,A01
201900026735,2,33,,0,0,1,1,B01
201900026736,2,7,,2,2,6,1,B01
201900026736,1,7,,0,2,3,13,A01
201900026737,1,10,,0,2,1,15,A01
201900026737,2,7,,0,2,1,1,B01
201900026738,2,7,,0,2,3,13,A01
201900026738,1,10,,0,2,3,0,B01
201900026739,0,33,,14,0,1,1,A01
201900026739,0,7,,0,0,6,23,C01
201900026739,0,7,,0,0,5,23,B01
201900026740,2,33,,0,0,0,0,A01
201900026741,3,33,,13,0,1,1,A01
201900026742,1,34,,0,2,1,1,A01
201900026742,2,7,,0,0,3,19,B01
201900026743,1,7,,0,1,2,1,A01
201900026744,0,14,,0,1,5,1,A01
201900026745,3,7,,0,0,8,23,B01
201900026745,3,7,,1,0,8,13,A01
201900026746,1,7,,0,2,3,1,B01
201900026746,1,7,,13,2,2,17,A01
201900026747,3,2,,0,0,7,1,A01
201900026748,1,2,,0,2,1,1,B01
201900026748,2,3,,0,2,2,15,A01
201900026749,2,2,,0,2,1,1,B01
201900026749,2,7,,0,2,3,15,A01
201900026750,3,15,,0,1,2,9,A01
201900026751,3,7,,16,0,3,1,A01
201900026751,0,7,,15,0,1,26,B01
201900026752,1,7,,2,0,9,13,A01
201900026753,3,2,,0,0,0,1,A01
201900026754,1,10,,0,0,6,16,B01
201900026754,2,7,,0,2,1,1,C01
201900026754,1,2,,0,2,1,13,A01
201900026755,2,33,,0,2,1,17,B01
201900026755,2,7,,0,0,6,15,A01
201900026756,3,2,,0,0,1,1,A01
201900026757,1,33,,2,0,1,0,A01
201900026758,2,7,,0,4,2,1,A01
201900026758,1,39,,0,4,1,0,B01
201900026759,2,33,,0,2,1,1,B01
201900026759,1,7,,0,2,1,15,A01
201900026760,2,17,,0,1,2,0,A01
201900026761,2,7,,0,2,1,17,A01
201900026761,1,15,,0,2,1,1,B01
201900026762,1,33,,0,0,0,1,A01
201900026763,1,10,,3,2,1,2,A01
201900026763,1,7,,0,2,2,2,B01
201900026764,1,33,,6,0,1,14,A01
201900026765,2,33,,0,2,1,26,A01
201900026765,2,7,,0,2,4,2,B01
201900026766,1,7,,0,2,2,12,B01
201900026766,1,7,,0,2,8,1,A01
201900026767,2,7,,3,0,2,14,A01
201900026768,2,13,,4,0,3,13,A01
201900026769,1,7,,0,0,0,0,A01
201900026770,2,33,,0,0,5,0,A01
201900026771,1,33,,0,2,3,3,B01
201900026771,1,7,,0,2,5,12,A01
201900026772,1,7,,1,2,2,21,A01
201900026772,1,7,,0,2,6,23,B01
201900026772,1,7,,1,2,2,2,C01
201900026772,1,7,,0,2,3,1,D01
201900026773,1,7,,0,2,4,2,B01
201900026773,1,7,,0,2,1,2,A01
201900026774,1,7,,4,0,2,1,A01
201900026775,2,10,,16,0,9,1,A01
201900026776,1,7,,3,2,2,21,A01
201900026777,1,7,,0,2,4,2,C01
201900026777,1,7,,0,2,1,2,A01
201900026777,1,7,,0,2,4,2,B01
201900026778,2,14,,0,2,8,1,A01
201900026778,2,7,,0,2,7,12,B01
201900026779,2,31,,14,0,8,13,A01
201900026780,2,7,,1,0,1,26,A01
201900026780,2,14,,0,2,5,23,B01
201900026781,1,7,,0,2,0,0,B01
201900026781,2,1,,0,2,1,5,C01
201900026782,1,7,,0,2,4,2,B01
201900026782,1,7,,0,2,1,2,A01
201900026783,1,7,,9,0,1,5,A01
201900026784,2,7,,0,1,1,9,A01
201900026785,1,7,,0,1,1,1,A01
201900026786,1,0,,0,2,1,0,A01
201900026786,2,1,,0,2,1,5,B01
201900026787,2,7,,0,2,1,1,A01
201900026787,2,7,,0,2,4,1,C01
201900026787,2,7,,0,2,4,1,B01
201900026788,1,7,,0,2,6,11,A01
201900026788,1,7,,0,2,2,3,B01
201900026789,1,33,,0,2,8,3,B01
201900026789,1,7,,0,2,5,12,A01
201900026790,2,33,,0,0,9,21,A01
201900026791,2,7,,4,2,1,1,A01
201900026792,3,7,,0,2,8,1,B01
201900026792,3,10,,0,2,2,15,A01
201900026793,3,10,,0,2,0,0,D01
201900026793,3,2,,0,2,9,23,B01
201900026793,3,7,,0,2,5,23,C01
201900026793,3,10,,0,2,1,1,A01
201900026794,1,7,,0,2,1,1,B01
201900026794,1,7,,0,2,1,1,A01
201900026795,1,7,,0,0,1,26,A01
201900026796,1,7,,0,2,3,1,B01
201900026796,2,7,,0,2,8,19,A01
201900026797,1,10,,0,2,3,15,B01
201900026797,1,31,,0,2,1,0,A01
201900026798,2,7,,4,0,3,13,A01
201900026799,2,7,,0,2,1,2,A01
201900026799,2,7,,0,1,4,2,B01
201900026800,1,7,,0,2,1,5,C01
201900026800,2,7,,0,2,4,2,B01
201900026800,2,7,,0,2,1,6,A01
201900026801,1,10,,8,1,1,26,A01
201900026802,1,7,,4,0,2,26,A01
201900026803,3,30,,14,0,1,17,A01
201900026804,1,7,,0,1,3,1,A01
201900026805,2,7,,3,0,3,9,A01
201900026805,2,7,,3,0,5,1,B01
201900026806,1,7,,0,2,1,1,B01
201900026806,2,7,,0,2,7,15,A01
201900026807,3,10,,11,0,3,26,A01
201900026808,1,1,,0,2,8,1,B01
201900026808,1,14,,0,2,5,16,A01
201900026809,2,7,,0,1,3,15,A01
201900026810,2,7,,0,2,1,1,B01
201900026810,1,7,,0,2,8,1,A01
201900026811,1,37,1.0,0,1,7,2,A01
201900026812,1,38,1.0,0,6,3,1,A01
201900026812,1,1,,0,2,7,1,B01
201900026813,1,7,,0,2,3,19,B01
201900026813,1,10,,1,2,2,19,A01
201900026814,1,7,,0,2,1,19,A01
201900026814,1,7,,0,2,7,0,B01
201900026815,1,33,,4,2,1,17,B01
201900026815,2,7,,0,2,2,15,A01
201900026816,1,33,,0,2,1,17,A01
201900026816,1,7,,0,2,8,15,B01
201900026817,1,1,,0,2,1,5,B01
201900026817,2,7,,0,2,1,1,A01
201900026818,2,7,,15,2,1,1,A01
201900026818,1,7,,0,2,1,1,B01
201900026819,1,7,,0,2,6,23,A01
201900026819,1,33,,0,2,1,1,B01
201900026820,2,7,,0,2,1,1,A01
201900026820,1,33,,0,2,1,13,B01
201900026821,1,7,,0,2,1,2,A01
201900026821,1,7,,1,0,3,2,B01
201900026822,1,7,,10,0,1,16,A01
201900026823,1,7,,0,2,4,23,B01
201900026823,1,7,,0,2,1,1,A01
201900026823,1,7,,0,2,4,26,C01
201900026824,1,7,,0,2,3,15,A01
201900026824,1,31,,0,2,1,1,B01
201900026825,1,7,,0,2,2,14,A01
201900026826,1,7,,0,2,8,2,B01
201900026826,2,7,,0,2,0,14,A01
201900026827,2,32,,0,2,1,1,B01
201900026827,2,7,,0,2,3,15,A01
201900026828,1,7,,0,2,4,2,B01
201900026828,1,7,,0,2,1,2,A01
201900026829,1,34,,0,2,3,1,B01
201900026829,3,10,,0,2,2,15,A01
201900026830,3,7,,0,2,4,23,D01
201900026830,3,7,,0,2,4,23,B01
201900026830,3,7,,0,2,4,23,C01
201900026830,3,7,,0,2,1,2,A01
201900026831,0,33,,0,2,1,1,B01
201900026831,3,7,,0,2,3,15,A01
201900026832,1,7,,0,2,3,1,A01
201900026832,2,7,,0,2,5,15,B01
201900026833,3,7,,0,2,7,0,B01
201900026833,3,7,,0,2,1,9,A01
201900026834,1,2,,0,2,1,15,A01
201900026834,1,17,,0,2,8,1,B01
201900026835,2,7,,0,0,0,1,A01
201900026836,1,33,,12,0,0,1,A01
201900026837,1,7,,2,0,1,1,A01
201900026838,1,7,,0,0,2,1,A01
201900026839,1,35,,14,0,1,1,A01
201900026840,3,7,,17,0,1,14,A01
201900026841,2,7,,13,0,2,21,A01
201900026842,1,7,,0,1,1,1,A01
201900026843,3,7,,0,2,3,0,B01
201900026843,3,7,,0,2,1,0,A01
201900026844,0,7,,0,2,7,11,B01
201900026844,0,33,,0,2,1,1,A01
201900026845,1,10,,0,2,3,1,B01
201900026845,2,7,,0,2,3,13,A01
201900026846,2,7,,2,0,3,1,A01
201900026847,1,7,,0,1,1,1,A01
201900026848,1,7,,2,0,1,14,A01
201900026849,3,33,,0,2,1,17,A01
201900026849,3,7,,0,0,8,15,B01
201900026850,2,7,,0,2,1,1,B01
201900026850,1,7,,0,2,1,13,A01
201900026851,3,7,,2,0,2,1,A01
201900026852,2,33,,0,2,1,1,A01
201900026852,2,10,,0,0,4,0,B01
201900026853,0,2,,0,0,0,1,A01
201900026854,2,33,,0,2,9,1,B01
201900026854,1,7,,0,2,1,15,A01
201900026855,1,7,,0,1,2,1,A01
201900026856,1,7,,0,2,5,15,A01
201900026856,2,33,,0,2,1,1,B01
201900026857,1,7,,0,2,3,13,A01
201900026857,2,14,,0,2,3,1,B01
201900026858,1,7,,0,0,9,1,A01
201900026859,0,7,,0,2,3,15,A01
201900026859,1,7,,0,2,2,1,B01
201900026860,2,7,,8,2,2,2,A01
201900026860,2,1,,0,2,4,2,B01
201900026861,2,7,,13,0,9,14,A01
201900026862,2,7,,0,2,3,1,B01
201900026862,1,7,,0,2,3,13,A01
201900026863,1,7,,0,0,0,0,A01
201900026864,1,10,,13,0,1,1,A01
201900026865,1,7,,0,2,1,1,A01
201900026865,2,7,,0,2,1,1,B01
201900026866,1,33,,0,2,8,1,B01
201900026866,1,7,,0,2,7,17,A01
201900026867,2,7,,0,1,2,13,A01
201900026868,2,7,,2,0,7,1,A01
201900026869,1,7,,0,2,3,1,A01
201900026869,1,1,,0,2,1,1,B01
201900026870,2,7,,0,2,3,1,B01
201900026870,1,7,,0,2,3,13,A01
201900026871,1,33,,0,6,1,1,A01
201900026872,1,7,,0,2,3,1,A01
201900026872,2,2,,0,2,1,15,B01
201900026873,2,14,,0,2,7,17,A01
201900026873,2,7,,0,2,8,1,B01
201900026874,2,7,,0,2,3,1,B01
201900026874,1,7,,0,2,3,13,A01
201900026875,3,80,,12,0,0,0,A01
201900026876,2,33,,0,0,8,1,A01
201900026877,3,7,,0,9,1,26,B01
201900026877,1,1,,0,2,1,26,A01
201900026878,1,1,,0,2,8,2,B01
201900026878,1,15,,0,2,7,1,A01
201900026879,1,2,,0,2,4,1,B01
201900026879,1,7,,0,2,1,1,A01
201900026880,2,7,,4,0,3,17,A01
201900026881,2,7,,0,1,1,1,A01
201900026882,1,7,,0,2,1,13,A01
201900026882,2,7,,0,2,1,1,B01
201900026883,1,7,,0,2,1,1,B01
201900026883,2,2,,0,2,1,13,A01
201900026884,2,7,,0,2,3,13,B01
201900026884,1,14,,0,2,3,1,A01
201900026885,2,7,,0,0,4,2,A01
201900026885,2,15,,0,2,2,2,B01
201900026886,0,7,,0,2,3,19,B01
201900026886,1,31,,0,2,1,1,A01
201900026887,1,7,,13,0,0,13,A01
201900026888,1,7,,1,0,3,1,A01
201900026889,1,2,,3,0,2,2,A01
201900026890,1,7,,5,0,7,1,A01
201900026891,2,7,,0,0,1,2,B01
201900026891,2,7,,0,0,4,1,A01
201900026892,1,1,,0,2,1,21,C01
201900026892,1,1,,0,9,4,21,B01
201900026892,2,7,,0,0,0,9,A01
201900026893,2,33,,14,2,1,1,C01
201900026893,1,7,,0,0,2,23,B01
201900026893,1,7,,0,0,6,23,A01
201900026894,0,32,,0,2,8,1,B01
201900026894,0,7,,0,2,3,5,A01
201900026895,1,7,,0,2,2,1,A01
201900026895,2,15,,0,2,2,1,B01
201900026896,3,7,,0,2,4,4,B01
201900026896,3,1,,0,2,1,1,A01
201900026897,0,7,,8,0,9,1,A01
201900026898,1,33,,0,0,3,1,A01
201900026899,2,2,,0,2,1,1,B01
201900026899,1,7,,0,2,3,15,A01
201900026900,0,7,,6,0,3,0,A01
201900026901,1,7,,0,1,7,1,A01
201900026902,1,2,,0,2,1,1,A01
201900026902,2,7,,0,2,3,1,B01
201900026903,1,7,,6,0,8,1,A01
201900026904,2,7,,0,2,3,2,B01
201900026904,1,7,,15,2,2,19,A01
201900026905,0,7,,13,0,0,1,A01
201900026906,1,7,,10,0,2,14,A01
201900026907,1,7,,2,0,1,1,A01
201900026908,2,10,,0,2,1,2,A01
201900026908,2,10,,0,2,4,2,B01
201900026908,2,7,,0,0,4,2,C01
201900026909,1,7,,0,0,4,1,B01
201900026909,1,1,,0,2,1,1,A01
201900026910,2,1,,0,2,4,2,B01
201900026910,2,7,,0,2,2,2,A01
201900026911,3,21,,2,0,1,1,A01
201900026912,2,7,,15,1,7,24,A01
201900026913,1,7,,0,1,1,1,A01
201900026914,3,2,,0,0,0,1,A01
201900026915,1,7,,2,0,1,1,A01
201900026916,2,7,,13,0,1,1,A01
201900026917,2,7,,0,2,8,1,B01
201900026917,1,33,,0,2,3,13,A01
201900026918,2,7,,8,0,1,0,A01
201900026919,0,33,,1,0,1,14,A01
201900026920,2,1,,0,0,1,1,A01
201900026921,2,7,,8,2,3,13,A01
201900026921,1,7,,0,2,3,1,B01
201900026922,3,7,,0,1,5,16,A01
201900026923,1,33,,17,0,1,0,A01
201900026924,1,7,,0,1,2,1,A01
201900026925,2,7,,6,0,1,1,A01
201900026926,1,7,,0,9,1,0,B01
201900026926,1,7,,4,0,0,0,A01
201900026927,2,15,,0,2,6,0,B01
201900026927,2,7,,0,2,2,17,A01
201900026928,2,34,,0,2,1,1,B01
201900026928,2,7,,0,2,5,12,A01
201900026929,1,7,,17,0,1,14,A01
201900026930,1,15,,0,0,4,2,B01
201900026930,1,7,,0,2,1,2,A01
201900026931,2,14,,13,0,3,0,A01
201900026932,2,7,,0,2,4,1,B01
201900026932,2,7,,0,2,1,1,A01
201900026933,2,7,,3,0,4,12,A01
201900026933,2,17,,0,2,1,1,B01
201900026934,2,33,,0,2,1,1,A01
201900026934,3,7,,0,2,2,19,B01
201900026935,3,7,,0,2,2,19,A01
201900026935,3,31,,0,2,1,1,B01
201900026936,1,7,,0,2,1,1,A01
201900026936,3,2,,0,2,8,1,B01
201900026937,2,7,,0,2,1,13,B01
201900026937,1,7,,0,0,3,1,A01
201900026938,3,7,,0,0,8,1,A01
201900026938,3,30,,0,2,1,1,B01
201900026939,1,7,,0,9,1,15,A01
201900026939,2,1,,0,2,3,25,B01
201900026940,2,2,,0,2,1,1,B01
201900026940,1,10,,0,2,3,17,A01
201900026941,2,7,,0,2,3,13,A01
201900026941,1,2,,0,2,8,1,B01
201900026942,2,1,,6,0,1,1,A01
201900026943,2,7,,0,2,2,2,A01
201900026943,2,1,,0,0,4,2,B01
201900026943,2,1,,0,0,4,2,C01
201900026943,2,1,,0,0,4,2,D01
201900026943,2,1,,0,0,4,2,E01
201900026944,1,33,,0,2,1,17,B01
201900026944,1,7,,0,2,6,10,A01
201900026945,0,7,,0,2,3,1,B01
201900026945,0,7,,0,2,3,13,A01
201900026946,3,7,,7,0,2,1,A01
201900026947,3,7,,0,2,1,1,B01
201900026947,3,7,,0,2,2,13,A01
201900026948,1,2,,0,2,1,13,A01
201900026948,2,7,,0,9,1,1,B01
201900026949,1,7,,0,2,1,1,B01
201900026949,2,7,,0,0,1,1,A01
201900026950,2,7,,4,0,1,1,A01
201900026951,0,7,,0,2,4,9,B01
201900026951,3,1,,0,2,1,1,A01
201900026952,3,7,,13,0,2,0,A01
201900026953,2,33,,0,2,7,17,A01
201900026953,2,33,,0,2,8,2,B01
201900026954,1,7,,0,2,3,15,B01
201900026954,1,33,,0,2,2,17,A01
201900026955,1,31,,0,2,1,26,B01
201900026955,2,7,,0,2,5,15,A01
201900026956,1,7,,0,2,2,15,A01
201900026956,2,2,,0,2,8,1,B01
201900026957,1,7,,12,0,1,1,A01
201900026958,2,7,,6,0,3,1,A01
201900026959,3,2,,0,6,1,1,A01
201900026960,1,33,,0,2,1,1,B01
201900026960,2,7,,0,2,3,13,A01
201900026961,2,99,,0,1,2,0,A01
201900026962,1,33,,6,0,1,1,A01
201900026963,0,10,,7,0,9,13,A01
201900026964,2,7,,0,2,1,16,B01
201900026964,1,33,,0,2,1,1,A01
201900026965,1,7,,0,1,1,1,A01
201900026966,2,99,,0,2,8,19,A01
201900026966,2,34,,0,2,1,1,B01
201900026967,1,33,,6,0,0,17,A01
201900026968,2,7,,0,2,3,1,B01
201900026968,1,7,,0,2,3,11,A01
201900026969,1,33,,13,0,2,1,A01
201900026970,1,7,,0,2,3,1,B01
201900026970,2,7,,0,2,1,13,A01
201900026971,2,33,,0,6,2,1,A01
201900026972,0,7,,0,2,1,1,B01
201900026972,0,7,,13,2,5,1,A01
201900026973,1,7,,13,0,1,1,A01
201900026974,2,7,,0,0,6,15,A01
201900026974,2,10,,1,0,1,13,B01
201900026974,1,7,,0,2,3,1,C01
201900026975,1,7,,0,2,6,2,B01
201900026975,1,1,,0,2,1,2,A01
201900026976,1,7,,0,2,8,17,B01
201900026976,1,33,,0,2,7,17,A01
201900026977,1,7,,0,2,1,1,A01
201900026977,0,7,,0,0,8,19,A01
201900026978,2,7,,14,9,2,21,B01
201900026978,2,10,,0,0,2,19,A01
201900026979,1,7,,15,0,1,21,A01
201900026980,2,10,,0,2,3,1,B01
201900026980,2,17,,3,2,3,1,A01
201900026981,2,7,,0,2,6,2,B01
201900026981,2,33,,0,2,1,17,A01
201900026982,1,7,,0,2,4,1,A01
201900026982,1,7,,0,2,4,2,B01
201900026982,1,7,,0,2,1,2,C01
201900026983,1,7,,0,2,1,2,C01
201900026983,1,7,,0,2,4,2,B01
201900026983,1,7,,0,2,4,2,A01
201900026984,1,7,,16,0,1,0,A01
201900026985,2,10,,0,2,1,1,A01
201900026985,2,7,,0,2,4,0,B01
201900026986,2,7,,13,0,3,26,A01
201900026987,1,7,,0,2,3,26,B01
201900026987,1,7,,0,2,8,26,A01
201900026988,2,33,,5,0,7,15,A01
201900026989,2,7,,4,0,9,1,A01
201900026990,1,13,,1,0,1,1,A01
201900026991,2,33,,0,2,0,0,B01
201900026991,2,7,,0,2,0,0,A01
201900026992,2,7,,16,0,9,1,A01
201900026993,2,7,,16,0,3,21,A01
201900026994,1,7,,0,2,2,1,B01
201900026994,1,14,,0,2,3,11,A01
201900026995,2,7,,0,2,4,2,B01
201900026995,2,7,,0,2,1,2,A01
201900026996,1,7,,0,0,1,21,A01
201900026997,1,10,,4,0,1,1,A01
201900026998,2,33,,0,2,8,3,A01
201900026998,2,7,,0,2,2,12,B01
201900026998,2,7,,0,2,8,1,C01
201900026999,1,33,,4,0,1,13,A01
201900027000,2,7,,4,0,1,26,A01
201900027001,1,7,,4,0,2,14,A01
201900027002,2,7,,0,0,9,1,A01
201900027003,2,10,,3,2,8,1,B01
201900027003,2,7,,0,2,7,12,A01
201900027004,2,7,,0,2,6,2,B01
201900027004,2,14,,0,2,2,1,A01
201900027005,1,7,,0,2,4,2,B01
201900027005,1,7,,0,2,1,2,A01
201900027006,2,7,,0,2,1,1,A01
201900027006,2,7,,0,2,4,1,B01
201900027007,1,32,,0,0,0,3,A01
201900027008,1,7,,0,2,5,1,C01
201900027008,1,7,,0,2,7,12,B01
201900027008,1,32,,0,2,8,3,A01
201900027009,2,10,,0,2,4,1,B01
201900027009,2,10,,0,2,1,1,A01
201900027010,1,7,,0,2,1,2,A01
201900027010,1,7,,0,2,6,1,B01
201900027010,1,7,,0,2,4,1,C01
201900027011,1,7,,0,2,4,1,A01
201900027011,1,33,,0,2,1,1,B01
201900027012,1,7,,3,0,1,1,A01
201900027013,0,99,,0,0,4,0,E01
201900027013,0,7,,0,0,0,0,D01
201900027013,3,7,,0,0,0,0,C01
201900027013,3,7,,0,2,4,0,B01
201900027013,3,7,,0,2,1,26,A01
201900027014,3,1,,0,2,1,1,B01
201900027014,3,7,,0,2,2,15,A01
201900027015,1,7,,0,2,2,2,B01
201900027015,1,33,,0,2,8,2,A01
201900027016,1,32,,0,2,4,2,B01
201900027016,1,30,,0,2,1,2,A01
201900027017,2,7,,0,1,0,26,Z01
201900027018,0,7,,0,2,4,2,B01
201900027018,1,7,,0,2,1,2,A01
201900027019,2,15,,0,2,5,26,B01
201900027019,2,10,,0,2,5,17,A01
201900027020,1,7,,0,2,5,12,A01
201900027020,1,7,,0,2,1,1,B01
201900027021,1,34,,0,2,7,17,B01
201900027021,1,7,,1,0,1,16,A01
201900027022,3,7,,14,0,1,26,A01
201900027023,1,7,,0,2,2,1,B01
201900027023,1,7,,0,2,1,0,C01
201900027023,2,7,,0,2,5,14,A01
201900027024,2,34,,0,2,1,1,B01
201900027024,2,80,,0,2,4,13,A01
201900027025,1,32,,0,2,0,0,B01
201900027025,1,7,,0,2,0,14,A01
201900027026,2,32,,0,2,7,2,A01
201900027026,2,13,,0,0,0,0,B01
201900027027,1,7,,0,2,7,19,A01
201900027027,2,32,,0,2,1,1,B01
201900027028,1,7,,0,1,1,19,A01
201900027029,3,7,,0,2,8,13,B01
201900027030,1,7,,3,0,1,1,A01
201900027031,2,7,,4,0,3,13,A01
201900027032,3,10,,16,0,0,16,A01
201900027033,3,7,,0,2,3,9,A01
201900027033,3,31,,0,2,5,1,A01
201900027034,3,7,,0,2,1,19,A01
201900027034,3,7,,0,2,8,1,B01
201900027035,3,33,,0,2,1,1,A01
201900027035,3,10,,0,2,4,23,B01
201900027036,1,7,,0,2,1,0,B01
201900027036,1,14,,0,2,1,23,A01
201900027037,2,1,,0,6,0,0,B01
201900027037,1,7,,0,2,0,0,A01
201900027038,1,32,,0,2,5,1,B01
201900027038,2,7,,0,2,1,9,A01
201900027039,1,2,,0,0,0,0,A01
201900027040,3,33,,0,2,1,1,B01
201900027040,3,7,,0,2,3,17,A01
201900027041,1,7,,0,1,1,1,A01
201900027042,3,33,,0,2,2,26,A01
201900027042,3,10,,0,0,0,0,B01
201900027043,3,7,,0,2,3,13,A01
201900027043,1,1,,0,2,5,1,B01
201900027044,1,7,,0,2,1,11,A01
201900027044,1,7,,0,2,0,0,B01
201900027045,3,7,,13,0,1,1,A01
201900027046,3,1,,0,2,1,17,A01
201900027046,3,7,,16,0,3,16,B01
201900027047,3,7,,0,2,4,2,B01
201900027047,3,7,,0,2,4,2,D01
201900027047,3,7,,0,2,1,2,A01
201900027047,1,7,,0,2,4,2,E01
201900027047,3,7,,0,2,4,2,C01
201900027048,2,31,,0,0,0,21,A01
201900027049,2,7,,0,2,1,1,B01
201900027049,2,7,,0,2,7,1,A01
201900027050,3,60,,0,0,0,25,A01
201900027051,2,7,,0,2,2,1,A01
201900027051,2,1,,0,2,0,1,B01
201900027052,1,7,,1,0,3,17,A01
201900027053,2,7,,0,2,7,15,A01
201900027053,1,7,,0,2,1,2,B01
201900027054,3,2,,0,1,1,19,A01
201900027055,3,7,,0,1,3,9,A01
201900027056,1,40,,0,6,1,1,A01
201900027056,3,1,,0,4,7,19,B01
201900027057,1,7,,0,2,3,14,A01
201900027057,1,33,,0,2,4,2,C01
201900027057,1,7,,0,2,5,2,B01
201900027058,1,7,,0,2,1,1,A01
201900027058,2,1,,0,2,7,1,B01
201900027059,1,1,,0,0,1,26,B01
201900027060,1,7,,0,1,3,1,A01
201900027061,1,40,,0,1,2,1,A01
201900027062,2,32,,0,2,8,2,B01
201900027062,2,7,,0,2,7,16,A01
201900027063,2,33,,0,2,1,11,B01
201900027063,2,7,,0,2,4,1,C01
201900027063,2,7,,0,2,2,12,A01
201900027064,1,32,,0,0,1,0,A01
201900027065,1,32,,0,2,3,18,A01
201900027065,1,7,,0,2,5,9,B01
201900027066,2,7,,7,0,1,1,A01
201900027066,1,0,,0,2,1,0,A01
201900027067,3,7,,1,0,3,1,A01
201900027068,1,31,,0,1,1,1,A01
201900027069,2,30,,0,2,8,1,A01
201900027069,2,7,,0,2,1,19,B01
201900027070,2,10,,0,0,8,19,B01
201900027070,2,33,,0,2,1,5,A01
201900027071,2,1,,0,2,8,25,B01
201900027071,1,7,,0,2,1,9,A01
201900027072,1,32,,0,1,2,1,A01
201900027073,1,10,,8,2,1,2,A01
201900027074,2,7,,0,1,5,21,A01
201900027075,1,10,,0,2,8,26,B01
201900027075,1,31,,0,2,1,1,A01
201900027076,3,7,,1,1,2,1,A01
201900027077,1,7,,0,0,6,1,B01
201900027077,1,7,,0,2,2,1,A01
201900027078,2,10,,0,1,3,1,A01
201900027079,2,7,,0,2,2,26,A01
201900027079,1,7,,0,2,3,1,B01
201900027080,2,7,,9,0,7,1,A01
201900027081,3,7,,0,2,2,0,B01
201900027081,3,31,,0,2,1,17,A01
201900027082,1,34,,0,2,0,0,A01
201900027082,1,32,,0,2,0,0,B01
201900027083,3,7,,0,1,2,1,A01
201900027084,2,10,,9,1,2,26,A01
201900027085,1,13,,0,2,6,23,B01
201900027085,1,34,,14,0,1,2,A01
201900027086,3,80,,0,2,8,1,B01
201900027086,2,7,,0,2,1,1,A01
201900027087,1,7,,0,2,3,15,B01
201900027087,1,33,,0,2,2,17,A01
201900027088,1,7,,0,2,4,23,C01
201900027088,1,7,,0,2,5,23,B01
201900027088,1,7,,0,2,3,2,A01
201900027089,3,7,,0,1,4,26,A01
201900027090,1,7,,0,1,1,1,A01
201900027091,1,7,,0,2,1,1,B01
201900027091,2,7,,0,2,2,15,A01
201900027092,1,7,,0,2,4,0,C01
201900027092,1,7,,0,2,4,0,B01
201900027092,1,7,,0,2,1,26,A01
201900027093,1,7,,0,1,8,19,A01
201900027094,1,7,,0,0,4,23,B01
201900027094,1,34,,0,2,1,23,A01
201900027095,3,32,,0,2,1,26,B01
201900027095,3,10,,0,2,5,15,A01
201900027096,1,7,,0,2,3,1,A01
201900027096,3,1,,0,2,2,1,B01
201900027097,1,7,,0,1,1,18,A01
201900027098,2,7,,0,2,3,26,B01
201900027098,1,7,,0,2,2,10,A01
201900027099,1,7,,0,1,3,1,A01
201900027100,1,33,,0,2,2,17,B01
201900027100,1,7,,0,2,3,13,A01
201900027101,3,99,,0,2,3,5,B01
201900027101,3,7,,0,2,1,1,A01
201900027102,2,7,,0,1,1,1,A01
201900027103,0,7,,0,0,4,24,A01
201900027104,2,10,,0,2,4,2,B01
201900027104,2,7,,0,2,4,2,C01
201900027104,2,7,,0,2,1,2,A01
201900027105,2,7,,0,2,1,1,A01
201900027105,1,7,,0,2,2,1,B01
201900027106,1,7,,0,6,3,1,A01
201900027106,1,2,,0,2,1,1,B01
201900027107,2,7,,0,2,1,1,B01
201900027107,1,7,,0,2,1,9,A01
201900027108,2,7,,13,0,9,21,A01
201900027109,2,7,,0,2,3,10,A01
201900027109,2,33,,0,2,1,17,C01
201900027109,2,33,,0,2,1,17,B01
201900027110,1,31,,0,2,2,1,B01
201900027110,2,7,,0,2,3,16,A01
201900027111,1,7,,0,2,3,1,B01
201900027111,0,33,,0,2,1,1,A01
201900027112,1,7,,0,2,1,2,A01
201900027112,1,7,,0,2,4,2,C01
201900027112,1,7,,0,2,4,2,B01
201900027113,2,10,,0,2,6,16,A01
201900027113,1,1,,0,2,1,1,B01
201900027114,1,33,,0,2,3,13,B01
201900027114,1,7,,0,2,3,26,A01
201900027115,3,7,,0,2,3,15,B01
201900027115,3,2,,0,2,1,17,A01
201900027116,2,7,,3,0,9,0,A01
201900027117,2,1,,0,0,4,0,B01
201900027117,2,10,,0,2,1,2,C01
201900027117,2,7,,0,2,1,0,A01
201900027118,0,1,,0,2,0,1,A01
201900027118,0,7,,0,2,1,1,B01
201900027119,1,7,,0,2,3,16,A01
201900027119,3,7,,1,2,3,1,B01
201900027120,1,33,,0,0,0,26,A01
201900027121,2,7,,0,2,1,1,B01
201900027121,1,7,,0,2,1,2,C01
201900027121,1,7,,0,2,1,13,A01
201900027122,3,37,1.0,0,1,3,1,A01
201900027123,1,7,,0,1,2,1,A01
201900027124,1,20,,0,1,2,19,A01