Num_Acc,senc,catv,occutc,obs,obsm,choc,manv,num_veh
201900027125,3,14,,0,-1,1,0,A01
201900027125,3,40,,0,2,2,0,B01
201900027126,1,7,,0,1,2,1,B01
201900027127,0,7,,0,2,1,15,B01
201900027127,0,30,,0,2,1,1,A01
201900027128,1,7,,0,2,1,0,Z01
201900027128,1,34,,0,0,4,23,A01
201900027129,2,7,,0,2,3,1,B01
201900027129,1,30,,0,2,1,13,A01
201900027130,2,7,,0,1,1,1,A01
201900027131,2,7,,0,2,8,16,B01
201900027131,1,33,,0,2,2,3,A01
201900027132,2,7,,0,2,2,1,A01
201900027132,3,7,,0,2,0,1,C01
201900027132,3,7,,0,2,2,1,B01
201900027133,2,7,,0,1,3,1,A01
201900027134,2,7,,0,2,1,2,A01
201900027134,2,7,,0,2,4,2,B01
201900027135,3,7,,0,2,4,2,B01
201900027135,3,7,,0,1,1,2,A01
201900027136,3,7,,0,2,4,2,B01
201900027136,3,7,,0,2,1,2,A01
201900027137,1,7,,0,2,1,1,B01
201900027137,2,7,,0,2,1,5,A01
201900027138,3,10,,0,2,1,15,A01
201900027138,3,10,,0,2,8,1,B01
201900027139,2,7,,0,1,1,26,A01
201900027140,2,30,,0,2,1,26,A01
201900027140,1,37,1.0,0,2,2,26,B01
201900027141,2,33,,0,1,1,21,A01
201900027142,0,7,,0,1,2,15,A01
201900027143,1,15,,0,1,3,9,A01
201900027144,1,7,,0,1,1,1,A01
201900027145,2,1,,0,2,1,9,B01
201900027145,1,1,,0,2,1,5,A01
201900027146,1,1,,0,2,1,1,A01
201900027146,1,7,,0,2,2,16,B01
201900027147,1,7,,0,2,4,2,B01
201900027147,1,7,,0,2,1,2,A01
201900027148,1,7,,0,1,1,1,A01
201900027149,1,7,,0,2,4,2,C01
201900027149,1,7,,0,2,1,2,B01
201900027149,1,7,,0,2,1,2,A01
201900027150,1,30,,0,1,1,1,A01
201900027151,2,7,,2,2,1,1,B01
201900027151,1,7,,1,2,7,15,A01
201900027152,3,7,,6,0,1,16,A01
201900027153,2,14,,0,6,3,16,A01
201900027153,1,1,,0,2,7,15,B01
201900027154,0,32,,0,1,1,1,A01
201900027155,0,7,,0,2,9,13,A01
201900027155,0,7,,0,2,8,1,B01
201900027156,0,7,,0,2,7,1,B01
201900027156,0,7,,0,2,1,19,A01
201900027157,1,2,,0,2,0,0,B01
201900027157,2,7,,0,2,0,15,A01
201900027158,0,7,,0,1,4,4,A01
201900027159,1,30,,0,1,1,1,A01
201900027160,2,30,,0,1,1,3,A01
201900027161,1,31,,0,2,7,3,B01
201900027161,2,7,,0,2,1,15,A01
201900027162,2,21,,0,2,1,1,A01
201900027162,2,7,,0,2,4,1,B01
201900027163,2,30,,0,2,1,1,B01
201900027163,1,7,,0,2,1,15,A01
201900027164,2,7,,0,1,1,1,A01
201900027165,3,7,,0,2,1,5,A01
201900027165,3,7,,0,2,8,1,B01
201900027166,2,7,,0,2,2,15,A01
201900027166,1,2,,0,2,1,1,B01
201900027167,2,7,,0,2,4,16,B01
201900027167,2,2,,0,2,8,1,C01
201900027167,2,10,,0,2,1,1,A01
201900027168,3,7,,0,1,1,26,A01
201900027169,1,32,,8,0,1,26,A01
201900027170,3,7,,0,2,3,2,A01
201900027170,3,7,,0,2,5,0,B01
201900027171,0,1,,1,2,1,0,B01
201900027171,1,7,,0,2,8,22,A01
201900027172,2,30,,14,0,0,26,A01
201900027173,1,7,,0,1,1,15,A01
201900027174,1,99,,0,1,3,26,A01
201900027175,0,7,,0,2,2,0,B01
201900027175,2,7,,0,2,3,0,A01
201900027176,1,7,,0,1,1,2,A01
201900027177,1,33,,13,2,2,2,B01
201900027177,2,10,,0,2,2,15,A01
201900027178,1,2,,0,2,7,1,B01
201900027178,1,7,,0,2,1,1,A01
201900027179,3,7,,0,2,8,1,B01
201900027179,3,7,,0,2,1,1,A01
201900027180,3,31,,0,2,2,1,B01
201900027180,3,7,,0,2,7,20,A01
201900027181,3,7,,0,1,0,1,Z01
201900027182,1,7,,0,2,1,1,B01
201900027182,2,7,,3,2,5,17,A01
201900027183,1,7,,0,1,3,26,A01
201900027184,2,32,,16,0,8,1,A01
201900027185,1,7,,0,1,1,15,A01
201900027186,1,14,,8,2,5,2,A01
201900027186,1,3,,0,2,2,1,B01
201900027187,1,1,,0,2,0,0,B01
201900027187,1,7,,0,9,0,0,A01
201900027188,1,1,,0,2,0,0,B01
201900027188,1,7,,0,9,0,0,A01
201900027189,3,7,,2,0,1,26,A01
201900027190,1,2,,0,2,1,6,B01
201900027190,1,7,,0,2,3,1,A01
201900027191,1,0,,0,1,2,0,Z01
201900027192,3,33,,0,2,8,15,B01
201900027192,3,10,,0,2,2,17,A01
201900027193,0,7,,0,1,0,15,A01
201900027194,0,7,,0,2,4,1,B01
201900027194,0,7,,0,2,1,1,A01
201900027195,2,7,,0,2,7,17,C01
201900027195,2,7,,0,2,9,2,B01
201900027195,2,1,,0,2,4,26,A01
201900027196,3,1,,0,1,1,25,A01
201900027197,1,7,,0,2,6,15,Z01
201900027197,1,1,,0,2,3,19,B01
201900027198,3,7,,0,1,2,1,A01
201900027199,1,7,,0,2,3,26,A01
201900027199,1,33,,0,2,1,1,B01
201900027200,1,7,,0,1,1,1,A01
201900027201,1,7,,0,2,7,15,B01
201900027201,2,7,,0,2,1,9,A01
201900027202,1,3,,0,1,2,1,A01
201900027203,1,31,,0,2,4,0,B01
201900027203,1,7,,0,2,1,26,A01
201900027204,3,1,,0,2,8,1,B01
201900027204,3,7,,0,2,0,16,A01
201900027205,1,7,,0,2,2,2,A01
201900027205,1,7,,0,2,3,9,B01
201900027206,1,7,,0,1,1,9,A01
201900027207,3,7,,7,2,2,1,A01
201900027207,3,7,,0,2,3,10,B01
201900027208,1,30,,0,1,1,17,A01
201900027209,0,7,,0,2,1,26,A01
201900027209,0,2,,0,2,3,1,B01
201900027210,3,99,,6,0,1,26,A01
201900027211,2,7,,0,2,2,15,A01
201900027211,1,1,,0,2,1,1,B01
201900027212,3,30,,0,0,0,21,A01
201900027212,3,7,,0,0,0,23,B01
201900027213,0,7,,0,2,2,26,A01
201900027213,3,1,,0,2,1,13,B01
201900027214,2,7,,0,2,3,23,C01
201900027214,1,7,,0,2,1,1,B01
201900027214,2,7,,0,2,2,15,A01
201900027215,2,7,,0,0,9,1,A01
201900027216,2,7,,0,1,1,1,A01
201900027217,1,33,,0,2,1,21,B01
201900027217,1,7,,0,2,8,15,A01
201900027218,1,7,,0,1,8,15,A01
201900027218,1,33,,0,2,1,21,B01
201900027219,2,33,,0,2,1,1,B01
201900027219,1,7,,0,2,3,13,A01
201900027220,2,7,,1,0,3,13,A01
201900027221,2,7,,0,2,4,1,B01
201900027221,2,7,,0,2,1,1,A01
201900027222,0,7,,2,0,1,1,A01
201900027223,2,7,,0,1,7,1,A01
201900027224,1,7,,0,2,4,23,B01
201900027224,1,30,,0,2,1,26,A01
201900027225,1,7,,0,1,1,26,A01
201900027226,1,10,,0,2,8,15,A01
201900027226,1,33,,0,2,1,17,B01
201900027227,3,7,,0,1,1,1,A01
201900027228,1,7,,0,2,3,26,A01
201900027228,2,7,,0,2,1,1,B01
201900027229,2,7,,0,1,1,1,A01
201900027230,1,7,,0,1,1,1,A01
201900027231,1,7,,0,2,2,9,B01
201900027231,1,33,,0,2,1,1,A01
201900027232,1,7,,0,2,1,2,B01
201900027232,1,7,,0,2,5,2,A01
201900027233,1,7,,0,2,4,16,B01
201900027233,1,2,,0,2,1,2,A01
201900027234,3,7,,0,2,0,0,Z01
201900027234,3,7,,0,2,1,0,B01
201900027235,2,10,,0,1,2,1,A01
201900027236,2,30,,0,2,1,1,A01
201900027236,2,7,,0,2,5,1,B01
201900027237,1,2,,0,2,1,1,B01
201900027237,1,7,,0,2,8,10,A01
201900027238,1,7,,0,2,7,1,B01
201900027238,1,7,,0,2,3,0,A01
201900027239,2,7,,0,6,2,15,A01
201900027239,2,1,,0,2,1,1,B01
201900027240,1,7,,0,1,1,16,A01
201900027241,1,7,,15,0,2,0,A01
201900027242,1,33,,0,0,4,1,A01
201900027243,1,7,,0,1,1,1,A01
201900027244,2,7,,0,1,1,14,Z01
201900027245,1,31,,0,2,1,1,B01
201900027245,1,7,,0,2,1,15,A01
201900027246,3,1,,0,2,1,5,A01
201900027246,2,50,,0,2,1,1,B01
201900027247,3,2,,0,2,1,1,B01
201900027247,3,7,,0,2,1,15,A01
201900027248,3,7,,0,2,1,15,A01
201900027248,3,31,,0,2,1,1,B01
201900027249,3,2,,1,0,1,0,A01
201900027250,1,31,,0,2,1,1,B01
201900027250,1,7,,0,2,2,16,A01
201900027251,2,7,,0,2,3,9,A01
201900027251,1,1,,0,2,6,1,B01
201900027252,2,10,,0,2,1,1,A01
201900027252,2,7,,0,2,4,1,B01
201900027253,1,17,,0,2,6,1,B01
201900027253,1,7,,0,2,2,21,A01
201900027254,2,7,,4,0,7,14,A01
201900027255,2,7,,0,2,1,2,A01
201900027255,2,7,,0,2,4,1,B01
201900027255,2,7,,0,2,4,1,C01
201900027256,1,7,,1,0,2,14,A01
201900027257,1,30,,12,0,1,13,A01
201900027258,1,7,,0,2,2,1,A01
201900027258,3,1,,0,2,1,19,B01
201900027259,2,7,,1,0,3,13,A01
201900027260,1,7,,0,2,1,2,A01
201900027260,1,7,,0,2,4,2,B01
201900027260,1,7,,0,2,4,2,C01
201900027261,2,7,,0,2,1,2,A01
201900027261,2,7,,0,2,4,23,B01
201900027261,2,7,,0,2,4,23,C01
201900027262,1,37,1.0,0,1,2,1,A01
201900027263,2,7,,0,2,4,1,B01
201900027263,2,30,,0,2,1,2,A01
201900027264,2,7,,0,2,8,1,B01
201900027264,2,14,,0,2,7,12,A01
201900027265,1,7,,0,2,1,2,A01
201900027265,1,7,,0,2,4,1,B01
201900027266,2,1,,0,2,7,1,B01
201900027266,2,7,,0,2,1,16,A01
201900027267,1,7,,13,0,1,14,A01
201900027268,1,33,,0,2,7,1,B01
201900027268,2,10,,0,2,3,9,A01
201900027269,1,7,,0,2,1,2,A01
201900027269,1,7,,0,2,4,1,B01
201900027270,2,30,,0,0,8,15,A01
201900027271,2,31,,13,0,7,14,A01
201900027272,1,7,,0,1,8,17,A01
201900027273,2,7,,0,2,4,0,B01
201900027273,2,7,,0,2,1,2,A01
201900027274,1,7,,0,1,0,1,Z01
201900027275,1,7,,0,2,1,1,B01
201900027275,2,10,,0,2,2,1,A01
201900027276,1,1,,0,2,1,1,A01
201900027276,1,7,,0,2,8,1,B01
201900027277,1,13,,0,2,3,1,B01
201900027277,1,10,,0,2,1,13,A01
201900027278,3,7,,0,2,1,1,B01
201900027278,3,7,,0,2,8,9,A01
201900027279,2,2,,0,2,1,1,B01
201900027279,2,7,,0,2,5,15,A01
201900027280,2,7,,0,1,3,1,A01
201900027281,1,7,,0,2,1,19,A01
201900027281,1,7,,0,2,8,1,B01
201900027282,1,7,,0,1,1,20,A01
201900027283,1,7,,0,2,0,21,Z01
201900027283,1,1,,0,2,1,1,B01
201900027284,1,7,,0,2,8,0,B01
201900027284,1,7,,0,2,0,0,A01
201900027285,1,1,,0,6,0,0,A01
201900027285,1,1,,0,6,0,0,Z01
201900027286,1,7,,0,1,1,1,A01
201900027287,1,7,,0,2,1,1,Z01
201900027287,1,7,,0,2,4,1,B01
201900027288,1,33,,0,0,0,0,B01
201900027288,1,7,,0,2,1,1,Z01
201900027289,1,7,,0,2,1,13,A01
201900027289,1,7,,1,2,1,1,B01
201900027290,1,7,,0,1,4,20,A01
201900027291,1,7,,0,2,1,1,Z01
201900027291,1,7,,0,2,6,1,B01
201900027292,1,7,,0,9,1,15,A01
201900027292,1,33,,0,2,1,1,B01
201900027293,1,33,,0,2,1,1,B01
201900027293,1,7,,0,2,5,15,A01
201900027294,1,7,,0,1,1,1,A01
201900027295,2,7,,2,0,2,1,A01
201900027296,3,7,,13,0,0,13,A01
201900027297,1,7,,0,2,3,23,B01
201900027297,2,32,,0,2,3,13,A01
201900027298,1,7,,13,0,1,14,A01
201900027299,0,7,,0,1,3,15,A01
201900027300,0,7,,0,2,3,2,B01
201900027300,0,7,,0,2,1,2,A01
201900027301,3,7,,0,1,2,1,A01
201900027302,0,15,,0,2,2,1,A01
201900027302,3,7,,0,2,3,15,B01
201900027303,1,7,,0,2,2,9,A01
201900027303,1,1,,0,2,4,1,B01
201900027304,0,10,,1,2,6,14,A01
201900027304,0,7,,8,2,2,21,B01
201900027305,1,7,,9,2,1,15,A01
201900027305,2,7,,9,2,1,1,B01
201900027306,1,7,,0,1,3,1,A01
201900027307,2,7,,1,0,3,1,A01
201900027307,2,7,,0,0,5,23,B01
201900027308,1,10,,0,1,1,15,A01
201900027309,3,7,,0,2,2,1,B01
201900027309,3,2,,1,2,8,9,A01
201900027310,1,10,,0,1,1,1,A01
201900027311,3,10,,0,2,3,13,A01
201900027311,3,7,,3,2,3,1,B01
201900027312,1,10,,0,2,8,1,A01
201900027312,1,1,,0,2,1,16,B01
201900027313,0,7,,0,2,2,1,A01
201900027313,0,7,,0,2,3,9,B01
201900027314,3,10,,0,1,2,1,A01
201900027315,1,7,,0,2,1,2,A01
201900027315,1,17,,0,2,4,1,B01
201900027316,3,10,,0,2,1,1,A01
201900027316,3,10,,0,2,4,1,C01
201900027316,3,10,,0,2,4,1,B01
201900027317,1,7,,0,2,7,1,B01
201900027317,2,1,,0,2,1,1,A01
201900027318,1,7,,2,0,1,13,A01
201900027319,0,7,,1,0,4,24,B01
201900027319,0,7,,1,0,1,2,A01
201900027320,1,7,,8,0,1,1,A01
201900027321,0,37,3.0,0,1,0,21,A01
201900027322,0,33,,14,0,1,1,A01
201900027323,1,1,,0,2,7,1,B01
201900027323,2,7,,0,6,0,9,A01
201900027324,1,7,,0,2,1,17,A01
201900027324,1,7,,0,2,4,15,B01
201900027325,1,7,,0,1,1,1,A01
201900027326,3,7,,0,1,2,1,A01
201900027327,2,7,,0,2,6,1,B01
201900027327,2,30,,0,2,1,1,A01
201900027328,1,7,,0,2,4,1,A01
201900027328,1,33,,0,2,1,2,B01
201900027329,1,10,,0,2,8,19,A01
201900027329,1,37,1.0,0,2,2,1,B01
201900027330,3,30,,0,0,1,1,A01
201900027331,2,1,,0,0,0,1,A01
201900027332,1,7,,0,2,1,2,A01
201900027332,1,7,,0,2,4,2,B01
201900027333,1,1,,1,0,1,1,B01
201900027333,0,7,,0,2,3,22,A01
201900027334,1,2,,0,2,2,9,A01
201900027334,2,7,,0,1,1,1,B01
201900027335,0,7,,0,2,7,15,A01
201900027335,0,2,,0,2,1,1,B01
201900027336,0,7,,1,0,2,1,A01
201900027337,0,7,,6,0,1,13,A01
201900027338,0,7,,0,1,2,1,A01
201900027339,0,7,,8,0,1,1,A01
201900027340,0,7,,0,2,7,1,B01
201900027340,0,7,,0,2,1,1,A01
201900027341,3,10,,2,0,2,1,A01
201900027342,0,7,,0,2,8,9,A01
201900027342,2,1,,0,2,1,1,B01
201900027343,3,7,,6,1,4,4,A01
201900027344,3,7,,0,0,0,16,A01
201900027344,2,2,,0,0,8,1,B01
201900027345,1,7,,0,2,1,1,A01
201900027345,1,7,,0,2,2,1,B01
201900027346,1,33,,0,2,1,0,A01
201900027346,1,7,,0,2,6,0,B01
201900027347,1,7,,0,1,1,1,A01
201900027348,1,2,,0,0,1,1,A01
201900027349,0,7,,0,1,0,0,A01
201900027350,2,35,,0,2,0,1,A01
201900027350,1,7,,0,2,1,0,B01
201900027351,1,2,,0,2,1,0,A01
201900027351,1,14,,0,2,4,0,B01
201900027352,1,7,,0,2,6,0,D01
201900027352,1,7,,0,2,9,0,B01
201900027352,1,7,,0,2,9,0,C01
201900027352,1,7,,0,2,1,0,A01
201900027353,1,7,,0,2,1,0,A01
201900027353,1,33,,0,2,1,0,B01
201900027354,1,7,,1,0,9,0,A01
201900027355,1,7,,0,2,9,0,B01
201900027355,1,15,,0,2,4,17,A01
201900027356,1,2,,0,2,1,0,B01
201900027356,1,7,,0,2,2,0,A01
201900027357,1,7,,0,2,9,0,B01
201900027357,1,7,,0,2,4,0,C01
201900027357,1,7,,0,2,1,0,A01
201900027358,2,7,,0,2,1,1,A01
201900027358,2,7,,0,2,6,1,B01
201900027359,1,7,,0,2,1,1,A01
201900027359,1,7,,0,2,3,9,B01
201900027360,1,33,,0,2,1,1,B01
201900027360,1,1,,0,2,1,1,A01
201900027361,1,7,,0,2,1,1,B01
201900027361,1,7,,0,2,1,15,A01
201900027362,1,7,,0,2,5,0,A01
201900027362,1,33,,0,2,9,0,B01
201900027363,2,10,,0,1,1,1,A01
201900027364,2,7,,6,0,3,1,A01
201900027365,0,33,,0,2,1,1,B01
201900027365,0,7,,0,2,4,1,A01
201900027366,1,7,,0,1,3,1,A01
201900027367,1,7,,0,1,2,1,A01
201900027368,3,14,,10,0,9,14,A01
201900027369,2,50,,0,2,1,1,B01
201900027369,2,10,,0,9,8,10,A01
201900027370,1,7,,0,1,2,11,A01
201900027371,1,7,,0,2,3,13,A01
201900027371,2,7,,0,2,3,1,B01
201900027372,1,2,,0,2,1,2,B01
201900027372,3,7,,0,2,3,16,A01
201900027373,2,7,,13,0,3,1,A01
201900027374,1,7,,0,2,5,13,A01
201900027374,2,7,,0,2,2,2,B01
201900027375,2,7,,0,2,1,1,B01
201900027375,1,7,,0,2,1,13,A01
201900027376,1,7,,12,0,1,1,A01
201900027377,1,7,,15,0,1,0,A01
201900027378,1,7,,3,0,1,1,A01
201900027379,1,43,,14,0,3,1,A01
201900027380,2,7,,0,2,3,1,B01
201900027380,2,15,,0,2,5,12,A01
201900027381,1,7,,0,2,6,4,A01
201900027381,1,13,,0,2,2,1,B01
201900027382,1,7,,6,0,1,5,A01
201900027383,3,7,,0,1,2,1,A01
201900027384,3,2,,1,0,1,0,A01
201900027385,2,7,,12,0,1,26,A01
201900027386,0,7,,0,1,1,1,B01
201900027386,3,7,,0,1,3,1,A01
201900027387,1,7,,0,1,1,1,A01
201900027388,0,7,,0,9,1,9,A01
201900027388,0,1,,0,2,5,1,B01
201900027389,2,7,,0,1,1,15,A01
201900027390,0,7,,0,1,0,19,A01
201900027391,2,7,,0,2,2,15,A01
201900027391,2,2,,0,2,2,15,B01
201900027392,2,7,,12,2,1,1,B01
201900027392,1,7,,12,2,1,13,A01
201900027393,2,7,,0,2,1,1,B01
201900027393,2,7,,0,0,4,1,A01
201900027394,1,7,,0,2,3,13,A01
201900027394,2,17,,0,2,3,1,B01
201900027395,1,7,,6,9,1,14,A01
201900027396,2,7,,0,2,8,26,B01
201900027396,1,7,,0,2,1,1,A01
201900027397,3,7,,6,6,1,21,A01
201900027398,2,10,,0,2,2,9,A01
201900027398,2,34,,0,2,9,9,B01
201900027399,1,7,,0,2,1,1,A01
201900027399,1,7,,0,2,4,1,B01
201900027400,2,7,,0,2,4,2,B01
201900027400,2,7,,0,2,1,1,A01
201900027401,3,31,,0,0,9,2,A01
201900027402,2,14,,0,2,5,1,B01
201900027402,2,7,,0,2,1,2,A01
201900027403,2,7,,4,0,3,1,A01
201900027404,2,7,,4,0,1,1,A01
201900027405,2,33,,0,2,2,3,A01
201900027405,2,7,,0,2,6,1,B01
201900027406,2,31,,0,0,9,3,A01
201900027407,2,7,,0,2,2,12,B01
201900027407,2,33,,0,2,3,3,A01
201900027408,1,7,,1,0,2,2,D01
201900027409,2,7,,16,0,9,1,A01
201900027410,1,7,,4,2,2,13,A01
201900027410,1,33,,0,2,4,1,B01
201900027411,2,7,,0,0,9,1,A01
201900027412,2,31,,0,0,9,1,A01
201900027413,1,15,,0,2,5,2,A01
201900027413,1,7,,0,2,4,2,C01
201900027413,1,7,,0,2,6,2,B01
201900027413,1,15,,0,2,4,2,D01
201900027414,2,7,,0,2,4,23,B01
201900027414,2,7,,0,2,1,2,A01
201900027415,1,34,,0,2,7,14,A01
201900027416,1,7,,4,0,0,1,A01
201900027417,0,7,,0,2,4,23,B01
201900027417,2,30,,0,2,1,2,A01
201900027418,2,7,,12,0,0,0,A01
201900027419,2,33,,0,0,0,1,A01
201900027420,1,7,,0,1,3,15,A01
201900027421,1,7,,0,1,1,15,A01
201900027422,2,7,,0,2,3,13,A01
201900027422,1,7,,0,2,3,0,B01
201900027423,1,7,,4,0,1,1,A01
201900027424,2,7,,0,0,1,1,A01
201900027425,2,7,,0,2,2,1,A01
201900027425,2,2,,1,2,3,1,B01
201900027425,2,37,1.0,0,2,0,0,C01
201900027426,1,40,,0,1,2,0,B01
201900027427,1,2,,0,2,1,9,A01
201900027427,1,7,,0,2,2,1,B01
201900027428,3,3,,14,2,1,1,B01
201900027428,3,30,,14,0,8,19,A01
201900027429,3,7,,0,2,1,1,A01
201900027429,3,33,,0,2,4,1,B01
201900027429,0,7,,0,0,4,1,C01
201900027430,1,7,,0,2,2,1,B01
201900027430,3,7,,0,2,1,9,A01
201900027431,3,7,,0,2,5,12,A01
201900027431,3,33,,0,2,8,3,B01
201900027431,3,7,,0,2,7,2,C01
201900027432,2,2,,0,2,1,1,C01
201900027432,1,10,,0,2,1,26,B01
201900027432,1,7,,0,2,7,26,A01
201900027433,2,10,,0,1,3,0,A01
201900027434,2,10,,0,2,3,15,A01
201900027434,1,1,,0,2,3,1,B01
201900027435,1,10,,0,2,1,1,A01
201900027435,1,7,,0,0,8,1,B01
201900027436,1,7,,0,-1,3,15,A01
201900027436,1,40,,0,2,2,1,B01
201900027437,2,7,,0,1,2,1,A01
201900027438,2,10,,0,2,1,1,A01
201900027438,2,10,,0,2,9,1,B01
201900027438,2,10,,0,2,2,1,C01
201900027438,2,10,,0,2,5,0,D01
201900027439,3,7,,0,2,2,11,B01
201900027439,3,1,,0,2,1,5,A01
201900027440,1,31,,0,2,1,2,A01
201900027440,1,10,,0,2,5,2,B01
201900027441,3,7,,0,2,6,21,A01
201900027441,3,1,,0,2,1,21,B01
201900027442,0,7,,0,2,3,1,B01
201900027442,0,7,,0,2,3,15,A01
201900027443,2,31,,0,0,8,20,A01
201900027444,0,10,,0,1,4,4,A01
201900027445,0,7,,0,1,1,19,A01
201900027446,0,7,,0,1,3,15,A01
201900027446,0,15,,0,2,3,26,Y01
201900027447,1,7,,0,9,3,1,A01
201900027447,1,1,,0,2,1,19,B01
201900027448,0,1,,0,2,1,5,A01
201900027448,0,7,,0,2,3,16,B01
201900027449,3,7,,0,1,4,20,Z01
201900027450,1,33,,0,1,1,1,A01
201900027451,1,7,,0,1,1,1,A01
201900027452,1,7,,7,0,2,1,A01
201900027453,0,7,,0,2,7,0,B01
201900027453,2,7,,0,2,1,9,A01
201900027454,3,7,,0,2,1,1,B01
201900027454,1,99,,0,2,2,1,A01
201900027455,1,2,,0,2,1,2,B01
201900027455,3,7,,0,2,3,15,A01
201900027456,1,7,,0,2,2,1,A01
201900027456,1,1,,0,2,4,1,B01
201900027457,1,37,1.0,0,1,1,15,A01
201900027458,1,7,,0,1,1,9,A01
201900027459,2,1,,0,2,3,1,B01
201900027459,1,7,,0,2,1,1,A01
201900027460,1,7,,0,1,1,1,A01
201900027461,1,7,,0,1,1,1,A01
201900027462,1,33,,0,0,1,1,A01
201900027463,1,7,,0,0,0,1,A01
201900027464,2,7,,0,2,1,1,B01
201900027464,2,7,,0,2,2,19,A01
201900027465,1,30,,0,0,1,1,A01
201900027466,1,10,,0,2,2,2,A01
201900027466,1,7,,0,2,6,2,B01
201900027467,1,7,,9,0,1,1,A01
201900027468,2,3,,0,2,8,19,B01
201900027468,2,7,,0,2,1,19,A01
201900027469,1,7,,3,2,4,1,B01
201900027469,1,7,,3,2,3,11,A01
201900027470,1,7,,2,0,1,13,A01
201900027471,0,7,,0,1,2,9,A01
201900027472,1,7,,0,2,1,0,B01
201900027472,1,1,,0,2,1,0,A01
201900027473,1,80,,0,2,0,0,A01
201900027474,2,7,,0,1,1,1,A01
201900027475,2,7,,0,2,3,15,A01
201900027475,1,2,,0,2,3,1,B01
201900027476,3,1,,0,2,1,1,B01
201900027476,3,7,,0,2,2,16,A01
201900027477,3,1,,0,2,8,1,B01
201900027477,3,7,,0,2,1,15,A01
201900027478,3,7,,0,2,1,15,A01
201900027478,3,50,,0,2,7,1,B01
201900027479,3,80,,0,2,8,1,A01
201900027479,1,7,,0,2,7,1,B01
201900027480,1,30,,0,1,1,1,A01
201900027481,1,7,,0,2,8,15,B01
201900027481,1,33,,0,2,1,1,A01
201900027482,2,7,,0,2,1,2,A01
201900027482,2,7,,0,2,4,2,B01
201900027482,2,7,,0,2,4,1,C01
201900027483,0,7,,0,2,3,1,A01
201900027483,0,1,,0,2,1,1,B01
201900027484,1,31,,0,2,8,1,B01
201900027484,1,7,,0,2,2,19,A01
201900027485,1,7,,0,2,2,15,A01
201900027485,1,33,,0,2,7,1,B01
201900027486,2,7,,0,2,4,2,B01
201900027486,2,7,,0,2,1,2,A01
201900027487,2,30,,0,0,8,1,A01
201900027488,3,7,,0,1,4,4,A01
201900027489,1,7,,0,0,4,1,B01
201900027489,1,7,,0,2,1,1,A01
201900027490,1,7,,0,1,1,1,A01
201900027491,2,7,,0,2,1,15,A01
201900027491,1,2,,0,0,1,1,B01
201900027492,2,7,,0,2,4,23,A01
201900027492,2,7,,0,2,4,23,C01
201900027493,1,7,,0,1,1,1,A01
201900027494,3,7,,0,2,4,0,C01
201900027494,3,7,,0,2,6,23,B01
201900027494,3,7,,0,2,2,12,A01
201900027495,3,10,,0,2,3,15,A01
201900027495,3,31,,0,2,7,15,B01
201900027496,1,7,,4,2,1,2,A01
201900027496,1,7,,4,2,4,2,B01
201900027497,2,30,,0,2,1,17,A01
201900027497,2,7,,0,0,6,13,B01
201900027498,2,7,,0,1,1,0,A01
201900027499,1,7,,0,1,0,1,A01
201900027500,1,7,,0,1,3,26,A01
201900027501,1,32,,12,0,1,7,A01
201900027502,1,7,,0,2,7,15,A01
201900027502,2,33,,0,2,1,1,B01
201900027503,2,30,,0,1,8,1,A01
201900027504,0,32,,14,0,7,8,A01
201900027505,2,10,,0,2,7,16,B01
201900027505,2,32,,0,2,8,18,A01
201900027506,1,7,,8,0,1,1,A01
201900027507,1,15,,0,1,2,1,A01
201900027508,1,38,1.0,0,1,4,4,A01
201900027509,2,34,,0,0,8,16,A01
201900027510,3,34,,0,2,7,1,A01
201900027510,3,7,,0,2,1,1,Z01
201900027511,0,7,,0,1,4,20,A01
201900027512,3,33,,14,0,1,13,A01
201900027513,2,7,,0,1,1,16,A01
201900027514,1,2,,0,2,1,1,B01
201900027514,0,7,,0,2,8,15,A01
201900027515,2,7,,0,2,3,13,A01
201900027515,2,30,,0,2,2,1,B01
201900027516,2,10,,0,2,2,1,A01
201900027516,2,7,,0,2,1,1,B01
201900027517,2,31,,0,2,1,1,B01
201900027517,1,31,,0,2,7,15,A01
201900027518,1,30,,0,0,8,1,A01
201900027519,1,30,,0,2,1,1,B01
201900027519,2,7,,0,2,2,1,A01
201900027520,1,10,,0,1,4,4,A01
201900027521,1,7,,9,0,3,15,B01
201900027521,2,7,,9,0,2,5,A01
201900027522,1,7,,0,2,1,2,A01
201900027522,1,7,,0,2,4,2,B01
201900027523,2,10,,0,1,0,1,A01
201900027524,1,32,,0,2,1,11,A01
201900027524,1,7,,0,2,6,23,B01
201900027525,2,32,,0,2,7,26,A01
201900027526,1,7,,0,1,1,15,A01
201900027527,1,30,,0,2,8,16,B01
201900027527,2,37,1.0,0,2,1,15,A01
201900027528,1,33,,0,1,1,3,A01
201900027529,2,7,,9,0,2,19,B01
201900027529,2,7,,0,2,1,19,A01
201900027530,3,1,,1,0,1,1,B01
201900027530,3,7,,0,2,8,1,A01
201900027531,3,7,,12,0,1,1,A01
201900027532,1,7,,0,2,2,1,A01
201900027532,2,32,,0,2,1,1,B01
201900027533,1,34,,0,0,1,14,A01
201900027534,2,7,,0,1,0,1,Z01
201900027535,3,7,,0,2,4,2,B01
201900027535,3,14,,0,2,4,2,A01