Num_Acc,senc,catv,occutc,obs,obsm,choc,manv,num_veh
201900027536,3,3,,0,2,1,1,B01
201900027536,3,3,,0,2,8,1,A01
201900027537,1,7,,0,2,1,0,A01
201900027537,0,7,,0,2,1,0,B01
201900027538,1,10,,0,1,1,2,A01
201900027539,1,7,,0,1,2,1,A01
201900027540,1,30,,0,0,0,1,A01
201900027541,2,7,,0,1,8,26,A01
201900027542,1,7,,0,2,8,15,B01
201900027542,1,34,,0,2,1,17,A01
201900027543,1,33,,0,2,1,26,A01
201900027543,1,7,,0,2,6,15,B01
201900027544,1,7,,0,2,5,1,B01
201900027544,1,34,,0,2,2,1,A01
201900027545,2,7,,0,1,2,16,A01
201900027546,3,7,,0,2,6,1,B01
201900027546,3,15,,0,2,2,12,A01
201900027547,3,10,,0,1,1,15,A01
201900027548,1,0,,0,2,1,26,B01
201900027548,2,3,,0,1,6,15,A01
201900027549,1,13,,0,2,1,2,A01
201900027549,1,10,,0,2,8,0,B01
201900027550,1,7,,6,0,2,15,A01
201900027551,1,7,,0,2,2,21,A01
201900027551,1,1,,0,2,0,0,B01
201900027552,1,7,,0,2,3,15,A01
201900027552,1,31,,0,2,1,1,B01
201900027553,1,7,,0,1,1,1,A01
201900027554,2,7,,0,1,1,1,A01
201900027555,1,34,,11,0,1,17,A01
201900027556,1,7,,0,2,1,1,A01
201900027556,1,7,,0,2,4,1,B01
201900027557,2,7,,0,2,1,1,B01
201900027557,2,10,,0,2,6,9,A01
201900027558,2,7,,0,2,1,23,C01
201900027558,2,33,,0,2,1,1,B01
201900027558,2,7,,0,2,1,15,A01
201900027559,1,31,,0,2,8,1,B01
201900027559,2,7,,0,2,1,15,A01
201900027560,2,32,,0,1,1,3,A01
201900027561,0,7,,0,2,0,0,B01
201900027561,0,7,,0,2,7,1,A01
201900027562,1,7,,0,1,3,15,A01
201900027563,1,7,,0,2,4,2,B01
201900027563,0,10,,0,2,1,2,A01
201900027564,1,7,,0,1,2,1,A01
201900027565,1,7,,0,1,1,1,A01
201900027566,1,7,,0,2,3,22,A01
201900027566,1,32,,0,2,2,17,B01
201900027567,2,7,,0,2,3,15,A01
201900027567,1,2,,0,2,3,1,B01
201900027568,1,32,,0,2,1,1,B01
201900027568,2,7,,0,2,2,15,A01
201900027569,1,7,,0,2,3,15,A01
201900027569,1,2,,0,2,3,26,B01
201900027570,2,7,,0,2,4,2,C01
201900027570,2,7,,0,2,6,1,B01
201900027570,2,10,,0,2,1,1,A01
201900027571,2,7,,0,1,1,1,A01
201900027572,1,2,,0,2,3,1,B01
201900027572,2,7,,0,2,3,15,A01
201900027573,1,7,,0,2,7,1,A01
201900027573,3,7,,0,2,1,1,B01
201900027574,2,7,,0,2,5,2,B01
201900027574,2,30,,0,2,2,2,A01
201900027575,2,7,,0,2,1,1,A01
201900027575,1,7,,0,2,1,13,B01
201900027576,3,7,,0,1,0,26,A01
201900027577,3,7,,0,1,8,1,A01
201900027578,3,7,,0,1,7,1,A01
201900027579,3,1,,0,2,0,2,B01
201900027579,3,15,,0,9,0,9,A01
201900027580,1,7,,0,1,1,1,A01
201900027581,2,7,,0,1,1,1,A01
201900027582,2,7,,0,2,1,1,A01
201900027582,1,7,,0,2,1,1,B01
201900027583,1,7,,0,2,1,15,B01
201900027583,1,33,,0,2,1,1,A01
201900027584,1,7,,0,9,1,1,A01
201900027584,1,1,,0,2,1,1,B01
201900027585,1,30,,0,2,1,0,B01
201900027585,1,21,,0,2,5,26,A01
201900027586,3,7,,13,0,9,26,A01
201900027587,2,2,,0,2,1,1,B01
201900027587,1,7,,0,2,3,1,A01
201900027588,0,7,,0,1,1,1,A01
201900027589,1,7,,0,1,1,1,A01
201900027590,1,7,,0,1,1,1,A01
201900027591,1,7,,0,1,1,16,A01
201900027592,0,7,,0,2,8,1,B01
201900027592,0,10,,0,2,2,9,A01
201900027593,1,7,,0,2,1,0,B01
201900027593,1,7,,0,2,1,0,A01
201900027594,1,7,,0,2,4,0,A01
201900027594,1,7,,0,2,2,0,B01
201900027595,0,1,,0,2,0,0,B01
201900027595,1,7,,0,2,0,0,A01
201900027596,1,7,,0,1,0,0,A01
201900027597,1,7,,0,1,0,0,A01
201900027598,1,7,,0,2,0,0,A01
201900027598,1,1,,0,2,5,0,B01
201900027599,1,7,,0,1,2,0,A01
201900027600,1,7,,0,2,2,0,B01
201900027600,1,7,,0,2,1,0,A01
201900027601,1,7,,3,0,2,1,A01
201900027602,0,7,,1,0,1,1,A01
201900027603,2,7,,0,1,5,1,A01
201900027604,1,7,,0,2,2,1,B01
201900027604,1,34,,0,2,1,15,A01
201900027605,1,1,,0,2,7,1,B01
201900027605,1,7,,0,2,3,1,A01
201900027606,1,33,,14,0,1,15,A01
201900027607,1,7,,0,1,7,1,A01
201900027608,1,7,,0,1,1,1,A01
201900027609,1,7,,0,2,1,5,Z01
201900027609,2,7,,0,2,1,1,B01
201900027610,1,30,,12,0,7,14,A01
201900027611,3,7,,0,1,3,9,A01
201900027612,1,37,1.0,0,2,5,21,A01
201900027612,1,1,,0,2,1,1,B01
201900027613,1,7,,0,1,2,16,A01
201900027614,0,10,,0,1,7,26,A01
201900027615,1,7,,0,2,4,1,B01
201900027615,1,33,,0,2,1,1,A01
201900027616,0,7,,0,2,4,1,B01
201900027616,0,7,,0,2,1,1,A01
201900027617,0,7,,0,1,1,1,A01
201900027618,0,7,,0,2,6,1,C01
201900027618,0,14,,0,2,2,1,B01
201900027618,0,7,,0,2,1,1,A01
201900027619,0,2,,0,2,1,1,A01
201900027619,0,7,,0,2,5,1,B01
201900027620,0,7,,0,1,1,1,A01
201900027621,0,1,,0,2,4,1,C01
201900027621,0,1,,0,2,4,1,B01
201900027621,0,7,,0,2,0,1,A01
201900027622,2,30,,0,2,1,1,B01
201900027622,1,7,,0,2,1,15,A01
201900027623,0,7,,0,2,2,1,D01
201900027623,0,7,,0,2,0,1,C01
201900027623,0,7,,0,2,1,1,B01
201900027623,0,7,,0,2,1,13,A01
201900027624,1,7,,0,1,1,1,A01
201900027625,1,1,,0,2,1,0,B01
201900027625,1,7,,0,2,1,15,A01
201900027626,1,7,,0,0,0,11,B01
201900027626,1,33,,14,0,1,13,A01
201900027627,2,33,,0,2,1,17,B01
201900027627,1,7,,0,2,1,9,A01
201900027628,2,37,1.0,0,2,3,23,B01
201900027628,2,31,,0,2,1,13,A01
201900027629,0,7,,0,2,1,15,A01
201900027629,0,32,,0,2,8,1,B01
201900027630,3,7,,0,0,1,26,B01
201900027630,1,10,,0,2,2,20,A01
201900027631,0,7,,0,2,1,1,A01
201900027631,0,7,,0,2,4,1,B01
201900027632,0,7,,0,2,1,1,B01
201900027632,0,7,,0,2,1,15,A01
201900027633,3,7,,8,0,1,16,A01
201900027634,1,7,,0,2,1,1,A01
201900027634,1,7,,0,2,8,1,B01
201900027635,1,7,,0,1,2,1,A01
201900027636,2,7,,0,1,1,1,A01
201900027637,2,7,,0,1,1,1,A01
201900027638,2,7,,13,2,1,26,A01
201900027638,2,3,,13,2,4,1,B01
201900027639,1,7,,2,0,3,1,A01
201900027640,1,7,,0,2,2,9,A01
201900027640,2,80,,0,2,5,26,B01
201900027641,3,10,,0,2,1,2,A01
201900027641,3,10,,0,2,4,2,B01
201900027642,3,60,,0,2,1,19,A01
201900027642,3,7,,0,2,7,1,B01
201900027643,1,7,,0,2,1,1,B01
201900027643,1,7,,0,2,0,1,A01
201900027644,1,7,,0,2,2,15,Z01
201900027644,2,30,,0,2,1,1,A01
201900027645,3,33,,0,2,7,1,B01
201900027645,3,7,,0,2,3,13,A01
201900027646,2,7,,0,1,1,1,A01
201900027646,0,0,,0,2,0,19,Y01
201900027647,2,37,0.0,0,1,2,2,A01
201900027648,3,7,,0,2,3,15,B01
201900027648,3,32,,0,2,1,26,A01
201900027649,3,2,,0,2,7,0,B01
201900027649,3,7,,0,2,1,15,A01
201900027650,2,7,,0,1,6,2,A01
201900027651,3,7,,0,1,1,0,A01
201900027652,1,33,,0,0,0,1,A01
201900027653,3,7,,0,2,6,15,A01
201900027653,3,32,,0,2,1,1,B01
201900027654,2,33,,0,0,7,16,A01
201900027655,2,7,,14,2,6,9,A01
201900027655,2,7,,0,2,1,1,B01
201900027656,3,7,,0,2,2,1,B01
201900027656,3,7,,0,2,1,15,A01
201900027657,2,7,,0,2,4,2,C01
201900027657,2,7,,0,2,4,2,B01
201900027657,2,7,,0,2,1,2,A01
201900027658,2,7,,0,2,7,15,B01
201900027658,1,2,,0,2,1,17,A01
201900027659,1,31,,0,2,1,1,B01
201900027659,2,7,,0,2,2,15,A01
201900027660,2,7,,0,1,3,15,A01
201900027661,1,32,,0,1,2,1,A01
201900027662,1,15,,0,2,7,16,A01
201900027662,1,33,,0,2,8,7,B01
201900027663,2,10,,0,2,7,14,A01
201900027663,2,1,,0,2,7,1,B01
201900027664,1,43,,0,2,3,1,B01
201900027664,2,7,,0,2,2,9,A01
201900027665,1,80,,0,2,1,17,B01
201900027665,1,7,,0,2,8,10,A01
201900027666,1,10,,0,2,3,15,A01
201900027666,1,33,,0,2,2,17,B01
201900027667,1,31,,0,1,2,1,A01
201900027668,1,7,,0,1,7,1,A01
201900027669,1,1,,0,2,1,1,B01
201900027669,2,7,,0,2,2,16,A01
201900027670,2,50,,0,1,1,1,A01
201900027671,1,7,,0,1,2,15,A01
201900027672,2,7,,0,1,1,15,A01
201900027673,1,33,,6,2,8,18,B01
201900027673,1,10,,0,2,7,14,A01
201900027674,1,30,,0,2,4,15,A01
201900027674,1,7,,0,2,1,2,Z01
201900027675,1,33,,0,1,1,1,A01
201900027676,1,1,,0,2,1,13,B01
201900027676,1,10,,0,2,2,1,A01
201900027677,2,33,,0,2,1,1,B01
201900027677,1,7,,0,2,2,9,A01
201900027678,2,30,,0,1,8,17,A01
201900027679,2,10,,0,1,3,10,A01
201900027680,1,1,,0,2,1,1,Z01
201900027680,1,1,,0,2,1,13,A01
201900027681,2,7,,0,1,2,1,A01
201900027682,1,31,,0,2,5,16,A01
201900027682,1,32,,0,2,1,1,B01
201900027683,1,1,,0,2,0,17,B01
201900027683,1,1,,0,2,8,13,A01
201900027684,2,1,,0,1,8,1,Z01
201900027685,2,30,,0,0,3,1,A01
201900027686,1,7,,0,2,1,15,A01
201900027686,2,1,,0,2,0,1,B01
201900027687,2,7,,0,1,3,15,A01
201900027688,3,10,,0,2,1,19,B01
201900027688,3,7,,0,2,7,1,A01
201900027689,1,31,,0,2,4,2,B01
201900027689,1,7,,0,2,1,1,A01
201900027690,2,7,,0,2,4,15,C01
201900027690,2,7,,0,2,9,0,B01
201900027690,2,7,,0,2,1,1,A01
201900027691,2,7,,14,1,1,2,A01
201900027692,3,7,,0,2,2,16,Z01
201900027692,3,7,,0,2,3,1,B01
201900027693,1,7,,0,1,1,26,A01
201900027694,2,2,,12,2,4,2,B01
201900027694,2,7,,12,2,1,2,A01
201900027695,1,7,,0,1,1,1,A01
201900027696,3,37,1.0,0,1,2,20,A01
201900027697,1,30,,0,2,1,1,B01
201900027697,1,7,,0,2,5,15,A01
201900027698,1,7,,0,2,2,26,B01
201900027698,1,7,,0,1,1,1,A01
201900027699,2,7,,0,1,1,15,A01
201900027700,1,7,,0,2,3,26,A01
201900027700,2,1,,0,2,3,0,B01
201900027701,2,7,,0,1,2,15,A01
201900027702,1,30,,0,0,7,6,A01
201900027703,2,7,,0,1,7,1,A01
201900027704,2,3,,0,2,1,17,A01
201900027704,2,3,,14,0,4,1,B01
201900027705,2,99,,0,1,6,15,A01
201900027706,1,3,,0,0,4,1,C01
201900027706,1,3,,0,2,4,1,B01
201900027706,1,3,,0,2,1,13,A01
201900027707,2,7,,0,1,7,1,A01
201900027708,1,7,,0,2,5,16,B01
201900027708,1,7,,0,2,2,16,A01
201900027709,3,10,,0,2,2,15,A01
201900027709,3,2,,0,2,3,2,B01
201900027710,2,32,,0,1,1,16,A01
201900027711,1,10,,0,1,3,1,A01
201900027712,2,31,,0,2,1,1,A01
201900027712,1,7,,0,2,2,17,B01
201900027713,2,34,,0,2,2,1,B01
201900027713,3,7,,0,2,3,26,A01
201900027714,1,30,,1,0,1,2,A01
201900027714,1,7,,1,0,4,23,B01
201900027715,3,7,,0,2,3,13,A01
201900027715,3,80,,0,2,1,1,B01
201900027716,2,33,,0,0,0,1,A01
201900027717,2,80,,0,0,0,2,A01
201900027718,0,3,,0,2,7,9,A01
201900027718,0,32,,0,2,1,2,B01
201900027719,1,7,,0,2,3,11,A01
201900027719,1,33,,0,2,7,0,B01
201900027720,2,32,,0,2,0,15,B01
201900027720,1,10,,0,2,3,19,A01
201900027721,1,32,,0,2,4,2,B01
201900027721,1,7,,0,2,1,2,A01
201900027722,1,7,,0,2,8,24,A01
201900027722,1,50,,1,0,1,0,B01
201900027723,1,14,,0,2,0,15,A01
201900027723,2,32,,0,2,0,1,B01
201900027724,1,10,,0,1,3,1,A01
201900027725,1,1,,0,2,1,1,B01
201900027725,0,7,,0,2,3,16,A01
201900027726,2,7,,0,2,3,1,B01
201900027726,2,10,,0,2,3,1,A01
201900027727,1,43,,0,2,1,17,B01
201900027727,1,7,,0,2,8,10,A01
201900027728,1,30,,14,0,8,1,A01
201900027729,1,7,,0,2,4,16,B01
201900027729,1,34,,0,2,1,2,A01
201900027730,1,1,,0,1,0,1,Z01
201900027731,1,33,,0,2,1,1,B01
201900027731,1,10,,0,2,3,9,A01
201900027732,1,7,,0,2,5,23,B01
201900027732,1,7,,0,2,3,16,A01
201900027733,1,31,,0,2,1,5,A01
201900027733,2,7,,0,2,3,1,C01
201900027733,2,7,,0,2,2,15,B01
201900027734,1,30,,0,2,3,9,A01
201900027734,1,7,,0,2,2,17,B01
201900027735,1,13,,0,2,1,2,A01
201900027735,1,10,,0,2,4,23,B01
201900027736,2,7,,0,1,8,7,A01
201900027737,1,7,,0,2,6,1,A01
201900027737,1,30,,0,2,1,1,B01
201900027738,2,2,,0,2,1,17,A01
201900027738,1,10,,0,2,3,15,B01
201900027739,2,30,,0,2,1,1,B01
201900027739,2,7,,0,2,6,10,A01
201900027740,3,2,,0,0,8,1,A01
201900027741,1,30,,0,0,0,1,A01
201900027742,1,17,,1,0,3,17,A01
201900027742,2,10,,16,2,3,16,B01
201900027743,1,7,,0,2,2,15,B01
201900027743,2,33,,0,2,1,1,A01
201900027744,3,7,,0,1,6,1,A01
201900027745,2,7,,0,1,3,15,A01
201900027746,1,7,,0,2,8,20,A01
201900027746,1,34,,0,2,2,1,B01
201900027747,0,3,,0,2,5,1,B01
201900027747,1,3,,0,2,3,9,A01
201900027748,1,7,,0,1,1,1,A01
201900027749,1,7,,0,2,3,1,B01
201900027749,1,7,,0,2,2,26,A01
201900027750,0,13,,1,0,1,0,B01
201900027750,1,7,,0,0,4,23,A01
201900027751,0,7,,0,1,2,1,A01
201900027752,0,7,,0,2,2,17,BA01
201900027752,1,7,,0,0,6,0,B01
201900027752,1,7,,0,0,4,0,C01
201900027753,2,33,,0,2,1,1,A01
201900027753,3,7,,0,2,3,19,B01
201900027753,1,7,,0,9,3,1,C01
201900027754,2,7,,0,2,2,1,A01
201900027754,1,2,,0,2,3,1,B01
201900027755,1,7,,0,2,1,2,B01
201900027755,1,7,,0,2,4,2,A01
201900027756,1,32,,0,1,1,2,A01
201900027756,1,10,,0,2,3,2,B01
201900027757,1,7,,0,2,8,1,B01
201900027757,1,7,,0,2,1,1,A01
201900027758,1,2,,6,0,1,16,A01
201900027759,1,10,,0,1,2,0,A01
201900027760,3,7,,0,2,5,15,A01
201900027761,0,7,,0,0,5,0,B01
201900027761,1,7,,5,0,1,0,A01
201900027762,2,7,,0,1,0,19,A01
201900027763,3,7,,0,2,8,2,B01
201900027763,3,32,,0,2,1,2,A01
201900027764,3,10,,0,2,4,1,A01
201900027764,3,43,,0,2,1,1,B01
201900027765,2,7,,0,2,2,14,Z01
201900027765,2,2,,0,2,8,0,B01
201900027766,2,7,,0,1,1,1,A01
201900027767,2,10,,0,1,1,15,A01
201900027768,1,3,,0,2,3,11,A01
201900027768,2,33,,0,2,1,1,B01
201900027769,3,33,,15,0,1,1,A01
201900027770,0,32,,0,2,4,23,B01
201900027770,3,7,,0,2,1,1,A01
201900027771,2,7,,0,2,8,2,B01
201900027771,2,7,,0,2,1,15,A01
201900027772,2,10,,0,0,1,1,C01
201900027772,1,32,,0,2,7,1,B01
201900027772,3,0,,0,0,0,0,A01
201900027773,3,30,,0,1,1,21,A01
201900027774,2,7,,13,0,1,13,A01
201900027775,3,7,,0,1,2,1,A01
201900027776,1,7,,2,0,1,19,A01
201900027777,1,7,,0,0,5,15,A01
201900027777,1,2,,0,2,1,1,B01
201900027778,1,7,,6,0,8,2,A01
201900027779,2,14,,0,2,2,2,A01
201900027779,2,7,,0,2,6,2,B01
201900027779,2,7,,0,2,5,2,C01
201900027780,3,31,,13,0,2,1,A01
201900027781,2,7,,0,2,3,2,G01
201900027781,2,7,,0,2,6,2,F01
201900027781,2,7,,0,2,1,2,E01
201900027781,2,10,,0,2,1,2,D01
201900027781,2,7,,0,2,1,2,C01
201900027781,2,10,,0,2,6,2,B01
201900027781,2,10,,0,2,1,2,A01
201900027782,2,7,,17,2,1,1,A01
201900027782,3,7,,0,2,8,9,B01
201900027783,2,7,,0,1,4,23,B01
201900027783,2,7,,0,2,1,2,A01
201900027784,1,7,,0,2,1,5,A01
201900027784,2,7,,0,2,1,1,B01
201900027785,1,7,,0,1,2,1,A01
201900027786,1,7,,0,2,1,1,B01
201900027786,1,7,,0,0,4,15,A01
201900027787,2,21,,0,2,8,15,A01
201900027787,2,10,,0,2,2,17,B01
201900027788,2,7,,0,2,1,13,A01
201900027788,1,38,1.0,0,2,1,1,B01
201900027789,1,7,,0,2,1,1,C01
201900027789,1,10,,0,2,1,1,B01
201900027789,1,7,,0,2,4,23,A01
201900027790,1,7,,0,2,3,1,B01
201900027790,2,7,,0,0,6,15,A01
201900027791,3,7,,0,2,1,21,B01
201900027791,3,2,,0,2,1,13,A01
201900027792,3,2,,0,0,0,0,A01
201900027793,2,7,,17,0,1,1,A01
201900027794,2,7,,0,2,1,13,A01
201900027794,1,7,,0,2,1,1,B01
201900027795,2,10,,2,0,3,13,A01
201900027796,2,7,,15,2,2,17,A01
201900027796,1,2,,15,2,1,1,B01
201900027796,1,2,,15,0,0,1,C01
201900027796,2,21,,0,2,0,1,D01
201900027797,3,7,,13,0,1,13,A01
201900027798,1,7,,13,0,2,1,A01
201900027799,1,13,,0,2,4,24,B01
201900027799,1,7,,1,0,1,14,A01
201900027800,1,31,,0,2,1,2,A01
201900027800,1,7,,0,2,6,15,B01
201900027801,1,7,,0,0,9,1,A01
201900027802,3,2,,12,0,1,5,A01
201900027803,3,33,,0,2,1,26,A01
201900027803,0,7,,0,9,1,1,B01
201900027804,1,33,,0,2,0,16,A01
201900027804,1,1,,0,2,8,1,B01
201900027805,2,7,,0,2,6,1,B01
201900027805,1,7,,0,2,3,13,A01
201900027806,2,10,,0,0,4,26,A01
201900027807,2,7,,0,2,3,1,B01
201900027807,1,7,,0,2,2,13,A01
201900027808,1,1,,0,0,2,1,A01
201900027808,2,7,,0,9,3,9,B01
201900027809,2,31,,0,2,7,17,C01
201900027809,2,34,,0,2,2,17,B01
201900027809,2,7,,0,2,6,15,A01
201900027810,1,7,,0,0,6,15,B01
201900027810,1,2,,0,2,1,2,A01
201900027811,1,7,,0,1,1,1,A01
201900027812,0,7,,0,0,3,15,A01
201900027812,0,1,,0,2,5,17,B01
201900027813,1,7,,0,2,4,1,C01
201900027813,1,7,,0,0,4,1,B01
201900027813,1,7,,0,2,1,1,A01
201900027814,2,7,,0,2,1,15,A01
201900027814,1,33,,0,2,8,1,B01
201900027815,1,7,,0,2,5,15,A01
201900027815,2,33,,0,2,1,1,B01
201900027816,1,7,,0,2,1,1,A01
201900027816,1,7,,0,2,2,19,B01
201900027817,1,7,,8,0,2,13,A01
201900027818,0,7,,0,1,1,1,A01
201900027819,2,38,1.0,0,1,7,14,A01
201900027820,2,32,,0,2,7,21,A01
201900027821,2,10,,0,2,4,1,A01
201900027821,2,7,,0,2,4,2,B01
201900027821,2,7,,0,2,1,2,C01
201900027822,1,7,,0,2,4,1,C01
201900027822,1,7,,0,2,5,1,B01
201900027822,1,7,,3,2,2,18,A01
201900027823,2,15,,0,2,4,1,A01
201900027823,2,15,,0,2,1,2,B01
201900027824,2,17,,0,2,1,2,A01
201900027824,2,7,,0,2,4,23,B01
201900027824,2,38,2.0,0,2,1,2,C01
201900027824,2,7,,0,2,4,2,D01
201900027824,2,7,,0,2,4,2,E01
201900027824,2,7,,0,2,4,2,F01
201900027825,1,7,,0,2,3,11,A01
201900027825,1,33,,0,2,7,3,B01
201900027826,2,7,,0,2,6,11,A01
201900027826,2,33,,0,2,2,1,B01
201900027827,2,7,,0,2,1,2,A01
201900027827,2,15,,0,2,4,2,B01
201900027827,2,7,,0,2,4,2,C01
201900027827,2,7,,0,2,4,0,D01
201900027828,2,33,,0,2,3,3,A01
201900027828,2,7,,0,2,5,1,B01
201900027829,1,33,,0,0,0,1,A01
201900027830,1,33,,0,2,7,1,A01
201900027830,1,7,,0,2,8,0,B01
201900027831,2,7,,0,2,1,1,A01
201900027831,2,7,,0,2,4,1,B01
201900027832,1,17,,0,2,4,0,B01
201900027832,1,7,,0,2,1,0,A01
201900027833,2,7,,0,0,4,2,B01
201900027833,2,7,,0,0,1,2,A01
201900027834,2,7,,0,2,8,11,A01
201900027834,2,31,,0,2,7,1,B01
201900027835,2,33,,4,0,2,26,A01
201900027836,2,7,,4,0,8,13,A01
201900027837,2,7,,0,2,4,2,B01
201900027837,2,7,,0,2,1,2,A01
201900027838,1,7,,0,2,4,2,A01
201900027838,1,10,,0,2,1,2,B01
201900027838,1,43,,0,2,2,21,C01
201900027839,2,31,,0,2,8,3,A01
201900027839,2,7,,0,2,5,12,B01
201900027840,3,7,,9,0,1,14,A01
201900027841,1,7,,4,0,1,13,A01
201900027842,0,7,,3,0,1,16,A01
201900027843,1,7,,0,2,3,2,A01
201900027843,1,37,1.0,0,2,2,1,B01
201900027844,3,1,,0,2,4,1,A01
201900027844,3,7,,0,2,0,0,Z01
201900027845,1,30,,0,1,1,1,A01
201900027846,1,7,,0,1,3,1,A01
201900027847,1,34,,0,2,7,17,A01
201900027847,1,7,,0,2,8,15,B01
201900027848,3,33,,0,0,0,26,A01
201900027849,1,43,,0,2,1,1,A01
201900027849,1,1,,0,2,4,13,B01
201900027850,3,1,,0,0,0,26,A01
201900027851,3,33,,0,2,2,17,B01
201900027851,3,10,,0,2,8,15,A01
201900027852,0,10,,0,2,1,16,A01
201900027852,0,10,,0,2,7,1,B01
201900027853,1,7,,0,1,3,1,A01
201900027853,2,50,,0,2,1,1,B01
201900027854,1,7,,0,2,1,1,A01
201900027854,2,37,3.0,0,2,8,15,B01
201900027855,3,0,,0,1,0,1,Z01
201900027856,3,7,,0,2,1,1,B01
201900027856,3,33,,0,2,7,19,A01
201900027857,2,30,,0,1,0,26,A01
201900027858,2,31,,0,2,1,2,A01
201900027858,2,7,,0,2,4,2,B01
201900027859,3,31,,0,2,1,1,B01
201900027859,3,7,,0,2,2,15,A01
201900027860,3,7,,2,0,1,1,A01
201900027861,0,7,,0,1,0,0,A01
201900027862,1,7,,0,2,0,1,B01
201900027862,1,7,,0,2,8,1,A01
201900027863,0,7,,0,2,1,2,A01
201900027863,0,7,,0,2,4,2,B01
201900027864,1,7,,0,2,1,1,B01
201900027864,2,7,,0,2,7,15,A01
201900027865,1,31,,0,2,1,1,B01
201900027865,1,7,,0,2,3,9,A01
201900027866,3,7,,0,2,8,1,B01
201900027866,3,7,,0,2,1,15,A01
201900027867,1,7,,8,0,1,14,A01
201900027868,1,15,,0,2,6,0,B01
201900027868,2,7,,0,2,3,13,A01
201900027869,3,7,,0,1,1,26,A01
201900027870,1,7,,0,1,2,16,A01
201900027871,2,1,,0,2,8,1,B01
201900027871,2,14,,0,2,5,16,A01
201900027872,0,7,,4,6,9,17,A01
201900027873,0,7,,0,2,1,15,A01
201900027873,0,7,,0,2,1,1,B01
201900027874,1,30,,0,2,1,2,A01
201900027874,1,7,,0,2,4,1,B01
201900027875,1,7,,0,2,1,1,A01
201900027875,2,7,,0,2,8,19,B01
201900027876,2,7,,0,1,0,1,A01
201900027877,1,7,,0,2,3,9,A01
201900027877,2,30,,0,2,1,1,B01
201900027878,1,7,,0,1,2,1,A01
201900027879,3,2,,0,2,7,17,A01
201900027880,1,7,,0,2,3,15,A01
201900027880,1,31,,0,2,1,1,B01
201900027881,2,10,,0,1,2,1,A01
201900027882,1,7,,0,1,2,1,A01
201900027883,1,7,,0,2,2,2,A01
201900027883,1,7,,0,2,4,2,B01
201900027884,1,7,,0,2,1,1,A01
201900027884,1,32,,0,2,4,1,B01
201900027885,1,7,,0,2,1,1,A01
201900027885,1,7,,0,2,4,1,B01
201900027886,1,7,,3,0,2,14,A01
201900027887,1,1,,0,2,4,1,B01
201900027887,1,7,,0,2,2,1,A01
201900027888,2,2,,0,2,1,1,A01
201900027888,2,7,,0,2,6,16,B01
201900027889,0,7,,0,2,6,15,A01
201900027889,1,2,,0,2,1,1,B01
201900027890,3,32,,2,0,0,1,A01
201900027891,1,7,,0,2,8,15,B01
201900027891,1,2,,0,2,1,17,A01
201900027892,1,7,,0,0,9,13,A01
201900027893,1,7,,0,2,1,1,B01
201900027893,2,7,,0,2,3,9,A01
201900027894,1,0,,0,2,2,18,B01
201900027894,1,33,,0,2,3,1,A01
201900027895,2,33,,0,0,8,0,A01
201900027896,1,7,,0,2,1,1,A01
201900027896,1,7,,0,2,1,1,B01
201900027897,2,30,,0,2,1,1,A01
201900027897,2,7,,0,2,6,15,B01
201900027898,1,7,,0,1,2,16,A01
201900027899,2,7,,0,1,2,1,A01
201900027900,3,1,,0,2,7,19,Y01
201900027900,3,3,,0,1,1,1,A01
201900027901,1,1,,12,0,1,1,A01
201900027902,1,7,,4,0,8,1,A01
201900027903,3,30,,0,2,1,2,B01
201900027903,1,7,,0,2,4,26,A01
201900027904,3,33,,0,2,0,1,B01
201900027904,1,37,1.0,0,2,2,15,A01
201900027905,2,7,,0,1,3,15,A01
201900027906,1,1,,0,2,1,9,B01
201900027906,1,7,,0,2,3,1,A01
201900027907,1,10,,0,1,2,16,A01
201900027908,2,7,,0,2,1,1,B01
201900027908,1,7,,0,2,1,15,A01
201900027909,2,2,,0,2,0,1,B01
201900027909,1,7,,0,2,1,1,A01
201900027910,0,7,,0,2,1,1,B01
201900027910,0,1,,0,2,2,15,A01
201900027911,0,7,,0,2,8,1,A01
201900027912,0,7,,0,2,9,1,B01
201900027912,0,7,,0,2,4,1,C01
201900027912,0,7,,0,2,1,1,A01
201900027913,0,7,,0,2,3,9,A01
201900027913,0,1,,0,2,1,1,B01
201900027914,0,7,,0,1,2,1,A01
201900027915,0,7,,0,1,0,1,A01
201900027916,1,7,,0,1,1,1,A01
201900027917,1,7,,0,1,1,15,A01
201900027918,1,1,,0,2,1,1,B01
201900027918,1,7,,0,2,6,9,A01
201900027919,3,7,,0,1,1,15,A01
201900027920,2,30,,0,2,1,2,B01
201900027920,2,7,,0,2,8,15,A01
201900027921,1,7,,1,2,6,2,B01
201900027921,1,7,,0,2,2,13,A01
201900027922,1,7,,0,1,1,1,A01
201900027923,2,10,,0,2,8,21,A01
201900027923,2,7,,0,2,3,13,B01
201900027923,2,7,,0,2,3,1,C01
201900027924,2,7,,13,2,3,13,A01
201900027924,1,7,,13,2,3,1,C01
201900027924,2,15,,0,2,3,1,B01
201900027925,0,7,,0,2,0,19,B01
201900027925,1,7,,0,2,1,19,A01
201900027926,2,7,,0,2,2,22,A01
201900027926,1,1,,0,2,0,0,B01