Num_Acc,senc,catv,occutc,obs,obsm,choc,manv,num_veh
201900027927,2,7,,0,2,2,15,A01
201900027927,1,33,,0,2,1,1,B01
201900027928,1,7,,0,2,3,15,A01
201900027928,2,33,,0,2,1,1,B01
201900027929,1,7,,0,1,1,1,A01
201900027930,3,7,,0,2,1,1,A01
201900027930,3,7,,0,2,1,1,B01
201900027931,3,1,,0,2,7,0,B01
201900027931,1,7,,0,2,3,1,Z01
201900027932,1,7,,8,0,1,14,A01
201900027933,2,7,,0,1,1,1,A01
201900027934,2,7,,0,2,1,2,A01
201900027934,2,7,,0,2,4,2,C01
201900027934,2,7,,0,2,4,2,B01
201900027935,3,10,,0,0,8,1,A01
201900027936,1,7,,0,1,3,15,A01
201900027937,2,7,,0,2,3,1,A01
201900027937,1,7,,0,2,3,1,B01
201900027938,3,7,,0,2,1,2,A01
201900027938,3,7,,0,2,1,23,B01
201900027938,3,10,,0,2,4,23,C01
201900027939,1,2,,0,0,1,1,A01
201900027940,1,7,,14,0,9,24,A01
201900027941,1,7,,0,2,2,16,B01
201900027941,2,1,,0,2,1,19,A01
201900027942,0,7,,0,1,2,1,A01
201900027943,2,7,,0,2,1,1,C01
201900027943,2,7,,0,2,1,1,B01
201900027943,2,7,,0,2,1,1,A01
201900027944,1,7,,0,1,2,14,A01
201900027945,2,7,,0,0,1,1,B01
201900027945,1,7,,0,2,1,1,A01
201900027946,2,30,,0,0,0,26,A01
201900027947,2,7,,0,2,2,1,A01
201900027947,2,7,,0,2,4,11,B01
201900027948,2,7,,10,0,1,1,A01
201900027949,2,7,,0,0,4,2,B01
201900027949,2,14,,0,2,1,2,A01
201900027950,0,7,,0,2,5,0,B01
201900027950,2,30,,0,2,1,0,A01
201900027951,1,10,,0,2,0,0,A01
201900027951,1,7,,0,2,0,0,B01
201900027952,2,10,,0,2,1,13,A01
201900027952,1,10,,0,2,1,1,B01
201900027952,2,10,,0,2,6,23,C01
201900027953,3,30,,0,0,0,16,A01
201900027954,2,30,,8,0,3,19,A01
201900027955,1,10,,0,1,2,1,A01
201900027956,1,99,,0,0,0,0,A01
201900027957,1,7,,0,1,1,1,A01
201900027958,3,7,,0,2,3,13,A01
201900027958,3,7,,0,2,3,1,B01
201900027959,1,33,,0,2,8,13,A01
201900027959,1,7,,0,2,2,1,B01
201900027960,1,7,,0,2,4,1,B01
201900027960,1,10,,0,2,1,2,A01
201900027961,0,2,,0,0,0,1,A01
201900027962,1,14,,0,1,1,2,A01
201900027963,1,7,,0,2,4,1,B01
201900027963,1,7,,0,2,4,1,C01
201900027963,1,7,,0,2,1,1,A01
201900027964,3,7,,0,2,1,23,C01
201900027964,3,7,,0,2,2,15,A01
201900027964,3,7,,0,2,1,1,B01
201900027965,2,34,,0,2,9,1,B01
201900027965,1,7,,0,2,0,15,A01
201900027966,2,2,,0,2,3,1,A01
201900027966,2,7,,0,2,3,1,B01
201900027967,2,7,,0,2,6,9,B01
201900027967,2,7,,0,2,1,1,A01
201900027968,1,7,,0,2,1,1,A01
201900027968,1,7,,0,2,4,1,B01
201900027969,1,7,,0,2,4,2,B01
201900027969,1,7,,0,0,4,1,C01
201900027969,1,7,,0,2,1,1,A01
201900027970,1,7,,0,2,4,2,B01
201900027970,1,7,,0,2,1,2,A01
201900027971,1,7,,0,1,3,15,A01
201900027972,0,32,,0,2,8,17,A01
201900027972,0,10,,0,2,6,15,B01
201900027973,2,14,,0,2,1,2,A01
201900027973,2,7,,0,2,4,2,B01
201900027974,3,1,,0,2,7,19,B01
201900027974,3,0,,0,2,7,1,Z01
201900027975,1,10,,0,2,2,15,A01
201900027975,2,1,,0,2,1,1,B01
201900027976,1,10,,0,2,2,15,A01
201900027976,1,10,,0,2,1,1,B01
201900027977,2,7,,4,0,2,1,A01
201900027978,2,7,,0,2,2,15,A01
201900027978,1,2,,0,2,1,1,B01
201900027979,2,7,,0,1,1,1,A01
201900027980,1,1,,0,0,0,1,B01
201900027980,1,17,,0,2,1,16,A01
201900027981,0,7,,0,1,1,1,A01
201900027982,0,2,,0,2,1,1,B01
201900027982,0,7,,0,2,5,16,A01
201900027983,1,7,,0,1,0,13,Z01
201900027984,2,7,,0,2,1,1,B01
201900027984,1,7,,0,2,2,13,A01
201900027985,2,7,,4,0,9,26,A01
201900027986,0,7,,0,1,1,1,A01
201900027987,0,10,,8,2,3,1,A01
201900027987,0,7,,0,2,1,1,B01
201900027988,3,7,,0,1,2,15,A01
201900027989,3,7,,0,2,1,1,A01
201900027989,3,7,,0,2,1,15,B01
201900027990,3,7,,0,2,1,1,A01
201900027990,3,7,,0,2,1,15,B01
201900027991,2,7,,0,2,6,23,B01
201900027991,2,30,,0,2,6,2,A01
201900027992,1,7,,1,0,3,14,A01
201900027993,1,7,,0,2,1,15,A01
201900027993,1,2,,0,2,1,1,B01
201900027994,1,33,,0,2,0,13,A01
201900027994,2,14,,0,2,8,1,B01
201900027995,0,7,,0,1,2,1,A01
201900027996,2,10,,0,1,3,15,A01
201900027997,2,7,,0,1,7,26,A01
201900027998,1,33,,0,2,1,2,B01
201900027998,1,7,,0,2,8,10,A01
201900027999,1,2,,0,2,1,16,B01
201900027999,1,7,,0,2,1,1,A01
201900028000,0,7,,15,0,9,0,A01
201900028001,1,31,,0,1,1,1,B01
201900028002,2,10,,0,1,1,1,B01
201900028003,0,7,,0,2,1,1,A01
201900028003,0,7,,0,2,4,1,B01
201900028004,1,7,,0,2,1,15,A01
201900028004,2,32,,0,2,1,1,B01
201900028005,1,7,,0,2,4,0,B01
201900028005,1,7,,0,2,1,1,A01
201900028006,2,7,,0,2,1,0,B01
201900028006,2,7,,0,2,3,0,A01
201900028007,2,7,,0,1,3,1,A01
201900028008,1,7,,0,2,6,23,C01
201900028008,1,34,,0,2,1,2,A01
201900028008,1,7,,0,2,1,15,B01
201900028009,0,7,,0,2,3,15,B01
201900028009,0,32,,0,2,7,14,A01
201900028010,2,33,,0,2,1,1,A01
201900028010,1,7,,0,2,1,17,Z01
201900028011,2,7,,0,2,3,15,B01
201900028011,2,33,,0,2,8,3,A01
201900028012,2,34,,0,2,4,0,C01
201900028012,2,7,,0,2,1,0,A01
201900028012,2,7,,0,2,4,0,B01
201900028013,1,34,,0,2,1,1,B01
201900028013,2,7,,0,2,1,15,A01
201900028014,0,7,,0,2,3,1,B01
201900028014,0,7,,0,2,3,9,A01
201900028015,1,7,,0,1,1,2,A01
201900028016,2,30,,0,2,8,1,B01
201900028016,2,7,,0,2,8,1,Z01
201900028017,1,30,,1,0,0,0,A01
201900028018,1,32,,0,2,1,21,B01
201900028018,2,7,,0,2,7,15,A01
201900028019,2,7,,0,1,1,1,A01
201900028020,1,7,,0,1,2,1,A01
201900028021,1,34,,0,1,1,13,A01
201900028022,3,10,,0,2,1,1,B01
201900028022,3,10,,1,2,1,18,A01
201900028023,0,7,,0,2,1,0,B01
201900028023,0,7,,0,2,1,0,A01
201900028024,2,10,,0,1,2,0,A01
201900028025,1,7,,0,9,1,2,A01
201900028026,1,7,,0,2,1,1,B01
201900028026,2,7,,0,2,1,13,A01
201900028027,1,7,,0,2,5,11,A01
201900028027,1,33,,6,2,1,1,B01
201900028028,0,7,,0,0,0,0,Z01
201900028028,3,33,,0,2,7,17,B01
201900028029,2,7,,0,2,1,1,A01
201900028029,2,7,,0,2,4,1,B01
201900028030,1,10,,0,2,3,0,A01
201900028030,2,33,,0,2,1,6,B01
201900028031,2,7,,0,2,1,2,A01
201900028031,2,7,,0,2,4,2,B01
201900028031,2,7,,0,2,4,2,C01
201900028032,2,7,,0,2,5,12,B01
201900028032,2,32,,0,2,3,3,A01
201900028033,2,43,,0,2,2,1,A01
201900028033,2,7,,0,2,6,12,B01
201900028034,1,31,,0,0,7,3,A01
201900028035,2,7,,0,2,2,16,A01
201900028035,1,7,,2,2,3,7,B01
201900028036,1,7,,0,2,3,23,A01
201900028036,1,10,,0,2,8,23,B01
201900028036,1,7,,0,2,8,1,C01
201900028036,2,10,,0,2,0,1,D01
201900028036,1,7,,0,2,0,1,E01
201900028036,1,7,,8,2,1,17,Z01
201900028037,2,32,,0,2,1,1,B01
201900028037,2,7,,0,2,6,1,A01
201900028038,1,43,,0,1,3,15,A01
201900028039,1,1,,0,2,4,14,A01
201900028039,1,2,,0,2,1,1,B01
201900028040,2,7,,0,1,1,1,A01
201900028041,2,7,,0,2,2,12,A01
201900028041,2,33,,0,2,1,7,B01
201900028042,1,32,,0,1,1,1,A01
201900028043,2,14,,0,1,1,16,A01
201900028044,1,17,,0,2,2,12,B01
201900028044,1,10,,0,2,8,11,A01
201900028045,1,7,,0,1,0,1,A01
201900028046,0,7,,0,1,2,16,A01
201900028047,2,7,,11,0,1,13,A01
201900028048,0,7,,0,2,1,16,C01
201900028048,3,1,,0,2,8,1,B01
201900028049,1,1,,0,2,3,1,B01
201900028049,1,7,,0,2,2,17,A01
201900028050,2,7,,0,2,1,23,B01
201900028050,1,32,,0,2,8,13,A01
201900028051,1,30,,0,1,7,21,A01
201900028052,2,7,,0,1,0,15,Z01
201900028053,1,7,,0,1,1,1,A01
201900028054,2,30,,0,0,0,1,A01
201900028055,1,33,,0,2,2,17,A01
201900028055,1,7,,0,2,3,15,B01
201900028056,2,7,,0,2,5,16,B01
201900028056,2,30,,0,2,3,7,A01
201900028057,2,34,,0,1,3,1,A01
201900028058,0,2,,1,0,3,14,A01
201900028059,0,7,,0,2,7,10,A01
201900028059,3,34,,0,2,1,1,B01
201900028060,1,7,,0,1,3,15,A01
201900028061,1,2,,0,2,3,1,B01
201900028061,2,7,,0,2,1,15,A01
201900028062,3,33,,0,2,7,21,B01
201900028062,3,32,,0,2,8,21,A01
201900028063,1,7,,0,2,1,2,Z01
201900028063,2,7,,0,2,3,1,C01
201900028063,1,32,,0,2,6,1,B01
201900028064,1,1,,0,2,1,1,B01
201900028064,1,7,,0,2,3,22,A01
201900028065,1,32,,0,0,3,21,A01
201900028066,1,7,,0,1,3,15,A01
201900028067,1,7,,0,2,6,11,A01
201900028067,1,30,,0,2,7,1,B01
201900028068,3,33,,0,0,8,1,A01
201900028069,2,7,,0,2,7,1,Z01
201900028069,2,33,,0,2,1,1,B01
201900028070,2,7,,0,2,0,9,A01
201900028070,2,2,,0,2,7,21,B01
201900028071,1,32,,0,0,1,1,A01
201900028072,3,7,,0,1,4,4,A01
201900028073,3,14,,0,2,3,2,A01
201900028073,2,37,1.0,0,2,6,2,B01
201900028073,2,30,,0,2,8,1,C01
201900028074,2,33,,1,1,1,1,A01
201900028075,2,33,,0,0,8,1,A01
201900028076,1,7,,11,0,8,15,A01
201900028077,2,7,,0,2,5,2,B01
201900028077,2,43,,0,2,1,2,A01
201900028078,2,30,,1,1,1,1,A01
201900028079,1,7,,0,1,2,16,A01
201900028080,1,2,,0,1,1,21,A01
201900028081,1,32,,0,2,8,1,B01
201900028081,2,32,,0,2,2,19,A01
201900028082,3,1,,0,2,7,19,A01
201900028082,1,32,,0,2,1,1,B01
201900028083,2,1,,0,2,5,15,B01
201900028083,1,7,,0,2,3,1,A01
201900028084,1,33,,0,2,2,17,A01
201900028084,1,7,,0,2,3,15,B01
201900028085,3,33,,0,0,0,0,B01
201900028085,3,7,,0,2,2,12,A01
201900028086,2,99,,0,0,2,0,A01
201900028087,1,7,,0,1,3,26,A01
201900028088,1,31,,0,2,7,1,B01
201900028088,1,7,,0,2,3,11,A01
201900028089,3,33,,0,2,1,1,A01
201900028089,3,7,,0,6,6,1,B01
201900028090,2,7,,0,2,0,11,Z01
201900028090,2,34,,0,2,2,1,B01
201900028091,1,7,,0,6,0,24,A01
201900028091,1,50,,1,0,0,7,B01
201900028092,2,50,,12,0,1,25,A01
201900028093,2,32,,0,2,3,0,A01
201900028093,2,7,,0,2,2,9,B01
201900028094,1,43,,8,0,1,26,A01
201900028095,1,32,,0,2,2,1,A01
201900028095,1,7,,0,2,3,20,B01
201900028096,0,30,,0,0,1,0,A01
201900028097,3,10,,1,1,2,17,A01
201900028098,1,10,,0,2,2,15,A01
201900028098,2,10,,0,2,3,1,B01
201900028099,2,1,,0,2,1,1,B01
201900028099,2,10,,0,2,3,9,A01
201900028100,1,7,,0,2,1,17,A01
201900028100,1,3,,0,2,3,15,B01
201900028101,1,7,,0,6,1,1,A01
201900028102,2,7,,13,0,0,0,A01
201900028103,2,7,,0,2,1,13,A01
201900028103,1,17,,0,2,1,1,B01
201900028104,2,33,,8,0,3,1,A01
201900028105,1,33,,0,2,3,1,B01
201900028105,2,7,,0,2,8,13,A01
201900028106,2,7,,7,2,3,19,A01
201900028106,1,7,,0,2,1,1,B01
201900028107,3,33,,13,0,3,2,A01
201900028108,0,2,,0,2,3,1,A01
201900028108,3,7,,0,2,6,15,B01
201900028109,2,7,,13,0,0,1,A01
201900028110,1,7,,13,0,1,26,A01
201900028111,1,7,,2,0,3,14,A01
201900028112,1,1,,1,0,1,1,B01
201900028112,1,7,,0,2,3,22,A01
201900028113,1,7,,0,2,2,1,A01
201900028113,1,33,,0,0,4,23,B01
201900028113,1,33,,16,0,4,23,C01
201900028113,1,33,,0,2,4,23,D01
201900028114,2,7,,0,2,1,1,B01
201900028114,1,7,,0,2,1,13,A01
201900028115,3,7,,0,2,1,2,A01
201900028115,3,1,,0,2,4,1,B01
201900028116,0,33,,0,0,8,10,A01
201900028117,1,7,,0,1,2,17,A01
201900028118,2,33,,0,0,8,1,A01
201900028119,0,7,,0,1,1,1,A01
201900028120,1,7,,0,2,8,14,B01
201900028120,2,7,,0,2,3,13,A01
201900028121,2,7,,0,1,2,1,A01
201900028122,2,7,,4,2,0,23,A01
201900028122,2,17,,4,2,1,2,B01
201900028123,1,31,,0,2,3,1,A01
201900028123,2,37,1.0,0,2,3,1,B01
201900028124,3,33,,0,0,0,0,A01
201900028125,2,7,,0,2,1,5,A01
201900028125,2,7,,0,2,1,1,B01
201900028126,1,7,,0,2,1,1,B01
201900028126,2,7,,0,2,1,13,A01
201900028127,2,2,,15,0,1,1,A01
201900028128,2,10,,0,2,1,2,A01
201900028128,2,7,,0,2,4,2,B01
201900028128,2,7,,3,2,4,2,C01
201900028129,0,7,,0,2,4,15,B01
201900028129,0,34,,0,2,1,17,A01
201900028130,1,7,,0,2,2,15,B01
201900028130,2,7,,0,2,3,1,A01
201900028131,2,7,,8,0,3,13,A01
201900028132,1,7,,0,2,1,1,A01
201900028132,2,7,,0,0,8,19,B01
201900028133,3,7,,0,2,8,15,B01
201900028133,3,1,,0,2,1,26,A01
201900028134,1,13,,0,2,2,1,B01
201900028134,2,7,,0,2,1,5,A01
201900028135,2,2,,6,0,1,13,A01
201900028136,3,36,,0,0,3,26,A01
201900028137,1,17,,4,0,1,13,A01
201900028138,2,7,,0,2,3,10,B01
201900028138,2,7,,0,2,1,1,A01
201900028139,3,7,,2,0,2,1,A01
201900028140,0,7,,13,0,2,2,A01
201900028141,3,7,,0,2,3,13,A01
201900028141,3,7,,0,2,3,1,B01
201900028142,3,2,,0,2,3,21,A01
201900028142,3,21,,0,2,3,1,B01
201900028143,2,31,,7,0,0,0,A01
201900028144,1,2,,0,1,1,1,A01
201900028145,3,2,,0,2,7,1,B01
201900028145,0,7,,0,2,3,9,A01
201900028146,3,7,,0,2,3,9,A01
201900028146,3,33,,0,0,7,1,B01
201900028147,1,33,,0,0,0,20,C01
201900028147,1,33,,0,0,7,20,B01
201900028147,1,33,,0,2,8,1,A01
201900028148,3,33,,2,0,1,0,A01
201900028149,1,7,,0,2,2,1,B01
201900028149,1,7,,0,2,1,19,A01
201900028150,1,7,,0,2,1,19,B01
201900028150,1,34,,0,2,1,1,A01
201900028151,1,2,,0,0,0,0,A01
201900028152,1,10,,0,2,4,2,B01
201900028152,1,2,,0,2,1,2,A01
201900028153,3,7,,0,2,3,1,A01
201900028153,3,30,,0,2,2,16,B01
201900028154,1,7,,17,0,1,0,A01
201900028155,3,3,,0,2,3,16,A01
201900028155,2,32,,0,2,1,1,B01
201900028156,2,7,,0,0,1,0,A01
201900028157,1,7,,13,0,1,13,A01
201900028158,1,7,,0,2,1,1,A01
201900028158,1,7,,0,2,4,1,B01
201900028159,1,7,,2,0,1,16,A01
201900028160,3,80,,0,2,3,2,B01
201900028160,3,7,,0,0,5,2,A01
201900028161,2,7,,0,2,2,15,A01
201900028161,1,7,,9,2,3,1,B01
201900028162,0,31,,13,0,7,0,A01
201900028163,2,7,,6,2,2,18,A01
201900028163,2,7,,0,0,8,15,B01
201900028164,2,7,,6,0,2,14,A01
201900028165,1,7,,0,2,1,2,B01
201900028165,1,7,,0,0,4,13,A01
201900028166,0,2,,0,2,7,19,A01
201900028166,2,7,,0,2,3,1,B01
201900028167,2,7,,16,0,9,17,A01
201900028168,2,33,,0,2,1,1,B01
201900028168,1,7,,0,2,2,15,A01
201900028169,0,3,,13,0,2,0,A01
201900028170,2,7,,0,1,2,1,A01
201900028171,3,7,,2,0,1,1,A01
201900028172,1,7,,2,0,3,1,A01
201900028173,3,2,,0,0,0,26,A01
201900028174,2,2,,0,2,8,19,B01
201900028174,1,7,,0,2,3,1,A01
201900028175,1,33,,0,0,7,1,A01
201900028176,1,7,,0,9,2,1,A01
201900028176,3,1,,0,2,8,19,B01
201900028177,2,7,,0,9,6,13,A01
201900028177,1,1,,0,2,1,1,B01
201900028178,1,7,,0,1,2,1,A01
201900028179,1,7,,0,1,1,1,A01
201900028180,1,7,,8,0,1,1,A01
201900028181,3,7,,0,0,9,1,A01
201900028182,1,2,,0,2,1,1,A01
201900028182,2,7,,0,0,3,1,B01
201900028183,3,7,,0,2,5,19,A01
201900028183,2,33,,0,2,1,1,B01
201900028184,1,10,,13,0,1,13,A01
201900028185,1,7,,5,0,1,1,A01
201900028186,2,1,,0,0,4,0,B01
201900028186,1,7,,0,0,1,15,A01
201900028187,0,31,,0,0,0,0,A01
201900028188,1,1,,0,0,3,1,B01
201900028188,1,7,,0,0,2,16,A01
201900028189,2,7,,0,2,7,17,A01
201900028189,2,7,,0,2,8,1,B01
201900028190,2,7,,13,0,3,1,A01
201900028191,1,7,,0,2,3,15,A01
201900028191,2,33,,0,2,6,1,B01
201900028192,2,7,,0,0,4,2,C01
201900028192,2,7,,6,2,4,17,B01
201900028192,2,7,,6,2,3,1,A01
201900028193,0,7,,0,2,1,19,B01
201900028193,0,7,,0,0,9,1,A01
201900028194,2,7,,0,2,3,1,B01
201900028194,1,10,,0,2,3,1,A01
201900028195,3,10,,0,2,3,1,B01
201900028195,3,1,,0,2,1,13,A01
201900028196,1,7,,15,0,1,1,A01
201900028197,1,33,,0,2,1,1,A01
201900028197,1,7,,0,2,6,23,B01
201900028198,2,7,,2,0,1,1,A01
201900028199,0,7,,0,2,1,2,A01
201900028199,0,7,,0,0,5,23,B01
201900028200,1,33,,8,0,1,1,A01
201900028201,2,7,,0,2,3,1,B01
201900028201,1,33,,0,2,3,13,A01
201900028202,1,1,,0,2,1,1,D01
201900028202,1,1,,0,2,1,1,C01
201900028202,1,1,,0,2,1,1,B01
201900028202,2,33,,0,2,1,13,A01
201900028203,2,31,,15,0,0,14,A01
201900028204,1,7,,0,2,5,15,A01
201900028204,2,1,,0,2,1,1,B01
201900028205,1,2,,0,2,8,1,A01
201900028205,3,7,,0,2,1,19,B01
201900028206,1,2,,0,0,0,1,A01
201900028207,3,7,,0,2,8,24,B01
201900028207,2,7,,0,2,1,1,A01
201900028208,3,33,,13,0,3,1,A01
201900028209,3,7,,13,0,3,1,A01
201900028210,0,7,,0,2,8,15,B01
201900028210,0,31,,0,2,1,17,A01
201900028211,1,7,,0,2,7,13,A01
201900028211,2,33,,0,2,1,21,B01
201900028212,2,10,,0,2,3,1,A01
201900028212,1,2,,0,2,1,1,B01
201900028213,3,2,,0,2,1,5,B01
201900028213,3,7,,0,2,2,0,A01
201900028214,0,14,,0,2,4,4,A01
201900028214,0,33,,0,2,3,18,B01
201900028215,1,7,,13,0,2,1,A01
201900028216,3,7,,0,1,3,1,A01
201900028217,3,7,,0,2,3,1,B01
201900028217,0,2,,0,2,1,17,A01
201900028218,2,10,,0,2,1,21,B01
201900028218,1,7,,0,2,1,13,A01
201900028219,2,31,,13,0,7,0,A01
201900028220,1,7,,2,0,8,0,A01
201900028221,0,33,,0,2,1,26,B01
201900028221,0,3,,0,0,4,17,A01
201900028222,3,7,,0,2,6,1,B01
201900028222,3,2,,0,2,1,1,A01
201900028223,2,7,,0,2,1,2,A01
201900028223,2,10,,0,2,4,2,C01
201900028223,2,7,,0,0,4,2,D01
201900028223,2,7,,0,0,4,2,B01
201900028224,2,7,,0,2,2,21,B01
201900028224,2,7,,0,0,6,26,A01
201900028225,3,7,,6,0,1,1,A01
201900028226,1,7,,0,2,1,15,A01
201900028226,2,32,,0,2,1,1,B01
201900028227,0,7,,0,9,2,2,A01
201900028227,0,1,,0,2,4,2,B01
201900028228,1,7,,0,2,1,1,B01
201900028228,1,7,,0,2,4,1,A01
201900028229,2,7,,0,2,1,1,A01
201900028229,2,7,,0,2,4,1,B01
201900028230,1,33,,12,0,1,1,A01
201900028231,3,7,,0,1,4,4,A01
201900028232,1,15,,0,2,2,1,B01
201900028232,1,7,,0,2,8,9,A01
201900028233,1,7,,0,2,4,1,B01
201900028233,1,7,,4,2,1,2,A01
201900028234,1,10,,0,2,1,2,A01
201900028234,1,7,,0,2,4,2,B01
201900028235,2,17,,0,0,0,1,A01
201900028235,2,33,,0,9,2,17,B01
201900028236,2,7,,2,0,5,1,A01
201900028237,2,7,,0,2,5,1,B01
201900028237,1,7,,0,2,2,15,A01
201900028238,2,7,,13,0,1,1,A01
201900028239,1,7,,0,0,1,1,A01
201900028240,1,33,,0,0,0,1,A01
201900028241,2,7,,0,2,2,15,A01
201900028241,1,7,,0,2,2,21,B01
201900028242,1,2,,13,0,1,0,A01
201900028243,2,34,,0,1,1,2,A01
201900028244,1,7,,0,2,1,1,A01
201900028244,2,10,,0,2,1,1,B01
201900028245,1,33,,13,0,0,1,A01
201900028246,1,7,,0,1,2,1,A01
201900028247,2,33,,16,0,7,2,A01
201900028248,1,33,,12,0,1,1,A01
201900028249,2,7,,13,0,1,1,A01
201900028250,1,7,,13,0,1,1,A01
201900028251,2,7,,0,2,1,1,B01
201900028251,1,7,,0,2,2,15,A01
201900028252,2,7,,2,0,0,2,A01
201900028253,2,10,,0,1,1,1,A01
201900028254,1,7,,0,2,7,15,B01
201900028254,2,7,,0,2,1,1,A01
201900028255,1,34,,0,1,2,1,A01
201900028256,1,10,,0,2,1,5,A01
201900028256,2,7,,0,2,1,2,B01
201900028257,2,7,,0,2,1,6,B01
201900028257,1,31,,0,2,1,1,A01
201900028258,1,33,,0,2,7,17,A01
201900028258,1,10,,0,2,8,15,B01
201900028259,2,1,,0,0,0,1,A01
201900028260,3,15,,0,2,3,1,B01
201900028260,3,1,,0,2,3,13,A01
201900028261,1,7,,13,0,1,0,A01
201900028262,1,7,,0,2,1,1,C01
201900028262,1,7,,0,0,9,21,B01
201900028262,3,7,,0,2,1,5,A01
201900028263,1,10,,0,0,4,1,B01
201900028263,1,10,,0,2,1,1,A01
201900028264,2,33,,16,0,0,0,A01
201900028265,2,7,,4,0,3,1,A01
201900028266,3,33,,0,6,1,0,A01
201900028267,3,7,,0,2,2,2,B01
201900028267,3,10,,8,2,1,13,A01
201900028268,2,10,,2,9,1,13,A01
201900028269,1,7,,0,0,8,15,A01
201900028269,1,2,,0,2,1,1,B01
201900028270,1,33,,0,0,0,1,A01
201900028271,1,80,,0,2,1,13,B01
201900028271,2,7,,0,9,2,1,A01
201900028272,2,7,,6,0,2,14,A01
201900028273,1,33,,0,0,8,1,A01
201900028273,1,7,,0,2,2,9,B01
201900028274,3,7,,0,2,1,16,B01
201900028274,2,7,,0,2,2,1,A01
201900028275,3,33,,14,0,0,0,A01
201900028276,1,7,,0,2,1,1,B01
201900028276,2,7,,0,2,1,13,A01
201900028277,1,33,,0,2,1,1,B01
201900028277,2,7,,0,2,3,13,A01
201900028278,2,33,,0,2,1,1,B01
201900028278,3,7,,0,2,8,19,A01
201900028279,1,7,,2,0,1,14,A01
201900028280,2,7,,0,9,3,2,D01
201900028280,2,7,,0,9,1,2,C01
201900028280,2,15,,0,0,6,1,B01
201900028280,2,7,,0,2,3,2,A01
201900028281,3,7,,0,1,2,1,A01
201900028282,2,13,,4,0,4,2,B01
201900028282,2,10,,3,2,1,0,A01
201900028283,1,99,,0,2,1,1,B01
201900028283,2,7,,3,2,4,10,A01
201900028284,1,7,,3,0,1,0,A01
201900028285,1,7,,13,0,2,13,A01
201900028286,2,32,,0,2,7,1,A01
201900028286,2,30,,0,2,8,26,B01
201900028287,0,31,,0,2,1,26,B01
201900028287,0,7,,0,2,1,19,A01
201900028288,0,7,,0,0,0,1,B01
201900028288,0,7,,0,0,0,19,A01
201900028289,1,33,,0,2,1,1,B01
201900028289,2,7,,0,2,1,17,A01
201900028290,2,33,,0,0,0,0,A01
201900028291,2,14,,0,2,1,1,C01
201900028291,1,14,,0,2,6,1,B01
201900028291,1,7,,0,2,1,17,A01
201900028292,1,7,,0,2,8,1,B01
201900028292,2,33,,0,2,1,1,A01
201900028293,1,33,,0,2,1,1,A01
201900028293,1,7,,0,2,4,1,B01
201900028294,1,7,,0,0,4,2,B01
201900028294,1,2,,0,2,1,2,A01
201900028295,3,34,,0,2,7,1,B01
201900028295,3,7,,0,2,3,9,A01
201900028296,2,80,,0,9,0,1,A01
201900028297,1,7,,0,0,2,1,A01
201900028298,1,2,,0,2,1,1,B01
201900028298,1,7,,0,0,8,16,A01
201900028299,1,7,,13,2,3,17,A01
201900028299,2,7,,0,2,3,1,B01
201900028299,1,7,,0,2,2,1,C01
201900028300,3,1,,0,2,1,15,B01
201900028300,1,7,,0,2,2,1,A01
201900028301,3,31,,0,2,5,17,B01
201900028301,3,7,,0,2,6,15,A01
201900028302,1,7,,0,2,6,1,C01
201900028302,2,7,,0,2,3,1,B01
201900028302,1,33,,0,2,1,17,A01
201900028303,1,7,,0,2,3,13,A01
201900028303,2,33,,0,2,1,1,B01
201900028304,0,7,,0,2,4,2,B01
201900028304,2,14,,0,2,1,2,A01
201900028305,1,7,,0,2,3,1,B01
201900028305,2,7,,0,2,1,13,A01
201900028306,0,33,,0,2,1,1,B01
201900028306,0,7,,0,2,5,15,A01
201900028307,2,7,,0,0,6,1,B01
201900028307,2,7,,4,2,2,14,A01
201900028308,1,7,,0,2,1,5,A01
201900028308,2,7,,0,2,1,1,B01
201900028309,1,7,,0,2,1,1,C01
201900028309,1,7,,0,2,1,1,B01
201900028309,2,7,,0,2,1,17,A01
201900028310,2,10,,3,0,3,19,A01
201900028311,3,33,,0,0,0,0,A01
201900028312,1,7,,13,0,2,1,A01
201900028313,1,2,,8,0,0,2,A01
201900028314,1,2,,0,2,1,5,B01
201900028314,2,1,,0,2,1,1,A01
201900028315,2,7,,0,0,9,1,A01
201900028316,0,1,,0,0,7,26,B01
201900028316,3,7,,0,2,1,1,A01
201900028317,3,10,,0,2,1,1,B01
201900028317,3,1,,0,2,3,19,A01
201900028318,2,33,,8,0,1,15,A01
201900028319,0,33,,0,2,0,1,B01
201900028319,0,7,,0,0,0,15,A01
201900028320,0,7,,0,1,4,4,A01
201900028321,1,7,,0,2,3,1,B01
201900028321,2,7,,0,2,3,13,A01
201900028322,2,33,,0,2,1,1,B01
201900028322,3,7,,0,2,8,19,A01
201900028323,1,7,,0,2,7,15,A01
201900028323,2,1,,0,2,1,1,B01
201900028324,1,7,,0,2,3,1,B01
201900028324,2,33,,13,2,1,17,A01
201900028325,0,10,,0,2,2,2,A01
201900028325,0,1,,0,2,6,2,B01
201900028326,3,7,,0,0,0,1,A01