Num_Acc,senc,catv,occutc,obs,obsm,choc,manv,num_veh
201900028327,2,37,1.0,0,2,3,15,A01
201900028327,1,33,,7,2,1,1,B01
201900028328,2,33,,8,0,0,1,A01
201900028329,3,31,,0,2,1,1,B01
201900028329,3,15,,0,0,6,1,A01
201900028330,2,15,,0,2,8,15,B01
201900028330,1,33,,0,2,1,16,A01
201900028331,3,7,,0,0,5,19,A01
201900028331,3,7,,0,2,1,1,B01
201900028332,1,1,,0,2,4,1,A01
201900028332,2,7,,0,2,3,15,B01
201900028333,2,33,,0,0,8,15,A01
201900028334,3,7,,0,1,1,1,A01
201900028335,1,32,,0,2,2,1,A01
201900028335,1,7,,0,2,2,15,B01
201900028336,2,33,,8,0,2,1,A01
201900028337,1,21,,13,0,2,1,A01
201900028338,2,7,,0,2,1,2,A01
201900028338,2,10,,0,0,4,1,B01
201900028339,3,7,,0,1,1,1,A01
201900028340,3,1,,0,2,1,0,B01
201900028340,3,7,,0,0,2,1,A01
201900028341,2,32,,0,0,0,20,A01
201900028342,1,15,,0,0,7,1,A01
201900028343,1,2,,0,2,1,5,A01
201900028343,2,7,,0,2,1,1,B01
201900028344,2,7,,6,0,1,0,A01
201900028345,1,7,,0,2,8,15,B01
201900028345,1,34,,0,2,1,17,A01
201900028346,2,7,,0,2,1,1,B01
201900028346,1,7,,0,2,1,13,A01
201900028347,1,1,,0,2,2,1,B01
201900028347,1,10,,0,2,3,9,A01
201900028348,2,33,,0,2,4,23,B01
201900028348,2,7,,0,2,1,1,A01
201900028349,3,7,,0,2,3,15,A01
201900028349,3,2,,0,2,8,1,B01
201900028350,1,7,,6,0,1,1,A01
201900028351,2,32,,0,1,1,1,A01
201900028352,0,7,,2,0,2,1,F01
201900028353,2,7,,0,2,5,12,B01
201900028353,2,7,,0,2,3,1,A01
201900028354,0,14,,0,0,6,1,B01
201900028354,0,7,,0,2,3,13,A01
201900028355,1,7,,0,2,2,1,A01
201900028355,1,21,,0,2,3,15,B01
201900028356,1,7,,0,1,7,1,A01
201900028357,2,33,,0,2,1,2,A01
201900028357,2,7,,0,2,4,2,B01
201900028358,1,32,,0,2,8,3,A01
201900028358,1,7,,0,2,7,14,B01
201900028359,1,7,,0,2,4,1,A01
201900028359,1,7,,0,2,1,1,B01
201900028360,2,7,,0,2,1,1,A01
201900028360,2,7,,0,0,4,1,B01
201900028361,2,7,,0,2,3,11,A01
201900028361,2,7,,0,2,2,1,B01
201900028362,1,33,,0,2,1,2,A01
201900028362,1,7,,0,2,4,1,B01
201900028363,1,7,,0,2,4,2,B01
201900028363,1,10,,0,2,1,2,A01
201900028364,1,10,,0,2,4,2,B01
201900028364,1,10,,0,2,1,2,A01
201900028365,1,7,,0,2,4,23,A01
201900028365,1,7,,0,2,4,23,B01
201900028365,1,7,,0,2,4,23,C01
201900028365,1,7,,0,2,1,2,D01
201900028366,1,7,,7,0,1,16,A01
201900028367,2,7,,0,2,1,2,A01
201900028367,2,7,,0,2,4,23,B01
201900028368,1,7,,4,0,1,13,A01
201900028369,1,7,,4,0,0,1,A01
201900028370,2,33,,0,0,0,1,A01
201900028371,1,7,,0,2,4,2,C01
201900028371,1,7,,0,2,4,2,B01
201900028371,1,7,,0,2,1,2,A01
201900028372,1,7,,0,2,4,12,A01
201900028372,1,33,,0,2,1,3,B01
201900028373,2,7,,0,2,1,2,A01
201900028373,2,7,,4,0,4,2,B01
201900028374,2,7,,0,2,1,12,A01
201900028374,2,7,,0,2,5,1,B01
201900028375,2,33,,0,2,1,3,A01
201900028375,2,7,,0,2,5,11,B01
201900028376,1,33,,0,0,6,11,A01
201900028377,2,7,,0,2,3,1,C01
201900028377,2,33,,0,2,8,3,B01
201900028377,2,7,,0,2,5,12,A01
201900028378,1,33,,0,2,1,18,A01
201900028378,1,7,,0,2,5,12,B01
201900028378,1,33,,0,2,1,3,C01
201900028378,1,7,,0,2,4,2,D01
201900028379,2,7,,0,2,5,12,A01
201900028379,2,33,,0,2,8,3,B01
201900028380,1,15,,0,2,2,12,A01
201900028380,1,7,,0,2,3,1,B01
201900028381,2,7,,0,2,1,11,A01
201900028381,1,33,,0,2,3,3,B01
201900028381,1,7,,0,2,3,9,C01
201900028382,2,7,,0,0,9,26,A01
201900028383,1,7,,9,0,1,1,A01
201900028384,1,7,,0,2,5,2,C01
201900028384,1,7,,0,2,4,2,B01
201900028384,1,7,,0,2,3,1,A01
201900028385,2,7,,0,2,6,1,B01
201900028385,2,33,,0,2,2,3,A01
201900028386,2,7,,0,2,5,2,B01
201900028386,2,33,,0,2,3,2,A01
201900028387,2,7,,0,1,2,21,A01
201900028388,2,10,,1,0,1,2,A01
201900028388,2,7,,0,2,4,23,B01
201900028388,2,7,,0,2,4,23,C01
201900028389,2,14,,0,2,0,1,C01
201900028389,2,34,,0,2,8,3,B01
201900028389,2,7,,0,2,5,12,A01
201900028390,2,7,,0,2,7,12,B01
201900028390,2,34,,0,2,3,3,A01
201900028391,1,14,,1,0,2,1,A01
201900028391,1,7,,0,2,3,23,B01
201900028392,1,7,,0,2,4,2,A01
201900028392,1,7,,0,2,4,2,B01
201900028392,1,7,,0,2,1,2,C01
201900028392,1,7,,0,2,4,2,D01
201900028393,2,7,,0,2,7,12,Z01
201900028393,2,33,,0,2,8,0,B01
201900028394,2,7,,0,2,4,2,B01
201900028394,2,7,,0,2,1,2,A01
201900028395,1,7,,0,2,1,2,B01
201900028395,1,7,,0,2,4,2,A01
201900028396,2,7,,0,2,8,11,A01
201900028396,2,31,,0,2,1,3,B01
201900028397,2,31,,0,2,1,2,B01
201900028397,2,7,,0,2,4,2,A01
201900028398,1,7,,4,2,6,1,A01
201900028398,1,14,,0,2,7,12,B01
201900028399,1,7,,0,2,1,2,A01
201900028399,1,7,,0,2,4,2,B01
201900028400,2,7,,0,2,1,2,B01
201900028400,2,7,,0,2,4,2,A01
201900028401,1,7,,0,2,1,21,A01
201900028402,1,7,,4,0,8,1,A01
201900028403,2,7,,0,2,0,1,B01
201900028403,2,7,,4,2,7,0,A01
201900028404,1,7,,0,2,0,9,A01
201900028404,1,33,,0,2,0,1,B01
201900028405,3,7,,0,1,1,16,A01
201900028406,1,7,,0,1,0,0,A01
201900028407,2,7,,0,2,1,1,B01
201900028407,2,31,,0,2,4,1,A01
201900028408,1,10,,0,2,5,2,B01
201900028408,1,34,,0,2,3,21,A01
201900028409,1,7,,0,2,1,21,A01
201900028409,2,7,,0,2,1,0,B01
201900028410,2,99,,0,2,0,1,A01
201900028410,3,7,,0,2,0,25,B01
201900028411,1,1,,0,2,1,25,A01
201900028412,1,7,,0,2,1,10,A01
201900028412,2,34,,0,2,1,2,B01
201900028413,2,33,,0,2,1,1,B01
201900028413,2,7,,0,2,2,15,A01
201900028414,3,7,,0,2,1,15,B01
201900028414,1,7,,0,2,3,16,A01
201900028415,1,2,,0,0,0,21,A01
201900028415,2,7,,0,0,0,4,B01
201900028416,3,32,,0,2,2,26,A01
201900028416,0,1,,0,2,7,26,B01
201900028416,0,1,,0,2,1,26,C01
201900028417,1,7,,0,2,1,26,A01
201900028417,3,7,,0,2,8,0,B01
201900028418,1,7,,0,1,1,1,A01
201900028419,1,33,,0,2,1,17,B01
201900028419,1,7,,0,2,8,10,A01
201900028420,1,37,0.0,0,2,0,13,Z01
201900028420,1,30,,1,0,8,15,B01
201900028420,1,34,,0,2,8,13,A01
201900028421,2,33,,4,2,1,13,A01
201900028421,2,7,,0,0,8,5,B01
201900028422,3,7,,0,1,2,19,A01
201900028423,1,7,,0,2,3,10,A01
201900028423,1,33,,0,2,1,17,B01
201900028424,0,7,,0,2,5,15,A01
201900028424,0,2,,0,2,1,1,B01
201900028425,3,10,,0,2,1,19,A01
201900028425,3,7,,0,2,8,1,B01
201900028426,2,7,,0,2,3,9,A01
201900028426,2,33,,0,2,2,1,B01
201900028427,2,30,,0,0,0,16,A01
201900028428,1,33,,0,2,1,2,A01
201900028428,1,99,,0,2,4,1,B01
201900028429,1,7,,0,1,3,1,A01
201900028430,2,34,,6,0,2,15,A01
201900028431,3,33,,0,2,1,17,A01
201900028431,3,21,,0,2,3,15,B01
201900028432,1,7,,0,2,1,2,A01
201900028432,2,7,,0,2,6,1,B01
201900028433,2,30,,0,1,1,7,A01
201900028434,2,7,,1,2,1,26,A01
201900028434,2,7,,0,2,4,2,B01
201900028434,2,7,,0,0,4,26,C01
201900028435,1,7,,0,2,1,26,B01
201900028435,2,32,,0,2,1,17,A01
201900028436,1,7,,0,2,4,2,B01
201900028436,1,10,,0,2,1,2,A01
201900028437,1,7,,0,2,4,2,B01
201900028437,1,7,,0,2,1,2,A01
201900028438,2,1,,0,2,7,1,B01
201900028438,1,7,,0,2,1,9,A01
201900028439,1,1,,0,2,1,15,A01
201900028439,2,7,,0,2,3,16,B01
201900028440,3,7,,0,2,6,9,A01
201900028440,3,30,,0,2,1,1,B01
201900028441,3,7,,6,2,1,19,A01
201900028441,3,7,,0,2,6,15,B01
201900028442,3,10,,0,2,3,13,A01
201900028442,3,10,,0,2,3,1,B01
201900028443,1,7,,0,1,2,1,A01
201900028444,1,1,,0,2,1,2,A01
201900028444,1,7,,0,2,6,1,B01
201900028445,1,7,,0,1,1,1,A01
201900028446,1,7,,0,1,1,1,A01
201900028447,0,13,,0,0,0,0,B01
201900028447,0,7,,0,0,3,19,A01
201900028448,1,7,,0,1,1,1,A01
201900028449,3,7,,0,1,1,9,Z01
201900028450,3,7,,0,2,2,16,A01
201900028450,3,1,,0,2,1,1,B01
201900028451,3,1,,0,2,1,1,B01
201900028451,3,7,,0,2,2,1,A01
201900028452,2,1,,0,2,0,0,B01
201900028452,2,1,,0,2,0,26,A01
201900028453,3,2,,0,2,1,2,A01
201900028453,3,7,,0,2,4,2,B01
201900028454,1,7,,0,1,1,1,A01
201900028455,3,7,,0,6,2,1,B01
201900028455,3,1,,0,2,1,1,A01
201900028456,3,30,,14,0,1,17,Z01
201900028457,2,7,,0,2,6,9,A01
201900028457,2,7,,0,2,1,1,B01
201900028458,2,7,,0,2,1,1,B01
201900028458,1,30,,0,2,1,15,A01
201900028459,0,30,,0,1,0,1,Z01
201900028459,0,7,,0,0,5,1,B01
201900028460,3,7,,0,2,1,3,A01
201900028460,3,7,,0,2,4,2,B01
201900028461,2,7,,8,0,1,0,A01
201900028462,2,7,,12,2,1,13,A01
201900028462,2,7,,0,2,4,1,C01
201900028462,2,14,,0,0,1,9,E01
201900028462,2,7,,0,2,5,1,B01
201900028462,2,7,,12,2,4,1,D01
201900028463,1,10,,0,2,1,1,B01
201900028463,2,7,,0,2,7,1,A01
201900028464,3,10,,0,2,4,26,A01
201900028464,3,1,,0,2,1,1,B01
201900028465,2,7,,0,2,4,1,B01
201900028465,2,7,,0,2,1,2,A01
201900028466,3,10,,0,1,5,1,A01
201900028467,3,7,,0,0,2,1,A01
201900028467,3,31,,0,2,3,0,B01
201900028468,3,2,,0,2,8,1,B01
201900028468,3,7,,0,2,1,15,A01
201900028469,1,30,,0,2,1,1,B01
201900028469,0,20,,0,2,3,26,A01
201900028470,3,14,,0,2,2,26,A01
201900028470,3,1,,0,2,8,1,B01
201900028471,2,7,,0,2,2,15,A01
201900028471,1,7,,0,2,1,1,B01
201900028472,1,7,,0,2,4,1,B01
201900028472,1,7,,0,2,1,1,C01
201900028472,1,7,,0,2,4,1,A01
201900028473,1,33,,0,0,0,9,A01
201900028474,2,33,,0,2,1,17,A01
201900028474,2,0,,0,2,3,15,C01
201900028475,1,7,,0,2,8,11,A01
201900028475,2,7,,0,2,1,1,B01
201900028476,2,7,,0,1,2,17,A01
201900028477,2,38,1.0,0,2,3,1,B01
201900028477,1,38,1.0,0,2,2,15,A01
201900028478,1,10,,16,0,4,1,B01
201900028478,1,10,,0,2,1,2,A01
201900028479,2,30,,0,2,1,0,A01
201900028479,2,33,,0,2,1,0,B01
201900028480,1,7,,8,0,7,0,A01
201900028481,1,33,,0,2,2,1,B01
201900028481,1,7,,0,2,3,15,A01
201900028482,2,32,,0,2,1,0,B01
201900028482,1,7,,0,2,3,9,A01
201900028483,0,7,,0,2,8,11,Z01
201900028483,0,32,,0,2,7,1,B01
201900028484,2,31,,0,0,7,1,A01
201900028485,3,7,,0,2,1,1,B01
201900028485,3,7,,0,2,2,15,A01
201900028486,1,7,,0,2,4,23,B01
201900028486,1,3,,0,2,1,2,A01
201900028487,3,10,,0,1,2,1,A01
201900028488,2,7,,0,1,1,16,A01
201900028489,2,7,,0,2,4,26,B01
201900028490,3,7,,0,2,1,1,B01
201900028490,3,7,,0,2,5,19,A01
201900028491,1,33,,0,2,8,21,A01
201900028491,2,10,,0,2,3,5,Z01
201900028492,2,1,,0,2,1,1,B01
201900028492,1,7,,0,2,3,9,A01
201900028493,1,7,,4,0,1,26,A01
201900028494,1,7,,0,2,5,1,B01
201900028494,1,7,,0,2,1,19,A01
201900028495,1,30,,0,2,7,17,A01
201900028495,1,7,,0,2,8,15,B01
201900028496,2,2,,0,2,7,1,B01
201900028496,1,7,,0,2,3,9,A01
201900028497,1,7,,0,2,6,2,B01
201900028497,1,7,,0,2,5,1,C01
201900028497,1,7,,0,2,2,17,A01
201900028498,1,7,,0,2,3,16,A01
201900028498,2,1,,0,2,7,1,B01
201900028499,3,7,,0,2,2,2,A01
201900028499,3,1,,0,2,4,2,B01
201900028500,1,7,,0,0,0,1,B01
201900028500,1,32,,0,0,8,1,A01
201900028501,1,7,,0,1,3,1,A01
201900028502,3,7,,0,2,6,26,A01
201900028502,1,32,,0,2,2,1,B01
201900028503,1,7,,0,2,4,2,B01
201900028503,1,2,,0,2,1,26,A01
201900028504,1,7,,0,2,2,1,B01
201900028504,1,7,,0,2,6,11,A01
201900028505,1,7,,0,1,1,15,A01
201900028506,0,1,,0,2,1,1,B01
201900028506,0,10,,0,6,4,4,A01
201900028507,2,33,,0,2,1,1,B01
201900028507,1,37,1.0,0,2,5,15,A01
201900028508,0,7,,0,2,0,0,B01
201900028508,0,33,,0,2,7,17,A01
201900028509,2,7,,0,2,4,1,B01
201900028509,2,7,,0,2,4,1,C01
201900028509,1,7,,0,2,1,1,A01
201900028510,2,10,,0,1,1,15,A01
201900028511,1,1,,0,4,0,7,Z01
201900028511,1,40,,0,2,0,1,B01
201900028512,1,7,,1,0,3,20,A01
201900028512,1,7,,0,2,2,1,B01
201900028513,2,10,,0,1,2,1,A01
201900028514,1,7,,0,1,1,1,A01
201900028515,0,7,,0,2,3,1,B01
201900028515,0,32,,0,2,1,1,A01
201900028516,1,7,,7,0,1,16,A01
201900028517,3,7,,6,0,1,1,A01
201900028518,0,7,,0,0,0,0,B01
201900028518,0,2,,0,2,1,17,A01
201900028519,0,2,,1,0,1,1,A01
201900028520,3,7,,0,1,1,20,A01
201900028521,2,7,,0,2,3,1,B01
201900028521,1,7,,0,2,1,15,A01
201900028522,2,7,,0,2,1,9,A01
201900028522,2,1,,0,2,2,1,B01
201900028523,1,33,,0,2,1,3,A01
201900028523,1,7,,0,2,5,23,C01
201900028523,1,7,,0,2,6,23,B01
201900028524,3,7,,0,1,0,26,A01
201900028525,1,7,,0,0,4,1,A01
201900028525,1,7,,0,2,4,2,C01
201900028525,1,7,,0,2,1,2,E01
201900028525,1,7,,0,2,1,1,B01
201900028525,1,7,,0,2,4,2,D01
201900028526,1,7,,0,2,2,17,A01
201900028526,1,7,,0,2,3,15,B01
201900028527,1,7,,6,2,2,26,A01
201900028528,3,1,,0,2,7,15,A01
201900028528,3,7,,0,2,1,1,Z01
201900028529,2,7,,0,2,1,1,B01
201900028529,2,7,,0,2,8,1,A01
201900028530,1,7,,0,2,1,2,Z01
201900028530,1,7,,0,2,4,23,A01
201900028531,1,7,,0,2,1,26,A01
201900028531,1,7,,0,2,1,1,B01
201900028532,1,33,,0,2,2,0,B01
201900028532,1,10,,0,2,1,9,A01
201900028533,2,7,,0,2,5,16,B01
201900028533,2,1,,0,2,1,2,A01
201900028534,2,33,,0,2,3,1,B01
201900028534,2,7,,0,2,6,11,A01
201900028535,1,32,,0,0,8,21,A01
201900028536,1,60,,0,2,1,2,A01
201900028536,3,7,,0,2,5,16,B01
201900028537,3,33,,0,2,1,1,C01
201900028537,3,33,,0,2,1,1,B01
201900028538,3,10,,0,2,2,1,A01
201900028538,3,10,,0,2,3,16,B01
201900028539,2,10,,0,2,1,1,A01
201900028539,1,7,,13,0,0,1,B01
201900028539,2,7,,13,2,8,0,C01
201900028540,3,7,,0,2,1,1,A01
201900028540,3,1,,0,2,8,19,B01
201900028541,2,1,,0,2,1,1,A01
201900028541,2,10,,0,2,7,15,B01
201900028542,1,7,,0,0,4,1,C01
201900028542,1,7,,0,0,5,1,B01
201900028542,1,7,,2,2,3,1,A01
201900028543,1,7,,0,1,1,1,A01
201900028544,1,7,,0,2,8,1,B01
201900028544,1,14,,0,2,2,12,A01
201900028545,3,7,,0,1,2,16,A01
201900028546,0,7,,0,2,8,17,C01
201900028546,1,30,,0,2,0,0,B01
201900028547,0,33,,0,1,1,1,A01
201900028548,3,10,,0,1,4,4,A01
201900028549,2,7,,0,2,7,19,A01
201900028549,1,33,,0,2,1,18,B01
201900028550,2,7,,0,1,1,1,B01
201900028551,0,33,,0,2,1,2,A01
201900028551,0,7,,0,2,4,1,B01
201900028552,1,7,,0,1,2,1,A01
201900028553,3,7,,13,0,1,1,A01
201900028554,3,7,,0,2,2,15,B01
201900028554,3,7,,0,2,1,9,A01
201900028555,3,7,,0,1,2,1,A01
201900028556,2,7,,0,2,1,0,Z01
201900028556,2,30,,0,2,8,0,B01
201900028557,1,7,,1,0,2,14,A01
201900028558,3,7,,0,1,2,1,A01
201900028559,1,30,,0,6,1,25,A01
201900028560,1,33,,0,0,9,26,A01
201900028561,1,1,,0,2,8,1,B01
201900028561,1,7,,0,2,7,16,A01
201900028562,1,7,,13,0,1,26,A01
201900028563,1,30,,0,0,0,26,A01
201900028564,1,7,,0,2,4,1,B01
201900028564,1,33,,0,2,1,2,A01
201900028565,3,7,,0,2,7,15,A01
201900028565,3,32,,0,2,1,1,B01
201900028566,0,7,,1,0,1,14,B01
201900028566,0,37,1.0,0,2,6,23,A01
201900028566,0,7,,0,2,2,2,C01
201900028567,1,10,,0,2,1,2,Z01
201900028567,1,7,,0,2,4,23,B01
201900028568,1,2,,0,2,1,0,A01
201900028569,3,7,,0,1,2,1,A01
201900028570,3,7,,0,2,5,1,B01
201900028570,3,7,,0,2,1,9,A01
201900028571,0,30,,0,2,1,26,A01
201900028571,0,33,,0,2,8,26,B01
201900028572,3,37,1.0,0,2,0,0,B01
201900028572,3,7,,0,2,0,0,A01
201900028573,3,7,,0,2,3,9,A01
201900028573,3,32,,0,2,7,1,B01
201900028574,1,7,,14,0,1,15,B01
201900028574,3,7,,14,0,2,26,A01
201900028575,2,7,,11,0,1,19,A01
201900028576,1,10,,0,2,1,0,A01
201900028576,2,10,,0,2,6,0,B01
201900028577,3,7,,0,2,2,12,A01
201900028577,0,7,,0,2,3,1,B01
201900028578,0,7,,0,2,3,1,B01
201900028578,0,7,,0,2,1,9,A01
201900028579,0,34,,0,1,1,1,B01
201900028580,2,34,,0,2,1,1,B01
201900028580,1,7,,0,2,7,15,A01
201900028581,2,60,,0,2,1,25,Y01
201900028581,2,7,,0,6,2,16,A01
201900028582,3,10,,0,2,6,1,B01
201900028582,3,7,,0,2,3,19,A01
201900028583,2,30,,0,2,1,5,A01
201900028583,1,34,,0,2,1,1,B01
201900028584,1,7,,0,1,2,15,A01
201900028585,2,17,,0,1,5,26,A01
201900028586,2,7,,2,0,1,14,A01
201900028587,3,1,,0,2,1,1,B01
201900028587,3,7,,0,2,0,16,A01
201900028588,1,7,,0,2,1,16,A01
201900028588,2,32,,0,2,1,1,B01
201900028589,1,7,,0,1,4,4,A01
201900028590,1,7,,8,0,2,14,A01
201900028591,3,7,,8,0,6,16,A01
201900028592,2,7,,0,2,1,13,A01
201900028592,1,7,,0,2,3,1,B01
201900028593,3,7,,15,0,7,26,A01
201900028594,3,7,,0,2,2,16,B01
201900028594,3,34,,0,2,1,2,A01
201900028595,1,10,,0,2,3,1,B01
201900028595,1,10,,0,2,3,1,A01
201900028596,0,31,,0,2,1,1,B01
201900028596,0,7,,0,2,3,15,A01
201900028597,1,7,,1,0,7,14,A01
201900028597,1,7,,1,0,8,0,C01
201900028598,1,7,,15,2,2,15,A01
201900028598,1,1,,0,2,1,15,B01
201900028599,3,7,,0,2,1,1,A01
201900028599,2,33,,0,2,1,1,B01
201900028600,2,7,,0,2,1,2,A01
201900028600,2,10,,0,2,4,2,B01
201900028601,2,10,,0,2,2,1,C01
201900028601,2,13,,0,2,2,1,B01
201900028601,2,7,,4,2,6,18,A01
201900028602,2,32,,0,2,1,12,A01
201900028602,2,10,,0,2,4,1,B01
201900028603,1,7,,0,2,4,1,B01
201900028603,1,7,,0,2,1,2,A01
201900028604,2,33,,0,2,1,2,A01
201900028604,2,7,,0,2,5,1,B01
201900028605,1,33,,0,2,7,12,A01
201900028605,1,7,,0,2,8,1,B01
201900028606,2,33,,0,2,2,3,A01
201900028606,2,10,,0,2,6,11,B01
201900028607,2,34,,0,2,1,12,A01
201900028607,2,10,,0,2,5,1,B01
201900028608,2,34,,0,2,0,5,Z01
201900028608,1,7,,0,1,0,23,A01
201900028609,1,7,,0,2,3,15,A01
201900028609,2,33,,0,2,8,1,B01
201900028610,1,43,,0,1,3,1,A01
201900028611,2,7,,0,2,1,15,A01
201900028611,1,33,,0,2,1,1,B01
201900028612,1,32,,0,1,0,1,Z01
201900028613,1,7,,0,1,2,1,A01
201900028614,1,31,,0,2,1,15,A01
201900028614,1,7,,0,2,1,1,B01
201900028615,2,32,,0,2,1,15,A01
201900028615,2,34,,0,2,3,1,B01
201900028616,1,32,,0,1,1,1,A01
201900028617,2,32,,0,2,8,1,B01
201900028617,2,7,,0,2,1,1,A01
201900028618,2,10,,0,2,2,15,B01
201900028618,2,30,,0,2,3,17,A01
201900028619,2,7,,0,2,3,15,Z01
201900028619,1,30,,0,2,8,1,A01
201900028620,2,37,2.0,0,0,0,21,A01
201900028621,1,33,,0,0,8,17,A01
201900028622,3,7,,0,2,2,1,A01
201900028622,3,7,,0,0,6,13,B01
201900028623,2,7,,0,1,5,1,A01
201900028624,2,33,,0,0,1,14,A01
201900028625,2,7,,0,2,3,1,B01
201900028625,1,30,,0,2,1,5,A01
201900028626,2,31,,0,2,1,17,A01
201900028626,2,10,,0,2,6,15,B01
201900028627,2,32,,0,2,4,2,B01
201900028627,2,34,,0,2,8,2,A01
201900028628,1,30,,0,1,2,1,A01
201900028629,1,1,,0,2,3,1,B01
201900028629,1,7,,0,2,5,16,A01
201900028630,1,7,,0,2,8,22,A01
201900028630,2,50,,0,2,1,1,B01
201900028631,1,31,,0,2,1,1,A01
201900028631,2,7,,0,2,3,15,B01
201900028632,2,7,,0,2,7,22,A01
201900028632,2,34,,0,2,3,1,B01
201900028633,2,7,,1,2,1,1,A01
201900028633,2,7,,0,2,3,1,B01
201900028634,2,7,,0,2,7,5,A01
201900028634,2,7,,0,2,1,15,B01
201900028635,2,3,,1,0,1,14,A01
201900028636,1,7,,0,2,1,9,A01
201900028636,1,32,,0,2,7,1,B01
201900028637,1,7,,0,2,3,15,A01
201900028637,2,1,,0,2,8,1,B01
201900028638,1,43,,0,2,8,14,B01
201900028638,1,14,,0,2,2,16,A01
201900028639,1,7,,0,2,2,14,A01
201900028639,1,17,,0,2,6,1,B01
201900028640,1,7,,0,2,3,11,B01
201900028640,1,33,,0,2,2,3,A01
201900028641,1,7,,0,2,3,26,B01
201900028641,2,7,,0,2,1,26,A01
201900028642,1,10,,0,2,3,9,A01
201900028642,1,1,,0,2,1,15,B01
201900028643,2,30,,0,0,0,0,B01
201900028643,1,7,,14,2,3,26,A01
201900028644,1,32,,0,2,2,1,B01
201900028644,2,7,,0,2,1,15,A01
201900028645,3,32,,0,2,0,26,A01
201900028645,3,7,,0,2,0,26,B01
201900028646,1,1,,0,2,1,2,A01
201900028646,1,7,,0,2,4,23,B01
201900028647,2,7,,0,2,8,22,A01
201900028647,2,1,,1,0,7,1,B01
201900028648,1,10,,8,2,3,26,A01
201900028649,0,1,,0,2,2,19,A01
201900028649,1,10,,0,2,3,1,B01
201900028650,1,7,,0,1,2,1,A01
201900028651,1,7,,0,2,1,2,A01
201900028651,1,7,,0,2,4,23,B01
201900028652,2,31,,0,2,7,1,A01
201900028652,1,10,,0,2,2,1,B01
201900028653,1,7,,3,0,1,14,A01
201900028654,1,7,,0,2,1,1,A01
201900028654,1,7,,0,2,4,9,B01
201900028655,2,7,,6,0,6,13,A01
201900028656,2,7,,0,1,4,20,A01
201900028657,1,7,,0,2,3,15,A01
201900028657,1,33,,0,2,1,17,B01
201900028658,2,7,,0,2,8,10,A01
201900028658,2,33,,0,2,1,17,B01
201900028659,2,50,,0,2,1,1,A01
201900028659,1,7,,0,2,8,1,B01
201900028660,2,7,,15,0,0,23,C01
201900028660,2,7,,0,2,4,23,B01
201900028660,2,7,,0,2,1,2,A01
201900028661,1,30,,0,2,1,26,A01
201900028661,1,7,,0,6,3,1,B01
201900028662,3,7,,13,0,1,26,A01
201900028663,3,7,,0,2,3,1,B01
201900028663,3,32,,0,2,1,13,A01
201900028664,1,7,,0,2,3,5,A01
201900028664,1,7,,0,2,1,1,B01
201900028665,3,7,,0,1,1,1,A01
201900028666,1,2,,0,2,1,17,A01
201900028666,1,7,,0,2,8,15,B01
201900028667,3,2,,0,2,1,15,B01
201900028667,3,7,,0,2,1,17,A01
201900028668,3,37,1.0,0,1,7,16,A01
201900028669,2,7,,0,0,4,16,A01
201900028669,2,33,,0,2,1,1,B01
201900028670,3,99,,0,1,2,26,A01
201900028671,3,7,,0,2,4,0,B01
201900028671,3,14,,0,2,1,26,A01
201900028672,1,7,,0,2,1,13,A01
201900028672,2,7,,0,2,1,1,B01
201900028673,2,33,,0,2,1,21,B01
201900028673,2,10,,0,2,8,15,Z01
201900028674,3,7,,12,0,4,2,A01
201900028674,3,7,,0,2,1,2,B01
201900028675,1,10,,0,2,4,1,B01
201900028675,1,10,,0,2,4,1,C01
201900028675,1,10,,0,2,4,1,D01
201900028675,3,10,,0,2,1,26,A01
201900028676,2,2,,0,2,8,15,A01
201900028676,1,7,,0,2,1,26,B01
201900028676,2,7,,0,2,4,0,C01
201900028677,1,7,,4,0,1,23,B01
201900028677,1,7,,14,0,1,2,A01
201900028678,1,7,,0,1,2,16,A01
201900028679,2,7,,0,0,0,15,A01
201900028679,1,34,,16,0,8,1,B01
201900028680,3,99,,0,2,1,26,A01
201900028680,0,10,,0,2,3,26,B01
201900028681,2,33,,6,0,1,26,A01
201900028682,2,7,,1,0,3,9,A01
201900028683,1,37,1.0,0,2,1,1,A01
201900028683,1,7,,9,2,5,16,B01
201900028684,0,7,,0,2,1,1,B01
201900028684,0,7,,0,2,8,15,A01
201900028685,3,7,,2,0,1,0,A01
201900028686,2,7,,0,2,1,0,A01
201900028686,1,7,,0,2,1,0,B01
201900028687,0,7,,0,2,8,15,B01
201900028687,0,33,,1,2,2,17,A01
201900028688,3,7,,0,2,4,23,B01
201900028688,3,7,,0,2,1,2,A01
201900028689,2,7,,0,1,3,17,A01
201900028690,2,7,,0,1,8,15,A01
201900028691,1,7,,0,2,1,9,A01
201900028691,1,1,,0,2,8,0,B01
201900028692,1,7,,14,0,1,1,A01
201900028693,3,7,,2,0,8,14,A01
201900028694,1,7,,0,1,4,20,A01
201900028695,2,7,,0,1,6,15,B01
201900028695,1,50,,0,2,1,19,A01
201900028696,3,7,,0,1,2,16,A01
201900028697,0,32,,0,1,0,26,A01
201900028698,3,7,,0,2,0,0,A01
201900028698,3,1,,0,2,1,0,B01