Num_Acc,senc,catv,occutc,obs,obsm,choc,manv,num_veh
201900028699,1,7,,0,2,3,1,B01
201900028699,1,7,,0,2,2,13,A01
201900028700,2,33,,0,2,1,1,B01
201900028700,1,7,,0,2,3,15,A01
201900028701,1,1,,0,2,1,1,A01
201900028701,2,1,,0,2,2,19,B01
201900028702,1,7,,0,1,1,1,Z01
201900028703,1,31,,0,2,2,13,A01
201900028703,1,7,,0,2,3,15,B01
201900028704,3,7,,0,2,1,14,A01
201900028704,3,2,,0,2,2,13,B01
201900028705,2,10,,0,2,1,2,A01
201900028705,2,7,,0,2,4,2,B01
201900028705,2,7,,0,2,4,2,C01
201900028706,2,33,,0,2,7,13,B01
201900028706,1,7,,0,2,1,1,A01
201900028707,2,7,,0,1,1,1,A01
201900028708,2,7,,0,2,8,15,B01
201900028708,2,31,,0,2,1,17,A01
201900028709,1,15,,0,2,6,1,B01
201900028709,2,7,,0,2,3,13,A01
201900028710,2,7,,0,2,4,16,B01
201900028710,2,7,,0,2,1,1,A01
201900028711,2,7,,0,2,1,2,A01
201900028711,2,7,,0,2,4,2,B01
201900028712,2,7,,0,2,1,2,A01
201900028712,2,7,,0,2,4,2,B01
201900028713,2,50,,1,0,1,14,A01
201900028714,1,32,,0,0,7,1,A01
201900028715,1,7,,0,2,3,15,B01
201900028715,1,32,,0,2,1,1,A01
201900028716,1,30,,1,0,1,13,A01
201900028716,1,7,,0,1,5,9,B01
201900028717,2,32,,12,0,1,13,A01
201900028718,2,33,,0,2,8,7,B01
201900028718,2,7,,0,2,7,16,A01
201900028719,1,7,,0,2,1,2,A01
201900028719,1,7,,0,2,4,2,B01
201900028719,1,7,,0,2,4,15,C01
201900028720,3,7,,8,0,6,13,A01
201900028721,2,7,,0,2,5,1,B01
201900028721,2,33,,0,2,3,13,A01
201900028722,2,7,,0,2,8,15,B01
201900028722,1,33,,0,2,1,1,A01
201900028723,1,7,,0,1,2,1,A01
201900028724,0,7,,0,1,4,4,A01
201900028725,1,33,,11,0,0,26,A01
201900028726,1,7,,4,2,1,5,A01
201900028726,1,7,,0,2,1,0,B01
201900028727,3,1,,0,2,8,13,A01
201900028727,3,15,,0,6,1,2,B01
201900028728,0,7,,0,2,3,1,B01
201900028728,0,38,1.0,0,2,1,19,A01
201900028729,2,7,,0,1,2,1,A01
201900028730,2,30,,0,2,1,13,A01
201900028730,1,10,,0,2,1,1,B01
201900028731,1,7,,0,2,1,9,A01
201900028731,1,30,,0,2,1,15,B01
201900028732,2,1,,0,2,5,1,B01
201900028732,1,7,,0,2,1,9,A01
201900028733,1,7,,0,1,2,1,A01
201900028734,3,80,,0,2,1,1,B01
201900028734,3,7,,0,2,3,16,A01
201900028735,1,7,,0,2,4,2,G01
201900028735,1,7,,0,2,9,2,F01
201900028735,1,7,,0,2,9,2,E01
201900028735,1,10,,0,2,9,2,D01
201900028735,1,10,,0,2,9,2,C01
201900028735,1,10,,0,2,9,2,B01
201900028735,1,7,,0,2,1,2,A01
201900028736,1,13,,0,2,0,1,B01
201900028736,1,7,,0,2,5,16,A01
201900028737,0,7,,3,0,1,2,B01
201900028738,1,7,,0,1,2,1,Z01
201900028739,1,7,,0,2,1,5,B01
201900028739,1,7,,0,2,1,0,A01
201900028740,1,7,,0,1,1,1,A01
201900028741,1,10,,0,1,2,1,A01
201900028742,2,7,,0,2,7,1,A01
201900028742,2,2,,0,2,8,1,B01
201900028743,1,2,,0,0,0,14,A01
201900028744,2,32,,0,0,0,1,A01
201900028745,2,7,,11,0,3,13,A01
201900028746,3,7,,0,2,3,15,A01
201900028746,3,2,,0,2,2,17,B01
201900028747,2,7,,0,1,7,1,A01
201900028748,0,7,,0,2,1,1,B01
201900028748,0,7,,0,2,5,1,A01
201900028749,1,7,,0,1,1,0,A01
201900028750,1,7,,0,2,4,0,A01
201900028750,1,1,,0,2,1,0,B01
201900028751,3,7,,0,2,1,15,A01
201900028751,0,7,,0,2,3,1,B01
201900028752,1,7,,0,2,1,2,A01
201900028752,1,7,,0,2,4,23,B01
201900028753,0,10,,0,1,1,15,A01
201900028754,2,7,,3,0,7,14,A01
201900028755,1,7,,0,2,4,2,B01
201900028755,1,7,,0,2,1,2,A01
201900028756,1,10,,0,2,6,15,A01
201900028756,2,33,,0,2,2,1,B01
201900028757,3,10,,0,2,3,1,B01
201900028757,3,32,,0,2,7,17,A01
201900028758,0,7,,0,2,3,15,A01
201900028758,0,1,,0,0,0,1,B01
201900028759,1,10,,0,1,2,15,A01
201900028760,0,7,,0,2,1,5,A01
201900028760,0,7,,0,0,1,0,B01
201900028761,3,33,,2,0,1,14,A01
201900028762,2,2,,0,0,0,1,A01
201900028763,2,33,,0,2,1,21,B01
201900028763,1,7,,0,2,1,21,A01
201900028764,2,2,,0,2,1,26,B01
201900028764,1,7,,0,2,6,1,A01
201900028765,1,7,,0,1,7,1,A01
201900028766,3,7,,0,2,1,2,A01
201900028766,3,7,,0,2,4,2,B01
201900028767,2,7,,4,0,3,16,A01
201900028768,2,13,,0,2,2,1,B01
201900028768,2,7,,0,2,1,1,A01
201900028769,0,30,,0,0,3,1,A01
201900028770,1,7,,1,0,2,2,A01
201900028771,1,32,,0,2,1,1,B01
201900028771,2,7,,0,2,7,15,A01
201900028772,1,7,,0,2,1,2,A01
201900028772,1,7,,0,2,4,2,B01
201900028773,2,7,,0,2,3,1,B01
201900028773,3,7,,0,2,1,16,A01
201900028774,1,7,,0,2,1,15,A01
201900028774,2,2,,0,2,1,2,B01
201900028775,1,1,,0,1,1,1,B01
201900028776,0,7,,0,2,3,2,B01
201900028776,3,7,,0,2,3,5,A01
201900028777,2,37,2.0,15,0,1,15,B01
201900028778,2,7,,0,2,2,15,A01
201900028778,0,2,,0,2,1,1,B01
201900028779,3,7,,0,2,6,11,A01
201900028779,0,34,,0,2,2,1,B01
201900028780,3,7,,0,1,1,1,A01
201900028781,1,7,,0,2,1,15,A01
201900028781,1,7,,0,2,4,1,B01
201900028782,1,2,,8,0,1,1,A01
201900028783,0,7,,4,0,2,1,A01
201900028784,1,7,,1,0,2,1,A01
201900028785,2,7,,0,2,1,19,A01
201900028785,1,7,,0,2,7,1,B01
201900028786,2,33,,0,2,1,1,B01
201900028786,2,7,,0,2,8,15,A01
201900028787,2,7,,0,2,4,15,B01
201900028787,2,7,,0,2,1,1,A01
201900028788,0,7,,0,2,1,1,A01
201900028788,0,32,,0,2,1,1,B01
201900028789,0,7,,0,1,2,0,A01
201900028790,0,7,,8,0,2,15,A01
201900028791,0,7,,0,1,3,1,A01
201900028792,2,7,,0,1,1,15,A01
201900028793,2,10,,0,1,1,0,A01
201900028794,1,7,,0,2,1,1,A01
201900028794,1,7,,0,2,4,1,B01
201900028794,1,7,,0,2,9,1,C01
201900028795,1,2,,0,2,5,1,B01
201900028795,1,7,,0,2,7,15,Z01
201900028796,2,2,,0,2,1,13,A01
201900028796,1,7,,0,2,3,1,B01
201900028797,1,7,,0,1,1,1,A01
201900028798,3,7,,0,1,1,15,A01
201900028799,1,33,,0,0,8,15,A01
201900028800,2,7,,13,0,2,14,A01
201900028801,1,7,,2,0,1,13,A01
201900028802,1,14,,0,2,2,1,B01
201900028802,2,7,,0,2,7,15,A01
201900028803,3,7,,0,2,3,15,Z01
201900028803,3,1,,0,2,1,1,B01
201900028804,3,7,,0,2,3,1,B01
201900028804,3,10,,0,2,2,1,A01
201900028805,0,7,,0,0,0,0,A01
201900028805,0,40,,0,0,0,0,B01
201900028806,1,7,,0,2,4,1,B01
201900028806,1,7,,0,2,1,17,A01
201900028807,1,13,,0,2,3,15,B01
201900028807,2,1,,0,2,7,19,A01
201900028808,1,36,,0,2,2,1,B01
201900028808,1,7,,0,2,3,9,A01
201900028809,3,7,,0,2,3,15,B01
201900028809,3,1,,0,2,1,1,A01
201900028810,2,7,,0,1,1,1,A01
201900028811,2,15,,0,6,7,16,A01
201900028811,2,1,,0,2,9,18,B01
201900028812,1,33,,0,2,1,17,A01
201900028812,1,7,,0,2,3,0,B01
201900028813,2,7,,0,2,1,1,A01
201900028813,2,7,,0,0,4,1,B01
201900028814,3,33,,0,0,8,16,A01
201900028815,1,15,,0,2,1,1,A01
201900028815,1,10,,0,0,4,1,B01
201900028816,0,7,,0,2,1,26,A01
201900028816,0,7,,0,2,6,26,B01
201900028817,1,7,,0,1,1,26,A01
201900028818,2,7,,0,2,2,15,A01
201900028818,1,32,,0,2,1,1,B01
201900028819,2,7,,1,0,3,26,A01
201900028820,1,7,,0,2,8,13,A01
201900028820,1,33,,1,2,1,1,B01
201900028821,1,30,,0,1,1,3,A01
201900028822,0,32,,0,2,7,2,B01
201900028822,0,7,,0,2,1,9,Z01
201900028823,1,7,,0,2,3,1,B01
201900028823,1,7,,0,2,1,15,A01
201900028824,1,7,,0,2,1,2,A01
201900028824,1,7,,0,2,4,2,B01
201900028825,1,7,,0,2,7,15,A01
201900028825,2,34,,0,2,1,2,B01
201900028826,2,7,,2,0,2,1,A01
201900028827,1,30,,0,2,1,2,A01
201900028827,1,7,,0,2,4,2,B01
201900028828,1,2,,0,2,3,1,B01
201900028828,2,7,,0,2,0,15,A01
201900028829,2,43,,0,0,1,2,A01
201900028830,1,7,,1,2,1,1,B01
201900028830,1,7,,1,2,6,11,A01
201900028831,3,1,,0,2,8,19,B01
201900028831,1,7,,0,2,1,1,A01
201900028832,2,3,,0,2,3,1,B01
201900028832,1,30,,0,2,3,17,A01
201900028833,3,7,,0,2,7,0,A01
201900028833,1,7,,0,2,1,1,B01
201900028834,2,10,,0,2,1,1,B01
201900028834,1,10,,0,2,1,19,A01
201900028835,3,7,,0,1,1,15,X01
201900028836,0,2,,0,2,1,26,B01
201900028836,0,3,,0,2,3,13,A01
201900028837,3,7,,1,0,1,1,A01
201900028838,2,7,,0,2,1,2,A01
201900028838,2,7,,0,2,4,2,B01
201900028839,1,7,,0,2,1,1,A01
201900028839,1,34,,0,2,8,15,B01
201900028840,1,10,,0,1,8,1,A01
201900028841,3,30,,7,0,3,0,A01
201900028842,0,7,,2,0,1,1,A01
201900028843,1,10,,0,2,7,1,A01
201900028843,2,7,,0,2,2,15,Z01
201900028844,3,7,,0,1,2,1,A01
201900028845,1,7,,0,2,1,2,D01
201900028845,1,7,,0,2,4,2,B01
201900028845,1,7,,0,2,4,2,C01
201900028845,1,7,,0,2,0,21,A01
201900028846,3,7,,0,2,0,9,A01
201900028846,3,1,,0,0,0,15,B01
201900028847,3,10,,0,1,1,1,A01
201900028848,1,31,,12,0,7,21,B01
201900028849,2,7,,0,2,2,1,A01
201900028849,2,1,,0,2,3,1,B01
201900028850,2,7,,0,2,1,15,A01
201900028850,2,7,,0,2,6,15,B01
201900028851,0,1,,0,2,1,1,B01
201900028851,3,7,,0,2,7,15,A01
201900028852,1,7,,0,2,4,2,B01
201900028852,1,32,,0,2,1,2,A01
201900028853,2,7,,1,0,1,14,A01
201900028854,1,37,1.0,0,2,1,23,B01
201900028854,2,32,,0,2,1,1,A01
201900028855,3,30,,0,2,1,19,A01
201900028855,3,7,,0,2,1,19,B01
201900028856,2,7,,0,2,7,15,A01
201900028856,1,33,,0,2,1,0,B01
201900028857,1,10,,0,2,8,13,A01
201900028857,1,32,,0,2,8,17,B01
201900028858,1,7,,0,2,1,1,C01
201900028858,2,7,,0,2,1,1,B01
201900028858,1,1,,0,2,7,19,A01
201900028859,1,7,,0,1,7,1,A01
201900028860,0,30,,0,2,8,9,B01
201900028860,0,7,,0,2,7,1,A01
201900028861,0,40,,0,1,3,1,A01
201900028862,1,2,,0,2,1,1,B01
201900028862,2,7,,0,2,3,15,A01
201900028863,0,1,,0,2,3,19,B01
201900028863,0,7,,0,2,1,1,A01
201900028864,0,43,,0,2,1,12,A01
201900028864,0,7,,0,2,6,1,B01
201900028865,1,7,,0,2,3,9,A01
201900028865,1,31,,0,2,7,1,B01
201900028866,2,33,,0,2,8,13,A01
201900028866,2,7,,0,2,7,1,B01
201900028867,3,2,,0,0,0,1,A01
201900028868,2,7,,0,0,0,0,B01
201900028868,1,7,,0,2,3,1,A01
201900028869,1,7,,0,1,1,1,A01
201900028870,1,7,,0,2,0,0,A01
201900028870,1,7,,0,2,0,0,B01
201900028871,0,7,,0,1,1,2,A01
201900028872,3,7,,1,1,2,20,A01
201900028873,0,7,,0,0,4,1,B01
201900028873,0,2,,0,2,1,2,A01
201900028874,0,7,,0,0,9,0,A01
201900028875,3,7,,9,0,1,1,A01
201900028876,2,7,,0,2,2,1,B01
201900028876,2,7,,0,2,1,20,A01
201900028877,1,7,,2,0,1,26,A01
201900028878,1,7,,0,0,0,0,Z01
201900028879,3,7,,0,2,1,26,B01
201900028879,1,7,,0,2,0,15,A01
201900028880,1,10,,0,2,1,2,A01
201900028880,1,10,,0,2,4,1,B01
201900028881,0,7,,0,1,3,13,Z01
201900028882,3,7,,0,2,4,1,B01
201900028882,3,30,,0,2,1,2,A01
201900028883,3,3,,0,0,7,13,A01
201900028884,1,33,,11,0,9,1,A01
201900028884,1,7,,0,6,4,23,B01
201900028885,1,1,,0,2,1,1,B01
201900028885,1,7,,0,2,1,9,A01
201900028886,0,30,,0,2,8,1,B01
201900028886,1,7,,0,2,1,9,A01
201900028887,2,7,,0,2,1,1,C01
201900028887,2,7,,0,2,1,1,B01
201900028887,2,7,,0,2,4,1,A01
201900028888,3,10,,8,0,1,12,A01
201900028889,3,30,,0,2,2,16,A01
201900028889,3,7,,0,2,3,1,B01
201900028890,1,33,,0,2,7,1,B01
201900028890,2,7,,0,2,1,19,A01
201900028891,2,2,,11,0,3,13,A01
201900028892,1,7,,0,2,2,14,A01
201900028892,1,80,,0,2,8,1,B01
201900028893,0,30,,0,2,1,1,B01
201900028893,0,7,,0,2,8,19,A01
201900028894,3,30,,0,0,7,15,A01
201900028895,3,7,,13,0,2,14,A01
201900028896,3,7,,0,1,4,26,A01
201900028897,2,10,,0,2,6,1,A01
201900028897,3,7,,0,2,6,9,B01
201900028898,3,7,,0,1,1,1,A01
201900028899,1,7,,0,0,4,1,D01
201900028899,1,7,,0,2,1,1,C01
201900028900,1,10,,0,0,4,1,D01
201900028900,1,10,,0,2,1,1,C01
201900028901,1,33,,0,2,1,17,A01
201900028901,2,7,,0,2,3,0,B01
201900028902,3,7,,0,1,8,1,A01
201900028903,3,7,,0,1,2,9,A01
201900028904,1,33,,0,2,7,17,B01
201900028904,1,7,,0,2,8,13,Z01
201900028905,1,7,,0,0,0,15,Z01
201900028905,2,34,,0,2,3,1,A01
201900028906,1,7,,1,0,1,26,A01
201900028906,1,7,,0,2,5,0,B01
201900028907,0,33,,0,2,3,0,B01
201900028907,1,7,,0,2,8,15,A01
201900028908,3,10,,0,2,1,26,A01
201900028908,3,10,,0,2,4,23,B01
201900028909,1,7,,0,0,8,0,B01
201900028909,1,32,,0,2,1,13,A01
201900028910,3,7,,0,1,1,1,A01
201900028911,1,7,,0,2,7,2,B01
201900028911,1,32,,0,2,1,2,A01
201900028912,2,7,,0,2,8,10,B01
201900028912,2,34,,0,2,1,1,A01
201900028913,3,33,,0,2,7,17,A01
201900028913,3,10,,0,2,3,13,B01
201900028914,1,7,,0,2,8,15,B01
201900028914,1,30,,0,2,1,17,A01
201900028915,2,7,,0,2,1,1,A01
201900028915,2,32,,0,2,7,15,B01
201900028916,0,7,,0,2,3,9,A01
201900028916,0,34,,0,2,1,1,B01
201900028917,2,7,,0,2,0,2,Z01
201900028917,2,3,,0,2,4,1,A01
201900028918,1,7,,0,0,0,0,A01
201900028919,1,20,,0,1,1,26,A01
201900028920,1,7,,0,2,3,15,B01
201900028920,1,30,,0,2,1,3,A01
201900028921,2,7,,0,2,8,15,A01
201900028921,2,7,,0,2,1,1,B01
201900028922,3,7,,0,2,1,19,A01
201900028922,3,7,,0,2,7,19,B01
201900028923,0,10,,0,2,1,5,Z01
201900028923,0,34,,0,2,1,1,A01
201900028924,2,7,,0,1,1,16,A01
201900028925,1,31,,1,0,1,0,A01
201900028926,1,7,,14,0,1,0,A01
201900028927,1,7,,0,1,2,1,A01
201900028928,1,15,,0,2,2,1,A01
201900028928,1,7,,0,2,4,2,B01
201900028929,1,30,,0,2,5,1,A01
201900028929,1,7,,0,2,2,15,B01
201900028930,3,10,,0,2,4,2,B01
201900028930,3,10,,0,2,1,2,A01
201900028931,0,3,,4,0,9,1,A01
201900028932,0,7,,0,2,4,20,A01
201900028932,1,32,,0,2,8,16,B01
201900028933,2,7,,0,2,3,15,B01
201900028933,2,30,,0,2,1,17,A01
201900028934,1,7,,0,2,8,10,A01
201900028934,1,33,,0,2,1,1,B01
201900028935,0,7,,13,0,1,14,A01
201900028936,1,7,,0,2,2,16,B01
201900028936,1,2,,0,2,7,9,A01
201900028937,2,30,,0,2,1,1,B01
201900028937,1,30,,0,2,1,1,Z01
201900028938,2,7,,15,0,2,14,A01
201900028939,1,7,,0,1,2,1,A01
201900028940,2,7,,0,1,7,1,A01
201900028941,2,7,,0,1,2,2,A01
201900028942,1,7,,0,2,1,1,A01
201900028942,1,7,,0,2,4,1,B01
201900028942,1,7,,0,2,4,1,C01
201900028943,1,7,,0,2,1,1,A01
201900028943,1,7,,0,2,8,1,B01
201900028944,3,7,,0,2,6,13,A01
201900028944,3,31,,0,2,5,14,B01
201900028945,0,7,,0,1,1,13,A01
201900028946,3,7,,0,1,3,1,A01
201900028947,1,32,,0,1,1,1,A01
201900028948,3,7,,0,1,1,19,A01
201900028949,3,7,,0,2,0,0,B01
201900028949,3,33,,0,2,0,0,A01
201900028950,1,7,,0,2,3,15,A01
201900028950,2,2,,0,2,0,0,B01
201900028951,1,32,,0,0,8,15,A01
201900028952,2,33,,0,2,1,13,B01
201900028952,1,2,,0,2,1,13,A01
201900028953,1,7,,0,1,2,1,A01
201900028954,2,7,,0,0,4,23,C01
201900028954,2,33,,0,2,4,2,B01
201900028954,2,7,,0,2,1,2,A01
201900028955,2,7,,0,2,1,1,B01
201900028955,2,7,,0,2,4,1,C01
201900028955,2,7,,0,2,1,1,A01
201900028956,1,33,,0,2,7,1,B01
201900028956,0,7,,0,2,1,9,A01
201900028957,3,7,,0,2,1,11,A01
201900028957,1,31,,0,2,1,26,B01
201900028958,1,32,,0,2,1,1,B01
201900028958,1,7,,0,2,3,15,A01
201900028959,3,7,,0,2,8,1,B01
201900028959,3,7,,0,2,1,1,A01
201900028960,1,10,,0,2,5,15,A01
201900028960,2,10,,0,2,2,1,B01
201900028961,3,33,,0,1,3,21,A01
201900028962,1,10,,0,2,1,16,A01
201900028962,1,1,,0,2,7,14,B01
201900028963,2,7,,0,2,4,1,B01
201900028963,2,7,,0,2,3,2,A01
201900028964,2,7,,0,0,7,1,A01
201900028964,2,33,,0,0,8,23,B01
201900028965,0,7,,0,1,1,0,A01
201900028966,1,7,,0,2,1,2,A01
201900028966,1,7,,0,2,4,2,B01
201900028967,1,7,,0,2,7,1,B01
201900028967,3,7,,0,2,3,9,A01
201900028968,1,7,,0,1,3,26,A01
201900028969,1,7,,0,2,6,1,B01
201900028969,1,33,,0,2,1,3,A01
201900028970,1,33,,4,0,8,13,A01
201900028971,1,14,,0,2,1,2,A01
201900028971,1,7,,0,2,4,23,B01
201900028972,1,7,,0,2,6,12,B01
201900028972,1,33,,0,2,1,3,A01
201900028973,1,7,,4,2,1,2,A01
201900028973,1,7,,0,2,4,2,B01
201900028974,2,7,,0,2,2,9,A01
201900028974,2,33,,1,2,1,1,B01
201900028975,3,7,,0,1,3,1,A01
201900028976,2,10,,0,1,1,15,A01
201900028977,1,7,,0,1,2,1,A01
201900028978,1,10,,0,2,8,1,A01
201900028978,1,31,,0,2,3,16,B01
201900028979,1,14,,0,2,4,2,B01
201900028979,1,7,,0,2,1,2,A01
201900028980,1,7,,0,1,3,15,A01
201900028981,1,10,,0,2,7,9,A01
201900028981,1,2,,0,2,1,1,B01
201900028982,3,7,,0,2,3,15,A01
201900028982,3,32,,0,2,1,17,B01
201900028983,1,32,,0,1,1,7,A01
201900028984,1,37,1.0,0,1,2,16,A01
201900028985,2,1,,0,0,8,21,A01
201900028986,2,1,,0,1,1,1,A01
201900028987,1,32,,0,1,2,17,A01
201900028988,1,43,,0,1,3,1,A01
201900028989,1,7,,0,2,2,2,A01
201900028989,1,31,,0,2,5,1,B01
201900028990,1,31,,0,2,8,1,A01
201900028990,1,10,,0,2,2,16,B01
201900028991,2,33,,0,2,7,1,B01
201900028991,2,7,,0,2,8,14,A01
201900028992,2,43,,0,0,8,15,A01
201900028993,1,2,,0,2,2,1,B01
201900028993,1,10,,0,2,4,12,A01
201900028994,1,1,,0,1,1,1,A01
201900028995,1,7,,0,0,9,0,A01
201900028996,1,1,,0,2,0,0,B01
201900028996,1,7,,0,2,0,0,A01
201900028997,1,1,,0,2,9,1,B01
201900028997,1,7,,0,2,0,22,A01
201900028998,3,31,,8,0,1,26,A01
201900028999,1,7,,0,2,1,0,A01
201900028999,1,7,,0,2,4,0,B01
201900029000,1,1,,14,0,3,0,A01
201900029001,1,7,,0,0,2,0,A01
201900029002,1,1,,0,0,0,26,A01
201900029003,3,7,,0,6,8,26,B01
201900029003,3,32,,0,2,1,26,A01
201900029004,1,1,,0,0,0,26,A01
201900029005,1,2,,0,0,0,0,A01
201900029006,1,7,,0,2,4,0,B01
201900029006,1,7,,0,2,1,0,A01
201900029007,1,1,,0,0,9,0,A01
201900029008,1,7,,0,2,2,0,A01
201900029008,1,7,,0,2,6,0,B01
201900029009,1,7,,6,0,1,0,A01
201900029010,1,1,,0,0,0,0,Y01
201900029011,1,7,,0,0,1,0,A01
201900029012,1,7,,3,0,9,0,A01
201900029013,1,7,,6,0,1,0,A01
201900029014,1,7,,0,0,1,0,A01
201900029015,1,7,,0,1,1,1,A01
201900029016,2,33,,0,2,1,2,A01
201900029016,2,7,,0,2,4,2,B01
201900029017,0,7,,0,2,1,15,A01
201900029017,0,1,,0,2,8,15,B01
201900029018,1,7,,12,0,3,14,A01
201900029019,0,7,,0,1,2,16,A01
201900029020,1,1,,0,0,1,14,A01
201900029021,2,30,,0,2,2,2,A01
201900029021,2,7,,0,0,0,0,B01
201900029022,3,7,,1,1,4,4,A01
201900029023,1,33,,0,0,0,26,A01
201900029024,1,7,,10,0,1,16,A01
201900029025,1,7,,0,2,5,2,B01
201900029025,1,7,,0,2,1,2,A01
201900029026,1,7,,0,1,1,1,A01
201900029027,1,7,,0,2,1,1,B01
201900029027,2,7,,0,2,7,15,A01
201900029028,1,7,,15,0,5,14,A01
201900029029,2,7,,0,2,5,15,B01
201900029029,1,30,,0,2,1,1,A01
201900029030,1,1,,0,2,1,2,A01
201900029030,1,7,,0,2,5,23,B01
201900029031,2,1,,0,2,8,1,A01
201900029031,2,7,,0,2,2,1,B01
201900029032,2,7,,0,2,4,2,B01
201900029032,2,7,,0,2,1,2,A01
201900029033,1,7,,0,2,1,1,B01
201900029033,2,7,,0,2,1,15,A01
201900029034,2,10,,0,2,2,9,A01
201900029034,0,1,,0,2,4,1,B01
201900029035,1,7,,0,2,7,1,A01
201900029035,1,33,,0,2,1,1,B01
201900029036,2,7,,0,2,3,15,A01
201900029036,1,33,,0,2,1,1,B01
201900029037,0,7,,0,1,4,20,A01
201900029038,3,7,,0,2,1,19,A01
201900029038,2,33,,0,2,8,1,B01
201900029039,0,1,,0,2,1,1,B01
201900029039,0,1,,9,2,1,1,A01
201900029040,1,7,,0,2,1,1,A01
201900029040,2,7,,0,2,1,15,B01
201900029040,2,7,,0,2,8,2,C01
201900029041,2,33,,0,2,1,1,B01
201900029041,2,7,,0,2,3,9,A01
201900029042,2,7,,0,2,3,1,A01
201900029042,1,33,,0,2,1,1,C01
201900029042,1,7,,0,2,6,1,B01
201900029043,0,1,,0,2,1,1,A01
201900029043,1,7,,0,2,8,1,B01
201900029044,0,1,,0,1,1,2,A01
201900029045,1,7,,0,2,8,1,B01
201900029045,1,7,,0,2,1,1,A01
201900029046,2,7,,0,2,4,1,B01
201900029046,1,7,,0,2,1,2,A01
201900029047,2,7,,0,2,3,1,B01
201900029047,0,30,,0,2,3,9,A01
201900029048,0,7,,0,1,1,26,A01
201900029049,2,1,,12,0,7,14,A01
201900029050,0,7,,8,0,1,14,A01
201900029051,1,7,,0,2,7,17,A01
201900029051,1,17,,0,2,8,13,Z01
201900029052,0,7,,0,2,3,15,B01
201900029052,1,10,,0,2,2,1,A01
201900029053,2,33,,14,2,1,1,B01
201900029053,2,7,,0,2,7,9,A01
201900029054,2,7,,6,0,2,14,A01
201900029055,1,10,,0,2,1,1,A01
201900029055,1,10,,0,2,4,23,C01
201900029055,1,10,,0,2,4,23,B01
201900029056,1,1,,0,2,1,18,A01
201900029056,1,7,,0,2,5,2,B01
201900029057,3,7,,0,2,3,23,B01
201900029057,3,7,,0,2,1,14,A01
201900029058,2,7,,0,2,1,1,C01
201900029058,2,33,,0,2,1,17,B01
201900029058,1,7,,0,2,5,15,A01
201900029059,1,2,,0,2,2,1,B01
201900029059,1,7,,0,0,3,20,A01
201900029060,2,7,,0,2,7,1,B01
201900029060,0,7,,0,2,3,15,A01
201900029061,1,7,,0,2,1,9,A01
201900029061,1,2,,0,2,8,1,B01
201900029062,0,7,,0,1,0,20,A01
201900029063,2,7,,0,1,1,1,A01
201900029064,1,7,,1,0,1,23,A01
201900029064,2,2,,0,2,1,1,B01
201900029065,1,7,,0,2,7,1,C01
201900029065,1,7,,0,2,8,1,B01
201900029065,2,7,,12,2,1,9,A01
201900029066,1,7,,15,0,1,15,A01
201900029067,1,7,,0,2,5,20,B01
201900029067,1,7,,7,2,1,1,A01
201900029068,1,7,,0,2,0,1,B01
201900029068,1,7,,0,2,1,1,A01
201900029069,0,7,,8,2,3,1,A01
201900029069,3,7,,0,2,2,1,B01
201900029070,2,7,,0,2,7,9,A01
201900029070,3,1,,0,2,7,1,B01
201900029071,3,7,,0,2,4,15,B01
201900029071,3,10,,0,2,1,2,A01
201900029072,3,30,,0,0,0,26,Z01
201900029073,3,40,,0,1,3,1,A01
201900029074,1,7,,0,2,2,1,B01
201900029074,1,10,,0,2,1,1,A01
201900029075,1,32,,14,0,8,8,A01
201900029076,1,7,,0,2,3,15,B01
201900029076,1,33,,0,2,1,1,A01
201900029077,1,7,,0,1,2,1,A01
201900029078,1,7,,0,2,3,15,A01
201900029078,1,1,,0,2,7,1,B01
201900029079,1,30,,0,2,1,1,B01
201900029079,1,10,,0,2,7,15,A01
201900029080,1,7,,0,2,8,19,A01
201900029080,0,30,,0,2,2,1,B01
201900029081,1,7,,0,1,1,1,A01
201900029082,3,33,,0,2,1,1,B01
201900029082,3,7,,0,2,3,15,A01
201900029083,1,20,,0,2,1,1,B01
201900029083,1,3,,1,2,1,9,A01
201900029084,1,40,,0,2,1,1,B01
201900029084,1,7,,0,4,7,9,A01
201900029085,1,32,,0,2,1,1,B01
201900029085,1,7,,0,2,7,10,A01
201900029086,1,7,,0,2,7,19,A01
201900029086,1,7,,0,2,1,2,B01
201900029087,1,34,,0,1,0,1,A01
201900029088,1,7,,0,2,6,1,B01
201900029088,1,7,,0,2,0,16,A01
201900029089,1,7,,0,2,1,17,A01
201900029089,1,7,,0,2,4,1,B01
201900029090,0,7,,9,4,8,19,A01
201900029090,0,40,,0,2,1,19,B01
201900029091,1,40,,0,2,1,1,B01
201900029091,1,7,,0,4,8,19,A01
201900029092,0,7,,0,2,1,16,A01
201900029092,0,2,,0,0,0,7,B01
201900029093,0,7,,0,1,0,1,A01
201900029094,0,33,,0,0,1,1,B01
201900029094,0,7,,0,2,1,13,A01
201900029095,2,20,,10,0,1,19,A01
201900029096,2,7,,0,2,1,1,A01
201900029096,1,33,,0,2,1,1,B01
201900029097,1,7,,6,0,2,13,A01
201900029098,2,7,,0,1,2,1,A01
201900029099,3,7,,0,2,3,1,B01