Num_Acc,senc,catv,occutc,obs,obsm,choc,manv,num_veh
201900029099,3,10,,0,2,3,13,A01
201900029100,3,7,,0,2,3,1,B01
201900029100,3,7,,0,2,2,1,A01
201900029101,3,7,,0,1,2,1,A01
201900029102,2,7,,0,1,1,1,A01
201900029103,2,10,,0,2,2,1,A01
201900029103,3,37,2.0,0,2,3,15,B01
201900029104,1,7,,0,2,1,1,A01
201900029104,1,7,,8,2,8,1,B01
201900029105,2,15,,0,2,3,16,A01
201900029106,1,7,,6,2,2,1,A01
201900029106,2,7,,0,2,1,1,B01
201900029107,1,7,,8,0,7,13,A01
201900029108,3,7,,0,2,3,1,B01
201900029108,3,7,,12,1,1,12,A01
201900029109,3,7,,0,2,3,1,B01
201900029109,3,7,,0,2,3,1,A01
201900029110,1,10,,0,2,7,1,B01
201900029110,1,10,,0,2,1,9,A01
201900029111,2,2,,0,2,1,17,B01
201900029111,2,7,,0,2,3,10,A01
201900029112,2,30,,0,2,1,2,A01
201900029112,2,7,,0,2,6,15,B01
201900029113,1,7,,0,2,7,1,B01
201900029113,1,7,,0,2,1,15,A01
201900029114,3,7,,13,0,1,1,A01
201900029115,1,30,,1,2,1,18,A01
201900029115,1,10,,0,2,7,2,B01
201900029116,1,7,,8,0,1,14,A01
201900029117,2,33,,0,2,1,17,A01
201900029117,2,7,,0,2,6,13,B01
201900029118,0,33,,0,2,1,1,B01
201900029118,0,7,,0,2,2,15,A01
201900029119,3,0,,0,1,2,1,Z01
201900029120,2,7,,0,2,2,1,B01
201900029120,1,7,,0,2,3,13,A01
201900029121,1,7,,0,2,9,14,A01
201900029122,1,33,,0,2,1,2,B01
201900029122,1,7,,0,2,4,26,A01
201900029123,2,7,,0,1,8,26,A01
201900029124,2,7,,0,2,2,1,D01
201900029124,1,7,,0,2,6,13,C01
201900029124,1,7,,0,2,4,2,B01
201900029124,1,7,,0,2,1,2,A01
201900029125,1,7,,0,2,7,1,B01
201900029125,1,7,,0,2,1,6,A01
201900029126,2,10,,0,1,1,17,A01
201900029127,1,7,,0,1,3,1,A01
201900029128,2,10,,6,0,1,9,A01
201900029129,1,7,,0,2,1,1,B01
201900029129,1,7,,0,2,4,1,A01
201900029130,1,7,,0,1,8,26,A01
201900029131,1,3,,0,1,1,1,A01
201900029132,1,2,,0,2,1,23,B01
201900029132,1,13,,0,2,4,26,A01
201900029133,0,7,,0,2,3,1,B01
201900029133,0,7,,0,2,2,15,A01
201900029134,3,33,,0,2,3,1,B01
201900029134,3,7,,0,2,2,12,A01
201900029135,3,10,,0,1,7,1,A01
201900029136,3,60,,0,2,1,25,B01
201900029136,3,7,,0,2,2,25,A01
201900029137,2,1,,0,2,1,1,B01
201900029137,1,7,,0,2,3,26,A01
201900029138,3,7,,0,1,1,1,A01
201900029139,1,33,,0,2,1,2,B01
201900029139,1,7,,0,2,3,11,A01
201900029140,3,2,,0,0,2,1,A01
201900029140,3,7,,0,0,2,15,B01
201900029141,3,1,,0,0,8,19,A01
201900029141,3,7,,0,0,1,1,B01
201900029142,1,7,,5,0,8,1,A01
201900029143,3,1,,0,2,7,19,B01
201900029143,3,7,,0,2,1,1,A01
201900029144,3,7,,0,2,2,1,B01
201900029144,3,2,,0,2,8,15,A01
201900029145,3,7,,0,2,1,1,B01
201900029145,3,50,,0,2,1,19,A01
201900029146,3,7,,0,2,4,2,B01
201900029146,3,7,,0,2,1,2,A01
201900029147,2,7,,0,2,2,15,B01
201900029147,1,2,,0,2,1,1,A01
201900029148,3,7,,0,2,7,12,A01
201900029148,3,33,,0,2,8,1,B01
201900029149,1,7,,0,1,1,1,A01
201900029150,1,7,,0,2,1,1,A01
201900029150,1,7,,0,2,4,1,B01
201900029151,2,2,,0,0,8,15,A01
201900029152,2,37,1.0,0,1,7,2,A01
201900029153,1,7,,0,2,7,15,A01
201900029153,1,2,,0,2,1,1,B01
201900029154,3,7,,6,0,1,1,A01
201900029155,2,30,,0,2,1,13,A01
201900029155,1,7,,0,2,1,1,B01
201900029156,3,7,,0,2,2,1,A01
201900029156,1,1,,0,2,3,1,B01
201900029157,2,7,,0,1,3,9,A01
201900029158,3,2,,0,2,8,1,B01
201900029158,3,7,,0,2,7,22,A01
201900029159,3,7,,0,1,1,1,A01
201900029160,3,7,,0,2,4,2,B01
201900029160,3,7,,0,2,1,2,A01
201900029161,1,7,,0,2,4,2,B01
201900029161,1,7,,0,2,1,2,A01
201900029162,3,36,,0,1,0,26,A01
201900029163,2,1,,0,0,2,1,A01
201900029164,3,7,,0,2,5,2,B01
201900029164,3,7,,0,2,6,16,C01
201900029164,3,10,,0,2,3,3,A01
201900029165,3,1,,0,0,1,0,A01
201900029166,1,7,,0,1,4,23,B01
201900029166,1,33,,0,2,1,2,A01
201900029167,1,7,,0,2,4,2,B01
201900029167,1,2,,0,2,1,2,A01
201900029168,3,7,,6,0,1,1,A01
201900029169,3,7,,0,1,7,26,A01
201900029170,1,7,,0,2,1,1,A01
201900029170,1,7,,0,2,8,1,B01
201900029171,3,7,,0,2,1,1,A01
201900029171,3,7,,0,2,7,1,B01
201900029172,1,7,,0,1,2,1,A01
201900029173,2,7,,0,1,2,1,A01
201900029174,3,1,,0,0,0,1,A01
201900029175,3,1,,0,2,5,21,B01
201900029175,1,7,,0,2,3,9,A01
201900029176,3,7,,0,2,3,1,B01
201900029176,2,7,,0,2,3,15,A01
201900029177,1,7,,0,2,2,2,B01
201900029177,3,7,,0,2,1,19,A01
201900029178,3,7,,0,2,1,1,B01
201900029178,3,7,,0,2,2,9,A01
201900029179,2,10,,0,1,3,15,A01
201900029180,1,7,,0,1,1,0,A01
201900029181,3,37,1.0,0,2,3,1,B01
201900029181,3,7,,0,2,2,15,A01
201900029182,3,33,,1,1,1,3,A01
201900029183,0,33,,0,0,7,1,A01
201900029184,2,2,,0,2,1,1,B01
201900029184,1,7,,0,2,3,13,A01
201900029185,2,10,,0,2,8,1,D01
201900029185,2,10,,0,2,3,1,C01
201900029185,2,15,,0,2,6,1,B01
201900029185,1,10,,0,2,3,5,A01
201900029186,1,3,,2,0,1,21,A01
201900029187,2,14,,0,0,6,2,B01
201900029187,2,10,,0,2,1,2,A01
201900029188,1,7,,0,2,1,17,D01
201900029188,1,7,,0,2,9,17,C01
201900029188,1,7,,0,2,9,17,B01
201900029188,1,7,,0,0,4,17,A01
201900029189,1,7,,0,2,1,2,A01
201900029189,1,21,,0,0,4,15,B01
201900029190,1,33,,0,5,1,1,A01
201900029191,2,7,,0,0,1,1,A01
201900029192,2,7,,0,2,2,13,A01
201900029192,1,2,,0,2,3,12,B01
201900029193,3,33,,0,2,1,1,B01
201900029193,3,7,,0,2,7,15,A01
201900029194,3,7,,0,2,3,19,A01
201900029194,2,14,,0,2,3,1,B01
201900029195,0,7,,0,2,8,19,A01
201900029195,2,33,,0,2,2,1,B01
201900029196,1,7,,13,0,2,1,A01
201900029197,1,7,,16,0,9,0,A01
201900029198,1,7,,13,0,3,1,A01
201900029199,1,7,,2,0,1,1,A01
201900029200,2,7,,0,2,2,1,A01
201900029200,1,7,,0,2,1,1,B01
201900029201,2,7,,0,2,3,15,A01
201900029201,1,33,,0,2,1,1,B01
201900029202,2,15,,0,0,8,1,B01
201900029202,1,7,,0,2,3,13,A01
201900029203,3,7,,0,1,3,15,A01
201900029204,2,17,,3,0,2,1,A01
201900029205,2,17,,0,1,3,1,A01
201900029206,1,10,,0,2,3,1,B01
201900029206,2,34,,3,2,2,26,A01
201900029207,2,7,,0,2,3,5,A01
201900029207,1,17,,0,2,0,1,B01
201900029207,1,99,,0,2,6,1,C01
201900029208,2,15,,0,2,4,24,B01
201900029208,2,7,,1,0,8,14,A01
201900029209,1,7,,16,0,0,0,A01
201900029210,2,15,,2,0,2,1,A01
201900029211,0,31,,0,2,1,1,A01
201900029211,0,7,,0,0,6,10,B01
201900029212,1,33,,0,0,0,1,A01
201900029213,2,7,,0,2,2,1,B01
201900029213,2,7,,4,2,9,1,A01
201900029214,3,7,,0,2,3,1,B01
201900029214,3,15,,0,2,3,1,A01
201900029215,2,15,,0,2,1,2,A01
201900029215,2,7,,0,0,4,0,B01
201900029216,1,31,,0,2,1,17,B01
201900029216,2,7,,0,2,1,15,A01
201900029217,1,10,,15,0,1,1,A01
201900029218,1,2,,0,0,0,0,A01
201900029219,1,10,,0,2,2,1,B01
201900029219,2,10,,0,2,3,1,A01
201900029220,2,32,,0,2,5,2,A01
201900029220,2,7,,0,2,3,2,B01
201900029220,1,7,,0,2,3,2,C01
201900029221,2,10,,0,2,3,1,A01
201900029221,2,34,,0,2,2,3,B01
201900029222,1,7,,0,0,0,0,A01
201900029222,1,7,,0,0,0,0,B01
201900029222,1,7,,0,0,0,0,C01
201900029222,1,7,,0,0,0,0,D01
201900029223,2,33,,0,0,0,0,B01
201900029223,1,10,,0,2,0,14,A01
201900029224,2,7,,0,2,4,2,A01
201900029224,2,7,,0,2,5,2,B01
201900029224,2,7,,0,2,3,2,C01
201900029225,1,7,,3,2,1,0,A01
201900029225,1,17,,0,2,5,1,B01
201900029226,2,33,,16,0,8,1,A01
201900029227,1,10,,0,2,1,2,A01
201900029227,3,7,,0,2,4,2,B01
201900029227,3,7,,0,2,4,2,C01
201900029228,2,7,,0,2,1,1,A01
201900029228,2,15,,0,2,4,1,B01
201900029229,2,7,,4,0,3,1,A01
201900029230,2,7,,4,0,1,1,A01
201900029231,2,7,,0,0,9,1,A01
201900029232,2,7,,4,0,8,13,A01
201900029233,2,7,,0,2,3,1,B01
201900029233,2,7,,4,2,1,1,A01
201900029234,2,7,,4,2,1,2,A01
201900029234,2,7,,0,2,4,2,B01
201900029234,2,7,,0,2,4,2,C01
201900029234,2,7,,0,2,4,2,D01
201900029234,2,7,,0,2,4,2,E01
201900029235,1,7,,0,2,4,2,C01
201900029235,1,7,,0,2,4,2,B01
201900029235,1,7,,0,2,1,2,A01
201900029236,1,7,,4,0,3,1,A01
201900029237,1,7,,4,0,3,1,A01
201900029238,2,7,,3,2,1,13,A01
201900029238,2,7,,0,2,8,1,B01
201900029239,1,7,,0,2,4,1,A01
201900029239,1,7,,0,2,4,2,B01
201900029239,1,7,,0,2,1,2,C01
201900029240,1,7,,0,2,2,14,A01
201900029240,1,14,,0,2,3,1,B01
201900029241,2,7,,0,2,4,0,A01
201900029241,2,10,,0,2,2,0,B01
201900029242,1,7,,0,1,1,1,A01
201900029243,1,10,,0,2,2,16,A01
201900029243,1,30,,0,2,3,18,B01
201900029244,2,7,,0,2,4,2,C01
201900029244,2,7,,0,2,4,2,B01
201900029244,2,7,,0,2,1,2,A01
201900029245,2,7,,0,2,0,12,B01
201900029245,2,7,,0,2,8,1,A01
201900029246,2,7,,0,2,8,1,A01
201900029246,2,31,,0,2,1,1,B01
201900029247,2,7,,7,0,3,11,A01
201900029248,2,7,,0,2,1,2,Z01
201900029248,2,7,,0,2,4,1,A01
201900029249,3,33,,0,2,1,13,A01
201900029249,3,7,,0,2,3,1,B01
201900029250,1,33,,0,2,3,1,A01
201900029250,2,7,,0,2,3,15,B01
201900029251,2,7,,0,2,3,13,A01
201900029251,1,7,,1,2,1,26,B01
201900029252,3,7,,0,1,2,26,A01
201900029253,3,7,,0,1,1,15,A01
201900029254,3,7,,0,2,8,1,B01
201900029254,3,7,,0,2,1,15,A01
201900029255,1,30,,0,2,1,1,A01
201900029255,2,30,,0,2,1,1,B01
201900029256,1,7,,3,0,1,0,A01
201900029257,1,3,,0,0,0,1,A01
201900029258,3,33,,0,2,1,1,A01
201900029258,3,1,,0,2,7,19,B01
201900029259,1,7,,0,2,3,15,A01
201900029259,2,32,,0,2,1,1,B01
201900029260,1,7,,0,2,1,26,D01
201900029260,1,7,,0,2,6,26,C01
201900029260,1,7,,0,2,3,23,B01
201900029260,1,7,,0,2,2,12,A01
201900029261,2,33,,0,2,3,9,A01
201900029262,2,7,,0,2,3,15,B01
201900029262,1,7,,0,2,1,1,A01
201900029263,2,7,,0,2,4,2,A01
201900029263,2,7,,0,2,1,2,Z01
201900029264,2,7,,0,2,0,1,Z01
201900029264,1,1,,0,2,8,15,A01
201900029265,1,30,,0,2,1,1,A01
201900029265,1,7,,0,2,3,1,B01
201900029266,2,7,,0,2,3,1,A01
201900029266,1,7,,0,2,0,1,Z01
201900029267,2,1,,0,2,1,17,B01
201900029267,2,7,,0,2,7,22,A01
201900029268,1,32,,0,2,2,17,B01
201900029268,1,7,,0,2,3,15,A01
201900029269,1,99,,0,2,5,17,A01
201900029269,1,99,,0,2,3,15,B01
201900029270,1,7,,0,2,3,1,B01
201900029270,1,7,,0,2,3,1,A01
201900029271,2,7,,0,2,1,15,A01
201900029271,1,30,,0,2,3,1,B01
201900029272,1,10,,4,0,0,1,A01
201900029273,1,7,,0,2,1,5,A01
201900029273,2,7,,0,2,1,1,B01
201900029274,1,7,,0,2,2,1,A01
201900029274,1,7,,0,2,1,1,B01
201900029275,1,7,,0,1,3,1,A01
201900029276,0,7,,0,2,2,26,B01
201900029276,3,13,,0,2,5,26,A01
201900029277,1,7,,2,0,1,17,A01
201900029278,2,7,,1,0,7,14,A01
201900029279,1,7,,0,1,1,1,A01
201900029280,1,7,,0,0,1,1,A01
201900029281,2,7,,0,2,1,1,B01
201900029281,1,7,,0,2,1,13,A01
201900029282,3,7,,6,0,9,1,A01
201900029283,2,7,,0,2,7,1,A01
201900029283,2,2,,0,2,8,18,B01
201900029284,3,7,,1,0,7,13,A01
201900029285,1,7,,0,2,8,21,B01
201900029285,2,7,,0,2,3,13,A01
201900029286,2,2,,16,0,0,1,A01
201900029287,3,2,,0,2,1,0,A01
201900029287,0,7,,0,2,3,19,B01
201900029288,1,7,,0,2,8,15,A01
201900029288,1,10,,0,2,1,1,B01
201900029289,2,7,,1,0,1,17,A01
201900029290,2,7,,17,0,3,21,A01
201900029291,2,7,,0,2,3,21,B01
201900029291,1,7,,0,2,3,21,A01
201900029292,2,10,,0,1,2,1,A01
201900029293,2,7,,0,2,1,1,B01
201900029293,3,7,,0,2,1,19,A01
201900029294,1,0,,0,9,3,0,B01
201900029294,1,2,,0,2,1,0,A01
201900029295,2,33,,0,2,1,1,B01
201900029295,1,7,,0,2,2,11,A01
201900029296,2,7,,3,2,4,23,C01
201900029296,2,7,,0,2,5,11,B01
201900029296,2,7,,1,1,1,12,A01
201900029297,1,7,,4,0,9,1,A01
201900029298,2,33,,0,2,4,2,A01
201900029298,2,7,,0,2,1,2,B01
201900029299,2,7,,0,0,3,13,A01
201900029300,1,7,,0,2,3,1,A01
201900029300,1,2,,0,2,2,1,B01
201900029301,1,7,,0,0,8,17,A01
201900029301,1,33,,0,2,1,1,B01
201900029302,2,7,,0,2,3,5,A01
201900029302,1,7,,0,2,3,1,B01
201900029302,1,7,,0,2,6,1,C01
201900029303,3,7,,0,2,5,15,A01
201900029303,3,34,,0,2,1,1,B01
201900029304,2,7,,6,2,1,13,A01
201900029305,1,7,,0,2,3,5,A01
201900029305,2,7,,0,2,3,1,B01
201900029306,1,7,,0,2,1,1,B01
201900029306,2,7,,0,2,1,26,A01
201900029307,1,7,,4,2,9,18,A01
201900029307,1,7,,0,2,7,1,B01
201900029308,0,2,,2,0,1,2,A01
201900029309,3,1,,0,2,1,17,B01
201900029309,3,7,,0,9,3,1,A01
201900029310,2,7,,0,2,1,1,A01
201900029310,1,21,,0,2,3,1,B01
201900029311,3,2,,8,0,1,0,A01
201900029312,0,2,,0,2,1,1,B01
201900029312,0,7,,0,2,5,4,A01
201900029313,2,7,,0,2,1,1,A01
201900029313,1,7,,0,2,6,15,B01
201900029314,1,7,,0,2,4,1,A01
201900029314,1,7,,0,2,4,1,B01
201900029314,1,7,,0,2,1,2,C01
201900029315,2,7,,0,2,1,1,A01
201900029315,2,7,,0,2,4,2,B01
201900029315,2,7,,0,2,4,2,C01
201900029316,2,16,,0,2,2,1,A01
201900029316,2,7,,0,2,3,11,B01
201900029317,1,7,,4,0,1,1,A01
201900029318,2,7,,3,0,1,1,A01
201900029319,1,7,,0,2,7,1,A01
201900029319,1,7,,0,2,8,1,B01
201900029320,2,7,,0,2,4,1,B01
201900029320,2,7,,0,2,1,1,A01
201900029321,1,7,,4,2,1,1,A01
201900029321,1,7,,0,2,8,1,B01
201900029322,2,7,,0,2,3,2,A01
201900029322,2,33,,0,2,1,3,C01
201900029322,2,7,,0,2,8,2,D01
201900029322,2,7,,0,2,6,2,E01
201900029322,2,7,,0,2,5,2,B01
201900029323,1,10,,0,2,1,1,A01
201900029323,1,7,,0,2,1,1,B01
201900029323,1,7,,0,2,5,16,C01
201900029324,1,7,,0,2,1,2,B01
201900029324,1,7,,0,0,7,2,A01
201900029325,1,7,,6,0,1,14,A01
201900029326,1,7,,0,2,4,2,B01
201900029326,1,7,,0,2,1,2,A01
201900029327,3,10,,0,2,1,13,A01
201900029327,3,10,,0,2,1,1,B01
201900029328,1,7,,0,2,6,1,B01
201900029328,1,7,,0,2,2,19,A01
201900029329,2,50,,0,0,0,26,A01
201900029330,2,7,,0,2,1,1,B01
201900029330,2,7,,0,2,6,15,A01
201900029331,2,7,,4,0,3,13,A01
201900029332,1,7,,0,2,4,2,C01
201900029332,1,7,,0,2,4,2,B01
201900029332,1,7,,0,2,1,2,A01
201900029333,2,30,,0,2,1,17,A01
201900029333,2,7,,0,2,8,15,B01
201900029334,1,33,,0,2,8,11,B01
201900029334,1,7,,0,2,2,1,A01
201900029335,3,10,,2,0,1,16,A01
201900029336,3,7,,0,2,1,2,B01
201900029336,3,7,,0,2,1,2,C01
201900029337,1,32,,0,0,4,23,A01
201900029337,1,7,,0,2,2,1,B01
201900029338,0,7,,0,0,0,0,TB01
201900029338,1,7,,1,1,2,21,A01
201900029339,3,10,,0,2,1,1,A01
201900029339,3,10,,1,2,6,9,B01
201900029340,3,33,,0,0,1,17,A01
201900029341,0,7,,0,1,2,15,A01
201900029342,1,7,,6,0,2,15,A01
201900029343,1,7,,1,0,4,20,A01
201900029344,1,7,,0,2,1,1,B01
201900029344,1,7,,0,2,3,19,A01
201900029345,3,3,,0,2,3,9,A01
201900029345,1,7,,0,2,1,1,B01
201900029346,2,10,,7,0,1,11,A01
201900029347,3,7,,0,1,1,1,A01
201900029348,0,7,,0,1,2,26,A01
201900029349,3,7,,2,0,1,16,A01
201900029350,3,37,1.0,0,1,2,1,A01
201900029351,1,33,,0,2,4,1,B01
201900029351,1,33,,0,2,1,1,A01
201900029352,2,7,,0,2,1,13,A01
201900029352,1,7,,0,2,1,1,B01
201900029352,1,7,,0,2,1,1,C01
201900029353,1,30,,0,2,0,9,A01
201900029353,1,7,,0,2,0,1,Z01
201900029354,3,33,,0,2,1,1,B01
201900029354,1,7,,0,2,8,1,A01
201900029355,3,10,,0,0,0,13,A01
201900029355,3,33,,0,2,0,1,B01
201900029355,3,7,,0,2,6,23,C01
201900029356,1,7,,0,2,3,1,A01
201900029356,2,7,,0,2,3,1,B01
201900029357,2,2,,0,0,4,1,B01
201900029357,2,7,,0,2,1,1,A01
201900029358,3,7,,0,2,7,26,B01
201900029358,0,7,,0,2,1,1,A01
201900029359,3,15,,0,0,0,1,A01
201900029360,3,37,2.0,2,0,7,1,A01
201900029361,2,2,,0,2,1,1,A01
201900029361,1,7,,0,2,6,15,B01
201900029362,2,7,,6,0,3,0,A01
201900029363,1,7,,13,0,1,17,A01
201900029364,2,10,,0,2,3,15,B01
201900029364,1,2,,0,2,1,1,A01
201900029365,1,3,,15,0,1,1,A01
201900029366,2,7,,8,0,3,1,A01
201900029367,1,7,,0,1,1,1,A01
201900029368,1,7,,0,1,1,1,A01
201900029368,1,7,,0,2,1,1,B01
201900029369,1,7,,2,0,2,1,A01
201900029370,1,2,,0,2,1,17,B01
201900029370,2,7,,0,2,1,1,A01
201900029371,2,7,,13,0,9,1,A01
201900029372,2,7,,0,2,1,1,B01
201900029372,1,7,,0,2,2,5,A01
201900029373,2,7,,0,2,7,13,B01
201900029373,1,7,,0,2,1,1,A01
201900029374,2,33,,13,0,1,1,A01
201900029375,1,7,,0,2,1,1,A01
201900029375,2,7,,0,2,1,13,B01
201900029376,1,7,,0,9,5,17,A01
201900029376,1,1,,0,2,7,1,B01
201900029377,2,7,,0,2,1,13,A01
201900029377,3,7,,0,2,1,1,B01
201900029378,2,2,,0,2,1,17,A01
201900029378,2,7,,0,2,3,15,B01
201900029379,3,7,,0,0,3,2,A01
201900029380,2,7,,0,2,1,3,A01
201900029380,2,7,,0,2,5,2,B01
201900029380,2,7,,3,2,4,2,C01
201900029381,1,7,,0,2,1,1,B01
201900029381,2,10,,0,2,1,1,A01
201900029382,1,7,,2,0,2,24,B01
201900029382,2,7,,0,0,2,1,A01
201900029383,1,7,,0,2,5,19,A01
201900029383,2,7,,0,2,1,1,B01
201900029384,2,1,,0,2,1,1,B01
201900029384,1,7,,0,2,3,15,A01
201900029385,1,7,,2,0,8,1,A01
201900029386,2,7,,13,0,1,0,A01
201900029387,2,7,,0,2,1,1,A01
201900029387,2,7,,0,0,4,15,B01
201900029387,1,7,,0,2,1,1,C01
201900029388,2,7,,13,0,3,0,A01
201900029389,1,7,,0,2,3,1,B01
201900029389,2,7,,0,2,3,13,A01
201900029390,0,7,,0,2,8,1,B01
201900029390,0,10,,0,2,3,13,A01
201900029391,1,7,,3,0,1,2,J01
201900029391,1,7,,0,2,5,2,I01
201900029391,1,7,,3,2,1,2,H01
201900029391,1,7,,0,2,1,2,G01
201900029391,1,7,,3,2,1,2,F01
201900029391,1,7,,3,2,1,2,E01
201900029391,1,7,,0,2,1,2,D01
201900029391,1,7,,3,0,1,2,C01
201900029391,1,7,,3,0,2,2,K01
201900029391,1,7,,4,2,1,2,B01
201900029391,1,7,,3,0,1,2,A01
201900029392,1,15,,0,2,7,19,B01
201900029392,2,7,,0,2,1,1,A01
201900029393,1,33,,14,0,1,1,A01
201900029394,0,7,,0,1,1,1,A01
201900029395,1,7,,0,2,1,19,A01
201900029395,1,7,,0,2,1,1,B01
201900029396,1,7,,2,0,1,1,A01
201900029397,1,7,,3,0,3,1,A01
201900029398,1,7,,15,0,1,1,A01
201900029399,2,7,,3,0,2,2,G01
201900029399,2,38,1.0,0,0,4,2,F01
201900029399,2,7,,0,2,1,2,E01
201900029399,2,7,,0,2,9,2,D01
201900029399,2,7,,0,2,1,2,C01
201900029399,2,7,,0,0,4,2,B01
201900029399,2,7,,0,2,1,2,A01
201900029400,2,7,,0,2,8,1,B01
201900029400,2,7,,4,2,3,21,A01
201900029401,1,7,,0,2,1,1,D01
201900029401,2,7,,0,2,7,1,C01
201900029401,1,7,,0,2,2,19,B01
201900029401,1,32,,0,2,1,1,A01
201900029402,3,7,,0,0,9,1,A01
201900029403,2,10,,0,2,1,1,B01
201900029403,1,7,,0,2,1,13,A01
201900029404,3,7,,0,1,3,15,A01
201900029405,2,7,,0,2,1,1,B01
201900029405,2,7,,0,2,6,10,A01
201900029406,3,7,,2,0,1,1,A01
201900029407,2,33,,0,2,1,1,A01
201900029407,2,10,,0,2,6,1,B01
201900029408,2,33,,0,2,1,1,B01
201900029408,1,7,,0,2,7,15,A01
201900029409,3,7,,0,1,3,1,A01
201900029410,3,2,,13,0,2,21,A01
201900029410,3,0,,0,0,0,0,B01
201900029411,2,1,,0,2,4,1,B01
201900029411,1,7,,0,2,2,14,A01
201900029412,1,7,,2,0,2,1,A01
201900029413,3,2,,0,0,4,1,A01
201900029413,3,7,,0,0,1,0,B01
201900029414,3,7,,0,1,1,0,A01
201900029415,1,31,,0,2,8,1,A01
201900029415,2,7,,0,2,1,1,B01
201900029416,1,7,,0,2,3,10,A01
201900029416,1,33,,0,2,1,1,B01
201900029417,1,33,,0,2,1,2,A01
201900029417,1,7,,0,0,4,2,B01
201900029418,1,7,,2,0,5,1,A01
201900029419,1,2,,0,2,1,1,B01
201900029419,2,7,,13,2,5,17,A01
201900029420,1,7,,7,0,1,0,A01
201900029421,2,7,,0,2,1,2,C01
201900029421,2,7,,0,2,4,2,B01
201900029421,2,7,,0,2,4,2,A01
201900029422,1,7,,0,2,8,11,A01
201900029422,1,7,,0,2,5,1,B01
201900029423,2,0,,0,2,1,2,Z01
201900029423,2,7,,0,2,4,1,B01
201900029423,2,7,,0,2,4,1,A01
201900029424,2,7,,5,0,1,14,A01
201900029425,1,33,,0,9,0,0,A01
201900029426,2,7,,0,2,1,2,A01
201900029426,2,15,,0,2,4,2,B01
201900029427,2,33,,0,2,2,17,A01
201900029428,2,13,,0,2,6,2,B01
201900029428,2,7,,0,2,1,13,A01
201900029429,1,7,,0,2,4,2,B01
201900029429,1,7,,0,2,1,2,A01
201900029430,2,7,,0,2,1,1,A01
201900029430,2,7,,0,2,4,1,B01
201900029430,2,10,,0,2,4,1,C01
201900029431,1,7,,0,2,1,2,A01
201900029431,1,7,,0,2,4,2,B01
201900029432,2,7,,0,2,2,0,A01
201900029432,2,15,,0,2,7,1,B01
201900029433,2,7,,6,0,5,2,B01
201900029433,2,7,,0,2,1,2,A01
201900029434,1,7,,0,2,4,23,C01
201900029434,1,7,,0,2,4,23,B01
201900029434,1,7,,0,2,1,2,A01
201900029435,1,10,,0,2,7,12,A01
201900029435,1,33,,0,2,3,3,B01
201900029436,2,33,,0,2,4,1,B01
201900029436,2,7,,0,2,2,12,A01
201900029437,2,7,,0,2,1,2,A01
201900029437,2,7,,0,2,4,2,B01
201900029437,2,7,,0,2,4,0,C01
201900029437,2,7,,0,2,4,2,D01
201900029438,2,7,,0,2,4,2,C01
201900029438,2,7,,0,2,4,2,B01
201900029438,2,7,,0,2,1,2,A01
201900029439,2,7,,0,2,5,21,A01
201900029439,2,31,,0,2,3,1,B01
201900029440,2,7,,0,2,8,13,A01
201900029440,2,33,,0,2,7,3,B01
201900029441,1,7,,0,2,4,12,B01
201900029441,1,7,,0,2,1,11,A01
201900029442,1,7,,0,2,1,2,A01
201900029442,1,10,,0,2,4,2,B01
201900029442,1,7,,0,2,4,2,C01
201900029443,1,7,,0,2,8,1,B01
201900029443,1,7,,4,2,1,26,A01
201900029444,1,7,,4,2,5,1,A01
201900029444,1,0,,0,2,0,11,Z01
201900029445,2,33,,0,2,5,1,A01
201900029445,2,7,,0,2,3,11,B01
201900029445,2,10,,0,2,5,1,C01
201900029446,1,7,,0,2,4,2,A01
201900029446,1,17,,0,2,3,2,B01
201900029446,1,17,,0,2,2,17,C01
201900029447,2,7,,0,2,1,1,A01
201900029447,2,7,,12,2,8,14,B01
201900029448,1,17,,0,2,1,0,B01
201900029448,1,7,,3,2,8,26,A01
201900029449,2,33,,0,2,3,2,B01
201900029449,2,33,,0,2,7,2,A01
201900029450,2,7,,0,2,3,11,A01
201900029450,2,33,,0,2,7,3,B01
201900029451,2,33,,0,0,9,21,A01
201900029452,2,33,,0,2,8,1,B01
201900029452,2,7,,0,2,7,14,A01
201900029453,1,7,,0,2,2,1,A01
201900029453,1,7,,0,2,6,2,B01
201900029454,2,15,,0,2,4,1,A01
201900029454,2,15,,0,2,1,1,B01
201900029454,2,15,,0,2,1,1,C01
201900029455,2,10,,0,2,1,2,A01
201900029455,2,7,,0,0,4,2,B01
201900029456,2,7,,0,2,1,2,B01
201900029456,2,7,,0,2,4,2,A01
201900029457,1,31,,0,2,8,1,A01
201900029457,1,7,,0,2,2,16,B01
201900029458,3,33,,0,2,7,0,B01
201900029458,3,7,,0,2,8,13,A01
201900029459,2,7,,4,0,1,1,A01
201900029460,3,7,,0,2,3,13,A01
201900029460,3,7,,0,2,5,2,B01
201900029461,3,30,,3,2,1,3,B01
201900029461,3,7,,3,2,5,14,A01
201900029462,1,10,,0,2,3,15,B01
201900029462,1,2,,0,2,1,1,A01
201900029463,1,7,,0,2,1,1,A01
201900029463,1,7,,0,2,4,1,B01
201900029463,1,7,,0,2,6,1,C01
201900029464,1,10,,0,2,1,9,A01
201900029464,3,10,,0,2,2,9,B01