Num_Acc,senc,catv,occutc,obs,obsm,choc,manv,num_veh
201900029465,3,7,,0,1,8,15,A01
201900029466,2,50,,0,2,7,1,A01
201900029466,1,7,,0,2,1,1,B01
201900029467,3,7,,0,2,1,24,B01
201900029467,2,1,,1,0,1,5,A01
201900029468,1,7,,0,1,4,26,A01
201900029469,3,7,,0,2,4,0,A01
201900029469,3,7,,0,2,1,0,B01
201900029470,1,1,,0,2,8,9,B01
201900029470,1,7,,0,1,1,9,A01
201900029471,3,31,,15,0,0,15,A01
201900029472,1,7,,0,2,5,9,A01
201900029472,1,7,,0,2,1,1,B01
201900029473,1,7,,0,2,3,1,B01
201900029473,2,7,,0,2,3,16,A01
201900029474,1,7,,0,2,2,16,B01
201900029474,1,2,,0,2,8,18,A01
201900029475,1,7,,0,1,8,1,A01
201900029476,3,3,,0,2,1,15,A01
201900029476,3,33,,0,2,5,1,B01
201900029477,0,7,,0,1,0,1,A01
201900029478,1,7,,0,2,3,10,A01
201900029478,1,7,,0,2,2,1,B01
201900029479,2,7,,0,2,1,1,B01
201900029479,2,7,,0,2,6,15,A01
201900029480,3,33,,0,2,5,1,B01
201900029480,3,7,,0,2,3,9,A01
201900029481,2,7,,0,2,0,0,Z01
201900029481,1,1,,0,2,0,1,A01
201900029482,1,7,,0,9,2,1,A01
201900029482,1,50,,0,2,0,26,C01
201900029483,1,7,,0,2,8,0,A01
201900029483,1,7,,0,2,1,0,B01
201900029484,1,7,,0,2,2,9,A01
201900029484,1,2,,0,2,7,1,B01
201900029485,0,7,,3,2,1,1,B01
201900029485,0,7,,0,2,1,13,A01
201900029486,3,7,,0,2,1,2,A01
201900029486,3,7,,0,2,4,23,B01
201900029487,1,7,,0,1,1,1,A01
201900029488,3,30,,0,2,5,1,A01
201900029488,3,7,,0,2,1,1,B01
201900029489,2,7,,0,2,5,15,B01
201900029489,1,7,,0,2,2,1,A01
201900029490,3,7,,0,2,3,16,B01
201900029490,3,33,,0,2,7,15,A01
201900029491,1,1,,0,2,1,1,B01
201900029491,1,7,,0,2,3,15,A01
201900029492,3,1,,0,2,8,1,B01
201900029492,3,7,,0,1,1,15,A01
201900029493,3,7,,0,2,8,1,B01
201900029493,3,7,,0,2,1,1,A01
201900029494,2,7,,0,2,1,0,C01
201900029494,2,7,,9,2,6,21,B01
201900029494,1,7,,0,2,1,13,A01
201900029495,1,7,,0,2,1,2,A01
201900029495,1,7,,0,2,4,2,B01
201900029495,1,7,,0,2,4,0,C01
201900029496,2,7,,0,2,8,1,B01
201900029496,1,2,,0,2,1,1,A01
201900029497,1,7,,3,2,3,13,A01
201900029497,2,2,,0,2,3,1,B01
201900029498,1,10,,0,2,2,2,A01
201900029498,1,1,,0,2,4,2,B01
201900029499,1,10,,0,2,0,9,A01
201900029499,1,2,,0,2,0,1,B01
201900029500,1,7,,0,2,3,0,C01
201900029500,1,7,,0,2,1,1,B01
201900029500,1,7,,0,2,2,15,A01
201900029501,3,7,,0,2,1,2,A01
201900029501,3,7,,0,2,4,2,B01
201900029502,3,7,,0,2,4,1,C01
201900029502,3,7,,0,2,9,1,B01
201900029502,3,7,,0,2,1,9,A01
201900029503,1,30,,0,0,3,1,A01
201900029504,1,7,,0,2,1,1,A01
201900029504,1,7,,0,2,1,1,B01
201900029505,3,7,,0,2,1,2,A01
201900029505,3,7,,0,2,4,15,B01
201900029506,2,10,,0,2,3,1,B01
201900029506,1,7,,0,2,3,9,A01
201900029507,1,7,,0,2,7,1,A01
201900029507,2,31,,0,2,1,1,B01
201900029508,1,32,,0,2,8,2,A01
201900029508,1,7,,0,2,4,2,B01
201900029509,1,32,,0,2,1,3,A01
201900029509,1,7,,0,2,8,11,B01
201900029510,2,7,,0,2,6,1,B01
201900029510,2,33,,0,2,1,3,A01
201900029510,2,7,,0,2,4,11,Z01
201900029511,2,7,,0,1,2,1,A01
201900029512,1,10,,0,2,4,23,B01
201900029512,1,7,,0,2,1,2,A01
201900029513,1,20,,0,1,2,16,A01
201900029514,2,33,,1,0,1,14,A01
201900029515,2,31,,0,1,1,17,A01
201900029516,2,2,,0,2,8,16,B01
201900029516,2,14,,0,2,7,16,A01
201900029517,1,30,,0,2,2,17,A01
201900029517,1,7,,0,2,8,15,B01
201900029518,2,33,,0,1,1,1,A01
201900029519,1,10,,0,2,7,22,A01
201900029519,1,80,,0,2,1,1,B01
201900029520,2,1,,0,2,2,1,B01
201900029520,2,7,,0,2,3,15,A01
201900029521,2,1,,0,2,1,19,B01
201900029521,2,7,,0,2,1,16,A01
201900029522,1,7,,0,2,3,13,A01
201900029522,1,2,,0,2,2,5,B01
201900029523,1,33,,0,2,7,1,A01
201900029523,1,7,,0,2,1,1,B01
201900029524,2,2,,0,2,3,1,B01
201900029524,1,7,,0,2,2,1,A01
201900029525,2,10,,0,1,3,1,A01
201900029526,2,7,,0,2,1,2,A01
201900029526,2,7,,0,2,4,2,B01
201900029527,1,1,,0,0,0,1,A01
201900029528,1,30,,12,0,3,13,A01
201900029529,2,1,,0,0,7,16,A01
201900029530,2,13,,0,2,0,2,[01
201900029530,2,10,,0,2,1,2,A01
201900029531,2,30,,0,1,1,1,Z01
201900029532,1,7,,0,1,1,15,A01
201900029533,1,7,,0,2,8,9,B01
201900029533,1,7,,0,2,1,19,A01
201900029534,3,34,,0,2,7,16,B01
201900029534,3,7,,0,2,3,9,A01
201900029535,3,1,,0,0,4,1,B01
201900029535,3,10,,0,2,1,9,A01
201900029536,0,30,,0,0,8,21,A01
201900029537,0,37,1.0,0,1,3,16,A01
201900029538,0,1,,0,2,1,1,A01
201900029538,0,7,,0,0,0,0,Z01
201900029539,0,7,,0,2,1,9,B01
201900029539,0,33,,0,2,2,1,A01
201900029540,0,7,,4,0,9,1,A01
201900029541,1,7,,0,2,2,1,A01
201900029541,1,1,,0,2,0,19,B01
201900029542,1,33,,14,0,1,16,A01
201900029543,1,33,,0,2,1,1,A01
201900029543,1,7,,0,2,4,1,B01
201900029544,1,30,,0,2,8,17,A01
201900029544,1,10,,0,2,2,12,B01
201900029545,3,7,,0,1,2,1,A01
201900029546,3,30,,0,0,0,15,A01
201900029547,1,7,,0,2,1,2,A01
201900029547,1,7,,0,2,4,2,B01
201900029548,3,7,,0,2,4,24,B01
201900029548,2,10,,1,1,1,13,A01
201900029549,1,7,,0,2,1,15,A01
201900029549,1,2,,1,2,7,1,B01
201900029550,0,7,,0,2,1,23,H01
201900029550,0,7,,0,2,1,1,B01
201900029551,2,7,,0,1,1,2,A01
201900029552,0,33,,0,2,0,0,B01
201900029552,0,7,,0,2,0,0,A01
201900029553,1,7,,8,0,3,13,A01
201900029554,3,7,,13,0,8,13,A01
201900029555,3,7,,0,1,1,1,A01
201900029556,2,2,,0,2,0,3,B01
201900029556,2,7,,0,0,0,10,A01
201900029557,0,33,,0,2,2,1,B01
201900029557,0,7,,0,2,3,15,A01
201900029558,2,7,,0,2,1,2,A01
201900029558,2,7,,0,2,4,2,B01
201900029558,2,10,,0,2,4,2,C01
201900029559,1,33,,0,2,1,14,A01
201900029559,2,1,,0,2,1,8,B01
201900029560,1,7,,0,2,3,16,A01
201900029560,1,32,,0,2,2,17,B01
201900029561,2,30,,0,2,4,2,A01
201900029561,2,33,,0,2,3,2,B01
201900029562,1,7,,0,2,0,20,Z01
201900029562,1,7,,0,2,6,23,B01
201900029562,1,7,,0,2,9,2,A01
201900029563,1,33,,0,1,1,1,A01
201900029564,2,7,,0,2,1,16,A01
201900029564,3,60,,0,2,8,19,B01
201900029565,1,10,,0,2,2,1,B01
201900029565,1,32,,0,2,8,15,A01
201900029566,2,32,,0,0,1,21,A01
201900029567,1,1,,0,2,8,1,B01
201900029567,2,7,,0,2,1,15,A01
201900029568,2,10,,0,1,4,4,A01
201900029569,3,43,,0,2,1,1,A01
201900029569,3,7,,0,2,8,10,Z01
201900029570,1,32,,0,2,1,17,A01
201900029570,1,7,,0,2,3,15,B01
201900029571,3,7,,0,2,7,1,A01
201900029571,3,30,,0,2,1,1,B01
201900029572,1,32,,0,2,1,1,A01
201900029572,2,7,,0,2,4,15,B01
201900029573,2,7,,0,2,3,13,A01
201900029573,2,32,,0,2,7,17,B01
201900029574,3,10,,0,2,1,2,Z01
201900029574,3,1,,0,2,4,2,A01
201900029575,1,7,,0,1,1,1,A01
201900029576,2,33,,1,2,1,1,B01
201900029576,1,10,,0,2,2,1,A01
201900029577,1,7,,0,1,0,4,A01
201900029578,1,30,,0,1,8,16,Z01
201900029579,1,38,1.0,0,2,5,12,A01
201900029579,1,32,,0,2,3,1,B01
201900029580,1,1,,0,1,8,1,A01
201900029581,1,7,,0,2,1,1,A01
201900029581,1,7,,0,2,3,1,B01
201900029582,1,10,,0,1,1,1,A01
201900029583,1,10,,0,2,3,9,A01
201900029583,1,1,,0,2,2,25,B01
201900029584,2,10,,0,1,3,15,A01
201900029585,3,7,,0,1,1,15,A01
201900029586,1,7,,0,0,5,10,A01
201900029586,2,33,,0,2,1,1,B01
201900029587,0,7,,0,1,1,1,L01
201900029588,2,7,,0,2,1,2,A01
201900029588,2,7,,0,2,4,2,B01
201900029588,2,7,,0,2,4,1,C01
201900029589,1,7,,0,2,4,23,A01
201900029589,2,7,,0,2,1,0,B01
201900029590,1,30,,0,2,1,2,B01
201900029590,1,10,,0,2,2,20,A01
201900029591,2,7,,12,1,2,1,A01
201900029592,2,0,,0,2,0,0,A01
201900029592,1,7,,0,2,3,15,B01
201900029593,1,33,,14,0,1,0,A01
201900029594,3,32,,0,2,1,2,B01
201900029594,3,7,,0,2,3,1,A01
201900029595,1,30,,0,1,1,1,A01
201900029596,1,32,,0,2,1,1,A01
201900029596,1,30,,0,2,4,0,B01
201900029597,1,7,,0,2,6,2,B01
201900029597,1,7,,0,2,1,2,A01
201900029598,2,2,,0,0,4,2,B01
201900029598,2,7,,0,9,2,2,A01
201900029599,2,7,,16,0,0,15,A01
201900029600,3,7,,16,0,9,0,A01
201900029601,0,7,,0,1,4,4,A01
201900029602,1,17,,0,2,6,17,A01
201900029602,1,33,,0,2,1,1,B01
201900029603,3,7,,0,2,1,13,A01
201900029603,3,2,,0,2,1,1,B01
201900029604,1,7,,0,2,3,1,B01
201900029604,1,2,,0,2,1,17,A01
201900029605,0,7,,0,0,4,1,B01
201900029605,0,2,,0,2,1,1,A01
201900029606,1,7,,2,0,1,6,A01
201900029607,1,21,,0,9,5,17,A01
201900029607,1,1,,0,2,3,1,B01
201900029608,1,7,,0,2,1,17,A01
201900029608,2,7,,0,2,1,1,B01
201900029608,1,14,,0,2,6,1,C01
201900029609,1,2,,13,0,0,1,A01
201900029610,2,7,,0,0,0,17,A01
201900029610,2,21,,6,2,8,1,B01
201900029610,1,7,,0,2,1,1,C01
201900029611,2,7,,13,2,1,19,A01
201900029611,2,7,,13,2,2,2,B01
201900029612,3,7,,0,2,3,1,B01
201900029612,3,7,,0,2,3,13,A01
201900029613,3,10,,0,2,4,4,A01
201900029613,3,32,,0,2,2,23,B01
201900029614,3,7,,0,2,3,1,B01
201900029614,3,43,,0,2,3,13,A01
201900029615,2,30,,0,2,1,1,B01
201900029615,1,21,,0,2,3,1,A01
201900029616,3,7,,1,2,2,24,B01
201900029616,0,13,,0,0,4,0,A01
201900029617,3,7,,0,2,7,1,A01
201900029617,3,30,,0,2,3,1,B01
201900029618,0,7,,2,6,3,21,A01
201900029619,2,33,,13,0,1,1,A01
201900029620,1,7,,0,1,3,1,A01
201900029621,2,33,,0,2,1,1,B01
201900029621,1,7,,0,2,7,10,A01
201900029622,1,7,,0,2,1,1,B01
201900029622,2,7,,0,2,7,13,A01
201900029623,1,7,,0,2,3,1,B01
201900029623,2,7,,0,2,1,5,A01
201900029624,1,7,,0,1,1,1,A01
201900029625,1,32,,0,2,1,1,A01
201900029625,2,7,,0,2,1,1,B01
201900029626,2,2,,0,2,1,1,B01
201900029626,2,7,,0,0,8,10,A01
201900029627,2,32,,0,2,1,1,B01
201900029627,2,7,,0,2,6,10,A01
201900029628,1,32,,2,0,1,1,A01
201900029629,2,17,,0,0,1,1,B01
201900029629,2,17,,0,0,4,23,A01
201900029630,2,7,,3,9,4,2,A01
201900029630,2,7,,0,2,9,2,B01
201900029630,2,7,,0,2,9,2,C01
201900029630,2,7,,0,2,9,2,D01
201900029630,2,17,,0,0,0,1,E01
201900029631,1,10,,0,2,2,17,A01
201900029631,1,7,,4,2,6,1,B01
201900029632,2,38,30.0,13,0,7,14,A01
201900029633,0,7,,16,0,2,14,A01
201900029634,1,2,,4,0,2,0,A01
201900029635,0,7,,0,1,1,1,A01
201900029636,2,7,,0,1,2,1,A01
201900029637,3,7,,0,1,2,2,A01
201900029638,3,7,,0,0,4,2,B01
201900029638,0,7,,0,2,1,2,A01
201900029639,2,7,,13,0,9,1,A01
201900029640,1,31,,0,0,3,1,A01
201900029641,1,7,,0,2,3,9,B01
201900029641,1,1,,0,2,5,19,A01
201900029642,2,3,,0,2,1,0,A01
201900029642,1,7,,0,2,1,0,B01
201900029643,1,38,1.0,0,2,1,1,A01
201900029643,0,7,,6,0,8,0,B01
201900029644,1,7,,2,0,1,1,A01
201900029645,1,7,,0,2,4,23,A01
201900029645,1,7,,0,2,4,2,B01
201900029645,1,7,,0,2,4,2,C01
201900029645,1,7,,0,2,1,2,D01
201900029645,1,7,,0,2,1,2,E01
201900029646,2,17,,0,2,2,12,B01
201900029646,2,7,,0,2,6,1,A01
201900029647,0,15,,0,2,0,2,B01
201900029647,1,31,,0,2,0,2,A01
201900029648,1,14,,0,2,1,2,A01
201900029648,1,15,,0,2,4,2,B01
201900029649,1,34,,0,2,1,2,A01
201900029649,1,7,,0,2,4,0,B01
201900029650,2,33,,0,2,1,3,B01
201900029650,2,7,,0,2,5,12,A01
201900029651,2,7,,0,2,4,1,B01
201900029651,2,7,,0,2,1,1,A01
201900029652,1,7,,4,0,2,14,A01
201900029653,2,7,,4,0,1,1,A01
201900029654,1,7,,0,2,2,11,B01
201900029654,1,7,,0,2,6,2,A01
201900029655,1,32,,14,0,3,1,A01
201900029656,2,20,,0,2,7,12,A01
201900029656,2,7,,0,0,6,1,B01
201900029657,1,32,,8,0,1,26,A01
201900029658,1,30,,0,0,1,26,A01
201900029659,2,7,,0,2,3,1,B01
201900029659,2,7,,0,2,1,19,A01
201900029660,1,7,,0,2,8,1,B01
201900029660,1,30,,0,2,1,15,A01
201900029661,2,50,,0,2,8,1,B01
201900029661,2,37,1.0,0,2,6,17,A01
201900029662,2,7,,0,2,6,1,B01
201900029662,3,99,,0,2,1,19,A01
201900029663,1,7,,0,2,6,1,B01
201900029663,1,7,,0,2,2,1,A01
201900029664,1,33,,0,2,3,1,B01
201900029664,1,99,,0,2,7,15,A01
201900029665,1,7,,0,1,2,14,A01
201900029666,1,7,,1,2,5,1,B01
201900029666,1,7,,0,2,1,15,A01
201900029667,1,2,,0,2,4,2,B01
201900029667,1,33,,0,2,1,26,A01
201900029668,1,7,,0,2,3,23,B01
201900029668,2,10,,6,2,1,13,A01
201900029669,1,10,,0,2,1,1,B01
201900029669,2,10,,0,2,1,13,A01
201900029670,0,7,,0,2,7,19,A01
201900029670,0,7,,0,2,1,1,B01
201900029671,1,7,,0,2,2,1,B01
201900029671,2,7,,0,2,3,1,A01
201900029672,1,7,,0,2,3,10,B01
201900029672,1,33,,0,2,7,17,A01
201900029673,3,33,,0,2,1,1,Z01
201900029673,3,7,,0,2,2,16,B01
201900029674,1,30,,0,0,7,16,A01
201900029675,3,14,,8,0,1,0,A01
201900029676,3,7,,2,0,1,1,A01
201900029677,1,7,,0,9,1,1,A01
201900029677,1,1,,0,2,1,1,B01
201900029678,1,7,,0,0,0,14,A01
201900029679,1,7,,3,0,9,13,A01
201900029680,2,10,,4,0,1,26,A01
201900029681,2,7,,0,2,4,2,A01
201900029681,2,7,,0,2,4,2,B01
201900029681,2,7,,0,2,1,2,C01
201900029682,3,80,,0,2,8,15,B01
201900029682,3,7,,0,2,2,17,A01
201900029683,1,7,,0,2,1,1,B01
201900029683,2,7,,0,2,1,11,A01
201900029684,2,7,,0,2,1,0,B01
201900029684,1,7,,0,2,1,13,A01
201900029685,1,33,,0,2,7,17,B01
201900029685,1,10,,0,2,8,15,A01
201900029686,2,33,,8,0,7,1,A01
201900029687,3,33,,0,2,1,1,B01
201900029687,3,7,,0,2,5,10,A01
201900029688,2,7,,0,2,8,26,A01
201900029688,1,7,,0,2,3,13,B01
201900029689,3,7,,6,0,1,1,A01
201900029690,3,7,,0,1,0,0,B01
201900029691,1,32,,12,0,0,18,A01
201900029692,2,7,,12,0,2,1,A01
201900029693,1,7,,4,0,2,14,A01
201900029694,1,7,,0,2,1,15,A01
201900029694,2,2,,0,2,1,1,B01
201900029695,1,7,,0,2,1,1,B01
201900029695,1,30,,0,2,8,15,A01
201900029696,1,33,,0,2,8,16,B01
201900029696,1,7,,0,2,1,1,A01
201900029697,1,7,,0,2,5,16,B01
201900029697,1,33,,0,2,1,7,A01
201900029698,1,7,,0,1,1,15,A01
201900029699,1,32,,0,0,3,15,A01
201900029700,2,7,,0,2,4,2,B01
201900029700,2,7,,0,2,1,2,A01
201900029701,1,37,1.0,0,2,4,12,A01
201900029701,1,50,,0,2,8,8,B01
201900029702,2,7,,12,1,2,14,A01
201900029703,2,7,,0,1,3,15,A01
201900029704,1,7,,0,2,2,7,A01
201900029704,1,1,,0,2,3,13,B01
201900029705,3,1,,9,0,0,0,A01
201900029706,3,7,,0,2,4,2,A01
201900029706,3,7,,0,2,4,1,B01
201900029706,3,7,,2,0,4,1,C01
201900029707,1,10,,0,2,3,15,B01
201900029707,0,7,,0,2,3,1,A01
201900029708,0,7,,0,1,1,1,A01
201900029709,2,7,,0,2,7,1,A01
201900029709,2,7,,0,2,1,1,B01
201900029710,1,33,,0,2,1,1,A01
201900029710,1,10,,0,2,8,1,B01
201900029711,2,3,,12,0,1,14,A01
201900029712,0,7,,0,2,1,0,A01
201900029712,0,7,,0,2,4,23,B01
201900029713,1,7,,0,0,4,0,B01
201900029713,1,7,,1,0,1,2,A01
201900029714,3,7,,6,0,6,1,B01
201900029714,3,31,,6,0,1,26,A01
201900029715,2,30,,0,2,1,26,A01
201900029715,2,7,,0,2,7,1,B01
201900029716,2,7,,2,0,7,1,A01
201900029717,1,7,,2,0,1,1,A01
201900029718,2,7,,13,0,1,1,A01
201900029719,2,10,,13,2,3,1,C01
201900029719,1,7,,0,2,6,23,B01
201900029719,1,10,,15,2,3,13,A01
201900029720,2,1,,0,0,1,0,A01
201900029721,1,33,,0,0,0,1,A01
201900029722,2,7,,0,0,2,1,A01
201900029723,1,7,,0,1,2,1,A01
201900029724,1,1,,0,1,2,1,B01
201900029725,1,7,,4,0,1,13,A01
201900029726,3,7,,0,1,3,1,A01
201900029727,2,30,,0,2,1,21,A01
201900029727,2,10,,0,2,2,9,B01
201900029728,1,32,,0,2,2,1,B01
201900029728,1,37,1.0,0,2,6,13,A01
201900029729,1,7,,0,2,2,16,B01
201900029729,1,32,,0,2,1,18,A01
201900029730,1,43,,12,0,2,13,A01
201900029731,1,33,,14,0,1,1,A01
201900029732,1,34,,0,1,2,1,A01
201900029733,1,43,,0,0,7,16,A01
201900029734,2,7,,0,1,7,1,A01
201900029735,1,10,,11,2,3,13,A01
201900029736,2,34,,8,0,1,26,A01
201900029737,1,7,,0,1,7,1,A01
201900029738,1,33,,0,2,8,2,B01
201900029738,2,7,,0,2,2,15,A01
201900029739,1,33,,0,1,1,1,A01
201900029740,2,2,,0,0,7,1,A01
201900029741,1,43,,0,1,2,19,A01
201900029741,1,7,,0,2,1,19,B01
201900029742,3,7,,0,2,1,5,A01
201900029742,3,32,,0,2,1,1,B01
201900029743,2,7,,0,2,1,2,A01
201900029743,2,7,,0,2,4,2,B01
201900029744,2,7,,0,1,1,15,A01
201900029745,1,7,,6,0,3,26,A01
201900029746,1,7,,0,1,3,1,A01
201900029747,3,7,,0,2,1,2,B01
201900029747,3,7,,0,2,4,23,A01
201900029748,1,7,,0,1,7,12,B01
201900029749,0,30,,1,0,7,14,A01
201900029750,1,7,,0,1,1,17,A01
201900029751,1,3,,0,1,3,1,A01
201900029752,1,20,,12,0,2,17,A01
201900029753,1,30,,0,1,2,18,A01
201900029754,0,7,,0,1,0,2,A01
201900029755,2,10,,0,1,2,2,A01
201900029756,1,7,,0,2,1,21,B01
201900029756,1,7,,0,2,8,19,A01
201900029757,3,7,,0,1,2,26,A01
201900029758,1,7,,0,1,2,1,A01
201900029759,3,7,,1,0,0,0,A01
201900029759,0,7,,0,2,1,0,B01
201900029760,1,7,,0,1,6,20,A01
201900029761,1,33,,0,2,7,17,B01
201900029761,1,7,,0,2,3,15,A01
201900029762,2,7,,0,0,0,1,A01
201900029763,1,7,,0,1,3,16,A01
201900029764,3,7,,0,2,5,23,B01
201900029764,3,30,,0,2,3,26,A01
201900029765,2,7,,1,0,2,1,A01
201900029766,1,7,,0,2,2,1,B01
201900029766,2,10,,0,2,5,26,A01
201900029767,2,7,,0,2,2,1,B01
201900029767,2,30,,0,2,1,15,A01
201900029768,0,7,,0,2,8,17,A01
201900029768,0,33,,0,2,7,17,B01
201900029769,1,10,,0,2,2,1,A01
201900029769,1,7,,0,2,1,1,B01
201900029770,1,3,,0,2,4,2,B01
201900029770,1,3,,0,2,1,26,A01
201900029771,1,7,,1,1,1,17,A01
201900029772,3,7,,0,1,1,15,A01
201900029773,2,7,,0,2,6,11,B01
201900029773,2,31,,0,2,1,1,A01
201900029774,1,2,,0,1,1,1,A01
201900029775,3,32,,0,0,0,0,A01
201900029776,3,7,,0,2,1,1,B01
201900029776,0,7,,0,2,7,19,A01
201900029777,2,7,,0,2,4,23,C01
201900029777,2,7,,0,2,4,2,B01
201900029777,2,7,,0,2,1,1,A01
201900029778,0,7,,0,2,7,19,A01
201900029778,1,7,,0,2,1,1,B01
201900029779,3,7,,0,2,1,1,B01
201900029779,2,7,,0,2,7,19,A01
201900029780,2,14,,0,2,4,1,B01
201900029780,2,7,,0,2,1,12,A01
201900029781,2,7,,13,0,2,1,A01
201900029782,0,7,,13,0,8,1,A01
201900029783,2,7,,0,2,1,15,A01
201900029783,1,2,,0,2,1,1,B01
201900029784,1,7,,3,0,0,1,A01
201900029785,1,2,,0,2,1,26,B01
201900029785,0,7,,0,2,3,1,A01
201900029786,2,7,,0,1,7,1,A01
201900029787,1,7,,0,0,3,15,A01
201900029787,2,33,,0,2,1,1,B01
201900029788,2,7,,0,2,8,21,A01
201900029788,1,10,,0,2,3,5,B01
201900029789,1,10,,0,2,1,2,A01
201900029789,1,10,,0,2,4,2,B01
201900029790,1,10,,1,2,1,1,A01
201900029790,1,10,,0,0,4,23,B01
201900029790,1,0,,0,0,4,23,C01
201900029791,0,7,,13,0,1,0,A01
201900029792,0,10,,0,1,1,1,A01
201900029793,0,7,,15,0,7,1,A01
201900029794,3,7,,7,1,1,0,A01
201900029795,3,7,,0,1,1,1,A01
201900029796,3,33,,0,1,1,1,A01
201900029797,1,7,,0,2,3,1,A01
201900029797,2,7,,0,2,3,1,B01
201900029798,2,7,,0,2,1,15,B01
201900029798,1,2,,0,2,1,1,A01
201900029799,1,7,,2,0,1,1,A01
201900029800,1,7,,3,0,3,1,A01
201900029801,2,15,,0,2,7,1,A01
201900029801,2,38,7.0,2,2,3,16,B01
201900029802,1,7,,0,0,9,26,A01
201900029803,2,7,,13,0,9,1,A01
201900029804,2,7,,14,2,1,2,C01
201900029804,2,7,,0,2,3,2,A01
201900029804,2,14,,0,2,5,2,B01
201900029805,2,7,,0,2,7,13,A01
201900029805,1,7,,0,2,1,1,B01
201900029806,3,10,,10,2,7,17,A01
201900029806,3,2,,0,2,8,15,B01
201900029807,0,2,,0,2,1,2,A01
201900029807,0,7,,0,0,4,23,B01
201900029808,2,7,,2,0,0,1,A01
201900029809,1,2,,0,2,3,1,B01
201900029809,2,7,,0,2,1,11,A01
201900029810,2,7,,0,2,3,1,B01
201900029810,1,7,,0,2,3,17,A01
201900029811,1,7,,0,1,2,1,A01
201900029812,3,7,,0,2,8,15,A01
201900029812,3,33,,0,2,1,1,B01
201900029813,1,7,,2,0,1,14,A01
201900029814,1,7,,0,2,7,15,A01
201900029814,2,2,,12,2,1,1,B01
201900029815,1,7,,0,1,7,0,A01
201900029816,1,7,,0,2,1,1,B01
201900029816,2,7,,0,2,1,13,A01
201900029817,1,10,,0,2,1,1,B01
201900029817,2,7,,0,2,1,1,A01
201900029818,3,7,,2,0,1,0,A01
201900029819,1,7,,0,0,2,1,A01
201900029819,1,7,,0,2,3,2,B01
201900029820,1,7,,2,0,8,1,A01
201900029821,1,7,,0,0,1,1,A01
201900029822,1,7,,0,0,7,1,A01
201900029822,2,7,,0,0,3,1,B01
201900029823,1,7,,0,2,2,9,A01
201900029823,1,7,,3,0,3,1,B01
201900029824,2,7,,0,2,2,2,B01
201900029824,2,2,,0,2,4,2,A01
201900029825,2,7,,0,0,7,1,B01
201900029825,1,7,,0,2,1,15,A01
201900029826,0,10,,16,0,9,0,A01
201900029827,2,7,,3,0,8,1,A01
201900029828,1,7,,1,0,1,1,C01
201900029828,1,7,,1,0,4,1,B01
201900029828,1,7,,13,0,2,1,A01
201900029829,3,38,1.0,0,1,3,20,A01
201900029830,3,2,,0,2,7,1,A01
201900029830,3,7,,0,2,1,26,B01
201900029831,1,7,,0,2,1,1,B01
201900029831,2,7,,0,2,1,13,A01
201900029832,2,7,,13,0,1,1,A01
201900029833,1,7,,15,1,1,26,A01
201900029834,1,7,,0,2,3,17,A01
201900029834,2,7,,0,2,3,5,B01
201900029835,1,7,,13,0,2,1,A01
201900029836,1,7,,2,0,0,1,A01
201900029837,2,7,,0,2,3,13,A01
201900029837,1,7,,0,2,3,1,B01
201900029838,1,10,,2,0,1,1,A01
201900029839,1,7,,0,0,0,1,A01
201900029840,2,7,,0,1,3,1,A01
201900029841,1,7,,13,0,0,13,A01
201900029842,3,7,,0,1,3,1,A01
201900029842,0,7,,1,1,3,1,B01
201900029843,2,38,1.0,0,1,5,26,A01
201900029844,1,7,,0,1,3,15,A01
201900029845,2,7,,0,2,3,13,A01
201900029845,1,7,,0,2,3,1,B01
201900029846,1,3,,13,0,1,13,A01
201900029847,1,7,,13,0,1,14,A01
201900029848,2,7,,0,2,3,13,A01
201900029848,1,13,,0,2,3,1,B01
201900029849,2,7,,2,0,7,14,A01
201900029850,1,7,,0,2,3,1,B01
201900029850,2,7,,0,2,3,1,A01
201900029851,2,7,,3,0,1,1,A01
201900029852,3,34,,0,2,1,1,B01
201900029852,3,7,,0,2,2,15,A01
201900029853,2,7,,0,0,8,1,B01
201900029853,2,7,,0,2,1,1,A01
201900029854,1,7,,0,2,2,13,A01
201900029854,2,2,,0,2,7,21,B01
201900029855,2,7,,0,2,1,2,A01
201900029855,2,7,,0,2,4,2,B01
201900029855,2,7,,0,2,4,2,C01
201900029855,2,10,,0,2,4,2,D01
201900029856,2,7,,2,0,7,1,A01
201900029857,1,7,,0,9,2,17,A01
201900029857,1,1,,13,0,8,1,B01
201900029858,3,7,,0,1,5,1,A01
201900029859,3,17,,0,1,1,1,A01
201900029860,2,7,,3,0,1,1,A01
201900029861,3,7,,2,0,3,1,A01
201900029862,2,7,,0,2,1,13,A01
201900029862,1,7,,0,2,1,1,B01
201900029862,1,7,,0,2,1,1,C01
201900029863,1,7,,0,0,0,1,A01
201900029864,2,7,,0,2,1,13,A01
201900029864,1,17,,0,2,1,1,B01
201900029865,3,7,,8,2,8,1,A01
201900029865,3,7,,6,2,1,1,B01
201900029866,2,7,,0,2,3,17,A01
201900029866,2,7,,0,2,6,2,B01
201900029867,2,7,,4,0,2,1,A01
201900029868,1,7,,0,2,1,13,A01
201900029868,2,7,,0,2,1,1,B01