Num_Acc,senc,catv,occutc,obs,obsm,choc,manv,num_veh
201900029869,3,7,,0,2,1,1,B01
201900029869,3,10,,0,2,7,15,A01
201900029870,1,7,,5,0,1,26,A01
201900029871,2,15,,3,2,3,6,A01
201900029871,1,10,,0,2,3,1,B01
201900029872,1,33,,0,2,1,1,A01
201900029872,1,7,,0,2,5,15,B01
201900029873,1,7,,6,0,2,1,A01
201900029874,2,7,,13,0,1,1,A01
201900029875,2,7,,13,0,1,14,A01
201900029876,2,7,,4,2,1,14,A01
201900029876,2,17,,0,0,0,2,C01
201900029877,2,7,,0,2,2,23,C01
201900029877,1,33,,0,2,2,1,B01
201900029877,1,7,,0,2,1,9,A01
201900029878,1,7,,0,2,3,1,B01
201900029878,1,7,,0,2,7,17,A01
201900029879,1,33,,0,0,8,17,A01
201900029880,1,7,,0,2,1,11,A01
201900029880,2,7,,0,2,8,1,B01
201900029880,2,7,,0,2,1,1,C01
201900029881,2,7,,0,2,1,1,B01
201900029881,1,7,,0,2,1,13,A01
201900029882,2,33,,0,2,1,1,B01
201900029882,1,7,,0,2,7,15,A01
201900029883,3,1,,0,2,1,13,B01
201900029883,3,7,,16,9,2,1,A01
201900029884,0,7,,0,2,3,5,B01
201900029884,0,7,,0,2,6,5,A01
201900029885,3,1,,0,2,8,1,B01
201900029885,3,10,,3,2,8,2,A01
201900029886,1,7,,13,0,7,14,A01
201900029887,2,7,,0,9,2,2,A01
201900029887,2,1,,0,2,0,2,B01
201900029888,2,7,,8,0,3,1,A01
201900029889,2,7,,0,2,1,1,C01
201900029889,2,7,,0,2,9,1,B01
201900029889,2,7,,0,2,4,1,A01
201900029890,2,7,,3,0,1,1,A01
201900029891,2,7,,16,0,2,1,A01
201900029892,2,7,,0,2,1,13,A01
201900029892,1,7,,0,2,3,1,B01
201900029893,2,7,,0,2,2,1,A01
201900029893,2,7,,17,0,6,2,B01
201900029894,1,7,,6,0,3,1,A01
201900029895,1,2,,6,0,1,0,A01
201900029896,2,7,,0,2,3,1,B01
201900029896,1,7,,0,2,3,13,A01
201900029897,1,7,,0,2,3,1,B01
201900029897,1,7,,3,2,2,1,A01
201900029898,1,7,,0,2,1,1,B01
201900029898,2,7,,0,2,1,13,A01
201900029899,1,7,,0,1,1,1,A01
201900029900,2,7,,13,0,1,1,A01
201900029901,1,38,1.0,0,2,1,1,B01
201900029901,2,7,,0,2,2,13,A01
201900029902,1,7,,0,0,9,0,A01
201900029903,0,7,,0,2,1,16,B01
201900029903,1,7,,0,2,1,5,A01
201900029904,2,17,,0,2,1,1,B01
201900029904,1,7,,0,2,3,1,A01
201900029905,3,33,,0,9,1,21,A01
201900029905,3,1,,0,2,1,1,B01
201900029906,0,99,,0,1,2,1,A01
201900029907,3,7,,2,0,3,1,A01
201900029908,2,7,,0,2,2,1,B01
201900029908,1,7,,0,2,1,15,A01
201900029909,2,7,,2,0,8,13,A01
201900029910,1,7,,0,2,8,13,A01
201900029910,2,7,,0,2,1,1,B01
201900029910,2,7,,0,2,1,1,C01
201900029911,2,7,,0,2,1,13,A01
201900029911,1,10,,0,2,1,1,B01
201900029912,3,2,,0,2,1,1,B01
201900029912,3,7,,0,0,7,15,A01
201900029913,2,7,,0,1,1,1,A01
201900029914,2,7,,6,0,7,13,A01
201900029915,0,38,1.0,0,1,7,16,A01
201900029916,2,33,,0,0,8,2,A01
201900029917,1,7,,13,0,3,13,A01
201900029918,1,2,,0,2,7,9,B01
201900029918,1,7,,0,2,1,1,A01
201900029919,3,33,,0,0,7,1,A01
201900029920,1,10,,0,0,3,1,A01
201900029921,0,7,,2,0,1,1,A01
201900029922,0,13,,0,1,4,4,A01
201900029923,3,7,,0,1,2,1,A01
201900029924,0,36,,12,0,2,1,A01
201900029925,2,36,,8,0,1,1,A01
201900029926,2,7,,6,0,7,1,A01
201900029927,1,1,,0,0,8,10,B01
201900029927,1,7,,0,2,1,1,A01
201900029928,2,7,,1,9,3,1,A01
201900029928,2,1,,0,2,2,1,B01
201900029929,1,33,,0,0,0,1,A01
201900029930,1,7,,13,0,0,1,A01
201900029931,2,7,,0,2,2,0,C01
201900029931,2,7,,0,2,4,2,B01
201900029931,2,7,,0,2,3,11,A01
201900029932,1,7,,0,2,3,11,C01
201900029932,1,7,,0,2,5,1,B01
201900029932,1,7,,0,2,4,1,A01
201900029933,2,10,,0,2,1,2,D01
201900029933,2,10,,0,2,4,2,C01
201900029933,2,7,,0,2,4,2,B01
201900029933,2,7,,0,2,4,2,A01
201900029934,1,7,,0,2,4,2,A01
201900029934,1,7,,0,2,1,2,B01
201900029935,1,7,,0,2,3,10,B01
201900029935,1,7,,0,2,2,9,A01
201900029936,1,7,,0,2,4,2,A01
201900029936,1,7,,0,2,1,2,B01
201900029937,2,7,,0,0,1,1,D01
201900029937,2,7,,0,2,1,21,C01
201900029937,2,7,,0,2,1,21,B01
201900029937,1,7,,3,2,3,13,A01
201900029938,2,10,,0,2,1,2,A01
201900029938,2,7,,0,2,4,1,B01
201900029938,2,7,,0,2,1,2,C01
201900029939,1,7,,0,2,5,12,B01
201900029939,1,31,,0,2,1,3,A01
201900029940,1,7,,0,0,6,1,B01
201900029940,1,7,,4,2,2,14,A01
201900029941,2,33,,0,0,0,1,A01
201900029942,2,17,,0,2,1,2,A01
201900029942,2,7,,0,2,4,2,B01
201900029943,2,7,,0,2,4,23,C01
201900029943,2,7,,0,2,4,23,B01
201900029943,2,10,,0,2,1,2,A01
201900029944,2,7,,0,2,1,12,A01
201900029944,2,7,,0,2,8,1,B01
201900029944,2,7,,0,2,7,1,C01
201900029945,2,7,,0,2,1,2,B01
201900029945,2,15,,0,2,4,1,A01
201900029946,1,7,,0,2,7,1,C01
201900029946,1,7,,0,2,8,1,B01
201900029946,1,7,,0,2,1,19,A01
201900029947,1,7,,0,2,4,1,A01
201900029947,1,7,,0,2,1,0,B01
201900029947,1,7,,0,2,1,2,C01
201900029947,1,7,,0,2,1,2,D01
201900029947,1,7,,0,2,1,2,E01
201900029948,3,7,,0,2,1,9,B01
201900029948,3,7,,0,2,8,19,A01
201900029949,1,7,,0,2,5,14,A01
201900029949,1,34,,0,2,3,3,B01
201900029950,1,33,,0,2,2,3,B01
201900029950,1,7,,0,2,5,1,C01
201900029950,1,7,,0,2,3,11,Z01
201900029951,2,7,,0,2,4,1,B01
201900029951,2,7,,0,2,1,1,A01
201900029952,2,7,,0,2,8,11,A01
201900029952,2,34,,0,2,8,1,B01
201900029953,2,10,,0,2,4,2,D01
201900029953,2,7,,0,2,1,2,C01
201900029953,2,10,,0,2,1,2,B01
201900029953,2,7,,0,2,1,2,A01
201900029954,2,10,,0,2,2,12,B01
201900029954,2,32,,0,2,3,3,A01
201900029955,1,7,,14,0,1,1,A01
201900029956,1,15,,0,2,3,2,A01
201900029956,1,10,,0,2,5,2,B01
201900029957,1,43,,0,2,8,3,B01
201900029957,1,7,,0,2,2,12,A01
201900029958,2,10,,0,2,5,1,B01
201900029958,2,43,,0,2,3,11,A01
201900029959,2,7,,0,2,4,2,C01
201900029959,2,7,,0,2,2,12,B01
201900029959,2,31,,0,2,3,3,A01
201900029960,1,43,,0,2,1,2,A01
201900029961,1,7,,0,2,7,12,B01
201900029961,1,33,,0,2,8,3,A01
201900029962,1,33,,0,0,9,9,A01
201900029963,1,7,,0,2,6,12,A01
201900029963,1,33,,0,2,1,3,B01
201900029964,2,7,,0,2,5,12,A01
201900029964,2,33,,0,2,1,1,B01
201900029965,2,33,,0,2,4,3,C01
201900029965,2,33,,0,2,4,3,B01
201900029965,2,33,,0,2,1,3,A01
201900029966,2,33,,0,2,7,0,A01
201900029966,2,7,,0,2,6,0,B01
201900029966,2,7,,0,2,0,0,Z01
201900029967,2,43,,0,2,4,3,A01
201900029967,2,31,,0,2,1,3,B01
201900029967,2,7,,0,2,4,1,C01
201900029968,2,14,,0,2,0,0,C01
201900029968,2,33,,0,2,2,0,B01
201900029968,2,43,,0,2,1,0,A01
201900029969,1,7,,0,2,4,2,B01
201900029969,1,7,,0,2,1,2,A01
201900029970,1,7,,0,2,4,2,A01
201900029970,1,10,,0,2,6,2,B01
201900029970,1,7,,0,2,1,2,C01
201900029970,1,7,,0,2,5,2,D01
201900029971,1,7,,0,2,4,1,C01
201900029971,1,7,,0,2,4,1,B01
201900029971,1,7,,0,2,1,2,A01
201900029972,1,7,,0,2,7,1,B01
201900029972,1,7,,0,2,3,1,A01
201900029973,1,7,,4,0,1,0,A01
201900029974,2,7,,0,2,4,1,D01
201900029974,2,7,,0,2,4,1,C01
201900029974,2,7,,4,2,4,1,B01
201900029974,2,7,,0,2,1,1,A01
201900029975,1,7,,0,2,7,14,B01
201900029975,1,33,,0,2,1,3,A01
201900029976,2,34,,0,2,1,1,B01
201900029976,2,7,,0,2,6,11,A01
201900029977,2,34,,0,2,2,3,B01
201900029977,2,7,,0,2,2,11,A01
201900029978,1,7,,4,0,2,21,A01
201900029979,1,15,,0,2,4,23,B01
201900029979,1,7,,1,0,1,2,A01
201900029980,1,7,,7,0,3,21,A01
201900029980,1,7,,0,2,3,1,B01
201900029981,1,31,,0,2,8,11,B01
201900029981,1,7,,0,2,8,11,A01
201900029982,1,7,,0,2,3,1,B01
201900029982,2,30,,0,2,1,26,A01
201900029983,3,7,,0,1,1,0,A01
201900029984,3,7,,1,0,4,2,B01
201900029984,3,7,,0,2,1,2,A01
201900029985,1,33,,0,2,7,1,B01
201900029986,3,7,,0,2,1,15,A01
201900029986,3,30,,0,2,8,26,B01
201900029987,1,31,,0,0,0,16,A01
201900029988,2,31,,0,2,7,2,A01
201900029988,2,7,,0,2,3,10,B01
201900029989,1,7,,0,1,1,1,A01
201900029990,1,33,,3,0,0,1,A01
201900029991,1,33,,0,0,0,1,A01
201900029992,1,7,,0,2,2,19,B01
201900029992,3,31,,0,2,2,26,A01
201900029993,1,33,,0,2,7,1,B01
201900029993,1,7,,0,2,3,10,A01
201900029994,2,7,,0,1,2,16,A01
201900029995,3,7,,0,2,1,1,A01
201900029995,3,7,,0,2,4,1,B01
201900029996,2,10,,8,2,4,23,B01
201900029996,2,37,1.0,1,0,1,9,A01
201900029997,2,7,,0,2,8,15,B01
201900029997,2,33,,6,2,7,17,A01
201900029998,1,10,,0,2,1,1,A01
201900029998,1,10,,0,0,4,2,B01
201900029998,1,33,,0,0,9,0,C01
201900029999,1,7,,0,1,1,16,A01
201900030000,1,7,,0,2,3,1,C01
201900030000,3,33,,0,2,9,1,B01
201900030000,3,7,,0,2,1,15,A01
201900030001,1,7,,0,2,1,9,A01
201900030001,0,7,,0,2,1,26,B01
201900030002,1,7,,0,1,1,15,A01
201900030003,3,33,,0,2,8,0,B01
201900030003,3,7,,0,2,8,10,A01
201900030004,1,7,,0,2,1,1,A01
201900030004,2,7,,0,2,8,1,B01
201900030005,1,7,,0,2,1,1,B01
201900030005,1,7,,0,2,3,1,A01
201900030006,1,7,,0,1,1,9,A01
201900030007,1,33,,0,2,1,1,B01
201900030007,1,7,,0,2,3,15,A01
201900030008,3,1,,0,2,2,15,B01
201900030008,3,7,,0,9,7,9,A01
201900030009,2,7,,0,2,1,11,A01
201900030009,1,7,,0,2,3,1,B01
201900030010,1,34,,0,2,6,1,A01
201900030010,1,10,,0,2,0,14,Z01
201900030011,0,10,,0,1,1,1,A01
201900030012,1,7,,0,2,2,15,A01
201900030012,1,1,,0,2,4,1,B01
201900030013,3,7,,0,2,2,17,A01
201900030013,3,1,,0,2,1,1,B01
201900030014,1,7,,0,1,3,1,A01
201900030015,2,2,,0,2,1,1,B01
201900030015,1,10,,0,2,2,15,A01
201900030016,1,7,,0,2,4,1,B01
201900030016,1,10,,0,2,1,1,A01
201900030017,2,33,,0,1,1,1,A01
201900030018,3,1,,0,2,2,0,A01
201900030018,3,7,,0,0,0,0,B01
201900030019,2,7,,0,1,2,17,A01
201900030020,1,7,,0,1,2,0,A01
201900030021,1,7,,0,2,1,2,B01
201900030021,1,7,,0,2,1,2,A01
201900030022,2,7,,0,2,1,1,B01
201900030022,1,30,,0,2,1,15,A01
201900030023,1,7,,0,2,3,9,A01
201900030023,3,7,,0,2,2,15,B01
201900030024,1,10,,0,9,2,1,B01
201900030024,1,1,,0,2,1,26,A01
201900030025,1,7,,0,2,4,1,A01
201900030025,1,7,,0,2,1,1,B01
201900030026,2,7,,0,2,1,0,A01
201900030026,2,7,,0,2,4,23,B01
201900030026,2,7,,0,0,4,23,C01
201900030027,1,1,,0,2,1,1,A01
201900030027,1,7,,0,2,3,9,B01
201900030028,2,1,,0,6,1,26,B01
201900030028,1,30,,0,6,1,26,A01
201900030029,1,30,,0,0,0,0,A01
201900030030,1,7,,0,2,2,0,A01
201900030030,1,1,,0,2,9,0,B01
201900030031,1,7,,0,2,1,0,B01
201900030031,1,7,,0,2,1,0,A01
201900030032,1,10,,0,2,8,0,A01
201900030032,1,80,,0,2,0,0,B01
201900030033,1,1,,0,2,8,19,B01
201900030033,1,7,,0,2,1,1,A01
201900030034,1,30,,12,0,1,1,A01
201900030035,2,7,,0,2,1,19,B01
201900030035,3,30,,0,2,7,19,A01
201900030036,3,1,,0,2,4,11,B01
201900030036,3,33,,0,2,1,1,A01
201900030037,0,30,,0,2,1,1,A01
201900030037,0,10,,0,2,6,1,B01
201900030038,1,33,,12,0,1,26,A01
201900030039,0,7,,0,2,4,1,D01
201900030039,0,7,,0,2,4,1,C01
201900030039,0,7,,0,2,4,1,B01
201900030039,0,7,,0,2,1,1,A01
201900030040,1,1,,0,2,8,18,B01
201900030040,1,14,,0,2,7,1,A01
201900030041,3,7,,0,2,3,26,B01
201900030041,3,33,,0,2,3,13,A01
201900030042,3,1,,0,2,1,1,B01
201900030042,3,7,,0,2,7,15,A01
201900030043,1,7,,0,2,2,9,A01
201900030043,1,2,,0,2,1,1,B01
201900030044,3,7,,15,1,2,1,A01
201900030045,2,7,,3,0,2,14,A01
201900030046,1,7,,0,2,4,2,B01
201900030046,1,7,,0,2,1,2,A01
201900030047,1,33,,0,2,1,1,A01
201900030047,1,10,,0,2,3,1,B01
201900030048,2,33,,0,2,7,3,A01
201900030048,2,7,,0,2,3,15,B01
201900030049,0,7,,0,0,9,1,A01
201900030050,1,30,,0,1,1,17,A01
201900030051,2,7,,0,1,1,1,A01
201900030052,2,7,,0,2,3,1,B01
201900030052,1,7,,0,0,0,0,Z01
201900030053,1,7,,0,1,1,1,A01
201900030054,2,1,,0,2,1,1,B01
201900030054,3,7,,0,6,1,19,A01
201900030055,3,43,,14,0,0,9,A01
201900030056,1,43,,0,1,1,21,A01
201900030057,3,37,1.0,0,2,1,11,A01
201900030057,3,7,,0,2,5,2,B01
201900030058,2,33,,0,0,0,1,A01
201900030059,1,15,,0,2,2,12,A01
201900030059,1,7,,0,2,3,1,B01
201900030059,1,7,,0,2,1,1,C01
201900030060,2,7,,0,2,7,12,A01
201900030060,2,43,,0,2,3,3,B01
201900030060,2,7,,0,2,5,1,C01
201900030060,2,10,,0,2,3,1,D01
201900030061,1,33,,0,2,1,2,A01
201900030061,1,10,,0,2,5,2,B01
201900030062,1,7,,0,2,8,15,A01
201900030062,1,10,,0,2,1,1,Z01
201900030063,1,30,,0,2,1,1,B01
201900030063,1,7,,0,2,3,9,A01
201900030064,1,30,,1,0,1,14,A01
201900030065,2,1,,0,1,1,7,A01
201900030066,1,7,,0,2,3,15,A01
201900030066,1,31,,0,2,1,1,B01
201900030067,1,50,,0,2,8,15,B01
201900030067,1,30,,0,2,1,17,A01
201900030068,1,31,,0,0,8,1,A01
201900030069,1,1,,0,2,4,1,B01
201900030069,2,7,,0,2,1,1,A01
201900030070,2,30,,1,0,1,14,A01
201900030071,2,1,,0,2,8,19,A01
201900030071,2,32,,0,2,1,1,B01
201900030072,2,1,,0,2,6,13,A01
201900030072,2,33,,0,2,1,17,B01
201900030073,2,1,,0,2,7,1,A01
201900030073,2,7,,0,2,3,16,B01
201900030074,2,1,,0,2,1,18,B01
201900030074,2,7,,0,2,5,22,A01
201900030075,1,32,,0,1,8,1,A01
201900030076,1,7,,11,0,1,1,A01
201900030077,2,30,,0,2,1,17,A01
201900030077,2,7,,0,2,3,15,B01
201900030078,1,10,,0,2,3,22,A01
201900030078,1,1,,0,2,7,1,B01
201900030079,1,30,,11,0,3,13,A01
201900030080,1,1,,1,0,1,22,B01
201900030080,1,10,,0,2,3,22,A01
201900030081,2,7,,0,2,1,1,B01
201900030081,1,7,,0,2,7,1,A01
201900030082,1,7,,0,2,3,1,B01
201900030082,1,7,,0,2,2,1,A01
201900030083,3,2,,0,2,1,3,A01
201900030083,3,7,,0,2,3,15,B01
201900030084,3,50,,0,2,8,19,A01
201900030084,3,7,,0,2,2,1,B01
201900030085,3,7,,1,2,7,24,B01
201900030085,2,7,,1,2,2,26,A01
201900030086,1,7,,0,2,4,23,B01
201900030087,1,34,,0,2,1,2,B01
201900030087,1,7,,0,2,2,10,A01
201900030088,3,7,,0,1,3,1,A01
201900030089,1,7,,0,2,1,1,A01
201900030089,1,7,,0,2,4,1,B01
201900030090,1,7,,0,2,3,1,A01
201900030090,1,2,,0,2,5,1,B01
201900030091,0,32,,0,1,2,1,A01
201900030092,2,33,,0,2,2,21,A01
201900030092,2,7,,0,2,6,23,B01
201900030093,1,7,,0,2,5,15,A01
201900030093,2,33,,0,2,1,1,B01
201900030094,3,32,,1,0,1,14,A01
201900030095,3,7,,0,2,1,15,A01
201900030095,0,33,,0,0,0,1,B01
201900030096,0,7,,0,2,1,1,B01
201900030096,0,33,,0,2,4,15,A01
201900030097,0,32,,4,0,2,1,A01
201900030098,3,7,,0,2,7,19,A01
201900030098,3,34,,0,2,2,21,B01
201900030099,0,33,,0,2,1,26,A01
201900030099,0,7,,0,2,2,15,B01
201900030100,3,37,3.0,0,2,2,1,B01
201900030100,3,10,,0,6,3,15,A01
201900030101,0,7,,1,0,2,1,A01
201900030102,0,34,,0,2,1,17,A01
201900030102,1,7,,0,2,6,15,B01
201900030103,3,14,,2,0,1,1,A01
201900030104,2,80,,0,0,0,26,A01
201900030105,2,7,,0,2,3,1,B01
201900030105,1,7,,0,2,3,1,A01
201900030106,1,7,,0,2,1,2,A01
201900030106,1,7,,0,2,4,2,B01
201900030106,1,7,,0,2,4,2,C01
201900030107,3,7,,0,2,3,24,B01
201900030107,3,21,,1,0,1,0,A01
201900030108,1,30,,0,1,1,1,A01
201900030109,2,7,,0,2,4,2,D01
201900030109,2,7,,0,2,4,2,C01
201900030109,2,7,,0,2,4,2,B01
201900030109,2,10,,0,2,1,2,A01
201900030110,2,33,,0,2,8,21,A01
201900030110,2,7,,0,2,7,23,B01
201900030111,1,7,,0,1,2,1,A01
201900030112,1,30,,0,1,1,1,A01
201900030113,1,7,,0,1,3,15,A01
201900030114,2,60,,0,1,0,1,Z01
201900030115,1,43,,0,2,4,1,B01
201900030115,1,33,,0,2,1,1,A01
201900030116,2,7,,0,1,3,1,A01
201900030117,2,32,,0,2,8,1,B01
201900030117,2,7,,0,2,7,16,A01
201900030118,2,7,,0,2,1,1,B01
201900030118,1,1,,0,2,1,17,A01
201900030119,2,7,,0,2,8,22,A01
201900030119,2,1,,0,2,7,17,B01
201900030120,2,30,,0,2,7,16,A01
201900030120,2,80,,0,2,1,1,B01
201900030121,2,30,,0,0,8,1,A01
201900030122,2,7,,0,2,2,1,A01
201900030122,2,1,,0,2,4,17,B01
201900030123,1,7,,0,2,2,1,B01
201900030123,2,1,,0,2,1,19,A01
201900030124,2,10,,0,2,2,1,B01
201900030124,2,32,,0,2,8,18,A01
201900030125,1,7,,2,0,1,1,A01
201900030126,1,7,,14,0,2,1,A01
201900030127,1,33,,0,0,8,1,A01
201900030128,1,7,,0,1,7,1,A01
201900030129,1,7,,0,2,1,2,A01
201900030129,1,7,,0,2,4,23,B01
201900030130,1,7,,0,2,4,0,B01
201900030130,1,10,,0,2,1,9,A01
201900030131,2,7,,0,2,1,2,Z01
201900030131,2,31,,0,2,5,23,A01
201900030132,2,33,,0,1,1,1,A01
201900030133,1,10,,0,1,2,19,A01
201900030134,2,7,,0,0,2,0,A01
201900030134,1,7,,0,0,1,0,B01
201900030135,1,32,,0,2,7,1,A01
201900030135,1,7,,0,2,1,15,B01
201900030136,3,7,,0,2,1,2,A01
201900030136,3,7,,0,2,4,2,B01
201900030137,0,7,,0,2,5,9,B01
201900030137,1,7,,0,2,1,1,A01
201900030138,2,10,,0,0,0,0,A01
201900030138,2,31,,0,0,0,0,B01
201900030139,3,7,,0,1,4,20,A01
201900030140,1,7,,0,1,3,19,A01
201900030141,2,34,,0,0,3,13,A01
201900030142,0,30,,0,0,0,16,A01
201900030143,2,7,,13,0,1,1,A01
201900030144,2,7,,10,0,9,1,A01
201900030145,3,7,,8,0,1,1,A01
201900030146,2,10,,0,2,2,1,A01
201900030147,2,7,,0,1,2,1,A01
201900030148,1,7,,0,2,1,1,B01
201900030148,2,43,,0,2,1,13,A01
201900030149,2,7,,0,2,1,1,B01
201900030149,1,10,,0,2,1,13,A01
201900030150,2,1,,0,2,1,23,B01
201900030150,1,7,,0,9,3,13,A01
201900030151,2,7,,0,2,3,1,B01
201900030151,1,7,,0,2,3,17,A01
201900030152,1,32,,0,0,7,17,A01
201900030152,1,7,,0,0,3,15,B01
201900030153,1,31,,0,2,1,20,A01
201900030153,2,7,,0,2,3,9,B01
201900030154,1,7,,0,2,8,1,A01
201900030154,1,7,,0,0,4,15,B01
201900030154,1,7,,0,2,1,1,C01
201900030155,1,7,,0,0,1,5,A01
201900030155,1,7,,0,0,1,1,B01
201900030156,3,2,,0,2,2,1,B01
201900030156,3,7,,0,0,7,16,A01
201900030157,3,3,,0,0,3,1,B01
201900030157,3,7,,0,0,3,1,A01
201900030158,2,15,,0,1,2,1,A01
201900030159,3,1,,0,2,3,1,B01
201900030159,3,7,,0,2,1,15,A01
201900030160,2,7,,0,2,2,15,A01
201900030160,1,1,,0,2,1,1,B01
201900030161,2,33,,0,6,1,0,A01
201900030162,1,7,,13,0,3,15,A01
201900030162,2,7,,13,0,1,1,B01
201900030163,1,7,,0,2,6,1,B01
201900030163,2,7,,0,2,1,1,A01
201900030164,2,7,,6,2,1,17,A01
201900030164,2,7,,0,2,8,1,B01
201900030165,3,10,,16,0,1,19,A01
201900030166,2,10,,0,0,4,2,B01
201900030166,2,33,,3,2,0,2,A01
201900030167,1,7,,6,0,1,0,A01
201900030168,1,7,,0,2,1,0,A01
201900030168,1,7,,14,2,4,23,B01
201900030168,1,7,,0,0,4,23,C01
201900030169,1,7,,13,0,0,1,A01
201900030170,1,33,,0,0,1,10,A01
201900030171,3,2,,0,2,1,1,B01
201900030171,3,10,,0,2,3,1,A01
201900030172,1,10,,0,2,5,24,B01
201900030172,1,7,,1,0,2,21,A01
201900030173,0,7,,10,0,7,1,A01
201900030174,2,7,,0,2,1,1,A01
201900030174,2,3,,0,2,4,15,B01
201900030175,2,7,,2,0,2,0,A01
201900030176,2,14,,0,0,1,1,B01
201900030176,1,10,,3,0,1,17,A01
201900030177,1,1,,0,2,4,15,B01
201900030177,1,7,,0,2,2,17,A01
201900030178,2,10,,0,2,1,1,A01
201900030178,2,7,,0,2,4,1,B01
201900030178,2,7,,0,0,4,1,C01
201900030179,2,17,,0,2,1,1,C01
201900030179,1,7,,6,2,4,1,B01
201900030179,1,7,,0,2,3,2,A01
201900030180,1,34,,0,2,1,1,B01
201900030180,3,7,,0,2,2,19,A01
201900030181,2,7,,0,2,1,2,A01
201900030181,2,15,,0,0,0,1,B01
201900030182,1,7,,0,2,1,2,A01
201900030182,1,7,,0,2,4,2,B01
201900030183,2,2,,0,0,0,1,A01
201900030184,1,7,,13,1,3,1,A01
201900030185,3,7,,0,1,0,15,A01
201900030186,2,7,,0,2,1,2,B01
201900030186,2,7,,0,0,4,23,A01
201900030187,1,7,,0,2,3,1,A01
201900030187,3,7,,9,1,1,15,B01
201900030188,2,7,,0,2,3,13,A01
201900030188,1,10,,0,2,8,1,B01
201900030189,1,7,,2,0,7,1,A01
201900030190,0,3,,1,0,2,14,A01
201900030191,3,7,,16,0,1,1,A01
201900030192,3,2,,0,2,1,19,B01
201900030192,1,7,,0,2,3,1,A01
201900030193,1,1,,0,6,1,1,A01
201900030194,1,1,,0,2,1,1,B01
201900030194,1,7,,0,2,2,1,A01
201900030195,1,7,,0,1,2,1,A01
201900030195,2,50,,0,2,3,19,B01
201900030196,2,33,,15,0,1,13,A01
201900030197,1,31,,0,2,3,0,B01
201900030197,2,7,,0,2,3,15,A01
201900030198,2,7,,3,2,1,2,B01
201900030198,2,10,,3,2,4,2,A01
201900030199,1,7,,0,2,1,17,C01
201900030199,1,7,,0,2,4,17,B01
201900030199,1,7,,0,2,4,17,A01
201900030200,2,10,,0,2,1,17,A01
201900030200,2,7,,0,2,4,17,B01
201900030201,2,7,,0,2,1,2,A01
201900030201,2,7,,0,2,4,2,B01
201900030201,2,7,,0,2,4,2,C01
201900030201,2,7,,0,2,4,2,D01
201900030202,1,7,,0,2,6,1,B01
201900030202,1,34,,0,2,1,3,A01
201900030203,2,33,,14,0,9,1,A01
201900030204,2,32,,0,2,1,3,A01
201900030204,2,7,,0,2,2,12,B01
201900030204,2,7,,0,2,5,1,C01
201900030205,2,7,,0,2,6,1,B01
201900030205,2,33,,0,2,1,3,A01
201900030206,2,10,,0,2,4,2,B01
201900030206,2,7,,0,2,4,2,C01
201900030206,2,17,,0,2,1,2,A01
201900030207,2,10,,0,1,1,1,A01
201900030208,1,33,,0,0,9,2,A01
201900030209,2,7,,8,0,1,1,A01
201900030210,1,7,,0,2,4,1,A01
201900030210,1,10,,0,2,1,2,B01
201900030211,2,10,,0,2,1,1,A01
201900030211,2,7,,0,2,4,1,B01
201900030211,2,7,,0,2,4,1,C01
201900030212,2,10,,0,2,1,9,A01
201900030212,2,7,,0,2,4,23,B01
201900030213,1,7,,0,2,8,15,B01
201900030213,1,7,,0,2,1,17,A01
201900030214,3,7,,0,2,8,1,B01
201900030214,3,7,,15,2,3,13,A01
201900030215,1,7,,0,2,3,1,B01
201900030215,1,30,,0,2,8,1,A01
201900030216,1,7,,0,2,4,20,A01
201900030216,1,1,,0,2,1,2,B01
201900030217,1,7,,0,2,6,21,B01
201900030217,2,7,,0,2,3,13,A01
201900030218,2,30,,0,2,7,17,B01
201900030218,2,7,,0,2,8,15,A01
201900030219,2,10,,0,2,1,1,A01
201900030219,2,10,,0,2,3,1,B01
201900030220,2,7,,0,2,3,15,B01
201900030220,1,30,,0,2,1,17,A01
201900030221,2,7,,0,2,3,0,B01
201900030221,1,7,,0,2,1,13,A01
201900030222,1,1,,0,2,4,13,B01
201900030222,1,7,,0,2,1,1,A01
201900030223,2,15,,0,1,4,4,A01
201900030224,3,7,,0,1,1,15,A01
201900030225,1,37,4.0,0,2,0,1,A01
201900030226,2,31,,0,2,1,26,A01
201900030226,2,7,,0,1,4,26,B01
201900030227,3,7,,8,0,0,0,A01
201900030227,3,7,,8,0,0,0,B01
201900030228,1,7,,0,2,4,1,B01
201900030228,1,7,,0,2,1,1,A01
201900030229,2,7,,0,2,7,15,B01
201900030229,2,2,,0,2,1,17,A01
201900030230,1,17,,0,2,1,1,C01
201900030230,1,7,,0,2,1,1,B01
201900030230,2,7,,0,2,1,13,A01
201900030231,2,7,,0,1,3,1,A01
201900030232,1,7,,0,2,6,23,C01
201900030232,1,7,,0,2,3,19,B01
201900030232,2,30,,0,2,1,3,A01
201900030233,3,80,,0,2,5,1,B01
201900030233,3,7,,0,6,3,9,A01
201900030234,1,7,,17,0,1,13,A01
201900030235,0,7,,0,1,0,1,A01
201900030236,3,50,,1,0,0,0,A01
201900030237,1,7,,0,2,1,1,C01
201900030237,1,7,,0,2,2,1,B01