Num_Acc,senc,catv,occutc,obs,obsm,choc,manv,num_veh
201900030237,2,7,,0,2,1,13,A01
201900030238,2,7,,0,2,3,9,A01
201900030238,2,31,,0,2,1,1,B01
201900030239,1,7,,0,2,2,9,A01
201900030239,1,31,,0,2,1,1,B01
201900030240,2,14,,0,0,7,0,A01
201900030241,0,31,,0,2,1,1,B01
201900030241,0,7,,0,2,2,15,A01
201900030242,2,7,,0,2,2,0,A01
201900030242,2,7,,0,2,6,0,B01
201900030243,2,7,,0,1,1,15,A01
201900030244,1,1,,0,2,1,5,A01
201900030244,2,7,,0,2,1,1,B01
201900030245,1,7,,0,1,0,1,Z01
201900030246,1,31,,12,2,1,14,A01
201900030247,1,7,,0,2,4,2,C01
201900030247,1,10,,0,2,4,2,B01
201900030247,1,7,,0,2,1,2,A01
201900030248,1,7,,0,1,1,1,A01
201900030249,2,7,,0,1,8,1,A01
201900030250,1,1,,0,2,1,2,A01
201900030250,1,7,,0,2,6,1,B01
201900030251,1,7,,0,2,1,2,A01
201900030251,1,7,,0,2,4,2,B01
201900030251,1,7,,0,2,4,2,C01
201900030252,2,7,,0,2,1,1,B01
201900030252,1,7,,0,2,3,19,A01
201900030253,1,10,,0,1,1,1,A01
201900030254,1,7,,0,1,1,16,A01
201900030255,1,10,,0,2,3,10,A01
201900030255,1,2,,0,2,5,1,B01
201900030256,2,7,,0,2,3,19,A01
201900030256,2,34,,0,2,1,1,B01
201900030257,3,2,,0,2,8,15,A01
201900030257,3,7,,0,2,1,19,Z01
201900030258,2,7,,0,2,1,1,B01
201900030258,1,7,,0,2,1,13,A01
201900030259,1,37,1.0,0,2,1,1,B01
201900030259,1,7,,0,2,1,19,A01
201900030260,1,7,,0,1,1,1,A01
201900030261,0,10,,0,2,1,2,A01
201900030261,0,7,,0,0,4,1,B01
201900030262,1,15,,0,2,5,1,B01
201900030262,1,1,,12,2,5,18,A01
201900030263,1,32,,0,2,1,17,A01
201900030263,1,7,,0,2,3,15,B01
201900030264,1,31,,0,2,8,18,B01
201900030264,1,7,,0,2,2,16,A01
201900030265,1,7,,0,1,2,15,A01
201900030266,1,7,,0,2,7,12,A01
201900030266,1,33,,0,2,8,1,B01
201900030267,2,7,,0,1,2,1,A01
201900030268,2,30,,0,2,2,17,A01
201900030268,2,7,,0,2,3,15,B01
201900030269,2,7,,0,2,0,17,Z01
201900030269,2,32,,0,2,3,1,A01
201900030270,1,7,,0,2,0,5,Z01
201900030270,2,7,,0,2,4,2,C01
201900030270,2,7,,0,2,4,2,B01
201900030270,2,7,,0,2,1,2,A01
201900030271,3,10,,0,2,2,1,C01
201900030271,3,10,,0,2,6,1,B01
201900030271,3,33,,0,2,2,3,A01
201900030272,2,50,,0,1,1,1,A01
201900030273,1,31,,0,1,1,1,A01
201900030274,2,7,,1,2,2,15,A01
201900030274,1,80,,0,2,7,1,B01
201900030275,2,30,,1,2,1,5,A01
201900030275,1,1,,0,2,1,1,B01
201900030276,2,1,,0,2,1,1,B01
201900030276,3,10,,0,2,3,1,A01
201900030277,1,30,,0,2,2,1,A01
201900030277,1,7,,0,2,3,11,B01
201900030278,2,7,,0,1,1,16,A01
201900030279,1,7,,0,2,1,2,A01
201900030279,1,43,,0,2,4,2,B01
201900030280,2,7,,0,2,3,9,A01
201900030280,1,2,,0,2,7,1,B01
201900030281,1,10,,0,2,6,1,B01
201900030281,1,7,,0,2,2,1,A01
201900030282,1,33,,0,1,1,1,A01
201900030283,2,32,,0,0,0,1,A01
201900030284,1,30,,11,0,3,17,A01
201900030285,2,7,,0,2,2,15,A01
201900030285,2,33,,0,2,3,15,B01
201900030286,2,7,,0,2,3,1,B01
201900030286,2,2,,0,2,3,5,A01
201900030287,1,43,,0,2,1,1,A01
201900030287,2,1,,0,2,1,17,B01
201900030288,2,7,,0,2,8,1,B01
201900030288,1,32,,0,2,1,1,A01
201900030289,3,7,,0,2,1,1,A01
201900030289,3,7,,0,2,4,23,B01
201900030290,2,30,,0,0,0,2,A01
201900030291,2,7,,0,2,1,10,A01
201900030291,1,30,,0,2,1,0,B01
201900030292,2,10,,0,1,2,1,A01
201900030293,2,32,,0,2,2,15,B01
201900030293,2,7,,0,2,3,15,A01
201900030294,1,32,,0,1,1,26,A01
201900030295,2,7,,0,2,2,2,A01
201900030295,1,7,,0,2,3,2,B01
201900030296,2,7,,9,2,8,17,A01
201900030297,1,7,,0,1,1,1,A01
201900030298,1,7,,0,1,1,1,A01
201900030299,1,7,,0,2,4,1,B01
201900030299,1,7,,0,2,1,1,A01
201900030300,1,3,,0,1,2,1,A01
201900030301,3,7,,0,0,8,24,A01
201900030301,3,2,,1,0,1,17,B01
201900030302,3,7,,0,6,2,26,A01
201900030302,3,1,,0,2,1,1,B01
201900030303,3,15,,0,2,2,26,A01
201900030303,1,7,,0,2,3,1,B01
201900030304,2,7,,0,1,2,17,A01
201900030304,1,1,,0,2,2,1,B01
201900030305,1,7,,0,2,7,26,A01
201900030305,2,7,,0,2,1,1,B01
201900030306,1,7,,0,1,2,19,A01
201900030307,1,7,,0,1,1,9,A01
201900030308,3,7,,0,1,1,1,A01
201900030309,1,7,,0,2,8,11,A01
201900030309,1,34,,0,2,2,1,B01
201900030310,2,7,,0,1,3,17,A01
201900030311,1,33,,0,1,1,11,A01
201900030312,3,7,,0,1,3,17,A01
201900030313,1,10,,0,2,3,2,A01
201900030313,3,10,,0,2,3,15,B01
201900030314,1,10,,0,2,1,1,A01
201900030314,1,10,,0,2,7,1,B01
201900030315,2,3,,0,1,1,16,A01
201900030316,1,7,,6,0,1,26,A01
201900030317,3,7,,0,2,1,1,B01
201900030317,3,7,,0,2,2,19,A01
201900030318,3,10,,0,1,5,4,A01
201900030319,1,7,,0,1,3,1,A01
201900030320,2,7,,0,2,5,11,B01
201900030320,1,33,,0,2,1,1,A01
201900030321,2,7,,0,2,7,1,A01
201900030321,0,10,,0,2,4,20,B01
201900030322,3,7,,0,2,3,1,A01
201900030322,3,10,,0,2,8,15,B01
201900030323,1,7,,0,2,3,2,B01
201900030323,1,13,,0,2,2,2,A01
201900030324,3,7,,0,1,2,1,A01
201900030325,1,3,,1,0,2,14,A01
201900030326,2,1,,0,2,1,2,B01
201900030326,2,7,,0,2,4,1,A01
201900030327,2,33,,0,2,1,1,A01
201900030327,3,7,,0,2,8,19,B01
201900030328,2,1,,0,0,8,19,B01
201900030328,2,30,,0,2,1,19,A01
201900030329,1,7,,0,2,8,15,A01
201900030329,1,2,,0,2,7,17,B01
201900030330,3,7,,0,2,0,2,B01
201900030330,3,32,,0,0,0,0,A01
201900030331,0,50,,0,2,1,1,A01
201900030331,0,7,,0,6,3,1,B01
201900030332,2,7,,0,2,2,15,A01
201900030332,1,34,,0,2,1,1,O01
201900030333,0,30,,0,1,0,0,Z01
201900030334,2,7,,0,0,4,2,B01
201900030334,2,7,,1,0,1,2,A01
201900030335,2,7,,0,2,7,15,A01
201900030335,1,7,,0,2,1,1,B01
201900030336,1,10,,0,2,4,1,A01
201900030336,1,13,,0,2,1,1,B01
201900030336,1,7,,0,2,1,1,C01
201900030337,2,7,,0,2,3,23,A01
201900030337,1,38,1.0,0,2,6,16,B01
201900030338,1,7,,0,1,2,26,A01
201900030339,1,7,,0,2,7,1,B01
201900030339,1,43,,0,2,1,1,A01
201900030340,1,50,,0,1,1,1,A01
201900030341,1,2,,0,2,1,2,B01
201900030341,2,7,,0,2,8,16,A01
201900030342,2,33,,0,1,7,1,A01
201900030343,2,33,,0,2,1,1,B01
201900030343,1,10,,0,2,7,20,A01
201900030344,3,7,,0,2,2,1,A01
201900030344,3,1,,0,2,4,1,B01
201900030345,3,7,,12,0,1,5,A01
201900030346,2,32,,0,2,7,21,B01
201900030346,2,14,,0,2,1,26,A01
201900030347,3,2,,0,2,8,23,B01
201900030347,3,7,,0,2,7,15,A01
201900030348,1,7,,1,0,1,1,A01
201900030349,2,34,,0,2,3,15,B01
201900030349,2,7,,0,2,1,1,A01
201900030350,1,32,,0,2,1,1,B01
201900030350,1,7,,0,2,6,10,A01
201900030351,3,7,,1,0,2,0,B01
201900030351,3,32,,1,0,1,5,A01
201900030352,3,33,,15,0,8,2,B01
201900030352,3,7,,0,0,2,0,A01
201900030353,3,33,,0,0,0,1,A01
201900030354,2,7,,1,0,7,14,A01
201900030355,2,7,,0,2,6,23,B01
201900030355,2,30,,14,0,1,1,A01
201900030356,0,7,,0,0,1,1,A01
201900030357,2,7,,0,2,1,13,A01
201900030357,1,7,,0,2,1,1,B01
201900030358,3,10,,0,2,1,1,B01
201900030358,2,7,,0,0,7,1,A01
201900030359,0,2,,0,1,1,1,A01
201900030360,2,7,,13,0,1,19,A01
201900030361,1,7,,3,0,3,13,A01
201900030362,3,2,,0,0,0,13,A01
201900030362,3,2,,0,1,2,17,B01
201900030363,2,7,,0,0,8,15,A01
201900030363,2,7,,8,2,1,17,B01
201900030364,2,7,,3,2,3,5,B01
201900030364,1,7,,3,2,1,5,A01
201900030365,2,31,,0,2,1,1,B01
201900030365,0,7,,0,0,3,10,A01
201900030366,0,0,,0,0,0,0,A01
201900030367,1,7,,0,5,2,21,A01
201900030368,0,2,,15,2,1,9,B01
201900030368,0,7,,0,2,7,9,A01
201900030369,1,1,,0,2,1,1,B01
201900030369,2,10,,0,2,3,19,A01
201900030370,1,7,,0,6,2,2,B01
201900030370,1,33,,0,2,1,2,A01
201900030371,2,7,,0,2,3,1,B01
201900030371,1,7,,0,2,3,1,A01
201900030372,2,14,,0,1,2,1,A01
201900030373,1,7,,13,0,1,1,A01
201900030374,1,7,,13,0,7,1,A01
201900030375,2,2,,0,2,1,1,A01
201900030375,2,7,,0,2,2,1,B01
201900030376,1,7,,4,0,3,1,A01
201900030377,3,7,,0,2,2,26,B01
201900030377,3,2,,0,2,1,26,A01
201900030378,1,7,,0,2,1,1,A01
201900030378,2,10,,0,2,4,9,B01
201900030379,1,33,,1,0,1,1,A01
201900030380,1,1,,0,2,4,1,B01
201900030380,1,0,,0,2,2,0,A01
201900030381,1,2,,12,0,1,1,A01
201900030382,2,7,,7,0,1,26,A01
201900030383,2,15,,0,0,3,23,B01
201900030383,1,7,,0,2,3,5,A01
201900030384,0,7,,0,1,6,0,A01
201900030385,0,2,,0,2,7,3,B01
201900030385,0,7,,0,2,1,15,A01
201900030386,2,7,,0,0,1,2,B01
201900030386,1,7,,0,0,1,5,A01
201900030387,0,7,,0,1,1,1,A01
201900030388,1,7,,0,0,0,1,A01
201900030389,1,33,,0,2,1,13,B01
201900030389,2,7,,0,2,3,1,A01
201900030390,1,7,,0,1,2,15,A01
201900030391,2,7,,0,2,1,10,A01
201900030391,2,7,,0,0,2,1,B01
201900030392,1,32,,0,0,1,0,A01
201900030393,1,7,,13,0,2,14,A01
201900030394,1,7,,0,0,7,1,A01
201900030395,1,7,,0,2,1,1,B01
201900030395,2,1,,0,2,1,13,A01
201900030396,2,7,,13,0,3,0,A01
201900030397,2,33,,0,0,1,0,A01
201900030398,1,7,,0,2,1,1,C01
201900030398,2,7,,0,2,1,13,A01
201900030398,1,7,,0,2,1,1,B01
201900030399,2,33,,0,0,1,13,A01
201900030400,0,7,,2,0,7,1,A01
201900030401,2,7,,0,2,1,1,A01
201900030401,1,2,,0,2,1,5,B01
201900030402,1,21,,0,2,3,15,A01
201900030402,1,33,,0,2,1,17,B01
201900030403,1,33,,0,2,1,17,B01
201900030403,2,7,,0,2,6,13,A01
201900030404,1,7,,13,0,9,1,A01
201900030405,1,7,,15,0,2,0,A01
201900030406,1,7,,0,2,3,1,B01
201900030406,2,7,,0,2,3,13,A01
201900030407,3,7,,0,1,6,4,A01
201900030408,3,33,,6,0,1,21,A01
201900030409,3,3,,0,2,3,9,A01
201900030409,3,33,,0,2,7,1,B01
201900030410,1,21,,0,2,3,15,B01
201900030410,1,33,,0,2,1,17,A01
201900030411,2,7,,2,0,1,1,A01
201900030412,1,1,,0,2,3,15,B01
201900030412,1,7,,0,1,2,17,A01
201900030413,0,7,,8,0,1,0,A01
201900030414,2,7,,0,1,2,1,A01
201900030415,1,7,,2,0,3,0,A01
201900030416,0,2,,0,2,1,19,B01
201900030416,3,7,,0,2,3,1,A01
201900030417,2,0,,0,9,0,1,A01
201900030417,1,7,,0,2,1,17,A01
201900030417,2,1,,0,2,8,1,B01
201900030418,2,31,,13,0,0,1,A01
201900030419,2,7,,13,0,1,1,A01
201900030420,1,7,,1,0,2,1,A01
201900030421,3,7,,1,0,2,1,A01
201900030421,0,7,,1,1,4,22,B01
201900030421,0,7,,0,0,1,0,C01
201900030422,0,7,,13,0,1,0,A01
201900030423,2,7,,13,0,1,1,A01
201900030424,1,33,,0,0,8,15,A01
201900030425,2,33,,0,0,7,1,A01
201900030426,1,7,,2,0,1,1,A01
201900030427,1,7,,13,0,1,1,A01
201900030428,2,33,,2,0,2,1,A01
201900030429,3,20,,0,2,2,15,A01
201900030429,3,33,,0,2,1,1,B01
201900030430,2,7,,0,0,0,15,B01
201900030430,1,32,,0,0,0,21,A01
201900030431,3,10,,0,1,4,4,A01
201900030432,2,7,,11,0,1,1,A01
201900030433,1,7,,0,2,3,1,B01
201900030433,2,7,,0,2,3,1,A01
201900030434,1,7,,13,2,8,1,C01
201900030434,2,7,,0,2,1,1,B01
201900030434,1,7,,0,2,1,17,A01
201900030435,1,7,,0,0,9,1,A01
201900030436,2,7,,6,0,3,13,A01
201900030437,2,7,,13,0,3,13,A01
201900030438,2,7,,0,0,2,1,B01
201900030438,1,7,,0,2,2,15,A01
201900030439,1,7,,0,2,2,1,B01
201900030439,2,7,,0,2,1,15,A01
201900030440,2,7,,4,0,1,5,A01
201900030441,1,7,,13,0,1,1,A01
201900030442,2,7,,0,2,1,1,B01
201900030442,1,7,,0,2,1,13,A01
201900030443,3,7,,0,2,1,26,A01
201900030443,2,7,,0,0,8,1,B01
201900030444,1,7,,0,2,1,2,A01
201900030444,1,7,,0,2,4,1,B01
201900030445,1,7,,3,0,2,1,A01
201900030446,1,7,,0,0,4,2,C01
201900030446,1,7,,0,2,4,2,B01
201900030446,1,7,,0,2,1,2,A01
201900030447,1,7,,0,2,2,1,A01
201900030447,2,7,,0,2,1,1,B01
201900030448,0,99,,0,1,1,0,A01
201900030449,2,7,,0,0,3,0,A01
201900030450,2,7,,0,2,4,1,B01
201900030450,2,7,,0,2,1,1,C01
201900030450,2,7,,0,2,5,1,D01
201900030450,2,7,,0,0,4,1,A01
201900030451,1,7,,0,1,1,1,A01
201900030452,2,2,,0,2,2,17,B01
201900030452,2,10,,0,2,3,15,A01
201900030453,1,14,,0,2,5,12,B01
201900030453,1,32,,0,2,3,18,A01
201900030454,1,1,,0,2,1,16,A01
201900030454,1,7,,0,2,3,1,B01
201900030455,2,10,,0,2,3,13,A01
201900030455,2,31,,0,2,2,17,B01
201900030456,2,7,,12,2,3,1,B01
201900030456,2,7,,0,2,2,14,A01
201900030457,1,7,,0,2,4,23,C01
201900030457,1,7,,0,2,4,23,B01
201900030457,1,7,,0,2,1,2,A01
201900030458,1,7,,0,2,6,2,B01
201900030458,1,34,,0,2,2,2,A01
201900030459,1,32,,12,0,6,13,A01
201900030460,2,7,,0,1,2,1,A01
201900030461,1,7,,14,0,3,13,A01
201900030462,1,7,,0,2,0,15,Z01
201900030462,1,32,,0,2,0,21,A01
201900030463,1,37,1.0,0,1,2,1,A01
201900030464,2,43,,0,2,2,1,A01
201900030464,2,7,,0,2,3,13,Z01
201900030465,2,31,,0,2,1,1,B01
201900030465,1,7,,0,2,7,15,A01
201900030466,2,1,,0,0,0,21,A01
201900030467,3,32,,0,2,1,18,B01
201900030467,3,17,,0,2,5,16,A01
201900030468,3,60,,0,2,7,19,B01
201900030468,2,7,,0,2,7,1,A01
201900030469,3,30,,0,2,1,1,B01
201900030469,3,7,,0,2,2,15,A01
201900030470,1,33,,0,2,1,3,A01
201900030470,1,7,,0,2,3,15,B01
201900030471,2,7,,0,1,4,20,A01
201900030472,2,7,,0,2,3,15,B01
201900030472,2,1,,0,2,2,1,A01
201900030473,2,7,,0,1,1,1,A01
201900030474,2,1,,0,2,1,1,B01
201900030474,2,7,,0,2,5,1,A01
201900030475,2,33,,1,2,0,1,A01
201900030475,1,7,,0,2,0,15,B01
201900030476,1,1,,0,1,1,1,A01
201900030477,1,10,,0,2,2,2,A01
201900030477,1,33,,0,2,1,15,B01
201900030478,2,80,,0,1,2,1,A01
201900030479,1,30,,0,2,1,1,A01
201900030479,1,7,,0,2,4,23,B01
201900030480,2,32,,0,1,1,1,A01
201900030481,2,1,,0,2,1,7,A01
201900030481,1,7,,0,2,7,16,B01
201900030482,1,10,,0,2,3,1,Z01
201900030482,2,1,,0,2,6,1,B01
201900030483,2,1,,0,2,3,1,B01
201900030483,2,32,,0,2,2,1,A01
201900030484,2,7,,0,2,4,12,Z01
201900030484,2,31,,0,2,1,1,A01
201900030485,2,7,,0,2,1,15,A01
201900030485,1,32,,0,2,1,1,B01
201900030486,2,7,,0,2,3,15,A01
201900030486,2,31,,0,2,2,17,B01
201900030487,3,7,,0,1,2,1,A01
201900030488,2,30,,0,1,1,7,A01
201900030489,1,1,,0,2,0,7,B01
201900030489,1,7,,0,2,3,22,Z01
201900030490,1,1,,0,1,1,1,A01
201900030491,1,34,,0,0,7,14,A01
201900030492,3,33,,0,2,1,1,A01
201900030492,3,7,,0,2,8,1,B01
201900030493,2,33,,0,2,7,16,A01
201900030493,2,43,,0,2,8,1,B01
201900030493,2,10,,11,2,0,15,Z01
201900030494,3,10,,0,2,2,16,A01
201900030494,3,32,,0,2,8,1,B01
201900030495,1,30,,0,2,1,1,A01
201900030495,1,37,1.0,0,2,3,1,B01
201900030496,1,15,,0,2,6,1,A01
201900030496,1,1,,4,2,7,17,B01
201900030497,1,7,,0,2,3,15,A01
201900030497,1,31,,0,2,7,17,B01
201900030497,2,7,,0,2,3,23,C01
201900030498,1,7,,0,2,3,16,A01
201900030498,1,1,,0,2,2,19,B01
201900030499,1,50,,0,2,2,1,B01
201900030499,1,7,,0,2,3,10,A01
201900030500,2,34,,0,1,3,1,A01
201900030501,1,33,,14,0,1,13,A01
201900030502,1,32,,0,2,2,17,A01
201900030502,1,10,,0,2,8,15,B01
201900030503,1,7,,0,2,3,10,B01
201900030503,1,31,,0,2,2,5,A01
201900030503,2,7,,0,2,3,24,C01
201900030504,2,2,,0,2,1,1,A01
201900030504,2,7,,0,2,3,1,B01
201900030505,1,7,,0,2,3,1,C01
201900030505,1,7,,0,2,8,24,B01
201900030505,1,7,,1,2,2,17,A01
201900030506,1,10,,0,1,3,1,A01
201900030507,1,7,,0,2,1,2,A01
201900030507,1,7,,0,0,4,1,C01
201900030507,1,7,,0,2,1,2,B01
201900030508,2,7,,0,2,2,16,A01
201900030508,2,33,,0,2,8,0,B01
201900030509,2,7,,0,2,4,2,B01
201900030509,2,7,,0,2,1,2,A01
201900030510,0,3,,0,1,2,26,A01
201900030511,1,7,,0,2,5,1,A01
201900030511,2,33,,0,2,8,1,B01
201900030512,0,7,,1,0,1,25,A01
201900030513,2,32,,0,2,1,18,A01
201900030513,2,7,,6,0,2,20,B01
201900030514,2,7,,0,2,3,9,B01
201900030514,2,7,,0,2,5,0,C01
201900030514,2,2,,0,2,1,9,A01
201900030515,1,7,,0,1,2,1,A01
201900030516,1,7,,0,1,3,2,A01
201900030517,1,10,,0,1,2,16,A01
201900030518,2,32,,0,2,1,1,B01
201900030518,1,7,,0,2,2,15,A01
201900030519,2,7,,0,1,1,1,A01
201900030520,1,30,,0,2,1,21,A01
201900030520,1,10,,0,6,4,1,B01
201900030521,0,1,,0,2,4,19,B01
201900030521,0,99,,0,6,4,24,A01
201900030522,1,7,,0,1,0,15,A01
201900030523,1,34,,0,2,8,1,B01
201900030523,1,7,,0,2,2,12,A01
201900030524,1,7,,0,2,7,12,A01
201900030524,2,10,,8,0,3,0,B01
201900030525,2,7,,2,0,1,13,A01
201900030526,3,1,,0,0,0,25,A01
201900030527,1,7,,4,2,2,9,A01
201900030527,1,34,,1,2,1,3,B01
201900030528,2,7,,0,2,2,21,A01
201900030528,2,7,,0,2,7,15,B01
201900030529,0,34,,0,0,8,19,A01
201900030530,1,10,,14,0,1,2,A01
201900030531,3,17,,0,2,3,23,B01
201900030531,3,7,,0,2,1,6,A01
201900030532,1,7,,0,2,2,19,A01
201900030532,1,7,,0,2,3,19,B01
201900030533,1,10,,0,2,8,15,A01
201900030533,1,2,,0,2,7,17,B01
201900030534,1,7,,0,1,1,15,A01
201900030535,1,7,,0,2,8,15,B01
201900030535,2,33,,0,2,1,17,A01
201900030536,3,3,,0,1,3,10,A01
201900030537,1,33,,0,1,1,1,A01
201900030538,3,3,,0,1,1,15,A01
201900030539,2,7,,0,2,6,10,A01
201900030539,2,33,,0,2,1,1,B01
201900030540,1,7,,0,2,7,15,B01
201900030540,2,7,,0,2,1,1,A01
201900030541,1,10,,0,2,1,5,Z01
201900030541,1,30,,0,2,8,1,A01
201900030542,3,34,,0,0,8,26,A01
201900030543,1,31,,0,2,8,9,B01
201900030543,1,7,,0,2,3,9,A01
201900030544,2,3,,0,1,2,1,B01
201900030545,1,3,,0,1,5,13,A01
201900030546,0,7,,0,2,8,15,B01
201900030546,0,15,,0,0,0,0,A01
201900030547,1,7,,0,2,3,1,B01
201900030547,1,10,,0,2,2,9,A01
201900030548,3,99,,0,1,1,9,A01
201900030548,0,32,,0,2,1,1,B01
201900030549,0,10,,0,2,3,15,B01
201900030549,0,32,,0,2,1,16,A01
201900030550,1,1,,0,2,1,19,B01
201900030550,1,7,,0,6,8,26,A01
201900030551,3,10,,0,2,3,2,B01
201900030551,3,10,,0,2,1,15,A01
201900030552,2,33,,12,2,6,1,B01
201900030552,2,10,,0,2,3,15,A01
201900030553,1,7,,0,1,2,0,A01
201900030554,3,7,,12,0,3,16,A01
201900030555,3,7,,0,2,1,1,B01
201900030555,3,1,,0,2,7,0,A01
201900030556,3,7,,0,2,2,15,A01
201900030556,3,7,,10,0,3,1,B01
201900030557,2,31,,0,1,2,17,A01
201900030558,1,7,,0,2,7,15,A01
201900030558,2,2,,0,2,1,0,B01
201900030559,1,2,,0,2,1,1,B01
201900030559,1,7,,0,2,3,11,A01
201900030560,3,7,,0,6,5,1,B01
201900030560,3,32,,0,2,3,13,A01
201900030561,1,7,,0,2,3,10,A01
201900030561,1,42,,0,2,1,17,B01
201900030562,1,10,,0,2,2,1,B01
201900030562,2,7,,0,2,3,19,A01
201900030563,1,17,,0,2,4,1,C01
201900030563,1,34,,0,2,4,1,B01
201900030563,1,7,,0,2,1,1,A01
201900030564,2,10,,12,0,9,26,A01
201900030565,2,30,,0,2,1,17,B01
201900030565,2,30,,0,2,8,13,A01
201900030566,3,7,,0,2,8,15,B01
201900030566,3,7,,0,2,1,1,A01
201900030567,3,7,,0,6,1,25,A01
201900030567,3,1,,0,2,8,25,B01
201900030568,2,34,,0,1,1,1,A01
201900030569,1,33,,0,1,1,1,A01
201900030570,3,10,,0,1,5,4,A01
201900030571,2,7,,0,2,1,2,A01
201900030571,2,10,,0,2,4,2,B01
201900030572,3,7,,0,2,2,1,A01
201900030572,3,7,,0,2,3,1,B01
201900030573,1,2,,0,2,1,1,A01
201900030573,1,7,,0,2,3,1,B01
201900030574,1,7,,0,1,0,4,A01
201900030575,2,31,,1,2,7,17,A01
201900030575,2,7,,0,2,8,15,B01
201900030576,2,34,,0,2,1,0,A01
201900030576,1,7,,0,2,4,0,B01
201900030577,2,2,,1,0,1,14,A01
201900030578,1,7,,0,1,1,1,A01
201900030579,3,15,,0,2,4,1,A01
201900030579,3,15,,0,2,1,1,B01
201900030580,2,7,,1,0,1,13,A01
201900030581,2,1,,0,0,0,1,A01
201900030582,2,7,,6,0,0,1,A01
201900030583,3,7,,13,0,2,0,A01
201900030584,1,10,,0,0,2,14,A01
201900030585,2,7,,0,1,4,23,B01
201900030585,2,7,,0,2,1,1,A01
201900030586,3,2,,8,0,7,1,A01
201900030587,1,7,,3,0,8,1,A01
201900030588,2,7,,3,0,1,17,A01
201900030589,2,7,,0,2,1,0,A01
201900030589,1,21,,0,2,1,1,B01
201900030590,1,2,,0,2,1,18,B01
201900030590,1,10,,0,0,5,15,A01
201900030591,2,14,,0,2,1,1,B01
201900030591,1,33,,0,2,0,17,A01
201900030592,1,17,,0,2,5,2,B01
201900030592,1,7,,0,2,3,2,A01
201900030593,2,7,,3,2,3,21,B01
201900030593,2,7,,0,0,5,1,A01
201900030594,2,7,,0,9,3,1,B01
201900030594,1,2,,0,2,2,1,A01
201900030595,2,7,,4,0,3,12,A01
201900030596,1,7,,4,0,8,1,A01
201900030597,2,7,,6,0,1,15,A01
201900030598,2,2,,0,0,2,1,A01
201900030599,1,7,,13,0,8,1,A01
201900030600,2,1,,0,0,4,1,B01
201900030600,1,3,,0,9,2,1,A01
201900030601,3,38,1.0,13,0,1,13,A01
201900030602,2,7,,15,0,1,1,A01
201900030603,1,7,,0,1,1,21,A01
201900030604,2,7,,0,2,7,10,A01
201900030604,1,7,,0,2,1,1,B01
201900030605,2,7,,8,0,1,1,A01
201900030606,2,7,,0,2,1,1,A01
201900030606,1,7,,0,2,3,1,B01
201900030607,3,7,,0,2,2,9,A01
201900030607,1,2,,0,2,1,1,B01
201900030608,2,7,,0,1,2,1,B01
201900030609,1,7,,13,0,1,1,A01
201900030610,2,31,,3,0,3,1,A01
201900030611,2,2,,0,0,4,2,B01
201900030611,2,7,,0,2,2,2,A01
201900030612,0,7,,0,2,1,9,A01
201900030612,2,7,,0,2,8,1,B01
201900030613,1,10,,0,2,8,1,B01
201900030613,0,2,,0,2,8,15,A01
201900030614,1,1,,0,2,1,1,B01
201900030614,1,7,,0,1,2,20,A01
201900030615,2,37,1.0,0,1,1,21,A01
201900030616,2,7,,6,0,1,0,A01
201900030617,3,7,,2,0,1,1,A01
201900030618,1,7,,1,2,3,1,B01
201900030618,2,7,,0,2,3,13,A01
201900030619,1,7,,0,2,8,1,C01
201900030619,1,7,,0,2,8,1,B01
201900030619,2,7,,3,2,1,13,A01
201900030620,1,2,,0,2,1,17,A01
201900030620,2,7,,0,2,3,1,B01
201900030621,3,7,,0,0,0,0,A01
201900030622,2,33,,13,0,1,2,A01
201900030623,2,36,,12,0,9,0,A01
201900030624,2,2,,0,2,1,1,A01
201900030624,3,7,,0,0,5,26,B01
201900030625,2,7,,0,0,9,1,A01
201900030626,2,7,,0,0,4,15,B01
201900030626,2,7,,0,2,1,1,A01
201900030627,1,7,,15,0,2,1,A01
201900030628,1,7,,0,2,1,13,B01
201900030628,2,7,,0,2,1,1,A01
201900030629,1,33,,0,0,1,1,A01
201900030630,2,10,,0,1,2,19,A01
201900030631,3,7,,16,0,0,14,A01
201900030632,1,33,,0,0,1,17,A01
201900030633,1,7,,0,2,3,5,A01
201900030633,2,7,,0,2,2,1,B01
201900030634,2,7,,0,2,1,1,B01
201900030634,0,7,,0,2,3,19,A01
201900030635,1,7,,0,2,8,15,A01
201900030635,2,2,,0,2,1,1,B01
201900030636,1,7,,0,2,2,15,A01
201900030636,2,1,,0,2,1,1,B01
201900030637,2,33,,0,2,1,1,B01
201900030637,2,7,,0,2,5,19,A01
201900030638,3,7,,15,0,3,1,A01
201900030639,2,7,,7,2,3,5,A01
201900030639,1,7,,0,2,8,23,B01
201900030639,1,7,,0,2,3,23,C01
201900030640,1,33,,10,6,1,1,A01
201900030641,2,7,,0,0,0,1,A01
201900030642,2,7,,0,2,5,19,A01
201900030642,2,7,,6,2,1,1,B01
201900030643,1,7,,8,0,1,1,A01
201900030644,2,7,,0,2,4,2,D01
201900030644,2,7,,0,2,4,23,C01
201900030644,2,7,,0,2,4,1,B01