Num_Acc,senc,catv,occutc,obs,obsm,choc,manv,num_veh
201900030644,2,7,,0,2,1,1,A01
201900030645,1,33,,1,0,1,0,A01
201900030645,3,7,,1,0,4,0,B01
201900030646,1,7,,8,0,1,1,A01
201900030647,1,7,,0,1,1,1,A01
201900030648,1,38,1.0,0,2,3,2,A01
201900030648,1,7,,0,2,4,1,B01
201900030648,1,10,,0,2,3,1,C01
201900030649,1,30,,15,0,0,13,A01
201900030650,1,30,,0,2,1,2,A01
201900030650,1,10,,0,2,5,23,B01
201900030651,1,7,,0,2,0,23,B01
201900030651,1,7,,0,2,0,2,A01
201900030652,3,34,,0,2,1,1,A01
201900030652,3,7,,0,2,1,15,B01
201900030653,1,10,,0,2,2,1,A01
201900030653,1,50,,0,2,4,9,B01
201900030654,2,30,,0,2,1,1,A01
201900030654,2,7,,0,2,5,1,B01
201900030655,2,7,,0,2,5,21,A01
201900030655,2,30,,0,2,3,2,Z01
201900030656,2,32,,0,2,1,2,A01
201900030656,2,1,,0,2,4,2,B01
201900030657,1,1,,0,2,6,1,B01
201900030657,1,30,,0,2,2,17,A01
201900030658,3,32,,0,0,7,21,A01
201900030659,3,60,,0,2,0,19,B01
201900030659,2,30,,0,2,7,17,A01
201900030660,1,7,,0,2,1,15,A01
201900030660,2,2,,0,2,1,1,B01
201900030661,2,7,,0,2,2,15,B01
201900030661,2,1,,0,2,1,1,A01
201900030662,1,32,,0,2,3,1,A01
201900030662,2,30,,0,2,1,15,B01
201900030663,2,7,,0,1,8,1,A01
201900030664,2,31,,0,1,8,7,A01
201900030665,2,37,1.0,0,2,3,15,A01
201900030665,1,43,,0,2,1,15,B01
201900030666,2,7,,0,1,1,1,A01
201900030667,2,50,,0,2,8,13,B01
201900030667,2,33,,0,2,7,17,A01
201900030668,1,30,,0,1,1,1,Z01
201900030669,2,50,,0,2,7,1,A01
201900030669,2,7,,0,2,1,1,B01
201900030670,3,7,,0,2,3,9,A01
201900030670,2,30,,0,2,7,1,B01
201900030671,1,7,,0,2,5,1,A01
201900030671,1,10,,0,2,3,1,B01
201900030672,1,32,,0,2,4,12,Z01
201900030672,1,32,,0,2,1,1,A01
201900030673,2,30,,0,2,2,15,A01
201900030673,1,30,,0,2,1,1,B01
201900030674,2,32,,0,2,3,1,B01
201900030674,1,7,,0,2,1,15,A01
201900030675,1,10,,0,2,2,9,B01
201900030675,1,7,,0,2,3,1,A01
201900030676,1,1,,0,2,7,1,B01
201900030676,1,30,,0,2,8,13,A01
201900030677,1,7,,0,2,3,15,A01
201900030677,1,38,2.0,0,2,2,1,B01
201900030678,3,30,,0,2,8,1,A01
201900030679,3,1,,8,0,1,21,A01
201900030680,2,37,1.0,0,1,3,15,A01
201900030681,1,2,,0,2,1,5,B01
201900030681,1,7,,0,2,8,1,A01
201900030682,2,7,,0,2,5,16,A01
201900030682,2,1,,0,2,6,1,B01
201900030683,0,10,,15,0,1,15,A01
201900030683,1,10,,3,0,8,2,B01
201900030684,2,7,,0,2,6,23,B01
201900030684,2,2,,0,2,1,2,A01
201900030685,2,30,,0,2,1,15,B01
201900030685,1,7,,0,2,7,15,A01
201900030686,1,7,,15,1,1,18,A01
201900030687,3,7,,11,0,1,1,A01
201900030688,2,34,,0,2,1,25,A01
201900030688,2,7,,0,2,8,15,B01
201900030689,2,10,,0,2,2,1,A01
201900030689,2,7,,0,2,4,1,B01
201900030689,2,7,,0,2,4,1,C01
201900030690,1,7,,0,2,2,1,A01
201900030690,1,7,,0,2,4,23,B01
201900030690,1,7,,0,2,5,0,C01
201900030691,2,7,,0,2,3,15,B01
201900030691,1,33,,0,2,3,2,A01
201900030692,2,50,,0,2,3,25,A01
201900030692,1,7,,0,2,2,26,B01
201900030693,1,7,,0,0,0,0,B01
201900030693,1,30,,0,2,2,17,A01
201900030694,2,7,,0,2,3,1,A01
201900030694,1,7,,0,2,8,1,B01
201900030694,1,7,,0,2,3,1,C01
201900030695,3,7,,1,0,4,20,A01
201900030696,3,7,,0,2,5,2,A01
201900030696,3,7,,0,2,0,0,B01
201900030697,1,7,,0,2,5,0,B01
201900030697,1,7,,0,2,3,0,A01
201900030698,0,7,,0,2,8,10,B01
201900030698,0,7,,0,2,2,1,A01
201900030699,3,33,,0,2,7,17,B01
201900030699,3,7,,0,2,8,15,A01
201900030700,1,7,,1,0,1,17,A01
201900030700,2,34,,0,2,1,1,B01
201900030701,3,7,,0,2,3,19,B01
201900030701,2,7,,0,2,3,2,A01
201900030702,1,7,,0,2,3,1,Z01
201900030702,1,7,,0,2,4,23,B01
201900030702,1,7,,0,2,4,23,C01
201900030702,1,7,,0,2,4,23,D01
201900030703,2,7,,0,2,1,2,C01
201900030703,2,7,,0,2,4,23,B01
201900030703,2,7,,0,2,4,23,A01
201900030704,2,7,,0,1,2,1,A01
201900030705,1,3,,1,0,3,20,A01
201900030705,1,3,,1,0,0,0,B01
201900030706,2,30,,12,2,1,25,A01
201900030707,2,7,,0,2,7,15,A01
201900030707,2,31,,0,2,2,17,B01
201900030708,2,34,,0,2,1,1,B01
201900030708,1,7,,0,2,2,15,A01
201900030709,1,33,,0,1,4,23,B01
201900030710,1,7,,0,2,5,1,A01
201900030710,1,7,,0,2,1,15,B01
201900030711,1,7,,0,2,1,1,B01
201900030711,1,10,,0,2,4,26,A01
201900030712,3,32,,0,2,8,26,A01
201900030712,3,7,,0,2,3,16,B01
201900030713,3,10,,0,2,1,1,A01
201900030713,3,10,,2,2,7,1,B01
201900030714,0,14,,0,0,5,12,B01
201900030714,0,43,,0,2,1,16,A01
201900030715,2,7,,0,2,3,10,B01
201900030715,1,7,,0,2,2,1,A01
201900030716,3,1,,0,1,1,2,A01
201900030717,1,10,,0,1,4,4,A01
201900030718,2,7,,0,2,6,1,B01
201900030718,2,17,,0,2,2,21,A01
201900030719,1,7,,0,2,1,26,A01
201900030719,1,32,,0,2,8,1,B01
201900030720,1,32,,0,2,1,1,A01
201900030720,2,1,,0,2,2,1,B01
201900030721,1,50,,0,1,1,1,A01
201900030722,2,30,,0,0,0,1,A01
201900030723,3,7,,0,2,1,1,A01
201900030723,3,7,,0,2,4,1,B01
201900030724,0,7,,0,2,3,15,A01
201900030724,3,33,,0,2,7,17,B01
201900030725,3,7,,0,2,2,15,A01
201900030725,2,32,,0,2,3,1,B01
201900030726,1,7,,0,6,1,1,B01
201900030726,2,1,,0,2,7,1,A01
201900030727,2,34,,0,2,1,1,B01
201900030727,2,7,,0,2,6,15,A01
201900030728,1,7,,0,2,3,1,B01
201900030728,1,30,,0,2,1,1,A01
201900030729,1,33,,0,2,0,11,C01
201900030729,1,7,,0,2,8,0,B01
201900030729,1,33,,0,2,7,12,A01
201900030730,2,7,,0,2,2,20,A01
201900030730,2,43,,0,2,7,1,B01
201900030731,1,7,,13,2,0,1,A01
201900030731,2,7,,0,2,8,1,B01
201900030732,2,7,,13,0,1,1,A01
201900030733,1,1,,0,2,1,1,A01
201900030733,2,7,,0,9,3,13,B01
201900030734,1,7,,0,0,9,1,A01
201900030735,1,7,,2,0,6,0,A01
201900030736,1,7,,0,1,1,21,A01
201900030737,2,10,,4,0,2,1,A01
201900030738,2,7,,4,0,6,23,A01
201900030738,2,34,,1,0,1,18,B01
201900030739,2,7,,16,0,1,1,A01
201900030740,2,17,,0,2,1,13,B01
201900030740,1,7,,0,0,8,0,A01
201900030741,1,7,,0,2,2,0,A01
201900030741,1,7,,0,2,8,11,B01
201900030741,1,17,,0,2,8,1,C01
201900030742,1,7,,0,2,1,1,B01
201900030742,2,10,,4,2,7,13,A01
201900030743,2,7,,0,2,1,1,B01
201900030743,1,7,,0,2,1,19,A01
201900030744,2,7,,2,0,1,0,A01
201900030745,2,7,,8,2,1,1,B01
201900030745,2,7,,0,2,3,0,A01
201900030746,2,7,,0,0,4,1,B01
201900030746,2,7,,0,2,1,2,A01
201900030747,1,7,,0,2,7,5,B01
201900030747,2,15,,3,2,1,1,A01
201900030748,3,7,,0,0,1,0,A01
201900030749,2,7,,15,0,2,1,A01
201900030750,2,33,,0,2,2,17,B01
201900030750,2,7,,0,0,6,15,A01
201900030751,2,14,,0,0,4,24,A01
201900030751,2,7,,1,0,1,14,B01
201900030752,2,7,,8,0,1,1,A01
201900030753,3,7,,2,0,5,1,A01
201900030754,2,7,,5,0,1,1,A01
201900030755,1,7,,0,1,4,23,A01
201900030755,1,7,,0,2,1,1,B01
201900030756,2,1,,0,2,1,2,B01
201900030756,2,7,,0,2,7,16,A01
201900030757,1,7,,3,0,2,1,A01
201900030758,0,10,,3,0,1,1,A01
201900030759,3,7,,0,0,0,0,B01
201900030759,0,2,,12,0,3,17,A01
201900030760,1,7,,0,2,1,1,B01
201900030760,2,3,,0,2,1,1,A01
201900030761,1,7,,0,2,3,1,B01
201900030761,2,7,,0,2,1,13,A01
201900030762,3,1,,0,0,4,2,B01
201900030762,3,1,,0,9,4,2,A01
201900030763,1,7,,6,0,0,17,A01
201900030763,2,7,,0,0,8,1,B01
201900030764,1,7,,6,0,3,13,A01
201900030765,3,33,,0,0,0,1,A01
201900030766,1,7,,8,0,9,1,A01
201900030767,1,7,,0,0,7,15,A01
201900030767,2,33,,0,2,3,1,C01
201900030768,1,7,,0,2,7,12,B01
201900030768,1,33,,0,2,8,1,A01
201900030769,2,21,,0,2,4,23,B01
201900030769,2,7,,0,2,1,1,A01
201900030770,2,7,,0,2,3,1,A01
201900030770,1,21,,0,2,3,1,B01
201900030771,1,33,,0,2,1,1,B01
201900030771,2,7,,0,2,3,15,A01
201900030772,2,7,,0,9,7,14,A01
201900030772,2,1,,0,2,8,1,B01
201900030773,1,33,,0,2,8,1,B01
201900030773,1,7,,0,2,2,9,A01
201900030774,1,1,,0,2,8,1,A01
201900030774,1,7,,0,2,2,16,B01
201900030775,2,7,,0,2,1,15,A01
201900030775,1,34,,0,2,7,17,B01
201900030776,2,7,,0,2,2,15,A01
201900030776,1,31,,0,2,1,1,B01
201900030777,3,7,,16,0,0,0,A01
201900030778,3,7,,3,2,1,0,B01
201900030778,3,7,,0,2,1,1,A01
201900030779,0,7,,15,0,1,0,A01
201900030780,0,33,,0,2,1,1,B01
201900030780,0,7,,0,9,2,10,A01
201900030781,1,7,,0,2,1,17,A01
201900030781,2,7,,0,2,1,1,B01
201900030782,2,33,,13,0,0,1,A01
201900030783,0,33,,0,0,0,1,A01
201900030784,2,31,,0,2,1,1,B01
201900030784,1,7,,0,2,3,15,A01
201900030784,2,7,,0,2,3,23,C01
201900030785,2,7,,0,2,1,13,A01
201900030785,1,7,,0,2,1,1,B01
201900030786,3,7,,0,2,5,19,A01
201900030786,2,2,,0,2,2,1,B01
201900030787,2,7,,16,0,9,1,A01
201900030788,1,7,,0,2,1,1,C01
201900030788,2,7,,0,2,4,15,B01
201900030788,2,7,,0,2,1,2,A01
201900030789,3,7,,0,1,1,2,A01
201900030790,2,33,,0,2,1,13,A01
201900030790,1,7,,0,2,1,1,B01
201900030791,1,7,,8,0,3,13,A01
201900030792,2,33,,0,2,8,1,C01
201900030792,1,7,,0,2,1,1,B01
201900030792,2,7,,0,2,1,15,A01
201900030793,3,2,,0,2,3,1,A01
201900030793,3,7,,0,2,3,1,C01
201900030793,3,7,,0,2,1,1,B01
201900030794,1,7,,0,2,1,1,B01
201900030794,2,7,,0,2,1,5,A01
201900030795,3,7,,0,1,4,4,A01
201900030795,0,0,,0,0,0,0,B01
201900030796,2,7,,0,2,1,1,A01
201900030796,0,7,,0,2,8,19,B01
201900030797,2,10,,0,2,2,1,A01
201900030797,2,7,,0,2,3,1,B01
201900030798,1,1,,0,2,8,1,B01
201900030798,1,7,,0,9,2,17,A01
201900030799,2,7,,8,0,1,1,A01
201900030800,3,7,,0,1,3,1,A01
201900030801,2,31,,10,0,1,1,A01
201900030802,2,7,,13,0,1,17,A01
201900030803,1,33,,0,0,8,0,A01
201900030804,0,2,,0,2,1,1,A01
201900030804,0,2,,0,2,4,1,B01
201900030804,0,2,,0,2,4,1,C01
201900030805,3,2,,1,0,7,0,A01
201900030806,1,7,,0,2,3,13,A01
201900030806,2,7,,13,2,2,1,B01
201900030807,1,33,,0,0,8,1,A01
201900030808,1,14,,0,1,5,0,A01
201900030809,1,7,,2,0,1,13,A01
201900030810,1,33,,0,0,0,0,A01
201900030811,0,2,,0,2,2,1,B01
201900030811,0,7,,0,2,3,15,A01
201900030812,3,2,,0,0,8,1,A01
201900030813,1,60,,0,2,8,15,A01
201900030813,1,7,,0,2,2,1,B01
201900030814,1,7,,0,1,1,1,A01
201900030815,2,17,,0,2,6,15,B01
201900030815,2,33,,0,2,2,2,A01
201900030816,3,31,,0,0,1,1,A01
201900030817,2,7,,0,2,1,1,C01
201900030817,2,7,,0,2,6,1,B01
201900030817,1,7,,0,2,1,13,A01
201900030818,1,7,,0,2,3,13,A01
201900030818,2,7,,0,0,3,1,B01
201900030819,1,7,,0,2,8,15,A01
201900030819,2,1,,0,2,1,1,B01
201900030820,3,7,,2,0,8,1,A01
201900030821,1,10,,7,0,1,26,A01
201900030822,1,7,,0,1,1,1,A01
201900030823,2,1,,0,0,8,1,B01
201900030823,2,7,,0,2,7,17,A01
201900030824,3,7,,0,1,4,20,A01
201900030825,1,7,,0,1,1,9,A01
201900030826,1,7,,0,2,5,1,B01
201900030826,1,31,,0,2,8,13,A01
201900030827,3,7,,0,2,1,9,A01
201900030827,3,7,,0,2,4,9,B01
201900030828,3,7,,0,1,1,1,A01
201900030829,1,7,,2,0,2,0,A01
201900030830,3,7,,0,2,6,0,B01
201900030830,3,33,,0,2,6,21,A01
201900030831,2,37,1.0,0,2,3,1,B01
201900030831,2,14,,3,2,5,17,A01
201900030832,3,7,,0,2,2,1,A01
201900030832,3,1,,0,2,0,0,B01
201900030833,1,7,,0,2,5,16,A01
201900030833,1,1,,0,2,1,1,B01
201900030834,2,7,,1,0,3,13,A01
201900030835,2,7,,0,2,7,1,B01
201900030835,2,7,,4,2,8,9,A01
201900030836,3,32,,12,1,2,14,A01
201900030837,2,7,,0,2,4,1,C01
201900030837,2,7,,0,2,1,1,B01
201900030837,2,10,,0,2,1,1,A01
201900030838,2,7,,0,2,0,10,A01
201900030838,2,33,,0,2,0,1,B01
201900030839,2,7,,12,0,1,26,A01
201900030840,1,33,,0,2,8,1,A01
201900030840,2,7,,0,2,2,15,B01
201900030841,2,7,,0,0,0,15,A01
201900030841,2,31,,0,0,0,17,B01
201900030842,1,1,,0,2,1,1,B01
201900030842,1,7,,0,2,7,16,A01
201900030843,1,30,,0,2,1,17,A01
201900030843,3,10,,0,2,8,15,B01
201900030844,1,7,,0,2,4,23,C01
201900030844,1,10,,0,2,1,2,A01
201900030844,1,7,,0,2,4,23,B01
201900030845,2,31,,0,2,0,2,A01
201900030845,2,7,,0,2,6,2,B01
201900030846,2,7,,0,2,4,1,B01
201900030846,2,7,,0,2,1,26,A01
201900030847,1,50,,0,2,1,19,B01
201900030847,1,7,,0,6,7,26,A01
201900030848,1,7,,0,2,4,23,B01
201900030848,3,7,,0,2,1,2,A01
201900030849,3,7,,1,0,1,26,H01
201900030850,2,80,,1,0,1,17,B01
201900030850,2,7,,0,2,8,24,A01
201900030851,3,10,,0,1,1,15,A01
201900030852,3,7,,0,1,2,16,A01
201900030853,2,7,,2,0,0,14,A01
201900030854,1,7,,0,2,1,2,A01
201900030854,1,7,,0,2,4,2,B01
201900030855,2,7,,0,2,1,2,A01
201900030855,2,7,,0,2,4,2,B01
201900030856,3,1,,0,2,0,0,B01
201900030856,3,7,,0,2,0,2,A01
201900030857,3,3,,8,0,1,26,A01
201900030858,1,7,,0,2,0,12,B01
201900030858,1,1,,0,2,1,2,C01
201900030858,1,7,,0,2,1,12,A01
201900030859,1,7,,0,2,2,16,A01
201900030859,2,1,,0,2,4,1,B01
201900030860,1,7,,0,2,7,26,A01
201900030860,1,33,,0,2,8,1,B01
201900030861,2,7,,3,0,0,26,A01
201900030861,2,7,,0,2,0,0,B01
201900030862,1,7,,0,2,3,15,B01
201900030862,2,33,,0,2,1,1,A01
201900030863,3,7,,0,2,1,15,A01
201900030863,3,31,,0,2,8,1,B01
201900030864,3,31,,0,2,3,9,A01
201900030864,1,7,,14,2,2,9,B01
201900030865,1,7,,0,1,2,26,A01
201900030866,3,7,,0,2,1,18,A01
201900030866,3,2,,0,2,1,17,B01
201900030867,3,7,,0,1,3,1,A01
201900030868,0,32,,0,2,1,23,B01
201900030868,2,50,,0,2,1,1,A01
201900030869,0,1,,0,2,1,19,A01
201900030869,0,7,,0,2,1,15,B01
201900030870,3,33,,0,1,2,1,A01
201900030871,3,7,,0,2,2,15,A01
201900030871,3,33,,0,2,1,1,B01
201900030872,1,10,,0,2,1,16,A01
201900030872,1,1,,0,2,4,1,B01
201900030873,0,7,,0,2,2,2,A01
201900030873,0,10,,0,2,4,2,C01
201900030873,0,32,,0,2,4,2,B01
201900030874,2,7,,0,2,3,1,B01
201900030874,1,7,,0,2,3,13,A01
201900030875,0,1,,0,2,1,1,B01
201900030875,0,10,,0,2,1,1,A01
201900030876,2,7,,0,2,1,2,A01
201900030876,2,7,,0,0,4,2,B01
201900030877,0,7,,0,2,2,2,B01
201900030877,3,7,,0,2,1,15,A01
201900030878,0,31,,0,2,1,1,B01
201900030878,0,7,,0,2,3,15,A01
201900030879,1,7,,14,2,1,2,B01
201900030879,1,7,,0,2,5,1,C01
201900030879,1,7,,14,2,1,26,A01
201900030880,2,30,,0,2,3,15,B01
201900030880,2,10,,0,2,3,1,A01
201900030881,0,7,,6,0,1,1,A01
201900030882,2,2,,0,2,1,1,A01
201900030882,2,7,,0,0,4,1,B01
201900030883,1,7,,0,2,1,1,B01
201900030883,2,7,,0,2,1,13,A01
201900030884,2,7,,0,1,1,1,B01
201900030885,0,1,,0,1,2,1,A01
201900030886,1,7,,1,2,1,1,A01
201900030886,3,7,,0,2,2,1,B01
201900030887,1,7,,0,2,1,1,A01
201900030887,1,7,,0,2,4,2,C01
201900030887,1,7,,0,2,4,2,B01
201900030888,1,10,,0,1,3,1,A01
201900030889,2,7,,0,2,1,1,B01
201900030889,2,7,,0,2,4,9,A01
201900030890,3,33,,0,2,8,2,A01
201900030890,3,7,,0,2,8,9,B01
201900030891,1,7,,0,2,4,23,B01
201900030891,1,14,,0,2,4,4,A01
201900030892,2,7,,4,2,3,1,A01
201900030892,2,7,,0,2,8,1,B01
201900030893,2,7,,0,1,3,18,A01
201900030894,1,32,,0,2,1,1,B01
201900030894,2,7,,0,2,7,15,A01
201900030895,2,7,,0,2,1,0,A01
201900030895,2,7,,0,2,4,23,B01
201900030896,2,7,,0,1,1,1,A01
201900030897,3,7,,0,1,1,26,A01
201900030898,1,7,,0,2,1,1,B01
201900030898,2,7,,0,2,1,5,A01
201900030899,2,7,,2,0,1,1,A01
201900030900,3,31,,3,0,0,14,A01
201900030901,2,7,,2,0,3,16,A01
201900030902,1,7,,0,2,3,13,A01
201900030902,2,7,,0,2,3,1,B01
201900030903,3,7,,0,2,4,23,B01
201900030903,3,30,,0,2,1,2,A01
201900030904,0,7,,0,2,2,26,A01
201900030904,0,30,,0,0,8,26,B01
201900030905,3,30,,0,0,1,1,A01
201900030906,1,7,,0,2,7,15,A01
201900030906,2,33,,0,2,1,1,B01
201900030907,0,1,,0,2,0,1,B01
201900030907,0,7,,0,2,1,1,A01
201900030908,2,1,,0,0,8,1,B01
201900030908,2,7,,0,2,2,19,A01
201900030909,2,7,,0,1,3,1,A01
201900030910,0,7,,0,2,2,15,A01
201900030910,0,1,,0,2,1,1,B01
201900030911,0,2,,0,2,1,1,C01
201900030911,0,7,,0,2,6,1,B01
201900030911,0,10,,0,2,2,1,A01
201900030912,0,7,,0,2,4,23,C01
201900030912,0,7,,0,2,9,23,B01
201900030912,0,33,,0,2,1,1,A01
201900030913,0,7,,0,2,1,13,A01
201900030913,0,7,,0,2,1,1,B01
201900030914,0,7,,8,2,4,1,B01
201900030914,0,7,,0,2,1,1,A01
201900030915,0,7,,0,0,4,23,D01
201900030915,0,7,,0,2,4,23,C01
201900030915,0,10,,0,2,4,23,B01
201900030915,0,10,,0,2,1,1,A01
201900030916,2,1,,0,2,3,1,B01
201900030916,2,7,,0,2,2,16,A01
201900030917,0,33,,0,2,0,1,B01
201900030917,0,7,,0,2,3,20,A01
201900030918,0,7,,0,2,7,9,A01
201900030918,0,1,,0,2,4,9,B01
201900030919,2,33,,0,0,1,1,A01
201900030920,0,1,,0,2,4,1,B01
201900030920,0,7,,0,2,3,1,A01
201900030921,1,7,,0,2,0,17,Z01
201900030921,1,30,,6,2,8,1,B01
201900030922,1,37,1.0,0,2,1,1,B01
201900030922,1,1,,0,2,8,1,A01
201900030923,1,7,,0,0,8,15,B01
201900030923,2,7,,0,2,1,1,A01
201900030924,0,7,,0,2,4,20,A01
201900030924,0,30,,0,2,1,1,B01
201900030925,0,7,,0,0,7,1,A01
201900030925,0,50,,0,2,3,18,B01
201900030926,0,32,,0,2,8,1,A01
201900030926,0,1,,0,2,4,1,B01
201900030927,0,7,,0,2,0,19,A01
201900030927,0,33,,0,0,8,1,B01
201900030928,0,32,,0,2,1,1,B01
201900030928,0,7,,0,2,3,15,A01
201900030929,1,7,,0,2,1,19,A01
201900030929,2,7,,0,0,6,1,B01
201900030930,0,30,,0,2,1,2,A01
201900030930,0,7,,0,0,5,2,B01
201900030931,0,7,,0,1,3,1,A01
201900030932,2,7,,0,2,1,1,B01
201900030932,1,7,,0,2,7,15,A01
201900030933,1,7,,0,1,2,1,A01
201900030934,1,7,,9,2,7,1,A01
201900030934,2,40,,0,0,1,1,B01
201900030935,1,10,,0,1,2,1,A01
201900030936,1,7,,0,0,4,15,B01
201900030936,1,7,,0,2,1,1,A01
201900030937,2,7,,0,2,3,1,B01
201900030937,1,7,,0,2,3,13,A01
201900030938,0,32,,0,2,1,1,B01
201900030938,0,7,,0,2,8,10,A01
201900030939,1,7,,0,2,3,9,A01
201900030939,1,7,,0,0,0,0,B01
201900030940,2,32,,0,1,1,1,A01
201900030941,0,7,,0,2,5,9,B01
201900030941,0,7,,0,2,1,1,A01
201900030942,2,7,,0,2,7,16,A01
201900030942,2,1,,0,0,0,1,B01
201900030943,1,7,,0,2,4,1,B01
201900030943,1,7,,14,0,1,1,A01
201900030944,1,2,,0,6,1,1,B01
201900030944,2,7,,0,2,2,15,A01
201900030945,1,7,,0,2,4,23,B01
201900030945,1,7,,14,2,1,2,A01
201900030946,1,40,,0,2,1,1,B01
201900030946,1,1,,0,4,7,19,A01
201900030947,1,7,,0,2,8,23,B01
201900030947,2,2,,14,2,3,1,A01
201900030948,1,1,,0,2,1,19,A01
201900030948,1,2,,0,6,1,1,B01
201900030949,1,1,,0,0,0,0,B01
201900030949,2,7,,0,6,1,9,A01
201900030950,0,7,,0,2,2,1,B01
201900030950,0,30,,0,2,1,1,A01
201900030951,2,7,,0,1,1,15,A01
201900030952,1,7,,1,0,2,26,A01
201900030953,1,2,,1,0,3,26,A01
201900030954,1,1,,0,0,4,1,A01
201900030954,1,30,,0,2,1,1,B01
201900030955,1,7,,0,2,8,0,B01
201900030955,2,30,,0,2,1,18,A01
201900030956,1,1,,0,2,3,11,B01
201900030956,1,7,,0,0,7,13,A01
201900030957,1,32,,0,2,2,1,B01
201900030957,1,7,,0,2,8,9,A01
201900030958,1,7,,1,2,8,1,Z01
201900030958,2,7,,1,2,2,1,B01
201900030959,1,7,,0,2,2,9,A01
201900030959,1,1,,0,2,4,1,B01
201900030960,2,50,,0,2,2,1,B01
201900030960,1,7,,0,2,1,9,A01
201900030961,3,7,,1,0,1,1,A01
201900030962,1,34,,12,0,1,1,A01
201900030963,2,7,,15,0,1,13,A01
201900030964,2,43,,0,2,1,1,B01
201900030964,2,7,,0,2,2,9,A01
201900030965,2,30,,1,0,1,14,A01
201900030966,3,1,,15,0,1,16,A01
201900030967,2,7,,0,2,3,24,B01
201900030967,2,7,,1,2,3,13,A01
201900030968,1,7,,0,1,2,15,A01
201900030969,1,7,,0,6,8,15,A01
201900030969,1,1,,0,2,8,1,B01
201900030970,0,1,,0,2,1,1,A01
201900030970,0,7,,0,0,0,0,Z01
201900030971,0,7,,0,2,9,1,A01
201900030971,0,14,,0,2,3,0,B01
201900030972,0,10,,0,2,3,9,B01
201900030972,0,80,,0,2,1,5,A01
201900030973,1,7,,0,2,1,1,A01
201900030973,1,1,,0,2,8,19,B01
201900030974,0,7,,0,2,4,1,A01
201900030974,0,7,,0,2,1,1,B01
201900030975,0,7,,0,2,2,16,A01
201900030975,0,50,,0,2,3,1,B01
201900030976,2,33,,0,2,7,0,B01
201900030976,2,1,,0,2,8,19,A01
201900030977,1,7,,0,2,2,2,A01
201900030977,1,1,,0,2,4,1,B01
201900030978,2,7,,0,2,1,11,A01
201900030978,0,17,,0,2,3,1,B01
201900030979,3,7,,0,1,2,1,A01
201900030980,1,10,,0,2,3,1,B01
201900030980,1,33,,0,2,1,17,A01
201900030981,1,10,,0,2,1,1,A01
201900030981,1,7,,0,2,3,23,B01
201900030982,1,1,,0,2,1,1,B01
201900030982,1,7,,0,2,0,16,A01
201900030983,1,10,,0,2,1,2,A01
201900030983,1,7,,0,2,4,23,B01
201900030983,1,7,,0,2,4,23,C01
201900030984,0,7,,0,2,9,1,B01
201900030984,0,7,,0,2,8,1,C01
201900030984,1,7,,0,2,2,19,A01
201900030985,2,7,,0,1,1,2,A01
201900030985,1,2,,0,2,4,23,B01
201900030985,1,7,,0,2,4,23,C01
201900030986,1,7,,0,2,3,15,B01
201900030986,1,7,,0,2,2,17,A01
201900030987,3,10,,0,1,3,1,A01
201900030988,1,10,,0,2,4,2,B01
201900030988,1,10,,0,2,1,2,A01
201900030989,2,7,,0,2,8,9,A01
201900030989,1,37,3.0,0,2,1,1,B01
201900030990,0,7,,0,1,3,1,A01
201900030991,0,7,,0,2,4,2,B01
201900030991,1,7,,0,2,1,2,A01
201900030992,0,1,,0,2,1,19,A01
201900030992,0,0,,0,2,0,0,Z01
201900030993,1,32,,0,2,3,18,A01
201900030993,1,7,,0,2,5,16,B01
201900030994,3,10,,0,1,1,1,A01
201900030995,0,1,,0,2,7,1,B01
201900030995,1,7,,0,2,0,0,Z01
201900030996,0,7,,8,0,1,13,A01
201900030997,0,43,,0,2,1,17,A01
201900030997,0,7,,0,2,2,15,B01
201900030998,1,10,,0,2,1,1,A01
201900030998,1,7,,0,2,4,2,B01
201900030999,0,17,,0,2,4,1,B01
201900030999,2,7,,0,2,6,1,A01
201900031000,1,31,,0,2,1,17,A01
201900031000,1,10,,0,2,6,15,B01
201900031001,2,7,,0,2,1,1,B01
201900031001,2,7,,0,2,2,9,A01
201900031002,1,7,,0,2,1,15,A01
201900031002,2,7,,0,2,1,1,B01
201900031003,1,2,,0,2,4,15,B01
201900031003,1,7,,0,2,2,1,A01
201900031004,1,10,,0,1,4,4,A01
201900031005,1,7,,0,2,9,1,B01
201900031005,1,15,,0,2,5,12,A01
201900031006,0,7,,0,0,9,17,A01
201900031007,0,7,,0,1,1,1,A01
201900031008,0,7,,0,2,1,1,B01
201900031008,1,7,,0,2,1,13,A01
201900031009,0,7,,0,1,1,1,A01
201900031010,0,7,,0,2,4,1,B01
201900031010,0,33,,0,2,1,1,A01
201900031011,1,7,,0,2,2,15,A01
201900031011,1,7,,0,2,1,1,B01
201900031012,0,13,,0,0,7,1,A01
201900031013,1,7,,0,2,9,1,D01
201900031013,1,10,,0,2,9,1,B01
201900031013,1,7,,0,2,4,1,E01
201900031013,1,7,,0,2,9,1,C01
201900031013,1,14,,0,2,1,1,A01
201900031014,0,7,,0,2,0,0,Z01
201900031014,0,41,,0,2,3,1,A01
201900031015,2,7,,0,2,3,0,B01
201900031015,1,7,,0,2,3,1,A01