Num_Acc,senc,catv,occutc,obs,obsm,choc,manv,num_veh
201900031016,3,33,,0,2,7,1,B01
201900031016,3,10,,0,2,3,9,A01
201900031017,2,7,,0,2,7,26,A01
201900031017,2,7,,0,2,1,1,B01
201900031018,0,7,,0,1,2,0,A01
201900031019,2,7,,0,2,3,13,A01
201900031019,1,15,,0,2,8,1,B01
201900031020,3,7,,0,2,8,1,B01
201900031020,3,7,,0,2,1,13,A01
201900031021,1,10,,1,0,3,1,A01
201900031022,2,7,,0,1,1,1,A01
201900031023,0,7,,6,0,2,14,A01
201900031024,3,33,,0,2,0,0,A01
201900031024,3,7,,0,2,1,1,B01
201900031025,0,7,,0,1,2,1,A01
201900031026,1,10,,0,2,8,1,D01
201900031026,1,7,,0,2,8,1,C01
201900031026,1,33,,0,2,4,3,B01
201900031026,1,33,,0,2,1,3,A01
201900031027,1,32,,0,2,4,11,A01
201900031027,1,43,,0,2,1,3,B01
201900031028,1,32,,0,2,2,1,B01
201900031028,1,7,,0,2,5,4,A01
201900031029,1,7,,0,2,6,23,B01
201900031029,1,7,,0,2,1,2,A01
201900031030,2,10,,0,1,1,15,A01
201900031031,2,34,,0,2,7,1,B01
201900031031,2,7,,0,2,3,15,A01
201900031032,2,1,,0,1,1,1,A01
201900031033,1,7,,0,2,1,2,A01
201900031033,1,7,,0,2,4,2,B01
201900031033,1,7,,0,2,4,2,C01
201900031034,3,7,,0,2,3,16,A01
201900031034,3,2,,0,2,1,1,B01
201900031035,2,10,,0,1,5,4,A01
201900031036,2,7,,0,2,5,0,A01
201900031036,2,32,,0,2,1,0,B01
201900031037,3,7,,0,2,8,13,B01
201900031037,3,30,,0,2,7,17,A01
201900031038,2,7,,0,2,3,1,A01
201900031038,1,2,,0,2,1,1,B01
201900031039,1,7,,0,2,6,1,A01
201900031039,2,1,,0,2,8,1,B01
201900031040,2,7,,17,0,3,1,A01
201900031041,2,7,,2,0,8,1,A01
201900031042,2,33,,0,0,8,1,A01
201900031043,2,7,,4,0,1,16,A01
201900031044,1,7,,0,1,0,9,A01
201900031045,0,7,,0,0,0,2,A01
201900031046,1,7,,0,2,8,5,A01
201900031046,2,7,,0,2,1,1,B01
201900031047,1,7,,0,1,3,1,A01
201900031048,3,7,,0,1,1,1,A01
201900031049,3,7,,0,2,1,13,B01
201900031049,3,10,,0,0,6,10,A01
201900031050,2,7,,0,2,1,15,A01
201900031050,1,2,,0,2,1,1,B01
201900031051,2,7,,2,0,1,13,A01
201900031052,2,33,,0,6,1,1,A01
201900031053,1,1,,0,1,1,2,A01
201900031054,2,7,,0,2,2,15,B01
201900031054,1,2,,0,2,1,1,A01
201900031055,0,7,,2,0,2,1,A01
201900031056,2,7,,13,0,7,2,A01
201900031057,2,7,,14,0,1,23,A01
201900031058,2,7,,0,2,8,1,C01
201900031058,1,13,,0,0,6,24,B01
201900031058,1,7,,1,1,2,2,A01
201900031059,2,7,,7,0,9,1,A01
201900031060,1,7,,0,2,2,21,B01
201900031060,2,10,,0,2,2,13,A01
201900031061,1,7,,0,2,1,17,B01
201900031061,1,7,,0,2,8,15,A01
201900031062,2,7,,6,0,1,1,A01
201900031063,3,7,,0,1,3,1,A01
201900031064,1,7,,13,0,7,23,B01
201900031064,1,7,,1,1,1,2,A01
201900031065,1,7,,0,2,1,2,C01
201900031065,1,15,,0,2,4,2,B01
201900031065,1,7,,0,2,1,2,A01
201900031066,3,7,,8,0,1,16,A01
201900031067,1,7,,4,0,1,1,A01
201900031068,1,2,,0,2,2,2,A01
201900031068,1,7,,0,2,6,15,B01
201900031069,1,10,,17,0,1,14,A01
201900031070,1,2,,0,0,7,1,A01
201900031071,3,33,,13,0,0,1,A01
201900031072,2,7,,0,2,1,9,A01
201900031072,3,80,,0,2,7,1,B01
201900031073,1,7,,0,1,1,16,A01
201900031074,2,7,,8,2,3,1,A01
201900031074,1,7,,0,2,8,1,B01
201900031075,1,7,,0,2,3,13,A01
201900031075,2,7,,0,2,8,1,B01
201900031076,0,7,,0,1,1,26,A01
201900031077,1,1,,0,2,4,1,B01
201900031077,1,7,,12,2,2,9,A01
201900031078,1,7,,0,0,4,1,A01
201900031078,1,7,,0,0,1,1,B01
201900031079,0,7,,8,0,7,15,A01
201900031079,1,7,,8,2,3,1,B01
201900031080,1,3,,1,0,0,2,B01
201900031080,1,3,,1,0,4,23,A01
201900031081,1,7,,0,2,4,1,B01
201900031081,1,7,,0,2,1,1,A01
201900031082,2,7,,0,2,7,17,A01
201900031082,2,7,,4,2,8,1,C01
201900031082,2,7,,0,2,5,1,B01
201900031083,2,7,,0,2,7,13,A01
201900031083,1,17,,0,2,3,1,B01
201900031084,2,7,,2,0,9,21,A01
201900031085,1,7,,0,2,1,26,A01
201900031085,1,99,,0,2,4,0,B01
201900031086,2,10,,4,2,2,9,A01
201900031086,2,7,,0,2,3,18,B01
201900031087,1,7,,0,2,4,1,B01
201900031087,1,7,,0,2,1,1,A01
201900031088,2,7,,3,0,1,0,A01
201900031089,1,7,,3,0,2,21,A01
201900031090,2,7,,0,2,6,11,B01
201900031090,2,33,,0,2,2,11,A01
201900031091,2,7,,0,1,0,1,B01
201900031091,2,32,,0,2,0,17,A01
201900031092,1,30,,0,2,1,26,B01
201900031092,1,7,,0,2,3,15,A01
201900031093,1,31,,0,2,1,17,B01
201900031093,1,7,,0,2,8,15,A01
201900031094,1,7,,12,0,2,26,A01
201900031095,3,7,,0,1,1,1,A01
201900031096,2,7,,0,0,0,15,B01
201900031096,1,32,,0,2,0,1,A01
201900031097,2,10,,6,0,1,16,A01
201900031098,2,3,,0,2,4,26,A01
201900031098,2,30,,14,2,4,26,Z01
201900031099,1,7,,1,2,2,14,A01
201900031100,3,7,,0,2,3,1,B01
201900031100,3,7,,0,2,2,26,A01
201900031101,1,7,,2,0,9,18,A01
201900031102,2,7,,0,9,8,2,D01
201900031102,2,7,,0,9,4,2,C01
201900031102,2,7,,0,2,5,2,B01
201900031102,2,7,,0,2,1,2,A01
201900031103,2,7,,0,1,3,1,A01
201900031104,2,7,,0,1,2,1,A01
201900031105,0,7,,0,2,8,15,A01
201900031105,2,2,,0,2,2,1,B01
201900031106,1,14,,0,2,3,1,A01
201900031107,1,7,,0,2,5,9,A01
201900031107,1,1,,0,2,1,1,B01
201900031108,3,7,,0,1,2,1,A01
201900031109,0,7,,0,1,1,16,A01
201900031110,2,7,,0,1,2,1,A01
201900031111,1,0,,0,2,2,17,A01
201900031111,1,1,,0,2,8,1,B01
201900031112,0,7,,0,0,0,0,C01
201900031112,3,10,,0,2,3,10,B01
201900031112,0,31,,0,2,1,17,A01
201900031113,1,7,,0,2,5,19,B01
201900031113,1,7,,0,2,1,1,A01
201900031114,2,10,,0,1,2,19,A01
201900031115,2,7,,0,9,1,1,C01
201900031115,1,10,,0,2,4,2,B01
201900031115,1,7,,0,2,2,17,A01
201900031116,3,10,,0,1,4,4,A01
201900031117,2,33,,0,0,0,17,A01
201900031118,1,37,1.0,0,1,2,16,A01
201900031119,1,7,,14,2,1,9,A01
201900031119,1,7,,0,2,4,0,B01
201900031120,3,1,,0,0,0,0,A01
201900031121,1,7,,0,2,3,1,C01
201900031121,2,7,,0,2,7,19,B01
201900031121,1,7,,0,2,1,19,Z01
201900031122,0,7,,0,1,3,23,A01
201900031122,0,7,,0,0,0,1,B01
201900031123,1,7,,0,2,1,2,B01
201900031123,1,7,,0,2,4,9,A01
201900031124,3,7,,0,1,1,15,A01
201900031125,2,7,,0,1,2,1,Z01
201900031126,1,7,,0,1,1,1,A01
201900031127,1,3,,0,1,2,16,A01
201900031128,1,10,,0,2,3,0,B01
201900031128,2,30,,0,2,3,17,A01
201900031129,3,30,,12,0,1,1,A01
201900031130,1,10,,0,2,1,2,A01
201900031130,1,7,,0,2,4,2,B01
201900031131,2,7,,0,2,1,2,A01
201900031131,2,7,,0,2,4,2,B01
201900031131,2,7,,0,2,4,2,C01
201900031132,1,7,,0,2,5,2,B01
201900031132,1,32,,0,2,3,2,A01
201900031133,2,7,,0,2,8,1,C01
201900031133,2,7,,0,2,6,1,B01
201900031133,2,7,,4,2,7,14,A01
201900031134,2,7,,0,2,5,1,C01
201900031134,2,7,,0,2,3,1,B01
201900031134,2,7,,0,2,5,12,A01
201900031135,2,43,,0,2,2,3,B01
201900031135,2,7,,0,2,6,11,A01
201900031136,1,32,,0,2,1,1,A01
201900031136,2,7,,0,2,7,15,B01
201900031137,2,32,,0,2,3,1,B01
201900031137,1,30,,0,2,3,15,A01
201900031138,1,7,,0,2,1,15,A01
201900031138,2,7,,0,2,3,1,B01
201900031139,1,10,,0,2,2,15,A01
201900031139,2,50,,0,2,8,1,B01
201900031140,1,7,,0,2,3,16,B01
201900031140,1,10,,0,2,2,10,A01
201900031141,2,7,,0,2,5,16,B01
201900031141,2,32,,0,2,1,18,A01
201900031142,1,30,,0,2,7,16,A01
201900031142,1,37,1.0,0,2,3,7,B01
201900031143,2,50,,12,0,1,15,A01
201900031144,1,34,,15,0,1,14,A01
201900031145,-1,7,,-1,-1,-1,-1,A01
201900031146,2,13,,0,2,3,10,A01
201900031146,2,30,,0,2,1,2,B01
201900031147,2,7,,0,2,3,15,B01
201900031147,1,37,1.0,0,2,1,1,A01
201900031148,3,3,,0,2,6,15,A01
201900031148,3,10,,0,2,1,1,B01
201900031149,0,7,,0,2,1,1,A01
201900031149,0,1,,0,2,2,19,B01
201900031150,3,7,,0,1,1,1,A01
201900031150,0,0,,0,1,0,0,B01
201900031151,1,33,,0,2,1,13,A01
201900031151,1,7,,0,2,6,15,B01
201900031152,3,7,,0,1,3,26,A01
201900031153,2,2,,0,1,2,2,A01
201900031154,2,7,,0,0,5,23,B01
201900031154,2,2,,0,0,2,2,A01
201900031155,2,1,,0,2,2,1,A01
201900031155,1,7,,0,9,3,9,B01
201900031156,1,7,,0,1,3,1,A01
201900031157,2,7,,13,2,1,1,C01
201900031157,1,7,,2,2,1,1,B01
201900031157,2,7,,0,2,9,13,A01
201900031158,1,10,,13,0,2,1,A01
201900031159,2,17,,0,0,6,1,B01
201900031159,2,7,,0,2,1,0,A01
201900031160,2,15,,13,2,3,1,B01
201900031160,2,7,,0,2,2,26,A01
201900031161,1,21,,0,0,0,2,A01
201900031162,1,10,,0,2,1,13,A01
201900031162,2,10,,0,2,1,1,B01
201900031162,2,10,,0,2,8,1,C01
201900031162,1,10,,0,0,0,21,D01
201900031163,2,7,,13,0,0,0,A01
201900031164,1,10,,12,1,1,1,A01
201900031165,1,7,,0,0,7,16,A01
201900031165,1,1,,0,2,1,1,B01
201900031166,2,7,,3,2,2,14,A01
201900031166,1,7,,0,2,3,1,B01
201900031167,3,3,,0,9,1,2,A01
201900031167,3,1,,0,2,4,2,B01
201900031168,2,21,,0,2,2,9,A01
201900031168,1,2,,0,2,1,1,B01
201900031169,2,7,,0,9,1,1,B01
201900031169,1,33,,0,2,1,13,A01
201900031170,1,7,,0,2,1,1,B01
201900031170,2,7,,0,2,1,13,A01
201900031171,1,7,,0,2,4,1,B01
201900031171,1,7,,0,2,1,1,A01
201900031172,1,36,,13,0,8,13,A01
201900031173,1,7,,15,0,3,1,A01
201900031174,2,7,,4,0,2,2,A01
201900031175,1,7,,0,2,1,13,A01
201900031175,2,7,,0,2,1,1,B01
201900031176,1,2,,0,2,1,1,B01
201900031176,2,7,,0,2,3,15,A01
201900031177,2,7,,2,0,3,13,A01
201900031178,1,7,,0,2,1,1,B01
201900031178,2,7,,0,2,1,5,A01
201900031179,1,2,,0,9,7,1,A01
201900031180,1,7,,2,0,2,2,A01
201900031181,0,7,,0,2,2,9,A01
201900031181,1,7,,1,2,8,1,B01
201900031181,0,7,,0,2,3,23,C01
201900031182,2,7,,16,0,1,1,A01
201900031183,1,7,,3,0,3,1,A01
201900031184,1,14,,0,0,3,1,A01
201900031185,2,7,,0,1,3,1,A01
201900031186,1,7,,0,0,9,1,A01
201900031187,0,10,,6,2,2,1,B01
201900031187,0,7,,0,2,1,14,A01
201900031187,0,7,,0,0,3,0,C01
201900031188,1,2,,0,1,1,1,A01
201900031189,2,7,,0,2,3,0,A01
201900031189,1,2,,0,2,1,0,B01
201900031190,3,10,,0,2,1,1,B01
201900031190,3,7,,0,2,1,13,A01
201900031191,2,33,,0,2,1,17,B01
201900031191,2,7,,0,2,5,15,A01
201900031192,2,50,,0,2,1,1,B01
201900031192,1,7,,0,2,1,16,A01
201900031193,2,7,,0,2,1,2,A01
201900031193,2,34,,0,2,4,2,B01
201900031194,2,7,,0,2,1,1,B01
201900031194,1,7,,0,2,1,15,A01
201900031195,3,7,,0,1,1,1,A01
201900031196,3,10,,0,1,4,16,B01
201900031196,3,7,,0,2,1,21,A01
201900031197,1,10,,0,2,3,15,A01
201900031197,3,33,,0,2,1,17,B01
201900031198,1,7,,0,1,2,1,A01
201900031199,1,7,,0,2,3,15,A01
201900031199,1,2,,0,2,2,1,B01
201900031200,2,14,,0,2,2,12,A01
201900031200,2,7,,0,2,8,11,B01
201900031201,1,7,,0,0,4,23,A01
201900031201,1,7,,0,2,1,2,B01
201900031202,1,1,,1,0,0,17,B01
201900031202,1,14,,0,0,8,22,A01
201900031203,1,7,,0,2,2,1,B01
201900031203,1,7,,0,2,3,9,A01
201900031204,2,7,,0,2,5,0,A01
201900031204,2,7,,0,2,1,2,B01
201900031205,3,7,,0,2,3,0,A01
201900031205,3,33,,0,2,1,2,B01
201900031206,1,30,,0,2,1,13,B01
201900031206,1,7,,8,2,8,10,A01
201900031207,1,7,,0,2,8,1,B01
201900031207,1,33,,0,2,2,13,A01
201900031208,0,10,,0,2,1,2,A01
201900031208,3,10,,0,2,3,9,B01
201900031209,2,14,,0,1,3,9,A01
201900031210,2,7,,0,2,3,10,A01
201900031210,1,2,,0,2,1,3,B01
201900031211,1,1,,0,2,1,1,B01
201900031211,2,7,,0,2,3,15,A01
201900031212,2,33,,0,1,1,2,A01
201900031213,1,33,,0,1,2,17,A01
201900031213,1,7,,0,1,6,2,C01
201900031214,1,32,,0,2,2,9,A01
201900031214,1,7,,0,2,3,1,B01
201900031215,1,7,,0,2,1,1,B01
201900031215,2,7,,0,2,3,15,A01
201900031216,2,7,,0,2,1,2,A01
201900031216,2,7,,0,0,4,2,B01
201900031217,1,1,,0,2,1,5,B01
201900031217,2,7,,0,9,2,9,A01
201900031218,3,10,,0,2,2,2,A01
201900031218,3,31,,0,2,8,9,B01
201900031219,1,16,,0,9,2,1,A01
201900031219,1,1,,0,2,4,1,B01
201900031220,2,7,,0,2,1,1,B01
201900031220,1,7,,0,2,1,13,A01
201900031221,0,7,,0,2,1,1,B01
201900031221,0,7,,0,2,1,1,A01
201900031222,2,7,,0,2,1,2,B01
201900031222,2,7,,0,0,4,23,A01
201900031223,0,10,,2,0,2,1,A01
201900031224,2,7,,0,2,1,15,A01
201900031224,1,7,,0,2,8,1,B01
201900031225,2,7,,0,0,9,1,A01
201900031226,1,7,,0,2,1,2,A01
201900031226,1,7,,0,2,4,2,B01
201900031226,1,7,,0,0,4,2,C01
201900031227,1,1,,0,0,0,1,A01
201900031228,2,14,,0,2,3,1,B01
201900031228,1,7,,0,2,1,1,A01
201900031229,1,33,,0,2,1,1,B01
201900031229,2,7,,0,0,2,15,A01
201900031230,0,7,,0,1,2,1,A01
201900031231,2,7,,0,2,1,1,A01
201900031231,2,7,,0,2,4,1,B01
201900031231,2,7,,0,0,4,1,C01
201900031232,3,7,,0,1,2,1,A01
201900031233,0,7,,8,0,1,1,A01
201900031234,1,7,,13,2,2,1,A01
201900031234,1,7,,13,2,8,1,B01
201900031235,2,7,,0,2,1,0,A01
201900031235,1,7,,0,2,1,1,B01
201900031236,1,7,,2,0,1,1,A01
201900031237,2,2,,0,1,1,18,A01
201900031238,1,7,,0,2,1,13,A01
201900031238,2,7,,0,2,1,1,B01
201900031239,0,7,,0,2,1,23,C01
201900031239,0,7,,0,2,1,1,B01
201900031239,2,2,,0,2,8,1,A01
201900031240,1,31,,0,2,1,17,A01
201900031240,2,7,,0,2,1,1,B01
201900031241,2,2,,0,2,1,1,B01
201900031241,1,7,,0,2,1,17,A01
201900031242,2,7,,15,0,0,0,A01
201900031243,2,7,,0,2,1,1,A01
201900031244,1,7,,0,2,2,15,B01
201900031244,2,31,,0,2,1,1,A01
201900031245,1,7,,0,1,1,21,A01
201900031246,1,31,,2,0,1,2,A01
201900031247,2,7,,2,0,3,1,A01
201900031248,2,7,,2,0,1,14,A01
201900031249,2,7,,0,0,9,1,A01
201900031250,3,7,,0,2,1,1,B01
201900031250,3,7,,0,2,1,15,A01
201900031251,0,15,,0,0,4,24,B01
201900031251,2,7,,1,0,1,2,A01
201900031252,1,7,,0,2,1,17,A01
201900031252,2,7,,0,2,1,1,B01
201900031253,1,7,,0,1,2,1,A01
201900031254,2,7,,17,0,1,13,A01
201900031255,1,1,,0,2,1,1,B01
201900031255,2,7,,0,2,1,16,A01
201900031256,1,7,,0,0,1,26,B01
201900031256,1,7,,0,0,4,1,A01
201900031257,0,7,,13,0,1,0,A01
201900031258,1,7,,5,0,4,23,B01
201900031258,1,15,,1,0,1,1,A01
201900031259,2,7,,0,0,2,15,B01
201900031259,1,33,,0,2,1,1,A01
201900031260,3,7,,0,2,1,1,A01
201900031260,3,7,,6,2,8,19,B01
201900031261,2,7,,0,2,3,26,A01
201900031261,1,7,,0,2,3,9,B01
201900031262,2,7,,14,0,1,17,A01
201900031263,0,7,,0,1,1,0,A01
201900031264,2,7,,0,0,6,23,B01
201900031264,2,7,,1,0,2,1,A01
201900031265,2,10,,0,2,1,1,B01
201900031265,1,7,,0,2,1,19,A01
201900031266,2,7,,0,1,2,1,A01
201900031267,1,7,,0,2,3,13,A01
201900031267,2,7,,0,2,8,14,B01
201900031267,2,7,,0,2,3,1,C01
201900031268,3,2,,0,0,1,1,B01
201900031268,3,7,,0,0,2,11,A01
201900031269,3,7,,0,1,1,21,B01
201900031269,3,7,,15,1,2,13,A01
201900031270,0,7,,0,2,8,19,B01
201900031270,0,7,,0,2,1,26,A01
201900031271,2,7,,0,2,8,2,A01
201900031271,2,1,,0,0,7,2,B01
201900031272,1,7,,0,1,2,16,A01
201900031273,0,7,,0,2,3,17,A01
201900031273,0,7,,0,2,8,1,B01
201900031274,2,7,,0,2,3,1,B01
201900031274,1,7,,0,2,2,15,A01
201900031275,1,7,,0,0,6,2,B01
201900031275,1,2,,0,2,1,2,A01
201900031276,2,10,,0,1,0,1,A01
201900031277,1,7,,0,2,4,1,A01
201900031277,1,7,,0,2,1,2,B01
201900031277,1,7,,0,2,1,2,C01
201900031278,2,7,,0,2,4,2,C01
201900031278,2,10,,0,2,4,2,B01
201900031278,2,7,,0,2,1,2,A01
201900031279,2,10,,0,2,4,23,C01
201900031279,2,10,,0,2,2,23,B01
201900031279,2,10,,0,2,1,13,A01
201900031280,2,7,,0,2,7,12,A01
201900031280,2,33,,0,2,8,3,B01
201900031281,1,7,,0,2,1,2,A01
201900031281,1,7,,0,2,4,2,B01
201900031282,2,43,,0,2,8,1,B01
201900031282,2,7,,0,2,7,12,A01
201900031283,1,7,,0,2,8,9,A01
201900031283,1,17,,0,2,2,1,B01
201900031284,1,7,,3,0,2,1,A01
201900031285,2,17,,0,2,6,23,C01
201900031285,2,7,,0,2,0,11,B01
201900031285,2,33,,0,2,2,3,A01
201900031286,1,7,,0,2,4,2,C01
201900031286,1,10,,0,2,1,1,B01
201900031286,1,7,,0,2,4,2,A01
201900031287,1,43,,0,2,2,3,A01
201900031287,1,7,,0,2,3,11,B01
201900031288,2,33,,0,2,1,3,A01
201900031288,2,7,,0,2,8,1,B01
201900031289,1,7,,0,2,1,2,C01
201900031289,1,33,,0,2,2,2,B01
201900031289,1,10,,0,2,6,11,A01
201900031290,1,10,,2,2,1,13,A01
201900031290,2,43,,0,2,1,1,B01
201900031290,2,7,,0,2,1,1,C01
201900031291,1,33,,0,2,3,1,B01
201900031291,2,7,,0,2,2,15,A01
201900031292,2,30,,0,1,1,1,A01
201900031293,1,7,,11,0,3,17,A01
201900031294,1,50,,0,2,3,1,A01
201900031294,1,7,,0,2,2,17,Z01
201900031295,1,1,,8,0,1,1,A01
201900031296,1,7,,0,2,5,16,A01
201900031296,1,1,,0,2,7,7,B01
201900031297,1,7,,0,1,1,15,A01
201900031298,1,10,,0,2,3,1,B01
201900031298,1,50,,0,2,2,19,A01
201900031299,2,7,,0,1,3,16,A01
201900031300,1,14,,0,2,2,20,B01
201900031300,1,33,,1,2,8,18,A01
201900031301,1,7,,0,2,2,15,B01
201900031301,1,30,,0,2,1,5,A01
201900031302,1,30,,0,2,1,2,A01
201900031302,1,10,,0,2,4,23,B01
201900031303,2,32,,0,2,7,17,A01
201900031303,2,7,,0,2,8,15,B01
201900031304,1,7,,8,0,1,13,A01
201900031305,2,7,,0,9,8,2,A01
201900031305,2,50,,0,2,1,1,B01
201900031306,1,7,,7,0,1,1,A01
201900031307,1,7,,0,1,2,1,A01
201900031308,0,10,,0,1,7,1,A01
201900031309,2,7,,0,2,3,15,A01
201900031309,1,34,,0,2,5,2,B01
201900031310,3,33,,0,2,7,2,B01
201900031310,3,10,,0,2,1,19,A01
201900031311,0,10,,0,1,0,26,Z01
201900031312,3,7,,0,2,1,0,B01
201900031312,3,32,,0,2,1,1,A01
201900031313,3,7,,0,1,1,15,A01
201900031314,1,7,,0,1,1,26,Z01
201900031315,1,7,,0,1,1,1,A01
201900031316,1,7,,0,1,0,26,A01
201900031317,3,7,,0,1,1,19,A01
201900031318,0,7,,0,1,1,19,A01
201900031319,3,7,,0,1,0,1,A01
201900031320,3,7,,0,2,3,9,A01
201900031320,3,2,,0,2,2,21,B01
201900031321,1,7,,0,2,5,9,A01
201900031321,1,7,,0,2,5,9,B01
201900031321,3,7,,0,2,0,0,C01
201900031322,2,7,,0,2,0,15,A01
201900031322,2,2,,0,2,1,1,B01
201900031323,1,32,,0,1,1,1,A01
201900031324,3,7,,0,2,4,26,A01
201900031324,0,10,,0,2,1,0,B01
201900031325,3,7,,0,1,2,2,A01
201900031326,3,7,,1,0,2,14,A01
201900031327,1,7,,0,2,3,10,A01
201900031327,1,1,,0,2,2,1,B01
201900031328,2,3,,0,2,8,22,B01
201900031328,2,32,,0,2,3,21,A01
201900031329,1,7,,0,1,1,1,A01
201900031330,3,33,,4,0,1,2,A01
201900031331,2,7,,0,2,0,20,B01
201900031331,2,30,,0,2,4,20,A01
201900031332,1,7,,0,2,7,1,B01
201900031332,1,30,,0,2,3,13,A01
201900031333,3,40,,0,2,1,1,B01
201900031333,3,1,,0,4,2,1,A01
201900031334,1,10,,0,1,1,16,A01
201900031335,3,13,,0,2,5,16,A01
201900031335,1,1,,0,2,8,0,B01
201900031336,3,1,,0,0,0,1,C01
201900031336,3,1,,0,2,1,1,B01
201900031336,3,7,,0,2,2,15,A01
201900031337,1,7,,0,2,3,1,A01
201900031337,2,2,,0,2,7,26,B01
201900031338,3,7,,0,1,1,15,A01
201900031339,2,7,,0,2,1,16,B01
201900031339,1,10,,0,2,2,1,A01
201900031340,1,7,,0,2,1,0,B01
201900031340,2,7,,0,2,7,5,A01
201900031341,0,10,,0,1,2,1,A01
201900031342,1,17,,0,0,8,9,A01
201900031343,3,7,,2,0,3,1,A01
201900031344,1,3,,0,2,3,1,B01
201900031344,2,7,,0,2,3,1,A01
201900031345,2,7,,0,2,1,1,B01
201900031345,1,38,2.0,7,0,2,15,A01
201900031346,0,13,,0,0,6,24,B01
201900031346,0,7,,1,2,1,2,A01
201900031347,1,7,,0,0,4,23,A01
201900031347,1,3,,0,2,1,1,B01
201900031348,0,7,,0,1,2,1,A01
201900031349,2,17,,16,0,7,14,A01
201900031350,1,7,,0,2,3,13,A01
201900031350,2,7,,0,2,3,1,B01
201900031350,2,7,,0,9,3,1,C01
201900031351,2,7,,0,2,6,15,B01
201900031351,2,7,,13,2,2,17,A01
201900031352,1,7,,0,2,1,1,B01
201900031352,3,7,,0,2,8,19,A01
201900031353,2,7,,0,2,8,9,A01
201900031353,3,33,,0,2,1,1,B01
201900031354,1,7,,0,0,1,1,B01
201900031354,1,7,,0,2,3,16,A01
201900031355,1,7,,0,2,2,2,B01
201900031355,1,2,,0,0,4,1,A01
201900031356,2,7,,0,2,3,1,A01
201900031356,1,14,,0,2,8,1,B01
201900031357,1,1,,0,0,1,14,A01
201900031358,1,7,,0,1,1,15,A01
201900031359,1,7,,17,0,1,1,A01
201900031360,1,7,,0,1,1,1,A01
201900031361,2,7,,0,2,3,13,A01
201900031361,1,7,,0,2,3,1,B01
201900031362,3,7,,13,0,3,1,A01
201900031363,0,15,,0,1,3,15,A01
201900031364,0,7,,0,2,2,9,A01
201900031364,0,7,,0,2,6,2,B01
201900031365,1,15,,0,2,1,1,B01
201900031365,2,7,,0,2,1,13,A01
201900031366,1,7,,0,1,1,1,A01
201900031367,2,33,,0,2,8,17,B01
201900031367,1,7,,0,2,8,13,A01
201900031368,1,1,,0,2,8,1,B01
201900031368,1,1,,0,2,7,14,A01
201900031369,2,7,,2,0,1,13,A01
201900031370,2,7,,13,0,2,14,A01
201900031371,1,7,,0,2,2,15,A01
201900031371,2,32,,0,2,1,1,B01
201900031372,2,10,,0,2,1,1,A01
201900031372,1,7,,0,2,8,1,B01
201900031373,0,1,,0,2,7,15,B01
201900031373,0,7,,0,2,2,1,A01
201900031374,2,15,,0,9,7,1,B01
201900031374,1,1,,0,2,7,14,A01
201900031375,2,7,,7,2,1,1,B01
201900031375,2,7,,0,2,8,19,A01
201900031376,1,7,,0,1,1,1,A01
201900031377,2,3,,0,0,9,1,A01
201900031378,1,7,,0,2,1,15,A01
201900031378,2,33,,0,2,1,1,B01
201900031379,3,7,,0,1,1,1,A01
201900031380,1,7,,0,0,4,2,B01
201900031380,1,7,,0,2,1,2,A01
201900031381,1,15,,0,0,4,1,B01
201900031381,1,7,,3,2,1,0,A01
201900031382,2,17,,0,0,8,1,B01
201900031382,2,7,,3,2,2,17,A01
201900031383,2,7,,0,2,2,12,A01
201900031383,2,7,,3,2,6,1,B01
201900031383,2,7,,0,2,4,1,C01
201900031384,2,7,,3,0,1,1,A01
201900031385,2,7,,4,0,8,12,A01
201900031386,2,7,,0,2,8,1,A01
201900031386,2,7,,0,2,1,1,B01
201900031387,0,2,,0,2,1,17,A01
201900031387,0,7,,0,2,8,15,B01
201900031388,2,7,,13,2,3,1,B01
201900031388,1,7,,13,2,3,1,A01
201900031389,0,7,,6,0,1,26,A01
201900031390,1,7,,6,2,2,17,A01
201900031390,1,7,,0,2,8,15,B01
201900031391,2,2,,0,0,0,15,A01
201900031392,1,7,,0,1,2,1,A01
201900031393,0,7,,6,0,2,1,A01
201900031394,2,7,,0,0,9,1,A01
201900031395,1,7,,0,2,1,9,A01
201900031395,2,43,,0,2,1,1,B01
201900031396,1,7,,0,2,1,13,A01
201900031396,2,15,,0,2,1,1,B01
201900031397,2,7,,0,2,7,19,A01
201900031397,1,15,,0,2,1,1,B01
201900031398,1,7,,0,2,3,15,A01
201900031398,2,33,,0,2,1,1,B01
201900031399,1,7,,0,2,3,1,B01
201900031399,1,7,,0,2,2,19,A01
201900031400,1,14,,0,2,8,1,B01
201900031400,2,7,,0,2,8,13,A01
201900031401,2,7,,0,1,3,1,A01
201900031402,1,7,,13,0,2,1,A01
201900031403,2,7,,0,2,3,13,A01
201900031403,1,7,,0,2,3,1,B01
201900031404,1,7,,8,0,3,1,A01
201900031405,2,7,,12,0,8,1,A01
201900031406,3,7,,0,1,3,15,A01
201900031407,3,7,,0,1,4,4,A01
201900031408,1,7,,17,0,1,1,A01
201900031409,1,7,,13,0,1,26,A01
201900031409,2,7,,0,2,1,1,B01
201900031410,1,7,,0,2,1,1,B01
201900031410,2,7,,0,2,8,13,A01