Num_Acc,senc,catv,occutc,obs,obsm,choc,manv,num_veh
201900031411,3,7,,0,2,8,9,A01
201900031411,2,7,,0,2,1,1,B01
201900031412,1,7,,0,2,1,13,A01
201900031412,2,7,,0,2,1,1,B01
201900031413,2,7,,0,2,1,14,B01
201900031413,1,7,,0,2,1,13,A01
201900031414,2,7,,2,0,9,0,A01
201900031415,2,7,,13,0,1,0,A01
201900031416,2,7,,13,0,1,1,A01
201900031417,2,7,,0,2,8,15,A01
201900031417,1,2,,0,2,1,1,B01
201900031418,0,2,,0,2,1,1,B01
201900031418,0,7,,0,2,1,15,A01
201900031419,0,7,,0,9,1,15,A01
201900031419,0,1,,0,2,1,1,B01
201900031420,1,3,,2,0,1,1,A01
201900031421,2,33,,13,0,0,1,A01
201900031422,2,7,,6,0,1,1,A01
201900031423,1,7,,6,0,1,15,A01
201900031424,1,7,,0,9,3,15,A01
201900031424,1,43,,0,2,7,17,B01
201900031425,3,33,,0,2,1,1,B01
201900031425,3,31,,0,0,4,23,A01
201900031426,2,7,,0,2,8,15,A01
201900031426,2,33,,0,2,7,17,B01
201900031427,1,33,,0,6,1,0,A01
201900031428,2,2,,0,2,1,2,B01
201900031428,2,7,,0,0,6,23,A01
201900031429,2,7,,0,1,1,15,A01
201900031430,3,7,,2,0,3,1,A01
201900031431,2,7,,0,0,4,1,A01
201900031432,2,99,,3,2,1,1,B01
201900031432,1,10,,0,2,1,5,A01
201900031433,3,7,,0,2,3,1,B01
201900031433,0,2,,0,2,8,13,A01
201900031434,1,7,,2,0,1,5,A01
201900031435,1,33,,0,0,0,1,A01
201900031436,1,3,,0,0,4,0,A01
201900031436,1,7,,0,0,1,2,B01
201900031437,1,7,,15,0,0,1,A01
201900031438,1,7,,0,2,1,1,B01
201900031438,2,7,,0,2,7,1,A01
201900031439,1,7,,0,2,3,10,A01
201900031439,1,33,,0,2,2,1,B01
201900031440,1,32,,0,2,1,2,B01
201900031440,1,7,,0,2,4,11,A01
201900031441,2,33,,0,0,1,1,A01
201900031442,2,7,,0,2,5,12,Z01
201900031442,2,7,,0,2,3,1,B01
201900031443,1,7,,0,2,8,1,B01
201900031443,1,17,,0,2,2,12,A01
201900031444,1,7,,0,2,0,1,B01
201900031444,1,10,,0,2,2,1,A01
201900031445,1,33,,0,2,1,2,A01
201900031445,1,7,,0,2,5,2,B01
201900031446,1,7,,4,0,1,16,A01
201900031447,1,10,,4,0,1,0,A01
201900031448,2,33,,0,0,8,1,A01
201900031449,1,7,,0,2,7,2,C01
201900031449,1,7,,0,2,1,2,B01
201900031449,1,7,,14,2,1,1,A01
201900031450,1,7,,4,0,9,1,A01
201900031451,1,10,,4,0,2,14,A01
201900031452,1,7,,0,2,4,2,B01
201900031452,1,7,,0,2,1,2,A01
201900031453,1,7,,0,2,2,18,A01
201900031453,1,7,,0,2,6,1,B01
201900031454,1,7,,0,2,3,11,B01
201900031454,1,7,,0,2,7,1,A01
201900031455,1,7,,4,0,3,13,A01
201900031456,2,7,,0,2,1,2,A01
201900031456,2,7,,0,2,4,2,B01
201900031457,1,7,,0,2,2,11,A01
201900031457,1,30,,14,2,0,0,B01
201900031458,1,7,,0,2,3,15,B01
201900031458,1,34,,0,2,8,18,A01
201900031459,1,32,,0,2,4,2,B01
201900031459,1,7,,0,2,1,11,A01
201900031460,1,10,,0,2,2,0,A01
201900031460,1,10,,0,2,6,1,B01
201900031461,2,7,,0,2,3,15,B01
201900031461,1,7,,0,2,3,1,A01
201900031462,1,2,,0,2,1,2,B01
201900031462,1,7,,0,2,2,15,A01
201900031463,1,7,,0,2,8,11,A01
201900031463,1,32,,0,2,7,1,B01
201900031464,2,7,,0,2,1,1,B01
201900031464,1,7,,0,2,1,13,A01
201900031465,2,37,3.0,0,2,0,2,A01
201900031466,3,33,,0,2,2,3,B01
201900031466,3,7,,0,2,1,15,A01
201900031467,3,1,,0,2,3,15,B01
201900031467,3,7,,0,2,2,1,A01
201900031468,1,7,,0,2,5,2,B01
201900031468,1,7,,0,2,1,2,A01
201900031469,1,7,,0,0,4,1,A01
201900031469,1,7,,0,2,4,1,B01
201900031470,1,7,,15,2,2,17,A01
201900031470,2,7,,0,2,2,1,B01
201900031471,2,7,,6,0,1,26,A01
201900031472,2,32,,0,2,4,16,A01
201900031472,1,7,,0,2,1,15,B01
201900031473,2,33,,0,0,7,0,A01
201900031474,1,7,,0,0,0,26,A01
201900031474,1,32,,0,0,8,26,B01
201900031475,1,33,,1,0,0,0,A01
201900031476,1,33,,0,0,7,1,A01
201900031477,0,1,,0,2,8,1,B01
201900031477,0,7,,0,2,8,9,A01
201900031478,2,30,,12,0,3,1,A01
201900031479,3,7,,0,2,1,0,A01
201900031479,1,7,,0,2,4,0,B01
201900031479,1,7,,0,2,4,1,C01
201900031480,1,7,,0,2,7,15,B01
201900031480,1,31,,0,2,1,1,Z01
201900031481,3,7,,0,2,4,1,B01
201900031481,3,7,,0,2,1,1,A01
201900031482,3,7,,0,1,1,15,A01
201900031483,3,40,,0,1,3,1,A01
201900031484,1,2,,0,2,1,1,A01
201900031484,2,7,,0,2,2,15,B01
201900031485,1,7,,0,2,6,9,A01
201900031485,1,31,,0,2,2,1,B01
201900031486,1,7,,0,2,1,1,A01
201900031486,1,7,,0,0,4,23,B01
201900031487,1,30,,0,2,1,1,A01
201900031487,1,7,,0,2,4,1,B01
201900031488,1,31,,0,2,3,0,B01
201900031488,2,7,,0,2,2,1,A01
201900031489,1,99,,0,1,1,1,A01
201900031490,0,33,,0,2,2,1,B01
201900031490,0,7,,0,2,5,15,A01
201900031491,1,7,,0,0,0,1,A01
201900031492,1,7,,0,2,0,0,Z01
201900031492,1,7,,0,2,1,1,B01
201900031492,1,7,,0,2,1,13,A01
201900031493,3,7,,6,2,7,19,A01
201900031493,3,7,,0,2,1,1,B01
201900031494,3,7,,0,6,1,16,A01
201900031494,3,1,,0,2,7,1,B01
201900031495,2,1,,0,2,1,1,B01
201900031495,1,7,,0,2,2,6,A01
201900031496,2,10,,0,2,6,1,B01
201900031496,2,1,,0,2,1,1,A01
201900031497,2,30,,0,0,7,1,A01
201900031497,1,7,,0,0,0,15,B01
201900031498,1,1,,0,2,1,5,A01
201900031498,1,7,,0,2,3,1,B01
201900031499,1,7,,0,2,4,23,B01
201900031499,1,10,,0,2,1,2,A01
201900031500,1,30,,0,0,0,1,A01
201900031501,2,34,,0,2,1,15,A01
201900031501,1,7,,0,2,1,1,B01
201900031502,2,32,,1,2,3,18,B01
201900031502,2,7,,0,2,7,22,A01
201900031503,1,30,,0,2,2,25,A01
201900031503,1,7,,0,2,2,16,B01
201900031504,1,7,,0,2,6,23,B01
201900031504,1,30,,0,2,1,2,A01
201900031505,2,30,,0,2,2,1,A01
201900031505,2,30,,0,2,0,1,B01
201900031506,2,7,,0,2,3,17,A01
201900031506,3,7,,0,2,3,23,B01
201900031506,1,7,,0,2,7,23,C01
201900031507,1,7,,0,1,1,15,A01
201900031508,1,32,,0,0,8,16,A01
201900031509,1,30,,0,0,0,1,A01
201900031510,3,32,,0,2,3,1,B01
201900031510,3,7,,0,2,3,15,A01
201900031511,1,7,,0,2,1,1,B01
201900031511,1,7,,0,2,0,0,A01
201900031512,1,34,,0,2,2,17,A01
201900031512,1,30,,0,0,8,15,B01
201900031513,3,34,,0,2,9,19,B01
201900031513,-1,10,,-1,-1,-1,-1,A01
201900031514,3,7,,0,2,6,1,B01
201900031514,3,7,,0,2,3,2,A01
201900031515,1,32,,0,2,2,17,A01
201900031515,1,7,,0,2,3,15,B01
201900031516,0,7,,1,0,2,26,A01
201900031517,0,99,,0,2,0,0,B01
201900031517,1,7,,0,0,0,0,A01
201900031518,3,7,,0,2,7,15,B01
201900031518,3,7,,0,2,1,1,A01
201900031519,3,7,,0,1,3,1,A01
201900031520,1,7,,0,2,1,2,A01
201900031520,1,7,,0,2,0,0,B01
201900031520,1,7,,0,2,0,0,C01
201900031521,1,33,,0,2,1,13,B01
201900031521,1,7,,0,2,3,10,A01
201900031522,3,7,,0,2,1,24,A01
201900031522,3,10,,1,2,1,1,B01
201900031523,1,30,,0,0,0,26,A01
201900031523,0,0,,0,0,0,0,B01
201900031524,0,33,,0,2,1,0,A01
201900031524,1,7,,0,2,7,9,B01
201900031525,2,7,,0,1,0,19,A01
201900031526,1,34,,0,2,3,26,A01
201900031526,2,99,,0,2,1,5,B01
201900031527,3,10,,0,2,6,1,I01
201900031527,3,7,,0,2,4,1,H01
201900031527,0,7,,0,2,4,1,G01
201900031527,3,7,,0,2,4,1,F01
201900031527,3,7,,0,2,5,1,E01
201900031527,3,7,,0,2,2,1,D01
201900031527,3,7,,4,0,6,1,C01
201900031527,3,7,,4,0,4,2,B01
201900031527,3,7,,0,2,1,9,A01
201900031528,3,7,,1,0,1,1,A01
201900031528,3,7,,0,2,7,16,B01
201900031529,1,7,,6,2,3,0,A01
201900031529,0,7,,0,2,1,0,B01
201900031530,1,7,,0,2,2,15,A01
201900031530,2,7,,0,2,1,1,B01
201900031531,1,10,,0,1,2,1,A01
201900031532,3,7,,0,2,1,1,A01
201900031532,1,7,,0,2,4,1,B01
201900031532,1,7,,0,2,4,1,C01
201900031533,1,33,,0,0,7,26,A01
201900031534,1,7,,11,0,3,1,A01
201900031535,2,33,,3,0,2,14,A01
201900031536,2,7,,2,0,1,1,A01
201900031537,2,7,,0,2,1,1,B01
201900031537,1,7,,0,2,1,13,A01
201900031538,1,21,,6,0,1,0,A01
201900031539,1,1,,0,9,1,1,B01
201900031539,2,1,,0,9,1,1,A01
201900031540,0,33,,1,2,9,1,B01
201900031540,0,7,,0,0,7,19,A01
201900031541,3,7,,0,1,4,20,A01
201900031542,3,33,,0,0,1,10,A01
201900031543,1,7,,2,0,3,1,A01
201900031544,2,7,,2,0,3,19,A01
201900031545,3,33,,0,2,7,17,B01
201900031545,3,7,,0,2,3,15,A01
201900031546,2,7,,0,0,3,1,B01
201900031546,0,7,,0,0,2,13,A01
201900031547,1,31,,0,2,1,1,A01
201900031547,2,10,,0,2,3,1,B01
201900031548,0,7,,2,0,1,1,A01
201900031549,3,7,,0,0,0,15,A01
201900031550,1,7,,0,2,7,26,A01
201900031550,2,7,,0,2,1,1,B01
201900031551,1,7,,2,0,2,0,A01
201900031552,1,7,,0,2,2,16,A01
201900031552,1,33,,0,2,8,1,B01
201900031553,2,1,,0,2,1,5,B01
201900031553,1,7,,8,2,1,1,A01
201900031554,2,2,,9,0,1,14,A01
201900031555,2,33,,0,0,7,1,A01
201900031556,1,7,,8,0,2,1,A01
201900031557,2,7,,0,2,7,1,A01
201900031557,1,7,,0,2,1,1,B01
201900031558,3,7,,2,0,4,1,A01
201900031559,0,7,,0,2,3,9,B01
201900031559,0,1,,0,0,5,15,A01
201900031560,1,7,,0,2,7,17,B01
201900031560,1,1,,0,2,8,13,A01
201900031561,1,7,,0,1,2,1,A01
201900031562,1,7,,13,0,9,14,A01
201900031563,3,2,,0,2,3,1,A01
201900031563,3,10,,0,2,8,1,B01
201900031564,2,7,,0,2,1,13,A01
201900031564,1,7,,0,2,1,1,B01
201900031565,3,7,,0,1,4,4,A01
201900031566,1,33,,0,0,0,1,A01
201900031567,1,7,,0,2,3,1,B01
201900031567,2,7,,0,2,3,13,A01
201900031568,1,2,,0,2,1,1,B01
201900031568,2,7,,0,2,3,15,A01
201900031569,1,7,,1,1,1,1,B01
201900031570,2,10,,0,1,1,1,A01
201900031571,2,7,,0,2,1,0,Z01
201900031571,2,7,,0,2,4,2,A01
201900031572,2,10,,0,2,4,2,A01
201900031572,2,7,,0,2,4,2,B01
201900031572,2,7,,0,2,1,2,Z01
201900031573,2,7,,0,2,1,26,B01
201900031573,2,7,,0,2,4,26,A01
201900031574,2,7,,3,2,4,2,A01
201900031574,2,10,,4,2,1,2,B01
201900031575,1,7,,0,2,4,2,A01
201900031575,1,7,,0,2,1,2,B01
201900031575,1,34,,13,2,8,1,C01
201900031576,2,10,,0,0,0,0,Z01
201900031576,2,33,,0,2,4,1,A01
201900031577,1,10,,0,2,4,2,D01
201900031577,1,7,,0,2,1,2,A01
201900031577,1,10,,0,2,4,2,B01
201900031577,1,7,,0,2,4,2,C01
201900031578,2,7,,0,2,4,2,A01
201900031578,2,7,,0,2,1,2,B01
201900031579,1,10,,0,2,6,9,A01
201900031579,1,7,,0,2,1,9,B01
201900031580,1,7,,0,2,3,1,A01
201900031580,1,7,,0,2,2,14,B01
201900031581,2,7,,0,2,4,1,A01
201900031581,2,7,,0,2,1,9,B01
201900031582,2,10,,0,2,2,2,A01
201900031582,2,7,,0,2,6,11,B01
201900031583,2,7,,0,2,1,18,A01
201900031583,2,7,,0,2,4,2,B01
201900031584,2,7,,0,2,4,1,A01
201900031584,2,7,,0,2,1,17,B01
201900031585,2,7,,0,2,1,2,A01
201900031585,2,10,,0,2,4,1,B01
201900031585,2,7,,0,2,4,1,C01
201900031586,2,7,,0,2,7,12,A01
201900031586,2,33,,0,2,1,3,B01
201900031587,1,7,,4,0,1,26,A01
201900031588,1,7,,0,2,4,23,B01
201900031588,1,10,,0,2,1,1,A01
201900031589,2,7,,0,2,1,1,A01
201900031589,2,10,,0,2,4,2,B01
201900031589,2,7,,0,2,2,2,C01
201900031589,2,7,,0,2,5,2,D01
201900031590,1,7,,0,2,3,9,A01
201900031590,1,17,,0,2,2,1,B01
201900031591,2,7,,0,2,4,2,B01
201900031591,2,7,,0,2,1,2,A01
201900031592,2,10,,4,0,1,1,A01
201900031593,2,33,,0,0,7,1,A01
201900031594,2,7,,6,0,2,1,A01
201900031595,1,7,,0,2,8,11,A01
201900031595,1,33,,0,2,7,1,B01
201900031596,3,10,,7,0,1,1,A01
201900031597,1,7,,0,2,1,1,B01
201900031597,1,7,,0,2,2,12,A01
201900031598,1,10,,12,0,3,1,A01
201900031599,1,7,,4,0,1,14,A01
201900031600,1,7,,0,0,0,0,A01
201900031601,2,10,,4,0,3,1,A01
201900031602,3,7,,0,0,4,0,B01
201900031602,3,7,,0,2,1,0,Z01
201900031603,2,7,,4,0,3,0,A01
201900031604,1,7,,0,2,1,11,A01
201900031604,1,7,,0,2,4,11,B01
201900031605,1,7,,4,0,2,1,A01
201900031606,2,7,,4,0,2,0,A01
201900031607,1,7,,0,2,3,1,B01
201900031607,1,7,,0,2,5,14,A01
201900031608,2,7,,0,2,1,2,A01
201900031608,2,7,,0,2,4,2,C01
201900031608,2,7,,0,2,4,2,B01
201900031609,2,17,,0,2,2,1,B01
201900031609,2,7,,0,2,6,11,A01
201900031610,2,7,,0,2,9,0,B01
201900031610,2,7,,0,2,1,0,A01
201900031611,1,7,,4,2,6,0,B01
201900031611,1,7,,0,2,5,0,A01
201900031612,1,7,,4,0,3,19,A01
201900031613,2,0,,0,1,0,0,Z01
201900031614,1,7,,0,2,2,2,A01
201900031614,1,7,,3,2,8,13,B01
201900031615,2,34,,0,2,8,3,B01
201900031615,2,7,,0,2,7,12,A01
201900031616,1,33,,0,2,8,0,B01
201900031616,1,7,,0,2,7,1,A01
201900031617,3,30,,1,2,1,26,A01
201900031617,1,7,,0,2,2,1,B01
201900031618,1,7,,13,0,1,1,A01
201900031619,2,7,,3,0,1,0,A01
201900031620,1,7,,0,2,1,1,B01
201900031620,3,7,,0,2,1,1,A01
201900031621,2,7,,0,1,1,1,A01
201900031622,1,7,,0,1,4,26,A01
201900031623,3,33,,0,2,1,17,B01
201900031623,1,7,,0,2,3,15,A01
201900031624,1,1,,0,2,6,2,B01
201900031624,1,7,,0,2,5,19,A01
201900031625,1,7,,0,1,3,1,A01
201900031626,1,7,,0,1,7,26,A01
201900031627,2,7,,0,0,0,24,C01
201900031627,2,7,,0,2,3,16,B01
201900031627,1,33,,0,2,8,21,A01
201900031628,3,7,,0,1,0,0,A01
201900031629,1,7,,0,2,3,19,A01
201900031629,2,33,,0,2,1,1,B01
201900031630,1,7,,0,1,1,1,A01
201900031631,1,7,,0,2,8,15,A01
201900031631,1,7,,0,2,3,1,B01
201900031632,0,7,,0,1,0,16,A01
201900031633,0,33,,0,2,0,1,B01
201900031633,0,7,,0,2,2,1,A01
201900031634,3,7,,0,2,1,0,A01
201900031634,3,7,,0,2,1,0,B01
201900031635,1,13,,0,0,1,1,A01
201900031636,2,7,,0,2,4,26,C01
201900031636,2,7,,0,2,4,26,B01
201900031636,2,7,,0,2,1,26,A01
201900031637,0,7,,0,2,3,9,A01
201900031637,0,1,,0,2,1,1,B01
201900031638,3,10,,2,0,7,0,A01
201900031639,3,1,,0,2,1,1,B01
201900031639,1,7,,0,2,3,15,A01
201900031640,1,7,,0,1,8,1,A01
201900031641,1,7,,0,1,3,15,A01
201900031642,1,7,,0,1,3,15,A01
201900031643,2,7,,0,2,2,19,A01
201900031643,2,2,,0,2,1,1,B01
201900031644,2,10,,16,0,0,1,A01
201900031645,1,7,,0,2,1,2,A01
201900031645,1,7,,0,2,4,2,B01
201900031646,1,7,,0,1,0,1,Z01
201900031647,1,10,,0,2,8,13,A01
201900031647,1,10,,0,2,3,1,B01
201900031648,2,7,,0,1,2,16,A01
201900031649,0,7,,0,2,6,2,B01
201900031649,0,7,,0,2,1,2,A01
201900031650,1,7,,0,2,1,1,A01
201900031650,1,1,,0,2,7,1,B01
201900031651,1,1,,0,2,8,1,B01
201900031651,1,15,,0,2,7,16,A01
201900031652,2,7,,0,1,7,16,A01
201900031653,2,7,,4,0,1,9,A01
201900031654,1,7,,0,2,1,1,A01
201900031654,1,7,,0,2,8,1,B01
201900031655,3,7,,1,2,6,24,B01
201900031655,1,32,,1,0,1,1,A01
201900031656,2,7,,2,1,3,1,A01
201900031657,2,1,,0,0,1,1,A01
201900031658,2,7,,0,1,1,15,A01
201900031659,2,7,,0,1,1,1,A01
201900031660,1,30,,0,0,7,18,A01
201900031661,1,33,,0,2,8,1,B01
201900031661,2,7,,0,2,1,15,A01
201900031662,0,7,,0,2,1,1,A01
201900031662,1,7,,0,2,7,1,B01
201900031663,2,43,,0,2,1,1,B01
201900031663,1,7,,0,2,3,19,A01
201900031664,2,33,,0,2,1,1,B01
201900031664,1,7,,0,2,1,15,A01
201900031665,2,7,,0,1,3,9,A01
201900031666,2,32,,0,1,1,1,A01
201900031667,1,7,,0,2,1,2,A01
201900031667,1,7,,0,0,4,1,B01
201900031668,1,7,,0,2,3,9,A01
201900031668,1,1,,0,2,7,1,B01
201900031669,2,1,,0,2,1,5,A01
201900031669,1,7,,0,2,3,9,B01
201900031670,3,7,,0,1,1,0,A01
201900031671,3,7,,0,1,2,21,A01
201900031672,1,7,,2,0,1,1,A01
201900031673,1,7,,0,1,3,1,A01
201900031674,3,7,,0,1,1,1,A01
201900031675,2,7,,0,1,1,2,A01
201900031675,2,7,,0,1,1,1,B01
201900031676,1,7,,0,1,1,1,Z01
201900031677,2,7,,0,0,2,1,B01
201900031677,2,30,,0,2,1,14,A01
201900031678,1,7,,0,2,3,1,B01
201900031678,1,7,,0,2,3,13,A01
201900031679,2,30,,1,2,1,17,A01
201900031679,1,7,,0,2,0,21,B01
201900031680,0,7,,0,2,8,1,B01
201900031680,0,7,,0,2,8,17,A01
201900031681,3,17,,4,0,2,0,A01
201900031682,1,7,,0,1,1,1,A01
201900031683,1,7,,0,0,0,15,B01
201900031683,2,33,,0,0,3,21,A01
201900031684,1,7,,0,2,2,26,C01
201900031684,3,30,,0,2,1,0,B01
201900031684,2,10,,0,2,2,11,A01
201900031685,1,30,,0,1,1,17,A01
201900031686,1,43,,0,2,1,3,A01
201900031686,1,7,,0,2,6,1,B01
201900031687,1,7,,0,2,2,12,A01
201900031687,1,33,,0,2,3,1,B01
201900031688,3,33,,14,0,1,13,A01
201900031689,1,33,,0,2,8,1,B01
201900031689,2,7,,0,2,1,15,A01
201900031690,1,10,,0,2,1,2,A01
201900031690,1,7,,0,2,4,23,B01
201900031690,2,7,,0,2,4,23,C01
201900031691,1,7,,0,1,2,1,A01
201900031692,2,32,,0,0,1,1,A01
201900031693,1,7,,0,2,3,9,A01
201900031693,1,7,,1,2,2,1,B01
201900031694,2,10,,4,0,1,13,A01
201900031695,1,32,,0,2,1,7,A01
201900031695,2,10,,0,2,8,15,B01
201900031696,3,7,,0,2,4,1,A01
201900031696,3,7,,0,2,1,2,Z01
201900031697,2,7,,0,2,2,1,A01
201900031697,2,7,,1,2,2,1,B01
201900031698,1,32,,0,2,1,2,A01
201900031698,1,7,,0,2,6,1,B01
201900031699,1,37,3.0,15,0,1,1,A01
201900031700,3,7,,0,2,2,1,A01
201900031700,3,7,,0,2,1,1,B01
201900031701,1,7,,0,1,2,26,A01
201900031702,2,10,,0,1,3,1,A01
201900031703,2,37,1.0,0,1,2,19,A01
201900031704,2,7,,0,2,1,1,A01
201900031704,2,7,,1,0,0,0,B01
201900031705,3,10,,0,2,0,0,B01
201900031705,1,33,,1,0,9,15,A01
201900031706,3,7,,14,0,3,15,A01
201900031707,0,7,,16,0,1,1,A01
201900031708,2,7,,0,1,1,15,A01
201900031709,1,30,,0,2,2,17,A01
201900031709,1,7,,0,2,3,15,B01
201900031710,1,3,,0,1,1,21,A01
201900031711,1,3,,0,2,3,15,B01
201900031711,1,34,,0,2,1,2,A01
201900031712,1,33,,0,2,1,3,A01
201900031712,2,7,,0,2,3,9,B01
201900031713,2,10,,0,1,2,21,B01
201900031714,0,10,,6,1,4,26,A01
201900031715,1,7,,0,1,2,17,A01
201900031716,1,7,,0,2,1,19,A01
201900031716,2,17,,0,2,1,1,B01
201900031717,2,7,,4,0,3,0,A01
201900031718,1,7,,13,0,2,21,A01
201900031719,0,7,,0,1,0,9,A01
201900031720,0,7,,0,2,1,15,A01
201900031720,0,7,,0,2,1,23,B01
201900031721,2,7,,0,2,1,1,B01
201900031721,1,7,,0,2,1,13,A01
201900031722,1,1,,0,0,0,0,A01
201900031723,1,7,,0,1,3,1,A01
201900031724,2,7,,0,1,1,15,A01
201900031725,2,7,,0,2,1,1,A01
201900031725,1,7,,0,2,1,5,B01
201900031726,2,10,,0,2,1,1,B01
201900031726,1,7,,0,2,1,13,A01
201900031727,1,7,,0,2,3,17,A01
201900031727,2,7,,0,2,3,1,B01
201900031728,2,2,,0,2,1,1,B01
201900031728,1,7,,0,2,2,15,A01
201900031729,2,7,,0,2,1,15,A01
201900031729,1,7,,0,2,1,1,B01
201900031730,2,10,,2,0,3,1,A01
201900031731,2,7,,0,2,1,15,A01
201900031731,1,2,,0,2,1,1,B01
201900031732,1,7,,0,2,7,1,A01
201900031732,2,10,,0,2,1,1,B01
201900031733,3,7,,0,2,1,1,B01
201900031733,3,13,,0,2,8,15,A01
201900031734,2,17,,0,2,3,1,B01
201900031734,1,10,,0,2,3,13,A01
201900031735,2,7,,3,0,8,0,A01
201900031736,2,7,,0,2,8,24,A01
201900031736,2,7,,1,0,7,1,B01
201900031737,1,2,,0,1,1,0,A01
201900031738,2,33,,0,5,1,0,A01
201900031739,2,7,,0,2,3,1,B01
201900031739,1,7,,0,2,3,5,A01
201900031740,1,7,,16,0,9,1,A01
201900031741,2,7,,0,2,8,15,A01
201900031741,2,7,,0,2,9,17,B01
201900031742,0,7,,0,2,8,15,A01
201900031742,0,34,,0,2,2,17,B01
201900031743,2,17,,0,2,8,1,B01
201900031743,1,17,,3,2,8,13,A01
201900031744,2,7,,13,0,3,1,A01
201900031745,1,7,,0,2,1,1,B01
201900031745,2,7,,0,2,7,26,A01
201900031746,1,7,,2,0,8,14,A01
201900031747,2,7,,0,2,3,1,A01
201900031747,1,7,,0,2,3,1,B01
201900031748,1,7,,0,2,4,2,A01
201900031748,1,7,,0,2,1,2,B01
201900031748,1,7,,0,2,1,2,C01
201900031748,1,7,,0,2,1,2,D01
201900031749,2,7,,0,2,1,3,A01
201900031749,2,7,,0,2,4,1,B01
201900031750,1,7,,0,1,3,15,A01
201900031751,1,33,,0,2,7,17,A01
201900031752,3,33,,0,2,7,1,A01
201900031752,3,7,,0,2,1,16,B01
201900031753,3,0,,0,2,1,19,B01
201900031753,3,13,,0,5,7,16,A01
201900031754,1,1,,0,2,1,1,B01
201900031754,1,7,,0,2,3,26,A01
201900031755,1,7,,0,2,0,15,A01
201900031755,1,30,,0,2,8,1,B01
201900031756,2,31,,0,0,3,1,A01
201900031757,1,10,,0,1,5,26,A01
201900031758,0,7,,0,2,1,1,C01
201900031758,0,32,,0,2,1,1,B01
201900031758,0,7,,0,2,2,1,A01
201900031759,2,7,,0,2,1,9,A01
201900031759,1,7,,0,2,5,9,B01
201900031760,1,7,,0,2,1,13,A01
201900031760,2,7,,0,2,1,1,B01
201900031761,3,7,,0,2,8,1,A01
201900031761,3,60,,0,2,1,19,B01
201900031762,1,7,,0,2,2,15,A01
201900031762,2,1,,0,2,1,8,B01
201900031763,1,10,,0,2,0,15,A01
201900031763,1,33,,0,2,8,1,B01
201900031764,2,7,,0,2,6,1,A01
201900031764,2,31,,0,2,1,2,B01
201900031765,2,7,,0,2,4,1,A01
201900031765,2,7,,0,2,1,1,B01
201900031765,2,7,,0,2,1,1,C01
201900031766,1,7,,0,2,1,1,B01
201900031766,2,7,,0,2,7,19,A01
201900031767,3,13,,0,2,6,15,A01
201900031767,3,33,,0,2,3,2,B01
201900031768,2,7,,0,2,8,1,B01
201900031768,1,32,,0,2,1,1,A01
201900031769,1,31,,0,0,9,1,B01
201900031770,1,30,,0,0,4,1,D01
201900031770,1,30,,0,2,1,1,C01
201900031771,1,7,,0,2,1,1,C01
201900031771,1,7,,0,2,4,1,D01
201900031772,1,33,,0,0,9,1,B01
201900031773,1,10,,0,1,4,25,A01
201900031774,2,7,,0,1,3,1,Z01
201900031775,2,1,,0,2,1,9,B01
201900031775,1,7,,0,2,1,1,A01
201900031776,1,7,,0,2,8,13,A01
201900031776,1,14,,0,2,2,0,B01
201900031777,1,7,,0,2,6,2,B01
201900031777,1,30,,0,2,1,2,A01
201900031778,2,7,,0,2,3,1,A01
201900031778,1,32,,0,2,7,1,B01
201900031779,2,7,,0,2,3,19,A01
201900031779,1,34,,0,2,1,1,B01
201900031780,1,10,,0,1,1,15,A01
201900031781,2,7,,0,2,2,1,A01
201900031781,3,1,,0,2,8,19,B01
201900031782,1,33,,14,0,0,17,A01
201900031783,3,7,,13,0,1,14,A01
201900031784,3,7,,0,2,4,2,B01
201900031784,3,7,,0,2,1,2,A01
201900031785,0,32,,1,2,7,2,B01
201900031785,2,7,,0,2,1,19,A01
201900031786,2,7,,15,0,2,1,A01
201900031787,2,7,,0,2,1,9,A01
201900031787,1,7,,0,2,2,1,B01
201900031788,1,7,,0,2,8,1,C01
201900031788,1,30,,0,2,1,9,A01
201900031788,1,30,,0,2,8,9,B01
201900031789,1,1,,0,2,1,1,C01
201900031789,1,7,,0,2,8,24,B01
201900031789,1,7,,0,2,5,22,A01
201900031790,3,30,,0,5,1,1,A01
201900031791,1,30,,0,2,4,17,Z01
201900031791,1,30,,0,2,1,1,A01
201900031792,1,7,,0,2,1,2,A01
201900031792,1,32,,0,2,4,2,B01
201900031793,2,7,,0,2,7,14,B01
201900031793,2,32,,0,2,8,1,A01
201900031794,2,7,,0,1,3,1,A01
201900031795,2,7,,0,2,2,10,A01
201900031795,1,31,,0,2,1,1,B01
201900031796,2,7,,0,2,3,15,A01
201900031796,2,33,,0,2,2,14,Z01
201900031797,3,33,,0,2,7,15,B01
201900031797,3,7,,0,2,3,10,A01
201900031798,2,7,,0,2,3,1,B01
201900031798,2,30,,0,2,7,1,A01
201900031799,1,33,,0,2,8,1,B01
201900031799,1,7,,0,2,0,11,A01
201900031800,1,1,,0,0,7,13,A01
201900031801,3,1,,0,1,1,1,A01
201900031802,2,10,,0,0,4,23,U01
201900031802,2,14,,0,2,1,2,B01
201900031803,2,30,,11,0,1,13,A01
201900031804,3,10,,0,2,1,9,B01