Num_Acc,senc,catv,occutc,obs,obsm,choc,manv,num_veh
201900031804,3,7,,0,2,2,26,A01
201900031805,1,30,,1,0,1,14,A01
201900031806,1,7,,0,1,3,20,A01
201900031807,1,33,,0,2,1,1,B01
201900031807,1,10,,0,2,1,9,A01
201900031808,1,33,,0,2,0,26,A01
201900031808,1,2,,0,2,0,1,B01
201900031809,2,10,,0,2,8,26,A01
201900031809,2,1,,0,2,1,1,B01
201900031810,1,31,,0,2,7,0,B01
201900031810,2,7,,0,2,7,15,A01
201900031811,2,7,,0,2,5,0,A01
201900031811,2,32,,0,2,1,21,B01
201900031812,1,3,,4,0,3,1,A01
201900031813,1,10,,0,2,2,15,B01
201900031813,1,1,,0,2,8,14,A01
201900031814,1,7,,0,6,3,26,A01
201900031814,1,1,,0,2,1,1,B01
201900031815,2,7,,0,2,2,15,B01
201900031815,1,1,,0,2,1,1,A01
201900031816,2,7,,0,2,2,26,A01
201900031816,1,7,,0,2,1,1,B01
201900031817,1,20,,0,2,6,10,A01
201900031817,1,31,,0,2,1,1,B01
201900031818,1,7,,0,2,2,15,B01
201900031818,2,30,,0,2,1,17,A01
201900031819,3,7,,0,0,9,1,A01
201900031820,1,7,,0,2,1,1,B01
201900031820,1,7,,0,2,5,1,A01
201900031821,1,33,,0,0,0,1,A01
201900031822,2,10,,0,2,6,13,B01
201900031822,1,7,,0,2,2,1,A01
201900031823,2,10,,0,2,1,2,A01
201900031823,2,7,,0,2,4,2,D01
201900031823,2,7,,0,2,1,2,C01
201900031823,2,10,,0,2,4,2,B01
201900031824,1,3,,0,1,1,1,A01
201900031825,3,1,,0,0,7,19,B01
201900031825,3,2,,0,9,1,9,A01
201900031826,1,31,,0,0,8,1,A01
201900031827,0,34,,0,2,1,17,A01
201900031827,0,7,,0,0,3,1,B01
201900031828,3,60,,0,2,8,1,B01
201900031828,1,7,,0,6,3,15,A01
201900031829,1,7,,0,1,6,1,A01
201900031830,2,7,,0,2,2,1,B01
201900031830,1,10,,0,2,1,19,A01
201900031831,1,7,,0,0,4,0,B01
201900031831,1,7,,0,0,1,12,A01
201900031832,1,7,,0,2,1,13,A01
201900031832,2,7,,0,2,3,1,B01
201900031833,3,3,,0,2,7,15,B01
201900031833,3,30,,0,2,1,5,A01
201900031834,3,33,,0,2,8,17,A01
201900031834,3,32,,0,2,8,1,B01
201900031834,2,33,,0,2,0,1,C01
201900031835,1,7,,0,2,4,23,B01
201900031835,1,7,,0,2,4,23,A01
201900031836,0,7,,13,0,0,14,A01
201900031837,3,3,,0,2,1,2,C01
201900031837,3,7,,0,2,1,2,B01
201900031837,3,33,,0,2,7,21,A01
201900031838,1,32,,0,2,1,1,B01
201900031838,1,7,,0,2,2,15,A01
201900031839,2,7,,0,2,3,2,B01
201900031839,1,7,,0,2,1,13,A01
201900031840,1,7,,0,2,3,20,A01
201900031840,1,32,,0,2,1,1,B01
201900031841,2,7,,0,2,1,15,B01
201900031841,1,33,,0,2,0,1,A01
201900031842,1,1,,0,2,3,13,B01
201900031842,1,37,1.0,0,2,2,17,A01
201900031843,2,7,,0,2,1,1,B01
201900031843,1,7,,0,2,2,15,A01
201900031844,1,31,,0,0,3,1,A01
201900031845,1,7,,0,1,3,19,A01
201900031846,1,33,,0,2,1,1,B01
201900031846,2,10,,0,0,3,15,A01
201900031847,1,32,,0,9,1,1,B01
201900031847,1,1,,0,0,4,13,A01
201900031848,1,7,,13,0,9,1,A01
201900031849,1,7,,2,0,1,2,A01
201900031850,2,7,,0,2,2,16,B01
201900031850,1,1,,0,0,6,1,A01
201900031851,2,20,,0,2,6,24,B01
201900031851,2,7,,1,0,2,1,A01
201900031852,2,7,,0,2,2,1,A01
201900031852,2,10,,0,2,1,16,B01
201900031853,0,30,,0,2,0,1,A01
201900031853,0,7,,0,2,0,5,B01
201900031854,1,14,,0,0,0,9,D01
201900031854,2,10,,0,2,7,21,C01
201900031854,1,17,,3,2,1,21,B01
201900031854,2,7,,3,2,1,15,A01
201900031855,1,2,,15,0,0,13,A01
201900031856,1,7,,13,2,1,1,B01
201900031856,2,3,,13,2,7,1,A01
201900031857,1,17,,0,0,2,1,A01
201900031858,1,7,,0,1,2,0,A01
201900031859,1,7,,13,0,0,21,A01
201900031860,1,2,,13,0,1,0,A01
201900031861,2,10,,0,2,1,1,A01
201900031861,2,15,,0,0,4,1,B01
201900031862,1,7,,0,2,1,1,A01
201900031862,2,21,,0,2,1,1,B01
201900031863,3,2,,0,2,9,9,B01
201900031863,1,7,,0,2,7,1,A01
201900031864,3,7,,0,9,3,1,A01
201900031864,3,1,,0,2,3,1,B01
201900031865,2,17,,0,0,4,2,B01
201900031865,2,10,,0,2,0,2,A01
201900031866,2,1,,0,2,8,15,B01
201900031866,1,7,,0,0,1,1,A01
201900031867,1,17,,0,2,1,1,A01
201900031867,1,10,,0,0,4,1,B01
201900031867,1,7,,0,2,1,1,C01
201900031868,1,7,,0,1,2,15,A01
201900031869,1,33,,0,2,3,10,A01
201900031869,1,33,,0,2,2,1,B01
201900031870,1,7,,0,2,2,15,A01
201900031870,2,33,,0,2,1,1,B01
201900031871,1,7,,0,2,3,20,A01
201900031871,1,33,,0,2,2,1,B01
201900031872,2,7,,0,2,1,1,B01
201900031872,1,7,,0,2,3,19,A01
201900031873,1,7,,0,2,6,1,B01
201900031873,2,7,,0,2,1,1,A01
201900031874,3,7,,0,2,0,17,A01
201900031874,3,0,,0,0,4,1,B01
201900031875,1,1,,0,0,1,2,A01
201900031876,2,10,,0,2,5,13,B01
201900031876,2,7,,0,1,1,12,A01
201900031877,2,7,,0,2,1,13,A01
201900031877,1,7,,0,2,1,1,B01
201900031878,3,2,,7,0,1,0,A01
201900031879,3,7,,2,0,8,13,A01
201900031880,2,7,,0,1,2,2,A01
201900031881,2,33,,13,0,1,17,A01
201900031882,1,31,,0,0,1,0,B01
201900031882,1,7,,15,0,3,26,A01
201900031883,0,33,,0,2,0,17,A01
201900031883,3,10,,0,2,8,10,B01
201900031884,1,31,,15,0,7,0,A01
201900031885,1,7,,0,0,1,1,A01
201900031885,3,21,,0,0,6,1,B01
201900031886,2,7,,0,2,1,1,C01
201900031886,2,7,,0,2,0,11,B01
201900031886,2,15,,0,2,2,12,A01
201900031887,1,7,,0,2,2,19,A01
201900031887,1,30,,0,2,1,1,B01
201900031888,3,39,,0,2,3,1,B01
201900031888,0,7,,0,4,6,1,A01
201900031889,2,7,,0,2,1,3,B01
201900031889,1,7,,0,2,1,1,A01
201900031890,3,7,,13,0,3,0,A01
201900031891,2,7,,0,1,3,1,A01
201900031891,2,15,,0,0,0,24,B01
201900031892,2,7,,0,2,1,1,B01
201900031892,1,7,,0,2,8,9,A01
201900031893,1,7,,15,0,9,1,A01
201900031894,3,7,,0,2,3,9,A01
201900031894,3,2,,0,2,2,1,B01
201900031895,2,7,,0,2,1,1,B01
201900031895,1,7,,0,2,1,13,A01
201900031896,3,31,,9,0,3,0,A01
201900031897,0,7,,0,1,2,1,A01
201900031898,1,10,,0,2,3,15,B01
201900031898,2,7,,0,2,3,13,A01
201900031899,0,33,,0,2,0,18,B01
201900031899,0,7,,0,2,3,15,A01
201900031900,2,7,,6,0,1,0,A01
201900031901,1,2,,1,2,1,1,B01
201900031901,1,7,,0,0,4,1,A01
201900031902,2,33,,0,2,1,1,A01
201900031902,2,7,,0,0,6,2,B01
201900031903,1,30,,0,0,0,0,A01
201900031904,0,2,,0,0,0,1,A01
201900031905,2,7,,0,2,8,13,B01
201900031905,2,33,,0,2,1,17,A01
201900031906,1,1,,0,2,4,1,B01
201900031906,1,7,,0,9,2,1,A01
201900031907,0,7,,13,0,1,1,A01
201900031908,0,7,,0,1,3,1,A01
201900031909,0,10,,0,1,2,0,A01
201900031910,3,33,,0,0,9,1,A01
201900031911,2,7,,0,1,2,0,A01
201900031912,3,1,,0,0,1,19,B01
201900031912,3,7,,0,1,3,1,A01
201900031913,2,1,,0,2,8,0,B01
201900031913,1,33,,0,1,1,1,A01
201900031914,3,7,,0,2,1,1,B01
201900031914,3,7,,0,2,3,19,A01
201900031915,1,2,,0,0,1,1,B01
201900031915,1,7,,0,0,3,9,A01
201900031916,2,7,,0,2,3,13,A01
201900031916,1,13,,0,2,3,1,B01
201900031916,1,7,,0,2,1,2,C01
201900031917,2,7,,0,2,2,15,A01
201900031917,1,33,,0,2,1,1,B01
201900031918,3,39,,0,2,2,1,B01
201900031918,3,14,,0,4,5,23,A01
201900031919,1,7,,0,2,1,1,B01
201900031919,2,30,,0,2,1,13,A01
201900031920,2,33,,0,2,2,1,B01
201900031920,2,10,,0,0,3,11,A01
201900031921,1,10,,0,2,3,15,A01
201900031921,2,33,,0,2,1,1,B01
201900031922,2,7,,0,2,3,23,A01
201900031922,1,2,,0,2,3,15,B01
201900031923,2,7,,0,2,4,2,A01
201900031923,2,10,,0,2,1,2,C01
201900031923,2,7,,0,2,4,2,B01
201900031924,2,7,,4,0,9,14,A01
201900031925,2,7,,0,0,4,2,B01
201900031925,2,7,,0,2,1,2,A01
201900031926,2,33,,0,0,7,3,A01
201900031927,2,7,,0,2,3,15,B01
201900031927,2,33,,0,2,2,17,A01
201900031928,2,7,,0,1,1,2,C01
201900031928,2,10,,0,2,4,1,B01
201900031928,2,7,,0,2,4,1,A01
201900031929,3,7,,2,0,8,1,A01
201900031930,2,7,,11,0,1,21,A01
201900031931,2,7,,13,0,1,13,A01
201900031932,1,17,,0,2,3,12,A01
201900031932,1,7,,0,2,4,1,B01
201900031933,3,99,,0,2,1,19,B01
201900031933,0,2,,0,2,2,1,A01
201900031934,0,1,,0,0,0,1,A01
201900031935,2,7,,0,2,7,12,A01
201900031935,2,33,,0,2,1,1,B01
201900031935,2,7,,0,2,4,2,C01
201900031936,1,43,,13,0,1,1,A01
201900031937,2,14,,0,2,4,2,D01
201900031937,2,7,,0,2,4,2,C01
201900031937,2,7,,0,2,5,2,B01
201900031937,2,7,,0,2,3,14,A01
201900031938,3,33,,0,0,0,1,A01
201900031939,1,32,,0,0,8,26,A01
201900031940,2,15,,0,2,6,1,B01
201900031940,2,7,,0,9,2,12,A01
201900031941,2,17,,0,0,3,24,C01
201900031941,2,7,,0,0,4,1,B01
201900031941,2,7,,1,1,2,26,A01
201900031942,1,7,,0,2,3,1,B01
201900031942,1,32,,0,2,5,9,A01
201900031943,2,7,,0,2,4,23,C01
201900031943,2,10,,0,2,4,23,B01
201900031943,2,10,,1,0,1,2,A01
201900031944,2,7,,0,2,4,23,C01
201900031944,2,10,,0,2,4,23,B01
201900031944,2,10,,1,0,1,2,A01
201900031945,1,7,,0,0,4,15,A01
201900031945,1,2,,0,2,1,2,B01
201900031946,2,15,,0,0,6,1,B01
201900031946,2,7,,0,2,1,0,A01
201900031947,1,7,,0,2,4,1,C01
201900031947,1,7,,0,2,4,1,B01
201900031947,1,7,,0,2,4,1,A01
201900031947,1,7,,0,2,1,26,Z01
201900031948,1,33,,0,2,1,1,B01
201900031948,2,17,,0,2,2,19,A01
201900031949,1,7,,0,2,4,2,B01
201900031949,1,7,,0,2,1,2,A01
201900031950,2,7,,0,2,2,12,A01
201900031950,2,10,,0,2,6,1,B01
201900031951,1,33,,0,2,1,1,B01
201900031951,1,7,,0,2,2,19,A01
201900031952,1,7,,5,6,1,9,A01
201900031953,2,7,,0,2,2,13,A01
201900031953,1,7,,0,2,2,21,B01
201900031954,2,7,,0,0,6,23,A01
201900031954,2,7,,1,0,2,1,B01
201900031955,2,10,,0,2,2,1,B01
201900031955,2,1,,0,2,3,11,A01
201900031956,1,32,,0,1,0,0,A01
201900031957,3,7,,0,2,3,19,A01
201900031957,3,33,,0,2,2,1,B01
201900031958,3,0,,0,2,1,0,Y01
201900031958,3,7,,0,1,3,26,A01
201900031959,1,33,,0,2,1,1,B01
201900031959,2,7,,0,2,3,19,A01
201900031960,2,30,,0,1,1,17,A01
201900031961,1,7,,0,0,0,1,A01
201900031962,2,7,,0,2,3,1,A01
201900031962,0,7,,0,2,8,9,B01
201900031963,3,1,,0,2,7,19,B01
201900031963,1,7,,0,2,1,2,A01
201900031964,2,7,,8,0,2,14,A01
201900031965,1,7,,0,2,0,0,A01
201900031965,3,1,,0,2,5,16,B01
201900031966,3,43,,6,0,1,15,A01
201900031967,1,30,,0,0,0,0,B01
201900031967,0,1,,0,0,0,0,A01
201900031968,2,7,,13,0,9,1,A01
201900031969,1,3,,0,2,7,12,A01
201900031969,1,2,,0,2,8,1,B01
201900031970,2,7,,0,2,2,1,B01
201900031970,2,1,,0,2,3,16,A01
201900031971,2,7,,0,2,4,2,C01
201900031971,2,7,,0,2,1,2,B01
201900031971,2,7,,0,2,1,2,A01
201900031972,0,7,,13,0,1,0,A01
201900031973,3,7,,0,2,1,13,A01
201900031973,3,7,,0,2,3,1,B01
201900031974,1,2,,0,2,1,1,B01
201900031974,1,7,,0,2,7,16,A01
201900031975,3,30,,0,0,8,1,A01
201900031976,3,7,,0,9,6,24,A01
201900031976,3,1,,1,0,1,2,B01
201900031977,1,7,,0,2,2,26,A01
201900031977,1,31,,0,2,1,5,B01
201900031978,0,2,,0,9,1,1,A01
201900031979,1,7,,0,2,0,19,A01
201900031979,2,33,,0,2,1,0,B01
201900031980,2,7,,0,1,3,2,A01
201900031981,1,7,,0,2,3,1,A01
201900031981,1,7,,0,2,1,15,B01
201900031982,3,7,,0,2,2,19,A01
201900031982,3,7,,0,2,1,1,B01
201900031983,2,7,,0,2,3,19,A01
201900031983,1,31,,0,2,7,1,B01
201900031984,1,31,,0,2,1,17,B01
201900031984,1,7,,0,2,3,15,A01
201900031985,3,1,,0,2,8,1,B01
201900031985,3,7,,0,2,7,16,A01
201900031986,2,7,,0,2,3,1,A01
201900031986,1,14,,0,2,3,1,B01
201900031987,2,7,,0,2,1,1,B01
201900031987,1,2,,0,2,1,5,A01
201900031988,2,31,,0,2,1,1,B01
201900031988,1,7,,0,2,1,17,A01
201900031989,2,7,,16,0,1,1,A01
201900031990,3,7,,0,2,1,15,A01
201900031990,3,7,,0,2,3,1,B01
201900031991,0,7,,0,1,7,1,A01
201900031992,0,33,,0,2,1,1,B01
201900031992,0,7,,0,2,3,15,A01
201900031993,2,7,,0,2,4,2,A01
201900031993,2,7,,0,2,4,2,B01
201900031993,2,7,,0,2,1,2,C01
201900031994,2,7,,0,2,7,12,A01
201900031994,2,33,,0,2,8,1,B01
201900031995,2,7,,0,2,2,15,A01
201900031995,1,43,,0,2,1,1,B01
201900031996,1,7,,0,2,5,11,B01
201900031996,1,33,,0,2,1,1,A01
201900031997,2,7,,0,2,3,1,A01
201900031997,2,10,,0,2,2,1,B01
201900031997,1,7,,0,2,7,12,C01
201900031998,1,33,,0,2,1,2,A01
201900031998,1,7,,0,2,5,2,B01
201900031999,1,7,,0,2,1,15,A01
201900031999,2,1,,0,2,8,0,B01
201900032000,1,7,,0,2,6,1,A01
201900032000,1,7,,0,2,2,1,B01
201900032000,1,33,,0,2,1,3,C01
201900032001,1,37,1.0,0,2,3,13,A01
201900032001,2,14,,0,2,7,1,B01
201900032002,1,7,,0,1,3,1,A01
201900032003,2,33,,0,0,9,0,A01
201900032004,2,7,,0,2,3,15,A01
201900032004,1,2,,0,2,8,1,B01
201900032005,2,7,,0,2,1,17,B01
201900032005,2,2,,0,2,3,1,A01
201900032006,2,33,,0,0,9,11,A01
201900032007,2,7,,0,2,1,2,A01
201900032007,2,7,,0,2,4,2,B01
201900032008,2,7,,0,2,0,26,B01
201900032008,2,30,,0,2,0,13,A01
201900032009,1,7,,0,2,6,9,C01
201900032009,1,10,,0,2,4,1,B01
201900032009,1,37,1.0,0,2,1,1,A01
201900032010,3,7,,0,2,3,26,A01
201900032010,3,99,,0,2,3,1,B01
201900032011,2,7,,0,2,8,11,B01
201900032011,2,31,,0,2,7,3,A01
201900032012,3,7,,8,2,2,17,A01
201900032012,3,7,,0,2,3,9,B01
201900032013,1,33,,0,2,7,11,B01
201900032013,1,7,,0,2,7,12,A01
201900032014,1,7,,0,1,1,16,A01
201900032015,1,10,,0,2,1,1,C01
201900032015,1,7,,0,2,4,1,B01
201900032015,1,7,,0,2,4,1,A01
201900032016,2,33,,0,2,1,1,A01
201900032016,2,7,,0,2,5,12,B01
201900032017,1,7,,0,1,3,1,A01
201900032018,2,10,,5,0,3,13,A01
201900032019,2,2,,16,0,7,1,A01
201900032020,2,7,,0,2,8,1,B01
201900032020,1,7,,0,2,3,15,A01
201900032021,1,7,,0,2,3,1,B01
201900032021,0,7,,0,2,1,15,A01
201900032022,1,1,,0,2,6,1,A01
201900032022,1,7,,0,2,1,1,B01
201900032023,3,7,,0,2,2,9,B01
201900032023,3,10,,0,2,0,9,Z01
201900032024,2,7,,0,2,3,1,A01
201900032024,2,7,,0,2,2,1,B01
201900032025,0,7,,0,2,1,17,A01
201900032025,0,34,,0,2,1,0,B01
201900032026,1,10,,0,2,1,13,A01
201900032026,2,15,,0,2,1,1,B01
201900032027,1,33,,4,0,8,13,A01
201900032028,1,7,,3,0,1,0,A01
201900032029,1,30,,0,0,7,0,A01
201900032030,3,1,,0,2,5,19,A01
201900032030,3,7,,0,2,1,1,B01
201900032031,1,50,,0,2,2,1,B01
201900032031,2,7,,0,2,2,15,A01
201900032032,1,7,,0,2,1,0,B01
201900032032,1,30,,0,2,9,19,A01
201900032033,1,33,,0,2,8,26,A01
201900032033,1,7,,0,2,3,0,B01
201900032034,1,7,,0,2,7,0,B01
201900032034,1,1,,0,2,1,0,A01
201900032035,3,1,,12,0,1,1,A01
201900032036,2,7,,0,2,1,2,A01
201900032036,2,7,,0,2,4,1,B01
201900032037,0,40,,0,0,0,0,B01
201900032037,0,1,,0,-1,0,0,A01
201900032038,2,7,,0,2,1,1,B01
201900032038,1,10,,0,2,1,11,A01
201900032039,1,7,,0,2,0,0,A01
201900032039,1,32,,0,2,0,0,B01
201900032040,3,50,,0,2,1,19,B01
201900032040,1,7,,0,2,2,0,A01
201900032041,2,30,,0,2,6,18,A01
201900032041,2,7,,0,2,2,16,B01
201900032042,2,7,,0,2,3,15,A01
201900032043,3,7,,0,2,2,1,A01
201900032043,3,34,,0,2,1,1,B01
201900032044,1,10,,0,2,7,15,A01
201900032044,2,43,,0,2,1,1,B01
201900032045,2,10,,0,1,3,16,A01
201900032046,1,30,,12,2,7,21,A01
201900032047,1,7,,0,2,2,1,B01
201900032047,1,2,,0,2,1,18,A01
201900032048,2,7,,0,2,2,1,A01
201900032048,2,7,,0,2,3,1,B01
201900032049,0,7,,6,0,1,21,A01
201900032050,1,7,,0,2,4,20,A01
201900032050,1,2,,0,2,1,2,B01
201900032051,3,7,,0,2,3,10,B01
201900032051,3,7,,0,2,2,21,A01
201900032052,1,7,,0,6,4,15,B01
201900032052,1,2,,0,2,1,2,A01
201900032053,1,7,,1,0,3,1,A01
201900032054,2,36,,7,0,1,15,A01
201900032055,1,7,,0,2,6,22,A01
201900032055,1,50,,1,0,1,1,B01
201900032056,3,30,,8,2,1,17,A01
201900032056,3,7,,0,2,6,15,B01
201900032057,1,7,,0,1,5,1,A01
201900032058,2,7,,0,2,1,15,A01
201900032058,1,33,,0,2,2,17,B01
201900032059,1,50,,0,1,1,5,A01
201900032060,1,99,,8,2,0,0,B01
201900032060,1,7,,0,2,3,2,A01
201900032061,1,7,,0,2,1,16,B01
201900032061,1,7,,0,2,4,4,A01
201900032062,1,7,,0,2,2,1,B01
201900032062,2,34,,0,2,3,15,A01
201900032063,1,1,,0,2,1,1,A01
201900032063,3,7,,0,2,1,15,B01
201900032064,3,7,,0,2,6,1,B01
201900032064,3,31,,0,2,1,11,A01
201900032065,3,7,,0,2,1,1,Z01
201900032065,3,7,,0,2,6,1,B01
201900032066,1,7,,0,0,0,22,A01
201900032067,3,10,,0,2,4,26,B01
201900032067,3,32,,0,2,1,26,A01
201900032068,1,7,,0,2,0,0,A01
201900032068,2,32,,0,2,4,2,B01
201900032069,2,33,,0,2,7,12,B01
201900032069,2,7,,0,2,6,1,A01
201900032070,2,7,,0,1,1,9,A01
201900032071,1,31,,0,1,7,21,A01
201900032072,1,7,,0,2,6,9,A01
201900032072,1,30,,0,2,1,1,B01
201900032073,2,7,,0,1,1,1,A01
201900032074,1,31,,0,0,1,1,A01
201900032075,2,7,,0,2,0,1,Z01
201900032075,2,10,,6,2,1,12,A01
201900032076,1,33,,0,2,2,26,B01
201900032076,1,7,,0,2,3,9,A01
201900032077,2,50,,0,1,3,25,Z01
201900032078,2,7,,0,2,1,2,A01
201900032078,2,31,,0,2,4,2,B01
201900032079,1,10,,0,2,3,1,A01
201900032079,1,7,,0,2,5,9,B01
201900032080,1,33,,0,2,3,1,B01
201900032080,1,7,,0,2,2,9,A01
201900032081,1,32,,1,0,7,1,A01
201900032082,2,33,,0,2,1,17,A01
201900032082,2,7,,0,2,6,15,B01
201900032083,1,7,,0,2,3,15,A01
201900032083,2,33,,0,2,8,1,B01
201900032084,2,33,,0,2,2,1,B01
201900032084,2,7,,0,2,3,15,A01
201900032085,1,33,,0,1,3,18,A01
201900032086,1,33,,0,2,1,1,B01
201900032086,1,1,,0,2,8,19,A01
201900032087,2,7,,0,2,4,2,B01
201900032087,2,30,,0,2,1,2,A01
201900032088,2,43,,1,2,8,1,B01
201900032088,2,7,,0,2,7,14,A01
201900032089,1,7,,0,2,6,11,A01
201900032089,1,33,,0,2,7,1,B01
201900032090,1,10,,0,2,7,17,A01
201900032090,1,37,1.0,0,2,3,1,B01
201900032091,1,7,,0,1,5,20,A01
201900032092,2,10,,0,2,3,2,A01
201900032092,2,33,,0,2,4,23,B01
201900032093,1,33,,0,2,2,20,B01
201900032093,1,7,,0,2,3,1,A01
201900032094,0,10,,15,0,1,1,A01
201900032095,3,20,,0,0,3,15,B01
201900032095,3,30,,0,0,1,1,A01
201900032096,3,13,,0,2,2,12,A01
201900032096,3,32,,0,2,3,26,B01
201900032097,2,1,,1,0,2,2,B01
201900032097,2,7,,0,2,3,24,A01
201900032098,1,31,,0,2,1,2,A01
201900032098,1,10,,14,0,4,2,B01
201900032099,3,7,,0,2,2,15,A01
201900032099,3,7,,0,2,3,1,B01
201900032100,1,7,,0,1,1,1,A01
201900032101,2,7,,0,2,7,16,A01
201900032101,2,34,,0,2,3,18,B01
201900032102,3,7,,0,0,4,2,B01
201900032102,3,7,,0,0,1,2,A01
201900032103,3,7,,0,1,3,15,A01
201900032104,0,40,,0,0,0,0,B01
201900032104,0,7,,0,-1,3,15,A01
201900032105,1,7,,0,2,2,2,A01
201900032105,1,7,,0,2,4,2,B01
201900032105,1,7,,0,2,4,2,C01
201900032106,0,30,,0,1,8,5,A01
201900032107,3,3,,0,2,2,2,B01
201900032107,3,3,,0,2,3,10,A01
201900032108,1,60,,0,2,7,21,A01
201900032109,2,7,,0,2,1,1,A01
201900032109,3,7,,0,2,3,23,B01
201900032110,3,7,,0,2,9,5,A01
201900032110,3,7,,0,0,0,0,E01
201900032111,2,7,,0,2,5,15,A01
201900032111,1,33,,0,2,1,1,B01
201900032112,1,7,,7,0,9,1,A01
201900032113,1,7,,0,2,1,1,B01
201900032113,2,7,,0,2,1,13,A01
201900032114,0,2,,0,2,1,1,B01
201900032114,2,7,,0,2,7,1,A01
201900032115,1,7,,0,1,1,1,A01
201900032116,2,7,,0,1,1,1,A01
201900032117,2,7,,13,0,8,13,A01
201900032118,1,1,,0,0,0,19,B01
201900032118,1,7,,0,0,2,17,A01
201900032119,2,7,,2,0,1,1,A01
201900032120,3,7,,0,1,5,4,A01
201900032121,1,2,,0,0,7,1,A01
201900032121,2,7,,0,0,2,1,B01
201900032122,2,7,,0,2,3,13,A01
201900032122,2,7,,0,2,1,1,D01
201900032122,1,7,,0,2,8,1,C01
201900032122,1,7,,0,2,3,1,B01
201900032123,1,7,,3,0,1,1,A01
201900032124,1,7,,8,0,1,17,A01
201900032125,1,99,,8,0,2,1,A01
201900032126,1,7,,0,2,1,1,B01
201900032126,2,7,,0,2,1,15,A01
201900032127,2,7,,0,2,3,13,A01
201900032127,1,7,,0,2,3,1,B01
201900032128,1,7,,13,0,2,0,A01
201900032129,1,7,,0,2,1,1,B01
201900032129,1,7,,0,2,8,9,A01
201900032130,1,7,,15,2,3,1,A01
201900032130,1,7,,0,2,3,1,B01
201900032131,1,7,,0,2,1,15,A01
201900032131,2,7,,0,2,1,1,B01
201900032132,1,7,,0,1,2,1,A01
201900032133,1,7,,0,1,3,13,A01
201900032134,1,10,,0,2,0,1,A01
201900032134,2,10,,0,2,8,1,B01
201900032134,2,7,,0,2,8,1,C01
201900032135,3,7,,0,1,3,1,A01
201900032136,1,7,,6,0,7,1,A01
201900032137,1,7,,16,0,2,14,A01
201900032138,1,7,,8,0,2,1,A01
201900032139,2,7,,16,0,9,0,A01
201900032140,3,7,,0,2,2,1,A01
201900032140,3,2,,0,2,2,17,B01
201900032141,2,13,,0,1,2,1,A01
201900032142,2,7,,0,2,1,1,B01
201900032142,1,7,,13,2,7,15,A01
201900032143,2,7,,0,2,3,1,A01
201900032143,1,7,,0,2,3,15,B01
201900032144,1,7,,13,0,3,17,A01
201900032145,1,7,,6,0,2,1,A01
201900032146,1,7,,0,0,1,1,A01
201900032147,1,7,,13,0,7,1,A01
201900032148,2,7,,2,0,2,1,A01
201900032149,2,7,,2,0,1,1,A01
201900032150,3,7,,2,0,3,1,A01
201900032151,1,7,,0,2,4,23,C01
201900032151,1,7,,0,2,1,1,A01
201900032151,1,7,,0,0,4,23,B01
201900032151,1,7,,0,2,4,23,D01
201900032152,1,7,,9,0,9,1,A01
201900032153,0,2,,0,2,1,5,A01
201900032153,0,7,,0,2,1,1,B01
201900032154,2,7,,0,2,6,15,B01
201900032154,1,2,,0,2,1,1,C01
201900032155,3,31,,6,0,2,11,A01
201900032156,3,7,,0,2,1,9,A01
201900032156,1,7,,0,2,3,1,B01
201900032157,1,7,,2,0,1,16,A01
201900032158,2,7,,17,0,2,1,A01
201900032159,2,7,,0,2,8,26,A01
201900032159,1,7,,0,2,1,1,B01
201900032160,2,7,,0,2,1,2,B01
201900032160,2,7,,0,0,8,15,A01
201900032161,1,10,,0,2,8,1,B01
201900032161,2,7,,0,2,3,13,A01
201900032162,2,15,,0,2,1,1,B01
201900032162,1,15,,0,2,1,1,C01
201900032162,2,7,,0,2,8,19,A01
201900032163,0,7,,13,0,1,1,A01
201900032164,1,10,,3,2,1,1,A01
201900032164,1,10,,14,0,2,1,C01
201900032164,1,15,,0,2,4,1,B01
201900032165,1,2,,0,2,7,1,B01
201900032165,1,7,,0,2,1,9,A01
201900032166,0,7,,13,0,0,0,A01
201900032167,2,7,,0,2,8,1,C01
201900032167,2,7,,0,2,1,1,B01
201900032167,1,7,,0,2,1,13,A01
201900032168,2,14,,16,0,8,13,A01
201900032169,1,7,,0,2,3,21,B01
201900032169,1,1,,0,2,8,19,A01
201900032170,1,7,,0,0,4,23,C01
201900032170,1,7,,0,2,4,23,B01
201900032170,1,7,,0,2,1,2,A01
201900032171,0,2,,0,0,1,1,A01
201900032172,2,7,,3,0,6,2,B01
201900032172,2,10,,0,2,2,2,A01
201900032173,1,7,,0,1,2,13,A01
201900032174,1,7,,13,0,0,2,B01
201900032174,1,7,,13,0,0,17,A01
201900032175,1,7,,0,2,4,2,B01
201900032175,1,7,,0,2,3,2,A01
201900032176,1,10,,16,0,8,1,A01
201900032177,2,33,,0,2,1,17,A01
201900032177,2,10,,0,0,8,15,B01
201900032178,2,1,,0,2,4,1,B01
201900032178,2,14,,0,9,2,1,A01
201900032179,1,7,,0,0,0,0,A01
201900032180,3,7,,0,1,1,1,A01
201900032181,2,17,,7,9,2,21,A01
201900032182,3,10,,0,2,2,15,B01