Num_Acc,senc,catv,occutc,obs,obsm,choc,manv,num_veh
201900032182,3,32,,0,2,2,1,A01
201900032183,1,17,,0,0,0,1,A01
201900032184,2,7,,0,2,4,2,A01
201900032184,2,7,,0,2,1,2,B01
201900032185,2,33,,0,2,1,1,A01
201900032185,1,7,,0,2,3,1,B01
201900032186,1,7,,0,0,7,0,A01
201900032187,1,7,,0,1,2,1,A01
201900032188,1,7,,0,2,1,13,A01
201900032188,2,38,12.0,0,2,2,21,B01
201900032189,2,7,,0,0,4,26,A01
201900032189,2,2,,0,2,1,23,B01
201900032190,0,7,,0,0,6,1,B01
201900032190,0,7,,10,2,1,17,A01
201900032191,1,7,,0,2,3,1,B01
201900032191,2,7,,4,2,5,5,A01
201900032192,1,7,,0,2,7,15,A01
201900032192,1,33,,0,2,1,1,B01
201900032193,0,7,,0,2,2,15,A01
201900032193,1,1,,0,2,7,5,B01
201900032194,1,7,,8,0,3,0,A01
201900032195,1,7,,2,0,9,13,A01
201900032196,2,34,,0,2,1,17,A01
201900032196,1,7,,0,9,0,1,C01
201900032196,1,7,,0,2,3,1,B01
201900032197,1,7,,0,2,3,15,B01
201900032197,1,33,,0,2,1,17,A01
201900032198,3,7,,0,2,1,26,A01
201900032198,1,7,,0,0,8,1,B01
201900032199,2,7,,0,2,3,14,A01
201900032199,2,17,,0,2,4,1,B01
201900032200,1,33,,14,2,3,1,A01
201900032200,2,7,,0,2,8,1,B01
201900032201,3,7,,0,2,3,1,B01
201900032201,3,7,,0,2,3,13,A01
201900032202,2,7,,0,0,8,10,A01
201900032202,2,33,,1,0,1,1,B01
201900032202,2,33,,0,2,1,1,C01
201900032202,2,33,,0,0,1,1,D01
201900032203,0,7,,0,2,3,1,B01
201900032203,3,7,,0,2,1,1,A01
201900032204,3,7,,2,0,2,26,A01
201900032205,2,2,,8,0,1,1,A01
201900032206,2,7,,9,0,9,1,A01
201900032207,0,2,,0,0,0,0,A01
201900032208,2,7,,0,2,2,1,C01
201900032208,2,7,,0,2,3,1,B01
201900032208,1,7,,0,2,3,13,A01
201900032209,3,1,,0,2,1,1,C01
201900032209,3,1,,0,2,1,1,B01
201900032209,3,1,,0,2,1,1,A01
201900032210,2,2,,0,2,5,1,B01
201900032210,1,7,,0,2,3,9,A01
201900032211,2,7,,0,2,2,1,A01
201900032211,1,7,,0,2,3,15,B01
201900032212,1,2,,0,2,1,1,A01
201900032212,1,10,,0,0,8,15,B01
201900032213,2,7,,0,1,1,1,A01
201900032214,2,7,,13,0,2,1,A01
201900032215,1,1,,0,2,7,15,B01
201900032215,2,7,,0,2,2,1,A01
201900032216,2,10,,0,2,2,15,A01
201900032216,1,33,,0,2,8,1,B01
201900032217,1,7,,13,2,4,2,B01
201900032217,1,33,,0,2,1,26,A01
201900032218,3,7,,0,2,2,9,A01
201900032218,3,31,,0,2,2,1,B01
201900032219,2,7,,2,0,3,1,A01
201900032220,2,33,,0,2,8,19,B01
201900032220,2,7,,0,2,2,1,A01
201900032221,2,7,,0,9,1,15,A01
201900032221,1,1,,0,2,1,1,B01
201900032222,2,7,,13,0,2,15,A01
201900032223,1,7,,0,2,2,2,A01
201900032223,1,15,,0,0,6,2,B01
201900032224,3,2,,0,2,1,1,B01
201900032224,3,7,,0,0,8,19,A01
201900032225,3,7,,0,1,1,15,A01
201900032226,2,7,,2,0,2,1,A01
201900032227,0,7,,0,2,3,16,A01
201900032227,3,2,,0,2,2,1,B01
201900032228,3,7,,2,0,2,1,A01
201900032229,2,7,,0,0,1,13,A01
201900032230,3,2,,0,2,1,1,B01
201900032230,3,7,,0,2,2,15,A01
201900032231,0,7,,13,0,1,1,A01
201900032232,2,7,,0,2,3,13,A01
201900032232,1,7,,0,2,3,1,B01
201900032233,1,7,,0,2,3,1,B01
201900032233,2,7,,0,2,3,13,A01
201900032234,1,7,,0,2,1,9,A01
201900032234,1,1,,0,2,7,1,B01
201900032235,3,7,,0,1,1,1,A01
201900032236,3,2,,0,2,7,26,A01
201900032236,3,7,,0,2,1,26,B01
201900032237,3,7,,0,2,1,1,B01
201900032237,3,2,,0,2,1,1,A01
201900032238,3,33,,0,2,1,2,A01
201900032238,3,21,,0,2,5,1,B01
201900032239,1,7,,13,0,0,1,A01
201900032240,2,7,,0,2,6,1,B01
201900032240,2,15,,0,2,2,21,A01
201900032241,1,7,,0,2,3,1,B01
201900032241,2,7,,0,2,3,13,A01
201900032242,1,7,,13,0,0,1,A01
201900032243,1,7,,0,2,1,19,A01
201900032243,2,7,,0,0,1,0,B01
201900032244,2,7,,6,0,2,1,A01
201900032245,3,7,,0,1,3,1,A01
201900032246,3,7,,0,1,1,19,A01
201900032247,1,7,,8,0,8,14,A01
201900032248,2,31,,0,0,1,1,A01
201900032249,1,7,,0,1,1,1,A01
201900032250,2,7,,0,2,1,15,A01
201900032250,1,7,,0,2,1,1,B01
201900032251,1,7,,0,2,7,15,A01
201900032251,2,7,,0,2,1,1,B01
201900032252,2,7,,0,2,1,5,A01
201900032252,1,7,,0,2,1,1,B01
201900032253,1,7,,6,0,1,1,A01
201900032254,0,99,,0,0,0,0,B01
201900032254,0,99,,0,0,0,0,A01
201900032255,1,7,,2,0,9,1,A01
201900032256,3,7,,0,1,2,1,A01
201900032257,2,10,,0,2,5,0,A01
201900032257,1,33,,0,2,1,0,B01
201900032258,1,7,,0,2,1,2,A01
201900032258,1,7,,0,2,4,2,B01
201900032259,2,32,,0,2,6,14,A01
201900032260,2,7,,0,2,1,1,A01
201900032260,1,7,,3,0,9,0,B01
201900032261,2,34,,0,0,8,1,A01
201900032262,1,7,,0,2,4,1,A01
201900032262,1,7,,0,2,1,2,B01
201900032263,2,13,,0,0,0,0,B01
201900032263,2,7,,3,0,0,16,A01
201900032264,2,7,,0,2,4,1,A01
201900032264,2,7,,0,2,4,2,B01
201900032264,2,10,,0,2,1,2,C01
201900032264,2,7,,0,2,1,2,D01
201900032265,1,7,,0,2,9,1,A01
201900032265,1,7,,6,2,2,14,B01
201900032266,1,7,,3,0,2,26,A01
201900032267,1,7,,0,2,1,26,B01
201900032267,1,7,,0,2,4,26,A01
201900032268,1,7,,0,2,9,0,A01
201900032268,1,10,,0,2,4,21,C01
201900032268,1,7,,14,0,1,1,E01
201900032268,1,7,,0,2,1,21,B01
201900032268,1,7,,0,2,1,21,D01
201900032269,1,7,,0,2,8,0,B01
201900032269,1,15,,0,2,2,0,A01
201900032270,1,10,,0,2,4,1,A01
201900032271,1,7,,4,0,3,1,A01
201900032272,2,7,,0,2,1,2,D01
201900032272,2,7,,0,2,4,23,C01
201900032272,2,10,,0,2,4,1,B01
201900032272,2,7,,0,2,4,23,A01
201900032273,1,7,,0,2,8,1,A01
201900032273,1,7,,0,2,7,1,C01
201900032273,1,17,,0,2,2,12,B01
201900032273,1,10,,0,2,1,1,D01
201900032274,1,7,,0,2,8,1,B01
201900032274,1,10,,4,2,7,14,A01
201900032275,1,7,,0,2,4,1,B01
201900032275,1,10,,0,2,4,1,D01
201900032275,1,7,,0,0,1,2,C01
201900032275,1,7,,0,2,1,2,A01
201900032276,2,7,,0,2,7,2,B01
201900032276,2,36,,0,2,8,2,A01
201900032277,2,7,,0,2,5,2,B01
201900032277,2,31,,0,2,1,1,A01
201900032278,2,7,,0,2,4,2,D01
201900032278,2,10,,0,2,4,2,C01
201900032278,2,7,,0,2,4,2,B01
201900032278,2,7,,0,2,1,1,A01
201900032279,1,7,,0,2,1,2,A01
201900032279,1,7,,0,2,4,0,B01
201900032280,2,7,,0,2,6,11,A01
201900032280,2,33,,0,2,2,3,B01
201900032281,2,7,,0,2,3,3,A01
201900032281,2,7,,0,2,5,1,B01
201900032281,2,15,,0,2,6,1,C01
201900032282,1,7,,0,2,5,23,B01
201900032282,1,7,,0,2,1,2,A01
201900032283,2,7,,0,2,2,2,D01
201900032283,2,7,,0,2,4,23,C01
201900032283,2,10,,0,2,4,23,B01
201900032283,2,10,,0,2,4,23,A01
201900032284,1,7,,0,2,8,1,B01
201900032284,1,7,,0,2,1,1,C01
201900032284,1,7,,0,2,1,1,D01
201900032284,1,7,,0,2,1,1,E01
201900032284,1,17,,0,2,2,14,Z01
201900032285,1,7,,4,2,2,0,B01
201900032285,1,7,,4,2,3,14,A01
201900032286,1,33,,3,0,0,13,A01
201900032287,1,7,,0,2,5,1,B01
201900032287,1,7,,0,2,1,1,A01
201900032288,1,7,,0,2,4,1,B01
201900032288,1,7,,0,2,4,1,C01
201900032288,1,15,,0,2,1,1,A01
201900032289,2,7,,0,2,1,2,A01
201900032289,2,7,,0,2,4,1,B01
201900032290,2,10,,0,2,1,2,A01
201900032290,2,3,,0,2,4,2,B01
201900032291,1,7,,0,2,1,2,A01
201900032291,1,7,,0,2,4,2,B01
201900032292,1,33,,0,2,7,3,B01
201900032292,1,7,,0,2,8,13,A01
201900032293,2,7,,4,2,2,21,A01
201900032293,2,7,,0,2,0,1,C01
201900032293,2,7,,0,2,6,1,B01
201900032294,1,33,,0,2,8,1,B01
201900032294,1,7,,0,2,7,14,A01
201900032295,2,7,,0,2,1,1,A01
201900032295,2,7,,0,2,4,1,B01
201900032296,1,7,,3,0,3,2,A01
201900032297,2,7,,4,0,4,21,A01
201900032298,1,10,,0,2,2,1,B01
201900032298,1,7,,0,2,6,11,A01
201900032299,1,7,,0,2,2,1,B01
201900032299,1,7,,0,2,8,11,A01
201900032300,1,7,,0,2,4,21,E01
201900032300,1,7,,0,2,3,1,D01
201900032300,1,7,,0,2,4,1,C01
201900032300,1,7,,0,2,4,1,B01
201900032300,1,7,,0,2,1,1,A01
201900032301,2,7,,0,2,2,12,A01
201900032301,2,7,,0,2,6,2,C01
201900032301,2,32,,0,2,8,3,B01
201900032302,2,7,,5,0,1,14,A01
201900032303,1,7,,0,2,1,1,A01
201900032303,1,7,,0,2,4,1,B01
201900032304,2,7,,4,0,9,1,A01
201900032305,1,7,,0,0,1,1,A01
201900032306,2,10,,0,2,5,1,A01
201900032306,2,32,,0,2,3,3,B01
201900032307,1,7,,0,2,4,2,B01
201900032307,1,7,,0,2,4,2,C01
201900032307,1,7,,0,2,1,2,A01
201900032308,1,7,,0,2,1,2,A01
201900032308,1,7,,0,2,4,2,B01
201900032309,1,14,,0,2,4,2,B01
201900032309,1,20,,0,2,1,2,A01
201900032310,1,33,,0,2,8,3,B01
201900032310,1,7,,0,2,7,12,A01
201900032311,2,33,,0,2,5,3,B01
201900032311,2,7,,0,2,3,11,A01
201900032312,2,7,,0,2,1,2,A01
201900032312,2,10,,0,2,4,2,C01
201900032312,2,7,,0,2,4,2,B01
201900032313,1,7,,1,0,1,1,A01
201900032313,1,7,,4,0,1,13,B01
201900032313,1,7,,1,0,3,1,C01
201900032314,2,7,,0,2,1,1,B01
201900032314,2,7,,0,2,4,2,A01
201900032315,0,33,,0,0,2,1,A01
201900032316,1,17,,0,1,7,1,A01
201900032317,2,7,,0,2,5,2,C01
201900032317,2,7,,0,2,6,2,B01
201900032317,2,37,1.0,0,2,2,21,A01
201900032318,1,10,,0,2,8,1,B01
201900032318,1,32,,0,2,0,9,A01
201900032319,2,7,,0,2,1,2,A01
201900032319,2,7,,0,2,4,23,B01
201900032320,1,7,,13,0,3,19,A01
201900032321,2,32,,0,0,3,3,A01
201900032322,2,7,,1,0,2,21,A01
201900032322,2,7,,0,2,6,24,B01
201900032323,2,7,,0,2,1,0,B01
201900032323,2,7,,0,2,4,1,A01
201900032324,2,7,,0,2,4,2,C01
201900032324,2,7,,0,2,6,1,B01
201900032324,2,7,,0,2,2,13,A01
201900032325,2,33,,0,2,2,3,A01
201900032325,2,7,,0,2,6,1,B01
201900032325,2,7,,0,2,2,1,C01
201900032326,1,7,,4,0,0,13,A01
201900032327,2,7,,0,2,1,2,A01
201900032327,2,10,,0,2,4,2,B01
201900032327,2,7,,0,2,4,2,C01
201900032328,2,7,,4,0,1,26,A01
201900032329,2,7,,4,0,3,21,A01
201900032330,2,7,,0,2,4,2,B01
201900032330,2,7,,0,2,4,2,C01
201900032330,2,7,,0,2,1,2,A01
201900032331,2,33,,0,2,7,1,B01
201900032331,2,7,,0,2,8,11,A01
201900032332,2,7,,0,2,0,2,B01
201900032332,2,7,,0,2,0,1,A01
201900032333,1,7,,0,2,4,2,G01
201900032333,1,10,,0,2,4,2,B01
201900032333,1,7,,0,2,4,2,D01
201900032333,1,7,,0,2,4,2,E01
201900032333,1,7,,0,2,4,2,C01
201900032333,1,10,,0,2,1,2,A01
201900032333,1,7,,0,2,4,2,F01
201900032334,2,7,,0,2,6,1,B01
201900032334,2,17,,0,2,2,12,A01
201900032335,1,7,,4,2,1,18,A01
201900032335,1,7,,0,2,4,1,B01
201900032335,1,7,,0,2,4,1,C01
201900032336,1,7,,4,2,1,11,A01
201900032336,1,17,,4,2,8,1,B01
201900032337,2,7,,0,2,4,1,C01
201900032337,2,7,,0,2,4,1,B01
201900032337,2,7,,0,2,1,2,A01
201900032338,2,17,,0,2,1,2,A01
201900032338,2,7,,0,2,4,2,B01
201900032339,2,7,,4,0,3,1,A01
201900032340,2,7,,0,2,2,12,A01
201900032340,2,15,,0,2,6,1,B01
201900032341,2,7,,0,2,1,1,A01
201900032341,2,7,,0,2,4,23,C01
201900032341,2,7,,0,2,4,23,B01
201900032342,2,7,,0,2,5,0,B01
201900032342,2,31,,0,2,1,3,A01
201900032343,1,33,,3,0,0,17,A01
201900032344,2,7,,14,2,1,21,A01
201900032344,2,33,,0,2,0,26,B01
201900032345,2,7,,0,2,1,2,A01
201900032345,2,7,,0,2,4,2,B01
201900032346,1,7,,0,2,4,2,A01
201900032346,1,10,,0,2,1,2,B01
201900032347,1,7,,0,2,3,1,B01
201900032347,1,7,,0,2,7,12,A01
201900032348,1,10,,4,0,4,13,A01
201900032349,1,33,,0,2,1,3,A01
201900032349,1,7,,0,2,6,1,B01
201900032350,2,7,,0,2,5,0,B01
201900032350,2,7,,1,0,3,1,C01
201900032350,2,7,,1,2,4,23,A01
201900032351,2,7,,0,0,7,26,A01
201900032352,2,7,,0,2,4,1,B01
201900032352,2,7,,0,2,1,1,A01
201900032353,1,33,,9,0,7,1,A01
201900032354,1,7,,0,2,2,15,B01
201900032354,2,7,,0,2,1,1,A01
201900032355,0,7,,0,2,7,19,A01
201900032355,0,7,,0,2,1,1,B01
201900032356,0,7,,0,2,7,10,A01
201900032356,0,33,,0,2,1,1,B01
201900032357,2,60,,0,2,5,1,\01
201900032357,2,7,,0,2,2,15,Z01
201900032358,3,33,,1,2,2,17,A01
201900032358,0,7,,0,2,8,20,B01
201900032359,1,33,,0,2,8,3,B01
201900032359,1,10,,0,2,7,14,A01
201900032360,2,7,,0,0,1,1,A01
201900032361,2,7,,0,2,7,1,A01
201900032361,2,7,,0,2,8,20,B01
201900032362,1,7,,0,6,7,1,B01
201900032362,1,1,,0,2,1,11,A01
201900032363,3,7,,15,0,1,0,A01
201900032364,3,7,,0,2,3,2,B01
201900032364,0,7,,0,2,3,16,A01
201900032365,2,7,,0,1,6,4,A01
201900032366,1,7,,0,2,0,2,A01
201900032366,1,7,,0,2,0,2,B01
201900032367,1,7,,0,0,9,14,A01
201900032368,2,7,,0,2,1,15,A01
201900032368,1,7,,0,2,1,1,B01
201900032369,1,10,,3,0,2,1,A01
201900032370,1,20,,0,1,1,16,A01
201900032371,1,2,,1,0,1,16,A01
201900032372,3,30,,0,2,1,1,B01
201900032372,3,10,,0,2,5,19,A01
201900032373,2,7,,0,0,1,2,Z01
201900032373,2,7,,0,0,1,23,B01
201900032373,2,7,,0,0,4,23,A01
201900032374,1,7,,3,0,1,1,A01
201900032375,1,33,,0,2,1,2,A01
201900032375,1,7,,0,2,6,2,B01
201900032376,2,1,,0,2,1,25,B01
201900032376,1,7,,0,2,2,9,A01
201900032377,3,7,,0,2,3,1,A01
201900032377,3,30,,0,2,1,9,B01
201900032378,1,7,,0,2,7,18,A01
201900032378,1,2,,0,2,8,0,B01
201900032379,1,7,,0,1,2,1,A01
201900032380,0,7,,0,2,2,15,B01
201900032380,1,31,,0,2,8,1,A01
201900032381,3,7,,0,1,2,11,A01
201900032382,1,1,,0,2,8,0,B01
201900032382,1,7,,0,2,1,1,A01
201900032383,1,33,,0,2,6,15,B01
201900032384,1,7,,13,0,1,14,A01
201900032385,1,10,,0,1,2,1,A01
201900032386,2,30,,0,2,1,1,B01
201900032386,2,7,,0,2,6,15,A01
201900032387,1,7,,0,2,5,1,A01
201900032387,2,99,,0,2,1,1,B01
201900032388,1,7,,0,1,1,16,A01
201900032389,3,7,,0,1,6,20,A01
201900032390,1,7,,4,0,0,1,A01
201900032391,2,10,,0,1,5,26,A01
201900032392,1,7,,0,2,1,13,A01
201900032392,2,7,,0,2,1,1,B01
201900032393,1,7,,0,1,3,2,A01
201900032394,0,1,,0,2,1,1,B01
201900032394,3,7,,0,2,3,9,A01
201900032395,2,7,,0,2,8,1,B01
201900032395,2,33,,0,2,1,16,A01
201900032396,0,7,,0,1,1,17,A01
201900032397,3,7,,0,2,3,15,A01
201900032397,3,33,,0,2,2,17,B01
201900032398,2,33,,0,1,1,17,A01
201900032399,2,1,,0,2,1,1,B01
201900032399,2,7,,0,2,3,9,A01
201900032400,1,7,,0,2,3,15,A01
201900032400,1,30,,0,2,1,17,B01
201900032401,2,10,,0,2,1,19,A01
201900032401,1,7,,0,2,1,2,C01
201900032401,1,7,,0,2,3,2,B01
201900032402,2,2,,0,0,7,17,A01
201900032402,2,15,,0,0,0,0,B01
201900032403,1,7,,0,2,2,21,B01
201900032403,2,1,,0,2,1,5,A01
201900032404,2,7,,0,2,0,19,A01
201900032404,2,7,,0,2,3,1,B01
201900032405,1,2,,0,2,1,1,B01
201900032405,2,7,,0,2,7,15,A01
201900032406,3,7,,12,0,1,1,A01
201900032407,3,7,,0,2,3,1,B01
201900032407,3,7,,0,2,3,13,A01
201900032408,1,7,,0,2,2,19,A01
201900032408,1,7,,0,2,1,1,B01
201900032409,1,7,,8,0,5,14,A01
201900032410,3,2,,0,2,2,17,A01
201900032410,3,7,,0,2,8,15,B01
201900032411,1,7,,0,2,3,13,A01
201900032411,2,7,,0,2,6,1,C01
201900032411,2,7,,0,2,8,1,B01
201900032412,1,0,,0,0,0,1,A01
201900032412,1,3,,0,1,1,1,Z01
201900032413,1,7,,0,2,4,23,B01
201900032413,1,7,,0,2,1,1,A01
201900032414,3,1,,0,2,8,26,A01
201900032414,3,7,,0,2,0,1,B01
201900032415,0,10,,0,2,0,0,C01
201900032415,0,7,,1,2,1,26,A01
201900032416,3,7,,0,2,8,16,A01
201900032416,3,2,,0,2,1,1,B01
201900032417,1,7,,9,0,1,26,A01
201900032418,1,15,,13,0,1,13,A01
201900032419,2,7,,17,0,1,14,A01
201900032420,1,7,,0,2,5,15,A01
201900032420,2,1,,0,2,1,1,B01
201900032421,2,1,,1,0,1,1,B01
201900032421,2,7,,0,2,0,22,A01
201900032422,1,7,,0,2,6,15,B01
201900032422,1,33,,0,2,2,17,A01
201900032423,1,1,,0,1,1,1,A01
201900032424,0,7,,0,2,7,15,A01
201900032424,3,2,,0,2,1,1,B01
201900032425,1,31,,0,2,9,17,A01
201900032425,1,10,,0,2,8,1,B01
201900032426,1,7,,0,2,4,0,B01
201900032426,1,7,,0,2,1,0,A01
201900032427,1,7,,0,2,5,1,B01
201900032427,1,10,,0,2,3,2,A01
201900032428,2,30,,14,0,3,13,A01
201900032429,0,1,,0,2,1,0,B01
201900032429,2,7,,0,2,1,9,A01
201900032430,3,7,,0,1,7,26,A01
201900032431,2,33,,0,0,0,0,A01
201900032432,3,34,,0,2,8,1,B01
201900032432,3,7,,0,2,1,19,A01
201900032433,1,37,1.0,0,2,3,2,B01
201900032433,2,30,,0,2,7,2,A01
201900032434,0,7,,6,0,1,16,A01
201900032435,0,7,,0,2,2,10,A01
201900032435,0,34,,0,2,1,1,B01
201900032436,1,7,,0,1,4,4,G01
201900032437,3,10,,0,2,5,19,A01
201900032437,3,7,,0,2,3,1,B01
201900032438,1,7,,1,0,2,14,A01
201900032439,1,33,,0,2,8,3,B01
201900032439,1,7,,0,2,2,14,A01
201900032440,1,40,,0,1,2,1,A01
201900032441,1,7,,0,2,2,16,A01
201900032441,1,1,,0,2,1,1,B01
201900032442,2,30,,0,2,1,17,A01
201900032442,1,1,,0,2,3,19,B01
201900032443,1,2,,0,2,4,1,A01
201900032443,1,2,,0,2,4,1,B01
201900032444,2,2,,0,2,7,17,A01
201900032444,2,7,,0,2,6,13,B01
201900032445,1,7,,0,2,6,1,B01
201900032445,1,7,,1,2,1,1,A01
201900032446,0,7,,0,1,1,1,A01
201900032447,3,7,,0,2,4,23,B01
201900032447,3,32,,0,2,1,1,A01
201900032448,0,7,,0,2,2,1,B01
201900032448,0,50,,0,2,1,1,A01
201900032449,1,32,,0,2,2,21,A01
201900032449,1,7,,0,2,1,15,B01
201900032450,2,32,,0,2,8,23,B01
201900032450,2,7,,0,2,1,1,A01
201900032451,1,60,,0,2,1,19,A01
201900032451,1,37,1.0,0,2,6,1,B01
201900032452,1,14,,0,2,1,1,A01
201900032452,1,37,3.0,0,2,6,23,B01
201900032453,2,10,,0,2,3,15,A01
201900032453,2,34,,0,2,7,17,B01
201900032454,1,7,,0,2,5,15,A01
201900032454,2,33,,0,2,2,1,B01
201900032455,1,50,,0,2,1,1,B01
201900032455,1,7,,0,2,4,20,A01
201900032456,1,33,,0,1,1,1,A01
201900032457,2,30,,0,2,1,1,A01
201900032457,2,30,,0,2,4,1,B01
201900032458,2,50,,0,2,7,5,Z01
201900032458,1,33,,0,2,8,9,B01
201900032459,3,10,,8,1,4,20,A01
201900032460,2,7,,0,2,2,16,A01
201900032460,2,1,,0,2,2,7,B01
201900032461,2,10,,0,2,5,4,A01
201900032461,1,2,,0,2,1,2,B01
201900032462,1,7,,0,2,3,1,A01
201900032463,2,30,,0,1,2,2,A01
201900032464,1,7,,0,2,1,15,A01
201900032464,1,7,,0,2,1,2,B01
201900032465,1,7,,0,2,3,19,A01
201900032465,1,14,,0,2,3,2,B01
201900032466,2,33,,0,2,1,1,B01
201900032466,3,7,,0,2,3,26,A01
201900032467,0,7,,0,9,1,26,A01
201900032468,3,7,,0,2,2,1,A01
201900032468,1,7,,0,2,3,26,B01
201900032469,3,31,,16,0,7,17,A01
201900032469,1,7,,0,0,2,0,B01
201900032470,2,7,,0,1,3,1,A01
201900032471,2,32,,14,2,1,26,A01
201900032471,1,7,,0,2,4,4,B01
201900032472,1,7,,0,2,3,15,A01
201900032472,1,32,,0,2,1,1,B01
201900032473,3,7,,0,1,1,1,A01
201900032474,3,7,,0,2,1,1,B01
201900032474,3,7,,0,2,2,12,A01
201900032475,1,33,,0,2,3,1,A01
201900032475,2,7,,0,2,2,15,B01
201900032476,3,31,,0,2,4,23,A01
201900032476,3,7,,0,2,1,1,B01
201900032477,2,7,,0,1,2,1,A01
201900032478,1,7,,1,0,1,1,A01
201900032479,1,17,,0,2,2,9,A01
201900032479,1,10,,0,2,3,1,B01
201900032480,3,10,,0,1,1,19,A01
201900032481,1,2,,0,0,2,0,A01
201900032482,1,7,,0,9,3,16,A01
201900032482,2,1,,0,2,1,1,B01
201900032483,2,7,,2,0,3,1,A01
201900032484,1,33,,0,2,1,11,A01
201900032484,2,7,,0,2,1,1,B01
201900032485,2,7,,0,2,1,1,A01
201900032485,1,2,,0,2,1,23,B01
201900032486,2,31,,0,0,1,1,A01
201900032487,1,7,,0,2,3,21,B01
201900032487,2,2,,0,2,1,19,A01
201900032488,1,2,,0,2,3,11,A01
201900032488,2,33,,0,2,1,1,B01
201900032489,1,7,,2,0,1,0,A01
201900032490,1,21,,0,2,6,15,B01
201900032490,1,33,,0,2,1,17,A01
201900032491,3,15,,0,2,3,1,B01
201900032491,3,7,,0,2,8,13,A01
201900032492,3,7,,0,2,3,1,B01
201900032492,3,7,,0,2,3,1,A01
201900032493,1,7,,2,0,2,1,A01
201900032494,2,7,,0,2,3,21,B01
201900032494,1,7,,0,2,1,13,A01
201900032495,0,33,,0,2,3,1,B01
201900032495,3,7,,0,2,7,19,A01
201900032496,3,2,,0,2,3,0,A01
201900032496,0,21,,0,2,8,19,B01
201900032497,3,7,,0,2,5,19,A01
201900032497,3,33,,0,2,1,1,B01
201900032498,2,7,,0,2,1,1,B01
201900032498,2,10,,0,2,8,16,A01
201900032499,2,7,,13,0,3,1,A01
201900032500,2,7,,13,0,1,0,A01
201900032501,2,7,,0,0,1,1,B01
201900032501,1,7,,0,0,1,1,A01
201900032502,3,32,,0,0,0,17,A01
201900032503,2,33,,0,2,1,1,A01
201900032503,1,21,,0,0,7,15,B01
201900032504,0,7,,2,0,2,15,A01
201900032505,1,33,,0,0,7,16,A01
201900032506,2,7,,13,0,0,21,A01
201900032507,2,7,,4,0,2,1,A01
201900032508,2,7,,0,2,1,1,B01
201900032508,1,7,,0,2,1,13,A01
201900032509,2,15,,0,0,4,23,B01
201900032509,2,10,,3,2,1,13,A01
201900032510,2,7,,0,2,2,9,B01
201900032510,1,43,,0,2,7,1,A01
201900032511,3,2,,0,2,5,12,B01
201900032511,3,7,,0,2,3,11,A01
201900032512,1,20,,2,0,1,1,A01
201900032513,2,33,,15,6,2,1,A01
201900032514,0,17,,13,0,2,1,A01
201900032515,1,7,,0,9,2,1,B01
201900032515,2,1,,0,2,1,5,A01
201900032516,2,15,,0,2,6,1,B01
201900032516,2,7,,0,2,1,0,A01
201900032517,1,10,,0,2,1,1,A01
201900032517,1,17,,0,0,6,2,B01
201900032517,1,7,,0,2,8,2,C01
201900032517,1,7,,0,2,3,2,D01
201900032518,1,10,,1,0,2,1,B01
201900032518,1,13,,3,0,6,23,A01
201900032519,3,2,,0,1,1,1,A01
201900032520,1,10,,0,0,6,2,B01
201900032520,1,33,,0,2,1,2,A01
201900032521,1,7,,0,0,4,1,B01
201900032521,1,7,,0,2,1,1,A01
201900032522,1,7,,0,2,1,1,A01
201900032522,1,7,,0,2,4,1,B01
201900032522,1,7,,0,2,4,1,C01
201900032523,2,7,,4,0,3,1,A01
201900032524,2,15,,4,0,0,1,B01
201900032524,2,7,,4,0,1,13,A01
201900032525,3,7,,2,0,3,13,A01
201900032526,3,1,,0,1,1,1,A01
201900032527,2,7,,2,0,1,14,A01
201900032528,0,80,,0,0,5,1,A01
201900032529,1,7,,0,2,8,15,B01
201900032529,1,2,,0,2,2,3,A01
201900032530,3,36,,13,0,7,1,A01
201900032531,3,7,,0,2,3,15,A01
201900032531,3,7,,0,2,2,17,B01
201900032532,3,1,,0,2,1,1,B01
201900032532,3,7,,0,9,7,15,A01
201900032533,2,1,,0,2,4,1,B01
201900032533,2,7,,0,9,3,9,A01
201900032534,1,7,,0,2,7,1,A01
201900032534,2,7,,15,2,8,26,B01
201900032535,2,7,,15,0,7,1,A01
201900032536,2,7,,0,2,1,1,B01
201900032536,1,7,,0,2,1,13,A01
201900032537,3,2,,0,1,2,25,A01
201900032538,2,33,,0,0,8,1,A01
201900032539,1,7,,0,0,0,1,A01
201900032540,2,7,,0,1,2,1,A01
201900032541,1,7,,8,0,2,1,A01
201900032542,2,1,,0,2,1,23,B01
201900032542,2,17,,0,1,7,1,A01
201900032543,2,99,,0,0,9,17,A01
201900032544,1,7,,0,2,1,13,A01
201900032544,2,1,,0,2,1,1,B01
201900032545,1,7,,0,0,8,15,B01
201900032545,1,33,,0,2,1,17,A01
201900032546,1,7,,6,0,1,1,A01
201900032547,1,33,,0,2,1,17,A01
201900032547,2,7,,0,2,3,19,B01
201900032548,2,7,,0,2,1,13,A01
201900032548,1,7,,0,2,1,1,B01
201900032549,0,2,,14,0,3,1,A01
201900032550,3,7,,0,2,2,11,B01
201900032550,3,60,,0,0,3,1,A01
201900032551,2,7,,0,1,2,1,A01