Num_Acc,senc,catv,occutc,obs,obsm,choc,manv,num_veh
201900032552,1,7,,15,1,3,13,A01
201900032553,0,31,,0,0,8,16,A01
201900032554,1,7,,0,2,1,2,C01
201900032554,1,7,,0,2,4,1,B01
201900032554,1,7,,6,0,1,26,A01
201900032555,2,10,,0,2,1,1,B01
201900032555,2,10,,0,1,1,1,A01
201900032556,1,7,,1,1,7,1,A01
201900032556,1,7,,0,0,4,24,B01
201900032557,1,1,,0,2,1,17,A01
201900032557,1,7,,0,2,8,15,B01
201900032558,2,33,,17,0,1,1,A01
201900032559,1,7,,16,0,9,13,A01
201900032560,1,2,,0,0,0,1,A01
201900032561,1,7,,13,0,1,13,A01
201900032562,1,15,,0,2,3,1,B01
201900032562,2,7,,0,2,3,13,A01
201900032563,1,33,,0,2,2,1,B01
201900032563,1,33,,0,0,6,23,A01
201900032564,2,7,,0,2,1,1,A01
201900032564,1,37,1.0,13,2,3,1,B01
201900032565,2,7,,0,2,3,13,A01
201900032565,2,10,,0,2,1,1,B01
201900032565,1,7,,0,2,2,1,C01
201900032566,3,2,,0,0,1,1,A01
201900032567,1,7,,0,1,2,14,A01
201900032568,1,7,,0,0,4,2,A01
201900032568,1,7,,0,2,1,2,B01
201900032569,2,33,,9,0,1,1,A01
201900032570,2,7,,2,0,9,1,A01
201900032571,2,1,,0,0,0,1,A01
201900032572,1,2,,0,2,3,13,A01
201900032572,1,7,,0,2,2,1,B01
201900032573,2,7,,0,2,4,1,B01
201900032573,2,7,,0,2,2,1,A01
201900032574,1,17,,0,0,5,1,B01
201900032574,1,10,,0,2,1,2,A01
201900032575,3,7,,0,2,3,1,B01
201900032575,0,33,,0,2,7,1,A01
201900032576,2,7,,12,2,8,1,A01
201900032576,2,17,,0,2,2,12,B01
201900032577,2,7,,0,2,6,2,A01
201900032577,2,7,,0,2,2,12,B01
201900032578,1,7,,0,2,4,1,A01
201900032578,1,7,,0,2,1,2,Z01
201900032579,2,33,,13,0,8,1,A01
201900032580,2,10,,3,2,2,1,A01
201900032580,2,7,,0,2,6,11,B01
201900032581,1,7,,0,2,8,1,B01
201900032581,1,15,,0,2,2,12,A01
201900032582,2,7,,0,2,3,2,B01
201900032582,2,7,,0,2,5,1,A01
201900032583,2,43,,16,0,0,0,A01
201900032584,2,7,,0,2,1,1,A01
201900032584,2,7,,0,2,4,2,B01
201900032584,2,7,,0,2,4,2,C01
201900032584,2,7,,0,2,0,1,D01
201900032585,1,7,,0,2,4,23,C01
201900032585,1,7,,0,2,4,2,B01
201900032585,1,10,,0,2,1,2,A01
201900032586,1,10,,0,2,8,11,A01
201900032586,1,33,,0,2,2,3,B01
201900032587,1,14,,0,2,7,1,B01
201900032587,1,7,,0,2,7,14,A01
201900032588,2,7,,3,0,1,1,A01
201900032589,2,7,,0,2,4,2,E01
201900032589,2,7,,0,2,4,2,D01
201900032589,2,7,,0,2,4,2,C01
201900032589,2,7,,0,2,4,2,B01
201900032589,2,10,,0,2,1,2,A01
201900032590,1,7,,0,2,1,1,A01
201900032590,1,7,,0,2,4,1,B01
201900032591,1,7,,0,2,1,12,A01
201900032591,1,33,,0,2,1,3,B01
201900032591,1,7,,0,2,6,1,C01
201900032591,1,7,,0,2,5,1,D01
201900032592,2,7,,0,2,2,12,B01
201900032592,2,33,,0,2,3,3,A01
201900032593,2,7,,0,2,4,13,Z01
201900032593,2,33,,0,2,1,1,B01
201900032594,1,7,,0,2,4,2,A01
201900032595,2,7,,3,0,3,1,A01
201900032595,2,7,,0,2,1,2,B01
201900032596,1,7,,4,0,3,0,A01
201900032597,1,32,,0,0,0,1,A01
201900032598,2,7,,0,2,0,17,C01
201900032598,2,20,,0,2,0,0,B01
201900032598,2,7,,0,2,1,2,A01
201900032599,2,7,,4,0,1,21,A01
201900032600,2,7,,4,0,1,13,A01
201900032601,2,7,,4,0,1,1,A01
201900032602,1,33,,4,2,1,1,A01
201900032602,1,7,,0,2,6,11,Z01
201900032603,2,7,,0,2,7,1,A01
201900032603,2,33,,0,2,1,0,B01
201900032604,2,7,,0,2,5,12,B01
201900032604,2,33,,0,2,1,1,A01
201900032605,2,7,,0,2,5,1,B01
201900032605,2,33,,0,2,3,3,A01
201900032606,2,7,,0,2,7,12,Z01
201900032606,2,7,,0,2,6,1,C01
201900032606,2,43,,0,2,8,3,B01
201900032607,1,7,,0,2,4,2,B01
201900032607,1,7,,0,2,1,12,A01
201900032607,1,10,,0,2,1,2,D01
201900032607,1,7,,0,2,4,2,C01
201900032608,1,7,,4,0,3,21,A01
201900032609,1,33,,0,2,1,2,A01
201900032609,1,7,,0,2,4,1,B01
201900032610,2,7,,0,2,1,1,B01
201900032610,2,7,,0,2,4,23,A01
201900032611,1,7,,0,2,5,1,A01
201900032611,1,43,,0,2,1,3,B01
201900032612,2,7,,0,2,3,1,B01
201900032612,3,7,,0,2,2,19,A01
201900032613,1,33,,1,0,1,2,A01
201900032613,1,7,,0,2,2,19,B01
201900032614,0,30,,0,0,0,2,A01
201900032615,2,7,,7,1,3,1,A01
201900032616,3,7,,0,1,3,16,A01
201900032617,2,7,,0,0,0,0,B01
201900032617,2,7,,0,2,1,26,A01
201900032618,1,10,,0,2,4,12,A01
201900032618,1,3,,0,2,8,1,B01
201900032618,1,3,,0,2,1,1,C01
201900032619,1,7,,0,1,1,26,A01
201900032620,2,37,1.0,0,1,2,17,A01
201900032621,0,7,,1,0,4,24,B01
201900032621,0,30,,1,0,1,0,A01
201900032622,3,15,,0,2,4,0,A01
201900032622,3,15,,0,2,4,0,B01
201900032622,3,15,,0,2,1,0,C01
201900032623,1,7,,0,2,1,2,A01
201900032623,1,7,,0,2,4,2,B01
201900032624,0,7,,0,1,1,15,A01
201900032625,1,7,,6,0,0,13,A01
201900032626,2,7,,0,2,1,15,A01
201900032626,1,33,,0,2,1,1,B01
201900032627,2,1,,0,2,8,1,B01
201900032627,2,7,,0,2,7,17,Z01
201900032628,1,7,,0,2,1,2,A01
201900032628,1,7,,0,2,4,2,B01
201900032629,1,2,,0,2,1,1,A01
201900032629,2,7,,0,2,3,1,B01
201900032630,1,7,,0,2,1,2,A01
201900032630,1,7,,0,2,4,2,B01
201900032631,2,1,,0,2,6,19,C01
201900032631,2,1,,0,2,3,19,B01
201900032631,1,7,,0,2,1,1,A01
201900032632,1,7,,0,2,3,1,A01
201900032632,1,16,,0,2,3,1,B01
201900032633,1,30,,0,2,1,17,A01
201900032633,1,7,,0,2,8,15,B01
201900032634,2,7,,0,2,6,24,B01
201900032634,2,3,,1,0,2,14,A01
201900032635,2,7,,0,2,1,1,A01
201900032635,1,7,,0,2,3,1,B01
201900032636,1,1,,0,0,0,1,A01
201900032637,2,43,,0,2,8,7,A01
201900032637,2,7,,0,2,7,14,B01
201900032638,1,7,,0,0,0,9,A01
201900032638,3,32,,0,0,8,21,B01
201900032639,0,33,,0,2,1,1,A01
201900032639,3,7,,0,2,4,1,B01
201900032640,1,30,,8,0,0,1,A01
201900032641,2,37,1.0,0,1,1,1,A01
201900032642,1,7,,0,2,3,1,B01
201900032642,1,7,,0,2,3,15,A01
201900032643,0,2,,0,1,0,26,Z01
201900032644,1,7,,1,1,2,26,A01
201900032645,2,7,,0,1,1,1,Z01
201900032646,3,7,,0,2,3,9,A01
201900032646,3,1,,0,2,3,1,B01
201900032647,1,7,,1,0,3,20,A01
201900032648,1,10,,0,2,0,0,A01
201900032648,1,7,,0,2,1,16,C01
201900032648,1,7,,14,2,1,1,B01
201900032649,0,1,,0,2,7,19,A01
201900032649,0,33,,0,2,1,1,B01
201900032650,1,7,,0,2,3,1,B01
201900032650,2,7,,0,2,3,13,A01
201900032651,1,10,,0,2,1,2,A01
201900032651,1,15,,0,2,4,2,B01
201900032652,1,7,,12,0,2,14,A01
201900032653,1,7,,0,0,1,0,A01
201900032654,2,7,,0,2,2,15,A01
201900032654,2,33,,0,2,1,1,B01
201900032655,1,33,,0,2,1,1,A01
201900032655,1,7,,14,0,6,23,B01
201900032656,3,7,,0,2,1,1,B01
201900032656,3,7,,0,2,5,15,A01
201900032657,3,32,,0,2,1,1,B01
201900032657,3,7,,0,2,2,15,A01
201900032658,1,7,,0,1,3,0,A01
201900032659,2,7,,1,2,3,16,A01
201900032659,2,7,,0,2,1,26,B01
201900032660,2,10,,0,2,1,13,A01
201900032660,1,7,,0,2,3,1,C01
201900032660,1,7,,0,2,1,1,B01
201900032661,3,7,,0,2,8,23,C01
201900032661,1,7,,0,2,3,15,A01
201900032661,2,31,,0,2,1,2,B01
201900032662,3,7,,0,1,2,1,A01
201900032663,1,7,,0,2,2,1,B01
201900032663,2,7,,0,2,3,10,A01
201900032664,1,7,,0,2,5,23,B01
201900032664,1,7,,0,2,1,23,C01
201900032664,1,7,,0,2,1,5,A01
201900032665,2,7,,0,1,1,1,A01
201900032666,2,7,,0,2,7,1,B01
201900032666,1,7,,0,2,1,19,A01
201900032667,1,7,,0,2,1,1,A01
201900032667,1,7,,0,2,8,1,B01
201900032668,1,7,,0,1,2,1,A01
201900032669,3,10,,0,1,1,16,A01
201900032670,2,7,,0,2,3,1,B01
201900032670,1,10,,0,2,3,13,A01
201900032671,1,7,,0,2,3,15,B01
201900032671,1,30,,0,2,3,1,A01
201900032672,2,7,,0,1,1,1,A01
201900032673,1,34,,0,2,1,1,B01
201900032673,2,7,,0,2,3,15,A01
201900032674,2,7,,0,0,1,1,A01
201900032675,1,7,,0,2,2,14,A01
201900032675,1,1,,0,2,3,1,C01
201900032675,1,1,,0,2,1,1,B01
201900032675,1,1,,0,2,1,1,D01
201900032676,2,10,,8,0,2,6,A01
201900032677,3,7,,0,1,3,15,A01
201900032678,1,7,,0,2,4,1,B01
201900032678,1,7,,0,0,4,1,C01
201900032678,1,7,,0,2,1,1,A01
201900032679,1,7,,0,2,2,1,B01
201900032679,1,30,,0,2,3,11,A01
201900032680,1,7,,0,2,3,1,B01
201900032680,1,7,,0,2,3,13,A01
201900032681,3,7,,9,0,1,9,A01
201900032682,2,7,,0,2,6,1,B01
201900032682,2,33,,0,2,1,2,A01
201900032683,1,2,,0,2,1,1,B01
201900032683,2,7,,0,2,2,15,A01
201900032684,2,31,,0,2,1,1,A01
201900032684,2,7,,0,0,4,9,B01
201900032685,1,7,,0,2,4,1,B01
201900032685,0,7,,0,2,1,2,A01
201900032686,2,7,,0,0,0,23,A01
201900032687,1,7,,0,2,4,1,B01
201900032687,1,7,,0,2,1,1,A01
201900032688,3,7,,0,2,1,15,A01
201900032688,0,32,,0,2,3,1,B01
201900032689,0,7,,0,2,1,20,A01
201900032690,2,33,,0,2,4,1,B01
201900032690,2,7,,0,2,1,2,A01
201900032691,1,7,,0,1,1,1,A01
201900032692,0,7,,0,2,1,9,A01
201900032692,0,33,,0,2,7,15,B01
201900032693,3,32,,0,1,1,0,A01
201900032694,2,7,,0,1,1,9,A01
201900032695,1,10,,0,2,1,1,B01
201900032695,1,7,,0,2,2,1,A01
201900032696,1,7,,0,2,1,2,A01
201900032696,1,1,,0,2,4,2,B01
201900032697,3,7,,0,2,1,19,B01
201900032697,1,7,,0,2,7,2,A01
201900032698,2,7,,0,2,2,2,B01
201900032698,2,7,,0,2,3,2,A01
201900032699,0,7,,0,2,1,1,A01
201900032699,0,1,,0,2,1,1,B01
201900032700,3,7,,0,2,1,1,A01
201900032700,3,1,,0,2,4,1,B01
201900032701,3,10,,0,1,3,15,A01
201900032702,0,33,,0,0,0,1,A01
201900032703,3,80,,0,2,5,15,B01
201900032703,3,7,,0,2,1,2,A01
201900032704,2,7,,0,2,1,26,B01
201900032704,1,7,,0,2,1,13,A01
201900032705,3,30,,0,2,4,2,B01
201900032705,0,7,,0,2,0,0,Z01
201900032706,2,7,,0,2,1,2,B01
201900032706,2,7,,0,2,4,23,A01
201900032707,1,7,,0,2,7,15,B01
201900032707,1,7,,8,2,1,2,A01
201900032708,3,7,,0,1,3,1,A01
201900032709,1,7,,0,2,1,9,A01
201900032709,1,33,,0,2,8,15,B01
201900032710,2,1,,0,2,3,5,A01
201900032710,1,7,,0,2,3,1,B01
201900032711,2,7,,0,2,4,1,C01
201900032711,2,7,,0,2,1,1,B01
201900032711,2,7,,0,2,1,1,A01
201900032712,2,33,,0,2,7,17,B01
201900032712,2,7,,0,2,8,19,A01
201900032713,3,1,,0,1,1,25,A01
201900032714,3,1,,0,6,8,2,B01
201900032714,3,1,,0,6,7,1,A01
201900032715,1,7,,0,2,1,2,A01
201900032715,1,7,,0,0,4,0,B01
201900032716,1,1,,0,2,3,5,A01
201900032716,1,7,,0,2,3,2,B01
201900032717,2,7,,0,2,0,0,B01
201900032717,2,1,,0,2,1,26,A01
201900032718,1,7,,0,2,6,0,B01
201900032718,1,7,,0,2,2,26,A01
201900032719,1,31,,0,2,1,2,A01
201900032719,1,15,,1,0,4,0,B01
201900032720,1,7,,0,2,1,11,A01
201900032720,2,7,,0,2,1,1,B01
201900032721,2,7,,0,2,1,2,D01
201900032721,2,7,,0,2,8,2,C01
201900032721,2,7,,0,2,6,1,B01
201900032721,1,33,,0,2,1,17,A01
201900032722,3,10,,0,1,4,20,A01
201900032723,2,7,,3,0,1,1,A01
201900032724,2,30,,2,0,1,1,A01
201900032725,3,10,,0,2,4,15,B01
201900032725,3,2,,0,2,1,1,A01
201900032726,3,7,,0,1,3,0,A01
201900032727,1,7,,4,2,4,1,A01
201900032727,1,7,,0,2,1,0,Z01
201900032728,3,1,,0,0,0,0,A01
201900032729,3,7,,0,2,1,2,A01
201900032729,3,7,,0,2,4,23,B01
201900032730,1,7,,0,1,8,1,A01
201900032731,1,7,,0,1,2,1,A01
201900032732,3,2,,0,2,1,18,A01
201900032732,3,7,,0,2,2,16,B01
201900032733,3,7,,0,2,1,2,A01
201900032733,3,7,,0,2,4,2,B01
201900032734,2,1,,0,2,8,1,B01
201900032734,1,15,,0,2,5,17,A01
201900032735,1,2,,0,2,3,1,B01
201900032735,3,7,,0,2,2,19,A01
201900032736,2,30,,0,0,1,21,A01
201900032737,3,10,,0,2,1,12,A01
201900032737,1,80,,0,2,0,1,B01
201900032738,3,7,,0,2,7,19,A01
201900032738,3,7,,0,2,1,0,C01
201900032738,1,7,,0,2,8,1,B01
201900032739,2,7,,0,2,4,1,B01
201900032739,2,30,,0,2,1,1,A01
201900032740,3,7,,0,2,2,19,A01
201900032740,3,31,,0,2,1,1,B01
201900032741,3,33,,12,0,1,17,A01
201900032742,2,7,,0,1,1,1,A01
201900032743,0,99,,0,2,1,1,A01
201900032743,2,7,,0,2,3,15,B01
201900032744,3,7,,0,2,2,15,B01
201900032744,3,33,,0,2,1,17,A01
201900032745,3,7,,0,2,1,1,B01
201900032745,3,2,,0,2,8,19,A01
201900032746,1,7,,1,2,2,1,B01
201900032746,0,7,,12,2,3,24,C01
201900032746,2,7,,0,2,5,15,A01
201900032747,1,10,,0,6,5,23,A01
201900032747,1,33,,14,0,1,2,B01
201900032748,1,7,,0,2,5,0,B01
201900032748,1,33,,0,2,1,1,A01
201900032749,3,14,,0,2,6,1,A01
201900032749,3,7,,0,2,1,1,B01
201900032750,3,7,,13,0,1,1,A01
201900032751,2,7,,0,1,3,1,A01
201900032752,2,7,,0,2,3,9,A01
201900032752,2,2,,0,2,1,1,B01
201900032753,3,7,,0,1,4,4,A01
201900032754,2,7,,0,2,3,10,A01
201900032754,2,2,,0,2,1,11,B01
201900032755,1,7,,0,2,1,2,A01
201900032755,1,7,,0,2,4,2,B01
201900032755,1,7,,0,2,4,2,C01
201900032756,3,7,,0,2,5,1,B01
201900032756,3,7,,0,2,3,9,A01
201900032757,1,7,,0,2,3,9,B01
201900032757,2,30,,0,2,1,17,A01
201900032758,2,7,,6,2,3,1,A01
201900032758,1,7,,0,2,3,9,B01
201900032759,1,10,,0,1,2,1,A01
201900032760,2,2,,0,2,1,1,B01
201900032760,2,7,,0,2,7,16,A01
201900032761,1,33,,0,2,5,1,B01
201900032761,1,7,,0,2,6,15,A01
201900032762,2,33,,5,0,1,17,A01
201900032763,1,7,,0,1,8,1,A01
201900032764,2,1,,0,0,4,15,B01
201900032764,1,7,,0,2,2,17,A01
201900032765,1,7,,1,0,2,15,A01
201900032766,1,30,,6,0,7,15,A01
201900032767,2,30,,0,2,1,17,A01
201900032767,2,1,,0,2,8,1,B01
201900032768,3,7,,8,0,3,26,A01
201900032769,1,7,,0,2,4,2,A01
201900032769,1,2,,0,2,1,2,B01
201900032770,1,33,,0,2,8,16,B01
201900032770,1,7,,0,2,7,16,A01
201900032771,1,7,,9,0,1,1,A01
201900032772,1,7,,0,0,3,24,B01
201900032772,1,1,,0,2,2,26,A01
201900032773,1,10,,2,2,7,15,A01
201900032773,2,7,,2,2,2,1,B01
201900032774,1,7,,0,2,2,16,A01
201900032774,1,1,,0,2,3,1,B01
201900032775,3,7,,0,2,1,1,A01
201900032775,3,1,,0,2,8,19,B01
201900032776,1,33,,0,2,1,2,A01
201900032776,1,7,,0,2,4,2,B01
201900032777,3,7,,0,1,1,20,A01
201900032778,1,10,,0,2,4,2,B01
201900032778,1,10,,0,2,1,2,A01
201900032779,1,7,,4,0,1,1,A01
201900032780,1,7,,0,2,1,2,A01
201900032780,1,7,,0,2,4,2,B01
201900032781,1,7,,0,1,1,15,A01
201900032782,2,7,,0,2,3,1,D01
201900032782,2,7,,0,2,5,1,C01
201900032782,2,7,,3,2,4,9,B01
201900032782,2,7,,0,2,1,9,A01
201900032783,2,7,,0,2,1,15,B01
201900032783,1,1,,0,2,1,1,A01
201900032784,1,1,,0,2,1,1,B01
201900032784,1,7,,0,2,3,15,A01
201900032785,1,10,,0,2,1,1,B01
201900032785,1,10,,0,2,4,1,A01
201900032786,2,7,,0,2,2,1,A01
201900032786,2,1,,0,2,1,1,B01
201900032787,2,10,,0,2,1,9,A01
201900032787,1,1,,0,2,4,1,B01
201900032788,2,7,,0,2,1,9,A01
201900032788,3,1,,0,2,1,1,B01
201900032789,1,7,,0,1,1,1,A01
201900032790,1,7,,0,1,1,1,A01
201900032791,3,7,,14,2,4,23,B01
201900032791,3,31,,14,0,1,1,A01
201900032792,2,7,,0,2,8,19,A01
201900032792,2,7,,0,2,1,1,B01
201900032793,2,7,,8,0,1,1,A01
201900032794,2,7,,0,1,2,1,A01
201900032795,3,2,,15,0,1,1,A01
201900032796,2,7,,0,1,4,2,A01
201900032797,3,7,,0,2,4,1,E01
201900032797,3,10,,0,2,1,1,D01
201900032798,3,7,,0,2,1,1,C01
201900032798,3,13,,0,2,4,1,D01
201900032799,2,7,,0,2,9,1,C01
201900032799,2,1,,0,2,9,1,D01
201900032800,1,30,,0,0,9,1,C01
201900032800,1,7,,0,2,9,1,D01
201900032801,1,10,,0,2,1,1,C01
201900032801,1,10,,0,0,4,1,D01
201900032802,1,30,,0,2,2,1,B01
201900032802,1,7,,0,2,6,20,A01
201900032803,1,7,,0,0,4,1,D01
201900032803,1,33,,0,2,1,1,C01
201900032804,1,7,,0,2,1,1,C01
201900032805,1,7,,0,2,4,2,B01
201900032805,1,7,,0,2,4,2,C01
201900032805,1,10,,0,2,1,1,A01
201900032806,3,7,,0,1,4,20,A01
201900032807,1,33,,0,2,1,1,A01
201900032807,1,7,,0,2,6,10,B01
201900032808,1,7,,0,2,9,1,D01
201900032808,1,7,,0,2,1,1,C01
201900032809,1,7,,0,2,9,1,D01
201900032809,1,30,,0,2,9,1,C01
201900032810,1,7,,0,2,2,15,A01
201900032810,1,2,,0,2,1,1,B01
201900032811,2,32,,0,0,9,1,B01
201900032812,1,7,,0,2,9,1,C01
201900032812,1,7,,0,2,9,1,D01
201900032813,1,10,,0,1,0,16,A01
201900032814,3,30,,0,1,0,26,A01
201900032815,2,7,,0,2,5,15,A01
201900032815,3,33,,0,0,1,1,B01
201900032816,3,7,,0,2,3,13,A01
201900032816,3,34,,0,2,7,17,B01
201900032817,1,7,,0,1,2,15,A01
201900032818,3,7,,0,1,1,15,A01
201900032819,3,7,,2,0,1,16,A01
201900032820,1,33,,9,2,8,18,B01
201900032820,1,7,,0,2,2,16,A01
201900032821,1,7,,0,2,3,2,B01
201900032821,1,32,,0,2,1,17,A01
201900032822,3,7,,0,0,4,2,B01
201900032822,0,10,,0,2,1,2,A01
201900032823,1,13,,0,2,3,13,A01
201900032823,1,7,,0,2,3,1,B01
201900032824,3,7,,0,2,7,1,A01
201900032824,3,10,,0,2,1,1,B01
201900032825,0,7,,0,1,1,0,A01
201900032826,3,7,,0,1,4,4,A01
201900032827,1,7,,0,2,1,9,B01
201900032827,2,7,,0,2,1,1,A01
201900032828,1,7,,2,0,2,14,A01
201900032829,0,7,,0,0,6,1,B01
201900032829,0,7,,0,2,1,0,A01
201900032830,3,7,,0,2,3,0,B01
201900032830,3,7,,6,0,2,0,A01
201900032831,1,32,,0,0,8,1,A01
201900032832,2,7,,0,2,2,1,B01
201900032832,2,7,,0,2,3,0,A01
201900032833,1,7,,6,0,3,13,A01
201900032834,3,7,,6,0,1,0,A01
201900032835,1,7,,0,2,3,13,A01
201900032835,2,7,,0,2,3,1,B01
201900032836,1,7,,0,2,4,1,A01
201900032836,1,7,,0,2,1,1,B01
201900032837,2,7,,0,2,1,1,A01
201900032837,2,7,,0,2,4,15,B01
201900032837,1,7,,0,2,1,1,C01
201900032838,3,31,,0,2,1,1,A01
201900032838,3,33,,0,2,1,1,B01
201900032839,2,2,,0,2,7,17,A01
201900032839,2,2,,0,2,1,15,B01
201900032840,3,33,,0,2,1,1,B01
201900032840,3,7,,0,2,1,13,A01
201900032841,1,7,,0,5,2,1,A01
201900032842,1,7,,0,2,2,2,D01
201900032842,1,7,,0,2,1,2,C01
201900032842,1,7,,0,2,1,2,B01
201900032842,1,7,,0,2,4,2,A01
201900032843,1,7,,4,0,1,14,A01
201900032844,1,7,,4,2,8,2,B01
201900032844,1,15,,0,2,2,12,A01
201900032845,1,32,,0,2,1,3,B01
201900032845,1,7,,0,2,3,11,A01
201900032846,1,7,,0,2,1,1,B01
201900032846,1,7,,0,2,6,11,A01
201900032847,1,7,,0,2,3,11,A01
201900032847,1,7,,0,2,5,17,B01
201900032848,2,7,,6,0,2,21,A01
201900032849,1,31,,0,2,8,18,A01
201900032849,1,7,,0,2,5,0,B01
201900032850,1,33,,4,0,1,13,A01
201900032851,1,7,,0,2,5,23,A01
201900032851,1,7,,1,0,1,2,Z01
201900032852,1,7,,3,0,1,1,A01
201900032853,2,7,,0,2,1,2,A01
201900032853,2,7,,0,2,4,2,B01
201900032853,2,7,,0,2,4,2,C01
201900032854,1,7,,0,2,4,2,B01
201900032854,1,7,,0,2,1,2,A01
201900032855,1,10,,0,0,5,23,A01
201900032855,1,7,,1,0,3,2,B01
201900032856,1,7,,0,2,4,1,B01
201900032856,1,32,,0,2,1,1,A01
201900032857,1,7,,0,2,4,1,B01
201900032857,1,33,,0,2,1,2,A01
201900032858,1,7,,0,2,8,15,A01
201900032858,1,2,,0,2,1,3,B01
201900032859,1,1,,0,2,1,1,B01
201900032859,1,7,,0,2,8,1,A01
201900032860,1,7,,0,2,1,26,A01
201900032860,1,7,,0,2,8,1,B01
201900032861,3,7,,0,1,1,1,A01
201900032862,2,34,,0,2,1,2,B01
201900032862,1,7,,0,2,2,15,A01
201900032863,2,7,,0,2,2,16,A01
201900032863,2,30,,0,2,3,18,B01
201900032864,3,7,,0,2,4,26,B01
201900032864,3,10,,0,2,1,1,Z01
201900032865,1,10,,0,2,1,2,A01
201900032865,1,10,,0,2,4,2,B01
201900032866,1,7,,0,2,1,1,B01
201900032866,2,7,,0,2,1,1,A01
201900032867,1,7,,0,2,4,23,B01
201900032867,1,7,,0,2,1,2,A01
201900032868,3,7,,0,2,1,1,B01
201900032868,0,7,,0,2,3,9,A01
201900032868,3,7,,0,2,1,23,C01
201900032869,2,7,,0,2,4,15,C01
201900032869,1,7,,0,2,4,1,B01
201900032869,2,7,,0,2,4,1,A01
201900032870,1,7,,0,1,0,0,A01
201900032871,3,50,,0,2,1,1,B01
201900032871,3,10,,0,2,3,15,A01
201900032872,2,10,,0,2,5,15,A01
201900032872,1,2,,0,2,1,1,B01
201900032873,2,7,,0,1,7,1,A01
201900032874,1,7,,0,1,2,1,A01
201900032875,2,7,,0,2,3,15,A01
201900032875,1,7,,0,2,3,1,B01
201900032876,1,7,,0,2,8,15,A01
201900032876,1,7,,0,2,2,1,B01
201900032877,2,7,,1,1,2,14,A01
201900032878,3,2,,0,2,1,1,B01
201900032878,3,7,,0,2,7,15,A01
201900032879,2,2,,0,2,1,1,B01
201900032879,3,7,,0,2,1,15,A01
201900032880,2,10,,0,2,5,1,A01
201900032880,2,7,,0,2,3,21,B01
201900032881,2,7,,0,2,1,1,A01
201900032881,1,10,,0,2,1,17,B01
201900032882,1,7,,0,2,1,1,A01
201900032882,1,7,,0,2,7,20,B01
201900032883,0,7,,0,1,1,1,A01
201900032884,3,37,1.0,0,1,3,15,A01
201900032885,2,7,,0,1,1,1,A01
201900032886,0,33,,0,2,1,17,B01
201900032886,0,7,,0,2,8,15,A01
201900032887,1,10,,6,0,1,1,A01
201900032888,2,7,,0,1,3,9,A01
201900032889,1,1,,0,2,4,15,A01
201900032889,1,7,,0,2,1,1,B01
201900032890,2,7,,0,2,3,9,A01
201900032890,2,33,,0,2,5,1,B01
201900032891,3,7,,0,0,4,2,B01
201900032891,3,7,,0,2,1,2,A01
201900032892,1,2,,0,2,6,2,B01
201900032892,1,7,,0,2,7,17,A01
201900032893,1,7,,0,1,3,0,A01
201900032894,1,30,,0,2,6,1,A01
201900032894,1,7,,0,2,2,1,B01
201900032895,3,7,,0,1,8,16,A01
201900032896,0,7,,6,2,0,26,A01
201900032896,0,7,,0,2,3,1,B01
201900032897,1,7,,0,2,2,26,C01
201900032897,2,7,,0,1,2,1,B01
201900032897,1,33,,0,2,1,1,A01
201900032898,0,7,,0,1,3,1,A01
201900032899,3,7,,0,2,5,0,A01
201900032899,3,2,,0,2,0,0,B01
201900032900,3,2,,0,0,0,5,A01
201900032901,0,1,,0,2,1,1,B01
201900032901,0,7,,0,2,2,16,A01
201900032902,2,10,,0,2,1,2,Z01
201900032902,2,7,,0,2,6,2,A01
201900032903,3,33,,0,2,8,0,A01
201900032903,3,7,,0,2,1,0,B01
201900032904,1,7,,1,0,3,1,A01
201900032904,1,7,,0,0,4,23,B01
201900032905,2,7,,0,2,0,5,A01
201900032905,2,7,,0,2,0,0,B01
201900032906,1,33,,0,2,4,2,B01
201900032906,1,7,,0,2,7,2,A01
201900032907,1,7,,0,2,4,0,C01
201900032907,1,7,,0,2,4,2,B01
201900032907,1,7,,0,2,1,2,A01
201900032908,1,7,,0,2,4,2,B01
201900032908,1,7,,0,2,1,2,A01
201900032909,2,7,,0,2,1,16,A01
201900032909,1,50,,0,2,1,1,B01
201900032910,1,10,,3,0,7,2,A01
201900032911,2,33,,0,2,2,3,B01
201900032911,2,7,,0,2,8,11,A01
201900032912,1,7,,0,1,1,1,A01
201900032913,1,7,,0,1,1,1,A01
201900032914,2,7,,0,2,6,1,A01
201900032914,2,7,,0,2,2,12,B01
201900032914,2,34,,0,2,3,3,C01
201900032915,2,7,,0,2,3,1,B01
201900032915,1,7,,0,2,2,5,A01
201900032916,2,7,,0,2,6,1,C01
201900032916,2,33,,0,2,7,1,B01
201900032916,2,34,,0,2,8,9,A01
201900032917,1,7,,0,2,4,1,B01
201900032917,1,10,,0,2,1,1,A01
201900032918,1,7,,0,2,4,1,B01
201900032918,1,7,,0,2,1,1,A01
201900032919,2,7,,0,1,2,1,A01
201900032920,2,30,,0,2,7,1,B01
201900032920,2,7,,0,2,7,9,A01
201900032921,1,7,,0,2,6,1,D01
201900032921,1,7,,0,2,1,1,C01
201900032921,1,33,,0,2,1,3,B01
201900032921,1,7,,0,2,2,12,A01
201900032922,3,7,,0,9,4,0,C01
201900032922,2,7,,0,2,4,26,B01