Num_Acc,senc,catv,occutc,obs,obsm,choc,manv,num_veh
201900032922,2,7,,0,2,1,26,A01
201900032923,2,33,,0,0,9,1,A01
201900032924,2,7,,0,2,4,23,C01
201900032924,2,10,,1,0,4,23,B01
201900032924,2,37,1.0,1,0,1,2,A01
201900032925,2,7,,4,0,1,14,A01
201900032926,1,33,,0,2,2,24,B01
201900032926,1,7,,0,2,4,4,A01
201900032927,1,7,,0,2,4,2,B01
201900032927,1,7,,0,2,1,2,A01
201900032928,2,7,,0,2,4,2,D01
201900032928,2,7,,0,2,4,2,C01
201900032928,2,7,,0,2,4,2,B01
201900032928,2,7,,0,2,1,2,A01
201900032929,2,7,,3,0,1,14,A01
201900032930,2,17,,1,0,1,1,A01
201900032930,2,7,,0,2,4,23,B01
201900032931,1,7,,0,2,1,1,A01
201900032931,1,7,,0,2,4,2,B01
201900032932,2,7,,3,0,2,14,A01
201900032933,1,7,,3,0,1,1,A01
201900032934,1,7,,0,2,1,1,B01
201900032934,2,1,,0,2,1,15,A01
201900032935,2,7,,0,2,6,11,A01
201900032935,2,7,,4,2,2,17,B01
201900032936,2,7,,0,1,1,1,A01
201900032937,1,7,,0,1,1,1,A01
201900032938,3,30,,0,2,7,17,A01
201900032938,3,7,,0,2,8,1,B01
201900032939,1,7,,0,1,8,15,A01
201900032940,1,7,,0,1,1,26,A01
201900032941,3,10,,0,9,1,9,A01
201900032941,3,1,,0,2,7,0,B01
201900032942,1,7,,0,1,1,14,A01
201900032943,2,7,,7,0,8,1,A01
201900032944,2,7,,3,2,2,26,A01
201900032945,1,7,,0,2,7,15,B01
201900032945,1,7,,0,2,1,1,A01
201900032946,1,7,,0,1,3,1,A01
201900032947,2,7,,0,1,1,1,A01
201900032948,2,7,,0,2,1,1,A01
201900032948,2,7,,0,0,4,23,B01
201900032949,1,7,,0,1,2,17,Z01
201900032950,3,7,,0,2,6,15,A01
201900032950,3,7,,0,2,3,15,B01
201900032951,1,30,,0,2,8,1,B01
201900032951,1,7,,0,2,3,15,A01
201900032952,1,33,,0,0,0,12,B01
201900032952,1,10,,0,0,0,0,Z01
201900032953,1,7,,0,1,4,20,B01
201900032954,3,1,,0,0,8,26,A01
201900032955,1,30,,0,1,8,17,A01
201900032956,2,1,,0,2,4,1,B01
201900032956,2,7,,0,2,1,1,A01
201900032957,1,7,,0,2,8,1,A01
201900032957,2,1,,0,2,7,1,B01
201900032958,3,7,,0,1,1,1,A01
201900032959,3,7,,0,1,1,26,A01
201900032960,3,7,,0,1,5,16,A01
201900032961,2,7,,0,1,3,0,A01
201900032962,2,7,,14,2,6,1,B01
201900032962,2,7,,1,2,1,17,A01
201900032962,1,7,,0,2,3,9,C01
201900032963,1,7,,17,0,9,26,A01
201900032964,3,7,,0,2,3,15,A01
201900032964,3,33,,0,2,3,1,B01
201900032965,1,7,,0,2,3,15,B01
201900032965,1,33,,0,2,5,17,A01
201900032966,0,7,,0,2,1,15,A01
201900032966,0,2,,0,2,1,1,B01
201900032967,2,30,,0,2,1,0,B01
201900032967,1,7,,0,2,3,15,A01
201900032968,3,7,,0,2,3,19,B01
201900032968,3,30,,0,2,1,5,A01
201900032969,3,7,,0,2,3,1,B01
201900032969,3,7,,0,2,2,15,A01
201900032970,1,7,,0,1,3,1,A01
201900032971,1,7,,9,2,8,1,B01
201900032971,3,7,,0,2,1,1,A01
201900032972,1,7,,0,1,1,1,A01
201900032973,1,7,,0,1,3,13,A01
201900032974,2,30,,8,0,1,1,A01
201900032975,3,7,,8,0,1,1,A01
201900032976,1,17,,0,2,2,14,A01
201900032976,1,7,,0,1,8,1,B01
201900032976,1,7,,3,2,3,1,C01
201900032976,1,7,,0,1,8,2,D01
201900032976,1,7,,0,2,6,1,E01
201900032977,1,10,,0,2,6,26,B01
201900032977,1,7,,0,2,1,26,A01
201900032978,2,7,,0,2,1,2,A01
201900032978,1,13,,0,2,4,1,B01
201900032979,2,30,,0,2,7,17,A01
201900032979,3,7,,0,2,1,23,B01
201900032980,3,7,,0,1,8,15,A01
201900032981,0,7,,0,2,1,11,B01
201900032981,0,33,,0,2,3,17,A01
201900032982,0,7,,0,2,2,1,A01
201900032982,0,2,,0,2,1,1,B01
201900032983,1,7,,0,0,9,21,A01
201900032984,2,7,,0,2,6,1,A01
201900032984,2,32,,0,2,1,1,B01
201900032985,3,7,,0,0,0,0,A01
201900032985,3,30,,0,0,0,0,B01
201900032986,3,7,,0,6,7,26,A01
201900032987,2,7,,0,2,1,1,A01
201900032987,1,10,,0,2,1,9,B01
201900032988,1,1,,0,2,1,1,B01
201900032988,2,1,,0,2,1,1,A01
201900032989,3,7,,0,1,1,1,A01
201900032990,2,1,,0,2,6,12,B01
201900032990,2,7,,0,2,3,1,A01
201900032991,2,7,,0,2,1,1,A01
201900032991,2,7,,0,2,1,1,B01
201900032991,2,7,,0,0,4,1,C01
201900032992,3,1,,0,2,7,19,A01
201900032992,0,1,,0,2,1,1,B01
201900032993,2,7,,0,1,1,1,A01
201900032994,3,7,,0,2,3,26,A01
201900032994,3,2,,0,2,1,2,B01
201900032995,2,7,,0,2,1,2,A01
201900032995,2,7,,0,2,4,23,B01
201900032995,2,7,,0,2,4,23,C01
201900032996,3,50,,0,2,1,19,A01
201900032996,3,7,,0,2,5,16,B01
201900032997,3,37,1.0,0,1,2,2,A01
201900032998,2,7,,0,1,1,1,A01
201900032999,1,30,,0,1,1,1,A01
201900033000,1,7,,0,2,2,1,B01
201900033000,1,32,,0,2,1,1,A01
201900033001,3,7,,0,2,7,23,B01
201900033001,3,7,,0,2,1,19,A01
201900033002,3,33,,0,2,1,1,A01
201900033002,3,7,,0,2,5,16,B01
201900033003,1,32,,0,0,0,2,A01
201900033004,2,7,,0,1,1,1,A01
201900033005,1,7,,0,2,3,0,C01
201900033005,2,7,,0,2,3,1,B01
201900033005,2,7,,15,2,2,14,A01
201900033006,1,30,,0,2,1,26,A01
201900033006,0,7,,0,2,7,0,B01
201900033007,1,34,,0,2,2,17,B01
201900033007,1,7,,0,2,8,15,A01
201900033008,0,7,,0,2,1,16,A01
201900033008,2,7,,0,2,3,23,C01
201900033008,2,7,,0,2,1,23,B01
201900033009,1,7,,0,2,7,2,B01
201900033010,2,7,,14,0,3,13,A01
201900033011,2,7,,0,1,3,2,A01
201900033012,2,7,,0,2,7,15,A01
201900033012,1,3,,0,2,7,2,B01
201900033013,1,31,,0,1,1,2,A01
201900033014,1,30,,0,0,8,1,A01
201900033015,1,33,,7,0,1,1,A01
201900033016,1,30,,0,1,2,1,A01
201900033017,0,7,,0,2,1,1,B01
201900033017,0,7,,0,2,8,9,A01
201900033018,2,1,,0,1,1,1,A01
201900033019,1,7,,0,2,1,1,A01
201900033019,1,10,,0,2,8,15,B01
201900033020,2,7,,0,2,3,15,B01
201900033020,1,33,,0,2,0,5,A01
201900033021,1,7,,0,1,1,26,A01
201900033022,2,7,,0,2,7,14,B01
201900033022,2,34,,0,2,8,18,A01
201900033023,2,1,,0,2,7,19,B01
201900033023,2,7,,0,2,2,16,A01
201900033024,1,10,,0,2,2,10,A01
201900033024,2,31,,0,2,0,1,B01
201900033025,2,31,,0,2,2,14,B01
201900033025,2,7,,0,2,8,1,A01
201900033025,2,7,,0,2,5,1,C01
201900033026,1,30,,0,2,7,1,B01
201900033026,1,7,,0,2,8,22,A01
201900033027,2,32,,0,2,1,2,C01
201900033027,2,7,,0,2,5,2,B01
201900033027,2,7,,0,2,3,11,A01
201900033028,1,7,,0,2,8,22,A01
201900033028,1,30,,0,2,7,1,B01
201900033029,2,7,,0,2,7,12,A01
201900033029,2,33,,0,2,3,3,B01
201900033030,1,7,,7,0,3,1,Z01
201900033031,1,10,,0,2,3,7,B01
201900033031,1,33,,0,2,7,16,A01
201900033032,1,7,,11,0,1,13,A01
201900033033,1,7,,0,2,2,1,A01
201900033033,1,33,,0,2,2,8,B01
201900033034,1,7,,0,2,2,20,A01
201900033034,1,1,,0,2,3,18,B01
201900033035,1,7,,0,1,4,20,A01
201900033036,1,10,,0,2,4,4,A01
201900033036,1,1,,0,2,1,1,B01
201900033037,1,1,,0,1,1,25,A01
201900033038,2,30,,0,1,1,17,A01
201900033039,1,7,,0,2,5,16,A01
201900033039,1,33,,0,2,3,2,B01
201900033040,2,80,,0,1,1,1,A01
201900033041,1,7,,4,0,1,0,A01
201900033042,1,7,,0,1,3,1,A01
201900033043,1,10,,1,1,1,1,A01
201900033043,0,10,,0,2,6,24,B01
201900033044,1,10,,0,2,6,13,A01
201900033044,1,34,,0,2,7,17,B01
201900033044,1,10,,0,2,8,23,C01
201900033045,1,10,,0,2,3,10,A01
201900033045,1,33,,0,2,1,1,B01
201900033046,1,1,,0,1,1,5,A01
201900033047,2,7,,0,2,4,2,C01
201900033047,2,7,,0,2,4,2,B01
201900033047,2,7,,0,2,1,2,A01
201900033048,2,10,,0,2,3,15,A01
201900033048,2,2,,0,2,1,2,B01
201900033049,1,31,,0,2,2,17,A01
201900033049,1,7,,0,2,3,15,B01
201900033050,2,33,,0,2,7,17,A01
201900033050,2,7,,0,2,3,1,B01
201900033051,2,7,,0,2,7,22,A01
201900033051,2,1,,0,2,8,18,B01
201900033052,1,7,,13,0,3,1,A01
201900033053,2,1,,0,0,1,21,A01
201900033054,1,7,,0,2,7,16,A01
201900033054,1,37,2.0,0,2,1,7,B01
201900033055,1,33,,0,2,2,17,A01
201900033055,1,7,,0,2,1,15,B01
201900033056,1,7,,0,2,1,1,B01
201900033056,2,7,,0,2,7,10,A01
201900033057,1,7,,0,0,1,21,A01
201900033058,2,1,,0,2,1,5,B01
201900033058,1,30,,0,2,0,15,A01
201900033059,2,7,,0,2,1,15,A01
201900033059,1,33,,0,2,1,1,B01
201900033060,3,7,,0,1,1,5,A01
201900033061,1,7,,0,2,6,22,A01
201900033061,1,33,,0,2,6,17,B01
201900033062,1,50,,0,0,0,1,A01
201900033063,1,33,,0,1,1,1,A01
201900033064,1,32,,0,0,7,1,A01
201900033065,0,10,,0,2,1,1,A01
201900033065,0,10,,0,2,4,1,B01
201900033065,0,10,,0,2,4,1,C01
201900033066,2,2,,0,2,1,1,B01
201900033066,2,10,,0,2,3,13,A01
201900033067,0,7,,0,0,0,15,B01
201900033067,0,2,,0,0,0,1,A01
201900033068,2,7,,0,2,6,23,B01
201900033068,2,7,,1,0,1,1,A01
201900033069,1,7,,14,0,3,1,A01
201900033070,2,7,,0,1,4,20,A01
201900033071,3,7,,9,2,3,1,A01
201900033071,3,7,,9,2,2,15,B01
201900033072,2,7,,4,0,1,26,A01
201900033073,1,7,,1,2,3,21,A01
201900033074,2,7,,0,2,2,15,A01
201900033074,1,33,,0,2,8,21,B01
201900033075,1,10,,0,2,2,13,A01
201900033075,1,33,,0,2,4,2,C01
201900033075,1,7,,0,2,3,15,B01
201900033076,3,7,,0,1,3,15,A01
201900033077,3,33,,0,2,3,1,B01
201900033077,3,34,,0,2,0,12,A01
201900033078,1,7,,0,2,8,19,A01
201900033078,2,2,,0,2,1,17,B01
201900033079,2,34,,11,0,1,1,A01
201900033080,0,31,,6,0,0,1,A01
201900033081,1,7,,0,2,7,26,A01
201900033081,1,7,,0,0,0,0,B01
201900033082,2,7,,0,2,7,15,B01
201900033082,1,7,,0,2,1,1,A01
201900033083,1,10,,0,2,2,16,A01
201900033083,1,33,,0,2,1,2,B01
201900033084,1,2,,0,2,7,17,B01
201900033084,1,7,,0,2,3,15,A01
201900033085,1,7,,0,1,3,19,A01
201900033086,1,7,,0,2,5,23,C01
201900033086,1,7,,0,2,5,23,B01
201900033086,1,7,,0,2,1,1,A01
201900033087,1,1,,0,2,1,0,B01
201900033087,1,14,,0,2,5,16,A01
201900033088,1,7,,0,1,2,1,A01
201900033089,3,32,,0,1,0,1,A01
201900033090,3,7,,0,1,4,4,A01
201900033091,2,7,,0,1,1,1,A01
201900033092,1,7,,0,2,6,1,C01
201900033092,1,7,,11,2,6,1,B01
201900033092,1,7,,0,2,2,14,A01
201900033093,1,15,,0,2,1,1,B01
201900033093,1,7,,0,2,8,0,A01
201900033094,1,7,,0,1,4,4,A01
201900033095,0,7,,0,2,2,1,B01
201900033095,0,7,,0,2,2,1,A01
201900033096,2,1,,0,2,8,19,B01
201900033096,2,7,,0,9,1,1,A01
201900033097,1,17,,3,0,0,1,A01
201900033098,3,7,,0,9,2,18,B01
201900033098,3,1,,0,2,4,14,A01
201900033099,3,7,,13,0,3,1,A01
201900033100,2,2,,0,2,1,1,B01
201900033100,0,7,,0,2,2,26,A01
201900033101,2,7,,0,2,1,1,B01
201900033101,1,7,,0,2,1,13,A01
201900033102,1,7,,0,1,3,1,A01
201900033103,2,7,,2,0,2,1,A01
201900033104,1,1,,14,0,1,1,A01
201900033105,2,7,,0,1,6,20,A01
201900033106,0,7,,0,2,7,15,A01
201900033106,0,2,,0,2,1,1,B01
201900033107,1,7,,0,0,9,14,A01
201900033108,3,7,,5,0,9,1,A01
201900033109,1,7,,14,0,1,1,A01
201900033110,1,7,,0,2,7,17,A01
201900033110,1,7,,0,2,3,1,B01
201900033111,1,31,,0,2,1,21,A01
201900033111,1,7,,0,2,3,26,B01
201900033112,2,1,,0,0,1,1,A01
201900033113,1,7,,0,2,6,1,B01
201900033113,2,7,,0,2,1,1,C01
201900033113,2,7,,0,2,1,15,A01
201900033114,1,7,,0,0,1,14,A01
201900033115,1,7,,0,0,3,1,C01
201900033115,1,7,,0,0,3,1,B01
201900033115,2,7,,6,0,1,17,A01
201900033116,0,1,,0,0,4,2,B01
201900033116,3,7,,0,2,1,9,A01
201900033117,2,7,,0,2,8,1,C01
201900033117,2,10,,0,2,3,1,B01
201900033117,1,15,,0,2,3,13,A01
201900033118,2,14,,0,2,3,15,A01
201900033118,1,32,,0,2,8,1,B01
201900033119,2,10,,0,0,5,24,B01
201900033119,2,7,,0,2,1,1,A01
201900033120,2,7,,3,0,2,1,A01
201900033121,2,15,,0,2,4,1,B01
201900033121,2,15,,0,2,1,2,A01
201900033122,2,7,,13,0,1,0,A01
201900033123,2,7,,0,2,3,1,B01
201900033123,1,31,,0,2,1,5,A01
201900033124,3,7,,1,0,3,13,A01
201900033125,1,7,,0,2,1,1,A01
201900033125,2,7,,0,2,1,5,B01
201900033126,2,10,,0,9,2,2,A01
201900033126,2,1,,0,0,0,2,B01
201900033127,1,7,,2,0,3,13,A01
201900033128,3,7,,0,2,7,19,A01
201900033128,3,7,,0,2,1,1,B01
201900033129,1,7,,0,1,3,1,A01
201900033130,1,10,,0,1,2,1,A01
201900033131,0,7,,7,0,6,1,B01
201900033131,0,7,,0,2,1,1,A01
201900033132,3,33,,0,9,0,1,A01
201900033133,3,7,,0,1,2,1,A01
201900033134,2,7,,6,0,1,0,A01
201900033135,1,7,,3,2,3,5,A01
201900033135,2,7,,0,2,3,1,B01
201900033136,2,7,,0,0,3,15,B01
201900033136,1,7,,0,2,1,1,A01
201900033137,1,7,,0,2,1,1,C01
201900033137,1,7,,0,0,5,15,B01
201900033137,2,33,,0,2,1,1,A01
201900033138,1,1,,0,2,8,1,B01
201900033138,1,7,,0,9,2,1,A01
201900033139,1,7,,10,0,2,2,A01
201900033140,2,7,,0,2,3,1,B01
201900033140,1,7,,0,2,3,15,A01
201900033140,3,7,,0,0,1,23,C01
201900033141,1,2,,14,0,1,1,A01
201900033142,1,7,,0,1,1,1,A01
201900033143,2,7,,0,2,8,1,C01
201900033143,1,13,,0,2,3,1,B01
201900033143,2,7,,0,2,3,13,A01
201900033144,0,7,,0,2,2,5,B01
201900033144,0,7,,0,2,2,1,A01
201900033145,1,7,,0,2,1,2,C01
201900033145,2,7,,0,2,4,2,B01
201900033145,2,7,,0,2,4,2,A01
201900033146,2,7,,0,2,4,2,C01
201900033146,2,7,,0,2,4,2,B01
201900033146,2,7,,0,2,4,2,A01
201900033147,2,30,,0,2,4,26,A01
201900033147,2,7,,0,2,7,1,B01
201900033147,2,7,,14,2,1,2,C01
201900033147,2,7,,14,2,1,2,D01
201900033148,2,38,1.0,0,1,2,21,A01
201900033149,2,7,,3,2,4,2,A01
201900033149,2,7,,3,2,1,2,B01
201900033150,2,7,,0,2,1,0,Z01
201900033150,2,7,,0,2,4,1,A01
201900033151,2,10,,4,0,3,1,A01
201900033152,1,10,,4,0,3,13,A01
201900033153,2,7,,0,2,1,2,A01
201900033153,2,7,,0,2,4,2,B01
201900033153,2,7,,0,2,0,2,C01
201900033154,1,10,,0,2,2,1,A01
201900033154,1,7,,0,2,1,1,B01
201900033155,1,7,,0,2,8,1,C01
201900033155,1,7,,0,2,3,1,B01
201900033155,2,10,,0,2,3,5,A01
201900033156,1,7,,0,2,1,2,A01
201900033156,1,7,,0,2,4,2,B01
201900033156,1,7,,0,2,6,2,C01
201900033157,2,7,,0,2,7,14,A01
201900033157,2,32,,0,2,8,3,B01
201900033158,1,7,,0,0,1,1,A01
201900033159,2,7,,0,2,3,13,A01
201900033159,1,7,,0,2,3,1,B01
201900033160,1,21,,0,2,3,1,A01
201900033160,2,10,,6,2,3,1,B01
201900033161,2,33,,3,0,9,1,A01
201900033162,1,7,,0,2,2,9,A01
201900033162,2,43,,0,2,2,1,B01
201900033163,2,7,,0,2,1,1,A01
201900033163,2,7,,0,2,4,1,B01
201900033164,1,7,,0,9,6,15,B01
201900033164,1,33,,0,2,1,2,A01
201900033165,1,7,,0,9,1,19,A01
201900033165,2,2,,0,2,4,1,B01
201900033166,2,7,,0,2,5,1,B01
201900033166,2,7,,0,2,3,1,A01
201900033167,1,7,,0,2,1,15,B01
201900033167,1,7,,0,2,2,1,A01
201900033168,1,7,,0,2,2,1,A01
201900033168,1,1,,0,2,6,13,B01
201900033169,1,10,,0,1,0,0,A01
201900033170,1,40,,0,1,2,1,A01
201900033171,3,7,,0,2,1,2,Z01
201900033171,3,30,,0,2,4,2,B01
201900033172,0,7,,0,1,1,1,A01
201900033173,3,7,,0,2,2,0,A01
201900033173,3,7,,0,2,3,1,B01
201900033174,1,7,,0,1,2,26,A01
201900033175,3,13,,0,2,7,1,B01
201900033175,3,10,,0,2,1,9,A01
201900033176,1,10,,6,0,2,13,A01
201900033177,2,7,,0,1,1,1,A01
201900033178,2,7,,0,2,4,2,C01
201900033178,2,7,,0,2,4,2,B01
201900033178,2,7,,0,2,1,1,A01
201900033179,3,7,,0,1,1,13,A01
201900033180,2,7,,0,1,5,9,A01
201900033181,2,7,,0,1,3,1,A01
201900033182,3,7,,0,1,1,26,A01
201900033183,1,7,,0,2,2,1,A01
201900033183,3,1,,0,2,1,19,B01
201900033184,3,7,,0,0,3,23,C01
201900033184,1,7,,0,9,2,15,B01
201900033184,2,1,,0,2,1,1,A01
201900033185,1,2,,8,0,8,1,A01
201900033186,2,7,,0,2,3,1,B01
201900033186,1,33,,0,2,3,5,A01
201900033187,2,33,,8,0,1,14,A01
201900033188,2,1,,0,0,1,2,A01
201900033188,2,1,,0,0,4,2,B01
201900033189,1,7,,13,0,3,1,A01
201900033190,1,2,,0,2,2,19,A01
201900033190,1,7,,0,2,3,1,B01
201900033191,2,34,,4,0,8,13,A01
201900033192,0,7,,0,1,2,1,A01
201900033193,1,7,,13,0,3,13,A01
201900033194,3,14,,0,2,3,19,A01
201900033194,3,10,,0,2,7,1,B01
201900033195,1,7,,2,0,3,14,A01
201900033196,1,33,,0,6,3,1,A01
201900033197,1,7,,0,0,9,2,A01
201900033198,1,2,,0,0,3,1,A01
201900033199,2,33,,13,0,1,1,A01
201900033200,2,33,,9,0,8,1,A01
201900033201,0,33,,8,0,1,16,A01
201900033202,2,32,,0,2,1,1,A01
201900033202,1,34,,0,2,3,1,B01
201900033203,1,7,,3,0,3,1,A01
201900033204,2,7,,2,0,9,0,A01
201900033205,3,7,,2,0,2,1,A01
201900033206,2,7,,0,2,2,19,B01
201900033206,1,7,,0,2,7,1,A01
201900033207,1,7,,2,0,7,0,A01
201900033208,2,7,,0,0,3,0,B01
201900033208,1,7,,0,0,3,1,A01
201900033209,1,33,,2,0,1,0,A01
201900033210,1,2,,0,0,7,1,A01
201900033211,2,7,,0,2,3,13,A01
201900033211,1,10,,0,2,2,1,B01
201900033212,2,7,,0,2,3,16,A01
201900033212,1,10,,0,2,3,17,B01
201900033213,1,7,,0,2,1,1,B01
201900033213,2,7,,12,2,5,19,A01
201900033214,1,7,,6,0,1,13,A01
201900033215,2,7,,2,0,0,1,A01
201900033216,3,1,,0,2,1,1,B01
201900033216,3,7,,0,2,5,15,A01
201900033217,1,7,,0,2,1,1,C01
201900033217,1,7,,0,2,3,1,B01
201900033217,1,7,,0,2,4,1,A01
201900033218,1,7,,0,2,3,1,B01
201900033218,1,14,,0,2,0,1,A01
201900033219,1,7,,0,2,5,1,A01
201900033219,1,7,,0,2,3,0,B01
201900033220,2,7,,0,2,4,2,B01
201900033220,2,7,,0,2,1,2,A01
201900033221,1,99,,0,0,0,0,Z01
201900033221,1,7,,0,2,4,23,A01
201900033222,1,34,,0,2,1,3,B01
201900033222,1,7,,0,2,5,14,A01
201900033223,1,7,,0,2,4,2,B01
201900033223,1,7,,0,2,1,2,A01
201900033224,1,7,,0,2,8,11,B01
201900033224,1,31,,0,2,2,3,A01
201900033225,2,7,,4,0,7,1,A01
201900033226,2,7,,4,2,1,1,A01
201900033227,2,7,,0,0,9,21,A01
201900033228,1,7,,3,0,3,0,A01
201900033229,2,7,,0,2,6,9,B01
201900033229,2,7,,0,2,1,1,C01
201900033229,2,7,,4,2,1,9,A01
201900033230,1,2,,0,2,4,1,B01
201900033230,1,30,,0,2,4,21,A01
201900033231,1,7,,0,1,1,1,A01
201900033232,1,7,,0,2,0,1,A01
201900033232,1,1,,0,2,0,0,B01
201900033233,2,7,,0,1,3,1,B01
201900033234,2,7,,0,1,1,2,A01
201900033235,3,33,,0,2,1,1,B01
201900033235,3,7,,0,2,5,15,A01
201900033236,3,32,,0,2,8,1,B01
201900033236,3,30,,0,2,1,15,A01
201900033237,2,7,,0,1,0,15,A01
201900033238,2,7,,0,2,8,11,B01
201900033238,2,30,,0,2,1,17,A01
201900033239,0,31,,0,2,6,9,B01
201900033239,0,7,,0,2,2,9,A01
201900033240,2,7,,0,2,3,1,B01
201900033240,2,50,,0,2,1,1,A01
201900033241,1,7,,0,2,5,1,B01
201900033241,1,32,,0,2,2,1,A01
201900033242,1,7,,0,2,6,0,A01
201900033242,2,1,,0,2,0,0,B01
201900033243,1,33,,11,0,1,1,A01
201900033244,1,7,,0,1,1,1,A01
201900033245,1,7,,0,2,1,0,B01
201900033245,1,7,,0,2,1,0,A01
201900033246,3,33,,12,0,1,0,A01
201900033247,3,13,,0,2,1,9,A01
201900033247,3,1,,0,2,7,1,B01
201900033248,3,7,,0,1,3,2,A01
201900033249,0,7,,0,1,4,26,A01
201900033250,2,7,,0,2,1,1,C01
201900033250,1,7,,0,2,1,1,B01
201900033250,2,7,,0,2,1,1,A01
201900033251,1,0,,0,1,0,1,VF01
201900033252,2,33,,0,2,1,17,B01
201900033252,2,7,,0,2,8,15,A01
201900033253,2,7,,0,1,1,1,A01
201900033254,1,7,,0,2,1,13,A01
201900033254,2,33,,0,2,1,1,B01
201900033254,2,33,,0,2,0,1,C01
201900033255,1,7,,0,0,2,2,A01
201900033255,1,7,,0,0,4,1,B01
201900033256,3,3,,0,1,2,1,A01
201900033257,1,7,,8,0,1,26,A01
201900033258,0,7,,0,0,0,0,C01
201900033258,0,37,1.0,0,2,1,1,B01
201900033258,0,7,,0,2,4,13,A01
201900033259,2,17,,0,2,1,5,A01
201900033259,2,7,,0,2,1,1,B01
201900033260,2,7,,0,2,4,2,B01
201900033260,1,80,,0,2,1,2,A01
201900033261,1,7,,13,0,7,1,A01
201900033262,1,7,,0,2,1,5,B01
201900033262,1,7,,0,2,1,0,A01
201900033263,1,7,,1,0,2,14,A01
201900033264,1,7,,0,2,1,1,A01
201900033264,1,7,,0,2,4,23,B01
201900033264,1,7,,0,2,4,23,C01
201900033264,1,7,,0,2,4,23,D01
201900033265,1,7,,0,2,1,1,B01
201900033265,2,7,,0,2,1,13,A01
201900033266,1,7,,0,2,1,15,A01
201900033266,1,2,,0,2,1,1,B01
201900033267,2,7,,0,2,4,2,C01
201900033267,2,7,,0,2,4,2,B01
201900033267,2,7,,0,2,1,2,A01
201900033268,1,7,,0,0,0,26,A01
201900033269,1,7,,8,2,1,17,A01
201900033269,3,7,,0,2,1,1,B01
201900033270,2,2,,1,0,7,14,A01
201900033271,2,7,,0,2,2,16,A01
201900033271,1,7,,0,2,3,1,B01
201900033272,3,7,,0,1,4,4,A01
201900033273,1,7,,0,2,0,0,B01
201900033273,1,7,,0,2,0,1,A01
201900033274,2,10,,0,0,0,1,A01
201900033275,1,7,,0,2,1,1,A01
201900033275,1,7,,0,2,4,1,B01
201900033276,2,2,,0,2,7,1,B01
201900033276,1,7,,0,2,1,15,A01
201900033277,2,31,,0,2,1,17,B01
201900033277,1,7,,0,2,8,19,A01
201900033278,3,7,,0,2,2,26,A01
201900033278,3,7,,0,2,3,26,B01
201900033279,1,7,,0,2,2,0,A01
201900033279,1,1,,0,2,8,0,B01
201900033280,1,7,,0,2,8,17,A01
201900033280,2,1,,0,2,1,1,B01
201900033281,2,2,,6,0,1,13,A01
201900033282,3,33,,0,2,1,1,B01
201900033282,3,7,,0,2,5,15,A01
201900033283,1,30,,0,0,0,1,A01
201900033284,1,7,,0,2,0,0,Z01
201900033284,1,1,,0,2,4,1,B01
201900033285,2,7,,0,2,4,2,B01
201900033285,2,7,,0,2,1,2,A01
201900033286,2,7,,0,2,1,1,B01
201900033286,1,7,,0,2,2,15,A01
201900033287,1,32,,0,0,8,1,A01
201900033288,1,13,,0,2,6,1,B01
201900033288,1,34,,0,2,1,1,A01
201900033289,0,30,,0,2,1,1,B01
201900033289,2,7,,0,2,4,15,A01
201900033290,2,7,,6,0,1,9,A01
201900033291,1,7,,0,2,1,1,B01
201900033291,2,33,,0,2,1,1,A01
201900033292,1,7,,0,2,6,1,A01
201900033292,1,2,,0,2,3,1,B01
201900033293,2,2,,0,2,1,17,B01
201900033293,2,7,,0,2,2,15,A01
201900033294,0,10,,0,2,3,9,B01
201900033294,0,33,,0,2,8,17,A01
201900033295,1,7,,0,1,1,1,B01
201900033296,2,10,,0,2,1,1,A01
201900033296,2,7,,0,2,4,1,B01
201900033296,1,7,,0,2,9,1,C01
201900033296,1,7,,0,2,7,1,D01
201900033297,1,7,,1,0,1,13,A01
201900033298,3,7,,0,1,4,20,A01
201900033299,1,7,,0,2,1,19,A01
201900033299,1,10,,0,2,8,1,B01
201900033300,1,7,,0,1,7,1,A01
201900033301,1,10,,0,2,1,0,A01
201900033301,1,7,,0,2,0,0,B01
201900033302,1,7,,14,0,9,26,A01
201900033303,2,7,,0,1,3,1,A01
201900033304,1,7,,0,2,1,9,A01
201900033304,2,7,,0,2,1,1,B01
201900033305,1,14,,0,1,1,2,Z01
201900033306,1,32,,0,2,1,17,A01
201900033306,0,7,,0,2,3,1,B01
201900033306,0,7,,0,2,8,1,C01
201900033307,1,7,,0,1,1,1,A01
201900033308,1,7,,0,1,0,26,A01
201900033309,2,7,,0,2,3,15,A01
201900033309,2,32,,0,2,1,1,B01
201900033310,1,7,,0,2,0,0,Z01
201900033310,1,7,,0,2,4,15,A01
201900033311,0,7,,0,2,3,0,A01
201900033311,3,32,,0,2,7,0,B01
201900033312,1,33,,0,2,1,17,B01
201900033312,1,7,,0,2,3,10,A01
201900033313,2,3,,0,2,4,23,D01
201900033313,2,3,,0,2,1,23,C01
201900033313,2,3,,0,2,1,23,B01
201900033313,2,3,,0,2,1,1,A01
201900033314,1,7,,0,1,1,2,A01
201900033315,3,7,,0,2,2,26,A01
201900033315,3,7,,0,2,3,13,B01
201900033316,1,34,,0,2,6,1,A01
201900033316,2,7,,0,2,6,0,B01