Num_Acc,senc,catv,occutc,obs,obsm,choc,manv,num_veh
201900033317,1,14,,0,2,1,1,A01
201900033317,2,7,,0,2,8,1,B01
201900033317,1,7,,0,2,1,1,C01
201900033318,3,1,,0,2,1,1,B01
201900033318,3,7,,0,2,8,15,A01
201900033319,1,7,,0,2,3,9,A01
201900033319,1,2,,0,2,1,1,B01
201900033320,1,7,,0,1,1,1,A01
201900033321,1,7,,0,2,4,2,D01
201900033321,1,7,,0,2,4,0,C01
201900033321,1,7,,0,2,4,2,B01
201900033321,1,7,,0,2,1,1,A01
201900033321,1,7,,0,2,4,10,E01
201900033322,1,7,,0,2,2,12,A01
201900033322,1,2,,0,2,3,1,B01
201900033323,2,7,,0,2,1,2,A01
201900033323,2,34,,0,2,4,23,B01
201900033324,3,7,,0,2,0,0,A01
201900033324,1,7,,0,0,0,0,B01
201900033325,2,7,,0,2,1,1,A01
201900033325,2,7,,0,2,4,23,B01
201900033326,3,33,,0,2,1,1,B01
201900033326,3,7,,14,2,5,26,A01
201900033327,2,7,,0,2,2,12,A01
201900033327,2,43,,0,2,8,3,B01
201900033328,2,33,,0,0,8,0,A01
201900033329,2,7,,4,2,2,13,A01
201900033329,2,17,,0,2,6,1,B01
201900033330,1,32,,0,2,8,3,B01
201900033330,1,7,,0,2,7,12,A01
201900033331,2,7,,0,2,4,23,B01
201900033331,2,80,,0,2,1,2,A01
201900033332,1,10,,0,2,7,16,A01
201900033332,1,1,,0,2,3,1,B01
201900033333,1,7,,0,2,0,2,Z01
201900033333,1,32,,0,2,0,2,A01
201900033334,1,50,,0,2,1,18,B01
201900033334,1,7,,0,2,7,16,A01
201900033335,1,30,,0,1,1,1,A01
201900033336,1,10,,0,1,8,1,A01
201900033337,2,7,,0,1,2,20,A01
201900033338,2,7,,0,2,7,14,Z01
201900033338,2,33,,0,2,8,1,A01
201900033339,1,1,,0,2,8,13,A01
201900033339,1,1,,0,2,7,17,B01
201900033340,2,32,,0,2,1,2,A01
201900033340,2,10,,0,2,6,23,B01
201900033341,1,1,,0,1,2,1,A01
201900033342,2,10,,0,2,8,15,A01
201900033342,2,30,,0,2,2,17,B01
201900033343,2,31,,0,2,1,2,A01
201900033343,2,7,,0,2,5,2,B01
201900033344,2,7,,0,2,7,22,A01
201900033344,2,30,,0,2,8,18,B01
201900033345,1,33,,0,2,7,1,A01
201900033345,2,7,,0,2,1,13,Z01
201900033346,1,31,,0,1,1,1,Z01
201900033347,1,7,,0,2,6,1,B01
201900033347,2,30,,0,2,1,1,A01
201900033348,1,33,,0,0,8,17,A01
201900033349,1,7,,0,2,3,15,B01
201900033349,1,30,,0,2,2,1,A01
201900033350,2,43,,0,2,0,21,A01
201900033351,1,7,,0,1,1,1,A01
201900033352,1,50,,0,1,8,17,A01
201900033353,2,30,,0,0,8,16,A01
201900033354,1,1,,0,1,1,25,A01
201900033355,1,7,,0,1,3,26,A01
201900033356,2,7,,0,2,6,15,B01
201900033356,2,33,,0,2,1,17,A01
201900033357,0,7,,8,0,7,1,A01
201900033358,3,7,,0,2,0,10,A01
201900033358,3,30,,0,2,1,1,B01
201900033359,3,1,,0,2,5,19,A01
201900033359,3,7,,0,2,1,2,B01
201900033360,3,33,,0,2,2,1,A01
201900033360,3,7,,0,2,6,1,B01
201900033361,1,7,,0,2,3,13,A01
201900033361,1,7,,0,2,3,1,B01
201900033362,2,34,,0,2,3,16,B01
201900033362,1,7,,0,2,3,15,A01
201900033363,1,7,,0,2,1,1,B01
201900033363,1,7,,0,2,6,10,A01
201900033364,3,10,,0,2,1,2,A01
201900033364,3,7,,0,2,4,2,C01
201900033364,3,7,,0,2,4,2,B01
201900033364,3,7,,0,2,4,2,D01
201900033365,1,7,,0,6,1,10,A01
201900033365,2,33,,0,2,8,1,B01
201900033366,1,7,,5,2,7,16,A01
201900033366,0,7,,0,2,3,16,B01
201900033367,1,7,,0,5,4,1,C01
201900033367,1,7,,0,2,4,1,B01
201900033367,1,10,,0,2,1,1,A01
201900033368,2,7,,0,2,3,19,A01
201900033368,2,2,,0,2,0,1,B01
201900033369,2,33,,3,0,0,3,B01
201900033369,2,7,,3,0,6,11,A01
201900033370,2,30,,11,0,1,1,A01
201900033371,1,7,,0,1,2,1,A01
201900033372,0,7,,0,2,3,10,B01
201900033372,0,2,,0,2,1,5,A01
201900033373,0,7,,0,2,0,0,B01
201900033373,0,2,,0,2,7,2,A01
201900033374,1,13,,0,1,3,1,A01
201900033375,1,7,,0,2,1,15,A01
201900033375,2,7,,0,2,3,1,B01
201900033376,1,7,,0,2,3,15,A01
201900033376,2,31,,0,2,1,1,B01
201900033377,3,7,,0,2,1,2,A01
201900033377,3,7,,0,2,4,2,B01
201900033377,3,7,,0,2,1,1,C01
201900033378,1,7,,0,2,1,9,A01
201900033378,1,34,,0,2,1,1,B01
201900033379,0,7,,0,1,2,1,A01
201900033380,3,80,,0,2,7,19,B01
201900033380,3,7,,0,2,2,16,A01
201900033381,2,7,,0,2,0,0,Z01
201900033381,1,1,,0,2,0,0,B01
201900033382,3,7,,0,2,6,1,B01
201900033382,3,7,,0,2,2,2,A01
201900033383,1,7,,11,0,0,1,A01
201900033384,2,30,,0,2,7,17,A01
201900033384,2,7,,0,2,8,13,B01
201900033385,1,7,,0,2,3,1,B01
201900033385,3,1,,0,2,1,19,A01
201900033386,2,7,,0,2,4,23,B01
201900033386,2,7,,0,2,4,23,C01
201900033386,2,7,,0,2,1,2,A01
201900033387,0,2,,0,2,1,1,B01
201900033387,0,7,,0,2,1,15,A01
201900033388,2,7,,0,2,3,15,A01
201900033388,2,2,,0,2,1,17,B01
201900033389,1,7,,0,1,3,1,A01
201900033390,1,7,,0,2,1,1,A01
201900033390,1,7,,0,2,4,1,B01
201900033391,1,7,,0,2,3,1,A01
201900033391,3,1,,0,2,1,19,B01
201900033392,3,7,,12,2,1,2,A01
201900033392,3,7,,12,2,4,2,B01
201900033393,0,7,,1,1,1,15,A01
201900033394,2,7,,9,0,1,13,A01
201900033395,1,7,,15,0,1,14,A01
201900033396,1,7,,0,2,0,0,B01
201900033396,3,2,,1,0,6,21,A01
201900033397,1,7,,0,2,4,2,B01
201900033397,1,7,,0,2,1,26,A01
201900033398,3,32,,0,2,1,2,B01
201900033398,3,7,,0,2,3,10,A01
201900033399,2,7,,0,2,3,1,B01
201900033399,2,7,,0,2,0,9,Z01
201900033400,0,7,,0,0,0,11,B01
201900033400,0,33,,12,0,3,13,A01
201900033401,1,33,,0,2,1,1,B01
201900033401,2,32,,0,2,1,13,A01
201900033402,3,80,,0,2,1,9,B01
201900033402,2,34,,0,2,7,16,A01
201900033403,1,7,,0,2,1,1,A01
201900033403,1,7,,0,2,4,1,B01
201900033404,2,7,,0,2,2,17,A01
201900033404,1,33,,0,2,1,1,B01
201900033405,1,7,,0,2,8,1,A01
201900033405,1,33,,0,2,7,1,B01
201900033406,1,31,,0,2,7,1,A01
201900033406,2,7,,0,2,7,15,B01
201900033407,2,7,,0,0,0,0,B01
201900033407,1,10,,0,0,9,1,A01
201900033408,1,33,,0,2,1,1,A01
201900033408,2,7,,0,2,3,9,B01
201900033409,3,7,,0,2,5,2,B01
201900033409,3,33,,0,2,1,14,A01
201900033410,1,3,,8,0,2,14,A01
201900033411,1,7,,6,2,1,1,B01
201900033411,1,7,,0,2,1,9,A01
201900033412,1,7,,0,2,3,0,B01
201900033412,1,7,,0,2,2,0,A01
201900033413,2,7,,0,1,1,1,A01
201900033414,3,10,,0,1,4,4,A01
201900033415,3,7,,6,2,7,1,A01
201900033415,3,7,,6,2,1,1,B01
201900033416,1,10,,0,0,4,1,D01
201900033416,1,10,,0,2,1,1,C01
201900033417,1,7,,1,0,3,13,A01
201900033418,2,10,,0,2,8,1,A01
201900033418,2,2,,0,2,1,17,B01
201900033419,1,30,,0,1,1,1,A01
201900033420,1,7,,0,2,5,2,A01
201900033420,1,7,,0,2,5,23,B01
201900033421,2,7,,9,0,8,19,A01
201900033421,3,7,,0,2,0,0,Z01
201900033422,3,3,,0,6,5,19,A01
201900033422,3,2,,0,2,1,21,B01
201900033423,1,7,,0,1,0,1,A01
201900033424,0,2,,1,0,1,1,A01
201900033425,1,2,,0,2,3,1,B01
201900033425,2,7,,0,2,5,10,A01
201900033426,1,33,,1,0,4,0,A01
201900033426,1,99,,0,0,4,24,W01
201900033427,1,30,,0,2,3,13,A01
201900033427,2,7,,0,2,3,1,B01
201900033428,1,7,,0,2,0,1,A01
201900033428,1,31,,0,2,7,15,B01
201900033429,2,30,,0,2,1,1,A01
201900033429,1,10,,0,2,4,20,B01
201900033430,0,7,,0,2,3,1,B01
201900033430,0,30,,0,2,7,1,A01
201900033431,1,10,,3,0,1,1,A01
201900033432,1,34,,1,0,2,14,A01
201900033433,3,10,,0,2,2,1,B01
201900033433,3,43,,0,2,6,2,A01
201900033434,1,7,,0,2,3,22,A01
201900033434,1,32,,0,2,1,1,B01
201900033435,0,7,,0,1,2,15,A01
201900033436,2,10,,0,1,3,15,A01
201900033437,2,7,,0,2,1,1,A01
201900033437,1,10,,0,2,5,1,B01
201900033438,2,32,,0,1,2,1,A01
201900033439,1,7,,0,2,0,1,B01
201900033439,2,7,,0,2,1,15,A01
201900033440,2,7,,0,1,1,15,A01
201900033441,1,1,,0,1,1,1,A01
201900033442,1,30,,0,0,8,1,A01
201900033443,2,30,,0,2,2,16,A01
201900033443,2,7,,0,2,3,1,B01
201900033444,1,7,,0,2,1,1,A01
201900033444,1,7,,0,2,4,1,B01
201900033445,2,1,,0,2,2,1,B01
201900033445,2,7,,0,2,3,22,A01
201900033446,2,10,,0,1,4,20,A01
201900033447,2,7,,0,1,1,1,A01
201900033448,1,7,,0,2,1,10,A01
201900033448,3,33,,0,2,8,1,B01
201900033449,1,7,,0,2,2,16,A01
201900033449,1,32,,0,2,8,18,B01
201900033450,1,10,,0,1,4,20,A01
201900033451,2,7,,0,2,2,26,A01
201900033451,2,2,,0,0,0,0,B01
201900033452,2,3,,0,2,1,1,A01
201900033452,2,3,,0,2,4,23,B01
201900033452,2,3,,0,2,4,23,C01
201900033453,3,2,,0,0,0,17,A01
201900033454,1,7,,0,2,1,1,A01
201900033454,1,7,,0,2,3,16,B01
201900033455,1,10,,0,2,7,2,E01
201900033455,1,7,,0,2,1,26,D01
201900033455,1,7,,0,2,1,23,C01
201900033455,1,7,,14,2,4,2,B01
201900033455,1,7,,0,2,2,2,A01
201900033456,2,33,,14,0,1,14,A01
201900033457,2,7,,0,2,3,2,A01
201900033457,0,32,,0,2,1,15,B01
201900033458,1,7,,0,2,7,0,B01
201900033458,1,33,,0,2,1,0,A01
201900033459,0,7,,0,1,4,4,A01
201900033460,2,34,,0,2,3,14,A01
201900033460,2,34,,0,2,1,2,B01
201900033461,1,10,,0,2,3,16,A01
201900033461,2,33,,0,2,4,15,B01
201900033462,3,7,,0,0,0,0,B01
201900033462,3,7,,0,0,4,1,A01
201900033463,1,7,,0,2,1,21,A01
201900033463,2,1,,0,2,1,21,B01
201900033464,1,7,,0,2,6,10,A01
201900033464,1,33,,0,2,1,1,B01
201900033465,2,7,,0,1,1,2,A01
201900033466,2,7,,0,0,4,1,B01
201900033466,2,34,,0,2,1,9,A01
201900033467,1,7,,0,2,1,1,B01
201900033467,2,7,,0,2,1,5,A01
201900033468,2,1,,0,2,2,1,B01
201900033468,1,7,,0,6,2,20,A01
201900033469,1,7,,0,2,3,2,A01
201900033469,3,1,,0,2,1,19,B01
201900033470,2,15,,5,0,5,1,A01
201900033471,2,1,,0,2,1,2,A01
201900033471,2,7,,0,2,4,20,B01
201900033472,2,10,,0,2,2,23,B01
201900033472,1,7,,1,0,2,13,A01
201900033473,1,7,,13,0,3,1,A01
201900033474,1,7,,6,0,3,14,A01
201900033475,1,33,,0,2,9,21,B01
201900033475,3,15,,0,0,3,15,A01
201900033476,2,1,,2,0,4,1,A01
201900033477,3,7,,2,0,3,1,A01
201900033478,1,7,,13,0,0,1,A01
201900033479,1,7,,0,0,0,17,A01
201900033479,2,7,,0,2,1,21,B01
201900033479,2,7,,0,2,4,2,C01
201900033479,2,7,,0,2,1,2,D01
201900033480,1,33,,0,2,1,1,A01
201900033480,1,7,,0,0,4,1,B01
201900033481,3,7,,0,2,1,1,A01
201900033481,3,1,,0,0,4,2,B01
201900033482,1,38,1.0,0,2,1,5,C01
201900033482,2,7,,0,2,2,2,B01
201900033482,2,7,,0,2,6,2,A01
201900033483,0,7,,10,0,1,13,A01
201900033484,1,7,,0,0,4,23,A01
201900033484,1,31,,14,0,1,2,B01
201900033485,0,7,,0,2,3,1,B01
201900033485,3,7,,0,2,3,13,A01
201900033486,1,1,,0,0,3,1,B01
201900033486,1,7,,0,2,5,17,A01
201900033487,1,7,,0,2,8,1,A01
201900033487,1,1,,0,2,1,1,B01
201900033488,3,31,,0,2,5,26,A01
201900033488,3,7,,0,2,1,1,B01
201900033489,2,7,,0,2,2,1,A01
201900033489,1,7,,0,2,1,1,B01
201900033490,3,7,,0,2,3,1,B01
201900033490,3,2,,0,2,1,13,A01
201900033491,1,2,,2,0,2,0,A01
201900033492,2,33,,0,2,1,1,A01
201900033492,2,7,,0,2,4,15,B01
201900033493,2,1,,0,2,1,13,A01
201900033493,1,7,,0,2,8,1,B01
201900033494,2,33,,13,0,2,1,A01
201900033495,2,1,,0,2,4,1,B01
201900033495,2,1,,0,2,1,1,A01
201900033496,2,7,,0,2,3,19,A01
201900033496,1,33,,0,2,1,1,B01
201900033497,1,7,,0,2,3,1,A01
201900033497,1,1,,0,2,7,1,B01
201900033498,2,7,,0,2,1,13,A01
201900033498,1,7,,0,2,3,1,B01
201900033499,3,33,,0,2,1,17,A01
201900033499,3,7,,0,2,1,1,B01
201900033500,1,7,,6,0,3,15,A01
201900033501,1,7,,0,1,4,1,A01
201900033502,3,7,,16,0,1,1,A01
201900033503,2,33,,0,2,1,1,B01
201900033503,3,7,,0,2,2,15,A01
201900033504,2,14,,0,2,2,1,B01
201900033504,2,10,,0,2,3,15,A01
201900033505,1,31,,0,2,1,2,A01
201900033506,2,15,,3,0,1,1,A01
201900033507,2,3,,0,2,1,2,A01
201900033507,2,38,1.0,0,2,4,24,B01
201900033508,3,36,,6,0,1,1,A01
201900033509,1,7,,13,0,3,1,A01
201900033510,3,34,,0,2,8,1,B01
201900033510,3,7,,0,2,1,15,A01
201900033511,3,1,,0,0,8,9,A01
201900033511,0,10,,0,2,2,1,B01
201900033512,1,1,,0,2,8,1,B01
201900033512,1,10,,0,9,5,17,A01
201900033513,2,7,,0,2,3,15,B01
201900033513,1,33,,0,2,1,17,A01
201900033514,0,10,,6,2,3,19,A01
201900033514,0,7,,6,2,1,1,B01
201900033515,2,7,,0,2,8,1,B01
201900033515,1,7,,3,2,3,13,A01
201900033516,1,7,,0,2,3,13,B01
201900033516,2,7,,0,0,3,1,A01
201900033517,1,7,,0,1,1,16,A01
201900033518,1,7,,0,2,3,15,A01
201900033518,2,14,,0,2,3,1,B01
201900033519,1,7,,0,0,2,1,A01
201900033520,0,7,,0,1,3,1,A01
201900033521,1,33,,0,0,0,1,A01
201900033522,2,1,,0,2,0,1,C01
201900033522,2,1,,0,2,8,13,B01
201900033522,1,7,,0,2,8,13,A01
201900033523,1,33,,0,2,7,1,B01
201900033523,2,7,,0,2,3,19,A01
201900033524,1,7,,0,9,7,15,A01
201900033524,3,1,,0,2,7,26,B01
201900033525,2,2,,0,2,2,11,B01
201900033525,2,7,,0,2,7,1,A01
201900033526,1,14,,0,2,3,1,B01
201900033526,1,7,,0,2,3,13,A01
201900033527,1,7,,3,0,2,1,A01
201900033528,2,7,,4,0,3,21,A01
201900033529,1,34,,0,2,1,12,B01
201900033529,1,7,,0,2,5,23,A01
201900033530,2,33,,0,2,7,1,A01
201900033530,2,10,,0,2,8,11,B01
201900033531,2,33,,0,2,4,1,A01
201900033532,1,33,,0,0,7,1,A01
201900033533,1,7,,0,2,5,12,A01
201900033533,1,43,,0,2,3,1,B01
201900033534,2,7,,0,2,5,12,A01
201900033534,2,31,,0,2,3,3,B01
201900033535,2,7,,3,0,1,1,A01
201900033536,2,7,,0,2,8,11,A01
201900033536,2,33,,0,2,2,0,B01
201900033537,2,10,,0,2,4,9,B01
201900033537,2,31,,0,2,1,3,A01
201900033538,1,33,,0,0,7,1,A01
201900033539,1,7,,0,0,9,1,A01
201900033540,2,15,,0,2,4,23,B01
201900033540,2,14,,1,0,1,2,A01
201900033541,1,33,,0,2,8,1,B01
201900033541,1,10,,0,2,7,12,A01
201900033542,2,7,,0,2,4,2,B01
201900033542,2,7,,0,2,1,2,A01
201900033543,1,7,,0,2,5,12,B01
201900033543,1,7,,4,2,3,1,A01
201900033544,1,7,,0,2,1,2,B01
201900033544,1,7,,0,2,4,2,A01
201900033545,1,7,,3,0,1,2,A01
201900033546,1,7,,0,2,1,1,B01
201900033546,1,7,,0,2,4,1,A01
201900033547,2,33,,0,0,1,3,A01
201900033548,2,7,,0,2,4,23,B01
201900033548,2,7,,0,2,4,23,C01
201900033548,2,7,,0,2,1,2,A01
201900033549,2,10,,0,2,2,2,A01
201900033549,2,2,,0,2,4,2,B01
201900033550,2,10,,0,2,4,1,B01
201900033550,2,7,,0,2,1,1,A01
201900033551,2,7,,0,2,2,3,A01
201900033551,2,15,,0,2,4,2,C01
201900033551,1,7,,0,2,6,2,B01
201900033552,1,7,,0,2,6,11,A01
201900033552,1,33,,0,2,7,3,B01
201900033553,2,31,,0,2,2,21,A01
201900033554,1,7,,0,2,2,14,A01
201900033554,2,7,,0,2,3,1,B01
201900033555,2,7,,4,0,7,1,A01
201900033556,1,10,,1,2,4,26,B01
201900033556,1,10,,0,2,5,23,C01
201900033556,1,7,,0,2,1,21,A01
201900033557,2,7,,0,2,4,2,B01
201900033557,2,7,,0,2,1,2,A01
201900033558,2,7,,0,2,4,2,B01
201900033558,2,7,,0,2,1,2,A01
201900033559,2,7,,0,2,1,1,B01
201900033559,2,7,,4,2,9,19,A01
201900033560,2,7,,0,1,1,1,A01
201900033561,1,7,,0,2,1,1,A01
201900033562,2,7,,0,1,1,1,A01
201900033563,1,7,,0,2,4,0,A01
201900033563,1,1,,0,2,4,19,B01
201900033564,2,7,,0,2,1,15,A01
201900033564,1,32,,0,2,1,1,B01
201900033565,1,30,,0,2,3,2,B01
201900033565,1,7,,0,2,2,16,A01
201900033566,2,7,,0,2,1,1,A01
201900033566,1,99,,0,2,7,1,B01
201900033567,1,7,,0,1,1,1,A01
201900033568,2,32,,0,2,0,26,A01
201900033568,2,7,,0,2,3,0,B01
201900033569,1,32,,0,2,2,16,A01
201900033569,1,2,,0,2,1,18,B01
201900033570,0,7,,0,2,0,0,Z01
201900033570,2,1,,0,2,4,14,B01
201900033571,2,7,,0,0,0,0,C01
201900033571,1,33,,0,1,3,14,A01
201900033572,1,7,,0,1,1,1,A01
201900033573,1,7,,0,1,1,15,A01
201900033574,1,10,,0,1,1,1,A01
201900033575,0,7,,0,2,6,1,L01
201900033575,0,37,2.0,0,2,2,1,M01
201900033576,0,7,,0,2,4,1,B01
201900033576,0,7,,0,2,1,1,A01
201900033577,0,7,,0,1,1,1,A01
201900033578,0,7,,0,1,1,1,A01
201900033579,0,7,,0,1,1,1,A01
201900033580,2,30,,0,2,1,1,A01
201900033580,2,7,,0,2,5,1,B01
201900033581,0,7,,0,1,1,26,A01
201900033582,1,7,,0,1,2,1,A01
201900033583,1,7,,0,2,1,13,A01
201900033583,3,7,,0,2,3,2,B01
201900033584,2,7,,0,2,9,1,B01
201900033584,1,7,,0,2,7,15,A01
201900033585,0,7,,0,2,2,15,B01
201900033585,0,7,,0,2,3,19,A01
201900033586,1,7,,0,2,1,17,A01
201900033586,2,7,,0,2,3,1,B01
201900033587,1,7,,3,0,1,16,A01
201900033588,1,2,,14,0,9,1,A01
201900033589,2,7,,0,1,1,1,A01
201900033590,1,7,,0,2,8,15,A01
201900033590,2,1,,0,2,1,1,B01
201900033591,1,10,,0,1,3,15,A01
201900033592,1,31,,0,1,1,16,A01
201900033593,1,7,,0,2,1,15,A01
201900033593,2,7,,0,2,1,1,B01
201900033594,2,7,,0,2,1,2,A01
201900033594,2,7,,0,2,4,23,B01
201900033595,3,7,,0,1,1,16,Z01
201900033596,2,7,,0,2,1,15,A01
201900033596,2,33,,0,2,8,1,B01
201900033597,2,7,,3,0,3,13,A01
201900033598,1,7,,0,0,0,20,A01
201900033599,1,30,,0,1,1,14,A01
201900033600,2,7,,0,1,3,26,A01
201900033601,1,1,,16,0,0,1,A01
201900033602,3,7,,9,0,7,26,A01
201900033603,1,7,,0,1,1,1,A01
201900033604,2,10,,0,2,4,1,B01
201900033604,2,10,,0,2,1,2,A01
201900033605,2,7,,0,2,1,1,B01
201900033605,2,7,,0,2,4,1,A01
201900033606,2,7,,0,2,1,2,A01
201900033606,2,7,,0,2,4,2,B01
201900033607,2,7,,3,0,1,26,A01
201900033608,1,7,,0,1,7,13,A01
201900033609,1,7,,0,4,7,21,A01
201900033610,1,7,,0,2,3,19,B01
201900033610,2,7,,0,2,1,1,A01
201900033611,1,7,,0,1,1,16,A01
201900033612,2,10,,0,2,8,1,B01
201900033612,2,1,,0,2,6,1,C01
201900033612,0,7,,0,2,1,1,A01
201900033613,3,10,,14,0,1,21,A01
201900033613,3,10,,0,2,1,23,B01
201900033614,2,7,,0,0,0,17,Z01
201900033614,2,7,,0,2,4,2,B01
201900033614,2,7,,0,2,4,2,C01
201900033614,2,7,,0,2,1,2,A01
201900033615,2,2,,0,1,1,1,A01
201900033616,0,30,,0,2,1,1,B01
201900033616,3,7,,0,2,7,15,A01
201900033617,3,2,,0,2,1,1,B01
201900033617,2,7,,0,2,3,15,A01
201900033618,3,2,,0,2,1,1,B01
201900033618,3,7,,0,2,0,16,A01
201900033619,2,2,,0,2,0,1,B01
201900033620,1,99,,0,1,2,0,Z01
201900033621,1,7,,0,1,1,23,A01
201900033622,2,7,,0,2,5,2,B01
201900033622,2,7,,0,2,3,2,A01
201900033623,1,7,,0,1,3,1,A01
201900033624,2,31,,0,0,8,26,A01
201900033625,3,7,,0,1,1,15,A01
201900033626,2,7,,0,1,2,0,A01
201900033627,1,7,,15,0,1,1,A01
201900033628,2,7,,0,2,1,2,A01
201900033628,2,7,,0,2,4,23,B01
201900033629,1,7,,0,1,1,26,A01
201900033630,1,7,,0,2,1,1,D01
201900033630,1,7,,0,2,1,1,C01
201900033630,1,7,,0,2,4,1,B01
201900033630,1,7,,0,2,2,12,A01
201900033631,2,7,,0,2,1,1,B01
201900033631,2,33,,0,2,4,1,A01
201900033632,2,33,,0,0,2,26,A01
201900033633,1,7,,0,2,8,22,A01
201900033633,1,43,,0,2,1,3,B01
201900033634,1,32,,0,2,1,2,A01
201900033634,1,7,,0,2,4,2,B01
201900033635,1,33,,0,2,8,2,B01
201900033635,1,7,,0,2,7,14,A01
201900033636,1,7,,0,2,4,2,D01
201900033636,1,7,,0,2,4,2,C01
201900033636,1,7,,0,2,4,2,B01
201900033636,1,7,,0,2,1,2,A01
201900033637,2,7,,0,2,6,1,B01
201900033637,2,7,,3,2,7,14,A01
201900033638,1,33,,0,2,8,3,B01
201900033638,1,7,,0,2,5,12,A01
201900033639,1,7,,0,1,2,1,A01
201900033640,2,30,,0,1,1,1,A01
201900033641,1,32,,0,2,1,17,B01
201900033641,1,7,,0,2,8,15,A01
201900033642,1,30,,0,0,0,1,A01
201900033643,1,2,,0,2,7,1,A01
201900033643,1,7,,0,2,1,1,B01
201900033644,3,1,,0,2,5,1,B01
201900033644,3,7,,0,2,3,1,A01
201900033645,2,1,,0,2,1,9,A01
201900033645,3,7,,0,2,2,1,B01
201900033646,1,32,,0,2,8,1,B01
201900033646,2,7,,0,2,1,15,A01
201900033647,1,33,,0,1,1,1,A01
201900033648,3,1,,0,2,1,1,B01
201900033648,3,7,,0,2,3,1,A01
201900033649,1,32,,0,2,1,17,A01
201900033649,1,10,,0,2,3,15,B01
201900033650,1,30,,0,2,8,1,B01
201900033650,2,7,,0,2,5,23,A01
201900033651,3,33,,2,2,3,7,A01
201900033651,2,7,,0,2,2,14,B01
201900033652,1,7,,0,2,6,1,B01
201900033652,2,7,,0,2,1,9,A01
201900033653,1,7,,0,2,1,2,A01
201900033653,1,7,,0,2,4,23,B01
201900033654,2,7,,14,2,1,5,A01
201900033654,1,7,,0,2,1,1,B01
201900033655,1,7,,0,2,1,2,A01
201900033655,1,7,,16,0,4,2,B01
201900033656,1,7,,0,1,1,1,A01
201900033657,3,7,,0,1,1,26,A01
201900033658,1,32,,15,0,0,26,A01
201900033659,1,7,,0,1,3,19,A01
201900033660,2,10,,0,1,1,1,A01
201900033661,1,7,,0,2,3,15,A01
201900033661,1,2,,0,2,2,17,B01
201900033662,2,7,,0,2,1,1,B01
201900033662,2,31,,0,2,2,1,A01
201900033663,3,7,,0,1,2,19,A01
201900033664,2,10,,0,2,6,3,A01
201900033664,2,13,,0,2,6,26,B01
201900033665,3,7,,0,2,6,4,A01
201900033665,1,32,,0,2,4,23,B01
201900033666,2,7,,0,1,3,16,A01
201900033667,2,7,,0,2,1,13,A01
201900033667,1,10,,0,2,1,1,B01
201900033668,3,7,,0,1,1,13,A01
201900033669,1,7,,0,2,2,1,B01
201900033669,2,7,,0,2,3,1,A01
201900033670,2,7,,2,0,1,0,A01
201900033671,1,7,,12,0,2,0,A01
201900033672,1,10,,0,2,4,2,B01
201900033672,1,7,,0,2,1,2,A01
201900033673,1,15,,0,2,3,1,A01
201900033673,2,21,,0,2,8,1,B01
201900033674,1,15,,0,2,2,1,B01
201900033674,1,7,,4,2,3,17,A01
201900033675,2,7,,2,0,1,1,A01
201900033676,0,7,,0,2,8,11,B01
201900033676,0,33,,0,2,1,1,A01
201900033677,2,7,,0,2,3,11,A01
201900033677,2,7,,0,2,3,1,B01
201900033678,0,7,,13,0,0,1,A01
201900033679,1,7,,13,2,2,14,A01
201900033679,1,15,,0,2,2,21,B01
201900033680,1,7,,0,0,2,1,A01
201900033680,0,7,,0,2,3,0,B01
201900033681,2,7,,0,2,1,5,A01
201900033681,1,7,,0,2,1,1,B01
201900033682,2,31,,0,2,8,1,B01
201900033682,1,10,,0,2,1,19,A01
201900033683,2,7,,2,0,3,1,A01
201900033684,1,7,,0,1,1,1,A01
201900033685,2,33,,1,2,8,1,B01
201900033685,3,7,,0,2,1,19,A01
201900033686,2,14,,1,0,1,2,B01
201900033686,2,7,,0,0,4,23,A01
201900033687,2,2,,0,2,8,1,A01
201900033687,0,7,,0,2,0,0,B01
201900033688,1,7,,0,2,8,15,B01
201900033688,1,7,,0,2,1,17,A01
201900033689,3,7,,1,0,1,20,A01
201900033690,0,7,,8,0,0,0,A01
201900033691,1,7,,6,2,2,1,B01
201900033691,3,7,,0,2,1,1,A01
201900033692,2,10,,3,0,4,2,B01
201900033692,2,7,,0,2,1,1,A01
201900033693,0,7,,0,2,1,19,B01
201900033693,1,2,,0,2,7,1,A01
201900033694,1,7,,13,0,1,1,A01
201900033695,2,17,,0,0,6,1,C01
201900033695,1,7,,0,2,1,1,B01
201900033695,2,17,,13,2,7,21,A01
201900033696,2,7,,0,0,6,2,B01
201900033696,2,7,,0,2,1,2,A01
201900033697,0,7,,0,2,3,19,A01
201900033697,1,33,,0,2,1,19,B01
201900033698,1,13,,13,0,9,21,A01
201900033699,2,7,,0,2,5,15,B01
201900033699,1,7,,0,2,2,1,A01
201900033700,1,7,,6,0,1,26,A01
201900033701,1,7,,0,2,2,1,B01
201900033701,2,7,,3,2,1,13,A01
201900033702,0,7,,0,0,0,13,A01
201900033702,0,7,,13,0,9,21,B01
201900033703,2,7,,13,2,3,1,B01
201900033703,1,7,,0,2,1,19,A01