Num_Acc,senc,catv,occutc,obs,obsm,choc,manv,num_veh
201900033704,3,7,,0,2,2,5,A01
201900033704,3,7,,0,2,2,21,B01
201900033704,3,7,,0,2,3,2,C01
201900033705,2,7,,0,0,4,15,A01
201900033705,2,7,,0,2,1,1,B01
201900033706,1,7,,0,1,2,21,A01
201900033707,1,7,,0,1,3,9,A01
201900033708,0,7,,0,2,1,1,B01
201900033708,0,13,,0,2,2,1,A01
201900033709,0,7,,0,2,1,1,A01
201900033709,0,7,,0,2,1,9,B01
201900033710,2,7,,0,2,1,2,C01
201900033710,2,7,,0,2,4,2,B01
201900033710,2,7,,0,2,4,1,A01
201900033711,1,10,,0,2,1,1,A01
201900033711,1,7,,0,2,4,2,B01
201900033711,1,7,,0,2,4,2,C01
201900033712,1,7,,0,2,8,1,C01
201900033712,1,7,,0,2,8,1,B01
201900033712,1,7,,0,2,1,26,A01
201900033713,1,7,,0,0,0,0,B01
201900033713,1,7,,0,2,2,12,A01
201900033714,1,7,,0,2,3,1,B01
201900033714,1,15,,0,2,2,17,A01
201900033715,1,7,,0,2,1,2,A01
201900033715,1,7,,0,2,4,2,B01
201900033716,1,7,,0,1,7,2,A01
201900033717,2,33,,0,2,1,1,B01
201900033717,2,7,,0,2,8,10,A01
201900033718,1,13,,0,1,4,4,A01
201900033719,1,7,,0,2,3,15,A01
201900033719,2,7,,0,2,1,1,B01
201900033720,0,7,,0,2,8,19,B01
201900033720,0,7,,0,2,2,19,A01
201900033721,2,7,,0,1,1,1,A01
201900033722,0,1,,1,0,1,1,B01
201900033722,0,7,,0,2,0,24,A01
201900033723,0,21,,0,1,3,1,A01
201900033724,1,0,,0,2,0,0,B01
201900033724,1,1,,0,2,4,1,A01
201900033725,3,7,,6,0,1,1,A01
201900033726,1,10,,0,2,8,19,A01
201900033726,1,33,,0,2,1,1,B01
201900033727,2,7,,0,2,1,1,B01
201900033727,1,7,,0,2,2,15,A01
201900033728,2,2,,0,0,1,1,A01
201900033729,1,33,,0,0,0,1,A01
201900033730,3,30,,0,0,0,1,A01
201900033731,2,1,,0,0,1,1,B01
201900033731,1,15,,0,2,3,16,A01
201900033732,2,7,,0,0,5,16,A01
201900033732,1,1,,0,2,1,1,B01
201900033733,2,33,,0,0,0,2,A01
201900033734,1,7,,0,0,1,1,A01
201900033734,2,15,,0,0,6,1,B01
201900033734,2,15,,0,0,3,1,C01
201900033735,1,2,,0,2,8,13,A01
201900033735,2,7,,0,0,8,1,B01
201900033736,2,33,,5,0,7,1,A01
201900033737,2,7,,0,0,7,19,A01
201900033737,2,7,,0,2,3,1,B01
201900033738,1,7,,0,2,1,13,A01
201900033738,2,7,,0,2,1,1,B01
201900033739,0,7,,0,9,0,24,A01
201900033739,3,1,,1,0,0,26,B01
201900033740,1,21,,0,2,3,15,B01
201900033740,2,33,,0,2,8,1,A01
201900033741,1,33,,6,2,1,1,B01
201900033741,2,7,,0,2,3,15,A01
201900033742,2,21,,1,0,2,0,A01
201900033743,1,7,,0,2,0,0,B01
201900033743,1,7,,0,2,0,0,A01
201900033744,1,10,,0,2,1,2,B01
201900033744,1,33,,0,2,4,1,A01
201900033745,2,7,,0,2,3,11,A01
201900033745,2,33,,0,2,1,1,B01
201900033746,1,15,,3,0,8,1,A01
201900033746,1,15,,3,2,7,14,B01
201900033747,3,33,,1,0,1,1,A01
201900033748,2,33,,0,2,1,1,B01
201900033748,1,7,,0,2,7,10,A01
201900033749,3,7,,0,2,2,26,A01
201900033749,2,7,,0,2,3,1,B01
201900033750,1,7,,0,6,1,1,A01
201900033751,0,7,,0,0,0,0,A01
201900033751,2,7,,0,2,3,1,B01
201900033752,2,7,,0,2,5,12,B01
201900033752,2,14,,0,2,2,1,A01
201900033753,2,7,,0,2,3,1,A01
201900033753,1,1,,0,2,3,1,B01
201900033754,1,7,,13,0,9,1,A01
201900033755,1,2,,0,2,2,17,B01
201900033755,1,7,,0,0,6,19,A01
201900033756,1,7,,0,2,3,17,A01
201900033756,1,7,,0,2,1,1,B01
201900033756,2,33,,0,2,2,1,C01
201900033757,2,7,,13,0,1,0,A01
201900033758,3,31,,0,0,8,1,B01
201900033758,3,33,,0,2,8,17,A01
201900033759,3,1,,0,2,3,2,B01
201900033759,0,7,,0,9,2,2,A01
201900033760,3,7,,6,0,1,0,A01
201900033761,3,7,,0,2,4,1,A01
201900033761,3,7,,0,2,1,1,B01
201900033762,1,2,,0,2,3,1,A01
201900033762,3,7,,0,2,2,15,B01
201900033763,3,1,,0,2,2,1,B01
201900033763,3,1,,0,0,0,15,A01
201900033764,1,1,,0,0,4,2,B01
201900033764,1,10,,0,9,1,2,A01
201900033765,2,10,,0,2,1,2,B01
201900033765,2,10,,0,9,4,14,A01
201900033766,1,7,,0,2,9,26,A01
201900033766,1,7,,0,2,6,2,B01
201900033766,1,16,,0,2,1,26,C01
201900033767,3,7,,0,1,1,1,A01
201900033768,3,7,,2,0,1,9,A01
201900033769,0,33,,0,0,0,1,A01
201900033770,1,33,,0,2,1,1,B01
201900033770,1,17,,0,2,4,11,A01
201900033771,1,37,3.0,0,2,4,26,A01
201900033771,1,7,,0,2,1,26,B01
201900033772,1,7,,3,0,2,1,A01
201900033773,2,10,,0,2,2,17,A01
201900033773,2,7,,0,2,8,14,B01
201900033774,2,10,,0,2,4,1,C01
201900033774,2,10,,0,2,4,1,B01
201900033774,2,10,,0,2,1,1,A01
201900033775,2,10,,0,2,4,1,C01
201900033775,2,10,,0,2,4,15,B01
201900033775,2,10,,0,2,1,1,A01
201900033776,2,34,,0,2,0,1,B01
201900033776,2,7,,0,2,0,12,A01
201900033777,2,7,,0,2,6,2,B01
201900033777,2,7,,0,2,2,2,A01
201900033778,2,7,,0,2,8,11,A01
201900033778,2,33,,0,2,2,3,B01
201900033779,1,10,,3,0,1,1,A01
201900033780,1,33,,0,0,0,3,A01
201900033781,2,7,,0,2,1,2,A01
201900033781,2,7,,0,2,4,2,B01
201900033782,2,7,,3,2,2,0,A01
201900033782,2,10,,14,0,1,1,B01
201900033783,3,13,,0,2,2,1,A01
201900033783,3,7,,0,2,6,9,B01
201900033784,2,30,,2,0,0,14,A01
201900033785,2,15,,1,0,4,24,B01
201900033785,2,10,,1,0,1,14,A01
201900033786,1,7,,0,1,2,17,A01
201900033787,2,34,,0,2,7,17,B01
201900033787,2,7,,0,2,8,1,A01
201900033788,1,7,,9,2,1,1,B01
201900033788,1,7,,0,2,8,16,A01
201900033789,1,33,,0,2,1,21,A01
201900033790,3,33,,0,0,0,16,A01
201900033791,2,10,,0,2,2,16,A01
201900033791,1,10,,0,2,3,16,B01
201900033792,1,80,,0,1,1,21,A01
201900033793,1,7,,0,1,1,9,A01
201900033794,1,7,,0,2,5,9,B01
201900033794,1,33,,0,2,1,21,A01
201900033795,3,34,,0,2,3,13,A01
201900033795,3,7,,0,2,3,1,B01
201900033796,3,7,,0,2,1,1,B01
201900033796,2,30,,12,2,7,5,A01
201900033797,3,7,,0,0,3,15,A01
201900033797,0,33,,0,0,1,1,B01
201900033798,0,33,,0,0,0,0,A01
201900033799,2,7,,0,1,3,0,A01
201900033800,1,7,,2,0,1,21,A01
201900033801,0,33,,0,2,1,1,A01
201900033801,0,7,,0,2,3,15,A01
201900033801,0,33,,0,2,1,1,B01
201900033802,2,37,4.0,0,0,0,16,B01
201900033803,3,7,,0,2,7,5,B01
201900033803,3,7,,0,2,8,13,A01
201900033804,1,7,,0,2,1,2,A01
201900033804,1,7,,0,2,4,2,B01
201900033805,0,7,,0,2,2,1,B01
201900033805,0,1,,0,2,1,13,A01
201900033806,1,7,,0,2,4,23,C01
201900033806,1,7,,0,2,4,23,B01
201900033806,1,7,,0,2,1,2,A01
201900033807,0,7,,0,2,3,1,B01
201900033807,0,1,,0,2,1,19,A01
201900033808,0,30,,1,0,1,13,A01
201900033809,2,60,,0,2,3,19,B01
201900033809,1,7,,0,2,2,1,A01
201900033810,1,7,,0,2,5,2,B01
201900033810,1,7,,0,2,3,18,A01
201900033811,1,7,,0,2,1,1,A01
201900033811,2,1,,0,2,4,19,B01
201900033812,1,32,,0,2,7,9,A01
201900033812,0,7,,0,0,0,0,Z01
201900033813,1,7,,0,2,4,2,B01
201900033813,1,7,,0,2,1,2,A01
201900033814,1,33,,1,0,1,5,A01
201900033815,2,1,,12,0,1,14,A01
201900033816,1,7,,0,2,1,1,D01
201900033816,0,7,,0,2,8,0,C01
201900033816,1,7,,0,2,6,1,B01
201900033817,1,37,1.0,0,2,0,0,B01
201900033817,1,7,,0,2,0,0,A01
201900033818,0,34,,0,2,1,1,B01
201900033818,0,7,,0,2,7,15,A01
201900033819,3,80,,0,2,7,16,A01
201900033819,3,7,,0,2,1,16,B01
201900033820,1,7,,0,2,1,16,A01
201900033820,1,7,,0,2,2,1,B01
201900033821,1,7,,0,1,8,16,A01
201900033822,0,60,,0,2,7,15,A01
201900033822,0,1,,0,2,7,17,B01
201900033823,0,7,,0,2,3,1,A01
201900033823,0,1,,0,2,0,1,B01
201900033824,3,7,,0,2,1,9,A01
201900033824,3,33,,0,2,7,1,B01
201900033825,2,1,,0,2,8,0,A01
201900033825,1,7,,0,2,0,0,B01
201900033826,2,7,,3,2,2,1,B01
201900033826,2,7,,3,2,3,11,A01
201900033827,0,10,,0,1,0,1,A01
201900033828,3,10,,0,2,7,1,B01
201900033828,3,1,,0,2,1,25,A01
201900033829,1,15,,0,2,6,4,B01
201900033829,1,7,,14,2,3,1,A01
201900033830,2,7,,0,2,1,1,B01
201900033830,1,2,,0,2,1,1,A01
201900033831,2,7,,0,2,5,23,A01
201900033831,2,1,,0,2,1,1,B01
201900033832,1,32,,0,2,1,17,A01
201900033832,2,7,,0,2,8,15,B01
201900033833,2,7,,0,2,4,2,C01
201900033833,2,7,,0,2,4,2,B01
201900033833,2,15,,0,2,1,1,A01
201900033834,0,7,,0,0,1,16,A01
201900033835,3,60,,0,2,7,1,B01
201900033835,0,7,,0,9,1,1,A01
201900033836,2,7,,0,2,2,9,A01
201900033836,2,7,,0,0,6,9,B01
201900033837,1,10,,6,0,2,14,A01
201900033838,3,30,,0,0,7,1,A01
201900033839,1,7,,0,2,3,15,A01
201900033839,2,1,,0,2,3,1,B01
201900033840,1,7,,0,2,1,13,A01
201900033840,2,7,,0,2,8,1,B01
201900033841,2,30,,0,1,1,26,A01
201900033842,3,7,,12,1,1,20,A01
201900033843,3,37,1.0,0,1,0,26,A01
201900033844,1,33,,0,2,4,9,B01
201900033844,1,7,,0,2,1,1,A01
201900033845,1,1,,0,2,4,2,B01
201900033845,1,7,,0,2,1,2,A01
201900033846,1,7,,0,2,0,2,B01
201900033846,1,7,,0,2,0,2,A01
201900033847,0,13,,0,2,1,2,A01
201900033847,3,7,,0,2,4,2,B01
201900033847,3,7,,0,2,4,2,C01
201900033848,1,7,,0,1,7,26,A01
201900033849,3,7,,0,2,2,19,A01
201900033849,3,33,,0,2,1,1,B01
201900033850,1,7,,0,2,8,1,B01
201900033850,1,7,,0,2,1,1,C01
201900033850,2,7,,0,2,1,13,A01
201900033851,2,33,,4,0,2,14,A01
201900033852,1,7,,0,1,0,5,Z01
201900033853,1,32,,0,2,1,1,A01
201900033853,2,7,,0,2,7,15,B01
201900033854,2,7,,0,2,5,15,A01
201900033854,1,7,,0,2,1,1,B01
201900033855,1,7,,0,2,8,13,A01
201900033855,1,30,,0,2,7,17,B01
201900033856,2,7,,0,2,2,10,A01
201900033856,2,30,,0,2,3,1,B01
201900033857,1,50,,0,2,1,1,B01
201900033857,1,30,,0,2,2,16,A01
201900033858,1,32,,0,2,3,1,A01
201900033858,2,7,,0,2,2,15,Z01
201900033859,1,7,,0,2,0,9,Z01
201900033859,2,32,,0,2,8,1,B01
201900033859,1,32,,0,2,2,1,A01
201900033860,1,32,,0,1,1,1,A01
201900033861,2,31,,0,1,1,1,A01
201900033862,2,10,,0,2,2,2,A01
201900033862,2,32,,0,2,4,23,B01
201900033863,2,7,,0,2,5,1,A01
201900033863,1,43,,0,2,6,1,B01
201900033864,3,10,,0,1,2,9,A01
201900033865,2,7,,0,2,5,15,B01
201900033865,1,31,,0,2,8,19,A01
201900033866,0,99,,0,0,0,5,A01
201900033867,1,33,,0,2,7,2,B01
201900033867,3,7,,0,1,8,20,A01
201900033868,1,30,,0,2,1,0,B01
201900033868,1,7,,0,2,8,19,A01
201900033869,2,7,,0,2,5,23,B01
201900033869,2,33,,0,2,1,2,A01
201900033870,2,20,,0,2,1,9,A01
201900033870,1,20,,0,2,8,15,B01
201900033871,3,7,,4,0,1,1,A01
201900033872,0,7,,0,2,8,1,B01
201900033872,0,7,,0,2,1,1,A01
201900033873,3,7,,0,2,1,1,B01
201900033873,3,31,,0,2,7,9,A01
201900033874,1,3,,0,2,6,0,B01
201900033874,0,13,,0,2,3,0,A01
201900033875,2,32,,0,0,9,1,A01
201900033876,1,10,,0,2,1,2,A01
201900033876,1,7,,0,2,4,2,B01
201900033876,1,7,,0,2,4,2,C01
201900033876,1,7,,0,2,4,2,D01
201900033877,1,7,,0,2,5,16,A01
201900033877,1,37,1.0,0,2,2,1,B01
201900033878,1,10,,0,1,2,16,A01
201900033879,3,7,,0,2,5,16,B01
201900033879,3,2,,0,2,8,16,A01
201900033880,1,2,,0,2,1,1,B01
201900033880,1,7,,0,2,5,20,A01
201900033881,2,7,,0,2,1,1,B01
201900033881,2,14,,0,2,8,26,A01
201900033882,1,7,,6,0,1,1,A01
201900033883,2,1,,0,2,4,1,C01
201900033883,1,7,,0,2,3,1,B01
201900033883,2,7,,6,2,1,17,A01
201900033884,1,33,,13,0,2,1,A01
201900033885,1,31,,0,0,8,0,A01
201900033886,1,1,,0,2,8,2,B01
201900033886,1,7,,0,9,2,2,A01
201900033887,3,33,,0,6,1,1,A01
201900033888,3,7,,0,2,2,4,B01
201900033888,1,31,,0,2,3,1,A01
201900033889,0,33,,13,0,1,0,A01
201900033890,0,7,,0,0,6,26,A01
201900033891,2,7,,13,0,7,15,A01
201900033892,0,13,,0,0,8,1,C01
201900033892,0,15,,0,2,1,1,B01
201900033892,0,7,,0,2,3,13,A01
201900033893,1,7,,0,2,1,1,B01
201900033893,2,7,,0,2,8,19,A01
201900033894,1,7,,0,2,3,0,B01
201900033894,2,7,,0,2,3,0,A01
201900033895,1,33,,0,2,1,1,A01
201900033895,2,7,,0,0,1,1,B01
201900033896,3,7,,0,4,1,26,A01
201900033896,3,39,,0,4,2,1,B01
201900033897,2,7,,13,2,1,13,B01
201900033897,1,15,,0,2,2,1,A01
201900033898,2,7,,6,0,1,1,B01
201900033898,1,7,,8,2,2,19,A01
201900033899,2,7,,17,0,2,1,A01
201900033900,1,31,,0,2,8,1,B01
201900033900,2,7,,0,2,3,15,A01
201900033901,2,7,,0,2,4,2,B01
201900033901,2,31,,0,2,1,2,A01
201900033902,0,33,,0,2,1,17,B01
201900033902,0,7,,0,2,8,15,A01
201900033903,3,7,,0,1,1,1,A01
201900033904,2,10,,0,1,2,1,A01
201900033905,1,7,,0,2,1,23,B01
201900033905,1,7,,0,2,3,13,A01
201900033906,3,7,,0,1,2,9,A01
201900033907,2,2,,0,2,1,13,B01
201900033907,1,7,,0,2,3,1,A01
201900033908,3,7,,0,1,1,26,A01
201900033909,1,1,,0,0,1,14,A01
201900033909,1,10,,0,6,1,14,Z01
201900033910,3,32,,0,0,0,9,A01
201900033911,2,7,,0,1,8,17,A01
201900033912,2,34,,1,6,1,1,A01
201900033912,2,7,,0,0,4,24,B01
201900033913,2,7,,0,2,3,9,A01
201900033913,1,1,,0,2,7,1,B01
201900033913,1,1,,0,2,5,1,C01
201900033914,2,7,,0,2,4,1,A01
201900033914,2,10,,0,2,1,1,B01
201900033915,3,7,,0,6,1,26,A01
201900033915,3,7,,0,2,2,26,B01
201900033916,1,7,,0,2,3,26,A01
201900033916,1,33,,0,2,7,1,B01
201900033917,3,7,,0,2,6,23,B01
201900033917,0,30,,0,2,1,1,A01
201900033918,2,7,,0,1,3,1,A01
201900033919,3,7,,12,0,1,1,A01
201900033920,0,7,,0,2,8,1,B01
201900033920,0,2,,0,2,1,1,A01
201900033921,3,7,,0,1,1,1,A01
201900033922,3,2,,0,0,8,1,A01
201900033923,2,7,,0,2,3,9,A01
201900033923,1,7,,0,2,2,1,B01
201900033924,3,10,,0,2,4,4,A01
201900033924,3,30,,0,2,1,7,B01
201900033925,1,10,,0,2,1,15,A01
201900033925,2,1,,0,2,1,1,B01
201900033926,3,7,,0,2,9,19,A01
201900033926,0,7,,0,2,1,1,B01
201900033927,1,7,,12,0,0,1,A01
201900033928,1,7,,4,0,1,13,A01
201900033929,2,7,,13,0,0,14,A01
201900033930,2,1,,0,2,3,1,B01
201900033930,1,7,,0,2,7,15,A01
201900033931,1,7,,0,1,2,13,A01
201900033932,3,7,,0,1,2,1,A01
201900033933,3,7,,0,2,7,16,B01
201900033933,3,33,,0,2,1,1,A01
201900033934,2,7,,6,0,1,1,A01
201900033935,3,7,,0,1,1,1,A01
201900033936,1,33,,0,2,4,2,B01
201900033936,0,7,,0,2,1,2,A01
201900033937,1,7,,0,2,4,14,D01
201900033937,1,10,,0,0,4,1,B01
201900033937,1,7,,0,2,4,26,C01
201900033937,1,7,,0,2,1,26,A01
201900033938,1,7,,0,2,1,1,B01
201900033938,2,7,,0,2,5,15,A01
201900033939,1,1,,1,0,1,14,A01
201900033940,3,7,,8,0,1,13,A01
201900033941,1,13,,0,2,0,0,B01
201900033941,0,7,,0,2,1,1,A01
201900033942,1,10,,0,2,4,23,A01
201900033942,1,14,,0,2,1,2,B01
201900033943,2,30,,0,2,1,13,Z01
201900033943,2,1,,0,2,4,1,A01
201900033944,3,7,,0,2,3,13,A01
201900033944,3,34,,0,2,2,17,B01
201900033945,1,1,,0,2,2,17,A01
201900033945,1,7,,0,2,3,15,B01
201900033946,2,32,,0,2,7,1,A01
201900033946,2,10,,0,2,1,1,B01
201900033947,1,10,,0,1,4,4,A01
201900033948,2,7,,0,1,1,1,A01
201900033949,1,31,,0,0,0,21,A01
201900033950,1,7,,0,2,1,1,A01
201900033950,2,7,,0,2,3,1,B01
201900033951,3,3,,0,2,3,5,A01
201900033951,3,3,,0,2,8,26,B01
201900033952,2,7,,0,1,2,1,A01
201900033953,2,3,,1,2,3,15,A01
201900033953,2,34,,1,2,6,1,B01
201900033954,1,7,,0,2,1,1,A01
201900033954,1,33,,0,6,4,23,B01
201900033955,2,7,,0,2,3,15,A01
201900033955,1,30,,0,2,3,0,B01
201900033956,1,7,,0,2,1,1,A01
201900033956,1,7,,0,1,4,26,B01
201900033957,1,7,,0,2,6,1,B01
201900033957,1,7,,0,2,6,1,D01
201900033957,2,7,,7,2,3,13,A01
201900033958,2,7,,1,0,0,0,C01
201900033958,2,10,,1,0,4,23,B01
201900033958,2,10,,1,0,1,1,A01
201900033959,3,7,,0,2,7,15,A01
201900033959,3,10,,0,2,2,1,B01
201900033960,2,30,,0,6,3,26,A01
201900033960,2,3,,1,0,3,11,B01
201900033961,2,3,,0,2,1,15,A01
201900033961,1,3,,0,2,2,1,B01
201900033962,2,7,,0,1,1,26,A01
201900033963,1,7,,0,2,1,26,A01
201900033963,1,32,,0,2,4,1,B01
201900033964,0,7,,0,2,1,1,A01
201900033964,2,7,,0,2,7,1,B01
201900033965,1,10,,0,2,6,15,A01
201900033965,2,7,,0,2,1,19,B01
201900033966,3,7,,0,2,2,15,A01
201900033966,0,7,,0,2,3,16,B01
201900033967,3,31,,0,2,1,1,B01
201900033967,3,10,,0,2,2,1,A01
201900033968,2,33,,0,2,1,0,B01
201900033968,1,30,,0,2,6,17,A01
201900033969,1,10,,0,2,3,15,B01
201900033969,1,2,,0,2,2,1,A01
201900033970,1,7,,0,2,3,15,A01
201900033970,2,31,,0,2,1,1,B01
201900033971,3,7,,0,2,1,2,B01
201900033971,3,7,,0,2,1,1,A01
201900033972,1,32,,0,2,7,1,A01
201900033972,1,7,,0,2,3,1,B01
201900033973,1,33,,0,2,3,26,A01
201900033973,1,7,,0,2,6,2,B01
201900033974,2,7,,0,1,6,4,A01
201900033975,2,7,,13,2,8,1,A01
201900033975,2,7,,13,2,7,17,B01
201900033976,2,33,,0,2,1,2,A01
201900033976,2,7,,0,2,6,23,B01
201900033977,2,10,,0,2,2,15,C01
201900033977,1,7,,0,2,7,1,B01
201900033978,1,7,,0,2,3,1,A01
201900033978,2,7,,0,2,3,15,B01
201900033979,1,7,,0,2,1,2,A01
201900033979,1,21,,0,2,4,1,B01
201900033980,2,7,,8,0,3,13,A01
201900033981,2,7,,0,1,2,1,A01
201900033982,2,7,,2,0,3,21,A01
201900033983,1,7,,13,0,1,17,A01
201900033984,1,7,,13,0,2,16,A01
201900033985,0,7,,0,2,8,19,A01
201900033985,2,7,,0,2,1,1,B01
201900033986,2,7,,0,0,0,1,A01
201900033986,1,7,,0,2,2,17,B01
201900033986,1,7,,0,2,4,2,C01
201900033986,1,7,,0,2,4,1,D01
201900033986,1,7,,0,2,6,23,E01
201900033987,3,7,,13,0,7,19,A01
201900033988,1,33,,0,0,3,1,A01
201900033989,2,7,,0,1,1,1,A01
201900033990,2,7,,0,2,5,4,A01
201900033990,2,1,,0,2,1,1,B01
201900033991,2,7,,0,1,1,1,A01
201900033992,3,7,,13,0,1,19,B01
201900033992,2,7,,16,0,2,1,A01
201900033993,2,1,,16,0,1,1,A01
201900033994,1,7,,0,2,3,13,A01
201900033994,2,17,,0,2,8,1,B01
201900033995,1,13,,0,0,4,2,B01
201900033995,1,7,,0,2,1,2,A01
201900033996,3,33,,0,0,7,1,A01
201900033997,1,10,,0,1,3,1,A01
201900033998,2,7,,3,0,1,0,A01
201900033999,1,7,,3,0,3,13,A01
201900034000,2,7,,7,0,2,14,A01
201900034001,2,7,,0,2,3,1,A01
201900034001,2,80,,0,2,1,5,B01
201900034002,1,7,,8,0,3,13,A01
201900034003,1,7,,2,0,1,0,A01
201900034004,1,7,,0,2,3,1,B01
201900034004,2,7,,0,2,1,13,A01
201900034005,1,7,,0,2,8,1,B01
201900034005,2,7,,0,2,3,1,A01
201900034006,3,7,,0,1,8,1,A01
201900034007,2,7,,0,2,8,1,C01
201900034007,1,33,,0,2,3,1,B01
201900034007,2,7,,0,2,3,17,A01
201900034008,0,7,,0,2,1,1,A01
201900034008,0,7,,0,2,1,1,B01
201900034009,2,1,,0,0,1,21,A01
201900034009,2,7,,0,0,0,21,B01
201900034010,1,10,,0,2,3,1,B01
201900034010,2,10,,0,2,3,13,A01
201900034011,0,7,,0,2,3,13,A01
201900034011,0,7,,0,2,3,1,B01
201900034012,2,10,,13,0,3,1,A01
201900034013,2,7,,0,2,4,2,C01
201900034013,2,7,,0,2,4,2,B01
201900034013,2,7,,0,2,1,2,A01
201900034014,1,7,,0,2,6,23,B01
201900034014,1,7,,0,0,4,23,C01
201900034014,1,7,,0,2,1,11,A01
201900034015,2,7,,0,1,1,1,A01
201900034016,2,7,,4,2,6,13,A01
201900034016,2,33,,0,2,1,1,B01
201900034017,2,33,,0,2,7,3,B01
201900034017,2,7,,0,2,8,11,A01
201900034018,2,31,,0,2,1,3,A01
201900034018,2,10,,0,2,6,11,B01
201900034019,1,7,,0,2,0,12,Z01
201900034019,1,7,,4,2,6,1,A01
201900034020,3,7,,0,2,4,0,B01
201900034020,3,7,,1,2,1,0,A01
201900034021,1,7,,0,1,3,21,A01
201900034022,1,7,,0,2,1,16,A01
201900034022,1,1,,0,2,7,1,B01
201900034023,0,33,,1,0,1,1,A01
201900034024,1,30,,0,2,8,1,B01
201900034025,1,10,,0,1,2,2,A01
201900034026,3,7,,0,2,1,1,B01
201900034026,2,30,,0,2,2,1,A01
201900034027,2,7,,0,2,1,1,B01
201900034027,1,7,,0,2,1,13,A01
201900034028,2,7,,0,2,1,15,A01
201900034028,1,7,,0,2,1,1,B01
201900034029,1,7,,0,2,1,1,B01
201900034029,1,7,,0,2,3,9,A01
201900034030,1,32,,0,1,1,21,A01
201900034031,1,7,,9,0,1,1,A01
201900034032,1,7,,1,2,5,2,A01
201900034032,3,7,,0,2,3,0,C01
201900034032,1,0,,0,2,1,2,Z01
201900034032,3,7,,0,2,1,0,B01
201900034033,3,7,,0,1,2,26,A01
201900034034,2,7,,0,2,1,15,B01
201900034034,2,34,,0,2,8,1,A01
201900034035,1,13,,6,0,1,14,A01
201900034035,3,7,,1,2,0,17,Z01
201900034036,1,7,,1,1,7,1,A01
201900034037,1,10,,0,2,3,20,A01
201900034037,1,34,,0,2,5,21,B01
201900034038,0,31,,0,1,1,25,A01
201900034039,1,7,,0,2,2,15,A01
201900034039,2,33,,0,2,1,21,B01
201900034040,1,7,,0,1,1,16,A01
201900034041,1,7,,0,2,3,1,A01
201900034041,2,3,,0,2,2,1,B01
201900034042,1,7,,0,2,3,20,A01
201900034042,1,10,,0,2,2,26,B01
201900034043,3,7,,0,2,1,1,B01
201900034043,3,32,,0,2,7,1,A01
201900034044,1,33,,9,0,1,16,A01
201900034045,3,7,,0,2,4,23,A01
201900034045,3,7,,0,2,1,1,B01
201900034046,1,7,,0,1,5,15,A01
201900034047,2,2,,0,1,1,8,Z01
201900034048,3,7,,0,6,1,1,B01
201900034048,3,1,,0,2,1,15,A01
201900034049,3,7,,0,1,1,1,A01
201900034050,0,7,,0,2,3,1,A01
201900034050,0,34,,0,2,2,1,B01
201900034051,1,7,,0,2,1,26,A01
201900034051,1,33,,0,2,4,26,B01
201900034052,2,7,,0,2,4,1,A01
201900034052,2,7,,0,2,1,1,B01
201900034053,1,7,,3,0,3,0,A01
201900034054,0,0,,0,1,0,0,A01
201900034055,2,7,,0,2,4,2,B01
201900034055,2,7,,0,2,4,2,C01
201900034055,2,7,,0,2,1,2,A01
201900034056,3,0,,0,1,0,1,A01
201900034057,3,30,,0,2,4,1,B01
201900034057,3,32,,0,2,1,11,A01
201900034058,1,30,,0,2,1,1,A01
201900034058,1,30,,0,2,4,1,B01
201900034059,2,14,,14,2,3,13,A01
201900034059,2,7,,14,2,3,13,B01
201900034060,2,30,,0,2,1,1,B01
201900034060,1,7,,0,2,1,15,A01
201900034061,1,7,,0,0,1,13,A01
201900034062,2,7,,0,1,1,1,A01
201900034063,2,7,,0,2,3,15,B01
201900034063,2,32,,0,2,7,17,A01
201900034064,1,7,,0,2,4,2,B01
201900034064,1,7,,0,2,4,2,C01
201900034064,1,7,,0,2,1,2,A01
201900034065,2,7,,0,2,3,15,A01
201900034065,2,2,,0,2,1,17,B01
201900034066,2,33,,0,2,1,1,B01
201900034066,1,7,,0,2,5,15,A01
201900034067,3,7,,13,0,1,13,A01
201900034068,1,31,,0,0,7,1,A01
201900034069,1,7,,0,2,2,9,A01
201900034069,1,32,,0,2,6,9,B01
201900034070,1,7,,0,2,3,9,A01
201900034070,1,1,,0,2,7,26,B01
201900034071,3,7,,0,1,2,14,A01
201900034072,3,1,,0,2,1,16,B01
201900034072,3,99,,0,1,3,1,A01
201900034073,1,37,1.0,0,1,2,16,A01
201900034074,3,7,,0,2,1,9,A01
201900034074,3,7,,0,2,1,1,B01
201900034074,3,7,,0,2,8,1,C01
201900034075,3,1,,0,2,0,19,B01
201900034075,3,7,,0,2,2,1,A01
201900034076,1,7,,0,1,2,2,A01
201900034077,1,37,1.0,0,2,2,15,B01
201900034077,1,31,,0,2,1,1,A01
201900034078,2,10,,2,0,3,1,A01
201900034079,1,1,,6,0,0,13,A01
201900034080,1,7,,0,0,4,1,A01
201900034081,1,7,,13,2,3,11,B01
201900034081,1,7,,0,2,2,17,A01
201900034082,1,7,,13,0,2,13,A01
201900034083,2,7,,0,2,1,1,C01
201900034083,2,7,,0,2,6,1,B01
201900034083,1,7,,0,2,3,13,A01