Num_Acc,senc,catv,occutc,obs,obsm,choc,manv,num_veh
201900034084,2,33,,0,2,1,17,A01
201900034084,2,7,,0,2,6,17,B01
201900034085,2,7,,0,2,2,12,A01
201900034085,2,7,,0,2,6,1,B01
201900034086,2,7,,0,0,2,15,B01
201900034086,1,32,,0,2,2,1,A01
201900034087,2,7,,0,9,1,1,A01
201900034088,3,7,,8,0,3,0,A01
201900034089,2,7,,0,2,1,1,B01
201900034089,1,7,,0,2,1,13,A01
201900034090,0,7,,13,0,1,13,A01
201900034091,2,7,,12,2,1,1,B01
201900034091,3,7,,16,0,8,1,A01
201900034092,1,7,,0,2,3,1,B01
201900034092,2,10,,0,2,3,15,A01
201900034093,1,7,,0,2,8,1,C01
201900034093,2,10,,0,2,3,1,B01
201900034093,1,7,,0,2,3,13,A01
201900034094,3,2,,0,2,1,1,A01
201900034094,0,7,,0,2,3,1,B01
201900034095,2,1,,0,0,0,1,A01
201900034096,1,2,,0,2,6,15,B01
201900034096,1,7,,0,2,2,2,A01
201900034097,2,7,,0,2,1,21,A01
201900034097,1,7,,0,2,1,1,B01
201900034097,2,7,,0,0,6,11,C01
201900034098,1,13,,1,2,1,1,A01
201900034098,1,13,,0,2,4,24,B01
201900034098,1,13,,0,2,4,9,C01
201900034099,1,33,,0,2,1,1,B01
201900034099,1,10,,0,2,8,15,A01
201900034100,1,2,,0,2,1,1,B01
201900034100,2,2,,0,2,1,13,A01
201900034101,3,10,,0,1,4,4,A01
201900034102,0,2,,0,2,8,2,B01
201900034102,0,2,,0,2,7,2,A01
201900034103,2,33,,14,9,1,1,A01
201900034104,1,7,,4,2,1,1,A01
201900034104,1,13,,0,2,8,1,B01
201900034105,3,7,,16,0,0,1,A01
201900034106,1,7,,13,0,0,13,A01
201900034107,2,7,,0,2,1,13,B01
201900034107,1,7,,0,2,1,13,A01
201900034108,3,1,,0,2,1,1,B01
201900034108,3,7,,0,2,2,19,A01
201900034109,3,7,,13,0,1,2,A01
201900034110,3,36,,2,0,1,1,A01
201900034111,3,10,,0,2,3,15,A01
201900034111,1,14,,0,2,1,0,B01
201900034112,1,33,,0,2,1,13,B01
201900034112,1,7,,0,2,8,2,A01
201900034113,1,7,,0,2,4,2,A01
201900034113,1,7,,0,2,4,2,B01
201900034113,1,10,,0,2,1,2,C01
201900034114,1,7,,3,0,3,2,A01
201900034115,1,7,,14,0,3,13,A01
201900034116,2,10,,0,2,6,0,C01
201900034116,2,10,,0,2,7,0,B01
201900034116,2,33,,0,2,8,0,A01
201900034117,2,34,,3,6,1,2,A01
201900034118,2,7,,0,2,1,2,A01
201900034118,2,7,,0,2,4,2,B01
201900034119,1,33,,0,0,0,9,A01
201900034120,2,33,,4,0,1,26,A01
201900034121,3,1,,0,2,1,1,B01
201900034121,3,7,,0,2,1,1,A01
201900034122,1,1,,12,0,1,1,A01
201900034123,0,80,,0,2,1,16,B01
201900034123,0,7,,0,2,3,15,A01
201900034124,2,7,,0,1,1,1,A01
201900034125,2,10,,9,0,3,14,A01
201900034126,1,7,,0,1,1,1,A01
201900034127,1,0,,0,1,1,1,A01
201900034128,2,99,,0,1,2,26,A01
201900034129,3,7,,4,0,1,26,A01
201900034129,3,7,,4,0,4,23,C01
201900034129,3,7,,4,0,4,23,B01
201900034130,2,33,,0,2,1,1,B01
201900034130,1,7,,0,2,5,15,A01
201900034131,3,1,,0,2,1,1,B01
201900034131,0,7,,0,2,8,1,A01
201900034132,2,10,,0,6,3,16,A01
201900034132,2,1,,0,2,1,1,B01
201900034133,1,7,,0,2,6,15,A01
201900034133,1,2,,0,2,1,1,B01
201900034134,3,7,,0,1,2,26,A01
201900034135,3,7,,0,2,7,26,B01
201900034135,3,7,,0,2,1,11,A01
201900034136,2,7,,0,2,7,1,A01
201900034136,2,7,,0,2,7,1,C01
201900034136,2,7,,0,2,6,1,B01
201900034137,2,7,,0,2,4,2,A01
201900034137,2,7,,0,2,1,2,C01
201900034137,2,7,,0,0,4,2,B01
201900034138,1,33,,0,2,3,1,A01
201900034138,1,7,,0,2,7,14,Z01
201900034139,3,7,,0,2,1,2,A01
201900034139,3,7,,0,2,4,2,B01
201900034140,3,7,,0,2,1,15,A01
201900034140,0,7,,0,2,1,0,B01
201900034141,1,7,,0,1,7,19,A01
201900034142,2,7,,0,1,2,16,A01
201900034143,2,7,,0,2,8,1,B01
201900034143,2,30,,0,2,7,1,A01
201900034144,1,2,,0,2,1,13,B01
201900034144,2,13,,0,2,3,1,A01
201900034145,2,1,,0,2,1,13,A01
201900034145,1,7,,0,6,3,15,B01
201900034146,1,33,,0,6,0,1,F01
201900034146,1,33,,0,2,0,1,D01
201900034146,1,33,,1,2,1,1,B01
201900034146,1,7,,0,2,4,1,E01
201900034146,1,33,,0,2,0,1,C01
201900034146,1,7,,3,2,4,23,A01
201900034147,1,30,,0,2,1,1,B01
201900034147,2,7,,0,2,5,15,A01
201900034148,3,43,,0,2,5,1,B01
201900034148,1,7,,0,2,3,11,A01
201900034149,1,7,,0,2,3,1,A01
201900034149,3,2,,0,2,1,1,B01
201900034150,2,7,,0,0,4,26,B01
201900034150,2,7,,0,2,1,26,A01
201900034151,3,1,,0,2,1,16,B01
201900034151,3,7,,0,6,7,1,A01
201900034152,1,7,,0,2,8,9,A01
201900034152,1,2,,0,2,1,1,B01
201900034153,3,7,,0,2,0,0,A01
201900034153,3,50,,0,2,0,0,B01
201900034154,3,1,,0,2,8,26,B01
201900034154,1,7,,0,2,1,19,A01
201900034155,3,7,,0,1,1,16,A01
201900034156,1,7,,0,6,2,1,A01
201900034156,1,7,,1,0,4,24,C01
201900034156,1,7,,0,2,6,24,B01
201900034157,3,7,,0,2,3,16,B01
201900034157,3,34,,0,2,4,15,A01
201900034158,1,38,1.0,0,2,2,1,A01
201900034158,1,7,,0,2,8,1,C01
201900034158,1,10,,0,2,8,1,E01
201900034158,1,7,,0,2,9,1,B01
201900034158,1,7,,0,2,7,1,D01
201900034159,2,7,,0,1,2,1,A01
201900034160,1,7,,0,2,7,15,A01
201900034160,2,7,,0,2,1,1,B01
201900034161,1,10,,0,2,6,15,B01
201900034161,2,30,,0,2,3,17,A01
201900034162,1,1,,0,2,1,1,B01
201900034162,1,7,,0,2,2,16,A01
201900034163,2,50,,0,2,0,1,A01
201900034164,1,7,,0,1,3,1,A01
201900034165,2,2,,0,2,4,23,B01
201900034165,2,7,,0,2,3,1,A01
201900034166,1,30,,0,2,3,19,B01
201900034166,2,7,,0,2,3,26,A01
201900034167,3,7,,6,0,2,13,A01
201900034167,0,7,,0,2,3,1,B01
201900034168,1,32,,0,2,1,1,B01
201900034168,2,7,,0,2,2,15,A01
201900034169,1,7,,0,2,1,2,A01
201900034169,1,7,,0,2,4,23,B01
201900034169,1,7,,0,2,4,23,C01
201900034169,3,7,,0,2,3,1,D01
201900034170,2,34,,0,0,8,2,A01
201900034171,3,7,,0,1,4,23,B01
201900034171,3,7,,0,2,1,2,A01
201900034172,2,10,,0,1,2,0,Z01
201900034173,1,7,,3,2,3,1,A01
201900034173,2,7,,0,2,1,1,B01
201900034174,1,34,,0,0,8,15,A01
201900034175,2,30,,0,1,1,1,A01
201900034176,2,7,,0,2,5,1,B01
201900034176,1,1,,14,0,1,25,A01
201900034177,0,7,,0,1,1,23,A01
201900034178,2,17,,0,2,2,13,A01
201900034178,1,15,,0,2,7,21,B01
201900034179,0,7,,0,1,2,1,A01
201900034180,0,7,,1,0,2,1,A01
201900034181,0,7,,0,2,1,1,Z01
201900034181,0,30,,0,2,4,1,A01
201900034182,1,1,,0,2,4,1,A01
201900034182,0,0,,0,2,1,1,B01
201900034183,3,7,,0,1,1,1,A01
201900034184,2,7,,0,1,3,1,A01
201900034185,2,34,,0,2,2,1,B01
201900034185,2,7,,0,2,3,10,A01
201900034186,1,7,,0,2,1,15,B01
201900034186,2,2,,0,2,1,1,A01
201900034187,1,7,,0,1,2,1,A01
201900034188,1,7,,0,1,1,1,A01
201900034189,0,7,,0,2,3,9,A01
201900034189,1,32,,0,0,0,0,B01
201900034190,2,2,,0,6,1,26,B01
201900034190,1,1,,0,2,7,15,A01
201900034191,2,7,,0,2,3,1,B01
201900034191,1,7,,0,2,2,15,A01
201900034192,1,7,,0,1,1,1,A01
201900034193,1,3,,0,2,4,2,B01
201900034193,1,7,,0,2,1,2,A01
201900034194,2,7,,0,2,4,2,B01
201900034194,2,7,,0,2,1,2,A01
201900034195,2,30,,0,0,0,1,A01
201900034196,3,7,,0,2,3,9,A01
201900034196,3,1,,0,2,7,1,B01
201900034197,3,33,,9,0,1,26,A01
201900034198,3,7,,0,2,1,1,B01
201900034198,3,33,,0,2,1,1,A01
201900034199,3,7,,12,0,3,26,A01
201900034200,1,1,,0,2,3,11,B01
201900034200,1,7,,0,2,2,21,A01
201900034201,1,32,,1,2,2,17,A01
201900034201,1,7,,0,2,3,15,B01
201900034202,2,7,,6,2,1,9,A01
201900034202,2,7,,0,2,7,1,B01
201900034203,1,7,,14,1,1,6,A01
201900034204,2,2,,0,2,1,1,B01
201900034204,2,7,,0,2,2,1,A01
201900034205,1,2,,8,0,1,14,A01
201900034206,2,1,,0,1,1,1,A01
201900034207,1,7,,8,0,7,21,A01
201900034208,0,7,,0,2,2,15,A01
201900034208,0,1,,0,2,2,1,B01
201900034209,0,7,,0,2,1,9,A01
201900034209,0,80,,0,2,8,1,B01
201900034210,1,7,,4,2,3,1,B01
201900034210,1,15,,0,2,2,12,A01
201900034211,2,7,,0,1,3,1,A01
201900034212,2,7,,1,0,1,0,A01
201900034213,1,7,,0,2,5,1,B01
201900034213,1,7,,0,2,1,1,A01
201900034214,1,7,,0,2,2,16,A01
201900034214,1,1,,0,2,3,1,B01
201900034215,1,7,,0,0,0,1,A01
201900034216,1,7,,0,2,4,1,B01
201900034216,1,7,,0,2,1,1,A01
201900034217,1,7,,0,0,0,1,A01
201900034218,1,15,,0,2,3,1,B01
201900034218,1,7,,3,2,1,13,A01
201900034219,3,7,,0,2,4,26,B01
201900034219,1,32,,0,2,7,1,A01
201900034220,3,7,,12,2,1,13,A01
201900034220,3,10,,0,2,8,1,B01
201900034221,0,2,,0,2,1,1,B01
201900034221,0,7,,0,2,8,15,A01
201900034222,2,7,,0,2,1,6,A01
201900034222,1,13,,0,2,1,1,B01
201900034223,0,33,,13,0,1,14,A01
201900034224,1,7,,0,2,7,15,A01
201900034224,2,33,,0,2,1,1,B01
201900034225,0,7,,6,0,1,13,A01
201900034226,1,33,,1,0,1,19,A01
201900034227,0,7,,0,0,0,26,B01
201900034227,0,7,,0,2,0,26,Z01
201900034228,1,7,,6,0,1,14,A01
201900034229,3,1,,0,2,8,19,B01
201900034229,1,33,,0,1,1,17,A01
201900034230,2,33,,17,0,1,1,A01
201900034231,2,7,,0,1,3,20,A01
201900034232,1,7,,0,2,1,1,B01
201900034232,3,7,,0,2,7,15,A01
201900034233,1,33,,6,0,1,1,A01
201900034234,3,10,,0,2,2,9,A01
201900034234,0,2,,0,2,5,17,B01
201900034235,3,7,,0,1,1,1,A01
201900034236,2,7,,0,2,7,15,A01
201900034236,1,32,,0,2,1,1,B01
201900034237,2,33,,0,2,1,1,B01
201900034237,2,7,,0,2,6,10,A01
201900034238,2,31,,0,2,8,1,B01
201900034238,1,7,,0,2,1,19,A01
201900034239,1,7,,1,0,3,13,A01
201900034240,0,31,,0,0,9,1,A01
201900034241,1,30,,0,2,7,1,B01
201900034241,1,7,,0,2,1,1,A01
201900034242,1,10,,0,2,3,1,A01
201900034242,2,1,,0,2,1,1,B01
201900034243,2,0,,0,1,0,1,A01
201900034244,2,2,,0,2,1,1,B01
201900034244,1,7,,0,2,2,15,A01
201900034245,0,7,,0,0,0,0,B01
201900034245,3,30,,0,2,1,1,A01
201900034246,0,7,,0,1,1,1,A01
201900034247,1,7,,0,2,4,23,A01
201900034247,1,7,,0,2,4,2,B01
201900034247,1,7,,14,2,1,2,C01
201900034248,2,7,,0,1,2,1,A01
201900034249,1,37,1.0,0,1,0,1,A01
201900034250,3,2,,0,2,1,14,B01
201900034250,3,7,,0,2,1,11,A01
201900034251,2,7,,0,2,1,1,B01
201900034251,1,7,,0,2,3,2,A01
201900034252,3,7,,0,1,2,16,A01
201900034253,1,30,,0,1,1,1,A01
201900034254,1,34,,0,2,1,0,C01
201900034254,2,7,,1,2,6,2,B01
201900034254,1,7,,0,2,3,5,A01
201900034255,3,10,,0,2,6,23,B01
201900034255,3,7,,0,2,1,1,A01
201900034256,0,30,,0,1,1,1,Z01
201900034257,1,7,,0,2,4,2,B01
201900034257,1,32,,0,2,1,2,A01
201900034258,0,32,,0,2,6,1,B01
201900034258,0,10,,0,2,5,14,A01
201900034259,3,10,,0,2,4,1,B01
201900034259,3,10,,0,2,1,2,A01
201900034260,0,10,,0,2,5,15,A01
201900034260,0,34,,0,2,1,1,B01
201900034261,1,10,,0,2,2,1,A01
201900034261,2,1,,0,2,4,1,B01
201900034262,2,33,,2,0,1,26,A01
201900034263,1,30,,0,2,3,16,B01
201900034263,1,33,,8,2,8,18,A01
201900034264,1,7,,0,1,1,1,A01
201900034265,2,7,,0,2,5,1,B01
201900034265,2,32,,0,2,5,2,A01
201900034266,1,32,,0,2,8,3,B01
201900034266,1,7,,0,2,7,12,A01
201900034267,1,32,,0,2,1,2,A01
201900034267,1,10,,0,2,5,2,B01
201900034268,2,7,,0,2,6,13,A01
201900034268,2,33,,0,2,1,3,B01
201900034269,1,7,,0,2,1,1,Z01
201900034269,1,34,,0,2,5,9,A01
201900034270,2,30,,0,2,1,1,A01
201900034270,1,7,,0,2,6,1,B01
201900034271,1,7,,0,2,3,15,B01
201900034271,1,2,,0,2,2,17,A01
201900034272,2,33,,0,1,1,17,A01
201900034272,2,7,,0,2,3,23,B01
201900034273,2,31,,0,2,1,1,B01
201900034273,2,7,,0,2,3,15,A01
201900034274,1,1,,0,0,0,1,A01
201900034275,1,10,,0,1,2,16,A01
201900034276,2,1,,0,2,1,1,A01
201900034276,3,10,,0,2,2,1,B01
201900034277,1,7,,0,2,3,15,B01
201900034277,1,32,,0,2,1,1,A01
201900034278,1,32,,12,0,1,14,A01
201900034279,2,1,,0,6,1,25,A01
201900034279,1,1,,0,6,1,26,B01
201900034280,1,31,,0,0,1,1,A01
201900034280,1,7,,0,2,0,11,B01
201900034281,0,7,,0,1,1,1,A01
201900034282,3,7,,9,0,1,1,A01
201900034283,3,7,,0,1,2,1,A01
201900034284,1,7,,0,2,3,10,A01
201900034284,1,7,,0,2,2,1,B01
201900034285,3,7,,0,2,0,1,B01
201900034285,0,7,,0,2,1,1,A01
201900034286,1,7,,0,1,2,1,A01
201900034287,1,34,,0,1,1,1,A01
201900034288,3,99,,0,2,2,13,B01
201900034288,3,31,,0,2,1,19,A01
201900034289,2,7,,0,2,3,1,B01
201900034289,1,7,,0,2,1,1,C01
201900034289,1,7,,0,2,2,26,Q01
201900034290,1,33,,0,0,0,26,A01
201900034291,1,7,,0,2,4,0,C01
201900034291,1,7,,0,2,4,0,B01
201900034292,2,2,,0,2,2,1,B01
201900034292,1,7,,0,2,7,15,A01
201900034293,1,7,,0,1,7,17,A01
201900034294,1,1,,12,0,1,1,A01
201900034295,1,7,,0,1,1,26,A01
201900034295,1,0,,0,0,0,0,Z01
201900034296,0,7,,0,1,4,4,A01
201900034297,1,2,,0,2,1,1,A01
201900034297,1,7,,0,0,4,1,B01
201900034298,3,7,,6,0,1,0,A01
201900034299,1,7,,2,0,7,2,A01
201900034300,0,1,,0,2,1,26,A01
201900034300,0,7,,0,9,7,1,B01
201900034301,2,21,,0,2,3,15,B01
201900034301,2,7,,0,2,2,17,A01
201900034302,2,33,,0,0,1,2,B01
201900034302,1,7,,0,2,2,15,A01
201900034303,2,7,,0,2,1,13,A01
201900034303,1,7,,0,2,3,1,B01
201900034303,1,7,,0,2,1,1,C01
201900034304,1,7,,17,0,1,0,A01
201900034305,3,7,,8,0,1,1,A01
201900034306,2,1,,0,2,8,2,A01
201900034306,2,7,,0,9,2,2,B01
201900034307,2,7,,0,2,3,19,A01
201900034307,2,7,,0,2,2,1,B01
201900034308,2,7,,0,2,1,2,B01
201900034308,2,1,,0,2,4,2,A01
201900034309,2,7,,2,0,7,1,A01
201900034310,1,7,,2,0,2,0,A01
201900034311,3,7,,0,0,0,14,A01
201900034312,2,36,,0,2,1,1,B01
201900034312,2,7,,0,0,4,1,A01
201900034313,3,7,,0,2,3,1,B01
201900034313,3,33,,0,2,1,1,A01
201900034314,2,7,,2,0,8,1,A01
201900034315,1,7,,13,0,3,13,A01
201900034316,2,7,,0,2,1,21,B01
201900034316,0,7,,0,2,3,15,A01
201900034317,3,7,,0,2,7,21,A01
201900034317,3,2,,0,2,1,15,B01
201900034318,0,33,,0,2,2,1,B01
201900034318,3,7,,0,2,2,5,A01
201900034319,3,80,,0,2,1,1,B01
201900034319,3,7,,0,0,2,15,A01
201900034320,1,7,,0,2,1,26,A01
201900034320,1,7,,0,2,3,15,B01
201900034321,2,7,,0,2,1,1,B01
201900034321,3,7,,0,2,2,19,A01
201900034322,2,33,,0,2,1,1,B01
201900034322,3,7,,0,2,1,5,A01
201900034323,1,7,,0,2,2,17,A01
201900034323,1,15,,0,0,6,15,B01
201900034324,3,33,,0,2,7,15,B01
201900034324,3,7,,0,2,4,20,A01
201900034325,1,33,,0,2,1,1,B01
201900034325,3,7,,0,2,7,19,A01
201900034326,3,13,,0,2,5,15,A01
201900034326,3,30,,0,2,1,1,B01
201900034327,0,7,,16,0,1,1,A01
201900034328,2,7,,0,2,3,1,B01
201900034328,2,7,,0,2,2,19,A01
201900034329,1,33,,0,0,0,23,A01
201900034330,0,33,,0,0,0,1,A01
201900034331,1,7,,0,0,1,1,B01
201900034331,2,7,,0,0,1,13,A01
201900034332,2,7,,0,2,3,1,B01
201900034332,1,33,,0,2,2,13,A01
201900034333,1,7,,17,0,2,1,A01
201900034334,1,7,,0,2,6,1,A01
201900034334,2,10,,0,2,3,1,B01
201900034335,2,7,,13,9,8,1,A01
201900034336,1,2,,13,0,1,1,A01
201900034337,2,7,,0,1,7,1,A01
201900034338,1,7,,13,0,1,1,A01
201900034339,2,7,,0,2,1,1,B01
201900034339,1,2,,0,2,7,15,A01
201900034340,3,2,,2,0,0,1,A01
201900034341,2,7,,0,0,0,1,A01
201900034342,2,21,,0,2,1,15,A01
201900034342,2,7,,0,2,1,1,B01
201900034343,2,1,,0,2,1,11,B01
201900034343,2,7,,0,9,2,1,A01
201900034344,1,33,,0,2,1,17,A01
201900034344,1,7,,0,2,6,15,B01
201900034345,1,7,,2,0,7,1,A01
201900034346,3,33,,0,2,2,0,B01
201900034346,3,7,,0,2,1,1,A01
201900034347,1,7,,0,2,3,1,B01
201900034347,2,7,,0,2,3,5,A01
201900034348,1,7,,0,2,3,13,A01
201900034348,2,17,,0,2,3,1,B01
201900034349,3,7,,0,0,1,0,A01
201900034349,3,7,,0,0,1,13,B01
201900034350,1,7,,13,0,1,26,A01
201900034351,0,7,,0,0,0,1,A01
201900034352,2,31,,14,0,1,1,A01
201900034353,1,7,,15,0,1,5,A01
201900034354,1,7,,2,0,3,1,A01
201900034355,1,33,,0,0,8,0,A01
201900034356,1,7,,3,2,2,17,B01
201900034356,1,7,,0,2,8,3,Z01
201900034357,1,33,,6,0,3,13,A01
201900034358,1,33,,6,2,8,21,A01
201900034359,1,7,,0,2,4,0,D01
201900034359,1,7,,0,2,4,0,C01
201900034359,1,7,,0,2,4,2,B01
201900034359,1,7,,0,2,1,2,A01
201900034360,1,7,,0,2,1,2,A01
201900034360,1,7,,0,2,4,1,B01
201900034361,2,33,,0,0,0,0,A01
201900034362,2,10,,5,0,2,9,A01
201900034363,2,7,,0,2,1,2,A01
201900034363,2,7,,0,2,4,2,B01
201900034363,2,7,,0,2,4,2,C01
201900034363,2,7,,0,2,4,2,D01
201900034363,2,37,1.0,0,2,3,1,E01
201900034364,2,7,,0,2,1,1,A01
201900034364,2,17,,0,2,6,1,B01
201900034364,2,7,,0,2,1,21,C01
201900034365,1,15,,0,2,2,12,Z01
201900034365,1,7,,0,2,1,1,B01
201900034365,1,7,,0,2,6,1,A01
201900034366,1,15,,0,2,2,12,C01
201900034366,1,7,,0,2,7,1,B01
201900034366,1,7,,0,2,4,1,A01
201900034367,2,7,,4,2,3,1,B01
201900034367,2,17,,0,2,2,12,A01
201900034368,1,13,,0,2,1,2,D01
201900034368,1,7,,0,2,4,2,C01
201900034368,1,7,,0,2,4,2,B01
201900034368,1,7,,0,2,4,2,A01
201900034369,1,7,,13,0,2,1,A01
201900034370,1,7,,0,2,4,23,B01
201900034370,1,7,,0,2,1,2,A01
201900034371,1,40,,0,2,8,1,B01
201900034371,1,7,,0,-1,1,1,A01
201900034372,2,7,,0,2,3,1,B01
201900034372,1,30,,0,2,1,1,A01
201900034373,1,7,,0,2,2,9,A01
201900034373,2,32,,0,2,1,1,B01
201900034374,1,34,,4,0,2,1,A01
201900034375,1,7,,0,1,1,1,A01
201900034376,3,33,,0,2,1,1,B01
201900034376,3,7,,0,-1,6,15,A01
201900034377,1,14,,0,1,1,1,A01
201900034378,1,7,,0,2,7,1,B01
201900034378,0,2,,0,2,1,1,A01
201900034379,1,50,,12,0,0,25,A01
201900034380,1,10,,0,1,2,2,A01
201900034381,1,30,,0,0,0,15,A01
201900034382,1,7,,4,0,1,1,A01
201900034383,3,7,,10,0,3,13,A01
201900034384,2,30,,0,2,1,2,A01
201900034384,2,10,,0,2,4,2,B01
201900034385,3,7,,0,2,0,0,B01
201900034385,3,7,,0,2,5,26,A01
201900034386,1,7,,0,2,1,2,A01
201900034386,1,7,,0,2,4,2,B01
201900034387,2,33,,0,2,1,1,B01
201900034387,2,7,,0,2,8,10,A01
201900034388,2,3,,1,0,1,14,A01
201900034389,3,7,,0,2,1,17,A01
201900034389,3,7,,0,2,2,16,B01
201900034390,1,7,,0,2,6,23,B01
201900034390,1,7,,0,2,2,12,A01
201900034391,1,33,,0,0,0,0,A01
201900034392,3,7,,0,1,1,0,A01
201900034393,1,7,,5,0,5,0,A01
201900034394,2,30,,14,2,4,2,A01
201900034394,2,7,,0,2,4,15,B01
201900034395,1,30,,1,0,7,14,A01
201900034396,3,7,,0,2,3,1,B01
201900034396,3,7,,0,2,3,16,A01
201900034397,2,7,,0,2,1,2,A01
201900034397,2,14,,0,2,1,2,B01
201900034397,2,7,,0,2,4,2,C01
201900034397,2,7,,0,2,4,15,D01
201900034398,2,7,,0,1,1,16,A01
201900034399,2,37,2.0,0,0,0,1,A01
201900034400,1,34,,15,0,1,13,A01
201900034401,2,7,,0,1,1,15,A01
201900034402,2,7,,0,2,6,20,A01
201900034402,2,2,,0,2,1,1,B01
201900034403,1,1,,0,0,8,1,C01
201900034403,1,1,,16,0,0,1,B01
201900034403,1,10,,0,0,0,23,A01
201900034404,1,7,,0,1,1,1,Z01
201900034405,1,7,,0,1,1,1,Z01
201900034406,1,7,,0,1,1,16,Z01
201900034407,0,2,,0,2,1,1,B01
201900034407,0,7,,0,2,3,15,A01
201900034408,1,7,,0,2,2,0,B01
201900034408,1,30,,0,2,1,0,A01
201900034409,1,7,,6,0,1,0,A01
201900034410,1,33,,0,2,1,1,C01
201900034410,1,7,,0,2,8,1,B01
201900034410,2,7,,3,2,3,13,A01
201900034411,1,1,,0,2,7,1,B01
201900034411,1,7,,0,2,1,1,A01
201900034412,1,7,,0,2,3,15,B01
201900034412,1,7,,0,2,3,16,A01
201900034413,1,7,,0,2,3,1,B01
201900034413,1,1,,0,2,1,19,A01
201900034414,3,1,,0,2,7,1,B01
201900034414,3,7,,0,6,1,19,A01
201900034415,0,33,,0,2,1,1,B01
201900034415,0,7,,0,2,3,1,A01
201900034416,1,7,,0,2,4,1,B01
201900034416,1,33,,0,2,1,1,A01
201900034417,1,7,,13,0,1,13,A01
201900034418,1,7,,0,2,1,1,A01
201900034418,1,7,,0,2,9,1,B01
201900034418,1,7,,0,2,9,1,C01
201900034418,1,10,,0,2,4,1,D01
201900034419,2,7,,0,2,1,15,A01
201900034419,1,33,,0,2,1,1,B01
201900034420,3,2,,0,2,8,9,A01
201900034420,0,7,,0,2,2,17,B01
201900034421,2,7,,0,1,2,1,A01
201900034422,3,10,,0,2,3,1,B01
201900034422,3,10,,0,2,3,16,A01
201900034423,2,7,,8,0,1,26,A01
201900034424,1,7,,0,2,1,2,B01
201900034424,1,7,,0,2,7,2,A01
201900034425,2,7,,0,1,4,2,B01
201900034425,2,34,,0,2,1,2,A01
201900034426,0,7,,0,2,6,15,A01
201900034426,0,33,,0,2,3,21,B01
201900034427,1,7,,0,6,1,26,A01
201900034428,1,10,,0,1,1,18,A01
201900034429,1,31,,0,2,1,26,A01
201900034429,1,7,,0,2,3,1,C01
201900034429,1,7,,0,2,2,2,B01
201900034430,0,7,,0,2,3,1,A01
201900034430,0,7,,0,2,3,17,B01
201900034431,3,1,,0,2,1,1,B01
201900034431,3,7,,0,2,1,1,Z01
201900034432,0,7,,0,2,3,5,A01
201900034432,3,31,,0,2,1,1,B01
201900034433,1,7,,8,0,1,13,A01
201900034434,0,7,,0,2,1,1,B01
201900034434,0,7,,7,2,3,15,A01
201900034435,0,10,,3,0,3,13,A01
201900034436,1,7,,0,1,1,2,A01
201900034437,1,7,,0,1,1,1,A01
201900034438,2,3,,0,2,5,23,B01
201900034438,2,10,,0,2,5,2,A01
201900034439,1,7,,0,0,2,1,A01
201900034440,0,33,,0,2,3,1,B01
201900034440,0,7,,0,2,1,15,A01
201900034441,3,7,,0,2,1,16,B01
201900034441,3,7,,0,2,7,16,A01
201900034442,2,2,,0,2,0,9,Z01
201900034442,1,7,,0,2,6,15,B01
201900034443,2,7,,0,2,6,15,A01
201900034443,1,31,,0,2,1,1,B01
201900034444,1,33,,0,2,1,17,B01
201900034444,1,7,,0,2,3,15,A01
201900034445,1,7,,0,2,1,5,A01
201900034445,2,2,,0,2,3,1,B01
201900034446,3,33,,0,2,8,1,A01
201900034447,2,7,,0,1,1,9,A01
201900034448,1,7,,0,2,7,26,B01
201900034448,2,7,,0,2,8,26,A01
201900034449,2,34,,0,2,3,1,B01
201900034449,2,7,,0,2,2,9,A01
201900034450,3,10,,0,2,0,0,B01
201900034450,0,33,,0,2,8,26,A01
201900034451,1,34,,0,2,1,17,A01
201900034451,1,7,,0,2,3,15,B01
201900034452,2,7,,8,2,8,18,Z01
201900034452,2,33,,0,2,7,1,A01
201900034453,3,7,,8,0,2,1,A01
201900034454,3,33,,0,1,1,1,A01
201900034455,1,7,,0,2,2,1,B01
201900034455,1,7,,0,2,3,20,A01
201900034456,1,7,,0,2,2,19,B01
201900034456,1,7,,0,2,3,2,A01
201900034457,2,2,,0,2,8,21,B01
201900034457,1,7,,0,2,1,15,A01
201900034458,1,7,,0,2,7,1,B01
201900034458,1,7,,0,2,1,1,A01
201900034459,2,7,,12,2,3,21,B01
201900034459,2,7,,0,2,4,16,A01
201900034460,2,32,,0,2,1,1,A01
201900034460,2,7,,0,2,8,1,B01
201900034461,0,7,,0,0,0,0,A01
201900034461,0,34,,0,0,0,0,B01
201900034462,1,37,3.0,0,2,3,1,B01
201900034462,1,7,,0,2,1,19,A01
201900034463,2,7,,0,2,3,1,B01
201900034463,3,7,,0,2,1,9,A01
201900034464,2,33,,12,6,1,1,A01
201900034465,1,7,,0,2,2,19,B01
201900034465,1,33,,0,2,1,26,A01
201900034466,1,7,,0,2,8,10,A01
201900034466,1,34,,0,2,1,1,B01
201900034467,0,33,,0,0,0,14,A01
201900034468,1,33,,0,2,1,1,B01
201900034468,2,10,,0,2,5,15,A01
201900034469,2,7,,0,2,4,23,B01
201900034469,2,10,,0,2,1,1,A01
201900034470,3,3,,0,2,2,15,A01