Num_Acc,senc,catv,occutc,obs,obsm,choc,manv,num_veh
201900034470,3,33,,0,2,1,1,B01
201900034471,1,7,,1,0,2,16,B01
201900034471,1,33,,1,0,0,1,A01
201900034472,2,7,,0,6,6,2,B01
201900034472,2,50,,0,2,0,0,A01
201900034473,1,33,,0,1,1,17,A01
201900034474,1,7,,0,2,1,1,A01
201900034474,2,7,,0,2,1,13,B01
201900034475,0,30,,0,6,1,2,A01
201900034475,0,33,,0,6,4,2,B01
201900034476,2,30,,0,2,0,0,A01
201900034476,2,7,,0,2,0,0,B01
201900034477,1,1,,0,6,0,0,A01
201900034478,1,7,,0,2,2,20,A01
201900034478,1,7,,0,1,3,0,C01
201900034478,1,32,,0,2,1,0,B01
201900034478,1,7,,0,2,3,0,D01
201900034479,2,30,,0,1,1,1,A01
201900034480,1,7,,8,1,1,16,A01
201900034481,0,7,,0,2,6,20,B01
201900034481,0,33,,0,2,1,1,A01
201900034482,3,7,,0,2,8,15,B01
201900034482,3,7,,0,2,3,26,A01
201900034483,2,33,,0,2,2,17,A01
201900034483,2,7,,0,2,3,15,B01
201900034484,0,13,,0,2,4,20,A01
201900034484,0,34,,0,2,7,21,B01
201900034485,3,7,,0,2,1,13,A01
201900034485,3,7,,0,2,1,1,B01
201900034486,1,7,,0,2,1,9,A01
201900034486,1,7,,0,2,1,19,B01
201900034487,1,7,,0,1,2,15,A01
201900034488,0,50,,0,2,0,19,Y01
201900034488,1,7,,0,2,2,1,A01
201900034489,1,3,,0,2,6,15,B01
201900034489,2,3,,0,2,2,2,A01
201900034490,1,32,,0,2,1,1,B01
201900034490,0,30,,0,2,8,19,A01
201900034491,3,30,,12,0,1,11,A01
201900034492,2,2,,14,0,1,1,B01
201900034492,3,7,,15,0,5,16,A01
201900034493,1,33,,0,2,1,2,A01
201900034493,2,7,,0,2,4,15,Z01
201900034494,3,2,,0,2,1,1,A01
201900034494,3,3,,0,2,2,1,B01
201900034495,0,34,,0,2,4,1,B01
201900034495,0,7,,0,2,1,12,A01
201900034496,0,7,,0,2,5,15,A01
201900034496,0,32,,0,2,1,1,B01
201900034497,0,7,,0,2,1,15,A01
201900034497,1,7,,0,2,8,9,B01
201900034498,0,7,,0,2,3,15,A01
201900034498,1,2,,0,2,1,2,B01
201900034499,1,2,,0,2,2,1,B01
201900034499,1,7,,0,2,8,15,A01
201900034500,0,7,,0,1,1,17,Z01
201900034500,3,1,,0,2,4,19,B01
201900034501,1,33,,0,2,4,2,B01
201900034501,1,7,,0,2,1,2,A01
201900034502,0,7,,0,2,2,9,B01
201900034502,0,7,,0,2,1,1,C01
201900034502,0,32,,0,2,1,1,A01
201900034503,2,7,,0,2,1,5,A01
201900034503,1,7,,0,2,1,0,B01
201900034504,2,7,,0,1,1,1,Z01
201900034505,3,7,,0,1,1,26,A01
201900034506,1,33,,0,2,5,17,A01
201900034506,1,7,,0,2,3,17,B01
201900034507,2,7,,0,2,4,2,B01
201900034507,2,7,,0,2,1,2,A01
201900034508,2,7,,0,2,1,21,B01
201900034508,1,7,,0,2,1,13,A01
201900034509,2,30,,0,2,0,0,Z01
201900034509,1,30,,0,2,1,1,B01
201900034510,1,33,,0,2,1,17,A01
201900034510,2,37,1.0,0,2,3,1,B01
201900034511,1,7,,0,2,3,26,B01
201900034511,1,2,,0,2,1,26,A01
201900034512,1,32,,0,0,0,0,A01
201900034513,0,3,,0,2,3,15,B01
201900034513,0,32,,0,2,7,17,A01
201900034514,0,1,,0,2,1,1,B01
201900034514,0,7,,0,6,5,16,A01
201900034515,3,7,,0,2,6,1,B01
201900034515,2,34,,0,2,1,1,A01
201900034516,2,7,,0,0,6,15,B01
201900034516,2,2,,0,2,2,21,A01
201900034517,1,7,,0,2,2,1,A01
201900034517,1,7,,0,2,3,9,B01
201900034518,2,0,,0,1,0,0,A01
201900034519,2,7,,0,0,8,15,B01
201900034519,2,32,,0,2,7,3,A01
201900034520,1,7,,0,2,8,15,B01
201900034520,1,2,,0,2,1,3,A01
201900034521,0,7,,6,0,1,19,A01
201900034522,1,31,,0,2,2,17,A01
201900034522,1,7,,0,2,3,15,B01
201900034523,0,32,,0,0,0,0,B01
201900034523,3,7,,0,2,3,15,A01
201900034524,1,7,,0,2,1,1,A01
201900034524,1,7,,0,1,4,23,C01
201900034524,1,7,,0,2,0,1,B01
201900034525,2,32,,0,2,5,1,B01
201900034525,1,7,,0,2,1,15,A01
201900034526,1,7,,0,2,1,2,D01
201900034526,1,7,,0,2,4,2,B01
201900034526,1,7,,0,0,0,0,C01
201900034526,1,7,,0,2,4,2,A01
201900034527,3,7,,0,0,0,16,B01
201900034527,0,7,,0,0,0,0,Z01
201900034527,3,10,,0,0,3,16,C01
201900034528,1,31,,0,2,7,2,B01
201900034528,1,33,,0,2,8,2,A01
201900034529,3,30,,0,2,5,26,A01
201900034529,3,7,,0,2,5,16,B01
201900034530,1,33,,0,1,1,1,A01
201900034531,0,32,,0,6,8,18,A01
201900034531,0,33,,0,2,8,12,B01
201900034532,3,16,,0,2,6,23,B01
201900034532,3,7,,0,2,2,1,A01
201900034533,0,7,,0,2,0,0,B01
201900034533,2,33,,0,2,0,0,A01
201900034534,2,7,,0,2,1,19,B01
201900034534,1,7,,0,2,1,23,C01
201900034534,2,7,,0,2,9,19,A01
201900034535,3,30,,0,0,4,2,B01
201900034535,3,7,,0,2,2,2,A01
201900034536,2,33,,0,2,8,1,B01
201900034536,1,7,,0,2,1,15,A01
201900034537,1,33,,12,0,1,26,A01
201900034538,1,7,,0,1,7,18,A01
201900034539,1,33,,0,1,1,3,A01
201900034540,0,7,,0,2,3,26,B01
201900034540,1,32,,0,2,1,1,A01
201900034541,1,7,,0,2,3,2,B01
201900034541,1,15,,0,1,2,2,A01
201900034542,2,7,,0,2,8,15,B01
201900034542,2,33,,0,2,1,1,A01
201900034543,1,7,,0,1,1,1,A01
201900034544,1,7,,8,0,3,1,A01
201900034545,2,30,,0,2,2,19,A01
201900034545,1,7,,0,6,3,2,B01
201900034546,1,7,,0,2,2,1,B01
201900034546,1,7,,0,2,1,1,A01
201900034547,2,10,,0,1,4,26,A01
201900034548,1,7,,0,1,2,1,A01
201900034549,2,7,,0,2,4,23,B01
201900034549,3,7,,0,2,1,19,C01
201900034549,2,7,,0,2,1,2,A01
201900034550,0,33,,0,2,7,17,A01
201900034550,0,7,,0,2,8,2,B01
201900034551,0,0,,0,2,8,15,B01
201900034551,2,32,,0,2,1,17,A01
201900034552,1,37,1.0,0,1,2,1,A01
201900034553,2,33,,0,2,7,17,B01
201900034553,2,7,,0,2,8,15,A01
201900034554,1,99,,0,2,1,2,A01
201900034554,1,7,,0,2,1,2,C01
201900034554,1,7,,0,2,4,15,B01
201900034555,1,7,,0,2,5,1,B01
201900034555,1,30,,0,2,8,9,A01
201900034556,1,7,,0,0,1,1,A01
201900034557,0,10,,0,1,7,1,A01
201900034558,0,7,,0,1,2,17,A01
201900034559,3,30,,0,2,1,17,A01
201900034559,3,7,,0,6,0,1,B01
201900034559,3,7,,0,6,0,0,C01
201900034560,1,7,,0,2,3,1,B01
201900034560,2,7,,0,2,3,15,A01
201900034561,0,7,,0,0,0,0,Z01
201900034561,0,7,,0,2,2,1,A01
201900034562,2,7,,0,2,3,1,B01
201900034562,1,30,,0,2,1,1,A01
201900034563,0,50,,0,1,1,0,A01
201900034564,2,7,,0,1,5,26,A01
201900034565,1,7,,0,1,1,16,A01
201900034566,2,7,,0,2,1,14,A01
201900034567,0,14,,0,1,1,0,A01
201900034568,0,7,,0,1,3,1,A01
201900034569,2,50,,0,2,7,1,B01
201900034569,1,3,,0,6,2,16,A01
201900034570,1,33,,0,1,1,3,A01
201900034570,1,7,,0,2,6,0,C01
201900034570,0,33,,0,2,8,23,B01
201900034571,1,7,,1,1,1,1,A01
201900034572,0,32,,12,1,1,21,A01
201900034573,2,7,,0,1,3,1,B01
201900034573,1,7,,0,1,1,1,Z01
201900034574,2,34,,0,2,2,1,B01
201900034574,2,7,,0,2,4,1,C01
201900034574,1,32,,14,2,5,15,A01
201900034575,1,7,,9,1,1,26,A01
201900034576,2,7,,0,2,3,15,A01
201900034576,1,32,,0,2,8,1,B01
201900034577,3,7,,0,1,3,1,A01
201900034578,1,7,,0,2,3,1,B01
201900034578,2,7,,0,2,1,23,C01
201900034578,2,7,,0,2,1,19,A01
201900034579,3,31,,0,2,1,6,A01
201900034579,3,7,,0,2,2,15,B01
201900034580,2,7,,0,2,1,1,B01
201900034580,2,7,,0,2,8,19,A01
201900034581,2,7,,4,0,3,1,A01
201900034582,1,32,,0,2,2,1,B01
201900034582,1,7,,0,2,3,20,A01
201900034583,1,7,,0,2,1,11,A01
201900034583,2,7,,0,2,1,1,B01
201900034584,2,7,,0,2,7,26,A01
201900034584,1,7,,0,2,1,15,B01
201900034585,1,10,,0,2,7,16,B01
201900034585,1,30,,0,2,8,18,A01
201900034586,0,10,,0,2,3,15,A01
201900034586,0,33,,0,2,1,17,B01
201900034587,3,31,,4,0,1,13,A01
201900034588,3,30,,0,2,3,15,A01
201900034588,3,7,,0,2,1,1,B01
201900034589,2,7,,0,2,2,14,A01
201900034589,2,7,,0,2,2,1,B01
201900034590,1,7,,0,2,1,1,C01
201900034590,1,7,,4,2,6,2,B01
201900034590,1,17,,0,2,2,17,A01
201900034591,3,7,,0,2,1,1,B01
201900034591,3,7,,0,2,1,13,A01
201900034592,1,2,,0,2,1,17,A01
201900034592,1,7,,0,2,6,15,B01
201900034593,1,33,,0,1,1,18,A01
201900034594,1,7,,0,1,3,1,A01
201900034595,1,7,,0,2,3,0,B01
201900034595,2,7,,0,2,3,1,A01
201900034596,3,7,,0,2,3,1,B01
201900034596,3,7,,0,2,3,13,A01
201900034597,0,14,,0,2,3,1,B01
201900034597,0,2,,0,2,1,13,A01
201900034598,1,32,,0,6,0,0,A01
201900034599,3,7,,0,2,1,1,B01
201900034599,3,33,,0,2,1,10,A01
201900034600,1,7,,0,2,1,9,A01
201900034600,1,32,,0,2,1,1,B01
201900034601,1,7,,8,0,0,0,A01
201900034602,2,7,,2,0,0,1,A01
201900034603,1,7,,0,2,1,1,C01
201900034603,2,7,,0,2,2,1,A01
201900034603,2,7,,0,2,1,16,B01
201900034604,2,13,,0,2,4,1,B01
201900034604,2,31,,0,2,1,1,A01
201900034605,2,7,,0,2,1,1,B01
201900034605,2,7,,0,2,3,15,A01
201900034606,0,36,,0,0,0,21,A01
201900034606,-1,7,,0,0,0,-1,A01
201900034607,3,7,,0,2,3,1,B01
201900034607,3,7,,0,2,2,1,A01
201900034608,2,7,,0,1,2,1,A01
201900034609,1,7,,0,2,1,2,A01
201900034609,1,7,,0,2,4,2,B01
201900034610,2,31,,0,0,7,21,A01
201900034610,1,7,,0,-1,-1,1,A01
201900034611,1,7,,0,2,6,1,B01
201900034611,1,7,,0,2,1,1,A01
201900034612,3,7,,0,2,4,1,B01
201900034612,3,7,,0,2,1,26,A01
201900034613,1,7,,0,2,0,26,A01
201900034613,1,7,,0,0,0,0,B01
201900034614,2,99,,0,2,3,9,A01
201900034614,2,7,,0,2,6,9,B01
201900034615,2,32,,14,0,1,1,A01
201900034616,2,7,,0,2,3,1,A01
201900034616,3,1,,0,2,1,19,B01
201900034617,3,7,,0,2,6,2,B01
201900034617,3,7,,0,2,2,2,A01
201900034618,2,7,,0,2,1,1,B01
201900034618,2,7,,0,2,7,19,A01
201900034619,2,1,,0,2,1,1,B01
201900034619,1,7,,0,2,2,13,A01
201900034620,2,37,1.0,0,2,8,15,A01
201900034620,2,31,,0,2,2,17,B01
201900034621,1,7,,0,2,1,26,A01
201900034621,1,7,,0,2,4,26,B01
201900034622,1,30,,1,2,1,1,B01
201900034622,1,7,,0,2,2,10,A01
201900034623,1,7,,0,2,1,1,A01
201900034623,1,1,,0,2,4,15,B01
201900034624,0,7,,0,1,1,15,A01
201900034625,1,7,,0,2,3,1,A01
201900034625,1,7,,0,2,5,1,B01
201900034626,2,7,,0,2,7,1,A01
201900034626,2,30,,0,2,1,1,B01
201900034627,1,7,,0,1,1,1,A01
201900034628,1,10,,0,2,1,13,A01
201900034628,2,10,,0,2,1,1,B01
201900034629,1,30,,11,0,1,1,A01
201900034630,0,7,,0,2,1,1,B01
201900034630,0,7,,0,2,1,13,A01
201900034631,3,34,,0,1,7,26,A01
201900034632,0,7,,0,2,1,1,B01
201900034632,0,7,,0,2,1,1,A01
201900034633,2,7,,0,2,1,9,A01
201900034633,1,7,,0,2,7,15,B01
201900034634,3,10,,0,2,1,1,A01
201900034634,3,7,,0,2,4,23,B01
201900034634,3,7,,0,2,4,23,C01
201900034635,3,1,,0,1,8,26,A01
201900034636,2,7,,0,2,3,17,A01
201900034636,1,7,,0,2,3,1,B01
201900034637,2,7,,0,1,1,1,A01
201900034638,3,33,,14,0,1,1,A01
201900034639,2,3,,0,2,1,26,A01
201900034639,2,3,,0,2,6,15,B01
201900034640,2,7,,0,2,8,22,B01
201900034640,2,1,,1,0,1,1,A01
201900034641,3,7,,0,1,7,17,A01
201900034642,2,37,1.0,0,1,2,1,A01
201900034643,1,7,,0,2,2,12,A01
201900034643,1,31,,0,2,6,3,B01
201900034644,1,33,,4,2,1,17,B01
201900034644,1,13,,0,2,8,1,A01
201900034645,1,7,,0,2,1,9,A01
201900034645,1,43,,0,2,1,1,B01
201900034646,2,7,,0,1,0,1,Z01
201900034647,1,33,,0,2,2,17,A01
201900034647,1,10,,0,2,3,15,B01
201900034648,2,7,,0,2,2,1,A01
201900034648,2,7,,0,2,8,1,B01
201900034649,2,43,,0,2,3,16,B01
201900034649,2,7,,0,2,7,1,A01
201900034650,1,7,,0,0,3,21,A01
201900034651,1,33,,0,2,8,16,B01
201900034651,2,7,,0,2,2,15,A01
201900034652,1,7,,0,2,5,15,B01
201900034652,1,33,,0,2,3,2,A01
201900034653,1,30,,0,2,1,1,B01
201900034653,1,7,,0,2,7,15,A01
201900034654,1,7,,0,2,1,1,Z01
201900034654,2,30,,0,2,3,1,A01
201900034655,2,10,,0,1,2,1,A01
201900034656,2,7,,0,1,2,1,Z01
201900034657,1,33,,0,2,1,15,A01
201900034657,1,7,,0,2,6,17,B01
201900034658,1,33,,0,2,1,2,A01
201900034658,1,33,,0,2,4,2,B01
201900034659,1,10,,0,2,2,1,A01
201900034659,1,32,,0,2,3,1,B01
201900034660,2,13,,0,1,1,15,A01
201900034661,2,32,,0,2,1,1,B01
201900034661,2,7,,0,2,3,22,A01
201900034662,1,30,,0,1,2,1,A01
201900034663,1,1,,0,1,1,1,Z01
201900034664,1,7,,0,2,1,1,A01
201900034664,1,7,,0,2,4,23,B01
201900034664,1,7,,0,2,4,1,C01
201900034665,3,30,,0,2,3,1,A01
201900034665,3,7,,0,2,3,1,B01
201900034666,1,7,,0,1,1,14,A01
201900034667,3,33,,0,2,1,26,A01
201900034667,3,7,,0,2,2,1,B01
201900034668,0,7,,0,2,4,1,B01
201900034668,0,7,,0,2,1,1,A01
201900034669,1,33,,14,0,1,16,A01
201900034670,1,7,,0,1,1,1,A01
201900034671,1,30,,0,0,0,0,B01
201900034671,1,7,,0,2,3,1,A01
201900034672,2,30,,14,0,0,1,A01
201900034673,1,30,,0,1,1,1,A01
201900034674,2,7,,0,0,1,0,A01
201900034675,1,7,,15,0,8,17,A01
201900034676,2,7,,3,2,1,1,B01
201900034676,2,7,,3,0,4,1,A01
201900034677,2,7,,13,0,1,13,A01
201900034678,2,7,,0,2,3,0,B01
201900034678,1,7,,0,2,3,0,A01
201900034679,2,7,,0,1,1,16,A01
201900034680,1,7,,0,1,1,15,A01
201900034681,1,7,,4,0,2,2,A01
201900034682,1,7,,0,0,0,0,A01
201900034683,2,7,,0,1,2,1,A01
201900034684,2,33,,0,2,2,17,A01
201900034684,2,7,,0,2,6,17,B01
201900034685,2,7,,0,2,4,23,C01
201900034685,2,7,,1,2,4,23,B01
201900034685,2,7,,1,0,1,1,A01
201900034686,1,3,,8,0,2,14,A01
201900034687,2,7,,13,0,3,14,A01
201900034688,1,1,,0,2,5,1,B01
201900034688,1,7,,0,2,7,17,A01
201900034689,3,7,,0,9,3,15,A01
201900034689,3,2,,0,2,1,1,B01
201900034690,1,10,,13,0,1,13,A01
201900034691,1,7,,0,9,1,2,B01
201900034691,1,1,,0,0,4,2,A01
201900034692,1,7,,0,1,2,1,A01
201900034693,1,7,,0,2,3,1,B01
201900034693,2,7,,0,2,3,1,A01
201900034694,0,2,,14,0,1,1,A01
201900034695,1,10,,0,2,2,17,A01
201900034695,2,33,,1,2,1,13,B01
201900034696,1,7,,0,0,0,0,A01
201900034697,2,7,,0,0,1,1,B01
201900034697,1,7,,0,0,1,5,A01
201900034698,1,7,,0,0,6,15,B01
201900034698,1,7,,0,2,1,17,A01
201900034699,2,7,,0,2,3,1,C01
201900034699,2,7,,0,2,3,1,B01
201900034699,1,7,,0,2,3,5,A01
201900034700,2,7,,0,2,6,23,A01
201900034700,2,7,,0,2,1,1,B01
201900034700,1,7,,13,2,1,1,C01
201900034701,3,7,,0,0,7,1,A01
201900034702,2,7,,0,0,4,2,D01
201900034702,2,7,,0,2,1,2,C01
201900034702,2,7,,0,2,4,2,B01
201900034702,2,7,,0,2,1,2,A01
201900034703,1,7,,0,1,2,1,A01
201900034704,2,7,,3,0,9,1,A01
201900034705,1,7,,11,0,3,1,A01
201900034706,2,7,,0,2,4,2,A01
201900034706,2,7,,0,2,4,2,B01
201900034706,2,7,,0,2,1,2,C01
201900034707,2,7,,0,2,1,1,A01
201900034707,1,7,,1,2,7,13,B01
201900034708,3,7,,0,0,9,14,A01
201900034709,3,34,,0,2,1,2,A01
201900034709,3,7,,0,2,4,2,B01
201900034710,3,7,,0,2,8,1,B01
201900034710,3,32,,0,2,8,0,A01
201900034711,2,7,,0,2,3,1,C01
201900034711,2,7,,0,2,1,1,B01
201900034711,1,7,,0,2,1,13,A01
201900034712,1,7,,0,0,1,1,B01
201900034712,1,7,,0,0,4,23,A01
201900034713,1,7,,0,1,2,1,A01
201900034714,1,7,,6,0,1,1,A01
201900034715,2,7,,0,1,3,1,A01
201900034716,1,7,,0,1,3,1,A01
201900034717,1,7,,0,2,3,1,B01
201900034717,2,7,,0,2,3,13,A01
201900034718,1,10,,0,2,1,9,A01
201900034718,1,7,,0,2,1,5,B01
201900034719,2,7,,4,0,1,1,A01
201900034720,1,7,,0,2,5,1,B01
201900034720,1,7,,0,2,1,0,Z01
201900034721,2,7,,0,2,1,2,A01
201900034721,2,7,,0,2,4,2,B01
201900034722,2,7,,0,2,4,1,B01
201900034722,2,7,,0,2,1,12,A01
201900034723,1,7,,0,2,4,2,C01
201900034723,1,7,,0,2,4,2,B01
201900034723,1,7,,0,2,1,2,A01
201900034724,2,7,,0,2,1,2,A01
201900034724,2,7,,0,2,4,0,B01
201900034725,1,33,,0,0,8,15,A01
201900034726,1,7,,0,2,8,11,A01
201900034726,1,33,,0,2,7,3,B01
201900034726,1,10,,0,2,3,2,C01
201900034727,1,7,,0,2,6,21,B01
201900034727,1,33,,0,2,2,21,A01
201900034728,1,7,,4,0,5,14,A01
201900034729,2,10,,0,2,8,5,A01
201900034729,1,7,,0,2,8,1,B01
201900034730,2,7,,0,2,4,2,C01
201900034730,2,7,,0,2,4,2,B01
201900034730,2,10,,0,2,1,9,A01
201900034731,1,33,,3,0,8,0,A01
201900034732,0,33,,0,2,1,17,B01
201900034732,3,7,,0,2,3,15,A01
201900034733,1,7,,0,2,1,2,A01
201900034733,1,33,,0,2,4,0,B01
201900034734,2,32,,0,2,7,1,B01
201900034734,1,7,,0,2,1,9,A01
201900034735,1,7,,16,0,9,14,A01
201900034736,1,7,,0,2,4,23,B01
201900034736,1,7,,0,2,1,2,A01
201900034737,2,7,,0,2,1,2,A01
201900034737,2,7,,0,2,4,23,B01
201900034738,1,30,,0,2,3,15,A01
201900034738,1,7,,0,2,1,1,B01
201900034739,1,7,,0,2,0,0,Z01
201900034739,1,33,,0,2,3,16,A01
201900034740,1,7,,0,2,1,1,B01
201900034740,2,7,,0,2,1,1,A01
201900034741,1,31,,0,0,9,17,A01
201900034742,3,7,,8,0,3,13,A01
201900034743,1,7,,0,2,4,1,B01
201900034743,1,15,,0,2,1,1,A01
201900034744,0,7,,0,2,1,5,C01
201900034744,0,7,,0,2,1,1,B01
201900034745,0,7,,6,2,6,2,C01
201900034745,0,7,,0,2,3,1,B01
201900034745,0,7,,0,2,3,17,A01
201900034746,1,7,,0,2,8,1,A01
201900034746,3,7,,0,2,4,24,C01
201900034746,0,10,,0,2,4,24,D01
201900034746,1,7,,0,2,1,1,B01
201900034747,3,7,,0,2,3,9,A01
201900034747,3,7,,0,2,7,1,B01
201900034748,1,7,,0,2,1,2,A01
201900034748,0,7,,0,2,4,2,B01
201900034749,0,7,,0,1,1,1,A01
201900034750,3,7,,0,2,1,13,A01
201900034750,3,7,,0,2,8,21,B01
201900034751,1,10,,0,1,2,19,A01
201900034752,0,7,,0,1,1,15,A01
201900034753,1,7,,0,1,2,1,A01
201900034754,1,7,,0,1,2,1,Z01
201900034755,3,7,,0,2,0,16,B01
201900034755,3,30,,0,2,3,18,A01
201900034756,1,7,,0,1,1,1,A01
201900034757,1,7,,0,2,4,2,A01
201900034757,1,7,,0,2,0,0,Z01
201900034758,1,7,,0,2,3,15,A01
201900034758,2,7,,0,2,3,1,B01
201900034759,0,7,,0,2,3,15,B01
201900034759,0,33,,0,2,1,1,A01
201900034760,0,7,,0,2,1,1,B01
201900034760,0,7,,0,2,7,1,A01
201900034761,0,10,,0,2,3,26,B01
201900034761,0,1,,0,2,0,1,C01
201900034762,3,7,,0,2,1,26,A01
201900034762,1,1,,0,2,7,19,B01
201900034763,1,33,,0,2,7,1,B01
201900034763,2,7,,0,2,1,10,A01
201900034764,1,7,,0,2,1,2,A01
201900034764,1,7,,0,2,4,2,B01
201900034764,1,7,,0,2,4,2,C01
201900034765,1,7,,0,1,1,1,A01
201900034766,1,2,,0,0,8,1,A01
201900034767,1,7,,1,0,2,1,A01
201900034768,3,7,,0,1,1,1,A01
201900034769,3,7,,0,1,3,1,Z01
201900034770,2,7,,0,2,1,1,A01
201900034770,2,99,,0,2,0,0,B01
201900034770,2,10,,0,2,4,1,C01
201900034771,1,7,,0,2,1,1,B01
201900034771,2,7,,0,2,1,13,A01
201900034772,1,7,,0,2,3,1,B01
201900034772,2,1,,0,2,1,1,A01
201900034773,2,7,,0,2,3,9,A01
201900034773,3,1,,0,2,1,1,B01
201900034774,1,7,,0,2,3,16,C01
201900034774,1,7,,0,2,1,19,A01
201900034774,1,7,,0,2,3,1,B01
201900034775,1,7,,0,1,4,4,A01
201900034776,3,30,,0,2,8,1,B01
201900034776,3,7,,0,2,1,15,A01
201900034777,2,38,1.0,0,2,2,15,B01
201900034777,1,30,,0,2,1,19,A01
201900034778,1,7,,0,2,6,26,A01
201900034778,1,34,,0,2,1,1,B01
201900034779,2,7,,0,2,2,19,B01
201900034779,1,7,,0,0,0,0,A01
201900034780,0,7,,0,1,2,14,A01
201900034781,2,7,,1,2,1,0,B01
201900034781,1,7,,1,2,1,0,A01
201900034782,1,7,,0,1,2,1,A01
201900034783,2,7,,0,1,1,1,A01
201900034784,0,7,,0,2,4,23,C01
201900034784,1,7,,0,2,4,23,B01
201900034784,1,7,,0,2,1,2,A01
201900034785,3,30,,0,2,1,1,A01
201900034785,3,7,,0,2,5,16,B01
201900034786,3,1,,0,2,1,1,B01
201900034786,3,7,,0,2,1,5,A01
201900034787,1,7,,9,0,8,0,A01
201900034788,1,7,,0,1,1,9,A01
201900034789,3,7,,0,1,1,1,A01
201900034790,0,7,,0,2,4,2,C01
201900034790,0,7,,0,2,4,2,B01
201900034790,0,7,,0,2,1,2,A01
201900034791,1,7,,0,2,3,1,B01
201900034791,1,1,,0,2,1,19,A01
201900034792,1,7,,0,2,1,1,A01
201900034792,1,7,,0,2,4,1,B01
201900034793,3,2,,0,2,8,1,B01
201900034793,3,7,,0,2,2,20,A01
201900034794,0,2,,0,2,3,19,A01
201900034794,0,7,,0,2,1,15,B01
201900034795,1,0,,0,2,0,0,B01
201900034795,0,34,,0,2,0,1,A01
201900034796,1,7,,0,2,0,5,Z01
201900034796,2,1,,0,2,0,1,B01
201900034797,0,7,,0,2,7,1,A01
201900034797,0,7,,0,2,0,1,Z01
201900034798,0,34,,2,0,1,1,A01
201900034799,1,33,,3,0,1,0,A01
201900034800,2,7,,8,0,2,1,A01
201900034801,3,1,,14,0,1,1,A01
201900034802,1,7,,2,0,3,1,A01
201900034803,1,7,,0,0,9,1,A01
201900034804,0,33,,0,0,4,1,A01
201900034805,1,7,,15,0,9,1,A01
201900034806,2,7,,0,1,1,1,A01
201900034807,1,7,,0,2,1,0,B01
201900034807,2,7,,0,2,1,0,A01
201900034808,3,7,,0,1,1,15,A01
201900034809,3,7,,0,2,1,1,A01
201900034809,3,7,,0,0,7,1,B01
201900034810,2,7,,0,2,1,15,B01
201900034810,1,7,,0,2,1,19,A01
201900034811,1,7,,0,1,1,1,A01
201900034812,3,7,,13,0,1,21,B01
201900034812,3,7,,0,0,0,16,A01
201900034813,1,33,,0,2,1,21,B01
201900034813,1,7,,0,2,3,10,A01
201900034814,2,7,,0,0,3,0,A01
201900034815,1,10,,13,0,7,2,A01
201900034816,2,7,,14,0,2,1,C01
201900034816,2,7,,0,2,7,1,B01
201900034816,2,1,,0,0,8,1,A01
201900034817,1,7,,6,2,7,15,A01
201900034817,2,7,,0,2,1,2,B01
201900034818,3,7,,0,2,1,1,B01
201900034818,3,7,,0,2,7,19,A01
201900034819,0,7,,0,2,2,1,B01
201900034819,1,33,,0,2,1,1,A01
201900034820,1,31,,4,0,2,14,A01
201900034821,2,2,,0,2,8,2,B01
201900034821,2,7,,0,2,2,2,A01
201900034822,1,2,,0,2,1,17,A01
201900034822,1,7,,0,2,8,15,B01
201900034823,2,7,,0,2,8,1,C01
201900034823,1,10,,0,2,1,1,B01
201900034823,2,7,,0,2,1,17,A01
201900034824,1,7,,13,0,8,1,C01
201900034824,1,7,,13,0,1,1,B01
201900034824,1,7,,13,0,1,1,A01
201900034825,0,7,,0,2,7,1,B01
201900034825,1,10,,0,2,1,1,A01
201900034826,1,7,,0,1,1,1,A01
201900034827,1,2,,0,2,3,18,A01
201900034827,0,7,,0,2,2,15,B01
201900034828,1,7,,0,2,1,1,A01
201900034828,1,17,,0,2,4,1,B01
201900034829,2,7,,0,0,9,1,A01
201900034830,0,14,,0,0,8,1,B01
201900034830,0,7,,0,2,1,16,A01
201900034831,0,7,,0,2,1,15,A01
201900034831,3,31,,0,0,7,17,B01
201900034832,2,7,,3,2,1,13,B01
201900034832,2,7,,3,0,0,0,A01
201900034833,2,7,,0,0,4,2,B01
201900034833,2,7,,0,2,1,2,A01
201900034834,1,13,,0,0,0,1,A01
201900034835,0,7,,2,0,0,0,A01
201900034836,1,7,,13,0,2,0,A01
201900034837,0,7,,0,2,6,1,C01
201900034837,0,33,,0,2,3,13,B01
201900034837,3,7,,0,2,3,1,A01
201900034838,3,7,,0,2,3,19,A01
201900034838,1,7,,13,2,1,1,B01
201900034839,2,7,,15,0,1,0,A01
201900034840,2,7,,0,2,2,1,C01
201900034840,2,7,,0,2,3,1,B01
201900034840,1,7,,0,2,3,13,A01
201900034841,1,7,,2,0,1,1,A01
201900034842,2,7,,0,2,1,1,B01
201900034842,3,7,,0,2,7,13,A01
201900034843,3,7,,0,2,7,26,B01
201900034843,3,33,,0,2,1,0,A01
201900034844,1,15,,0,2,2,1,B01
201900034844,3,7,,0,2,8,19,A01
201900034845,2,7,,0,2,1,1,A01
201900034845,1,7,,0,2,7,13,B01
201900034846,2,39,,0,1,3,19,A01
201900034847,2,7,,0,2,2,2,C01
201900034847,2,7,,0,2,8,2,B01