Num_Acc,senc,catv,occutc,obs,obsm,choc,manv,num_veh
201900034847,2,7,,0,2,2,2,A01
201900034848,1,7,,6,0,3,13,A01
201900034849,1,7,,0,2,8,2,A01
201900034849,1,7,,0,2,1,0,B01
201900034850,2,7,,0,2,1,2,A01
201900034850,2,7,,0,2,4,23,B01
201900034850,2,7,,0,2,4,1,C01
201900034850,2,7,,0,2,4,23,D01
201900034851,1,17,,0,2,2,12,A01
201900034851,1,7,,0,2,6,1,B01
201900034852,2,33,,0,2,1,2,A01
201900034852,2,7,,0,2,4,2,B01
201900034852,2,7,,0,2,8,1,C01
201900034853,2,10,,0,2,7,14,B01
201900034853,2,7,,0,2,8,2,A01
201900034854,2,7,,0,2,1,11,A01
201900034854,2,7,,0,2,4,2,B01
201900034855,1,7,,0,2,1,2,B01
201900034855,1,7,,0,2,4,23,A01
201900034856,1,32,,0,0,7,2,A01
201900034857,2,33,,0,2,1,1,B01
201900034857,2,10,,0,2,6,11,A01
201900034858,1,31,,0,2,1,3,A01
201900034858,1,7,,0,2,5,2,B01
201900034858,1,31,,0,2,7,0,C01
201900034859,1,15,,3,0,2,13,B01
201900034859,1,10,,3,0,6,14,A01
201900034860,2,10,,0,2,4,2,C01
201900034860,2,7,,0,2,4,2,B01
201900034860,2,7,,0,2,1,2,A01
201900034861,1,33,,3,0,3,17,A01
201900034862,1,7,,0,2,4,23,B01
201900034862,1,7,,1,0,1,12,A01
201900034863,1,7,,0,5,2,1,A01
201900034864,1,7,,0,2,6,1,B01
201900034864,1,7,,4,2,1,19,A01
201900034865,1,7,,0,2,1,0,A01
201900034865,1,7,,0,2,4,0,B01
201900034865,1,7,,0,2,4,0,C01
201900034866,1,32,,0,2,3,3,A01
201900034866,1,7,,0,2,7,12,B01
201900034867,1,7,,1,0,1,1,B01
201900034867,1,7,,4,2,4,23,A01
201900034868,2,43,,0,2,7,3,A01
201900034868,2,7,,0,2,3,2,B01
201900034868,2,7,,0,2,5,1,C01
201900034868,2,7,,0,2,8,2,D01
201900034869,2,0,,0,2,5,14,Z01
201900034869,2,7,,0,2,3,1,A01
201900034870,2,7,,0,2,6,1,A01
201900034870,2,33,,0,2,2,0,B01
201900034871,2,7,,0,2,4,1,B01
201900034871,2,30,,0,2,1,1,A01
201900034872,1,7,,0,2,1,1,A01
201900034872,1,7,,0,2,4,1,B01
201900034873,3,2,,0,2,2,15,B01
201900034873,3,7,,0,2,3,9,A01
201900034874,1,30,,0,0,0,26,A01
201900034875,1,33,,0,0,8,1,B01
201900034875,1,7,,0,2,2,26,A01
201900034876,3,7,,0,1,1,2,A01
201900034877,2,10,,0,2,3,10,A01
201900034877,2,7,,0,2,2,1,B01
201900034878,0,7,,0,1,3,16,A01
201900034879,1,7,,0,1,2,1,A01
201900034880,1,7,,0,2,3,15,A01
201900034880,2,32,,0,2,1,1,B01
201900034881,1,7,,0,2,3,16,Z01
201900034881,2,32,,0,2,2,1,B01
201900034882,3,7,,0,2,1,2,B01
201900034882,3,7,,0,2,1,13,A01
201900034882,3,7,,0,2,2,0,C01
201900034883,3,10,,0,2,3,5,A01
201900034883,3,7,,0,2,1,16,B01
201900034884,1,1,,0,1,1,1,A01
201900034885,2,7,,0,1,2,1,A01
201900034886,3,60,,0,0,0,26,A01
201900034887,2,1,,9,0,0,1,A01
201900034888,2,30,,0,2,1,1,B01
201900034888,1,7,,0,2,3,10,A01
201900034889,1,7,,0,2,6,1,A01
201900034890,2,33,,0,2,3,17,B01
201900034890,3,7,,0,2,3,15,A01
201900034891,1,30,,0,2,0,0,B01
201900034891,2,7,,0,2,2,26,A01
201900034892,2,1,,1,1,1,1,A01
201900034893,3,10,,0,1,1,15,A01
201900034894,1,37,1.0,0,2,8,1,B01
201900034894,1,2,,0,2,7,17,A01
201900034895,3,7,,0,1,3,26,A01
201900034896,3,7,,0,1,2,1,A01
201900034897,1,7,,0,2,1,15,A01
201900034897,2,33,,0,2,1,1,B01
201900034898,1,0,,0,2,1,1,Z01
201900034898,1,1,,0,2,4,1,A01
201900034899,3,7,,0,2,1,9,A01
201900034899,3,30,,0,2,7,2,B01
201900034900,3,7,,0,1,1,9,A01
201900034901,2,10,,0,2,1,2,A01
201900034901,2,7,,0,2,4,2,B01
201900034902,3,7,,0,1,1,1,A01
201900034903,3,7,,6,1,3,26,Z01
201900034904,0,7,,6,0,2,0,A01
201900034905,1,31,,0,2,1,1,B01
201900034905,1,7,,0,2,6,15,A01
201900034906,1,7,,0,2,3,1,A01
201900034906,1,7,,0,2,6,16,Z01
201900034907,2,7,,0,2,3,10,A01
201900034907,2,31,,0,2,1,2,B01
201900034908,1,7,,0,1,1,1,Z01
201900034909,3,2,,11,0,1,1,A01
201900034910,2,30,,0,0,3,21,A01
201900034911,1,33,,1,2,1,1,B01
201900034911,1,7,,0,2,6,19,A01
201900034912,1,7,,0,2,2,16,A01
201900034912,1,1,,0,2,1,1,B01
201900034913,3,7,,0,2,4,1,B01
201900034913,1,7,,0,2,1,1,A01
201900034914,1,7,,0,2,4,2,B01
201900034914,1,7,,0,2,1,2,A01
201900034915,1,7,,0,1,4,4,A01
201900034916,1,7,,0,2,0,0,B01
201900034916,1,7,,0,2,0,1,A01
201900034917,1,7,,0,2,4,1,B01
201900034917,1,7,,0,2,1,11,A01
201900034918,0,7,,0,1,1,17,A01
201900034919,1,7,,0,1,3,15,A01
201900034920,1,10,,0,2,2,9,A01
201900034920,1,2,,0,2,2,0,B01
201900034921,1,7,,0,2,3,23,C01
201900034921,0,7,,0,2,6,23,D01
201900034921,1,10,,0,2,6,23,B01
201900034921,1,7,,0,2,3,13,A01
201900034921,0,7,,0,2,4,23,E01
201900034922,1,7,,0,2,3,9,A01
201900034922,1,15,,0,2,7,1,B01
201900034923,3,33,,0,2,7,1,A01
201900034923,0,7,,0,2,2,16,B01
201900034924,2,7,,0,1,8,1,A01
201900034925,1,7,,0,0,0,0,C01
201900034925,3,60,,0,2,1,19,B01
201900034925,1,7,,0,1,2,1,A01
201900034926,1,7,,0,2,2,1,A01
201900034926,1,7,,8,2,3,16,B01
201900034926,2,7,,0,2,8,1,C01
201900034927,3,7,,0,2,8,9,A01
201900034927,3,17,,0,2,7,1,B01
201900034928,2,7,,1,0,2,0,A01
201900034929,0,2,,0,2,4,26,A01
201900034929,0,7,,0,2,0,0,B01
201900034930,0,7,,0,2,2,22,A01
201900034930,3,1,,0,2,1,1,B01
201900034931,0,7,,0,9,8,9,A01
201900034931,1,1,,0,2,2,1,B01
201900034932,1,7,,0,1,1,15,A01
201900034933,1,7,,0,1,2,1,A01
201900034934,1,7,,0,1,1,1,A01
201900034935,2,7,,0,2,1,15,A01
201900034935,2,7,,0,2,3,1,B01
201900034935,2,7,,0,2,3,1,C01
201900034936,1,7,,0,2,1,10,A01
201900034936,2,33,,0,2,1,1,B01
201900034937,1,7,,9,0,1,1,A01
201900034938,2,7,,0,1,1,1,A01
201900034939,1,7,,0,1,3,15,A01
201900034940,2,33,,0,2,1,1,B01
201900034940,1,7,,0,2,1,15,A01
201900034941,2,7,,0,2,4,15,B01
201900034941,2,7,,0,2,1,1,A01
201900034942,2,7,,0,2,1,2,A01
201900034942,2,7,,0,2,4,2,B01
201900034943,1,7,,3,2,1,26,A01
201900034943,1,7,,0,2,6,1,B01
201900034943,1,7,,0,2,5,1,C01
201900034944,3,1,,0,2,1,9,A01
201900034944,2,7,,0,2,3,9,B01
201900034945,2,7,,0,2,3,9,A01
201900034945,1,1,,0,2,7,1,B01
201900034946,1,7,,4,0,5,16,A01
201900034947,1,1,,0,2,5,25,C01
201900034947,1,7,,14,2,0,1,A01
201900034947,1,7,,0,2,1,1,B01
201900034948,1,7,,0,1,1,0,A01
201900034949,1,33,,0,1,2,17,A01
201900034950,2,32,,0,2,1,1,A01
201900034951,1,10,,0,2,6,1,C01
201900034951,1,43,,0,2,3,3,B01
201900034951,1,7,,0,2,5,12,A01
201900034952,1,33,,0,2,1,3,A01
201900034952,1,7,,0,2,6,1,B01
201900034953,2,7,,0,2,7,1,E01
201900034953,2,7,,0,2,7,1,D01
201900034953,2,7,,0,2,6,1,C01
201900034953,2,32,,0,2,7,3,B01
201900034953,2,33,,0,2,8,11,A01
201900034954,1,7,,0,2,4,2,C01
201900034954,1,7,,0,2,5,2,B01
201900034954,1,7,,0,2,3,2,A01
201900034955,2,1,,0,2,3,1,B01
201900034955,1,32,,0,2,1,1,A01
201900034956,2,7,,0,2,0,15,Z01
201900034956,1,30,,0,2,1,1,A01
201900034957,1,30,,0,1,1,1,Z01
201900034958,1,30,,0,1,8,17,A01
201900034959,1,7,,7,0,1,13,A01
201900034960,2,10,,0,2,1,1,B01
201900034960,1,30,,0,2,1,13,A01
201900034961,1,33,,0,1,3,1,A01
201900034962,2,99,,0,2,6,1,B01
201900034962,2,7,,0,2,2,17,A01
201900034963,2,7,,0,2,7,0,A01
201900034963,1,34,,0,2,1,1,B01
201900034964,3,7,,0,1,2,0,A01
201900034965,1,30,,0,1,1,17,A01
201900034966,1,33,,0,2,2,21,B01
201900034966,1,7,,0,2,6,14,A01
201900034967,3,99,,0,1,7,26,A01
201900034968,3,31,,5,1,1,14,A01
201900034969,1,7,,0,2,1,2,B01
201900034969,1,7,,0,2,4,2,A01
201900034970,1,7,,0,2,1,2,C01
201900034970,1,17,,0,2,1,2,B01
201900034970,1,7,,0,2,4,9,A01
201900034971,2,7,,0,2,5,1,A01
201900034971,2,33,,0,2,1,3,B01
201900034972,2,7,,0,2,3,1,A01
201900034972,3,1,,0,2,1,19,B01
201900034973,2,7,,0,2,1,13,A01
201900034973,1,7,,0,2,3,1,B01
201900034973,1,7,,0,2,3,1,C01
201900034974,3,33,,0,0,8,15,A01
201900034975,0,7,,0,2,3,1,A01
201900034975,0,2,,0,0,1,1,B01
201900034976,2,32,,0,2,7,1,B01
201900034976,1,7,,0,2,1,1,A01
201900034977,3,7,,0,1,0,0,A01
201900034978,1,10,,0,2,2,1,B01
201900034978,1,7,,0,2,8,23,A01
201900034979,1,7,,0,2,4,26,A01
201900034979,1,7,,0,2,1,2,B01
201900034980,2,33,,0,6,1,1,A01
201900034981,1,7,,2,0,1,1,A01
201900034982,2,50,,0,1,1,25,A01
201900034983,3,7,,0,2,1,1,B01
201900034983,3,7,,0,2,1,13,A01
201900034984,1,7,,0,2,4,0,B01
201900034984,1,7,,0,2,1,26,A01
201900034985,3,7,,0,1,2,26,A01
201900034986,1,1,,0,2,8,1,A01
201900034987,1,7,,0,1,1,15,A01
201900034988,2,33,,0,2,4,1,B01
201900034988,3,7,,0,2,3,9,A01
201900034989,2,99,,0,1,2,26,A01
201900034990,2,32,,12,0,7,13,A01
201900034991,2,7,,13,0,9,1,A01
201900034992,1,7,,0,2,3,9,B01
201900034992,2,7,,0,2,3,2,A01
201900034993,1,31,,1,2,2,17,A01
201900034993,1,7,,0,2,3,15,B01
201900034994,3,30,,0,2,8,9,A01
201900034994,3,34,,0,2,1,3,B01
201900034995,1,7,,0,0,0,0,B01
201900034995,2,7,,0,2,2,2,A01
201900034996,1,7,,0,2,3,11,A01
201900034996,1,32,,0,2,7,1,B01
201900034997,1,7,,0,2,6,1,C01
201900034997,1,33,,0,2,6,3,B01
201900034997,1,7,,0,2,2,14,A01
201900034998,1,7,,0,1,2,1,A01
201900034999,1,7,,0,2,0,10,Z01
201900034999,1,32,,0,2,7,17,A01
201900035000,2,34,,0,2,2,3,B01
201900035000,2,7,,0,2,6,11,A01
201900035001,1,7,,0,1,3,1,A01
201900035002,1,34,,0,2,6,1,B01
201900035002,3,7,,0,2,2,15,A01
201900035003,1,7,,0,1,2,1,A01
201900035004,3,33,,0,2,1,17,A01
201900035004,3,7,,0,2,3,15,B01
201900035005,2,7,,1,1,2,1,A01
201900035006,1,7,,0,2,8,1,B01
201900035006,3,30,,0,2,8,2,A01
201900035007,2,2,,0,2,7,1,B01
201900035007,2,7,,0,2,3,22,A01
201900035008,3,33,,0,2,0,1,B01
201900035008,3,7,,0,2,6,11,A01
201900035009,1,7,,0,2,6,15,A01
201900035009,1,30,,0,2,8,15,B01
201900035010,1,7,,0,2,4,1,B01
201900035010,1,7,,0,2,1,1,A01
201900035011,2,7,,1,0,2,16,A01
201900035012,3,38,1.0,0,2,8,24,C01
201900035012,1,7,,1,2,2,21,B01
201900035012,1,1,,0,2,1,9,A01
201900035013,2,7,,0,2,5,1,B01
201900035013,2,30,,0,2,3,18,A01
201900035014,0,7,,0,2,1,10,A01
201900035014,0,7,,0,2,1,1,B01
201900035015,2,7,,0,1,2,2,A01
201900035016,1,50,,0,2,1,1,B01
201900035016,1,7,,0,2,2,2,A01
201900035017,3,7,,1,2,1,2,B01
201900035017,3,7,,14,2,4,23,A01
201900035018,1,10,,0,1,1,1,A01
201900035019,1,7,,0,2,4,26,A01
201900035019,1,10,,0,2,1,0,B01
201900035020,3,7,,8,0,1,13,A01
201900035021,1,34,,14,0,8,16,A01
201900035022,1,31,,2,0,2,0,A01
201900035023,1,7,,0,1,3,2,A01
201900035024,1,7,,0,2,6,15,A01
201900035024,1,31,,0,2,1,17,B01
201900035025,1,7,,2,0,1,1,A01
201900035026,2,7,,2,0,1,1,A01
201900035027,2,7,,0,2,1,13,B01
201900035027,1,37,22.0,0,2,1,1,A01
201900035028,0,7,,0,2,1,1,B01
201900035028,3,2,,6,2,7,19,A01
201900035029,2,7,,0,2,8,9,B01
201900035029,2,13,,1,2,1,1,A01
201900035030,3,33,,6,0,1,1,A01
201900035031,1,7,,2,0,8,1,A01
201900035032,1,33,,0,2,3,17,A01
201900035032,1,7,,0,2,8,1,B01
201900035032,2,7,,0,2,3,1,C01
201900035033,1,21,,0,2,6,15,A01
201900035033,2,33,,0,2,1,21,B01
201900035034,0,7,,0,2,3,1,B01
201900035034,0,7,,0,2,3,13,A01
201900035035,3,38,1.0,0,2,3,1,B01
201900035035,3,7,,0,2,3,13,A01
201900035036,0,7,,0,2,3,1,A01
201900035036,3,33,,0,2,1,1,B01
201900035037,3,10,,0,0,3,1,A01
201900035037,3,7,,0,0,3,1,B01
201900035038,2,7,,2,0,1,14,A01
201900035039,1,33,,13,0,1,1,A01
201900035040,2,33,,0,2,1,1,B01
201900035040,1,7,,0,2,7,15,A01
201900035041,2,31,,7,0,7,14,A01
201900035042,2,33,,0,6,1,1,A01
201900035043,2,7,,0,2,3,1,B01
201900035043,1,7,,0,2,3,1,A01
201900035044,2,7,,0,2,1,1,B01
201900035044,1,7,,0,0,1,19,A01
201900035045,2,7,,0,0,4,15,B01
201900035045,2,7,,0,2,1,2,A01
201900035046,1,7,,14,0,1,1,A01
201900035047,1,7,,15,0,0,14,A01
201900035048,1,32,,0,2,1,1,B01
201900035048,2,7,,0,2,2,15,A01
201900035049,1,7,,0,2,3,13,A01
201900035049,2,7,,0,2,3,1,B01
201900035049,2,7,,0,2,3,1,C01
201900035050,1,17,,3,2,3,1,B01
201900035050,2,7,,3,2,3,13,A01
201900035051,1,21,,0,2,1,1,B01
201900035051,2,33,,0,2,1,1,A01
201900035052,2,1,,0,2,8,1,B01
201900035052,2,10,,0,9,7,13,A01
201900035053,2,7,,1,0,1,14,A01
201900035054,2,33,,0,0,2,1,A01
201900035055,1,38,1.0,0,2,1,1,A01
201900035055,2,1,,0,2,1,13,B01
201900035056,1,7,,0,0,4,1,A01
201900035056,2,7,,0,2,1,1,B01
201900035057,3,7,,2,0,6,1,A01
201900035058,1,7,,13,0,9,17,A01
201900035059,1,7,,13,0,1,1,A01
201900035060,2,7,,0,2,2,1,B01
201900035060,1,7,,0,2,1,13,A01
201900035061,1,7,,13,0,0,0,A01
201900035062,1,33,,16,0,8,0,A01
201900035063,3,7,,2,0,1,1,A01
201900035064,1,7,,0,2,2,15,A01
201900035064,2,7,,17,2,3,1,B01
201900035065,1,7,,0,1,3,1,A01
201900035066,1,7,,13,0,8,1,A01
201900035067,0,33,,3,0,7,0,A01
201900035068,1,7,,0,0,5,1,B01
201900035068,1,33,,0,2,1,2,A01
201900035069,2,15,,0,2,3,1,B01
201900035069,1,10,,0,2,3,13,A01
201900035070,2,2,,0,2,3,15,A01
201900035070,2,7,,0,2,2,17,B01
201900035071,2,7,,7,0,1,14,A01
201900035072,1,7,,0,2,3,1,A01
201900035072,1,7,,0,0,5,1,B01
201900035072,1,7,,0,0,5,12,C01
201900035073,2,7,,3,0,2,0,A01
201900035074,3,7,,0,9,8,1,A01
201900035074,3,1,,1,0,8,13,B01
201900035075,1,7,,4,0,1,13,A01
201900035076,2,7,,0,2,3,15,B01
201900035076,2,32,,0,2,2,1,A01
201900035077,1,7,,14,0,1,1,A01
201900035078,2,1,,0,2,8,1,A01
201900035078,1,7,,0,1,8,13,B01
201900035079,3,7,,0,0,4,16,B01
201900035079,3,33,,6,0,1,1,A01
201900035080,1,7,,0,2,1,1,B01
201900035080,2,10,,0,2,1,5,A01
201900035081,1,7,,13,0,9,14,A01
201900035082,3,1,,8,0,1,26,A01
201900035083,1,7,,2,0,8,13,A01
201900035084,1,7,,8,0,5,1,A01
201900035085,1,33,,2,0,7,1,A01
201900035086,2,7,,0,2,2,1,A01
201900035086,2,2,,0,2,1,1,B01
201900035087,2,7,,0,2,3,1,B01
201900035087,1,7,,0,2,3,13,A01
201900035088,1,33,,13,0,1,1,A01
201900035089,1,10,,0,2,3,15,A01
201900035089,2,33,,0,2,1,1,B01
201900035090,2,7,,4,0,3,13,A01
201900035091,2,7,,6,2,6,1,A01
201900035091,2,7,,0,2,1,12,B01
201900035092,1,7,,0,2,1,2,B01
201900035092,1,7,,0,2,4,23,E01
201900035092,1,7,,0,2,4,1,D01
201900035092,1,7,,0,2,7,1,C01
201900035092,1,7,,0,2,4,1,A01
201900035093,1,7,,0,0,1,9,A01
201900035094,3,7,,8,2,3,15,A01
201900035094,3,10,,0,2,3,16,B01
201900035095,1,7,,0,2,1,2,A01
201900035095,1,10,,0,2,4,2,B01
201900035095,1,7,,0,2,4,2,C01
201900035095,1,7,,0,2,4,2,D01
201900035096,1,32,,0,2,3,3,B01
201900035096,1,7,,0,2,2,12,A01
201900035097,1,7,,4,0,3,26,A01
201900035098,1,7,,0,2,3,1,C01
201900035098,1,7,,4,2,3,1,B01
201900035098,1,7,,0,2,2,14,A01
201900035099,1,7,,0,2,4,2,B01
201900035099,1,7,,0,2,1,2,A01
201900035100,2,7,,0,2,4,1,B01
201900035100,2,7,,0,2,1,1,A01
201900035101,1,33,,0,2,1,17,A01
201900035101,1,7,,0,2,3,2,B01
201900035102,2,7,,9,2,2,15,A01
201900035102,2,33,,0,2,8,1,B01
201900035103,1,7,,0,2,1,2,A01
201900035103,1,7,,0,2,6,23,B01
201900035104,1,7,,0,2,1,2,B01
201900035104,1,10,,0,2,4,2,C01
201900035104,1,7,,0,2,1,2,A01
201900035105,1,7,,0,2,4,2,B01
201900035105,1,7,,0,0,4,26,C01
201900035105,1,7,,0,2,1,1,A01
201900035106,3,33,,0,2,1,2,B01
201900035106,3,10,,8,2,7,15,A01
201900035107,1,7,,0,2,7,15,A01
201900035107,2,7,,0,2,2,26,B01
201900035108,2,7,,0,2,1,16,B01
201900035108,2,7,,0,2,7,1,A01
201900035109,3,1,,0,2,1,19,A01
201900035109,3,7,,0,2,7,2,B01
201900035110,2,30,,0,0,7,0,A01
201900035111,2,2,,0,0,0,2,A01
201900035112,1,7,,0,1,1,0,A01
201900035113,2,10,,12,0,9,13,A01
201900035114,1,7,,0,2,1,0,B01
201900035114,1,32,,0,2,1,0,A01
201900035115,2,7,,0,2,0,0,B01
201900035115,1,7,,0,2,0,2,A01
201900035116,1,7,,0,2,7,1,B01
201900035116,1,32,,0,2,8,26,A01
201900035117,2,60,,0,2,5,1,Y01
201900035117,1,7,,0,1,0,0,Z01
201900035118,2,7,,0,2,5,1,C01
201900035118,2,7,,0,2,3,9,B01
201900035118,2,33,,0,2,1,1,A01
201900035119,2,7,,0,1,2,16,A01
201900035120,1,7,,6,2,2,1,B01
201900035120,1,7,,0,2,3,19,A01
201900035121,2,7,,0,2,2,16,A01
201900035121,2,99,,0,2,8,16,B01
201900035122,2,50,,0,2,1,1,B01
201900035122,2,50,,1,2,4,1,A01
201900035123,1,7,,0,1,2,1,A01
201900035124,2,7,,0,2,1,2,A01
201900035124,2,7,,0,2,4,23,B01
201900035125,0,1,,0,2,8,26,A01
201900035125,0,1,,0,0,0,0,B01
201900035126,2,7,,0,2,1,15,B01
201900035126,1,1,,0,2,1,5,A01
201900035127,0,1,,0,0,0,25,A01
201900035128,1,7,,0,2,2,11,A01
201900035128,0,32,,0,0,0,0,B01
201900035129,3,7,,0,2,3,26,A01
201900035129,3,7,,0,2,0,0,B01
201900035130,3,7,,12,2,2,2,A01
201900035130,3,1,,12,2,4,2,B01
201900035131,1,10,,0,2,7,15,B01
201900035131,2,33,,0,2,0,26,A01
201900035132,1,7,,4,0,3,1,A01
201900035133,1,30,,12,0,0,26,A01
201900035134,3,1,,0,1,1,18,A01
201900035135,2,33,,0,2,4,23,A01
201900035135,2,7,,0,2,7,1,B01
201900035136,1,7,,0,1,1,16,A01
201900035137,1,7,,0,1,2,1,A01
201900035138,1,7,,0,2,1,1,B01
201900035138,2,2,,0,2,7,1,A01
201900035139,2,7,,0,1,8,1,A01
201900035140,1,10,,0,2,1,26,A01
201900035140,1,10,,0,2,5,1,B01
201900035141,1,3,,0,2,1,1,A01
201900035141,1,7,,0,2,3,2,B01
201900035142,1,33,,0,2,1,1,B01
201900035142,1,7,,0,2,7,12,A01
201900035143,1,33,,14,2,3,5,A01
201900035143,2,7,,14,2,3,1,B01
201900035144,3,7,,15,2,1,15,B01
201900035144,3,7,,0,2,8,9,A01
201900035145,2,7,,0,1,1,26,A01
201900035146,3,37,1.0,0,1,1,19,A01
201900035147,3,2,,0,2,1,0,B01
201900035147,3,10,,0,2,2,10,A01
201900035148,3,33,,0,2,1,26,A01
201900035148,3,7,,0,0,7,15,B01
201900035149,3,7,,0,2,2,1,B01
201900035149,3,10,,0,2,3,6,A01
201900035150,2,30,,5,0,1,25,A01
201900035151,1,10,,0,1,1,15,A01
201900035152,3,7,,15,2,0,14,A01
201900035153,1,7,,0,1,1,20,A01
201900035153,2,80,,0,2,1,1,B01
201900035154,3,10,,0,1,4,0,A01
201900035155,1,7,,0,2,3,15,A01
201900035155,1,32,,0,2,2,17,B01
201900035156,3,7,,0,2,2,15,A01
201900035156,3,32,,0,2,3,1,B01
201900035157,1,30,,0,9,0,0,A01
201900035157,2,32,,0,2,1,1,B01
201900035158,3,10,,0,2,1,1,B01
201900035158,3,10,,1,2,2,9,A01
201900035159,0,37,1.0,0,1,3,26,A01
201900035160,1,10,,0,1,4,26,A01
201900035161,1,14,,0,2,8,3,A01
201900035161,1,10,,0,2,3,9,B01
201900035162,1,7,,0,1,3,1,A01
201900035163,0,7,,0,2,9,7,B01
201900035163,0,7,,0,9,3,15,E01
201900035163,3,7,,1,2,1,1,A01
201900035164,1,1,,0,0,8,26,B01
201900035164,1,10,,0,2,1,14,Z01
201900035165,0,7,,0,0,0,0,Z01
201900035165,1,2,,0,2,0,0,A01
201900035166,1,7,,0,2,2,12,A01
201900035166,1,7,,0,0,3,0,B01
201900035167,1,33,,0,0,0,0,C01
201900035167,3,7,,0,0,0,0,B01
201900035168,1,7,,17,0,1,17,A01
201900035169,1,1,,0,0,7,26,A01
201900035169,1,7,,0,2,1,9,B01
201900035170,2,7,,0,2,8,15,A01
201900035170,2,7,,0,2,7,17,B01
201900035171,2,33,,0,2,1,17,B01
201900035171,1,7,,0,2,3,1,A01
201900035172,2,7,,0,2,3,1,B01
201900035172,1,10,,0,2,3,13,A01
201900035173,2,7,,3,2,3,13,A01
201900035173,1,7,,3,2,3,1,B01
201900035174,1,7,,4,2,7,17,A01
201900035174,1,7,,0,2,8,1,B01
201900035175,1,30,,0,2,1,1,A01
201900035175,0,7,,0,2,8,16,B01
201900035176,3,7,,0,1,2,13,A01
201900035177,2,1,,0,0,0,1,B01
201900035177,2,2,,0,0,0,2,A01
201900035178,1,7,,6,0,3,1,A01
201900035179,2,7,,0,0,0,1,A01
201900035180,2,7,,0,2,3,1,C01
201900035180,2,7,,0,2,3,1,B01
201900035180,1,7,,0,2,3,13,A01
201900035181,2,7,,0,2,3,1,B01
201900035181,1,7,,0,2,3,13,A01
201900035182,2,7,,0,2,6,15,B01
201900035182,2,2,,0,2,1,17,A01
201900035183,1,7,,2,0,1,1,A01
201900035184,1,7,,0,0,2,1,A01
201900035185,2,7,,0,9,2,1,B01
201900035185,1,1,,0,2,1,5,A01
201900035186,1,7,,2,0,1,14,A01
201900035187,3,7,,2,0,1,13,A01
201900035188,2,33,,13,0,8,1,A01
201900035189,2,7,,13,0,2,14,A01
201900035190,1,7,,0,2,1,2,A01
201900035190,1,10,,0,0,4,1,B01
201900035191,1,7,,0,1,8,16,A01
201900035192,1,7,,0,2,1,11,A01
201900035192,2,13,,0,2,3,1,B01
201900035193,3,7,,0,1,0,26,A01
201900035194,3,7,,2,0,3,1,A01
201900035195,0,7,,0,2,5,24,B01
201900035195,1,7,,1,0,5,4,A01
201900035196,2,10,,13,0,7,1,A01
201900035197,1,7,,0,2,1,1,B01
201900035197,2,7,,0,2,3,13,A01
201900035198,1,7,,0,2,1,17,A01
201900035198,1,7,,0,2,4,15,B01
201900035199,1,7,,0,2,1,13,A01
201900035199,2,7,,0,2,1,1,B01
201900035200,2,7,,13,0,9,13,A01
201900035201,2,15,,11,0,7,6,A01
201900035202,2,10,,0,2,3,23,C01
201900035202,1,2,,0,2,1,13,B01
201900035202,2,7,,0,2,5,15,A01
201900035203,1,1,,0,0,4,13,B01
201900035203,1,7,,0,9,2,1,A01
201900035204,2,33,,4,0,2,1,A01
201900035205,1,10,,10,0,2,14,A01
201900035206,1,7,,0,2,1,2,A01
201900035206,1,7,,0,2,6,2,B01
201900035206,1,7,,0,0,6,2,C01
201900035207,0,7,,0,1,3,0,A01
201900035208,1,7,,0,2,1,1,B01
201900035208,2,33,,0,2,1,17,A01
201900035209,1,7,,0,0,1,17,B01
201900035209,1,7,,0,0,8,15,A01
201900035210,1,7,,3,0,2,14,A01
201900035211,1,7,,2,0,1,13,A01
201900035212,1,7,,2,0,1,0,A01
201900035213,2,7,,6,0,2,1,A01
201900035214,1,7,,0,2,3,15,A01
201900035214,2,7,,0,2,3,1,B01
201900035215,2,7,,6,0,4,2,A01
201900035216,1,7,,0,1,2,1,A01
201900035216,0,99,,0,2,0,22,B01
201900035217,2,7,,0,2,2,1,B01
201900035217,2,2,,0,2,3,9,A01
201900035218,3,7,,8,0,1,0,A01
201900035219,2,7,,16,0,9,1,A01
201900035220,1,7,,0,9,2,9,A01
201900035220,2,1,,0,2,1,5,B01
201900035221,2,2,,0,2,1,1,A01
201900035221,1,13,,0,2,8,1,B01
201900035222,1,7,,0,2,4,1,A01
201900035222,1,7,,0,2,4,1,B01
201900035222,1,7,,0,2,1,1,C01
201900035223,1,7,,0,2,2,12,A01
201900035223,1,33,,0,2,0,0,B01
201900035224,1,7,,10,0,0,1,A01
201900035225,1,10,,0,2,4,1,C01
201900035225,1,33,,0,2,7,3,B01
201900035225,1,7,,0,2,7,11,A01
201900035226,1,33,,0,2,2,1,B01
201900035226,1,7,,0,2,3,11,A01
201900035227,2,7,,0,2,1,2,A01
201900035227,2,7,,0,2,4,2,B01
201900035228,1,10,,0,2,3,2,B01
201900035228,1,7,,0,2,2,2,A01
201900035229,1,7,,0,2,4,23,C01
201900035229,1,7,,0,2,4,23,B01
201900035229,1,7,,0,2,1,1,A01
201900035230,1,31,,0,2,1,1,B01
201900035230,1,7,,0,2,2,12,A01
201900035231,2,33,,0,2,1,21,A01
201900035231,2,7,,0,2,4,0,B01