Num_Acc,senc,catv,occutc,obs,obsm,choc,manv,num_veh
201900035232,2,43,,0,2,7,3,B01
201900035232,2,7,,0,2,8,11,A01
201900035233,2,32,,0,0,9,21,A01
201900035234,2,31,,0,2,1,3,A01
201900035234,2,31,,0,2,4,3,B01
201900035234,2,7,,0,2,5,1,C01
201900035235,1,17,,0,2,7,12,B01
201900035235,1,7,,0,2,8,1,A01
201900035236,1,7,,0,2,4,2,B01
201900035236,1,7,,0,2,1,2,A01
201900035237,1,13,,0,2,2,12,A01
201900035237,1,7,,4,2,4,1,B01
201900035238,2,99,,0,2,8,1,D01
201900035238,2,7,,0,2,4,1,C01
201900035238,2,31,,0,2,3,1,B01
201900035238,2,7,,0,2,5,12,A01
201900035239,2,17,,0,0,4,1,A01
201900035239,2,15,,3,2,1,2,B01
201900035240,2,33,,0,2,1,3,A01
201900035240,2,33,,0,2,4,3,B01
201900035241,2,7,,0,2,7,2,D01
201900035241,2,15,,0,2,1,2,C01
201900035241,2,15,,0,2,1,2,B01
201900035241,2,7,,0,2,4,1,A01
201900035242,1,7,,0,2,4,11,A01
201900035242,1,33,,0,2,1,3,B01
201900035243,2,7,,0,2,2,21,C01
201900035243,2,7,,0,2,6,26,B01
201900035243,2,7,,4,0,3,13,A01
201900035244,1,7,,0,2,3,1,B01
201900035244,1,7,,0,2,1,1,A01
201900035245,2,1,,0,2,1,1,B01
201900035245,2,7,,0,0,4,23,A01
201900035246,2,7,,0,2,4,23,A01
201900035246,2,7,,0,2,1,1,B01
201900035246,2,10,,0,2,1,1,C01
201900035247,1,7,,0,2,1,1,B01
201900035247,1,7,,0,2,3,9,A01
201900035248,3,7,,0,2,2,2,A01
201900035248,3,7,,1,2,8,20,B01
201900035249,1,10,,0,2,0,0,C01
201900035249,1,10,,0,2,4,0,B01
201900035249,1,10,,0,2,4,2,A01
201900035250,1,30,,0,1,3,19,A01
201900035251,1,7,,0,2,1,26,A01
201900035251,1,7,,0,2,4,1,B01
201900035251,1,7,,3,2,4,1,C01
201900035252,2,2,,0,2,2,17,B01
201900035252,2,7,,0,2,6,20,A01
201900035253,1,7,,0,2,6,2,B01
201900035253,1,7,,12,2,9,3,A01
201900035254,1,34,,0,2,1,19,A01
201900035254,2,7,,0,2,2,19,B01
201900035255,2,7,,0,2,7,16,B01
201900035255,2,32,,0,2,8,3,A01
201900035256,3,31,,0,2,1,1,B01
201900035256,3,7,,0,2,1,1,A01
201900035257,3,0,,0,1,1,26,A01
201900035258,2,7,,1,2,1,14,A01
201900035258,1,7,,0,2,6,0,B01
201900035259,2,7,,0,2,3,15,B01
201900035259,2,2,,0,2,3,15,A01
201900035260,1,32,,0,2,1,2,B01
201900035260,1,7,,0,2,1,16,A01
201900035261,1,2,,0,2,7,11,B01
201900035261,1,7,,0,2,7,15,A01
201900035262,0,10,,0,1,0,20,A01
201900035263,3,7,,0,2,4,1,B01
201900035263,3,7,,0,2,1,1,A01
201900035264,3,7,,0,1,4,4,A01
201900035265,2,7,,0,2,6,26,A01
201900035265,2,2,,0,2,1,2,B01
201900035265,1,7,,0,2,3,1,C01
201900035266,1,7,,0,1,1,1,A01
201900035267,2,7,,0,2,4,26,B01
201900035267,2,7,,0,2,1,0,A01
201900035268,3,7,,0,2,2,0,A01
201900035268,3,7,,0,2,1,0,B01
201900035269,2,7,,0,2,4,2,B01
201900035269,2,33,,0,2,1,2,A01
201900035270,3,7,,0,1,1,0,A01
201900035271,1,33,,0,2,1,1,B01
201900035271,1,7,,0,2,1,15,A01
201900035272,0,7,,0,2,1,1,A01
201900035273,2,7,,0,2,5,1,B01
201900035273,2,7,,0,2,3,9,A01
201900035274,1,7,,0,1,1,1,A01
201900035275,1,7,,0,1,1,1,A01
201900035276,1,7,,0,2,1,1,B01
201900035276,1,30,,0,2,1,13,A01
201900035277,3,32,,0,2,2,17,B01
201900035277,3,7,,0,2,8,10,A01
201900035278,1,0,,0,1,0,1,Z01
201900035279,1,7,,0,2,1,1,C01
201900035279,1,7,,0,2,4,1,B01
201900035279,1,7,,0,2,4,1,A01
201900035280,2,7,,0,2,1,9,A01
201900035280,2,7,,0,2,7,1,B01
201900035281,1,7,,0,0,0,0,A01
201900035281,1,7,,0,2,4,0,B01
201900035282,1,1,,0,1,1,26,A01
201900035283,1,33,,0,1,1,26,A01
201900035284,2,37,1.0,0,1,1,1,A01
201900035285,3,7,,0,2,5,1,C01
201900035285,3,7,,0,2,4,1,B01
201900035285,3,33,,0,2,1,11,A01
201900035286,1,7,,0,1,1,1,A01
201900035287,1,7,,0,2,4,2,B01
201900035287,1,7,,0,2,1,2,A01
201900035288,0,0,,0,0,0,1,A01
201900035289,1,37,1.0,0,2,7,9,A01
201900035290,3,7,,0,2,5,1,C01
201900035290,3,7,,0,0,4,2,B01
201900035290,3,10,,0,0,2,12,A01
201900035291,3,7,,0,2,1,1,B01
201900035291,3,7,,0,2,3,15,A01
201900035292,1,7,,0,1,2,1,A01
201900035293,1,7,,0,2,2,20,A01
201900035293,1,31,,0,2,1,1,B01
201900035294,1,7,,0,2,3,1,A01
201900035294,2,7,,0,2,2,9,B01
201900035295,2,10,,0,2,1,15,A01
201900035295,2,7,,0,2,1,1,B01
201900035296,1,1,,0,2,1,1,B01
201900035296,2,7,,0,2,0,0,A01
201900035297,3,7,,0,1,1,1,A01
201900035298,1,33,,0,2,1,2,A01
201900035298,1,7,,0,2,4,2,B01
201900035299,1,33,,0,2,2,1,B01
201900035299,1,7,,0,2,3,15,A01
201900035300,0,32,,0,1,0,0,A01
201900035301,1,3,,0,1,0,19,Z01
201900035302,1,7,,0,2,2,2,B01
201900035302,1,32,,0,2,1,2,A01
201900035303,2,7,,8,2,2,15,A01
201900035303,2,33,,8,2,1,1,B01
201900035304,2,7,,0,2,0,0,B01
201900035304,3,7,,0,2,0,0,A01
201900035305,1,7,,0,2,3,15,A01
201900035305,1,33,,0,2,1,1,B01
201900035306,1,10,,0,1,2,21,A01
201900035307,2,10,,0,2,1,1,B01
201900035307,1,30,,0,2,1,26,A01
201900035308,1,7,,0,1,1,15,A01
201900035309,2,7,,0,2,1,2,A01
201900035309,2,7,,0,2,4,23,B01
201900035310,1,10,,0,2,2,16,A01
201900035310,1,50,,0,2,1,1,B01
201900035311,1,50,,0,2,7,19,B01
201900035311,1,7,,0,2,1,7,A01
201900035312,1,7,,0,1,0,15,A01
201900035313,2,7,,0,2,3,15,B01
201900035313,2,32,,0,2,2,17,A01
201900035314,2,7,,0,2,2,2,A01
201900035314,2,7,,0,2,6,23,B01
201900035315,2,33,,0,2,1,1,B01
201900035315,1,7,,0,2,1,15,A01
201900035316,2,32,,0,2,1,1,B01
201900035316,1,10,,0,2,5,10,A01
201900035317,2,32,,0,0,1,7,A01
201900035317,2,10,,0,2,7,16,B01
201900035318,1,1,,0,2,1,1,B01
201900035318,1,10,,0,2,3,22,A01
201900035319,2,7,,0,2,3,1,B01
201900035319,1,30,,0,2,6,1,A01
201900035320,1,1,,0,1,1,16,A01
201900035321,2,37,1.0,0,2,2,8,A01
201900035321,2,1,,0,2,2,25,B01
201900035322,2,32,,0,2,3,7,B01
201900035322,2,7,,0,2,5,16,A01
201900035323,2,32,,0,2,1,1,B01
201900035323,1,7,,0,2,3,1,A01
201900035324,2,7,,0,2,2,1,B01
201900035324,1,2,,0,2,1,1,A01
201900035325,1,1,,0,2,1,19,A01
201900035325,1,7,,0,9,4,1,B01
201900035326,2,7,,0,1,3,15,A01
201900035326,3,1,,0,2,1,1,B01
201900035327,1,33,,0,2,3,1,A01
201900035328,1,7,,0,1,2,1,A01
201900035329,1,30,,0,0,7,21,A01
201900035330,2,7,,0,1,1,16,A01
201900035331,1,7,,0,2,4,23,B01
201900035331,1,7,,0,2,1,1,A01
201900035332,2,7,,0,2,4,1,B01
201900035332,2,7,,0,2,1,1,A01
201900035333,2,7,,0,2,3,9,A01
201900035333,2,2,,0,2,1,1,B01
201900035334,1,1,,0,2,1,2,B01
201900035334,1,10,,0,2,2,2,A01
201900035335,3,1,,0,2,2,19,A01
201900035335,1,31,,0,2,3,1,B01
201900035336,1,3,,0,2,4,1,B01
201900035336,1,7,,0,2,4,1,A01
201900035337,1,7,,0,2,3,11,Z01
201900035337,1,33,,0,0,2,21,B01
201900035338,0,10,,8,0,1,14,A01
201900035339,1,7,,3,0,9,13,A01
201900035340,2,7,,0,6,1,26,A01
201900035341,2,7,,0,2,1,1,B01
201900035341,2,7,,0,2,4,1,A01
201900035342,1,7,,0,1,2,1,A01
201900035343,2,7,,0,6,1,1,A01
201900035344,1,7,,0,6,5,15,B01
201900035344,1,7,,0,6,2,2,C01
201900035344,1,33,,0,2,1,17,A01
201900035345,3,7,,0,2,3,2,B01
201900035345,3,1,,0,2,1,16,A01
201900035346,1,32,,14,0,1,1,A01
201900035347,1,7,,0,2,2,1,B01
201900035347,1,33,,0,2,7,1,A01
201900035348,1,31,,0,2,8,15,B01
201900035348,3,99,,0,2,3,15,A01
201900035349,3,7,,0,2,1,0,Z01
201900035349,1,1,,0,2,1,1,B01
201900035350,1,30,,0,2,1,17,A01
201900035350,1,7,,0,2,8,15,B01
201900035351,1,7,,0,2,1,9,A01
201900035351,1,1,,0,2,7,19,B01
201900035352,2,7,,0,6,8,26,A01
201900035352,1,1,,0,2,1,15,B01
201900035353,3,30,,0,2,2,13,A01
201900035353,3,7,,0,0,0,0,B01
201900035354,1,7,,0,2,8,1,A01
201900035354,1,7,,0,2,5,14,B01
201900035355,1,7,,0,2,7,16,B01
201900035355,1,30,,0,2,8,18,A01
201900035356,1,37,1.0,0,1,7,1,A01
201900035357,3,7,,0,1,0,0,A01
201900035358,1,7,,0,2,1,19,A01
201900035358,1,7,,0,2,7,1,B01
201900035359,1,30,,0,2,0,0,A01
201900035359,2,7,,0,2,3,13,B01
201900035360,1,31,,0,2,7,1,B01
201900035360,1,7,,0,2,8,20,A01
201900035361,1,7,,1,0,9,14,A01
201900035362,1,7,,0,2,1,2,A01
201900035362,1,7,,0,2,4,2,B01
201900035363,2,10,,0,1,5,4,A01
201900035364,1,7,,0,1,3,1,A01
201900035365,1,7,,9,0,1,16,A01
201900035366,1,10,,0,2,1,2,C01
201900035366,1,10,,0,1,3,15,A01
201900035366,2,10,,0,2,3,2,B01
201900035367,3,10,,0,2,6,0,B01
201900035367,3,7,,0,2,2,2,A01
201900035368,1,7,,0,2,4,2,B01
201900035368,1,7,,0,2,4,2,C01
201900035368,1,7,,0,2,1,2,A01
201900035369,0,99,,0,1,6,26,Z01
201900035370,3,7,,15,0,3,9,A01
201900035371,3,7,,0,1,7,1,A01
201900035372,0,7,,0,2,3,15,B01
201900035372,0,30,,0,2,0,17,A01
201900035373,2,43,,0,2,1,1,B01
201900035373,1,7,,0,2,1,15,A01
201900035374,1,7,,0,1,1,1,A01
201900035375,1,34,,0,1,0,26,A01
201900035376,1,33,,0,2,3,2,A01
201900035376,1,10,,0,2,2,1,C01
201900035376,1,33,,0,2,6,1,B01
201900035377,2,7,,1,0,1,17,A01
201900035378,1,7,,0,2,6,1,B01
201900035378,2,7,,8,2,1,17,A01
201900035379,3,7,,0,1,3,16,A01
201900035380,1,34,,0,0,0,13,A01
201900035381,1,7,,2,0,6,13,A01
201900035382,3,7,,9,6,1,26,A01
201900035383,1,7,,0,2,1,26,A01
201900035383,1,7,,0,2,4,2,B01
201900035384,2,1,,0,2,1,19,B01
201900035384,1,10,,0,2,8,1,A01
201900035385,3,7,,0,2,1,11,A01
201900035385,3,30,,0,2,7,1,B01
201900035386,2,7,,1,0,2,1,A01
201900035387,3,7,,0,2,1,2,A01
201900035387,3,33,,0,2,4,23,B01
201900035388,1,7,,0,2,1,2,A01
201900035388,1,7,,0,2,4,2,C01
201900035388,1,7,,0,2,4,2,B01
201900035389,1,7,,0,1,1,1,A01
201900035390,1,7,,9,1,9,26,A01
201900035391,1,7,,0,1,3,1,A01
201900035392,3,7,,0,1,1,1,A01
201900035393,2,7,,0,1,1,1,A01
201900035394,2,7,,0,1,2,16,A01
201900035395,1,7,,0,2,7,1,B01
201900035395,1,7,,0,2,1,13,A01
201900035396,2,32,,0,2,2,17,A01
201900035396,2,7,,0,2,3,15,B01
201900035397,3,7,,0,1,1,15,A01
201900035398,1,7,,0,6,7,12,A01
201900035398,1,2,,0,2,3,26,B01
201900035399,1,2,,0,2,1,1,A01
201900035399,1,10,,0,2,6,1,B01
201900035400,0,7,,0,2,1,1,C01
201900035400,0,7,,0,2,4,1,B01
201900035401,2,33,,0,2,8,1,B01
201900035401,1,7,,0,2,3,15,A01
201900035402,1,7,,0,2,8,10,A01
201900035402,1,30,,0,2,0,1,B01
201900035403,3,7,,0,1,2,26,A01
201900035404,2,7,,13,0,1,19,A01
201900035405,1,7,,9,0,2,14,A01
201900035406,2,7,,0,2,2,1,A01
201900035406,2,50,,0,2,4,1,B01
201900035407,2,7,,0,2,1,1,B01
201900035407,2,7,,0,2,4,23,A01
201900035408,1,31,,0,2,1,1,A01
201900035408,1,7,,0,2,7,15,B01
201900035409,3,7,,0,2,3,15,A01
201900035409,3,7,,0,2,1,1,B01
201900035410,3,7,,0,1,2,15,A01
201900035411,3,7,,13,0,1,1,A01
201900035412,1,2,,0,5,1,1,A01
201900035413,2,7,,2,0,2,14,A01
201900035414,1,7,,0,1,2,16,A01
201900035415,1,7,,0,2,4,2,B01
201900035415,1,10,,0,2,1,2,A01
201900035416,1,7,,0,2,1,1,B01
201900035416,1,10,,0,2,8,1,A01
201900035417,3,7,,0,1,2,15,A01
201900035418,2,99,,0,2,7,15,B01
201900035418,1,99,,0,2,1,1,A01
201900035419,2,7,,0,2,4,1,B01
201900035419,1,7,,0,2,1,1,A01
201900035420,1,7,,0,1,0,15,Z01
201900035421,1,14,,0,1,2,1,A01
201900035422,2,1,,0,2,3,19,B01
201900035422,1,7,,0,2,3,15,A01
201900035423,1,7,,1,0,1,14,A01
201900035424,1,7,,0,2,4,2,B01
201900035424,1,7,,0,2,1,2,A01
201900035425,1,7,,0,2,4,9,B01
201900035425,2,33,,0,2,1,9,A01
201900035426,3,7,,0,2,3,1,B01
201900035426,0,2,,0,2,2,5,A01
201900035427,0,7,,0,1,1,1,A01
201900035428,3,7,,0,1,1,1,A01
201900035429,3,7,,0,2,4,2,B01
201900035429,3,7,,0,2,4,2,C01
201900035429,3,7,,0,2,1,2,A01
201900035430,1,7,,0,1,2,16,A01
201900035431,3,31,,0,2,2,1,B01
201900035431,3,7,,0,2,1,16,A01
201900035432,2,7,,0,1,1,1,A01
201900035433,2,7,,0,2,1,1,A01
201900035433,2,7,,0,2,4,1,C01
201900035433,2,7,,0,2,4,1,B01
201900035434,1,7,,0,2,1,26,A01
201900035434,2,7,,0,2,2,2,B01
201900035435,1,7,,0,2,1,23,C01
201900035435,1,7,,0,2,1,1,B01
201900035435,2,7,,0,2,3,15,A01
201900035436,1,7,,0,1,1,15,A01
201900035437,3,7,,0,1,1,16,A01
201900035438,1,7,,0,1,2,26,A01
201900035439,1,7,,0,1,1,15,A01
201900035440,1,1,,0,0,0,0,B01
201900035440,1,7,,0,2,1,9,A01
201900035441,1,7,,0,2,1,1,B01
201900035441,2,1,,0,2,7,19,A01
201900035442,-1,1,,1,0,-1,-1,C01
201900035442,-1,7,,0,0,5,24,B01
201900035443,0,7,,14,0,1,2,A01
201900035443,0,7,,0,0,4,2,B01
201900035444,3,7,,0,2,1,1,B01
201900035444,3,7,,0,2,2,1,A01
201900035445,3,7,,0,2,1,2,A01
201900035445,3,7,,0,6,4,2,B01
201900035446,1,7,,0,2,1,1,A01
201900035446,1,7,,0,0,4,1,C01
201900035446,1,7,,0,2,4,1,B01
201900035447,1,7,,0,1,2,16,A01
201900035448,0,33,,0,0,0,0,A01
201900035449,3,3,,0,1,4,4,A01
201900035450,1,7,,0,1,1,1,A01
201900035451,3,7,,2,0,1,26,A01
201900035452,1,7,,0,1,1,1,A01
201900035453,1,1,,1,0,1,1,A01
201900035454,1,7,,0,2,1,1,B01
201900035454,1,2,,0,2,1,1,A01
201900035455,3,7,,0,2,6,26,D01
201900035455,2,7,,0,2,4,26,C01
201900035455,2,7,,0,2,7,26,B01
201900035455,2,14,,0,2,3,26,A01
201900035456,2,2,,0,0,0,1,A01
201900035457,2,7,,0,1,1,1,A01
201900035458,3,7,,0,2,1,9,B01
201900035458,0,7,,0,2,3,1,A01
201900035459,1,7,,0,2,1,9,A01
201900035459,3,1,,0,2,8,1,B01
201900035460,1,37,1.0,0,1,7,1,A01
201900035461,3,10,,8,0,1,16,A01
201900035462,3,1,,0,2,3,2,B01
201900035462,3,14,,0,2,2,1,A01
201900035463,3,1,,0,2,1,1,B01
201900035463,3,7,,0,2,1,1,A01
201900035464,1,7,,0,2,3,15,B01
201900035464,1,33,,0,2,1,17,A01
201900035465,3,10,,0,2,1,2,A01
201900035465,3,7,,0,2,4,2,B01
201900035466,2,7,,4,0,3,1,A01
201900035467,2,7,,0,1,1,1,A01
201900035468,1,7,,4,0,1,1,A01
201900035469,1,7,,0,2,2,1,B01
201900035469,1,32,,0,2,7,18,A01
201900035470,3,1,,0,2,1,2,A01
201900035470,3,7,,0,2,4,1,B01
201900035471,1,7,,0,1,2,20,A01
201900035472,2,7,,1,2,1,1,B01
201900035472,2,7,,0,2,2,1,A01
201900035473,1,7,,0,2,4,2,B01
201900035473,3,30,,0,2,1,2,A01
201900035474,1,31,,0,2,5,1,B01
201900035474,1,7,,0,2,3,13,A01
201900035475,1,7,,0,0,2,1,A01
201900035476,2,7,,13,0,3,26,A01
201900035477,3,7,,9,2,1,1,B01
201900035477,3,7,,0,2,3,16,A01
201900035478,2,7,,0,2,4,2,B01
201900035478,1,10,,0,2,4,2,C01
201900035478,2,7,,0,2,1,2,A01
201900035479,2,10,,0,2,1,2,A01
201900035479,2,7,,0,2,4,2,C01
201900035479,2,7,,0,2,4,1,B01
201900035480,1,7,,0,1,1,26,A01
201900035481,0,1,,0,2,1,1,B01
201900035481,0,7,,0,2,8,9,A01
201900035482,1,32,,14,0,0,26,A01
201900035483,2,7,,0,0,0,0,A01
201900035483,2,31,,0,2,8,1,B01
201900035484,3,7,,0,2,6,9,B01
201900035484,1,14,,0,2,2,1,A01
201900035485,1,7,,0,2,6,1,A01
201900035485,1,7,,0,2,2,1,B01
201900035486,1,1,,0,2,1,1,B01
201900035486,2,7,,0,2,2,15,A01
201900035487,1,14,,0,2,4,1,B01
201900035487,1,7,,0,2,1,26,A01
201900035488,1,2,,0,2,1,17,A01
201900035488,3,7,,0,2,8,10,B01
201900035489,2,7,,0,2,4,23,B01
201900035489,2,30,,0,2,1,2,A01
201900035490,2,0,,0,1,1,1,A01
201900035491,2,32,,0,0,0,26,A01
201900035492,0,2,,5,0,1,16,A01
201900035493,3,7,,9,0,0,1,A01
201900035494,1,2,,0,0,8,1,A01
201900035494,1,7,,0,0,0,1,B01
201900035495,2,7,,0,2,2,13,A01
201900035495,1,7,,0,2,1,1,B01
201900035495,1,7,,0,2,1,1,C01
201900035496,2,7,,0,2,2,16,B01
201900035496,3,7,,0,2,3,15,A01
201900035497,2,7,,2,0,2,1,A01
201900035498,1,14,,0,2,7,15,A01
201900035498,2,31,,0,2,0,21,B01
201900035499,1,7,,0,2,1,13,A01
201900035499,2,7,,0,2,1,1,B01
201900035500,3,21,,0,2,6,15,A01
201900035500,3,33,,0,2,1,17,B01
201900035501,1,7,,9,2,8,1,B01
201900035501,3,7,,7,2,1,19,A01
201900035502,1,7,,0,2,1,1,B01
201900035502,2,7,,0,2,1,5,A01
201900035503,1,14,,0,2,3,1,B01
201900035503,2,7,,0,2,1,13,A01
201900035504,2,7,,0,2,6,15,B01
201900035504,2,7,,0,2,1,17,A01
201900035505,1,21,,0,0,4,15,B01
201900035505,1,33,,0,2,1,1,A01
201900035506,3,36,,0,5,1,0,A01
201900035507,2,7,,0,2,1,1,B01
201900035507,1,7,,0,2,3,13,A01
201900035508,2,1,,0,0,0,1,B01
201900035508,2,17,,0,0,0,17,A01
201900035509,1,1,,0,2,1,1,B01
201900035509,2,7,,0,9,1,15,A01
201900035510,2,15,,0,0,4,17,A01
201900035510,2,7,,0,2,1,17,B01
201900035511,1,7,,10,0,2,0,A01
201900035512,1,2,,0,0,7,1,A01
201900035513,1,10,,5,0,8,1,A01
201900035514,1,7,,0,1,3,16,A01
201900035515,2,7,,0,9,7,16,A01
201900035515,2,1,,0,2,8,1,B01
201900035516,2,7,,0,0,0,0,A01
201900035517,1,33,,0,0,0,1,A01
201900035518,1,7,,0,1,3,1,A01
201900035519,2,33,,0,0,1,1,A01
201900035520,2,15,,0,2,2,1,B01
201900035520,2,3,,0,0,3,15,A01
201900035521,2,10,,0,2,3,1,A01
201900035521,1,1,,0,2,3,13,B01
201900035522,1,7,,16,0,2,1,A01
201900035523,3,7,,0,1,1,15,A01
201900035524,1,33,,16,0,1,0,A01
201900035525,3,2,,12,0,0,0,A01
201900035526,3,7,,0,2,1,1,B01
201900035526,3,38,1.0,0,2,3,1,A01
201900035527,1,7,,1,2,1,10,A01
201900035527,2,33,,0,2,1,1,B01
201900035528,2,7,,0,2,4,23,B01
201900035528,2,7,,1,0,1,1,A01
201900035529,1,7,,0,2,2,2,B01
201900035529,1,7,,0,2,6,11,A01
201900035530,2,33,,3,0,3,11,A01
201900035531,2,7,,4,0,3,0,A01
201900035532,2,7,,0,2,6,1,B01
201900035532,2,7,,0,2,2,12,A01
201900035533,1,33,,0,2,1,1,A01
201900035533,1,7,,0,2,4,1,B01
201900035534,1,7,,0,2,2,1,A01
201900035534,1,30,,0,2,4,1,B01
201900035535,1,7,,0,6,1,1,A01
201900035536,3,7,,4,0,1,21,A01
201900035537,3,99,,0,2,8,19,A01
201900035537,1,7,,0,2,2,1,B01
201900035538,2,32,,0,0,0,2,B01
201900035538,1,7,,0,0,0,15,A01
201900035539,3,7,,0,2,7,15,A01
201900035539,3,7,,0,2,1,1,B01
201900035540,1,7,,0,1,1,15,A01
201900035541,1,7,,0,2,5,2,B01
201900035541,1,32,,0,2,1,2,A01
201900035542,3,80,,0,2,1,1,B01
201900035542,3,7,,0,2,1,17,A01
201900035543,3,7,,0,2,1,1,Z01
201900035543,2,7,,0,2,7,1,A01
201900035544,1,7,,0,1,4,20,A01
201900035545,2,7,,0,2,3,1,B01
201900035545,1,30,,0,2,3,13,A01
201900035546,2,7,,0,2,1,1,A01
201900035546,2,7,,0,2,4,1,B01
201900035547,1,7,,0,1,1,1,A01
201900035548,1,33,,0,2,1,1,B01
201900035548,2,7,,0,2,2,15,A01
201900035549,2,50,,0,2,0,0,A01
201900035549,2,7,,0,2,1,1,B01
201900035550,2,7,,0,0,9,0,A01
201900035551,1,7,,0,1,3,1,A01
201900035551,3,7,,0,1,3,23,B01
201900035552,0,7,,0,2,1,0,B01
201900035552,0,7,,0,2,3,0,C01
201900035552,0,7,,0,2,1,26,A01
201900035553,2,7,,0,0,4,2,C01
201900035553,2,7,,0,2,4,2,B01
201900035553,2,7,,0,2,1,2,A01
201900035554,1,7,,0,2,4,26,A01
201900035554,2,7,,0,2,4,1,B01
201900035555,1,7,,0,2,2,17,A01
201900035555,1,7,,0,2,8,15,B01
201900035556,3,7,,0,2,3,2,A01
201900035556,3,2,,0,2,4,2,B01
201900035557,2,7,,0,2,5,15,A01
201900035557,1,7,,0,2,1,1,B01
201900035558,1,7,,11,0,1,1,A01
201900035559,3,7,,0,2,2,16,A01
201900035559,3,50,,0,2,7,19,B01
201900035560,3,30,,0,0,0,1,A01
201900035561,2,30,,0,2,2,17,A01
201900035561,2,38,1.0,0,2,1,9,B01
201900035562,1,34,,0,2,3,1,B01
201900035562,1,7,,0,2,6,15,A01
201900035563,1,30,,0,2,7,1,A01
201900035563,2,7,,0,2,1,1,B01
201900035564,2,7,,0,1,1,1,A01
201900035565,2,7,,0,2,1,15,A01
201900035565,1,30,,0,2,1,1,B01
201900035566,1,17,,0,2,1,1,B01
201900035566,2,7,,0,2,1,13,A01
201900035567,2,7,,0,2,3,1,B01
201900035567,1,7,,0,2,1,13,A01
201900035568,1,33,,3,0,1,1,A01
201900035569,1,30,,0,2,7,5,B01
201900035569,1,7,,0,2,1,10,A01
201900035570,1,7,,0,2,2,15,A01
201900035570,2,43,,0,2,3,1,B01
201900035571,1,10,,0,2,8,1,C01
201900035571,1,30,,0,2,1,2,B01
201900035571,1,7,,0,2,5,2,A01
201900035572,1,7,,0,1,3,15,A01
201900035573,1,7,,5,0,4,2,B01
201900035573,1,99,,5,0,0,0,A01
201900035574,0,3,,0,2,1,11,A01
201900035574,3,3,,1,0,0,0,B01
201900035575,2,32,,0,2,7,1,A01
201900035576,1,3,,0,2,2,1,C01
201900035576,1,32,,1,2,1,0,A01
201900035577,2,32,,0,2,1,1,A01
201900035577,1,20,,0,2,1,15,B01
201900035578,1,7,,0,1,1,16,A01
201900035579,2,31,,0,2,2,1,B01
201900035579,1,7,,0,2,3,1,A01
201900035580,3,7,,0,2,1,26,A01
201900035580,3,7,,0,2,1,0,B01
201900035581,2,1,,0,2,8,0,B01
201900035581,2,7,,0,9,7,13,A01
201900035582,3,1,,0,0,0,1,A01
201900035583,1,7,,13,0,3,1,A01
201900035584,1,7,,8,0,7,0,A01
201900035585,0,33,,0,2,1,12,B01
201900035585,0,7,,0,2,6,11,A01
201900035586,2,7,,0,0,6,15,A01
201900035586,2,33,,0,2,1,2,B01
201900035587,2,31,,2,0,1,1,A01
201900035588,2,7,,0,2,3,1,A01
201900035588,1,33,,0,2,1,13,B01
201900035589,2,7,,6,0,1,13,A01
201900035590,1,7,,14,9,7,26,A01
201900035591,3,7,,0,2,3,1,B01
201900035591,3,1,,0,2,1,1,A01
201900035592,1,15,,0,0,6,24,B01
201900035592,2,7,,1,0,1,2,A01
201900035593,2,7,,0,2,1,1,A01
201900035593,2,7,,0,2,2,19,B01
201900035594,2,7,,13,0,2,1,A01
201900035595,2,7,,13,0,2,14,A01
201900035596,2,2,,2,0,1,1,A01
201900035597,3,7,,0,2,3,5,A01
201900035597,0,33,,0,2,3,1,B01
201900035598,1,7,,0,2,3,1,A01
201900035598,2,17,,0,2,3,1,B01
201900035599,1,32,,0,0,0,0,A01
201900035600,2,7,,0,9,2,0,A01
201900035600,3,1,,0,2,3,19,B01
201900035601,0,7,,0,9,5,1,A01
201900035601,3,1,,0,2,1,25,B01
201900035602,3,33,,13,0,0,0,A01
201900035603,1,7,,0,0,0,0,A01
201900035604,3,7,,0,0,0,0,A01
201900035605,2,7,,6,2,3,1,B01
201900035605,1,33,,0,0,1,17,A01
201900035606,3,7,,0,2,3,26,C01
201900035606,3,7,,0,2,6,2,B01
201900035606,3,7,,0,2,1,2,A01
201900035607,1,33,,13,0,7,1,A01
201900035608,2,33,,0,2,1,1,B01
201900035608,1,34,,0,2,1,1,A01
201900035609,2,33,,0,0,0,1,A01
201900035610,0,7,,0,9,7,2,B01
201900035610,0,1,,0,2,1,9,A01
201900035611,3,36,,0,0,0,1,A01
201900035612,1,7,,0,2,3,0,A01
201900035612,2,7,,0,2,3,0,B01
201900035613,1,7,,0,2,9,1,B01
201900035613,1,7,,0,2,7,17,A01
201900035614,3,7,,0,2,3,1,B01
201900035614,3,2,,0,2,3,13,A01
201900035615,2,10,,0,2,3,12,B01
201900035615,2,7,,0,2,4,26,A01
201900035616,1,7,,1,0,1,1,C01
201900035616,1,7,,0,0,4,2,B01
201900035616,1,7,,0,0,4,23,A01
201900035617,2,32,,6,0,3,1,A01
201900035618,1,15,,0,2,3,21,B01
201900035618,1,7,,0,2,3,5,A01
201900035619,1,33,,0,2,8,2,B01
201900035619,1,7,,0,2,7,12,A01
201900035620,2,7,,0,2,4,2,B01
201900035620,2,7,,0,2,1,2,A01
201900035621,2,7,,0,2,4,2,B01