Num_Acc,senc,catv,occutc,obs,obsm,choc,manv,num_veh
201900035621,2,7,,0,2,1,2,A01
201900035622,1,33,,0,2,3,1,A01
201900035623,1,43,,4,0,3,13,A01
201900035624,1,7,,0,2,5,2,A01
201900035624,1,7,,0,2,4,2,B01
201900035624,1,7,,0,2,1,2,Z01
201900035625,1,7,,0,0,9,1,A01
201900035626,1,7,,0,2,4,2,ZZ01
201900035626,1,7,,0,2,2,2,Z01
201900035626,1,7,,0,2,6,2,B01
201900035627,2,7,,0,2,2,2,B01
201900035627,2,30,,0,2,4,23,A01
201900035628,1,30,,3,0,8,13,A01
201900035629,1,10,,0,2,1,2,A01
201900035629,1,20,,0,2,4,23,B01
201900035630,1,7,,0,2,3,24,A01
201900035630,1,1,,1,0,1,1,B01
201900035631,2,7,,0,2,1,1,A01
201900035631,1,7,,0,2,3,1,B01
201900035632,1,7,,0,2,2,15,A01
201900035632,1,7,,0,2,7,1,B01
201900035633,1,7,,0,2,8,15,A01
201900035633,1,33,,0,2,1,0,B01
201900035634,2,7,,0,1,1,15,A01
201900035635,1,33,,0,2,4,23,B01
201900035635,1,7,,0,2,2,1,A01
201900035636,3,10,,0,2,4,23,B01
201900035636,0,10,,0,2,1,2,A01
201900035637,3,33,,0,0,8,26,A01
201900035638,1,10,,0,2,4,2,B01
201900035638,1,33,,0,2,1,2,A01
201900035639,2,33,,0,2,1,1,B01
201900035639,1,7,,0,2,2,15,A01
201900035640,1,1,,0,2,4,1,A01
201900035640,1,7,,0,6,2,1,B01
201900035641,1,7,,0,2,2,26,A01
201900035641,1,7,,0,2,3,1,B01
201900035642,2,7,,0,1,2,1,A01
201900035642,2,1,,0,2,3,19,B01
201900035643,1,1,,0,2,4,0,B01
201900035643,1,7,,0,2,1,0,A01
201900035644,1,7,,5,0,1,2,A01
201900035645,1,37,1.0,0,2,1,2,A01
201900035645,1,7,,0,2,4,2,B01
201900035645,1,7,,0,0,4,2,C01
201900035646,3,7,,8,0,1,14,A01
201900035647,1,7,,3,0,1,14,A01
201900035648,3,7,,0,1,7,17,A01
201900035649,3,33,,0,0,0,0,A01
201900035650,3,7,,13,0,3,13,A01
201900035651,3,31,,0,2,1,1,A01
201900035651,1,7,,0,2,3,1,B01
201900035652,2,31,,0,2,1,1,B01
201900035652,1,7,,0,2,5,10,A01
201900035653,1,1,,0,2,7,1,B01
201900035653,1,7,,0,2,3,15,A01
201900035654,1,33,,0,2,1,26,A01
201900035654,1,0,,0,6,0,9,B01
201900035655,1,7,,4,0,3,15,A01
201900035656,1,7,,0,2,1,13,A01
201900035656,2,7,,0,2,3,2,B01
201900035657,3,7,,0,2,1,1,B01
201900035657,3,7,,0,2,3,19,A01
201900035658,2,31,,16,0,4,26,B01
201900035658,2,7,,0,1,2,1,A01
201900035659,3,7,,12,0,1,17,B01
201900035659,3,7,,9,0,6,11,A01
201900035660,1,7,,0,2,1,26,A01
201900035660,2,7,,0,2,2,1,B01
201900035661,2,33,,0,2,1,1,A01
201900035661,3,1,,0,2,7,19,B01
201900035662,1,7,,4,0,7,14,A01
201900035663,2,7,,0,2,4,2,C01
201900035663,2,7,,0,2,1,1,B01
201900035663,2,7,,0,2,1,2,A01
201900035664,2,2,,0,2,7,17,B01
201900035664,0,7,,0,2,8,15,A01
201900035665,0,7,,0,2,1,19,A01
201900035665,0,7,,0,2,1,19,B01
201900035666,1,2,,0,2,1,17,B01
201900035666,1,7,,0,2,8,15,A01
201900035667,1,30,,0,1,1,1,A01
201900035668,0,30,,0,2,1,19,A01
201900035668,1,7,,0,2,3,1,B01
201900035669,1,7,,0,2,5,1,A01
201900035669,1,7,,0,2,1,1,B01
201900035670,3,30,,0,1,0,1,A01
201900035671,1,7,,0,6,8,19,A01
201900035671,1,1,,0,2,1,19,B01
201900035672,1,10,,0,1,1,1,A01
201900035673,1,34,,1,1,1,9,A01
201900035674,1,37,1.0,0,1,2,1,A01
201900035675,1,7,,0,1,4,1,A01
201900035675,1,7,,0,2,4,1,B01
201900035676,3,1,,0,1,1,1,A01
201900035677,1,7,,0,1,7,26,A01
201900035678,2,7,,0,2,3,11,A01
201900035678,2,2,,1,2,3,1,B01
201900035679,1,10,,1,1,1,13,A01
201900035680,2,7,,0,1,3,1,A01
201900035681,1,80,,0,2,8,19,B01
201900035681,2,7,,0,2,1,26,A01
201900035682,2,50,,0,2,1,1,A01
201900035682,1,7,,0,2,3,16,B01
201900035683,1,7,,0,2,3,1,A01
201900035683,2,50,,0,2,1,19,B01
201900035684,1,30,,9,0,0,26,A01
201900035685,1,7,,0,2,4,11,A01
201900035686,1,33,,0,2,7,1,B01
201900035686,2,31,,0,2,1,17,A01
201900035687,1,7,,0,1,1,1,A01
201900035688,1,7,,0,2,6,1,A01
201900035688,1,33,,0,2,1,1,B01
201900035689,1,7,,0,1,1,1,A01
201900035690,3,7,,0,1,4,20,A01
201900035691,3,7,,0,2,0,17,A01
201900035691,0,2,,0,2,4,1,B01
201900035692,1,7,,4,0,1,11,A01
201900035693,1,30,,0,2,0,0,B01
201900035693,1,7,,0,2,5,1,A01
201900035694,3,32,,0,2,1,1,B01
201900035694,3,7,,0,2,2,10,A01
201900035695,3,7,,6,0,1,26,A01
201900035696,1,32,,0,1,1,1,A01
201900035697,1,33,,12,0,1,16,A01
201900035698,2,80,,0,0,0,16,A01
201900035699,3,7,,0,2,1,1,B01
201900035699,3,7,,0,2,3,10,A01
201900035700,1,7,,4,0,1,2,A01
201900035701,1,7,,0,1,1,13,A01
201900035702,3,1,,0,2,4,2,B01
201900035702,3,7,,0,2,2,2,A01
201900035703,1,2,,0,2,4,26,B01
201900035703,1,7,,8,2,2,26,A01
201900035704,2,7,,0,2,8,9,A01
201900035704,1,7,,0,2,1,1,B01
201900035705,2,7,,1,0,2,0,A01
201900035706,1,10,,0,6,1,2,B01
201900035706,2,10,,0,2,2,2,A01
201900035707,1,7,,0,1,0,0,A01
201900035708,3,7,,0,2,2,26,A01
201900035708,1,7,,0,2,1,1,B01
201900035709,3,7,,0,2,1,1,A01
201900035709,1,32,,12,0,0,16,A01
201900035710,1,7,,0,1,2,1,A01
201900035711,3,7,,0,2,3,15,A01
201900035711,2,33,,0,2,1,1,B01
201900035712,2,7,,0,2,1,1,A01
201900035712,1,3,,0,2,2,15,A01
201900035712,2,1,,0,2,8,1,B01
201900035713,1,7,,0,2,0,0,A01
201900035713,1,7,,0,2,3,0,B01
201900035714,2,33,,0,2,1,17,B01
201900035714,2,7,,0,2,2,22,A01
201900035715,3,7,,0,1,7,19,A01
201900035716,0,37,1.0,0,1,4,26,A01
201900035717,1,1,,0,2,1,16,P01
201900035717,1,10,,0,6,3,15,A01
201900035718,0,99,,1,2,4,26,B01
201900035718,0,99,,0,2,1,26,A01
201900035719,2,7,,0,1,2,21,A01
201900035720,3,10,,0,2,3,1,B01
201900035720,3,7,,0,2,3,13,A01
201900035721,2,7,,0,2,3,1,B01
201900035721,1,33,,0,2,1,1,A01
201900035722,2,7,,0,0,9,1,A01
201900035723,3,7,,0,2,4,2,B01
201900035723,3,7,,0,2,1,2,A01
201900035724,3,10,,0,2,1,2,A01
201900035724,3,7,,0,2,4,2,B01
201900035725,3,7,,0,2,3,0,B01
201900035725,3,7,,0,2,3,21,A01
201900035726,3,7,,0,1,3,20,A01
201900035727,3,31,,0,2,7,1,B01
201900035727,3,7,,0,2,3,16,A01
201900035728,2,7,,0,2,8,17,A01
201900035728,1,7,,0,2,3,15,B01
201900035729,1,7,,0,1,1,20,A01
201900035730,1,2,,12,0,8,1,A01
201900035731,2,7,,0,2,3,1,B01
201900035731,1,7,,0,2,3,13,A01
201900035732,2,7,,0,2,2,15,A01
201900035732,1,2,,0,2,1,1,B01
201900035733,1,7,,0,1,1,1,A01
201900035734,2,7,,1,0,4,26,A01
201900035735,2,2,,0,2,1,1,B01
201900035735,2,7,,0,2,6,9,A01
201900035736,3,33,,12,0,1,0,A01
201900035737,2,10,,0,2,3,1,B01
201900035737,1,2,,0,2,1,13,A01
201900035738,1,33,,0,1,2,21,A01
201900035739,2,7,,0,2,2,17,A01
201900035739,2,1,,0,2,2,2,B01
201900035740,1,31,,1,0,2,1,A01
201900035741,2,34,,0,2,1,1,B01
201900035741,1,7,,0,2,2,15,A01
201900035742,1,7,,0,1,3,1,A01
201900035743,1,14,,0,0,0,0,B01
201900035743,1,7,,3,2,4,9,A01
201900035744,1,10,,0,1,1,1,A01
201900035745,0,7,,0,1,1,1,A01
201900035746,0,7,,0,1,1,1,A01
201900035747,0,7,,0,1,1,1,A01
201900035748,0,1,,0,2,0,15,A01
201900035748,0,1,,0,2,0,16,B01
201900035749,0,7,,0,2,3,15,A01
201900035749,0,33,,0,2,1,1,B01
201900035750,2,7,,0,2,3,9,A01
201900035750,1,7,,0,2,7,16,B01
201900035751,2,7,,0,2,5,1,B01
201900035751,2,7,,0,2,3,2,A01
201900035752,3,7,,0,2,3,13,A01
201900035752,3,7,,0,2,3,1,B01
201900035753,1,13,,1,0,2,1,A01
201900035753,1,15,,0,0,4,1,B01
201900035754,1,7,,0,0,1,17,A01
201900035755,2,33,,0,2,1,3,B01
201900035755,2,7,,0,2,2,12,A01
201900035756,2,7,,0,1,6,26,A01
201900035757,2,34,,0,2,2,11,A01
201900035757,2,7,,0,2,1,1,D01
201900035757,2,7,,0,2,1,1,E01
201900035757,2,7,,0,2,6,1,B01
201900035757,2,13,,0,2,4,1,C01
201900035758,2,7,,0,1,2,17,A01
201900035759,3,7,,12,0,3,1,A01
201900035760,3,7,,0,2,4,1,B01
201900035760,3,7,,0,2,1,1,A01
201900035761,2,7,,0,1,3,17,A01
201900035762,1,33,,8,0,1,13,A01
201900035763,2,10,,0,1,1,15,A01
201900035764,1,7,,9,0,1,14,A01
201900035765,0,7,,0,1,3,15,A01
201900035766,1,1,,0,0,0,26,A01
201900035767,3,7,,0,2,3,15,B01
201900035767,3,33,,0,2,2,17,A01
201900035768,2,7,,0,2,3,9,B01
201900035768,2,1,,0,2,1,2,A01
201900035769,3,30,,0,1,1,1,A01
201900035770,3,7,,0,1,1,1,A01
201900035771,1,7,,8,0,1,0,A01
201900035772,2,7,,3,0,1,1,A01
201900035773,1,7,,0,2,8,1,A01
201900035773,1,7,,0,2,1,1,B01
201900035774,2,7,,0,2,2,1,B01
201900035774,2,7,,0,2,3,10,A01
201900035775,1,34,,1,0,1,2,A01
201900035776,2,7,,0,2,2,1,B01
201900035776,1,30,,0,2,1,9,A01
201900035777,1,7,,0,1,5,16,A01
201900035778,1,7,,0,6,2,9,A01
201900035778,2,1,,0,2,1,0,B01
201900035779,2,33,,0,2,1,26,A01
201900035779,2,7,,0,2,5,15,B01
201900035780,2,7,,0,1,4,26,A01
201900035781,3,10,,0,1,1,16,A01
201900035782,1,10,,0,1,1,9,A01
201900035783,1,2,,0,2,2,1,A01
201900035783,1,7,,0,2,3,15,B01
201900035784,1,7,,0,1,4,26,A01
201900035785,1,30,,0,2,1,26,A01
201900035785,1,7,,0,2,3,15,B01
201900035786,1,7,,0,1,3,1,A01
201900035787,1,7,,0,2,7,13,A01
201900035787,2,7,,0,0,0,0,B01
201900035788,2,10,,0,2,1,1,Z01
201900035788,1,1,,0,2,8,19,A01
201900035789,1,7,,0,2,4,2,B01
201900035789,1,10,,0,2,1,2,A01
201900035790,1,1,,0,1,1,1,A01
201900035791,1,1,,0,0,0,0,B01
201900035791,1,7,,0,2,8,22,A01
201900035792,3,33,,0,2,1,1,B01
201900035792,3,7,,0,2,1,15,A01
201900035793,0,20,,0,2,8,9,A01
201900035793,0,31,,0,2,1,1,B01
201900035794,1,7,,0,2,1,9,A01
201900035794,1,7,,0,2,3,1,B01
201900035795,1,7,,0,1,1,1,A01
201900035796,0,7,,0,1,1,1,A01
201900035797,1,7,,0,2,3,1,B01
201900035797,1,7,,0,2,5,23,A01
201900035798,2,1,,0,2,1,2,A01
201900035798,2,7,,0,2,4,1,B01
201900035799,2,7,,0,2,4,2,B01
201900035799,2,7,,0,2,1,2,A01
201900035800,1,7,,0,2,4,1,B01
201900035800,1,3,,0,2,1,1,A01
201900035801,2,7,,0,2,1,9,A01
201900035801,2,2,,0,2,5,1,B01
201900035802,1,7,,0,2,3,15,A01
201900035802,2,7,,0,2,2,14,B01
201900035803,1,7,,0,2,4,1,B01
201900035803,1,7,,0,2,4,1,C01
201900035803,1,7,,0,2,1,1,A01
201900035804,2,2,,0,2,1,1,B01
201900035804,1,7,,0,2,3,15,A01
201900035805,2,2,,0,2,7,18,B01
201900035805,3,7,,0,2,3,9,A01
201900035806,3,10,,0,2,8,1,B01
201900035806,3,7,,0,2,3,19,A01
201900035807,2,2,,0,2,1,17,A01
201900035807,1,7,,0,2,3,19,B01
201900035808,1,7,,0,1,2,15,A01
201900035809,3,10,,0,1,3,26,A01
201900035810,3,7,,1,0,5,26,B01
201900035810,2,99,,1,0,1,26,A01
201900035811,1,7,,0,1,4,20,A01
201900035812,1,30,,0,2,1,0,A01
201900035812,2,7,,0,2,2,1,B01
201900035813,1,7,,0,1,1,15,A01
201900035814,3,7,,0,1,2,1,A01
201900035815,1,7,,0,1,2,1,A01
201900035816,1,42,,0,2,1,17,B01
201900035816,1,7,,0,2,8,10,A01
201900035817,1,33,,14,0,0,26,A01
201900035818,1,30,,0,2,0,17,A01
201900035818,1,7,,0,2,8,15,B01
201900035819,2,7,,0,1,1,1,A01
201900035820,1,7,,0,2,1,1,B01
201900035820,2,7,,0,2,1,17,A01
201900035821,3,1,,0,0,0,0,A01
201900035821,0,7,,0,2,2,1,B01
201900035822,2,7,,0,1,1,17,A01
201900035823,1,7,,0,2,8,15,B01
201900035823,1,31,,0,2,1,1,A01
201900035824,1,2,,0,2,1,15,B01
201900035824,2,7,,0,2,3,15,A01
201900035825,3,1,,0,0,7,16,A01
201900035826,1,7,,0,2,4,2,B01
201900035826,1,7,,0,2,1,2,A01
201900035827,2,7,,0,2,1,1,B01
201900035827,1,7,,0,2,1,13,A01
201900035828,2,33,,1,0,1,21,A01
201900035829,1,7,,0,2,4,2,B01
201900035829,1,32,,0,2,1,2,A01
201900035830,3,7,,0,2,1,2,A01
201900035830,3,33,,0,2,4,23,B01
201900035831,3,7,,0,2,0,1,A01
201900035831,1,1,,0,2,1,1,B01
201900035832,1,7,,0,2,4,20,B01
201900035832,1,7,,0,2,2,1,A01
201900035833,1,1,,12,0,1,1,A01
201900035834,2,34,,0,2,8,21,A01
201900035835,1,7,,0,2,8,15,A01
201900035835,1,31,,0,2,1,17,B01
201900035836,0,7,,0,2,4,26,B01
201900035836,0,7,,0,2,1,26,A01
201900035837,0,7,,0,2,1,1,A01
201900035837,0,7,,0,2,6,1,B01
201900035838,0,34,,0,1,1,1,A01
201900035839,3,7,,0,2,8,15,A01
201900035839,3,0,,0,2,1,13,Z01
201900035840,1,34,,0,2,1,1,B01
201900035840,1,7,,0,2,8,10,A01
201900035841,1,33,,0,2,1,1,B01
201900035841,1,13,,0,2,5,24,C01
201900035841,1,7,,0,2,2,15,A01
201900035842,0,10,,0,2,3,17,Z01
201900035842,0,37,1.0,0,2,3,1,A01
201900035843,1,7,,0,2,8,11,A01
201900035843,1,33,,0,2,7,1,B01
201900035844,1,7,,0,1,8,16,A01
201900035845,1,7,,0,2,5,1,B01
201900035845,2,7,,0,2,1,15,A01
201900035846,2,7,,0,1,1,1,A01
201900035847,1,7,,0,2,1,2,A01
201900035847,1,7,,0,2,4,23,C01
201900035847,1,7,,0,2,4,23,B01
201900035848,2,31,,0,2,1,17,B01
201900035848,2,7,,0,2,6,15,A01
201900035849,2,31,,0,1,1,3,A01
201900035850,2,10,,0,2,5,12,A01
201900035850,2,31,,0,2,8,1,B01
201900035851,1,7,,0,2,4,1,C01
201900035851,1,33,,0,2,7,1,B01
201900035851,1,7,,0,2,8,11,A01
201900035852,2,33,,0,2,5,1,A01
201900035852,2,34,,0,2,1,1,Z01
201900035853,2,7,,0,2,4,23,B01
201900035853,2,7,,0,2,1,1,A01
201900035854,1,7,,0,2,4,2,G01
201900035854,1,7,,0,2,4,2,F01
201900035854,1,7,,0,2,4,2,E01
201900035854,1,10,,0,2,1,2,D01
201900035854,1,7,,0,2,3,2,C01
201900035854,1,15,,0,2,2,2,B01
201900035854,1,7,,0,2,6,11,A01
201900035855,0,31,,0,2,1,7,B01
201900035855,0,7,,0,2,5,16,A01
201900035856,1,33,,0,0,0,1,A01
201900035857,1,30,,0,1,8,1,A01
201900035858,2,1,,0,2,0,1,A01
201900035858,1,10,,0,2,3,1,B01
201900035859,0,7,,0,2,7,1,A01
201900035859,1,7,,0,2,1,1,B01
201900035860,2,7,,0,2,3,1,B01
201900035860,1,30,,0,2,7,1,A01
201900035861,2,30,,1,0,1,14,A01
201900035862,1,7,,1,0,2,14,A01
201900035863,1,32,,0,1,1,1,A01
201900035864,2,60,,0,2,2,19,B01
201900035864,2,7,,0,2,3,1,A01
201900035865,2,34,,0,1,1,1,A01
201900035866,1,30,,0,2,1,1,Z01
201900035866,1,60,,0,2,8,19,B01
201900035867,2,7,,0,1,1,1,A01
201900035868,1,32,,0,2,1,1,A01
201900035868,2,50,,0,2,8,19,B01
201900035869,2,34,,0,2,5,1,B01
201900035869,1,10,,0,2,1,10,A01
201900035870,2,50,,0,2,1,1,A01
201900035870,2,7,,0,2,4,23,B01
201900035871,1,7,,0,2,3,1,B01
201900035871,2,2,,0,2,1,1,A01
201900035872,1,1,,0,2,1,1,A01
201900035872,1,7,,0,2,4,23,B01
201900035873,1,1,,0,2,1,1,B01
201900035873,1,10,,0,2,3,22,A01
201900035874,1,2,,0,2,8,16,A01
201900035874,1,7,,0,2,7,1,B01
201900035875,3,7,,0,2,2,15,A01
201900035875,3,32,,0,2,1,1,B01
201900035876,1,31,,0,1,1,26,A01
201900035877,0,7,,15,1,6,20,A01
201900035878,1,7,,12,0,1,9,A01
201900035879,1,7,,0,2,3,15,B01
201900035879,1,7,,0,2,2,1,A01
201900035880,3,7,,0,1,3,1,Z01
201900035881,3,1,,0,6,1,0,A01
201900035881,1,50,,0,2,0,0,B01
201900035882,2,7,,0,1,1,1,A01
201900035883,0,30,,0,0,1,1,A01
201900035884,3,7,,0,0,0,0,C01
201900035884,3,7,,0,0,0,0,B01
201900035884,3,7,,0,2,1,26,A01
201900035885,3,34,,3,0,1,26,A01
201900035886,2,31,,1,0,2,1,A01
201900035887,2,32,,0,2,1,1,A01
201900035887,2,7,,0,2,3,1,B01
201900035888,2,7,,0,2,3,15,A01
201900035888,1,32,,0,2,8,2,B01
201900035889,1,13,,0,1,1,26,A01
201900035890,3,7,,0,2,0,0,B01
201900035890,3,31,,0,2,1,17,A01
201900035891,1,33,,0,2,2,17,B01
201900035891,1,7,,0,2,3,15,A01
201900035892,0,7,,0,2,0,26,A01
201900035892,0,33,,0,0,0,0,B01
201900035893,2,37,1.0,0,1,7,16,A01
201900035894,3,7,,0,2,6,9,B01
201900035894,3,13,,0,2,2,26,A01
201900035895,1,7,,0,1,1,26,A01
201900035896,1,10,,0,1,3,15,A01
201900035897,1,34,,12,2,6,17,A01
201900035897,1,7,,0,2,8,2,B01
201900035898,3,33,,0,1,1,21,A01
201900035899,1,7,,9,0,1,13,A01
201900035900,3,7,,0,2,4,23,B01
201900035900,3,7,,0,2,1,2,A01
201900035901,1,32,,0,0,8,16,A01
201900035902,2,7,,0,2,4,2,D01
201900035902,2,7,,0,2,4,2,C01
201900035902,2,7,,0,2,4,2,B01
201900035902,2,7,,0,2,1,2,A01
201900035903,1,7,,0,2,3,10,B01
201900035903,2,30,,0,2,2,1,A01
201900035904,1,7,,0,2,1,1,B01
201900035904,2,30,,0,2,8,1,A01
201900035905,2,43,,1,9,1,1,A01
201900035905,0,7,,1,2,0,24,C01
201900035905,2,1,,0,2,3,1,B01
201900035906,1,7,,0,2,3,2,A01
201900035906,2,31,,0,2,3,15,B01
201900035907,2,30,,0,2,7,2,B01
201900035907,1,7,,0,2,1,15,A01
201900035908,2,7,,0,1,2,1,A01
201900035909,1,7,,0,1,3,15,A01
201900035910,1,7,,0,2,3,10,A01
201900035910,1,2,,0,2,2,17,B01
201900035911,2,32,,0,2,3,14,B01
201900035911,1,7,,0,2,2,15,A01
201900035912,3,1,,1,0,1,1,B01
201900035912,3,7,,0,6,4,23,A01
201900035913,1,2,,0,2,2,20,B01
201900035913,1,7,,0,2,2,20,DA01
201900035914,0,2,,0,2,0,16,B01
201900035914,0,7,,0,2,0,16,A01
201900035915,3,7,,0,9,1,1,A01
201900035915,3,39,,0,2,2,2,B01
201900035916,3,7,,0,1,0,1,A01
201900035917,1,7,,8,0,3,1,A01
201900035918,3,7,,0,0,9,1,A01
201900035919,2,7,,0,1,2,0,A01
201900035920,2,7,,0,2,1,2,A01
201900035920,2,17,,0,2,4,2,B01
201900035921,2,7,,13,0,0,1,A01
201900035922,3,7,,0,0,1,0,B01
201900035922,3,7,,0,0,1,13,A01
201900035923,3,2,,0,2,0,1,B01
201900035923,3,7,,0,2,3,15,A01
201900035924,2,7,,0,2,1,13,A01
201900035924,1,15,,0,2,1,1,B01
201900035925,1,7,,0,2,8,15,B01
201900035925,1,33,,0,2,7,17,A01
201900035926,1,1,,0,2,4,2,B01
201900035926,1,7,,0,9,1,2,A01
201900035927,2,7,,0,1,2,1,A01
201900035928,1,1,,6,0,0,1,A01
201900035929,2,15,,0,0,7,1,A01
201900035930,3,7,,0,2,2,1,B01
201900035930,0,33,,0,2,1,1,A01
201900035931,2,2,,12,0,0,2,A01
201900035932,1,7,,16,0,1,1,A01
201900035933,1,1,,0,2,1,1,B01
201900035933,2,7,,0,2,2,15,A01
201900035934,3,36,,13,0,7,1,A01
201900035935,2,7,,3,0,2,1,A01
201900035936,1,36,,13,0,2,1,A01
201900035937,1,7,,0,2,8,13,A01
201900035937,2,7,,0,2,8,1,B01
201900035937,2,7,,0,2,3,1,C01
201900035938,2,21,,0,1,2,1,A01
201900035939,1,10,,0,2,2,1,A01
201900035939,1,33,,0,2,1,0,B01
201900035940,3,7,,0,1,2,1,A01
201900035941,2,1,,0,2,3,1,B01
201900035941,2,7,,0,2,2,17,A01
201900035942,1,7,,15,0,1,1,A01
201900035943,1,7,,0,2,2,15,B01
201900035943,2,7,,0,2,2,1,A01
201900035944,1,7,,0,2,7,1,A01
201900035944,1,30,,0,2,8,1,B01
201900035945,1,7,,8,0,3,1,A01
201900035945,2,7,,0,2,1,15,B01
201900035946,2,7,,13,0,3,0,A01
201900035947,1,7,,0,0,9,1,A01
201900035948,1,33,,0,2,3,1,B01
201900035948,0,7,,0,2,5,2,A01
201900035949,1,7,,0,2,2,12,A01
201900035949,1,3,,0,0,4,1,B01
201900035950,1,7,,0,2,6,1,B01
201900035950,1,10,,0,2,1,15,A01
201900035951,2,33,,6,0,1,1,A01
201900035952,2,7,,0,1,3,1,A01
201900035953,1,7,,0,2,3,1,B01
201900035953,2,7,,0,2,3,1,A01
201900035954,1,7,,0,2,3,0,A01
201900035954,0,2,,0,0,3,0,B01
201900035955,1,7,,0,2,3,9,A01
201900035955,1,2,,0,2,3,15,B01
201900035956,2,7,,6,0,1,1,A01
201900035957,1,14,,0,2,3,1,B01
201900035957,2,14,,0,2,3,1,A01
201900035958,3,33,,0,0,7,1,A01
201900035959,1,7,,0,0,9,1,A01
201900035960,2,10,,3,0,3,1,A01
201900035961,2,7,,0,2,1,2,A01
201900035961,2,7,,0,0,4,2,B01
201900035962,2,10,,16,0,9,1,A01
201900035963,2,7,,3,0,1,1,A01
201900035964,2,15,,0,2,3,1,B01
201900035964,1,7,,0,2,3,13,A01
201900035965,1,34,,0,9,7,14,B01
201900035965,1,34,,0,9,8,9,A01
201900035966,1,7,,0,2,8,1,B01
201900035966,1,14,,0,2,2,12,A01
201900035967,2,7,,0,0,8,15,B01
201900035967,1,2,,0,0,1,17,A01
201900035968,1,36,,0,0,9,14,A01
201900035969,1,10,,0,2,3,1,C01
201900035969,2,32,,0,2,6,13,A01
201900035970,3,7,,0,2,1,1,B01
201900035970,3,1,,0,2,0,5,A01
201900035971,2,7,,0,2,8,19,A01
201900035971,1,33,,0,2,1,1,B01
201900035972,0,7,,0,0,6,15,A01
201900035972,0,33,,0,2,1,1,B01
201900035973,1,35,,6,0,1,1,A01
201900035974,3,7,,16,0,9,1,A01
201900035975,0,7,,0,2,3,24,A01
201900035975,3,80,,1,0,1,2,B01
201900035976,3,14,,13,0,1,1,A01
201900035977,3,33,,3,0,2,15,A01
201900035978,3,2,,0,0,8,19,A01
201900035978,2,7,,0,2,3,1,B01
201900035979,3,7,,2,0,2,1,A01
201900035980,2,10,,3,0,1,1,A01
201900035981,2,7,,0,1,2,2,A01
201900035982,0,1,,14,0,0,1,A01
201900035983,1,10,,0,2,4,1,A01
201900035983,1,99,,0,2,4,1,B01
201900035984,3,7,,0,1,7,1,A01
201900035985,2,1,,0,2,6,19,A01
201900035985,1,7,,0,2,3,1,B01
201900035986,2,7,,0,2,1,1,A01
201900035986,2,7,,0,0,7,0,B01
201900035986,1,7,,0,2,1,1,C01
201900035987,2,33,,0,0,0,1,A01
201900035988,2,7,,0,0,6,2,B01
201900035988,2,33,,0,2,1,2,A01
201900035989,0,7,,0,0,0,13,B01
201900035989,0,2,,10,0,2,1,A01
201900035990,1,7,,13,0,2,1,A01
201900035991,3,7,,6,0,8,1,A01
201900035992,1,7,,2,0,1,1,A01
201900035993,0,7,,0,1,6,20,A01
201900035994,3,7,,0,1,2,1,A01
201900035995,2,7,,0,0,1,2,B01
201900035995,2,7,,0,2,4,2,A01
201900035996,1,7,,0,2,1,2,A01
201900035996,1,7,,0,2,4,23,B01
201900035997,3,7,,4,0,0,9,A01
201900035998,1,7,,0,2,4,1,B01
201900035998,1,7,,0,1,1,2,A01
201900035999,2,7,,4,0,1,13,A01
201900036000,2,10,,0,2,2,13,A01
201900036000,2,7,,0,2,4,1,C01
201900036000,2,7,,0,2,6,2,B01
201900036001,1,15,,0,2,7,12,A01
201900036001,1,7,,0,2,8,1,B01
201900036002,1,15,,0,2,8,23,B01
201900036002,1,7,,1,0,7,14,A01
201900036003,2,33,,0,0,0,26,A01
201900036004,2,7,,0,2,7,26,E01
201900036004,2,10,,0,2,4,2,D01
201900036004,2,10,,0,2,4,2,C01
201900036004,2,10,,0,2,4,2,B01
201900036004,2,17,,0,2,1,2,A01
201900036005,2,7,,0,2,1,2,B01
201900036005,2,7,,0,2,4,1,A01
201900036006,2,7,,0,2,1,1,C01
201900036006,1,7,,0,2,9,2,B01
201900036006,1,7,,0,2,6,21,A01
201900036007,2,33,,0,0,5,3,A01
201900036008,1,7,,3,0,1,1,A01
201900036009,1,7,,0,2,1,0,A01
201900036009,1,7,,0,2,4,23,B01
201900036010,2,31,,0,2,1,3,A01
201900036010,2,7,,0,2,2,11,B01
201900036010,2,7,,0,2,6,2,C01
201900036011,1,7,,3,2,1,23,A01
201900036011,1,7,,1,0,1,1,B01
201900036012,1,33,,0,2,1,3,B01
201900036012,1,10,,0,2,2,22,A01
201900036013,2,32,,0,2,8,3,B01
201900036013,2,7,,0,2,7,12,A01
201900036014,1,7,,0,2,2,21,B01
201900036014,1,7,,0,1,2,7,A01
201900036015,1,43,,8,0,1,14,A01
201900036016,1,34,,0,1,1,1,A01
201900036017,1,7,,12,0,1,13,A01
201900036018,1,7,,0,2,1,14,Z01
201900036018,1,50,,0,2,1,1,A01
201900036019,1,33,,0,2,7,1,A01
201900036019,2,50,,0,2,1,1,B01
201900036020,3,7,,0,1,2,1,A01
201900036021,2,33,,0,1,1,1,Z01
201900036022,1,7,,0,2,3,15,A01
201900036022,2,32,,0,2,1,1,B01
201900036023,2,7,,0,2,2,16,A01
201900036023,1,30,,0,2,0,7,Z01