Num_Acc,senc,catv,occutc,obs,obsm,choc,manv,num_veh
201900036024,1,32,,0,1,1,1,A01
201900036025,2,7,,0,2,1,15,A01
201900036025,3,32,,0,2,8,1,B01
201900036026,1,7,,0,2,7,23,B01
201900036026,1,30,,0,2,7,7,A01
201900036027,1,1,,0,2,0,13,A01
201900036027,1,7,,0,2,2,1,B01
201900036028,1,7,,0,1,1,1,A01
201900036029,1,7,,0,2,4,1,B01
201900036029,1,7,,0,2,1,1,A01
201900036030,1,31,,0,1,1,1,Z01
201900036031,1,7,,0,9,3,15,B01
201900036031,2,50,,0,2,2,1,A01
201900036032,1,10,,0,2,3,1,B01
201900036032,1,32,,0,2,1,13,A01
201900036033,1,32,,1,4,1,1,A01
201900036034,2,7,,0,1,1,1,A01
201900036035,3,33,,12,0,3,1,A01
201900036036,2,7,,0,1,1,1,A01
201900036037,1,31,,0,2,0,17,A01
201900036038,2,7,,0,2,1,1,A01
201900036038,1,7,,0,2,7,1,B01
201900036039,2,3,,0,2,3,15,B01
201900036039,2,33,,0,2,2,17,A01
201900036040,3,7,,0,2,3,15,B01
201900036040,3,31,,0,2,1,17,A01
201900036041,3,15,,0,2,6,23,B01
201900036041,3,30,,0,2,1,2,A01
201900036042,1,7,,0,1,2,1,A01
201900036043,2,32,,0,0,0,1,A01
201900036044,1,30,,12,0,1,14,A01
201900036045,2,10,,0,2,3,1,B01
201900036045,2,7,,12,2,3,13,A01
201900036046,1,10,,0,1,2,1,A01
201900036047,2,7,,0,2,2,15,A01
201900036047,1,7,,0,2,1,1,B01
201900036048,2,10,,0,2,1,2,A01
201900036048,2,15,,0,0,4,2,B01
201900036049,1,7,,0,2,3,26,A01
201900036049,2,7,,0,2,3,1,B01
201900036050,2,7,,0,0,2,2,A01
201900036051,1,7,,13,0,3,1,A01
201900036052,2,7,,0,2,1,13,A01
201900036053,2,10,,1,0,6,24,A01
201900036053,2,7,,1,0,5,1,B01
201900036054,1,7,,0,0,7,0,A01
201900036055,1,7,,0,2,2,1,B01
201900036055,2,33,,0,2,1,5,A01
201900036056,2,7,,0,2,2,9,B01
201900036056,1,7,,0,2,3,9,A01
201900036057,1,7,,17,0,2,1,A01
201900036058,1,7,,0,2,2,19,A01
201900036058,1,33,,0,2,5,9,B01
201900036059,2,10,,0,2,1,1,B01
201900036059,1,33,,0,2,1,17,A01
201900036060,1,7,,0,2,3,1,B01
201900036060,2,17,,0,2,3,15,A01
201900036060,2,7,,0,2,3,23,C01
201900036061,1,7,,13,0,7,1,A01
201900036062,3,31,,0,0,0,10,A01
201900036063,3,21,,6,0,1,10,A01
201900036064,3,10,,2,0,1,21,A01
201900036065,0,7,,2,0,3,26,A01
201900036066,1,33,,0,2,1,2,A01
201900036066,1,33,,0,2,8,2,B01
201900036067,1,7,,0,2,2,2,A01
201900036067,1,1,,0,0,8,2,B01
201900036068,0,7,,2,0,9,1,A01
201900036069,2,21,,0,0,0,1,A01
201900036070,2,7,,0,2,3,1,A01
201900036070,1,33,,0,2,2,1,B01
201900036071,2,7,,0,2,3,1,B01
201900036071,2,31,,0,2,5,2,A01
201900036072,3,7,,9,0,1,1,A01
201900036073,2,7,,6,0,1,0,A01
201900036074,0,33,,14,0,1,5,A01
201900036075,3,39,,0,1,3,1,A01
201900036076,0,31,,0,0,7,1,A01
201900036077,1,7,,0,2,2,2,B01
201900036077,1,7,,0,2,3,9,A01
201900036078,2,7,,0,2,1,1,A01
201900036078,1,1,,0,2,1,5,B01
201900036079,2,33,,13,0,7,13,A01
201900036080,3,2,,0,2,1,13,A01
201900036080,3,7,,0,2,1,1,B01
201900036081,2,7,,0,2,3,17,A01
201900036081,1,7,,0,2,3,1,B01
201900036082,2,33,,2,0,1,1,A01
201900036083,3,7,,0,2,1,2,A01
201900036083,0,33,,0,2,4,23,B01
201900036083,3,7,,0,2,4,23,C01
201900036083,3,14,,0,2,4,23,D01
201900036084,3,33,,0,2,1,17,A01
201900036084,0,7,,0,2,3,15,B01
201900036085,2,2,,0,0,8,1,A01
201900036086,2,10,,0,1,1,1,A01
201900036087,2,10,,0,2,4,2,B01
201900036087,2,7,,0,2,1,2,A01
201900036088,0,32,,0,2,2,17,A01
201900036088,0,7,,0,2,6,15,B01
201900036089,1,7,,7,2,2,2,A01
201900036089,1,7,,0,0,6,2,B01
201900036090,1,7,,13,0,3,13,A01
201900036091,1,7,,8,0,2,1,A01
201900036092,2,7,,0,2,1,1,C01
201900036092,1,7,,0,2,6,1,B01
201900036092,1,2,,0,2,1,2,A01
201900036093,2,7,,0,2,3,5,A01
201900036093,2,7,,0,0,3,1,B01
201900036094,2,7,,0,2,3,1,B01
201900036094,1,7,,0,2,6,0,A01
201900036095,1,7,,6,0,0,13,A01
201900036096,1,1,,0,2,1,5,D01
201900036096,1,1,,0,2,1,5,C01
201900036096,1,1,,0,2,1,5,B01
201900036096,3,7,,0,9,1,1,A01
201900036097,0,7,,0,2,1,1,A01
201900036097,0,7,,0,2,4,1,B01
201900036098,1,15,,0,0,6,23,B01
201900036098,1,10,,1,0,2,2,A01
201900036099,1,7,,0,0,1,1,A01
201900036100,3,31,,12,0,7,0,A01
201900036101,1,10,,0,0,1,2,A01
201900036101,1,7,,0,0,4,15,B01
201900036102,1,7,,0,0,3,2,A01
201900036103,1,7,,6,0,8,21,A01
201900036104,2,1,,0,2,8,1,B01
201900036104,2,7,,0,9,2,1,A01
201900036105,3,7,,0,2,1,17,A01
201900036105,3,17,,0,0,3,15,B01
201900036106,3,7,,0,1,2,1,A01
201900036107,2,7,,0,0,3,1,C01
201900036107,2,7,,0,0,8,1,B01
201900036107,1,7,,7,0,1,13,A01
201900036108,1,33,,0,2,1,1,B01
201900036108,1,7,,0,2,4,13,A01
201900036109,1,7,,2,0,2,26,A01
201900036110,1,7,,4,0,3,1,A01
201900036111,2,7,,4,0,4,2,C01
201900036111,2,7,,4,0,4,11,B01
201900036111,2,7,,0,2,1,2,A01
201900036112,1,31,,0,2,3,3,A01
201900036112,1,7,,0,2,5,1,B01
201900036112,1,7,,0,2,6,1,C01
201900036113,2,7,,0,2,1,1,C01
201900036113,2,7,,0,2,4,23,B01
201900036113,2,7,,1,0,1,1,A01
201900036114,2,33,,0,2,7,3,B01
201900036114,2,33,,0,2,8,1,A01
201900036115,2,7,,0,2,3,1,B01
201900036115,2,7,,0,2,2,1,A01
201900036116,0,30,,0,0,7,1,A01
201900036117,3,7,,4,0,9,0,A01
201900036118,0,33,,0,1,1,1,A01
201900036119,2,1,,0,2,4,1,A01
201900036119,2,10,,0,2,2,2,B01
201900036120,2,7,,0,2,4,2,B01
201900036120,2,7,,0,2,1,2,A01
201900036121,1,33,,0,2,1,1,B01
201900036121,1,7,,0,2,5,15,A01
201900036122,2,33,,0,2,1,1,B01
201900036122,1,7,,0,2,3,15,A01
201900036123,2,7,,0,2,4,26,B01
201900036123,2,7,,0,2,1,26,A01
201900036124,2,7,,0,2,8,13,A01
201900036124,1,7,,0,2,8,1,B01
201900036124,1,7,,0,2,2,12,C01
201900036125,2,1,,0,0,0,1,A01
201900036126,1,7,,0,1,3,1,A01
201900036127,1,7,,0,2,2,1,A01
201900036127,1,7,,0,2,3,1,B01
201900036128,3,33,,0,2,7,3,B01
201900036128,3,7,,0,2,3,15,A01
201900036129,1,10,,0,2,2,1,B01
201900036129,2,7,,0,2,1,13,A01
201900036130,3,7,,0,2,0,0,B01
201900036130,2,30,,0,2,0,0,A01
201900036131,2,1,,0,2,8,1,B01
201900036131,2,7,,0,2,7,21,A01
201900036132,2,7,,9,0,1,13,A01
201900036133,2,33,,0,0,8,15,A01
201900036134,1,7,,0,2,1,23,C01
201900036134,2,7,,6,2,1,15,A01
201900036134,1,7,,0,2,3,1,B01
201900036135,1,7,,8,0,1,1,A01
201900036136,1,37,1.0,0,0,1,1,B01
201900036136,1,30,,0,2,1,1,A01
201900036137,2,10,,0,2,2,19,A01
201900036137,1,33,,0,2,3,1,B01
201900036138,1,7,,0,2,2,15,A01
201900036138,1,30,,0,2,1,1,B01
201900036139,3,33,,0,2,1,1,B01
201900036139,3,7,,0,2,7,15,A01
201900036140,1,33,,0,2,3,19,A01
201900036140,2,7,,0,2,2,1,B01
201900036141,0,10,,0,2,7,17,Z01
201900036141,0,37,3.0,0,2,3,26,A01
201900036142,0,2,,0,1,1,26,Z01
201900036143,3,7,,0,1,1,1,A01
201900036144,1,7,,0,2,2,5,A01
201900036144,1,33,,0,2,1,16,B01
201900036145,1,7,,0,1,1,1,A01
201900036146,1,7,,0,1,1,26,A01
201900036147,3,40,,0,2,7,1,B01
201900036147,3,7,,0,4,5,4,A01
201900036148,1,14,,0,1,2,1,A01
201900036149,2,30,,0,2,8,1,B01
201900036149,0,7,,0,2,0,13,Z01
201900036149,1,13,,0,2,0,9,C01
201900036150,2,1,,0,2,0,0,B01
201900036150,1,7,,0,2,2,1,A01
201900036151,1,7,,0,2,2,16,A01
201900036151,1,7,,0,2,6,1,B01
201900036152,2,7,,0,2,6,1,B01
201900036152,1,2,,0,2,1,1,A01
201900036153,2,7,,0,1,1,1,A01
201900036154,3,10,,0,2,1,2,C01
201900036154,3,7,,0,2,4,2,B01
201900036154,3,7,,0,2,4,2,A01
201900036155,1,7,,0,2,1,13,A01
201900036155,2,7,,0,6,8,1,B01
201900036155,2,7,,3,2,1,1,C01
201900036155,2,7,,3,0,2,21,D01
201900036156,0,7,,0,1,1,5,A01
201900036157,1,10,,0,2,2,13,A01
201900036157,1,17,,0,2,8,1,B01
201900036158,3,7,,0,2,6,0,B01
201900036158,3,36,,0,2,1,9,A01
201900036159,1,2,,0,2,1,2,A01
201900036159,1,7,,0,2,4,2,B01
201900036160,1,1,,0,2,0,19,A01
201900036160,1,7,,0,2,1,1,B01
201900036161,1,7,,0,1,3,1,A01
201900036162,3,1,,0,2,4,2,C01
201900036162,3,1,,0,2,4,2,B01
201900036162,3,7,,0,6,7,17,A01
201900036163,3,7,,0,2,3,15,A01
201900036163,3,1,,0,2,1,1,B01
201900036164,1,30,,12,0,1,0,A01
201900036165,1,7,,0,2,3,0,A01
201900036165,1,7,,0,2,4,0,B01
201900036166,1,7,,0,2,2,0,A01
201900036166,1,43,,0,2,1,0,B01
201900036167,1,31,,0,2,1,2,A01
201900036167,1,7,,0,2,6,1,B01
201900036168,3,33,,0,2,7,17,B01
201900036168,3,7,,0,2,3,15,A01
201900036169,1,30,,0,2,1,19,A01
201900036169,3,7,,0,2,7,1,B01
201900036170,1,30,,5,0,1,26,A01
201900036171,1,2,,0,2,1,19,A01
201900036171,1,7,,0,2,2,1,B01
201900036172,2,7,,0,2,1,5,Z01
201900036172,2,7,,0,2,3,10,B01
201900036173,1,7,,0,2,2,1,B01
201900036173,1,30,,0,2,6,1,A01
201900036174,3,7,,0,1,3,1,A01
201900036175,2,7,,0,2,3,9,A01
201900036175,1,10,,0,2,2,1,B01
201900036176,1,7,,0,2,1,1,A01
201900036176,1,7,,0,2,7,1,B01
201900036177,1,0,,0,2,0,2,A01
201900036177,1,7,,0,1,1,15,A01
201900036178,2,2,,0,2,1,2,B01
201900036178,1,7,,0,2,2,11,A01
201900036179,2,7,,0,2,0,26,B01
201900036179,2,7,,0,2,0,26,A01
201900036180,1,7,,0,2,1,2,A01
201900036180,1,7,,0,2,4,1,B01
201900036180,1,7,,0,2,4,1,C01
201900036180,1,10,,0,2,4,1,D01
201900036181,1,34,,0,2,7,1,A01
201900036181,0,7,,1,2,1,9,B01
201900036182,2,1,,8,2,1,21,A01
201900036182,2,7,,0,2,0,16,Z01
201900036183,2,30,,0,1,2,1,A01
201900036184,2,30,,0,2,2,17,A01
201900036184,2,7,,0,2,3,15,B01
201900036185,2,7,,0,2,5,22,A01
201900036185,2,1,,0,2,1,1,B01
201900036186,2,7,,0,2,4,1,A01
201900036186,2,7,,0,2,1,2,Z01
201900036187,1,30,,0,0,0,13,A01
201900036188,1,7,,0,2,3,15,A01
201900036188,1,1,,0,2,2,1,B01
201900036189,3,32,,0,2,1,2,B01
201900036189,3,7,,0,2,6,1,A01
201900036190,2,33,,0,2,2,1,B01
201900036190,2,7,,0,2,6,10,A01
201900036191,1,7,,0,2,7,1,C01
201900036191,2,7,,0,2,3,15,A01
201900036191,1,32,,0,2,8,7,B01
201900036192,2,33,,0,1,1,1,A01
201900036193,1,0,,0,0,0,1,A01
201900036194,3,7,,0,2,1,1,B01
201900036194,3,7,,0,2,1,15,A01
201900036195,1,34,,4,0,7,13,A01
201900036196,0,7,,0,1,1,1,A01
201900036197,1,7,,0,1,1,9,A01
201900036198,1,7,,0,1,1,1,A01
201900036199,0,7,,0,2,0,15,A01
201900036199,0,33,,0,2,8,1,B01
201900036200,1,7,,0,2,1,1,B01
201900036200,2,7,,0,2,8,15,A01
201900036201,1,33,,14,0,1,1,A01
201900036202,1,30,,0,1,1,1,A01
201900036203,2,7,,0,1,3,9,A01
201900036204,1,30,,0,0,3,0,A01
201900036205,2,7,,0,2,1,11,A01
201900036205,2,7,,0,2,4,11,B01
201900036206,3,7,,0,2,1,9,A01
201900036206,1,1,,0,2,7,1,B01
201900036207,1,7,,0,1,1,1,A01
201900036208,2,7,,0,1,3,1,A01
201900036209,0,33,,0,1,1,17,A01
201900036210,2,3,,0,1,1,15,A01
201900036211,0,7,,0,1,3,20,A01
201900036212,1,30,,0,2,1,1,B01
201900036212,2,30,,0,2,1,9,A01
201900036213,3,7,,0,2,1,1,A01
201900036213,3,7,,0,2,8,9,B01
201900036214,1,7,,0,1,2,1,A01
201900036215,3,7,,0,1,3,26,A01
201900036216,1,7,,13,0,1,1,A01
201900036217,3,30,,0,0,0,1,A01
201900036218,2,7,,0,0,7,1,A01
201900036219,3,7,,0,1,8,19,A01
201900036220,1,7,,0,2,4,2,B01
201900036220,1,10,,0,2,1,2,A01
201900036220,1,14,,0,2,4,2,C01
201900036221,1,7,,0,2,5,2,B01
201900036221,1,32,,0,2,1,2,A01
201900036222,1,7,,0,2,6,11,B01
201900036222,1,33,,0,2,1,3,A01
201900036223,1,7,,0,2,6,2,B01
201900036223,1,42,,0,2,1,2,A01
201900036224,2,7,,0,2,8,22,A01
201900036224,2,33,,0,2,1,17,B01
201900036225,2,7,,0,2,6,2,A01
201900036225,2,2,,0,2,1,2,B01
201900036226,2,50,,0,1,1,1,A01
201900036227,1,7,,0,2,2,15,B01
201900036227,1,37,1.0,0,2,6,15,A01
201900036228,2,7,,0,2,2,5,A01
201900036228,1,43,,0,2,3,1,B01
201900036229,2,43,,0,2,0,21,A01
201900036230,1,7,,0,1,1,1,A01
201900036231,1,10,,0,1,2,1,A01
201900036232,1,7,,0,2,5,22,A01
201900036232,1,1,,0,2,1,1,B01
201900036233,1,1,,0,2,1,1,A01
201900036233,1,7,,0,2,3,1,B01
201900036234,1,32,,0,1,0,17,A01
201900036235,1,7,,0,2,3,15,A01
201900036235,2,32,,0,2,8,1,B01
201900036236,1,7,,0,1,0,15,Z01
201900036237,2,1,,0,2,2,1,B01
201900036237,1,7,,0,2,1,15,A01
201900036238,1,7,,0,2,0,2,Z01
201900036238,1,37,1.0,0,2,4,24,B01
201900036238,1,30,,0,2,4,3,A01
201900036239,1,7,,0,2,3,22,A01
201900036239,1,1,,0,2,1,1,B01
201900036240,2,7,,0,2,1,5,A01
201900036240,2,10,,0,2,1,23,B01
201900036241,1,7,,0,2,5,23,B01
201900036241,1,33,,0,2,1,2,A01
201900036242,2,33,,0,2,1,5,A01
201900036242,2,1,,0,2,3,10,B01
201900036243,1,10,,0,2,1,1,A01
201900036243,1,50,,0,2,0,19,B01
201900036244,1,1,,15,0,1,1,A01
201900036245,1,7,,0,1,4,4,A01
201900036246,1,10,,0,2,1,1,B01
201900036246,1,33,,0,2,4,23,A01
201900036247,1,33,,0,2,1,2,B01
201900036247,1,7,,0,2,5,23,A01
201900036248,3,2,,0,0,2,1,B01
201900036248,3,10,,0,0,3,9,A01
201900036249,1,10,,0,2,3,1,B01
201900036249,1,10,,0,2,2,15,A01
201900036250,2,7,,0,2,3,15,B01
201900036250,2,31,,0,2,1,1,A01
201900036251,1,10,,0,2,1,1,A01
201900036251,1,10,,0,2,3,1,B01
201900036252,1,50,,0,2,3,26,B01
201900036252,1,0,,0,1,1,15,Z01
201900036253,1,60,,0,9,8,1,A01
201900036253,1,2,,0,9,0,0,B01
201900036254,2,7,,0,2,8,13,A01
201900036254,2,31,,0,2,7,1,B01
201900036255,2,43,,0,2,2,1,B01
201900036255,2,7,,0,2,3,10,A01
201900036256,2,7,,0,2,4,1,B01
201900036256,2,7,,0,2,1,26,A01
201900036257,2,7,,0,2,2,15,A01
201900036257,1,2,,0,2,8,1,B01
201900036258,3,7,,11,0,1,1,A01
201900036259,1,7,,0,2,1,1,A01
201900036259,1,7,,0,2,4,23,B01
201900036259,1,7,,0,2,4,23,C01
201900036260,3,7,,0,1,1,1,A01
201900036261,1,33,,0,2,1,1,B01
201900036261,1,7,,0,2,2,9,A01
201900036262,1,7,,0,2,1,9,A01
201900036262,1,10,,0,2,4,2,B01
201900036263,2,7,,0,2,7,15,A01
201900036263,1,1,,0,2,0,0,B01
201900036264,2,34,,0,2,1,26,A01
201900036264,2,20,,0,2,8,10,B01
201900036265,0,7,,0,2,2,14,A01
201900036265,0,2,,0,2,3,2,B01
201900036266,3,7,,0,1,1,17,A01
201900036267,0,34,,0,2,3,26,A01
201900036267,0,7,,0,2,2,0,B01
201900036268,1,30,,0,2,1,1,A01
201900036268,2,7,,0,2,1,15,B01
201900036269,0,7,,0,2,3,17,C01
201900036269,0,7,,0,2,3,17,B01
201900036269,0,37,1.0,0,2,3,23,A01
201900036270,3,32,,0,2,1,1,B01
201900036270,3,10,,0,2,2,20,A01
201900036271,3,33,,0,2,3,16,B01
201900036271,3,7,,0,2,3,16,A01
201900036272,3,7,,0,1,3,1,A01
201900036273,3,7,,0,0,0,26,A01
201900036274,2,1,,0,2,2,5,B01
201900036274,2,3,,0,9,1,9,A01
201900036275,1,7,,0,1,1,2,A01
201900036276,1,34,,0,1,1,1,A01
201900036277,3,1,,0,0,0,0,A01
201900036278,2,32,,0,0,0,1,A01
201900036279,2,7,,3,0,3,13,A01
201900036280,3,7,,0,2,7,15,A01
201900036280,3,50,,0,2,1,1,B01
201900036281,2,34,,0,2,3,18,A01
201900036281,3,1,,0,2,7,1,B01
201900036282,3,7,,0,2,6,2,B01
201900036282,3,13,,0,2,3,2,C01
201900036282,3,14,,0,2,2,15,A01
201900036283,1,34,,0,1,1,17,A01
201900036284,2,34,,14,0,3,26,A01
201900036285,2,7,,14,0,3,26,A01
201900036286,2,7,,0,2,8,15,A01
201900036286,2,33,,0,2,2,17,B01
201900036287,1,7,,0,1,1,1,A01
201900036288,1,30,,1,0,1,1,A01
201900036289,1,3,,4,0,3,13,A01
201900036290,3,33,,0,2,8,3,B01
201900036290,3,7,,0,2,2,14,A01
201900036291,1,7,,0,2,1,1,A01
201900036292,2,7,,0,2,8,0,A01
201900036292,2,7,,0,2,1,0,B01
201900036293,2,7,,2,0,3,13,A01
201900036294,1,7,,0,1,1,1,A01
201900036295,1,3,,0,2,1,1,B01
201900036295,2,7,,0,2,3,13,A01
201900036296,1,7,,0,2,2,1,A01
201900036296,2,7,,0,2,1,21,B01
201900036297,1,7,,0,1,3,17,A01
201900036297,1,7,,0,0,8,23,B01
201900036297,1,7,,0,0,0,4,C01
201900036297,0,7,,0,0,3,24,E01
201900036298,3,7,,1,0,2,1,A01
201900036299,2,2,,0,2,1,1,A01
201900036299,2,7,,0,2,8,1,B01
201900036300,1,7,,0,2,3,1,C01
201900036300,2,7,,0,2,4,1,B01
201900036300,2,7,,0,2,3,11,A01
201900036301,1,7,,0,0,2,1,B01
201900036301,1,7,,0,2,1,18,A01
201900036302,3,10,,0,2,2,21,B01
201900036302,3,32,,0,2,2,19,A01
201900036303,2,7,,0,1,1,1,A01
201900036304,3,7,,6,0,3,1,A01
201900036305,2,7,,0,0,4,2,A01
201900036305,2,7,,0,2,1,2,B01
201900036305,2,7,,0,2,1,2,C01
201900036306,2,38,1.0,0,2,1,1,B01
201900036306,1,7,,0,2,1,13,A01
201900036307,0,7,,0,2,3,15,A01
201900036307,1,2,,0,2,1,1,B01
201900036308,2,7,,0,2,3,1,B01
201900036308,1,7,,0,2,3,13,A01
201900036309,2,10,,0,2,1,1,A01
201900036309,1,7,,0,2,2,19,B01
201900036310,1,7,,0,2,4,1,B01
201900036310,1,7,,0,0,1,1,A01
201900036311,1,7,,13,0,0,1,A01
201900036312,3,7,,0,1,1,2,A01
201900036313,2,7,,17,0,2,1,A01
201900036314,2,7,,2,0,1,2,A01
201900036315,2,7,,0,0,1,1,A01
201900036316,1,7,,0,2,1,1,B01
201900036316,0,7,,0,2,8,9,A01
201900036317,0,7,,13,0,0,0,A01
201900036318,1,7,,8,0,7,13,A01
201900036318,2,7,,3,2,2,1,B01
201900036319,1,7,,0,2,1,13,A01
201900036319,2,7,,0,2,1,1,B01
201900036320,2,7,,0,2,5,1,A01
201900036320,2,2,,0,2,1,1,B01
201900036321,2,7,,2,0,0,1,A01
201900036322,1,10,,0,2,3,1,A01
201900036322,1,3,,0,2,1,19,B01
201900036323,1,7,,3,0,2,0,A01
201900036324,2,7,,4,0,0,0,A01
201900036325,2,33,,0,2,3,1,B01
201900036325,1,7,,0,2,1,0,A01
201900036326,0,7,,0,1,2,1,A01
201900036327,1,7,,0,0,9,1,A01
201900036328,2,7,,0,2,1,13,A01
201900036328,1,7,,0,2,3,21,B01
201900036329,1,7,,2,0,8,21,A01
201900036330,2,7,,0,2,8,20,B01
201900036330,2,7,,0,2,2,1,A01
201900036331,2,7,,17,0,1,1,A01
201900036332,2,7,,0,2,1,13,A01
201900036332,1,7,,0,2,3,2,B01
201900036333,2,7,,0,1,1,15,A01
201900036334,2,7,,4,0,1,0,A01
201900036335,1,7,,0,2,2,21,B01
201900036335,1,7,,0,0,2,11,A01
201900036336,2,33,,14,0,1,1,A01
201900036337,2,7,,4,2,8,3,A01
201900036337,2,7,,4,0,4,1,B01
201900036338,0,33,,2,0,0,1,A01
201900036339,3,10,,0,0,9,14,A01
201900036340,3,7,,13,0,9,1,A01
201900036341,0,33,,0,2,1,13,A01
201900036341,0,7,,0,2,6,19,B01
201900036342,1,7,,0,1,3,1,A01
201900036343,1,7,,0,2,3,13,B01
201900036343,2,7,,0,2,3,1,A01
201900036344,1,32,,8,0,1,1,A01
201900036345,0,7,,0,1,2,1,A01
201900036346,2,2,,0,2,8,9,A01
201900036346,1,7,,0,2,3,1,B01
201900036347,1,7,,0,2,3,20,A01
201900036347,2,32,,0,2,1,1,B01
201900036348,1,7,,13,0,3,1,A01
201900036349,0,10,,0,1,2,1,A01
201900036350,2,7,,13,0,2,14,A01
201900036351,1,7,,0,2,3,5,A01
201900036351,2,7,,0,2,3,1,B01
201900036352,2,7,,14,2,1,6,A01
201900036352,0,15,,0,0,8,23,B01
201900036353,1,1,,0,2,8,9,A01
201900036353,1,7,,0,9,2,1,B01
201900036354,0,7,,0,2,3,15,A01
201900036354,0,33,,0,2,1,1,B01
201900036355,3,7,,8,0,1,26,A01
201900036356,1,7,,2,0,2,1,A01
201900036357,1,36,,14,0,1,1,A01
201900036358,1,10,,0,0,0,0,Z01
201900036358,1,33,,0,2,8,1,A01
201900036359,2,33,,0,2,7,0,B01
201900036359,2,7,,0,2,3,11,A01
201900036360,2,7,,0,2,5,2,C01
201900036360,2,7,,0,2,4,2,B01
201900036360,2,10,,0,2,1,1,A01
201900036361,1,15,,0,2,4,2,B01
201900036361,1,7,,0,2,1,2,A01
201900036362,1,7,,0,2,4,1,B01
201900036362,1,34,,0,2,1,1,A01
201900036363,1,20,,0,2,2,0,B01
201900036363,1,7,,0,2,1,21,A01
201900036364,2,7,,0,2,4,1,B01
201900036364,2,33,,0,2,1,3,A01
201900036365,2,33,,0,0,7,1,A01
201900036366,2,33,,0,2,1,1,B01
201900036366,2,7,,0,2,7,12,A01
201900036367,1,7,,0,2,2,14,A01
201900036367,1,7,,0,2,8,0,B01
201900036367,1,7,,0,2,4,0,C01
201900036368,1,7,,0,2,3,2,A01
201900036368,1,33,,0,2,2,2,B01
201900036369,2,10,,14,0,1,26,A01
201900036369,2,7,,14,0,4,23,B01
201900036369,2,7,,0,2,4,23,C01
201900036370,1,0,,0,2,0,0,Z01
201900036370,1,7,,0,2,8,0,B01
201900036370,1,7,,0,2,8,0,A01
201900036371,2,7,,0,2,4,2,F01
201900036371,2,7,,0,2,4,2,E01
201900036371,2,7,,0,2,4,2,D01
201900036371,2,7,,0,2,4,2,C01
201900036371,2,7,,0,2,4,2,B01
201900036371,2,10,,0,2,1,2,A01
201900036372,2,7,,0,2,3,0,B01
201900036372,2,17,,0,2,2,0,A01
201900036373,2,43,,14,0,9,1,A01
201900036374,2,7,,4,0,1,13,A01
201900036375,1,7,,0,2,4,2,B01
201900036375,1,7,,0,2,1,2,A01
201900036376,2,7,,0,2,1,1,A01
201900036376,2,7,,0,2,6,2,B01
201900036376,2,7,,0,2,4,2,C01
201900036377,2,7,,0,2,4,2,C01
201900036377,2,34,,0,2,4,2,B01
201900036377,2,32,,0,2,1,2,A01
201900036378,2,7,,1,0,1,1,D01
201900036378,2,7,,0,2,4,23,C01
201900036378,2,7,,1,0,1,1,B01
201900036378,2,7,,0,2,4,23,A01
201900036378,2,7,,1,0,1,1,E01
201900036379,2,7,,0,2,3,2,A01
201900036379,1,43,,0,2,3,2,B01
201900036380,2,7,,0,2,8,1,B01
201900036380,2,7,,0,2,2,17,A01
201900036381,3,1,,0,2,3,5,B01
201900036381,3,7,,0,6,2,16,A01
201900036382,2,7,,0,2,3,1,A01
201900036382,1,7,,0,2,3,15,B01
201900036383,3,10,,0,1,3,1,A01
201900036383,1,1,,0,2,1,26,B01
201900036384,3,7,,6,0,2,21,A01
201900036385,3,7,,5,0,1,26,A01
201900036386,2,7,,0,2,8,15,A01
201900036386,1,30,,0,2,1,17,B01
201900036387,3,7,,0,2,1,1,B01
201900036387,3,7,,0,2,8,9,A01
201900036388,1,10,,0,2,4,2,B01
201900036388,1,7,,0,2,1,26,A01
201900036389,3,7,,0,2,3,9,A01
201900036389,3,1,,0,2,7,26,B01
201900036390,2,99,,0,2,1,1,A01
201900036390,0,7,,0,0,0,0,B01
201900036391,2,2,,0,2,8,1,A01
201900036391,2,10,,0,2,2,1,B01
201900036392,1,7,,0,2,2,15,A01
201900036392,1,33,,0,2,0,0,B01
201900036393,0,7,,0,1,7,1,A01
201900036394,0,36,,0,0,0,1,A01
201900036395,3,1,,0,0,0,0,A01
201900036396,1,7,,2,0,1,1,A01
201900036397,3,7,,0,2,4,2,B01
201900036397,3,7,,0,2,1,2,A01
201900036398,3,37,1.0,1,0,2,24,B01
201900036398,3,37,1.0,1,0,2,26,A01
201900036399,0,7,,0,2,8,9,A01
201900036399,0,32,,0,2,1,1,B01
201900036400,2,30,,0,2,1,0,B01
201900036400,1,7,,0,2,2,15,A01
201900036401,2,34,,0,2,1,0,A01
201900036401,2,32,,0,0,4,23,B01
201900036402,1,7,,0,1,3,1,A01
201900036403,1,7,,0,0,0,0,B01
201900036403,1,31,,0,2,1,2,A01
201900036404,2,1,,0,0,0,1,A01
201900036405,0,7,,0,0,1,15,Z01
201900036405,0,34,,0,0,1,17,B01
201900036406,3,7,,0,2,1,0,B01
201900036406,3,7,,0,0,8,19,A01
201900036407,0,7,,0,2,1,1,B01
201900036407,0,33,,0,2,2,15,A01
201900036408,2,7,,0,1,1,1,A01
201900036409,1,43,,0,2,7,1,A01
201900036409,1,34,,0,2,8,1,B01
201900036410,0,33,,12,0,1,9,A01
201900036411,1,30,,0,1,1,1,A01
201900036412,0,7,,0,1,1,15,A01