Num_Acc,senc,catv,occutc,obs,obsm,choc,manv,num_veh
201900036413,0,14,,0,2,1,1,A01
201900036413,0,7,,0,2,4,1,B01
201900036413,0,10,,0,2,4,1,C01
201900036413,0,7,,0,2,4,1,D01
201900036414,2,30,,0,2,3,13,A01
201900036414,1,7,,0,2,3,1,B01
201900036415,0,7,,0,2,2,19,A01
201900036415,1,2,,0,2,0,1,B01
201900036416,1,80,,0,-1,5,19,A01
201900036416,1,40,,0,2,2,1,B01
201900036417,2,32,,0,2,4,23,A01
201900036417,2,7,,0,2,2,9,B01
201900036418,1,7,,0,2,3,1,B01
201900036418,2,7,,0,2,3,13,A01
201900036419,2,10,,0,1,4,4,A01
201900036420,1,7,,0,1,1,1,B01
201900036420,2,7,,0,2,4,2,F01
201900036420,2,30,,0,2,4,2,C01
201900036420,2,7,,0,2,0,2,D01
201900036420,2,7,,0,2,4,2,E01
201900036420,2,7,,0,1,3,1,A01
201900036421,1,33,,0,2,2,17,A01
201900036421,1,7,,0,2,8,15,B01
201900036422,1,33,,0,1,1,1,A01
201900036423,2,7,,0,2,3,15,A01
201900036423,1,30,,0,2,1,1,B01
201900036424,2,10,,0,1,4,26,A01
201900036425,3,33,,0,2,1,13,A01
201900036425,3,7,,0,2,3,1,B01
201900036426,1,7,,0,2,1,0,A01
201900036426,1,2,,0,2,4,0,B01
201900036427,2,3,,0,6,3,1,B01
201900036427,1,31,,0,2,1,13,A01
201900036428,3,7,,0,2,3,13,A01
201900036428,0,33,,0,2,2,1,B01
201900036429,3,7,,8,1,4,26,A01
201900036430,1,37,1.0,0,1,6,15,A01
201900036431,2,7,,0,1,1,1,A01
201900036432,2,7,,15,0,1,13,A01
201900036433,1,7,,0,0,0,0,A01
201900036433,1,33,,0,2,2,1,B01
201900036434,2,7,,0,2,3,1,B01
201900036434,1,7,,0,2,3,1,A01
201900036435,1,7,,0,2,4,1,B01
201900036435,1,30,,0,2,2,1,A01
201900036436,2,7,,0,2,3,0,A01
201900036436,1,7,,0,2,1,0,B01
201900036437,1,32,,16,0,2,26,A01
201900036438,1,30,,4,0,1,26,A01
201900036439,2,33,,0,2,1,1,B01
201900036439,3,7,,0,2,3,9,A01
201900036440,2,1,,0,2,4,1,B01
201900036440,2,7,,0,6,4,12,A01
201900036441,1,7,,0,2,1,1,A01
201900036441,1,7,,0,2,2,1,B01
201900036441,1,7,,0,0,4,1,C01
201900036442,2,7,,0,2,3,1,A01
201900036442,2,1,,0,2,3,9,B01
201900036443,2,31,,0,5,0,1,A01
201900036444,1,10,,0,2,1,9,A01
201900036444,1,32,,0,2,2,17,B01
201900036445,0,33,,0,2,1,1,B01
201900036445,3,10,,0,2,3,19,A01
201900036446,3,31,,0,2,1,1,A01
201900036446,2,10,,0,2,2,11,B01
201900036447,3,31,,0,2,1,1,B01
201900036447,3,7,,0,6,2,15,A01
201900036448,3,7,,0,2,1,1,A01
201900036448,3,2,,0,2,4,0,B01
201900036449,2,7,,0,1,1,26,A01
201900036450,2,7,,0,2,3,1,B01
201900036450,1,32,,0,2,8,13,A01
201900036451,3,13,,0,2,0,0,B01
201900036451,3,32,,0,2,0,2,A01
201900036452,3,7,,0,1,1,1,A01
201900036453,3,10,,0,2,7,16,A01
201900036453,3,34,,0,2,8,1,B01
201900036454,0,7,,1,2,1,9,B01
201900036454,1,34,,0,2,7,1,A01
201900036455,2,7,,0,2,8,1,B01
201900036455,2,30,,0,2,7,17,A01
201900036456,1,33,,0,2,9,13,A01
201900036456,1,7,,0,2,1,0,B01
201900036457,1,7,,0,2,1,2,A01
201900036457,2,7,,0,2,4,23,C01
201900036457,2,7,,0,2,4,23,B01
201900036458,1,7,,0,2,1,2,A01
201900036458,1,7,,0,2,4,23,B01
201900036459,2,10,,0,2,2,1,A01
201900036459,2,10,,0,2,3,9,B01
201900036460,2,13,,6,0,1,2,A01
201900036461,1,7,,0,2,2,1,B01
201900036461,1,7,,0,2,4,4,A01
201900036462,2,7,,3,0,1,16,A01
201900036463,1,7,,0,1,1,9,A01
201900036464,2,7,,0,2,1,15,A01
201900036464,1,33,,0,2,1,3,B01
201900036465,2,7,,0,1,3,2,A01
201900036466,1,31,,0,2,3,15,A01
201900036466,1,1,,0,2,1,1,B01
201900036467,2,32,,0,0,2,1,A01
201900036468,3,7,,0,1,2,20,A01
201900036469,0,7,,1,0,1,19,A01
201900036470,2,33,,0,2,0,21,A01
201900036470,1,7,,0,2,0,15,B01
201900036471,1,7,,0,2,2,15,A01
201900036471,2,2,,0,2,1,1,B01
201900036472,3,7,,0,0,0,26,A01
201900036473,1,30,,0,0,0,1,A01
201900036474,2,33,,0,2,1,1,B01
201900036474,1,7,,0,2,3,15,A01
201900036475,3,10,,0,1,5,4,A01
201900036476,2,7,,0,2,1,1,B01
201900036476,3,7,,0,2,1,9,A01
201900036477,2,7,,0,2,3,16,A01
201900036477,1,7,,0,2,1,1,B01
201900036478,1,7,,0,0,1,13,A01
201900036479,1,7,,15,0,0,21,A01
201900036480,2,7,,0,2,3,14,A01
201900036480,2,7,,0,2,9,1,B01
201900036480,1,38,1.0,0,2,2,1,C01
201900036481,0,7,,0,1,4,26,A01
201900036482,1,10,,0,2,7,14,A01
201900036482,1,33,,0,2,8,3,B01
201900036483,1,43,,0,0,1,1,A01
201900036484,2,33,,12,0,1,13,A01
201900036485,1,7,,0,2,2,2,A01
201900036485,1,7,,4,2,6,23,B01
201900036486,1,7,,0,2,7,12,A01
201900036486,1,33,,0,2,8,1,B01
201900036487,1,7,,0,2,5,1,C01
201900036487,1,33,,0,2,2,3,B01
201900036487,1,7,,0,2,2,12,A01
201900036488,2,32,,0,2,2,3,B01
201900036488,2,7,,0,2,6,13,A01
201900036489,1,43,,0,2,1,3,A01
201900036489,1,33,,0,2,4,3,B01
201900036490,1,31,,0,2,3,3,A01
201900036490,1,7,,0,2,5,12,B01
201900036491,2,7,,0,2,4,2,B01
201900036491,2,7,,0,2,1,2,A01
201900036492,2,10,,4,0,1,14,A01
201900036493,2,10,,0,2,7,14,Z01
201900036493,2,43,,0,2,8,1,A01
201900036494,2,32,,0,2,8,13,A01
201900036494,2,7,,0,2,2,1,B01
201900036495,1,7,,0,2,4,11,B01
201900036495,1,32,,0,2,1,1,A01
201900036496,2,7,,0,2,8,1,ZZ01
201900036496,2,32,,0,2,8,3,A01
201900036496,2,7,,0,2,7,12,Z01
201900036497,1,10,,0,2,5,23,B01
201900036497,1,33,,0,2,3,13,A01
201900036498,2,7,,0,2,0,2,Z01
201900036498,2,33,,0,2,1,3,A01
201900036498,2,10,,0,2,4,2,B01
201900036499,1,17,,0,2,2,1,A01
201900036499,1,7,,4,2,3,1,B01
201900036500,1,10,,0,2,2,12,A01
201900036500,1,43,,0,2,8,1,B01
201900036501,1,32,,0,2,3,1,A01
201900036501,1,7,,0,2,5,12,Z01
201900036502,2,7,,0,2,2,12,A01
201900036502,2,33,,0,2,8,3,B01
201900036503,2,7,,4,0,3,1,A01
201900036504,1,10,,0,2,4,2,B01
201900036504,1,33,,0,2,1,11,A01
201900036505,2,10,,0,2,5,1,B01
201900036505,2,32,,0,2,1,13,A01
201900036506,1,33,,0,2,4,1,A01
201900036506,1,7,,0,2,5,1,B01
201900036506,1,10,,0,2,0,12,Z01
201900036507,1,10,,0,2,2,12,A01
201900036507,1,34,,0,2,3,1,B01
201900036508,1,7,,0,2,2,2,A01
201900036508,1,7,,0,2,5,2,B01
201900036508,1,7,,0,2,5,23,C01
201900036509,1,33,,0,2,8,1,A01
201900036509,1,10,,0,2,0,12,Z01
201900036510,2,33,,0,2,1,3,A01
201900036510,2,10,,0,2,6,1,B01
201900036510,2,7,,0,2,7,1,C01
201900036511,1,7,,0,2,6,1,B01
201900036511,1,33,,0,2,1,14,A01
201900036512,2,7,,0,2,2,12,Z01
201900036512,2,33,,0,2,6,3,A01
201900036512,2,7,,0,2,2,1,B01
201900036513,1,32,,0,0,8,1,A01
201900036514,2,10,,0,2,4,23,B01
201900036514,2,7,,0,2,1,2,A01
201900036515,1,7,,0,2,1,2,Z01
201900036515,1,10,,0,2,4,23,B01
201900036515,1,7,,0,2,1,23,A01
201900036516,1,7,,4,0,3,13,A01
201900036517,1,7,,4,2,3,1,B01
201900036517,1,15,,0,2,2,12,A01
201900036518,2,7,,0,2,3,11,A01
201900036518,2,33,,0,2,5,1,B01
201900036519,2,34,,0,2,1,2,A01
201900036519,2,10,,0,2,4,1,B01
201900036520,1,33,,0,2,8,1,B01
201900036520,1,7,,0,2,7,12,A01
201900036521,2,7,,0,2,6,11,A01
201900036521,2,31,,0,2,1,3,B01
201900036522,1,10,,0,2,8,1,C01
201900036522,1,31,,0,2,7,12,B01
201900036522,1,33,,0,2,8,3,A01
201900036523,1,7,,0,2,2,12,Z01
201900036523,1,7,,0,2,2,1,C01
201900036523,1,7,,0,2,3,1,B01
201900036523,1,7,,0,2,2,1,A01
201900036524,1,33,,0,0,3,12,A01
201900036525,1,1,,0,2,3,18,B01
201900036525,1,37,1.0,0,2,2,16,A01
201900036526,1,50,,0,0,0,1,A01
201900036527,2,33,,1,2,1,1,B01
201900036527,2,7,,0,2,3,10,A01
201900036528,1,31,,0,2,3,3,B01
201900036528,1,7,,0,2,5,14,A01
201900036529,1,7,,0,2,6,10,A01
201900036529,1,32,,0,2,1,5,B01
201900036530,1,30,,7,0,3,1,A01
201900036531,2,31,,0,2,1,1,B01
201900036531,2,7,,0,2,2,1,A01
201900036532,2,31,,0,2,3,7,A01
201900036532,2,42,,0,2,2,16,B01
201900036533,1,7,,0,2,6,1,B01
201900036533,1,33,,0,2,7,1,A01
201900036534,2,7,,0,2,7,15,A01
201900036534,1,33,,0,2,1,1,B01
201900036535,1,31,,0,1,1,1,Z01
201900036536,1,7,,0,2,3,1,B01
201900036536,2,50,,0,2,1,5,A01
201900036537,3,10,,0,1,1,1,Z01
201900036538,1,43,,11,2,7,17,B01
201900036538,1,14,,0,2,8,1,A01
201900036539,1,7,,0,2,7,15,A01
201900036539,2,33,,0,2,1,1,B01
201900036540,1,7,,0,2,1,15,A01
201900036540,2,50,,0,2,8,1,B01
201900036541,1,7,,9,0,9,14,A01
201900036542,1,7,,0,2,5,1,B01
201900036542,1,33,,0,2,1,13,A01
201900036543,1,32,,4,0,1,14,A01
201900036544,3,7,,0,2,4,23,B01
201900036544,3,32,,8,2,1,1,A01
201900036545,2,10,,0,1,7,19,A01
201900036546,2,7,,0,2,5,23,B01
201900036546,2,1,,0,2,1,5,A01
201900036547,2,7,,0,2,2,16,A01
201900036547,2,7,,0,2,3,1,B01
201900036548,2,50,,0,2,1,1,A01
201900036548,2,7,,0,2,8,1,B01
201900036549,1,34,,0,2,1,17,B01
201900036549,1,7,,0,2,3,10,A01
201900036550,2,7,,0,1,8,1,A01
201900036551,1,1,,0,2,2,1,B01
201900036551,1,7,,0,2,3,9,A01
201900036552,1,7,,0,1,1,15,A01
201900036553,0,7,,0,2,4,23,B01
201900036553,3,10,,0,2,1,2,A01
201900036554,1,7,,0,1,1,1,Z01
201900036555,1,50,,0,1,8,16,Z01
201900036556,2,1,,0,2,7,13,A01
201900036556,2,1,,0,2,8,13,B01
201900036557,2,10,,0,1,2,1,A01
201900036558,1,50,,0,2,0,1,B01
201900036558,1,7,,0,2,2,1,A01
201900036559,2,10,,0,2,6,23,B01
201900036559,2,33,,0,2,1,2,A01
201900036560,1,7,,0,2,1,16,A01
201900036560,2,50,,0,2,0,1,C01
201900036560,2,50,,0,2,0,1,B01
201900036561,2,1,,0,2,8,19,A01
201900036561,1,33,,0,2,1,1,B01
201900036562,1,7,,0,2,8,13,B01
201900036562,2,1,,0,2,7,1,A01
201900036563,2,34,,0,0,4,1,A01
201900036564,1,80,,0,2,1,2,A01
201900036564,1,7,,0,2,4,2,B01
201900036565,1,10,,0,1,5,4,A01
201900036566,1,7,,1,1,2,17,A01
201900036567,3,31,,0,2,0,18,A01
201900036567,3,37,1.0,0,1,0,1,B01
201900036568,0,33,,0,2,1,1,B01
201900036568,0,7,,0,2,5,15,A01
201900036569,3,7,,8,0,1,15,A01
201900036569,3,7,,0,2,2,15,B01
201900036570,2,7,,0,2,1,1,B01
201900036570,2,7,,0,2,2,15,A01
201900036571,1,7,,0,1,3,1,A01
201900036572,2,7,,0,2,4,2,A01
201900036572,3,7,,0,2,4,2,B01
201900036573,2,7,,0,2,4,0,B01
201900036573,2,7,,0,2,1,1,A01
201900036574,3,7,,0,2,2,2,A01
201900036574,3,7,,7,0,6,23,B01
201900036575,0,30,,1,0,1,1,B01
201900036575,1,20,,16,2,4,9,A01
201900036576,2,31,,12,0,2,1,A01
201900036577,1,7,,0,1,1,2,Z01
201900036578,3,7,,0,1,1,23,A01
201900036579,1,50,,0,2,8,2,B01
201900036579,1,7,,0,2,7,14,A01
201900036580,2,37,1.0,0,1,2,16,A01
201900036581,1,7,,0,1,2,1,A01
201900036582,2,7,,6,0,2,1,A01
201900036583,1,33,,0,2,1,1,A01
201900036583,0,7,,0,2,8,19,B01
201900036584,1,10,,0,1,2,2,A01
201900036585,3,7,,0,2,1,1,A01
201900036585,3,7,,0,2,8,1,B01
201900036586,3,7,,8,0,2,1,A01
201900036587,3,7,,0,1,7,1,A01
201900036588,2,7,,13,0,6,0,A01
201900036588,2,0,,0,2,0,0,B01
201900036589,2,10,,0,2,1,2,A01
201900036589,2,7,,0,2,4,2,B01
201900036590,3,10,,0,9,4,2,A01
201900036590,3,1,,14,0,1,2,B01
201900036591,3,15,,0,2,8,0,B01
201900036591,3,7,,0,2,3,1,A01
201900036592,2,7,,2,0,1,1,A01
201900036593,2,7,,0,1,2,1,A01
201900036594,2,33,,15,0,1,1,A01
201900036595,2,7,,0,2,1,0,B01
201900036595,1,10,,0,2,1,0,A01
201900036596,1,7,,0,2,7,1,B01
201900036596,2,2,,0,2,1,1,A01
201900036597,2,1,,0,2,1,1,B01
201900036597,1,7,,0,9,2,1,A01
201900036598,1,7,,0,2,1,1,D01
201900036598,2,10,,0,2,3,1,C01
201900036598,2,7,,0,2,3,1,B01
201900036598,1,7,,0,2,3,13,A01
201900036599,2,10,,0,2,2,15,A01
201900036599,1,10,,13,2,1,1,B01
201900036600,1,7,,0,2,3,21,A01
201900036600,2,7,,0,2,1,1,B01
201900036601,2,7,,0,0,4,2,B01
201900036601,2,10,,0,2,1,2,A01
201900036602,0,2,,0,0,0,1,A01
201900036603,0,7,,0,2,8,13,B01
201900036603,3,7,,0,2,1,1,A01
201900036604,2,7,,0,2,2,1,B01
201900036604,2,7,,0,2,3,17,A01
201900036605,1,7,,0,2,8,15,A01
201900036605,2,10,,0,2,1,1,B01
201900036606,2,7,,3,1,4,23,A01
201900036606,2,7,,0,2,2,1,B01
201900036606,2,7,,1,0,1,1,C01
201900036607,2,7,,0,0,4,2,B01
201900036607,2,7,,0,2,1,2,A01
201900036608,1,15,,0,2,2,19,A01
201900036608,1,7,,0,2,1,19,B01
201900036609,2,7,,2,0,4,21,A01
201900036610,1,33,,15,0,1,26,A01
201900036611,1,33,,0,0,8,15,A01
201900036612,2,10,,0,2,1,1,A01
201900036612,1,10,,0,2,1,1,B01
201900036612,2,7,,0,0,6,1,C01
201900036613,0,7,,0,1,2,1,A01
201900036614,1,7,,0,2,7,15,A01
201900036614,2,33,,0,2,1,1,B01
201900036614,1,7,,0,2,3,23,C01
201900036615,1,7,,0,2,1,1,A01
201900036615,1,7,,0,2,4,26,B01
201900036616,2,15,,6,0,3,13,A01
201900036617,2,7,,0,2,8,15,B01
201900036617,2,38,1.0,8,2,2,1,A01
201900036618,2,7,,0,2,4,2,B01
201900036618,2,17,,0,2,1,2,A01
201900036619,2,15,,0,0,6,2,B01
201900036619,2,15,,0,2,2,2,A01
201900036620,2,7,,0,0,9,2,A01
201900036621,2,2,,0,2,1,21,B01
201900036621,1,7,,0,2,7,5,A01
201900036622,1,7,,0,2,1,2,A01
201900036622,1,7,,0,2,3,2,B01
201900036622,1,7,,0,0,4,2,C01
201900036623,2,7,,0,0,4,2,B01
201900036623,2,7,,0,2,1,2,A01
201900036624,3,7,,0,2,3,2,B01
201900036624,3,2,,0,0,4,2,A01
201900036625,3,7,,13,0,2,0,A01
201900036626,1,32,,0,2,1,0,B01
201900036626,2,33,,0,2,1,1,A01
201900036627,2,37,1.0,3,0,1,2,A01
201900036628,1,7,,15,0,7,0,A01
201900036629,2,7,,0,2,3,1,B01
201900036629,1,7,,0,1,2,1,A01
201900036630,1,7,,0,9,3,19,A01
201900036630,2,1,,0,2,7,1,B01
201900036631,1,7,,0,2,1,5,A01
201900036631,2,7,,0,2,3,1,B01
201900036632,0,1,,0,2,3,1,B01
201900036632,3,7,,0,2,2,16,A01
201900036633,1,7,,8,0,2,1,A01
201900036634,1,7,,0,2,1,1,B01
201900036634,2,7,,0,2,1,17,A01
201900036635,1,7,,0,2,2,1,B01
201900036635,2,7,,0,2,4,1,A01
201900036636,0,7,,0,2,3,19,A01
201900036636,2,7,,0,2,2,1,B01
201900036637,1,33,,0,2,2,17,A01
201900036637,1,7,,0,2,6,15,B01
201900036638,2,7,,0,1,3,1,A01
201900036639,1,7,,7,2,6,1,B01
201900036639,2,7,,0,2,3,5,A01
201900036640,2,7,,0,2,1,1,B01
201900036640,1,7,,0,2,1,13,A01
201900036641,2,7,,0,2,8,0,B01
201900036641,1,7,,0,2,3,13,A01
201900036642,2,7,,0,2,4,1,A01
201900036642,2,7,,0,2,1,1,B01
201900036642,2,7,,0,2,4,1,C01
201900036642,2,32,,0,2,1,3,D01
201900036643,1,20,,1,0,2,1,B01
201900036643,1,20,,1,0,6,26,A01
201900036644,2,7,,0,2,1,26,B01
201900036644,2,7,,0,2,4,2,A01
201900036645,1,7,,0,2,7,17,B01
201900036645,1,10,,0,2,0,13,A01
201900036646,2,7,,4,0,1,17,A01
201900036647,2,7,,0,2,1,2,A01
201900036647,2,7,,3,2,4,2,B01
201900036648,2,33,,0,2,1,12,A01
201900036648,2,7,,0,2,6,23,B01
201900036649,1,7,,0,2,1,1,A01
201900036649,1,7,,0,2,4,1,B01
201900036650,1,17,,0,2,0,12,Z01
201900036650,1,17,,0,2,4,1,B01
201900036650,1,31,,0,2,8,11,A01
201900036651,2,7,,0,2,1,2,A01
201900036651,2,7,,0,2,6,1,B01
201900036652,2,7,,0,2,7,12,A01
201900036652,2,33,,0,2,3,3,B01
201900036652,2,15,,0,2,5,1,C01
201900036653,1,7,,3,0,2,21,A01
201900036654,1,34,,0,9,1,1,A01
201900036655,2,33,,0,0,9,21,A01
201900036656,1,7,,0,2,5,14,B01
201900036656,1,43,,0,2,3,21,A01
201900036657,1,7,,16,0,9,1,A01
201900036658,2,7,,0,2,7,1,B01
201900036658,2,32,,0,2,3,18,A01
201900036659,2,43,,0,2,1,12,B01
201900036659,2,7,,0,2,6,1,A01
201900036660,1,7,,0,2,2,17,A01
201900036660,1,15,,0,2,6,1,B01
201900036661,1,10,,3,0,3,1,A01
201900036662,3,7,,0,2,3,15,A01
201900036662,3,31,,0,2,8,21,B01
201900036663,1,7,,0,2,8,20,A01
201900036663,1,2,,0,2,1,1,B01
201900036664,1,7,,0,0,9,0,A01
201900036665,0,7,,2,0,1,14,A01
201900036666,1,7,,0,2,2,1,B01
201900036666,1,15,,0,2,6,11,A01
201900036667,2,7,,0,2,0,1,D01
201900036667,2,7,,0,2,5,1,C01
201900036667,2,7,,0,2,7,1,B01
201900036667,2,7,,3,2,1,14,A01
201900036668,2,33,,0,2,0,0,B01
201900036668,2,7,,0,2,1,1,A01
201900036669,1,34,,0,2,3,2,B01
201900036669,1,7,,0,2,0,0,A01
201900036670,1,37,1.0,0,1,2,26,A01
201900036671,1,13,,0,2,6,23,B01
201900036671,0,2,,0,2,5,1,A01
201900036672,2,37,1.0,0,2,4,1,B01
201900036672,2,7,,0,2,1,1,A01
201900036673,1,7,,0,2,1,1,B01
201900036673,0,7,,0,2,4,4,A01
201900036674,1,7,,0,2,6,23,A01
201900036674,1,10,,1,0,2,2,B01
201900036675,2,7,,0,2,4,2,C01
201900036675,2,7,,0,2,4,2,B01
201900036675,2,7,,0,2,1,2,A01
201900036676,3,99,,0,1,2,26,A01
201900036677,1,30,,13,0,0,1,A01
201900036678,1,32,,13,0,0,1,A01
201900036679,2,10,,0,2,3,1,A01
201900036679,1,10,,0,2,3,13,B01
201900036680,2,10,,2,0,3,13,A01
201900036681,2,32,,0,0,0,15,A01
201900036682,3,7,,0,2,3,1,B01
201900036682,3,33,,0,2,2,17,A01
201900036683,3,33,,0,2,2,21,B01
201900036683,3,7,,0,2,3,10,A01
201900036684,1,10,,0,1,1,1,A01
201900036685,1,30,,0,2,3,1,B01
201900036685,1,7,,0,2,7,16,Z01
201900036686,1,7,,0,2,7,16,A01
201900036686,1,33,,0,2,3,1,B01
201900036687,1,7,,0,2,8,15,A01
201900036687,1,7,,0,2,0,0,B01
201900036688,3,7,,0,2,3,15,B01
201900036688,1,34,,14,2,7,17,A01
201900036689,3,7,,9,0,3,1,A01
201900036690,1,7,,0,2,7,1,B01
201900036690,1,7,,0,2,7,1,A01
201900036691,3,10,,0,2,1,19,A01
201900036691,1,10,,0,2,7,1,B01
201900036692,1,10,,12,0,4,1,A01
201900036692,1,7,,12,2,1,2,B01
201900036693,1,32,,0,1,1,25,A01
201900036694,1,7,,0,1,3,1,A01
201900036695,2,31,,0,2,1,17,B01
201900036695,2,7,,0,9,3,10,A01
201900036696,2,7,,0,1,8,2,A01
201900036697,2,30,,9,0,2,1,A01
201900036698,2,7,,0,2,1,2,A01
201900036698,2,7,,0,0,4,23,B01
201900036699,2,30,,0,0,0,1,A01
201900036700,3,7,,0,2,1,1,C01
201900036700,3,7,,0,2,1,1,B01
201900036700,3,7,,0,2,1,5,A01
201900036701,3,10,,0,2,1,1,A01
201900036701,3,10,,0,2,4,1,B01
201900036701,3,10,,0,2,4,1,C01
201900036702,3,7,,0,2,1,2,A01
201900036702,3,7,,0,2,4,23,B01
201900036703,1,7,,0,2,1,13,A01
201900036703,1,7,,0,2,1,1,B01
201900036704,3,10,,0,2,4,2,B01
201900036704,3,7,,0,2,1,26,A01
201900036705,3,7,,0,2,3,15,B01
201900036705,3,32,,0,2,1,26,A01
201900036706,1,7,,0,1,2,15,A01
201900036707,2,7,,0,1,0,26,A01
201900036708,0,30,,0,0,0,0,A01
201900036709,2,7,,0,2,4,0,A01
201900036709,2,7,,0,0,0,0,B01
201900036710,1,10,,0,1,2,2,A01
201900036711,2,7,,0,2,3,9,A01
201900036711,1,7,,0,2,3,1,B01
201900036712,2,7,,0,2,1,15,A01
201900036712,1,7,,0,2,3,1,B01
201900036713,1,33,,0,2,1,1,B01
201900036713,2,7,,0,2,1,15,A01
201900036714,2,14,,0,2,3,1,C01
201900036714,1,7,,0,2,5,1,B01
201900036714,1,7,,0,2,2,19,A01
201900036715,3,40,,0,1,8,1,A01
201900036716,3,7,,0,2,1,15,A01
201900036716,3,1,,0,2,3,1,B01
201900036717,1,30,,0,1,1,9,A01
201900036718,3,7,,0,1,6,4,A01
201900036719,0,7,,0,1,3,1,A01
201900036720,0,32,,0,2,5,19,A01
201900036720,1,7,,0,2,1,1,B01
201900036721,3,7,,0,1,2,1,A01
201900036722,2,7,,0,1,1,1,A01
201900036723,2,7,,0,2,7,15,A01
201900036723,2,7,,0,2,3,1,B01
201900036724,1,7,,0,1,1,1,A01
201900036725,2,2,,0,2,8,1,B01
201900036725,2,7,,0,2,2,1,A01
201900036725,1,7,,0,2,3,23,C01
201900036726,1,7,,0,2,3,13,A01
201900036726,2,7,,0,2,3,13,B01
201900036727,1,1,,0,2,7,26,B01
201900036727,1,7,,0,2,1,15,A01
201900036728,0,7,,0,2,8,15,B01
201900036728,0,7,,0,2,1,1,A01
201900036729,2,30,,0,2,7,1,A01
201900036729,1,7,,0,2,1,1,B01
201900036730,3,7,,0,2,3,1,A01
201900036730,3,7,,0,0,5,1,B01
201900036731,2,37,1.0,0,2,2,9,A01
201900036731,2,7,,0,2,6,1,B01
201900036732,0,7,,0,1,1,1,A01
201900036733,1,7,,0,1,1,1,A01
201900036734,1,7,,0,2,4,1,A01
201900036734,2,10,,0,2,1,1,B01
201900036735,2,7,,0,1,3,15,A01
201900036736,1,7,,0,2,1,9,B01
201900036736,1,7,,0,2,2,16,A01
201900036737,1,7,,0,2,4,2,C01
201900036737,1,10,,0,2,1,2,A01
201900036737,1,10,,0,2,1,2,B01
201900036738,1,7,,14,0,1,1,A01
201900036739,3,7,,0,2,8,16,A01
201900036739,3,7,,0,2,1,1,B01
201900036740,2,10,,0,2,6,1,B01
201900036740,2,10,,0,2,1,16,A01
201900036741,1,7,,8,0,3,13,A01
201900036742,1,7,,0,2,1,17,A01
201900036742,1,7,,0,2,1,1,B01
201900036742,1,7,,0,2,1,1,C01
201900036743,1,7,,0,2,1,1,A01
201900036743,1,7,,0,2,4,9,B01
201900036744,2,7,,0,2,5,15,A01
201900036744,1,33,,0,2,1,2,B01
201900036744,3,7,,0,2,1,1,A01
201900036745,1,33,,4,0,1,26,A01
201900036746,3,1,,0,2,1,19,B01
201900036746,1,7,,0,2,3,1,A01
201900036747,3,7,,0,2,3,15,B01
201900036747,3,7,,0,2,1,1,A01
201900036748,2,7,,0,2,7,12,A01
201900036748,2,33,,0,2,8,3,B01
201900036749,1,7,,0,2,1,1,A01
201900036749,1,3,,0,2,4,23,B01
201900036749,1,7,,0,2,4,23,C01
201900036750,2,2,,0,2,2,1,B01
201900036750,2,2,,0,2,3,13,A01
201900036751,0,7,,11,0,1,1,A01
201900036752,2,10,,0,2,7,26,A01
201900036752,1,33,,0,2,1,9,B01
201900036753,2,7,,0,2,4,1,B01
201900036753,2,7,,0,2,1,2,A01
201900036754,1,10,,0,1,2,1,A01
201900036755,2,7,,0,2,7,1,B01
201900036755,1,33,,0,2,8,1,A01
201900036756,2,7,,0,2,3,11,A01
201900036756,2,2,,0,2,1,17,B01
201900036757,2,33,,0,2,2,2,B01
201900036757,2,7,,0,2,8,10,A01
201900036758,1,1,,0,1,1,1,A01
201900036759,2,30,,14,0,0,1,A01
201900036760,3,7,,0,1,1,1,A01
201900036761,0,1,,0,1,1,1,A01
201900036762,0,7,,0,2,4,23,B01
201900036762,0,2,,0,2,1,1,A01
201900036763,0,7,,0,2,4,1,B01
201900036763,0,2,,0,2,1,1,A01
201900036764,0,7,,0,2,3,13,A01
201900036764,0,7,,0,2,3,1,B01
201900036765,0,7,,0,2,1,1,A01
201900036765,0,2,,0,2,1,1,B01
201900036766,1,7,,0,2,1,1,A01
201900036766,1,7,,14,2,5,1,B01
201900036767,1,30,,8,0,0,14,A01
201900036768,2,7,,0,2,1,15,A01
201900036768,1,80,,0,2,8,1,B01
201900036769,2,7,,0,1,1,19,A01
201900036770,2,7,,6,0,3,1,A01
201900036771,1,7,,0,2,2,2,A01
201900036771,1,7,,0,2,6,0,B01
201900036772,3,7,,0,1,3,26,A01
201900036773,3,7,,0,2,3,24,A01
201900036773,3,7,,1,0,2,1,Z01
201900036774,1,7,,2,0,1,13,A01
201900036775,0,33,,0,2,1,1,B01
201900036775,0,7,,0,2,8,26,A01
201900036776,1,7,,0,2,8,1,B01
201900036776,2,7,,0,2,4,1,A01
201900036777,2,40,,0,1,7,1,A01
201900036778,0,7,,0,1,2,1,A01
201900036779,3,33,,6,0,3,13,A01
201900036780,1,7,,0,1,8,17,A01
201900036781,3,7,,0,2,1,13,A01
201900036781,3,7,,0,2,1,1,B01
201900036782,2,15,,0,2,1,1,B01
201900036782,2,7,,0,2,1,13,A01
201900036783,2,7,,15,0,1,2,A01
201900036784,1,33,,0,2,4,2,A01
201900036785,2,33,,0,2,1,16,B01
201900036785,1,7,,0,2,7,15,A01