Num_Acc,senc,catv,occutc,obs,obsm,choc,manv,num_veh
201900036786,1,33,,0,2,8,17,B01
201900036786,1,7,,0,2,8,10,A01
201900036787,3,7,,0,1,2,10,A01
201900036788,1,10,,1,0,1,26,A01
201900036788,1,10,,0,2,4,0,C01
201900036788,1,10,,1,2,4,0,B01
201900036789,2,7,,0,2,4,1,A01
201900036789,2,7,,0,2,4,2,B01
201900036789,2,7,,0,2,1,2,C01
201900036790,2,7,,0,2,3,1,B01
201900036790,1,1,,0,2,2,1,A01
201900036791,3,7,,0,2,1,26,B01
201900036791,3,7,,0,2,1,1,A01
201900036792,3,7,,1,0,9,13,A01
201900036792,3,7,,0,2,3,24,B01
201900036793,2,1,,0,2,1,15,B01
201900036793,2,7,,0,2,7,1,A01
201900036794,2,31,,0,2,7,1,B01
201900036794,1,10,,0,2,0,15,A01
201900036795,3,7,,0,2,1,0,Z01
201900036795,2,1,,0,2,4,26,A01
201900036796,2,7,,0,2,1,1,A01
201900036796,1,1,,0,2,5,1,B01
201900036797,2,7,,0,2,1,2,B01
201900036797,2,7,,0,2,4,2,C01
201900036797,2,7,,0,2,1,2,A01
201900036798,2,7,,0,2,3,1,A01
201900036798,2,7,,0,2,3,1,B01
201900036799,1,7,,0,2,3,13,A01
201900036799,2,7,,0,2,8,14,B01
201900036800,1,33,,0,2,5,23,B01
201900036800,2,10,,0,2,3,9,A01
201900036801,1,7,,0,1,1,1,A01
201900036802,1,7,,0,2,1,2,A01
201900036802,1,7,,0,2,4,2,B01
201900036803,3,7,,0,2,3,1,B01
201900036803,3,7,,0,2,0,0,A01
201900036804,3,7,,0,1,3,18,A01
201900036805,2,7,,0,1,3,15,A01
201900036806,1,7,,2,0,1,26,A01
201900036807,2,7,,0,1,2,1,A01
201900036808,2,7,,0,1,1,16,A01
201900036809,3,7,,0,1,1,1,A01
201900036810,2,7,,0,2,1,1,B01
201900036810,1,7,,0,2,1,13,A01
201900036811,1,1,,0,2,8,26,A01
201900036811,1,7,,0,2,0,0,B01
201900036812,1,33,,0,2,4,1,B01
201900036812,1,7,,0,2,1,1,A01
201900036813,1,7,,0,2,1,15,A01
201900036813,1,34,,0,2,1,1,B01
201900036814,1,7,,0,2,1,15,A01
201900036814,1,7,,0,2,8,1,B01
201900036815,1,7,,0,2,1,1,B01
201900036815,1,10,,0,2,1,15,A01
201900036816,1,7,,0,2,1,1,C01
201900036816,1,2,,0,2,1,1,A01
201900036816,1,7,,0,2,1,1,B01
201900036817,1,7,,0,2,1,1,B01
201900036817,1,7,,0,2,1,1,A01
201900036818,1,7,,0,0,1,1,A01
201900036819,1,7,,0,1,1,26,A01
201900036820,1,7,,0,1,1,1,A01
201900036821,1,7,,0,1,1,16,A01
201900036822,1,7,,0,1,4,4,A01
201900036823,0,7,,0,2,4,2,B01
201900036823,0,7,,0,0,4,1,C01
201900036823,0,7,,0,2,1,2,A01
201900036824,1,7,,0,1,2,16,A01
201900036825,0,7,,10,0,3,0,A01
201900036826,2,7,,0,2,2,13,B01
201900036826,1,7,,0,2,1,1,A01
201900036827,3,7,,0,2,1,19,B01
201900036827,1,7,,0,2,2,26,A01
201900036828,3,10,,0,2,2,2,A01
201900036828,3,2,,0,2,4,2,B01
201900036829,0,7,,1,0,1,10,A01
201900036830,1,7,,0,2,2,1,A01
201900036830,3,1,,0,2,1,19,B01
201900036831,2,7,,0,1,2,14,A01
201900036832,2,7,,0,2,3,1,B01
201900036832,1,7,,0,2,2,10,A01
201900036833,1,1,,0,2,1,1,B01
201900036833,1,80,,0,2,3,9,A01
201900036834,2,7,,0,2,3,1,B01
201900036834,1,7,,0,2,3,13,A01
201900036835,2,33,,0,0,0,1,B01
201900036835,2,7,,0,2,5,1,A01
201900036836,1,7,,0,0,8,15,B01
201900036836,1,30,,0,2,1,1,A01
201900036837,3,1,,0,2,0,1,B01
201900036837,3,7,,0,6,1,9,A01
201900036838,1,7,,0,2,4,15,B01
201900036838,1,30,,0,2,1,1,A01
201900036839,1,31,,0,0,2,15,A01
201900036840,3,7,,0,1,4,4,A01
201900036841,3,30,,0,0,8,1,A01
201900036842,1,7,,0,2,8,1,B01
201900036842,1,1,,0,2,7,17,A01
201900036843,3,1,,0,0,0,0,A01
201900036844,1,10,,0,2,7,15,A01
201900036844,3,31,,0,2,8,1,B01
201900036845,2,7,,8,0,1,13,A01
201900036846,1,7,,0,2,3,15,A01
201900036846,1,2,,0,2,7,17,B01
201900036847,1,33,,0,2,1,1,B01
201900036847,0,7,,0,2,8,15,A01
201900036848,1,7,,0,2,1,13,A01
201900036848,2,7,,0,2,1,1,B01
201900036849,2,10,,0,2,1,9,B01
201900036849,2,2,,0,2,7,25,A01
201900036850,0,7,,0,2,1,1,B01
201900036850,3,7,,0,2,3,19,A01
201900036851,3,99,,16,0,0,23,A01
201900036852,2,3,,0,0,3,13,A01
201900036853,2,33,,3,0,0,9,A01
201900036854,2,33,,0,2,1,17,A01
201900036854,2,10,,0,2,5,1,B01
201900036855,3,1,,0,2,1,1,B01
201900036855,2,7,,0,6,1,15,A01
201900036856,1,7,,0,2,1,2,A01
201900036856,1,7,,0,2,1,1,B01
201900036856,1,7,,0,2,4,2,C01
201900036857,1,32,,0,2,8,0,C01
201900036857,1,7,,0,2,8,14,B01
201900036857,1,37,1.0,0,2,5,15,A01
201900036858,2,32,,0,2,6,11,B01
201900036858,2,7,,0,2,2,11,A01
201900036859,2,10,,0,1,4,4,A01
201900036860,3,7,,0,1,2,20,A01
201900036861,0,7,,0,1,0,1,A01
201900036862,0,7,,0,2,3,1,B01
201900036862,0,7,,0,2,1,1,A01
201900036863,2,7,,0,2,4,1,B01
201900036863,2,37,1.0,0,2,1,1,A01
201900036864,1,34,,0,2,8,1,B01
201900036864,2,7,,0,2,7,15,A01
201900036865,0,50,,0,2,4,1,B01
201900036865,0,1,,0,2,1,1,A01
201900036866,0,1,,0,1,0,1,A01
201900036867,1,7,,0,2,1,1,B01
201900036867,2,7,,0,2,2,15,A01
201900036868,0,2,,0,2,1,1,B01
201900036868,0,7,,0,2,1,13,A01
201900036869,2,7,,2,0,2,1,A01
201900036870,1,7,,1,1,1,14,A01
201900036871,2,7,,0,1,8,1,A01
201900036872,2,31,,0,1,1,1,A01
201900036873,1,7,,0,2,4,1,B01
201900036873,1,2,,0,2,1,1,A01
201900036874,1,7,,0,1,0,1,Z01
201900036875,0,7,,12,0,2,1,A01
201900036876,1,33,,0,2,1,21,B01
201900036876,1,7,,0,2,3,26,A01
201900036877,2,7,,0,2,7,1,A01
201900036877,1,1,,0,2,8,2,B01
201900036878,1,7,,0,2,1,1,A01
201900036878,1,7,,0,2,1,1,B01
201900036878,1,7,,1,2,4,1,C01
201900036879,2,7,,0,2,5,16,A01
201900036879,2,2,,0,2,1,2,B01
201900036880,3,7,,0,2,8,15,B01
201900036880,3,32,,0,2,1,17,A01
201900036881,3,33,,0,1,1,1,A01
201900036882,1,7,,0,2,3,0,B01
201900036882,1,31,,8,2,1,17,A01
201900036883,2,2,,0,2,1,1,B01
201900036883,0,7,,0,2,7,9,A01
201900036884,1,7,,0,2,1,1,B01
201900036884,2,7,,0,2,7,15,A01
201900036885,1,7,,0,1,4,2,C01
201900036885,1,7,,0,2,4,2,B01
201900036885,1,7,,0,2,1,2,A01
201900036886,1,1,,1,0,1,2,B01
201900036886,1,7,,0,0,8,22,A01
201900036887,3,7,,0,2,4,2,B01
201900036887,3,7,,0,2,1,2,A01
201900036888,1,33,,0,2,7,1,B01
201900036888,2,7,,0,2,2,9,A01
201900036889,2,7,,4,0,9,13,A01
201900036890,1,34,,12,0,1,1,B01
201900036891,2,7,,0,2,4,1,A01
201900036891,2,7,,0,0,0,0,B01
201900036891,2,7,,0,-1,1,2,C01
201900036892,1,7,,0,0,4,1,F01
201900036892,1,7,,0,2,9,1,E01
201900036892,1,7,,0,2,1,1,D01
201900036893,1,30,,0,2,1,17,A01
201900036893,1,7,,0,2,0,11,B01
201900036894,3,31,,0,2,1,17,A01
201900036894,3,7,,0,2,0,15,B01
201900036895,3,7,,0,1,3,1,A01
201900036896,0,7,,0,2,2,16,A01
201900036896,0,33,,0,2,8,1,B01
201900036897,2,7,,0,1,2,1,A01
201900036898,0,7,,8,0,1,15,A01
201900036899,2,33,,0,2,4,15,B01
201900036899,2,33,,0,2,2,21,A01
201900036900,2,7,,0,2,0,0,Z01
201900036900,2,7,,0,2,2,17,B01
201900036901,0,7,,0,2,1,1,A01
201900036901,0,7,,0,2,6,23,B01
201900036902,1,1,,0,2,8,1,B01
201900036902,1,7,,0,2,1,1,A01
201900036903,3,7,,0,2,1,1,A01
201900036903,3,7,,0,2,4,1,B01
201900036904,1,7,,0,2,2,1,A01
201900036904,1,7,,0,2,3,22,B01
201900036905,0,7,,0,1,3,1,A01
201900036906,0,31,,0,2,1,16,A01
201900036906,0,34,,0,2,8,15,B01
201900036907,3,3,,0,2,0,26,A01
201900036907,3,32,,0,2,0,21,B01
201900036908,1,7,,0,2,1,1,B01
201900036908,2,7,,0,2,2,15,A01
201900036909,0,7,,0,1,6,1,A01
201900036910,3,7,,0,2,5,15,B01
201900036910,3,7,,0,2,2,1,A01
201900036911,1,10,,0,2,8,15,B01
201900036911,1,30,,0,2,7,17,A01
201900036912,2,36,,0,2,0,0,Z01
201900036912,2,33,,0,2,4,16,A01
201900036913,3,7,,0,2,9,19,A01
201900036913,3,10,,0,2,1,19,B01
201900036914,0,99,,0,2,1,26,P01
201900036914,0,37,1.0,0,1,1,1,A01
201900036915,3,7,,0,2,3,26,A01
201900036915,3,32,,0,2,3,0,B01
201900036916,1,7,,0,2,2,1,B01
201900036916,1,10,,0,2,3,16,A01
201900036917,1,33,,1,0,1,1,A01
201900036918,3,7,,0,2,1,19,A01
201900036918,2,7,,0,2,7,1,B01
201900036919,1,15,,0,1,5,16,A01
201900036920,0,3,,0,1,3,1,A01
201900036921,3,7,,12,2,1,24,A01
201900036921,3,7,,1,2,1,5,B01
201900036922,2,7,,0,2,2,13,A01
201900036922,1,7,,0,2,7,0,B01
201900036923,3,50,,0,2,8,1,B01
201900036923,3,7,,0,2,2,1,A01
201900036924,1,7,,0,2,3,5,A01
201900036924,0,32,,0,2,0,16,B01
201900036925,3,7,,0,1,3,15,A01
201900036926,0,7,,0,1,2,2,A01
201900036927,2,7,,0,1,1,15,A01
201900036928,2,10,,0,2,2,2,A01
201900036928,2,7,,0,2,3,1,B01
201900036929,1,7,,0,2,6,23,A01
201900036929,3,30,,0,2,0,0,B01
201900036930,1,7,,0,2,2,16,A01
201900036930,2,31,,0,2,8,7,B01
201900036931,2,7,,13,0,0,1,A01
201900036932,1,7,,0,2,1,15,B01
201900036932,2,7,,0,2,3,1,A01
201900036933,1,7,,14,0,3,15,A01
201900036933,1,2,,0,2,1,17,B01
201900036934,2,7,,0,2,2,1,C01
201900036934,1,15,,0,2,2,1,B01
201900036934,1,7,,3,2,8,15,A01
201900036935,0,7,,0,2,6,15,B01
201900036935,0,2,,0,2,3,6,A01
201900036936,2,33,,0,2,1,13,A01
201900036936,1,15,,0,2,1,1,B01
201900036937,3,7,,0,2,3,26,B01
201900036937,3,7,,0,2,3,1,A01
201900036938,2,31,,0,2,7,1,A01
201900036938,2,7,,0,2,3,1,B01
201900036939,2,14,,0,2,6,1,B01
201900036939,2,7,,0,2,6,10,A01
201900036940,2,7,,14,1,2,21,A01
201900036941,1,10,,0,1,3,1,A01
201900036942,2,21,,0,2,6,15,B01
201900036942,2,7,,0,2,2,13,A01
201900036943,1,7,,0,2,2,2,A01
201900036943,1,7,,0,0,4,16,B01
201900036944,2,7,,13,0,2,14,A01
201900036945,3,32,,0,2,1,19,A01
201900036945,1,7,,0,2,1,1,B01
201900036946,0,10,,2,0,3,0,A01
201900036947,0,33,,6,0,4,1,A01
201900036948,2,7,,0,2,1,13,A01
201900036948,1,7,,15,2,6,1,B01
201900036948,1,10,,0,2,1,1,C01
201900036949,2,7,,0,2,3,13,A01
201900036949,1,7,,0,2,8,1,B01
201900036950,1,1,,0,2,4,2,B01
201900036950,1,7,,0,2,1,2,A01
201900036951,2,7,,0,2,1,13,A01
201900036951,1,7,,0,2,1,1,B01
201900036951,1,7,,0,2,1,1,C01
201900036952,1,7,,8,0,1,1,A01
201900036953,2,33,,0,2,1,1,D01
201900036953,2,7,,0,2,3,1,C01
201900036953,2,7,,0,2,8,1,B01
201900036953,1,7,,0,2,8,13,A01
201900036954,3,3,,0,2,1,1,A01
201900036954,3,7,,0,2,1,1,B01
201900036955,1,7,,2,0,1,1,A01
201900036956,1,7,,13,2,2,17,A01
201900036956,1,10,,0,2,3,15,B01
201900036957,3,7,,0,1,2,1,A01
201900036958,2,2,,12,0,7,1,A01
201900036959,1,7,,15,9,3,0,A01
201900036960,1,7,,15,0,1,13,A01
201900036961,2,2,,0,2,2,1,B01
201900036961,3,7,,0,2,3,15,A01
201900036962,1,7,,2,0,6,1,A01
201900036963,1,7,,2,0,1,0,A01
201900036964,0,7,,0,2,3,0,B01
201900036964,0,7,,0,2,3,13,A01
201900036965,2,7,,16,2,1,1,A01
201900036965,1,7,,16,2,8,1,B01
201900036966,3,1,,0,2,8,1,B01
201900036966,3,7,,0,2,8,13,A01
201900036967,2,7,,0,2,2,19,A01
201900036967,1,7,,0,2,7,1,B01
201900036968,2,7,,2,0,2,0,A01
201900036969,0,7,,0,2,2,19,A01
201900036969,2,7,,0,2,1,1,B01
201900036970,2,2,,0,2,1,13,A01
201900036970,1,7,,0,2,3,1,B01
201900036971,1,31,,0,2,1,17,C01
201900036971,1,31,,0,2,7,17,B01
201900036971,1,7,,0,2,4,15,A01
201900036972,1,7,,6,0,3,13,A01
201900036973,2,7,,0,2,3,13,A01
201900036973,1,16,,0,2,3,1,B01
201900036974,0,0,,0,2,1,19,B01
201900036974,1,32,,0,1,1,17,A01
201900036975,2,33,,3,0,3,2,A01
201900036976,2,7,,3,0,8,13,A01
201900036977,1,7,,0,0,4,17,B01
201900036977,1,16,,0,2,1,13,A01
201900036978,0,7,,4,0,3,17,A01
201900036979,2,7,,3,2,7,1,B01
201900036979,2,7,,3,2,8,13,A01
201900036980,1,10,,16,0,8,14,A01
201900036981,0,2,,0,0,0,1,A01
201900036982,3,2,,0,2,3,5,B01
201900036982,3,7,,0,2,3,1,A01
201900036983,0,1,,14,0,1,1,A01
201900036984,3,7,,0,2,3,15,B01
201900036984,3,34,,0,2,1,1,A01
201900036985,3,2,,13,0,3,1,A01
201900036986,3,99,,14,0,1,1,A01
201900036987,3,1,,13,0,0,14,A01
201900036988,3,2,,0,0,0,1,A01
201900036989,0,7,,0,1,0,0,A01
201900036990,3,1,,0,2,1,26,B01
201900036990,3,7,,0,2,2,15,A01
201900036991,1,15,,6,0,1,0,A01
201900036992,1,7,,0,9,1,2,A01
201900036992,1,1,,0,2,7,19,B01
201900036993,1,7,,6,0,2,13,A01
201900036994,1,7,,0,2,2,1,B01
201900036994,2,2,,0,2,1,13,A01
201900036995,1,2,,0,2,1,17,B01
201900036995,1,7,,0,2,4,23,A01
201900036996,2,7,,15,1,1,0,A01
201900036997,1,1,,0,2,1,1,B01
201900036997,2,10,,0,9,2,1,A01
201900036998,2,2,,0,1,1,1,A01
201900036999,2,7,,0,1,2,21,A01
201900037000,2,7,,0,2,2,5,A01
201900037000,1,7,,0,2,2,0,B01
201900037001,1,10,,0,1,2,1,A01
201900037002,2,33,,0,2,1,1,B01
201900037002,1,7,,6,2,2,15,A01
201900037003,2,7,,15,0,1,1,A01
201900037004,1,2,,0,2,1,1,B01
201900037004,1,7,,7,2,2,19,A01
201900037005,1,7,,0,2,3,15,A01
201900037005,2,33,,1,2,1,1,B01
201900037005,2,7,,0,2,1,24,C01
201900037006,1,7,,7,2,7,15,A01
201900037006,1,7,,7,2,8,1,B01
201900037007,1,7,,0,2,7,13,A01
201900037007,2,7,,0,2,1,21,B01
201900037007,1,7,,0,2,1,1,C01
201900037008,2,7,,0,2,3,1,B01
201900037008,1,10,,0,2,3,1,A01
201900037009,1,7,,0,0,4,2,B01
201900037009,1,2,,0,2,1,2,A01
201900037010,1,7,,0,2,3,1,B01
201900037010,2,33,,0,2,9,26,A01
201900037011,0,2,,0,0,0,0,A01
201900037012,2,33,,6,0,3,1,A01
201900037013,3,7,,0,0,8,1,C01
201900037013,3,7,,0,0,3,1,B01
201900037013,0,7,,0,0,4,15,A01
201900037014,1,7,,0,0,7,19,A01
201900037014,2,7,,0,0,1,1,B01
201900037015,3,7,,0,1,1,20,A01
201900037016,1,7,,0,1,2,1,A01
201900037017,1,7,,4,2,3,1,B01
201900037017,2,7,,0,2,1,5,A01
201900037018,1,7,,0,0,3,1,A01
201900037019,0,31,,0,2,2,1,B01
201900037019,0,7,,0,2,3,9,A01
201900037020,2,7,,4,2,5,13,A01
201900037020,1,7,,0,2,3,1,B01
201900037021,0,7,,0,2,2,15,A01
201900037021,1,33,,0,2,1,1,B01
201900037022,1,7,,2,0,2,14,A01
201900037023,2,7,,12,0,3,1,A01
201900037024,1,38,1.0,0,2,3,13,B01
201900037024,2,33,,0,2,8,1,A01
201900037025,2,7,,0,2,8,1,B01
201900037025,1,2,,0,2,7,1,A01
201900037026,3,7,,6,0,1,1,A01
201900037027,1,34,,0,2,1,1,B01
201900037027,1,7,,0,0,4,11,A01
201900037028,1,7,,0,0,4,1,A01
201900037028,1,7,,0,2,1,1,B01
201900037028,1,7,,0,2,4,2,C01
201900037028,1,7,,0,0,0,0,D01
201900037029,1,7,,0,2,1,2,D01
201900037029,1,7,,0,2,4,2,C01
201900037029,1,7,,0,2,4,2,B01
201900037029,1,7,,0,2,4,2,A01
201900037030,1,10,,0,2,3,11,A01
201900037030,1,33,,0,2,7,3,B01
201900037031,2,33,,0,2,4,23,B01
201900037031,2,7,,0,2,4,2,C01
201900037031,2,7,,0,2,1,2,Z01
201900037032,1,7,,0,2,4,2,C01
201900037032,1,7,,0,2,4,2,B01
201900037032,1,7,,0,2,1,2,A01
201900037033,2,34,,0,2,8,11,A01
201900037033,2,33,,0,2,7,3,B01
201900037034,1,31,,0,2,3,3,B01
201900037034,1,7,,0,2,2,12,A01
201900037035,1,7,,0,2,4,2,B01
201900037035,1,7,,0,2,1,1,A01
201900037036,2,17,,0,2,2,1,A01
201900037036,2,7,,0,2,8,2,B01
201900037037,1,10,,3,0,2,13,A01
201900037038,1,7,,16,0,1,1,A01
201900037039,2,7,,0,2,3,1,B01
201900037039,1,7,,0,2,3,1,A01
201900037040,1,7,,8,0,7,14,A01
201900037041,0,33,,0,0,0,0,A01
201900037042,1,7,,0,2,4,1,C01
201900037042,1,7,,0,2,4,1,B01
201900037042,1,7,,0,2,1,1,A01
201900037043,2,7,,0,2,1,13,A01
201900037043,2,7,,0,2,4,1,B01
201900037044,1,7,,0,2,6,1,B01
201900037044,1,15,,0,2,2,12,A01
201900037045,2,7,,0,1,0,1,A01
201900037046,1,7,,0,9,2,20,B01
201900037046,1,32,,0,2,1,1,A01
201900037047,1,7,,0,2,2,1,C01
201900037047,1,33,,0,2,4,1,B01
201900037047,1,7,,0,2,1,1,A01
201900037048,1,7,,0,1,3,25,A01
201900037049,3,10,,0,2,1,1,B01
201900037049,1,7,,0,2,6,19,A01
201900037050,3,1,,0,2,1,1,B01
201900037050,2,7,,0,6,3,15,A01
201900037051,2,1,,0,2,4,1,B01
201900037051,1,7,,0,9,1,9,A01
201900037052,3,7,,0,2,3,1,A01
201900037052,3,7,,0,2,3,13,B01
201900037053,1,7,,0,2,7,19,A01
201900037053,1,33,,0,2,1,1,B01
201900037054,1,32,,0,0,0,0,B01
201900037054,2,7,,0,2,0,2,A01
201900037055,1,7,,0,2,1,2,A01
201900037055,1,10,,1,2,4,1,B01
201900037056,2,7,,0,1,3,1,A01
201900037057,2,33,,0,2,7,1,B01
201900037057,2,10,,0,2,6,12,A01
201900037058,3,38,1.0,0,2,3,15,B01
201900037058,1,30,,0,2,1,3,A01
201900037059,2,7,,2,0,8,1,A01
201900037060,1,14,,0,1,7,1,A01
201900037061,0,10,,0,1,7,1,A01
201900037062,3,7,,0,1,3,1,A01
201900037063,1,7,,0,2,3,1,A01
201900037063,2,7,,0,2,2,15,Z01
201900037064,1,7,,0,2,3,10,B01
201900037064,1,2,,0,2,1,17,A01
201900037065,1,7,,0,2,2,14,A01
201900037065,1,30,,0,2,7,1,B01
201900037066,1,7,,4,0,3,1,A01
201900037067,1,1,,0,2,7,1,A01
201900037067,2,7,,0,6,1,5,Z01
201900037068,1,7,,0,1,3,1,A01
201900037069,2,32,,0,2,1,1,B01
201900037069,1,7,,0,2,7,15,A01
201900037070,1,30,,14,0,1,13,A01
201900037071,1,10,,0,1,1,1,A01
201900037072,0,10,,0,1,1,26,A01
201900037073,2,7,,0,2,5,15,A01
201900037073,1,1,,0,2,1,1,B01
201900037074,2,7,,0,2,1,2,A01
201900037074,2,7,,0,2,4,1,B01
201900037075,2,7,,0,2,3,9,A01
201900037075,3,1,,0,2,7,0,B01
201900037076,1,7,,0,2,0,1,A01
201900037076,1,37,1.0,0,2,1,1,B01
201900037077,1,7,,0,2,1,1,A01
201900037077,1,7,,0,2,4,1,B01
201900037077,1,7,,0,2,4,1,C01
201900037078,1,7,,0,2,3,1,B01
201900037078,1,7,,0,2,2,1,A01
201900037079,2,7,,0,1,1,9,A01
201900037080,1,7,,0,2,1,9,A01
201900037080,1,1,,0,1,7,9,B01
201900037081,0,7,,0,1,1,26,A01
201900037082,2,10,,4,0,3,1,A01
201900037083,3,7,,9,0,2,10,A01
201900037084,3,34,,0,2,1,1,B01
201900037084,2,10,,0,2,7,19,A01
201900037085,3,7,,0,2,1,9,A01
201900037085,1,1,,0,2,7,1,B01
201900037086,2,7,,0,2,1,1,A01
201900037086,2,7,,0,2,4,1,B01
201900037086,2,7,,0,2,4,1,C01
201900037087,2,30,,0,2,1,17,A01
201900037087,2,7,,0,2,8,15,B01
201900037088,2,7,,0,2,2,1,A01
201900037088,2,30,,0,2,1,1,B01
201900037089,2,7,,0,2,2,15,A01
201900037089,1,7,,0,2,2,1,B01
201900037090,1,31,,0,2,0,17,B01
201900037090,1,10,,0,2,8,15,A01
201900037091,1,7,,0,2,3,15,B01
201900037091,2,32,,0,2,1,1,A01
201900037092,2,7,,0,2,1,0,A01
201900037092,2,7,,0,2,4,0,B01
201900037093,1,7,,0,2,1,26,A01
201900037093,1,7,,0,2,4,0,B01
201900037093,1,7,,0,2,4,0,C01
201900037093,1,7,,0,2,4,0,D01
201900037094,3,30,,0,1,1,17,A01
201900037095,2,7,,0,2,2,15,A01
201900037095,1,33,,0,2,1,1,B01
201900037096,2,31,,0,2,1,26,A01
201900037096,3,7,,0,2,3,26,B01
201900037097,3,7,,0,2,2,15,A01
201900037097,3,7,,0,2,6,1,B01
201900037098,1,30,,0,2,1,1,A01
201900037098,1,7,,0,2,8,2,B01
201900037098,1,7,,0,2,3,1,C01
201900037099,1,33,,1,2,8,18,A01
201900037099,1,7,,0,2,7,1,B01
201900037100,1,10,,0,1,2,1,A01
201900037100,3,7,,0,0,3,24,B01
201900037101,1,33,,0,2,1,1,B01
201900037101,2,7,,0,2,1,15,A01
201900037102,3,80,,14,0,7,1,A01
201900037103,1,7,,0,2,3,1,A01
201900037103,1,7,,0,2,4,1,B01
201900037103,1,10,,0,0,0,0,C01
201900037103,1,7,,0,2,5,1,D01
201900037103,1,7,,0,2,2,1,E01
201900037103,1,7,,0,0,0,0,Z01
201900037104,3,7,,0,1,1,9,A01
201900037105,0,7,,0,1,8,1,A01
201900037106,0,7,,0,2,1,15,A01
201900037106,0,33,,0,2,2,1,B01
201900037107,1,31,,0,2,7,1,A01
201900037107,1,7,,0,2,1,9,B01
201900037108,0,7,,0,1,1,26,A01
201900037109,0,7,,0,2,0,0,B01
201900037109,0,10,,0,2,0,0,A01
201900037110,1,2,,0,0,7,1,A01
201900037111,1,33,,0,2,1,26,A01
201900037111,1,7,,0,2,6,2,B01
201900037112,1,7,,0,2,3,15,A01
201900037112,1,30,,0,2,1,1,B01
201900037113,0,7,,0,2,5,0,A01
201900037113,0,2,,0,2,0,0,B01
201900037114,0,7,,0,1,1,16,A01
201900037115,1,7,,0,1,2,1,A01
201900037116,3,7,,0,1,2,15,A01
201900037117,3,1,,0,2,1,15,B01
201900037117,3,7,,0,2,2,1,A01
201900037118,3,7,,0,2,1,15,C01
201900037118,3,7,,0,2,1,1,D01
201900037119,0,7,,0,1,1,1,A01
201900037120,3,7,,0,2,4,1,B01
201900037120,3,30,,0,2,1,2,A01
201900037121,3,7,,1,0,1,1,A01
201900037122,1,7,,0,2,1,15,A01
201900037122,2,7,,0,2,8,1,B01
201900037123,2,2,,0,2,1,1,B01
201900037123,2,7,,0,2,3,15,A01
201900037124,1,10,,0,1,1,1,A01
201900037125,3,7,,12,0,0,26,A01
201900037126,0,10,,0,1,2,1,A01
201900037127,1,7,,0,2,2,2,B01
201900037127,1,7,,0,2,1,2,A01
201900037128,1,7,,0,2,1,0,A01
201900037128,1,1,,0,2,2,1,B01
201900037129,1,7,,0,1,8,1,A01
201900037130,1,2,,0,2,1,17,B01
201900037130,1,7,,0,2,3,15,A01
201900037131,3,1,,0,2,5,0,B01
201900037131,2,7,,0,2,1,9,A01
201900037132,0,33,,1,0,1,14,A01
201900037133,3,14,,0,2,3,1,B01
201900037133,3,7,,0,2,3,13,A01
201900037134,1,34,,0,0,0,0,A01
201900037135,1,31,,12,0,1,1,A01
201900037136,3,7,,0,0,9,0,A01
201900037137,1,7,,0,2,1,23,B01
201900037137,2,30,,0,1,1,3,A01
201900037138,2,30,,0,1,1,1,A01
201900037139,1,31,,0,2,1,17,A01
201900037139,3,7,,0,2,6,15,B01
201900037140,1,30,,0,2,7,17,A01
201900037140,1,7,,0,2,8,15,B01
201900037141,0,37,3.0,0,2,1,1,B01
201900037141,0,7,,0,2,1,13,A01
201900037142,3,7,,0,2,4,0,B01
201900037142,3,7,,0,2,4,0,C01
201900037142,3,7,,0,2,1,0,A01
201900037143,0,33,,0,2,0,26,A01
201900037143,0,7,,0,2,1,1,B01
201900037144,3,30,,12,0,2,1,A01
201900037145,1,10,,0,6,7,1,B01
201900037145,2,31,,0,2,3,0,A01
201900037146,2,7,,0,2,0,15,A01
201900037146,2,32,,0,2,0,2,B01
201900037147,1,1,,0,0,1,0,A01
201900037148,3,10,,0,1,2,26,A01
201900037149,2,33,,0,2,2,17,B01
201900037149,2,7,,0,2,8,15,Z01
201900037150,3,7,,0,2,1,15,A01
201900037150,3,32,,0,2,1,1,B01
201900037151,1,7,,0,2,3,1,A01
201900037151,2,7,,0,2,8,1,B01
201900037152,1,7,,0,1,2,1,A01
201900037153,2,10,,0,2,5,1,B01
201900037153,1,7,,0,2,1,1,A01
201900037154,0,1,,0,0,0,9,A01
201900037155,2,32,,0,2,1,0,B01
201900037155,2,7,,0,2,3,15,A01
201900037156,2,7,,9,0,8,1,A01
201900037157,2,33,,0,0,2,1,A01
201900037158,1,7,,0,2,6,2,B01
201900037158,1,7,,6,2,1,2,A01
201900037159,2,7,,0,2,1,1,B01
201900037159,1,7,,0,2,1,17,A01
201900037160,1,7,,0,2,1,2,C01
201900037160,1,7,,0,2,9,2,B01
201900037160,1,7,,0,2,4,23,A01
201900037161,2,1,,0,2,7,15,B01
201900037161,2,7,,0,2,3,9,A01
201900037162,3,7,,13,0,9,9,A01
201900037163,2,34,,0,2,1,1,B01
201900037163,1,7,,0,2,7,15,A01
201900037164,1,7,,0,0,0,0,A01
201900037164,1,34,,0,0,0,0,B01
201900037165,2,10,,0,2,1,2,A01
201900037165,2,7,,0,0,4,2,B01
201900037166,1,10,,0,2,3,15,A01
201900037166,1,10,,0,2,1,1,B01
201900037167,2,33,,0,2,1,17,A01