Num_Acc,senc,catv,occutc,obs,obsm,choc,manv,num_veh
201900037167,1,32,,0,2,1,1,C01
201900037167,2,7,,0,2,6,1,D01
201900037167,2,33,,0,2,9,17,B01
201900037168,3,7,,0,2,3,10,A01
201900037168,3,33,,0,2,1,21,B01
201900037169,1,7,,0,1,1,1,A01
201900037170,1,7,,0,2,6,15,A01
201900037170,2,32,,0,2,1,26,B01
201900037171,2,7,,0,1,1,15,A01
201900037172,2,7,,0,1,2,1,A01
201900037173,1,7,,0,2,4,23,B01
201900037173,1,7,,0,2,1,2,A01
201900037174,1,7,,0,2,3,1,B01
201900037174,2,7,,0,2,3,13,A01
201900037175,1,32,,0,0,8,26,A01
201900037176,1,7,,11,2,2,15,A01
201900037176,2,7,,13,2,1,2,B01
201900037177,3,2,,0,2,2,2,B01
201900037177,3,7,,0,2,8,2,A01
201900037178,3,7,,1,0,1,13,A01
201900037179,2,31,,0,2,3,11,A01
201900037179,2,32,,0,2,1,3,B01
201900037179,2,7,,0,2,4,1,C01
201900037180,3,31,,8,0,3,1,A01
201900037181,1,7,,0,2,5,16,B01
201900037181,2,30,,0,2,1,1,A01
201900037182,2,30,,0,2,2,8,A01
201900037182,2,7,,0,2,8,15,B01
201900037183,2,30,,0,0,8,1,A01
201900037184,1,7,,0,2,2,21,A01
201900037184,2,1,,0,2,4,1,B01
201900037185,1,30,,0,1,1,1,A01
201900037186,1,32,,0,2,4,1,B01
201900037186,1,7,,0,2,1,1,A01
201900037187,2,34,,0,1,2,1,A01
201900037188,1,7,,0,2,3,1,B01
201900037188,1,31,,0,2,1,1,A01
201900037189,2,30,,14,0,1,18,A01
201900037190,1,30,,0,2,7,1,A01
201900037190,2,10,,0,2,1,1,B01
201900037191,1,7,,0,2,4,2,B01
201900037191,1,7,,0,2,1,2,A01
201900037192,1,7,,1,1,2,1,A01
201900037193,1,1,,0,0,0,21,A01
201900037194,1,1,,0,2,7,15,A01
201900037194,3,7,,0,2,3,1,B01
201900037195,1,7,,0,1,1,1,A01
201900037196,2,7,,0,2,3,16,B01
201900037196,1,31,,0,2,2,1,A01
201900037197,1,33,,14,0,0,16,A01
201900037198,3,7,,0,2,1,2,A01
201900037198,3,7,,0,2,4,2,B01
201900037198,3,7,,0,2,4,2,C01
201900037199,1,7,,14,1,4,4,A01
201900037200,2,33,,1,0,1,14,A01
201900037201,1,7,,0,2,2,1,B01
201900037201,1,31,,0,2,8,13,A01
201900037202,3,7,,0,1,3,15,A01
201900037203,1,7,,0,2,3,15,B01
201900037203,1,30,,0,2,2,3,A01
201900037204,1,7,,0,2,3,15,B01
201900037204,1,32,,0,2,7,17,A01
201900037205,1,32,,0,1,1,1,A01
201900037206,2,32,,0,2,7,1,B01
201900037206,2,7,,0,2,8,13,A01
201900037207,1,10,,0,2,1,2,A01
201900037207,1,7,,0,2,4,23,B01
201900037207,1,7,,0,2,4,23,C01
201900037208,2,7,,0,2,3,20,A01
201900037208,2,30,,0,2,1,1,B01
201900037209,1,10,,0,2,8,15,A01
201900037209,1,2,,0,2,7,17,B01
201900037210,2,33,,0,2,1,7,A01
201900037210,2,7,,0,2,3,16,B01
201900037211,1,7,,0,2,7,15,B01
201900037211,2,30,,0,2,1,1,A01
201900037212,1,2,,0,2,1,1,B01
201900037212,1,10,,0,2,3,1,A01
201900037213,1,7,,8,1,2,9,A01
201900037214,2,10,,0,1,2,2,A01
201900037215,2,1,,0,2,6,15,A01
201900037215,2,32,,0,2,2,17,B01
201900037216,1,2,,1,0,8,13,A01
201900037217,1,7,,4,0,1,13,A01
201900037218,2,7,,0,1,2,1,A01
201900037219,1,43,,0,2,3,1,B01
201900037219,1,7,,0,2,5,16,A01
201900037220,1,1,,0,2,6,15,B01
201900037220,1,30,,0,2,2,17,A01
201900037221,1,10,,0,2,2,1,A01
201900037221,2,34,,0,2,6,1,B01
201900037222,1,7,,0,2,3,15,B01
201900037222,1,32,,0,2,7,5,A01
201900037223,2,7,,0,1,1,1,A01
201900037224,2,50,,0,1,8,1,A01
201900037225,2,1,,0,2,1,1,B01
201900037225,2,7,,0,2,3,22,A01
201900037226,2,7,,0,2,3,22,A01
201900037226,2,33,,0,2,2,3,B01
201900037227,1,10,,11,0,1,13,A01
201900037228,2,7,,0,2,7,15,A01
201900037228,2,7,,0,2,1,1,B01
201900037229,3,7,,0,2,1,1,B01
201900037229,3,7,,0,2,7,16,A01
201900037230,2,43,,0,1,2,1,A01
201900037231,2,30,,0,0,7,1,A01
201900037232,2,7,,0,1,2,23,A01
201900037233,2,34,,0,2,4,23,A01
201900037233,2,7,,0,2,1,1,Z01
201900037234,2,7,,0,2,1,15,A01
201900037234,1,2,,0,2,7,1,B01
201900037235,1,14,,0,2,7,1,A01
201900037235,1,2,,0,2,1,1,B01
201900037236,2,1,,0,2,0,1,B01
201900037236,2,7,,0,2,5,22,A01
201900037237,2,1,,0,0,0,1,A01
201900037238,1,37,1.0,0,1,7,1,A01
201900037239,2,32,,0,1,1,3,A01
201900037240,1,32,,0,2,2,1,B01
201900037240,1,7,,0,2,3,13,A01
201900037241,1,34,,0,2,1,1,B01
201900037241,2,7,,0,2,7,1,A01
201900037242,1,33,,14,0,0,14,A01
201900037243,1,1,,0,2,2,1,B01
201900037243,1,7,,0,2,2,14,A01
201900037244,2,33,,0,2,5,1,B01
201900037244,2,30,,0,2,8,10,A01
201900037245,2,10,,0,1,4,4,A01
201900037246,1,7,,0,1,4,20,A01
201900037247,1,30,,0,2,2,1,A01
201900037247,1,7,,0,2,3,26,B01
201900037248,1,7,,0,1,2,5,A01
201900037249,2,31,,15,0,0,0,A01
201900037250,1,2,,0,2,1,17,B01
201900037250,1,7,,0,2,8,15,A01
201900037251,2,1,,0,1,7,25,A01
201900037252,1,42,,0,2,2,3,A01
201900037252,1,10,,0,2,4,1,B01
201900037253,2,30,,0,1,2,25,A01
201900037254,1,10,,0,1,2,16,A01
201900037255,1,32,,0,2,5,3,A01
201900037255,1,7,,0,2,3,13,B01
201900037256,1,7,,8,0,1,14,A01
201900037257,1,7,,9,0,1,26,A01
201900037258,3,7,,16,0,0,0,B01
201900037258,3,37,1.0,16,0,1,2,A01
201900037259,1,7,,0,1,3,26,A01
201900037260,1,7,,16,0,5,0,A01
201900037260,3,7,,0,2,2,2,B01
201900037261,1,3,,0,2,1,11,A01
201900037261,1,2,,0,2,8,1,B01
201900037262,3,7,,0,1,1,1,A01
201900037263,1,7,,0,1,1,1,A01
201900037264,2,7,,0,2,2,14,A01
201900037265,1,7,,0,2,1,2,A01
201900037265,1,7,,0,2,4,2,B01
201900037266,3,7,,0,2,3,1,B01
201900037266,3,7,,0,2,3,15,A01
201900037267,3,7,,0,2,2,19,A01
201900037267,3,2,,0,2,1,15,B01
201900037268,1,10,,0,1,1,1,A01
201900037269,0,30,,0,2,1,19,A01
201900037269,0,7,,0,2,1,1,B01
201900037270,1,7,,0,2,5,0,C01
201900037270,2,7,,0,2,3,1,B01
201900037270,1,50,,1,2,1,1,A01
201900037271,1,32,,8,0,8,26,A01
201900037272,1,7,,3,0,1,16,A01
201900037273,2,34,,0,2,2,11,A01
201900037273,2,7,,0,2,6,1,B01
201900037274,1,99,,0,2,1,0,A01
201900037274,3,7,,0,2,0,0,B01
201900037275,3,7,,0,6,3,25,A01
201900037275,1,99,,0,2,7,1,B01
201900037276,2,7,,0,2,3,1,B01
201900037276,2,7,,0,2,8,1,C01
201900037276,1,33,,0,2,1,5,A01
201900037277,1,99,,0,1,2,15,A01
201900037278,1,7,,0,2,3,13,B01
201900037278,2,7,,0,1,2,26,C01
201900037278,1,30,,0,2,2,17,A01
201900037279,1,7,,0,6,1,1,B01
201900037279,1,7,,0,6,2,16,A01
201900037280,1,7,,0,2,3,19,B01
201900037280,1,7,,0,2,2,26,A01
201900037281,1,3,,0,2,3,20,A01
201900037281,1,2,,0,2,2,2,B01
201900037282,2,32,,0,1,3,1,A01
201900037283,1,7,,0,1,1,1,A01
201900037284,1,7,,0,2,1,1,B01
201900037284,1,7,,0,2,3,1,A01
201900037285,1,7,,0,0,8,15,A01
201900037286,3,7,,5,0,2,21,A01
201900037287,1,2,,0,2,2,10,B01
201900037287,1,7,,0,2,1,1,A01
201900037288,1,7,,0,2,5,0,A01
201900037288,1,7,,0,2,3,1,B01
201900037289,1,7,,0,2,4,2,B01
201900037289,1,7,,0,2,4,2,A01
201900037290,1,7,,0,1,7,20,A01
201900037291,2,7,,0,1,3,15,A01
201900037292,2,7,,15,1,1,15,A01
201900037293,0,31,,0,2,1,17,A01
201900037293,0,7,,0,2,3,9,B01
201900037294,1,1,,12,0,2,25,A01
201900037295,1,1,,0,2,1,0,B01
201900037295,1,7,,0,2,3,9,A01
201900037296,3,7,,0,2,5,1,A01
201900037296,0,7,,0,2,1,16,B01
201900037297,2,7,,0,2,1,1,A01
201900037297,2,7,,0,2,4,1,B01
201900037297,2,7,,0,2,4,1,C01
201900037297,2,7,,0,2,4,1,D01
201900037298,3,0,,0,1,2,0,A01
201900037299,1,7,,0,2,3,15,A01
201900037299,2,50,,0,2,1,0,B01
201900037300,1,7,,0,2,1,9,A01
201900037300,1,7,,0,2,4,9,B01
201900037301,2,33,,1,2,7,1,A01
201900037301,2,7,,0,2,8,15,B01
201900037302,1,7,,0,6,0,0,A01
201900037302,1,1,,0,2,0,0,B01
201900037303,3,32,,0,2,3,21,B01
201900037303,3,7,,1,0,3,13,A01
201900037304,1,7,,0,2,6,15,B01
201900037304,1,31,,0,2,1,2,A01
201900037305,2,32,,8,0,1,2,A01
201900037306,1,10,,0,2,2,15,A01
201900037306,2,33,,0,2,1,1,B01
201900037307,1,7,,0,2,1,15,A01
201900037307,1,80,,0,2,1,18,B01
201900037308,1,2,,0,2,1,2,A01
201900037308,1,7,,0,2,4,1,B01
201900037309,3,33,,0,2,7,16,B01
201900037309,3,7,,0,2,8,15,A01
201900037310,3,31,,1,0,1,9,A01
201900037311,3,2,,0,2,1,1,B01
201900037311,2,7,,0,2,6,15,A01
201900037312,1,15,,0,1,1,1,A01
201900037313,3,30,,0,1,0,25,A01
201900037314,1,10,,1,1,2,0,A01
201900037315,1,30,,0,2,4,26,A01
201900037315,1,37,1.0,0,2,4,23,B01
201900037316,0,13,,0,2,3,1,B01
201900037316,2,7,,0,2,3,13,A01
201900037317,2,7,,0,2,1,1,A01
201900037317,3,7,,0,2,7,15,B01
201900037318,2,7,,4,0,2,2,A01
201900037319,1,7,,0,2,1,2,Z01
201900037319,1,33,,0,2,4,2,B01
201900037320,1,33,,0,2,1,1,B01
201900037320,1,7,,0,2,2,15,A01
201900037321,1,7,,0,2,1,1,B01
201900037321,2,7,,0,2,1,15,A01
201900037322,1,10,,2,0,1,13,A01
201900037323,2,7,,0,2,1,15,A01
201900037323,1,33,,0,2,1,0,B01
201900037324,2,7,,0,2,4,2,B01
201900037324,2,7,,0,2,1,2,A01
201900037325,2,17,,0,2,3,1,B01
201900037325,1,7,,0,2,5,12,A01
201900037326,1,1,,0,2,4,0,A01
201900037326,1,7,,0,0,0,0,Z01
201900037327,1,30,,11,0,1,1,A01
201900037328,1,33,,1,1,1,14,A01
201900037329,3,7,,0,2,8,2,B01
201900037329,3,7,,0,2,7,15,A01
201900037330,2,7,,0,2,3,1,B01
201900037330,1,30,,0,2,1,5,A01
201900037331,3,7,,0,6,1,1,A01
201900037331,3,30,,0,2,7,1,B01
201900037332,1,7,,0,2,7,16,A01
201900037332,3,1,,0,2,0,1,B01
201900037333,2,7,,0,6,3,26,A01
201900037333,2,80,,0,2,1,1,B01
201900037334,2,7,,0,2,2,16,B01
201900037334,2,32,,0,2,8,18,A01
201900037335,1,32,,0,2,1,1,C01
201900037335,1,7,,0,2,2,17,B01
201900037335,2,14,,0,6,3,2,A01
201900037336,2,2,,0,2,1,2,B01
201900037336,2,7,,0,2,3,26,A01
201900037337,0,1,,0,2,1,1,B01
201900037337,0,7,,0,2,3,9,A01
201900037338,0,7,,0,2,1,1,B01
201900037338,0,7,,0,2,4,23,A01
201900037339,0,33,,0,2,1,23,B01
201900037339,0,38,1.0,0,2,4,26,A01
201900037340,0,10,,0,2,5,1,B01
201900037340,0,7,,0,2,1,9,A01
201900037341,1,7,,0,1,7,1,A01
201900037342,1,33,,3,2,1,18,A01
201900037342,1,10,,0,2,5,1,B01
201900037343,2,7,,0,0,2,2,A01
201900037343,2,7,,0,0,6,2,B01
201900037344,1,7,,0,2,2,17,B01
201900037344,1,10,,0,2,6,17,A01
201900037345,1,37,1.0,0,2,0,0,B01
201900037345,1,99,,0,2,8,15,A01
201900037346,3,7,,0,1,1,1,A01
201900037347,3,38,8.0,16,0,1,1,A01
201900037348,3,7,,0,1,2,0,A01
201900037349,0,7,,0,2,5,17,A01
201900037349,0,2,,0,2,8,0,B01
201900037350,3,7,,0,1,3,0,A01
201900037351,2,7,,0,2,5,0,A01
201900037351,2,1,,0,2,6,1,B01
201900037352,2,7,,0,2,4,2,C01
201900037352,2,7,,0,2,4,2,B01
201900037352,2,7,,0,2,1,2,A01
201900037353,1,7,,0,2,2,13,A01
201900037353,2,7,,0,2,3,1,B01
201900037354,2,7,,0,2,3,1,A01
201900037354,1,10,,0,2,3,1,B01
201900037355,1,10,,0,1,2,1,A01
201900037356,1,7,,0,2,7,19,A01
201900037356,1,7,,0,2,1,1,B01
201900037357,1,7,,0,2,4,15,A01
201900037357,1,7,,0,2,4,1,B01
201900037357,1,7,,0,2,4,1,C01
201900037357,1,7,,0,2,1,1,D01
201900037358,2,7,,0,1,2,1,A01
201900037359,1,7,,9,2,2,16,Z01
201900037359,1,7,,0,2,6,15,B01
201900037360,3,7,,6,0,1,14,A01
201900037361,0,7,,0,2,3,17,A01
201900037361,0,31,,0,2,1,1,B01
201900037362,0,7,,0,2,1,26,A01
201900037362,0,30,,0,2,2,1,B01
201900037363,1,7,,0,1,2,1,A01
201900037364,3,99,,0,0,0,26,A01
201900037365,0,30,,0,2,9,9,A01
201900037365,0,10,,0,2,1,1,B01
201900037366,1,7,,0,1,2,9,A01
201900037367,2,40,,0,1,1,26,A01
201900037368,2,0,,0,0,0,9,A01
201900037368,2,0,,0,0,0,0,B01
201900037369,2,7,,0,2,4,2,B01
201900037369,2,1,,0,2,4,26,A01
201900037370,1,7,,0,1,2,1,A01
201900037371,2,50,,0,2,1,1,B01
201900037371,1,7,,0,2,2,9,A01
201900037372,1,40,,0,2,2,1,B01
201900037372,2,1,,0,-1,1,1,A01
201900037373,1,7,,0,2,1,1,A01
201900037373,1,30,,0,2,7,1,B01
201900037374,0,7,,0,1,1,1,A01
201900037375,2,1,,0,2,1,1,B01
201900037375,1,10,,0,6,1,16,A01
201900037376,1,7,,0,2,1,15,A01
201900037376,2,7,,0,2,3,1,B01
201900037377,1,7,,0,2,2,1,B01
201900037377,1,30,,0,2,3,25,A01
201900037378,1,7,,0,2,8,11,A01
201900037378,1,2,,0,2,2,11,B01
201900037379,1,31,,0,2,1,1,B01
201900037379,2,10,,0,2,2,15,A01
201900037380,2,7,,0,2,1,13,A01
201900037380,1,7,,0,2,1,1,B01
201900037381,1,1,,0,2,1,15,A01
201900037381,1,7,,0,2,8,15,B01
201900037382,1,7,,0,2,7,15,B01
201900037382,2,34,,0,2,3,17,A01
201900037383,2,1,,0,2,1,1,B01
201900037383,2,7,,0,2,8,24,A01
201900037384,1,30,,0,2,1,2,A01
201900037384,1,7,,0,2,4,23,B01
201900037385,2,2,,0,2,7,16,B01
201900037385,2,7,,0,2,3,16,A01
201900037386,1,1,,0,2,6,1,B01
201900037386,2,7,,0,2,1,1,A01
201900037387,1,7,,10,0,3,13,A01
201900037388,1,33,,0,2,1,1,A01
201900037388,1,7,,0,2,1,15,B01
201900037389,1,20,,0,6,8,9,B01
201900037390,0,30,,11,0,1,17,A01
201900037391,1,7,,0,1,3,1,A01
201900037392,1,7,,0,2,8,1,B01
201900037392,1,7,,0,2,2,1,A01
201900037393,1,7,,0,1,2,1,A01
201900037394,3,7,,8,0,8,1,B01
201900037394,3,7,,0,2,0,0,A01
201900037395,3,7,,0,2,6,1,B01
201900037395,3,7,,0,2,1,19,A01
201900037396,2,7,,1,0,0,0,Z01
201900037396,2,33,,0,2,0,17,A01
201900037397,1,7,,0,2,1,2,B01
201900037397,1,7,,0,2,4,2,A01
201900037398,1,7,,0,2,4,2,B01
201900037398,1,2,,0,2,1,2,A01
201900037399,1,10,,0,1,2,15,A01
201900037400,1,7,,0,2,4,1,B01
201900037400,1,7,,0,2,4,1,A01
201900037401,1,33,,8,0,1,1,A01
201900037402,2,7,,0,2,1,1,B01
201900037402,1,7,,0,2,1,13,A01
201900037403,2,1,,12,0,1,16,A01
201900037404,2,7,,0,2,8,15,A01
201900037404,1,7,,0,2,1,1,B01
201900037405,2,99,,0,2,8,19,B01
201900037405,2,7,,0,2,2,1,A01
201900037406,1,7,,0,2,7,1,A01
201900037406,2,33,,0,2,8,0,B01
201900037407,1,1,,0,6,1,26,A01
201900037407,1,1,,0,6,1,1,B01
201900037408,2,50,,0,2,1,25,B01
201900037408,2,7,,0,9,2,16,A01
201900037409,1,7,,1,0,0,0,B01
201900037409,3,7,,0,2,5,20,A01
201900037410,1,7,,0,2,4,2,B01
201900037410,1,10,,0,2,1,2,A01
201900037411,1,7,,0,2,1,1,B01
201900037411,1,7,,0,2,1,1,A01
201900037412,1,7,,0,2,4,1,B01
201900037412,1,7,,0,2,1,1,A01
201900037413,1,7,,0,2,0,1,A01
201900037413,1,7,,0,2,4,1,B01
201900037414,1,7,,0,2,0,1,B01
201900037414,1,7,,0,2,1,1,A01
201900037415,1,1,,0,1,1,1,Z01
201900037416,2,1,,0,2,1,1,B01
201900037416,1,7,,0,2,2,15,A01
201900037417,1,7,,0,1,2,1,A01
201900037418,0,1,,0,2,1,1,B01
201900037418,0,7,,0,2,3,19,A01
201900037419,1,33,,0,2,1,2,B01
201900037419,2,7,,0,2,1,15,A01
201900037420,0,17,,0,2,7,1,A01
201900037420,0,7,,0,2,1,15,B01
201900037421,2,32,,0,1,1,1,A01
201900037422,2,7,,0,2,3,1,A01
201900037422,2,33,,0,2,8,0,B01
201900037423,1,33,,0,2,4,15,B01
201900037423,1,7,,0,2,3,1,A01
201900037424,0,7,,6,0,2,1,A01
201900037425,1,10,,0,1,1,1,A01
201900037426,1,1,,0,2,1,1,B01
201900037426,1,7,,0,2,1,9,Z01
201900037427,1,31,,1,0,1,14,Z01
201900037428,1,7,,0,1,8,0,A01
201900037429,1,1,,0,2,8,0,B01
201900037429,1,33,,0,2,9,0,A01
201900037430,1,30,,0,2,9,0,A01
201900037431,1,7,,0,2,3,0,A01
201900037431,1,7,,0,2,3,0,B01
201900037432,1,30,,0,0,7,0,A01
201900037433,1,1,,0,0,0,0,A01
201900037434,1,7,,0,1,1,16,A01
201900037435,2,31,,0,2,2,15,B01
201900037435,1,7,,0,2,3,13,A01
201900037436,1,33,,0,2,6,21,A01
201900037436,2,7,,0,2,6,1,B01
201900037437,1,33,,0,2,1,1,B01
201900037437,1,2,,0,2,1,11,A01
201900037438,2,7,,6,0,3,1,A01
201900037439,0,7,,0,1,1,1,A01
201900037440,1,7,,0,1,1,1,A01
201900037441,1,33,,0,2,1,2,A01
201900037441,2,7,,0,2,4,1,B01
201900037442,2,1,,0,2,1,9,A01
201900037442,1,7,,0,2,7,1,B01
201900037443,1,7,,0,1,2,16,A01
201900037444,2,7,,0,2,1,2,A01
201900037444,2,7,,0,2,4,1,B01
201900037445,1,30,,0,2,1,1,A01
201900037445,2,37,1.0,0,6,3,1,C01
201900037445,2,7,,0,2,2,1,B01
201900037446,1,7,,1,0,3,13,A01
201900037447,1,10,,0,1,3,1,A01
201900037448,3,10,,0,1,6,26,A01
201900037449,1,30,,0,0,0,1,A01
201900037450,1,7,,0,1,0,15,A01
201900037451,1,1,,0,2,0,1,B01
201900037451,1,7,,0,9,0,15,A01
201900037452,1,7,,0,2,0,26,A01
201900037452,1,7,,0,2,0,1,B01
201900037453,1,7,,1,0,1,1,A01
201900037454,1,10,,0,1,4,26,A01
201900037455,3,7,,0,2,1,26,B01
201900037455,3,7,,0,2,7,5,A01
201900037456,1,7,,0,1,2,2,A01
201900037457,0,50,,0,2,1,16,B01
201900037457,3,33,,0,0,7,15,A01
201900037458,3,2,,0,2,7,1,B01
201900037458,3,7,,0,2,1,1,C01
201900037458,1,7,,0,2,1,1,A01
201900037459,2,7,,0,2,7,1,A01
201900037459,2,7,,0,2,2,1,B01
201900037460,3,10,,0,1,0,20,A01
201900037461,3,7,,0,1,4,20,A01
201900037462,0,7,,0,2,1,2,A01
201900037462,0,7,,0,2,4,1,B01
201900037463,2,7,,0,2,1,1,A01
201900037463,2,7,,0,2,4,1,B01
201900037463,2,7,,0,2,4,1,C01
201900037464,0,1,,0,2,5,1,B01
201900037464,2,7,,0,2,3,9,A01
201900037465,0,1,,0,0,7,1,A01
201900037466,0,33,,0,2,1,2,A01
201900037466,0,7,,0,2,4,15,B01
201900037467,0,7,,0,0,0,26,A01
201900037467,2,10,,0,1,1,13,A01
201900037468,1,7,,0,2,4,23,A01
201900037468,1,7,,0,2,1,2,Z01
201900037469,2,7,,0,2,9,15,A01
201900037469,1,7,,0,2,1,1,B01
201900037470,1,7,,0,2,1,13,A01
201900037470,2,2,,0,2,1,1,B01
201900037471,2,7,,0,2,1,1,B01
201900037471,1,7,,0,2,2,1,A01
201900037472,3,1,,0,6,7,26,B01
201900037472,3,1,,0,6,8,26,A01
201900037473,1,2,,0,2,7,1,B01
201900037473,1,7,,0,2,1,26,A01
201900037474,1,7,,1,0,2,26,A01
201900037474,1,7,,0,2,1,24,B01
201900037475,3,2,,0,2,3,26,B01
201900037475,3,7,,0,2,3,26,A01
201900037476,2,1,,0,0,0,0,A01
201900037477,1,7,,0,2,3,1,A01
201900037477,1,7,,0,0,0,0,B01
201900037478,3,31,,14,0,1,1,A01
201900037479,1,7,,0,2,8,1,B01
201900037479,1,30,,0,2,1,1,A01
201900037480,2,7,,0,2,8,1,B01
201900037480,1,7,,0,2,1,13,A01
201900037481,1,7,,15,2,7,1,B01
201900037481,1,7,,15,2,1,9,A01
201900037482,1,7,,0,0,4,1,B01
201900037482,1,33,,0,2,1,1,A01
201900037483,2,7,,0,2,5,15,A01
201900037483,1,33,,0,2,1,1,B01
201900037484,2,34,,0,0,2,26,A01
201900037485,2,7,,0,2,4,2,B01
201900037485,2,33,,0,2,1,21,A01
201900037486,0,7,,0,2,1,0,B01
201900037486,0,7,,1,2,2,0,A01
201900037487,2,7,,0,2,2,1,A01
201900037487,3,7,,0,2,2,5,B01
201900037488,2,7,,15,2,1,26,A01
201900037488,2,7,,0,2,1,9,B01
201900037489,1,10,,0,2,1,13,A01
201900037489,2,10,,0,2,1,1,B01
201900037490,1,7,,9,2,3,1,B01
201900037490,2,7,,0,2,1,15,A01
201900037491,3,7,,0,2,4,2,B01
201900037491,3,7,,0,2,1,2,A01
201900037492,0,7,,0,1,1,26,A01
201900037493,2,7,,16,0,0,1,A01
201900037494,1,30,,0,2,1,1,A01
201900037494,1,7,,0,2,6,10,B01
201900037495,1,30,,0,2,1,1,A01
201900037495,1,2,,0,2,8,15,B01
201900037496,1,7,,0,1,2,1,B01
201900037497,2,1,,0,2,1,7,B01
201900037497,1,7,,0,2,6,23,C01
201900037498,1,7,,0,2,4,15,B01
201900037498,1,7,,0,2,1,1,C01
201900037498,2,7,,0,2,1,1,A01
201900037499,3,30,,0,1,1,1,A01
201900037500,2,7,,0,2,3,15,A01
201900037500,2,2,,0,2,1,21,B01
201900037501,2,32,,12,0,3,18,A01
201900037501,2,38,1.0,0,0,7,16,B01
201900037502,3,7,,0,2,1,1,B01
201900037502,3,1,,0,2,3,15,A01
201900037503,3,34,,0,2,1,1,A01
201900037503,3,7,,0,2,2,15,Z01
201900037504,1,7,,0,1,1,1,A01
201900037505,1,7,,0,2,4,26,A01
201900037505,1,7,,0,2,9,26,B01
201900037505,1,7,,0,2,9,0,D01
201900037505,1,7,,0,2,5,2,F01
201900037505,1,7,,0,2,9,26,E01
201900037505,1,7,,0,2,9,1,C01
201900037506,1,33,,0,2,9,1,B01
201900037506,3,7,,0,2,1,19,A01
201900037507,3,1,,0,2,7,1,B01
201900037507,3,7,,0,2,1,26,A01
201900037508,2,7,,0,1,1,2,A01
201900037509,1,1,,14,0,1,1,B01
201900037510,2,1,,0,2,2,19,A01
201900037510,3,7,,0,2,8,1,B01
201900037511,1,7,,0,2,1,2,A01
201900037511,1,7,,0,2,4,2,B01
201900037512,3,7,,0,2,1,1,A01
201900037512,3,7,,0,2,4,1,B01
201900037513,3,7,,0,2,1,15,A01
201900037513,3,7,,0,2,8,1,B01
201900037514,1,7,,0,2,1,15,A01
201900037514,2,33,,0,2,8,14,B01
201900037515,3,7,,0,2,3,15,A01
201900037515,3,2,,0,2,8,1,B01
201900037516,3,7,,0,0,7,14,A01
201900037517,3,7,,0,2,3,1,A01
201900037518,0,1,,14,2,3,15,B01
201900037518,0,7,,0,2,3,22,A01
201900037519,2,7,,0,2,1,10,A01
201900037519,2,33,,0,2,1,1,B01
201900037520,2,1,,0,2,8,2,B01
201900037520,1,7,,0,2,1,15,A01
201900037521,1,10,,0,2,5,16,A01
201900037521,1,1,,0,2,1,1,B01
201900037522,0,1,,0,2,5,19,B01
201900037522,2,33,,0,2,1,26,A01
201900037523,2,7,,0,2,1,1,A01
201900037523,2,7,,0,2,4,2,B01
201900037524,1,10,,0,2,4,1,B01
201900037524,2,10,,0,2,1,1,A01
201900037525,3,32,,0,2,2,26,A01
201900037525,3,7,,0,0,8,15,B01
201900037526,1,10,,0,2,2,1,B01
201900037526,2,10,,0,2,5,15,A01
201900037527,3,7,,0,2,7,1,C01
201900037527,3,7,,0,2,9,1,B01
201900037527,3,10,,0,2,3,16,A01
201900037528,1,10,,0,1,2,1,A01
201900037529,2,7,,0,2,7,1,B01
201900037529,2,2,,0,2,1,16,A01
201900037530,0,7,,0,0,6,23,C01
201900037530,1,32,,14,2,8,1,B01
201900037530,2,7,,0,2,3,15,A01
201900037531,2,7,,0,0,6,1,B01
201900037531,1,7,,13,2,1,17,A01
201900037532,1,40,,0,1,7,1,A01
201900037533,1,7,,0,2,7,10,A01
201900037533,1,31,,0,2,1,1,B01
201900037534,0,7,,0,1,0,26,Z01
201900037535,2,7,,0,2,2,19,A01
201900037535,1,7,,0,2,7,1,B01
201900037536,1,0,,0,1,0,0,Z01
201900037537,2,30,,13,0,0,14,A01
201900037538,2,1,,0,1,1,25,A01
201900037539,1,7,,0,2,1,2,A01
201900037539,0,7,,0,2,4,2,C01
201900037539,1,7,,0,2,4,2,B01
201900037540,2,7,,0,2,1,9,B01
201900037540,1,33,,0,2,1,1,A01
201900037541,1,7,,0,2,2,1,A01
201900037541,2,7,,0,2,3,9,B01
201900037542,1,31,,0,2,1,1,B01
201900037542,1,7,,0,2,2,9,A01
201900037543,2,7,,2,0,3,13,A01
201900037544,1,7,,0,2,1,13,A01
201900037544,2,7,,0,2,1,1,B01
201900037545,2,1,,0,2,7,15,B01
201900037545,2,1,,0,2,1,17,A01
201900037546,2,7,,0,2,8,15,B01
201900037546,2,33,,0,2,1,17,A01
201900037547,1,33,,0,2,1,16,A01
201900037547,0,33,,0,2,4,1,B01
201900037548,3,1,,0,2,0,9,B01
201900037548,1,37,1.0,0,2,2,1,A01
201900037549,1,7,,0,2,0,15,Z01
201900037549,1,33,,0,2,8,1,A01
201900037550,3,2,,0,0,7,16,A01
201900037551,1,7,,0,2,1,15,A01
201900037551,2,2,,0,2,1,2,B01
201900037552,1,7,,16,0,9,1,A01
201900037553,1,7,,0,1,1,1,A01
201900037554,2,1,,1,0,1,14,A01