Num_Acc,senc,catv,occutc,obs,obsm,choc,manv,num_veh
201900037555,2,7,,0,2,7,1,B01
201900037555,2,7,,0,2,3,11,A01
201900037556,2,7,,0,2,1,1,B01
201900037556,1,7,,0,2,1,13,A01
201900037557,2,7,,0,2,3,15,B01
201900037557,2,34,,0,2,7,17,A01
201900037558,1,7,,0,1,1,9,A01
201900037559,1,7,,0,0,1,0,B01
201900037559,1,7,,0,2,1,2,A01
201900037560,1,7,,7,0,1,1,A01
201900037561,1,7,,0,2,4,2,B01
201900037561,1,7,,0,2,1,2,A01
201900037562,1,7,,0,2,2,15,A01
201900037562,2,7,,0,2,1,1,B01
201900037563,3,33,,0,2,1,1,B01
201900037563,3,10,,0,2,3,19,A01
201900037564,2,1,,1,0,0,1,B01
201900037564,2,7,,0,2,8,22,A01
201900037565,0,7,,0,0,8,1,C01
201900037565,0,7,,0,2,1,1,A01
201900037565,0,7,,0,2,4,1,B01
201900037566,0,7,,0,2,1,13,A01
201900037566,0,7,,0,2,1,1,B01
201900037567,3,30,,0,2,6,2,B01
201900037567,3,7,,0,2,2,2,A01
201900037568,3,7,,0,1,1,26,A01
201900037569,3,10,,0,2,1,20,A01
201900037569,3,10,,0,2,3,1,B01
201900037570,3,7,,0,1,1,1,A01
201900037571,1,7,,0,1,3,15,A01
201900037572,2,7,,9,2,1,17,B01
201900037572,2,7,,0,2,3,15,A01
201900037573,3,7,,0,1,5,17,A01
201900037574,3,7,,0,2,0,20,Z01
201900037574,3,7,,0,2,8,20,B01
201900037575,1,30,,0,2,1,1,A01
201900037575,1,7,,0,2,3,1,B01
201900037576,2,33,,0,2,1,13,A01
201900037576,1,1,,0,2,1,1,B01
201900037577,1,1,,0,2,1,1,B01
201900037577,2,7,,0,2,7,15,A01
201900037578,2,7,,0,2,4,1,B01
201900037578,2,7,,0,2,1,1,A01
201900037579,3,7,,0,1,2,1,A01
201900037580,1,7,,0,2,1,9,A01
201900037580,1,1,,0,2,7,1,B01
201900037581,3,10,,0,1,2,2,A01
201900037582,3,3,,0,2,1,0,B01
201900037582,3,10,,0,2,1,26,A01
201900037583,2,30,,0,2,1,26,A01
201900037583,2,7,,0,2,5,1,B01
201900037584,2,33,,0,2,1,21,A01
201900037584,2,7,,0,2,3,1,B01
201900037585,1,7,,1,0,1,1,A01
201900037586,1,7,,6,0,3,13,A01
201900037587,2,2,,0,2,1,1,B01
201900037587,1,7,,0,2,6,9,A01
201900037588,1,7,,0,2,4,1,B01
201900037588,1,7,,0,2,1,2,A01
201900037589,3,33,,0,2,1,26,A01
201900037589,3,7,,0,2,3,26,B01
201900037590,1,32,,8,0,1,1,A01
201900037591,3,1,,6,0,1,1,A01
201900037592,1,7,,0,2,4,1,C01
201900037592,1,7,,0,2,5,1,B01
201900037592,1,7,,0,2,1,2,A01
201900037593,1,7,,0,2,8,9,A01
201900037593,1,10,,0,2,1,1,B01
201900037594,2,7,,0,2,3,1,B01
201900037594,1,7,,0,2,1,13,A01
201900037595,2,99,,0,2,1,1,C01
201900037595,2,99,,0,0,4,1,D01
201900037596,3,1,,0,2,1,1,B01
201900037596,3,7,,0,2,1,9,A01
201900037597,2,10,,0,2,4,2,A01
201900037597,2,7,,0,2,1,2,B01
201900037598,1,33,,0,2,1,1,B01
201900037598,2,7,,0,2,1,15,A01
201900037599,3,7,,0,2,4,2,C01
201900037599,3,7,,0,2,4,2,B01
201900037599,3,7,,0,2,1,2,A01
201900037600,1,2,,10,0,1,1,A01
201900037601,3,7,,0,1,1,15,A01
201900037602,0,2,,0,2,4,11,B01
201900037602,0,7,,0,2,2,1,A01
201900037603,0,7,,0,1,0,14,Z01
201900037604,2,7,,0,1,1,15,A01
201900037605,1,7,,0,1,2,2,A01
201900037606,3,7,,1,2,3,1,A01
201900037606,3,7,,0,2,3,21,B01
201900037607,2,2,,0,1,1,1,A01
201900037608,1,7,,0,2,1,19,A01
201900037608,2,7,,0,2,1,19,B01
201900037609,2,7,,0,2,7,1,B01
201900037609,2,7,,0,2,1,9,A01
201900037610,2,3,,0,2,2,15,A01
201900037610,1,33,,0,2,1,1,B01
201900037611,1,7,,0,2,3,2,B01
201900037611,1,7,,0,2,3,14,C01
201900037611,3,30,,0,2,1,13,A01
201900037612,1,7,,1,0,1,1,A01
201900037613,1,30,,0,2,4,1,A01
201900037613,1,0,,0,2,0,0,Z01
201900037614,2,33,,0,2,1,2,B01
201900037614,1,7,,0,2,1,15,A01
201900037615,1,7,,0,1,1,1,A01
201900037616,2,7,,1,0,4,26,B01
201900037616,2,7,,1,0,1,1,A01
201900037617,1,34,,0,0,7,16,A01
201900037618,1,7,,0,2,1,19,A01
201900037618,1,7,,0,2,5,1,B01
201900037619,1,7,,0,2,7,22,A01
201900037619,0,7,,0,2,6,23,C01
201900037619,1,34,,0,2,1,3,B01
201900037620,2,7,,0,2,2,15,A01
201900037620,1,33,,0,2,1,1,B01
201900037621,3,7,,0,2,1,26,A01
201900037621,3,7,,0,2,9,2,C01
201900037621,3,7,,0,2,2,2,B01
201900037622,0,7,,0,2,6,15,A01
201900037622,1,33,,0,2,3,2,B01
201900037623,2,10,,0,2,2,1,B01
201900037623,2,30,,0,2,1,1,A01
201900037624,1,7,,0,2,3,11,A01
201900037624,1,15,,0,2,5,2,C01
201900037624,1,17,,0,2,2,2,B01
201900037625,2,17,,0,2,2,1,B01
201900037625,2,33,,0,2,8,9,A01
201900037626,2,7,,0,2,1,1,A01
201900037626,2,7,,0,2,1,1,B01
201900037627,2,7,,0,2,4,1,C01
201900037627,2,33,,0,2,7,3,B01
201900037627,2,10,,0,2,3,11,A01
201900037628,1,7,,13,0,9,0,A01
201900037629,2,7,,0,2,4,2,B01
201900037629,2,7,,0,2,1,2,A01
201900037630,2,34,,0,2,2,2,A01
201900037630,2,33,,0,2,8,2,B01
201900037631,2,7,,0,2,6,11,A01
201900037631,2,33,,0,2,2,3,B01
201900037632,1,7,,0,2,4,2,B01
201900037632,1,15,,0,2,4,2,C01
201900037632,1,15,,0,2,1,2,A01
201900037633,1,7,,0,2,4,2,B01
201900037633,1,10,,0,2,1,2,A01
201900037634,1,7,,0,2,1,1,D01
201900037634,1,7,,0,2,1,1,B01
201900037634,1,7,,0,2,1,1,C01
201900037634,2,7,,0,2,4,1,A01
201900037635,3,7,,0,2,1,2,A01
201900037635,3,7,,0,2,4,2,B01
201900037636,1,7,,0,2,2,15,A01
201900037636,2,33,,0,2,1,1,B01
201900037637,2,7,,0,1,7,1,A01
201900037638,1,7,,1,2,1,11,B01
201900037638,1,7,,0,2,0,11,A01
201900037639,1,50,,0,2,1,1,A01
201900037639,2,7,,0,2,2,1,B01
201900037640,2,80,,0,0,1,21,A01
201900037641,2,7,,0,2,2,9,A01
201900037641,1,33,,0,2,6,15,B01
201900037642,3,10,,8,0,2,14,A01
201900037643,2,1,,0,1,1,1,A01
201900037644,3,7,,0,2,3,26,A01
201900037644,1,33,,0,2,1,26,B01
201900037645,2,7,,0,2,2,26,A01
201900037645,2,7,,0,2,6,10,B01
201900037646,2,7,,0,1,2,26,A01
201900037647,3,7,,2,0,2,21,A01
201900037648,0,7,,1,0,2,1,A01
201900037649,1,7,,0,1,1,16,A01
201900037650,1,7,,8,0,1,14,A01
201900037651,3,7,,0,2,7,1,B01
201900037651,3,30,,0,2,1,19,A01
201900037652,1,7,,0,2,3,1,B01
201900037652,1,7,,0,2,5,1,A01
201900037653,1,7,,0,2,4,1,C01
201900037653,1,7,,0,2,6,1,B01
201900037653,1,7,,0,2,2,17,A01
201900037654,1,10,,0,2,4,2,B01
201900037654,3,10,,0,6,1,2,A01
201900037655,1,30,,11,0,0,1,Z01
201900037656,1,7,,12,0,1,1,A01
201900037657,3,7,,0,2,1,9,B01
201900037657,3,7,,0,2,1,5,A01
201900037658,2,7,,8,0,6,13,A01
201900037659,1,7,,0,1,1,1,A01
201900037660,1,7,,0,1,3,1,A01
201900037661,2,7,,0,2,2,10,Z01
201900037661,1,33,,9,2,1,1,A01
201900037662,2,7,,0,2,1,1,A01
201900037662,2,7,,1,1,1,1,B01
201900037663,1,7,,0,2,2,15,A01
201900037663,2,43,,0,2,1,1,B01
201900037664,1,33,,0,2,5,17,B01
201900037664,1,32,,0,2,3,1,A01
201900037665,1,7,,0,2,8,9,A01
201900037665,1,2,,0,2,1,1,B01
201900037666,2,30,,0,2,8,18,A01
201900037666,2,7,,0,2,2,22,B01
201900037667,1,31,,0,2,3,1,A01
201900037667,1,7,,0,2,7,15,B01
201900037668,1,7,,1,0,1,16,A01
201900037669,2,7,,0,1,4,4,A01
201900037670,2,7,,0,1,3,1,Z01
201900037671,2,7,,0,2,3,15,A01
201900037671,2,32,,0,2,0,17,B01
201900037672,1,33,,0,2,8,15,A01
201900037672,1,7,,0,2,2,17,B01
201900037673,1,30,,0,2,8,1,B01
201900037673,2,7,,0,2,1,5,A01
201900037674,2,31,,0,2,1,1,B01
201900037674,1,7,,0,2,2,17,A01
201900037675,3,7,,0,2,1,5,A01
201900037675,3,7,,0,2,1,1,B01
201900037676,1,37,1.0,0,1,5,19,A01
201900037677,2,3,,0,1,2,1,A01
201900037678,2,10,,5,0,1,19,A01
201900037679,2,99,,12,1,4,26,A01
201900037680,2,7,,0,2,7,1,A01
201900037680,1,7,,0,2,1,15,B01
201900037681,2,1,,0,2,1,1,A01
201900037681,2,1,,0,2,4,1,B01
201900037682,3,7,,0,2,1,1,B01
201900037682,3,7,,0,2,4,13,A01
201900037683,1,33,,0,0,7,1,A01
201900037684,2,33,,0,0,1,17,A01
201900037685,2,7,,1,1,1,1,A01
201900037686,1,7,,0,2,7,1,D01
201900037686,1,7,,0,2,4,2,C01
201900037686,1,7,,0,2,4,2,B01
201900037686,1,10,,0,2,1,2,A01
201900037687,0,0,,0,1,0,0,A01
201900037688,1,7,,0,2,1,1,C01
201900037688,1,13,,0,2,6,1,B01
201900037688,2,7,,0,2,9,1,A01
201900037689,2,7,,2,0,1,1,A01
201900037690,1,7,,0,9,7,2,A01
201900037690,1,1,,0,2,8,2,B01
201900037690,1,1,,0,2,8,2,C01
201900037691,1,2,,12,0,2,1,A01
201900037692,2,7,,0,2,1,17,B01
201900037692,1,7,,0,2,1,13,A01
201900037693,0,33,,14,0,1,2,A01
201900037694,2,7,,0,1,8,1,A01
201900037695,2,7,,0,2,8,15,B01
201900037695,2,7,,0,2,1,2,A01
201900037696,3,7,,2,0,3,1,A01
201900037697,2,10,,0,1,1,19,A01
201900037698,1,7,,0,2,1,17,A01
201900037698,2,7,,0,2,1,1,B01
201900037699,0,7,,0,2,8,24,A01
201900037699,1,1,,1,0,2,22,B01
201900037700,3,1,,0,2,8,15,B01
201900037700,3,7,,0,9,1,16,A01
201900037701,1,7,,2,0,1,13,A01
201900037702,0,7,,0,1,3,1,A01
201900037703,2,7,,8,0,2,0,A01
201900037704,2,7,,13,0,1,13,A01
201900037705,1,7,,13,0,0,0,A01
201900037706,0,7,,0,2,3,1,A01
201900037706,0,7,,0,2,9,1,B01
201900037707,3,7,,2,0,1,0,A01
201900037708,1,7,,0,2,1,1,A01
201900037708,1,7,,0,2,4,1,B01
201900037709,1,2,,0,2,3,5,B01
201900037709,2,7,,0,2,3,1,A01
201900037710,3,7,,0,1,3,1,A01
201900037711,1,14,,0,2,3,13,A01
201900037711,2,14,,0,2,3,21,B01
201900037711,2,7,,0,2,1,2,C01
201900037712,1,7,,0,2,2,1,B01
201900037712,1,33,,0,2,3,3,A01
201900037713,1,7,,0,2,1,2,A01
201900037713,1,15,,0,0,5,2,B01
201900037714,2,7,,0,2,3,13,A01
201900037714,1,7,,0,2,3,1,B01
201900037715,2,7,,0,2,1,1,B01
201900037715,1,7,,0,2,8,19,A01
201900037716,2,7,,0,2,3,1,B01
201900037716,1,7,,0,2,1,13,A01
201900037717,2,1,,0,2,4,2,B01
201900037717,2,14,,0,9,7,17,A01
201900037718,0,7,,6,0,1,1,A01
201900037719,3,33,,0,2,7,1,B01
201900037719,3,10,,0,2,8,15,A01
201900037720,3,14,,6,0,1,1,A01
201900037721,2,7,,7,0,1,1,A01
201900037722,3,7,,0,1,1,15,A01
201900037723,2,7,,0,1,2,1,A01
201900037724,1,7,,0,2,3,1,B01
201900037724,2,7,,0,2,3,1,A01
201900037725,2,33,,12,0,1,0,A01
201900037726,2,7,,0,1,3,1,A01
201900037727,1,7,,0,9,2,2,A01
201900037727,1,1,,0,0,4,2,B01
201900037728,1,7,,0,0,0,0,A01
201900037729,1,7,,4,0,1,1,A01
201900037730,1,7,,4,0,8,13,A01
201900037731,1,7,,3,0,1,2,A01
201900037732,1,7,,0,2,1,2,B01
201900037732,1,7,,0,2,4,1,A01
201900037733,1,7,,0,2,6,1,B01
201900037733,1,34,,0,2,1,11,A01
201900037734,2,7,,0,2,2,1,A01
201900037734,2,34,,0,2,8,3,B01
201900037734,2,7,,0,2,3,1,C01
201900037734,2,7,,0,2,4,1,D01
201900037735,2,7,,0,2,6,11,A01
201900037735,2,7,,0,2,1,1,B01
201900037736,1,7,,0,2,8,15,B01
201900037736,2,7,,0,2,3,1,C01
201900037736,2,2,,0,2,3,17,A01
201900037737,1,7,,0,2,1,1,A01
201900037737,2,7,,0,2,7,1,B01
201900037738,0,7,,0,2,1,2,B01
201900037738,0,7,,0,2,4,1,A01
201900037739,2,7,,0,1,1,1,A01
201900037740,2,7,,0,2,3,1,B01
201900037740,3,10,,0,2,5,14,A01
201900037741,1,7,,0,1,3,1,A01
201900037742,1,15,,0,2,2,1,B01
201900037742,1,7,,0,2,8,9,A01
201900037743,1,3,,0,1,1,9,A01
201900037744,3,7,,0,2,1,2,A01
201900037744,3,7,,0,2,4,2,B01
201900037745,1,7,,0,2,2,26,A01
201900037745,1,7,,0,2,3,26,B01
201900037746,3,7,,0,2,1,26,A01
201900037746,3,7,,0,2,4,23,B01
201900037747,2,7,,0,2,7,12,B01
201900037747,2,32,,0,2,8,3,A01
201900037748,3,33,,12,0,1,17,A01
201900037749,1,7,,0,0,3,26,A01
201900037750,1,7,,0,2,1,9,A01
201900037750,1,7,,0,2,4,9,B01
201900037751,1,7,,0,2,1,1,A01
201900037751,2,10,,8,2,8,9,B01
201900037752,1,33,,6,0,1,9,A01
201900037753,3,7,,0,2,1,26,A01
201900037753,3,7,,0,2,1,12,B01
201900037754,1,33,,0,2,1,21,A01
201900037754,1,33,,0,2,3,19,B01
201900037755,1,7,,0,2,1,2,A01
201900037755,1,7,,0,2,4,2,B01
201900037756,2,1,,0,2,1,1,A01
201900037756,2,7,,0,6,4,1,B01
201900037757,1,7,,0,2,7,16,A01
201900037757,1,33,,0,2,8,1,B01
201900037758,1,7,,0,1,2,10,A01
201900037759,1,7,,0,2,7,1,A01
201900037759,1,33,,0,2,1,26,B01
201900037760,1,2,,0,2,4,2,B01
201900037760,1,7,,0,2,2,2,A01
201900037761,1,33,,0,2,3,1,B01
201900037761,1,38,1.0,0,2,2,1,A01
201900037762,2,7,,0,2,3,15,A01
201900037762,2,2,,0,2,7,3,B01
201900037763,1,2,,0,2,1,1,A01
201900037763,1,3,,0,2,6,1,B01
201900037764,0,30,,0,2,1,1,B01
201900037764,3,30,,0,2,1,11,A01
201900037765,3,30,,0,1,1,0,A01
201900037766,1,7,,0,2,2,1,A01
201900037766,2,50,,0,2,8,1,B01
201900037767,1,1,,0,2,1,1,B01
201900037767,1,7,,0,2,8,24,A01
201900037768,2,7,,0,1,1,1,A01
201900037769,3,99,,0,1,1,15,A01
201900037770,2,7,,0,1,2,1,A01
201900037771,3,10,,0,2,2,9,A01
201900037771,3,1,,0,2,0,0,B01
201900037772,3,7,,0,2,3,0,B01
201900037772,0,7,,0,2,3,0,A01
201900037773,1,7,,0,2,1,0,B01
201900037773,2,33,,0,2,1,13,A01
201900037774,2,7,,1,2,3,19,A01
201900037774,1,7,,0,2,1,1,B01
201900037775,1,31,,0,2,1,2,B01
201900037775,1,7,,0,2,6,2,A01
201900037776,1,7,,0,2,2,1,A01
201900037776,3,30,,0,2,1,15,B01
201900037777,1,31,,0,2,8,1,B01
201900037777,1,10,,0,2,2,9,A01
201900037778,1,40,,0,1,3,1,A01
201900037779,2,7,,0,2,1,1,B01
201900037779,2,2,,0,2,3,19,A01
201900037780,3,7,,0,1,2,16,A01
201900037781,1,33,,0,1,1,18,A01
201900037782,1,1,,0,2,8,1,B01
201900037782,1,17,,0,2,7,1,A01
201900037783,2,33,,0,2,2,17,B01
201900037783,1,7,,0,2,2,9,A01
201900037784,1,7,,0,2,1,2,A01
201900037784,1,7,,0,2,4,2,B01
201900037785,1,7,,0,2,3,13,A01
201900037785,2,7,,0,2,8,1,B01
201900037786,1,7,,0,1,1,0,A01
201900037787,3,7,,16,0,9,15,A01
201900037787,3,7,,0,2,8,1,B01
201900037788,1,7,,0,2,4,2,B01
201900037788,1,7,,0,2,1,2,A01
201900037789,1,10,,0,1,2,1,A01
201900037790,1,7,,0,2,0,15,A01
201900037790,2,33,,0,2,1,1,B01
201900037791,3,7,,8,2,1,1,B01
201900037791,3,7,,0,2,1,26,A01
201900037792,3,1,,0,1,0,25,A01
201900037793,2,10,,0,1,6,4,A01
201900037794,3,7,,0,2,3,16,A01
201900037794,0,1,,0,2,1,1,B01
201900037795,2,10,,0,2,6,10,B01
201900037795,2,10,,0,2,2,2,A01
201900037796,1,7,,0,2,8,23,B01
201900037796,2,7,,0,2,3,9,A01
201900037797,2,7,,0,1,2,1,A01
201900037798,1,7,,0,1,1,1,A01
201900037799,1,33,,0,2,5,2,B01
201900037799,1,7,,0,2,3,2,A01
201900037800,1,10,,0,2,7,16,A01
201900037800,3,31,,0,2,2,1,B01
201900037801,2,7,,13,0,1,1,A01
201900037802,1,31,,0,2,1,15,A01
201900037802,0,33,,0,2,1,18,B01
201900037803,2,7,,0,2,1,16,Z01
201900037803,1,32,,0,2,8,1,A01
201900037804,0,99,,0,2,8,0,B01
201900037804,0,30,,0,2,8,1,A01
201900037805,3,7,,0,2,3,1,B01
201900037805,3,7,,0,2,3,15,A01
201900037806,1,10,,0,2,3,2,A01
201900037806,1,7,,0,2,5,1,B01
201900037806,1,7,,0,2,3,2,C01
201900037807,1,33,,0,2,1,1,B01
201900037807,2,7,,0,2,2,10,A01
201900037808,1,7,,0,2,1,2,B01
201900037808,1,7,,0,0,4,23,A01
201900037809,0,3,,0,0,0,0,B01
201900037809,1,3,,1,0,1,1,A01
201900037810,1,7,,0,1,3,1,A01
201900037811,1,3,,0,2,6,1,B01
201900037811,1,3,,0,2,3,13,A01
201900037812,3,10,,0,2,1,1,A01
201900037812,3,10,,0,2,7,16,B01
201900037813,2,7,,0,2,8,1,A01
201900037813,1,7,,0,2,1,15,B01
201900037814,2,7,,0,2,5,15,B01
201900037814,2,7,,0,2,0,15,A01
201900037815,2,7,,0,2,4,10,A01
201900037815,2,0,,0,2,1,1,B01
201900037816,1,7,,0,2,1,13,B01
201900037816,2,17,,0,2,3,1,A01
201900037817,2,7,,2,0,3,1,A01
201900037818,2,7,,0,0,0,14,C01
201900037818,2,7,,0,2,3,1,B01
201900037818,1,7,,0,2,3,1,A01
201900037819,2,1,,0,2,8,1,B01
201900037819,1,7,,0,2,1,26,A01
201900037820,3,7,,0,2,1,0,B01
201900037820,3,7,,0,2,7,0,A01
201900037821,2,33,,0,0,8,1,B01
201900037821,1,7,,0,0,0,10,A01
201900037822,2,33,,0,2,1,1,A01
201900037822,2,7,,0,2,2,15,A01
201900037823,1,7,,13,0,1,13,A01
201900037824,3,10,,0,2,7,13,A01
201900037824,3,10,,0,0,3,10,B01
201900037825,1,33,,0,0,7,20,A01
201900037826,2,33,,0,0,0,1,A01
201900037827,3,7,,0,2,7,19,A01
201900037827,3,7,,0,2,1,1,B01
201900037828,3,7,,0,2,3,13,A01
201900037828,3,7,,0,2,3,21,B01
201900037829,0,1,,0,1,0,1,A01
201900037830,1,33,,0,2,1,19,A01
201900037830,1,7,,0,2,3,1,B01
201900037831,0,14,,0,0,8,16,A01
201900037832,1,7,,1,0,2,0,A01
201900037833,2,7,,0,2,7,19,A01
201900037833,2,7,,0,2,3,1,B01
201900037834,1,7,,0,0,4,2,C01
201900037834,1,7,,0,2,2,2,B01
201900037834,1,7,,0,2,2,2,A01
201900037835,1,33,,16,0,0,16,A01
201900037836,2,7,,0,9,8,1,B01
201900037836,1,33,,0,2,0,13,A01
201900037837,1,33,,0,0,1,1,A01
201900037838,1,7,,8,0,2,0,A01
201900037839,3,2,,0,2,2,1,A01
201900037839,1,7,,0,2,2,1,B01
201900037840,1,33,,13,0,8,0,A01
201900037841,2,7,,8,0,3,17,A01
201900037842,1,33,,0,0,1,14,A01
201900037843,3,21,,0,0,1,1,B01
201900037843,3,33,,0,9,1,1,A01
201900037844,1,7,,6,0,1,1,A01
201900037845,3,33,,2,0,1,2,A01
201900037846,1,15,,3,0,3,6,A01
201900037847,3,7,,4,0,2,1,A01
201900037848,1,7,,3,2,2,17,A01
201900037848,1,7,,3,0,6,26,B01
201900037849,2,10,,0,0,4,2,A01
201900037849,2,10,,0,2,1,2,B01
201900037849,2,10,,0,2,1,2,C01
201900037850,1,17,,3,2,9,21,F01
201900037850,1,7,,3,2,9,0,E01
201900037850,1,7,,0,2,9,0,D01
201900037850,1,7,,3,0,6,0,C01
201900037850,1,15,,0,0,6,0,B01
201900037850,1,7,,0,2,2,0,A01
201900037851,2,10,,0,0,4,23,B01
201900037851,2,10,,0,2,1,11,A01
201900037852,2,10,,13,6,3,1,A01
201900037853,0,7,,0,2,1,13,B01
201900037853,0,13,,0,2,1,1,A01
201900037854,1,7,,0,2,3,1,B01
201900037854,2,7,,0,2,3,17,A01
201900037855,0,7,,0,2,1,1,A01
201900037855,0,7,,0,2,4,1,B01
201900037856,2,7,,3,0,2,14,A01
201900037857,3,7,,0,2,3,1,A01
201900037857,2,2,,0,0,4,1,B01
201900037858,2,7,,0,2,2,2,A01
201900037858,2,1,,0,2,4,2,B01
201900037859,1,33,,0,2,0,17,A01
201900037860,1,1,,0,0,7,1,A01
201900037861,2,1,,0,2,1,13,B01
201900037861,1,33,,0,2,1,1,A01
201900037862,1,7,,13,0,0,0,A01
201900037863,2,7,,15,1,1,0,A01
201900037864,1,33,,0,2,7,1,B01
201900037864,2,7,,0,2,6,15,A01
201900037865,2,7,,4,0,2,14,A01
201900037866,2,7,,0,2,2,13,A01
201900037866,1,7,,0,2,3,1,B01
201900037867,2,7,,0,2,8,1,B01
201900037867,1,14,,0,2,3,1,A01
201900037868,0,7,,13,0,1,17,A01
201900037869,2,10,,0,2,1,1,A01
201900037869,2,7,,0,2,0,0,B01
201900037870,1,7,,0,2,1,1,A01
201900037870,1,7,,0,2,4,2,B01
201900037871,1,33,,0,2,4,0,A01
201900037872,1,7,,0,1,7,21,A01
201900037873,1,7,,0,2,1,1,A01
201900037873,1,7,,0,2,4,1,B01
201900037874,2,10,,0,2,5,1,A01
201900037874,2,10,,0,2,3,1,B01
201900037875,2,30,,0,1,1,26,A01
201900037876,2,10,,0,2,2,1,A01
201900037876,2,7,,0,2,6,1,B01
201900037877,3,7,,0,2,1,1,B01
201900037877,3,7,,11,1,2,1,A01
201900037878,1,33,,0,2,4,2,B01
201900037878,1,33,,0,2,1,2,A01
201900037879,2,10,,0,1,2,15,A01
201900037880,3,1,,0,2,7,1,B01
201900037880,3,7,,0,2,2,26,A01
201900037881,3,33,,0,2,1,1,B01
201900037881,3,7,,0,2,1,1,A01
201900037882,2,37,1.0,0,2,2,15,B01
201900037882,1,7,,0,2,1,1,A01
201900037883,2,7,,0,2,0,0,A01
201900037883,2,33,,0,2,0,1,B01
201900037884,1,7,,1,0,1,1,A01
201900037885,3,10,,0,2,1,2,A01
201900037885,3,7,,0,2,4,23,B01
201900037885,3,7,,0,2,4,23,C01
201900037886,1,7,,0,1,7,1,A01
201900037887,3,7,,8,0,1,26,A01
201900037888,3,32,,0,2,1,15,A01
201900037889,2,7,,0,2,1,9,A01
201900037889,2,1,,0,2,1,1,B01
201900037890,2,33,,14,0,1,1,A01
201900037891,3,7,,0,2,3,26,A01
201900037891,3,7,,0,2,3,1,B01
201900037892,1,7,,0,2,3,15,A01
201900037892,2,32,,0,2,3,1,B01
201900037893,3,30,,0,2,1,1,A01
201900037893,3,10,,0,2,2,1,B01
201900037894,3,33,,0,0,1,1,A01
201900037895,3,7,,0,2,3,1,B01
201900037895,3,2,,0,2,1,1,A01
201900037896,3,7,,14,0,1,26,A01
201900037897,3,7,,0,2,1,2,C01
201900037897,2,31,,0,2,8,9,B01
201900037898,2,7,,1,0,2,14,A01
201900037899,2,7,,0,2,2,15,A01
201900037899,1,50,,0,0,1,1,B01
201900037900,0,7,,0,2,1,1,B01
201900037900,0,7,,0,2,2,17,A01
201900037901,2,7,,0,2,1,19,A01
201900037901,2,7,,0,2,3,1,B01
201900037902,3,2,,0,2,1,18,A01
201900037902,3,7,,0,2,7,2,B01
201900037903,2,7,,0,2,1,9,A01
201900037903,0,31,,0,2,8,1,B01
201900037904,2,31,,8,0,0,2,A01
201900037905,1,7,,0,2,1,1,B01
201900037905,1,7,,0,2,9,1,A01
201900037906,0,7,,0,2,1,0,Z01
201900037906,2,7,,0,2,4,23,A01
201900037907,2,33,,7,2,1,21,B01
201900037907,1,10,,3,2,2,15,A01
201900037908,0,7,,0,2,4,16,A01
201900037908,0,7,,0,2,1,2,Z01
201900037909,1,33,,8,0,0,5,A01
201900037910,3,1,,8,0,0,25,A01
201900037911,1,33,,0,2,4,2,B01
201900037911,1,7,,0,0,4,11,A01
201900037912,1,31,,6,0,7,15,A01
201900037913,1,7,,0,1,7,1,A01
201900037914,1,32,,0,2,1,17,A01
201900037914,2,32,,0,2,1,1,B01
201900037915,3,50,,0,1,5,1,Z01
201900037916,2,1,,0,0,0,1,A01
201900037917,1,7,,0,2,3,9,A01
201900037917,1,34,,0,2,1,17,B01
201900037918,1,10,,8,1,2,15,A01
201900037919,2,30,,0,2,4,2,B01
201900037919,2,7,,0,2,3,2,A01
201900037920,3,13,,0,2,7,24,B01
201900037920,3,7,,1,0,3,13,A01
201900037921,2,7,,0,2,3,15,A01
201900037921,1,33,,0,2,8,1,B01
201900037922,1,7,,0,2,0,1,B01
201900037922,1,1,,0,2,2,12,A01
201900037923,1,32,,0,2,7,17,B01
201900037923,2,7,,0,2,6,15,A01
201900037924,1,7,,0,2,6,1,B01
201900037924,1,50,,0,2,1,5,A01
201900037925,3,7,,0,2,1,1,B01
201900037925,3,7,,0,2,1,17,A01
201900037926,0,32,,0,2,1,17,B01
201900037926,0,7,,0,2,3,15,A01
201900037927,3,43,,8,0,1,26,A01
201900037928,1,1,,0,2,8,2,B01
201900037928,1,7,,0,2,7,17,A01
201900037929,1,33,,0,2,1,1,B01
201900037929,1,7,,0,2,3,15,A01
201900037930,1,7,,0,1,1,1,A01
201900037931,1,2,,1,0,1,0,A01
201900037932,1,7,,13,0,0,1,A01
201900037933,1,1,,0,2,1,1,A01
201900037933,2,7,,0,2,3,13,B01
201900037934,2,7,,3,0,8,21,A01
201900037935,2,7,,0,2,1,13,A01
201900037935,1,7,,0,2,1,1,B01
201900037936,2,33,,8,0,1,1,A01
201900037937,1,33,,8,0,0,1,A01
201900037938,3,7,,0,9,2,2,B01
201900037938,3,1,,0,0,8,2,A01
201900037939,1,33,,0,5,1,0,A01
201900037940,1,3,,0,2,6,1,B01
201900037940,1,7,,0,2,2,17,A01
201900037941,1,7,,0,0,9,21,A01
201900037942,2,33,,13,0,1,0,A01
201900037943,1,1,,0,2,8,1,B01
201900037943,1,7,,0,2,1,1,A01
201900037944,1,7,,0,0,6,1,C01
201900037944,2,7,,0,0,3,1,B01
201900037944,1,33,,0,2,1,18,A01
201900037945,1,7,,3,0,3,14,A01