Num_Acc,senc,catv,occutc,obs,obsm,choc,manv,num_veh
201900037946,3,2,,16,0,0,1,A01
201900037947,1,7,,2,0,9,13,A01
201900037948,3,7,,0,2,4,1,B01
201900037948,3,2,,0,2,1,17,A01
201900037949,1,7,,0,2,1,1,A01
201900037949,3,7,,0,2,7,19,B01
201900037950,1,7,,0,1,2,15,A01
201900037951,1,7,,0,2,7,1,B01
201900037951,2,7,,0,2,1,19,A01
201900037952,2,32,,13,0,1,1,A01
201900037953,0,33,,0,0,3,1,A01
201900037954,1,7,,2,0,3,1,A01
201900037955,2,33,,13,0,0,1,A01
201900037956,1,7,,0,1,0,23,A01
201900037957,2,1,,0,0,0,0,A01
201900037958,1,7,,7,2,3,1,A01
201900037958,2,7,,0,2,1,1,B01
201900037959,3,7,,1,1,3,14,A01
201900037960,3,33,,0,2,0,2,B01
201900037960,3,33,,0,2,0,2,A01
201900037961,3,7,,0,2,2,9,A01
201900037961,2,7,,0,2,3,1,B01
201900037962,1,30,,0,2,7,17,B01
201900037962,1,21,,0,2,3,15,A01
201900037963,2,15,,0,2,1,1,B01
201900037963,1,7,,0,2,1,5,A01
201900037964,1,2,,0,1,1,1,A01
201900037965,2,7,,0,0,1,1,B01
201900037965,1,31,,0,0,1,17,A01
201900037966,0,21,,0,1,0,1,A01
201900037967,1,7,,15,0,3,13,A01
201900037968,3,36,,0,0,9,15,A01
201900037969,2,7,,0,2,3,19,A01
201900037969,2,7,,0,0,3,1,B01
201900037970,1,2,,0,0,8,1,A01
201900037971,1,7,,0,1,2,1,A01
201900037972,3,7,,2,0,1,1,A01
201900037973,2,7,,6,0,2,1,A01
201900037974,1,7,,0,0,1,1,B01
201900037974,2,7,,0,2,1,1,A01
201900037975,1,1,,0,2,0,15,B01
201900037975,1,10,,0,9,7,17,A01
201900037976,3,33,,7,0,1,14,A01
201900037977,1,7,,0,2,1,1,B01
201900037977,2,7,,0,2,8,19,A01
201900037978,1,2,,16,0,0,1,A01
201900037979,0,3,,0,2,1,1,C01
201900037979,0,7,,0,0,6,1,B01
201900037979,3,3,,0,2,1,17,A01
201900037980,0,7,,6,0,1,1,A01
201900037981,1,33,,3,0,0,1,A01
201900037982,2,7,,14,0,1,2,A01
201900037983,1,7,,0,2,1,5,A01
201900037983,2,7,,0,2,1,1,B01
201900037984,2,7,,3,2,6,1,B01
201900037984,2,7,,0,2,2,14,A01
201900037985,2,7,,0,2,1,2,A01
201900037985,2,7,,0,0,4,2,B01
201900037986,1,7,,0,0,4,23,A01
201900037986,1,17,,0,2,1,2,B01
201900037987,3,38,1.0,0,1,2,1,A01
201900037988,3,7,,0,6,3,1,A01
201900037988,3,1,,0,2,1,1,B01
201900037989,3,7,,0,1,4,4,A01
201900037990,1,7,,0,2,8,19,A01
201900037990,1,7,,0,2,1,1,B01
201900037991,2,1,,0,2,1,5,B01
201900037991,1,7,,0,2,3,1,A01
201900037992,2,7,,0,1,1,15,A01
201900037993,0,7,,0,1,1,2,A01
201900037994,0,32,,0,0,3,26,A01
201900037994,0,7,,0,2,7,1,B01
201900037995,2,7,,0,2,3,13,B01
201900037995,2,34,,0,2,7,17,A01
201900037996,3,7,,0,1,1,1,A01
201900037997,3,30,,0,2,3,26,A01
201900037997,3,60,,0,2,1,26,B01
201900037998,3,7,,0,1,3,15,A01
201900037999,1,7,,4,0,8,13,A01
201900038000,1,7,,1,2,8,26,C01
201900038000,1,34,,0,2,9,18,B01
201900038000,1,7,,0,2,7,1,A01
201900038001,1,3,,0,2,3,15,A01
201900038001,1,2,,0,2,2,1,B01
201900038002,3,7,,0,0,0,10,A01
201900038002,3,33,,0,2,9,1,B01
201900038003,2,7,,0,1,7,1,A01
201900038004,0,30,,0,0,0,26,A01
201900038005,1,50,,0,2,1,1,B01
201900038005,2,7,,0,2,2,16,A01
201900038006,1,7,,0,2,1,13,A01
201900038006,2,7,,0,2,8,1,B01
201900038007,3,7,,0,2,1,9,B01
201900038007,3,20,,0,2,3,9,A01
201900038008,1,7,,0,2,3,15,C01
201900038008,2,33,,0,2,1,17,A01
201900038008,2,7,,0,2,8,15,B01
201900038009,1,33,,0,0,8,1,A01
201900038010,1,7,,0,2,0,16,B01
201900038010,1,2,,0,2,0,21,A01
201900038011,1,7,,4,2,2,1,B01
201900038011,1,7,,0,2,6,9,A01
201900038012,3,7,,0,2,3,9,A01
201900038012,3,50,,0,2,1,1,B01
201900038013,1,7,,1,2,1,1,B01
201900038013,0,7,,1,2,8,9,A01
201900038014,0,7,,0,2,8,9,B01
201900038014,2,32,,0,2,1,1,A01
201900038015,3,7,,0,2,1,1,A01
201900038015,3,7,,0,2,5,1,B01
201900038016,1,7,,0,1,1,1,A01
201900038017,3,7,,0,1,3,1,A01
201900038018,3,7,,0,1,4,20,A01
201900038019,2,7,,0,1,2,1,A01
201900038020,3,7,,0,0,8,0,A01
201900038021,1,7,,0,2,2,15,B01
201900038021,2,7,,0,2,1,1,A01
201900038022,1,7,,0,2,7,1,B01
201900038022,1,7,,0,2,1,1,A01
201900038023,2,7,,0,2,3,1,B01
201900038023,1,7,,0,2,3,13,A01
201900038024,0,2,,0,2,2,15,A01
201900038024,0,7,,0,2,1,19,B01
201900038025,0,7,,0,2,1,1,B01
201900038025,0,7,,0,2,2,15,A01
201900038026,1,7,,0,1,1,1,A01
201900038027,2,30,,0,1,8,17,A01
201900038028,2,7,,0,2,3,1,B01
201900038028,1,31,,0,2,3,13,A01
201900038029,1,7,,0,1,1,26,A01
201900038030,2,7,,0,2,1,1,B01
201900038030,2,7,,0,2,2,15,A01
201900038031,1,7,,0,2,1,2,A01
201900038031,1,7,,0,2,5,2,B01
201900038032,1,7,,0,2,1,2,A01
201900038032,1,7,,0,2,4,2,B01
201900038032,1,7,,0,2,4,2,C01
201900038033,2,7,,0,2,4,2,C01
201900038033,2,7,,0,2,4,2,B01
201900038033,2,7,,0,2,1,2,A01
201900038034,2,7,,0,2,0,0,B01
201900038034,2,7,,8,2,3,13,A01
201900038035,1,7,,0,1,1,1,A01
201900038036,2,7,,0,2,3,1,A01
201900038036,1,15,,0,2,3,1,B01
201900038036,1,7,,0,2,3,1,C01
201900038037,1,31,,0,0,0,1,A01
201900038038,1,7,,0,1,1,26,A01
201900038039,1,7,,0,1,1,16,A01
201900038040,2,7,,0,2,4,23,B01
201900038040,1,7,,0,2,1,1,A01
201900038041,2,7,,0,1,1,1,A01
201900038042,2,7,,0,1,1,19,A01
201900038043,3,37,1.0,0,1,5,16,A01
201900038044,1,7,,8,0,2,14,A01
201900038045,1,10,,13,0,1,26,A01
201900038046,1,10,,0,1,1,1,A01
201900038047,1,7,,0,2,1,1,A01
201900038047,1,33,,0,2,4,1,B01
201900038048,1,7,,0,2,1,1,A01
201900038048,1,7,,0,2,4,1,B01
201900038049,1,7,,0,1,4,4,A01
201900038050,1,7,,0,1,1,1,A01
201900038051,1,7,,0,1,2,16,A01
201900038052,1,7,,0,1,2,1,A01
201900038053,1,7,,0,1,1,1,A01
201900038054,1,10,,0,1,1,1,A01
201900038055,3,1,,0,2,7,1,B01
201900038055,0,10,,0,2,2,9,A01
201900038056,3,7,,0,1,1,16,A01
201900038057,2,10,,0,2,2,15,A01
201900038057,1,10,,0,2,1,1,B01
201900038058,0,7,,1,2,3,1,B01
201900038058,1,7,,0,2,1,19,A01
201900038059,1,7,,14,0,1,0,A01
201900038060,1,7,,0,0,9,0,A01
201900038061,1,7,,0,1,2,9,A01
201900038062,2,7,,0,1,2,1,A01
201900038063,1,7,,0,2,6,2,A01
201900038063,1,10,,0,2,1,1,B01
201900038063,1,7,,0,2,4,1,C01
201900038063,1,7,,0,2,1,1,D01
201900038063,1,7,,0,2,1,1,E01
201900038064,2,7,,0,2,6,1,A01
201900038064,2,1,,0,2,1,1,B01
201900038065,2,14,,0,0,7,14,A01
201900038066,0,30,,0,2,1,2,B01
201900038066,2,7,,0,2,5,15,A01
201900038067,1,2,,0,2,3,1,B01
201900038067,3,7,,0,2,2,15,A01
201900038068,2,2,,0,2,1,1,B01
201900038068,2,10,,0,2,5,26,A01
201900038069,2,7,,0,1,3,1,A01
201900038070,1,7,,0,2,1,15,A01
201900038070,2,33,,0,2,0,1,B01
201900038071,2,31,,0,2,4,1,A01
201900038071,1,7,,0,2,5,23,B01
201900038072,1,7,,0,2,1,16,A01
201900038072,1,7,,0,2,3,1,B01
201900038073,1,10,,0,2,1,1,B01
201900038073,2,7,,11,2,1,1,A01
201900038074,1,10,,3,0,8,1,A01
201900038075,3,7,,0,1,2,1,A01
201900038076,1,7,,0,1,1,1,A01
201900038077,0,7,,0,2,1,0,A01
201900038077,0,1,,0,2,0,0,B01
201900038078,-1,7,,0,2,-1,-1,C01
201900038078,-1,7,,0,2,-1,-1,D01
201900038079,0,7,,0,1,1,15,A01
201900038080,0,7,,0,2,1,15,A01
201900038080,0,1,,0,2,1,1,B01
201900038081,3,38,1.0,0,1,1,15,A01
201900038082,1,31,,0,2,0,13,A01
201900038083,0,7,,0,1,3,15,A01
201900038084,1,7,,0,2,2,15,A01
201900038084,1,30,,0,2,1,1,B01
201900038084,3,7,,0,2,3,23,C01
201900038085,1,7,,0,2,4,1,B01
201900038085,1,7,,0,2,1,1,A01
201900038086,2,7,,0,0,4,2,B01
201900038086,2,7,,0,2,1,2,A01
201900038087,1,7,,0,0,1,15,A01
201900038087,1,30,,0,2,1,1,B01
201900038088,1,7,,0,2,1,15,A01
201900038088,2,2,,0,2,1,2,B01
201900038089,2,1,,0,2,4,23,B01
201900038089,2,7,,0,2,1,2,A01
201900038090,2,32,,0,2,1,2,A01
201900038090,2,7,,0,2,6,23,B01
201900038091,1,30,,0,0,0,1,A01
201900038092,1,15,,1,1,4,4,A01
201900038093,3,7,,0,1,1,1,A01
201900038094,1,33,,0,1,7,1,A01
201900038095,2,10,,0,1,1,1,A01
201900038096,1,32,,0,2,1,17,A01
201900038096,1,37,1.0,0,2,3,23,B01
201900038096,2,31,,0,2,1,1,C01
201900038097,0,31,,0,2,1,2,A01
201900038097,3,7,,0,2,6,15,B01
201900038098,1,1,,0,2,3,19,B01
201900038098,1,32,,0,2,1,17,A01
201900038099,2,7,,0,2,6,16,B01
201900038099,2,37,1.0,0,2,2,1,A01
201900038100,1,33,,0,1,1,1,Z01
201900038101,1,30,,0,0,3,17,A01
201900038102,1,7,,0,1,3,1,B01
201900038103,1,43,,0,1,5,17,A01
201900038104,1,7,,0,2,1,2,A01
201900038104,1,7,,0,2,4,23,B01
201900038105,1,7,,0,2,3,12,A01
201900038105,1,80,,0,2,5,1,B01
201900038106,1,10,,0,2,1,1,A01
201900038106,1,7,,0,2,2,1,B01
201900038107,1,7,,0,2,3,3,A01
201900038107,1,7,,0,2,0,0,B01
201900038107,1,7,,0,2,0,0,C01
201900038107,1,7,,0,2,0,3,AA01
201900038108,2,7,,0,2,3,15,A01
201900038108,2,31,,0,2,2,17,B01
201900038109,2,0,,0,2,1,5,B01
201900038109,1,7,,0,9,2,1,A01
201900038110,0,1,,0,2,1,1,B01
201900038110,0,7,,0,2,2,12,A01
201900038111,3,7,,0,2,4,2,C01
201900038111,3,7,,0,2,4,2,B01
201900038111,3,7,,0,2,1,2,A01
201900038112,2,7,,0,2,8,11,A01
201900038112,2,33,,0,2,7,3,B01
201900038112,2,7,,0,2,4,1,C01
201900038113,1,30,,0,2,7,1,A01
201900038113,1,10,,0,2,0,16,B01
201900038114,1,32,,0,2,9,1,A01
201900038114,0,10,,0,2,1,1,B01
201900038115,2,32,,0,2,2,1,B01
201900038115,2,7,,0,2,3,9,A01
201900038116,1,7,,0,1,1,16,A01
201900038117,3,37,1.0,0,2,3,9,A01
201900038117,2,32,,0,2,9,17,B01
201900038118,2,7,,0,2,5,4,A01
201900038118,2,32,,1,2,3,2,B01
201900038119,1,7,,0,2,6,15,B01
201900038119,1,7,,0,2,3,15,A01
201900038120,1,7,,0,2,7,15,A01
201900038120,2,31,,0,2,1,1,B01
201900038121,1,10,,0,1,3,15,A01
201900038122,2,1,,0,1,1,1,A01
201900038123,2,32,,0,2,7,17,B01
201900038123,2,7,,0,2,3,13,A01
201900038124,1,30,,0,1,1,1,A01
201900038125,1,7,,0,1,1,1,A01
201900038126,0,7,,0,1,1,1,A01
201900038127,1,1,,0,2,4,2,A01
201900038127,1,30,,0,2,1,2,Z01
201900038128,2,1,,0,1,1,1,Z01
201900038129,1,10,,0,1,6,4,A01
201900038130,1,34,,0,1,2,1,A01
201900038131,2,7,,0,2,8,9,C01
201900038131,2,7,,0,2,5,23,B01
201900038131,2,30,,0,2,3,7,A01
201900038132,1,7,,0,2,0,16,A01
201900038132,1,80,,8,2,1,1,B01
201900038133,2,7,,0,1,2,1,A01
201900038134,2,7,,0,1,1,7,Z01
201900038135,2,30,,0,2,1,7,A01
201900038135,2,10,,0,2,2,16,B01
201900038136,2,30,,0,2,1,2,A01
201900038136,2,50,,0,2,4,23,B01
201900038137,1,7,,0,1,3,1,Z01
201900038138,1,7,,0,1,2,16,A01
201900038139,2,31,,0,2,2,1,B01
201900038139,2,7,,0,2,2,9,A01
201900038140,1,50,,0,1,3,1,A01
201900038141,0,1,,0,2,1,1,B01
201900038141,2,10,,0,2,2,16,A01
201900038142,1,7,,0,1,3,15,A01
201900038143,1,31,,0,2,3,18,A01
201900038143,1,7,,0,2,2,1,B01
201900038144,1,7,,11,0,3,1,A01
201900038145,2,7,,0,2,0,16,A01
201900038145,2,1,,0,2,3,7,B01
201900038146,1,10,,0,1,1,1,A01
201900038147,1,30,,0,2,7,1,B01
201900038147,1,7,,0,2,1,1,A01
201900038148,2,33,,0,0,7,2,A01
201900038149,2,10,,0,2,2,9,Z01
201900038149,2,31,,0,2,3,1,A01
201900038150,1,34,,0,2,1,17,B01
201900038150,1,7,,0,2,3,10,A01
201900038151,2,32,,1,2,7,5,B01
201900038151,2,7,,0,2,3,10,A01
201900038152,1,7,,0,2,3,15,B01
201900038152,1,2,,0,2,2,17,A01
201900038153,1,33,,0,1,1,1,A01
201900038154,1,7,,0,1,1,1,A01
201900038155,2,7,,0,2,2,16,A01
201900038155,2,30,,0,2,8,7,B01
201900038156,1,7,,0,2,2,15,A01
201900038156,2,2,,0,2,1,1,B01
201900038157,1,31,,0,2,3,1,B01
201900038157,1,7,,0,2,7,16,A01
201900038158,1,7,,0,2,3,15,A01
201900038158,2,7,,0,2,6,1,B01
201900038159,3,7,,0,2,0,1,A01
201900038159,1,50,,0,2,0,1,B01
201900038160,2,1,,0,2,6,1,B01
201900038160,2,7,,0,2,2,12,A01
201900038161,1,50,,0,2,1,1,A01
201900038161,2,30,,0,2,7,15,B01
201900038162,2,10,,0,2,2,14,B01
201900038162,2,31,,0,2,9,18,A01
201900038163,3,38,1.0,0,2,2,1,A01
201900038163,3,7,,0,2,6,16,B01
201900038164,2,34,,0,2,1,1,B01
201900038164,1,7,,0,2,1,15,A01
201900038165,1,7,,0,2,7,1,B01
201900038165,1,7,,0,2,3,13,A01
201900038166,2,7,,0,0,2,1,B01
201900038166,2,30,,0,2,3,18,A01
201900038167,1,7,,0,2,7,14,A01
201900038167,1,31,,0,2,8,1,B01
201900038168,1,7,,0,2,2,1,A01
201900038168,1,33,,0,2,3,1,B01
201900038169,1,37,1.0,0,2,2,23,A01
201900038169,1,50,,0,2,1,19,B01
201900038170,1,32,,0,1,0,1,A01
201900038171,1,34,,0,2,1,1,B01
201900038171,1,7,,0,2,2,15,A01
201900038172,2,50,,12,0,1,21,A01
201900038173,2,31,,0,2,1,1,A01
201900038173,2,10,,0,2,8,1,B01
201900038174,1,7,,0,2,2,1,A01
201900038174,1,30,,0,2,6,18,B01
201900038175,1,7,,0,2,8,24,C01
201900038175,1,7,,0,2,3,1,B01
201900038175,1,7,,11,2,1,17,A01
201900038176,2,2,,0,2,1,2,Z01
201900038176,2,1,,0,2,4,23,A01
201900038177,1,30,,0,1,1,5,Z01
201900038178,2,31,,0,2,3,1,A01
201900038178,2,7,,0,2,2,16,Z01
201900038179,1,80,,0,1,1,1,A01
201900038180,2,10,,0,1,3,15,A01
201900038181,1,30,,0,0,0,1,A01
201900038182,1,7,,0,1,1,1,A01
201900038183,2,10,,0,1,1,16,A01
201900038184,1,1,,0,0,0,18,A01
201900038185,2,34,,0,2,5,17,A01
201900038185,2,7,,0,2,3,13,B01
201900038186,2,33,,0,1,2,1,A01
201900038187,1,10,,0,2,0,16,B01
201900038187,1,31,,0,2,1,7,A01
201900038188,1,2,,0,2,1,1,A01
201900038188,2,10,,0,2,2,15,B01
201900038189,1,7,,0,1,3,1,A01
201900038190,2,32,,0,1,7,1,A01
201900038191,2,30,,0,1,1,1,A01
201900038192,1,7,,0,2,1,1,A01
201900038192,1,7,,0,2,4,1,B01
201900038192,1,1,,0,2,0,0,C01
201900038193,2,33,,0,1,1,1,A01
201900038194,1,32,,0,2,3,1,A01
201900038194,1,10,,0,2,7,16,B01
201900038195,1,7,,0,2,2,1,A01
201900038195,1,7,,0,0,0,15,B01
201900038196,1,7,,0,2,8,22,A01
201900038196,1,1,,0,2,8,1,B01
201900038197,1,7,,0,2,3,9,B01
201900038197,2,30,,0,6,7,17,A01
201900038198,1,7,,0,1,3,1,A01
201900038199,1,30,,0,2,8,13,A01
201900038200,3,33,,0,2,7,2,A01
201900038200,1,7,,0,2,6,15,Z01
201900038201,1,7,,0,2,1,19,A01
201900038201,1,7,,0,2,1,2,B01
201900038202,1,7,,0,2,2,1,B01
201900038202,1,7,,0,2,3,1,A01
201900038203,1,7,,0,2,2,21,A01
201900038203,1,7,,0,0,6,1,B01
201900038203,2,31,,0,0,0,0,C01
201900038204,1,30,,0,1,3,1,Z01
201900038205,1,7,,0,2,5,12,Z01
201900038205,1,33,,0,2,3,1,A01
201900038206,1,7,,0,2,1,2,A01
201900038206,1,34,,0,2,4,2,B01
201900038207,0,99,,0,1,3,26,A01
201900038208,2,50,,0,2,0,13,B01
201900038208,2,7,,0,2,0,17,A01
201900038209,1,10,,0,2,1,2,A01
201900038209,1,10,,0,2,0,0,B01
201900038210,1,7,,0,1,6,4,A01
201900038211,1,7,,3,0,1,1,A01
201900038212,3,7,,0,1,2,1,A01
201900038213,3,30,,0,2,1,17,A01
201900038213,2,7,,0,2,3,15,B01
201900038214,2,7,,0,1,1,1,A01
201900038215,1,30,,0,1,1,1,Z01
201900038216,1,10,,0,2,7,20,B01
201900038216,1,34,,0,2,8,1,A01
201900038217,2,7,,0,1,1,1,A01
201900038218,3,31,,0,2,4,23,B01
201900038218,3,7,,0,2,1,1,A01
201900038219,2,7,,0,1,3,1,A01
201900038220,2,10,,0,2,1,15,A01
201900038220,1,43,,0,2,8,1,B01
201900038221,1,33,,0,2,3,1,A01
201900038221,1,7,,0,2,2,16,B01
201900038222,1,7,,0,1,1,26,A01
201900038223,1,7,,0,1,1,1,A01
201900038224,1,7,,0,9,1,16,A01
201900038224,2,1,,0,2,1,1,B01
201900038225,3,10,,0,1,1,26,A01
201900038226,2,2,,0,1,1,1,A01
201900038227,3,7,,0,1,2,10,A01
201900038228,1,34,,0,2,7,1,B01
201900038228,2,10,,0,2,3,1,A01
201900038229,1,30,,0,1,1,1,A01
201900038230,2,33,,0,2,1,2,A01
201900038230,2,14,,0,2,4,0,B01
201900038231,1,34,,0,2,1,1,A01
201900038231,2,7,,0,2,3,15,B01
201900038232,2,31,,0,2,7,1,A01
201900038232,1,7,,0,2,3,1,B01
201900038233,3,7,,0,0,0,0,B01
201900038233,3,31,,0,2,3,16,A01
201900038234,2,32,,0,1,1,1,A01
201900038235,0,10,,0,2,2,15,A01
201900038235,1,34,,0,2,0,0,B01
201900038236,1,10,,1,2,3,1,B01
201900038236,2,7,,0,2,1,13,A01
201900038237,1,7,,0,1,1,1,A01
201900038238,1,50,,0,2,7,1,B01
201900038238,1,10,,0,2,1,16,A01
201900038239,2,1,,0,2,1,15,B01
201900038239,1,30,,0,2,1,5,A01
201900038240,3,7,,0,2,5,15,B01
201900038240,3,31,,9,2,1,1,A01
201900038241,2,2,,0,2,1,1,B01
201900038241,1,7,,0,2,3,1,A01
201900038242,2,32,,11,0,0,13,A01
201900038243,1,7,,0,2,1,1,A01
201900038243,1,7,,0,2,3,1,B01
201900038244,0,7,,0,1,3,15,A01
201900038245,1,10,,0,1,3,1,A01
201900038246,1,43,,0,2,1,17,A01
201900038246,1,7,,0,2,6,10,B01
201900038247,1,7,,0,2,2,15,A01
201900038247,2,3,,0,2,3,1,B01
201900038248,1,30,,1,0,0,1,A01
201900038249,3,10,,0,1,3,15,A01
201900038250,1,1,,0,2,7,13,A01
201900038250,2,7,,0,2,0,1,B01
201900038251,1,10,,0,1,1,1,A01
201900038252,1,7,,0,2,4,1,B01
201900038252,1,7,,0,2,1,2,A01
201900038253,1,7,,0,1,7,1,A01
201900038254,1,7,,0,2,3,10,B01
201900038254,1,43,,0,2,1,17,A01
201900038255,1,50,,0,1,1,25,A01
201900038256,2,1,,0,2,3,18,A01
201900038256,2,38,1.0,0,2,7,16,B01
201900038257,2,7,,0,2,8,10,A01
201900038257,2,32,,0,2,2,1,B01
201900038258,1,7,,0,1,1,1,A01
201900038259,1,7,,0,2,7,14,B01
201900038259,2,32,,0,2,8,1,A01
201900038260,1,32,,0,2,8,1,B01
201900038260,1,7,,0,2,7,16,A01
201900038261,2,7,,0,2,3,15,A01
201900038261,2,33,,0,2,7,2,B01
201900038262,1,7,,0,1,2,1,A01
201900038263,2,7,,3,0,2,2,A01
201900038264,3,1,,0,2,7,1,B01
201900038264,3,7,,0,2,3,1,A01
201900038265,3,7,,0,2,3,0,B01
201900038265,3,7,,0,2,2,0,A01
201900038266,2,2,,0,2,4,23,B01
201900038266,2,7,,0,2,1,7,A01
201900038267,2,7,,0,2,1,13,B01
201900038267,1,7,,0,2,1,1,A01
201900038268,1,7,,2,0,3,17,A01
201900038269,2,7,,0,2,0,0,Z01
201900038269,1,7,,0,2,7,1,A01
201900038270,2,7,,0,9,1,14,A01
201900038271,2,43,,0,1,1,1,A01
201900038272,2,7,,0,2,2,1,A01
201900038272,2,1,,0,2,4,1,B01
201900038273,1,32,,0,2,1,1,B01
201900038273,1,7,,0,2,8,10,A01
201900038274,2,2,,0,2,1,1,B01
201900038274,2,7,,0,2,8,10,A01
201900038275,3,50,,0,0,1,1,A01
201900038276,2,7,,0,2,3,15,A01
201900038276,1,7,,0,2,3,1,B01
201900038277,0,32,,0,2,7,14,A01
201900038277,0,10,,0,2,6,1,B01
201900038278,1,1,,0,2,7,1,B01
201900038278,1,7,,0,2,3,1,A01
201900038279,3,7,,0,2,0,14,Z01
201900038279,3,33,,0,2,7,1,A01
201900038280,1,7,,0,1,1,1,A01
201900038281,1,2,,0,2,1,18,A01
201900038281,1,7,,0,2,2,16,B01
201900038282,2,50,,0,2,1,5,A01
201900038282,2,7,,0,2,3,15,B01
201900038283,1,7,,0,2,3,1,B01
201900038283,1,30,,0,2,1,1,A01
201900038284,2,32,,0,2,2,1,B01
201900038284,1,10,,0,2,3,15,A01
201900038285,3,34,,0,2,7,17,B01
201900038285,3,7,,0,2,6,13,A01
201900038286,1,7,,0,2,2,15,A01
201900038286,2,33,,0,2,1,1,B01
201900038287,1,7,,0,2,3,9,A01
201900038287,1,31,,0,2,1,1,B01
201900038288,1,7,,0,1,2,16,A01
201900038289,2,7,,0,1,1,1,A01
201900038290,1,7,,0,1,2,1,A01
201900038291,2,7,,0,1,2,1,A01
201900038292,3,7,,0,1,2,1,A01
201900038293,1,30,,0,0,2,21,A01
201900038294,2,2,,1,2,2,1,B01
201900038294,2,7,,0,2,3,10,A01
201900038295,1,32,,0,0,7,1,A01
201900038296,1,10,,0,2,2,1,B01
201900038296,1,43,,0,2,3,10,A01
201900038297,3,7,,2,0,1,13,A01
201900038298,1,7,,0,1,8,1,Z01
201900038299,1,7,,1,0,4,20,A01
201900038300,1,10,,9,0,3,13,A01
201900038301,2,7,,0,2,2,17,A01
201900038301,2,33,,0,2,8,1,B01
201900038302,2,2,,0,2,8,1,B01
201900038302,1,7,,0,2,7,1,A01
201900038303,3,7,,0,2,2,1,B01
201900038303,3,7,,8,2,3,10,A01
201900038304,1,7,,0,2,5,1,A01
201900038304,1,30,,0,2,0,1,B01
201900038305,1,2,,0,2,1,1,B01
201900038305,2,7,,0,2,2,15,A01
201900038306,1,50,,6,0,1,21,A01
201900038307,2,7,,0,2,2,16,B01
201900038307,2,30,,0,2,3,7,A01
201900038308,1,7,,0,2,5,21,B01
201900038308,1,31,,0,2,1,2,A01
201900038309,3,7,,0,1,1,1,Z01
201900038310,1,17,,0,1,3,1,A01
201900038311,2,7,,0,2,7,1,A01
201900038311,2,7,,0,2,1,1,B01
201900038312,2,37,1.0,0,1,5,1,A01
201900038313,1,7,,0,2,5,1,B01
201900038313,2,7,,0,2,1,1,A01
201900038314,2,7,,0,2,1,1,A01
201900038314,2,7,,0,2,4,1,B01
201900038314,2,7,,0,2,4,23,C01
201900038315,1,10,,0,1,4,20,A01
201900038316,2,7,,0,2,8,1,B01
201900038316,1,30,,0,2,1,5,A01
201900038317,1,34,,0,0,0,21,A01
201900038318,1,32,,0,2,1,1,A01
201900038318,1,7,,0,2,2,15,B01
201900038319,1,30,,0,1,2,5,Z01
201900038320,1,10,,0,1,1,16,A01
201900038321,1,7,,0,2,1,2,A01
201900038321,1,32,,0,2,4,23,B01
201900038322,1,30,,0,2,1,2,Z01
201900038322,1,50,,0,2,4,23,A01
201900038323,1,32,,0,2,8,1,A01
201900038323,2,10,,0,2,0,15,Z01
201900038324,1,33,,15,0,2,7,A01
201900038325,1,33,,0,2,1,1,A01
201900038325,2,1,,0,2,2,19,B01
201900038326,2,30,,0,1,1,1,A01
201900038327,2,32,,0,2,1,1,B01
201900038327,2,7,,0,2,8,22,A01
201900038328,1,30,,0,0,8,1,A01
201900038329,1,32,,0,0,2,21,A01
201900038330,2,50,,0,2,1,1,B01
201900038330,2,7,,0,2,2,16,A01
201900038331,2,7,,0,2,3,1,A01
201900038331,2,60,,0,2,0,19,B01
201900038332,2,1,,0,2,1,1,A01
201900038332,1,10,,0,2,8,9,B01
201900038333,1,43,,0,2,1,17,A01
201900038333,1,10,,0,2,6,15,B01
201900038334,2,33,,0,0,8,0,A01
201900038335,1,1,,0,2,1,1,A01
201900038335,3,32,,0,2,6,16,B01
201900038336,2,34,,0,2,3,5,A01
201900038336,2,7,,0,2,3,15,B01
201900038337,2,50,,0,1,1,1,A01
201900038338,1,7,,0,2,8,15,B01
201900038338,1,32,,0,2,7,17,A01
201900038339,1,7,,0,1,4,20,A01
201900038340,3,33,,0,2,7,16,A01
201900038340,3,33,,0,2,8,1,B01
201900038341,2,7,,0,2,3,1,C01
201900038341,2,7,,0,2,2,14,B01
201900038341,2,43,,0,2,8,3,A01
201900038342,1,30,,0,2,1,25,A01
201900038342,1,10,,0,2,2,23,B01
201900038343,1,32,,1,0,2,14,A01
201900038344,2,43,,0,2,3,18,A01
201900038344,2,7,,0,2,2,16,B01
201900038345,2,32,,0,1,3,17,A01
201900038346,1,1,,0,0,0,15,A01
201900038347,1,50,,0,1,1,25,A01
201900038348,1,43,,0,2,1,1,B01
201900038348,1,50,,0,2,4,9,A01
201900038349,1,7,,0,1,2,1,A01
201900038350,2,7,,1,0,2,14,A01
201900038351,1,10,,0,2,8,1,B01
201900038351,1,30,,0,2,7,15,A01
201900038352,1,33,,0,2,7,2,A01
201900038352,1,7,,0,2,6,2,B01
201900038353,2,1,,0,2,8,1,B01
201900038353,2,1,,0,2,7,12,A01
201900038354,1,1,,0,0,8,21,A01
201900038355,2,32,,0,0,8,1,A01
201900038356,1,7,,0,2,3,15,B01
201900038356,1,7,,0,2,2,17,A01