Num_Acc,senc,catv,occutc,obs,obsm,choc,manv,num_veh
201900038357,1,1,,0,2,4,1,B01
201900038357,1,7,,0,2,1,2,A01
201900038358,1,7,,8,2,5,16,A01
201900038358,2,7,,0,2,2,7,B01
201900038359,1,33,,0,1,1,1,A01
201900038360,2,31,,0,2,7,17,A01
201900038360,1,7,,0,2,3,15,B01
201900038361,1,1,,0,2,1,1,B01
201900038361,2,10,,0,2,3,16,A01
201900038362,1,1,,0,2,7,15,A01
201900038362,1,30,,0,2,1,1,B01
201900038363,2,7,,0,1,1,1,A01
201900038364,2,30,,12,0,1,1,A01
201900038365,2,33,,0,2,1,1,B01
201900038365,1,30,,0,2,8,1,A01
201900038366,2,7,,0,2,1,1,A01
201900038366,1,33,,0,0,0,1,B01
201900038367,1,7,,14,0,4,23,B01
201900038367,1,10,,0,2,1,1,Z01
201900038368,2,7,,0,2,5,2,B01
201900038368,2,7,,0,2,3,2,A01
201900038369,3,1,,0,2,1,19,B01
201900038369,1,7,,0,2,2,1,A01
201900038370,3,3,,6,0,1,19,A01
201900038371,2,7,,0,1,2,1,A01
201900038372,2,7,,13,0,9,13,A01
201900038373,3,7,,0,6,7,16,A01
201900038373,3,1,,0,2,1,1,B01
201900038374,2,40,,0,1,1,1,A01
201900038375,2,2,,0,2,1,2,B01
201900038375,1,7,,0,2,6,2,A01
201900038376,1,7,,1,0,1,1,A01
201900038377,1,7,,0,2,1,1,B01
201900038377,2,7,,0,2,1,5,A01
201900038378,2,34,,0,2,1,17,B01
201900038378,1,7,,0,2,3,13,A01
201900038379,3,2,,0,2,2,1,B01
201900038379,3,7,,0,2,3,9,A01
201900038380,2,31,,0,2,3,2,B01
201900038380,1,7,,0,2,1,15,A01
201900038381,2,7,,13,0,2,1,A01
201900038382,0,2,,0,2,1,1,B01
201900038382,0,10,,0,2,2,19,A01
201900038383,2,30,,0,0,0,21,A01
201900038384,2,7,,0,2,2,12,A01
201900038384,2,33,,0,2,8,3,B01
201900038385,2,7,,0,2,3,1,B01
201900038385,2,33,,0,2,7,12,A01
201900038386,1,7,,0,2,5,2,B01
201900038386,1,33,,0,2,3,2,A01
201900038387,1,33,,0,2,3,2,A01
201900038387,1,7,,0,2,5,2,B01
201900038388,1,32,,0,2,1,1,B01
201900038388,1,10,,0,2,4,12,A01
201900038389,1,33,,0,2,8,11,A01
201900038389,1,32,,0,2,7,3,B01
201900038389,1,10,,0,2,5,2,C01
201900038390,2,32,,0,2,1,18,A01
201900038390,2,10,,0,2,5,23,B01
201900038391,1,7,,0,2,4,2,C01
201900038391,1,7,,0,2,4,2,B01
201900038391,1,7,,0,2,1,2,A01
201900038392,1,32,,0,2,8,1,A01
201900038392,1,7,,0,2,0,12,Z01
201900038393,1,32,,0,2,1,2,A01
201900038393,2,7,,0,2,6,2,B01
201900038394,0,31,,6,1,1,26,A01
201900038395,2,32,,0,1,8,8,A01
201900038396,0,7,,0,2,6,15,B01
201900038396,1,33,,0,2,7,17,A01
201900038397,2,37,1.0,0,1,7,2,A01
201900038398,1,7,,0,1,1,1,A01
201900038399,1,7,,4,0,9,1,A01
201900038400,1,7,,0,2,1,5,A01
201900038400,2,7,,0,2,1,1,B01
201900038400,1,7,,0,2,8,5,C01
201900038401,1,7,,0,1,3,1,A01
201900038402,2,7,,0,1,1,8,A01
201900038403,2,30,,0,1,0,17,A01
201900038404,2,7,,4,0,3,13,A01
201900038405,3,43,,0,2,2,1,A01
201900038405,3,7,,0,2,6,11,Z01
201900038406,1,7,,0,1,2,16,A01
201900038407,2,50,,0,0,0,1,A01
201900038408,1,7,,0,1,2,1,A01
201900038409,2,50,,0,1,8,1,A01
201900038410,1,7,,0,2,1,2,A01
201900038410,1,7,,0,2,4,2,B01
201900038410,1,7,,0,2,4,23,C01
201900038411,2,32,,0,0,0,1,A01
201900038412,1,34,,0,1,1,1,A01
201900038413,1,1,,0,2,1,7,A01
201900038413,1,7,,0,2,4,15,B01
201900038414,2,2,,0,2,2,1,A01
201900038414,2,7,,0,2,3,9,B01
201900038415,1,7,,0,2,7,14,Z01
201900038415,1,50,,0,2,8,1,A01
201900038416,2,37,1.0,0,1,1,1,A01
201900038417,1,7,,0,1,2,1,A01
201900038418,2,7,,0,2,5,20,C01
201900038418,2,30,,0,2,4,14,B01
201900038418,2,7,,0,2,3,1,A01
201900038419,0,7,,1,1,2,1,Z01
201900038420,1,43,,0,0,1,1,A01
201900038421,3,2,,0,2,1,18,A01
201900038421,3,14,,0,2,2,16,B01
201900038422,2,50,,0,0,0,1,A01
201900038423,2,32,,0,2,2,2,A01
201900038423,2,10,,0,2,6,23,B01
201900038424,1,43,,0,1,2,5,A01
201900038425,2,7,,0,2,3,1,C01
201900038425,1,7,,0,2,3,1,B01
201900038425,1,31,,0,2,4,17,A01
201900038426,2,7,,0,2,4,1,B01
201900038426,2,1,,0,2,4,1,A01
201900038427,1,7,,0,2,2,10,A01
201900038427,2,32,,0,2,1,1,B01
201900038428,2,1,,0,2,3,7,B01
201900038428,2,7,,0,2,2,10,A01
201900038429,2,30,,0,1,1,1,A01
201900038430,2,1,,0,1,1,1,A01
201900038431,1,7,,0,2,3,1,B01
201900038431,2,7,,0,2,3,15,A01
201900038432,2,7,,0,2,0,16,A01
201900038432,2,32,,0,2,0,1,B01
201900038433,2,7,,0,2,2,15,A01
201900038433,1,33,,0,2,1,1,B01
201900038434,2,7,,0,2,7,1,B01
201900038434,2,30,,0,2,8,11,A01
201900038435,1,10,,0,2,2,16,B01
201900038435,1,33,,8,2,3,18,A01
201900038436,2,10,,0,2,0,13,B01
201900038436,2,31,,0,2,0,17,A01
201900038437,3,7,,0,2,5,12,A01
201900038437,3,31,,0,2,3,1,B01
201900038438,1,2,,0,2,1,17,A01
201900038438,1,2,,0,2,4,15,B01
201900038439,2,50,,0,2,2,1,B01
201900038439,1,1,,0,2,1,1,A01
201900038440,2,14,,0,2,5,16,A01
201900038440,2,7,,0,2,3,18,B01
201900038441,2,7,,1,2,1,17,Z01
201900038441,2,32,,0,2,4,1,A01
201900038442,1,32,,0,2,7,17,A01
201900038442,1,7,,0,2,8,15,B01
201900038443,1,32,,0,2,2,1,B01
201900038443,1,7,,0,2,3,11,A01
201900038444,2,32,,0,2,1,17,B01
201900038444,2,7,,0,2,2,10,A01
201900038445,1,7,,0,2,8,16,B01
201900038445,2,1,,0,2,1,1,A01
201900038446,3,30,,0,0,7,21,A01
201900038447,1,7,,0,2,3,15,B01
201900038447,2,30,,0,2,1,8,A01
201900038448,2,7,,0,2,8,23,C01
201900038448,1,32,,0,2,4,23,B01
201900038448,1,43,,0,2,3,2,A01
201900038449,2,7,,0,2,5,15,A01
201900038449,1,2,,0,2,1,1,B01
201900038450,2,7,,0,2,1,9,B01
201900038450,2,30,,0,2,7,17,A01
201900038451,1,2,,0,1,1,1,A01
201900038452,2,43,,0,2,1,17,B01
201900038452,2,7,,0,2,8,10,A01
201900038453,1,1,,0,2,1,1,B01
201900038453,1,10,,0,2,2,22,A01
201900038454,2,7,,0,1,3,1,A01
201900038455,1,1,,0,1,2,1,A01
201900038456,1,1,,0,2,1,1,B01
201900038456,1,7,,0,2,8,22,A01
201900038457,1,30,,0,2,1,1,B01
201900038457,1,10,,0,2,7,15,A01
201900038458,1,1,,0,2,3,1,B01
201900038458,1,10,,0,2,5,12,A01
201900038459,2,7,,0,2,5,23,C01
201900038459,2,7,,0,2,6,23,B01
201900038459,2,30,,0,2,1,17,A01
201900038460,2,1,,0,2,1,9,B01
201900038460,1,7,,0,6,1,1,A01
201900038461,2,7,,0,2,4,1,C01
201900038461,2,32,,0,2,4,0,B01
201900038461,2,7,,0,2,1,1,A01
201900038462,2,7,,0,2,3,10,B01
201900038462,1,2,,0,2,2,17,A01
201900038463,1,20,,0,2,1,9,A01
201900038463,1,10,,0,0,4,1,B01
201900038464,1,7,,0,2,4,23,B01
201900038464,1,7,,0,2,1,1,A01
201900038465,3,7,,0,2,1,2,A01
201900038465,3,7,,0,2,4,10,B01
201900038466,1,7,,0,2,1,2,A01
201900038466,0,7,,0,2,1,2,B01
201900038466,0,7,,0,2,4,2,C01
201900038467,1,10,,0,1,3,2,A01
201900038468,3,31,,0,2,4,1,B01
201900038468,3,3,,0,2,3,9,O01
201900038469,2,7,,0,2,3,13,A01
201900038469,2,31,,0,2,1,17,B01
201900038470,2,10,,0,2,1,19,A01
201900038470,1,10,,0,2,7,19,B01
201900038471,1,7,,0,2,8,15,B01
201900038471,2,30,,0,2,2,0,A01
201900038472,1,7,,0,2,2,1,A01
201900038472,1,3,,0,2,6,9,B01
201900038473,1,7,,0,1,2,1,A01
201900038474,2,34,,0,1,1,2,A01
201900038475,1,33,,0,2,2,12,B01
201900038475,1,99,,0,2,3,9,A01
201900038476,3,7,,0,1,2,11,A01
201900038477,3,7,,0,1,2,19,A01
201900038478,1,7,,0,2,1,26,B01
201900038478,1,7,,0,2,4,23,A01
201900038479,1,99,,0,0,3,15,A01
201900038479,1,34,,0,2,9,17,B01
201900038480,0,7,,1,0,2,0,B01
201900038480,0,2,,1,0,0,26,A01
201900038481,2,7,,0,2,1,26,A01
201900038481,2,7,,7,0,4,23,B01
201900038482,3,7,,0,1,1,1,A01
201900038483,1,30,,0,2,1,1,A01
201900038483,2,7,,0,2,1,1,C01
201900038483,2,7,,0,2,5,15,B01
201900038484,3,33,,0,2,3,18,A01
201900038484,3,7,,0,2,2,2,B01
201900038485,3,2,,0,2,1,13,B01
201900038485,3,7,,0,2,1,16,A01
201900038486,1,2,,16,2,1,13,B01
201900038486,1,10,,0,2,7,0,A01
201900038487,1,7,,0,2,1,1,A01
201900038487,2,7,,0,2,8,1,B01
201900038488,1,32,,1,2,2,13,A01
201900038488,1,10,,1,0,6,24,C01
201900038488,1,10,,0,2,1,1,B01
201900038489,2,10,,0,2,8,9,B01
201900038489,1,10,,0,2,1,1,A01
201900038490,3,7,,0,0,4,23,B01
201900038490,0,31,,0,2,1,1,A01
201900038491,1,7,,0,2,2,15,A01
201900038491,2,7,,0,2,1,1,B01
201900038492,0,7,,0,2,7,1,B01
201900038492,0,7,,0,2,1,1,A01
201900038493,1,3,,0,2,1,2,A01
201900038493,2,3,,0,2,1,2,B01
201900038494,3,7,,0,2,3,9,A01
201900038494,3,7,,0,2,5,9,B01
201900038495,1,10,,0,2,1,26,B01
201900038495,1,10,,0,2,2,19,A01
201900038496,0,1,,0,2,1,26,B01
201900038496,0,7,,0,2,3,23,A01
201900038497,2,3,,12,0,9,15,B01
201900038497,2,7,,0,2,2,15,A01
201900038498,1,3,,1,2,6,15,B01
201900038498,1,34,,0,2,1,17,A01
201900038499,3,10,,0,2,4,2,B01
201900038499,1,7,,0,2,1,2,A01
201900038500,1,7,,0,2,3,9,B01
201900038500,0,7,,1,0,2,21,A01
201900038501,0,30,,0,1,1,1,A01
201900038502,1,7,,0,2,6,23,B01
201900038502,1,99,,1,0,2,17,A01
201900038503,1,31,,0,2,1,0,A01
201900038503,1,7,,0,2,2,0,B01
201900038504,1,7,,0,1,3,1,A01
201900038505,2,7,,0,1,3,1,A01
201900038506,1,7,,0,1,1,1,A01
201900038507,0,7,,0,1,1,1,A01
201900038508,2,80,,0,6,1,1,A01
201900038508,1,80,,0,6,1,1,B01
201900038509,3,7,,0,2,1,1,A01
201900038509,3,2,,0,2,4,14,B01
201900038510,3,7,,0,2,2,1,A01
201900038510,3,60,,0,2,2,16,B01
201900038511,1,1,,0,2,1,1,B01
201900038511,2,7,,0,2,1,1,A01
201900038512,3,7,,0,1,1,1,B01
201900038513,2,7,,0,1,1,15,A01
201900038514,1,7,,0,2,6,1,A01
201900038514,1,7,,0,2,2,1,B01
201900038515,1,1,,0,2,1,2,A01
201900038515,1,7,,0,2,4,2,B01
201900038516,3,7,,0,2,6,19,A01
201900038516,3,32,,0,2,1,1,B01
201900038517,2,33,,0,2,1,17,B01
201900038517,2,7,,0,2,3,11,A01
201900038518,1,14,,0,2,3,1,B01
201900038518,1,7,,0,2,5,1,C01
201900038518,1,7,,0,2,7,14,A01
201900038519,1,7,,0,2,3,9,B01
201900038519,2,32,,0,2,2,1,A01
201900038520,2,10,,0,2,1,2,A01
201900038520,2,7,,2,0,1,2,B01
201900038520,2,34,,0,2,1,2,C01
201900038520,2,10,,0,2,5,1,D01
201900038521,3,7,,0,2,4,2,B01
201900038521,3,7,,0,2,1,2,A01
201900038522,1,7,,0,1,1,1,A01
201900038523,3,7,,0,2,2,15,A01
201900038523,3,2,,0,2,1,1,B01
201900038524,3,10,,0,2,2,2,B01
201900038524,3,10,,0,2,3,2,A01
201900038525,3,30,,0,1,1,0,A01
201900038526,1,7,,0,2,2,1,B01
201900038526,2,7,,0,2,3,19,A01
201900038527,2,7,,0,2,3,9,A01
201900038527,2,31,,0,2,1,1,B01
201900038528,1,7,,0,2,1,13,A01
201900038528,2,7,,0,2,1,1,B01
201900038529,1,21,,0,0,3,15,A01
201900038529,1,2,,0,2,1,17,B01
201900038530,1,7,,0,0,0,15,A01
201900038530,2,33,,0,0,7,1,B01
201900038531,3,7,,8,0,2,1,A01
201900038532,2,2,,0,0,9,1,A01
201900038533,1,7,,0,0,0,1,A01
201900038534,3,1,,0,2,0,15,A01
201900038534,3,7,,0,2,1,0,B01
201900038535,1,7,,13,0,1,1,A01
201900038536,2,33,,7,0,1,13,A01
201900038537,3,7,,0,2,1,1,B01
201900038537,3,7,,0,0,4,23,A01
201900038538,2,7,,0,0,5,15,A01
201900038538,2,34,,0,2,3,15,B01
201900038539,1,7,,13,0,1,21,A01
201900038540,3,0,,0,2,3,23,A01
201900038540,3,7,,0,2,1,1,A01
201900038541,2,33,,0,2,1,1,B01
201900038541,2,7,,0,2,5,1,A01
201900038542,2,7,,4,2,2,11,A01
201900038542,2,17,,0,0,0,1,B01
201900038543,1,7,,0,2,3,15,B01
201900038543,1,7,,0,0,2,1,A01
201900038544,2,1,,14,0,0,1,A01
201900038545,3,36,,13,0,1,1,A01
201900038546,0,7,,14,0,1,1,A01
201900038547,2,2,,0,0,8,1,A01
201900038547,2,7,,0,2,7,17,B01
201900038548,3,33,,9,0,1,1,A01
201900038549,0,7,,0,0,0,15,A01
201900038549,1,33,,0,0,7,1,B01
201900038550,2,7,,2,0,2,1,A01
201900038551,3,7,,13,0,1,1,A01
201900038552,2,7,,0,2,3,1,B01
201900038552,1,7,,0,2,3,13,A01
201900038553,1,7,,13,0,2,2,A01
201900038553,1,7,,0,0,0,26,B01
201900038554,2,7,,1,2,1,21,A01
201900038555,0,7,,7,0,3,1,A01
201900038556,2,32,,14,0,7,1,A01
201900038557,1,2,,0,2,1,14,A01
201900038557,2,7,,0,2,2,15,B01
201900038558,1,7,,0,2,3,6,B01
201900038558,2,33,,0,2,1,1,A01
201900038559,3,7,,1,2,7,15,A01
201900038559,2,7,,1,2,1,1,B01
201900038560,2,37,1.0,0,1,1,1,A01
201900038561,2,1,,0,2,1,1,B01
201900038561,1,7,,0,6,7,15,A01
201900038562,2,10,,0,2,1,1,B01
201900038562,2,10,,0,2,7,9,A01
201900038563,3,7,,0,2,2,1,B01
201900038563,3,7,,0,2,1,15,A01
201900038564,1,7,,0,2,4,0,C01
201900038564,1,7,,0,2,4,2,B01
201900038564,1,7,,0,2,1,2,A01
201900038565,1,7,,0,2,3,15,A01
201900038565,1,2,,0,2,2,17,B01
201900038566,2,7,,0,2,1,1,B01
201900038566,1,7,,0,2,2,10,A01
201900038567,1,1,,0,2,3,19,A01
201900038567,1,7,,0,2,2,1,B01
201900038568,1,7,,0,2,4,2,B01
201900038568,1,7,,0,2,1,2,A01
201900038569,1,7,,0,2,3,1,A01
201900038569,2,7,,0,2,8,1,B01
201900038570,2,2,,0,2,8,1,B01
201900038570,1,1,,0,2,8,1,A01
201900038571,1,7,,0,1,1,1,A01
201900038572,2,7,,15,2,7,12,A01
201900038572,2,10,,0,2,3,1,B01
201900038573,2,7,,0,1,2,1,A01
201900038574,0,7,,0,1,1,1,A01
201900038575,2,33,,0,2,1,1,B01
201900038575,1,7,,0,2,1,0,A01
201900038576,2,7,,0,2,2,1,A01
201900038576,1,1,,0,2,8,19,B01
201900038577,2,7,,0,2,8,1,C01
201900038577,2,33,,0,2,8,17,B01
201900038577,1,7,,0,2,3,13,A01
201900038578,1,2,,0,2,4,15,B01
201900038578,1,32,,0,2,1,17,A01
201900038579,2,7,,0,2,3,9,A01
201900038579,1,50,,0,2,8,5,B01
201900038580,1,7,,0,2,6,0,B01
201900038580,1,33,,0,2,2,11,A01
201900038581,3,7,,0,1,1,26,A01
201900038582,1,7,,0,2,1,13,A01
201900038582,2,7,,0,2,1,1,B01
201900038583,2,33,,0,2,1,13,A01
201900038583,3,7,,0,2,3,1,B01
201900038584,3,7,,5,9,1,2,Z01
201900038584,3,1,,5,0,4,26,A01
201900038585,1,99,,0,2,2,0,B01
201900038585,1,7,,0,2,5,26,A01
201900038586,1,7,,0,2,3,13,A01
201900038586,1,7,,0,2,3,1,B01
201900038587,1,7,,0,2,3,15,A01
201900038587,1,7,,0,2,1,1,B01
201900038588,3,7,,0,1,3,1,A01
201900038589,2,7,,6,0,1,19,A01
201900038590,1,7,,0,2,1,2,B01
201900038590,1,7,,16,0,4,23,A01
201900038591,1,30,,16,0,0,1,A01
201900038592,1,7,,0,2,3,9,A01
201900038592,1,7,,0,2,2,1,B01
201900038593,1,7,,0,2,1,15,A01
201900038593,1,7,,0,2,6,1,B01
201900038594,2,60,,0,2,1,1,B01
201900038594,2,7,,0,9,5,1,A01
201900038595,1,7,,3,0,7,14,A01
201900038596,2,32,,16,0,7,1,A01
201900038597,1,7,,0,2,1,1,A01
201900038597,1,1,,0,2,1,1,B01
201900038598,1,7,,0,1,3,21,A01
201900038599,1,7,,0,2,8,9,A01
201900038599,1,7,,0,2,1,1,B01
201900038600,2,7,,0,2,2,1,A01
201900038600,2,13,,0,2,6,20,B01
201900038601,1,7,,0,2,1,9,A01
201900038601,1,1,,0,2,2,9,B01
201900038602,0,7,,0,2,2,1,B01
201900038602,0,7,,0,2,3,1,A01
201900038603,1,7,,0,2,0,0,A01
201900038603,1,7,,0,2,0,23,B01
201900038604,3,7,,0,2,3,15,B01
201900038604,3,7,,0,2,1,1,A01
201900038605,2,7,,0,1,3,1,A01
201900038606,3,1,,8,0,1,1,A01
201900038607,1,1,,0,2,1,6,A01
201900038607,2,7,,0,2,3,9,B01
201900038608,2,7,,0,2,1,23,A01
201900038608,2,7,,12,2,4,2,B01
201900038608,1,7,,0,1,1,1,C01
201900038609,3,7,,0,2,1,15,A01
201900038609,1,7,,0,2,7,1,B01
201900038610,0,10,,0,1,1,0,A01
201900038611,2,2,,0,2,1,17,A01
201900038611,2,7,,0,2,3,15,B01
201900038612,1,7,,0,1,2,1,A01
201900038613,3,10,,1,2,7,1,A01
201900038613,3,7,,0,2,1,1,B01
201900038614,2,7,,0,1,1,15,A01
201900038615,2,7,,0,2,4,1,D01
201900038615,2,7,,0,2,4,1,C01
201900038615,2,7,,0,2,4,1,B01
201900038615,2,7,,0,2,1,1,A01
201900038616,2,10,,3,0,1,1,A01
201900038617,1,7,,3,2,2,14,A01
201900038617,1,7,,0,0,0,0,B01
201900038618,0,7,,8,0,3,1,A01
201900038619,3,1,,0,2,1,2,B01
201900038619,0,7,,0,2,1,16,A01
201900038620,3,7,,0,2,1,0,B01
201900038620,3,1,,0,2,1,0,A01
201900038621,1,7,,0,1,1,19,A01
201900038622,3,7,,6,0,1,19,A01
201900038623,0,7,,0,2,3,10,A01
201900038623,0,34,,0,2,3,2,B01
201900038624,2,30,,0,0,0,1,A01
201900038625,1,7,,0,2,4,1,B01
201900038625,1,30,,0,2,1,17,A01
201900038626,1,7,,0,2,2,11,A01
201900038626,1,33,,0,2,3,1,B01
201900038627,1,7,,0,2,1,2,A01
201900038627,1,7,,0,0,4,23,B01
201900038627,1,7,,0,2,4,23,C01
201900038628,0,2,,0,2,1,15,B01
201900038628,0,7,,0,2,1,1,A01
201900038629,1,2,,0,2,4,1,B01
201900038629,2,7,,0,2,3,1,A01
201900038630,2,34,,0,2,1,1,B01
201900038630,1,7,,0,2,2,15,A01
201900038631,2,7,,0,1,1,1,A01
201900038632,1,30,,0,2,8,1,B01
201900038632,1,7,,0,2,2,1,A01
201900038633,0,7,,0,1,2,1,A01
201900038634,1,1,,0,2,1,1,B01
201900038634,1,7,,0,2,0,21,A01
201900038635,0,30,,0,2,1,1,A01
201900038635,0,7,,0,2,3,15,B01
201900038636,0,7,,0,2,3,0,A01
201900038636,0,33,,0,2,2,0,B01
201900038636,0,7,,0,2,1,0,C01
201900038637,0,13,,0,2,3,1,B01
201900038637,0,38,2.0,0,2,2,1,A01
201900038638,1,31,,0,2,8,1,B01
201900038638,1,31,,0,2,2,10,A01
201900038639,2,33,,0,0,2,1,A01
201900038640,2,2,,0,2,1,1,B01
201900038640,1,7,,0,2,2,1,A01
201900038641,1,33,,0,2,1,2,A01
201900038641,1,7,,0,2,4,23,B01
201900038642,2,7,,4,0,2,1,A01
201900038643,1,7,,0,2,6,11,A01
201900038643,1,33,,0,2,2,1,B01
201900038644,1,7,,0,2,3,15,A01
201900038644,2,31,,0,2,1,1,B01
201900038645,2,30,,0,2,1,17,A01
201900038645,2,7,,0,2,3,15,B01
201900038646,0,7,,1,0,8,1,A01
201900038647,1,2,,0,2,1,1,B01
201900038647,1,7,,0,2,2,15,A01
201900038648,1,7,,0,2,1,1,C01
201900038648,1,7,,0,2,4,0,B01
201900038648,1,7,,0,2,1,1,A01
201900038649,3,31,,9,0,1,9,A01
201900038650,3,7,,0,1,1,1,A01
201900038651,2,10,,0,1,1,19,A01
201900038652,3,7,,8,0,1,1,A01
201900038653,2,7,,0,2,1,26,A01
201900038653,2,7,,0,2,4,1,B01
201900038654,1,7,,0,2,7,1,B01
201900038654,1,7,,0,2,3,9,A01
201900038655,2,7,,0,2,2,19,A01
201900038655,1,31,,0,2,5,1,B01
201900038656,2,7,,0,2,1,13,A01
201900038656,1,37,5.0,0,2,3,1,B01
201900038657,3,7,,0,2,1,13,A01
201900038657,3,7,,0,2,1,1,B01
201900038658,2,7,,0,2,2,15,A01
201900038658,1,3,,0,2,1,1,B01
201900038659,3,7,,0,2,1,1,A01
201900038659,3,1,,0,2,7,0,B01
201900038660,2,7,,0,1,1,1,A01
201900038661,3,2,,0,2,1,1,A01
201900038661,3,7,,0,2,8,16,B01
201900038662,1,7,,0,2,1,1,A01
201900038662,1,34,,0,0,4,1,B01
201900038663,1,33,,0,0,4,1,B01
201900038663,1,7,,0,2,1,1,A01
201900038664,1,10,,0,2,1,1,A01
201900038664,1,10,,0,0,4,1,B01
201900038665,1,7,,0,0,4,1,B01
201900038665,1,7,,0,2,1,1,A01
201900038666,1,7,,0,2,1,2,A01
201900038666,1,7,,0,2,4,2,B01
201900038667,2,7,,0,2,2,13,A01
201900038667,2,7,,0,2,2,1,B01
201900038667,2,7,,0,2,3,1,C01
201900038667,2,33,,0,2,1,1,D01
201900038668,1,30,,0,2,8,1,A01
201900038668,0,7,,0,2,1,1,B01
201900038669,1,7,,0,2,3,1,B01
201900038669,1,7,,0,2,1,1,A01
201900038670,1,33,,4,0,1,1,A01
201900038671,1,7,,0,2,2,17,A01
201900038671,1,7,,0,2,3,15,B01
201900038672,1,7,,0,2,0,1,A01
201900038672,1,7,,1,2,0,0,B01
201900038672,2,7,,0,2,1,1,C01
201900038673,1,7,,0,2,4,23,B01
201900038673,1,7,,0,2,2,21,A01
201900038674,1,7,,0,6,6,2,B01
201900038674,1,50,,0,2,8,2,A01
201900038675,1,37,1.0,0,1,1,1,A01
201900038676,1,30,,0,0,1,26,A01
201900038677,3,7,,3,0,7,1,A01
201900038678,1,14,,4,2,1,2,A01
201900038678,1,7,,0,2,0,0,B01
201900038678,1,7,,0,2,0,0,C01
201900038679,1,7,,0,2,3,11,A01
201900038679,2,7,,0,2,6,1,B01
201900038680,0,7,,0,1,1,1,A01
201900038681,1,7,,3,0,1,12,A01
201900038682,1,7,,0,2,1,1,C01
201900038682,1,7,,0,2,3,1,B01
201900038682,1,7,,0,2,3,13,A01
201900038683,3,30,,0,1,0,1,A01
201900038684,3,7,,0,1,2,15,A01
201900038685,3,32,,0,2,1,16,A01
201900038685,1,32,,0,2,1,1,B01
201900038686,2,7,,0,2,3,1,B01
201900038686,1,30,,0,2,1,13,A01
201900038687,0,7,,0,1,1,0,A01
201900038688,1,7,,0,2,7,15,B01
201900038688,2,33,,0,2,1,1,A01
201900038689,2,10,,0,1,1,15,A01
201900038690,1,7,,0,2,4,23,B01
201900038690,1,2,,0,2,1,2,A01
201900038691,1,7,,0,1,1,1,A01
201900038692,1,7,,4,0,6,14,A01
201900038693,1,7,,0,2,2,2,A01
201900038693,1,7,,0,2,6,23,C01
201900038693,1,7,,0,2,6,23,B01
201900038694,1,7,,0,2,0,12,Z01
201900038694,1,31,,0,2,3,1,A01
201900038695,1,7,,0,2,6,23,B01
201900038695,1,10,,0,2,4,23,C01
201900038695,1,7,,0,2,2,9,A01
201900038696,1,31,,6,0,1,13,A01
201900038697,3,31,,11,0,1,14,A01
201900038698,1,7,,0,2,1,7,A01
201900038698,1,1,,0,2,7,1,B01
201900038699,2,33,,0,2,1,11,B01
201900038699,2,7,,0,2,5,1,A01
201900038700,1,33,,0,1,8,1,A01
201900038701,1,7,,0,2,1,2,A01
201900038701,1,7,,0,2,8,2,B01
201900038702,1,7,,0,2,6,1,A01
201900038702,1,7,,0,2,1,1,Z01
201900038703,1,7,,0,1,1,1,Z01
201900038704,1,32,,0,2,2,1,B01
201900038704,2,7,,0,2,3,1,A01
201900038705,2,7,,0,9,8,15,A01
201900038705,2,1,,0,2,7,5,B01
201900038706,2,2,,0,2,0,18,B01
201900038706,2,7,,0,2,0,16,A01
201900038707,1,1,,0,2,1,1,B01
201900038707,1,7,,0,2,5,16,A01
201900038708,1,14,,0,2,0,1,B01
201900038708,1,10,,0,2,1,1,A01
201900038709,1,37,2.0,0,1,3,16,A01
201900038710,2,1,,0,1,7,1,A01
201900038711,1,1,,0,2,1,9,Z01
201900038711,1,1,,0,2,1,1,A01
201900038712,1,32,,0,2,8,1,B01
201900038712,1,7,,0,2,1,1,A01
201900038713,1,34,,0,2,1,1,A01
201900038713,2,7,,0,2,0,1,B01
201900038714,1,10,,0,2,2,15,A01
201900038714,2,33,,0,2,1,1,B01
201900038715,2,7,,0,1,1,1,Z01
201900038716,2,30,,0,2,1,1,B01
201900038716,1,13,,0,2,0,15,A01
201900038717,2,30,,0,2,1,1,A01
201900038717,2,7,,0,2,2,16,B01
201900038718,2,43,,0,0,2,1,A01
201900038719,3,10,,6,2,1,1,A01
201900038720,2,33,,0,2,1,1,B01
201900038720,2,10,,0,2,6,1,A01
201900038721,1,7,,7,0,3,13,A01
201900038722,1,7,,0,2,3,13,A01
201900038722,1,32,,0,2,2,17,B01
201900038723,2,7,,0,1,1,16,A01
201900038724,1,7,,14,0,2,13,A01
201900038725,1,30,,0,2,1,17,A01
201900038725,1,7,,0,2,8,10,B01
201900038726,2,31,,0,0,7,3,A01
201900038727,1,34,,0,2,2,13,B01
201900038727,1,13,,0,2,3,15,A01
201900038728,1,30,,1,0,1,21,A01
201900038729,1,30,,0,1,3,1,A01
201900038730,1,7,,0,2,5,10,A01
201900038730,2,2,,0,2,1,1,B01
201900038731,1,7,,0,2,8,1,B01
201900038731,1,7,,0,2,1,1,A01
201900038732,2,7,,0,2,2,1,B01
201900038732,2,2,,0,2,3,10,A01
201900038733,1,7,,0,1,2,1,A01
201900038734,0,7,,0,1,8,17,A01
201900038735,2,31,,0,2,1,1,A01
201900038735,1,7,,0,2,8,1,B01
201900038736,2,7,,0,1,3,1,A01