Num_Acc,senc,catv,occutc,obs,obsm,choc,manv,num_veh
201900038737,1,30,,0,0,0,16,A01
201900038738,1,1,,0,1,1,1,A01
201900038739,1,10,,0,2,1,2,A01
201900038739,1,42,,0,2,5,2,B01
201900038740,1,7,,0,1,1,15,A01
201900038741,2,10,,0,1,2,1,A01
201900038742,2,7,,0,2,2,15,A01
201900038742,2,7,,0,2,1,1,B01
201900038743,1,3,,0,2,1,9,A01
201900038743,1,1,,0,2,4,15,B01
201900038744,1,7,,6,0,1,15,A01
201900038745,1,7,,0,2,1,1,B01
201900038745,1,7,,0,2,1,19,A01
201900038746,1,7,,0,0,4,1,C01
201900038746,1,7,,0,2,9,1,B01
201900038746,1,7,,0,2,1,1,A01
201900038747,1,7,,0,2,3,16,B01
201900038747,1,30,,0,2,1,1,A01
201900038748,2,31,,0,2,1,1,B01
201900038748,2,7,,0,2,1,15,A01
201900038749,0,7,,0,1,1,1,A01
201900038750,1,7,,0,2,9,1,A01
201900038750,2,7,,0,2,3,1,C01
201900038750,3,7,,0,2,1,1,B01
201900038751,3,7,,0,2,1,1,A01
201900038751,3,7,,0,2,2,15,B01
201900038752,2,7,,0,1,1,21,A01
201900038753,1,7,,0,2,6,1,C01
201900038753,1,7,,0,2,5,1,B01
201900038753,1,33,,0,2,1,3,A01
201900038754,2,33,,0,0,8,12,A01
201900038755,1,33,,8,1,1,1,A01
201900038756,1,32,,0,2,3,1,B01
201900038756,2,1,,0,2,2,19,A01
201900038757,1,7,,0,1,3,1,A01
201900038758,1,32,,0,2,5,23,B01
201900038758,1,7,,0,2,3,15,A01
201900038759,2,10,,1,2,2,14,A01
201900038759,2,7,,0,2,6,24,D01
201900038760,1,33,,0,2,1,17,B01
201900038760,1,7,,0,2,3,10,A01
201900038761,2,50,,0,1,7,1,A01
201900038762,1,34,,14,2,1,17,A01
201900038762,1,7,,0,2,6,1,B01
201900038763,2,30,,0,1,8,1,A01
201900038764,1,30,,11,0,1,21,A01
201900038765,1,7,,0,2,3,1,A01
201900038765,1,30,,0,2,1,1,B01
201900038766,3,1,,0,2,0,2,B01
201900038766,3,7,,0,9,0,0,A01
201900038767,1,37,1.0,4,2,8,1,B01
201900038767,1,7,,0,2,1,1,A01
201900038768,3,7,,1,1,2,1,A01
201900038769,1,3,,0,2,8,15,B01
201900038769,2,3,,0,2,3,1,A01
201900038770,1,7,,0,1,1,15,A01
201900038771,3,7,,4,0,1,1,A01
201900038772,1,60,,1,0,1,7,A01
201900038773,2,7,,0,1,2,1,A01
201900038774,1,7,,0,2,1,1,A01
201900038774,1,7,,0,2,4,1,B01
201900038775,3,7,,0,2,2,15,A01
201900038775,3,32,,0,2,7,1,B01
201900038776,2,30,,0,0,8,26,A01
201900038777,0,7,,0,0,0,10,A01
201900038777,0,7,,0,2,1,1,B01
201900038778,2,30,,8,0,1,1,A01
201900038779,1,0,,0,2,1,1,Z01
201900038779,1,7,,0,2,3,16,B01
201900038780,3,37,2.0,0,2,1,1,B01
201900038780,3,7,,0,2,3,19,A01
201900038781,1,7,,0,2,1,1,A01
201900038781,1,10,,2,2,7,0,B01
201900038782,0,34,,0,2,1,9,B01
201900038782,0,7,,0,2,3,9,A01
201900038783,2,7,,0,1,2,1,A01
201900038784,0,7,,0,1,2,16,A01
201900038785,3,7,,0,2,3,1,B01
201900038785,3,30,,0,2,2,9,A01
201900038786,2,1,,0,1,1,19,A01
201900038787,3,10,,0,2,8,10,A01
201900038787,1,33,,0,2,1,1,B01
201900038788,1,2,,0,2,2,17,B01
201900038788,1,7,,0,2,3,15,A01
201900038789,2,7,,0,0,0,0,B01
201900038789,1,32,,0,0,7,1,A01
201900038790,2,30,,0,2,1,1,A01
201900038790,1,7,,0,2,5,1,B01
201900038791,0,30,,0,2,7,17,B01
201900038791,0,7,,0,2,3,15,A01
201900038792,0,32,,0,2,3,1,B01
201900038792,1,7,,12,2,5,26,A01
201900038793,1,33,,5,0,1,1,A01
201900038794,0,7,,0,1,3,1,A01
201900038795,1,2,,0,0,0,1,A01
201900038795,3,7,,0,0,0,15,B01
201900038796,1,2,,0,2,1,1,B01
201900038796,2,7,,0,2,3,13,A01
201900038797,1,2,,0,2,1,1,B01
201900038797,1,7,,0,2,3,15,A01
201900038798,1,33,,7,0,1,1,A01
201900038799,3,7,,1,2,8,19,A01
201900038799,1,7,,0,2,1,1,B01
201900038800,2,7,,0,2,1,2,A01
201900038800,2,7,,0,1,4,1,B01
201900038801,2,33,,0,2,1,1,B01
201900038801,2,7,,0,2,3,15,A01
201900038802,2,7,,0,2,1,1,B01
201900038802,1,7,,0,2,1,13,A01
201900038803,2,7,,0,2,1,1,B01
201900038803,2,7,,0,0,2,19,A01
201900038804,2,33,,12,0,2,16,A01
201900038805,1,7,,0,2,1,13,A01
201900038805,2,7,,0,2,3,1,B01
201900038806,1,7,,0,2,1,1,B01
201900038806,2,7,,0,2,1,13,A01
201900038807,3,7,,0,1,2,16,A01
201900038808,3,2,,5,0,7,1,A01
201900038809,3,1,,1,0,1,1,B01
201900038809,0,7,,0,2,3,22,A01
201900038810,0,7,,0,2,3,1,D01
201900038810,2,7,,0,2,1,1,C01
201900038810,0,7,,0,2,0,17,B01
201900038810,0,7,,0,2,1,17,A01
201900038811,2,10,,0,2,3,5,A01
201900038811,1,10,,0,2,3,1,B01
201900038811,2,7,,0,2,1,2,C01
201900038812,1,2,,0,0,1,1,A01
201900038813,1,10,,0,2,8,15,A01
201900038813,1,33,,0,2,7,1,B01
201900038814,1,10,,0,2,1,1,B01
201900038814,2,7,,0,2,1,13,A01
201900038815,1,2,,0,2,1,1,A01
201900038815,0,7,,0,2,3,15,B01
201900038816,2,1,,0,2,8,16,B01
201900038816,2,15,,0,2,7,16,A01
201900038817,0,7,,0,1,6,4,A01
201900038818,1,32,,0,0,3,2,A01
201900038818,2,7,,0,2,3,5,B01
201900038819,1,7,,13,0,6,9,A01
201900038820,0,7,,0,2,3,1,B01
201900038820,0,7,,0,2,3,1,A01
201900038821,1,7,,12,2,3,1,A01
201900038821,1,7,,15,2,1,1,B01
201900038822,1,31,,0,2,1,1,B01
201900038822,2,7,,0,2,1,0,A01
201900038823,2,10,,0,2,1,2,A01
201900038823,2,7,,0,2,4,2,B01
201900038824,1,33,,0,0,8,16,A01
201900038825,3,10,,0,2,2,0,B01
201900038825,3,7,,0,2,3,1,A01
201900038826,1,10,,0,2,3,1,A01
201900038826,1,7,,0,2,1,1,B01
201900038826,1,7,,3,2,8,9,C01
201900038826,1,7,,0,2,1,1,D01
201900038827,2,7,,1,2,4,21,A01
201900038827,2,33,,0,2,1,3,B01
201900038827,2,7,,0,2,0,0,C01
201900038828,2,7,,0,2,1,9,A01
201900038829,1,7,,0,2,6,11,B01
201900038829,1,43,,0,2,1,3,A01
201900038830,2,7,,3,0,2,14,A01
201900038831,2,7,,0,2,4,2,C01
201900038831,2,7,,0,2,4,2,B01
201900038831,2,10,,0,2,1,1,A01
201900038832,1,7,,0,2,4,2,B01
201900038832,1,7,,0,2,1,1,A01
201900038833,1,7,,0,2,1,1,A01
201900038833,1,7,,0,2,4,2,B01
201900038834,1,7,,0,0,9,1,A01
201900038835,2,33,,0,0,2,3,A01
201900038836,2,37,3.0,0,2,1,1,B01
201900038836,1,10,,0,2,1,13,A01
201900038837,2,1,,0,2,1,2,A01
201900038837,2,10,,0,2,4,2,B01
201900038838,1,7,,0,2,1,2,A01
201900038838,1,7,,0,2,4,2,B01
201900038838,1,7,,0,2,4,2,C01
201900038839,1,7,,0,2,1,15,A01
201900038839,1,7,,0,2,1,1,B01
201900038840,1,7,,0,2,4,2,B01
201900038840,1,7,,0,2,1,2,A01
201900038841,1,37,2.0,0,2,1,2,A01
201900038841,1,7,,0,2,0,0,B01
201900038842,1,30,,0,0,0,1,A01
201900038843,3,7,,0,2,1,15,A01
201900038843,3,2,,0,2,1,1,B01
201900038844,0,20,,0,2,5,1,B01
201900038844,3,20,,0,2,3,15,C01
201900038845,1,7,,0,2,2,1,B01
201900038845,1,1,,0,2,1,5,A01
201900038846,1,7,,0,1,0,0,Z01
201900038847,3,33,,12,0,1,17,A01
201900038848,3,7,,0,2,8,9,A01
201900038848,3,33,,0,2,1,1,B01
201900038849,1,7,,0,2,6,2,B01
201900038849,1,30,,0,2,1,21,A01
201900038850,3,32,,0,2,1,26,B01
201900038850,3,7,,0,2,1,15,A01
201900038851,2,7,,4,0,2,14,A01
201900038852,3,10,,0,2,6,1,B01
201900038852,3,7,,1,0,2,1,A01
201900038853,3,7,,0,0,5,20,A01
201900038854,3,7,,0,2,6,15,A01
201900038854,3,30,,0,2,1,1,B01
201900038855,3,13,,0,0,6,13,B01
201900038856,1,7,,0,9,3,19,B01
201900038856,2,1,,0,2,1,19,A01
201900038857,2,33,,0,0,8,1,A01
201900038858,1,7,,0,2,3,9,B01
201900038858,1,7,,6,0,5,16,A01
201900038859,2,33,,14,2,6,19,B01
201900038859,1,50,,14,2,1,17,A01
201900038860,1,32,,0,1,2,19,A01
201900038861,2,33,,0,2,4,26,A01
201900038861,2,33,,0,2,0,0,B01
201900038862,2,33,,0,1,1,1,A01
201900038863,2,32,,0,2,4,18,A01
201900038863,2,37,1.0,0,2,3,1,B01
201900038864,1,7,,0,2,1,1,C01
201900038864,2,7,,0,2,1,1,A01
201900038864,2,10,,0,2,8,1,B01
201900038865,2,7,,0,1,1,1,A01
201900038866,1,7,,0,2,2,4,B01
201900038866,2,7,,0,2,1,1,A01
201900038867,0,7,,0,2,4,23,B01
201900038867,3,2,,0,2,1,1,A01
201900038868,2,7,,0,2,6,1,B01
201900038868,1,7,,0,2,3,13,A01
201900038869,2,7,,0,2,4,2,A01
201900038869,2,7,,0,2,4,16,B01
201900038870,3,7,,0,2,1,15,A01
201900038870,3,1,,0,2,1,16,B01
201900038871,2,3,,0,1,0,16,Z01
201900038872,2,7,,0,2,3,9,A01
201900038872,1,2,,0,0,0,0,B01
201900038873,3,0,,0,0,0,26,A01
201900038874,3,7,,0,2,1,2,A01
201900038874,3,7,,0,2,4,2,B01
201900038875,1,7,,0,2,4,2,A01
201900038875,1,7,,0,2,4,2,B01
201900038875,1,2,,0,2,1,2,C01
201900038876,2,2,,0,0,8,0,B01
201900038876,1,7,,0,2,1,1,A01
201900038877,1,7,,0,1,1,1,A01
201900038878,1,80,,0,0,1,1,A01
201900038879,1,7,,0,2,1,1,B01
201900038879,2,7,,0,2,1,13,A01
201900038880,1,7,,1,0,1,1,A01
201900038880,1,7,,1,2,4,24,B01
201900038881,2,7,,0,2,4,1,A01
201900038881,2,7,,0,2,4,1,B01
201900038881,2,7,,0,2,1,0,C01
201900038882,1,7,,0,2,4,2,Z01
201900038882,1,32,,0,2,1,2,B01
201900038883,1,1,,1,0,1,1,B01
201900038883,3,7,,0,6,0,24,A01
201900038884,1,15,,0,2,7,16,A01
201900038884,1,1,,0,2,1,1,B01
201900038885,3,7,,0,2,4,20,A01
201900038885,3,1,,0,2,7,1,B01
201900038886,1,7,,0,2,6,26,A01
201900038886,1,7,,0,2,1,26,B01
201900038887,1,2,,0,2,4,26,B01
201900038887,1,7,,0,2,4,20,A01
201900038888,1,1,,0,2,1,26,B01
201900038888,1,7,,0,9,1,26,A01
201900038889,1,7,,0,2,2,26,B01
201900038889,1,7,,0,2,1,26,A01
201900038890,2,7,,0,2,4,2,B01
201900038890,2,10,,0,2,1,2,A01
201900038891,1,7,,0,2,8,17,A01
201900038891,2,7,,0,2,8,1,B01
201900038892,1,7,,0,2,1,12,A01
201900038892,1,7,,0,2,5,1,B01
201900038893,1,7,,0,1,1,1,A01
201900038894,3,14,,0,2,5,16,B01
201900038894,3,1,,0,2,1,19,A01
201900038895,1,7,,0,2,3,1,B01
201900038895,3,7,,0,2,1,21,A01
201900038896,3,1,,0,2,1,21,A01
201900038896,3,1,,0,2,1,21,B01
201900038897,1,1,,0,2,3,9,B01
201900038897,1,7,,0,2,1,1,A01
201900038898,1,1,,0,2,4,13,C01
201900038898,3,7,,0,0,0,23,A01
201900038898,2,7,,0,2,2,1,B01
201900038899,2,2,,0,2,2,16,B01
201900038899,2,3,,0,2,3,1,A01
201900038900,2,7,,0,2,0,1,Z01
201900038900,2,30,,0,2,4,23,A01
201900038901,1,37,1.0,0,1,2,1,A01
201900038902,2,1,,0,2,5,1,B01
201900038902,1,10,,0,2,2,1,A01
201900038903,2,7,,0,1,4,4,A01
201900038904,2,7,,0,1,0,1,Z01
201900038905,3,7,,0,2,7,0,B01
201900038905,2,1,,0,2,2,16,A01
201900038906,1,7,,0,2,7,9,B01
201900038906,1,7,,0,2,1,1,A01
201900038907,2,7,,0,2,3,20,A01
201900038907,2,1,,0,2,7,1,B01
201900038908,2,10,,0,2,3,21,A01
201900038908,2,7,,0,2,5,23,B01
201900038908,2,7,,0,2,4,23,C01
201900038909,0,7,,0,2,7,15,A01
201900038909,2,7,,0,2,0,0,B01
201900038910,1,2,,0,2,8,15,A01
201900038910,2,7,,0,2,3,1,B01
201900038911,3,7,,13,0,8,1,A01
201900038912,1,7,,0,2,3,6,A01
201900038912,2,7,,0,2,3,2,B01
201900038913,1,34,,0,2,1,1,B01
201900038913,1,7,,0,2,3,19,A01
201900038914,1,7,,0,0,0,0,A01
201900038914,1,7,,0,2,3,1,B01
201900038914,1,7,,0,2,7,1,C01
201900038915,3,7,,0,2,1,1,B01
201900038915,2,1,,0,2,8,1,A01
201900038916,2,7,,0,2,4,1,A01
201900038916,2,7,,0,2,0,0,Z01
201900038917,2,7,,0,2,4,2,B01
201900038917,2,7,,14,0,1,2,A01
201900038918,2,7,,0,2,8,15,A01
201900038918,1,33,,0,2,1,1,B01
201900038919,1,7,,0,1,2,17,A01
201900038920,2,10,,0,2,3,0,C01
201900038920,1,10,,0,2,1,26,A01
201900038920,1,10,,0,2,4,0,B01
201900038921,0,7,,8,0,1,26,A01
201900038922,2,7,,0,6,3,26,A01
201900038922,2,1,,1,0,1,0,B01
201900038923,1,7,,1,0,1,1,A01
201900038923,1,7,,1,0,4,24,B01
201900038923,3,7,,1,0,0,0,C01
201900038924,3,7,,0,2,3,10,A01
201900038924,2,2,,0,2,2,17,B01
201900038925,1,7,,0,1,1,1,A01
201900038926,2,7,,0,2,1,16,A01
201900038926,2,7,,6,2,3,1,B01
201900038927,1,30,,0,0,8,19,A01
201900038928,1,50,,0,2,1,1,B01
201900038928,1,7,,0,6,7,23,A01
201900038929,1,30,,0,2,1,15,A01
201900038929,1,3,,0,2,3,1,B01
201900038930,2,7,,0,2,8,15,B01
201900038930,2,32,,0,2,1,1,A01
201900038931,2,60,,0,2,0,19,A01
201900038931,2,30,,0,1,8,17,B01
201900038932,1,7,,1,0,3,26,A01
201900038932,2,33,,1,0,3,0,B01
201900038933,3,7,,0,1,7,15,A01
201900038934,3,3,,0,1,4,4,A01
201900038935,1,10,,0,1,3,15,A01
201900038936,1,7,,0,2,4,1,B01
201900038936,1,1,,0,2,1,1,A01
201900038937,1,1,,0,2,3,16,B01
201900038937,2,20,,0,6,3,9,A01
201900038938,3,7,,0,1,0,1,A01
201900038939,1,10,,0,2,1,15,A01
201900038939,2,7,,0,2,1,1,B01
201900038940,1,7,,2,0,2,14,A01
201900038941,2,7,,13,0,9,1,A01
201900038942,2,7,,2,0,1,14,A01
201900038943,2,7,,6,0,3,9,A01
201900038944,3,7,,0,0,2,1,B01
201900038944,3,1,,0,0,7,16,A01
201900038945,1,7,,0,1,3,1,A01
201900038946,0,7,,0,2,6,1,B01
201900038946,0,33,,0,2,2,17,A01
201900038947,2,7,,8,0,1,1,A01
201900038948,2,7,,13,0,2,1,A01
201900038949,1,7,,0,2,1,2,A01
201900038949,1,7,,0,1,4,23,B01
201900038950,1,31,,0,0,0,1,A01
201900038951,3,15,,0,0,1,1,B01
201900038951,3,7,,0,0,2,19,A01
201900038952,1,7,,0,2,3,11,B01
201900038952,1,33,,0,2,2,2,A01
201900038953,1,1,,0,2,1,1,A01
201900038953,2,7,,0,2,2,1,B01
201900038954,1,7,,0,0,9,26,A01
201900038955,3,7,,0,2,3,1,A01
201900038955,3,1,,0,2,3,1,B01
201900038956,1,7,,10,0,3,17,A01
201900038957,2,7,,0,1,2,1,A01
201900038958,2,7,,0,1,1,1,A01
201900038959,2,7,,7,1,4,20,A01
201900038960,0,2,,0,0,0,0,A01
201900038961,0,1,,0,0,0,1,A01
201900038962,1,7,,0,2,1,2,B01
201900038962,1,7,,0,2,1,1,A01
201900038963,1,7,,13,0,1,1,A01
201900038964,1,7,,0,0,1,9,A01
201900038964,1,7,,0,0,1,2,B01
201900038965,0,7,,0,1,2,14,A01
201900038966,0,2,,15,0,1,1,A01
201900038967,2,7,,0,0,4,23,B01
201900038967,2,7,,0,2,1,1,A01
201900038968,1,7,,0,0,2,1,B01
201900038968,1,7,,0,2,3,0,A01
201900038969,2,7,,13,0,1,1,A01
201900038970,2,7,,0,2,1,1,A01
201900038970,1,7,,0,2,1,1,B01
201900038971,2,2,,0,2,1,18,A01
201900038971,1,7,,0,2,3,26,B01
201900038972,1,7,,13,0,2,1,A01
201900038973,2,7,,16,0,0,1,A01
201900038974,2,1,,0,2,0,1,B01
201900038974,1,7,,0,2,0,15,A01
201900038975,2,10,,2,0,1,19,A01
201900038976,2,7,,0,2,3,1,B01
201900038976,1,7,,0,2,3,13,A01
201900038977,3,7,,0,2,3,24,B01
201900038977,3,7,,1,0,1,13,A01
201900038978,2,7,,0,2,1,13,A01
201900038978,1,17,,0,2,1,1,B01
201900038979,1,7,,17,0,1,1,A01
201900038980,3,7,,8,0,1,15,A01
201900038981,0,7,,0,1,3,20,A01
201900038982,3,7,,0,2,8,1,B01
201900038982,3,10,,0,2,1,1,C01
201900038982,3,10,,0,2,8,13,A01
201900038983,1,7,,0,2,5,19,A01
201900038983,1,2,,0,2,1,1,B01
201900038984,2,7,,0,1,2,1,A01
201900038985,2,7,,0,2,1,1,B01
201900038985,1,10,,0,2,1,13,A01
201900038986,1,7,,6,0,1,1,A01
201900038987,2,7,,0,0,1,2,B01
201900038987,2,7,,0,0,4,16,A01
201900038988,1,7,,0,2,1,15,B01
201900038988,2,2,,0,2,1,1,A01
201900038989,2,7,,0,2,1,1,B01
201900038989,1,7,,0,2,3,5,A01
201900038990,2,7,,2,0,1,1,A01
201900038991,0,7,,0,2,2,1,A01
201900038991,0,7,,0,2,1,1,B01
201900038992,0,7,,0,1,3,1,A01
201900038993,2,7,,0,2,3,1,B01
201900038993,2,7,,0,2,5,9,A01
201900038994,1,1,,0,2,8,1,B01
201900038994,1,7,,0,2,2,1,A01
201900038995,3,3,,6,0,2,1,A01
201900038996,2,7,,6,2,3,1,A01
201900038996,1,7,,6,2,3,1,B01
201900038997,3,7,,6,0,1,1,A01
201900038998,3,7,,0,0,3,23,C01
201900038998,1,7,,0,2,3,15,A01
201900038998,2,7,,0,2,1,1,B01
201900038999,2,10,,0,1,2,1,A01
201900039000,1,7,,1,0,1,5,A01
201900039001,0,33,,0,0,8,15,A01
201900039002,2,33,,13,0,1,1,A01
201900039003,1,7,,0,0,0,16,C01
201900039003,1,10,,0,2,4,26,A01
201900039003,1,33,,0,2,1,26,B01
201900039004,1,7,,0,2,3,1,B01
201900039004,1,7,,0,2,3,13,A01
201900039005,3,1,,0,2,8,16,B01
201900039005,2,7,,0,2,2,1,A01
201900039006,2,33,,4,0,1,1,A01
201900039007,3,7,,0,2,3,1,B01
201900039007,1,33,,0,2,1,17,A01
201900039008,1,7,,0,2,1,1,B01
201900039008,1,7,,2,2,2,17,A01
201900039009,2,7,,4,0,3,1,A01
201900039010,3,14,,0,2,8,1,B01
201900039010,3,7,,0,2,3,13,A01
201900039011,1,7,,0,1,3,1,A01
201900039012,3,33,,2,0,1,1,A01
201900039013,1,2,,0,2,7,1,B01
201900039013,2,7,,0,2,2,15,A01
201900039014,2,7,,0,2,7,13,A01
201900039014,1,7,,0,2,1,1,B01
201900039015,2,7,,6,0,3,1,A01
201900039016,1,7,,0,2,3,16,A01
201900039016,1,1,,0,2,1,1,B01
201900039017,3,7,,6,0,3,21,A01
201900039018,0,50,,0,9,0,0,A01
201900039019,2,7,,3,2,3,11,A01
201900039019,1,7,,0,2,8,1,B01
201900039019,2,7,,0,2,3,1,C01
201900039020,2,17,,0,2,8,1,B01
201900039020,1,7,,0,2,3,1,A01
201900039021,2,7,,0,0,0,1,A01
201900039022,2,2,,0,2,1,1,B01
201900039022,1,7,,0,2,2,15,A01
201900039023,2,7,,0,0,4,1,A01
201900039023,2,7,,0,0,4,1,B01
201900039024,2,7,,2,0,1,0,A01
201900039025,2,21,,6,0,8,1,A01
201900039026,1,7,,6,0,3,1,A01
201900039026,2,7,,0,0,6,1,B01
201900039027,0,7,,0,1,4,20,A01
201900039028,2,2,,0,0,8,1,A01
201900039029,1,10,,0,2,2,15,C01
201900039029,1,14,,0,2,5,20,B01
201900039029,1,3,,1,2,3,5,A01
201900039030,1,7,,0,2,1,13,A01
201900039030,2,7,,0,2,1,1,B01
201900039031,2,7,,0,2,1,2,B01
201900039031,2,7,,0,0,4,15,A01
201900039032,1,7,,0,2,1,0,C01
201900039032,1,7,,0,2,8,0,B01
201900039032,2,7,,0,2,1,13,A01
201900039033,1,7,,1,0,6,24,B01
201900039033,1,7,,0,1,5,23,C01
201900039033,1,7,,1,0,1,1,A01
201900039034,2,7,,0,2,1,1,B01
201900039034,2,7,,0,2,3,15,A01
201900039035,1,14,,0,0,1,1,D01
201900039035,1,7,,0,2,2,15,A01
201900039036,2,17,,3,0,7,14,A01
201900039037,2,7,,0,2,1,13,A01
201900039037,1,21,,0,2,1,23,B01
201900039038,0,7,,0,2,4,1,B01
201900039038,0,7,,12,2,1,16,A01
201900039039,0,7,,0,2,1,1,B01
201900039039,0,7,,0,2,1,1,A01
201900039040,2,7,,8,0,1,1,A01
201900039041,2,10,,0,2,2,1,A01
201900039041,2,2,,0,2,4,1,B01
201900039042,2,1,,0,0,0,21,C01
201900039042,2,1,,0,0,0,21,B01
201900039042,2,1,,0,0,0,21,A01
201900039043,1,7,,9,0,1,13,A01
201900039044,0,7,,0,2,1,1,B01
201900039044,0,7,,0,2,7,19,A01
201900039045,2,7,,0,2,8,1,A01
201900039045,1,2,,0,2,8,1,B01
201900039046,2,7,,0,2,3,2,B01
201900039046,2,7,,0,2,1,1,A01
201900039047,1,7,,0,2,2,1,B01
201900039047,2,7,,0,2,2,1,A01
201900039048,0,7,,0,2,6,19,A01
201900039048,1,33,,0,2,1,1,B01
201900039049,2,7,,2,0,1,1,A01
201900039050,2,7,,0,2,4,15,B01
201900039050,2,2,,0,2,1,26,A01
201900039051,1,7,,0,1,1,19,A01
201900039052,1,7,,0,0,4,2,A01
201900039052,1,7,,0,2,1,2,B01
201900039053,2,17,,14,0,2,21,B01
201900039053,2,7,,0,0,6,23,A01
201900039054,1,33,,0,2,7,1,B01
201900039054,1,7,,0,2,2,12,A01
201900039055,2,10,,0,0,4,23,B01
201900039055,2,17,,1,0,1,1,A01
201900039056,1,7,,0,1,1,21,A01
201900039057,2,14,,0,2,1,1,A01
201900039057,2,7,,10,0,7,1,B01
201900039058,2,7,,0,9,7,9,B01
201900039058,1,33,,0,2,1,3,A01
201900039059,1,7,,0,1,2,16,A01
201900039060,2,7,,3,0,0,0,A01
201900039061,2,7,,1,1,4,1,A01
201900039061,2,7,,0,2,4,24,B01
201900039062,2,7,,0,2,1,1,B01
201900039062,1,7,,0,2,1,17,A01
201900039063,1,7,,1,0,8,1,A01
201900039063,1,14,,0,2,4,24,B01
201900039064,1,7,,3,0,8,0,A01
201900039065,2,7,,13,0,2,0,A01
201900039066,1,10,,0,2,2,13,A01
201900039066,2,15,,0,2,2,1,B01
201900039067,1,7,,0,2,1,23,C01
201900039067,1,7,,0,2,1,1,B01
201900039067,2,7,,0,2,1,1,A01
201900039068,1,38,5.0,0,2,1,1,B01
201900039068,2,7,,0,2,2,13,A01
201900039069,2,17,,0,2,1,26,A01
201900039069,2,38,20.0,0,0,4,2,B01
201900039070,2,7,,0,9,1,17,E01
201900039070,2,7,,0,2,4,23,D01
201900039070,2,7,,0,2,5,23,C01
201900039070,2,7,,0,2,4,23,B01
201900039070,2,7,,3,2,3,12,A01
201900039071,2,17,,0,0,4,2,B01
201900039071,1,7,,0,2,1,1,A01
201900039072,2,7,,0,1,2,1,A01
201900039073,0,10,,16,0,9,0,A01
201900039074,1,7,,13,0,9,14,A01
201900039075,1,7,,0,2,7,19,B01
201900039075,2,2,,0,2,1,1,A01
201900039076,0,7,,0,2,3,26,A01
201900039076,2,2,,0,2,1,1,B01
201900039077,3,7,,0,1,3,1,A01
201900039078,3,7,,0,1,1,1,A01
201900039079,3,7,,0,1,1,0,A01
201900039080,3,7,,0,1,2,2,A01
201900039081,0,2,,13,0,1,1,A01
201900039082,1,2,,0,1,1,2,A01
201900039083,0,33,,9,2,1,1,B01
201900039083,0,7,,0,2,2,1,A01
201900039084,3,7,,0,2,6,5,B01
201900039084,3,33,,0,2,1,5,A01
201900039085,2,7,,0,2,1,9,A01
201900039085,2,7,,0,0,7,1,B01
201900039086,2,7,,0,0,3,9,A01
201900039086,1,1,,0,2,2,1,B01
201900039087,1,7,,0,2,1,1,B01
201900039087,2,7,,0,2,1,5,A01
201900039088,1,10,,0,1,1,15,A01
201900039089,2,7,,0,2,1,1,A01
201900039089,1,7,,0,6,5,21,B01
201900039090,3,7,,0,1,2,16,A01
201900039091,2,7,,0,2,7,15,A01
201900039091,2,7,,13,2,3,1,B01
201900039092,1,33,,0,0,8,17,A01
201900039093,3,1,,0,2,1,9,B01
201900039093,3,7,,0,9,2,1,A01
201900039094,2,2,,0,2,2,5,B01
201900039094,1,7,,0,2,2,1,A01
201900039095,2,7,,2,0,7,1,A01
201900039096,1,10,,0,2,1,9,A01
201900039096,1,33,,0,2,5,1,B01
201900039097,2,7,,6,0,1,1,A01
201900039098,1,7,,13,0,8,1,A01
201900039099,1,33,,0,2,2,1,B01
201900039099,2,7,,0,0,3,16,A01
201900039100,0,7,,6,0,0,0,A01
201900039101,1,7,,0,2,1,1,B01
201900039101,1,7,,0,2,8,19,A01
201900039102,2,7,,0,0,4,1,C01
201900039102,2,7,,0,2,4,1,B01
201900039102,2,7,,0,2,1,1,A01
201900039103,1,3,,13,2,4,1,A01
201900039103,1,7,,0,2,2,2,B01
201900039104,2,7,,0,0,9,2,A01
201900039105,2,10,,0,2,3,13,A01
201900039105,1,7,,8,2,8,1,B01
201900039106,1,7,,0,2,1,1,A01
201900039106,2,7,,0,2,1,1,B01
201900039107,2,7,,0,1,2,2,A01
201900039108,1,40,,0,2,3,1,B01
201900039108,2,1,,0,4,8,15,A01
201900039109,2,7,,0,2,1,1,A01
201900039109,2,7,,0,2,3,1,B01
201900039110,3,7,,8,0,1,1,A01
201900039111,1,7,,0,2,3,1,B01
201900039111,2,7,,0,2,1,13,A01
201900039112,1,7,,0,2,4,0,B01
201900039112,1,34,,0,2,1,1,A01
201900039113,3,7,,0,2,8,1,B01
201900039113,3,7,,0,2,3,13,A01
201900039114,1,7,,0,2,8,16,Z01
201900039114,1,33,,0,2,1,1,B01
201900039115,1,1,,0,2,1,1,B01
201900039115,2,10,,0,2,2,15,A01
201900039116,1,1,,0,2,4,1,B01
201900039116,1,7,,0,2,1,1,Z01
201900039117,2,7,,2,0,1,1,A01
201900039118,2,7,,0,2,1,1,A01
201900039118,1,7,,8,2,7,1,B01
201900039119,2,33,,0,2,1,1,B01
201900039119,1,10,,14,0,2,15,A01
201900039120,1,7,,0,2,7,17,A01
201900039120,1,1,,0,2,0,1,B01
201900039121,3,50,,0,2,1,1,B01
201900039121,3,7,,0,2,2,15,A01
201900039122,3,7,,0,2,1,2,A01
201900039122,3,7,,0,2,4,2,B01
201900039123,1,7,,0,2,1,1,B01