Num_Acc,senc,catv,occutc,obs,obsm,choc,manv,num_veh
201900039123,2,7,,0,2,7,10,A01
201900039124,3,7,,0,1,2,1,A01
201900039125,3,32,,0,2,8,1,A01
201900039125,1,7,,0,2,1,1,B01
201900039126,2,7,,0,2,1,1,B01
201900039126,2,7,,0,2,2,1,A01
201900039127,3,7,,0,2,2,15,A01
201900039127,1,7,,0,2,1,1,B01
201900039128,1,10,,4,0,7,14,A01
201900039129,1,1,,0,2,3,2,B01
201900039129,2,31,,0,2,2,17,A01
201900039130,1,7,,0,2,7,15,A01
201900039130,2,33,,0,2,2,1,B01
201900039131,1,7,,3,0,3,1,A01
201900039132,1,7,,0,0,9,1,A01
201900039133,3,34,,0,1,1,25,A01
201900039134,1,30,,1,0,3,14,A01
201900039135,1,30,,0,0,1,21,A01
201900039136,1,7,,0,2,3,13,A01
201900039136,1,31,,0,2,2,0,B01
201900039137,1,32,,0,2,1,4,B01
201900039137,2,7,,0,2,7,19,A01
201900039138,2,32,,1,2,1,1,B01
201900039138,2,7,,0,2,3,15,A01
201900039139,1,14,,0,2,1,26,B01
201900039139,2,7,,0,6,8,0,A01
201900039140,2,7,,0,1,3,26,A01
201900039141,3,1,,0,2,1,19,A01
201900039141,3,10,,0,2,2,23,B01
201900039142,0,33,,0,2,7,1,A01
201900039142,0,7,,0,2,0,1,B01
201900039143,2,7,,0,2,1,15,B01
201900039143,1,1,,0,2,1,1,A01
201900039144,2,7,,0,1,1,1,A01
201900039145,2,10,,0,2,6,9,A01
201900039145,2,33,,0,2,1,1,B01
201900039146,1,7,,2,0,1,14,A01
201900039147,2,30,,0,2,3,13,A01
201900039147,1,7,,0,2,3,15,B01
201900039148,2,7,,0,2,1,15,A01
201900039148,2,33,,0,2,7,1,B01
201900039149,2,31,,0,2,1,15,A01
201900039149,2,7,,0,2,2,1,B01
201900039150,2,7,,0,2,1,1,B01
201900039150,2,1,,0,2,1,1,A01
201900039151,2,50,,1,2,1,1,A01
201900039151,2,37,1.0,0,2,5,1,B01
201900039152,2,7,,0,2,3,1,B01
201900039152,1,7,,0,2,3,13,A01
201900039153,1,7,,0,2,2,16,A01
201900039153,1,1,,0,2,8,1,B01
201900039154,1,7,,0,2,1,1,C01
201900039154,1,10,,0,2,4,1,B01
201900039154,1,7,,0,2,1,1,A01
201900039155,2,30,,0,2,3,1,A01
201900039155,1,7,,0,2,1,9,Z01
201900039156,3,7,,0,2,3,13,A01
201900039156,3,7,,0,2,3,1,B01
201900039157,2,7,,0,2,1,2,A01
201900039157,1,7,,0,2,0,0,B01
201900039158,1,2,,0,2,0,0,Z01
201900039158,1,7,,0,2,1,1,A01
201900039159,2,10,,0,2,8,1,B01
201900039159,1,7,,0,2,3,15,A01
201900039160,1,7,,0,2,1,1,A01
201900039160,1,7,,0,2,4,23,B01
201900039160,1,7,,0,2,4,23,C01
201900039160,1,7,,0,2,8,23,D01
201900039160,0,7,,0,2,4,23,E01
201900039161,1,7,,0,2,2,14,A01
201900039161,1,1,,0,2,4,1,B01
201900039162,1,33,,0,2,1,17,A01
201900039162,1,7,,0,2,6,15,B01
201900039163,3,33,,0,2,1,9,B01
201900039164,2,1,,0,2,1,1,A01
201900039164,1,7,,0,2,3,1,B01
201900039165,2,33,,0,2,1,1,B01
201900039165,0,7,,0,2,8,10,A01
201900039166,3,7,,1,0,1,1,A01
201900039167,3,20,,0,2,8,13,A01
201900039167,3,20,,2,2,1,13,B01
201900039168,2,33,,0,2,1,1,B01
201900039168,1,7,,0,2,2,15,A01
201900039169,3,30,,0,2,3,1,B01
201900039169,3,33,,0,2,3,17,A01
201900039170,3,7,,0,2,4,2,B01
201900039170,3,7,,0,2,1,2,A01
201900039171,3,7,,0,2,6,2,B01
201900039171,1,30,,0,2,1,2,A01
201900039172,1,2,,0,2,1,1,B01
201900039172,1,7,,0,2,1,16,A01
201900039173,3,7,,0,2,2,9,A01
201900039173,3,2,,0,2,1,1,B01
201900039174,3,33,,0,1,6,26,A01
201900039175,0,7,,0,2,4,1,A01
201900039175,0,7,,0,2,6,1,B01
201900039175,1,7,,0,2,3,1,C01
201900039176,3,7,,0,2,1,26,A01
201900039176,3,32,,0,2,1,26,B01
201900039177,1,34,,0,0,0,0,B01
201900039177,1,7,,0,2,8,16,A01
201900039178,3,7,,-1,2,1,-1,[01
201900039178,3,30,,0,2,1,26,Z01
201900039179,3,30,,0,1,5,26,A01
201900039180,0,1,,1,0,1,1,B01
201900039180,0,7,,0,2,8,22,A01
201900039181,0,7,,0,2,1,1,B01
201900039181,0,7,,0,2,7,1,A01
201900039182,1,7,,0,2,1,2,A01
201900039182,1,7,,0,2,4,2,B01
201900039182,1,7,,0,2,4,2,C01
201900039183,1,2,,0,0,1,26,A01
201900039184,3,7,,0,2,1,1,A01
201900039184,3,1,,0,2,8,19,B01
201900039185,1,7,,0,2,0,2,D01
201900039185,1,7,,0,2,0,2,C01
201900039185,1,7,,0,2,0,2,B01
201900039185,1,7,,0,2,1,2,A01
201900039186,1,1,,0,2,1,1,B01
201900039186,2,10,,0,2,3,16,A01
201900039187,1,7,,0,2,2,1,A01
201900039187,1,7,,0,0,4,2,C01
201900039187,1,7,,0,2,4,2,B01
201900039188,1,33,,1,2,8,18,A01
201900039188,1,7,,1,0,0,0,B01
201900039189,2,7,,0,2,2,16,A01
201900039189,1,2,,0,2,0,0,B01
201900039190,2,7,,0,2,3,15,B01
201900039190,2,30,,0,2,7,17,A01
201900039191,0,7,,0,2,1,1,B01
201900039191,0,7,,0,2,7,15,A01
201900039192,3,2,,0,2,5,1,B01
201900039192,3,7,,0,2,3,9,A01
201900039193,3,7,,14,0,4,4,A01
201900039194,2,7,,0,1,1,1,A01
201900039195,2,7,,0,2,1,15,A01
201900039195,1,1,,0,2,0,0,B01
201900039196,1,7,,0,2,1,1,A01
201900039196,1,7,,0,2,9,1,B01
201900039196,1,7,,0,0,4,1,C01
201900039197,3,7,,0,0,0,1,A01
201900039198,3,1,,0,2,7,19,B01
201900039198,3,7,,0,2,1,1,A01
201900039199,1,2,,0,2,1,18,A01
201900039199,2,7,,0,2,5,15,B01
201900039200,3,7,,0,2,3,1,B01
201900039200,3,7,,0,2,1,13,A01
201900039201,1,7,,0,2,2,1,A01
201900039201,1,32,,0,2,3,1,B01
201900039202,2,32,,0,2,4,1,B01
201900039202,1,7,,0,2,1,2,A01
201900039203,1,30,,0,1,0,0,A01
201900039204,2,33,,0,2,1,1,B01
201900039204,2,7,,0,2,3,10,A01
201900039205,1,7,,0,2,7,19,A01
201900039205,1,7,,0,2,1,1,B01
201900039206,2,7,,0,2,1,14,B01
201900039206,2,7,,0,2,1,2,A01
201900039207,2,32,,0,2,4,2,B01
201900039207,2,7,,0,2,1,2,A01
201900039208,3,7,,0,6,4,0,C01
201900039208,3,7,,0,2,4,1,B01
201900039208,3,7,,0,2,1,1,A01
201900039209,2,7,,0,2,3,15,B01
201900039209,2,31,,0,2,1,1,A01
201900039210,1,7,,0,1,1,1,A01
201900039211,1,7,,0,2,3,1,B01
201900039211,1,2,,0,2,2,12,A01
201900039212,2,43,,0,1,1,1,A01
201900039213,1,32,,0,2,1,15,A01
201900039213,2,7,,0,2,2,23,B01
201900039214,1,7,,0,2,1,15,A01
201900039214,2,7,,0,2,1,1,B01
201900039215,0,34,,0,2,3,1,B01
201900039215,0,7,,0,2,2,1,A01
201900039216,1,10,,0,0,7,14,A01
201900039217,2,33,,0,2,4,2,B01
201900039217,2,7,,0,2,1,2,A01
201900039218,3,7,,0,2,3,15,A01
201900039218,3,31,,0,2,1,1,B01
201900039219,1,30,,0,2,1,1,B01
201900039219,2,34,,0,2,7,15,Z01
201900039220,2,7,,0,2,8,1,B01
201900039220,1,7,,0,2,3,26,A01
201900039221,2,30,,0,1,0,0,Z01
201900039222,1,1,,0,2,3,1,B01
201900039222,1,7,,0,1,2,16,A01
201900039223,1,7,,0,2,6,15,B01
201900039223,1,30,,0,2,1,17,A01
201900039224,3,7,,0,2,8,19,B01
201900039224,3,33,,0,2,1,17,A01
201900039225,1,43,,11,0,4,12,A01
201900039226,1,7,,0,9,7,17,A01
201900039226,1,1,,0,2,8,13,B01
201900039227,1,7,,0,2,4,26,C01
201900039227,2,34,,0,2,7,1,B01
201900039227,1,7,,0,2,1,19,A01
201900039228,1,7,,0,1,2,1,A01
201900039229,1,33,,11,0,1,6,A01
201900039230,3,7,,2,0,1,1,A01
201900039231,1,7,,0,1,2,1,A01
201900039232,1,33,,0,2,1,2,A01
201900039233,2,7,,0,2,3,9,A01
201900039233,2,1,,0,2,1,15,B01
201900039234,2,7,,0,2,1,15,A01
201900039234,3,7,,0,2,8,1,B01
201900039235,3,7,,0,2,5,2,B01
201900039235,3,7,,0,2,3,17,A01
201900039236,1,7,,1,2,1,13,A01
201900039236,2,7,,0,2,3,0,B01
201900039237,3,10,,15,0,1,26,A01
201900039238,3,7,,0,2,1,2,B01
201900039238,1,30,,0,2,7,21,A01
201900039239,1,30,,0,2,2,19,A01
201900039239,1,7,,0,2,3,1,B01
201900039240,1,7,,0,2,3,13,A01
201900039240,2,7,,0,2,3,1,B01
201900039240,2,7,,0,2,2,1,C01
201900039241,2,7,,0,2,3,9,A01
201900039241,1,1,,0,2,7,1,B01
201900039242,0,7,,0,2,3,1,B01
201900039242,0,7,,0,2,1,15,A01
201900039243,0,7,,0,2,2,20,B01
201900039243,0,32,,0,2,2,21,A01
201900039244,0,34,,0,2,1,1,B01
201900039244,0,7,,0,2,3,15,A01
201900039245,0,7,,13,0,1,0,A01
201900039246,1,32,,0,1,8,17,A01
201900039247,2,32,,0,0,2,1,A01
201900039248,1,32,,0,2,1,1,A01
201900039248,1,7,,0,1,4,1,B01
201900039249,3,7,,1,0,3,21,A01
201900039249,3,7,,1,0,5,0,B01
201900039250,1,7,,0,2,3,9,A01
201900039250,2,31,,0,2,7,2,B01
201900039251,3,7,,0,2,6,15,A01
201900039251,3,33,,0,2,3,2,B01
201900039252,3,7,,0,2,6,2,C01
201900039252,0,7,,0,2,4,2,B01
201900039252,3,7,,0,2,1,2,A01
201900039253,3,30,,0,2,1,0,B01
201900039253,3,7,,0,2,8,15,A01
201900039254,1,34,,0,2,1,2,A01
201900039254,1,7,,0,2,4,2,B01
201900039255,2,33,,0,2,7,1,A01
201900039255,1,7,,0,2,8,1,B01
201900039256,1,7,,0,6,1,1,A01
201900039256,2,1,,0,2,1,13,B01
201900039257,0,7,,0,1,4,2,B01
201900039257,0,7,,0,2,1,2,A01
201900039258,2,7,,0,2,1,2,A01
201900039258,2,7,,0,2,4,23,B01
201900039258,2,7,,0,2,4,23,C01
201900039259,1,7,,0,2,4,2,C01
201900039259,1,7,,0,2,5,2,B01
201900039259,1,7,,0,2,3,2,A01
201900039260,2,7,,0,2,8,11,A01
201900039260,2,33,,0,2,1,3,B01
201900039261,2,7,,0,2,8,13,A01
201900039261,2,33,,0,2,7,3,B01
201900039262,1,10,,0,2,4,2,B01
201900039262,1,31,,0,2,1,2,A01
201900039263,1,7,,0,2,3,13,B01
201900039263,1,31,,0,2,7,3,A01
201900039264,1,7,,0,2,6,1,B01
201900039264,1,7,,0,2,1,1,A01
201900039265,2,1,,0,1,0,7,A01
201900039266,1,1,,0,1,1,1,A01
201900039267,1,7,,0,1,6,4,Z01
201900039268,3,32,,0,0,8,1,A01
201900039269,1,7,,0,1,4,4,Z01
201900039270,2,1,,0,0,1,1,A01
201900039271,2,10,,0,2,3,15,A01
201900039271,2,31,,0,2,7,17,B01
201900039272,3,1,,0,1,1,5,Z01
201900039273,2,7,,0,1,6,4,A01
201900039274,1,1,,0,2,6,18,B01
201900039274,1,17,,0,2,2,16,A01
201900039275,2,10,,0,2,6,1,B01
201900039275,1,7,,0,2,1,1,A01
201900039276,1,10,,0,1,7,1,A01
201900039277,2,30,,0,1,0,1,Z01
201900039278,2,30,,0,2,2,1,A01
201900039278,1,10,,0,2,1,1,B01
201900039279,1,33,,12,0,3,13,A01
201900039280,1,34,,12,0,1,14,A01
201900039281,1,33,,0,1,2,1,A01
201900039282,2,32,,0,0,8,21,A01
201900039283,1,7,,0,2,4,23,B01
201900039283,1,7,,0,2,1,2,A01
201900039284,2,7,,0,2,7,1,B01
201900039284,2,7,,0,2,1,1,A01
201900039285,1,1,,12,0,0,14,A01
201900039286,2,7,,0,1,1,16,A01
201900039287,2,34,,8,2,1,7,A01
201900039287,1,7,,0,2,1,15,B01
201900039288,1,34,,0,2,2,2,A01
201900039288,1,7,,0,2,3,18,Z01
201900039289,3,3,,0,0,9,1,A01
201900039290,0,7,,0,1,4,20,A01
201900039291,0,3,,0,1,4,26,A01
201900039292,2,7,,0,1,2,15,A01
201900039293,2,7,,0,1,1,2,A01
201900039294,3,30,,0,1,1,1,A01
201900039295,2,34,,0,2,4,0,B01
201900039295,2,10,,0,2,6,2,C01
201900039295,2,10,,0,2,1,2,A01
201900039296,1,7,,0,1,5,1,A01
201900039297,0,7,,8,0,3,2,A01
201900039298,1,37,1.0,0,1,2,15,A01
201900039299,1,30,,0,2,1,1,A01
201900039299,2,7,,0,2,1,20,C01
201900039299,1,33,,0,2,5,1,B01
201900039300,3,7,,0,2,7,1,A01
201900039300,0,7,,0,2,0,9,Z01
201900039301,2,10,,0,2,7,1,B01
201900039301,2,32,,0,2,1,19,A01
201900039302,1,34,,0,2,3,1,B01
201900039302,1,7,,0,2,6,9,A01
201900039303,0,7,,0,1,2,1,A01
201900039304,0,7,,0,1,0,19,A01
201900039305,1,7,,0,6,3,9,A01
201900039305,2,1,,0,2,7,16,B01
201900039306,1,7,,0,2,3,15,B01
201900039306,1,33,,0,2,8,1,A01
201900039307,1,7,,1,0,1,9,A01
201900039307,1,7,,0,2,4,23,B01
201900039308,1,34,,0,2,1,1,A01
201900039308,2,7,,0,2,7,15,B01
201900039309,1,7,,0,2,2,1,B01
201900039309,2,10,,0,2,2,1,A01
201900039310,2,7,,0,2,4,1,B01
201900039310,2,14,,0,2,1,1,A01
201900039311,0,7,,0,2,3,1,B01
201900039311,0,30,,0,2,2,9,A01
201900039312,2,31,,0,2,1,1,B01
201900039312,1,3,,0,2,1,15,A01
201900039313,1,2,,1,0,1,26,A01
201900039314,3,7,,0,2,8,15,B01
201900039314,3,30,,0,2,8,15,A01
201900039315,2,7,,0,2,8,11,A01
201900039315,2,7,,0,2,7,2,B01
201900039316,1,1,,0,2,8,15,B01
201900039316,1,7,,0,2,5,16,A01
201900039317,2,7,,0,1,1,2,A01
201900039318,3,33,,13,0,0,16,A01
201900039319,2,1,,0,2,3,9,B01
201900039319,2,7,,0,2,5,9,A01
201900039320,2,7,,0,2,4,1,B01
201900039320,2,7,,0,2,4,1,C01
201900039320,2,7,,0,2,1,1,A01
201900039321,1,1,,0,2,7,15,B01
201900039321,1,7,,0,2,7,15,A01
201900039322,0,7,,0,1,3,1,A01
201900039323,2,2,,0,2,1,2,A01
201900039323,2,7,,0,2,6,9,Z01
201900039324,1,31,,0,0,2,1,A01
201900039325,0,13,,0,1,1,1,A01
201900039326,1,7,,0,2,4,2,B01
201900039326,1,7,,0,2,4,2,C01
201900039326,1,7,,0,2,1,2,A01
201900039327,3,7,,0,2,4,23,B01
201900039327,3,7,,0,2,1,2,A01
201900039328,2,7,,0,2,2,15,B01
201900039328,1,33,,0,2,1,21,A01
201900039329,2,10,,1,0,2,14,A01
201900039330,1,33,,0,1,0,21,A01
201900039331,2,7,,0,1,0,13,A01
201900039332,1,7,,0,2,3,1,B01
201900039332,0,7,,0,2,3,13,A01
201900039333,0,7,,0,2,3,0,B01
201900039333,1,33,,0,2,1,0,A01
201900039334,2,7,,0,1,1,1,A01
201900039335,1,7,,0,2,1,1,B01
201900039335,2,7,,0,2,1,1,A01
201900039336,1,7,,0,2,7,1,B01
201900039336,2,7,,0,2,3,1,A01
201900039337,1,7,,0,2,4,2,A01
201900039337,1,7,,0,2,1,2,B01
201900039338,2,7,,0,1,1,0,A01
201900039339,3,7,,2,0,1,9,A01
201900039340,2,14,,0,2,2,12,A01
201900039340,2,7,,0,2,3,1,B01
201900039340,2,7,,0,2,2,1,C01
201900039341,2,43,,0,2,7,14,A01
201900039341,2,7,,0,2,3,1,B01
201900039341,2,7,,0,2,2,1,C01
201900039342,3,33,,0,2,8,1,A01
201900039342,3,10,,0,2,7,12,Z01
201900039343,2,10,,0,2,7,2,C01
201900039343,2,43,,0,2,2,3,B01
201900039343,2,7,,0,2,3,22,A01
201900039344,2,43,,0,0,2,1,A01
201900039345,1,33,,0,2,8,3,B01
201900039345,1,7,,0,2,2,12,Z01
201900039346,1,32,,1,0,7,13,A01
201900039347,1,30,,0,2,1,1,A01
201900039347,1,7,,0,2,6,23,B01
201900039348,1,2,,8,0,1,5,A01
201900039349,2,1,,0,2,4,5,B01
201900039349,2,7,,0,2,6,4,A01
201900039350,1,31,,0,2,1,3,B01
201900039350,1,10,,0,2,7,22,A01
201900039351,1,30,,0,2,1,1,A01
201900039351,1,10,,0,2,3,1,B01
201900039352,3,7,,1,0,9,14,A01
201900039353,1,7,,0,1,1,17,A01
201900039354,1,7,,0,2,4,12,A01
201900039354,1,33,,0,2,1,3,B01
201900039354,1,7,,0,2,4,1,C01
201900039355,1,50,,0,2,8,1,A01
201900039355,2,34,,0,2,1,1,B01
201900039356,1,7,,0,2,2,1,A01
201900039356,1,43,,0,2,8,1,B01
201900039357,2,50,,0,2,1,1,B01
201900039357,1,7,,0,2,5,15,A01
201900039358,2,7,,0,1,8,1,A01
201900039359,1,7,,0,1,6,4,A01
201900039360,1,31,,0,2,2,1,A01
201900039360,1,7,,0,2,6,15,B01
201900039361,1,7,,0,1,2,16,A01
201900039362,1,7,,0,1,5,4,A01
201900039363,1,7,,0,1,2,1,Z01
201900039364,2,7,,0,1,1,1,A01
201900039365,1,31,,0,2,0,17,A01
201900039365,1,7,,0,2,8,1,B01
201900039366,1,10,,0,2,2,1,A01
201900039366,2,1,,0,2,1,19,B01
201900039367,1,7,,0,2,6,15,B01
201900039367,1,30,,0,2,1,2,A01
201900039368,1,1,,0,2,1,1,A01
201900039368,1,14,,0,2,8,22,B01
201900039369,3,7,,0,2,2,1,B01
201900039369,2,1,,0,2,1,19,A01
201900039370,1,32,,0,2,1,17,B01
201900039370,2,7,,0,2,1,9,A01
201900039371,1,7,,0,1,1,1,A01
201900039372,2,7,,0,1,2,1,A01
201900039373,2,7,,0,2,3,15,B01
201900039373,1,32,,0,2,7,13,A01
201900039374,2,1,,0,2,3,1,A01
201900039374,2,14,,0,2,7,14,Z01
201900039375,2,7,,0,2,1,15,A01
201900039375,1,33,,0,2,8,1,B01
201900039376,3,7,,0,2,4,1,B01
201900039376,3,7,,0,2,2,12,A01
201900039377,2,30,,0,2,2,17,A01
201900039377,2,7,,0,2,3,15,B01
201900039378,1,32,,0,2,3,1,B01
201900039378,1,7,,0,2,2,9,A01
201900039379,1,7,,0,1,2,16,A01
201900039380,1,1,,0,2,4,2,B01
201900039380,1,7,,0,2,1,2,A01
201900039381,2,34,,0,1,1,1,A01
201900039382,3,30,,14,0,1,13,A01
201900039383,1,10,,0,2,2,15,A01
201900039383,2,1,,0,2,3,1,B01
201900039384,1,7,,0,2,3,1,B01
201900039384,1,30,,0,2,1,1,A01
201900039385,1,10,,0,2,3,24,B01
201900039385,1,7,,0,2,2,21,A01
201900039386,2,10,,0,1,7,1,A01
201900039387,1,2,,0,2,1,1,B01
201900039387,0,7,,0,2,2,5,A01
201900039388,1,1,,0,2,5,19,B01
201900039388,3,7,,0,2,2,1,A01
201900039389,3,1,,1,0,2,14,A01
201900039390,2,7,,0,2,3,10,B01
201900039390,2,32,,0,2,2,17,A01
201900039391,2,7,,0,2,3,15,A01
201900039391,3,33,,0,2,4,23,B01
201900039392,1,7,,0,2,3,10,A01
201900039392,1,2,,0,2,2,1,B01
201900039393,2,32,,0,2,2,17,B01
201900039393,2,10,,0,2,3,15,A01
201900039394,1,7,,0,2,2,1,A01
201900039394,2,10,,0,2,3,15,B01
201900039394,2,7,,0,2,3,1,C01
201900039395,1,10,,0,1,7,1,A01
201900039396,1,7,,0,2,2,1,A01
201900039396,1,30,,0,2,1,1,B01
201900039397,2,7,,0,1,1,15,A01
201900039398,1,30,,14,0,1,1,A01
201900039399,1,33,,0,1,1,1,A01
201900039400,1,10,,0,1,4,25,A01
201900039401,2,34,,0,2,1,1,A01
201900039401,2,10,,0,2,3,9,B01
201900039402,1,30,,1,0,2,14,A01
201900039403,3,7,,0,2,2,9,A01
201900039403,2,50,,0,2,0,25,B01
201900039404,1,7,,0,1,2,16,A01
201900039405,1,1,,0,2,1,7,B01
201900039405,1,14,,0,2,8,15,A01
201900039406,3,1,,0,2,4,2,A01
201900039406,3,7,,0,2,2,2,Z01
201900039407,3,14,,0,2,1,1,Z01
201900039407,3,7,,0,2,6,16,A01
201900039408,2,43,,0,1,3,1,A01
201900039409,2,7,,0,2,4,15,B01
201900039409,2,1,,0,2,1,1,A01
201900039410,1,7,,0,2,3,1,A01
201900039410,1,7,,0,2,2,15,Z01
201900039411,1,1,,0,2,8,19,A01
201900039411,2,2,,0,2,0,1,Z01
201900039412,1,7,,0,2,3,17,A01
201900039412,1,1,,1,2,4,1,B01
201900039413,2,32,,0,2,8,18,A01
201900039413,2,37,1.0,0,2,2,16,B01
201900039414,2,7,,0,2,6,9,A01
201900039414,2,30,,0,2,2,1,B01
201900039415,1,10,,0,2,3,10,B01
201900039415,2,30,,0,2,1,5,A01
201900039416,2,7,,0,2,4,23,B01
201900039416,2,30,,0,2,1,2,A01
201900039417,1,10,,0,2,5,17,Z01
201900039417,1,50,,0,2,0,1,A01
201900039418,1,34,,12,2,0,21,A01
201900039419,2,7,,0,2,8,15,A01
201900039419,2,2,,0,2,1,17,B01
201900039420,2,1,,0,2,1,1,B01
201900039420,1,7,,0,2,3,15,A01
201900039421,1,1,,0,2,2,1,B01
201900039421,1,10,,0,2,3,22,A01
201900039422,2,2,,0,1,1,1,Z01
201900039423,1,10,,0,2,2,14,A01
201900039423,1,10,,0,2,6,24,B01
201900039424,1,33,,8,0,3,13,A01
201900039425,2,7,,0,1,1,15,A01
201900039426,1,32,,0,1,1,1,A01
201900039427,1,31,,0,2,1,1,A01
201900039427,1,7,,0,2,5,9,B01
201900039428,1,7,,0,1,2,1,A01
201900039429,1,33,,0,2,7,17,A01
201900039429,1,7,,0,2,8,20,B01
201900039430,1,7,,0,1,1,2,A01
201900039431,2,32,,0,2,1,21,A01
201900039431,2,7,,0,2,4,2,B01
201900039432,2,7,,0,2,3,10,A01
201900039432,2,43,,0,2,1,1,B01
201900039433,0,7,,0,2,6,1,B01
201900039433,2,7,,0,2,2,1,A01
201900039434,1,31,,0,2,2,3,A01
201900039434,1,10,,0,2,6,13,B01
201900039435,2,14,,0,1,5,4,A01
201900039436,2,2,,0,2,2,17,B01
201900039436,2,7,,0,2,3,15,A01
201900039437,3,31,,0,0,0,1,A01
201900039438,1,2,,0,2,1,1,Z01
201900039438,1,1,,0,2,4,1,A01
201900039439,1,2,,0,2,2,1,B01
201900039439,1,7,,0,2,2,16,A01
201900039440,2,7,,0,1,0,2,Z01
201900039441,1,30,,0,1,0,16,Z01
201900039442,1,7,,0,1,1,1,A01
201900039443,2,7,,0,2,5,1,B01
201900039443,2,7,,0,2,3,11,A01
201900039444,1,60,,0,0,0,0,Y01
201900039444,1,7,,0,1,1,1,A01
201900039445,1,7,,0,2,4,2,B01
201900039445,1,7,,0,2,1,2,A01
201900039446,1,3,,0,0,4,2,C01
201900039446,1,3,,0,2,1,2,B01
201900039446,1,3,,0,2,1,2,A01
201900039447,0,33,,0,2,1,2,B01
201900039447,1,7,,0,2,2,15,A01
201900039448,1,1,,0,2,0,0,B01
201900039448,1,7,,0,9,2,16,A01
201900039449,1,10,,0,6,3,20,A01
201900039449,1,80,,0,2,7,1,Y01
201900039449,2,7,,0,6,6,1,B01
201900039450,2,33,,0,2,3,0,B01
201900039450,2,7,,0,2,2,26,A01
201900039451,2,7,,0,1,2,1,A01
201900039452,1,7,,0,2,1,1,A01
201900039452,3,7,,0,2,8,15,B01
201900039453,1,34,,0,1,1,3,A01
201900039454,1,30,,0,2,1,16,A01
201900039454,1,7,,0,2,7,2,B01
201900039455,1,33,,0,0,0,1,A01
201900039456,2,32,,0,1,7,1,A01
201900039457,1,0,,0,2,0,26,B01
201900039457,1,32,,0,2,7,1,A01
201900039458,1,1,,0,2,1,7,B01
201900039458,1,10,,0,2,2,16,A01
201900039459,1,30,,1,0,1,2,B01
201900039459,1,10,,0,2,7,24,A01
201900039460,3,33,,0,2,8,1,B01
201900039460,1,7,,0,2,7,16,A01
201900039461,3,7,,1,0,2,14,A01
201900039462,3,7,,4,2,8,14,B01
201900039462,1,14,,0,2,2,16,A01
201900039463,1,7,,0,2,2,1,A01
201900039463,3,7,,0,2,1,23,B01
201900039464,3,7,,0,2,3,2,A01
201900039464,3,80,,0,2,5,15,B01
201900039465,1,7,,0,2,1,1,B01
201900039465,2,7,,0,2,2,26,A01
201900039466,2,7,,9,0,2,19,D01
201900039466,2,7,,0,2,4,23,A01
201900039466,2,7,,0,2,5,1,B01
201900039466,2,7,,4,2,1,1,C01
201900039467,3,7,,0,6,1,2,A01
201900039467,2,1,,0,2,8,0,B01
201900039468,2,7,,0,1,3,14,A01
201900039469,2,37,1.0,0,1,2,1,A01
201900039470,1,7,,1,1,1,2,A01
201900039471,1,7,,1,1,2,16,A01
201900039472,1,7,,0,2,4,2,B01
201900039472,1,7,,0,2,1,2,A01
201900039473,1,7,,0,2,1,9,A01
201900039473,1,34,,0,2,4,16,B01
201900039474,1,7,,0,1,3,1,A01
201900039475,2,1,,0,0,0,5,A01
201900039476,1,7,,0,2,1,1,B01
201900039476,1,7,,0,2,1,15,A01
201900039477,3,3,,0,1,3,1,A01
201900039478,1,7,,0,1,1,1,A01
201900039479,1,7,,0,2,2,12,A01
201900039479,1,32,,0,2,8,1,B01
201900039480,2,7,,0,2,8,16,A01
201900039480,1,7,,0,2,1,1,B01
201900039481,3,34,,0,2,7,2,B01
201900039481,3,7,,0,2,3,2,A01
201900039482,1,7,,0,2,8,11,B01
201900039482,1,7,,8,0,2,13,A01
201900039483,1,32,,0,2,1,1,B01
201900039483,1,10,,0,2,8,9,A01
201900039484,2,7,,0,1,2,1,A01
201900039485,3,30,,8,0,0,14,A01
201900039486,2,7,,0,2,1,1,B01
201900039486,2,7,,0,2,3,9,A01
201900039487,2,7,,0,2,1,2,A01
201900039487,2,7,,0,2,4,2,B01
201900039488,2,7,,0,2,7,1,B01
201900039488,2,10,,0,2,0,26,A01
201900039489,2,7,,0,2,3,19,A01
201900039489,1,7,,0,2,2,1,B01
201900039490,2,33,,0,2,4,2,B01
201900039490,2,7,,0,2,1,2,A01
201900039491,1,7,,0,2,1,14,A01
201900039491,1,7,,0,2,4,2,C01
201900039491,1,7,,0,2,5,2,B01
201900039491,1,7,,0,2,4,2,D01
201900039492,3,1,,0,2,1,16,B01
201900039492,1,7,,0,6,0,0,A01
201900039493,1,10,,0,2,3,1,B01
201900039493,1,31,,0,2,1,9,A01
201900039494,1,7,,0,2,6,23,B01
201900039494,1,33,,0,2,0,0,A01
201900039495,1,10,,0,1,2,13,A01
201900039496,3,7,,0,1,1,1,A01
201900039497,2,7,,9,0,0,13,A01
201900039498,1,36,,6,0,1,26,A01
201900039499,0,30,,-1,-1,-1,0,Z01
201900039500,1,7,,0,2,7,1,B01
201900039500,2,1,,0,2,1,15,A01
201900039501,1,30,,0,2,1,17,A01
201900039501,1,10,,0,2,3,15,B01
201900039502,3,7,,0,2,1,9,A01
201900039502,3,7,,0,2,8,1,B01
201900039503,1,7,,0,2,1,19,A01