Num_Acc,senc,catv,occutc,obs,obsm,choc,manv,num_veh
201900039503,3,13,,9,0,2,1,B01
201900039504,2,7,,0,2,1,21,A01
201900039504,2,7,,0,1,4,21,B01
201900039505,2,7,,0,2,1,2,A01
201900039505,2,7,,0,2,4,2,B01
201900039506,1,10,,0,2,6,24,B01
201900039506,1,7,,1,0,2,14,A01
201900039507,1,1,,0,2,3,16,A01
201900039507,2,7,,0,2,0,0,Z01
201900039508,2,50,,8,2,1,1,B01
201900039508,1,7,,0,2,1,15,A01
201900039509,2,7,,0,2,4,2,C01
201900039509,2,7,,0,2,5,2,B01
201900039509,2,7,,0,2,3,2,A01
201900039510,1,7,,0,2,1,15,A01
201900039510,2,1,,0,2,1,1,B01
201900039511,2,1,,0,2,1,16,A01
201900039511,2,7,,0,2,3,9,B01
201900039512,2,17,,0,2,3,15,B01
201900039512,2,1,,0,0,0,0,A01
201900039513,0,33,,12,0,1,0,A01
201900039514,1,33,,3,0,7,14,A01
201900039515,2,7,,1,0,2,14,Z01
201900039516,1,7,,8,0,1,26,A01
201900039517,3,7,,0,2,1,9,A01
201900039517,2,7,,0,2,2,0,B01
201900039518,1,33,,3,0,1,13,A01
201900039519,2,7,,3,0,2,0,A01
201900039520,1,7,,0,1,2,20,A01
201900039521,2,10,,0,2,7,16,A01
201900039521,2,1,,0,2,8,1,B01
201900039522,1,7,,0,2,4,23,A01
201900039522,1,7,,0,2,1,1,Z01
201900039523,1,7,,0,1,6,15,A01
201900039524,1,30,,9,0,1,1,A01
201900039525,1,7,,0,2,7,16,A01
201900039525,1,7,,0,2,3,1,B01
201900039526,0,7,,0,2,4,1,B01
201900039526,0,2,,0,2,1,2,A01
201900039526,2,0,,0,0,4,1,A01
201900039527,1,1,,0,2,1,1,A01
201900039527,2,7,,0,2,1,15,B01
201900039528,1,7,,0,2,3,1,A01
201900039528,2,7,,0,2,3,19,B01
201900039529,1,7,,0,2,2,1,A01
201900039529,1,7,,0,2,4,1,B01
201900039530,2,7,,0,2,1,2,A01
201900039530,2,7,,0,0,4,2,B01
201900039531,1,7,,0,1,1,1,A01
201900039532,1,10,,0,2,4,23,B01
201900039532,1,10,,1,0,2,2,A01
201900039533,3,7,,4,0,3,13,A01
201900039534,2,7,,3,0,1,26,A01
201900039535,1,30,,0,0,7,1,A01
201900039536,2,1,,0,2,0,13,B01
201900039536,1,33,,0,1,8,21,A01
201900039537,3,7,,0,1,4,4,A01
201900039538,0,17,,0,2,1,2,Z01
201900039538,0,7,,0,2,4,15,B01
201900039539,2,7,,0,2,3,13,A01
201900039539,2,7,,0,2,5,0,B01
201900039540,1,7,,1,0,2,14,A01
201900039540,1,10,,0,2,2,24,B01
201900039541,3,10,,0,2,1,1,B01
201900039541,3,10,,0,2,1,1,A01
201900039542,1,1,,0,0,0,1,A01
201900039543,3,7,,2,0,1,13,A01
201900039544,2,33,,0,2,7,17,A01
201900039544,2,7,,0,2,8,15,B01
201900039545,3,30,,0,2,1,1,B01
201900039545,1,7,,0,2,3,15,A01
201900039546,1,7,,0,0,0,0,A01
201900039546,3,1,,0,0,0,22,B01
201900039547,2,7,,0,2,7,16,B01
201900039547,2,2,,0,2,1,18,A01
201900039548,1,7,,0,2,1,2,A01
201900039548,1,7,,0,2,6,2,B01
201900039549,3,7,,0,2,2,16,A01
201900039549,1,1,,0,2,3,1,B01
201900039550,1,7,,0,1,1,1,A01
201900039551,0,7,,0,2,8,15,A01
201900039551,1,30,,0,2,7,17,B01
201900039552,2,7,,0,1,1,16,A01
201900039553,3,7,,1,0,2,15,A01
201900039553,3,33,,0,2,1,1,B01
201900039554,3,7,,0,2,1,2,B01
201900039554,3,7,,0,2,1,5,A01
201900039555,0,7,,0,0,1,1,A01
201900039556,0,7,,0,2,3,17,B01
201900039556,2,31,,15,2,7,17,A01
201900039557,1,10,,0,2,1,2,A01
201900039557,1,10,,0,2,4,1,C01
201900039557,1,10,,0,2,4,2,B01
201900039558,1,7,,0,1,1,1,A01
201900039559,3,31,,0,2,7,1,B01
201900039559,3,7,,0,2,1,9,A01
201900039560,3,10,,0,1,4,4,A01
201900039561,1,33,,0,2,1,5,A01
201900039561,1,10,,0,2,1,1,C01
201900039561,2,7,,0,2,3,1,B01
201900039562,1,37,1.0,0,2,1,9,A01
201900039562,1,33,,0,2,1,1,B01
201900039563,3,7,,0,1,3,1,A01
201900039564,1,7,,0,2,1,1,A01
201900039564,1,7,,0,2,4,1,B01
201900039565,1,7,,0,1,1,1,Z01
201900039566,3,3,,0,2,6,15,B01
201900039566,3,7,,0,2,1,17,A01
201900039567,3,7,,0,2,1,2,A01
201900039567,3,7,,0,2,4,23,B01
201900039568,3,7,,0,2,1,15,A01
201900039568,3,10,,0,2,2,1,B01
201900039569,2,7,,0,2,3,1,B01
201900039569,2,7,,0,2,5,26,A01
201900039570,1,7,,0,2,1,11,A01
201900039570,1,7,,0,2,4,1,B01
201900039570,1,7,,0,2,1,1,C01
201900039571,1,7,,0,1,2,26,A01
201900039572,1,7,,2,0,1,1,A01
201900039573,1,7,,0,2,3,1,A01
201900039573,2,7,,0,2,3,1,B01
201900039574,1,7,,0,2,1,1,C01
201900039574,1,7,,0,2,4,1,D01
201900039575,1,30,,0,2,0,2,B01
201900039575,2,7,,0,2,8,20,A01
201900039576,0,7,,0,2,6,14,A01
201900039576,2,7,,0,2,2,1,B01
201900039577,1,30,,0,2,1,1,B01
201900039577,2,7,,0,2,3,10,A01
201900039578,1,7,,15,0,2,14,A01
201900039579,0,7,,0,2,3,1,A01
201900039579,0,7,,0,2,3,1,B01
201900039580,0,7,,0,2,4,15,B01
201900039580,0,30,,0,2,1,2,A01
201900039581,2,7,,0,2,1,5,Z01
201900039581,2,7,,0,2,8,15,B01
201900039582,3,7,,0,2,2,15,A01
201900039582,2,32,,0,2,1,1,B01
201900039583,2,7,,0,2,3,17,A01
201900039583,2,7,,0,2,1,1,B01
201900039584,0,37,1.0,0,2,3,9,B01
201900039584,0,7,,0,2,1,9,A01
201900039585,1,32,,4,0,1,1,A01
201900039586,0,7,,8,0,1,13,A01
201900039587,1,99,,0,2,1,9,A01
201900039587,1,7,,0,2,4,23,B01
201900039588,1,7,,0,2,1,2,A01
201900039588,1,31,,0,2,4,2,B01
201900039589,1,3,,0,0,3,13,A01
201900039589,2,3,,0,2,8,19,B01
201900039590,0,34,,0,1,1,17,A01
201900039591,1,34,,0,1,1,1,Z01
201900039592,1,7,,0,2,8,15,A01
201900039592,1,32,,0,2,2,1,B01
201900039593,0,7,,0,2,8,15,B01
201900039593,2,10,,0,2,1,1,A01
201900039594,1,7,,0,2,2,15,A01
201900039594,1,2,,15,2,1,1,B01
201900039595,3,30,,0,2,2,1,B01
201900039595,3,38,1.0,0,2,3,1,A01
201900039596,1,99,,0,2,1,2,Z01
201900039596,1,32,,0,2,4,1,A01
201900039597,1,7,,0,2,3,16,A01
201900039597,1,7,,0,2,1,1,B01
201900039598,1,33,,0,2,2,1,A01
201900039598,1,7,,0,0,0,0,B01
201900039599,1,7,,0,2,8,1,A01
201900039600,0,7,,0,2,1,16,Z01
201900039600,0,2,,0,2,8,2,B01
201900039601,1,7,,0,1,1,0,A01
201900039602,1,7,,0,1,1,1,A01
201900039603,2,7,,0,2,1,1,A01
201900039603,2,2,,0,1,1,23,B01
201900039604,1,7,,0,2,3,9,A01
201900039604,2,7,,0,2,0,0,B01
201900039605,1,7,,0,1,1,1,A01
201900039606,1,7,,1,0,5,1,A01
201900039606,1,10,,1,0,5,0,B01
201900039607,3,1,,0,0,0,15,A01
201900039608,1,7,,15,0,0,1,A01
201900039609,1,2,,0,2,1,1,B01
201900039609,1,7,,0,2,5,15,A01
201900039610,3,7,,0,2,1,9,A01
201900039610,3,1,,0,2,7,1,B01
201900039611,0,34,,0,2,2,17,B01
201900039611,2,7,,0,2,3,15,A01
201900039612,2,7,,0,1,1,1,A01
201900039613,2,7,,6,0,1,14,A01
201900039614,3,7,,0,2,1,0,A01
201900039615,1,10,,0,2,4,2,B01
201900039615,1,10,,0,2,1,2,A01
201900039616,1,10,,0,1,1,1,A01
201900039617,1,31,,0,6,1,17,A01
201900039617,1,31,,0,6,6,15,B01
201900039618,2,0,,1,0,5,15,Z01
201900039618,2,7,,0,2,8,22,A01
201900039619,1,7,,0,2,1,13,A01
201900039619,2,7,,0,2,1,1,B01
201900039620,1,10,,0,1,1,13,A01
201900039620,1,10,,0,2,1,1,B01
201900039621,2,10,,0,1,2,26,A01
201900039622,1,7,,0,2,3,1,B01
201900039622,2,7,,0,2,3,13,A01
201900039623,2,7,,0,1,3,1,A01
201900039624,1,7,,0,2,1,1,A01
201900039624,1,10,,0,2,4,16,B01
201900039625,1,33,,12,0,1,13,A01
201900039626,1,7,,0,2,1,2,A01
201900039626,1,7,,0,2,4,1,B01
201900039626,1,7,,0,2,4,1,C01
201900039626,1,7,,0,2,2,1,D01
201900039627,1,7,,0,2,4,23,B01
201900039627,1,7,,0,2,1,1,A01
201900039628,1,7,,0,2,0,17,Z01
201900039628,1,7,,0,0,4,1,C01
201900039628,1,33,,0,2,1,21,B01
201900039629,2,10,,0,2,5,2,B01
201900039629,2,33,,0,2,1,21,A01
201900039630,1,7,,0,2,4,11,A01
201900039630,1,33,,0,2,1,3,B01
201900039630,1,7,,0,2,0,23,C01
201900039631,2,32,,0,2,3,12,A01
201900039631,2,7,,0,2,5,1,B01
201900039632,1,34,,0,2,3,11,A01
201900039632,1,33,,0,2,2,3,B01
201900039632,1,7,,0,2,5,23,C01
201900039632,1,7,,0,2,6,1,D01
201900039633,1,7,,4,0,7,14,A01
201900039634,2,7,,0,2,4,2,C01
201900039634,2,7,,0,2,4,2,B01
201900039634,2,10,,0,2,1,2,A01
201900039635,2,32,,0,2,1,3,A01
201900039635,2,10,,0,2,5,1,B01
201900039636,1,7,,0,2,4,23,C01
201900039636,1,33,,0,2,4,1,B01
201900039636,1,7,,0,2,2,1,A01
201900039637,2,7,,0,2,1,2,A01
201900039637,2,33,,0,2,4,23,B01
201900039638,1,7,,0,2,4,2,B01
201900039638,1,7,,0,2,1,2,A01
201900039639,1,7,,0,2,5,1,C01
201900039639,1,7,,0,2,6,1,B01
201900039639,1,33,,0,2,1,11,A01
201900039640,2,14,,0,2,6,11,A01
201900039640,2,14,,0,2,2,13,B01
201900039640,2,7,,4,2,2,1,C01
201900039641,2,7,,15,0,1,12,A01
201900039642,1,32,,0,1,2,1,A01
201900039643,3,7,,0,2,8,10,A01
201900039643,3,33,,0,2,1,1,B01
201900039644,3,43,,0,2,8,1,B01
201900039644,3,7,,0,2,2,1,A01
201900039645,2,30,,0,1,2,1,Z01
201900039646,1,14,,0,1,0,1,A01
201900039647,1,32,,0,2,1,1,B01
201900039647,1,7,,0,2,3,5,A01
201900039648,1,7,,0,2,3,1,B01
201900039648,1,7,,0,2,1,1,A01
201900039649,1,30,,0,2,3,9,A01
201900039649,2,30,,0,2,1,1,B01
201900039650,1,7,,0,2,3,1,A01
201900039650,1,2,,0,2,7,1,B01
201900039651,2,32,,8,2,1,1,A01
201900039651,2,7,,0,2,2,1,B01
201900039652,1,10,,0,2,1,16,A01
201900039652,1,7,,0,2,5,23,B01
201900039653,1,30,,0,1,8,1,Z01
201900039654,1,34,,0,2,1,1,B01
201900039654,2,7,,0,2,2,10,A01
201900039655,1,34,,0,1,2,1,A01
201900039656,3,7,,0,2,5,1,C01
201900039656,3,32,,0,2,7,3,B01
201900039656,3,7,,0,2,8,11,A01
201900039657,1,1,,0,2,3,2,B01
201900039657,1,7,,0,2,5,16,A01
201900039658,1,7,,0,2,1,15,B01
201900039658,2,7,,0,2,2,17,A01
201900039659,1,10,,0,2,4,4,A01
201900039659,2,32,,0,2,8,1,B01
201900039660,2,30,,1,2,1,18,A01
201900039660,2,7,,0,2,5,23,B01
201900039661,1,7,,0,2,1,1,A01
201900039661,1,7,,0,2,4,23,B01
201900039661,1,7,,0,2,4,23,C01
201900039662,1,1,,0,2,7,17,A01
201900039662,1,1,,0,2,8,1,B01
201900039663,1,10,,0,1,1,15,A01
201900039664,3,7,,0,2,8,10,A01
201900039664,3,33,,0,2,7,1,B01
201900039665,2,33,,0,0,8,1,A01
201900039666,2,33,,0,2,3,17,B01
201900039666,2,7,,0,2,5,17,A01
201900039667,2,7,,15,0,9,14,A01
201900039668,2,33,,0,2,7,1,B01
201900039668,1,7,,0,2,7,5,A01
201900039669,2,33,,13,0,1,1,A01
201900039670,1,7,,0,2,5,10,A01
201900039670,1,33,,0,2,1,1,B01
201900039671,0,7,,0,2,3,1,B01
201900039671,0,20,,0,2,3,1,A01
201900039672,1,33,,6,0,1,1,A01
201900039673,1,33,,0,2,1,0,B01
201900039673,2,33,,0,2,1,0,A01
201900039674,2,43,,0,2,2,17,A01
201900039674,2,7,,0,2,6,15,B01
201900039675,3,7,,0,0,1,9,B01
201900039675,1,33,,0,0,7,1,A01
201900039676,3,7,,0,2,3,15,A01
201900039676,3,33,,0,2,3,1,B01
201900039677,3,7,,0,1,4,4,A01
201900039678,1,10,,12,2,1,21,B01
201900039678,1,32,,0,2,4,1,A01
201900039679,2,10,,4,2,2,1,Z01
201900039679,2,7,,0,2,3,1,B01
201900039680,1,10,,3,0,2,1,A01
201900039681,1,7,,6,2,1,1,A01
201900039681,1,7,,0,2,4,1,B01
201900039682,1,33,,0,2,1,2,A01
201900039682,1,7,,0,2,4,23,B01
201900039683,3,7,,0,2,3,9,A01
201900039683,3,1,,0,2,5,9,B01
201900039684,1,7,,0,2,2,19,A01
201900039684,3,1,,0,2,1,1,B01
201900039685,1,7,,0,2,1,1,B01
201900039685,1,32,,0,2,5,12,A01
201900039686,3,10,,0,1,4,4,A01
201900039687,1,1,,0,2,1,1,A01
201900039687,2,7,,0,2,2,1,B01
201900039688,2,7,,0,1,2,11,Z01
201900039689,1,32,,0,1,2,2,A01
201900039690,2,7,,0,1,1,1,A01
201900039691,2,33,,4,0,8,1,A01
201900039692,1,7,,0,2,1,2,A01
201900039692,1,7,,0,2,4,2,B01
201900039693,2,17,,0,2,0,0,Z01
201900039693,2,7,,0,2,6,1,A01
201900039694,3,3,,0,2,1,15,A01
201900039694,3,7,,0,2,1,1,B01
201900039695,1,7,,0,6,2,1,A01
201900039695,2,30,,0,2,8,16,B01
201900039696,2,7,,0,2,1,13,A01
201900039696,1,1,,0,2,1,5,B01
201900039697,2,32,,0,2,1,9,A01
201900039697,2,7,,0,2,4,24,B01
201900039698,1,7,,0,2,2,1,B01
201900039698,1,2,,0,2,2,15,A01
201900039699,1,7,,0,2,4,1,C01
201900039699,1,7,,0,2,4,1,B01
201900039699,1,7,,0,2,1,1,A01
201900039700,3,33,,0,2,0,26,B01
201900039700,3,7,,0,0,0,26,A01
201900039701,3,7,,0,1,0,15,A01
201900039702,3,1,,0,2,1,5,B01
201900039702,1,7,,0,6,7,9,A01
201900039703,1,7,,0,2,2,1,A01
201900039703,3,1,,0,2,8,1,B01
201900039704,2,7,,0,2,8,15,A01
201900039704,2,32,,1,2,7,1,B01
201900039705,1,7,,0,-1,7,16,A01
201900039705,1,40,,0,2,1,19,B01
201900039706,1,7,,0,2,2,19,A01
201900039706,1,34,,0,2,1,1,B01
201900039707,1,99,,0,2,2,15,B01
201900039707,2,50,,0,2,3,1,A01
201900039708,2,33,,0,2,1,17,A01
201900039708,2,7,,0,2,6,15,B01
201900039709,3,50,,0,2,0,0,B01
201900039709,3,10,,0,2,3,9,A01
201900039710,0,1,,0,0,0,1,A01
201900039711,1,33,,0,0,0,26,A01
201900039712,1,7,,4,0,2,11,A01
201900039713,2,7,,0,0,7,14,A01
201900039714,2,7,,0,2,1,14,A01
201900039714,2,7,,0,2,5,1,B01
201900039714,2,7,,0,2,6,2,C01
201900039715,1,7,,0,2,3,2,B01
201900039715,1,33,,0,2,4,15,A01
201900039716,3,99,,0,0,0,26,A01
201900039717,1,7,,0,2,1,1,A01
201900039717,1,7,,0,2,3,0,B01
201900039718,1,20,,14,0,1,1,A01
201900039719,0,33,,0,0,0,21,A01
201900039719,0,7,,0,0,0,0,B01
201900039720,0,33,,0,2,1,26,A01
201900039721,2,7,,0,1,1,16,A01
201900039722,1,31,,0,0,0,1,A01
201900039723,1,7,,0,2,3,15,A01
201900039723,2,33,,0,2,1,1,B01
201900039724,3,7,,0,1,1,11,A01
201900039725,2,7,,0,2,3,19,A01
201900039725,1,32,,0,2,2,1,B01
201900039726,1,31,,0,1,1,26,A01
201900039727,2,7,,0,2,2,26,B01
201900039727,1,7,,0,2,7,15,A01
201900039728,1,7,,14,0,1,1,A01
201900039729,3,7,,0,2,1,19,A01
201900039729,3,7,,0,2,2,19,B01
201900039730,2,7,,0,2,3,1,B01
201900039730,1,7,,0,2,8,13,A01
201900039731,0,20,,1,0,2,2,A01
201900039732,3,33,,0,2,1,1,A01
201900039732,3,7,,0,2,6,9,B01
201900039733,1,7,,8,0,2,14,A01
201900039734,1,33,,13,0,8,1,A01
201900039735,2,7,,0,2,1,2,A01
201900039735,2,7,,0,2,4,2,B01
201900039735,2,7,,0,2,4,2,C01
201900039736,3,10,,0,1,4,4,A01
201900039737,2,33,,0,0,8,17,A01
201900039737,2,14,,0,0,0,13,Z01
201900039738,2,30,,0,1,1,1,A01
201900039739,3,7,,0,2,2,15,B01
201900039739,3,7,,0,2,1,1,A01
201900039740,1,7,,0,2,8,11,B01
201900039740,2,7,,0,2,3,2,A01
201900039741,1,33,,0,2,1,17,A01
201900039741,1,7,,0,2,7,15,B01
201900039742,1,13,,0,1,5,4,A01
201900039743,3,1,,0,2,4,19,B01
201900039743,1,33,,0,2,1,26,A01
201900039744,2,1,,0,0,0,0,A01
201900039745,1,7,,0,2,5,15,A01
201900039745,2,33,,0,2,1,1,B01
201900039746,2,7,,0,2,1,14,A01
201900039746,2,7,,0,2,8,0,B01
201900039747,1,7,,0,2,3,15,A01
201900039747,2,33,,0,2,1,1,B01
201900039748,1,7,,0,2,3,1,B01
201900039748,2,30,,0,2,1,13,A01
201900039749,1,7,,0,2,2,15,A01
201900039749,2,30,,0,2,1,1,B01
201900039750,2,7,,0,2,3,1,A01
201900039750,2,3,,0,2,4,1,B01
201900039751,1,7,,0,2,2,2,A01
201900039751,1,33,,0,2,6,23,B01
201900039752,3,99,,0,2,1,1,A01
201900039752,3,1,,0,2,7,15,B01
201900039753,2,7,,0,2,8,1,C01
201900039753,2,7,,0,2,3,1,B01
201900039753,1,7,,0,2,2,6,A01
201900039754,1,7,,0,2,3,2,A01
201900039754,1,7,,0,2,4,15,B01
201900039755,1,7,,0,2,1,16,A01
201900039755,1,1,,0,2,1,19,B01
201900039756,0,7,,0,1,1,1,Z01
201900039757,1,7,,0,2,1,0,A01
201900039757,1,7,,0,2,6,0,C01
201900039757,1,33,,0,2,4,0,B01
201900039758,2,15,,0,2,1,2,A01
201900039758,2,7,,0,2,4,0,B01
201900039759,0,7,,0,2,3,15,A01
201900039759,0,33,,0,2,1,1,B01
201900039760,2,7,,0,2,8,17,A01
201900039760,3,1,,0,2,8,15,B01
201900039761,3,7,,0,1,2,21,A01
201900039762,2,7,,0,2,2,15,B01
201900039762,1,7,,0,2,1,1,A01
201900039763,1,7,,0,2,2,15,A01
201900039763,2,50,,0,2,8,1,B01
201900039764,1,50,,0,2,1,17,A01
201900039764,1,7,,0,1,8,15,B01
201900039765,1,7,,0,2,2,16,Z01
201900039765,2,1,,0,2,3,1,B01
201900039766,2,1,,0,2,5,1,B01
201900039766,1,7,,0,2,2,0,A01
201900039767,2,7,,0,1,5,15,A01
201900039768,1,80,,0,0,1,1,A01
201900039769,2,7,,0,1,3,1,A01
201900039770,1,7,,0,2,4,2,B01
201900039770,1,2,,0,2,1,2,A01
201900039771,1,7,,0,2,1,5,B01
201900039771,2,7,,0,2,1,1,A01
201900039772,2,7,,2,0,7,15,A01
201900039773,1,7,,1,1,3,14,A01
201900039774,3,7,,0,2,1,1,A01
201900039774,3,7,,0,2,7,1,B01
201900039775,2,10,,3,0,2,14,A01
201900039776,1,7,,0,2,1,1,A01
201900039776,1,7,,0,2,8,19,B01
201900039777,3,7,,0,2,8,15,A01
201900039777,3,33,,0,2,1,1,B01
201900039778,1,7,,0,2,7,1,B01
201900039778,1,10,,0,2,1,9,A01
201900039779,1,7,,0,1,2,1,A01
201900039780,1,2,,0,2,0,17,B01
201900039780,1,7,,0,2,0,0,A01
201900039781,1,7,,0,2,0,1,B01
201900039781,1,7,,0,2,0,0,Z01
201900039782,1,7,,0,1,0,0,Z01
201900039783,1,7,,0,1,2,1,A01
201900039784,1,7,,0,2,1,1,B01
201900039784,1,2,,0,2,1,1,A01
201900039785,1,32,,0,0,2,1,A01
201900039786,0,60,,0,2,1,15,A01
201900039786,0,7,,0,2,1,1,B01
201900039787,3,7,,0,2,0,20,A01
201900039787,3,1,,0,2,0,0,B01
201900039788,1,7,,0,2,1,1,A01
201900039788,2,7,,0,2,1,1,B01
201900039789,1,2,,0,2,4,1,B01
201900039789,1,7,,0,2,1,1,A01
201900039790,3,10,,0,2,3,13,A01
201900039790,0,15,,0,0,0,0,B01
201900039791,0,7,,0,2,1,1,B01
201900039791,0,7,,0,2,8,9,A01
201900039792,1,32,,0,0,0,26,A01
201900039793,0,32,,6,2,1,2,A01
201900039793,0,50,,0,2,1,15,B01
201900039794,0,7,,0,2,0,26,Z01
201900039794,0,32,,0,0,1,1,A01
201900039795,3,7,,0,1,2,1,A01
201900039796,2,7,,0,2,0,1,C01
201900039796,2,13,,0,2,0,1,B01
201900039796,2,7,,0,2,9,2,A01
201900039797,0,7,,0,2,3,15,A01
201900039797,0,7,,0,0,8,26,B01
201900039798,1,7,,6,0,2,1,A01
201900039799,3,7,,0,2,1,15,B01
201900039799,1,7,,0,2,2,15,A01
201900039800,2,7,,0,1,2,1,A01
201900039801,3,34,,0,2,1,9,B01
201900039801,3,7,,15,2,2,15,A01
201900039802,3,1,,0,2,7,12,B01
201900039802,3,7,,0,2,3,1,A01
201900039803,1,30,,0,2,1,1,A01
201900039803,1,7,,0,2,8,15,B01
201900039804,1,3,,0,2,3,1,A01
201900039805,3,1,,0,0,1,0,A01
201900039806,3,7,,0,2,2,9,A01
201900039806,3,1,,0,2,0,0,B01
201900039807,2,7,,0,2,4,2,B01
201900039807,2,7,,0,2,1,26,A01
201900039808,3,99,,0,2,0,26,A01
201900039808,3,50,,0,2,0,26,B01
201900039809,1,7,,3,2,4,2,B01
201900039809,1,10,,0,2,1,2,A01
201900039810,2,7,,15,0,2,1,A01
201900039811,1,7,,0,2,1,19,A01
201900039811,2,1,,0,2,7,15,B01
201900039812,1,7,,0,0,1,9,A01
201900039813,3,7,,0,2,2,9,A01
201900039813,3,34,,0,2,3,9,B01
201900039814,2,10,,0,2,0,0,Z01
201900039814,2,32,,0,2,8,1,B01
201900039815,0,7,,0,2,4,1,D01
201900039815,1,7,,0,2,4,1,C01
201900039815,1,7,,0,2,4,1,B01
201900039815,2,7,,0,2,0,1,A01
201900039816,1,7,,0,2,1,13,A01
201900039816,2,7,,0,2,9,1,B01
201900039816,2,7,,0,2,5,1,C01
201900039816,2,10,,0,2,1,1,D01
201900039817,2,7,,0,2,8,15,A01
201900039817,2,33,,0,2,7,26,B01
201900039818,0,7,,0,1,2,1,A01
201900039819,2,7,,1,0,3,14,A01
201900039819,2,7,,0,1,1,24,B01
201900039820,0,7,,0,2,1,1,A01
201900039820,0,7,,0,2,4,1,B01
201900039821,0,7,,0,1,3,1,A01
201900039822,2,7,,0,2,8,15,A01
201900039822,2,7,,6,2,1,1,B01
201900039823,1,7,,0,0,0,12,A01
201900039823,1,37,7.0,0,0,0,21,B01
201900039824,1,7,,8,2,9,0,A01
201900039824,1,7,,0,2,8,1,B01
201900039824,3,7,,0,2,3,1,C01
201900039824,1,7,,0,2,6,1,D01
201900039824,1,42,,0,2,4,1,E01
201900039825,3,7,,0,1,0,1,A01
201900039826,3,7,,0,2,3,15,A01
201900039826,3,33,,0,2,1,0,B01
201900039827,0,7,,0,0,2,14,A01
201900039828,3,1,,0,0,0,1,A01
201900039829,0,7,,0,1,0,1,A01
201900039830,3,7,,0,1,3,1,A01
201900039831,3,17,,0,2,1,2,B01
201900039831,3,10,,0,2,8,10,A01
201900039832,3,7,,8,0,4,9,A01
201900039832,3,10,,0,2,1,2,B01
201900039833,1,7,,0,1,3,1,A01
201900039834,1,7,,14,0,1,1,A01
201900039835,2,7,,6,0,1,14,A01
201900039836,2,7,,0,2,1,1,B01
201900039836,1,7,,0,2,1,13,A01
201900039837,1,7,,13,0,1,1,A01
201900039838,3,7,,0,9,7,1,A01
201900039838,3,1,,0,2,1,19,B01
201900039839,2,7,,0,2,3,1,B01
201900039839,1,7,,0,2,3,13,A01
201900039840,3,7,,0,2,3,9,B01
201900039840,3,33,,0,2,1,3,A01
201900039841,2,7,,1,0,8,21,A01
201900039841,2,7,,0,6,1,1,B01
201900039842,1,7,,0,2,2,14,A01
201900039843,1,7,,0,0,8,19,A01
201900039843,2,38,1.0,0,0,3,1,B01
201900039844,3,7,,0,1,3,1,A01
201900039845,2,7,,4,2,6,17,A01
201900039845,1,7,,0,2,2,1,B01
201900039845,1,15,,0,2,8,1,C01
201900039846,1,33,,4,0,9,17,A01
201900039847,3,33,,0,2,1,1,A01
201900039847,3,7,,0,2,7,19,B01
201900039848,1,7,,0,2,1,13,A01
201900039848,2,7,,0,2,1,1,B01
201900039849,1,7,,0,2,3,15,A01
201900039849,2,32,,0,0,1,1,B01
201900039850,1,32,,12,0,1,1,A01
201900039851,1,7,,2,0,8,1,A01
201900039852,1,7,,0,0,5,23,B01
201900039852,1,7,,1,0,3,2,A01
201900039853,3,7,,2,0,1,1,A01
201900039854,1,7,,0,2,7,1,A01
201900039854,2,7,,0,2,1,1,B01
201900039855,2,10,,5,0,1,14,A01
201900039856,3,2,,0,0,4,1,B01
201900039856,3,7,,0,2,2,9,A01
201900039857,1,7,,0,1,2,1,A01
201900039858,1,10,,0,2,0,0,C01
201900039858,1,10,,0,2,4,1,B01
201900039858,1,10,,0,2,1,1,A01
201900039859,2,33,,3,0,7,21,A01
201900039860,2,7,,0,2,1,2,C01
201900039860,2,7,,0,2,4,2,B01
201900039860,2,7,,0,2,4,1,A01
201900039861,2,17,,0,2,2,12,B01
201900039861,2,7,,0,2,6,1,A01
201900039862,1,7,,0,2,1,2,C01
201900039862,1,7,,0,2,4,2,B01
201900039862,1,7,,0,2,4,2,A01
201900039863,1,7,,0,2,8,11,A01
201900039863,1,31,,0,2,1,1,B01
201900039864,2,10,,0,1,7,2,A01
201900039865,2,33,,0,2,4,2,A01
201900039866,2,7,,0,2,4,1,D01
201900039866,2,7,,0,2,8,1,C01
201900039866,2,7,,0,2,4,2,B01
201900039866,2,7,,0,2,1,2,A01
201900039867,2,7,,0,2,8,1,C01
201900039867,2,32,,0,2,2,1,B01
201900039867,2,7,,0,2,3,11,A01
201900039868,1,7,,0,2,1,1,A01
201900039868,1,7,,0,2,4,1,B01
201900039868,1,7,,0,2,4,1,C01
201900039869,2,7,,0,2,1,2,A01
201900039869,2,7,,0,2,4,23,B01
201900039869,2,10,,0,2,1,2,C01
201900039869,2,17,,0,2,6,2,D01
201900039870,1,7,,0,2,1,1,A01
201900039871,2,7,,0,2,4,2,B01
201900039871,2,15,,0,2,1,2,A01
201900039872,2,7,,4,0,1,0,A01
201900039873,2,7,,4,0,1,1,A01
201900039874,1,7,,3,0,1,14,A01
201900039875,1,10,,0,2,4,2,B01
201900039875,1,14,,0,2,1,2,A01
201900039876,2,7,,0,2,4,1,B01
201900039876,2,14,,0,2,1,1,C01
201900039876,2,7,,0,2,4,1,A01
201900039877,1,2,,7,2,2,17,A01
201900039877,2,10,,0,2,8,15,B01
201900039878,2,7,,13,0,1,13,A01