Num_Acc,senc,catv,occutc,obs,obsm,choc,manv,num_veh
201900039879,1,7,,0,2,3,19,A01
201900039879,2,1,,0,2,1,1,B01
201900039880,2,7,,0,2,1,1,B01
201900039880,1,1,,0,2,1,5,A01
201900039881,1,7,,0,2,2,15,B01
201900039881,1,7,,0,2,6,1,A01
201900039882,3,0,,0,1,0,0,A01
201900039883,2,7,,0,2,1,26,A01
201900039883,3,1,,0,2,8,19,B01
201900039884,3,7,,0,2,2,16,B01
201900039884,3,32,,0,2,1,1,A01
201900039885,1,10,,9,1,1,2,A01
201900039886,1,32,,12,0,2,26,A01
201900039887,1,10,,0,1,3,26,A01
201900039888,1,7,,0,2,3,1,B01
201900039888,2,30,,0,2,0,0,A01
201900039889,1,7,,0,1,1,15,A01
201900039890,3,10,,0,2,1,26,A01
201900039890,3,7,,0,2,3,26,B01
201900039891,2,34,,0,1,2,17,A01
201900039892,2,7,,0,0,1,16,A01
201900039893,1,7,,0,1,3,1,A01
201900039894,3,7,,0,2,2,13,A01
201900039894,3,7,,0,2,2,1,B01
201900039895,1,7,,0,1,1,1,A01
201900039896,2,7,,0,1,1,26,A01
201900039897,1,7,,0,2,3,15,A01
201900039897,2,33,,0,2,3,1,B01
201900039898,1,7,,0,2,1,1,A01
201900039898,1,7,,0,2,1,1,B01
201900039898,2,7,,0,2,1,5,Z01
201900039899,1,7,,0,1,2,26,A01
201900039900,3,7,,1,0,1,0,D01
201900039900,3,7,,0,2,1,15,B01
201900039900,3,33,,0,2,1,17,A01
201900039901,1,7,,0,2,4,1,B01
201900039901,1,7,,0,2,1,1,A01
201900039902,1,30,,0,0,0,21,A01
201900039903,0,1,,0,1,1,1,A01
201900039904,0,7,,0,1,2,1,A01
201900039905,3,7,,0,2,4,16,B01
201900039905,3,10,,0,2,1,2,A01
201900039906,2,50,,0,2,1,2,A01
201900039906,2,10,,0,2,4,23,B01
201900039907,2,7,,0,1,1,1,A01
201900039908,2,7,,0,1,4,20,A01
201900039909,2,7,,0,1,1,1,A01
201900039910,1,1,,0,2,7,2,B01
201900039910,1,7,,0,2,6,2,A01
201900039911,1,30,,0,2,1,26,A01
201900039911,1,7,,0,2,4,1,B01
201900039912,2,1,,0,2,8,1,B01
201900039912,1,7,,0,2,1,15,A01
201900039913,1,7,,0,1,3,20,A01
201900039914,2,1,,0,2,3,1,B01
201900039914,1,1,,0,2,0,1,A01
201900039915,1,7,,0,2,4,2,B01
201900039915,1,30,,0,2,1,2,A01
201900039916,1,15,,0,1,6,4,A01
201900039917,1,7,,0,2,3,15,A01
201900039917,2,2,,0,2,4,16,B01
201900039918,1,7,,0,1,7,25,Z01
201900039919,0,7,,0,0,0,0,B01
201900039920,3,7,,0,2,0,0,B01
201900039920,3,7,,0,2,1,26,A01
201900039921,1,10,,0,1,2,17,A01
201900039922,2,7,,0,1,1,1,A01
201900039923,1,7,,0,2,3,15,B01
201900039923,1,7,,0,2,2,17,A01
201900039924,1,7,,0,2,2,1,A01
201900039924,1,7,,0,2,3,1,B01
201900039925,1,10,,0,1,1,1,A01
201900039926,1,7,,12,1,3,14,A01
201900039927,0,7,,0,2,1,1,A01
201900039927,0,7,,0,2,3,1,B01
201900039928,0,7,,8,0,3,16,A01
201900039929,0,7,,0,2,4,1,B01
201900039929,0,10,,0,2,4,2,A01
201900039930,1,31,,0,2,3,1,B01
201900039930,2,7,,0,2,1,15,A01
201900039931,0,2,,0,2,1,1,B01
201900039931,0,7,,0,2,2,9,A01
201900039932,2,7,,0,1,2,1,A01
201900039933,3,7,,0,2,4,2,B01
201900039933,3,7,,0,2,1,2,A01
201900039934,1,7,,0,1,3,1,A01
201900039935,1,7,,0,2,1,2,A01
201900039935,1,7,,0,2,4,2,B01
201900039936,1,7,,0,2,2,1,B01
201900039936,2,1,,0,2,4,5,A01
201900039937,3,14,,0,2,3,14,A01
201900039937,0,7,,8,2,3,26,B01
201900039938,2,50,,0,1,3,1,A01
201900039939,0,7,,0,1,8,1,A01
201900039940,2,7,,0,0,6,15,B01
201900039940,1,30,,0,2,2,11,A01
201900039941,0,7,,0,2,1,9,A01
201900039941,1,7,,0,2,2,1,B01
201900039942,0,7,,0,1,1,1,A01
201900039943,3,1,,0,2,1,19,A01
201900039943,1,7,,0,2,0,1,B01
201900039944,0,7,,0,2,3,1,B01
201900039944,0,37,7.0,0,2,1,1,C01
201900039944,0,7,,0,2,1,1,A01
201900039945,3,37,1.0,0,1,7,26,A01
201900039946,1,7,,0,1,1,1,A01
201900039947,1,7,,0,2,3,13,A01
201900039947,2,7,,0,2,2,1,B01
201900039948,1,7,,0,1,3,15,A01
201900039949,1,7,,0,2,3,2,B01
201900039949,1,7,,0,2,1,15,A01
201900039950,3,7,,0,1,1,0,A01
201900039951,0,7,,0,2,1,5,A01
201900039951,0,7,,0,2,1,5,B01
201900039952,3,7,,9,2,3,2,A01
201900039952,0,7,,0,2,3,2,B01
201900039953,1,13,,0,1,2,1,A01
201900039954,1,7,,0,1,6,26,A01
201900039955,1,7,,0,2,3,2,BB01
201900039955,1,7,,0,2,1,15,A01
201900039956,3,33,,0,2,0,0,A01
201900039957,1,7,,0,2,1,16,B01
201900039957,1,7,,0,2,8,15,A01
201900039958,1,7,,0,2,4,2,C01
201900039958,1,7,,0,2,4,2,B01
201900039958,1,7,,0,2,1,2,Z01
201900039959,2,32,,0,0,7,1,A01
201900039960,2,7,,0,2,8,9,B01
201900039960,2,17,,0,2,7,1,A01
201900039961,2,7,,0,2,2,12,A01
201900039961,2,33,,0,2,8,3,B01
201900039962,2,7,,0,2,1,2,A01
201900039962,2,7,,0,2,4,2,B01
201900039963,1,2,,0,2,8,1,B01
201900039963,2,7,,0,2,3,15,A01
201900039964,2,7,,0,1,3,1,A01
201900039965,1,30,,0,2,2,14,A01
201900039965,1,10,,0,2,0,1,Z01
201900039966,1,30,,0,1,1,1,A01
201900039967,1,7,,0,1,1,16,A01
201900039968,1,30,,0,1,3,1,A01
201900039969,1,33,,0,1,2,17,A01
201900039970,1,7,,0,2,6,1,B01
201900039970,1,60,,0,2,6,1,A01
201900039971,1,1,,0,2,8,1,A01
201900039971,2,37,1.0,0,2,1,1,B01
201900039972,1,30,,0,2,2,16,A01
201900039972,1,7,,0,2,1,1,B01
201900039973,1,7,,0,2,4,2,A01
201900039973,1,32,,0,2,4,2,B01
201900039974,2,30,,0,1,2,1,A01
201900039975,1,43,,0,1,1,1,A01
201900039976,2,7,,0,2,3,22,A01
201900039976,2,1,,0,2,1,1,B01
201900039977,1,7,,0,1,8,1,A01
201900039978,1,33,,0,2,4,2,A01
201900039978,1,7,,0,2,4,2,B01
201900039979,1,30,,0,2,4,2,A01
201900039979,1,7,,0,2,0,2,Z01
201900039980,1,1,,0,1,8,1,A01
201900039981,1,7,,0,2,3,22,A01
201900039981,1,1,,0,2,0,1,B01
201900039982,1,30,,8,0,0,7,A01
201900039983,1,7,,0,1,1,1,A01
201900039984,1,7,,0,1,2,1,A01
201900039985,2,3,,0,1,3,15,A01
201900039986,2,1,,0,2,4,1,B01
201900039986,1,10,,0,2,1,15,A01
201900039987,1,7,,0,1,3,26,A01
201900039988,3,7,,15,0,1,14,A01
201900039989,1,7,,0,0,4,23,B01
201900039989,1,7,,0,2,1,1,A01
201900039990,2,30,,0,1,8,0,A01
201900039991,1,30,,12,0,7,18,A01
201900039992,2,7,,0,1,3,19,A01
201900039993,2,7,,0,2,1,1,A01
201900039993,2,7,,0,2,4,23,B01
201900039994,1,30,,0,2,4,2,A01
201900039994,1,15,,0,2,2,2,B01
201900039995,2,7,,0,1,0,0,A01
201900039996,1,7,,0,2,4,23,C01
201900039996,1,7,,0,2,4,23,B01
201900039996,1,10,,0,2,1,26,A01
201900039997,1,30,,0,1,1,1,A01
201900039998,3,10,,0,1,2,2,A01
201900039999,0,7,,0,1,1,9,A01
201900040000,1,7,,0,1,1,1,A01
201900040001,2,10,,0,2,1,2,B01
201900040001,2,7,,0,2,3,10,A01
201900040002,1,7,,0,1,2,1,A01
201900040003,1,30,,0,2,1,15,A01
201900040003,1,7,,0,2,6,15,B01
201900040004,1,7,,0,1,1,26,A01
201900040005,1,34,,0,2,1,26,A01
201900040005,1,7,,0,2,2,26,B01
201900040006,3,7,,0,2,8,22,A01
201900040007,3,33,,0,2,1,1,B01
201900040007,3,7,,0,2,1,15,A01
201900040008,0,7,,0,1,1,15,A01
201900040009,2,7,,0,1,8,1,A01
201900040010,1,10,,1,0,2,1,A01
201900040011,1,30,,14,0,0,0,A01
201900040012,1,30,,0,2,3,18,A01
201900040012,1,7,,0,2,2,16,B01
201900040013,2,34,,0,0,0,1,A01
201900040014,1,7,,0,2,1,1,A01
201900040014,2,7,,0,2,1,1,B01
201900040015,1,7,,1,0,1,2,C01
201900040015,1,7,,0,2,1,2,B01
201900040015,1,7,,0,0,4,1,A01
201900040016,2,7,,15,2,3,1,B01
201900040016,2,7,,0,2,1,26,A01
201900040017,3,7,,8,0,6,1,A01
201900040018,1,7,,0,2,2,2,A01
201900040018,1,21,,0,0,4,16,B01
201900040018,2,21,,0,2,1,5,C01
201900040018,1,7,,14,0,1,2,D01
201900040019,1,2,,0,2,1,1,B01
201900040019,2,7,,0,2,1,13,A01
201900040020,2,33,,0,2,3,15,A01
201900040020,2,7,,0,2,3,17,B01
201900040021,1,7,,0,2,3,15,A01
201900040021,1,31,,0,2,8,17,B01
201900040022,2,1,,0,2,1,17,B01
201900040022,2,37,1.0,0,2,3,19,A01
201900040023,2,7,,0,2,2,12,A01
201900040023,2,32,,0,2,3,1,B01
201900040024,2,32,,8,2,0,1,B01
201900040024,2,7,,0,2,0,9,A01
201900040025,2,13,,0,2,1,2,A01
201900040025,2,7,,0,2,4,2,B01
201900040026,2,33,,0,2,3,1,B01
201900040026,2,7,,0,2,2,10,A01
201900040027,1,31,,0,2,1,9,A01
201900040027,1,31,,0,2,1,1,B01
201900040028,1,2,,0,0,0,16,A01
201900040029,1,33,,0,2,1,1,A01
201900040029,2,7,,0,2,2,15,B01
201900040030,2,50,,0,1,1,14,A01
201900040031,1,7,,0,2,2,10,A01
201900040031,1,2,,0,2,8,1,B01
201900040032,2,10,,0,1,1,1,Z01
201900040033,2,32,,0,2,1,1,B01
201900040033,2,7,,0,2,7,15,A01
201900040034,1,7,,8,1,1,13,A01
201900040035,2,1,,0,2,3,17,B01
201900040035,2,7,,0,2,8,20,A01
201900040036,1,32,,0,2,7,1,B01
201900040036,3,7,,0,2,3,11,A01
201900040037,3,10,,0,2,3,10,A01
201900040037,3,1,,0,2,1,1,B01
201900040038,3,7,,0,2,2,1,A01
201900040038,1,32,,0,2,3,1,B01
201900040039,2,7,,0,2,1,15,A01
201900040039,1,33,,0,2,3,7,B01
201900040040,2,7,,0,2,1,2,ZB01
201900040040,2,7,,0,2,4,2,B01
201900040040,2,7,,0,2,1,2,A01
201900040041,2,7,,0,2,3,1,B01
201900040041,1,50,,0,2,1,5,A01
201900040042,3,7,,0,2,6,1,D01
201900040042,3,7,,0,2,6,1,C01
201900040042,3,10,,0,2,3,13,B01
201900040042,3,33,,0,2,1,17,A01
201900040043,1,7,,0,2,3,10,A01
201900040043,1,33,,0,2,1,17,B01
201900040044,2,7,,0,2,1,15,A01
201900040044,1,2,,0,2,1,1,B01
201900040045,1,7,,1,0,1,13,A01
201900040046,1,7,,0,1,1,15,A01
201900040047,1,7,,0,2,6,15,B01
201900040047,1,2,,0,2,2,15,A01
201900040048,1,37,1.0,9,0,1,20,A01
201900040049,3,7,,0,2,3,11,A01
201900040049,3,33,,0,2,7,3,B01
201900040050,2,43,,1,2,7,17,B01
201900040050,2,7,,0,2,1,9,A01
201900040051,1,7,,0,1,3,1,A01
201900040052,1,7,,0,2,2,2,A01
201900040052,1,34,,0,2,4,2,B01
201900040053,1,33,,0,2,1,1,B01
201900040053,1,50,,0,2,3,15,A01
201900040054,1,7,,0,1,1,1,A01
201900040055,1,33,,0,2,8,1,B01
201900040055,1,7,,9,2,8,9,A01
201900040056,1,32,,8,2,8,13,A01
201900040057,1,1,,0,2,8,1,A01
201900040057,2,7,,0,2,1,13,Z01
201900040058,2,1,,0,1,1,1,A01
201900040059,1,7,,0,1,1,1,A01
201900040060,1,33,,1,1,1,10,A01
201900040061,1,7,,0,2,1,12,A01
201900040061,1,7,,0,2,4,2,C01
201900040061,1,7,,0,2,5,2,B01
201900040062,1,1,,0,2,1,19,B01
201900040062,2,33,,0,2,1,16,A01
201900040063,2,1,,0,2,1,22,A01
201900040063,2,7,,0,2,3,22,B01
201900040064,2,10,,0,2,3,15,A01
201900040064,2,34,,0,2,2,17,B01
201900040065,2,30,,0,2,8,1,A01
201900040065,2,30,,0,2,8,9,B01
201900040066,2,50,,0,2,7,15,B01
201900040066,1,1,,0,2,1,17,A01
201900040067,1,7,,0,2,7,1,B01
201900040067,1,30,,0,2,3,18,A01
201900040068,2,7,,0,2,8,22,B01
201900040068,2,30,,0,2,7,1,A01
201900040069,1,31,,12,2,1,1,A01
201900040069,2,7,,0,2,1,23,B01
201900040070,0,30,,0,1,8,25,Z01
201900040071,1,7,,1,2,3,13,A01
201900040071,1,2,,0,2,2,1,B01
201900040072,1,32,,0,0,0,21,A01
201900040073,1,7,,0,2,3,22,A01
201900040073,1,2,,0,2,1,1,B01
201900040074,2,1,,0,1,7,1,A01
201900040075,1,33,,0,2,1,1,B01
201900040075,1,50,,0,2,4,14,A01
201900040076,2,30,,0,1,1,8,Z01
201900040077,2,32,,1,0,2,14,A01
201900040078,2,32,,0,1,1,17,A01
201900040079,2,7,,0,2,7,1,A01
201900040079,2,2,,0,2,8,15,B01
201900040080,2,2,,0,0,0,21,A01
201900040081,2,2,,0,2,8,1,B01
201900040081,2,7,,0,2,0,9,Z01
201900040082,2,2,,0,1,1,17,A01
201900040083,1,32,,0,1,1,1,A01
201900040084,2,7,,0,2,4,23,B01
201900040084,2,10,,0,2,1,2,A01
201900040085,2,30,,0,2,6,18,A01
201900040085,2,7,,0,2,2,1,B01
201900040086,2,10,,0,2,2,16,A01
201900040086,2,1,,0,2,1,1,B01
201900040087,2,1,,0,0,1,21,A01
201900040088,2,32,,0,2,2,15,A01
201900040088,1,1,,0,2,1,1,B01
201900040089,1,7,,0,2,2,16,A01
201900040089,1,30,,0,2,1,1,B01
201900040090,1,34,,0,2,1,1,A01
201900040090,1,7,,0,2,6,10,B01
201900040091,1,33,,0,2,1,1,A01
201900040091,1,1,,0,2,4,13,B01
201900040092,1,1,,0,1,1,5,Z01
201900040093,1,7,,0,2,4,23,B01
201900040093,1,10,,0,2,1,2,A01
201900040094,2,7,,0,2,8,22,A01
201900040094,2,37,1.0,0,2,2,1,B01
201900040095,1,7,,0,1,7,1,A01
201900040096,1,43,,14,0,1,13,A01
201900040097,2,1,,1,0,8,17,A01
201900040098,1,1,,0,2,1,1,B01
201900040098,1,7,,0,2,3,22,A01
201900040099,2,32,,4,1,1,7,Z01
201900040100,1,30,,0,2,3,7,A01
201900040100,1,7,,0,2,0,7,B01
201900040101,2,30,,0,2,5,5,A01
201900040101,2,10,,0,2,0,23,B01
201900040102,1,7,,0,2,8,4,Z01
201900040102,1,1,,0,2,1,7,A01
201900040103,1,7,,0,1,8,1,A01
201900040104,1,7,,0,1,1,0,A01
201900040105,1,32,,0,2,2,12,A01
201900040105,1,80,,0,2,3,1,B01
201900040106,1,10,,0,1,4,4,A01
201900040107,2,30,,0,0,7,1,A01
201900040108,1,10,,0,1,5,1,A01
201900040109,1,1,,0,2,4,23,B01
201900040109,1,7,,0,2,1,2,A01
201900040110,1,1,,0,1,1,1,A01
201900040111,2,7,,0,2,2,13,A01
201900040111,2,32,,0,2,1,1,B01
201900040112,2,30,,0,1,1,1,A01
201900040113,2,7,,0,2,2,22,B01
201900040113,2,34,,0,2,2,18,A01
201900040114,1,50,,0,0,0,26,A01
201900040115,2,2,,0,2,3,18,A01
201900040115,2,7,,0,2,2,16,B01
201900040116,2,31,,0,2,1,1,A01
201900040116,1,31,,0,2,4,23,B01
201900040117,1,2,,0,2,8,23,B01
201900040117,1,7,,0,2,7,1,A01
201900040118,1,10,,0,1,4,4,A01
201900040119,2,7,,0,2,8,10,B01
201900040119,2,34,,0,2,2,17,A01
201900040120,1,30,,0,2,2,17,A01
201900040120,1,7,,0,2,6,1,B01
201900040121,2,50,,0,2,7,19,A01
201900040121,1,7,,0,2,2,1,Z01
201900040122,2,10,,0,2,4,2,B01
201900040122,2,32,,0,2,1,2,A01
201900040123,2,33,,0,2,1,2,A01
201900040123,2,10,,0,2,5,16,B01
201900040124,2,30,,0,1,2,18,A01
201900040125,1,7,,0,2,1,2,A01
201900040125,1,7,,0,2,4,23,B01
201900040126,1,7,,0,2,2,16,A01
201900040126,1,32,,0,2,3,7,B01
201900040127,1,7,,0,2,3,15,B01
201900040127,1,30,,0,2,1,17,A01
201900040128,2,10,,0,2,1,2,A01
201900040128,2,31,,0,2,4,23,B01
201900040129,1,7,,0,2,3,9,A01
201900040129,2,33,,0,2,1,23,B01
201900040129,2,7,,0,2,8,17,C01
201900040130,3,10,,7,2,4,1,A01
201900040130,3,7,,0,2,1,2,B01
201900040131,2,34,,0,2,8,16,A01
201900040131,2,7,,0,2,0,2,Z01
201900040132,1,7,,0,2,1,9,B01
201900040132,2,30,,0,2,7,5,A01
201900040133,2,7,,0,2,5,16,B01
201900040133,2,33,,0,2,8,1,A01
201900040134,3,10,,0,2,4,23,B01
201900040134,0,43,,0,2,1,1,A01
201900040135,2,34,,14,0,2,18,A01
201900040136,0,33,,0,2,7,15,B01
201900040136,0,30,,0,2,1,15,A01
201900040137,1,7,,0,2,3,22,A01
201900040137,1,1,,0,2,7,1,B01
201900040138,2,30,,0,2,8,1,A01
201900040138,2,10,,0,2,7,16,Z01
201900040139,1,7,,8,0,3,13,A01
201900040140,2,30,,0,1,1,1,Z01
201900040141,1,7,,0,0,3,10,A01
201900040141,1,30,,0,2,1,2,B01
201900040142,1,7,,0,1,2,15,A01
201900040143,1,7,,0,1,6,4,A01
201900040144,1,30,,0,2,3,1,B01
201900040144,1,7,,0,2,7,1,A01
201900040145,1,30,,0,1,2,1,A01
201900040146,2,32,,0,0,8,1,A01
201900040147,2,30,,7,0,2,2,A01
201900040148,1,43,,0,2,7,1,A01
201900040148,1,10,,0,2,3,10,B01
201900040148,2,7,,0,2,3,1,C01
201900040149,1,7,,0,2,1,15,A01
201900040149,2,7,,11,2,6,1,B01
201900040150,2,30,,1,2,7,15,A01
201900040150,1,7,,0,2,1,1,B01
201900040151,1,7,,0,2,5,23,A01
201900040151,1,80,,0,2,1,1,B01
201900040152,1,7,,0,2,8,1,B01
201900040152,2,7,,0,2,1,1,A01
201900040153,1,14,,0,2,7,14,A01
201900040153,1,33,,0,2,3,23,B01
201900040153,1,32,,0,2,8,23,C01
201900040154,1,10,,0,1,2,15,A01
201900040155,2,7,,8,2,7,1,A01
201900040155,1,7,,0,2,1,1,B01
201900040156,2,10,,0,1,5,4,A01
201900040157,2,31,,0,0,7,1,A01
201900040158,1,32,,0,2,8,18,A01
201900040158,1,10,,0,2,1,16,B01
201900040159,1,7,,0,1,3,1,A01
201900040160,1,7,,0,2,2,9,B01
201900040160,2,1,,0,2,1,5,A01
201900040161,1,33,,0,2,3,1,B01
201900040161,1,1,,0,2,5,19,A01
201900040162,1,1,,0,2,1,1,A01
201900040162,2,50,,0,2,0,1,B01
201900040163,2,7,,0,2,3,1,A01
201900040163,2,1,,0,2,1,5,B01
201900040164,2,7,,0,2,2,16,A01
201900040164,2,32,,0,2,3,1,B01
201900040165,2,37,2.0,0,0,0,21,A01
201900040166,1,7,,0,2,3,9,A01
201900040166,1,43,,0,2,5,1,B01
201900040167,2,31,,0,1,2,1,A01
201900040168,1,7,,0,2,1,15,A01
201900040168,2,30,,0,2,3,1,B01
201900040169,1,1,,0,0,3,21,A01
201900040170,1,33,,0,2,7,16,B01
201900040170,1,30,,0,2,8,18,A01
201900040171,1,7,,0,2,5,22,B01
201900040171,1,1,,1,2,5,18,A01
201900040172,2,1,,0,2,2,1,A01
201900040172,2,7,,0,2,3,1,B01
201900040173,1,7,,0,2,2,1,A01
201900040173,1,34,,0,2,6,23,B01
201900040174,1,7,,0,2,3,16,B01
201900040174,2,1,,0,2,2,1,A01
201900040175,1,50,,0,1,8,21,A01
201900040176,1,33,,0,2,1,1,A01
201900040176,1,7,,0,2,6,15,B01
201900040177,2,10,,0,1,1,1,A01
201900040178,1,32,,0,2,8,13,B01
201900040178,0,32,,0,2,8,17,A01
201900040179,1,7,,6,2,7,1,A01
201900040179,1,10,,0,2,1,1,B01
201900040180,1,7,,0,2,5,22,A01
201900040180,1,2,,0,2,8,18,B01
201900040181,1,50,,0,2,1,1,B01
201900040181,1,7,,0,2,2,16,A01
201900040182,3,10,,0,2,7,1,C01
201900040182,3,32,,0,2,1,3,B01
201900040182,3,32,,0,2,1,11,A01
201900040183,3,7,,0,2,1,2,Z01
201900040183,0,7,,0,2,4,23,A01
201900040184,2,7,,0,1,5,4,A01
201900040185,2,7,,0,1,1,1,A01
201900040186,1,7,,0,2,2,10,A01
201900040186,1,43,,0,2,1,1,B01
201900040187,1,1,,0,2,1,1,B01
201900040187,1,7,,0,2,3,15,A01
201900040188,2,30,,0,1,1,1,A01
201900040189,1,3,,0,1,1,1,A01
201900040190,2,31,,0,2,8,1,A01
201900040190,2,7,,0,2,2,0,B01
201900040191,1,7,,0,0,4,24,B01
201900040191,1,13,,1,0,1,23,A01
201900040192,3,30,,0,2,3,5,A01
201900040192,1,32,,0,2,1,1,B01
201900040193,2,10,,4,0,2,16,A01
201900040194,3,3,,0,1,4,20,A01
201900040195,0,7,,0,2,3,1,B01
201900040195,0,7,,0,2,3,13,A01
201900040196,1,7,,0,0,4,2,B01
201900040196,1,33,,0,2,1,2,A01
201900040197,1,7,,0,2,2,26,B01
201900040197,1,3,,0,2,3,26,A01
201900040198,0,3,,0,2,3,1,A01
201900040198,0,33,,0,2,9,15,B01
201900040199,2,7,,0,1,1,0,A01
201900040200,1,34,,0,1,1,1,A01
201900040201,2,32,,0,0,4,2,B01
201900040201,2,7,,0,2,1,26,A01
201900040202,1,10,,12,1,2,2,A01
201900040203,1,3,,0,1,1,1,A01
201900040204,1,7,,9,0,2,14,A01
201900040205,2,32,,0,2,3,17,A01
201900040206,1,32,,0,2,3,1,A01
201900040206,2,7,,0,0,0,0,B01
201900040207,0,3,,0,0,1,14,A01
201900040207,0,32,,0,2,7,1,B01
201900040208,0,15,,0,0,1,12,A01
201900040208,3,7,,0,2,6,1,B01
201900040209,3,7,,9,0,4,26,A01
201900040210,2,7,,5,0,1,14,A01
201900040211,2,7,,0,2,3,1,B01
201900040211,1,21,,0,2,2,19,A01
201900040212,2,7,,0,2,1,1,B01
201900040212,1,7,,0,2,3,13,A01
201900040213,2,1,,0,0,6,15,B01
201900040213,2,10,,0,9,2,17,A01
201900040214,2,31,,0,2,7,17,B01
201900040214,2,7,,0,0,8,10,A01
201900040215,1,7,,0,2,3,1,B01
201900040215,1,7,,0,2,1,5,A01
201900040216,3,7,,0,0,3,15,A01
201900040216,3,33,,8,2,1,17,B01
201900040217,1,33,,0,1,8,1,A01
201900040218,1,7,,0,2,1,17,A01
201900040218,2,7,,0,2,3,15,B01
201900040219,0,7,,0,2,1,13,A01
201900040219,0,7,,0,2,1,1,B01
201900040220,1,33,,0,2,1,1,B01
201900040220,2,7,,0,2,3,1,A01
201900040221,0,7,,0,0,9,2,A01
201900040222,2,7,,0,2,1,1,B01
201900040222,1,33,,0,2,1,13,A01
201900040223,0,7,,8,1,1,20,A01
201900040224,0,7,,0,0,3,1,B01
201900040224,0,7,,0,2,1,13,A01
201900040225,0,7,,6,0,2,15,A01
201900040226,2,32,,1,0,1,1,A01
201900040227,0,2,,16,0,1,0,A01
201900040228,1,33,,13,0,7,1,A01
201900040229,1,7,,8,0,2,14,A01
201900040230,2,7,,0,2,1,13,A01
201900040230,1,7,,0,2,3,1,B01
201900040231,2,7,,0,2,7,19,A01
201900040231,1,33,,0,2,1,1,B01
201900040232,1,1,,0,2,0,1,B01
201900040232,1,7,,0,9,0,1,A01
201900040233,2,7,,8,0,7,1,A01
201900040234,3,7,,0,0,5,1,B01
201900040234,3,7,,0,0,2,15,A01
201900040235,3,1,,0,2,7,16,B01
201900040235,3,7,,0,2,3,9,A01
201900040236,1,7,,1,1,2,1,A01
201900040237,2,7,,0,2,3,13,A01
201900040237,1,10,,0,2,3,1,B01
201900040238,1,31,,0,2,7,1,B01
201900040238,2,7,,0,2,1,15,A01
201900040239,2,7,,13,0,8,13,A01
201900040240,2,7,,13,0,9,14,A01
201900040241,2,1,,0,2,1,15,A01
201900040241,1,7,,0,9,1,1,B01
201900040241,0,1,,0,2,0,9,A01
201900040242,1,33,,0,2,1,17,A01
201900040242,1,7,,0,2,3,15,B01
201900040243,1,31,,6,0,1,0,A01
201900040244,2,7,,0,2,3,13,A01
201900040244,1,7,,0,2,3,1,B01
201900040245,2,1,,0,2,0,2,B01
201900040245,2,7,,0,9,2,2,A01
201900040246,1,33,,0,0,7,2,A01
201900040247,3,7,,8,0,3,0,A01
201900040248,1,7,,0,2,1,21,B01
201900040248,2,7,,0,2,3,19,A01
201900040249,2,7,,0,2,1,11,A01
201900040249,2,2,,0,2,7,2,B01
201900040250,2,33,,3,0,0,1,A01
201900040251,3,2,,0,1,1,1,A01
201900040252,1,7,,0,2,1,1,B01
201900040252,2,7,,0,2,2,15,A01
201900040253,3,1,,0,2,2,16,A01
201900040253,2,7,,0,2,3,1,B01
201900040254,2,33,,0,2,7,1,B01
201900040254,2,33,,0,2,8,17,A01
201900040255,1,31,,0,2,1,1,B01
201900040255,2,33,,0,2,1,17,A01
201900040256,3,7,,0,0,8,2,B01
201900040256,3,1,,0,0,7,1,A01
201900040257,2,7,,2,0,9,15,A01
201900040258,2,33,,0,2,8,1,B01
201900040258,1,7,,0,2,1,15,A01
201900040259,2,7,,0,2,1,1,B01
201900040259,1,7,,0,2,1,0,A01
201900040260,2,7,,0,0,1,1,A01
201900040261,3,33,,13,0,1,0,A01
201900040262,2,33,,0,6,8,21,A01
201900040263,1,1,,0,2,1,2,B01
201900040263,2,7,,0,9,8,9,A01
201900040264,2,7,,6,0,1,1,A01
201900040265,1,2,,0,1,1,1,A01
201900040266,2,1,,0,0,4,1,B01
201900040266,2,7,,0,2,2,17,A01
201900040267,2,1,,0,0,0,0,A01
201900040268,2,7,,16,0,0,1,A01
201900040269,2,33,,0,2,3,1,B01
201900040269,1,7,,0,2,3,15,A01
201900040270,2,33,,0,2,1,1,A01
201900040270,1,7,,0,2,2,2,B01
201900040271,1,7,,0,0,8,1,B01
201900040271,3,33,,0,2,5,0,A01
201900040272,1,15,,1,0,5,1,A01
201900040272,1,7,,1,0,8,0,B01
201900040273,1,33,,0,2,1,1,A01
201900040273,0,7,,0,2,6,15,B01
201900040274,1,7,,6,0,2,0,A01
201900040275,2,20,,16,0,8,0,A01
201900040276,1,7,,0,2,2,13,A01
201900040276,2,7,,0,2,1,1,B01
201900040277,1,7,,0,2,3,1,A01
201900040277,2,7,,0,2,3,17,B01
201900040278,3,31,,14,0,2,1,A01
201900040279,1,33,,0,0,1,1,A01
201900040280,1,30,,0,0,7,1,A01
201900040281,1,33,,13,0,1,1,A01
201900040282,2,10,,0,0,0,13,B01
201900040282,1,7,,2,0,1,1,A01
201900040283,1,1,,0,0,4,1,A01
201900040283,1,2,,0,9,1,1,B01
201900040284,2,7,,0,2,3,1,B01
201900040284,1,7,,0,2,3,1,A01
201900040285,0,2,,12,0,1,17,A01
201900040286,2,7,,0,2,1,15,A01