Num_Acc,senc,catv,occutc,obs,obsm,choc,manv,num_veh
201900040286,1,7,,0,2,1,15,B01
201900040286,1,7,,0,2,1,15,C01
201900040287,1,7,,0,2,3,15,B01
201900040287,2,7,,0,2,1,1,A01
201900040288,1,10,,0,2,2,16,B01
201900040288,1,7,,0,2,1,17,A01
201900040289,1,1,,0,2,1,1,B01
201900040289,1,7,,0,9,2,9,A01
201900040290,2,2,,2,0,1,1,A01
201900040291,2,10,,0,2,6,19,A01
201900040291,1,33,,0,2,1,1,B01
201900040292,1,33,,0,2,1,13,A01
201900040292,2,33,,0,2,3,1,B01
201900040293,2,7,,2,0,3,1,A01
201900040294,1,7,,13,0,2,1,A01
201900040295,2,7,,0,2,4,9,B01
201900040295,2,7,,0,2,1,1,A01
201900040296,2,1,,0,2,1,1,B01
201900040296,1,7,,0,2,2,15,A01
201900040297,0,7,,9,0,3,1,A01
201900040298,2,7,,0,1,3,1,A01
201900040299,1,10,,9,0,1,1,A01
201900040300,2,7,,0,2,8,1,B01
201900040300,1,31,,0,2,8,13,A01
201900040301,1,7,,0,2,2,1,B01
201900040301,1,7,,0,2,3,15,A01
201900040302,2,1,,0,0,0,1,A01
201900040303,2,7,,0,1,1,0,A01
201900040304,2,7,,6,0,1,1,A01
201900040305,2,7,,4,0,1,0,A01
201900040306,1,7,,0,2,1,1,B01
201900040306,2,7,,0,2,2,13,A01
201900040307,1,7,,4,0,2,1,A01
201900040308,1,13,,1,0,1,2,A01
201900040308,1,13,,0,0,5,2,B01
201900040309,0,7,,0,2,1,1,B01
201900040309,0,7,,0,2,3,5,A01
201900040310,0,7,,4,2,2,21,B01
201900040310,0,7,,8,0,6,4,A01
201900040311,1,33,,14,0,1,1,A01
201900040312,3,7,,0,2,7,15,A01
201900040312,3,33,,0,2,1,1,B01
201900040313,1,7,,13,0,1,13,A01
201900040314,2,33,,0,2,1,21,A01
201900040314,3,7,,0,0,6,19,B01
201900040315,1,31,,1,0,1,2,D01
201900040315,1,7,,1,0,2,2,C01
201900040315,1,7,,1,0,2,2,B01
201900040315,1,7,,3,0,2,0,A01
201900040316,2,7,,0,2,1,1,B01
201900040316,2,7,,6,2,4,11,A01
201900040317,1,17,,0,2,6,1,B01
201900040317,1,7,,0,2,2,1,A01
201900040318,1,7,,0,0,9,17,A01
201900040319,2,7,,0,2,8,11,A01
201900040319,2,7,,0,2,2,1,B01
201900040320,2,7,,0,9,2,1,C01
201900040320,2,17,,0,0,6,1,B01
201900040320,2,7,,0,2,2,1,A01
201900040321,1,17,,0,0,6,2,B01
201900040321,1,7,,0,2,2,3,A01
201900040322,1,10,,0,2,2,17,A01
201900040322,2,7,,0,2,1,1,B01
201900040323,3,7,,0,6,1,21,A01
201900040324,0,7,,0,2,1,15,A01
201900040324,0,2,,0,2,0,1,B01
201900040325,2,7,,0,2,1,17,B01
201900040325,2,7,,0,2,3,15,A01
201900040326,1,7,,0,2,1,1,A01
201900040326,1,2,,0,2,4,9,B01
201900040327,1,7,,3,0,1,17,A01
201900040328,2,7,,17,0,3,1,A01
201900040329,3,2,,0,2,1,17,B01
201900040329,3,7,,0,2,6,1,A01
201900040330,1,7,,0,2,3,15,B01
201900040330,0,33,,0,2,1,1,A01
201900040331,2,10,,13,0,1,26,A01
201900040332,2,33,,0,2,3,13,B01
201900040332,1,7,,0,2,3,1,A01
201900040333,1,32,,11,0,9,1,A01
201900040334,1,7,,0,2,1,1,B01
201900040334,1,33,,0,2,1,17,A01
201900040335,3,7,,0,2,3,5,A01
201900040335,3,7,,0,2,8,5,B01
201900040336,2,7,,0,2,1,13,A01
201900040336,1,17,,0,2,3,14,B01
201900040337,1,7,,0,1,2,1,A01
201900040338,2,7,,0,1,1,0,C01
201900040338,2,7,,1,0,6,26,B01
201900040338,2,7,,1,0,1,1,A01
201900040339,1,7,,6,0,1,0,A01
201900040340,2,7,,0,2,1,1,B01
201900040340,1,7,,0,2,1,15,A01
201900040341,3,7,,0,2,3,19,A01
201900040341,3,33,,0,2,1,26,B01
201900040342,2,7,,0,2,1,1,B01
201900040342,1,7,,0,2,1,13,A01
201900040343,2,7,,0,2,1,1,B01
201900040343,1,32,,0,2,1,5,A01
201900040344,2,33,,0,2,1,2,B01
201900040344,2,7,,15,2,1,2,A01
201900040345,3,7,,0,2,2,2,A01
201900040345,3,7,,0,2,6,15,B01
201900040346,3,36,,13,0,1,1,A01
201900040347,1,7,,0,2,3,1,B01
201900040347,2,33,,0,2,8,15,A01
201900040348,0,33,,0,0,0,1,A01
201900040349,2,7,,0,2,1,1,B01
201900040349,1,33,,0,2,1,13,A01
201900040350,2,31,,0,2,1,1,B01
201900040350,1,7,,0,2,5,15,A01
201900040351,3,2,,1,0,1,14,A01
201900040352,2,33,,0,2,8,1,C01
201900040352,1,99,,0,0,4,1,B01
201900040352,1,33,,0,2,2,17,A01
201900040353,1,33,,0,2,1,1,A01
201900040353,2,99,,0,2,5,11,B01
201900040354,0,7,,1,0,1,13,A01
201900040355,1,33,,3,0,1,1,A01
201900040356,1,7,,0,0,3,1,B01
201900040356,2,10,,13,2,3,1,A01
201900040357,1,7,,0,0,6,2,B01
201900040357,1,7,,0,2,2,2,A01
201900040358,1,7,,0,2,1,1,A01
201900040358,2,7,,0,2,2,15,B01
201900040359,1,7,,0,2,1,1,B01
201900040359,1,7,,0,2,1,15,A01
201900040360,2,33,,0,2,6,5,A01
201900040360,1,7,,0,2,8,1,B01
201900040361,3,33,,0,2,1,1,B01
201900040361,3,7,,0,2,1,1,A01
201900040362,2,7,,2,0,8,1,A01
201900040363,3,1,,8,0,1,0,A01
201900040364,1,7,,0,2,1,13,B01
201900040364,2,7,,0,0,3,1,A01
201900040365,3,7,,1,0,2,14,A01
201900040365,3,10,,0,0,6,24,B01
201900040366,2,33,,0,2,1,1,A01
201900040366,2,10,,0,2,6,9,B01
201900040367,1,10,,6,0,1,1,A01
201900040368,1,31,,12,0,1,6,A01
201900040369,3,7,,1,0,1,1,A01
201900040370,1,33,,0,2,1,13,A01
201900040370,2,7,,0,2,3,1,B01
201900040371,1,33,,0,2,5,17,A01
201900040371,1,7,,0,2,6,15,B01
201900040372,2,10,,0,2,1,1,B01
201900040372,1,10,,0,2,1,13,A01
201900040373,1,34,,0,0,0,0,A01
201900040374,2,10,,6,2,4,2,A01
201900040374,2,7,,6,2,1,9,B01
201900040375,2,7,,0,2,4,2,A01
201900040375,2,7,,0,2,1,2,B01
201900040376,1,7,,0,2,1,14,B01
201900040376,1,7,,0,2,5,1,A01
201900040377,1,7,,0,2,4,2,A01
201900040377,1,7,,0,2,4,2,B01
201900040377,1,7,,0,2,1,2,C01
201900040378,2,34,,0,0,2,0,A01
201900040379,2,32,,0,2,1,12,A01
201900040380,1,7,,3,2,1,1,A01
201900040380,1,7,,0,2,6,1,B01
201900040381,1,33,,0,2,3,1,B01
201900040381,1,7,,0,2,2,12,A01
201900040382,1,10,,0,2,3,2,C01
201900040382,1,7,,0,2,1,2,B01
201900040382,1,7,,0,2,4,2,A01
201900040383,1,7,,0,2,4,23,A01
201900040383,2,7,,0,2,4,23,B01
201900040383,1,7,,3,2,4,23,C01
201900040383,1,7,,0,2,1,2,D01
201900040384,2,10,,0,2,4,2,A01
201900040384,2,7,,0,2,1,2,B01
201900040385,1,7,,0,2,8,1,A01
201900040385,1,17,,0,2,2,12,B01
201900040386,2,7,,0,2,7,1,C01
201900040386,2,7,,3,2,4,2,B01
201900040386,2,10,,0,2,1,14,A01
201900040387,2,7,,0,2,4,2,B01
201900040387,2,7,,0,2,1,1,A01
201900040388,1,7,,0,2,1,1,A01
201900040388,1,0,,0,2,4,2,B01
201900040389,1,7,,0,2,2,1,B01
201900040389,1,99,,0,2,6,13,A01
201900040390,1,10,,0,2,4,23,C01
201900040390,1,7,,0,2,4,23,B01
201900040390,1,7,,0,2,1,2,A01
201900040391,1,7,,4,0,8,13,A01
201900040392,2,10,,0,2,5,12,A01
201900040392,2,33,,0,2,3,1,B01
201900040393,2,7,,0,2,5,2,B01
201900040393,2,33,,0,2,1,2,A01
201900040394,1,7,,0,2,7,12,A01
201900040394,1,43,,0,2,1,3,B01
201900040394,1,7,,0,2,7,2,C01
201900040394,1,7,,0,2,7,2,D01
201900040395,2,7,,0,2,9,9,A01
201900040396,2,7,,0,2,1,2,A01
201900040396,2,7,,0,2,4,0,B01
201900040397,2,33,,0,2,2,3,B01
201900040397,2,7,,0,2,8,11,A01
201900040398,1,7,,0,2,7,1,C01
201900040398,1,7,,0,2,5,1,B01
201900040398,1,7,,0,2,1,11,A01
201900040399,1,10,,1,0,1,1,A01
201900040400,1,10,,0,2,1,1,B01
201900040400,1,3,,0,2,7,1,A01
201900040401,2,7,,0,2,4,1,A01
201900040401,2,10,,0,2,1,2,B01
201900040402,2,33,,0,0,7,11,A01
201900040403,2,31,,0,2,1,1,B01
201900040403,2,7,,0,2,3,26,A01
201900040404,1,50,,0,2,7,15,B01
201900040404,2,10,,0,2,3,9,A01
201900040405,3,7,,0,2,4,1,B01
201900040405,3,7,,0,2,1,2,A01
201900040406,1,7,,0,2,1,9,B01
201900040406,1,7,,7,2,8,9,A01
201900040407,1,33,,12,0,1,17,A01
201900040408,1,7,,0,2,2,1,A01
201900040408,1,7,,0,2,1,1,B01
201900040409,1,7,,0,2,2,15,B01
201900040409,1,34,,0,2,1,23,A01
201900040410,1,31,,0,2,2,26,B01
201900040410,2,7,,0,2,5,4,A01
201900040411,1,2,,0,2,8,17,A01
201900040411,1,7,,0,2,3,19,B01
201900040412,3,10,,0,1,1,19,A01
201900040413,0,7,,0,2,3,9,B01
201900040413,0,30,,0,2,1,1,A01
201900040414,3,7,,2,0,1,1,A01
201900040415,3,33,,0,2,2,1,B01
201900040415,3,7,,0,2,2,15,A01
201900040416,3,37,2.0,0,2,8,9,A01
201900040416,3,7,,0,2,1,15,B01
201900040417,3,7,,0,0,7,1,B01
201900040417,3,7,,0,2,1,1,A01
201900040418,2,3,,0,2,4,1,B01
201900040418,2,3,,0,2,1,1,A01
201900040419,1,37,1.0,0,2,2,1,A01
201900040419,0,1,,0,2,3,19,B01
201900040420,2,7,,0,2,1,2,A01
201900040420,2,7,,0,2,4,0,C01
201900040421,1,32,,0,1,1,17,A01
201900040422,2,7,,15,0,1,1,A01
201900040423,0,33,,0,2,1,17,A01
201900040423,0,7,,0,2,3,15,B01
201900040424,2,7,,0,1,1,1,Z01
201900040425,1,7,,0,1,4,26,C01
201900040425,1,7,,0,2,4,1,B01
201900040425,1,7,,14,2,1,1,A01
201900040426,1,7,,0,2,6,15,A01
201900040426,2,2,,0,2,1,1,B01
201900040427,2,7,,0,2,1,1,A01
201900040427,2,7,,0,1,4,23,B01
201900040428,1,34,,0,6,3,1,B01
201900040428,2,60,,0,2,1,15,A01
201900040429,3,1,,0,2,0,0,A01
201900040429,3,7,,0,2,3,26,B01
201900040430,3,1,,0,2,2,0,B01
201900040430,3,3,,0,6,1,9,A01
201900040431,1,10,,0,0,0,0,B01
201900040431,2,32,,0,2,6,17,A01
201900040432,3,7,,0,2,1,1,B01
201900040432,3,1,,0,2,8,1,A01
201900040433,3,33,,0,2,1,1,B01
201900040433,3,7,,0,2,8,10,A01
201900040434,0,7,,0,1,2,16,A01
201900040435,1,7,,0,2,1,2,A01
201900040435,1,7,,0,2,4,1,B01
201900040436,1,50,,0,2,1,1,B01
201900040436,1,7,,0,6,3,16,A01
201900040437,1,7,,0,1,2,1,A01
201900040438,1,7,,14,0,1,19,A01
201900040439,1,33,,0,2,2,21,A01
201900040439,1,7,,0,2,5,20,B01
201900040440,1,7,,0,2,2,1,A01
201900040440,1,7,,0,2,1,0,B01
201900040441,3,7,,6,0,1,20,A01
201900040442,1,7,,0,2,2,15,B01
201900040442,2,33,,0,2,1,18,A01
201900040443,1,30,,0,1,7,1,A01
201900040444,0,7,,0,2,3,11,A01
201900040444,0,32,,0,2,7,1,B01
201900040445,3,1,,1,0,7,0,B01
201900040445,3,7,,0,2,8,22,A01
201900040445,3,1,,0,2,9,0,C01
201900040446,2,7,,14,0,1,0,A01
201900040447,1,7,,0,2,1,0,B01
201900040447,2,7,,13,2,2,13,A01
201900040448,0,7,,13,0,2,14,A01
201900040449,2,7,,8,0,0,0,A01
201900040450,1,7,,13,0,1,1,A01
201900040451,1,7,,0,1,3,1,A01
201900040452,3,1,,0,2,1,9,B01
201900040452,3,7,,0,2,6,1,A01
201900040453,2,7,,3,0,2,23,A01
201900040453,2,7,,1,0,1,1,B01
201900040454,1,7,,0,1,3,1,A01
201900040455,3,60,,0,2,7,19,B01
201900040455,3,7,,0,1,1,1,A01
201900040456,1,33,,0,2,1,1,A01
201900040456,2,7,,0,2,3,17,B01
201900040457,2,7,,3,0,9,1,A01
201900040458,0,7,,0,0,0,0,A01
201900040459,1,7,,3,0,2,17,A01
201900040460,2,2,,13,0,0,1,A01
201900040461,3,33,,0,2,1,17,B01
201900040461,1,7,,0,0,8,19,A01
201900040462,1,7,,0,0,0,1,A01
201900040463,0,2,,0,0,0,1,A01
201900040464,1,7,,1,0,3,2,A01
201900040465,2,7,,0,0,7,15,A01
201900040465,1,2,,0,2,1,1,B01
201900040466,0,7,,0,2,3,2,B01
201900040466,0,7,,6,2,1,2,A01
201900040467,3,7,,0,2,1,13,B01
201900040467,3,7,,0,2,3,1,A01
201900040468,2,7,,0,1,3,1,A01
201900040469,2,7,,8,0,1,13,A01
201900040470,0,7,,15,2,2,13,A01
201900040470,0,7,,0,0,6,14,B01
201900040471,2,33,,0,2,1,26,A01
201900040471,1,14,,0,2,1,1,B01
201900040472,1,7,,0,2,2,2,A01
201900040472,1,7,,0,2,3,10,B01
201900040473,1,7,,0,2,6,1,C01
201900040473,2,7,,0,2,8,1,B01
201900040473,1,7,,0,2,8,17,A01
201900040474,3,33,,0,2,1,13,A01
201900040474,3,7,,0,2,1,14,B01
201900040475,1,2,,0,2,1,1,A01
201900040475,2,7,,0,2,7,1,B01
201900040476,1,2,,0,0,4,1,B01
201900040476,1,7,,0,2,1,1,A01
201900040477,2,7,,2,0,8,1,A01
201900040478,0,7,,2,0,1,0,A01
201900040479,2,7,,0,2,3,19,A01
201900040479,2,2,,0,2,1,1,B01
201900040480,1,7,,0,2,7,9,A01
201900040480,2,7,,0,2,3,1,B01
201900040481,1,7,,0,2,3,1,A01
201900040481,2,7,,0,2,3,1,B01
201900040482,1,7,,0,2,1,19,A01
201900040482,2,7,,0,0,7,1,B01
201900040483,1,7,,0,2,1,1,B01
201900040483,1,1,,0,2,3,0,A01
201900040484,2,7,,0,2,1,13,A01
201900040484,1,7,,0,2,1,1,B01
201900040485,2,7,,17,0,1,13,A01
201900040486,2,33,,0,0,7,1,A01
201900040487,2,1,,0,2,1,13,A01
201900040487,1,15,,0,0,8,1,B01
201900040488,2,7,,15,0,3,1,A01
201900040489,1,7,,0,1,1,1,A01
201900040490,1,10,,0,2,3,1,A01
201900040490,1,7,,0,2,6,13,B01
201900040490,2,7,,0,2,1,1,C01
201900040491,1,7,,13,0,1,1,A01
201900040492,2,2,,7,0,0,5,A01
201900040493,2,10,,0,2,6,1,B01
201900040493,2,33,,0,2,2,1,A01
201900040494,1,2,,0,0,8,1,A01
201900040495,2,33,,0,2,3,1,B01
201900040495,2,7,,0,2,2,15,A01
201900040496,2,7,,0,2,3,13,A01
201900040496,1,7,,0,2,3,1,B01
201900040497,2,7,,2,0,2,14,A01
201900040498,1,2,,0,2,1,15,A01
201900040498,2,7,,0,2,1,1,B01
201900040499,1,7,,0,0,9,1,A01
201900040500,2,7,,0,2,1,1,B01
201900040500,1,7,,8,2,2,1,A01
201900040501,1,7,,0,2,3,26,B01
201900040501,1,7,,0,2,7,15,A01
201900040502,1,7,,0,2,3,1,A01
201900040502,2,7,,0,2,3,1,B01
201900040503,2,7,,0,1,3,1,A01
201900040504,0,7,,16,0,7,1,A01
201900040505,3,7,,8,0,1,1,A01
201900040506,1,7,,0,2,2,1,B01
201900040506,1,7,,0,2,1,19,A01
201900040507,1,7,,0,0,1,17,A01
201900040508,0,7,,6,0,7,1,A01
201900040509,1,7,,0,2,1,13,A01
201900040509,2,7,,0,2,1,1,B01
201900040510,1,7,,8,9,9,1,A01
201900040511,1,10,,0,0,9,4,A01
201900040512,0,33,,0,2,1,1,B01
201900040512,0,21,,0,2,6,15,A01
201900040513,2,7,,0,2,0,1,A01
201900040513,1,7,,0,9,3,1,B01
201900040514,3,7,,0,0,0,1,A01
201900040515,1,7,,5,0,0,0,A01
201900040515,2,7,,0,2,2,21,B01
201900040515,1,7,,0,2,3,21,C01
201900040516,0,7,,3,2,1,1,B01
201900040516,0,7,,0,2,1,0,A01
201900040517,2,7,,0,0,1,13,A01
201900040517,1,7,,0,0,1,1,B01
201900040518,3,7,,2,0,1,5,A01
201900040519,3,7,,0,1,2,1,A01
201900040520,0,7,,6,0,0,1,A01
201900040521,2,33,,2,0,1,13,A01
201900040522,1,2,,15,0,1,1,A01
201900040523,1,2,,0,2,1,1,B01
201900040523,3,7,,0,2,3,9,A01
201900040524,3,7,,13,0,1,14,A01
201900040525,3,7,,13,0,3,15,A01
201900040526,0,7,,13,0,0,1,A01
201900040527,1,7,,0,2,2,15,A01
201900040527,2,2,,0,2,1,1,B01
201900040528,1,7,,0,0,4,0,B01
201900040528,1,33,,0,2,1,0,A01
201900040529,1,7,,0,2,2,1,B01
201900040529,1,7,,0,2,1,19,A01
201900040530,1,10,,2,0,8,0,A01
201900040531,1,7,,0,2,8,1,B01
201900040531,2,1,,0,2,3,1,A01
201900040532,1,7,,0,6,1,21,A01
201900040533,2,7,,8,0,0,19,A01
201900040534,2,7,,0,2,1,15,A01
201900040534,1,1,,0,2,8,1,B01
201900040535,1,7,,4,0,1,1,A01
201900040536,1,32,,13,0,1,13,A01
201900040537,2,7,,0,2,1,14,A01
201900040537,2,15,,0,2,8,1,B01
201900040538,1,7,,0,2,1,13,A01
201900040538,2,7,,0,2,8,1,B01
201900040538,2,7,,0,2,7,0,C01
201900040538,2,7,,3,2,1,0,D01
201900040539,1,7,,14,0,2,1,C01
201900040539,1,7,,14,0,1,1,B01
201900040539,1,7,,3,0,0,1,A01
201900040540,2,7,,0,9,1,1,C01
201900040540,2,15,,0,0,4,1,B01
201900040540,2,7,,0,2,1,2,A01
201900040541,1,7,,0,0,4,2,C01
201900040541,1,7,,0,0,4,2,B01
201900040541,1,7,,0,2,1,2,A01
201900040542,2,7,,0,0,3,5,A01
201900040542,1,7,,0,0,1,2,B01
201900040543,1,7,,0,1,2,2,A01
201900040544,1,7,,3,0,8,0,A01
201900040545,1,7,,4,0,2,0,A01
201900040546,2,7,,3,0,1,1,A01
201900040547,0,7,,13,0,2,1,A01
201900040548,1,2,,13,0,1,2,A01
201900040549,1,7,,6,0,1,1,A01
201900040550,2,7,,0,2,3,17,A01
201900040550,1,7,,0,2,3,1,B01
201900040550,2,7,,0,2,8,1,C01
201900040550,2,7,,0,2,6,1,D01
201900040551,0,7,,0,2,3,13,A01
201900040551,0,7,,0,2,3,1,B01
201900040551,0,7,,0,2,1,2,C01
201900040552,3,2,,0,2,1,1,A01
201900040552,3,7,,0,0,8,1,B01
201900040553,2,33,,12,0,1,1,A01
201900040554,2,7,,0,0,1,1,A01
201900040554,1,7,,0,0,1,1,B01
201900040555,3,7,,0,2,1,1,B01
201900040555,3,7,,0,0,7,19,A01
201900040556,1,33,,7,0,1,0,A01
201900040557,1,7,,0,0,8,9,B01
201900040557,1,7,,0,2,1,9,A01
201900040558,1,33,,13,0,1,1,A01
201900040559,1,1,,0,2,1,9,A01
201900040559,2,7,,0,9,8,9,B01
201900040560,0,7,,0,2,3,9,A01
201900040560,0,33,,0,2,7,1,B01
201900040561,1,7,,0,2,8,1,C01
201900040561,1,7,,0,2,3,1,B01
201900040561,2,7,,0,2,3,1,A01
201900040562,1,33,,4,0,4,1,A01
201900040563,1,33,,0,2,7,1,A01
201900040563,1,7,,0,2,3,9,B01
201900040563,2,7,,0,2,1,5,C01
201900040564,3,7,,0,1,3,2,A01
201900040565,1,10,,0,1,1,1,A01
201900040566,1,7,,13,0,7,1,A01
201900040567,1,7,,0,1,2,1,A01
201900040568,3,7,,0,1,2,1,A01
201900040569,1,7,,13,0,1,1,A01
201900040570,2,33,,0,0,8,14,A01
201900040571,1,7,,0,2,1,1,C01
201900040571,1,7,,0,2,1,2,B01
201900040571,2,10,,0,0,1,13,A01
201900040572,1,7,,0,1,1,1,A01
201900040573,2,7,,0,5,1,1,B01
201900040573,0,10,,0,5,1,1,A01
201900040574,1,7,,0,2,2,1,B01
201900040574,1,7,,0,2,1,1,A01
201900040575,1,2,,0,2,7,1,B01
201900040575,1,7,,0,2,3,9,A01
201900040576,0,31,,0,2,7,17,B01
201900040576,3,7,,7,2,3,15,A01
201900040577,2,10,,8,0,7,1,A01
201900040578,1,7,,2,0,3,1,A01
201900040579,2,7,,13,2,2,15,A01
201900040579,2,7,,0,2,3,9,B01
201900040580,3,7,,0,2,1,1,A01
201900040580,3,7,,0,2,1,1,B01
201900040581,1,10,,0,2,8,19,A01
201900040581,1,10,,0,2,1,1,B01
201900040582,3,2,,0,2,8,1,B01
201900040582,3,7,,0,2,3,1,A01
201900040583,2,7,,5,2,3,1,C01
201900040583,2,7,,0,2,3,1,B01
201900040583,1,7,,0,2,0,13,A01
201900040584,1,7,,0,2,6,23,A01
201900040584,1,7,,1,2,2,17,B01
201900040584,2,7,,0,2,3,1,C01
201900040585,0,7,,0,1,1,1,A01
201900040586,1,7,,0,1,1,1,A01
201900040587,0,1,,0,2,2,2,A01
201900040587,3,7,,0,1,2,2,B01
201900040588,1,7,,0,1,2,1,A01
201900040589,2,7,,0,2,4,2,C01
201900040589,2,7,,0,2,1,2,B01
201900040589,2,7,,0,2,1,2,A01
201900040590,1,7,,2,0,0,1,A01
201900040591,1,7,,0,2,3,1,B01
201900040591,2,7,,0,2,3,1,A01
201900040592,2,7,,0,2,8,10,A01
201900040592,1,7,,0,2,2,1,B01
201900040593,2,7,,0,1,1,1,A01
201900040594,2,7,,13,2,3,13,A01
201900040594,1,7,,0,2,3,1,B01
201900040594,2,7,,0,9,1,1,C01
201900040595,1,7,,0,2,3,1,A01
201900040595,2,7,,0,2,3,1,B01
201900040596,2,1,,0,2,8,13,A01
201900040596,1,7,,0,2,8,1,B01
201900040597,1,7,,13,0,1,13,A01
201900040598,1,1,,0,2,7,1,B01
201900040598,1,7,,0,2,1,9,A01
201900040599,1,2,,0,0,4,2,A01
201900040599,1,7,,0,2,2,2,B01
201900040600,3,7,,13,0,7,0,A01
201900040600,3,7,,13,2,1,0,B01
201900040601,2,33,,0,2,1,21,B01
201900040601,1,7,,0,2,8,15,A01
201900040602,1,10,,0,0,4,1,B01
201900040602,1,7,,0,2,1,1,A01
201900040603,2,2,,0,6,1,1,A01
201900040604,1,7,,0,2,8,1,A01
201900040604,2,7,,0,2,8,1,B01
201900040605,1,7,,0,0,4,1,B01
201900040605,1,1,,0,2,1,2,A01
201900040606,2,10,,0,2,2,17,B01
201900040606,2,1,,0,0,6,1,A01
201900040607,1,7,,0,2,2,1,B01
201900040607,2,7,,0,2,2,15,A01
201900040608,2,7,,0,2,1,13,A01
201900040608,1,7,,0,2,2,1,B01
201900040609,2,7,,0,2,1,21,B01
201900040609,1,7,,0,2,1,13,A01
201900040610,1,7,,2,0,1,1,A01
201900040611,2,7,,0,1,2,1,A01
201900040612,1,7,,4,0,9,13,A01
201900040613,2,7,,0,1,8,2,A01
201900040614,2,7,,3,2,4,2,A01
201900040614,2,7,,3,2,4,2,B01
201900040614,2,7,,3,2,1,2,C01
201900040615,1,34,,0,0,2,1,A01
201900040616,2,17,,0,2,1,2,A01
201900040616,2,7,,0,2,4,2,B01
201900040616,2,10,,0,2,4,23,D01
201900040616,2,7,,0,2,4,2,Z01
201900040616,2,7,,0,2,4,23,E01
201900040617,2,10,,0,2,3,2,A01
201900040617,2,10,,0,2,2,2,B01
201900040618,1,7,,6,0,3,1,A01
201900040619,1,7,,0,2,4,26,A01
201900040619,1,7,,0,2,1,26,B01
201900040619,1,7,,0,2,1,26,C01
201900040619,1,7,,0,2,1,26,D01
201900040620,2,7,,0,2,5,23,A01
201900040620,2,7,,0,2,3,21,B01
201900040621,1,7,,0,2,1,1,B01
201900040621,1,7,,0,2,4,1,A01
201900040622,2,7,,0,2,5,12,A01
201900040622,2,33,,0,2,3,1,B01
201900040623,1,7,,0,2,8,2,B01
201900040623,1,15,,0,2,2,2,A01
201900040624,2,7,,0,2,2,21,A01
201900040624,2,7,,0,2,6,1,B01
201900040624,2,7,,0,2,4,2,C01
201900040625,1,7,,0,2,2,26,B01
201900040625,1,7,,0,2,5,1,A01
201900040626,2,7,,0,2,1,2,A01
201900040626,2,7,,0,2,4,2,B01
201900040627,1,7,,0,2,0,0,A01
201900040627,1,31,,0,2,0,0,B01
201900040628,1,7,,3,0,3,1,A01
201900040629,2,10,,0,2,1,1,A01
201900040629,2,7,,0,2,6,2,B01
201900040629,2,7,,3,0,8,21,C01
201900040630,1,33,,16,0,6,26,A01
201900040631,1,7,,0,2,0,0,A01
201900040631,1,7,,8,2,0,2,B01
201900040632,2,7,,0,2,1,2,A01
201900040632,2,7,,0,2,4,2,C01
201900040632,2,7,,0,2,4,2,E01
201900040632,2,7,,0,2,4,2,F01
201900040632,2,7,,0,2,4,2,D01
201900040632,2,7,,0,2,4,2,B01
201900040633,1,33,,16,0,3,3,A01
201900040634,2,7,,0,2,4,2,B01
201900040634,2,7,,0,2,4,2,C01
201900040634,2,7,,0,2,1,2,A01
201900040635,1,14,,0,2,2,12,A01
201900040635,1,7,,0,2,8,1,B01
201900040636,2,33,,16,0,8,3,A01
201900040637,2,7,,0,2,1,2,A01
201900040637,2,7,,0,2,4,2,C01
201900040637,2,7,,0,2,4,2,D01
201900040637,2,7,,0,2,4,2,B01
201900040638,2,7,,4,0,3,26,A01
201900040639,1,10,,0,2,2,12,A01
201900040639,1,33,,0,2,8,1,B01
201900040640,2,7,,0,2,4,1,B01
201900040640,2,7,,0,2,1,1,A01
201900040641,2,7,,0,2,4,2,B01
201900040641,2,7,,0,2,4,2,C01
201900040641,2,15,,0,2,1,2,A01
201900040642,2,32,,0,2,7,3,B01
201900040642,2,7,,0,2,6,11,A01
201900040643,2,10,,4,0,1,0,A01
201900040644,1,14,,0,2,1,1,B01
201900040644,1,7,,0,2,4,1,A01
201900040645,2,7,,3,0,3,15,A01
201900040646,2,7,,0,6,4,23,A01
201900040646,2,7,,0,2,1,2,C01
201900040646,2,7,,0,2,3,21,E01
201900040646,2,7,,0,2,1,2,D01
201900040646,2,7,,0,2,1,2,B01
201900040647,1,7,,3,0,3,0,A01
201900040648,2,7,,0,2,2,1,B01
201900040648,2,7,,0,2,4,2,A01
201900040649,2,7,,4,0,8,13,A01
201900040650,2,7,,0,2,4,2,B01
201900040650,2,7,,0,2,1,2,A01
201900040651,1,15,,0,2,3,0,A01
201900040651,1,7,,0,2,5,0,B01
201900040652,2,7,,0,2,1,2,A01
201900040652,2,7,,0,2,4,2,C01
201900040652,2,7,,0,2,4,2,B01
201900040653,1,7,,0,0,4,26,C01
201900040653,1,7,,0,0,1,26,A01
201900040653,1,7,,0,0,4,26,B01
201900040654,1,7,,0,2,1,9,A01
201900040654,1,7,,0,2,4,9,B01
201900040655,2,7,,3,0,3,1,A01
201900040656,1,7,,3,0,3,16,A01
201900040657,0,7,,0,2,2,16,B01
201900040657,0,1,,0,2,5,1,A01
201900040658,1,37,2.0,0,2,8,24,C01
201900040658,2,7,,0,2,1,1,B01
201900040658,1,7,,0,2,1,17,A01
201900040659,1,2,,0,2,7,17,B01
201900040659,1,7,,0,2,8,1,A01
201900040660,2,7,,0,1,1,15,A01
201900040661,2,7,,4,0,1,0,A01