Num_Acc,senc,catv,occutc,obs,obsm,choc,manv,num_veh
201900040662,1,14,,1,0,2,21,B01
201900040662,1,7,,0,2,6,0,A01
201900040663,1,7,,0,2,4,0,B01
201900040663,1,7,,0,2,1,1,A01
201900040664,3,7,,0,2,2,26,B01
201900040664,3,7,,0,2,1,26,A01
201900040665,2,2,,0,2,1,1,B01
201900040665,1,7,,1,2,2,1,A01
201900040666,1,33,,12,0,8,1,A01
201900040667,1,7,,0,2,3,13,A01
201900040667,1,7,,0,2,3,23,B01
201900040668,3,7,,8,0,1,16,A01
201900040669,1,7,,0,2,1,2,A01
201900040669,1,7,,0,2,4,2,C01
201900040669,1,7,,0,2,1,2,B01
201900040670,2,10,,0,1,2,1,A01
201900040671,1,7,,0,2,4,26,B01
201900040671,1,7,,0,2,1,0,A01
201900040672,2,7,,0,2,1,2,A01
201900040672,2,7,,0,2,3,2,B01
201900040673,1,7,,12,2,5,1,B01
201900040673,1,7,,12,2,3,1,A01
201900040674,3,7,,0,2,1,16,A01
201900040674,3,7,,0,2,7,2,B01
201900040674,3,7,,0,2,8,2,C01
201900040675,3,33,,0,2,1,17,A01
201900040675,3,7,,0,2,3,15,B01
201900040676,2,7,,0,2,6,1,B01
201900040676,1,7,,0,2,3,5,A01
201900040677,2,7,,0,1,7,1,A01
201900040678,1,7,,0,2,1,2,A01
201900040678,1,7,,0,2,4,2,B01
201900040679,3,7,,16,0,1,1,A01
201900040680,2,7,,0,2,7,13,A01
201900040680,1,7,,0,2,1,1,B01
201900040681,3,10,,0,1,3,1,A01
201900040682,1,33,,1,0,1,1,A01
201900040683,1,7,,0,2,7,12,A01
201900040683,1,32,,0,2,8,1,B01
201900040684,3,7,,4,1,5,23,A01
201900040685,3,7,,0,2,1,1,BC01
201900040685,3,7,,0,2,5,1,B01
201900040685,0,7,,0,2,0,1,A01
201900040686,0,7,,0,2,2,15,A01
201900040686,0,7,,0,2,3,1,B01
201900040687,2,30,,0,2,3,26,A01
201900040687,1,0,,0,2,0,1,Z01
201900040688,1,7,,0,1,1,1,A01
201900040689,1,7,,0,1,2,1,A01
201900040690,1,7,,0,2,2,15,A01
201900040690,2,80,,0,2,1,1,B01
201900040691,2,13,,0,2,3,21,B01
201900040691,1,30,,0,2,1,13,A01
201900040692,2,2,,0,2,1,17,A01
201900040692,2,7,,0,2,3,15,B01
201900040693,1,7,,0,0,4,0,C01
201900040693,1,7,,0,2,1,0,B01
201900040693,1,7,,0,2,1,26,A01
201900040694,1,7,,15,1,1,26,A01
201900040695,1,7,,0,2,7,15,A01
201900040695,2,33,,0,2,1,1,B01
201900040696,1,2,,0,2,6,1,B01
201900040696,1,7,,0,2,2,12,A01
201900040697,1,7,,0,2,6,1,B01
201900040697,1,15,,0,2,2,12,A01
201900040698,1,10,,0,1,7,1,A01
201900040699,1,7,,0,0,0,1,B01
201900040699,1,13,,0,0,0,1,A01
201900040700,1,7,,8,0,1,14,A01
201900040701,1,7,,0,1,2,1,A01
201900040702,2,7,,0,1,1,1,Z01
201900040703,1,10,,0,1,1,1,A01
201900040704,0,7,,0,2,4,23,B01
201900040704,0,7,,0,2,1,2,A01
201900040705,3,7,,0,1,1,1,Z01
201900040706,3,7,,0,2,4,2,B01
201900040706,3,7,,0,2,4,2,C01
201900040706,3,7,,0,2,1,2,A01
201900040707,1,1,,0,2,1,9,A01
201900040707,1,37,1.0,0,2,2,1,B01
201900040708,1,1,,0,2,4,19,B01
201900040708,1,32,,0,2,1,1,A01
201900040709,3,1,,0,2,7,1,B01
201900040709,3,7,,0,2,1,9,A01
201900040710,1,7,,1,0,1,14,A01
201900040711,3,30,,0,2,0,13,B01
201900040711,3,7,,0,2,6,16,A01
201900040712,1,10,,0,2,1,1,A01
201900040712,1,31,,0,0,4,23,B01
201900040713,0,31,,0,2,4,1,A01
201900040713,0,7,,0,0,0,1,B01
201900040714,1,7,,0,1,1,1,A01
201900040715,1,10,,0,2,1,1,A01
201900040715,1,33,,0,2,4,15,B01
201900040716,1,80,,0,2,1,19,B01
201900040716,1,10,,0,2,2,1,A01
201900040717,3,7,,0,1,2,16,A01
201900040718,1,10,,0,2,2,15,A01
201900040718,2,1,,0,2,1,1,B01
201900040719,1,7,,6,0,1,9,A01
201900040720,3,7,,0,1,1,15,A01
201900040721,1,7,,0,2,7,15,A01
201900040721,2,7,,0,2,1,1,B01
201900040722,2,7,,0,1,2,21,A01
201900040723,1,7,,0,1,3,1,Z01
201900040724,1,2,,0,0,0,1,A01
201900040725,3,7,,0,1,3,1,A01
201900040726,1,7,,0,2,5,15,A01
201900040726,3,33,,0,2,1,21,B01
201900040727,1,7,,0,2,2,15,A01
201900040727,2,30,,0,2,1,1,B01
201900040728,3,2,,0,2,8,0,B01
201900040728,3,7,,0,2,2,0,A01
201900040729,2,34,,0,1,2,1,A01
201900040730,2,7,,0,2,3,2,C01
201900040730,2,7,,0,2,1,19,A01
201900040730,1,2,,0,2,2,1,B01
201900040731,2,33,,0,2,1,2,A01
201900040731,2,33,,0,2,4,23,B01
201900040732,2,7,,0,2,1,1,B01
201900040732,2,7,,0,2,6,10,A01
201900040733,2,1,,0,1,3,25,A01
201900040734,2,33,,0,1,3,5,Z01
201900040735,1,10,,0,2,1,1,Z01
201900040735,1,7,,0,2,8,10,A01
201900040736,1,1,,0,1,1,1,A01
201900040737,1,10,,0,1,4,20,A01
201900040738,2,10,,0,1,1,1,A01
201900040739,1,7,,0,2,8,22,A01
201900040739,1,1,,0,2,1,1,B01
201900040740,2,10,,0,1,1,1,A01
201900040741,1,7,,0,1,5,20,A01
201900040742,2,10,,0,2,2,16,B01
201900040742,2,2,,0,2,3,18,A01
201900040743,1,7,,0,2,5,23,B01
201900040743,1,30,,0,2,1,3,A01
201900040744,2,33,,0,2,1,1,B01
201900040744,1,7,,0,2,5,15,A01
201900040745,1,33,,0,2,1,17,B01
201900040745,1,7,,0,2,3,9,A01
201900040746,2,32,,0,2,7,17,B01
201900040746,2,33,,0,2,8,15,A01
201900040747,2,80,,0,2,1,5,B01
201900040747,1,7,,0,2,3,1,A01
201900040748,2,7,,0,2,7,23,B01
201900040748,2,30,,0,1,8,18,A01
201900040749,1,7,,0,2,5,16,A01
201900040749,1,32,,0,2,1,7,B01
201900040750,2,7,,0,1,1,1,A01
201900040751,0,10,,0,2,6,1,B01
201900040751,2,10,,0,2,2,21,A01
201900040752,1,7,,0,2,3,15,A01
201900040752,2,32,,0,2,3,1,B01
201900040753,3,7,,0,2,5,2,C01
201900040753,3,15,,0,2,2,1,B01
201900040753,3,7,,9,2,1,6,A01
201900040754,3,10,,0,0,0,1,A01
201900040755,3,7,,0,2,4,1,A01
201900040755,3,7,,0,2,1,1,B01
201900040756,3,7,,0,2,2,0,B01
201900040756,3,32,,0,2,1,15,A01
201900040757,1,7,,0,0,0,15,B01
201900040757,2,33,,0,0,7,21,A01
201900040758,0,10,,0,2,3,0,B01
201900040758,0,10,,0,2,7,1,A01
201900040759,2,7,,0,2,8,10,A01
201900040759,2,2,,0,2,1,2,B01
201900040760,2,7,,0,0,3,15,A01
201900040760,1,32,,0,0,3,23,B01
201900040761,3,7,,0,2,1,1,A01
201900040761,3,7,,0,2,4,2,B01
201900040762,3,7,,0,2,1,1,A01
201900040762,1,7,,0,2,7,2,B01
201900040763,3,1,,14,0,1,26,A01
201900040764,1,32,,0,2,1,1,B01
201900040764,2,7,,0,2,3,15,A01
201900040765,1,7,,0,1,3,1,A01
201900040766,2,7,,0,2,5,15,A01
201900040766,1,33,,0,2,1,1,B01
201900040767,2,7,,0,2,5,12,B01
201900040767,2,43,,0,2,1,3,A01
201900040768,1,7,,0,2,6,2,B01
201900040768,1,42,,0,2,1,2,A01
201900040769,1,33,,0,2,1,3,A01
201900040769,1,33,,0,2,4,3,B01
201900040769,1,32,,0,2,4,1,C01
201900040769,1,7,,0,2,6,1,D01
201900040770,1,7,,0,2,2,2,A01
201900040770,1,1,,0,2,4,2,B01
201900040771,1,34,,0,2,3,1,B01
201900040771,1,7,,1,2,2,1,A01
201900040772,2,37,1.0,0,1,2,7,A01
201900040773,1,30,,0,1,0,21,A01
201900040774,2,33,,0,1,8,1,A01
201900040775,1,10,,0,1,4,4,A01
201900040776,1,50,,0,2,3,1,A01
201900040776,0,7,,0,2,3,15,Z01
201900040777,1,32,,0,2,1,1,A01
201900040777,1,10,,0,2,6,1,B01
201900040778,1,31,,0,1,1,1,A01
201900040779,1,7,,0,2,6,23,B01
201900040779,1,7,,0,2,2,2,A01
201900040780,2,7,,0,1,3,1,A01
201900040781,1,7,,0,2,2,9,A01
201900040781,1,30,,0,2,2,1,B01
201900040782,1,1,,9,0,1,1,A01
201900040783,1,1,,0,1,1,1,A01
201900040784,2,7,,0,2,4,15,B01
201900040784,2,30,,0,2,1,18,A01
201900040785,1,7,,14,0,1,14,A01
201900040786,1,7,,0,1,1,8,A01
201900040787,2,32,,0,2,1,2,A01
201900040787,2,7,,0,2,5,23,B01
201900040788,1,80,,0,2,3,13,B01
201900040788,1,43,,0,2,2,1,A01
201900040789,1,7,,0,2,5,23,B01
201900040789,1,1,,0,2,1,18,A01
201900040790,1,7,,0,2,2,15,B01
201900040790,1,30,,0,2,8,1,A01
201900040791,1,7,,0,1,1,1,A01
201900040792,3,7,,0,0,6,1,A01
201900040793,1,1,,0,0,4,1,B01
201900040793,1,30,,0,1,4,17,A01
201900040794,2,10,,0,1,3,1,A01
201900040795,2,10,,0,2,2,1,A01
201900040795,1,10,,0,2,5,15,B01
201900040796,3,34,,0,2,1,1,B01
201900040796,0,7,,0,2,2,15,A01
201900040797,1,30,,0,1,1,2,A01
201900040798,2,7,,0,1,3,1,A01
201900040799,1,7,,0,2,3,1,A01
201900040799,1,32,,0,2,1,1,B01
201900040800,1,7,,1,1,1,1,A01
201900040800,2,7,,0,2,2,0,B01
201900040801,3,30,,0,1,1,1,A01
201900040802,3,7,,12,0,3,15,A01
201900040803,3,7,,8,0,1,26,A01
201900040804,3,7,,0,2,8,1,B01
201900040804,3,7,,0,2,1,1,A01
201900040805,0,30,,14,0,1,1,B01
201900040805,3,10,,0,2,4,23,A01
201900040806,1,7,,0,0,1,1,A01
201900040807,1,30,,0,2,1,1,A01
201900040807,1,7,,0,2,4,20,B01
201900040808,2,2,,0,0,0,16,A01
201900040809,1,7,,0,2,2,1,C01
201900040809,1,7,,0,2,2,15,B01
201900040809,2,33,,0,2,1,1,A01
201900040810,1,7,,0,2,2,13,A01
201900040810,1,15,,0,2,2,21,B01
201900040810,2,7,,0,2,7,21,C01
201900040811,2,7,,3,0,9,1,A01
201900040812,2,32,,0,0,8,1,A01
201900040813,1,7,,0,1,1,1,A01
201900040814,3,7,,0,0,8,1,A01
201900040815,1,7,,13,0,2,1,A01
201900040816,1,7,,0,1,3,1,A01
201900040817,2,7,,13,0,9,0,A01
201900040818,3,7,,0,2,3,9,A01
201900040818,1,10,,0,2,1,1,B01
201900040819,1,7,,0,2,1,1,A01
201900040819,2,7,,0,2,1,1,B01
201900040820,1,7,,2,0,0,18,A01
201900040821,2,7,,13,2,3,1,B01
201900040821,1,7,,0,2,3,13,A01
201900040822,2,7,,0,1,3,1,A01
201900040823,1,1,,0,4,6,26,B01
201900040823,3,39,,0,2,3,1,A01
201900040824,1,7,,0,1,2,1,A01
201900040825,2,7,,8,0,1,1,A01
201900040826,3,36,,0,0,3,16,A01
201900040827,1,2,,0,2,1,26,B01
201900040827,1,7,,0,2,3,10,A01
201900040828,2,17,,3,0,9,1,A01
201900040829,2,2,,0,9,1,1,A01
201900040830,0,33,,16,0,3,1,A01
201900040831,1,7,,0,0,2,5,A01
201900040831,2,7,,0,0,2,1,B01
201900040832,1,7,,0,2,3,13,B01
201900040832,2,10,,0,2,3,1,A01
201900040833,1,10,,9,0,7,2,A01
201900040834,2,7,,0,2,1,2,A01
201900040834,2,13,,0,0,4,2,B01
201900040835,1,2,,0,0,7,14,A01
201900040836,2,17,,0,2,1,1,A01
201900040836,2,17,,0,0,4,1,B01
201900040837,0,7,,0,0,3,15,A01
201900040837,2,2,,0,2,1,2,B01
201900040838,2,10,,0,2,1,12,A01
201900040838,2,7,,0,2,4,2,B01
201900040839,3,7,,0,1,2,9,A01
201900040840,1,13,,0,2,3,1,B01
201900040840,2,7,,0,2,1,13,A01
201900040841,3,7,,0,2,5,1,A01
201900040841,2,10,,0,2,2,1,B01
201900040842,3,7,,6,2,2,23,B01
201900040842,2,7,,12,2,3,13,A01
201900040843,1,7,,0,9,2,17,A01
201900040843,1,1,,0,0,8,1,B01
201900040844,1,7,,0,1,7,1,A01
201900040845,1,7,,0,1,2,2,A01
201900040846,1,33,,0,0,0,21,A01
201900040847,0,7,,2,0,2,1,A01
201900040848,3,1,,0,0,1,1,A01
201900040849,3,7,,0,2,3,13,A01
201900040849,3,7,,0,2,3,1,B01
201900040850,0,2,,0,2,1,0,B01
201900040850,3,7,,13,2,2,0,A01
201900040851,2,15,,0,2,3,1,A01
201900040851,1,7,,0,2,3,13,B01
201900040852,2,7,,4,0,3,1,A01
201900040853,1,7,,0,2,2,1,A01
201900040853,1,7,,0,2,1,1,B01
201900040854,2,10,,0,2,4,2,B01
201900040854,2,7,,0,2,1,2,A01
201900040855,1,7,,0,2,4,23,A01
201900040855,1,32,,0,2,1,1,B01
201900040856,1,17,,0,2,7,1,B01
201900040856,1,31,,0,2,8,9,A01
201900040857,1,14,,0,2,7,0,Z01
201900040857,1,7,,0,2,3,9,A01
201900040858,2,7,,4,0,7,1,A01
201900040859,1,7,,0,2,4,1,A01
201900040859,1,7,,0,2,1,1,B01
201900040859,1,7,,0,1,8,1,C01
201900040859,1,31,,0,2,0,3,D01
201900040859,1,7,,0,6,0,0,E01
201900040860,2,7,,0,2,2,12,A01
201900040860,2,33,,0,2,8,2,B01
201900040861,1,7,,0,2,6,0,B01
201900040861,1,34,,0,2,7,0,A01
201900040862,2,7,,0,2,6,1,C01
201900040862,2,34,,0,2,3,3,B01
201900040862,2,7,,0,2,2,12,A01
201900040863,1,7,,4,0,1,13,A01
201900040864,1,7,,0,2,4,2,B01
201900040864,1,15,,0,2,1,2,A01
201900040865,2,7,,4,0,1,1,A01
201900040866,1,7,,0,2,1,1,A01
201900040866,1,10,,0,2,4,1,B01
201900040866,1,7,,0,2,2,13,C01
201900040867,3,7,,0,1,8,1,A01
201900040868,2,7,,0,1,1,1,A01
201900040869,1,7,,0,2,7,17,B01
201900040869,1,7,,0,2,1,15,A01
201900040870,1,7,,0,2,8,20,B01
201900040870,1,1,,0,2,1,2,A01
201900040871,1,7,,0,1,0,15,A01
201900040872,2,7,,0,2,1,1,A01
201900040872,1,7,,0,2,3,15,B01
201900040873,1,7,,7,0,1,14,A01
201900040874,3,10,,0,2,2,13,B01
201900040874,1,7,,0,2,2,1,A01
201900040875,1,99,,0,2,1,1,B01
201900040875,1,7,,0,2,0,0,A01
201900040876,1,7,,0,2,1,15,A01
201900040876,2,33,,0,2,8,1,B01
201900040877,2,30,,0,0,0,21,A01
201900040878,1,1,,1,0,1,1,B01
201900040879,1,7,,0,2,7,11,B01
201900040879,1,7,,0,2,3,15,A01
201900040880,3,7,,0,1,1,1,A01
201900040881,1,7,,0,1,5,20,A01
201900040882,3,7,,0,2,8,13,A01
201900040882,3,2,,0,2,2,17,B01
201900040883,1,7,,0,2,5,16,B01
201900040883,2,33,,0,2,1,7,A01
201900040884,3,7,,0,2,4,15,C01
201900040884,3,7,,0,2,4,2,B01
201900040884,3,7,,0,2,1,9,A01
201900040885,2,30,,0,0,7,1,A01
201900040886,1,7,,0,2,7,0,A01
201900040886,1,32,,0,2,2,0,B01
201900040887,2,0,,0,1,3,1,A01
201900040888,1,2,,0,2,1,1,B01
201900040888,2,7,,0,2,1,15,A01
201900040889,1,7,,0,1,2,1,Z01
201900040890,0,0,,0,-1,-1,-1,A01
201900040890,1,1,,0,2,1,9,A01
201900040890,1,7,,0,2,2,1,B01
201900040891,0,7,,0,2,1,1,A01
201900040891,0,7,,0,2,4,1,B01
201900040892,0,10,,0,1,4,20,A01
201900040893,0,7,,0,2,2,1,B01
201900040893,0,7,,0,2,1,20,A01
201900040894,0,2,,0,2,1,1,B01
201900040894,0,7,,0,2,2,15,A01
201900040895,1,33,,0,2,1,1,B01
201900040895,2,7,,0,2,8,15,A01
201900040896,2,7,,0,2,2,15,A01
201900040896,1,33,,0,2,1,1,B01
201900040897,3,7,,1,1,8,1,A01
201900040898,2,7,,0,2,3,13,A01
201900040898,2,7,,0,2,2,1,B01
201900040899,0,7,,0,2,3,15,A01
201900040899,0,7,,0,2,3,1,B01
201900040900,0,32,,0,0,0,1,A01
201900040901,2,7,,0,2,4,23,B01
201900040901,2,10,,0,2,1,2,A01
201900040902,2,80,,0,2,1,1,B01
201900040902,2,7,,0,2,3,9,A01
201900040903,1,33,,0,2,1,17,A01
201900040903,2,7,,0,2,3,15,B01
201900040903,1,7,,0,0,0,23,C01
201900040904,2,80,,0,1,1,1,A01
201900040905,0,14,,0,2,0,0,A01
201900040905,1,1,,0,2,0,0,B01
201900040906,1,30,,0,5,8,14,A01
201900040907,1,7,,0,1,2,1,A01
201900040908,1,7,,0,2,1,13,A01
201900040908,2,7,,0,2,3,1,B01
201900040909,1,7,,0,0,9,14,A01
201900040910,1,7,,0,1,8,2,A01
201900040911,2,7,,1,0,1,19,A01
201900040912,2,30,,14,0,8,1,A01
201900040912,2,7,,0,0,0,0,B01
201900040913,2,7,,0,0,9,1,A01
201900040914,2,80,,0,2,1,1,B01
201900040914,1,7,,0,6,3,9,A01
201900040915,0,7,,0,6,0,22,A01
201900040916,1,7,,0,2,4,26,B01
201900040916,1,33,,0,2,1,1,A01
201900040917,3,10,,0,1,1,1,A01
201900040918,1,33,,2,0,1,1,A01
201900040919,1,7,,0,2,1,1,A01
201900040919,1,10,,0,2,4,1,B01
201900040919,1,7,,0,2,1,1,C01
201900040919,1,10,,0,2,4,1,D01
201900040920,1,7,,0,2,3,11,B01
201900040920,1,40,,0,2,2,11,A01
201900040921,1,7,,0,1,0,26,A01
201900040922,1,33,,0,2,2,17,A01
201900040922,1,7,,0,2,3,10,B01
201900040923,1,7,,0,2,1,1,A01
201900040923,1,33,,0,2,4,23,B01
201900040924,1,7,,0,2,0,0,B01
201900040924,1,7,,0,2,3,26,A01
201900040925,2,10,,0,1,1,1,A01
201900040926,1,7,,0,0,2,26,A01
201900040927,2,30,,0,2,1,1,B01
201900040927,1,7,,0,2,3,1,A01
201900040928,1,7,,3,0,1,1,A01
201900040929,1,0,,2,0,1,1,A01
201900040930,0,40,,0,2,1,0,B01
201900040930,0,7,,0,4,1,19,A01
201900040931,1,7,,0,1,1,16,A01
201900040932,2,30,,0,2,1,13,A01
201900040932,2,7,,0,2,3,1,B01
201900040933,1,7,,0,1,2,1,A01
201900040934,0,7,,0,6,2,15,A01
201900040934,2,33,,0,2,1,1,B01
201900040935,1,7,,0,2,4,2,C01
201900040935,1,7,,0,2,1,2,B01
201900040935,1,7,,0,2,1,2,A01
201900040936,3,7,,0,2,1,16,A01
201900040936,3,1,,0,2,1,26,B01
201900040937,1,7,,12,2,5,1,B01
201900040937,3,7,,0,2,1,9,A01
201900040938,1,30,,11,0,1,1,A01
201900040939,3,7,,0,1,3,1,A01
201900040940,1,31,,0,0,3,1,A01
201900040941,2,7,,0,2,4,2,C01
201900040941,2,7,,0,2,4,2,B01
201900040941,2,7,,0,2,1,2,A01
201900040942,0,7,,0,2,4,16,A01
201900040942,3,14,,0,2,1,1,B01
201900040943,1,7,,0,1,3,15,A01
201900040944,2,7,,0,2,3,0,A01
201900040944,2,32,,0,2,1,0,B01
201900040945,3,3,,1,0,2,1,A01
201900040946,1,7,,0,2,4,15,A01
201900040946,1,30,,0,2,1,17,B01
201900040947,0,31,,0,2,1,2,B01
201900040947,3,10,,0,2,3,26,A01
201900040948,0,7,,0,2,3,21,B01
201900040948,0,32,,0,0,0,0,A01
201900040949,1,7,,2,0,1,13,A01
201900040950,3,7,,0,6,2,9,A01
201900040950,1,1,,0,2,8,9,B01
201900040951,3,7,,0,2,1,1,B01
201900040951,3,7,,0,2,3,16,A01
201900040952,2,7,,0,2,3,15,B01
201900040952,1,30,,0,2,3,15,A01
201900040953,2,33,,0,2,1,2,B01
201900040953,1,10,,0,2,7,9,A01
201900040954,1,7,,0,2,1,2,B01
201900040954,2,7,,0,2,5,1,A01
201900040955,2,32,,0,6,8,1,B01
201900040955,2,7,,0,6,7,16,A01
201900040956,0,10,,0,0,0,0,B01
201900040956,0,10,,1,0,1,26,A01
201900040957,0,7,,8,2,2,16,A01
201900040958,1,1,,0,2,4,1,B01
201900040959,1,15,,0,2,1,1,A01
201900040959,1,3,,0,2,6,9,B01
201900040960,1,10,,0,2,1,26,A01
201900040960,3,10,,0,2,6,9,B01
201900040961,1,20,,0,2,2,1,B01
201900040961,2,20,,0,2,1,1,A01
201900040962,2,20,,0,2,4,1,A01
201900040962,2,20,,0,2,1,0,B01
201900040963,1,7,,0,2,8,15,A01
201900040963,1,34,,0,2,1,17,B01
201900040964,1,7,,0,1,2,26,A01
201900040965,1,7,,0,1,3,15,A01
201900040966,2,10,,0,2,3,9,A01
201900040966,1,80,,0,2,3,9,B01
201900040967,2,10,,0,1,3,26,A01
201900040968,1,37,1.0,0,2,6,1,A01
201900040968,3,33,,0,2,1,1,B01
201900040969,1,7,,0,2,3,0,B01
201900040969,2,7,,0,2,3,13,A01
201900040970,3,7,,4,0,3,13,A01
201900040971,1,7,,0,1,1,1,A01
201900040972,2,10,,0,1,1,15,A01
201900040973,1,10,,0,1,2,1,A01
201900040974,1,7,,0,1,1,1,Z01
201900040975,3,7,,1,0,5,24,B01
201900040975,3,7,,0,1,2,13,A01
201900040976,2,32,,0,2,1,26,B01
201900040976,1,7,,0,2,3,15,A01
201900040977,2,7,,0,2,2,15,B01
201900040977,1,33,,0,2,3,2,A01
201900040978,3,7,,0,2,1,9,A01
201900040978,3,7,,0,2,2,1,B01
201900040979,3,7,,0,2,1,2,B01
201900040979,3,7,,0,2,4,0,A01
201900040980,1,7,,0,2,5,1,B01
201900040980,1,7,,4,2,8,1,A01
201900040981,1,7,,0,2,1,2,C01
201900040981,1,7,,0,2,4,12,B01
201900040981,1,7,,0,2,4,23,A01
201900040982,1,2,,0,2,1,13,B01
201900040982,2,7,,0,2,2,21,A01
201900040983,0,7,,0,1,1,26,A01
201900040984,3,10,,0,2,3,26,A01
201900040984,3,10,,0,2,1,0,B01
201900040985,1,7,,9,0,1,17,A01
201900040986,3,7,,0,1,1,9,A01
201900040987,3,7,,8,2,8,26,A01
201900040988,1,31,,0,2,8,2,B01
201900040988,1,7,,0,2,3,15,A01
201900040989,2,7,,0,1,2,1,A01
201900040990,3,7,,0,2,3,0,A01
201900040990,1,33,,0,2,2,17,B01
201900040991,2,7,,0,1,4,20,A01
201900040992,3,32,,0,2,1,2,A01
201900040992,3,7,,0,2,4,1,B01
201900040993,2,34,,0,1,1,17,A01
201900040994,2,7,,0,2,3,15,B01
201900040994,2,30,,0,2,2,5,A01
201900040995,1,7,,0,1,1,1,A01
201900040996,2,2,,0,2,1,14,B01
201900040996,1,7,,0,2,3,15,A01
201900040997,2,2,,0,2,1,1,B01
201900040997,1,3,,0,0,2,15,A01
201900040998,2,31,,0,2,1,21,A01
201900040999,1,2,,0,2,8,15,B01
201900040999,1,10,,0,2,1,1,A01
201900041000,2,7,,0,1,1,15,A01
201900041001,1,7,,0,1,1,2,A01
201900041002,1,7,,0,1,2,1,A01
201900041003,1,7,,0,2,0,0,A01
201900041003,1,2,,0,2,0,0,B01
201900041004,3,7,,0,2,3,26,A01
201900041004,3,7,,0,2,1,1,B01
201900041005,1,7,,0,2,1,1,B01
201900041005,1,7,,0,2,1,16,A01
201900041006,2,99,,0,2,6,0,B01
201900041006,2,7,,0,2,6,0,A01
201900041007,1,7,,0,2,6,23,A01
201900041007,1,2,,0,2,1,1,B01
201900041008,1,7,,0,2,2,1,A01
201900041008,1,7,,0,2,1,0,B01
201900041009,3,7,,0,0,0,11,A01
201900041009,0,33,,0,0,0,1,B01
201900041010,2,31,,0,2,1,1,B01
201900041010,2,2,,0,2,7,19,A01
201900041011,1,7,,0,2,2,12,A01
201900041011,1,33,,0,2,1,3,B01
201900041012,3,33,,0,2,8,1,B01
201900041012,1,7,,0,2,2,15,A01
201900041013,3,10,,0,2,5,15,B01
201900041013,3,33,,0,2,1,1,A01
201900041014,1,0,,0,2,2,19,Y01
201900041014,1,33,,0,1,1,1,A01
201900041015,1,7,,0,2,1,1,B01
201900041015,1,7,,0,2,1,1,A01
201900041016,3,7,,0,2,5,20,B01
201900041016,3,2,,0,2,1,1,A01
201900041017,3,7,,0,1,1,1,A01
201900041018,1,7,,0,2,4,2,B01
201900041018,1,10,,0,2,1,2,A01
201900041019,2,43,,0,2,1,3,A01
201900041019,1,7,,0,2,2,1,B01
201900041020,1,7,,0,1,8,1,A01
201900041021,1,32,,0,2,8,1,B01
201900041021,2,7,,0,2,5,1,A01
201900041022,1,15,,0,1,1,1,A01
201900041023,1,30,,0,2,7,1,A01
201900041023,1,7,,0,2,1,1,B01
201900041024,2,7,,0,2,1,0,C01
201900041024,1,2,,0,2,8,0,B01
201900041024,2,10,,0,2,3,10,A01
201900041025,2,7,,0,2,1,16,A01
201900041025,1,7,,0,2,7,1,B01
201900041026,2,7,,13,0,1,1,A01
201900041027,1,33,,0,2,1,17,A01
201900041027,1,7,,0,0,3,15,B01
201900041028,2,7,,0,2,1,9,A01
201900041028,1,33,,0,2,7,1,B01
201900041029,1,3,,2,0,1,1,A01
201900041030,1,7,,0,2,1,1,B01
201900041030,2,7,,0,2,2,13,A01
201900041031,2,33,,0,2,1,1,B01
201900041031,1,7,,0,2,2,19,A01
201900041032,2,7,,1,0,1,1,A01
201900041032,2,15,,0,0,4,1,B01
201900041033,1,10,,6,0,2,0,A01
201900041034,1,7,,6,0,1,1,A01
201900041035,3,2,,15,0,7,1,A01
201900041036,1,7,,0,2,1,1,C01
201900041036,2,14,,0,2,3,1,B01
201900041036,1,7,,0,2,1,13,A01
201900041037,0,7,,0,1,1,1,A01
201900041038,2,7,,3,0,8,1,A01
201900041039,2,33,,0,2,2,17,B01
201900041039,2,7,,0,2,8,15,A01
201900041040,1,7,,7,2,1,19,A01
201900041040,2,7,,0,2,1,1,B01
201900041041,3,7,,16,0,9,21,A01
201900041042,1,7,,0,2,3,26,A01
201900041042,2,7,,0,0,2,21,B01
201900041043,1,32,,0,1,1,1,A01
201900041044,1,2,,0,0,7,1,A01
201900041045,1,7,,0,0,4,1,B01
201900041045,1,7,,0,2,1,1,A01
201900041046,1,7,,13,0,9,16,A01
201900041047,3,10,,15,0,1,0,A01
201900041048,0,7,,3,0,2,1,A01
201900041049,1,30,,0,0,0,1,A01
201900041050,1,7,,0,2,1,1,B01
201900041050,2,7,,0,2,1,13,A01
201900041051,3,2,,0,0,0,1,A01
201900041052,1,2,,0,2,1,1,A01
201900041052,1,7,,0,2,7,1,B01
201900041053,0,7,,0,1,1,1,A01
201900041054,2,17,,0,2,1,13,B01
201900041054,1,7,,0,2,1,13,A01
201900041055,1,15,,0,0,0,14,A01
201900041056,0,7,,0,2,1,1,A01
201900041056,0,7,,0,0,1,5,B01
201900041057,2,33,,0,2,1,13,A01
201900041057,1,7,,0,2,1,1,B01
201900041058,1,7,,13,0,2,1,A01
201900041059,3,36,,2,0,3,26,A01
201900041060,1,33,,0,2,1,2,A01
201900041060,1,21,,0,0,4,2,B01
201900041061,1,10,,6,0,1,0,A01
201900041062,1,7,,0,2,3,13,A01
201900041062,2,7,,0,2,3,1,B01
201900041063,1,7,,0,2,3,19,B01