Num_Acc,senc,catv,occutc,obs,obsm,choc,manv,num_veh
201900041063,1,2,,0,2,1,1,A01
201900041064,1,7,,0,0,2,1,A01
201900041065,2,7,,13,2,3,1,A01
201900041065,2,10,,0,2,7,12,B01
201900041066,1,7,,0,0,1,1,A01
201900041067,1,7,,13,0,1,1,A01
201900041068,1,7,,3,0,8,13,A01
201900041069,1,10,,0,0,1,1,B01
201900041069,1,7,,0,0,8,10,A01
201900041070,2,33,,0,0,1,16,A01
201900041071,1,7,,0,2,1,16,A01
201900041071,2,7,,0,2,3,1,B01
201900041072,2,33,,0,2,1,1,B01
201900041072,2,7,,0,2,6,9,A01
201900041073,1,7,,13,0,2,1,A01
201900041074,3,7,,6,0,1,1,A01
201900041075,1,31,,0,2,1,1,A01
201900041075,1,7,,0,2,6,1,B01
201900041076,2,7,,0,9,2,1,A01
201900041076,2,1,,0,2,1,26,B01
201900041077,3,10,,0,2,3,10,B01
201900041077,3,2,,0,2,1,5,A01
201900041078,2,10,,0,2,2,2,A01
201900041078,2,2,,0,2,4,2,B01
201900041079,1,7,,0,0,0,0,A01
201900041080,3,7,,0,9,7,17,B01
201900041080,3,1,,10,2,3,15,A01
201900041081,3,7,,0,2,8,9,B01
201900041081,1,7,,0,2,1,1,A01
201900041082,1,7,,13,0,9,0,A01
201900041083,1,7,,16,0,0,0,A01
201900041084,1,7,,13,0,2,14,A01
201900041085,2,7,,0,2,6,1,A01
201900041085,2,7,,0,2,3,1,B01
201900041086,2,7,,0,2,4,23,E01
201900041086,2,7,,0,2,4,23,D01
201900041086,2,7,,0,2,4,23,C01
201900041086,2,7,,0,2,4,23,B01
201900041086,2,7,,1,2,1,2,A01
201900041087,3,10,,0,1,3,1,A01
201900041088,3,7,,0,1,3,26,A01
201900041089,2,7,,0,1,2,13,A01
201900041090,1,7,,0,1,2,2,A01
201900041091,2,80,,0,2,1,1,A01
201900041091,1,15,,0,2,6,13,B01
201900041092,2,36,,0,2,2,17,A01
201900041092,2,7,,0,2,8,15,B01
201900041093,2,33,,0,2,1,1,A01
201900041093,2,7,,0,0,4,1,B01
201900041094,2,7,,0,2,1,19,A01
201900041094,1,7,,7,0,2,1,B01
201900041095,1,7,,7,0,3,1,A01
201900041096,3,2,,0,2,1,1,B01
201900041096,3,7,,0,2,1,1,A01
201900041097,2,33,,13,0,1,1,A01
201900041098,2,7,,0,1,2,1,A01
201900041099,1,30,,0,2,1,2,A01
201900041099,1,7,,0,0,4,2,B01
201900041100,1,2,,0,2,1,1,B01
201900041100,2,7,,0,2,7,15,A01
201900041101,3,7,,0,1,3,20,A01
201900041102,1,7,,0,2,1,1,B01
201900041102,2,7,,0,2,1,13,A01
201900041103,1,7,,0,2,5,15,B01
201900041103,2,33,,0,2,1,0,A01
201900041104,1,7,,0,2,7,19,A01
201900041104,0,30,,0,2,1,1,B01
201900041105,3,7,,0,1,3,0,A01
201900041106,3,7,,8,0,3,1,A01
201900041107,1,33,,0,2,1,1,B01
201900041107,1,7,,0,2,1,9,A01
201900041108,2,33,,0,0,0,1,A01
201900041109,1,7,,13,0,1,0,A01
201900041110,0,7,,0,2,3,2,C01
201900041110,0,10,,0,2,4,2,B01
201900041110,0,10,,0,0,4,2,A01
201900041111,1,33,,0,0,9,15,A01
201900041112,3,7,,2,0,3,1,A01
201900041113,1,2,,0,0,0,1,A01
201900041114,2,7,,0,1,3,1,A01
201900041115,3,33,,0,0,8,1,A01
201900041116,1,7,,0,2,3,15,B01
201900041116,1,2,,0,2,1,17,A01
201900041117,2,1,,0,2,8,0,C01
201900041117,1,17,,0,2,7,16,A01
201900041118,1,21,,0,2,3,9,A01
201900041118,1,1,,0,2,1,1,B01
201900041119,2,7,,15,2,1,5,A01
201900041119,1,7,,0,2,1,1,B01
201900041120,2,31,,12,0,2,1,A01
201900041121,2,7,,13,0,1,1,A01
201900041122,3,7,,0,2,3,9,A01
201900041122,3,7,,0,2,1,1,B01
201900041123,1,7,,0,0,2,2,A01
201900041124,1,7,,13,0,8,2,A01
201900041125,1,7,,2,0,1,17,A01
201900041126,1,2,,17,0,1,0,A01
201900041127,1,33,,0,1,1,1,A01
201900041128,1,10,,0,2,3,19,A01
201900041128,2,33,,0,2,7,1,B01
201900041128,1,10,,0,2,3,1,C01
201900041129,0,7,,2,0,8,0,A01
201900041130,2,7,,2,0,0,1,A01
201900041131,1,7,,0,2,1,19,C01
201900041131,2,7,,13,2,6,1,B01
201900041132,1,31,,0,0,0,1,A01
201900041133,2,7,,0,5,1,1,A01
201900041134,3,7,,17,0,9,1,A01
201900041135,1,7,,0,2,3,1,B01
201900041135,2,32,,0,2,7,17,A01
201900041136,1,7,,0,2,1,1,A01
201900041136,2,31,,0,2,8,1,B01
201900041137,2,1,,0,2,1,13,B01
201900041137,1,1,,0,2,1,1,A01
201900041138,3,1,,0,2,1,19,B01
201900041138,3,7,,0,2,3,1,A01
201900041139,1,34,,0,1,1,1,A01
201900041140,2,7,,0,2,8,9,B01
201900041140,2,32,,0,2,1,1,A01
201900041141,3,7,,8,0,1,14,A01
201900041142,3,10,,0,2,2,1,A01
201900041142,3,1,,0,2,8,19,B01
201900041143,2,1,,0,2,3,15,A01
201900041143,2,7,,0,2,7,1,B01
201900041144,1,10,,0,2,6,1,B01
201900041144,1,30,,0,2,1,15,A01
201900041145,1,43,,0,2,7,17,B01
201900041145,1,30,,0,2,8,15,A01
201900041146,2,7,,0,2,3,22,B01
201900041146,2,30,,0,2,2,17,A01
201900041147,2,32,,0,2,4,2,B01
201900041147,2,30,,0,2,1,2,A01
201900041148,2,30,,0,1,2,1,A01
201900041149,2,33,,0,2,3,1,A01
201900041149,1,7,,0,2,2,1,B01
201900041150,1,30,,0,2,7,1,A01
201900041150,2,7,,0,2,1,1,B01
201900041151,2,7,,0,1,2,1,Z01
201900041152,1,7,,0,2,1,1,A01
201900041152,2,1,,0,2,8,5,B01
201900041153,2,7,,0,1,2,1,A01
201900041154,2,7,,0,1,1,1,A01
201900041155,3,10,,0,2,5,1,B01
201900041155,3,7,,0,2,2,1,A01
201900041156,1,30,,0,0,0,21,A01
201900041157,1,30,,14,0,1,13,A01
201900041158,1,34,,0,1,1,1,A01
201900041159,2,7,,0,2,1,1,B01
201900041159,2,10,,0,2,2,1,A01
201900041160,2,7,,0,2,3,1,A01
201900041160,1,34,,0,2,2,1,B01
201900041161,1,30,,0,2,2,15,A01
201900041161,2,43,,0,2,3,1,B01
201900041162,1,33,,0,2,1,13,A01
201900041162,1,37,1.0,0,2,4,23,B01
201900041163,3,30,,0,2,2,15,A01
201900041163,3,7,,0,2,8,1,B01
201900041164,1,33,,0,2,1,1,B01
201900041164,2,7,,0,2,1,15,A01
201900041165,2,7,,0,1,2,1,A01
201900041166,0,7,,0,2,0,0,Z01
201900041166,1,50,,0,2,0,0,A01
201900041167,2,7,,0,2,4,2,B01
201900041167,2,7,,0,2,1,2,A01
201900041168,2,7,,0,1,1,21,A01
201900041169,3,3,,0,1,2,2,A01
201900041170,1,2,,1,2,1,9,A01
201900041170,0,3,,1,0,4,1,B01
201900041171,3,32,,15,0,1,2,A01
201900041172,1,7,,8,0,0,26,A01
201900041173,3,10,,0,2,0,10,A01
201900041173,3,2,,0,2,0,1,B01
201900041174,2,33,,0,2,4,2,B01
201900041174,2,7,,0,2,3,2,A01
201900041175,2,7,,0,1,2,1,A01
201900041176,2,7,,1,0,2,14,A01
201900041177,1,3,,0,2,2,1,B01
201900041177,2,33,,0,2,1,1,A01
201900041178,1,30,,0,2,3,1,A01
201900041178,1,7,,0,2,2,15,B01
201900041179,2,7,,0,1,1,1,A01
201900041180,1,10,,1,1,1,1,A01
201900041181,1,7,,12,0,3,16,A01
201900041182,2,7,,0,1,1,1,A01
201900041183,1,7,,0,2,6,15,B01
201900041183,1,30,,0,2,1,17,A01
201900041184,2,10,,0,2,3,15,B01
201900041184,1,32,,0,2,3,1,A01
201900041185,1,15,,1,0,5,0,A01
201900041185,1,7,,0,2,3,24,B01
201900041186,1,7,,0,2,2,15,A01
201900041186,1,7,,0,2,1,1,B01
201900041187,2,7,,0,2,6,26,B01
201900041187,2,7,,0,2,1,26,A01
201900041188,3,7,,0,1,3,1,A01
201900041189,3,10,,0,1,1,15,A01
201900041190,2,7,,0,1,3,1,A01
201900041191,3,7,,12,0,8,1,A01
201900041192,1,7,,0,2,3,15,A01
201900041192,1,33,,0,2,7,17,B01
201900041193,0,7,,0,1,3,1,A01
201900041194,3,1,,0,2,7,0,B01
201900041194,3,3,,0,2,3,9,A01
201900041195,0,7,,0,2,2,0,B01
201900041195,0,7,,0,2,7,1,A01
201900041196,1,7,,0,1,0,26,A01
201900041197,1,7,,0,2,1,10,B01
201900041197,2,33,,0,2,3,1,A01
201900041198,3,1,,0,2,8,0,B01
201900041198,2,7,,0,2,3,15,A01
201900041199,3,33,,0,2,3,15,B01
201900041199,3,7,,0,2,2,1,A01
201900041200,2,7,,0,1,1,2,A01
201900041201,2,3,,0,2,1,2,A01
201900041201,2,3,,0,2,4,1,B01
201900041202,1,20,,0,2,3,1,B01
201900041202,1,32,,0,2,4,20,A01
201900041203,1,7,,1,0,1,16,A01
201900041204,3,37,1.0,0,2,1,19,A01
201900041204,3,33,,0,2,1,1,B01
201900041205,1,7,,0,1,7,15,A01
201900041206,2,99,,0,2,6,15,A01
201900041206,1,32,,0,2,2,1,B01
201900041207,2,33,,0,2,1,17,A01
201900041207,2,7,,0,2,6,15,B01
201900041208,1,7,,0,2,7,22,A01
201900041208,1,60,,0,2,1,26,B01
201900041209,3,34,,0,1,1,1,A01
201900041210,1,32,,0,2,1,26,A01
201900041210,3,7,,0,2,3,26,B01
201900041211,1,34,,0,2,1,0,A01
201900041211,2,7,,0,2,3,1,B01
201900041212,3,7,,0,2,7,1,A01
201900041212,3,33,,0,2,1,1,B01
201900041213,1,10,,0,1,1,26,A01
201900041214,3,7,,1,2,1,0,C01
201900041214,1,33,,0,2,7,2,A01
201900041214,1,7,,0,2,3,0,B01
201900041215,1,33,,0,2,5,16,A01
201900041215,1,7,,0,2,3,1,B01
201900041216,3,32,,0,2,3,1,B01
201900041216,3,7,,0,2,2,16,A01
201900041217,1,7,,0,2,1,1,B01
201900041217,3,34,,0,0,4,23,A01
201900041218,1,7,,0,2,5,19,A01
201900041218,1,7,,0,2,1,1,B01
201900041219,1,7,,14,0,8,2,A01
201900041219,2,1,,14,2,6,5,B01
201900041220,1,3,,0,1,5,4,A01
201900041221,1,20,,1,0,7,19,A01
201900041221,3,7,,0,0,3,26,B01
201900041222,3,7,,0,0,1,1,A01
201900041222,3,10,,0,0,4,15,B01
201900041223,1,7,,0,2,4,9,A01
201900041223,1,7,,0,2,4,1,B01
201900041223,1,7,,0,2,1,0,C01
201900041224,1,7,,11,0,1,26,A01
201900041225,2,30,,0,2,1,17,A01
201900041226,2,7,,0,1,2,1,A01
201900041227,0,30,,0,2,1,2,A01
201900041227,0,7,,0,2,4,1,B01
201900041228,1,34,,0,2,1,26,A01
201900041228,1,7,,0,2,4,23,B01
201900041229,1,37,1.0,0,1,2,26,A01
201900041230,3,10,,0,2,2,1,A01
201900041230,3,7,,0,0,6,1,B01
201900041231,0,7,,0,2,1,10,B01
201900041231,0,33,,0,2,8,26,A01
201900041232,2,2,,0,2,8,11,B01
201900041232,1,3,,0,2,2,26,A01
201900041233,1,7,,0,2,1,1,B01
201900041233,1,7,,0,2,7,1,A01
201900041234,1,7,,0,1,3,1,A01
201900041235,3,7,,12,2,7,1,B01
201900041235,3,14,,0,2,1,11,A01
201900041236,2,30,,0,2,1,1,A01
201900041236,2,7,,0,2,3,15,B01
201900041237,1,7,,0,0,2,26,A01
201900041238,1,1,,0,2,1,1,B01
201900041238,3,7,,0,2,4,26,A01
201900041239,2,30,,0,1,3,1,A01
201900041240,0,0,,0,1,7,0,A01
201900041241,1,3,,0,1,3,26,A01
201900041242,3,37,0.0,12,1,2,12,A01
201900041243,1,31,,12,0,0,0,A01
201900041244,1,33,,0,2,4,2,B01
201900041244,1,7,,0,2,1,2,A01
201900041245,1,0,,0,1,1,0,Z01
201900041246,3,33,,0,2,9,14,A01
201900041246,3,7,,0,2,2,14,B01
201900041246,3,7,,0,2,6,26,C01
201900041247,3,1,,0,6,1,25,A01
201900041247,3,1,,0,6,1,0,B01
201900041248,3,33,,4,2,7,1,B01
201900041248,3,7,,4,2,6,11,A01
201900041249,1,33,,0,2,2,3,A01
201900041249,1,10,,0,2,8,22,B01
201900041249,1,7,,0,2,5,23,C01
201900041250,2,10,,0,2,8,10,A01
201900041250,2,32,,0,2,1,1,B01
201900041251,3,30,,0,2,7,17,A01
201900041251,3,7,,0,2,3,15,B01
201900041252,0,7,,0,2,1,5,B01
201900041252,3,7,,0,2,1,5,A01
201900041253,1,30,,0,2,1,1,B01
201900041253,1,7,,0,2,8,15,A01
201900041254,2,7,,0,2,1,2,A01
201900041254,2,2,,0,2,6,7,B01
201900041255,2,14,,0,6,1,2,A01
201900041255,0,1,,0,2,0,0,B01
201900041256,2,10,,1,0,2,1,A01
201900041257,1,2,,0,2,1,17,B01
201900041257,1,7,,0,2,8,15,A01
201900041258,1,14,,0,2,8,15,A01
201900041258,1,2,,0,2,1,1,B01
201900041259,2,10,,0,2,7,16,B01
201900041259,2,34,,0,2,8,18,A01
201900041260,1,43,,12,0,1,1,A01
201900041261,1,7,,0,2,1,13,A01
201900041261,2,7,,0,2,1,1,B01
201900041262,0,10,,0,2,3,2,B01
201900041262,0,10,,0,2,3,2,A01
201900041263,0,2,,0,2,1,1,B01
201900041263,0,7,,0,2,3,5,A01
201900041264,1,10,,0,1,3,1,A01
201900041265,2,7,,2,0,1,14,A01
201900041266,2,7,,0,2,1,1,A01
201900041266,2,7,,0,2,3,19,B01
201900041267,2,7,,0,2,4,2,B01
201900041267,2,33,,14,0,1,2,A01
201900041268,1,33,,6,0,8,1,B01
201900041268,1,7,,0,2,3,13,A01
201900041269,2,7,,0,2,1,0,B01
201900041269,1,7,,0,2,1,0,A01
201900041270,3,7,,0,2,7,15,A01
201900041270,2,2,,0,2,1,1,B01
201900041271,1,7,,13,0,2,14,A01
201900041272,3,7,,0,1,8,23,D01
201900041272,1,7,,1,2,3,23,C01
201900041272,1,33,,0,2,1,1,B01
201900041272,1,7,,0,2,1,15,A01
201900041273,1,7,,0,2,0,14,A01
201900041273,1,33,,0,2,1,2,B01
201900041274,2,15,,0,2,1,1,A01
201900041274,1,7,,0,2,1,5,B01
201900041275,1,31,,0,2,1,17,B01
201900041275,1,21,,0,2,3,15,A01
201900041276,2,7,,0,1,8,1,A01
201900041277,1,7,,0,2,8,17,C01
201900041277,2,33,,0,2,6,1,B01
201900041277,2,33,,0,2,3,1,A01
201900041278,2,7,,0,2,1,15,A01
201900041278,1,7,,0,2,1,1,B01
201900041279,1,15,,0,2,3,1,B01
201900041279,2,7,,0,2,3,13,A01
201900041280,1,17,,0,2,8,2,E01
201900041280,1,7,,0,0,4,1,D01
201900041280,1,7,,0,2,4,2,C01
201900041280,1,7,,0,2,6,2,B01
201900041280,1,7,,0,2,2,2,A01
201900041281,1,7,,0,1,2,14,A01
201900041282,1,10,,0,2,1,1,A01
201900041282,1,7,,0,2,5,1,B01
201900041282,2,7,,0,2,1,23,C01
201900041283,2,7,,0,2,1,1,B01
201900041283,1,7,,13,2,1,21,A01
201900041284,2,34,,0,2,1,26,C01
201900041284,3,7,,0,2,2,23,B01
201900041284,1,7,,0,2,1,11,A01
201900041285,3,7,,13,0,1,0,A01
201900041286,0,7,,0,0,1,0,A01
201900041287,2,7,,2,0,2,26,A01
201900041288,1,33,,0,2,1,1,B01
201900041288,2,7,,0,2,3,15,A01
201900041289,1,7,,0,2,3,1,B01
201900041289,2,10,,0,2,3,13,A01
201900041290,2,7,,15,9,1,0,A01
201900041291,1,1,,0,2,4,1,B01
201900041291,1,7,,0,2,7,17,A01
201900041292,2,33,,13,0,1,21,D01
201900041292,2,33,,13,0,1,21,C01
201900041292,1,17,,0,2,1,1,B01
201900041292,1,7,,0,2,8,10,A01
201900041293,1,7,,3,0,8,1,A01
201900041294,1,1,,2,0,1,1,A01
201900041295,1,7,,3,0,4,23,C01
201900041295,1,7,,0,2,3,0,B01
201900041295,1,33,,0,2,7,12,A01
201900041296,1,2,,0,0,1,1,A01
201900041297,1,7,,0,2,2,2,A01
201900041297,1,7,,6,0,4,2,B01
201900041298,1,1,,0,2,0,2,B01
201900041298,1,7,,0,2,7,2,A01
201900041299,1,7,,0,2,3,1,A01
201900041299,2,31,,9,2,1,13,B01
201900041300,2,7,,13,0,1,0,A01
201900041301,2,33,,0,2,1,17,A01
201900041301,2,7,,0,2,8,16,B01
201900041302,2,7,,0,2,1,5,B01
201900041302,1,7,,0,2,3,1,A01
201900041303,3,31,,0,0,8,1,A01
201900041304,2,33,,13,0,1,14,A01
201900041305,1,7,,7,0,1,1,A01
201900041306,2,7,,14,0,3,1,B01
201900041306,2,7,,4,0,5,23,A01
201900041307,1,33,,5,0,1,14,A01
201900041308,2,7,,0,2,3,15,B01
201900041308,2,31,,0,2,1,17,A01
201900041309,1,7,,13,0,1,2,A01
201900041310,1,7,,4,0,3,11,A01
201900041311,3,33,,1,0,1,17,A01
201900041311,0,7,,0,0,1,26,B01
201900041312,2,7,,0,2,2,1,B01
201900041312,1,31,,0,2,7,15,A01
201900041313,2,7,,3,0,3,3,A01
201900041314,2,7,,4,0,3,13,A01
201900041315,2,7,,0,2,3,1,A01
201900041315,0,7,,0,2,8,19,B01
201900041316,1,7,,6,0,1,13,A01
201900041317,1,10,,0,2,2,13,A01
201900041317,2,7,,0,2,2,0,B01
201900041318,0,7,,0,1,2,1,A01
201900041319,2,7,,2,0,2,0,A01
201900041320,2,2,,0,0,3,21,A01
201900041321,3,7,,0,2,3,23,B01
201900041321,2,30,,0,2,7,3,A01
201900041322,2,1,,0,2,8,1,A01
201900041322,1,7,,0,2,0,5,B01
201900041323,1,7,,0,2,1,15,Z01
201900041323,1,30,,0,2,8,17,B01
201900041324,2,1,,0,2,1,1,A01
201900041324,2,7,,0,2,4,23,B01
201900041325,1,10,,0,2,3,15,A01
201900041325,1,33,,0,2,7,17,B01
201900041326,1,10,,0,2,4,23,D01
201900041326,1,7,,0,2,4,23,C01
201900041326,1,7,,0,2,4,23,B01
201900041326,1,37,1.0,0,2,4,2,A01
201900041327,1,33,,0,2,8,1,A01
201900041327,1,7,,0,2,8,23,B01
201900041327,1,7,,0,2,3,23,C01
201900041328,2,1,,0,1,8,1,A01
201900041329,2,31,,0,2,7,17,B01
201900041329,2,7,,0,2,8,15,A01
201900041330,1,33,,0,2,1,17,A01
201900041330,1,10,,0,2,4,23,B01
201900041331,1,7,,0,2,6,4,A01
201900041331,1,43,,0,2,2,23,B01
201900041332,1,1,,0,1,1,15,A01
201900041333,1,1,,0,2,0,15,B01
201900041333,1,7,,0,2,2,1,A01
201900041334,3,1,,0,2,7,19,B01
201900041334,1,7,,0,2,1,1,A01
201900041335,2,1,,0,1,0,25,Z01
201900041336,1,1,,0,1,1,1,Z01
201900041337,1,7,,0,2,3,10,A01
201900041337,1,42,,0,2,2,1,B01
201900041338,1,7,,0,2,6,10,A01
201900041338,1,2,,0,2,1,1,B01
201900041339,1,30,,1,0,2,14,A01
201900041340,3,42,,0,0,0,1,A01
201900041341,3,7,,0,2,0,14,Z01
201900041341,3,1,,0,2,8,1,A01
201900041342,1,37,2.0,0,2,2,1,A01
201900041342,1,1,,0,2,0,18,B01
201900041343,1,7,,0,2,1,10,A01
201900041343,2,1,,0,2,8,1,B01
201900041344,3,33,,0,2,2,1,B01
201900041344,3,34,,0,2,8,1,C01
201900041344,1,7,,0,2,8,1,A01
201900041345,1,1,,0,0,1,1,A01
201900041346,1,7,,0,2,7,19,A01
201900041346,1,43,,0,2,1,1,B01
201900041347,2,7,,0,2,7,12,B01
201900041347,2,34,,0,2,3,18,A01
201900041348,2,7,,0,2,2,9,A01
201900041348,2,30,,0,2,6,2,B01
201900041349,2,1,,0,2,8,19,A01
201900041349,2,30,,0,2,1,1,B01
201900041350,2,7,,0,1,0,1,Z01
201900041351,2,10,,0,2,3,15,A01
201900041351,2,42,,0,2,7,1,B01
201900041352,1,10,,0,2,6,1,A01
201900041352,1,1,,0,2,1,1,B01
201900041353,3,7,,0,2,5,24,C01
201900041353,3,7,,0,2,6,23,B01
201900041353,1,32,,1,0,1,18,A01
201900041354,1,7,,0,2,2,1,A01
201900041354,1,7,,0,2,6,2,B01
201900041355,1,7,,0,2,4,26,C01
201900041355,1,7,,0,2,1,2,B01
201900041355,1,7,,0,2,1,2,A01
201900041356,2,14,,0,2,1,1,A01
201900041356,1,7,,0,2,4,1,B01
201900041357,1,7,,0,2,1,1,B01
201900041357,1,7,,0,2,4,9,A01
201900041358,2,34,,0,2,7,17,B01
201900041358,2,7,,0,2,3,13,A01
201900041359,1,7,,0,2,4,19,A01
201900041359,1,2,,0,2,1,1,B01
201900041359,1,2,,0,2,0,2,C01
201900041360,1,1,,0,0,1,0,B01
201900041360,1,3,,0,0,3,13,A01
201900041361,1,34,,0,0,1,0,A01
201900041361,1,7,,0,2,6,11,B01
201900041362,2,7,,0,1,0,0,Z01
201900041363,2,7,,0,2,8,15,B01
201900041363,2,31,,0,2,7,17,A01
201900041364,1,7,,0,2,5,16,B01
201900041364,1,30,,0,2,1,9,A01
201900041365,2,7,,0,2,0,0,A01
201900041365,2,50,,0,2,1,1,B01
201900041366,3,1,,0,2,7,19,B01
201900041366,1,33,,0,2,1,1,A01
201900041367,0,2,,0,2,7,1,B01
201900041367,0,7,,0,2,8,15,A01
201900041368,2,50,,0,2,1,14,B01
201900041368,1,7,,0,9,0,15,A01
201900041369,3,7,,0,1,2,17,A01
201900041370,1,7,,0,1,2,1,A01
201900041371,3,7,,0,1,4,1,A01
201900041372,2,1,,0,2,3,2,B01
201900041372,2,7,,0,2,2,2,A01
201900041373,1,7,,0,2,3,21,A01
201900041373,1,32,,0,2,7,17,B01
201900041374,1,37,1.0,0,1,2,16,A01
201900041375,1,10,,0,2,3,0,B01
201900041375,1,10,,0,2,1,2,A01
201900041376,1,7,,0,2,0,0,A01
201900041376,1,7,,0,2,3,0,B01
201900041377,2,7,,0,1,1,1,A01
201900041378,3,37,10.0,3,1,1,16,A01
201900041379,2,7,,0,2,3,1,B01
201900041379,1,32,,0,2,2,15,A01
201900041380,3,7,,0,2,3,1,B01
201900041380,2,7,,0,2,2,26,A01
201900041381,2,7,,0,0,0,14,A01
201900041381,1,7,,0,0,0,0,B01
201900041382,1,0,,0,1,0,16,B01
201900041383,0,10,,0,0,0,0,A01
201900041383,2,2,,0,0,0,2,B01
201900041384,1,7,,0,1,2,1,A01
201900041385,1,7,,0,2,1,15,A01
201900041385,2,7,,0,2,1,1,B01
201900041386,2,10,,0,2,2,1,B01
201900041386,2,10,,0,2,3,1,A01
201900041387,2,7,,0,2,8,10,A01
201900041387,1,43,,0,2,1,2,B01
201900041388,2,7,,0,1,2,1,A01
201900041389,2,31,,0,2,1,17,B01
201900041389,1,7,,0,2,2,15,A01
201900041390,3,7,,0,2,8,1,A01
201900041390,3,7,,0,2,1,19,B01
201900041391,2,32,,0,2,1,17,B01
201900041391,1,7,,0,2,1,15,A01
201900041392,1,7,,0,2,7,1,B01
201900041392,1,30,,0,2,1,19,A01
201900041393,0,34,,0,1,3,26,A01
201900041394,1,7,,0,2,2,14,A01
201900041394,1,7,,0,2,8,1,B01
201900041395,3,30,,0,1,3,2,A01
201900041396,1,7,,0,2,8,10,A01
201900041396,1,34,,0,2,1,17,B01
201900041397,1,10,,0,2,0,26,A01
201900041397,1,2,,0,2,4,2,B01
201900041398,2,37,1.0,0,1,2,1,A01
201900041399,3,7,,0,1,1,23,A01
201900041400,1,3,,0,1,3,12,A01
201900041401,2,7,,0,2,3,15,A01
201900041401,1,1,,0,2,0,0,B01
201900041402,3,7,,0,2,3,15,A01
201900041402,3,32,,0,2,2,17,B01
201900041403,1,10,,0,6,2,16,A01
201900041403,1,2,,0,2,3,18,B01
201900041404,3,10,,15,2,3,11,B01
201900041404,3,32,,15,2,3,17,A01
201900041405,3,1,,0,1,1,1,A01
201900041406,1,30,,0,1,1,1,A01
201900041407,1,7,,0,2,3,11,A01
201900041407,1,2,,0,2,7,1,B01
201900041408,3,7,,0,2,8,15,B01
201900041408,3,30,,0,2,2,17,A01
201900041409,3,7,,0,2,4,1,C01
201900041409,3,7,,0,2,9,1,A01
201900041409,3,7,,0,2,4,1,B01
201900041410,1,7,,0,1,1,2,A01
201900041411,2,31,,9,0,2,1,A01
201900041412,1,3,,0,2,8,10,A01
201900041412,1,31,,0,2,1,17,B01
201900041413,2,1,,0,0,0,0,A01
201900041414,2,7,,0,2,2,15,A01
201900041414,1,7,,0,2,1,9,B01
201900041415,3,33,,0,2,1,1,B01
201900041415,3,2,,0,2,1,25,A01
201900041416,3,10,,0,2,6,1,B01
201900041416,3,31,,0,2,2,3,A01
201900041417,3,7,,0,2,6,15,A01
201900041417,3,33,,0,2,2,1,B01
201900041418,3,7,,0,2,3,1,B01
201900041418,3,30,,0,2,2,1,A01
201900041419,2,33,,0,1,1,1,A01
201900041420,1,10,,0,1,7,1,A01
201900041421,1,7,,0,6,1,11,A01
201900041421,1,1,,0,2,4,1,B01
201900041422,3,34,,0,0,8,0,A01
201900041423,3,7,,8,0,3,1,A01
201900041424,1,7,,0,1,1,0,A01
201900041425,2,7,,15,0,1,26,A01
201900041426,0,2,,0,1,1,0,A01
201900041427,2,1,,0,2,2,15,B01
201900041427,2,1,,0,2,2,15,C01
201900041427,1,10,,0,9,5,23,A01
201900041428,1,7,,4,0,0,0,A01
201900041429,2,7,,0,2,2,1,B01
201900041429,2,7,,0,0,6,1,K01
201900041429,2,33,,0,0,4,23,D01
201900041429,2,7,,0,2,1,1,E01
201900041429,2,7,,0,0,0,0,F01
201900041429,2,7,,3,2,1,1,G01
201900041429,2,7,,0,2,0,1,H01
201900041429,2,7,,0,2,4,1,I01
201900041429,2,7,,0,2,1,1,J01
201900041429,2,10,,0,0,4,1,A01
201900041429,2,7,,0,2,2,2,C01
201900041430,2,13,,0,0,3,1,B01
201900041430,2,7,,0,2,5,17,A01
201900041431,3,2,,0,0,0,1,A01
201900041432,1,38,1.0,0,1,1,2,B01
201900041433,2,7,,7,0,7,1,A01
201900041433,2,17,,0,2,2,19,B01
201900041434,2,33,,0,2,1,19,A01
201900041434,2,7,,0,0,7,1,B01
201900041435,3,7,,0,2,1,19,B01
201900041435,1,10,,0,2,1,1,A01
201900041436,1,7,,2,0,1,1,A01
201900041437,1,33,,0,2,1,17,B01
201900041437,1,7,,0,0,8,15,A01
201900041438,2,7,,2,0,7,1,A01
201900041439,1,7,,0,0,3,19,B01
201900041439,2,7,,0,0,1,1,A01
201900041440,1,7,,0,0,9,1,A01
201900041441,2,7,,0,2,6,1,B01
201900041441,2,13,,0,2,1,1,A01
201900041442,2,31,,0,2,1,1,A01
201900041442,2,7,,7,0,4,1,B01
201900041443,3,7,,13,0,2,1,A01
201900041444,0,1,,0,2,8,19,B01
201900041444,0,7,,0,2,3,0,A01
201900041445,1,7,,0,0,2,15,A01
201900041445,2,7,,0,0,3,1,B01
201900041446,1,7,,0,2,3,1,A01
201900041446,1,7,,0,2,7,15,B01
201900041447,2,7,,0,2,1,1,B01
201900041447,1,7,,0,2,1,1,A01
201900041448,1,7,,2,2,2,17,A01
201900041448,1,7,,0,2,3,15,B01
201900041449,1,7,,0,2,2,2,A01
201900041449,1,33,,0,2,8,15,B01
201900041450,1,2,,12,0,3,1,A01
201900041451,2,7,,2,0,1,0,A01