Num_Acc,senc,catv,occutc,obs,obsm,choc,manv,num_veh
201900041452,3,7,,0,2,3,15,A01
201900041452,3,2,,0,2,1,1,B01
201900041453,1,7,,8,0,7,1,A01
201900041454,2,33,,17,0,3,1,A01
201900041455,3,7,,0,2,3,20,A01
201900041455,2,7,,0,2,1,1,B01
201900041456,3,7,,13,0,3,0,A01
201900041457,1,2,,0,2,3,15,B01
201900041457,0,7,,0,2,2,15,A01
201900041458,1,7,,0,2,3,1,B01
201900041458,2,7,,0,2,2,13,A01
201900041459,2,33,,8,0,0,17,A01
201900041460,3,36,,0,0,9,1,A01
201900041461,3,7,,0,1,1,1,A01
201900041462,2,21,,6,0,7,0,A01
201900041463,1,7,,0,0,0,1,A01
201900041464,1,7,,2,0,1,1,A01
201900041465,1,7,,0,0,2,14,A01
201900041466,2,7,,0,0,0,0,A01
201900041467,2,7,,13,0,9,14,A01
201900041468,3,1,,0,2,1,1,A01
201900041468,3,7,,0,9,3,15,B01
201900041469,3,33,,3,0,2,1,A01
201900041470,2,7,,15,0,0,1,A01
201900041471,3,1,,1,0,7,1,A01
201900041472,2,7,,0,2,7,1,B01
201900041472,3,2,,0,2,1,16,A01
201900041473,2,7,,0,2,1,1,B01
201900041473,1,7,,0,2,7,13,A01
201900041474,1,7,,13,0,2,1,A01
201900041475,1,7,,3,0,7,15,A01
201900041475,2,7,,0,2,3,1,B01
201900041476,2,7,,2,0,9,1,A01
201900041477,3,7,,0,1,5,1,A01
201900041478,1,7,,0,2,7,1,A01
201900041478,2,7,,0,2,1,1,B01
201900041479,2,7,,0,2,1,15,B01
201900041479,1,2,,0,2,1,1,A01
201900041480,2,7,,0,2,3,1,B01
201900041480,1,7,,0,2,2,15,A01
201900041480,2,15,,0,2,3,23,C01
201900041481,2,7,,12,0,6,9,A01
201900041481,1,7,,0,2,2,1,B01
201900041482,1,7,,0,2,1,1,B01
201900041482,2,7,,0,2,8,19,A01
201900041483,1,7,,0,2,2,1,B01
201900041483,2,7,,0,2,7,13,A01
201900041484,2,7,,0,2,3,15,B01
201900041484,2,7,,2,2,2,17,A01
201900041485,3,7,,0,9,2,15,A01
201900041485,2,1,,0,2,1,1,B01
201900041486,2,15,,0,2,3,0,B01
201900041486,1,7,,0,2,3,0,A01
201900041487,2,7,,13,0,1,13,A01
201900041488,2,7,,0,0,2,1,A01
201900041489,3,7,,6,0,2,1,A01
201900041490,2,7,,3,0,3,5,A01
201900041491,2,2,,0,0,1,1,A01
201900041492,3,7,,0,2,2,1,B01
201900041492,3,7,,0,2,1,15,A01
201900041493,1,7,,0,2,3,9,B01
201900041493,1,2,,0,2,1,1,A01
201900041494,2,7,,0,2,1,5,A01
201900041494,1,7,,0,2,1,1,B01
201900041495,1,7,,2,0,1,0,A01
201900041496,2,3,,0,0,9,13,A01
201900041497,1,7,,7,0,0,13,A01
201900041498,2,1,,0,0,0,0,A01
201900041499,1,2,,12,0,7,16,A01
201900041500,2,7,,0,2,1,19,A01
201900041500,1,7,,3,2,1,21,B01
201900041501,2,1,,0,2,1,1,A01
201900041501,1,7,,0,9,7,19,B01
201900041502,3,37,1.0,0,2,3,1,A01
201900041502,3,7,,0,2,2,19,B01
201900041503,3,0,,0,1,2,1,A01
201900041504,3,7,,0,2,1,1,B01
201900041504,3,7,,0,2,1,5,A01
201900041505,3,32,,0,2,1,0,B01
201900041505,3,7,,0,2,7,19,A01
201900041506,1,7,,2,0,1,1,A01
201900041507,1,7,,0,2,3,15,A01
201900041508,1,7,,0,2,7,15,B01
201900041508,2,33,,0,2,1,1,A01
201900041509,0,7,,0,2,1,1,B01
201900041509,0,2,,0,2,1,5,A01
201900041510,1,7,,0,2,4,2,B01
201900041510,1,7,,0,2,1,2,A01
201900041511,1,7,,0,2,1,19,A01
201900041511,2,1,,0,2,7,1,B01
201900041512,1,33,,0,2,1,1,B01
201900041512,1,7,,0,2,2,15,A01
201900041513,1,7,,0,2,1,2,A01
201900041513,1,7,,0,2,4,0,B01
201900041514,1,7,,0,2,1,1,A01
201900041514,1,7,,0,2,9,1,B01
201900041514,1,10,,0,2,9,1,C01
201900041514,1,17,,0,0,4,1,D01
201900041515,2,20,,0,2,1,1,A01
201900041515,2,1,,0,0,8,1,B01
201900041516,0,10,,0,2,1,0,B01
201900041516,0,10,,0,2,8,0,A01
201900041517,1,33,,0,1,1,1,A01
201900041518,2,7,,0,2,4,26,B01
201900041518,2,2,,0,2,1,2,A01
201900041519,1,99,,1,0,1,16,A01
201900041519,3,7,,0,2,4,0,B01
201900041520,2,31,,0,2,1,1,A01
201900041520,1,10,,0,2,3,1,B01
201900041521,1,33,,0,1,3,1,A01
201900041522,2,7,,0,2,3,0,B01
201900041522,2,0,,0,2,3,0,Z01
201900041523,2,33,,14,0,0,16,A01
201900041524,2,7,,0,1,1,0,A01
201900041525,3,7,,0,2,4,23,C01
201900041525,3,7,,0,2,4,23,B01
201900041525,3,10,,0,2,1,26,A01
201900041526,3,10,,0,1,5,1,A01
201900041527,2,7,,0,1,1,2,A01
201900041528,3,7,,0,2,3,15,A01
201900041528,3,7,,0,2,1,6,B01
201900041529,3,7,,0,2,3,10,A01
201900041529,3,32,,0,2,0,1,B01
201900041530,1,7,,0,2,1,15,A01
201900041530,2,33,,0,2,1,1,B01
201900041531,3,7,,0,2,1,9,A01
201900041531,1,31,,0,2,1,1,B01
201900041532,1,7,,0,2,0,0,A01
201900041532,0,0,,0,2,0,0,B01
201900041533,1,3,,0,2,7,15,A01
201900041533,2,1,,0,2,1,1,B01
201900041534,2,7,,0,1,1,16,A01
201900041535,3,7,,12,2,3,1,B01
201900041535,3,7,,0,2,2,9,A01
201900041536,0,7,,0,1,1,1,A01
201900041537,0,37,1.0,1,0,2,19,A01
201900041538,0,40,,0,1,1,19,A01
201900041539,2,7,,0,2,8,1,B01
201900041539,2,10,,0,2,1,1,A01
201900041540,1,32,,0,2,2,17,B01
201900041540,1,7,,0,2,8,15,A01
201900041541,2,33,,0,2,1,1,B01
201900041541,2,7,,0,2,8,15,A01
201900041542,2,7,,0,2,8,17,B01
201900041542,2,2,,0,2,7,17,A01
201900041543,3,7,,0,2,3,26,B01
201900041543,3,7,,0,2,5,2,A01
201900041544,3,2,,0,2,2,1,A01
201900041544,3,7,,0,2,1,15,B01
201900041545,2,7,,0,2,3,9,A01
201900041545,1,33,,0,2,7,1,B01
201900041546,1,33,,0,2,1,17,A01
201900041546,1,7,,0,2,8,15,B01
201900041547,1,7,,0,2,1,23,B01
201900041547,1,31,,0,2,1,1,A01
201900041548,2,1,,0,2,3,18,B01
201900041548,2,7,,0,2,7,16,A01
201900041549,1,7,,0,1,3,1,A01
201900041550,1,7,,0,2,1,19,A01
201900041550,1,7,,0,2,7,1,A01
201900041551,1,7,,0,2,4,2,B01
201900041551,1,7,,0,2,1,2,A01
201900041551,1,7,,0,2,6,23,C01
201900041552,1,33,,0,2,1,3,B01
201900041552,1,7,,0,2,2,12,A01
201900041553,2,7,,0,2,1,2,A01
201900041553,2,7,,0,2,4,2,B01
201900041553,2,7,,0,2,4,2,C01
201900041554,3,33,,0,0,0,1,A01
201900041555,1,33,,0,2,7,1,B01
201900041555,1,7,,0,2,8,11,A01
201900041556,2,7,,0,2,4,23,C01
201900041556,2,43,,0,2,4,23,B01
201900041556,2,7,,0,2,1,2,A01
201900041557,2,7,,0,2,8,9,B01
201900041557,2,15,,0,2,7,1,A01
201900041558,1,33,,0,2,1,2,A01
201900041558,1,7,,0,2,4,2,B01
201900041559,1,10,,0,2,4,23,C01
201900041559,1,7,,0,2,4,23,B01
201900041559,1,7,,0,2,1,2,A01
201900041560,1,33,,0,1,7,1,A01
201900041561,1,34,,0,2,1,13,Z01
201900041561,2,37,3.0,0,2,3,1,A01
201900041562,1,2,,0,2,2,1,B01
201900041562,1,7,,0,2,3,9,A01
201900041563,3,32,,0,2,7,14,B01
201900041563,3,38,1.0,0,2,3,1,A01
201900041564,3,33,,12,0,7,14,A01
201900041565,1,30,,0,1,1,2,Z01
201900041566,1,7,,7,0,1,1,A01
201900041567,1,7,,0,2,2,16,B01
201900041567,1,30,,0,2,2,7,A01
201900041568,1,30,,0,2,1,2,A01
201900041568,1,37,1.0,0,2,4,23,B01
201900041569,2,1,,0,2,1,2,B01
201900041569,2,10,,0,2,4,4,A01
201900041570,0,37,3.0,0,0,2,21,A01
201900041571,1,7,,0,2,1,1,A01
201900041571,2,1,,0,2,3,9,B01
201900041572,2,7,,0,2,7,16,A01
201900041572,2,30,,0,2,1,7,B01
201900041573,1,7,,14,0,1,13,A01
201900041574,0,34,,0,2,3,1,B01
201900041574,2,7,,0,2,2,10,A01
201900041575,2,1,,0,2,1,7,B01
201900041575,1,33,,0,2,1,15,A01
201900041576,1,1,,0,2,1,15,A01
201900041576,1,7,,0,2,3,1,B01
201900041577,2,7,,0,1,1,1,A01
201900041578,2,80,,0,2,1,1,A01
201900041578,2,7,,0,2,5,22,Z01
201900041579,1,1,,0,2,8,13,B01
201900041579,1,33,,0,2,7,1,A01
201900041580,3,7,,0,2,2,15,B01
201900041580,3,30,,0,2,1,1,A01
201900041581,2,7,,0,2,2,2,A01
201900041581,2,43,,0,2,4,23,B01
201900041582,1,7,,0,2,8,1,A01
201900041582,1,32,,0,2,0,14,Z01
201900041583,0,7,,0,2,1,1,C01
201900041583,0,43,,0,2,3,1,B01
201900041583,0,33,,0,2,2,14,A01
201900041584,2,7,,0,1,1,15,A01
201900041585,2,10,,0,2,2,1,B01
201900041585,2,32,,0,2,8,11,A01
201900041586,1,7,,0,2,3,15,A01
201900041586,1,2,,0,2,1,1,B01
201900041587,2,7,,0,0,3,15,A01
201900041588,2,7,,0,1,2,15,A01
201900041589,2,30,,0,1,1,17,A01
201900041590,2,32,,0,0,0,1,A01
201900041591,2,10,,0,2,1,2,A01
201900041591,2,10,,0,2,4,23,B01
201900041592,2,15,,7,2,8,13,A01
201900041592,2,1,,0,2,7,1,B01
201900041593,2,42,,0,2,1,21,B01
201900041593,2,7,,0,2,3,15,A01
201900041594,0,30,,0,1,1,1,A01
201900041595,1,1,,0,1,1,1,A01
201900041596,2,32,,0,2,5,23,B01
201900041596,2,10,,0,2,3,2,A01
201900041597,2,7,,0,2,3,22,A01
201900041597,2,1,,0,2,1,1,B01
201900041598,2,30,,0,2,5,14,A01
201900041598,2,32,,0,2,0,1,B01
201900041599,1,7,,0,1,0,1,Z01
201900041600,2,31,,0,2,8,1,A01
201900041600,1,7,,0,2,7,15,Z01
201900041601,1,10,,0,2,1,2,A01
201900041601,1,7,,0,2,4,23,B01
201900041602,3,50,,0,2,1,19,B01
201900041602,2,7,,0,2,8,1,A01
201900041603,2,30,,0,2,3,15,B01
201900041603,1,37,2.0,0,2,1,7,A01
201900041604,0,7,,0,2,3,1,B01
201900041604,1,7,,0,2,2,1,A01
201900041605,2,7,,0,1,4,4,A01
201900041606,1,30,,0,2,2,15,A01
201900041606,2,33,,0,2,1,1,B01
201900041607,0,7,,0,2,2,16,A01
201900041607,2,1,,0,2,3,1,B01
201900041608,1,10,,0,2,7,22,A01
201900041608,1,34,,0,2,8,3,B01
201900041609,3,7,,0,9,1,9,A01
201900041609,3,50,,0,2,8,1,B01
201900041610,1,7,,0,1,2,1,A01
201900041611,1,10,,0,2,4,26,A01
201900041611,1,30,,0,2,0,0,B01
201900041612,2,7,,0,2,0,15,B01
201900041612,1,7,,0,2,1,0,A01
201900041613,1,7,,0,2,4,23,A01
201900041613,1,7,,0,2,4,23,B01
201900041613,1,7,,1,0,1,23,C01
201900041613,1,7,,0,2,1,2,D01
201900041614,1,7,,0,1,3,1,A01
201900041615,1,7,,0,2,2,2,A01
201900041615,1,1,,0,2,8,2,B01
201900041616,1,31,,0,2,6,23,A01
201900041616,1,31,,0,2,2,2,B01
201900041617,1,33,,0,0,3,1,A01
201900041618,1,7,,0,2,9,1,A01
201900041618,1,7,,0,2,2,1,B01
201900041619,1,30,,0,0,7,1,A01
201900041620,1,1,,0,1,0,21,A01
201900041621,1,7,,16,0,0,23,C01
201900041621,2,7,,0,2,1,2,A01
201900041621,2,32,,0,2,4,26,B01
201900041622,2,10,,0,0,0,0,A01
201900041622,2,34,,1,0,0,2,B01
201900041623,2,7,,0,2,2,11,A01
201900041623,2,32,,0,2,4,11,B01
201900041624,3,37,4.0,0,2,3,26,A01
201900041624,3,3,,0,9,6,26,B01
201900041625,2,7,,0,2,1,1,A01
201900041625,2,7,,0,2,6,1,B01
201900041626,1,7,,0,1,3,16,A01
201900041627,1,7,,0,2,7,2,B01
201900041627,1,7,,0,2,1,2,A01
201900041628,3,7,,0,2,1,19,A01
201900041628,2,7,,9,2,7,1,B01
201900041629,1,7,,0,2,2,0,A01
201900041629,1,34,,0,2,8,0,B01
201900041630,2,7,,0,2,3,15,B01
201900041630,2,34,,0,2,5,15,A01
201900041631,1,32,,0,2,7,16,B01
201900041632,2,33,,0,2,0,17,A01
201900041633,2,7,,0,2,1,2,B01
201900041633,2,7,,0,2,4,26,A01
201900041634,1,30,,0,2,2,0,B01
201900041634,1,7,,0,2,3,1,A01
201900041635,1,7,,0,1,1,1,A01
201900041636,1,33,,0,2,5,17,B01
201900041636,1,10,,0,2,3,15,A01
201900041637,1,10,,8,0,2,26,A01
201900041638,1,7,,0,2,3,19,A01
201900041639,1,7,,1,2,1,26,B01
201900041639,2,7,,0,2,1,26,A01
201900041640,3,7,,0,1,1,19,Z01
201900041641,2,32,,0,0,3,17,A01
201900041641,1,10,,0,0,3,15,B01
201900041642,1,7,,0,2,1,15,A01
201900041642,1,42,,0,2,7,17,B01
201900041643,1,7,,1,0,2,16,A01
201900041643,1,37,2.0,0,2,3,1,B01
201900041644,2,7,,0,2,2,1,C01
201900041644,1,34,,0,2,2,1,B01
201900041644,0,7,,0,2,0,9,A01
201900041645,1,7,,1,0,1,0,B01
201900041646,0,7,,0,2,4,4,A01
201900041646,0,33,,0,2,5,24,B01
201900041647,1,7,,0,2,3,2,B01
201900041647,1,7,,0,2,4,1,A01
201900041648,3,7,,0,2,4,2,B01
201900041648,3,37,1.0,0,2,1,2,A01
201900041649,3,30,,0,2,6,26,B01
201900041649,3,30,,0,2,1,15,A01
201900041650,2,1,,0,2,0,5,B01
201900041650,1,14,,0,1,6,1,A01
201900041651,1,7,,2,0,1,15,A01
201900041652,3,33,,0,2,7,1,B01
201900041652,3,7,,0,2,1,1,A01
201900041653,1,7,,0,2,8,24,A01
201900041653,1,50,,1,0,1,17,B01
201900041654,1,3,,1,0,3,1,A01
201900041654,1,1,,1,2,1,19,B01
201900041655,1,2,,0,2,5,2,B01
201900041655,1,7,,0,2,5,16,A01
201900041656,1,31,,0,1,0,0,A01
201900041657,1,7,,0,2,3,15,B01
201900041657,2,7,,0,2,6,1,A01
201900041658,1,34,,0,1,3,26,A01
201900041659,2,1,,0,0,0,26,A01
201900041660,2,99,,0,0,0,1,A01
201900041661,1,43,,0,2,1,15,A01
201900041661,1,10,,0,2,8,15,B01
201900041662,1,7,,0,2,2,15,A01
201900041662,1,32,,0,2,2,1,B01
201900041663,3,7,,0,1,1,1,A01
201900041664,1,7,,0,1,1,16,A01
201900041665,1,7,,0,1,1,15,A01
201900041666,3,30,,0,2,3,9,A01
201900041666,3,7,,0,2,3,19,B01
201900041667,1,7,,0,2,1,1,A01
201900041667,3,7,,0,2,1,1,B01
201900041668,1,10,,1,0,1,14,A01
201900041669,3,1,,0,2,1,1,B01
201900041669,3,7,,0,9,1,13,A01
201900041670,2,33,,0,0,0,1,A01
201900041671,2,21,,0,0,4,2,B01
201900041671,2,33,,0,2,1,2,A01
201900041672,2,33,,0,2,1,17,A01
201900041672,2,7,,0,0,4,15,B01
201900041673,3,7,,0,2,3,1,A01
201900041673,3,7,,0,2,3,1,B01
201900041674,1,33,,0,0,8,15,A01
201900041675,1,7,,6,0,2,1,A01
201900041676,0,7,,0,2,1,1,B01
201900041676,3,7,,0,2,1,13,A01
201900041677,2,2,,0,2,8,13,A01
201900041677,1,33,,0,2,3,13,B01
201900041678,1,7,,0,1,1,1,A01
201900041679,1,33,,0,0,0,1,B01
201900041679,2,7,,0,0,0,5,A01
201900041680,0,2,,12,0,0,13,A01
201900041681,2,15,,7,0,8,2,A01
201900041682,0,7,,0,2,3,23,A01
201900041682,2,7,,0,2,1,14,B01
201900041683,2,33,,16,0,1,0,A01
201900041684,0,32,,0,2,1,1,D01
201900041684,1,7,,0,2,8,1,C01
201900041684,2,34,,0,2,1,1,B01
201900041684,3,7,,0,2,2,17,A01
201900041685,0,7,,5,0,0,1,A01
201900041686,0,31,,0,0,0,1,A01
201900041687,1,33,,0,2,2,17,B01
201900041687,1,7,,0,0,6,15,A01
201900041688,1,7,,0,2,7,1,B01
201900041688,2,1,,0,2,7,13,A01
201900041689,1,2,,0,2,1,1,A01
201900041689,1,7,,0,2,3,9,B01
201900041690,1,1,,0,2,7,1,A01
201900041690,1,7,,0,2,6,0,B01
201900041691,1,7,,0,2,5,13,B01
201900041691,2,7,,0,2,1,1,A01
201900041692,2,7,,0,0,3,1,A01
201900041693,3,33,,5,0,2,1,A01
201900041694,1,39,,0,2,1,1,B01
201900041694,2,7,,0,4,8,1,A01
201900041695,2,2,,0,0,7,0,A01
201900041696,3,33,,0,2,1,1,C01
201900041696,3,7,,0,2,1,1,B01
201900041696,3,7,,0,0,4,1,A01
201900041697,1,3,,0,2,4,2,B01
201900041697,2,7,,0,2,1,2,C01
201900041697,1,99,,0,2,3,2,A01
201900041698,2,7,,0,2,1,1,B01
201900041698,2,15,,0,2,1,1,A01
201900041699,1,33,,0,2,1,17,B01
201900041699,1,10,,0,2,6,15,A01
201900041700,2,7,,0,1,2,1,A01
201900041701,2,7,,0,2,1,1,B01
201900041701,1,7,,0,2,1,1,A01
201900041702,2,7,,0,2,1,1,C01
201900041702,2,7,,0,2,1,1,B01
201900041702,1,7,,0,2,1,13,A01
201900041703,2,7,,2,0,1,14,A01
201900041704,2,2,,0,2,1,25,A01
201900041704,1,7,,0,0,2,19,B01
201900041705,2,7,,0,1,2,1,A01
201900041706,2,7,,2,0,7,1,A01
201900041707,1,7,,0,2,1,1,B01
201900041707,2,7,,0,2,1,17,A01
201900041708,2,10,,0,1,2,12,A01
201900041709,3,2,,0,2,1,1,A01
201900041709,3,7,,0,2,3,1,B01
201900041710,2,7,,13,2,0,2,C01
201900041710,2,7,,13,2,8,17,B01
201900041710,1,7,,13,2,8,1,A01
201900041711,3,7,,0,1,2,1,A01
201900041712,0,13,,6,0,7,15,A01
201900041713,0,7,,0,1,1,1,A01
201900041714,2,7,,0,2,3,13,A01
201900041714,1,7,,0,2,3,1,B01
201900041715,1,7,,0,0,3,1,B01
201900041715,2,7,,0,0,1,13,A01
201900041716,1,7,,8,0,7,1,A01
201900041717,0,7,,6,0,2,1,A01
201900041718,2,21,,0,1,2,16,A01
201900041719,1,7,,0,1,0,1,A01
201900041720,1,14,,0,0,0,13,A01
201900041721,3,7,,0,0,8,15,A01
201900041721,1,7,,0,2,1,1,B01
201900041722,1,7,,0,2,1,17,A01
201900041722,2,7,,0,2,1,1,B01
201900041723,0,7,,0,0,1,16,A01
201900041724,3,1,,0,2,0,26,B01
201900041724,3,99,,0,2,0,1,A01
201900041725,2,7,,0,2,1,1,B01
201900041725,2,10,,0,0,4,1,A01
201900041726,1,7,,0,1,2,1,A01
201900041727,2,7,,0,1,2,0,A01
201900041728,2,7,,0,0,9,1,A01
201900041729,1,7,,0,2,1,2,A01
201900041729,1,2,,0,2,0,0,B01
201900041730,2,10,,1,0,4,23,A01
201900041730,2,38,10.0,1,0,1,1,B01
201900041731,1,10,,0,2,1,1,B01
201900041731,1,15,,0,0,4,1,A01
201900041732,2,7,,0,2,6,1,B01
201900041732,1,7,,0,2,3,1,A01
201900041733,1,7,,13,2,7,14,A01
201900041733,1,7,,13,2,8,1,B01
201900041733,1,15,,0,2,3,1,C01
201900041734,1,14,,0,0,4,1,B01
201900041734,1,10,,0,2,1,1,A01
201900041735,1,7,,0,1,8,1,A01
201900041736,1,7,,0,2,4,2,A01
201900041736,1,7,,0,2,1,2,B01
201900041737,3,7,,0,1,1,1,A01
201900041738,2,7,,0,1,1,15,A01
201900041739,1,80,,1,0,2,1,B01
201900041739,1,7,,0,0,8,22,A01
201900041740,3,7,,0,1,3,15,A01
201900041741,1,10,,0,2,2,1,B01
201900041741,2,7,,0,2,7,5,A01
201900041742,1,7,,2,0,8,0,A01
201900041743,1,7,,0,2,1,15,B01
201900041743,2,7,,0,2,1,1,A01
201900041744,1,7,,15,0,3,1,A01
201900041745,2,80,,0,2,8,1,B01
201900041745,1,7,,0,2,1,15,A01
201900041746,1,2,,0,0,7,1,A01
201900041747,1,7,,0,2,4,1,A01
201900041747,1,7,,0,2,4,2,B01
201900041747,1,7,,0,2,4,2,C01
201900041747,1,7,,0,2,1,2,D01
201900041748,1,7,,0,2,4,1,B01
201900041748,1,7,,0,2,1,2,C01
201900041749,1,7,,4,0,1,12,A01
201900041750,1,17,,0,2,1,11,A01
201900041750,1,7,,0,2,7,1,B01
201900041751,3,7,,0,2,7,26,B01
201900041751,3,7,,0,2,3,9,A01
201900041752,1,7,,0,2,1,2,A01
201900041752,1,7,,0,2,4,2,B01
201900041752,1,7,,0,2,4,2,C01
201900041753,2,7,,0,2,1,1,A01
201900041753,2,43,,0,2,0,0,B01
201900041753,2,7,,0,2,6,2,C01
201900041754,2,99,,0,2,1,5,A01
201900041754,1,7,,3,2,2,1,B01
201900041754,1,7,,0,2,1,1,C01
201900041755,2,7,,0,2,3,11,A01
201900041755,2,31,,0,2,7,3,B01
201900041756,1,7,,0,2,4,2,C01
201900041756,1,7,,0,2,4,2,B01
201900041756,1,7,,0,2,1,2,A01
201900041757,1,7,,4,2,8,1,B01
201900041757,1,14,,0,2,2,12,A01
201900041758,1,99,,0,2,5,9,A01
201900041759,1,7,,0,2,1,21,A01
201900041759,1,7,,0,2,4,1,B01
201900041759,1,7,,0,2,4,1,C01
201900041759,1,7,,0,2,4,1,D01
201900041759,1,7,,0,2,1,1,E01
201900041759,1,7,,0,2,4,0,F01
201900041760,3,7,,0,2,3,10,A01
201900041760,0,7,,0,2,1,1,B01
201900041761,2,7,,3,0,1,1,A01
201900041762,2,10,,0,2,1,1,A01
201900041762,1,10,,0,2,3,16,B01
201900041763,1,7,,0,2,1,2,A01
201900041763,1,10,,0,2,4,1,B01
201900041764,0,7,,0,1,3,1,A01
201900041765,1,32,,0,0,0,1,A01
201900041766,1,7,,0,2,1,2,A01
201900041766,1,7,,0,2,6,2,B01
201900041767,2,7,,0,2,4,2,B01
201900041767,2,7,,0,2,1,2,A01
201900041768,1,32,,0,2,2,1,A01
201900041768,1,30,,0,2,3,1,B01
201900041769,2,1,,0,2,1,9,B01
201900041770,3,7,,0,2,6,11,A01
201900041770,3,2,,0,2,1,1,B01
201900041771,2,33,,0,1,1,17,A01
201900041772,1,1,,0,0,0,25,A01
201900041773,3,50,,0,0,0,26,A01
201900041774,1,33,,0,2,2,2,B01
201900041774,3,7,,0,9,3,16,A01
201900041775,2,10,,0,2,3,15,A01
201900041775,1,32,,0,2,3,1,B01
201900041776,2,7,,0,2,1,2,A01
201900041776,2,7,,0,2,4,2,B01
201900041776,2,7,,0,2,4,2,C01
201900041777,3,33,,4,0,7,26,A01
201900041778,1,37,1.0,1,2,2,13,A01
201900041779,1,33,,0,0,7,21,A01
201900041780,3,7,,0,0,4,1,A01
201900041780,3,7,,0,2,1,1,B01
201900041781,1,7,,0,2,1,2,B01
201900041781,1,7,,0,2,4,4,A01
201900041782,3,7,,0,1,3,1,A01
201900041783,2,7,,0,2,4,23,B01
201900041783,2,7,,0,0,1,1,A01
201900041784,1,1,,0,0,0,15,A01
201900041785,1,3,,9,0,2,26,A01
201900041786,3,7,,0,2,3,15,A01
201900041786,3,2,,0,2,8,2,B01
201900041787,1,7,,0,1,1,15,A01
201900041788,1,7,,0,1,1,1,A01
201900041789,1,7,,0,2,3,1,B01
201900041789,1,1,,0,2,1,15,A01
201900041790,1,7,,0,1,3,1,A01
201900041791,2,30,,0,0,0,26,A01
201900041792,1,7,,0,1,3,0,A01
201900041793,2,7,,0,2,0,0,B01
201900041793,1,13,,0,2,0,0,A01
201900041794,1,7,,0,0,0,0,B01
201900041794,1,2,,0,2,4,0,A01
201900041795,0,10,,0,1,7,1,A01
201900041796,3,7,,0,2,4,0,B01
201900041796,3,7,,0,2,1,2,A01
201900041797,0,7,,1,0,3,14,A01
201900041798,2,7,,0,2,1,1,B01
201900041798,1,7,,0,2,1,16,A01
201900041799,1,7,,0,2,1,1,B01
201900041799,2,30,,0,2,1,1,A01
201900041800,1,7,,0,1,2,1,A01
201900041801,3,0,,0,2,2,19,Z01
201900041801,3,7,,0,2,5,19,A01
201900041802,0,10,,0,1,4,26,A01
201900041803,3,7,,0,2,1,1,B01
201900041803,3,7,,0,2,1,13,A01
201900041804,2,1,,0,2,2,19,B01
201900041804,1,7,,0,2,2,1,A01
201900041805,1,1,,0,2,8,1,B01
201900041805,1,7,,0,2,2,16,A01
201900041806,1,7,,0,1,3,1,A01
201900041807,0,7,,0,2,0,0,Z01
201900041807,1,1,,0,2,5,1,A01
201900041808,1,7,,0,2,4,2,B01
201900041808,1,7,,0,2,1,2,A01
201900041809,1,7,,0,2,8,1,B01
201900041809,1,10,,0,2,1,12,A01
201900041810,3,7,,0,1,3,15,A01
201900041811,3,1,,0,2,4,1,B01
201900041811,3,7,,0,9,1,2,A01
201900041812,2,7,,0,1,7,1,A01
201900041813,2,2,,0,2,0,1,B01
201900041813,1,7,,0,2,1,15,A01
201900041814,2,7,,0,1,3,15,A01
201900041815,2,30,,0,2,1,1,B01
201900041815,2,7,,0,2,3,19,A01
201900041816,1,7,,0,2,1,1,B01
201900041816,2,7,,0,2,1,13,A01
201900041817,3,33,,12,0,7,1,A01
201900041818,1,7,,0,2,1,2,A01
201900041818,1,7,,0,2,4,2,B01
201900041819,1,7,,0,2,1,2,A01
201900041819,1,7,,0,2,4,2,B01
201900041820,1,7,,0,1,1,1,A01
201900041821,1,7,,0,2,1,26,A01
201900041821,1,7,,0,2,8,1,B01
201900041822,1,7,,8,0,1,16,A01
201900041823,3,7,,0,1,1,26,A01
201900041824,1,7,,0,1,3,1,A01
201900041825,0,2,,0,2,1,2,B01
201900041825,3,7,,0,2,1,2,Z01
201900041826,1,7,,1,2,4,20,B01
201900041826,1,7,,0,2,1,2,A01
201900041827,1,7,,0,1,1,1,A01
201900041828,1,7,,0,1,2,15,A01
201900041829,1,1,,0,2,0,0,B01
201900041829,1,7,,0,2,0,0,A01
201900041830,3,7,,0,1,1,1,A01
201900041831,2,7,,0,2,1,1,B01
201900041831,1,30,,0,2,1,5,A01
201900041832,1,7,,0,2,3,23,B01
201900041832,2,7,,0,2,3,6,A01
201900041833,1,7,,0,1,3,26,A01
201900041834,3,33,,0,2,1,1,B01
201900041834,3,7,,0,2,8,15,A01
201900041835,1,7,,0,2,4,2,A01
201900041835,1,7,,0,2,4,2,B01
201900041836,3,7,,0,2,3,1,A01
201900041836,3,1,,0,2,0,0,B01
201900041837,2,7,,0,2,1,26,A01
201900041837,2,7,,0,2,4,26,B01
201900041838,0,33,,0,2,1,1,B01
201900041838,0,7,,0,2,1,15,A01
201900041839,3,7,,0,2,2,9,A01
201900041839,1,2,,0,2,1,1,B01
201900041840,0,37,1.0,0,0,4,1,C01
201900041840,0,7,,0,2,4,1,B01
201900041840,0,7,,0,2,1,1,A01
201900041841,0,31,,0,0,1,1,A01
201900041842,2,33,,0,2,1,1,B01
201900041842,2,7,,0,2,1,1,A01
201900041843,3,7,,8,0,3,14,A01
201900041844,1,7,,0,2,1,2,A01
201900041844,1,7,,0,2,9,2,B01