Num_Acc,senc,catv,occutc,obs,obsm,choc,manv,num_veh
201900041844,1,7,,0,2,6,2,C01
201900041845,1,7,,0,2,7,15,A01
201900041845,2,7,,0,2,1,26,B01
201900041846,2,7,,0,0,1,1,B01
201900041846,1,7,,0,0,1,13,A01
201900041847,3,32,,0,2,1,26,A01
201900041847,3,32,,0,2,1,0,B01
201900041848,0,2,,0,2,6,1,B01
201900041848,1,7,,0,2,2,11,A01
201900041849,0,7,,0,2,3,15,A01
201900041849,0,7,,0,2,1,1,B01
201900041850,1,7,,0,1,3,1,A01
201900041851,2,7,,1,0,1,1,A01
201900041852,1,7,,8,0,1,13,A01
201900041853,2,7,,0,0,1,2,A01
201900041853,2,7,,0,0,4,1,B01
201900041854,1,32,,0,2,2,26,B01
201900041854,2,7,,0,2,1,5,Z01
201900041855,3,7,,0,2,1,1,A01
201900041855,3,34,,0,2,8,1,B01
201900041856,0,7,,0,2,1,15,A01
201900041856,0,7,,0,2,1,8,B01
201900041857,1,7,,0,1,2,1,A01
201900041858,1,7,,0,2,6,23,B01
201900041858,1,33,,0,2,1,21,A01
201900041859,1,7,,15,1,1,0,A01
201900041860,1,7,,1,0,9,1,A01
201900041861,1,7,,13,0,2,26,A01
201900041862,3,7,,0,2,8,1,B01
201900041862,3,7,,0,2,1,19,A01
201900041863,3,2,,0,2,1,1,C01
201900041863,3,2,,0,2,1,1,B01
201900041863,3,7,,0,2,1,15,A01
201900041864,3,33,,0,2,3,1,B01
201900041864,3,7,,0,2,2,15,A01
201900041865,1,7,,0,2,8,1,B01
201900041865,2,1,,0,2,1,13,A01
201900041866,2,7,,0,1,3,1,A01
201900041867,2,7,,0,2,1,23,C01
201900041867,1,7,,0,2,2,19,A01
201900041867,2,7,,0,2,1,1,B01
201900041868,2,7,,0,2,6,11,Z01
201900041868,2,43,,0,2,2,3,B01
201900041869,1,1,,0,1,1,1,Z01
201900041870,2,30,,0,1,0,7,Z01
201900041871,1,30,,0,2,2,1,A01
201900041871,1,7,,0,2,1,1,B01
201900041872,1,7,,0,2,4,23,C01
201900041872,1,7,,0,2,2,2,A01
201900041872,1,7,,0,2,4,23,B01
201900041873,0,10,,0,2,3,1,B01
201900041873,0,30,,0,2,0,0,A01
201900041874,1,3,,0,2,3,2,A01
201900041874,1,3,,0,2,4,2,B01
201900041874,1,3,,0,9,4,2,C01
201900041875,1,7,,0,1,3,26,A01
201900041876,2,7,,0,2,4,23,B01
201900041876,2,10,,0,2,1,23,A01
201900041877,1,7,,0,2,1,0,B01
201900041877,1,30,,0,2,1,26,A01
201900041878,0,7,,0,0,2,0,B01
201900041878,1,7,,1,0,2,26,A01
201900041879,2,34,,0,2,1,0,B01
201900041879,2,7,,0,2,1,0,A01
201900041880,1,7,,0,2,4,0,B01
201900041880,1,7,,0,2,1,0,A01
201900041881,1,7,,0,2,5,2,A01
201900041881,1,2,,0,2,1,0,B01
201900041882,2,30,,0,0,0,26,A01
201900041883,1,33,,0,1,2,1,A01
201900041884,2,33,,0,1,1,1,A01
201900041885,3,1,,0,2,1,1,B01
201900041885,3,7,,0,2,2,1,A01
201900041886,1,33,,0,2,7,17,B01
201900041886,1,7,,0,2,3,13,A01
201900041887,3,1,,0,2,2,1,B01
201900041887,3,7,,0,2,3,22,A01
201900041888,3,7,,0,2,5,10,Z01
201900041888,2,33,,0,2,1,1,B01
201900041889,1,7,,0,2,8,15,B01
201900041889,1,31,,0,2,1,1,A01
201900041890,1,7,,0,2,1,16,A01
201900041890,2,7,,0,2,1,15,B01
201900041891,1,7,,1,0,6,1,A01
201900041892,2,1,,0,2,1,5,A01
201900041892,2,7,,0,2,2,1,B01
201900041893,1,34,,0,2,1,1,A01
201900041893,1,7,,0,2,6,15,B01
201900041894,2,7,,0,1,4,4,A01
201900041895,2,7,,0,2,3,1,B01
201900041895,2,30,,0,2,1,1,A01
201900041896,1,7,,0,6,3,15,A01
201900041896,1,1,,0,2,1,2,B01
201900041897,1,7,,0,2,3,16,A01
201900041897,1,1,,0,2,8,1,B01
201900041898,3,34,,0,2,1,1,B01
201900041898,3,7,,0,2,7,15,A01
201900041899,1,7,,0,2,2,1,B01
201900041899,1,7,,0,2,3,9,A01
201900041900,1,34,,0,2,8,5,B01
201900041900,2,7,,0,2,1,15,A01
201900041901,1,34,,0,2,1,17,A01
201900041901,2,33,,0,2,3,26,B01
201900041902,1,7,,0,0,8,15,A01
201900041902,1,33,,0,2,1,2,B01
201900041903,1,33,,1,0,3,16,A01
201900041904,2,7,,8,0,7,1,B01
201900041904,1,7,,0,2,1,19,A01
201900041905,1,7,,0,1,0,1,A01
201900041906,3,32,,0,2,1,1,B01
201900041906,0,7,,0,2,3,15,A01
201900041907,2,7,,8,0,3,16,A01
201900041908,1,1,,1,0,7,1,B01
201900041908,1,7,,0,6,8,22,A01
201900041909,2,50,,0,0,0,2,A01
201900041910,1,3,,0,1,1,19,A01
201900041911,3,37,1.0,0,0,0,26,A01
201900041912,1,7,,0,1,7,15,Z01
201900041913,1,1,,0,2,1,5,A01
201900041913,1,7,,0,2,2,2,B01
201900041914,2,7,,0,2,8,13,B01
201900041914,2,33,,0,2,7,1,A01
201900041915,1,33,,12,0,3,2,A01
201900041915,1,7,,0,0,0,11,B01
201900041916,2,7,,0,2,1,23,A01
201900041916,2,31,,0,2,1,1,B01
201900041917,2,7,,0,2,6,15,A01
201900041917,2,33,,0,2,2,1,B01
201900041918,1,33,,0,2,1,2,B01
201900041918,1,7,,0,2,8,15,A01
201900041919,2,50,,0,1,1,26,A01
201900041920,2,7,,1,2,1,17,B01
201900041920,1,32,,0,2,1,1,A01
201900041921,1,7,,0,0,8,22,A01
201900041921,1,1,,1,0,1,1,B01
201900041922,2,10,,0,2,2,14,A01
201900041923,1,7,,0,1,3,1,A01
201900041924,1,7,,1,0,5,10,A01
201900041924,2,99,,1,2,6,0,B01
201900041925,2,32,,0,1,4,23,A01
201900041925,2,7,,0,2,3,15,B01
201900041926,1,10,,0,2,3,15,B01
201900041926,1,32,,0,2,3,17,A01
201900041927,2,33,,3,2,1,1,A01
201900041927,1,10,,0,2,3,1,B01
201900041928,1,33,,0,2,1,1,A01
201900041928,1,7,,0,2,6,26,B01
201900041929,2,7,,0,2,1,2,A01
201900041929,2,7,,0,2,4,2,B01
201900041930,1,7,,15,0,1,1,A01
201900041931,3,7,,1,0,7,17,A01
201900041931,3,10,,0,2,8,23,B01
201900041932,2,7,,0,1,1,15,A01
201900041933,3,14,,0,1,4,26,A01
201900041934,0,33,,0,2,2,1,C01
201900041934,0,7,,0,2,4,1,B01
201900041934,0,7,,0,2,1,1,A01
201900041935,2,7,,0,1,5,0,A01
201900041936,2,32,,0,2,3,25,A01
201900041936,1,30,,0,2,2,16,B01
201900041937,1,33,,0,2,1,9,B01
201900041937,1,10,,0,2,2,12,A01
201900041938,1,7,,0,1,3,19,A01
201900041939,0,7,,0,2,3,1,B01
201900041939,0,32,,4,0,0,1,A01
201900041940,3,7,,0,2,1,1,B01
201900041940,3,7,,0,2,3,15,A01
201900041941,3,7,,0,1,3,1,B01
201900041942,3,7,,0,2,4,2,B01
201900041942,1,7,,0,2,1,2,A01
201900041943,1,7,,0,6,2,20,A01
201900041943,1,1,,0,2,1,1,B01
201900041944,3,10,,0,2,1,1,A01
201900041944,3,10,,0,2,1,17,B01
201900041945,3,7,,0,2,2,26,A01
201900041945,3,7,,0,2,3,1,B01
201900041946,0,32,,0,2,4,1,B01
201900041946,0,10,,0,2,1,1,A01
201900041947,3,7,,0,2,3,1,B01
201900041947,3,33,,0,2,1,1,A01
201900041948,2,20,,0,2,1,9,A01
201900041948,3,20,,0,2,7,19,B01
201900041949,2,10,,5,0,1,26,A01
201900041950,3,7,,0,2,3,1,B01
201900041950,3,7,,0,2,3,13,A01
201900041951,3,7,,0,2,0,16,Z01
201900041951,2,7,,0,2,8,2,B01
201900041952,1,7,,0,2,8,11,B01
201900041952,1,14,,0,2,2,2,A01
201900041953,3,2,,0,0,4,15,B01
201900041953,3,1,,0,2,1,18,A01
201900041954,1,7,,0,2,6,13,A01
201900041954,1,33,,0,2,1,3,B01
201900041955,1,7,,0,1,1,1,A01
201900041956,3,30,,0,1,3,0,A01
201900041957,3,33,,1,0,1,21,A01
201900041957,3,7,,0,2,6,23,B01
201900041958,3,7,,1,1,5,1,A01
201900041959,1,1,,0,2,1,1,B01
201900041959,1,7,,0,2,3,15,A01
201900041960,3,10,,1,0,1,1,A01
201900041960,3,7,,14,0,1,2,B01
201900041960,1,7,,0,2,4,23,C01
201900041961,1,32,,0,2,7,3,B01
201900041961,1,7,,0,2,8,15,A01
201900041962,3,7,,0,2,1,1,A01
201900041962,3,7,,0,2,4,2,B01
201900041963,2,7,,0,2,6,16,A01
201900041963,2,7,,0,2,2,1,B01
201900041964,2,32,,0,2,0,17,A01
201900041965,0,0,,0,1,4,0,A01
201900041966,1,7,,0,2,8,15,A01
201900041966,1,10,,0,2,0,19,Z01
201900041967,1,7,,0,2,4,0,C01
201900041967,1,7,,0,2,3,2,B01
201900041967,1,7,,0,2,6,23,A01
201900041968,1,7,,0,2,3,9,A01
201900041968,1,14,,0,2,2,1,B01
201900041969,1,7,,0,2,6,9,A01
201900041969,3,34,,0,2,2,9,B01
201900041970,3,7,,0,2,8,15,A01
201900041970,3,7,,0,2,1,1,B01
201900041971,1,7,,0,2,4,0,C01
201900041971,1,7,,0,2,4,23,B01
201900041971,1,7,,0,2,1,9,A01
201900041972,1,7,,0,2,3,26,A01
201900041972,1,33,,0,2,0,26,B01
201900041973,2,10,,4,0,9,1,A01
201900041974,1,7,,0,2,1,1,B01
201900041974,2,7,,1,0,1,1,A01
201900041975,2,7,,0,1,3,1,A01
201900041976,1,7,,0,2,5,26,A01
201900041976,1,10,,0,2,4,4,B01
201900041977,1,31,,0,2,3,1,A01
201900041977,1,7,,0,2,1,1,B01
201900041978,3,31,,0,1,3,1,A01
201900041979,1,7,,0,2,4,2,B01
201900041979,1,7,,0,2,1,2,A01
201900041980,3,10,,0,2,4,2,B01
201900041980,3,7,,0,2,1,2,A01
201900041981,1,7,,14,0,3,16,A01
201900041982,1,7,,0,2,1,26,A01
201900041982,1,7,,0,2,0,0,B01
201900041983,2,7,,0,1,2,1,A01
201900041984,3,60,,0,2,8,26,D01
201900041984,3,30,,0,2,0,0,C01
201900041984,3,7,,0,2,5,26,B01
201900041984,3,7,,8,2,1,21,A01
201900041985,1,7,,0,2,3,16,B01
201900041985,1,33,,0,2,1,1,A01
201900041986,3,7,,0,1,3,16,A01
201900041987,1,0,,0,1,1,0,A01
201900041988,1,32,,0,2,1,17,B01
201900041988,1,7,,0,2,8,10,A01
201900041989,1,7,,0,2,4,0,B01
201900041989,1,7,,0,2,1,26,A01
201900041989,1,7,,0,2,4,26,C01
201900041990,1,10,,0,4,4,23,B01
201900041990,1,37,5.0,0,2,1,1,A01
201900041991,1,7,,0,2,3,16,B01
201900041991,1,7,,0,2,4,1,A01
201900041991,1,7,,1,0,0,0,Z01
201900041992,2,7,,0,2,1,1,A01
201900041992,3,7,,0,2,8,10,B01
201900041993,1,33,,0,1,1,21,A01
201900041994,2,7,,0,2,2,1,A01
201900041994,3,60,,1,2,2,19,B01
201900041995,-1,1,,-1,-1,-1,-1,C01
201900041995,2,7,,0,2,2,14,A01
201900041996,1,33,,0,2,1,1,B01
201900041996,2,7,,0,2,3,15,A01
201900041997,2,1,,0,2,7,15,B01
201900041997,2,7,,0,2,3,1,A01
201900041998,2,32,,0,1,1,3,A01
201900041999,1,34,,0,0,1,1,A01
201900042000,2,7,,6,0,1,26,A01
201900042001,0,7,,0,2,3,0,B01
201900042001,0,7,,0,2,2,0,A01
201900042002,1,33,,1,0,8,0,B01
201900042002,0,7,,0,0,1,10,A01
201900042003,1,30,,6,0,1,14,A01
201900042004,1,7,,0,1,0,0,Z01
201900042005,1,10,,0,2,4,1,B01
201900042005,1,2,,0,2,1,2,A01
201900042006,1,7,,0,2,2,2,A01
201900042006,1,7,,0,2,3,1,B01
201900042007,1,7,,0,2,4,23,B01
201900042007,1,10,,0,2,1,1,A01
201900042008,3,33,,3,0,1,12,A01
201900042009,1,37,1.0,0,2,2,0,B01
201900042009,3,7,,0,2,3,9,A01
201900042010,2,33,,0,0,1,21,A01
201900042011,2,7,,9,0,3,0,A01
201900042012,1,1,,0,2,3,0,B01
201900042012,3,7,,0,9,3,26,A01
201900042013,1,1,,0,2,7,9,B01
201900042013,1,32,,0,9,1,15,A01
201900042014,1,32,,13,0,3,26,A01
201900042015,3,7,,11,0,1,21,A01
201900042016,2,32,,0,1,1,0,Z01
201900042017,2,7,,0,1,1,1,A01
201900042018,1,7,,0,1,3,1,A01
201900042019,1,7,,0,2,3,15,B01
201900042019,1,7,,0,2,2,1,A01
201900042020,1,7,,0,1,3,15,A01
201900042021,1,10,,2,0,1,26,A01
201900042022,1,7,,0,2,8,26,B01
201900042022,1,30,,0,2,2,1,A01
201900042023,3,7,,0,1,5,1,A01
201900042024,3,10,,0,2,1,9,B01
201900042024,3,33,,0,2,2,1,A01
201900042025,1,7,,0,2,4,15,A01
201900042025,1,7,,0,2,1,26,B01
201900042026,2,34,,0,2,1,1,A01
201900042026,2,34,,0,2,7,1,B01
201900042027,3,10,,0,2,0,0,B01
201900042027,3,7,,0,2,1,13,A01
201900042028,1,7,,0,2,6,23,B01
201900042028,1,33,,0,2,1,12,A01
201900042029,3,3,,0,2,3,9,B01
201900042029,3,3,,0,2,8,1,A01
201900042030,1,7,,0,2,1,1,CB01
201900042030,1,7,,0,2,4,9,A01
201900042031,1,33,,0,2,1,1,A01
201900042031,2,7,,0,2,2,15,B01
201900042032,1,3,,0,1,2,1,A01
201900042032,1,3,,0,0,0,0,T01
201900042033,1,0,,0,1,3,0,A01
201900042034,3,7,,0,2,3,15,A01
201900042034,3,7,,0,2,3,1,B01
201900042035,3,7,,0,1,3,1,A01
201900042036,1,7,,0,1,1,26,A01
201900042037,0,7,,0,1,1,2,A01
201900042038,0,7,,0,2,1,2,A01
201900042038,0,7,,0,2,4,2,C01
201900042038,0,7,,0,2,4,2,B01
201900042039,0,7,,0,2,3,9,A01
201900042039,0,32,,0,2,1,26,Z01
201900042040,0,10,,0,1,4,20,A01
201900042041,1,33,,0,2,1,1,B01
201900042041,2,7,,0,2,1,15,A01
201900042042,1,10,,0,2,5,15,B01
201900042042,1,30,,0,2,5,18,A01
201900042043,-1,7,,-1,-1,-1,-1,F01
201900042043,0,7,,1,2,1,2,A01
201900042044,3,7,,0,0,3,15,A01
201900042044,3,34,,0,0,3,1,B01
201900042045,3,0,,0,2,0,26,B01
201900042045,1,33,,0,1,1,26,A01
201900042046,1,32,,0,2,1,1,A01
201900042046,2,1,,0,2,8,5,B01
201900042047,2,2,,0,2,1,1,B01
201900042047,3,30,,0,2,2,19,A01
201900042048,0,1,,0,2,1,18,B01
201900042048,1,7,,0,2,2,16,A01
201900042049,0,32,,0,2,1,0,B01
201900042049,0,7,,0,0,0,0,A01
201900042050,2,34,,0,1,1,18,A01
201900042051,0,32,,0,2,1,1,B01
201900042051,2,7,,0,2,1,15,A01
201900042052,3,37,1.0,0,1,1,9,A01
201900042053,3,7,,0,1,5,1,A01
201900042054,2,7,,0,2,7,5,B01
201900042054,1,7,,0,2,2,1,A01
201900042055,1,32,,0,2,7,1,A01
201900042055,1,1,,0,2,0,0,B01
201900042056,1,7,,0,1,2,1,A01
201900042057,0,7,,0,2,1,1,B01
201900042057,0,7,,0,2,3,26,A01
201900042058,1,20,,0,1,6,23,A01
201900042058,1,1,,1,0,1,1,B01
201900042059,1,10,,0,2,3,1,A01
201900042059,1,1,,0,2,7,1,B01
201900042060,1,7,,0,2,3,19,A01
201900042060,2,31,,0,2,2,15,B01
201900042061,2,7,,0,2,2,14,A01
201900042061,2,7,,3,2,8,1,B01
201900042062,1,7,,0,2,2,12,A01
201900042062,1,7,,0,2,6,2,B01
201900042062,1,7,,0,2,8,2,C01
201900042063,2,7,,0,2,2,1,B01
201900042063,2,31,,3,2,3,18,A01
201900042064,1,7,,0,2,7,17,A01
201900042065,3,34,,0,0,7,1,A01
201900042066,2,7,,0,2,4,1,B01
201900042066,2,43,,0,2,2,11,A01
201900042067,1,7,,0,2,4,1,E01
201900042067,1,7,,0,2,3,1,D01
201900042067,1,7,,0,2,6,1,C01
201900042067,1,10,,0,2,6,1,B01
201900042067,1,33,,0,2,8,3,A01
201900042068,1,10,,0,2,1,2,A01
201900042068,1,7,,0,2,4,2,B01
201900042068,1,7,,0,2,1,2,C01
201900042069,1,10,,0,2,4,2,B01
201900042069,1,7,,0,2,1,2,A01
201900042070,2,7,,4,0,2,1,A01
201900042071,2,7,,0,2,5,1,C01
201900042071,2,33,,0,2,2,3,B01
201900042071,2,7,,0,2,3,11,A01
201900042072,2,10,,0,2,1,2,B01
201900042072,2,17,,0,2,4,2,A01
201900042073,1,43,,0,0,9,3,A01
201900042074,1,10,,0,2,8,11,Z01
201900042074,1,7,,0,2,2,1,B01
201900042075,2,7,,14,2,3,9,A01
201900042075,2,14,,0,2,7,1,B01
201900042076,1,33,,0,2,4,1,A01
201900042076,1,7,,0,2,1,0,Z01
201900042077,1,31,,0,0,9,12,A01
201900042078,2,34,,0,0,9,0,A01
201900042079,2,7,,0,2,4,1,B01
201900042079,2,33,,0,2,1,1,A01
201900042080,1,33,,0,0,0,1,A01
201900042081,1,7,,0,0,0,2,A01
201900042082,1,7,,0,2,5,1,A01
201900042082,1,7,,0,2,3,0,B01
201900042083,1,7,,0,2,7,1,B01
201900042083,1,17,,0,2,3,13,A01
201900042084,2,33,,0,0,0,3,A01
201900042085,2,7,,0,2,4,1,C01
201900042085,2,34,,0,2,6,3,A01
201900042085,2,7,,0,2,5,1,B01
201900042086,1,7,,0,2,1,5,A01
201900042086,1,7,,0,2,7,0,B01
201900042087,3,37,1.0,12,1,3,20,A01
201900042088,3,7,,8,0,3,1,B01
201900042088,3,7,,0,2,2,14,A01
201900042089,3,1,,0,0,8,1,B01
201900042089,3,7,,0,2,7,16,A01
201900042090,2,33,,0,2,9,2,D01
201900042090,2,7,,0,2,4,1,B01
201900042090,2,7,,0,2,4,1,C01
201900042090,2,7,,0,2,1,2,A01
201900042091,1,7,,3,0,1,1,A01
201900042092,1,7,,0,1,3,21,A01
201900042093,2,7,,6,0,2,1,A01
201900042094,2,7,,0,2,1,2,A01
201900042094,2,7,,0,2,4,1,B01
201900042095,1,7,,0,2,8,9,A01
201900042095,1,7,,0,2,3,2,B01
201900042096,3,7,,0,1,1,14,A01
201900042097,2,7,,0,1,5,20,A01
201900042098,1,10,,0,6,2,1,B01
201900042098,1,1,,0,2,1,5,C01
201900042099,1,7,,0,2,4,26,B01
201900042099,1,7,,0,2,1,2,A01
201900042100,2,7,,0,1,1,16,A01
201900042101,1,7,,14,2,1,0,A01
201900042101,1,2,,14,2,2,19,B01
201900042102,3,7,,0,2,1,1,B01
201900042102,3,2,,0,2,1,15,A01
201900042103,1,7,,0,2,1,16,A01
201900042103,2,7,,0,2,5,0,B01
201900042104,2,7,,9,2,3,9,A01
201900042104,2,7,,0,2,2,1,B01
201900042105,2,7,,0,2,2,1,B01
201900042105,2,21,,0,2,4,11,A01
201900042106,1,20,,0,0,1,14,A01
201900042107,0,7,,0,2,4,2,B01
201900042107,0,7,,0,2,4,2,Z01
201900042108,0,7,,15,0,2,1,A01
201900042109,1,31,,0,2,1,1,B01
201900042109,1,7,,0,2,3,9,A01
201900042110,2,7,,0,2,2,15,A01
201900042110,2,2,,0,2,1,1,B01
201900042111,0,7,,0,2,2,1,B01
201900042111,0,7,,0,2,5,20,A01
201900042112,1,7,,0,2,7,2,B01
201900042112,1,7,,0,2,6,9,A01
201900042113,3,31,,0,2,4,1,B01
201900042113,0,7,,0,2,2,26,A01
201900042114,1,31,,0,0,1,26,A01
201900042115,1,7,,0,2,7,2,A01
201900042115,1,7,,0,2,1,2,C01
201900042115,1,7,,0,2,9,2,B01
201900042116,2,7,,0,2,0,13,A01
201900042116,2,7,,0,2,4,2,C01
201900042116,2,7,,0,2,1,2,E01
201900042116,2,7,,0,2,4,1,B01
201900042116,2,7,,0,2,9,2,D01
201900042117,1,10,,0,1,3,2,A01
201900042118,1,1,,0,2,8,15,B01
201900042118,0,7,,0,0,0,23,C01
201900042118,1,7,,0,6,1,17,A01
201900042119,0,1,,0,2,7,1,B01
201900042119,0,7,,0,2,1,26,A01
201900042120,1,7,,13,0,1,1,A01
201900042121,0,33,,3,0,1,14,A01
201900042122,2,2,,0,2,1,1,B01
201900042122,1,7,,0,2,3,15,A01
201900042123,1,7,,0,2,1,2,A01
201900042123,1,7,,0,2,2,15,B01
201900042124,0,7,,0,2,3,1,B01
201900042124,0,7,,0,2,1,1,A01
201900042125,2,14,,0,1,1,1,A01
201900042126,1,34,,0,1,3,21,A01
201900042127,2,30,,0,0,7,26,A01
201900042128,2,31,,0,2,4,23,B01
201900042128,2,7,,0,2,1,2,A01
201900042129,1,7,,0,2,3,0,B01
201900042129,1,34,,0,2,2,17,A01
201900042130,1,10,,8,0,2,21,A01
201900042131,3,7,,16,0,7,16,B01
201900042131,3,32,,0,2,7,9,A01
201900042132,1,30,,0,1,1,2,Z01
201900042133,2,2,,0,2,3,1,B01
201900042133,2,7,,0,2,1,10,A01
201900042134,1,7,,0,1,2,1,A01
201900042135,1,32,,0,1,1,9,A01
201900042136,1,30,,0,2,2,0,B01
201900042136,1,7,,0,2,3,11,A01
201900042137,1,1,,0,1,1,26,A01
201900042138,2,33,,0,0,0,1,A01
201900042139,3,7,,6,0,1,20,A01
201900042140,0,7,,0,1,8,1,A01
201900042141,2,33,,0,2,3,1,A01
201900042141,2,7,,0,2,2,16,B01
201900042142,1,7,,0,2,3,26,A01
201900042142,2,7,,0,2,2,0,B01
201900042143,1,10,,0,2,1,2,A01
201900042143,1,10,,0,6,4,2,B01
201900042144,1,34,,0,2,2,17,A01
201900042144,2,7,,0,2,3,15,B01
201900042145,3,10,,0,2,1,1,A01
201900042145,3,3,,0,0,4,1,B01
201900042146,3,10,,0,1,0,19,A01
201900042147,3,7,,8,2,1,0,A01
201900042147,3,7,,0,2,2,19,B01
201900042148,2,31,,0,1,1,7,B01
201900042148,1,7,,0,2,3,1,A01
201900042149,2,10,,0,2,6,2,B01
201900042149,2,32,,0,2,7,2,A01
201900042150,1,7,,0,2,1,16,A01
201900042150,3,7,,0,2,1,23,B01
201900042151,0,7,,0,1,1,0,A01
201900042152,0,7,,0,2,4,4,A01
201900042152,0,2,,0,2,1,1,B01
201900042153,2,17,,0,2,2,1,B01
201900042153,2,7,,3,2,0,14,A01
201900042154,2,15,,0,2,2,14,A01
201900042154,2,10,,0,2,2,1,C01
201900042154,2,7,,0,2,6,1,B01
201900042155,1,7,,0,2,8,11,A01
201900042155,1,33,,0,2,2,3,B01
201900042156,1,33,,0,2,1,3,B01
201900042156,1,10,,0,2,2,1,C01
201900042156,1,7,,0,2,6,12,A01
201900042157,1,10,,0,2,5,1,B01
201900042157,1,33,,0,2,3,3,A01
201900042158,2,7,,0,2,4,26,A01
201900042158,2,7,,0,2,1,0,C01
201900042158,2,7,,0,2,4,0,B01
201900042159,2,7,,0,2,1,1,A01
201900042159,2,10,,0,2,4,1,B01
201900042160,-1,32,,0,0,0,-1,B01
201900042161,1,32,,0,2,4,3,B01
201900042161,1,33,,0,2,1,3,A01
201900042162,1,7,,0,2,4,0,B01
201900042162,1,33,,0,2,1,3,A01
201900042163,2,7,,0,2,4,2,B01
201900042163,2,17,,0,2,1,2,A01
201900042164,3,2,,0,2,7,1,B01
201900042164,1,7,,0,2,1,15,C01
201900042165,1,7,,3,0,9,14,A01
201900042166,3,7,,0,2,1,1,A01
201900042166,3,37,1.0,0,2,0,0,B01
201900042167,1,10,,0,2,6,1,B01
201900042167,1,7,,3,2,1,17,A01
201900042168,3,7,,0,2,4,1,B01
201900042168,3,7,,0,2,1,1,A01
201900042169,3,7,,0,2,5,24,B01
201900042169,3,7,,1,0,1,15,A01
201900042170,0,7,,0,1,1,1,A01
201900042171,0,7,,0,2,4,1,C01
201900042171,0,7,,0,2,4,1,B01
201900042171,0,10,,0,2,1,21,A01
201900042172,1,7,,0,1,1,1,A01
201900042173,2,7,,0,2,1,26,Z01
201900042173,2,30,,0,2,4,26,A01
201900042174,2,32,,0,1,1,1,A01
201900042175,1,7,,0,2,3,15,A01
201900042175,2,32,,0,2,3,1,B01
201900042176,2,0,,0,1,0,0,A01
201900042177,2,30,,0,2,8,1,B01
201900042177,1,10,,0,2,1,9,A01
201900042178,2,3,,0,1,1,1,A01
201900042179,1,3,,0,2,3,15,A01
201900042179,1,30,,0,2,2,17,B01
201900042180,1,30,,0,6,1,1,A01
201900042181,3,30,,14,0,7,19,A01
201900042182,1,34,,0,1,1,1,A01
201900042182,1,7,,0,6,1,1,B01
201900042183,1,33,,0,2,1,1,C01
201900042183,1,33,,0,2,4,23,B01
201900042183,1,13,,0,2,6,23,A01
201900042184,1,7,,0,2,1,1,B01
201900042185,2,7,,1,0,2,1,A01
201900042185,1,7,,0,0,0,0,B01
201900042186,1,7,,0,2,3,15,C01
201900042186,1,33,,0,2,2,21,A01
201900042187,1,7,,0,6,8,17,A01
201900042187,1,33,,0,2,1,17,B01
201900042188,1,31,,2,0,1,0,A01
201900042189,1,7,,0,2,4,2,B01
201900042189,1,31,,0,2,1,2,A01
201900042190,1,7,,0,2,1,2,A01
201900042190,1,7,,0,1,1,2,B01
201900042191,3,7,,0,1,1,26,A01
201900042192,3,7,,0,2,1,19,A01
201900042192,1,33,,0,2,0,0,B01
201900042193,3,33,,0,2,1,2,A01
201900042193,2,7,,0,0,4,1,B01
201900042193,2,7,,0,0,0,0,T01
201900042194,2,7,,0,1,1,9,A01
201900042195,2,7,,0,2,3,15,A01
201900042195,1,0,,0,0,0,0,B01
201900042196,0,7,,0,2,3,15,A01
201900042196,0,32,,0,2,9,1,B01
201900042197,1,37,1.0,0,2,5,1,B01
201900042197,2,7,,0,2,1,26,A01
201900042198,3,7,,0,2,1,26,A01
201900042198,1,7,,0,2,6,26,B01
201900042198,2,7,,0,2,8,26,C01
201900042199,1,7,,0,1,5,1,A01
201900042200,2,7,,0,2,1,1,A01
201900042200,1,7,,0,2,6,1,B01
201900042201,2,7,,0,1,1,16,A01
201900042202,3,30,,0,2,1,13,A01
201900042202,3,7,,0,2,1,1,B01
201900042203,1,7,,0,1,1,1,A01
201900042204,1,7,,0,1,1,16,A01
201900042205,1,7,,0,2,1,1,A01
201900042205,1,1,,0,2,1,0,B01
201900042206,3,7,,0,1,3,15,B01
201900042206,3,1,,0,2,1,16,A01
201900042207,3,10,,0,2,8,9,A01
201900042207,1,2,,0,2,2,0,B01
201900042208,3,7,,0,1,2,1,A01
201900042209,3,7,,2,0,1,13,A01
201900042210,3,1,,1,0,1,1,B01
201900042210,3,7,,1,0,8,22,A01
201900042211,3,31,,0,2,3,21,A01
201900042212,1,7,,0,1,1,16,A01
201900042213,1,1,,0,2,3,0,B01
201900042214,1,7,,0,2,6,2,B01
201900042214,1,2,,0,2,1,2,A01
201900042215,1,7,,0,2,8,15,A01
201900042215,1,2,,0,2,1,1,B01
201900042216,2,32,,0,2,1,1,A01
201900042216,1,7,,0,2,8,15,B01
201900042217,2,7,,0,2,7,16,B01
201900042217,1,1,,0,2,1,5,A01
201900042218,1,7,,0,2,1,15,A01
201900042218,1,2,,0,2,7,1,B01
201900042219,1,7,,0,2,2,19,A01
201900042219,1,2,,0,2,8,1,B01
201900042220,1,37,0.0,0,1,2,9,D01
201900042221,1,7,,0,0,9,0,A01
201900042222,2,34,,0,2,1,1,B01
201900042222,2,7,,0,2,4,1,A01