Num_Acc,senc,catv,occutc,obs,obsm,choc,manv,num_veh
201900042223,2,7,,0,2,3,1,B01
201900042223,2,7,,0,2,5,1,A01
201900042224,1,10,,0,2,8,1,C01
201900042224,1,33,,0,2,1,3,B01
201900042224,1,7,,0,2,5,1,A01
201900042225,1,7,,4,0,2,26,A01
201900042226,1,7,,0,2,0,26,A01
201900042226,1,7,,0,0,0,0,B01
201900042227,1,7,,0,2,4,23,C01
201900042227,1,7,,0,2,1,2,B01
201900042227,1,7,,0,2,1,2,A01
201900042228,2,10,,0,2,1,2,A01
201900042228,2,7,,0,2,4,1,B01
201900042229,2,32,,0,2,1,3,B01
201900042229,2,10,,0,2,3,12,A01
201900042230,1,33,,0,2,7,1,B01
201900042230,1,7,,0,2,8,11,A01
201900042231,1,10,,0,2,4,23,D01
201900042231,1,10,,0,2,8,23,C01
201900042231,1,10,,0,2,4,0,B01
201900042231,1,10,,0,2,1,2,A01
201900042231,1,7,,0,2,4,23,E01
201900042232,1,7,,0,2,1,1,A01
201900042232,1,7,,0,2,4,2,B01
201900042232,1,7,,0,2,4,2,C01
201900042233,1,7,,4,0,1,15,A01
201900042234,1,7,,0,2,0,0,B01
201900042234,1,7,,0,2,0,0,A01
201900042235,1,7,,3,0,1,1,A01
201900042236,2,7,,3,0,1,14,A01
201900042237,1,7,,0,2,5,12,A01
201900042237,1,31,,0,2,8,1,B01
201900042238,2,7,,0,2,1,2,A01
201900042238,2,7,,0,2,4,2,B01
201900042239,1,7,,0,2,6,11,B01
201900042239,1,33,,0,2,1,3,A01
201900042240,2,7,,0,0,0,26,A01
201900042241,2,10,,6,0,0,0,A01
201900042242,2,7,,0,2,6,1,B01
201900042242,2,10,,0,2,2,14,A01
201900042243,1,7,,0,2,1,2,A01
201900042243,1,7,,0,2,4,2,B01
201900042244,1,7,,0,2,8,11,A01
201900042244,1,7,,0,2,7,3,B01
201900042245,1,33,,0,2,1,2,A01
201900042245,1,7,,0,2,4,2,B01
201900042246,2,7,,0,2,9,26,A01
201900042246,2,17,,0,2,3,26,B01
201900042247,1,0,,0,2,0,0,Z01
201900042247,1,33,,4,2,7,1,A01
201900042248,1,33,,0,2,7,3,A01
201900042248,1,7,,0,2,8,1,B01
201900042248,1,7,,0,2,4,12,C01
201900042249,1,10,,0,2,7,12,A01
201900042249,1,33,,0,2,8,3,B01
201900042249,1,10,,0,2,8,1,C01
201900042250,2,33,,0,2,3,3,A01
201900042250,2,7,,0,2,7,12,B01
201900042251,1,7,,4,0,1,1,A01
201900042252,1,7,,0,2,2,17,B01
201900042252,1,10,,4,2,6,1,A01
201900042253,1,7,,4,0,1,1,A01
201900042254,1,7,,0,2,4,1,C01
201900042254,1,32,,0,2,7,3,B01
201900042254,1,7,,0,2,8,11,A01
201900042255,2,32,,0,2,1,1,A01
201900042255,2,7,,0,2,4,2,B01
201900042256,2,15,,0,2,2,12,A01
201900042256,2,10,,0,2,6,1,B01
201900042257,1,7,,13,2,4,16,B01
201900042257,1,7,,13,2,6,16,A01
201900042258,2,7,,0,2,3,1,B01
201900042258,1,7,,0,2,5,1,A01
201900042259,2,7,,0,1,1,1,A01
201900042260,3,30,,0,0,0,1,A01
201900042261,1,30,,0,0,7,1,A01
201900042262,3,7,,0,1,5,26,A01
201900042263,1,34,,0,0,0,2,A01
201900042264,1,34,,0,2,2,17,A01
201900042264,1,7,,0,2,3,15,B01
201900042265,2,32,,0,2,3,1,A01
201900042265,1,7,,0,2,1,15,B01
201900042266,2,7,,0,2,1,2,A01
201900042266,2,7,,0,2,4,1,B01
201900042267,2,7,,3,2,7,12,A01
201900042268,1,7,,0,2,4,2,B01
201900042268,1,33,,0,2,1,2,A01
201900042269,2,43,,0,2,1,11,A01
201900042269,2,7,,0,2,4,1,B01
201900042270,3,31,,8,0,8,16,A01
201900042271,3,33,,0,2,7,15,B01
201900042271,3,7,,0,2,1,1,A01
201900042272,1,7,,0,2,1,24,C01
201900042272,1,7,,0,2,1,0,B01
201900042272,1,7,,0,2,1,15,A01
201900042273,3,7,,0,2,3,11,A01
201900042273,3,10,,0,2,7,1,B01
201900042274,3,15,,0,1,2,21,A01
201900042275,0,32,,0,2,1,1,B01
201900042275,3,7,,0,2,3,15,A01
201900042276,2,30,,0,2,1,1,B01
201900042276,1,7,,0,2,7,15,A01
201900042277,1,7,,0,2,3,16,A01
201900042277,1,2,,0,2,1,1,B01
201900042278,0,0,,0,1,0,0,A01
201900042279,1,7,,0,2,7,1,B01
201900042279,2,14,,0,2,1,1,A01
201900042280,3,7,,0,2,6,1,B01
201900042280,3,7,,0,2,1,1,A01
201900042281,2,7,,0,2,1,15,A01
201900042281,1,33,,0,2,8,0,B01
201900042282,2,13,,3,2,6,26,A01
201900042282,2,10,,0,2,4,23,B01
201900042283,1,7,,0,0,0,11,B01
201900042283,1,33,,0,2,0,1,A01
201900042284,2,50,,1,0,2,1,B01
201900042284,3,3,,0,2,3,24,A01
201900042285,2,7,,0,1,3,15,A01
201900042286,1,7,,0,1,1,26,A01
201900042287,3,7,,0,1,1,19,A01
201900042288,2,7,,0,2,3,2,A01
201900042288,2,33,,0,2,4,2,B01
201900042289,2,7,,0,2,0,0,A01
201900042289,1,33,,14,2,9,23,B01
201900042289,1,7,,0,2,5,24,C01
201900042289,1,7,,0,2,6,24,D01
201900042290,0,10,,0,0,5,12,B01
201900042290,0,33,,0,2,1,21,G01
201900042291,0,10,,0,1,4,20,A01
201900042292,3,7,,0,2,4,2,C01
201900042292,3,7,,0,2,4,2,B01
201900042292,3,10,,0,2,1,2,A01
201900042293,2,7,,0,1,1,1,A01
201900042294,2,17,,0,2,1,2,D01
201900042294,2,7,,0,2,1,2,C01
201900042294,1,13,,0,2,4,2,B01
201900042294,2,7,,3,0,1,1,A01
201900042294,2,7,,0,2,1,2,E01
201900042295,1,7,,0,9,3,1,A01
201900042295,1,1,,0,2,1,1,B01
201900042296,1,7,,0,2,3,10,A01
201900042296,2,31,,0,2,1,2,B01
201900042297,3,2,,0,2,1,1,B01
201900042297,3,7,,0,2,8,19,A01
201900042298,2,7,,0,1,2,1,A01
201900042299,1,1,,0,2,1,19,A01
201900042299,2,7,,0,9,8,1,B01
201900042300,1,7,,8,0,1,9,A01
201900042301,3,10,,0,2,6,9,A01
201900042301,2,33,,0,2,1,1,B01
201900042302,1,7,,0,2,4,2,B01
201900042302,1,7,,0,2,1,2,A01
201900042303,1,34,,0,2,1,1,B01
201900042303,2,7,,0,2,1,15,A01
201900042304,2,7,,0,2,6,1,B01
201900042304,2,7,,0,2,1,1,A01
201900042305,1,7,,0,2,1,1,B01
201900042305,2,7,,0,2,1,13,A01
201900042306,1,32,,0,2,1,1,B01
201900042306,2,7,,0,6,1,15,A01
201900042307,2,7,,0,1,1,1,A01
201900042308,1,7,,0,2,1,2,A01
201900042308,1,7,,0,2,4,2,B01
201900042308,1,7,,0,2,4,2,C01
201900042309,1,7,,1,0,3,1,A01
201900042309,3,7,,1,2,7,0,B01
201900042309,3,7,,1,2,3,0,C01
201900042310,2,7,,0,2,4,2,B01
201900042310,2,7,,0,2,1,1,A01
201900042311,2,7,,0,2,1,15,A01
201900042311,1,1,,0,2,8,1,B01
201900042312,1,7,,0,1,2,26,A01
201900042313,1,1,,0,2,4,2,A01
201900042313,1,7,,0,2,0,2,Z01
201900042314,1,7,,0,1,2,1,A01
201900042315,1,7,,0,1,1,1,A01
201900042316,3,7,,0,9,3,2,A01
201900042316,3,10,,0,9,2,1,C01
201900042317,2,7,,0,2,3,1,A01
201900042317,2,7,,0,2,2,1,B01
201900042318,2,7,,0,2,2,1,A01
201900042318,1,7,,0,2,3,1,B01
201900042319,2,7,,0,1,1,1,A01
201900042320,1,7,,0,2,1,2,A01
201900042320,1,7,,0,2,4,23,B01
201900042320,1,7,,0,2,4,23,C01
201900042320,1,7,,0,2,4,23,D01
201900042321,2,7,,15,0,3,13,A01
201900042322,1,7,,0,2,1,15,A01
201900042322,2,33,,0,2,1,1,B01
201900042323,3,7,,0,2,3,1,B01
201900042323,3,7,,0,2,2,9,A01
201900042324,1,37,1.0,0,1,3,1,A01
201900042325,1,7,,0,1,2,26,A01
201900042326,1,7,,0,2,2,15,A01
201900042326,2,7,,0,2,1,1,B01
201900042327,2,14,,0,2,1,2,A01
201900042327,2,14,,0,0,4,2,B01
201900042328,0,33,,0,1,7,1,A01
201900042329,0,7,,0,2,3,9,A01
201900042329,0,2,,0,2,1,1,B01
201900042330,1,1,,0,2,1,1,B01
201900042330,1,7,,0,2,3,1,A01
201900042331,2,7,,0,2,1,1,A01
201900042331,2,7,,0,2,4,1,B01
201900042331,2,7,,0,2,4,1,C01
201900042331,2,7,,0,2,4,1,D01
201900042331,1,7,,0,2,4,1,E01
201900042332,3,32,,0,2,1,26,A01
201900042332,3,7,,0,2,4,26,B01
201900042332,3,7,,0,9,4,26,C01
201900042333,0,7,,8,0,5,14,A01
201900042334,1,7,,0,2,1,1,C01
201900042334,1,7,,0,2,1,1,B01
201900042334,1,7,,14,2,9,1,A01
201900042335,2,7,,0,2,7,16,A01
201900042335,2,50,,0,2,8,1,B01
201900042336,3,30,,0,0,0,1,A01
201900042337,2,7,,0,2,1,21,B01
201900042337,2,7,,0,2,6,21,A01
201900042338,1,7,,0,2,3,15,A01
201900042338,2,2,,0,2,1,1,B01
201900042339,1,7,,12,0,1,1,A01
201900042340,2,7,,0,2,6,1,B01
201900042340,2,31,,0,2,2,12,A01
201900042341,2,33,,0,2,2,17,A01
201900042341,2,7,,0,2,3,1,B01
201900042341,2,7,,0,2,5,1,C01
201900042342,3,1,,0,2,8,19,A01
201900042342,3,7,,0,2,2,1,B01
201900042343,1,7,,0,2,1,17,A01
201900042343,1,7,,0,2,4,17,B01
201900042343,1,7,,0,2,4,17,C01
201900042343,1,7,,0,0,4,17,D01
201900042344,3,10,,0,2,0,0,C01
201900042344,3,1,,0,2,8,1,B01
201900042345,0,10,,0,2,1,1,Z01
201900042345,1,7,,0,2,7,1,A01
201900042346,2,7,,0,1,1,15,A01
201900042347,1,7,,0,1,3,1,A01
201900042348,1,99,,0,1,1,15,A01
201900042349,2,33,,4,2,8,1,A01
201900042349,2,7,,2,2,8,1,B01
201900042350,2,7,,0,0,4,0,D01
201900042350,2,7,,0,2,4,0,C01
201900042350,2,7,,0,2,4,0,B01
201900042350,2,10,,0,2,1,26,A01
201900042351,1,7,,0,2,4,1,D01
201900042351,1,7,,0,2,4,1,C01
201900042351,1,7,,0,2,4,1,B01
201900042351,1,10,,0,2,1,1,A01
201900042352,0,7,,0,2,1,1,A01
201900042352,0,7,,0,2,4,1,B01
201900042353,3,10,,2,0,1,6,A01
201900042354,0,7,,0,1,1,1,A01
201900042355,2,10,,0,2,3,15,A01
201900042355,1,7,,0,2,2,1,B01
201900042356,1,7,,0,2,4,23,C01
201900042356,1,7,,0,2,4,23,B01
201900042356,1,7,,0,2,1,2,A01
201900042357,1,2,,0,2,1,17,B01
201900042357,1,7,,0,2,3,15,A01
201900042358,2,7,,0,2,3,15,A01
201900042358,1,31,,0,2,8,1,B01
201900042359,2,7,,0,2,3,17,A01
201900042359,2,7,,0,2,3,1,B01
201900042360,0,7,,0,2,1,15,A01
201900042360,0,32,,0,2,1,17,B01
201900042361,1,7,,0,1,2,26,A01
201900042362,1,7,,0,2,1,2,A01
201900042362,1,7,,0,2,5,1,B01
201900042363,0,7,,0,2,3,15,B01
201900042363,0,34,,0,2,1,17,A01
201900042364,2,7,,0,2,1,15,A01
201900042364,1,33,,0,2,8,1,B01
201900042365,1,10,,0,2,3,10,A01
201900042365,1,7,,13,2,9,26,B01
201900042366,3,7,,0,2,3,19,A01
201900042366,3,2,,0,2,2,1,B01
201900042367,1,14,,0,2,8,15,A01
201900042367,2,3,,0,2,3,1,B01
201900042368,0,20,,0,1,3,16,A01
201900042369,3,7,,0,2,3,9,A01
201900042369,1,10,,0,2,5,1,B01
201900042370,1,7,,2,0,1,14,A01
201900042371,0,32,,0,2,1,1,B01
201900042371,0,7,,0,2,6,9,A01
201900042372,2,7,,0,2,4,26,A01
201900042372,2,7,,0,0,4,2,B01
201900042373,2,10,,0,1,1,9,Z01
201900042374,1,7,,13,0,1,1,A01
201900042375,1,10,,16,0,8,15,B01
201900042375,2,7,,0,2,1,1,A01
201900042376,3,7,,0,1,1,15,A01
201900042377,1,43,,0,2,4,2,B01
201900042377,1,33,,0,2,1,2,A01
201900042378,1,38,1.0,0,2,1,2,A01
201900042378,1,10,,0,2,4,2,B01
201900042379,2,7,,0,2,2,1,C01
201900042379,2,31,,0,2,4,3,B01
201900042379,2,10,,0,2,0,11,A01
201900042380,2,10,,0,2,0,22,A01
201900042380,2,1,,0,2,0,1,B01
201900042381,1,7,,0,2,4,23,B01
201900042381,1,32,,0,2,1,2,A01
201900042382,2,33,,0,2,1,3,A01
201900042382,2,10,,0,2,4,1,B01
201900042383,1,1,,0,1,1,1,A01
201900042384,2,7,,0,2,4,23,B01
201900042384,2,30,,0,2,1,2,A01
201900042385,2,7,,0,2,3,9,A01
201900042385,2,32,,0,2,1,17,B01
201900042386,2,7,,0,1,2,16,Z01
201900042387,1,37,1.0,0,1,1,16,A01
201900042388,1,32,,0,2,2,1,B01
201900042388,1,10,,0,2,3,13,A01
201900042389,1,43,,0,1,3,18,A01
201900042390,1,10,,0,1,1,1,A01
201900042391,1,30,,0,2,0,3,Z01
201900042391,1,32,,0,2,2,1,C01
201900042391,1,7,,0,2,2,1,B01
201900042391,1,43,,0,2,0,12,A01
201900042392,1,7,,0,1,1,15,A01
201900042393,1,1,,0,2,2,1,B01
201900042393,1,10,,0,2,5,22,A01
201900042394,2,1,,0,1,0,1,A01
201900042395,2,30,,0,2,8,1,B01
201900042395,2,7,,0,2,2,16,A01
201900042396,1,32,,0,2,3,1,A01
201900042396,1,33,,0,2,6,15,B01
201900042397,1,30,,0,2,3,1,A01
201900042397,1,7,,0,2,3,16,B01
201900042398,1,7,,0,1,3,20,A01
201900042399,2,2,,0,2,2,1,B01
201900042399,2,7,,0,2,3,21,A01
201900042400,2,50,,0,1,1,1,A01
201900042401,3,7,,0,2,1,2,A01
201900042401,1,7,,0,2,4,2,B01
201900042402,2,7,,0,2,1,1,B01
201900042402,1,7,,0,2,2,15,A01
201900042403,3,32,,0,2,5,19,A01
201900042403,3,7,,0,2,5,15,B01
201900042404,1,50,,0,2,1,1,B01
201900042404,1,7,,0,2,3,15,A01
201900042405,3,7,,0,2,1,15,A01
201900042405,1,2,,0,0,7,1,B01
201900042406,1,7,,0,0,0,15,A01
201900042406,2,7,,8,0,1,21,B01
201900042407,1,7,,0,2,1,5,A01
201900042407,2,10,,0,2,3,1,B01
201900042408,1,33,,0,6,1,0,A01
201900042409,1,7,,0,2,2,15,A01
201900042409,2,7,,0,2,1,1,B01
201900042410,1,33,,13,0,1,0,A01
201900042411,2,7,,2,0,3,13,A01
201900042412,1,10,,0,2,8,1,B01
201900042412,2,34,,0,2,8,0,A01
201900042413,1,1,,0,0,7,1,B01
201900042413,1,1,,0,2,8,13,A01
201900042414,1,2,,11,0,1,1,A01
201900042415,2,7,,0,2,2,1,A01
201900042415,1,7,,0,0,1,1,B01
201900042416,2,7,,6,0,1,1,A01
201900042417,2,10,,0,1,0,1,A01
201900042418,1,31,,0,2,1,17,A01
201900042418,1,30,,0,2,8,15,B01
201900042419,1,7,,0,2,1,1,B01
201900042419,2,7,,0,2,5,1,A01
201900042420,2,7,,0,1,3,1,A01
201900042421,2,7,,0,2,8,1,B01
201900042421,1,33,,13,2,7,1,A01
201900042422,2,7,,0,2,2,15,B01
201900042422,1,2,,0,2,2,1,A01
201900042423,2,7,,0,9,2,1,A01
201900042423,2,80,,0,0,6,1,B01
201900042424,0,33,,10,0,1,1,A01
201900042425,2,30,,0,2,1,1,A01
201900042425,1,7,,0,0,3,15,B01
201900042426,1,7,,8,0,9,1,A01
201900042427,2,7,,0,2,3,15,A01
201900042427,2,33,,0,2,1,17,B01
201900042428,0,33,,0,2,0,1,A01
201900042428,0,20,,0,2,3,23,B01
201900042429,2,7,,0,0,1,13,A01
201900042429,1,7,,0,0,1,5,B01
201900042430,2,7,,0,2,1,2,A01
201900042430,2,7,,0,0,4,2,B01
201900042431,3,31,,13,0,1,26,A01
201900042432,1,2,,0,0,8,13,A01
201900042433,2,10,,0,2,1,15,A01
201900042433,1,7,,0,2,2,1,B01
201900042434,2,33,,0,0,9,0,A01
201900042435,2,7,,0,2,3,15,A01
201900042435,2,7,,0,2,1,1,B01
201900042436,3,7,,2,0,1,13,A01
201900042437,3,7,,0,2,1,1,A01
201900042437,3,21,,0,2,1,1,B01
201900042438,3,7,,13,0,8,14,A01
201900042439,1,7,,0,2,2,2,A01
201900042439,1,7,,7,2,6,15,B01
201900042440,1,7,,4,2,1,17,A01
201900042440,1,14,,0,2,8,1,B01
201900042441,1,7,,0,0,2,14,A01
201900042442,1,10,,13,9,3,15,A01
201900042443,2,7,,0,2,2,5,B01
201900042443,1,7,,0,2,3,1,A01
201900042444,2,33,,0,2,1,2,A01
201900042444,2,10,,0,0,4,2,B01
201900042445,2,7,,0,0,2,1,A01
201900042446,2,7,,0,1,1,1,A01
201900042447,2,7,,2,0,2,14,A01
201900042448,1,7,,0,1,1,1,A01
201900042449,2,33,,0,0,1,14,A01
201900042450,1,7,,2,0,1,1,A01
201900042451,2,2,,0,2,1,1,B01
201900042451,1,7,,0,2,3,15,A01
201900042452,3,33,,0,2,1,1,A01
201900042452,0,33,,0,2,1,17,B01
201900042453,3,32,,0,0,0,1,A01
201900042454,2,7,,0,2,8,10,A01
201900042454,2,31,,0,2,1,1,B01
201900042455,1,7,,13,0,3,1,A01
201900042456,1,7,,17,0,1,14,A01
201900042457,2,7,,0,2,1,1,B01
201900042457,1,7,,0,2,7,19,A01
201900042458,1,7,,0,1,2,0,A01
201900042459,1,7,,0,0,0,0,A01
201900042460,3,7,,17,0,3,2,A01
201900042461,3,7,,2,0,1,15,A01
201900042462,1,2,,13,0,1,1,A01
201900042463,0,7,,0,9,3,1,A01
201900042463,3,1,,0,2,1,9,B01
201900042464,0,7,,2,0,0,2,A01
201900042465,1,7,,3,2,1,1,B01
201900042465,2,7,,0,2,1,1,A01
201900042466,2,7,,0,2,3,13,A01
201900042466,1,7,,6,2,3,21,B01
201900042467,1,7,,0,0,8,16,A01
201900042467,1,7,,0,2,1,1,B01
201900042468,1,7,,13,0,0,0,A01
201900042469,2,7,,0,2,7,17,A01
201900042469,2,1,,0,2,8,1,B01
201900042470,2,7,,14,0,1,1,A01
201900042471,2,7,,0,2,1,2,B01
201900042471,2,7,,0,2,4,26,A01
201900042472,1,7,,2,0,1,1,A01
201900042473,1,7,,13,0,0,17,A01
201900042474,2,33,,0,2,7,17,A01
201900042474,2,7,,0,2,8,17,B01
201900042475,3,33,,2,0,0,1,A01
201900042476,3,7,,0,2,2,1,A01
201900042476,1,1,,0,2,4,1,B01
201900042477,2,31,,0,2,1,2,C01
201900042477,2,33,,0,2,1,2,B01
201900042477,2,7,,0,2,4,23,A01
201900042478,1,17,,0,2,3,1,B01
201900042478,2,33,,0,2,1,13,A01
201900042479,2,7,,2,0,1,14,A01
201900042480,3,7,,2,0,1,19,A01
201900042481,1,7,,0,2,8,1,C01
201900042481,1,7,,0,2,1,17,B01
201900042481,1,7,,0,2,7,17,A01
201900042482,0,36,,8,0,1,0,A01
201900042483,2,7,,2,0,2,1,A01
201900042484,1,7,,0,1,2,1,A01
201900042485,1,7,,0,1,2,1,A01
201900042485,0,60,,0,2,1,19,B01
201900042486,2,33,,6,0,1,1,A01
201900042487,0,7,,0,1,1,1,A01
201900042488,2,7,,0,0,0,22,A01
201900042489,2,2,,0,2,1,1,B01
201900042489,1,7,,0,2,6,15,A01
201900042490,1,7,,1,1,7,17,B01
201900042490,1,10,,0,2,3,15,A01
201900042490,2,7,,0,2,8,24,C01
201900042491,1,14,,0,0,0,13,A01
201900042491,2,7,,15,0,0,1,B01
201900042492,2,7,,0,2,3,13,A01
201900042492,2,7,,0,2,1,2,B01
201900042492,1,7,,0,2,3,2,C01
201900042492,1,7,,0,2,1,2,D01
201900042493,1,7,,11,2,9,1,B01
201900042493,2,7,,0,2,3,15,A01
201900042494,2,7,,7,2,3,1,A01
201900042494,1,7,,0,2,3,1,B01
201900042495,2,2,,0,2,1,1,B01
201900042495,1,7,,0,2,3,1,A01
201900042496,1,2,,0,2,1,2,B01
201900042496,1,7,,0,2,3,2,A01
201900042497,0,15,,0,2,2,1,B01
201900042497,1,7,,0,2,7,15,A01
201900042498,1,7,,13,0,3,1,A01
201900042499,3,1,,0,0,0,0,A01
201900042500,2,7,,0,2,1,21,D01
201900042500,2,7,,0,2,4,21,C01
201900042500,2,7,,0,2,1,21,E01
201900042500,2,7,,0,2,2,21,B01
201900042500,2,7,,0,0,4,26,A01
201900042501,1,2,,0,2,1,5,B01
201900042501,2,2,,0,2,1,5,A01
201900042502,1,7,,0,2,9,1,A01
201900042502,1,10,,0,2,6,23,B01
201900042502,2,15,,0,2,3,1,C01
201900042503,2,7,,3,0,9,14,A01
201900042504,1,7,,13,0,7,2,A01
201900042505,2,17,,0,2,1,1,B01
201900042505,1,7,,0,2,1,13,A01
201900042506,1,7,,6,1,1,25,A01
201900042507,2,7,,0,2,3,1,B01
201900042507,2,7,,0,2,7,9,A01
201900042508,2,7,,0,0,4,23,C01
201900042508,0,7,,0,2,4,23,B01
201900042508,2,7,,0,2,1,1,A01
201900042509,2,33,,0,2,1,2,B01
201900042509,2,7,,0,0,5,2,A01
201900042510,1,2,,0,0,8,1,A01
201900042511,2,1,,0,2,8,1,B01
201900042511,2,7,,0,9,2,17,A01
201900042512,2,33,,9,0,8,14,A01
201900042513,2,15,,0,2,2,1,B01
201900042513,1,7,,0,2,1,5,A01
201900042514,1,7,,0,0,0,15,A01
201900042514,2,1,,0,0,0,1,B01
201900042515,1,7,,0,0,5,1,B01
201900042515,1,7,,0,2,3,2,A01
201900042516,2,7,,0,2,2,2,A01
201900042516,2,14,,0,0,6,2,B01
201900042517,2,7,,0,2,1,2,B01
201900042517,2,7,,0,0,4,1,A01
201900042518,1,14,,0,2,2,12,A01
201900042518,1,7,,0,0,6,1,B01
201900042519,1,7,,0,2,1,1,C01
201900042519,1,7,,0,2,2,1,B01
201900042519,2,7,,0,2,1,17,A01
201900042520,1,17,,1,0,4,2,B01
201900042520,1,16,,0,2,1,2,A01
201900042520,1,7,,0,0,4,2,D01
201900042520,1,7,,1,0,4,2,C01
201900042521,2,7,,0,2,1,1,B01
201900042521,1,10,,3,2,3,1,A01
201900042522,2,33,,3,0,4,0,A01
201900042523,2,10,,0,0,4,23,B01
201900042523,2,10,,1,0,1,1,A01
201900042524,2,7,,1,0,1,0,A01
201900042524,2,15,,0,0,8,24,B01
201900042525,2,7,,0,2,2,1,B01
201900042525,1,7,,0,2,1,5,A01
201900042526,0,33,,0,2,1,1,B01
201900042526,0,7,,0,2,8,19,A01
201900042527,1,7,,3,0,1,14,A01
201900042528,1,13,,0,2,1,2,A01
201900042528,1,7,,0,2,1,2,B01
201900042528,1,7,,0,2,4,2,C01
201900042529,1,33,,7,0,3,1,A01
201900042530,1,7,,3,0,3,13,A01
201900042531,2,17,,0,0,0,2,B01
201900042531,2,7,,0,2,1,2,A01
201900042532,2,17,,0,0,4,2,B01
201900042532,2,7,,0,2,1,2,A01
201900042533,1,32,,0,0,0,2,A01
201900042534,2,7,,0,2,1,2,B01
201900042534,2,7,,0,2,3,15,A01
201900042535,3,7,,0,0,1,1,B01
201900042535,3,7,,0,2,4,1,A01
201900042536,0,7,,0,2,5,2,B01
201900042536,0,33,,0,2,1,3,A01
201900042537,2,7,,0,1,2,1,A01
201900042538,0,33,,0,0,0,0,A01
201900042539,0,7,,0,1,2,1,A01
201900042540,2,7,,0,2,1,1,B01
201900042540,1,7,,0,2,1,13,A01
201900042541,3,7,,0,0,8,15,A01
201900042541,3,33,,0,0,1,1,B01
201900042542,2,2,,0,2,8,15,B01
201900042542,1,7,,0,2,3,1,A01
201900042543,0,7,,0,2,2,19,B01
201900042543,3,33,,0,2,8,1,A01
201900042544,2,7,,1,0,3,13,B01
201900042544,1,7,,0,2,3,13,A01
201900042545,1,31,,0,2,1,1,B01
201900042545,1,7,,0,2,3,9,A01
201900042546,3,7,,0,1,2,1,A01
201900042546,0,99,,0,2,4,1,B01
201900042547,2,10,,13,0,3,0,A01
201900042548,1,2,,0,0,0,0,B01
201900042548,1,7,,0,0,0,17,A01
201900042549,1,7,,0,2,1,1,B01
201900042549,2,7,,0,2,2,15,A01
201900042550,2,7,,6,0,1,0,A01
201900042551,2,2,,2,0,0,26,A01
201900042552,1,7,,0,2,1,2,A01
201900042552,1,7,,0,2,4,23,B01
201900042552,1,7,,0,2,4,23,C01
201900042552,2,15,,0,2,1,21,D01
201900042553,2,2,,0,6,1,1,A01
201900042554,3,7,,2,0,7,0,A01
201900042555,0,2,,16,0,7,0,A01
201900042556,3,10,,16,0,0,0,A01
201900042557,0,7,,2,0,3,1,A01
201900042558,1,7,,8,0,2,1,A01
201900042559,2,7,,0,1,1,1,A01
201900042560,3,7,,0,1,2,1,A01
201900042561,0,2,,0,2,0,0,A01
201900042561,3,7,,1,0,0,2,B01
201900042562,3,7,,0,1,1,1,A01
201900042563,1,7,,0,2,1,1,C01
201900042563,2,7,,0,2,1,13,B01
201900042563,2,7,,0,2,6,1,A01
201900042564,0,7,,0,1,1,1,A01
201900042565,3,1,,0,2,2,19,B01
201900042565,3,7,,0,9,0,1,A01
201900042566,2,32,,0,2,1,13,A01
201900042566,1,7,,0,2,2,1,B01
201900042566,2,7,,0,2,6,1,C01
201900042567,1,7,,15,0,2,0,A01
201900042568,2,7,,0,2,2,1,B01
201900042568,1,33,,0,2,1,1,A01
201900042569,2,7,,0,1,1,1,A01
201900042570,1,7,,6,0,1,1,A01
201900042571,3,33,,0,2,8,19,B01
201900042571,2,1,,0,2,1,1,A01
201900042572,2,1,,0,0,6,1,A01
201900042572,2,14,,0,2,5,17,B01
201900042573,3,31,,0,2,1,17,B01
201900042573,0,7,,0,2,3,6,A01
201900042574,1,2,,0,0,6,2,B01
201900042574,1,15,,0,2,2,0,A01
201900042575,1,10,,0,2,1,1,B01
201900042575,2,7,,0,2,3,13,A01
201900042576,1,7,,7,6,9,0,A01
201900042577,2,7,,0,1,2,1,A01
201900042578,1,7,,13,0,3,1,A01
201900042579,2,1,,0,0,8,1,B01
201900042579,2,7,,0,9,8,1,A01
201900042580,1,33,,0,2,2,1,B01
201900042580,1,7,,0,2,3,15,A01
201900042581,1,7,,0,1,1,1,A01
201900042582,2,7,,0,2,1,1,A01
201900042582,1,7,,3,2,8,18,B01
201900042583,0,7,,0,1,6,4,A01
201900042584,1,7,,0,2,4,1,B01
201900042584,1,33,,0,2,1,1,A01
201900042585,1,38,1.0,0,2,2,1,A01
201900042585,1,1,,0,2,4,1,B01
201900042586,3,7,,0,9,7,13,A01
201900042586,3,1,,0,2,8,1,B01
201900042587,0,7,,0,2,1,1,A01
201900042587,3,7,,0,2,3,19,B01
201900042588,3,7,,6,0,1,1,A01
201900042589,2,33,,0,2,3,1,B01
201900042589,2,33,,0,2,5,1,A01
201900042590,2,7,,0,9,7,2,A01
201900042590,2,1,,0,2,8,2,B01
201900042591,1,30,,0,2,1,1,A01
201900042591,2,7,,0,2,2,15,B01
201900042592,1,10,,5,0,0,1,A01
201900042593,3,7,,0,2,7,15,A01
201900042593,3,33,,0,2,2,1,B01
201900042594,2,7,,0,2,3,15,A01
201900042594,1,33,,0,2,1,0,B01
201900042595,3,7,,0,2,1,1,B01
201900042595,3,7,,0,2,1,13,A01
201900042596,3,7,,0,2,1,13,A01