Num_Acc,senc,catv,occutc,obs,obsm,choc,manv,num_veh
201900042596,3,7,,0,2,1,1,B01
201900042597,2,33,,0,1,1,1,A01
201900042598,2,34,,0,1,1,0,A01
201900042599,1,7,,0,2,3,1,C01
201900042599,1,99,,0,2,6,1,B01
201900042599,2,7,,0,2,3,1,A01
201900042600,2,7,,0,2,0,19,C01
201900042600,1,7,,6,2,8,1,B01
201900042600,2,7,,6,2,1,17,A01
201900042601,2,7,,0,0,0,1,C01
201900042601,2,7,,0,2,3,1,B01
201900042601,1,7,,0,2,3,0,A01
201900042602,1,7,,0,2,6,1,B01
201900042602,1,32,,0,2,1,2,A01
201900042603,3,7,,0,1,1,1,A01
201900042604,3,7,,0,1,4,26,A01
201900042605,1,7,,0,1,2,1,A01
201900042606,1,7,,10,0,2,13,A01
201900042607,2,7,,0,1,2,1,A01
201900042608,1,7,,0,2,1,11,B01
201900042608,1,33,,0,2,4,1,A01
201900042609,1,7,,0,2,2,1,A01
201900042609,1,2,,0,0,4,1,B01
201900042610,2,37,1.0,0,1,5,1,A01
201900042611,1,1,,0,2,0,2,A01
201900042612,1,7,,13,0,3,13,A01
201900042613,3,7,,0,2,2,1,A01
201900042613,0,32,,0,2,8,1,B01
201900042614,1,7,,0,2,3,10,A01
201900042614,1,2,,0,2,1,1,B01
201900042615,0,7,,13,0,7,1,A01
201900042616,1,50,,0,2,1,13,B01
201900042616,1,37,1.0,0,2,7,17,A01
201900042617,1,7,,0,1,2,1,A01
201900042618,2,7,,0,2,7,16,B01
201900042618,2,30,,0,2,8,18,A01
201900042619,0,7,,0,1,8,9,A01
201900042620,2,32,,0,1,1,1,A01
201900042621,2,7,,0,2,8,11,B01
201900042621,2,2,,0,2,7,17,A01
201900042622,1,14,,0,2,3,13,B01
201900042622,1,33,,0,2,7,1,A01
201900042623,3,7,,0,2,2,1,B01
201900042623,3,7,,0,2,2,1,A01
201900042624,1,14,,0,1,1,1,A01
201900042625,2,33,,0,2,8,1,B01
201900042625,1,7,,0,2,3,17,A01
201900042626,2,7,,0,1,1,15,A01
201900042627,2,7,,0,2,1,2,A01
201900042627,2,7,,1,0,3,1,C01
201900042627,2,7,,1,0,1,1,D01
201900042627,2,13,,0,2,4,1,B01
201900042628,1,30,,0,1,1,1,Z01
201900042629,1,7,,0,2,3,1,A01
201900042629,2,37,1.0,0,2,3,13,B01
201900042630,1,7,,0,2,0,15,B01
201900042630,2,30,,0,2,0,1,A01
201900042631,2,17,,0,0,6,2,C01
201900042631,2,17,,0,0,6,1,B01
201900042631,2,17,,0,2,5,14,A01
201900042631,2,17,,0,0,6,2,D01
201900042632,1,1,,0,1,1,1,Z01
201900042633,1,3,,0,2,1,17,A01
201900042633,1,7,,0,0,4,15,B01
201900042634,1,33,,0,0,7,16,B01
201900042634,1,7,,0,2,3,9,A01
201900042635,2,30,,0,2,3,17,B01
201900042635,2,10,,0,2,3,13,A01
201900042636,2,7,,4,0,1,1,A01
201900042637,2,1,,0,2,1,1,A01
201900042637,1,30,,0,2,1,9,Z01
201900042638,2,17,,0,0,4,2,B01
201900042638,2,7,,0,2,1,2,A01
201900042639,1,10,,0,1,3,10,A01
201900042640,1,7,,2,0,2,1,A01
201900042641,1,7,,8,0,2,1,A01
201900042642,3,7,,0,1,2,1,A01
201900042643,1,7,,0,2,6,23,B01
201900042643,1,10,,0,2,2,2,A01
201900042644,0,7,,0,1,3,1,A01
201900042645,3,34,,0,1,2,18,A01
201900042646,3,15,,0,2,1,24,B01
201900042646,0,33,,1,0,9,1,A01
201900042647,1,30,,0,1,8,1,A01
201900042648,2,7,,0,2,8,15,A01
201900042648,2,32,,0,2,2,1,B01
201900042649,2,31,,0,2,1,2,B01
201900042649,2,7,,0,2,6,15,A01
201900042650,2,1,,1,0,1,1,B01
201900042650,3,7,,0,2,8,24,A01
201900042651,1,7,,0,2,3,10,A01
201900042651,1,2,,0,2,1,1,B01
201900042652,1,35,,0,2,3,15,A01
201900042652,2,10,,0,2,3,1,B01
201900042653,1,7,,1,0,0,0,Z01
201900042653,1,7,,0,2,6,0,A01
201900042654,2,32,,0,0,0,1,A01
201900042655,1,31,,0,2,1,17,B01
201900042655,1,10,,0,2,6,10,A01
201900042656,0,32,,0,2,1,2,A01
201900042656,0,10,,0,2,6,2,B01
201900042657,0,33,,0,6,1,1,A01
201900042658,3,7,,0,2,6,19,D01
201900042658,3,37,1.0,0,2,1,23,C01
201900042658,3,10,,0,2,1,13,B01
201900042658,3,3,,0,2,1,15,A01
201900042659,2,7,,0,2,4,23,A01
201900042659,2,7,,0,2,4,23,B01
201900042659,2,7,,0,2,4,11,C01
201900042659,2,7,,0,2,1,2,D01
201900042660,1,30,,0,2,1,15,A01
201900042660,2,30,,0,2,0,0,B01
201900042661,2,7,,0,2,1,2,D01
201900042661,2,7,,0,2,4,2,C01
201900042661,2,7,,0,2,4,2,B01
201900042661,2,7,,0,2,4,2,A01
201900042662,1,10,,0,9,8,22,A01
201900042662,1,1,,1,0,1,17,B01
201900042663,2,15,,0,2,1,26,A01
201900042663,2,7,,0,2,4,1,B01
201900042663,2,10,,0,2,4,1,C01
201900042663,2,7,,1,2,6,1,D01
201900042663,2,15,,1,0,8,1,E01
201900042663,2,10,,0,2,5,1,F01
201900042664,2,3,,0,0,0,0,T01
201900042664,2,32,,1,2,9,3,B01
201900042664,2,3,,0,2,8,15,A01
201900042665,2,7,,1,0,1,26,Z01
201900042665,2,7,,0,2,4,23,A01
201900042666,0,37,1.0,0,2,0,0,B01
201900042666,1,7,,0,2,1,16,A01
201900042667,1,7,,0,2,4,1,A01
201900042667,1,7,,0,2,1,1,B01
201900042668,3,7,,0,2,1,1,B01
201900042668,3,7,,0,2,2,15,A01
201900042669,2,7,,0,2,1,1,C01
201900042669,2,7,,0,2,1,1,B01
201900042669,2,7,,0,2,1,5,A01
201900042670,1,7,,0,2,4,1,A01
201900042670,1,10,,0,2,1,1,B01
201900042671,2,33,,0,2,6,3,A01
201900042671,2,7,,0,2,5,12,B01
201900042672,0,7,,0,2,1,5,A01
201900042672,0,30,,0,2,1,1,B01
201900042673,2,80,,1,0,1,1,B01
201900042674,2,10,,0,2,1,2,B01
201900042674,2,7,,0,2,4,1,A01
201900042675,2,30,,0,2,1,2,A01
201900042675,2,7,,0,2,5,23,B01
201900042676,1,7,,0,2,1,2,A01
201900042676,1,7,,0,2,4,2,C01
201900042676,1,7,,0,2,4,2,B01
201900042676,1,7,,0,2,4,2,D01
201900042677,1,7,,1,0,2,1,A01
201900042678,2,7,,0,2,6,23,B01
201900042678,2,7,,15,2,2,2,D01
201900042678,2,7,,0,1,2,2,C01
201900042678,2,33,,0,2,1,2,A01
201900042679,1,10,,0,0,0,0,C01
201900042679,2,10,,0,2,1,1,B01
201900042679,1,10,,1,2,0,26,A01
201900042680,2,17,,0,2,2,2,A01
201900042680,2,7,,0,2,4,2,B01
201900042680,2,7,,0,2,4,2,C01
201900042680,2,7,,0,2,4,2,D01
201900042680,2,7,,0,2,4,2,E01
201900042680,2,33,,0,2,7,1,F01
201900042680,2,10,,0,2,4,2,G01
201900042681,1,7,,0,1,0,1,A01
201900042682,2,10,,0,2,4,2,A01
201900042682,2,7,,0,2,4,2,C01
201900042682,2,7,,0,2,1,2,D01
201900042682,2,7,,0,2,4,2,B01
201900042683,3,7,,0,2,4,1,B01
201900042683,3,33,,0,2,1,1,A01
201900042684,1,31,,0,2,7,3,A01
201900042685,2,30,,0,0,0,26,A01
201900042686,0,7,,0,2,4,23,A01
201900042686,0,7,,0,2,1,2,B01
201900042687,2,33,,11,1,1,1,A01
201900042688,2,7,,0,2,3,15,A01
201900042688,2,34,,0,2,2,17,B01
201900042689,1,10,,8,0,1,0,A01
201900042690,1,7,,0,2,2,9,A01
201900042690,1,30,,0,2,2,0,B01
201900042691,3,7,,0,2,1,2,A01
201900042691,3,7,,0,2,4,23,B01
201900042691,3,7,,0,2,4,23,C01
201900042692,1,7,,0,2,2,9,A01
201900042692,1,13,,0,2,0,0,B01
201900042693,1,7,,0,2,2,19,A01
201900042693,1,33,,0,2,3,2,B01
201900042694,1,7,,0,2,3,21,B01
201900042694,2,7,,0,2,3,5,A01
201900042695,3,7,,0,1,6,20,A01
201900042696,3,35,,0,0,0,2,A01
201900042697,2,7,,0,0,1,2,A01
201900042697,2,15,,0,0,4,2,B01
201900042698,2,34,,11,0,1,26,A01
201900042699,2,7,,0,2,1,2,C01
201900042699,2,7,,0,2,1,2,B01
201900042699,2,7,,0,2,4,2,A01
201900042700,0,10,,6,0,1,1,A01
201900042701,1,33,,0,2,1,17,B01
201900042701,1,7,,0,2,8,15,A01
201900042702,2,7,,0,2,2,1,B01
201900042702,1,7,,0,2,2,5,A01
201900042703,2,30,,0,2,4,1,B01
201900042703,2,7,,0,2,2,1,A01
201900042704,2,7,,0,0,4,2,C01
201900042704,2,7,,0,2,2,2,B01
201900042704,2,7,,0,2,6,11,A01
201900042705,1,10,,4,0,1,14,A01
201900042706,2,7,,13,0,1,2,A01
201900042707,1,7,,0,2,8,1,B01
201900042707,2,15,,2,2,3,5,A01
201900042708,2,33,,0,0,9,14,A01
201900042709,3,7,,16,0,0,1,A01
201900042710,2,7,,0,2,7,1,B01
201900042710,2,7,,0,2,8,11,A01
201900042711,3,7,,0,1,3,1,A01
201900042712,0,7,,13,0,1,21,B01
201900042712,0,7,,0,0,0,19,A01
201900042713,1,2,,0,0,7,16,A01
201900042713,1,2,,0,0,8,16,B01
201900042714,3,7,,15,0,0,0,A01
201900042715,3,7,,0,2,8,11,A01
201900042715,3,2,,0,2,1,17,B01
201900042716,2,7,,0,2,6,19,A01
201900042716,2,30,,0,2,1,17,B01
201900042717,2,7,,0,2,3,9,A01
201900042717,1,7,,0,2,1,1,B01
201900042718,1,1,,0,2,1,19,A01
201900042718,1,7,,0,2,1,1,B01
201900042719,1,7,,13,0,1,1,A01
201900042720,2,7,,0,2,1,1,C01
201900042720,2,7,,0,2,3,21,B01
201900042720,2,7,,0,0,8,26,A01
201900042721,1,7,,9,0,8,0,A01
201900042722,1,7,,13,0,9,1,A01
201900042723,0,30,,0,2,3,1,A01
201900042723,0,7,,0,2,5,1,B01
201900042724,0,36,,0,2,1,1,A01
201900042724,0,7,,0,2,8,15,B01
201900042725,1,7,,1,2,1,2,A01
201900042725,1,7,,1,0,4,23,B01
201900042725,1,10,,0,0,4,23,C01
201900042726,3,31,,0,0,0,10,A01
201900042727,2,10,,0,2,8,26,A01
201900042727,1,37,2.0,0,2,3,1,B01
201900042728,1,1,,0,2,4,19,B01
201900042728,1,7,,0,2,1,0,A01
201900042729,1,7,,9,0,1,14,A01
201900042730,2,7,,0,2,2,1,B01
201900042730,1,7,,0,2,7,13,A01
201900042731,1,7,,0,2,6,2,B01
201900042731,1,7,,0,2,1,2,A01
201900042732,1,7,,0,2,1,1,A01
201900042732,1,7,,0,2,7,1,B01
201900042733,1,7,,0,2,2,1,B01
201900042733,1,2,,0,2,1,9,A01
201900042734,1,7,,0,2,2,1,A01
201900042734,2,15,,0,2,2,1,B01
201900042735,2,2,,0,0,8,1,A01
201900042736,2,2,,0,2,7,1,A01
201900042736,1,7,,0,2,1,1,B01
201900042737,2,7,,0,2,3,1,B01
201900042737,1,31,,0,2,1,13,A01
201900042738,1,7,,0,2,7,1,B01
201900042738,2,7,,15,0,3,1,A01
201900042739,3,7,,0,2,2,15,B01
201900042739,3,33,,0,2,1,17,A01
201900042740,1,7,,0,1,1,2,A01
201900042741,2,7,,6,0,1,13,A01
201900042742,1,7,,0,2,1,16,A01
201900042743,2,7,,0,2,8,1,B01
201900042743,2,2,,0,2,7,17,A01
201900042744,1,7,,0,2,1,13,A01
201900042744,2,7,,0,2,2,1,B01
201900042745,2,7,,0,2,6,1,B01
201900042745,2,33,,0,2,1,17,A01
201900042746,2,7,,6,0,7,1,A01
201900042747,0,7,,2,0,3,1,A01
201900042748,0,7,,0,2,2,19,A01
201900042748,0,31,,0,2,1,1,B01
201900042749,0,33,,0,2,1,17,B01
201900042749,3,7,,0,2,6,15,A01
201900042750,3,7,,0,1,2,17,A01
201900042751,0,30,,0,2,1,1,B01
201900042751,0,7,,0,2,3,1,A01
201900042752,2,2,,0,2,7,1,B01
201900042752,1,7,,0,2,2,15,A01
201900042753,2,7,,0,1,2,15,A01
201900042754,3,1,,0,2,7,1,B01
201900042754,3,7,,0,2,4,4,A01
201900042755,0,7,,0,2,3,26,A01
201900042755,0,17,,0,2,3,1,B01
201900042756,2,1,,0,0,0,1,A01
201900042757,1,7,,0,2,8,1,A01
201900042757,2,7,,0,2,3,13,B01
201900042758,1,7,,0,2,2,15,A01
201900042758,2,2,,0,2,1,0,B01
201900042759,2,7,,3,0,1,1,A01
201900042760,2,10,,0,2,4,23,B01
201900042760,2,10,,0,2,1,2,A01
201900042761,2,7,,0,0,0,23,A01
201900042761,2,17,,0,1,7,1,B01
201900042762,1,7,,13,0,1,0,A01
201900042763,0,2,,0,2,8,15,B01
201900042763,3,2,,0,2,3,1,A01
201900042764,2,80,,12,0,1,1,A01
201900042765,3,1,,0,2,0,0,B01
201900042765,1,7,,0,0,2,15,A01
201900042766,3,7,,14,0,9,1,A01
201900042767,2,7,,13,0,9,1,A01
201900042768,1,7,,0,2,7,15,A01
201900042768,2,7,,0,2,1,1,B01
201900042769,2,1,,0,2,8,1,B01
201900042769,1,7,,0,9,3,15,A01
201900042770,3,7,,1,0,3,15,A01
201900042771,1,10,,0,2,5,2,C01
201900042771,1,10,,0,2,1,2,B01
201900042771,1,10,,0,2,1,2,A01
201900042772,1,7,,2,0,1,1,A01
201900042773,2,7,,3,0,7,1,A01
201900042774,2,1,,0,2,1,25,A01
201900042774,3,7,,0,2,3,1,B01
201900042775,1,33,,0,2,1,13,A01
201900042775,2,10,,0,2,3,21,B01
201900042776,2,1,,0,2,7,15,A01
201900042776,2,7,,0,2,3,1,B01
201900042777,1,7,,0,2,3,9,A01
201900042777,1,1,,0,2,7,1,B01
201900042778,3,7,,1,2,3,15,A01
201900042778,3,7,,0,2,1,1,B01
201900042779,0,60,,0,2,2,19,B01
201900042779,1,7,,0,2,3,1,A01
201900042780,2,7,,0,2,2,2,B01
201900042780,2,10,,0,2,5,1,A01
201900042781,2,7,,0,2,2,15,A01
201900042781,2,32,,0,2,1,1,B01
201900042782,0,43,,0,0,0,26,A01
201900042783,0,7,,0,2,4,1,B01
201900042783,0,7,,0,2,1,12,A01
201900042784,1,7,,0,2,1,0,B01
201900042784,1,10,,0,2,1,1,A01
201900042785,0,7,,0,1,1,1,A01
201900042786,2,7,,0,2,4,1,B01
201900042786,1,10,,0,2,1,9,Z01
201900042787,1,33,,0,2,1,2,A01
201900042787,1,7,,0,2,5,1,B01
201900042788,2,7,,0,2,0,1,B01
201900042788,1,30,,0,2,1,15,A01
201900042789,2,10,,15,2,4,1,A01
201900042789,2,7,,3,2,1,1,B01
201900042789,2,10,,0,2,4,1,C01
201900042790,1,31,,0,0,7,1,A01
201900042791,2,7,,0,2,4,1,C01
201900042791,2,33,,0,2,8,3,A01
201900042791,2,7,,0,2,7,12,B01
201900042792,2,7,,0,2,9,1,A01
201900042792,1,17,,0,2,9,1,B01
201900042792,1,7,,0,2,9,1,C01
201900042793,2,15,,0,2,2,12,A01
201900042793,2,7,,0,2,8,1,B01
201900042793,2,33,,0,0,8,2,C01
201900042794,3,7,,4,0,1,1,A01
201900042795,2,10,,0,2,6,1,A01
201900042795,2,33,,0,2,5,2,B01
201900042795,2,33,,0,2,3,11,C01
201900042796,2,33,,0,2,1,3,B01
201900042796,2,7,,0,2,4,11,A01
201900042797,2,10,,0,2,4,2,B01
201900042797,2,7,,0,2,1,2,A01
201900042798,2,10,,0,0,0,9,A01
201900042799,2,7,,3,0,1,0,A01
201900042800,1,7,,0,2,1,0,Z01
201900042800,1,7,,0,2,5,0,B01
201900042801,1,7,,7,0,9,9,A01
201900042802,1,7,,0,2,2,0,Z01
201900042802,1,7,,1,0,4,20,B01
201900042802,1,7,,0,2,1,1,A01
201900042803,1,10,,8,0,2,14,A01
201900042804,1,7,,3,0,2,14,A01
201900042805,1,7,,0,2,3,1,A01
201900042805,2,34,,0,2,3,1,B01
201900042806,1,7,,0,2,3,1,B01
201900042806,1,7,,0,2,2,19,A01
201900042807,1,50,,12,0,1,1,A01
201900042808,3,7,,0,2,4,23,B01
201900042808,3,7,,0,2,1,9,A01
201900042809,2,7,,0,2,1,1,A01
201900042809,1,99,,0,2,7,1,B01
201900042810,3,30,,0,2,1,1,A01
201900042810,3,7,,0,2,4,23,B01
201900042811,1,30,,0,2,1,17,B01
201900042811,3,7,,0,2,3,9,A01
201900042812,1,7,,0,2,1,2,A01
201900042812,1,7,,0,0,4,23,C01
201900042812,1,7,,0,2,4,23,B01
201900042813,2,7,,0,2,7,19,A01
201900042813,2,7,,0,2,1,1,B01
201900042814,0,7,,0,2,7,1,B01
201900042814,0,7,,0,2,8,15,A01
201900042815,3,7,,0,2,5,9,A01
201900042815,3,14,,0,2,3,1,B01
201900042816,0,7,,0,1,0,0,Z01
201900042817,1,7,,0,1,4,20,A01
201900042818,3,7,,0,2,2,16,A01
201900042818,3,34,,0,2,8,26,B01
201900042819,3,7,,0,1,3,15,A01
201900042820,3,7,,0,2,3,1,A01
201900042820,3,7,,0,2,3,13,B01
201900042821,1,7,,0,2,7,10,A01
201900042821,1,33,,0,2,7,0,B01
201900042822,1,7,,0,2,6,11,A01
201900042822,1,43,,0,2,3,1,B01
201900042823,1,31,,0,2,1,2,A01
201900042823,1,7,,0,2,4,2,B01
201900042824,1,7,,0,2,7,12,A01
201900042824,1,34,,0,2,1,3,B01
201900042825,0,7,,0,2,7,22,B01
201900042825,1,80,,0,2,1,1,A01
201900042826,2,7,,0,1,3,15,A01
201900042827,1,7,,0,1,2,15,A01
201900042828,2,10,,0,2,3,1,B01
201900042828,1,7,,0,2,2,15,A01
201900042829,2,31,,12,0,1,17,A01
201900042830,2,10,,0,2,1,2,A01
201900042830,2,32,,0,2,1,2,B01
201900042830,1,10,,0,2,1,1,C01
201900042831,1,7,,0,2,2,15,A01
201900042831,3,32,,0,2,1,1,B01
201900042832,1,1,,0,1,2,1,A01
201900042833,2,7,,0,2,5,15,A01
201900042833,1,31,,0,2,1,1,B01
201900042834,2,7,,0,2,6,23,A01
201900042834,2,7,,0,2,2,14,B01
201900042835,1,7,,1,2,8,26,A01
201900042835,1,7,,0,2,1,1,B01
201900042836,1,7,,0,2,4,1,B01
201900042836,1,7,,0,2,1,1,A01
201900042837,1,7,,0,2,1,13,A01
201900042837,2,7,,0,2,1,1,B01
201900042838,0,7,,8,2,1,14,A01
201900042839,1,7,,0,1,1,9,A01
201900042840,2,43,,0,2,1,1,B01
201900042840,1,7,,0,2,1,15,A01
201900042841,1,7,,0,2,2,15,A01
201900042841,1,7,,0,2,8,15,B01
201900042842,1,32,,0,2,7,17,A01
201900042842,1,7,,0,2,8,1,B01
201900042842,2,10,,0,2,1,21,C01
201900042843,1,34,,14,0,3,14,A01
201900042844,2,20,,4,0,3,9,A01
201900042845,2,7,,1,2,1,26,A01
201900042845,2,7,,0,2,8,26,B01
201900042845,2,7,,0,2,4,24,C01
201900042846,1,7,,0,1,3,1,A01
201900042847,3,7,,0,0,1,13,A01
201900042847,3,7,,0,0,3,1,B01
201900042848,3,7,,0,2,1,19,Z01
201900042848,1,7,,0,2,8,0,B01
201900042849,3,2,,0,2,7,1,B01
201900042849,3,7,,0,2,1,1,A01
201900042850,3,7,,0,0,2,12,A01
201900042850,3,7,,0,0,3,1,B01
201900042851,2,32,,0,1,1,2,A01
201900042852,1,7,,12,0,1,13,A01
201900042853,1,7,,0,2,3,10,A01
201900042853,1,10,,0,2,1,2,B01
201900042854,2,33,,8,2,7,21,A01
201900042854,1,7,,0,2,1,19,B01
201900042855,3,7,,15,0,1,13,A01
201900042856,2,7,,0,1,2,26,A01
201900042857,2,1,,1,0,1,1,B01
201900042857,2,7,,0,0,8,23,A01
201900042858,1,33,,12,0,3,1,A01
201900042859,1,10,,0,1,1,1,A01
201900042860,2,7,,0,2,1,1,B01
201900042860,1,7,,0,2,1,1,A01
201900042861,2,33,,0,2,4,2,A01
201900042861,2,0,,0,2,0,1,B01
201900042862,1,7,,0,2,3,15,B01
201900042862,1,34,,0,2,2,19,A01
201900042863,1,33,,0,0,1,1,A01
201900042864,2,33,,0,2,7,17,A01
201900042864,2,10,,0,2,8,15,B01
201900042865,2,7,,0,2,3,16,A01
201900042865,1,30,,0,2,1,0,B01
201900042866,1,32,,0,2,7,17,B01
201900042866,1,10,,0,2,8,15,A01
201900042867,2,7,,0,2,4,2,B01
201900042867,2,32,,0,2,1,1,A01
201900042868,3,7,,0,2,8,0,B01
201900042868,3,33,,0,2,0,0,A01
201900042869,3,1,,0,6,8,2,B01
201900042869,3,1,,0,6,7,2,A01
201900042870,2,60,,0,2,0,0,B01
201900042870,2,7,,0,2,3,21,A01
201900042871,2,7,,0,2,8,1,B01
201900042871,2,7,,0,2,2,14,A01
201900042872,1,33,,0,2,1,2,B01
201900042872,1,7,,0,0,5,2,A01
201900042873,3,7,,12,0,1,14,A01
201900042873,3,7,,2,0,8,15,B01
201900042874,3,7,,0,1,2,16,A01
201900042875,1,7,,0,2,1,26,B01
201900042875,0,7,,0,0,8,23,A01
201900042876,2,10,,3,0,2,1,A01
201900042877,1,1,,0,2,1,2,B01
201900042877,1,99,,0,9,1,2,Z01
201900042878,2,2,,0,2,1,1,B01
201900042878,1,7,,0,2,2,15,A01
201900042879,1,1,,0,2,4,1,B01
201900042879,1,3,,3,2,2,2,A01
201900042880,1,7,,0,0,1,14,A01
201900042881,3,7,,0,1,0,5,A01
201900042882,3,7,,0,2,3,1,B01
201900042882,3,7,,0,2,1,1,A01
201900042883,1,1,,0,0,0,0,A01
201900042884,0,7,,0,2,4,1,A01
201900042884,0,7,,0,2,2,1,Z01
201900042884,0,7,,0,2,4,1,B01
201900042885,1,2,,0,2,1,1,B01
201900042885,2,7,,0,2,2,15,A01
201900042886,1,7,,2,0,3,14,A01
201900042887,1,7,,9,0,9,9,A01
201900042888,3,7,,0,2,1,1,B01
201900042888,3,1,,0,2,7,15,A01
201900042889,2,30,,12,0,0,21,A01
201900042890,0,7,,6,0,1,1,A01
201900042891,3,7,,0,2,3,13,A01
201900042891,3,7,,0,2,3,1,B01
201900042892,2,7,,0,0,1,1,B01
201900042892,1,7,,0,0,1,1,A01
201900042893,1,30,,0,2,1,15,A01
201900042893,2,7,,0,2,3,1,B01
201900042894,1,31,,0,2,7,15,B01
201900042894,2,31,,0,2,1,1,A01
201900042895,3,7,,0,2,4,2,B01
201900042895,3,7,,0,2,1,2,A01
201900042896,1,7,,0,0,8,15,B01
201900042896,1,7,,0,2,1,17,A01
201900042897,1,31,,0,2,1,19,A01
201900042897,3,7,,0,2,5,19,B01
201900042898,0,33,,0,0,0,0,Z01
201900042899,1,7,,6,0,3,1,A01
201900042900,1,7,,0,1,1,9,A01
201900042901,2,7,,0,2,1,15,A01
201900042901,1,30,,0,2,1,1,B01
201900042902,3,7,,0,2,3,14,C01
201900042902,3,33,,0,2,1,17,A01
201900042902,3,33,,0,2,1,17,B01
201900042903,2,7,,8,0,3,1,A01
201900042904,1,7,,0,1,1,15,A01
201900042905,3,7,,0,0,1,26,A01
201900042906,1,10,,2,2,1,5,A01
201900042906,2,7,,0,2,6,21,B01
201900042906,2,10,,0,2,3,21,C01
201900042907,2,7,,1,2,3,1,A01
201900042907,1,7,,0,2,2,1,B01
201900042908,2,7,,0,2,2,1,C01
201900042908,2,7,,0,2,5,21,B01
201900042908,1,7,,0,2,3,13,A01
201900042909,3,33,,3,2,7,2,B01
201900042909,3,7,,0,2,8,9,A01
201900042910,1,7,,0,2,1,2,Z01
201900042910,1,7,,0,2,4,23,A01
201900042911,1,7,,1,0,1,1,A01
201900042911,1,7,,0,0,4,23,B01
201900042912,1,7,,1,0,3,13,A01
201900042913,1,7,,0,2,2,21,A01
201900042913,0,1,,0,2,8,15,B01
201900042914,1,2,,0,2,7,17,B01
201900042914,1,7,,0,2,8,15,A01
201900042915,1,14,,0,1,4,4,A01
201900042916,1,33,,0,0,0,1,A01
201900042917,2,10,,0,0,0,17,B01
201900042917,2,38,22.0,17,0,0,1,A01
201900042918,2,7,,15,2,3,1,B01
201900042918,2,15,,0,2,5,1,A01
201900042919,2,15,,0,2,8,1,B01
201900042919,1,7,,0,2,3,13,A01
201900042920,1,7,,0,1,2,1,A01
201900042921,2,7,,0,0,4,15,C01
201900042921,2,10,,0,2,1,2,A01
201900042921,2,10,,0,2,4,2,B01
201900042922,1,7,,0,2,4,2,C01
201900042922,1,7,,0,2,1,2,B01
201900042922,1,10,,0,2,1,2,A01
201900042923,1,10,,0,2,3,1,B01
201900042923,2,31,,0,2,1,17,A01
201900042924,2,7,,0,2,2,16,A01
201900042924,2,33,,0,2,3,1,B01
201900042925,1,7,,2,0,1,1,A01
201900042926,2,7,,0,1,8,15,A01
201900042927,0,7,,1,0,3,1,A01
201900042928,2,7,,0,2,1,2,Z01
201900042928,2,7,,0,2,4,2,A01
201900042929,2,10,,0,2,1,1,B01
201900042929,1,7,,0,2,8,1,A01
201900042930,1,7,,0,2,2,15,A01
201900042930,1,7,,0,2,3,15,B01
201900042931,1,33,,0,2,1,1,B01
201900042931,1,7,,0,2,2,15,A01
201900042932,1,10,,0,2,8,15,B01
201900042932,1,33,,0,2,1,17,A01
201900042933,3,10,,0,2,1,13,A01
201900042933,0,10,,0,2,1,1,B01
201900042934,2,7,,0,2,7,15,B01
201900042934,1,33,,0,2,1,26,A01
201900042935,2,7,,0,2,1,1,A01
201900042935,3,7,,0,2,3,1,B01
201900042936,1,7,,3,2,0,2,C01
201900042936,1,33,,3,2,3,14,B01
201900042936,1,7,,3,2,5,2,A01
201900042937,3,7,,14,0,0,1,A01
201900042937,3,2,,12,0,3,1,B01
201900042938,2,7,,3,0,1,26,A01
201900042939,2,7,,3,0,1,13,A01
201900042940,3,7,,0,2,4,23,B01
201900042940,3,7,,0,2,1,1,A01
201900042941,2,10,,0,2,2,14,A01
201900042941,2,10,,0,2,4,1,B01
201900042942,1,7,,1,0,1,1,A01
201900042942,1,38,1.0,0,2,3,24,B01
201900042942,1,38,1.0,0,2,6,24,C01
201900042943,2,7,,4,2,3,13,A01
201900042943,2,7,,0,2,1,2,B01
201900042943,2,7,,4,2,4,2,C01
201900042944,1,33,,0,2,1,13,A01
201900042944,2,33,,0,2,1,1,B01
201900042944,1,7,,0,2,6,1,C01
201900042945,2,7,,0,2,4,23,B01
201900042945,2,7,,0,2,1,2,A01
201900042946,2,33,,0,2,1,1,B01
201900042946,1,7,,0,2,7,15,A01
201900042947,0,33,,0,6,0,1,A01
201900042948,2,7,,0,2,1,1,A01
201900042948,2,7,,0,2,4,23,B01
201900042948,2,7,,0,2,4,23,C01
201900042949,2,7,,0,2,1,21,A01
201900042949,2,7,,0,0,6,23,B01
201900042949,1,7,,0,2,1,1,C01
201900042950,2,31,,0,0,0,1,A01
201900042951,1,43,,0,0,3,3,A01
201900042951,1,7,,0,0,0,11,B01
201900042952,1,7,,4,0,3,0,A01
201900042953,2,7,,0,2,1,2,A01
201900042953,2,7,,0,2,4,2,B01
201900042953,2,7,,0,2,6,2,C01
201900042954,1,7,,3,2,1,14,A01
201900042954,1,7,,0,2,3,1,B01
201900042955,2,7,,3,0,1,1,A01
201900042956,1,17,,0,2,5,1,B01
201900042956,1,7,,0,2,1,12,A01
201900042957,1,7,,4,0,3,26,A01
201900042958,2,33,,0,0,4,12,B01
201900042958,2,7,,0,2,1,2,A01
201900042959,3,33,,0,1,1,1,A01