Num_Acc,senc,catv,occutc,obs,obsm,choc,manv,num_veh
201900042960,1,7,,0,1,2,1,A01
201900042961,2,7,,0,1,1,18,A01
201900042962,1,1,,0,2,0,1,B01
201900042962,1,14,,0,2,5,16,A01
201900042963,0,33,,0,0,7,1,A01
201900042964,1,7,,2,0,1,1,A01
201900042965,3,36,,0,0,0,0,A01
201900042966,3,7,,0,2,1,1,B01
201900042966,3,7,,13,2,3,15,A01
201900042967,0,7,,0,0,0,0,A01
201900042968,2,33,,0,9,3,17,A01
201900042968,1,99,,0,2,8,1,B01
201900042969,2,2,,0,2,8,15,B01
201900042969,1,33,,0,2,1,13,A01
201900042970,2,15,,0,2,3,1,B01
201900042970,1,7,,0,2,1,13,A01
201900042971,1,7,,0,2,3,1,B01
201900042971,2,7,,0,2,3,1,A01
201900042972,1,7,,2,0,1,1,A01
201900042973,1,7,,0,1,1,1,A01
201900042974,2,7,,0,0,9,13,A01
201900042975,3,7,,0,9,1,1,B01
201900042975,0,1,,0,2,1,0,A01
201900042976,2,33,,0,2,1,5,A01
201900042976,1,7,,0,2,2,9,B01
201900042977,1,7,,13,0,2,14,A01
201900042978,3,2,,0,2,3,13,B01
201900042978,3,7,,0,2,3,1,A01
201900042979,2,7,,2,0,1,1,A01
201900042980,2,33,,13,0,8,1,A01
201900042981,3,2,,0,6,8,19,A01
201900042982,1,7,,6,0,3,13,A01
201900042983,1,7,,0,2,8,17,A01
201900042983,1,7,,2,2,0,17,B01
201900042983,1,7,,0,0,7,1,C01
201900042984,1,7,,8,0,1,1,A01
201900042985,3,36,,0,0,2,15,A01
201900042986,1,99,,0,2,1,13,A01
201900042986,2,99,,0,2,8,1,B01
201900042986,2,7,,0,9,3,1,C01
201900042987,3,14,,6,1,3,0,A01
201900042988,2,33,,13,0,7,1,A01
201900042989,2,7,,0,2,1,5,A01
201900042989,1,7,,0,2,1,1,B01
201900042990,1,7,,0,1,2,16,A01
201900042991,2,7,,0,2,2,10,A01
201900042991,2,33,,0,2,8,1,B01
201900042992,2,10,,0,9,7,16,B01
201900042992,2,80,,0,2,8,23,A01
201900042993,2,33,,0,2,1,1,A01
201900042993,1,7,,0,2,3,15,B01
201900042994,2,33,,0,2,1,1,B01
201900042994,3,10,,0,2,8,19,A01
201900042995,1,33,,0,2,1,2,B01
201900042995,1,7,,0,0,8,15,A01
201900042996,1,7,,0,2,1,1,A01
201900042996,2,7,,0,2,3,13,B01
201900042997,3,10,,0,9,3,15,B01
201900042997,3,1,,0,2,4,1,A01
201900042998,3,1,,0,2,2,1,B01
201900042998,3,7,,0,2,3,9,A01
201900042999,1,31,,13,0,1,13,A01
201900043000,2,7,,0,2,8,1,A01
201900043000,2,33,,0,2,1,1,B01
201900043001,2,2,,3,0,8,0,A01
201900043002,1,33,,0,2,1,2,A01
201900043002,1,7,,0,2,4,2,B01
201900043003,1,7,,0,2,3,1,C01
201900043003,2,17,,0,2,3,17,B01
201900043003,1,7,,0,2,3,13,A01
201900043004,3,33,,0,2,1,1,B01
201900043004,3,7,,0,2,3,1,A01
201900043005,1,7,,0,2,3,13,B01
201900043005,1,7,,0,2,3,1,A01
201900043006,0,32,,0,0,0,1,A01
201900043007,-1,7,,0,2,1,15,A01
201900043007,0,1,,0,2,2,15,B01
201900043008,2,7,,0,2,1,17,B01
201900043008,2,7,,0,0,8,10,A01
201900043009,3,7,,0,1,2,1,A01
201900043010,2,7,,2,0,9,1,A01
201900043011,1,33,,0,0,8,15,A01
201900043012,0,7,,0,2,1,1,B01
201900043012,0,33,,0,2,1,13,A01
201900043013,1,7,,2,0,7,1,A01
201900043014,1,7,,0,2,2,1,B01
201900043014,1,7,,0,2,3,0,A01
201900043015,3,7,,2,0,1,0,A01
201900043016,1,1,,0,0,0,15,A01
201900043016,1,7,,0,0,0,1,B01
201900043017,3,2,,3,0,7,1,A01
201900043018,1,33,,6,0,1,1,A01
201900043019,1,7,,0,2,1,1,B01
201900043019,2,7,,0,2,1,13,A01
201900043020,2,7,,0,9,3,23,C01
201900043020,2,33,,0,2,1,1,B01
201900043020,1,7,,0,2,3,15,A01
201900043021,0,2,,0,0,7,1,A01
201900043022,2,7,,0,2,3,1,B01
201900043022,1,7,,0,0,2,13,A01
201900043023,2,1,,0,2,6,19,B01
201900043023,2,7,,0,9,1,1,A01
201900043024,3,7,,0,1,3,15,A01
201900043025,2,7,,8,0,9,1,A01
201900043026,1,7,,2,0,2,1,A01
201900043027,1,10,,2,0,1,14,A01
201900043028,1,33,,0,0,1,1,A01
201900043029,3,7,,0,2,7,1,A01
201900043029,0,7,,0,2,1,1,B01
201900043030,3,7,,0,1,3,13,A01
201900043031,1,7,,0,1,2,13,A01
201900043032,2,31,,0,2,1,17,B01
201900043032,2,7,,0,2,3,15,A01
201900043033,3,7,,8,0,1,21,A01
201900043034,1,7,,0,0,1,21,A01
201900043035,1,7,,2,0,3,1,A01
201900043036,2,7,,0,2,2,10,A01
201900043036,1,33,,0,2,1,1,B01
201900043036,1,7,,0,0,8,23,C01
201900043037,2,33,,0,0,0,1,A01
201900043038,2,7,,0,2,1,9,A01
201900043038,2,80,,0,2,1,6,B01
201900043039,1,1,,0,2,7,14,B01
201900043039,1,1,,10,2,8,13,A01
201900043040,3,7,,0,9,3,1,A01
201900043040,3,99,,0,2,1,1,B01
201900043041,2,33,,0,2,1,17,A01
201900043041,2,21,,0,0,6,1,B01
201900043042,2,7,,0,2,3,1,B01
201900043042,1,21,,0,2,1,1,A01
201900043043,2,7,,13,2,1,1,A01
201900043043,1,7,,0,2,2,1,B01
201900043044,2,7,,0,2,3,1,C01
201900043044,2,7,,0,2,7,1,B01
201900043044,1,33,,0,2,8,1,A01
201900043045,3,7,,13,0,2,1,A01
201900043046,2,7,,0,2,1,2,A01
201900043046,2,7,,6,0,4,2,B01
201900043046,1,7,,0,0,2,1,C01
201900043047,3,1,,13,0,1,26,A01
201900043048,1,31,,1,0,0,0,A01
201900043049,1,7,,0,2,2,1,A01
201900043049,1,1,,0,0,6,19,B01
201900043050,2,7,,0,2,1,15,A01
201900043050,1,7,,0,2,3,1,B01
201900043051,1,33,,13,2,1,17,B01
201900043051,1,10,,0,2,3,11,A01
201900043052,1,7,,11,2,3,6,A01
201900043052,2,7,,0,2,3,5,B01
201900043052,2,10,,0,2,1,2,C01
201900043053,3,7,,0,2,3,15,A01
201900043053,2,7,,0,2,1,1,B01
201900043054,3,7,,0,9,3,1,A01
201900043054,3,1,,0,2,1,1,B01
201900043055,3,7,,0,2,6,15,B01
201900043055,1,7,,6,2,1,1,A01
201900043056,2,32,,0,2,1,9,A01
201900043056,2,3,,0,0,6,9,B01
201900043057,1,7,,0,2,6,1,A01
201900043057,2,7,,0,2,1,9,B01
201900043058,0,7,,0,2,3,5,B01
201900043058,3,33,,0,2,1,5,A01
201900043059,3,33,,0,0,0,1,A01
201900043060,2,2,,2,0,1,1,A01
201900043061,2,7,,0,0,4,19,B01
201900043061,2,10,,0,2,1,1,A01
201900043062,2,1,,0,2,5,1,A01
201900043062,1,7,,0,2,2,15,B01
201900043063,1,7,,13,0,9,1,A01
201900043064,1,2,,8,0,1,1,A01
201900043065,2,7,,0,2,1,1,B01
201900043065,1,7,,0,2,1,13,A01
201900043066,3,33,,0,2,1,1,B01
201900043066,3,7,,0,2,3,15,A01
201900043067,2,33,,0,2,8,1,B01
201900043067,1,7,,0,2,3,13,A01
201900043068,2,33,,11,0,1,1,A01
201900043069,2,7,,0,2,1,1,B01
201900043069,1,7,,0,2,1,11,A01
201900043070,3,2,,0,0,0,0,A01
201900043071,2,7,,1,0,2,1,A01
201900043072,3,2,,0,2,1,1,B01
201900043072,3,7,,0,2,3,1,A01
201900043073,2,3,,0,9,2,26,A01
201900043073,2,80,,0,0,3,1,B01
201900043074,2,7,,0,2,3,15,B01
201900043074,2,33,,6,2,1,2,A01
201900043075,3,7,,0,2,3,1,B01
201900043075,3,7,,0,2,3,1,A01
201900043076,2,7,,13,0,1,13,A01
201900043077,2,7,,0,2,3,1,B01
201900043077,3,33,,0,2,1,13,A01
201900043078,0,33,,16,0,7,2,A01
201900043079,1,7,,0,1,1,1,A01
201900043080,3,2,,6,0,2,1,A01
201900043081,1,3,,13,0,9,13,A01
201900043082,2,7,,0,2,3,13,A01
201900043082,2,10,,0,2,3,1,B01
201900043083,1,7,,13,0,1,17,A01
201900043084,1,33,,0,0,7,1,A01
201900043085,3,21,,0,0,0,1,A01
201900043086,3,7,,0,2,2,19,A01
201900043086,3,33,,0,2,1,1,B01
201900043087,1,7,,0,1,1,1,A01
201900043088,3,7,,0,2,1,5,B01
201900043088,3,7,,0,2,1,1,A01
201900043089,1,2,,16,0,1,1,A01
201900043090,1,7,,0,2,1,5,A01
201900043090,2,2,,0,2,1,1,B01
201900043091,1,33,,6,0,1,1,A01
201900043092,1,33,,0,0,7,1,A01
201900043093,1,2,,0,2,1,13,A01
201900043093,2,7,,0,2,1,1,B01
201900043094,1,1,,16,0,4,2,A01
201900043094,1,1,,16,0,1,2,B01
201900043095,2,7,,0,2,1,13,A01
201900043095,1,15,,0,2,3,1,B01
201900043096,1,7,,13,0,9,1,A01
201900043097,2,7,,0,2,3,17,A01
201900043097,1,33,,0,2,1,1,B01
201900043098,1,7,,0,2,3,1,B01
201900043098,2,7,,0,2,3,13,A01
201900043099,2,33,,0,2,8,15,A01
201900043099,1,7,,0,2,3,1,B01
201900043100,2,33,,0,2,7,17,B01
201900043100,2,7,,0,2,8,17,A01
201900043101,1,7,,0,2,7,1,B01
201900043101,1,7,,0,2,1,1,A01
201900043102,2,7,,13,0,2,0,A01
201900043103,2,7,,0,2,2,1,A01
201900043103,2,7,,0,2,1,0,B01
201900043104,2,7,,13,0,1,14,A01
201900043105,2,7,,0,2,2,5,A01
201900043105,1,2,,0,2,1,1,B01
201900043106,1,7,,0,2,1,13,B01
201900043106,2,2,,0,2,1,1,A01
201900043107,2,7,,0,2,9,1,C01
201900043107,2,7,,0,2,1,15,B01
201900043107,1,7,,0,2,1,1,A01
201900043108,2,7,,0,0,0,1,B01
201900043108,1,2,,16,0,0,2,A01
201900043109,1,7,,2,0,0,2,A01
201900043110,2,7,,0,2,7,15,A01
201900043110,1,33,,13,2,1,1,B01
201900043111,3,2,,0,2,1,1,B01
201900043111,3,7,,0,2,8,19,A01
201900043112,1,33,,12,0,2,15,A01
201900043113,2,7,,0,2,3,1,B01
201900043113,1,7,,0,2,3,17,A01
201900043114,0,2,,6,0,1,1,A01
201900043115,1,7,,2,0,1,14,A01
201900043116,1,33,,0,6,1,1,A01
201900043117,3,7,,8,0,1,14,A01
201900043118,1,7,,13,0,1,1,A01
201900043119,1,7,,0,2,1,13,A01
201900043119,2,31,,0,0,8,1,B01
201900043119,2,31,,0,0,1,21,C01
201900043120,3,2,,6,0,1,1,A01
201900043121,1,7,,8,0,3,1,A01
201900043122,1,7,,0,2,1,13,A01
201900043122,2,7,,0,2,1,1,B01
201900043123,2,2,,0,0,8,1,A01
201900043124,2,7,,3,0,0,14,A01
201900043125,2,10,,0,2,1,1,B01
201900043125,2,2,,0,0,4,16,A01
201900043126,0,2,,13,0,2,1,A01
201900043127,1,21,,0,2,4,1,B01
201900043127,1,7,,0,1,1,1,A01
201900043128,3,1,,0,2,8,1,B01
201900043128,3,7,,0,9,1,15,A01
201900043129,3,7,,0,2,3,1,B01
201900043129,0,2,,15,2,1,19,A01
201900043130,1,7,,13,0,0,1,A01
201900043131,1,7,,0,2,6,15,B01
201900043131,2,33,,0,2,1,1,A01
201900043132,1,7,,0,2,1,1,A01
201900043132,1,1,,0,2,4,1,B01
201900043133,2,7,,0,2,8,1,B01
201900043133,1,7,,0,2,1,19,A01
201900043134,1,2,,0,0,0,1,A01
201900043135,2,10,,0,0,6,23,B01
201900043135,2,7,,1,0,2,1,A01
201900043136,2,7,,2,0,3,13,A01
201900043137,3,7,,0,2,3,26,B01
201900043137,3,33,,0,2,2,16,A01
201900043138,1,14,,13,2,3,1,B01
201900043138,2,7,,13,2,1,13,A01
201900043139,2,2,,0,0,1,21,A01
201900043140,2,7,,13,0,3,0,A01
201900043141,1,33,,0,6,8,1,A01
201900043142,2,33,,0,2,7,1,B01
201900043142,1,7,,0,2,3,9,A01
201900043143,3,7,,15,0,8,1,A01
201900043144,1,7,,2,0,1,1,A01
201900043145,1,33,,13,0,1,0,A01
201900043146,1,0,,0,1,2,1,A01
201900043147,1,10,,0,0,9,1,A01
201900043148,1,2,,0,6,1,21,A01
201900043149,1,7,,0,2,2,2,A01
201900043149,1,7,,8,2,6,1,B01
201900043150,3,7,,0,0,7,19,A01
201900043150,3,7,,0,2,1,1,B01
201900043151,2,33,,6,0,1,1,A01
201900043152,0,7,,6,0,1,0,A01
201900043153,1,7,,2,0,3,0,A01
201900043154,3,7,,0,2,1,19,A01
201900043154,2,7,,13,2,7,1,B01
201900043155,1,7,,0,2,1,1,B01
201900043155,2,7,,0,2,3,19,A01
201900043156,2,33,,11,0,1,17,A01
201900043157,3,7,,0,2,1,1,B01
201900043157,3,7,,0,2,2,19,A01
201900043158,3,7,,2,0,8,1,A01
201900043159,1,7,,0,2,1,1,B01
201900043159,2,7,,0,2,3,1,A01
201900043160,1,7,,0,0,3,15,B01
201900043160,1,33,,0,2,7,17,A01
201900043161,2,7,,0,2,3,15,A01
201900043161,1,33,,0,2,8,1,B01
201900043162,1,7,,13,6,9,1,A01
201900043163,1,15,,0,2,1,1,A01
201900043163,1,10,,0,2,4,1,D01
201900043163,1,7,,0,2,4,1,C01
201900043163,1,7,,0,2,4,1,B01
201900043164,3,7,,6,0,1,0,A01
201900043165,1,37,1.0,0,1,1,1,A01
201900043166,0,7,,0,2,1,1,C01
201900043166,1,7,,0,2,6,2,B01
201900043166,0,7,,4,2,1,17,A01
201900043167,1,1,,0,2,4,1,B01
201900043167,1,7,,0,9,2,17,A01
201900043168,2,7,,0,0,4,1,A01
201900043168,2,7,,0,2,1,2,B01
201900043169,3,2,,0,2,1,1,B01
201900043169,3,2,,12,0,8,1,A01
201900043170,3,7,,0,2,1,13,A01
201900043170,3,7,,0,2,1,1,B01
201900043170,3,7,,0,2,6,1,C01
201900043171,3,7,,2,0,1,1,A01
201900043172,1,15,,5,2,2,0,C01
201900043172,1,7,,0,2,5,0,B01
201900043173,2,33,,4,0,8,1,A01
201900043174,1,7,,0,0,2,2,A01
201900043175,1,7,,0,0,4,1,A01
201900043175,1,7,,0,2,1,1,B01
201900043176,2,33,,3,0,1,1,A01
201900043177,0,7,,2,0,1,13,A01
201900043178,1,7,,13,0,4,17,A01
201900043179,1,7,,13,0,9,1,A01
201900043180,0,33,,0,2,1,17,B01
201900043180,1,7,,0,2,8,2,A01
201900043181,1,43,,8,0,1,1,A01
201900043182,2,7,,0,2,3,15,A01
201900043182,2,33,,0,2,8,1,B01
201900043183,2,7,,15,0,1,13,A01
201900043184,2,7,,8,0,2,1,A01
201900043185,0,1,,0,0,0,17,B01
201900043185,0,7,,0,0,0,16,A01
201900043186,2,10,,0,1,4,4,A01
201900043187,3,33,,0,0,2,1,A01
201900043188,1,7,,0,1,8,1,A01
201900043189,2,7,,2,0,3,1,A01
201900043190,1,13,,0,0,8,9,A01
201900043191,2,7,,0,2,3,15,B01
201900043191,2,33,,0,2,1,13,A01
201900043192,2,37,2.0,0,2,2,1,B01
201900043192,1,7,,0,2,4,26,A01
201900043193,1,10,,0,2,2,13,A01
201900043193,2,33,,0,2,1,1,B01
201900043194,1,7,,0,2,2,15,A01
201900043194,2,34,,0,2,1,1,B01
201900043195,1,17,,0,0,4,2,B01
201900043195,1,33,,0,2,1,2,A01
201900043196,0,7,,0,1,2,1,A01
201900043197,3,1,,0,2,7,26,B01
201900043197,3,7,,0,9,3,9,A01
201900043198,0,1,,0,2,6,1,B01
201900043198,0,10,,0,9,2,1,A01
201900043199,3,7,,0,1,3,15,A01
201900043200,3,33,,0,0,0,1,A01
201900043201,3,7,,0,1,2,15,A01
201900043202,1,7,,0,2,3,1,B01
201900043202,2,7,,0,2,3,13,A01
201900043203,2,7,,0,1,1,1,A01
201900043204,3,10,,0,1,2,0,A01
201900043205,1,33,,0,2,4,15,B01
201900043205,1,33,,0,2,1,1,A01
201900043206,1,7,,0,2,1,13,A01
201900043206,2,7,,0,2,1,1,B01
201900043206,2,7,,0,2,1,1,C01
201900043207,1,7,,0,2,2,9,A01
201900043207,2,7,,5,2,5,1,B01
201900043208,1,7,,0,2,1,15,A01
201900043208,2,2,,0,2,7,1,B01
201900043209,1,7,,0,2,2,15,B01
201900043209,2,7,,0,2,3,1,A01
201900043210,2,7,,6,2,1,13,A01
201900043210,1,7,,0,2,1,1,B01
201900043211,2,7,,6,2,3,1,B01
201900043211,1,7,,6,2,1,1,A01
201900043212,0,7,,13,0,1,19,A01
201900043213,2,2,,0,2,1,17,A01
201900043213,3,7,,0,2,8,19,B01
201900043214,3,3,,1,0,1,2,A01
201900043215,2,7,,13,0,0,1,A01
201900043216,2,7,,0,2,3,5,A01
201900043216,1,7,,0,2,3,1,B01
201900043217,2,33,,0,2,1,1,B01
201900043217,2,7,,0,2,3,19,A01
201900043218,2,7,,0,2,1,1,B01
201900043218,2,7,,0,2,4,11,A01
201900043219,1,7,,0,2,4,2,A01
201900043219,1,7,,0,2,1,2,B01
201900043220,2,15,,3,0,0,14,A01
201900043221,1,10,,0,2,8,1,B01
201900043221,1,7,,3,2,7,12,A01
201900043222,2,7,,0,0,6,1,B01
201900043222,2,17,,0,2,2,12,A01
201900043223,2,7,,0,2,4,23,A01
201900043223,2,7,,0,2,5,23,C01
201900043223,2,7,,0,2,4,23,B01
201900043223,2,10,,0,2,1,2,Z01
201900043224,2,7,,0,2,2,1,B01
201900043224,2,7,,4,2,6,12,A01
201900043225,1,7,,0,2,1,2,B01
201900043225,1,7,,0,2,4,2,A01
201900043226,2,7,,4,0,1,13,A01
201900043227,1,17,,0,2,1,1,A01
201900043227,1,7,,0,2,4,2,B01
201900043227,1,7,,0,2,4,2,C01
201900043227,1,7,,0,2,5,2,D01
201900043228,1,17,,0,2,6,1,B01
201900043228,1,7,,4,2,1,14,A01
201900043229,1,7,,0,2,1,1,A01
201900043229,1,7,,0,2,4,2,B01
201900043230,1,7,,0,2,1,1,A01
201900043230,1,7,,0,2,4,2,B01
201900043230,1,7,,0,2,4,2,C01
201900043231,1,7,,0,2,4,1,B01
201900043231,1,7,,0,2,1,1,C01
201900043231,1,7,,0,2,4,1,A01
201900043232,2,33,,4,0,2,26,A01
201900043233,1,7,,0,0,1,21,A01
201900043234,2,33,,0,2,2,3,B01
201900043234,2,7,,0,2,4,26,C01
201900043234,2,7,,0,2,3,11,A01
201900043235,2,7,,4,0,1,0,A01
201900043236,1,30,,3,0,2,0,A01
201900043237,2,15,,0,2,2,0,B01
201900043237,2,7,,0,2,2,11,C01
201900043237,2,7,,0,2,1,11,A01
201900043238,2,7,,0,2,4,1,D01
201900043238,2,17,,0,2,4,0,B01
201900043238,2,7,,0,2,4,2,C01
201900043238,2,17,,0,2,1,2,A01
201900043239,2,7,,4,0,3,21,A01
201900043240,2,33,,3,2,1,1,A01
201900043241,2,33,,0,2,1,1,A01
201900043241,2,7,,0,2,4,0,B01
201900043242,1,34,,0,2,2,3,A01
201900043243,1,7,,0,2,3,11,A01
201900043243,1,7,,0,2,8,1,C01
201900043243,1,33,,0,2,2,3,B01
201900043243,1,7,,0,2,3,1,D01
201900043244,1,10,,0,2,4,0,B01
201900043244,1,10,,0,2,1,0,Z01
201900043245,1,7,,0,2,3,1,A01
201900043245,1,7,,0,2,5,1,B01
201900043246,2,15,,0,2,2,12,A01
201900043246,2,7,,0,2,8,1,B01
201900043247,1,14,,0,2,7,12,A01
201900043247,1,7,,0,2,8,1,B01
201900043248,2,7,,4,0,3,12,A01
201900043249,1,31,,0,2,3,3,B01
201900043249,1,10,,0,2,7,12,A01
201900043250,1,0,,0,2,1,1,Z01
201900043250,1,7,,0,2,4,2,B01
201900043250,1,7,,0,2,6,2,A01
201900043251,2,7,,0,2,5,1,A01
201900043251,2,7,,0,2,1,26,B01
201900043252,1,33,,3,0,2,1,A01
201900043253,2,7,,0,2,8,11,A01
201900043253,2,33,,0,2,7,1,B01
201900043254,2,10,,0,2,2,14,B01
201900043254,2,38,1.0,0,2,6,1,C01
201900043254,2,33,,0,2,3,3,A01
201900043255,1,7,,0,0,9,26,A01
201900043256,1,7,,0,2,8,11,A01
201900043256,1,7,,4,2,7,1,C01
201900043256,1,10,,0,2,7,1,B01
201900043257,2,7,,0,2,6,2,A01
201900043257,2,15,,0,2,1,12,B01
201900043258,2,7,,0,2,0,0,Z01
201900043258,2,43,,0,2,7,1,A01
201900043259,1,32,,0,2,8,3,A01
201900043259,1,33,,0,2,7,3,B01
201900043260,2,7,,0,2,5,12,B01
201900043260,2,33,,0,2,8,3,A01
201900043261,1,7,,0,2,4,2,B01
201900043261,1,7,,0,2,1,1,A01
201900043262,2,7,,0,2,2,2,B01
201900043262,2,10,,3,2,3,13,A01
201900043263,1,7,,0,2,1,10,B01
201900043263,1,30,,0,2,4,2,A01
201900043264,1,7,,0,2,1,1,B01
201900043264,1,31,,0,2,9,9,A01
201900043265,2,33,,0,2,2,12,A01
201900043265,2,15,,0,2,3,1,B01
201900043266,2,7,,0,2,1,2,A01
201900043266,2,7,,0,2,4,2,B01
201900043267,1,7,,6,2,7,1,B01
201900043267,1,7,,6,2,6,1,C01
201900043267,1,10,,0,2,3,11,A01
201900043268,1,33,,0,2,2,1,B01
201900043268,2,7,,0,2,1,15,A01
201900043269,1,7,,0,0,2,15,B01
201900043269,2,30,,0,2,1,1,A01
201900043270,1,7,,0,2,1,26,A01
201900043271,2,1,,0,1,1,7,A01
201900043272,1,7,,0,2,1,0,Z01
201900043272,2,33,,0,2,1,0,A01
201900043273,1,7,,0,2,1,9,B01
201900043273,2,7,,0,2,4,26,A01
201900043274,2,2,,12,0,1,26,A01
201900043275,2,7,,8,0,1,14,A01
201900043276,1,33,,0,2,1,1,B01
201900043276,1,13,,0,2,7,14,A01
201900043277,2,3,,0,2,2,1,B01
201900043277,2,3,,0,2,1,1,A01
201900043278,3,7,,0,2,2,19,A01
201900043278,3,7,,0,2,1,1,B01
201900043279,2,2,,0,2,1,18,A01
201900043279,1,7,,0,2,7,15,B01
201900043280,0,10,,14,1,0,1,A01
201900043281,2,7,,7,0,1,15,A01
201900043282,2,7,,0,2,1,1,B01
201900043282,3,7,,0,0,5,9,A01
201900043283,2,7,,0,6,7,16,A01
201900043283,2,80,,0,2,1,14,B01
201900043284,1,7,,0,2,1,26,A01
201900043284,1,7,,0,2,6,0,C01
201900043284,1,7,,0,2,4,26,B01
201900043284,1,7,,0,2,4,1,D01
201900043285,1,3,,0,1,1,1,A01
201900043286,2,30,,0,2,8,26,A01
201900043286,2,7,,0,2,2,12,Z01
201900043287,1,7,,0,2,1,1,B01
201900043287,1,7,,0,2,1,13,A01
201900043288,1,30,,1,2,2,18,A01
201900043288,1,10,,1,2,2,13,B01
201900043289,1,3,,0,2,1,1,B01
201900043289,3,3,,0,2,3,15,A01
201900043290,3,7,,0,2,3,21,B01
201900043290,3,7,,0,2,3,21,A01
201900043291,2,7,,0,2,1,15,A01
201900043291,1,43,,0,2,1,1,B01
201900043292,2,7,,0,2,3,10,A01
201900043292,2,7,,0,2,2,1,B01
201900043293,2,7,,0,2,0,0,Z01
201900043293,1,7,,0,2,0,1,B01
201900043294,1,1,,0,2,1,9,B01
201900043294,2,7,,0,2,2,5,A01
201900043295,1,2,,0,2,1,9,A01
201900043295,2,7,,0,2,1,9,B01
201900043296,2,7,,0,2,1,1,B01
201900043296,1,7,,0,2,1,15,A01
201900043297,0,7,,0,1,1,1,A01
201900043298,1,7,,1,0,7,14,A01
201900043299,2,7,,0,2,1,8,A01
201900043299,2,7,,0,2,7,1,B01
201900043300,1,1,,1,0,1,1,B01
201900043300,1,7,,0,2,3,24,A01
201900043301,1,7,,0,1,1,1,A01
201900043302,2,7,,0,2,3,9,A01
201900043302,2,30,,0,2,7,26,B01
201900043303,2,2,,0,0,7,1,A01
201900043304,1,2,,0,2,1,17,B01
201900043304,1,7,,0,2,3,15,A01
201900043305,1,7,,0,2,3,1,B01
201900043305,2,33,,0,2,1,13,A01
201900043305,1,7,,0,0,0,15,C01
201900043306,3,7,,0,1,1,26,A01
201900043307,1,1,,0,2,1,25,B01
201900043307,1,7,,0,2,2,26,A01
201900043308,2,7,,0,2,1,26,A01
201900043308,2,7,,0,2,4,2,C01
201900043308,2,7,,0,2,4,2,B01
201900043308,2,33,,0,2,4,2,D01
201900043309,3,7,,0,1,4,20,A01
201900043310,1,80,,0,2,1,1,B01
201900043310,1,10,,0,2,3,10,A01
201900043311,3,7,,0,2,5,15,B01
201900043311,3,7,,8,2,3,1,A01
201900043312,1,7,,0,1,2,2,A01
201900043313,2,7,,0,2,3,1,A01
201900043313,1,7,,0,2,2,1,B01
201900043314,0,0,,0,9,1,1,A01
201900043314,3,40,,0,2,0,0,B01
201900043314,2,1,,0,9,1,15,A01
201900043315,3,2,,0,2,0,0,B01
201900043315,3,7,,0,2,3,15,A01
201900043316,1,7,,0,2,1,1,A01
201900043316,2,7,,0,2,1,15,B01
201900043317,2,7,,0,2,4,23,B01
201900043317,2,7,,0,2,1,2,A01
201900043318,0,80,,0,2,7,19,A01
201900043318,2,7,,0,2,1,1,B01
201900043319,0,7,,0,1,4,20,A01
201900043320,3,7,,0,2,2,15,A01
201900043320,3,2,,0,2,1,1,B01
201900043321,3,7,,0,1,1,1,A01
201900043322,1,7,,0,2,1,1,A01
201900043322,1,7,,0,2,4,1,B01
201900043323,3,7,,0,2,3,15,B01
201900043323,3,33,,0,2,1,17,A01
201900043324,0,7,,0,1,1,2,A01
201900043325,2,7,,0,1,0,0,A01
201900043326,1,14,,0,2,1,1,A01
201900043326,1,33,,0,2,4,1,B01
201900043327,1,1,,0,2,4,1,B01
201900043327,1,7,,0,2,1,2,A01
201900043328,3,32,,0,2,1,1,B01
201900043328,3,7,,0,2,1,9,A01
201900043329,2,37,3.0,0,2,2,15,B01
201900043329,1,38,1.0,0,2,8,19,A01
201900043330,2,7,,0,2,8,20,A01
201900043330,2,33,,0,2,1,1,B01
201900043331,1,15,,0,2,1,2,A01
201900043331,1,7,,0,2,4,2,B01
201900043331,1,10,,0,2,4,2,C01
201900043332,3,7,,0,1,3,1,A01
201900043333,1,2,,0,2,1,1,B01
201900043333,2,7,,0,2,3,1,A01
201900043334,3,2,,13,0,0,1,A01
201900043335,3,33,,0,2,1,1,B01
201900043335,3,7,,0,2,3,15,A01
201900043336,1,7,,0,1,2,1,A01
201900043337,0,7,,0,9,0,15,A01
201900043337,0,1,,0,2,0,0,B01
201900043338,2,15,,0,0,3,1,B01
201900043338,1,33,,0,2,1,13,A01
201900043339,1,7,,0,2,2,1,B01
201900043339,2,32,,0,2,1,11,A01
201900043340,0,7,,0,1,2,26,A01
201900043341,3,7,,0,2,3,13,B01
201900043341,3,2,,0,2,2,1,A01
201900043342,3,7,,8,2,2,2,A01
201900043342,3,7,,8,2,4,2,B01
201900043343,2,7,,0,2,8,10,B01
201900043343,1,33,,0,2,1,17,A01
201900043344,3,7,,0,1,4,26,A01
201900043345,1,7,,13,0,3,14,A01
201900043346,1,33,,3,0,1,13,A01
201900043347,2,7,,3,0,3,1,A01
201900043348,0,7,,0,2,1,2,A01
201900043348,0,7,,0,2,4,15,B01
201900043349,2,7,,0,2,7,13,B01
201900043349,2,21,,0,2,3,16,A01
201900043350,2,7,,0,2,1,14,A01
201900043350,1,7,,0,2,1,1,B01
201900043351,2,7,,16,0,9,1,A01
201900043352,0,2,,0,1,1,13,A01