Num_Acc,senc,catv,occutc,obs,obsm,choc,manv,num_veh
201900043353,1,10,,0,2,2,1,B01
201900043353,2,7,,0,2,1,15,A01
201900043354,3,7,,0,2,2,1,B01
201900043354,3,7,,0,2,1,19,A01
201900043355,3,7,,6,0,1,20,A01
201900043356,2,7,,0,0,9,1,A01
201900043357,1,7,,0,0,3,1,A01
201900043358,2,31,,0,2,1,13,A01
201900043358,1,7,,0,2,3,1,B01
201900043359,2,7,,0,0,7,14,A01
201900043359,1,7,,0,2,1,1,B01
201900043360,3,7,,0,1,3,1,A01
201900043361,2,33,,0,2,1,17,B01
201900043361,2,7,,0,2,3,10,A01
201900043362,1,33,,0,2,1,1,A01
201900043362,2,7,,0,2,1,1,B01
201900043363,1,33,,0,2,2,1,A01
201900043363,2,7,,0,2,0,5,B01
201900043364,2,2,,0,2,7,26,A01
201900043364,2,7,,0,2,8,18,B01
201900043365,1,7,,8,0,1,1,A01
201900043366,2,33,,16,0,1,1,A01
201900043367,1,7,,0,9,2,15,A01
201900043367,2,2,,0,2,1,21,B01
201900043368,2,7,,6,0,1,1,A01
201900043369,2,7,,13,0,2,1,A01
201900043370,2,7,,6,0,7,1,A01
201900043371,3,7,,0,2,1,1,B01
201900043371,3,7,,0,0,3,5,A01
201900043372,1,33,,0,0,7,1,A01
201900043373,1,7,,13,0,0,15,A01
201900043374,3,7,,0,1,1,16,A01
201900043375,1,7,,16,0,1,0,A01
201900043376,1,1,,0,2,1,1,A01
201900043376,3,7,,0,2,6,9,B01
201900043377,2,33,,0,0,7,21,A01
201900043377,1,10,,0,0,0,15,B01
201900043378,1,33,,0,2,1,1,B01
201900043378,2,7,,0,2,2,15,A01
201900043379,1,33,,13,0,1,13,A01
201900043380,3,33,,0,2,3,14,A01
201900043380,3,7,,0,2,3,14,B01
201900043381,2,7,,0,0,9,14,A01
201900043382,1,7,,0,2,2,0,A01
201900043382,2,7,,0,2,2,0,B01
201900043383,2,33,,14,0,1,1,A01
201900043384,1,7,,0,2,1,13,A01
201900043384,2,7,,0,2,8,1,B01
201900043385,1,7,,2,0,1,13,A01
201900043386,1,7,,0,0,4,23,C01
201900043386,1,7,,0,2,4,23,B01
201900043386,1,7,,0,2,1,1,A01
201900043387,3,2,,0,2,5,2,A01
201900043387,3,7,,0,2,5,16,B01
201900043388,1,7,,0,9,2,17,B01
201900043388,1,1,,0,0,4,2,A01
201900043389,1,7,,13,0,9,1,A01
201900043390,2,7,,0,2,2,1,B01
201900043390,1,7,,4,2,1,5,A01
201900043391,1,7,,2,0,1,13,A01
201900043392,3,33,,6,0,1,1,A01
201900043393,2,21,,0,2,7,17,B01
201900043393,2,1,,0,9,0,1,A01
201900043394,1,7,,0,1,2,16,A01
201900043395,3,80,,0,0,0,1,A01
201900043396,1,7,,0,2,1,1,B01
201900043396,2,7,,0,2,1,13,A01
201900043397,1,7,,13,0,3,1,A01
201900043398,2,33,,0,2,1,13,A01
201900043398,1,14,,0,2,3,1,B01
201900043399,3,7,,0,2,8,19,A01
201900043399,1,7,,0,2,1,1,B01
201900043400,1,7,,0,2,3,1,A01
201900043400,2,32,,0,2,1,13,B01
201900043401,2,2,,0,0,0,1,A01
201900043402,3,7,,0,2,3,15,A01
201900043402,1,33,,0,2,8,17,B01
201900043403,1,7,,0,2,7,17,B01
201900043403,1,7,,0,2,7,17,A01
201900043404,3,14,,0,2,2,16,A01
201900043404,3,33,,0,2,8,1,B01
201900043405,1,7,,0,2,1,1,A01
201900043405,1,33,,0,2,1,1,B01
201900043406,2,7,,0,2,3,16,A01
201900043406,1,7,,8,2,3,1,B01
201900043407,1,33,,0,2,1,1,A01
201900043407,1,7,,0,0,5,1,B01
201900043408,1,7,,6,0,2,14,A01
201900043409,1,1,,0,2,1,16,B01
201900043409,1,7,,0,0,0,9,A01
201900043410,1,33,,2,0,0,1,A01
201900043411,0,10,,0,1,7,16,A01
201900043412,1,7,,3,0,1,1,A01
201900043413,2,7,,0,0,4,2,B01
201900043413,2,7,,3,2,1,1,A01
201900043414,2,7,,3,0,1,14,A01
201900043415,2,7,,3,0,9,26,A01
201900043416,1,7,,0,2,3,1,C01
201900043416,1,17,,0,2,2,12,B01
201900043416,1,7,,4,2,3,1,A01
201900043417,1,7,,3,0,0,1,A01
201900043418,1,7,,2,0,0,1,A01
201900043419,2,14,,0,2,3,21,A01
201900043419,1,7,,0,2,3,0,B01
201900043419,1,7,,0,2,3,0,C01
201900043420,2,7,,2,0,1,14,A01
201900043421,2,7,,0,0,7,14,A01
201900043422,2,7,,4,0,1,0,A01
201900043423,2,10,,3,2,3,11,A01
201900043423,2,7,,0,2,1,1,B01
201900043423,2,7,,0,2,2,1,C01
201900043424,3,33,,3,0,8,1,A01
201900043425,2,10,,0,2,1,11,A01
201900043425,2,7,,0,0,6,1,B01
201900043426,2,7,,0,2,5,15,A01
201900043426,1,32,,0,2,1,1,B01
201900043427,2,7,,0,2,1,1,B01
201900043427,1,7,,0,2,1,13,A01
201900043428,3,7,,0,2,3,1,B01
201900043428,3,32,,0,2,1,1,A01
201900043429,3,7,,0,2,1,5,C01
201900043429,3,13,,0,2,1,5,B01
201900043429,3,7,,0,2,1,5,A01
201900043430,0,80,,0,0,0,1,A01
201900043431,1,33,,7,2,1,1,A01
201900043432,3,7,,13,0,1,0,A01
201900043433,1,7,,0,1,1,1,A01
201900043434,1,33,,13,0,1,15,A01
201900043435,2,7,,0,2,3,1,A01
201900043435,2,1,,0,2,8,1,B01
201900043436,1,7,,0,6,2,1,A01
201900043437,1,33,,0,2,2,1,A01
201900043437,1,10,,0,2,3,20,B01
201900043438,1,7,,0,0,4,1,C01
201900043438,1,7,,0,2,4,1,B01
201900043438,1,10,,0,2,1,1,A01
201900043439,1,31,,13,0,9,26,A01
201900043440,3,7,,0,2,3,1,A01
201900043440,3,7,,0,2,1,1,B01
201900043441,3,7,,0,1,2,1,A01
201900043442,1,7,,2,0,1,5,A01
201900043443,0,7,,0,0,3,1,B01
201900043443,0,7,,0,0,8,10,A01
201900043444,2,32,,0,2,1,1,B01
201900043444,1,7,,0,2,8,16,A01
201900043445,2,33,,0,2,1,0,B01
201900043445,2,7,,0,2,3,5,A01
201900043446,2,7,,0,2,1,1,B01
201900043446,1,33,,0,2,1,17,A01
201900043447,2,33,,4,2,2,13,A01
201900043447,1,15,,0,2,2,1,B01
201900043448,1,7,,0,2,1,1,B01
201900043448,2,33,,0,2,1,13,A01
201900043449,2,7,,0,2,1,15,A01
201900043449,1,33,,0,2,1,1,B01
201900043450,2,32,,0,0,7,1,A01
201900043451,1,7,,0,0,4,1,B01
201900043451,1,7,,0,2,1,1,A01
201900043452,0,7,,0,2,3,0,B01
201900043452,0,7,,0,2,3,0,A01
201900043453,3,7,,15,0,0,1,A01
201900043454,2,33,,0,2,1,13,B01
201900043454,1,7,,0,2,2,19,A01
201900043455,1,2,,0,2,1,1,A01
201900043455,2,7,,0,2,8,1,B01
201900043456,2,7,,13,0,2,0,A01
201900043457,2,33,,0,0,7,1,A01
201900043458,2,7,,0,2,3,1,B01
201900043458,1,7,,0,2,3,13,A01
201900043459,2,33,,2,0,1,1,A01
201900043460,2,33,,0,2,0,17,A01
201900043460,2,1,,0,2,8,13,B01
201900043461,1,7,,0,2,2,17,A01
201900043461,1,7,,0,2,3,15,B01
201900043462,1,7,,13,0,3,0,A01
201900043463,3,7,,6,0,1,0,A01
201900043464,3,7,,0,2,7,12,B01
201900043464,3,1,,0,2,9,1,A01
201900043465,0,31,,0,2,0,17,B01
201900043465,0,7,,0,0,3,15,A01
201900043466,1,33,,0,2,1,17,A01
201900043466,1,7,,0,2,3,15,B01
201900043467,2,10,,2,0,3,0,A01
201900043468,3,33,,14,2,7,17,B01
201900043468,0,7,,0,2,2,15,A01
201900043469,1,7,,13,0,3,13,A01
201900043470,1,7,,0,2,1,1,A01
201900043470,1,21,,0,2,3,1,B01
201900043471,2,1,,0,0,1,1,B01
201900043471,1,7,,0,2,0,5,A01
201900043472,2,7,,0,1,3,1,A01
201900043473,2,15,,2,0,1,1,A01
201900043474,2,7,,8,0,7,1,A01
201900043475,1,10,,0,1,2,1,A01
201900043476,2,7,,0,0,4,1,B01
201900043476,2,32,,0,2,1,1,A01
201900043477,0,33,,3,0,8,0,A01
201900043478,3,10,,0,2,1,1,B01
201900043478,3,33,,0,2,1,17,A01
201900043479,0,7,,0,0,2,1,A01
201900043479,2,7,,8,0,3,1,B01
201900043480,1,7,,13,0,9,0,A01
201900043481,0,1,,0,0,1,1,B01
201900043481,0,7,,0,2,3,1,A01
201900043482,2,7,,0,2,5,2,C01
201900043482,2,7,,0,2,1,2,B01
201900043482,2,7,,0,2,4,2,A01
201900043483,2,33,,0,2,7,1,A01
201900043483,1,7,,0,2,8,11,Z01
201900043484,1,7,,0,2,2,1,A01
201900043484,2,7,,0,1,0,0,B01
201900043485,2,7,,0,2,1,2,B01
201900043485,2,34,,0,0,0,0,A01
201900043486,1,32,,0,2,5,1,A01
201900043486,1,7,,0,2,6,24,B01
201900043486,1,7,,1,2,1,18,C01
201900043487,1,7,,5,0,9,1,A01
201900043488,1,10,,0,2,1,2,C01
201900043488,1,7,,0,2,4,1,B01
201900043488,1,7,,0,2,4,1,A01
201900043489,2,7,,0,2,3,11,A01
201900043489,2,33,,0,2,2,1,B01
201900043490,2,7,,0,2,1,2,A01
201900043490,2,7,,0,2,4,23,C01
201900043490,2,7,,0,2,4,23,B01
201900043491,2,7,,0,2,4,12,Z01
201900043491,1,7,,0,2,6,1,B01
201900043491,1,33,,0,2,1,1,A01
201900043492,1,10,,0,2,1,1,B01
201900043492,1,7,,4,2,6,9,A01
201900043493,1,33,,0,2,1,1,B01
201900043493,2,7,,0,2,7,10,A01
201900043494,1,7,,8,0,2,1,B01
201900043494,1,17,,3,0,1,13,A01
201900043495,2,33,,14,0,1,1,A01
201900043496,1,7,,0,2,5,2,B01
201900043496,1,10,,0,2,1,1,A01
201900043497,1,10,,0,2,0,2,C01
201900043497,1,7,,0,2,5,12,B01
201900043497,1,7,,0,2,3,1,A01
201900043498,1,10,,0,2,4,2,D01
201900043498,1,7,,0,2,4,2,C01
201900043498,1,7,,0,2,4,2,B01
201900043498,1,10,,0,2,1,1,A01
201900043499,2,7,,4,0,1,16,A01
201900043500,1,7,,3,2,3,11,A01
201900043500,1,7,,0,2,2,1,B01
201900043500,1,7,,4,2,6,1,C01
201900043501,2,10,,0,2,0,0,B01
201900043501,2,10,,3,2,1,2,A01
201900043502,1,7,,0,2,2,12,A01
201900043502,1,33,,0,2,1,3,B01
201900043502,1,7,,0,2,4,1,C01
201900043503,2,7,,0,2,6,2,A01
201900043503,2,7,,0,2,2,0,B01
201900043504,2,33,,0,0,0,16,A01
201900043505,2,17,,0,2,8,1,B01
201900043505,2,7,,0,2,2,0,A01
201900043506,2,7,,0,2,2,14,A01
201900043506,2,33,,0,0,8,1,B01
201900043507,2,7,,0,2,4,1,C01
201900043507,2,7,,0,2,4,12,B01
201900043507,2,33,,0,2,1,3,A01
201900043508,1,7,,0,2,6,2,A01
201900043508,1,7,,0,2,2,14,B01
201900043509,2,7,,0,2,8,11,A01
201900043509,2,17,,0,2,1,1,B01
201900043510,1,7,,0,2,0,9,Z01
201900043510,1,7,,0,2,5,1,B01
201900043510,1,32,,0,2,7,1,A01
201900043511,1,7,,0,2,8,11,B01
201900043511,1,32,,0,2,7,3,A01
201900043512,2,10,,0,2,4,1,B01
201900043512,2,33,,0,2,1,3,A01
201900043513,2,7,,3,0,1,13,A01
201900043514,2,7,,13,0,9,16,A01
201900043515,1,7,,0,2,2,0,Z01
201900043515,1,33,,0,2,3,1,A01
201900043516,2,7,,0,2,4,2,B01
201900043516,2,43,,0,2,1,2,A01
201900043517,2,33,,0,2,8,3,B01
201900043517,2,7,,0,2,7,1,A01
201900043518,2,33,,0,2,2,3,B01
201900043518,2,7,,0,2,3,11,A01
201900043519,1,7,,3,2,8,11,A01
201900043519,1,14,,0,2,2,1,B01
201900043520,2,31,,0,2,4,2,A01
201900043520,2,7,,0,2,0,2,Z01
201900043521,1,7,,3,0,1,9,A01
201900043522,2,15,,14,0,1,1,C01
201900043522,2,17,,0,2,8,1,B01
201900043522,1,14,,3,2,3,6,A01
201900043523,2,7,,13,0,9,14,A01
201900043524,1,33,,0,2,1,1,A01
201900043524,1,3,,0,2,4,1,B01
201900043525,2,7,,0,2,4,2,B01
201900043525,2,7,,0,2,1,2,A01
201900043526,2,10,,0,1,1,1,A01
201900043527,1,37,1.0,0,1,2,1,A01
201900043528,1,32,,0,2,1,1,B01
201900043528,1,7,,0,2,6,9,A01
201900043529,2,7,,0,2,2,16,B01
201900043529,2,31,,0,2,3,18,A01
201900043530,1,7,,0,1,4,4,A01
201900043531,1,1,,0,2,4,2,B01
201900043531,1,1,,0,2,1,2,A01
201900043532,1,50,,15,0,7,19,A01
201900043533,2,30,,0,1,1,1,A01
201900043534,1,1,,0,1,1,7,A01
201900043535,1,7,,0,2,1,2,A01
201900043535,1,32,,0,2,4,23,B01
201900043536,1,33,,0,2,1,1,A01
201900043536,3,1,,0,2,4,14,B01
201900043537,2,43,,0,1,1,1,Z01
201900043538,1,31,,0,2,2,18,A01
201900043538,0,7,,0,2,1,1,B01
201900043539,1,7,,0,1,1,4,A01
201900043540,1,33,,0,2,5,1,A01
201900043540,1,1,,0,2,6,15,B01
201900043541,3,7,,0,1,0,16,Z01
201900043542,1,7,,0,2,2,22,A01
201900043542,1,7,,0,2,8,18,B01
201900043543,2,1,,1,0,1,0,B01
201900043543,2,7,,0,2,3,24,A01
201900043544,1,7,,0,2,0,1,C01
201900043544,2,7,,0,2,1,1,A01
201900043544,3,7,,0,2,1,15,B01
201900043545,1,7,,0,1,1,1,A01
201900043545,1,10,,0,2,1,2,B01
201900043546,3,7,,0,1,6,26,A01
201900043547,3,7,,0,1,3,26,A01
201900043548,1,7,,0,1,4,10,A01
201900043549,0,7,,0,1,2,1,A01
201900043550,3,7,,0,2,2,9,A01
201900043550,3,7,,0,2,4,23,B01
201900043551,3,33,,0,2,3,1,B01
201900043551,3,7,,0,2,1,15,A01
201900043552,1,2,,0,2,2,2,B01
201900043552,1,7,,0,2,8,11,A01
201900043553,1,7,,0,2,1,1,A01
201900043553,1,7,,0,2,1,1,B01
201900043553,1,7,,0,2,1,1,C01
201900043553,1,7,,0,2,4,1,D01
201900043554,3,7,,0,2,4,26,A01
201900043555,2,7,,0,1,3,1,A01
201900043556,2,32,,0,2,4,2,B01
201900043556,2,7,,0,2,1,2,A01
201900043557,1,7,,0,1,3,11,A01
201900043558,2,7,,0,1,2,1,B01
201900043559,2,7,,0,1,2,19,A01
201900043560,1,7,,0,1,2,16,A01
201900043561,2,7,,0,2,3,5,A01
201900043561,1,7,,0,2,1,1,D01
201900043561,1,7,,0,2,1,1,C01
201900043561,1,7,,0,2,2,1,B01
201900043562,1,7,,0,2,1,1,A01
201900043562,0,7,,0,2,6,19,B01
201900043563,2,7,,13,2,0,13,A01
201900043563,1,7,,13,2,1,1,B01
201900043564,1,7,,0,2,3,13,A01
201900043564,2,7,,0,2,3,1,B01
201900043565,2,7,,0,2,3,16,A01
201900043565,1,7,,13,2,2,1,B01
201900043566,2,7,,9,1,1,25,A01
201900043567,1,15,,0,9,1,1,A01
201900043567,1,10,,0,9,1,1,B01
201900043568,1,10,,0,9,1,1,A01
201900043569,2,2,,0,2,8,1,B01
201900043569,2,7,,0,2,7,17,A01
201900043570,1,7,,0,2,1,1,B01
201900043570,2,7,,0,2,1,13,A01
201900043571,1,13,,0,2,1,11,B01
201900043571,1,7,,0,2,8,10,A01
201900043572,2,7,,2,0,1,13,A01
201900043573,3,2,,12,0,7,0,A01
201900043574,1,7,,16,2,0,24,B01
201900043574,2,7,,16,2,1,13,A01
201900043575,2,7,,0,2,3,21,A01
201900043575,2,21,,0,2,6,1,B01
201900043576,3,7,,0,1,4,4,A01
201900043577,2,1,,0,2,1,1,B01
201900043577,1,7,,0,2,3,16,A01
201900043578,1,7,,13,0,9,1,A01
201900043579,1,7,,0,2,3,1,C01
201900043579,1,7,,0,2,3,1,B01
201900043579,2,7,,0,2,1,13,A01
201900043580,1,7,,0,1,8,1,A01
201900043581,2,7,,0,1,2,1,A01
201900043582,1,16,,0,1,1,1,A01
201900043583,0,7,,0,0,8,19,A01
201900043583,0,7,,0,0,1,1,B01
201900043584,1,13,,13,0,8,1,A01
201900043585,3,7,,1,0,2,23,B01
201900043585,3,7,,1,1,2,1,A01
201900043586,0,7,,0,2,8,1,B01
201900043586,0,7,,0,2,1,26,A01
201900043587,2,7,,0,1,1,16,A01
201900043588,1,32,,0,2,1,1,B01
201900043588,2,33,,0,2,1,17,A01
201900043589,0,7,,0,1,3,1,A01
201900043590,1,7,,0,2,1,1,B01
201900043590,1,7,,0,0,1,11,A01
201900043591,1,7,,0,2,1,1,B01
201900043591,2,7,,0,2,8,15,A01
201900043592,2,7,,0,2,2,2,A01
201900043592,2,7,,0,2,6,2,B01
201900043593,3,7,,16,0,0,1,A01
201900043594,1,33,,0,2,7,1,B01
201900043594,1,7,,0,2,2,15,A01
201900043595,2,10,,4,0,1,0,A01
201900043596,2,7,,0,1,1,1,A01
201900043597,1,7,,0,2,1,1,A01
201900043597,2,7,,0,2,1,1,B01
201900043598,3,7,,0,1,2,1,A01
201900043598,2,7,,0,2,3,1,B01
201900043599,2,7,,0,0,4,2,C01
201900043599,2,7,,0,2,4,2,B01
201900043599,2,7,,0,2,1,2,A01
201900043600,2,7,,0,2,5,2,B01
201900043600,2,7,,0,2,3,2,A01
201900043601,1,7,,0,2,1,1,A01
201900043601,1,7,,0,2,4,2,B01
201900043601,1,7,,0,2,4,2,C01
201900043602,2,10,,0,2,1,1,A01
201900043602,2,10,,0,2,4,2,B01
201900043603,1,17,,0,2,2,12,A01
201900043603,1,7,,0,2,6,1,B01
201900043604,1,33,,0,2,1,1,A01
201900043604,1,7,,0,2,6,11,B01
201900043605,1,7,,0,2,4,2,B01
201900043605,1,7,,0,2,1,2,A01
201900043606,1,15,,0,2,2,2,B01
201900043606,1,7,,0,2,3,9,A01
201900043607,1,10,,7,0,1,14,A01
201900043608,2,33,,0,2,2,1,B01
201900043608,2,10,,0,2,6,11,A01
201900043609,1,7,,0,2,3,11,A01
201900043609,1,33,,0,2,2,1,B01
201900043610,1,7,,0,2,6,11,Z01
201900043610,1,33,,0,2,2,3,B01
201900043611,1,7,,4,0,2,1,A01
201900043612,1,7,,0,2,4,2,B01
201900043612,1,10,,0,2,1,2,A01
201900043613,2,33,,0,0,9,21,A01
201900043614,2,7,,0,2,4,2,B01
201900043614,2,7,,0,2,1,2,A01
201900043615,1,33,,0,2,0,3,A01
201900043615,1,7,,0,2,4,2,B01
201900043616,1,17,,0,2,1,1,A01
201900043616,1,17,,0,9,4,1,B01
201900043617,1,21,,0,0,4,15,A01
201900043617,1,33,,0,2,1,1,B01
201900043618,3,1,,0,2,1,1,B01
201900043618,3,7,,0,6,3,15,A01
201900043619,2,7,,0,1,1,1,A01
201900043620,1,7,,0,1,2,1,A01
201900043621,1,30,,1,0,1,1,A01
201900043621,0,7,,0,2,4,26,B01
201900043622,1,10,,0,2,8,15,A01
201900043622,2,2,,1,2,7,17,B01
201900043623,3,7,,0,2,1,1,A01
201900043623,3,7,,0,2,4,1,B01
201900043624,3,10,,0,2,0,0,B01
201900043624,0,10,,0,2,1,1,A01
201900043625,0,1,,0,2,3,19,A01
201900043625,1,7,,0,6,1,0,B01
201900043626,1,1,,0,2,1,0,B01
201900043626,1,7,,0,2,3,0,A01
201900043627,1,30,,0,0,1,1,A01
201900043628,1,1,,0,2,0,0,B01
201900043628,1,7,,0,2,1,26,A01
201900043629,1,7,,0,1,1,15,A01
201900043630,2,7,,0,2,4,2,B01
201900043630,2,7,,0,2,1,2,A01
201900043631,3,7,,0,2,4,0,C01
201900043631,3,33,,0,0,1,12,B01
201900043631,3,10,,0,2,0,11,A01
201900043632,1,7,,1,0,3,13,A01
201900043633,3,7,,0,2,6,2,B01
201900043633,3,2,,0,2,2,2,A01
201900043634,1,7,,0,2,2,19,B01
201900043634,1,30,,0,2,0,16,A01
201900043635,2,7,,0,2,1,10,A01
201900043635,1,7,,0,2,3,1,B01
201900043635,1,7,,0,2,5,1,C01
201900043636,3,7,,0,2,4,2,B01
201900043636,3,7,,0,2,3,2,A01
201900043637,2,7,,0,2,3,12,A01
201900043637,1,7,,0,2,3,1,B01
201900043638,1,37,1.0,0,2,1,8,B01
201900043638,2,1,,0,2,1,8,A01
201900043639,3,7,,13,0,1,9,A01
201900043640,3,3,,8,0,3,16,A01
201900043641,2,7,,0,2,1,15,B01
201900043641,1,7,,0,2,2,1,A01
201900043642,1,33,,0,2,6,1,A01
201900043642,1,7,,0,0,0,0,Z01
201900043643,3,7,,0,0,0,13,A01
201900043644,3,0,,0,2,1,14,A01
201900043645,1,7,,6,0,1,26,A01
201900043646,1,7,,0,2,1,13,A01
201900043646,1,7,,0,2,3,1,B01
201900043647,3,7,,0,1,1,26,A01
201900043648,1,33,,0,9,2,21,A01
201900043649,1,31,,0,1,1,17,A01
201900043650,0,7,,0,0,1,1,A01
201900043650,0,7,,0,0,4,1,B01
201900043651,0,7,,0,1,1,1,A01
201900043652,2,7,,0,1,1,1,A01
201900043653,1,7,,0,0,0,9,A01
201900043653,2,31,,0,0,8,21,B01
201900043654,0,7,,0,2,4,1,B01
201900043654,0,14,,0,2,1,1,A01
201900043655,2,7,,0,1,3,26,A01
201900043656,1,7,,6,0,1,1,A01
201900043657,0,37,1.0,0,1,2,1,A01
201900043658,0,7,,0,2,3,15,A01
201900043658,0,2,,0,2,1,1,B01
201900043659,3,37,1.0,0,1,1,1,A01
201900043660,1,7,,0,1,1,26,A01
201900043661,2,3,,0,1,1,1,A01
201900043662,2,1,,0,0,7,1,A01
201900043663,3,33,,0,1,1,17,A01
201900043664,1,7,,0,2,2,2,A01
201900043664,1,7,,0,2,5,2,B01
201900043665,2,7,,0,2,3,1,B01
201900043665,1,7,,0,2,1,1,A01
201900043666,1,7,,0,1,7,1,A01
201900043667,1,7,,0,2,1,1,A01
201900043667,1,7,,0,1,2,1,B01
201900043668,1,33,,0,1,7,2,A01
201900043669,1,7,,0,2,4,1,B01
201900043669,1,3,,0,2,1,2,A01
201900043670,2,31,,0,2,8,1,B01
201900043670,1,7,,0,2,3,13,A01
201900043671,1,30,,12,0,1,13,A01
201900043672,1,7,,0,2,7,12,A01
201900043672,1,2,,0,2,8,18,B01
201900043673,3,7,,0,2,3,1,A01
201900043673,3,7,,0,2,3,1,B01
201900043674,1,14,,0,1,0,1,A01
201900043675,1,7,,2,0,1,14,A01
201900043676,3,30,,0,2,1,2,A01
201900043676,3,7,,0,2,4,2,B01
201900043677,3,7,,0,2,4,1,B01
201900043677,3,7,,0,2,1,2,A01
201900043678,0,7,,8,0,1,20,A01
201900043679,1,7,,0,2,4,0,B01
201900043679,1,7,,0,2,1,0,A01
201900043680,1,7,,0,2,1,0,A01
201900043680,1,7,,0,2,4,0,B01
201900043680,1,7,,0,2,6,0,C01
201900043681,1,7,,4,0,1,0,A01
201900043682,1,7,,0,1,1,1,A01
201900043683,1,7,,0,1,1,1,A01
201900043684,1,7,,0,1,2,1,A01
201900043685,2,30,,0,2,1,2,B01
201900043685,2,7,,0,2,3,15,A01
201900043686,3,1,,0,2,1,1,A01
201900043686,3,7,,0,2,2,15,B01
201900043687,3,7,,0,2,7,15,A01
201900043687,3,1,,0,2,1,16,B01
201900043688,3,33,,0,2,1,17,B01
201900043688,3,10,,0,2,8,15,A01
201900043689,2,7,,0,2,3,15,B01
201900043689,1,33,,0,2,0,1,A01
201900043690,2,10,,0,2,0,9,A01
201900043690,2,1,,0,2,0,1,B01
201900043691,1,7,,0,2,1,9,A01
201900043691,1,7,,0,2,5,1,B01
201900043692,3,7,,0,1,7,17,A01
201900043693,1,7,,0,1,3,1,A01
201900043694,0,1,,0,2,0,19,B01
201900043694,0,7,,0,2,0,1,A01
201900043695,1,7,,6,0,1,15,A01
201900043696,1,7,,0,2,4,23,B01
201900043696,1,7,,0,2,1,1,A01
201900043697,2,10,,0,2,3,1,B01
201900043697,1,7,,0,2,1,13,A01
201900043698,2,7,,0,2,1,1,C01
201900043698,2,7,,0,2,4,1,B01
201900043698,2,7,,0,2,4,1,A01
201900043699,1,2,,12,0,1,14,A01
201900043700,2,1,,0,2,1,5,A01
201900043700,1,7,,0,2,1,1,B01
201900043701,0,10,,0,9,3,15,B01
201900043701,0,30,,0,2,1,17,A01
201900043702,2,7,,0,2,6,15,B01
201900043702,1,33,,0,2,1,13,A01
201900043703,3,7,,0,2,3,11,B01
201900043703,3,7,,0,2,2,26,A01
201900043704,0,7,,0,1,1,0,Z01
201900043705,3,7,,0,1,1,1,A01
201900043706,3,7,,0,2,2,16,A01
201900043706,3,2,,0,2,3,3,B01
201900043707,3,32,,0,2,1,1,A01
201900043707,3,7,,0,2,5,15,B01
201900043708,3,7,,0,1,1,9,A01
201900043709,2,3,,0,2,3,26,A01
201900043709,2,34,,0,2,1,26,B01
201900043710,3,7,,8,0,1,15,A01
201900043711,1,7,,0,2,3,1,B01
201900043711,2,7,,0,2,1,15,A01
201900043712,3,7,,0,1,2,1,A01
201900043713,1,7,,0,1,2,1,A01
201900043714,1,20,,0,1,2,1,A01
201900043715,1,33,,0,2,1,1,B01
201900043715,2,37,1.0,0,2,2,15,A01
201900043716,2,10,,0,0,4,0,B01
201900043716,2,33,,0,2,1,21,A01
201900043717,2,10,,0,1,1,1,A01
201900043718,1,7,,0,2,1,9,A01
201900043718,1,32,,0,2,1,1,B01
201900043719,2,7,,0,1,2,1,A01
201900043720,0,7,,0,2,7,21,B01
201900043720,3,7,,0,0,1,0,A01
201900043721,1,32,,0,2,1,1,B01
201900043721,2,7,,0,2,1,15,A01
201900043722,2,7,,0,2,6,20,A01
201900043722,2,2,,0,2,1,1,B01
201900043723,1,7,,0,2,1,1,A01
201900043724,1,10,,0,1,1,2,A01
201900043725,1,7,,0,1,2,1,A01
201900043726,1,10,,0,2,0,0,B01
201900043726,0,2,,0,2,0,0,A01
201900043727,1,10,,4,0,5,4,A01
201900043728,3,7,,14,0,0,0,A01
201900043728,3,7,,0,2,0,0,B01
201900043728,3,7,,0,2,0,0,C01
201900043728,3,7,,0,2,0,0,D01
201900043729,2,32,,0,2,6,1,B01
201900043729,1,10,,0,2,3,1,A01
201900043730,0,7,,0,2,3,5,A01
201900043730,2,7,,0,2,2,1,B01
201900043731,1,33,,0,2,2,2,B01
201900043731,1,7,,0,2,3,13,A01
201900043732,1,7,,0,2,3,1,B01
201900043732,2,1,,0,2,1,5,A01
201900043733,1,7,,1,0,2,9,A01
201900043734,1,7,,0,1,1,15,A01
201900043734,3,0,,0,2,1,19,Y01
201900043735,0,7,,0,2,2,1,A01
201900043735,0,7,,0,2,2,1,B01
201900043735,0,1,,0,2,0,19,C01
201900043736,1,7,,0,2,4,2,A01
201900043736,1,10,,0,2,1,2,B01
201900043737,2,3,,0,2,7,15,A01
201900043737,1,2,,0,2,1,1,B01
201900043738,3,32,,0,2,2,13,A01
201900043738,3,7,,0,2,3,15,B01
201900043739,3,1,,0,2,1,1,B01
201900043739,3,10,,0,2,8,0,A01
201900043740,1,7,,0,2,2,1,B01
201900043740,1,7,,0,2,1,1,A01
201900043741,2,34,,1,1,1,1,A01
201900043742,0,7,,0,1,3,26,A01
201900043743,0,99,,0,1,6,10,A01
201900043744,-1,7,,-1,-1,-1,-1,C01
201900043744,3,7,,0,2,1,26,A01
201900043745,2,99,,0,1,3,26,A01
201900043746,2,3,,0,0,2,1,A01
201900043747,1,10,,0,1,1,16,A01
201900043748,0,7,,0,1,4,4,A01