Num_Acc,senc,catv,occutc,obs,obsm,choc,manv,num_veh
201900043749,0,30,,9,1,1,26,A01
201900043750,0,3,,0,2,2,1,A01
201900043750,0,2,,7,2,1,1,B01
201900043751,1,7,,0,1,1,1,A01
201900043752,1,3,,0,1,1,1,A01
201900043753,1,1,,0,2,4,1,B01
201900043753,2,10,,0,6,1,1,A01
201900043754,1,7,,0,2,1,1,A01
201900043754,1,7,,0,2,4,1,B01
201900043754,1,7,,0,2,4,1,C01
201900043755,2,7,,0,2,2,15,A01
201900043755,1,33,,0,2,1,5,B01
201900043756,0,7,,0,1,3,19,A01
201900043757,1,10,,0,2,1,15,A01
201900043757,1,7,,0,2,8,26,B01
201900043758,2,7,,0,2,1,1,A01
201900043758,1,7,,0,2,2,15,B01
201900043759,3,7,,0,2,1,23,B01
201900043759,2,33,,14,2,8,15,A01
201900043760,1,7,,0,2,2,1,A01
201900043760,3,7,,0,2,3,23,B01
201900043761,2,7,,0,1,2,1,A01
201900043762,3,7,,0,2,5,16,A01
201900043762,3,33,,0,2,1,14,B01
201900043763,1,7,,0,0,4,0,B01
201900043763,1,1,,1,0,4,26,A01
201900043764,2,7,,15,0,2,26,A01
201900043765,1,10,,0,2,3,14,B01
201900043765,2,30,,0,2,3,5,A01
201900043766,3,7,,0,2,6,13,B01
201900043766,3,15,,0,2,2,1,A01
201900043767,1,1,,1,0,0,0,B01
201900043767,2,10,,14,2,2,15,A01
201900043768,1,7,,0,2,2,26,B01
201900043768,1,33,,0,2,1,26,A01
201900043769,3,34,,0,2,3,2,B01
201900043769,3,3,,0,2,0,0,A01
201900043770,2,34,,0,2,2,1,B01
201900043770,2,10,,0,2,6,10,A01
201900043771,1,10,,0,2,3,1,A01
201900043771,1,34,,1,2,1,26,B01
201900043772,3,7,,0,1,0,0,A01
201900043773,2,7,,0,2,2,9,A01
201900043773,1,31,,0,2,1,0,B01
201900043774,1,7,,0,2,2,1,B01
201900043774,1,34,,0,2,8,1,A01
201900043775,1,10,,0,2,2,17,A01
201900043776,1,10,,0,2,4,23,B01
201900043776,1,7,,0,2,4,26,A01
201900043777,3,1,,0,2,0,1,B01
201900043777,1,34,,0,6,5,15,A01
201900043778,1,33,,0,2,3,18,A01
201900043778,1,7,,0,2,2,2,B01
201900043779,3,33,,0,2,3,15,B01
201900043779,3,7,,0,2,3,15,A01
201900043780,2,7,,0,2,0,5,Z01
201900043780,1,7,,0,2,3,2,A01
201900043781,2,7,,0,2,2,1,A01
201900043781,3,7,,0,2,7,1,B01
201900043782,1,32,,0,0,1,2,B01
201900043782,1,7,,0,0,5,12,A01
201900043783,3,10,,0,9,1,1,A01
201900043783,3,1,,0,2,3,19,B01
201900043784,2,7,,0,2,3,15,B01
201900043784,1,7,,0,2,3,1,A01
201900043785,3,7,,1,0,2,0,A01
201900043786,1,7,,0,2,8,6,A01
201900043786,1,7,,0,2,1,1,B01
201900043787,2,2,,0,1,1,1,A01
201900043788,3,32,,0,2,1,1,B01
201900043788,3,7,,0,2,1,15,A01
201900043789,0,7,,0,1,4,4,A01
201900043790,2,32,,0,2,1,1,A01
201900043790,1,7,,0,2,1,11,B01
201900043791,1,33,,0,2,6,21,A01
201900043791,1,7,,0,2,2,9,B01
201900043792,1,10,,8,0,3,0,A01
201900043793,1,3,,0,2,3,15,A01
201900043793,1,33,,0,2,1,1,B01
201900043794,0,15,,0,2,9,1,B01
201900043794,0,15,,1,0,2,23,C01
201900043794,0,10,,1,0,9,13,A01
201900043795,1,50,,0,2,1,26,B01
201900043795,1,7,,0,2,3,10,A01
201900043796,1,10,,0,1,2,1,A01
201900043797,1,7,,0,2,2,1,B01
201900043797,3,7,,0,2,1,26,A01
201900043798,1,33,,0,0,1,1,A01
201900043798,2,7,,0,2,2,19,B01
201900043799,1,3,,0,1,4,20,A01
201900043800,2,10,,0,2,2,16,A01
201900043800,1,32,,0,2,1,1,B01
201900043801,3,7,,15,0,3,26,A01
201900043802,3,7,,0,2,4,1,A01
201900043802,3,7,,0,2,4,1,B01
201900043802,3,7,,0,2,1,1,C01
201900043803,3,33,,0,2,1,1,A01
201900043803,3,7,,0,2,8,1,B01
201900043804,0,10,,0,2,2,26,A01
201900043804,1,37,3.0,0,2,3,1,B01
201900043805,3,10,,0,2,8,10,A01
201900043805,3,43,,0,2,1,1,B01
201900043806,3,10,,16,0,0,13,A01
201900043807,1,7,,0,2,2,1,A01
201900043807,1,7,,0,2,3,0,B01
201900043808,1,32,,0,2,1,13,A01
201900043808,2,10,,0,2,3,1,B01
201900043809,1,32,,0,2,2,3,B01
201900043809,1,7,,0,2,6,15,A01
201900043810,3,3,,1,2,3,1,B01
201900043810,3,3,,0,2,2,0,A01
201900043811,0,1,,12,2,0,1,Y01
201900043812,3,7,,0,2,8,0,A01
201900043812,3,7,,0,2,1,0,B01
201900043813,1,7,,0,2,1,1,B01
201900043813,1,7,,0,2,7,15,A01
201900043814,1,7,,0,2,7,15,B01
201900043814,2,7,,0,2,1,1,A01
201900043815,2,7,,0,2,4,23,A01
201900043815,2,7,,0,2,1,2,B01
201900043816,0,7,,0,1,1,1,A01
201900043817,2,7,,0,2,3,1,B01
201900043817,1,10,,0,2,1,1,A01
201900043818,0,7,,0,1,0,0,A01
201900043819,0,7,,0,1,1,15,A01
201900043820,1,7,,0,2,1,1,B01
201900043820,2,7,,0,2,2,15,A01
201900043821,0,7,,0,1,0,0,A01
201900043822,1,10,,1,0,1,1,A01
201900043823,1,3,,0,2,2,16,A01
201900043823,1,2,,0,2,6,18,B01
201900043824,0,7,,2,1,8,0,B01
201900043824,0,10,,2,1,3,26,A01
201900043825,1,7,,0,1,3,2,A01
201900043826,1,1,,0,2,7,19,B01
201900043826,3,7,,0,2,4,4,A01
201900043827,1,33,,0,2,4,23,B01
201900043827,1,7,,0,2,1,1,A01
201900043828,1,7,,8,0,0,23,A01
201900043829,1,7,,0,1,1,1,A01
201900043830,1,7,,0,1,3,15,A01
201900043831,3,0,,7,0,4,23,A01
201900043831,3,3,,14,0,4,23,B01
201900043831,3,3,,14,0,1,0,C01
201900043832,1,30,,0,0,0,0,B01
201900043832,1,7,,0,0,0,0,A01
201900043833,1,7,,0,2,1,15,A01
201900043833,2,99,,0,2,1,13,B01
201900043834,2,34,,0,2,1,1,B01
201900043834,1,7,,0,2,3,10,A01
201900043835,2,7,,0,2,3,15,A01
201900043835,2,33,,0,2,4,1,B01
201900043836,3,7,,0,1,2,26,A01
201900043837,1,10,,0,2,1,1,B01
201900043837,1,7,,0,2,4,23,A01
201900043838,3,99,,0,2,7,19,B01
201900043838,2,20,,0,1,1,26,A01
201900043839,0,7,,0,1,3,1,A01
201900043840,1,10,,0,2,3,9,A01
201900043840,1,2,,0,2,5,12,B01
201900043841,1,10,,0,2,4,12,B01
201900043841,1,10,,0,2,1,2,A01
201900043842,2,37,1.0,0,1,7,9,A01
201900043843,1,7,,0,2,2,1,A01
201900043843,2,7,,0,2,3,16,B01
201900043844,3,10,,0,1,2,1,A01
201900043845,0,7,,0,2,5,19,A01
201900043845,0,7,,0,2,1,1,B01
201900043846,1,37,1.0,0,1,2,26,A01
201900043847,1,7,,0,1,7,9,A01
201900043848,2,7,,0,1,7,13,A01
201900043849,1,7,,0,1,3,19,A01
201900043850,3,7,,0,2,4,1,A01
201900043850,3,7,,0,2,1,2,B01
201900043850,3,7,,0,2,1,2,C01
201900043851,3,10,,0,2,3,9,A01
201900043851,3,7,,0,2,7,26,B01
201900043852,3,33,,12,2,1,1,A01
201900043853,3,33,,1,0,1,17,A01
201900043854,3,7,,0,1,0,0,A01
201900043855,1,7,,0,1,1,15,A01
201900043856,3,42,,0,0,0,0,Z01
201900043857,3,7,,0,1,2,1,A01
201900043858,2,37,1.0,0,1,7,1,A01
201900043859,3,34,,0,2,8,26,A01
201900043859,3,7,,0,2,1,26,B01
201900043860,1,10,,2,0,1,16,A01
201900043861,1,7,,0,2,2,1,B01
201900043861,1,7,,0,2,1,1,A01
201900043862,3,7,,0,1,0,26,A01
201900043863,2,7,,0,2,3,15,A01
201900043863,2,32,,0,2,7,17,B01
201900043864,1,7,,0,1,1,17,A01
201900043865,3,7,,0,0,4,1,B01
201900043865,3,7,,0,2,1,26,A01
201900043866,3,31,,0,1,1,18,A01
201900043866,3,10,,0,0,4,23,B01
201900043867,2,7,,0,1,1,13,A01
201900043868,1,7,,0,2,1,5,A01
201900043868,2,32,,0,2,1,1,B01
201900043869,2,7,,0,1,1,1,A01
201900043870,1,3,,1,0,0,26,A01
201900043871,1,7,,0,2,3,1,B01
201900043871,1,7,,1,2,7,15,A01
201900043872,1,7,,0,2,3,15,A01
201900043872,2,32,,0,2,1,1,B01
201900043873,1,13,,0,2,1,19,A01
201900043873,1,7,,0,2,8,1,B01
201900043874,2,32,,9,2,1,3,B01
201900043874,1,7,,9,2,3,23,A01
201900043875,1,60,,0,2,0,26,B01
201900043875,1,7,,0,1,7,12,A01
201900043876,0,3,,0,2,1,26,A01
201900043876,0,3,,0,0,4,0,B01
201900043877,0,2,,0,2,0,0,B01
201900043877,0,7,,0,0,0,0,A01
201900043878,0,7,,0,1,1,1,A01
201900043879,2,7,,0,2,4,2,A01
201900043879,2,1,,0,2,1,2,B01
201900043880,1,1,,0,2,3,22,B01
201900043880,1,7,,0,0,7,23,A01
201900043881,1,7,,0,1,5,16,A01
201900043881,1,50,,0,2,3,1,B01
201900043882,1,7,,0,1,1,21,A01
201900043883,1,31,,1,0,1,19,B01
201900043884,2,33,,0,2,1,2,D01
201900043884,2,7,,0,2,4,2,A01
201900043885,2,7,,0,2,7,10,B01
201900043885,2,7,,0,2,7,1,A01
201900043886,2,3,,0,6,3,26,A01
201900043886,2,1,,0,2,2,15,B01
201900043887,1,32,,14,0,1,18,A01
201900043887,1,7,,0,2,5,22,B01
201900043888,2,1,,0,2,1,3,B01
201900043888,2,7,,0,2,1,9,A01
201900043889,1,10,,0,2,3,1,B01
201900043889,1,7,,0,2,1,15,A01
201900043890,3,30,,0,1,1,9,A01
201900043891,0,30,,0,2,1,1,B01
201900043891,0,30,,0,2,8,9,A01
201900043892,0,30,,0,2,3,18,B01
201900043892,0,7,,0,2,2,16,A01
201900043893,3,7,,0,1,1,17,A01
201900043893,3,0,,0,2,8,26,B01
201900043894,1,13,,0,2,6,10,B01
201900043894,1,37,3.0,0,2,8,1,A01
201900043895,1,33,,0,1,1,1,A01
201900043896,1,7,,0,2,1,9,A01
201900043896,1,2,,0,2,1,17,B01
201900043897,1,7,,0,1,7,1,A01
201900043898,3,33,,0,2,2,1,B01
201900043898,3,7,,0,2,1,15,A01
201900043899,2,40,,0,1,2,26,A01
201900043900,2,7,,0,2,5,23,B01
201900043900,2,10,,0,2,3,1,A01
201900043901,1,32,,0,2,1,1,B01
201900043901,2,7,,0,2,7,15,A01
201900043902,2,7,,0,2,1,1,B01
201900043902,2,7,,0,2,3,1,A01
201900043903,3,50,,0,0,0,2,A01
201900043904,1,50,,0,0,0,1,A01
201900043905,1,31,,0,2,8,1,B01
201900043905,1,7,,0,2,3,15,A01
201900043906,1,33,,0,2,7,3,B01
201900043906,1,7,,0,2,8,1,A01
201900043907,3,50,,0,0,1,25,A01
201900043908,2,2,,0,2,0,0,B01
201900043908,0,7,,0,0,0,0,A01
201900043909,1,10,,0,1,8,15,A01
201900043910,1,7,,6,0,1,26,A01
201900043911,2,7,,0,0,4,23,D01
201900043911,1,7,,0,0,4,23,C01
201900043911,2,10,,0,0,4,23,B01
201900043911,2,7,,0,2,1,2,A01
201900043912,2,7,,0,2,1,15,B01
201900043912,1,7,,0,2,0,17,A01
201900043913,2,1,,0,2,1,1,B01
201900043913,2,7,,0,2,3,9,A01
201900043914,2,31,,0,2,1,1,A01
201900043914,1,7,,0,2,2,15,B01
201900043915,1,7,,0,6,2,1,A01
201900043916,3,7,,0,2,2,15,A01
201900043916,1,7,,0,2,9,1,B01
201900043916,3,10,,0,2,1,23,C01
201900043917,0,7,,0,2,1,16,A01
201900043917,0,7,,0,6,4,16,B01
201900043918,2,7,,1,0,7,1,A01
201900043919,1,7,,0,2,1,15,A01
201900043919,2,7,,0,2,6,5,B01
201900043920,1,10,,0,2,8,1,B01
201900043920,1,7,,0,2,1,1,A01
201900043921,1,7,,0,6,3,19,A01
201900043922,2,7,,0,2,2,16,A01
201900043922,2,99,,0,2,8,1,B01
201900043923,1,7,,0,2,1,19,A01
201900043923,1,7,,0,2,3,15,B01
201900043924,2,7,,0,2,8,23,B01
201900043924,1,37,1.0,0,1,7,17,A01
201900043925,1,50,,0,1,1,1,A01
201900043926,2,7,,0,2,1,1,A01
201900043926,2,7,,1,2,3,1,B01
201900043927,1,7,,0,2,3,1,B01
201900043927,2,7,,0,2,1,1,A01
201900043928,0,50,,8,0,1,25,A01
201900043929,0,32,,0,2,1,17,A01
201900043929,0,7,,0,2,3,1,B01
201900043930,3,7,,0,2,0,0,A01
201900043931,2,33,,0,2,0,0,B01
201900043931,3,7,,0,2,8,26,A01
201900043932,2,7,,0,2,7,15,A01
201900043932,1,33,,0,2,1,1,B01
201900043933,2,7,,0,2,1,1,A01
201900043933,1,50,,0,2,7,1,B01
201900043934,1,7,,0,2,7,1,B01
201900043934,1,32,,0,2,8,13,A01
201900043935,2,7,,0,2,7,1,A01
201900043935,2,1,,0,2,8,2,B01
201900043936,1,7,,0,0,7,22,A01
201900043936,1,50,,0,0,1,1,B01
201900043937,3,7,,8,0,3,2,A01
201900043938,1,7,,0,2,1,1,A01
201900043938,1,1,,0,2,4,1,B01
201900043939,1,7,,0,2,3,1,B01
201900043939,2,7,,0,2,3,17,A01
201900043940,1,7,,0,6,1,1,B01
201900043940,2,31,,0,2,0,5,A01
201900043941,1,7,,0,2,1,26,A01
201900043941,1,7,,0,2,4,9,B01
201900043942,1,7,,0,0,1,26,B01
201900043942,1,7,,0,0,9,0,A01
201900043943,1,7,,0,2,6,19,A01
201900043943,1,7,,0,2,4,2,B01
201900043944,1,10,,14,0,1,14,A01
201900043945,1,7,,0,2,1,15,B01
201900043945,1,7,,0,2,7,1,A01
201900043946,2,7,,0,2,4,2,B01
201900043946,2,7,,0,2,1,2,A01
201900043946,2,10,,0,2,4,2,C01
201900043947,3,7,,0,2,1,26,A01
201900043947,1,7,,0,2,1,2,B01
201900043948,1,7,,8,0,1,21,A01
201900043949,2,7,,0,2,3,1,B01
201900043949,2,7,,0,2,3,13,A01
201900043950,2,37,11.0,0,2,3,15,B01
201900043950,2,10,,0,2,2,9,A01
201900043951,1,37,2.0,0,2,2,1,A01
201900043951,1,7,,0,2,1,1,B01
201900043952,2,37,0.0,0,2,3,1,B01
201900043952,2,7,,0,2,1,15,A01
201900043953,2,7,,12,0,2,14,A01
201900043954,1,33,,0,2,3,1,B01
201900043954,2,7,,0,2,3,15,A01
201900043955,1,7,,0,1,2,1,A01
201900043956,1,7,,4,0,1,1,A01
201900043956,1,7,,0,1,2,1,B01
201900043957,2,7,,0,2,4,1,B01
201900043957,2,32,,0,2,1,2,A01
201900043958,2,7,,1,2,1,2,A01
201900043959,1,7,,0,6,1,0,B01
201900043959,1,50,,0,2,1,26,A01
201900043960,3,30,,0,2,2,26,A01
201900043960,2,33,,0,2,1,0,B01
201900043961,1,7,,0,1,1,15,A01
201900043962,1,30,,0,2,1,9,B01
201900043963,1,7,,1,0,2,1,A01
201900043964,1,7,,0,0,6,1,B01
201900043964,1,7,,6,2,2,17,A01
201900043965,1,7,,0,1,1,15,A01
201900043966,2,33,,0,2,1,1,B01
201900043966,1,7,,0,2,1,15,A01
201900043967,2,7,,1,0,1,1,A01
201900043967,2,30,,0,2,4,23,B01
201900043968,2,7,,0,2,8,1,B01
201900043968,1,7,,0,2,1,1,A01
201900043969,1,30,,0,2,1,19,A01
201900043969,1,7,,0,2,2,1,B01
201900043970,2,7,,1,0,3,1,A01
201900043971,0,7,,0,2,3,1,B01
201900043971,0,50,,0,2,2,1,A01
201900043972,1,2,,0,1,0,25,Z01
201900043973,2,7,,0,2,4,1,A01
201900043973,2,7,,0,2,1,1,B01
201900043974,1,1,,0,2,1,1,B01
201900043974,2,80,,0,2,1,17,A01
201900043975,0,7,,0,2,0,0,Z01
201900043975,0,7,,0,2,3,0,C01
201900043975,0,34,,0,2,4,26,B01
201900043976,3,7,,0,2,2,23,A01
201900043976,3,50,,0,2,1,5,B01
201900043977,1,7,,0,1,5,4,A01
201900043978,1,7,,0,2,2,15,A01
201900043978,1,7,,0,2,3,15,B01
201900043979,2,7,,0,2,1,2,B01
201900043979,2,33,,0,2,4,23,A01
201900043980,3,32,,0,2,1,9,A01
201900043980,1,7,,0,2,8,15,B01
201900043981,3,7,,0,2,3,1,A01
201900043981,1,7,,0,2,2,15,B01
201900043982,3,7,,14,1,1,13,A01
201900043983,2,7,,0,6,2,7,C01
201900043983,1,50,,0,6,0,8,A01
201900043983,2,1,,0,2,3,7,B01
201900043984,3,10,,0,2,3,1,A01
201900043984,3,10,,0,2,2,1,B01
201900043985,1,7,,0,2,1,15,A01
201900043985,2,33,,0,2,1,1,B01
201900043986,2,31,,0,0,0,1,A01
201900043987,1,7,,0,1,1,1,A01
201900043988,1,2,,0,2,1,26,B01
201900043988,3,7,,0,2,3,15,A01
201900043989,2,7,,0,0,9,1,A01
201900043990,3,33,,0,2,1,18,A01
201900043990,3,7,,0,2,4,1,B01
201900043991,1,7,,0,2,1,2,A01
201900043991,1,7,,0,2,6,2,C01
201900043991,1,7,,0,2,4,0,B01
201900043992,3,43,,0,2,2,21,A01
201900043992,1,30,,0,2,0,9,B01
201900043993,0,30,,0,2,1,26,A01
201900043993,0,7,,0,2,3,9,B01
201900043994,0,33,,0,2,4,0,B01
201900043994,3,7,,0,2,1,0,A01
201900043995,1,33,,0,2,2,0,B01
201900043995,1,7,,0,2,3,11,A01
201900043996,1,32,,0,1,7,1,A01
201900043997,1,10,,0,2,6,2,B01
201900043997,1,33,,0,2,7,2,A01
201900043998,2,7,,0,2,6,15,B01
201900043998,2,30,,0,2,1,17,A01
201900043999,2,33,,0,2,1,1,B01
201900043999,2,7,,0,2,3,19,A01
201900044000,1,7,,0,2,4,15,C01
201900044000,1,7,,0,2,4,1,B01
201900044000,1,7,,0,2,1,1,A01
201900044001,3,33,,12,0,1,14,A01
201900044002,3,7,,0,2,3,15,A01
201900044002,3,33,,0,2,1,1,B01
201900044003,3,7,,0,1,1,1,A01
201900044004,3,7,,0,1,4,20,A01
201900044005,1,7,,0,2,1,1,C01
201900044005,1,7,,0,2,1,16,B01
201900044005,1,7,,0,2,1,1,A01
201900044006,1,15,,0,1,7,21,A01
201900044007,2,7,,0,2,1,1,A01
201900044007,3,1,,0,0,1,1,B01
201900044008,1,7,,0,1,3,1,A01
201900044009,1,31,,0,2,8,17,B01
201900044009,1,37,1.0,0,2,3,1,A01
201900044010,3,7,,0,2,1,1,A01
201900044010,3,7,,0,2,4,2,B01
201900044010,3,2,,0,2,1,17,A01
201900044011,3,7,,0,2,1,1,B01
201900044011,3,1,,0,2,1,5,A01
201900044012,1,1,,0,2,1,1,A01
201900044012,0,7,,0,2,3,1,B01
201900044013,1,7,,1,0,3,26,A01
201900044014,1,7,,0,1,1,0,A01
201900044015,1,7,,0,2,4,23,B01
201900044015,1,7,,0,2,1,2,A01
201900044016,2,34,,8,2,1,1,B01
201900044016,1,7,,0,2,3,15,A01
201900044017,3,13,,0,1,4,0,A01
201900044018,3,7,,0,2,4,2,B01
201900044018,3,99,,0,2,1,2,A01
201900044019,1,30,,0,2,0,0,A01
201900044019,1,7,,0,2,1,0,B01
201900044020,3,1,,0,2,0,0,B01
201900044020,3,7,,0,2,2,9,A01
201900044021,3,33,,0,0,2,26,A01
201900044022,3,99,,0,0,4,23,B01
201900044022,0,99,,0,0,1,2,C01
201900044022,3,99,,0,0,4,0,A01
201900044023,2,33,,0,2,0,1,A01
201900044024,0,31,,0,2,1,13,A01
201900044024,3,7,,0,2,1,1,B01
201900044025,1,7,,0,2,7,26,A01
201900044025,1,7,,0,2,8,0,B01
201900044026,1,7,,0,0,7,14,A01
201900044027,1,7,,0,2,4,26,A01
201900044027,1,17,,0,2,1,1,B01
201900044028,1,7,,0,2,8,20,A01
201900044028,1,31,,0,2,1,11,B01
201900044028,2,7,,0,2,3,0,C01
201900044029,1,13,,2,0,2,1,A01
201900044030,1,7,,1,0,0,0,D01
201900044030,1,7,,1,0,0,0,C01
201900044030,1,7,,1,0,0,0,B01
201900044030,3,7,,14,2,1,13,A01
201900044031,3,7,,0,6,3,26,A01
201900044032,2,7,,0,5,7,0,T01
201900044032,2,33,,0,5,7,3,A01
201900044033,2,33,,3,2,1,13,A01
201900044034,2,7,,3,2,4,23,A01
201900044034,2,7,,8,2,0,2,B01
201900044035,1,0,,0,1,2,16,Z01
201900044036,1,7,,0,2,1,26,B01
201900044036,2,30,,0,2,2,26,A01
201900044037,3,33,,0,2,2,1,B01
201900044037,3,7,,0,2,2,15,A01
201900044038,3,31,,0,2,7,2,B01
201900044038,3,7,,0,2,4,20,A01
201900044039,3,32,,0,0,0,2,A01
201900044040,1,32,,0,2,1,2,A01
201900044040,1,7,,0,2,4,2,B01
201900044041,2,2,,14,0,1,1,A01
201900044041,2,7,,0,2,4,20,B01
201900044042,3,7,,0,2,1,9,B01
201900044042,3,10,,0,2,1,1,X01
201900044043,2,7,,0,2,2,16,B01
201900044043,2,34,,8,1,3,18,A01
201900044044,1,7,,13,0,0,0,C01
201900044044,1,7,,13,0,1,21,B01
201900044044,1,7,,3,0,0,17,A01
201900044045,2,7,,0,2,1,2,A01
201900044045,2,7,,0,2,4,23,B01
201900044046,2,33,,0,2,3,1,B01
201900044046,2,7,,0,2,2,15,A01
201900044047,0,1,,0,2,1,2,A01
201900044047,0,7,,0,2,4,23,B01
201900044048,2,14,,0,2,2,12,A01
201900044048,2,7,,0,2,8,1,B01
201900044049,1,17,,0,2,3,9,A01
201900044049,1,30,,0,2,1,1,B01
201900044050,2,7,,0,1,1,1,A01
201900044051,1,7,,4,0,1,1,A01
201900044052,1,7,,0,2,1,9,A01
201900044052,2,7,,0,2,3,9,B01
201900044053,1,7,,0,2,1,9,Z01
201900044053,2,32,,0,2,3,1,A01
201900044054,2,7,,0,2,8,1,C01
201900044054,2,10,,0,2,2,1,B01
201900044054,1,7,,0,2,1,13,A01
201900044055,1,7,,0,2,1,1,B01
201900044055,2,31,,0,2,1,16,A01
201900044056,1,7,,0,2,4,2,C01
201900044056,1,7,,0,2,4,2,B01
201900044056,1,7,,0,2,1,2,A01
201900044057,1,7,,6,0,2,1,A01
201900044058,1,7,,0,2,3,23,C01
201900044058,2,2,,0,2,1,1,B01
201900044058,2,7,,0,2,3,16,A01
201900044059,2,7,,0,2,2,15,A01
201900044059,2,1,,0,2,1,1,B01
201900044060,1,30,,0,2,7,1,B01
201900044060,2,7,,0,2,1,15,A01
201900044061,2,7,,0,2,3,9,A01
201900044061,1,7,,0,2,7,1,B01
201900044062,1,33,,0,1,1,1,A01
201900044063,1,37,1.0,0,1,2,1,A01
201900044064,1,10,,0,1,3,1,A01
201900044065,2,7,,0,1,1,1,A01
201900044066,1,7,,0,2,7,15,A01
201900044066,1,7,,0,2,1,1,B01
201900044067,3,7,,0,1,5,24,A01
201900044068,2,7,,0,2,3,1,C01
201900044068,2,7,,0,2,8,1,B01
201900044068,1,7,,0,2,3,13,A01
201900044069,2,7,,15,0,2,14,A01
201900044070,2,33,,3,0,1,1,A01
201900044071,1,7,,2,0,1,1,A01
201900044072,3,7,,0,2,8,24,B01
201900044072,1,7,,1,0,1,1,A01
201900044073,1,33,,0,2,1,17,B01
201900044073,1,7,,0,0,4,11,A01
201900044074,1,7,,8,0,7,14,A01
201900044075,2,7,,0,2,1,13,A01
201900044075,1,7,,0,2,1,1,B01
201900044076,2,33,,0,2,3,1,B01
201900044076,2,7,,0,2,2,12,A01
201900044077,1,7,,0,2,1,1,B01
201900044077,2,7,,0,2,1,15,A01
201900044078,1,30,,3,0,7,1,A01
201900044079,1,7,,0,2,3,13,A01
201900044079,2,7,,0,2,3,13,B01
201900044080,1,7,,15,0,3,1,A01
201900044081,2,33,,13,0,1,14,A01
201900044082,3,7,,0,1,1,1,A01
201900044083,1,2,,0,2,1,1,B01
201900044083,2,7,,0,2,2,15,A01
201900044084,3,21,,0,2,3,15,B01
201900044084,3,2,,0,2,2,17,A01
201900044085,1,7,,17,0,1,17,A01
201900044086,3,7,,0,2,4,1,B01
201900044086,-1,7,,-1,-1,1,-1,A01
201900044087,2,33,,1,0,1,21,A01
201900044087,2,7,,0,2,6,23,B01
201900044087,2,7,,0,2,2,26,C01
201900044088,0,1,,0,0,0,1,A01
201900044089,2,7,,0,0,1,1,A01
201900044090,1,7,,0,9,2,1,A01
201900044090,1,1,,0,2,4,1,B01
201900044091,2,7,,0,1,3,1,A01
201900044092,2,7,,13,0,9,1,A01
201900044093,0,7,,0,1,4,4,A01
201900044094,2,33,,14,0,1,1,A01
201900044095,1,32,,0,2,1,1,A01
201900044095,1,14,,0,2,2,19,B01
201900044096,1,10,,0,2,1,2,B01
201900044096,1,10,,0,2,4,2,A01
201900044097,2,7,,0,2,1,21,A01
201900044098,2,7,,0,2,4,2,A01
201900044098,2,7,,0,2,1,2,B01
201900044099,1,7,,0,2,1,2,B01
201900044099,2,7,,0,2,4,1,A01
201900044100,2,7,,0,2,2,12,A01
201900044100,2,34,,0,2,3,26,B01
201900044101,2,10,,0,2,4,2,A01
201900044101,2,10,,0,2,1,2,B01
201900044102,0,7,,0,0,0,0,Z01
201900044102,1,7,,0,2,4,9,A01
201900044103,1,7,,3,2,3,13,A01
201900044103,1,7,,0,2,7,23,B01
201900044103,1,7,,0,2,6,23,C01
201900044103,1,10,,0,2,6,23,D01
201900044104,2,33,,0,2,2,1,B01
201900044104,2,7,,0,2,8,11,A01
201900044105,1,43,,4,0,3,13,A01
201900044106,1,7,,1,2,6,1,B01
201900044106,1,33,,0,2,1,2,C01
201900044106,1,15,,0,2,1,12,A01
201900044107,1,33,,14,0,8,21,A01
201900044108,2,7,,13,0,9,12,A01
201900044109,1,7,,0,2,4,1,B01
201900044109,1,10,,1,0,1,11,A01
201900044110,2,15,,0,2,2,12,A01
201900044110,2,7,,0,2,8,1,B01
201900044111,1,10,,0,2,1,2,A01
201900044111,1,7,,0,2,4,2,C01
201900044111,1,7,,0,2,4,2,E01
201900044111,1,7,,3,2,4,2,B01
201900044111,1,7,,0,2,4,2,D01
201900044111,1,7,,0,2,4,2,F01
201900044112,2,7,,3,2,4,2,B01
201900044112,2,7,,0,2,6,2,C01
201900044112,2,10,,0,2,1,2,A01
201900044113,1,7,,0,2,3,1,B01
201900044113,1,17,,0,2,2,12,A01
201900044114,1,7,,0,2,1,21,C01
201900044114,1,10,,0,2,1,2,B01
201900044114,1,7,,0,2,4,1,A01
201900044115,1,7,,0,0,0,0,A01
201900044115,1,7,,0,1,0,0,B01
201900044116,2,7,,0,2,1,2,A01
201900044116,2,7,,0,2,4,2,B01
201900044117,2,33,,0,2,1,2,C01
201900044117,2,7,,0,2,4,23,B01
201900044117,2,7,,0,2,1,1,A01
201900044118,2,10,,0,2,5,2,B01
201900044118,2,33,,0,2,3,2,A01
201900044119,1,7,,0,2,1,1,A01
201900044119,1,7,,0,2,4,0,B01
201900044119,1,7,,0,2,4,2,C01
201900044120,1,30,,0,2,1,17,A01
201900044120,1,33,,0,2,8,10,B01
201900044121,2,7,,0,2,7,12,B01
201900044121,2,33,,0,2,1,1,A01
201900044122,1,7,,15,2,7,1,A01
201900044122,2,7,,0,2,1,9,B01
201900044123,2,7,,0,2,3,12,A01
201900044123,2,7,,0,2,3,1,C01