Num_Acc,senc,catv,occutc,obs,obsm,choc,manv,num_veh
201900044123,2,15,,0,2,3,1,B01
201900044124,3,2,,0,0,4,23,B01
201900044124,3,3,,0,0,2,26,A01
201900044125,2,33,,0,2,8,3,B01
201900044125,2,7,,0,2,7,12,A01
201900044126,1,7,,0,2,4,2,B01
201900044126,1,7,,0,2,6,2,C01
201900044126,1,7,,0,2,1,2,A01
201900044127,3,33,,0,2,1,1,A01
201900044127,3,7,,0,2,5,20,B01
201900044128,1,14,,0,2,4,1,A01
201900044128,2,7,,0,2,1,1,B01
201900044129,3,37,1.0,16,0,0,20,A01
201900044129,3,43,,0,2,8,13,B01
201900044129,3,7,,0,2,8,1,C01
201900044130,1,7,,3,0,2,1,A01
201900044131,2,33,,0,0,0,0,B01
201900044131,1,7,,0,0,0,15,A01
201900044132,2,7,,0,2,1,2,B01
201900044132,2,7,,0,2,4,1,A01
201900044133,3,50,,0,0,4,1,B01
201900044133,3,34,,0,2,1,26,A01
201900044134,2,7,,3,0,9,2,A01
201900044135,1,34,,0,2,1,2,A01
201900044135,1,7,,0,2,4,2,B01
201900044136,2,32,,0,0,2,1,A01
201900044137,0,7,,0,2,4,1,B01
201900044137,0,7,,0,2,0,1,Z01
201900044138,1,7,,4,0,3,0,A01
201900044139,2,34,,0,1,1,11,A01
201900044140,1,7,,0,2,5,3,Z01
201900044140,1,7,,0,2,3,1,B01
201900044141,2,1,,0,1,3,1,A01
201900044142,2,33,,0,2,1,3,A01
201900044142,2,7,,0,2,6,1,B01
201900044142,1,7,,0,2,8,1,C01
201900044143,1,7,,0,0,0,0,C01
201900044143,1,7,,0,2,1,1,B01
201900044143,1,7,,0,2,1,1,A01
201900044144,3,30,,0,1,3,1,A01
201900044145,2,7,,1,0,1,1,A01
201900044146,2,33,,0,2,1,3,A01
201900044146,2,10,,0,2,7,1,C01
201900044146,2,10,,0,2,5,1,B01
201900044147,3,31,,0,2,4,26,B01
201900044147,3,7,,0,2,1,0,A01
201900044148,2,10,,0,2,1,1,A01
201900044148,2,10,,0,2,4,2,B01
201900044149,1,7,,0,2,3,0,A01
201900044149,2,21,,0,2,3,11,B01
201900044150,2,7,,0,2,3,11,A01
201900044150,2,31,,0,2,7,1,B01
201900044151,1,7,,0,1,2,1,A01
201900044152,2,7,,0,2,6,11,A01
201900044152,2,33,,0,2,5,3,B01
201900044153,2,10,,6,0,2,1,A01
201900044154,1,13,,0,2,4,2,A01
201900044154,1,34,,0,2,1,2,B01
201900044155,1,7,,0,2,1,1,B01
201900044155,2,7,,0,2,1,13,A01
201900044156,2,7,,0,2,4,12,B01
201900044156,2,33,,0,2,1,21,A01
201900044157,2,7,,2,0,8,1,A01
201900044158,2,7,,0,2,2,12,B01
201900044158,2,31,,0,2,3,3,A01
201900044159,2,7,,0,2,7,13,A01
201900044159,2,33,,0,2,3,3,B01
201900044160,1,7,,16,0,1,13,A01
201900044161,2,7,,0,2,2,1,B01
201900044161,2,7,,0,2,3,9,A01
201900044162,1,7,,0,2,3,1,C01
201900044162,1,7,,14,2,1,2,B01
201900044162,1,7,,14,2,1,2,A01
201900044163,2,7,,0,2,8,1,A01
201900044163,1,7,,0,2,1,1,B01
201900044164,1,10,,4,0,1,13,A01
201900044165,2,33,,0,0,9,21,A01
201900044166,2,10,,0,2,1,0,D01
201900044166,2,10,,0,2,2,0,C01
201900044166,2,17,,0,2,0,0,A01
201900044167,1,7,,0,2,8,11,A01
201900044167,1,33,,0,2,2,3,B01
201900044168,1,7,,0,2,1,2,A01
201900044168,1,7,,0,2,4,2,C01
201900044168,1,7,,0,2,4,2,D01
201900044168,1,10,,0,2,4,2,B01
201900044169,0,7,,0,2,3,1,B01
201900044169,0,10,,0,2,8,15,A01
201900044170,1,7,,13,0,2,14,A01
201900044171,1,7,,0,2,1,2,A01
201900044171,1,17,,0,2,5,2,B01
201900044172,2,0,,0,1,0,0,A01
201900044173,2,7,,0,2,1,2,B01
201900044173,2,7,,0,2,5,2,A01
201900044174,2,34,,0,2,1,1,B01
201900044174,2,7,,0,2,6,11,A01
201900044175,3,2,,0,2,3,1,B01
201900044175,3,7,,0,2,8,15,A01
201900044176,1,7,,0,0,9,1,A01
201900044177,2,7,,0,2,1,2,A01
201900044177,2,10,,0,2,4,2,B01
201900044177,2,7,,0,2,4,2,C01
201900044178,2,3,,13,2,4,15,B01
201900044178,2,10,,0,2,1,1,A01
201900044179,2,7,,0,2,4,2,B01
201900044179,2,7,,0,2,1,2,A01
201900044180,2,2,,13,0,8,1,A01
201900044181,2,7,,0,2,1,14,A01
201900044181,2,7,,0,2,7,1,C01
201900044181,2,7,,0,2,4,1,B01
201900044182,1,7,,0,2,3,1,B01
201900044182,2,7,,0,2,1,13,A01
201900044183,2,7,,0,2,2,17,B01
201900044183,2,7,,0,2,6,1,A01
201900044184,1,31,,0,2,1,1,A01
201900044184,3,7,,0,2,6,15,B01
201900044185,2,7,,0,2,1,1,B01
201900044185,1,7,,0,2,3,17,A01
201900044186,3,7,,13,0,7,1,A01
201900044187,2,7,,0,2,1,2,B01
201900044187,2,36,,0,0,6,15,A01
201900044188,2,7,,13,0,8,13,A01
201900044189,1,7,,13,0,1,13,A01
201900044190,1,7,,6,0,1,1,A01
201900044191,1,33,,0,0,8,1,A01
201900044192,2,7,,2,0,3,13,A01
201900044193,1,7,,2,0,1,14,A01
201900044194,3,7,,0,1,2,17,A01
201900044195,2,7,,0,2,3,1,B01
201900044195,1,7,,0,2,3,13,A01
201900044196,1,7,,0,2,3,13,A01
201900044196,2,7,,13,2,3,1,B01
201900044197,2,7,,0,2,4,1,B01
201900044197,2,7,,0,2,4,1,C01
201900044197,2,7,,0,2,1,0,A01
201900044198,3,2,,8,0,2,1,A01
201900044199,2,7,,0,2,3,2,A01
201900044199,2,7,,0,0,6,2,B01
201900044200,3,2,,15,0,1,1,A01
201900044201,1,33,,0,2,5,0,A01
201900044202,3,7,,13,0,2,1,A01
201900044203,1,15,,0,2,2,0,A01
201900044203,1,7,,0,2,6,0,B01
201900044204,2,7,,15,0,1,0,A01
201900044205,0,7,,0,1,2,1,A01
201900044206,2,32,,0,2,2,1,B01
201900044206,2,7,,0,2,6,1,A01
201900044207,1,7,,12,2,1,13,B01
201900044207,2,15,,0,2,1,1,A01
201900044208,2,7,,0,2,8,11,A01
201900044208,2,7,,0,2,7,3,B01
201900044209,2,7,,0,2,1,2,A01
201900044209,2,7,,0,2,4,2,B01
201900044209,2,7,,0,0,4,2,C01
201900044210,1,7,,0,2,3,1,A01
201900044210,1,7,,0,2,2,1,B01
201900044211,2,15,,1,1,3,14,B01
201900044212,2,7,,0,0,2,0,E01
201900044212,2,7,,0,0,2,0,D01
201900044212,2,7,,0,2,8,0,C01
201900044212,2,7,,0,2,4,2,B01
201900044212,2,7,,0,2,1,1,A01
201900044213,1,33,,0,2,6,3,A01
201900044213,1,7,,0,2,7,1,B01
201900044214,1,7,,0,2,8,26,A01
201900044214,1,33,,0,2,8,17,B01
201900044215,2,10,,3,2,7,1,F01
201900044215,2,7,,0,2,7,2,E01
201900044215,2,7,,0,2,0,18,D01
201900044215,2,7,,0,2,1,2,C01
201900044215,2,7,,3,0,4,2,B01
201900044215,2,15,,0,2,3,2,A01
201900044216,1,10,,0,2,1,2,A01
201900044216,1,15,,0,2,4,2,B01
201900044217,1,7,,0,2,5,12,A01
201900044217,1,15,,0,2,3,1,B01
201900044218,0,33,,0,2,1,0,B01
201900044218,0,7,,0,2,3,0,A01
201900044219,2,7,,0,2,6,11,A01
201900044219,2,2,,0,2,1,1,B01
201900044220,3,32,,0,2,1,1,B01
201900044220,3,7,,0,2,1,15,A01
201900044221,1,7,,6,0,3,1,A01
201900044222,2,34,,0,2,7,1,B01
201900044222,2,7,,0,2,3,9,A01
201900044223,2,7,,0,2,1,13,A01
201900044223,2,34,,0,2,1,1,B01
201900044224,2,7,,0,1,2,1,A01
201900044225,0,7,,0,2,1,1,B01
201900044225,0,7,,0,2,1,13,A01
201900044226,1,7,,0,2,3,15,A01
201900044226,1,33,,0,2,1,1,B01
201900044227,2,7,,0,1,2,1,A01
201900044228,2,7,,13,0,1,14,A01
201900044229,2,7,,0,2,2,15,A01
201900044229,1,2,,0,2,1,1,B01
201900044230,2,33,,0,2,1,17,B01
201900044230,0,10,,0,2,3,19,A01
201900044231,3,30,,8,0,3,21,A01
201900044232,2,7,,0,1,3,16,A01
201900044233,1,7,,0,2,1,1,B01
201900044233,1,7,,0,2,4,1,A01
201900044234,3,7,,0,2,1,1,A01
201900044234,3,7,,0,2,2,15,B01
201900044235,1,7,,0,-1,3,1,A01
201900044235,1,40,,0,2,2,1,B01
201900044236,2,2,,0,2,1,1,B01
201900044236,1,7,,0,2,1,15,A01
201900044237,3,7,,13,0,1,1,A01
201900044238,0,7,,9,2,2,1,A01
201900044238,3,7,,0,2,3,23,C01
201900044238,3,10,,0,2,1,1,B01
201900044239,2,30,,0,2,1,1,A01
201900044239,2,7,,0,2,4,23,B01
201900044240,3,7,,0,2,8,1,A01
201900044240,3,1,,0,2,1,13,B01
201900044241,1,7,,0,2,1,15,A01
201900044241,1,99,,0,2,1,1,B01
201900044242,1,33,,0,2,2,17,A01
201900044242,1,10,,0,2,6,1,B01
201900044243,2,7,,0,2,1,1,B01
201900044243,1,7,,0,2,5,13,A01
201900044244,2,99,,0,2,1,1,B01
201900044244,1,10,,0,6,2,15,A01
201900044245,2,10,,0,2,1,1,B01
201900044245,1,7,,0,2,1,13,A01
201900044246,1,7,,0,2,4,15,B01
201900044246,1,15,,14,2,3,26,A01
201900044247,2,7,,0,2,3,0,A01
201900044247,1,7,,0,2,3,1,B01
201900044248,2,7,,0,2,2,1,B01
201900044248,3,7,,0,2,1,16,A01
201900044249,2,1,,0,2,1,1,B01
201900044249,3,10,,0,9,2,19,A01
201900044250,2,7,,0,2,4,2,B01
201900044250,2,32,,0,2,1,21,A01
201900044251,3,7,,0,2,1,26,B01
201900044251,3,7,,0,2,7,15,A01
201900044252,2,7,,0,1,1,9,A01
201900044253,3,7,,0,2,0,26,B01
201900044253,3,34,,14,2,0,26,A01
201900044254,2,10,,0,2,3,15,B01
201900044254,2,2,,0,2,0,17,A01
201900044255,1,10,,0,1,4,4,A01
201900044256,1,2,,0,2,1,1,B01
201900044256,3,7,,0,2,5,26,A01
201900044257,0,1,,0,0,4,2,B01
201900044257,3,7,,0,9,1,2,A01
201900044258,1,7,,0,2,3,15,B01
201900044258,2,7,,0,2,1,1,A01
201900044259,1,7,,13,0,0,1,A01
201900044260,2,33,,0,2,1,1,B01
201900044260,1,7,,0,2,2,15,A01
201900044260,-1,0,,-1,-1,-1,-1,A01
201900044261,1,7,,0,1,1,1,A01
201900044262,0,7,,0,2,1,1,C01
201900044262,0,7,,0,2,4,1,B01
201900044262,1,10,,0,2,4,1,A01
201900044263,1,10,,0,2,6,10,A01
201900044263,1,33,,0,2,1,2,B01
201900044264,2,10,,0,2,2,14,A01
201900044264,2,33,,0,2,8,26,B01
201900044265,1,33,,0,2,1,1,B01
201900044265,2,7,,0,2,7,15,A01
201900044266,1,7,,0,2,1,2,Z01
201900044266,1,7,,0,2,6,2,A01
201900044267,2,33,,0,2,1,2,A01
201900044267,2,7,,0,2,6,15,B01
201900044268,2,10,,0,2,3,21,A01
201900044268,2,7,,0,2,5,1,B01
201900044268,2,14,,0,2,6,1,C01
201900044269,2,2,,0,2,1,17,A01
201900044269,2,10,,0,2,8,15,B01
201900044270,2,10,,0,2,1,2,A01
201900044270,2,7,,0,2,4,2,B01
201900044270,2,7,,0,2,6,2,C01
201900044271,2,7,,0,0,2,26,A01
201900044272,2,33,,0,2,7,1,B01
201900044272,1,7,,0,2,2,15,A01
201900044273,3,7,,3,0,3,1,A01
201900044274,1,7,,4,0,3,26,A01
201900044275,2,10,,0,2,4,0,D01
201900044275,2,7,,0,2,4,0,C01
201900044275,2,7,,0,2,4,26,B01
201900044275,2,10,,0,2,1,26,A01
201900044276,2,7,,0,2,6,11,A01
201900044276,2,33,,0,2,2,3,B01
201900044277,1,7,,0,1,2,1,A01
201900044278,1,7,,0,2,4,2,B01
201900044278,1,34,,0,2,1,2,A01
201900044279,1,10,,3,0,1,6,A01
201900044280,1,7,,0,2,4,3,C01
201900044280,1,7,,0,2,1,3,B01
201900044280,1,7,,0,2,4,12,A01
201900044281,3,7,,0,1,1,1,Z01
201900044282,1,7,,2,0,7,13,A01
201900044283,1,7,,0,2,1,2,C01
201900044283,1,7,,0,2,4,23,B01
201900044283,1,7,,0,2,4,23,A01
201900044284,3,1,,0,2,7,1,B01
201900044284,3,7,,0,2,3,9,A01
201900044285,1,7,,0,1,1,1,A01
201900044286,2,7,,8,0,1,1,A01
201900044287,2,2,,0,0,8,1,A01
201900044288,1,7,,0,1,2,1,A01
201900044289,1,7,,0,2,3,1,B01
201900044289,1,3,,0,2,2,9,A01
201900044290,1,7,,0,2,3,16,B01
201900044290,1,7,,0,2,1,1,A01
201900044291,0,7,,0,1,0,1,A01
201900044292,2,1,,0,2,8,2,B01
201900044292,2,10,,0,2,7,17,A01
201900044293,3,7,,0,1,1,15,A01
201900044294,1,33,,0,2,1,1,B01
201900044294,1,7,,0,2,3,9,A01
201900044295,3,7,,0,2,3,13,A01
201900044295,3,7,,0,2,3,1,B01
201900044296,3,7,,0,2,5,1,B01
201900044296,3,7,,0,2,1,9,A01
201900044297,2,33,,0,2,1,1,B01
201900044297,3,7,,0,2,6,15,A01
201900044298,3,7,,0,2,4,10,A01
201900044298,1,40,,0,2,7,1,B01
201900044299,1,32,,0,2,1,1,B01
201900044299,1,7,,0,2,3,15,A01
201900044300,3,7,,2,0,3,6,A01
201900044301,1,10,,0,2,1,1,A01
201900044301,1,7,,0,2,4,2,B01
201900044302,1,43,,0,2,8,1,B01
201900044302,1,7,,0,2,2,1,A01
201900044303,1,7,,0,2,1,1,A01
201900044303,1,33,,0,2,4,12,B01
201900044304,1,7,,4,2,1,0,C01
201900044304,1,7,,0,2,1,21,B01
201900044304,1,7,,0,2,1,0,A01
201900044305,1,32,,0,0,0,1,A01
201900044306,1,7,,0,2,1,1,A01
201900044306,1,7,,0,2,4,2,B01
201900044307,1,10,,0,2,1,15,A01
201900044307,1,32,,0,2,8,16,B01
201900044308,1,7,,0,2,1,1,A01
201900044308,1,7,,0,2,4,23,B01
201900044309,2,13,,0,1,1,1,A01
201900044310,1,7,,0,2,3,1,B01
201900044310,2,7,,0,2,3,1,A01
201900044311,3,7,,8,0,1,1,A01
201900044312,1,33,,0,2,1,15,A01
201900044312,2,7,,0,2,1,23,B01
201900044313,1,3,,0,1,1,1,A01
201900044314,2,7,,0,2,2,15,A01
201900044314,1,30,,0,2,1,1,B01
201900044315,3,80,,0,2,3,19,B01
201900044315,3,7,,0,6,2,16,A01
201900044316,2,7,,0,2,3,10,A01
201900044316,1,7,,0,2,3,2,B01
201900044317,2,7,,0,1,1,1,A01
201900044318,2,7,,17,0,2,14,A01
201900044319,2,50,,0,2,3,5,A01
201900044319,2,7,,0,2,3,1,B01
201900044320,1,7,,0,1,1,1,A01
201900044321,3,7,,0,2,2,1,B01
201900044321,3,7,,0,2,3,16,A01
201900044322,1,1,,0,2,1,2,A01
201900044322,1,7,,0,2,5,1,B01
201900044323,2,7,,0,1,1,15,A01
201900044324,3,7,,0,2,0,0,Z01
201900044324,3,1,,0,2,4,1,B01
201900044325,2,7,,0,2,3,1,B01
201900044325,2,7,,0,2,1,17,A01
201900044326,2,30,,0,2,2,17,B01
201900044326,2,7,,0,2,3,15,A01
201900044327,2,7,,0,2,7,1,B01
201900044327,2,33,,0,2,8,13,A01
201900044328,1,40,,0,1,0,1,A01
201900044329,3,7,,0,2,2,9,A01
201900044329,3,7,,0,2,1,1,B01
201900044330,1,33,,0,2,7,1,A01
201900044330,1,7,,0,2,0,0,Z01
201900044331,2,7,,0,2,3,1,A01
201900044332,0,7,,0,1,1,1,A01
201900044333,2,7,,0,1,2,15,A01
201900044334,2,7,,0,2,8,15,A01
201900044334,1,33,,0,2,1,23,B01
201900044335,1,7,,0,2,2,1,B01
201900044335,1,30,,0,2,1,1,A01
201900044336,0,33,,0,2,1,1,B01
201900044336,1,7,,0,2,3,9,A01
201900044337,1,7,,0,2,2,1,B01
201900044337,2,7,,0,2,1,1,A01
201900044338,1,33,,0,2,7,3,A01
201900044338,1,7,,0,2,0,1,B01
201900044339,1,7,,0,2,4,1,B01
201900044339,1,33,,0,2,1,2,A01
201900044340,1,2,,0,2,1,1,B01
201900044340,1,7,,0,2,3,15,A01
201900044341,1,7,,0,1,1,1,A01
201900044342,3,10,,0,2,8,1,B01
201900044342,3,7,,0,2,1,1,A01
201900044343,3,7,,0,2,3,23,B01
201900044343,3,7,,0,2,5,26,A01
201900044344,2,7,,0,2,1,15,B01
201900044344,1,30,,0,2,7,1,A01
201900044345,0,7,,0,2,2,9,A01
201900044345,0,32,,0,2,7,1,B01
201900044346,2,30,,0,2,2,2,A01
201900044346,1,7,,0,0,5,23,B01
201900044347,2,1,,0,0,0,1,A01
201900044348,0,1,,0,2,8,19,B01
201900044348,0,37,1.0,0,2,1,1,A01
201900044349,0,7,,0,1,2,1,A01
201900044350,1,34,,0,1,8,19,A01
201900044351,2,7,,0,1,2,1,A01
201900044352,2,7,,0,1,1,1,A01
201900044353,3,7,,0,1,1,0,A01
201900044354,2,7,,4,0,0,1,A01
201900044355,2,2,,0,2,0,21,B01
201900044355,2,7,,0,2,0,15,A01
201900044356,1,34,,0,2,2,3,B01
201900044356,1,7,,0,2,3,15,A01
201900044357,2,7,,0,1,7,1,A01
201900044358,3,7,,0,6,1,1,B01
201900044358,3,1,,0,2,8,10,A01
201900044359,1,7,,0,2,3,15,B01
201900044359,2,30,,0,2,1,2,A01
201900044360,1,7,,0,2,8,15,B01
201900044360,1,7,,0,2,2,17,A01
201900044361,1,7,,0,2,1,13,A01
201900044361,2,7,,0,2,1,1,B01
201900044362,1,7,,0,1,0,15,Z01
201900044363,0,7,,6,0,1,26,A01
201900044364,2,7,,0,1,2,1,A01
201900044365,1,1,,0,2,1,1,B01
201900044365,1,31,,0,2,0,0,A01
201900044366,1,7,,0,2,2,1,B01
201900044366,1,1,,0,2,3,19,A01
201900044367,3,7,,0,2,4,23,B01
201900044367,3,7,,0,2,1,2,A01
201900044368,1,2,,0,2,1,21,B01
201900044368,1,7,,0,2,8,9,A01
201900044369,3,10,,0,1,4,4,A01
201900044370,1,10,,0,2,1,1,A01
201900044370,1,7,,0,2,4,1,B01
201900044371,1,10,,2,0,1,0,A01
201900044372,1,2,,0,2,7,9,B01
201900044372,1,15,,0,2,8,9,A01
201900044373,1,13,,0,2,1,15,B01
201900044373,2,33,,0,2,1,13,A01
201900044374,2,7,,0,2,7,1,B01
201900044374,1,7,,0,2,1,1,A01
201900044375,2,7,,0,1,2,1,A01
201900044376,1,30,,12,0,1,14,A01
201900044377,2,7,,0,2,1,1,B01
201900044377,1,7,,0,2,1,17,A01
201900044378,2,7,,0,2,1,1,B01
201900044378,1,7,,0,2,1,15,A01
201900044379,1,15,,0,2,2,1,Z01
201900044379,1,7,,0,2,8,9,B01
201900044380,2,33,,0,1,1,17,A01
201900044381,3,7,,0,2,6,15,A01
201900044381,3,7,,0,2,2,7,B01
201900044382,1,7,,9,2,1,19,A01
201900044382,2,7,,0,2,8,19,B01
201900044383,2,7,,14,0,2,14,A01
201900044384,1,7,,0,2,1,1,B01
201900044384,1,7,,0,2,7,1,A01
201900044385,3,7,,0,2,5,1,B01
201900044385,3,10,,0,2,1,1,A01
201900044386,2,30,,1,0,3,14,A01
201900044387,1,7,,0,1,4,20,A01
201900044388,3,7,,0,2,3,15,A01
201900044388,3,7,,0,2,3,2,B01
201900044389,2,1,,0,2,2,1,B01
201900044389,2,7,,0,2,8,22,A01
201900044390,1,14,,0,2,6,23,B01
201900044390,1,7,,0,2,1,1,A01
201900044391,2,7,,0,2,4,1,B01
201900044391,2,7,,0,2,1,1,A01
201900044392,1,7,,14,0,1,1,A01
201900044392,1,7,,14,0,4,23,B01
201900044392,1,7,,14,0,4,1,C01
201900044393,1,1,,0,2,1,0,B01
201900044393,1,7,,0,2,0,0,A01
201900044394,2,7,,0,2,3,1,B01
201900044394,3,7,,0,2,2,19,A01
201900044395,2,7,,0,1,1,1,A01
201900044396,2,7,,0,1,1,1,A01
201900044397,1,7,,0,2,1,1,A01
201900044397,2,7,,0,2,8,15,B01
201900044398,3,30,,0,2,4,2,A01
201900044398,3,1,,0,2,4,2,B01
201900044399,1,7,,0,2,2,1,B01
201900044399,1,7,,0,2,1,15,A01
201900044400,1,7,,9,0,3,14,A01
201900044401,2,7,,0,1,1,9,A01
201900044402,1,32,,0,2,3,1,B01
201900044402,1,7,,0,2,7,16,A01
201900044403,1,1,,0,2,1,1,A01
201900044403,1,7,,0,2,5,1,B01
201900044404,1,10,,0,1,1,1,A01
201900044405,2,2,,0,2,1,1,B01
201900044405,2,7,,0,2,3,1,A01
201900044406,1,7,,0,2,1,1,A01
201900044406,1,7,,0,2,4,2,B01
201900044407,3,7,,13,0,1,1,A01
201900044408,3,7,,0,2,8,0,B01
201900044408,3,99,,16,2,0,13,A01
201900044409,2,7,,0,2,2,16,B01
201900044409,2,7,,0,1,4,16,A01
201900044410,2,7,,0,2,1,9,A01
201900044410,2,7,,0,2,4,26,B01
201900044410,2,7,,0,2,4,23,C01
201900044411,3,10,,0,2,8,15,A01
201900044411,3,7,,0,2,1,1,B01
201900044412,1,7,,0,2,1,2,A01
201900044412,1,10,,0,2,4,2,B01
201900044412,1,7,,0,2,4,2,C01
201900044412,1,7,,0,2,4,2,D01
201900044413,3,10,,0,2,8,1,B01
201900044413,3,10,,0,2,8,13,A01
201900044414,3,7,,0,2,8,16,B01
201900044414,3,7,,0,2,1,15,A01
201900044415,3,7,,0,1,1,1,B01
201900044415,2,7,,0,2,0,2,A01
201900044416,1,7,,0,2,7,1,B01
201900044416,1,7,,0,2,2,19,A01
201900044417,2,7,,6,0,1,1,A01
201900044418,1,7,,0,2,4,2,B01
201900044418,1,10,,0,2,1,2,A01
201900044419,1,30,,0,1,1,17,A01
201900044420,3,7,,13,2,3,16,B01
201900044420,1,7,,11,2,2,1,A01
201900044421,2,7,,0,2,5,1,A01
201900044421,2,7,,0,2,1,1,B01
201900044422,3,7,,0,2,2,15,B01
201900044422,1,30,,0,2,1,5,A01
201900044423,2,10,,0,1,3,26,A01
201900044424,3,7,,1,0,1,14,A01
201900044425,3,2,,0,2,0,1,B01
201900044425,3,7,,0,2,3,15,A01
201900044426,1,7,,0,2,0,15,B01
201900044426,1,33,,0,2,2,17,A01
201900044427,2,31,,0,2,2,17,B01
201900044427,2,7,,0,2,3,15,A01
201900044428,1,7,,6,0,1,26,A01
201900044429,3,7,,0,2,3,0,A01
201900044429,3,1,,0,2,1,26,B01
201900044430,1,7,,0,2,2,2,A01
201900044430,1,7,,0,2,6,2,B01
201900044431,2,7,,13,0,1,0,A01
201900044431,1,7,,1,0,0,0,B01
201900044431,1,7,,1,0,0,0,C01
201900044432,2,7,,0,2,1,13,A01
201900044432,1,7,,0,2,1,1,B01
201900044433,1,7,,8,0,2,2,A01
201900044434,2,37,1.0,0,1,2,1,A01
201900044435,0,33,,0,1,1,1,A01
201900044436,1,7,,3,0,1,1,A01
201900044437,1,10,,0,1,3,15,A01
201900044438,1,1,,0,1,1,1,A01
201900044439,1,33,,1,0,1,14,A01
201900044440,1,7,,0,2,4,1,B01
201900044440,1,7,,0,0,4,1,C01
201900044440,3,7,,0,2,1,1,A01
201900044441,3,30,,0,2,1,0,B01
201900044441,3,7,,0,2,0,26,A01
201900044442,1,7,,0,2,4,2,B01
201900044442,1,33,,0,2,1,2,A01
201900044443,1,10,,0,1,0,26,A01
201900044444,0,7,,8,0,2,0,A01
201900044445,2,34,,0,2,8,17,B01
201900044445,1,34,,0,2,8,17,A01
201900044446,3,7,,0,2,7,1,B01
201900044446,3,7,,0,2,1,1,A01
201900044447,1,7,,6,0,1,2,A01
201900044448,1,7,,0,2,6,1,B01
201900044448,1,7,,0,2,8,5,A01
201900044449,1,7,,0,1,2,1,A01
201900044450,2,32,,0,2,8,16,B01
201900044450,2,7,,0,2,7,16,A01
201900044451,2,1,,12,2,1,17,B01
201900044451,2,7,,0,2,0,22,A01
201900044452,1,7,,0,2,8,1,B01
201900044452,2,7,,0,2,3,1,A01
201900044453,1,7,,0,2,8,15,B01
201900044453,1,2,,0,2,1,1,A01
201900044454,1,7,,0,2,8,15,B01
201900044454,1,31,,0,2,1,1,A01
201900044455,2,30,,0,1,1,18,A01
201900044456,3,7,,0,1,3,19,Z01
201900044457,0,7,,0,1,1,26,A01
201900044458,3,7,,0,2,1,1,B01
201900044458,3,7,,0,2,3,16,A01
201900044459,3,7,,1,2,6,26,B01
201900044459,3,7,,1,0,2,14,A01
201900044460,3,3,,0,1,2,26,A01
201900044461,2,7,,14,0,1,26,A01
201900044462,1,30,,0,1,1,9,A01
201900044463,2,99,,0,2,3,0,B01
201900044463,1,7,,0,2,3,15,A01
201900044464,2,7,,13,0,0,21,A01
201900044465,2,7,,13,0,1,13,A01
201900044465,1,7,,13,0,7,1,B01
201900044466,1,33,,6,0,0,1,A01
201900044467,0,0,,0,0,0,0,B01
201900044467,0,7,,0,1,3,0,A01
201900044468,2,7,,0,2,3,1,C01
201900044468,2,7,,0,2,3,1,D01
201900044468,1,14,,0,2,3,1,A01
201900044468,2,7,,0,2,8,1,B01
201900044469,1,7,,15,0,1,1,A01
201900044470,3,7,,13,0,1,1,A01
201900044471,2,7,,0,9,1,9,A01
201900044471,2,1,,0,2,7,15,B01
201900044472,2,7,,2,0,3,13,A01
201900044473,1,7,,2,0,1,1,A01
201900044474,2,15,,0,2,1,1,A01
201900044474,2,7,,0,2,4,1,B01
201900044474,1,7,,0,2,1,1,C01
201900044475,1,7,,2,0,0,2,A01
201900044476,2,10,,0,2,3,0,A01
201900044476,2,7,,0,2,3,1,B01
201900044477,3,2,,0,2,2,1,B01
201900044477,3,7,,0,2,3,9,A01
201900044478,1,7,,2,0,2,14,A01
201900044479,3,14,,0,0,4,23,B01
201900044479,3,7,,0,2,1,2,A01
201900044480,0,36,,12,0,8,2,A01
201900044481,1,7,,13,0,2,14,A01
201900044482,3,7,,6,0,2,1,A01
201900044483,1,7,,0,2,3,13,A01
201900044483,2,2,,0,2,4,1,B01
201900044484,0,1,,0,2,1,9,A01
201900044484,1,10,,0,9,2,1,B01
201900044485,1,7,,0,0,1,1,A01
201900044485,1,7,,3,0,1,1,B01
201900044486,2,7,,0,2,3,1,B01
201900044486,2,7,,3,2,3,1,A01
201900044487,1,13,,13,0,7,14,A01
201900044488,2,7,,0,2,1,2,B01
201900044488,2,7,,0,0,4,26,C01
201900044488,2,7,,4,0,3,0,A01
201900044489,3,7,,0,2,3,15,B01
201900044489,1,2,,0,2,1,17,A01
201900044490,2,17,,0,0,0,23,B01
201900044490,2,7,,1,0,1,18,A01
201900044491,1,7,,1,0,3,2,C01
201900044491,1,7,,4,0,5,2,B01
201900044491,1,7,,0,2,3,2,A01
201900044492,1,1,,0,2,1,6,A01
201900044492,2,7,,0,9,1,1,B01
201900044493,3,7,,9,0,1,1,A01
201900044494,3,7,,0,9,2,15,A01
201900044494,3,1,,0,2,5,1,B01
201900044495,3,7,,0,1,1,1,A01
201900044496,3,7,,2,0,7,1,A01
201900044497,3,7,,0,2,1,13,A01
201900044497,3,7,,0,2,3,1,B01
201900044498,3,33,,0,0,4,16,B01
201900044498,3,7,,0,2,2,2,A01
201900044499,3,7,,0,1,2,2,A01
201900044500,2,7,,6,0,1,1,A01
201900044501,1,7,,0,2,4,1,A01
201900044501,2,7,,0,2,0,0,B01