Num_Acc,senc,catv,occutc,obs,obsm,choc,manv,num_veh
201900044502,2,7,,13,0,2,14,A01
201900044503,2,7,,4,0,1,9,A01
201900044504,1,10,,0,1,1,1,A01
201900044505,1,7,,3,0,8,16,A01
201900044506,1,7,,12,0,3,9,A01
201900044507,2,7,,0,2,6,1,B01
201900044507,2,32,,0,2,2,3,A01
201900044508,1,7,,0,2,1,2,A01
201900044508,1,10,,0,2,4,2,B01
201900044508,1,7,,0,2,4,2,C01
201900044508,1,7,,0,2,4,2,D01
201900044509,2,7,,0,2,3,1,B01
201900044509,1,7,,0,2,3,13,A01
201900044510,3,7,,0,1,2,1,A01
201900044511,1,7,,0,1,2,1,A01
201900044512,1,99,,0,2,1,2,A01
201900044512,1,7,,0,2,4,2,C01
201900044512,1,7,,0,2,4,2,D01
201900044512,1,7,,0,2,4,2,B01
201900044513,1,7,,0,1,1,1,A01
201900044514,1,7,,0,2,1,2,A01
201900044514,1,7,,0,2,4,2,B01
201900044515,0,7,,0,1,1,2,A01
201900044516,2,17,,0,2,2,12,A01
201900044516,2,7,,0,2,8,2,B01
201900044517,2,33,,0,0,2,0,A01
201900044518,2,7,,0,2,1,2,A01
201900044518,2,10,,0,2,4,2,B01
201900044519,2,17,,4,0,1,19,A01
201900044520,1,32,,0,0,7,2,A01
201900044521,1,7,,3,2,8,1,A01
201900044521,1,7,,0,2,1,1,B01
201900044522,1,7,,4,0,2,1,A01
201900044523,0,7,,0,2,1,9,A01
201900044523,3,7,,0,2,4,2,B01
201900044524,3,7,,0,2,5,15,B01
201900044524,3,10,,0,2,2,1,A01
201900044525,2,30,,0,1,1,1,A01
201900044526,2,2,,0,2,1,1,B01
201900044527,2,7,,0,1,1,9,A01
201900044528,2,7,,0,1,3,1,A01
201900044529,1,2,,0,2,1,1,B01
201900044529,3,7,,0,2,8,19,A01
201900044530,1,33,,0,2,7,0,B01
201900044530,1,7,,0,2,0,11,A01
201900044531,3,10,,0,2,1,1,A01
201900044531,0,1,,0,2,8,19,B01
201900044532,2,7,,0,2,1,2,A01
201900044532,2,7,,0,2,4,2,B01
201900044533,1,30,,16,0,0,1,A01
201900044534,2,1,,0,2,7,1,B01
201900044534,2,10,,0,2,3,1,A01
201900044535,1,7,,0,2,3,0,A01
201900044535,2,7,,0,2,6,0,B01
201900044536,3,7,,6,0,1,1,A01
201900044537,3,7,,0,2,8,19,B01
201900044537,3,7,,0,2,1,1,A01
201900044538,3,7,,0,2,4,1,A01
201900044538,3,2,,0,2,1,1,B01
201900044539,2,0,,0,1,0,1,A01
201900044540,2,34,,0,2,8,1,B01
201900044540,2,7,,0,2,1,1,A01
201900044541,1,7,,0,1,8,24,A01
201900044541,1,1,,1,0,0,0,B01
201900044542,2,99,,0,0,0,1,A01
201900044543,1,7,,0,2,2,12,B01
201900044543,1,37,1.0,0,2,5,15,C01
201900044543,1,7,,0,2,3,18,A01
201900044544,1,7,,0,1,1,1,A01
201900044545,2,50,,0,1,1,1,A01
201900044546,3,1,,1,0,1,1,B01
201900044546,1,7,,1,1,8,22,A01
201900044547,1,10,,0,2,0,15,A01
201900044547,3,50,,0,2,1,1,B01
201900044548,2,7,,0,2,3,13,A01
201900044548,1,7,,0,2,3,1,B01
201900044549,2,7,,0,2,3,2,A01
201900044549,2,30,,0,2,1,2,B01
201900044550,3,7,,0,1,7,21,B01
201900044551,1,33,,0,2,1,18,A01
201900044551,1,7,,0,2,4,1,B01
201900044552,2,31,,0,2,1,6,A01
201900044552,1,7,,0,2,1,1,B01
201900044553,1,7,,0,0,0,0,A01
201900044554,1,7,,4,0,8,17,A01
201900044555,1,7,,0,2,2,26,A01
201900044555,1,7,,0,2,4,16,B01
201900044556,3,7,,0,2,1,2,A01
201900044556,3,7,,0,2,4,2,C01
201900044556,3,7,,0,2,4,2,B01
201900044557,3,7,,0,2,1,2,A01
201900044557,3,7,,0,2,4,23,C01
201900044557,3,7,,0,2,4,23,B01
201900044558,3,33,,0,2,2,17,B01
201900044558,3,7,,0,2,8,15,A01
201900044559,1,33,,0,1,1,26,A01
201900044560,3,7,,0,6,3,13,A01
201900044561,3,37,1.0,0,1,3,21,A01
201900044562,2,7,,0,1,7,16,A01
201900044563,1,7,,0,1,3,15,A01
201900044564,1,7,,0,2,7,1,B01
201900044564,2,7,,0,2,3,9,A01
201900044565,3,7,,0,2,4,2,B01
201900044565,3,7,,0,2,4,2,C01
201900044565,3,7,,0,2,1,2,A01
201900044566,3,7,,0,2,4,2,B01
201900044566,3,7,,0,2,1,2,A01
201900044567,1,37,2.0,0,0,0,26,A01
201900044568,1,7,,0,2,4,2,D01
201900044568,1,7,,0,2,1,2,C01
201900044568,1,7,,0,2,1,2,B01
201900044568,1,7,,0,2,1,2,A01
201900044569,2,32,,0,0,0,21,B01
201900044569,2,2,,0,0,0,21,A01
201900044570,2,34,,0,2,1,0,B01
201900044570,1,7,,0,2,2,15,A01
201900044571,1,7,,0,1,2,1,A01
201900044572,2,7,,0,2,2,1,B01
201900044572,2,7,,0,2,3,15,A01
201900044573,2,7,,0,2,3,1,B01
201900044573,2,7,,0,2,1,13,A01
201900044574,2,7,,0,2,8,1,B01
201900044574,2,14,,0,2,1,2,A01
201900044575,1,7,,0,2,1,1,B01
201900044575,2,7,,0,2,1,13,A01
201900044576,2,7,,0,1,1,19,A01
201900044577,0,33,,0,0,0,26,A01
201900044578,1,7,,0,2,8,17,A01
201900044578,1,7,,0,2,3,1,B01
201900044578,1,10,,0,2,6,1,C01
201900044579,3,7,,3,0,1,1,A01
201900044580,2,7,,0,1,2,1,A01
201900044581,1,7,,0,2,1,19,A01
201900044581,1,7,,0,2,1,1,B01
201900044581,1,7,,0,2,3,1,C01
201900044582,2,7,,0,2,3,1,A01
201900044582,1,7,,7,0,7,15,B01
201900044583,2,2,,0,0,2,16,A01
201900044584,1,7,,0,2,3,19,B01
201900044584,2,7,,0,2,2,19,A01
201900044585,1,7,,13,0,1,16,A01
201900044586,3,32,,0,1,3,1,A01
201900044587,1,7,,8,0,9,1,A01
201900044588,2,2,,0,2,7,1,A01
201900044588,1,7,,0,2,3,9,B01
201900044589,3,10,,7,2,2,1,A01
201900044589,3,7,,0,2,3,15,B01
201900044590,1,7,,0,2,1,13,A01
201900044590,2,7,,0,2,1,1,B01
201900044591,1,7,,0,1,2,1,A01
201900044592,2,33,,0,2,1,17,B01
201900044592,1,7,,0,2,3,19,A01
201900044593,0,7,,0,2,5,1,C01
201900044593,0,7,,0,2,4,1,B01
201900044593,0,7,,0,2,1,2,A01
201900044594,2,2,,0,6,1,1,A01
201900044595,3,7,,8,1,1,9,A01
201900044596,0,3,,0,1,1,1,A01
201900044597,1,7,,0,2,1,2,B01
201900044597,1,7,,0,0,4,2,A01
201900044598,3,7,,0,2,5,13,B01
201900044598,3,7,,0,2,3,2,A01
201900044599,1,7,,13,0,3,13,A01
201900044600,0,7,,0,0,0,0,B01
201900044600,1,7,,0,2,1,2,A01
201900044601,0,13,,13,0,9,1,A01
201900044602,0,31,,0,2,1,1,A01
201900044602,3,7,,0,0,0,0,B01
201900044603,1,33,,0,2,1,1,A01
201900044603,1,33,,0,0,4,15,B01
201900044604,3,7,,0,2,1,1,B01
201900044604,3,7,,0,2,4,23,A01
201900044605,1,7,,0,2,3,9,A01
201900044605,1,2,,0,2,7,1,B01
201900044606,2,7,,2,0,2,1,A01
201900044607,1,7,,0,2,3,1,B01
201900044607,2,7,,0,2,3,13,A01
201900044608,3,7,,0,2,8,15,A01
201900044608,3,13,,0,2,3,16,B01
201900044609,2,7,,8,2,1,1,Z01
201900044609,2,7,,0,2,3,4,A01
201900044610,3,14,,0,2,1,26,B01
201900044610,3,10,,0,2,4,26,A01
201900044611,1,7,,0,2,3,17,A01
201900044611,1,31,,0,2,1,1,B01
201900044612,2,1,,0,2,1,7,A01
201900044612,1,7,,0,2,7,15,B01
201900044613,2,33,,0,0,0,0,A01
201900044614,2,7,,0,2,1,1,B01
201900044614,2,2,,0,2,2,17,A01
201900044615,2,7,,0,1,1,1,A01
201900044616,2,7,,0,2,5,17,A01
201900044616,2,15,,0,2,3,1,B01
201900044616,1,7,,0,2,8,1,C01
201900044617,1,30,,11,0,8,13,A01
201900044618,2,7,,0,2,3,1,B01
201900044618,1,33,,0,2,1,13,A01
201900044619,3,1,,0,2,1,15,A01
201900044619,3,7,,0,2,2,1,B01
201900044620,1,15,,0,2,3,1,B01
201900044620,2,7,,0,2,3,13,A01
201900044621,3,1,,0,0,4,2,B01
201900044621,3,7,,0,9,1,2,A01
201900044622,1,10,,0,2,2,0,B01
201900044622,2,7,,0,2,3,0,A01
201900044623,1,7,,8,0,3,1,A01
201900044624,1,37,2.0,0,0,1,1,B01
201900044624,2,7,,0,2,1,5,A01
201900044625,3,33,,12,0,1,1,A01
201900044626,1,33,,0,2,2,17,B01
201900044626,1,7,,0,2,3,15,A01
201900044627,2,7,,0,0,4,1,A01
201900044627,2,7,,0,2,1,2,B01
201900044628,3,32,,0,2,3,19,A01
201900044628,3,7,,0,2,1,1,B01
201900044629,2,33,,0,2,1,21,A01
201900044629,1,38,1.0,0,2,2,19,B01
201900044630,1,10,,1,2,2,15,A01
201900044630,2,7,,0,2,2,1,B01
201900044631,0,7,,0,1,2,1,A01
201900044632,2,7,,0,2,7,15,B01
201900044632,1,33,,0,2,1,1,A01
201900044633,3,14,,0,1,5,4,A01
201900044634,2,2,,0,2,1,18,B01
201900044634,1,7,,0,2,1,15,A01
201900044635,1,7,,4,0,1,0,A01
201900044636,2,10,,0,2,3,2,A01
201900044636,2,7,,4,0,5,2,B01
201900044637,2,7,,0,2,1,1,A01
201900044637,2,15,,0,2,4,1,B01
201900044638,1,7,,4,0,9,2,A01
201900044639,1,17,,0,2,3,1,A01
201900044639,1,7,,4,0,6,2,B01
201900044640,3,7,,0,2,2,15,B01
201900044640,3,33,,0,2,1,1,A01
201900044641,3,7,,0,2,1,15,B01
201900044641,3,2,,0,2,1,1,A01
201900044642,2,7,,2,0,1,1,A01
201900044643,1,7,,13,0,9,1,A01
201900044644,1,7,,0,0,0,1,A01
201900044645,1,33,,0,2,1,1,B01
201900044645,1,7,,0,2,3,9,A01
201900044646,1,1,,16,0,0,16,A01
201900044647,3,34,,0,2,1,17,B01
201900044647,3,7,,0,0,8,15,A01
201900044648,0,1,,1,2,1,1,B01
201900044648,0,36,,0,2,2,23,A01
201900044649,1,31,,13,0,1,0,A01
201900044650,3,33,,0,0,0,0,A01
201900044651,1,7,,0,2,1,13,A01
201900044651,2,7,,0,2,1,1,B01
201900044652,2,7,,13,0,3,13,A01
201900044653,3,7,,0,1,2,1,A01
201900044654,1,7,,0,2,1,13,A01
201900044654,2,7,,0,2,1,1,B01
201900044655,0,7,,0,2,3,15,A01
201900044655,0,33,,0,2,1,1,B01
201900044656,1,33,,0,2,1,26,B01
201900044656,2,7,,0,2,3,11,A01
201900044657,2,7,,6,0,7,0,A01
201900044658,1,7,,4,2,4,2,A01
201900044658,1,7,,4,2,1,2,B01
201900044659,1,7,,0,2,4,1,A01
201900044659,1,7,,0,2,1,26,B01
201900044660,1,10,,0,2,0,1,A01
201900044661,1,7,,0,2,3,1,A01
201900044661,1,7,,0,2,4,2,B01
201900044661,1,7,,0,2,4,2,C01
201900044661,2,7,,0,2,1,2,D01
201900044661,2,7,,0,2,1,2,E01
201900044662,1,10,,0,2,4,23,B01
201900044662,1,10,,0,2,1,2,A01
201900044663,2,7,,0,2,7,14,A01
201900044663,2,7,,0,2,9,1,B01
201900044664,2,7,,0,2,4,1,B01
201900044664,2,33,,0,2,1,21,A01
201900044665,1,7,,0,2,6,2,B01
201900044665,1,7,,0,2,2,12,A01
201900044666,2,1,,0,2,7,1,B01
201900044666,1,7,,0,2,2,16,A01
201900044667,2,7,,0,2,1,2,A01
201900044667,2,7,,0,2,4,2,B01
201900044668,1,7,,8,0,1,14,A01
201900044669,1,7,,0,2,3,1,B01
201900044669,1,7,,0,2,3,5,A01
201900044670,1,7,,0,2,4,2,A01
201900044670,1,7,,0,2,1,1,B01
201900044671,3,2,,0,2,1,7,A01
201900044671,3,7,,0,2,3,15,B01
201900044672,3,7,,0,2,1,14,A01
201900044672,3,7,,0,2,6,0,B01
201900044673,3,34,,0,1,1,1,A01
201900044674,1,32,,0,2,1,1,B01
201900044674,1,7,,0,2,4,23,A01
201900044675,1,7,,0,2,1,1,B01
201900044675,1,7,,0,2,2,15,A01
201900044676,1,7,,13,0,1,13,A01
201900044677,1,7,,0,1,2,17,A01
201900044678,2,7,,0,2,2,15,A01
201900044678,1,7,,0,2,3,1,B01
201900044679,2,1,,0,2,1,0,B01
201900044679,2,14,,0,0,5,26,A01
201900044680,1,7,,0,2,3,15,A01
201900044680,1,32,,0,2,1,17,B01
201900044681,3,33,,0,2,7,16,A01
201900044681,3,7,,0,2,8,1,B01
201900044682,3,7,,2,0,5,1,A01
201900044683,3,7,,0,2,8,1,B01
201900044683,3,20,,0,2,3,15,A01
201900044684,3,3,,3,0,9,14,A01
201900044685,2,7,,13,0,1,14,A01
201900044686,1,7,,0,2,4,23,B01
201900044686,2,7,,0,2,1,2,A01
201900044687,2,7,,0,2,6,1,A01
201900044687,2,7,,0,2,3,1,B01
201900044688,2,7,,12,0,0,1,A01
201900044689,1,7,,0,1,3,1,A01
201900044690,1,10,,0,1,1,1,A01
201900044691,1,7,,0,1,1,1,A01
201900044692,1,7,,0,2,3,1,B01
201900044692,1,2,,0,2,1,1,A01
201900044693,1,7,,0,2,4,23,C01
201900044693,1,7,,0,2,4,23,B01
201900044693,1,7,,0,2,1,2,A01
201900044694,3,99,,0,2,0,1,C01
201900044694,1,31,,0,2,1,17,A01
201900044695,3,7,,0,2,1,1,A01
201900044695,3,7,,0,2,3,1,B01
201900044696,1,10,,0,2,1,1,A01
201900044696,2,10,,8,2,7,1,B01
201900044697,2,7,,0,2,4,1,A01
201900044697,2,7,,0,2,1,1,B01
201900044697,2,7,,0,2,0,0,C01
201900044697,2,7,,0,2,1,1,D01
201900044698,2,1,,0,2,7,1,B01
201900044698,2,7,,0,2,1,9,A01
201900044699,1,10,,0,2,5,15,B01
201900044699,1,10,,0,2,3,2,A01
201900044700,1,10,,0,2,8,1,B01
201900044700,1,7,,0,2,3,13,A01
201900044701,3,7,,0,4,2,19,A01
201900044701,0,40,,0,2,3,19,B01
201900044702,0,7,,0,1,1,26,Z01
201900044703,3,7,,0,2,0,10,A01
201900044703,2,34,,0,2,3,1,B01
201900044704,1,7,,1,0,1,15,A01
201900044705,3,7,,2,0,3,9,A01
201900044706,2,7,,0,0,2,1,A01
201900044707,3,7,,0,2,1,1,A01
201900044707,3,1,,0,2,4,1,B01
201900044708,2,7,,0,2,8,19,C01
201900044708,1,7,,0,2,3,1,B01
201900044708,2,7,,0,2,2,17,A01
201900044709,3,7,,0,2,3,1,B01
201900044709,3,7,,0,2,1,15,A01
201900044710,2,7,,0,2,6,23,B01
201900044710,2,7,,0,2,2,2,A01
201900044711,2,7,,0,2,1,2,Z01
201900044711,2,7,,0,2,4,23,B01
201900044711,2,7,,0,2,4,23,A01
201900044712,1,7,,0,2,3,10,A01
201900044712,1,32,,0,2,1,1,B01
201900044713,1,33,,0,2,7,15,A01
201900044713,2,33,,0,2,7,1,B01
201900044714,1,1,,0,2,2,2,B01
201900044714,1,7,,0,2,3,2,A01
201900044715,2,7,,0,2,2,1,B01
201900044715,1,7,,1,2,2,13,A01
201900044716,1,1,,0,2,1,2,B01
201900044716,1,1,,0,2,4,2,A01
201900044717,2,7,,0,1,2,1,A01
201900044718,2,32,,0,2,4,23,B01
201900044718,2,30,,0,2,3,2,A01
201900044719,3,33,,0,2,2,1,B01
201900044719,3,7,,0,2,3,15,A01
201900044720,1,7,,0,2,4,1,Z01
201900044720,1,2,,0,2,4,1,A01
201900044721,2,7,,5,0,1,15,A01
201900044722,0,7,,0,0,2,20,A01
201900044722,0,31,,0,2,1,1,B01
201900044723,2,32,,0,2,2,1,A01
201900044723,2,7,,0,2,3,1,B01
201900044724,1,32,,1,0,1,0,A01
201900044724,1,7,,0,2,4,24,B01
201900044725,2,10,,0,0,4,0,C01
201900044725,2,33,,0,2,4,18,B01
201900044725,2,7,,0,2,2,17,A01
201900044726,0,32,,0,2,1,1,B01
201900044726,0,7,,0,2,1,15,A01
201900044727,1,7,,0,1,3,1,A01
201900044728,3,7,,0,2,1,2,A01
201900044728,3,7,,0,2,4,2,B01
201900044729,2,7,,0,2,4,2,B01
201900044729,2,7,,0,2,1,2,A01
201900044730,2,7,,0,2,4,1,C01
201900044730,2,7,,0,2,4,1,B01
201900044730,2,7,,0,2,1,1,A01
201900044731,1,7,,0,2,1,1,A01
201900044731,1,2,,0,2,1,15,B01
201900044732,3,30,,0,2,1,26,A01
201900044732,3,7,,0,2,0,0,B01
201900044733,2,7,,0,2,7,1,B01
201900044733,1,7,,0,2,1,26,A01
201900044734,0,33,,0,2,1,1,B01
201900044734,0,7,,0,2,2,9,A01
201900044735,1,7,,0,2,1,13,A01
201900044735,2,17,,0,2,1,1,B01
201900044736,1,33,,0,1,1,1,A01
201900044737,1,33,,0,0,2,17,B01
201900044737,1,7,,0,0,8,15,A01
201900044738,1,33,,0,5,1,1,A01
201900044739,2,7,,6,0,1,0,A01
201900044740,2,7,,0,2,8,1,B01
201900044740,1,2,,0,2,3,1,A01
201900044741,1,7,,13,0,3,1,A01
201900044742,1,7,,2,0,1,1,A01
201900044743,3,17,,0,2,3,26,B01
201900044743,3,7,,0,2,1,0,A01
201900044744,2,7,,0,2,2,2,A01
201900044744,2,1,,0,0,4,2,B01
201900044744,2,1,,0,0,4,2,C01
201900044745,1,33,,0,2,1,1,B01
201900044745,2,7,,0,2,2,15,A01
201900044746,1,7,,0,2,1,13,A01
201900044746,2,7,,0,2,3,0,B01
201900044747,2,7,,0,0,0,1,A01
201900044748,1,2,,14,2,1,6,A01
201900044748,2,7,,0,2,3,1,B01
201900044749,2,7,,0,9,7,17,A01
201900044749,2,1,,0,2,8,1,B01
201900044749,2,1,,0,2,8,1,C01
201900044750,0,7,,2,0,2,1,A01
201900044751,1,7,,8,0,0,14,A01
201900044752,2,2,,0,2,1,1,B01
201900044752,1,7,,0,2,2,15,A01
201900044753,2,31,,0,0,8,14,A01
201900044754,2,7,,13,0,3,1,A01
201900044755,1,7,,0,0,1,1,B01
201900044755,2,7,,0,0,3,1,A01
201900044756,0,1,,0,2,8,1,B01
201900044756,0,10,,0,2,1,15,A01
201900044757,2,2,,0,0,0,1,A01
201900044758,1,7,,0,2,1,1,B01
201900044758,2,7,,0,2,1,13,A01
201900044759,3,7,,0,2,2,13,A01
201900044759,3,7,,0,2,1,1,B01
201900044759,3,7,,0,2,1,1,C01
201900044760,2,1,,0,2,9,2,A01
201900044760,2,1,,0,0,4,2,B01
201900044761,1,7,,0,2,8,17,A01
201900044761,1,33,,13,2,2,2,B01
201900044762,2,7,,0,2,3,13,A01
201900044762,1,33,,2,2,8,21,B01
201900044763,1,7,,15,0,3,1,A01
201900044764,2,1,,0,2,0,2,B01
201900044764,1,7,,0,2,0,17,A01
201900044765,0,7,,0,2,1,19,A01
201900044765,1,7,,0,0,3,1,B01
201900044766,2,36,,3,0,2,1,A01
201900044767,2,7,,8,0,9,1,A01
201900044768,3,7,,0,2,5,1,A01
201900044768,0,1,,0,2,1,19,B01
201900044769,1,13,,0,0,6,1,B01
201900044769,2,7,,16,0,3,1,A01
201900044770,2,33,,13,0,2,1,A01
201900044771,2,33,,16,0,1,1,A01
201900044772,1,7,,0,1,2,1,A01
201900044773,2,7,,0,2,8,15,A01
201900044773,1,33,,0,2,1,1,B01
201900044774,2,7,,0,1,3,21,A01
201900044774,1,7,,0,2,0,2,B01
201900044774,1,7,,0,2,0,2,C01
201900044774,1,7,,0,2,4,2,D01
201900044774,1,7,,0,2,1,2,E01
201900044774,1,7,,0,0,6,23,F01
201900044775,2,7,,4,0,1,17,A01
201900044776,2,7,,4,0,3,1,A01
201900044777,3,7,,0,2,1,1,A01
201900044777,3,7,,0,2,1,1,B01
201900044778,3,7,,8,0,2,1,A01
201900044779,0,33,,0,0,9,1,A01
201900044780,1,15,,0,2,1,1,A01
201900044780,1,7,,3,2,4,26,B01
201900044781,1,7,,0,9,0,1,A01
201900044782,0,7,,0,0,4,24,B01
201900044782,1,7,,1,0,1,21,A01
201900044783,1,7,,4,0,2,17,F01
201900044784,2,10,,3,0,8,1,A01
201900044785,1,7,,6,0,7,1,A01
201900044786,1,17,,3,0,8,14,A01
201900044787,2,17,,0,2,6,1,B01
201900044787,2,7,,0,2,0,17,A01
201900044788,2,7,,2,0,7,1,A01
201900044789,0,7,,0,2,1,1,A01
201900044789,0,2,,0,2,1,1,B01
201900044790,0,2,,0,2,1,15,B01
201900044790,3,7,,0,2,3,1,A01
201900044791,3,2,,6,0,1,1,A01
201900044792,0,43,,0,2,1,1,B01
201900044792,0,30,,0,2,1,1,A01
201900044793,0,7,,4,0,1,26,A01
201900044794,2,7,,0,1,3,1,A01
201900044795,1,7,,0,0,6,2,B01
201900044795,1,7,,0,2,2,0,A01
201900044796,1,7,,0,2,1,1,A01
201900044796,1,7,,0,0,4,1,B01
201900044796,1,7,,0,0,0,1,C01
201900044797,1,7,,0,0,0,1,A01
201900044798,2,7,,0,0,4,2,A01
201900044798,2,7,,0,2,1,2,B01
201900044799,2,7,,3,0,8,1,A01
201900044800,2,7,,3,0,8,1,A01
201900044801,2,33,,0,0,0,1,A01
201900044802,1,7,,2,0,9,14,A01
201900044803,2,17,,0,2,5,17,D01
201900044803,2,17,,0,9,2,1,C01
201900044803,2,7,,0,2,7,17,B01
201900044803,2,7,,4,2,3,11,A01
201900044804,1,7,,0,2,8,1,B01
201900044804,2,7,,0,2,8,13,A01
201900044805,1,7,,0,2,1,13,A01
201900044805,2,15,,0,2,3,1,B01
201900044806,2,7,,0,2,1,2,C01
201900044806,2,7,,0,2,1,2,B01
201900044806,2,7,,0,0,4,2,A01
201900044807,2,7,,0,2,1,13,B01
201900044807,2,7,,0,2,3,1,A01
201900044808,2,2,,0,2,1,1,B01
201900044808,1,17,,0,2,2,13,A01
201900044809,1,15,,0,2,8,1,B01
201900044809,1,7,,3,2,8,13,A01
201900044810,2,7,,13,0,0,0,A01
201900044811,1,15,,0,2,2,1,B01
201900044811,1,17,,1,1,1,1,D01
201900044812,2,7,,0,2,2,12,A01
201900044812,2,33,,0,0,4,1,B01
201900044813,1,7,,0,2,5,1,B01
201900044813,1,7,,0,2,3,13,A01
201900044814,2,7,,3,2,1,2,B01
201900044814,2,7,,0,0,4,1,A01
201900044815,1,33,,0,0,1,2,A01
201900044815,2,7,,0,0,6,2,B01
201900044816,2,7,,0,2,2,17,A01
201900044816,2,7,,0,2,6,2,B01
201900044816,2,7,,0,2,8,1,C01
201900044817,1,7,,17,0,1,0,A01
201900044818,3,7,,0,2,3,1,B01
201900044818,3,7,,0,2,3,1,A01
201900044819,3,7,,2,0,1,0,A01
201900044820,2,7,,13,0,3,0,A01
201900044821,2,7,,0,2,1,2,C01
201900044821,2,7,,13,2,1,1,B01
201900044821,1,7,,13,2,1,13,A01
201900044822,1,7,,0,2,2,1,B01
201900044822,1,7,,3,0,6,24,A01
201900044823,3,1,,0,2,8,10,A01
201900044823,3,2,,0,2,1,1,B01
201900044824,2,10,,13,0,2,1,A01
201900044825,0,30,,8,0,0,0,A01
201900044826,2,7,,0,2,1,17,A01
201900044826,2,7,,0,2,4,15,B01
201900044827,1,7,,0,2,6,2,C01
201900044827,1,7,,0,2,1,2,B01
201900044827,2,7,,0,2,1,13,A01
201900044828,3,7,,0,2,3,1,B01
201900044828,3,34,,0,2,1,17,A01
201900044829,1,33,,0,2,0,26,A01
201900044829,1,33,,0,2,6,26,B01
201900044830,3,36,,2,0,1,1,A01
201900044831,1,33,,0,0,1,17,A01
201900044831,1,7,,0,2,3,15,B01
201900044832,2,33,,0,2,1,1,A01
201900044832,2,7,,0,2,4,2,B01
201900044832,1,7,,0,2,3,26,C01
201900044833,2,7,,6,0,1,0,A01
201900044834,2,33,,8,0,0,1,A01
201900044834,1,7,,0,0,0,1,B01
201900044835,1,7,,0,0,0,0,A01
201900044836,1,7,,13,0,9,1,A01
201900044837,1,7,,2,0,3,1,A01
201900044838,3,34,,0,2,3,16,B01
201900044838,3,7,,0,2,5,16,A01
201900044839,3,7,,0,2,1,15,B01
201900044839,3,7,,0,2,3,1,A01
201900044840,3,1,,13,9,1,1,A01
201900044841,1,7,,0,0,0,2,A01
201900044842,1,7,,0,1,2,1,A01
201900044843,1,7,,0,9,1,1,A01
201900044843,3,1,,0,2,7,19,B01
201900044844,1,33,,0,2,1,17,B01
201900044844,2,7,,0,2,3,9,A01
201900044845,1,33,,0,2,3,1,B01
201900044845,3,7,,0,2,2,1,A01
201900044846,3,7,,0,2,3,17,A01
201900044846,0,7,,0,2,1,16,B01
201900044847,3,7,,0,2,2,1,B01
201900044847,3,7,,0,2,8,19,A01
201900044848,1,7,,0,2,6,1,B01
201900044848,1,33,,0,2,1,1,A01
201900044849,3,7,,0,2,3,1,B01
201900044849,3,7,,0,2,3,5,A01
201900044850,3,1,,0,2,1,1,B01
201900044850,3,7,,0,9,3,9,A01
201900044851,2,7,,2,0,1,13,A01
201900044852,1,7,,0,2,4,15,B01
201900044852,1,32,,0,2,1,2,A01
201900044853,1,7,,0,0,5,2,B01
201900044853,1,2,,0,2,1,2,A01
201900044854,1,7,,0,0,1,0,A01
201900044855,2,7,,13,0,8,16,A01
201900044856,1,2,,0,2,1,2,A01
201900044856,1,2,,0,0,4,23,B01
201900044857,1,7,,2,0,7,0,A01
201900044858,1,7,,0,2,3,1,C01
201900044858,2,33,,0,2,1,1,B01
201900044858,1,32,,0,2,1,17,A01
201900044859,1,7,,8,0,3,1,A01
201900044860,2,14,,0,0,4,1,B01
201900044860,2,7,,0,2,1,14,A01
201900044861,2,33,,7,0,1,1,A01
201900044862,3,33,,8,0,1,1,A01
201900044863,0,7,,0,0,0,1,A01
201900044864,2,33,,13,0,1,1,A01
201900044865,1,1,,0,0,3,1,B01
201900044865,2,33,,0,2,1,17,A01
201900044866,2,7,,0,2,2,1,B01
201900044866,2,1,,0,0,6,13,A01
201900044867,1,7,,0,2,6,23,A01
201900044867,1,7,,0,0,6,23,B01
201900044867,1,7,,0,2,2,1,C01
201900044868,2,1,,0,0,0,1,A01
201900044869,1,31,,0,2,2,17,B01
201900044869,1,7,,0,2,6,15,A01
201900044870,1,31,,15,0,7,1,A01
201900044871,0,7,,0,2,3,1,B01
201900044871,0,7,,0,2,1,13,A01
201900044872,3,7,,0,0,5,0,C01
201900044872,3,7,,0,0,4,23,B01
201900044872,3,33,,0,2,1,18,A01
201900044873,2,33,,0,0,0,1,A01
201900044874,3,31,,0,2,2,1,B01
201900044874,3,7,,0,2,5,17,A01
201900044875,1,7,,15,0,1,1,A01
201900044876,1,7,,3,0,1,9,A01
201900044877,2,7,,12,0,7,16,A01
201900044877,2,31,,0,2,1,18,B01
201900044878,2,10,,0,2,3,1,B01
201900044878,2,2,,0,2,8,15,A01
201900044879,1,7,,0,2,3,0,B01
201900044879,2,7,,0,2,3,13,A01
201900044880,1,36,,0,0,8,0,A01
201900044881,2,7,,0,2,1,1,B01
201900044881,1,33,,0,2,1,17,A01
201900044882,1,7,,0,2,1,5,A01
201900044882,2,2,,0,2,1,5,B01
201900044883,1,7,,0,2,5,15,A01
201900044883,2,33,,0,2,1,1,B01
201900044884,1,2,,0,0,4,1,A01
201900044884,1,7,,0,0,1,1,B01
201900044885,1,32,,0,2,1,17,B01
201900044885,1,7,,0,2,3,15,A01
201900044886,2,7,,2,0,8,1,A01
201900044887,3,33,,0,2,1,1,B01
201900044887,3,3,,0,0,8,9,A01