Num_Acc,senc,catv,occutc,obs,obsm,choc,manv,num_veh
201900044888,0,7,,0,0,1,14,A01
201900044889,0,7,,0,0,4,1,A01
201900044889,0,7,,0,2,1,1,B01
201900044889,0,7,,0,2,1,1,C01
201900044890,0,7,,13,0,2,1,A01
201900044891,1,2,,12,0,2,1,A01
201900044892,2,7,,2,0,3,13,A01
201900044893,1,31,,0,0,8,1,B01
201900044893,2,7,,0,0,3,15,A01
201900044894,1,7,,0,2,6,15,A01
201900044894,1,33,,6,2,7,17,B01
201900044895,1,2,,2,0,1,14,A01
201900044896,3,1,,1,0,0,1,A01
201900044897,1,33,,0,2,3,1,B01
201900044897,1,7,,0,2,5,17,A01
201900044898,1,1,,0,2,1,1,A01
201900044898,1,7,,0,2,2,1,B01
201900044899,2,7,,0,9,3,15,B01
201900044899,1,1,,0,2,1,15,A01
201900044900,0,2,,0,0,1,0,A01
201900044901,2,33,,0,2,8,1,B01
201900044901,1,7,,0,2,3,13,A01
201900044902,3,1,,0,2,1,9,B01
201900044902,1,7,,0,1,2,1,A01
201900044903,1,7,,0,2,3,20,B01
201900044903,2,33,,0,2,2,1,A01
201900044904,3,33,,0,0,9,1,A01
201900044905,2,7,,0,0,4,2,B01
201900044905,2,7,,0,0,1,2,A01
201900044906,3,7,,0,2,3,1,A01
201900044906,3,2,,0,2,1,1,B01
201900044907,0,7,,0,2,3,15,B01
201900044907,0,33,,0,2,1,0,A01
201900044908,2,7,,0,0,2,1,A01
201900044909,2,2,,0,2,7,1,A01
201900044909,2,7,,0,2,3,16,B01
201900044910,1,1,,0,0,0,0,A01
201900044911,1,7,,0,2,3,1,B01
201900044911,2,7,,0,2,3,13,A01
201900044912,1,2,,0,2,1,16,A01
201900044912,2,21,,0,2,1,16,B01
201900044913,1,1,,0,2,8,2,A01
201900044913,1,7,,0,2,5,17,B01
201900044914,3,7,,0,2,3,1,B01
201900044914,3,7,,0,2,1,1,A01
201900044915,0,7,,0,2,3,15,B01
201900044915,1,33,,0,2,1,17,A01
201900044916,2,33,,15,0,1,14,A01
201900044917,1,7,,0,1,3,15,A01
201900044918,1,7,,0,0,3,15,A01
201900044918,1,33,,0,2,1,17,B01
201900044919,2,33,,0,2,1,21,A01
201900044919,1,7,,0,2,1,1,B01
201900044919,2,7,,0,0,6,1,C01
201900044920,0,10,,0,2,2,26,A01
201900044920,0,7,,0,2,1,1,B01
201900044921,1,7,,0,2,1,13,A01
201900044921,2,7,,0,2,1,0,B01
201900044921,1,7,,0,2,1,1,C01
201900044921,1,7,,0,2,1,1,D01
201900044922,1,1,,0,0,7,11,B01
201900044922,1,7,,0,2,1,0,A01
201900044923,1,7,,0,2,3,9,A01
201900044923,0,15,,0,2,1,1,B01
201900044924,0,7,,0,2,3,26,A01
201900044924,2,33,,0,2,7,21,B01
201900044925,1,33,,7,0,1,1,A01
201900044926,2,7,,0,1,3,15,A01
201900044927,1,7,,0,0,2,17,B01
201900044927,1,2,,0,0,3,15,A01
201900044928,1,7,,0,0,9,13,A01
201900044929,2,33,,0,2,1,2,B01
201900044929,2,7,,0,2,5,1,A01
201900044930,1,7,,0,2,8,11,B01
201900044930,1,7,,0,2,7,1,A01
201900044931,2,7,,0,2,4,2,A01
201900044931,2,7,,0,2,4,0,B01
201900044931,2,7,,0,2,1,2,C01
201900044932,2,7,,0,2,4,1,A01
201900044932,2,7,,0,2,4,1,B01
201900044932,2,10,,0,2,1,1,C01
201900044933,1,34,,0,0,8,1,A01
201900044934,1,7,,0,2,4,1,B01
201900044934,1,7,,0,2,1,2,A01
201900044935,1,14,,0,2,2,12,A01
201900044935,1,7,,4,2,3,1,B01
201900044936,2,7,,0,2,1,2,A01
201900044936,2,7,,0,2,4,1,B01
201900044936,2,7,,0,2,4,1,C01
201900044937,2,7,,5,1,8,1,A01
201900044938,1,10,,0,2,1,2,A01
201900044938,1,7,,0,2,4,2,B01
201900044938,1,7,,0,2,4,1,C01
201900044938,1,7,,0,2,4,1,D01
201900044938,1,7,,0,2,4,2,E01
201900044939,1,7,,3,0,8,2,A01
201900044939,1,7,,0,2,1,1,B01
201900044939,1,7,,0,2,1,2,C01
201900044939,1,7,,0,2,4,0,D01
201900044939,1,10,,0,2,1,2,E01
201900044939,1,7,,5,2,2,0,F01
201900044940,2,7,,0,2,4,2,B01
201900044940,2,33,,0,2,1,2,A01
201900044941,1,14,,0,2,6,1,A01
201900044941,1,10,,0,2,2,2,B01
201900044942,1,7,,0,2,1,2,A01
201900044942,1,7,,0,2,4,2,B01
201900044943,2,34,,0,2,1,2,A01
201900044943,2,33,,0,2,4,0,Z01
201900044944,1,33,,0,2,1,0,B01
201900044944,1,7,,0,2,6,0,A01
201900044945,1,33,,0,2,8,3,B01
201900044945,1,7,,0,2,5,14,A01
201900044946,1,7,,0,2,4,1,C01
201900044946,1,10,,0,2,4,1,B01
201900044946,1,14,,0,2,1,1,A01
201900044947,2,33,,0,2,1,12,A01
201900044947,2,7,,0,2,4,1,B01
201900044948,1,10,,0,2,4,1,C01
201900044948,1,7,,0,2,7,1,B01
201900044948,1,7,,0,2,0,0,A01
201900044949,2,7,,0,2,7,1,B01
201900044949,2,33,,0,2,8,13,A01
201900044950,1,7,,0,2,0,1,A01
201900044950,1,14,,0,2,0,1,B01
201900044950,1,15,,0,2,0,1,C01
201900044950,1,7,,0,2,0,1,D01
201900044950,1,7,,0,2,0,1,E01
201900044951,1,7,,0,1,1,1,A01
201900044951,1,7,,0,2,1,1,B01
201900044952,2,33,,0,2,1,1,B01
201900044952,2,7,,0,2,7,12,A01
201900044953,1,7,,0,2,7,1,A01
201900044953,1,33,,0,2,8,3,B01
201900044954,2,33,,0,2,1,3,B01
201900044954,2,7,,0,2,8,11,A01
201900044955,2,33,,0,2,1,3,A01
201900044955,2,7,,0,2,5,1,B01
201900044956,2,7,,0,2,3,11,Z01
201900044956,2,7,,0,2,6,1,B01
201900044956,2,33,,0,2,2,3,A01
201900044957,2,7,,0,2,1,1,A01
201900044957,1,7,,0,2,4,23,B01
201900044958,2,33,,0,2,5,1,A01
201900044958,1,7,,0,2,6,1,B01
201900044959,2,7,,0,2,5,0,C01
201900044959,2,31,,0,2,3,3,B01
201900044959,2,7,,0,2,2,12,A01
201900044960,2,7,,0,2,4,1,C01
201900044960,2,7,,0,2,5,1,B01
201900044960,2,13,,0,2,3,21,A01
201900044961,2,31,,0,0,7,1,A01
201900044962,2,7,,0,2,4,2,A01
201900044962,2,7,,0,2,1,2,B01
201900044963,2,10,,16,0,9,17,A01
201900044964,2,7,,0,2,1,26,A01
201900044964,2,7,,0,2,4,0,B01
201900044964,2,7,,0,2,4,0,C01
201900044965,2,15,,0,2,2,14,A01
201900044965,2,7,,0,2,8,1,B01
201900044966,2,7,,0,2,3,21,A01
201900044966,2,7,,0,2,2,23,B01
201900044967,1,7,,2,0,6,17,A01
201900044968,1,7,,0,2,4,23,C01
201900044968,1,7,,0,2,4,23,B01
201900044968,1,7,,0,2,1,2,A01
201900044969,2,32,,0,0,2,1,A01
201900044970,1,2,,1,1,0,1,Z01
201900044970,1,1,,0,2,0,1,A01
201900044971,1,7,,0,1,2,1,A01
201900044972,1,1,,0,2,1,1,B01
201900044972,1,7,,0,2,5,16,A01
201900044973,1,7,,1,0,3,1,A01
201900044974,2,10,,0,2,5,9,A01
201900044974,2,50,,0,2,2,1,B01
201900044975,1,7,,0,2,6,15,B01
201900044975,1,33,,0,2,1,17,A01
201900044976,1,50,,0,2,1,13,B01
201900044976,2,1,,0,2,1,13,A01
201900044977,3,34,,0,0,2,21,A01
201900044978,3,7,,0,1,1,20,A01
201900044979,2,7,,0,2,2,1,C01
201900044979,2,1,,0,2,1,1,B01
201900044979,2,7,,0,2,8,22,A01
201900044980,1,7,,0,1,5,20,A01
201900044981,2,7,,9,2,1,1,A01
201900044981,2,7,,0,2,4,1,B01
201900044981,2,7,,0,2,0,23,C01
201900044982,1,32,,0,2,7,5,B01
201900044982,2,7,,0,2,1,10,A01
201900044983,2,30,,11,0,1,1,A01
201900044984,2,3,,1,2,2,1,A01
201900044984,1,10,,0,2,3,1,B01
201900044985,3,7,,0,1,1,1,A01
201900044986,2,1,,0,0,0,0,B01
201900044986,2,14,,0,1,1,1,A01
201900044987,1,10,,0,1,1,2,A01
201900044988,1,7,,0,2,5,26,A01
201900044988,1,32,,0,2,3,2,B01
201900044989,0,3,,0,2,3,1,B01
201900044989,0,3,,0,2,2,15,A01
201900044990,1,7,,0,2,1,9,A01
201900044990,2,33,,0,2,4,1,B01
201900044991,2,2,,0,2,1,2,B01
201900044991,1,7,,0,2,7,15,A01
201900044992,2,7,,0,0,0,15,A01
201900044992,2,32,,0,2,0,1,B01
201900044993,1,33,,0,2,1,17,B01
201900044993,1,7,,0,2,6,11,A01
201900044994,1,32,,0,2,1,26,A01
201900044994,2,3,,0,2,1,0,B01
201900044995,3,10,,0,2,3,26,A01
201900044995,3,13,,0,2,3,13,B01
201900044996,2,34,,0,1,3,21,A01
201900044997,1,7,,0,1,1,1,A01
201900044998,3,7,,0,1,4,0,A01
201900044999,3,15,,0,1,5,20,A01
201900045000,3,32,,0,2,6,15,A01
201900045000,3,7,,0,2,3,1,B01
201900045001,1,7,,1,0,0,20,C01
201900045001,1,7,,0,2,8,20,B01
201900045001,1,34,,0,2,8,1,A01
201900045002,2,7,,0,2,3,1,A01
201900045002,2,33,,0,2,2,1,B01
201900045003,3,33,,1,0,8,21,A01
201900045004,2,7,,0,2,3,2,B01
201900045004,2,33,,0,2,2,2,A01
201900045005,3,7,,0,2,3,1,A01
201900045005,3,42,,0,2,4,1,B01
201900045006,2,7,,0,1,2,16,A01
201900045007,1,7,,14,1,2,24,B01
201900045007,1,7,,0,2,6,23,A01
201900045008,1,33,,7,0,1,13,A01
201900045009,2,7,,0,2,1,15,B01
201900045009,1,2,,0,2,1,17,A01
201900045010,1,7,,4,0,2,1,A01
201900045011,1,7,,0,2,1,2,A01
201900045011,1,7,,0,2,4,2,B01
201900045011,1,7,,0,0,4,2,C01
201900045012,1,7,,13,0,3,13,A01
201900045013,0,7,,8,9,1,1,A01
201900045014,2,7,,0,2,2,1,B01
201900045014,1,7,,0,2,2,15,A01
201900045015,1,7,,0,2,8,9,A01
201900045015,2,33,,0,2,1,1,B01
201900045016,2,10,,12,0,2,1,A01
201900045017,0,7,,7,0,1,1,A01
201900045018,2,7,,0,2,3,1,B01
201900045018,1,33,,0,2,1,1,A01
201900045019,1,7,,16,0,1,1,A01
201900045020,1,7,,2,0,1,13,A01
201900045021,3,1,,0,0,4,1,A01
201900045021,3,7,,0,0,1,1,B01
201900045022,2,7,,6,0,1,0,A01
201900045023,2,7,,0,2,4,15,C01
201900045023,2,7,,0,2,1,1,B01
201900045023,2,7,,0,2,4,1,A01
201900045024,1,10,,0,2,3,1,B01
201900045024,2,7,,0,2,1,1,A01
201900045025,2,2,,0,0,0,1,A01
201900045026,1,7,,13,0,1,13,A01
201900045027,1,7,,8,0,1,1,A01
201900045028,2,1,,0,2,9,1,A01
201900045028,2,7,,0,9,7,1,B01
201900045029,1,10,,0,0,4,1,B01
201900045029,1,7,,0,2,1,2,A01
201900045030,0,7,,0,2,1,15,A01
201900045030,0,7,,0,2,1,1,B01
201900045031,2,7,,0,2,3,9,A01
201900045031,1,2,,0,2,1,1,B01
201900045032,1,13,,4,0,3,14,A01
201900045033,3,33,,0,0,1,1,B01
201900045033,3,7,,0,2,2,15,A01
201900045034,0,2,,0,0,0,16,A01
201900045035,1,7,,0,2,3,1,B01
201900045035,2,7,,0,2,3,13,A01
201900045036,1,7,,6,0,1,1,A01
201900045037,0,7,,0,2,1,1,B01
201900045037,0,10,,0,2,1,13,A01
201900045038,3,7,,0,1,4,4,A01
201900045039,1,33,,7,0,2,17,A01
201900045040,1,10,,0,9,4,2,A01
201900045040,1,33,,0,2,1,1,B01
201900045041,2,7,,0,6,0,0,B01
201900045041,2,31,,0,2,0,26,A01
201900045042,2,33,,5,0,1,17,A01
201900045043,2,10,,0,2,4,1,D01
201900045043,2,15,,0,2,6,1,C01
201900045043,2,10,,0,2,5,2,B01
201900045043,2,10,,0,2,3,17,A01
201900045044,2,7,,0,2,3,3,B01
201900045044,2,7,,0,2,5,12,A01
201900045045,2,7,,4,2,5,14,A01
201900045046,2,17,,0,2,2,12,A01
201900045046,2,7,,0,2,6,2,B01
201900045047,2,7,,0,2,7,12,B01
201900045047,2,43,,0,2,8,3,A01
201900045048,2,33,,0,0,9,3,A01
201900045049,2,7,,0,2,1,1,D01
201900045049,2,7,,0,2,4,1,B01
201900045049,2,7,,0,2,1,1,C01
201900045049,2,7,,0,2,4,1,A01
201900045050,2,33,,0,2,2,3,A01
201900045050,2,7,,0,2,3,13,B01
201900045051,2,34,,0,2,3,3,A01
201900045051,2,7,,0,2,2,12,B01
201900045052,1,7,,0,2,8,11,A01
201900045052,1,43,,0,2,2,3,B01
201900045053,1,7,,3,0,7,18,A01
201900045054,1,7,,0,2,3,9,B01
201900045054,1,7,,0,2,1,19,A01
201900045055,2,7,,0,1,2,15,A01
201900045056,1,7,,0,1,1,15,A01
201900045057,2,7,,0,1,1,19,A01
201900045058,1,7,,0,2,4,1,A01
201900045058,1,7,,0,2,1,26,B01
201900045059,1,33,,0,2,1,1,B01
201900045059,1,7,,0,2,5,14,A01
201900045060,0,31,,0,0,0,1,A01
201900045061,1,33,,0,2,1,17,B01
201900045061,1,7,,0,2,6,11,A01
201900045062,1,7,,0,2,8,23,C01
201900045062,1,7,,0,2,8,23,E01
201900045062,2,7,,0,2,3,23,D01
201900045062,3,7,,0,2,7,15,A01
201900045062,3,7,,14,2,1,1,B01
201900045063,0,30,,0,1,1,2,A01
201900045064,2,7,,0,2,8,1,A01
201900045064,1,7,,0,2,3,19,B01
201900045065,2,7,,8,0,2,1,A01
201900045066,3,7,,0,2,3,1,B01
201900045066,1,7,,0,2,3,1,A01
201900045067,3,7,,0,2,1,1,A01
201900045067,3,1,,0,2,8,0,B01
201900045068,2,2,,0,2,1,26,A01
201900045068,2,7,,0,2,5,1,B01
201900045069,2,7,,0,6,7,17,A01
201900045069,2,1,,0,2,3,26,B01
201900045070,2,7,,0,2,1,2,A01
201900045070,2,7,,0,2,4,2,B01
201900045071,1,7,,0,2,1,1,B01
201900045071,1,7,,0,2,8,19,A01
201900045072,1,3,,0,2,1,1,A01
201900045072,1,3,,0,2,4,1,B01
201900045073,3,7,,0,2,3,15,A01
201900045073,3,33,,0,2,1,17,B01
201900045074,1,33,,4,0,1,26,A01
201900045075,2,7,,0,2,3,15,A01
201900045075,1,34,,0,2,1,1,B01
201900045076,3,34,,14,0,2,16,A01
201900045077,1,7,,0,2,3,9,A01
201900045077,1,33,,0,2,2,2,B01
201900045078,3,7,,0,2,1,0,A01
201900045078,1,7,,0,2,4,0,B01
201900045079,3,7,,12,0,1,26,A01
201900045080,3,10,,0,2,1,10,A01
201900045080,2,7,,0,2,7,1,B01
201900045081,1,7,,0,2,2,1,B01
201900045081,3,1,,0,2,1,11,A01
201900045082,1,15,,0,2,2,17,A01
201900045082,1,7,,0,2,8,1,B01
201900045083,1,7,,2,0,1,1,A01
201900045084,0,7,,0,2,2,1,B01
201900045084,0,7,,0,2,2,17,A01
201900045085,3,7,,0,1,2,1,A01
201900045086,2,3,,13,0,2,1,A01
201900045087,1,7,,0,2,1,2,A01
201900045087,1,7,,0,2,4,1,B01
201900045088,3,7,,0,1,2,1,A01
201900045089,0,7,,0,2,1,13,A01
201900045089,0,7,,0,2,1,1,B01
201900045090,2,7,,6,2,1,1,A01
201900045090,2,7,,0,2,1,1,C01
201900045090,0,7,,0,2,4,23,B01
201900045091,0,7,,8,0,6,13,A01
201900045092,1,99,,0,1,3,0,Z01
201900045093,1,1,,2,2,3,1,B01
201900045093,1,1,,0,2,1,18,A01
201900045094,1,7,,0,2,2,15,A01
201900045094,1,2,,0,2,7,1,B01
201900045095,1,7,,0,1,2,1,A01
201900045096,2,10,,0,1,7,1,A01
201900045096,1,7,,3,2,1,1,A01
201900045097,1,7,,0,0,0,11,A01
201900045097,1,2,,0,0,0,1,B01
201900045098,2,7,,9,1,3,1,A01
201900045099,1,7,,0,1,1,13,Z01
201900045100,1,7,,0,2,1,2,A01
201900045100,1,7,,0,2,4,2,B01
201900045101,3,7,,0,2,2,15,B01
201900045101,3,7,,0,2,1,9,A01
201900045102,1,7,,0,2,0,1,C01
201900045102,3,7,,0,2,6,1,B01
201900045103,3,30,,0,1,1,25,Z01
201900045104,0,99,,0,1,1,1,Z01
201900045105,1,7,,0,1,1,15,A01
201900045106,2,20,,0,2,1,21,B01
201900045106,1,7,,0,2,9,13,A01
201900045107,1,1,,16,0,0,14,A01
201900045108,2,7,,12,1,3,13,A01
201900045109,2,7,,2,0,1,14,A01
201900045110,3,7,,0,2,6,2,E01
201900045110,3,33,,0,2,1,5,A01
201900045111,0,7,,0,1,1,1,A01
201900045112,1,1,,0,2,1,19,A01
201900045112,1,7,,0,6,7,2,B01
201900045113,0,10,,9,2,5,9,A01
201900045113,0,10,,0,2,1,1,B01
201900045114,2,1,,0,0,8,1,A01
201900045115,3,10,,0,2,7,1,A01
201900045115,3,7,,0,2,8,9,B01
201900045116,0,7,,0,2,2,12,A01
201900045116,0,7,,0,2,3,1,B01
201900045117,2,7,,0,2,2,1,B01
201900045117,2,7,,0,2,3,16,A01
201900045118,1,7,,0,2,1,2,B01
201900045118,1,7,,0,1,4,1,C01
201900045118,1,7,,0,2,1,2,A01
201900045119,2,10,,0,1,0,1,Z01
201900045120,3,32,,0,2,7,1,B01
201900045120,1,7,,0,2,1,9,A01
201900045121,1,7,,0,2,9,1,B01
201900045121,2,7,,0,2,1,1,A01
201900045122,0,7,,2,0,1,14,A01
201900045123,1,7,,0,2,1,15,B01
201900045123,2,2,,0,2,7,1,A01
201900045124,2,10,,0,1,4,4,A01
201900045125,2,7,,6,2,8,1,B01
201900045125,2,17,,0,2,2,12,A01
201900045126,1,33,,0,2,1,26,A01
201900045126,1,7,,0,2,3,26,B01
201900045127,2,33,,13,0,1,1,A01
201900045128,1,7,,0,2,4,1,D01
201900045128,1,7,,0,2,1,1,C01
201900045129,2,7,,0,1,2,1,Z01
201900045130,1,7,,0,2,1,16,A01
201900045130,1,33,,0,2,1,13,B01
201900045131,1,7,,0,2,3,15,C01
201900045131,1,7,,0,2,4,1,B01
201900045131,1,7,,0,2,1,1,A01
201900045132,1,7,,0,2,1,2,A01
201900045132,1,7,,0,2,4,2,B01
201900045133,3,7,,0,2,4,26,B01
201900045133,1,7,,0,2,1,26,A01
201900045134,3,1,,0,6,5,2,B01
201900045134,3,7,,0,2,1,19,A01
201900045135,1,7,,0,2,6,1,B01
201900045135,2,7,,0,2,3,13,A01
201900045136,1,7,,0,1,2,1,Z01
201900045137,3,41,,9,2,1,17,A01
201900045137,2,7,,0,2,8,10,B01
201900045138,1,7,,0,2,1,26,A01
201900045138,1,7,,0,2,4,2,B01
201900045139,1,10,,0,2,7,12,Z01
201900045139,1,33,,0,2,8,3,A01
201900045140,2,30,,0,0,0,17,A01
201900045141,1,7,,0,2,8,15,A01
201900045141,1,32,,0,2,8,1,B01
201900045142,2,7,,0,2,0,1,Z01
201900045142,2,32,,0,2,6,12,B01
201900045143,1,10,,0,2,1,2,A01
201900045143,1,7,,0,2,4,2,B01
201900045144,1,32,,0,2,0,21,A01
201900045145,1,30,,0,2,8,1,B01
201900045145,1,7,,0,2,7,16,A01
201900045146,1,7,,0,1,2,1,A01
201900045147,2,10,,0,1,1,15,A01
201900045148,1,10,,0,2,3,1,B01
201900045148,1,32,,0,2,1,1,A01
201900045149,2,7,,4,2,1,13,A01
201900045149,2,15,,0,2,1,1,B01
201900045149,2,7,,0,2,7,1,C01
201900045150,1,15,,0,2,2,12,B01
201900045150,1,7,,0,2,8,1,A01
201900045151,1,10,,13,6,1,9,A01
201900045152,1,15,,1,0,3,13,A01
201900045153,1,7,,0,2,8,15,A01
201900045153,1,7,,0,2,1,1,B01
201900045154,1,7,,3,0,7,1,A01
201900045155,2,32,,0,2,1,1,B01
201900045155,2,7,,0,2,8,9,A01
201900045156,3,7,,0,2,8,1,B01
201900045156,3,7,,0,2,1,19,A01
201900045157,1,10,,0,2,6,15,B01
201900045157,1,31,,0,2,1,2,A01
201900045158,1,7,,0,2,3,15,B01
201900045158,1,7,,0,2,2,16,A01
201900045159,2,34,,0,6,8,1,A01
201900045159,2,34,,0,6,2,1,B01
201900045160,1,10,,0,2,4,2,Z01
201900045160,1,7,,0,2,1,2,A01
201900045161,1,33,,0,2,7,1,B01
201900045161,1,7,,0,2,3,9,A01
201900045162,3,7,,0,1,4,16,C01
201900045162,3,7,,1,0,0,0,B01
201900045162,3,38,3.0,0,2,1,26,A01
201900045163,1,7,,0,1,1,1,A01
201900045164,1,10,,0,1,7,1,A01
201900045165,1,7,,0,1,2,21,A01
201900045166,3,34,,0,0,0,26,A01
201900045167,1,7,,0,2,2,16,A01
201900045167,1,33,,0,2,8,1,B01
201900045168,1,7,,0,2,2,2,B01
201900045168,1,7,,0,2,6,2,A01
201900045169,2,1,,14,0,0,21,B01
201900045169,2,50,,14,2,0,21,A01
201900045170,2,7,,0,1,5,1,B01
201900045170,2,7,,0,2,3,1,A01
201900045171,3,30,,0,2,1,9,A01
201900045171,3,7,,0,2,2,15,B01
201900045172,3,32,,14,0,3,19,A01
201900045173,1,7,,0,2,1,23,B01
201900045173,1,7,,0,2,4,26,A01
201900045174,3,7,,0,2,3,9,A01
201900045174,3,1,,0,2,5,1,B01
201900045175,1,7,,0,2,3,21,A01
201900045175,1,7,,4,0,5,13,B01
201900045176,1,1,,0,2,1,1,B01
201900045176,1,7,,0,2,2,9,A01
201900045177,2,7,,0,2,1,1,C01
201900045177,1,7,,0,2,0,0,B01
201900045177,1,7,,0,2,1,2,A01
201900045178,1,10,,0,2,3,13,A01
201900045178,2,7,,4,2,3,0,B01
201900045179,2,7,,0,2,4,1,B01
201900045179,2,33,,0,2,1,14,A01
201900045180,1,7,,0,1,1,1,A01
201900045181,1,7,,0,1,1,26,A01
201900045182,3,33,,9,0,1,21,A01
201900045183,1,7,,0,1,1,15,A01
201900045184,1,7,,0,2,3,13,A01
201900045184,2,7,,0,2,8,1,B01
201900045185,1,7,,0,2,5,16,A01
201900045185,2,50,,0,2,3,1,B01
201900045186,1,2,,0,2,4,2,B01
201900045186,1,7,,0,2,2,2,A01
201900045187,1,7,,11,0,1,1,A01
201900045188,2,7,,0,2,7,26,A01
201900045188,2,30,,0,2,1,1,B01
201900045189,2,35,,0,0,0,15,A01
201900045190,1,3,,0,2,1,19,A01
201900045190,1,3,,0,2,3,19,B01
201900045191,2,30,,0,2,1,1,A01
201900045191,2,7,,0,2,4,1,B01
201900045192,1,7,,0,2,1,13,A01
201900045192,2,7,,0,2,1,1,B01
201900045193,1,2,,0,2,4,23,B01
201900045193,1,7,,0,2,1,2,A01
201900045194,1,2,,16,0,0,0,A01
201900045195,1,7,,0,2,7,1,A01
201900045195,1,7,,0,2,2,1,B01
201900045196,1,7,,0,1,1,1,A01
201900045197,2,7,,0,2,5,1,B01
201900045197,2,7,,0,2,1,1,A01
201900045197,2,7,,0,2,1,23,C01
201900045198,1,7,,0,1,1,1,Z01
201900045199,1,7,,0,1,1,15,A01
201900045200,3,7,,0,2,8,19,A01
201900045200,3,7,,0,2,2,1,B01
201900045201,2,7,,0,2,2,16,B01
201900045201,1,7,,0,2,2,15,A01
201900045202,3,2,,0,2,0,19,B01
201900045202,3,33,,0,2,1,26,A01
201900045203,3,7,,0,2,3,16,A01
201900045203,3,50,,0,2,7,1,B01
201900045204,1,7,,0,2,1,2,A01
201900045204,1,7,,0,2,4,1,B01
201900045205,1,1,,0,2,1,15,A01
201900045205,2,7,,0,2,3,1,B01
201900045206,1,10,,0,2,2,15,A01
201900045206,1,1,,0,2,1,1,B01
201900045207,3,7,,0,2,8,1,B01
201900045207,3,34,,0,2,7,9,A01
201900045208,2,1,,0,0,0,1,A01
201900045209,3,33,,12,0,3,16,A01
201900045210,1,7,,0,2,0,1,A01
201900045210,1,30,,0,2,7,21,B01
201900045211,1,7,,0,0,4,23,B01
201900045211,1,7,,0,2,1,1,A01
201900045212,2,1,,0,0,6,1,B01
201900045212,2,30,,0,2,1,1,A01
201900045213,1,30,,12,0,2,1,A01
201900045214,1,7,,0,2,0,1,B01
201900045214,2,31,,0,2,1,16,A01
201900045215,2,32,,0,2,1,1,B01
201900045215,1,7,,0,2,5,15,A01
201900045216,2,30,,7,0,0,1,A01
201900045217,2,7,,0,2,7,9,A01
201900045217,1,33,,0,2,1,2,B01
201900045218,2,30,,0,2,1,1,B01
201900045218,2,7,,0,2,2,15,A01
201900045219,0,7,,6,0,1,14,A01
201900045220,1,7,,0,2,1,1,B01
201900045220,0,7,,0,2,1,13,A01
201900045221,1,7,,0,2,1,1,A01
201900045221,1,10,,0,2,3,9,B01
201900045222,3,10,,0,2,8,19,A01
201900045222,3,37,1.0,0,2,3,1,B01
201900045223,2,7,,0,2,3,9,B01
201900045223,2,2,,0,2,1,9,A01
201900045224,1,7,,0,2,1,1,A01
201900045224,1,2,,0,0,8,1,B01
201900045225,3,7,,0,2,1,15,A01
201900045225,3,33,,0,2,3,26,B01
201900045226,1,7,,0,2,3,15,A01
201900045226,1,1,,0,2,1,2,B01
201900045227,3,33,,0,2,1,1,B01
201900045227,3,7,,0,2,2,19,A01
201900045228,3,32,,0,2,1,1,B01
201900045228,3,7,,0,2,3,15,A01
201900045229,1,7,,0,2,8,1,B01
201900045229,3,7,,0,2,1,6,A01
201900045230,1,10,,0,2,7,16,B01
201900045230,1,30,,0,2,3,14,A01
201900045231,0,7,,0,2,2,1,A01
201900045231,0,7,,0,2,1,1,B01
201900045232,3,7,,0,2,3,23,A01
201900045232,3,10,,0,2,1,23,B01
201900045232,3,7,,0,2,3,16,Z01
201900045233,1,7,,0,2,3,1,B01
201900045233,1,7,,0,2,2,1,A01
201900045234,1,7,,13,0,8,26,A01
201900045235,1,7,,0,2,8,15,B01
201900045235,1,7,,0,2,2,1,A01
201900045236,3,7,,0,2,2,1,B01
201900045236,3,7,,0,2,3,13,A01
201900045237,3,7,,0,2,1,2,B01
201900045237,1,7,,0,2,4,4,A01
201900045238,1,31,,4,0,2,14,A01
201900045239,0,7,,0,2,1,1,A01
201900045239,0,7,,0,2,4,1,B01
201900045240,1,99,,1,0,1,26,A01
201900045241,2,7,,0,2,4,2,B01
201900045241,2,31,,0,2,1,2,A01
201900045242,1,7,,0,2,1,15,A01
201900045242,2,32,,0,2,1,1,B01
201900045243,2,7,,0,6,1,1,B01
201900045243,1,33,,0,2,1,11,A01
201900045244,1,33,,0,2,1,17,B01
201900045244,1,7,,0,2,8,15,A01
201900045245,2,2,,0,2,4,15,B01
201900045245,2,43,,0,2,1,1,A01
201900045246,1,34,,0,2,3,1,B01
201900045246,1,33,,0,2,2,1,A01
201900045247,2,33,,0,2,8,1,A01
201900045247,2,30,,0,2,7,12,Z01
201900045248,3,7,,0,2,7,16,B01
201900045248,3,34,,0,2,8,1,A01
201900045249,1,2,,0,2,1,1,B01
201900045249,1,7,,0,2,8,1,A01
201900045250,2,1,,0,1,1,1,A01
201900045251,1,50,,0,2,3,19,A01
201900045251,1,2,,0,2,2,17,B01
201900045252,2,10,,0,1,4,20,A01
201900045253,2,33,,0,2,3,1,B01
201900045253,2,7,,0,2,5,12,A01
201900045254,1,30,,0,1,8,1,A01
201900045255,2,34,,0,2,4,1,B01
201900045255,2,43,,0,2,1,2,A01
201900045256,2,33,,0,2,8,1,A01
201900045256,1,30,,0,2,0,10,Z01
201900045257,0,2,,1,0,2,14,A01
201900045258,2,7,,0,2,0,13,Z01