Num_Acc,senc,catv,occutc,obs,obsm,choc,manv,num_veh
201900045258,2,32,,0,2,4,13,A01
201900045259,1,7,,0,2,8,1,B01
201900045259,1,32,,0,2,2,1,A01
201900045260,0,7,,4,2,2,12,A01
201900045260,0,7,,4,0,3,1,B01
201900045261,2,7,,1,0,3,13,B01
201900045261,2,33,,0,2,1,26,A01
201900045262,1,2,,0,2,8,0,B01
201900045262,1,7,,0,2,1,0,A01
201900045263,1,7,,0,2,6,1,B01
201900045263,1,32,,0,4,0,21,A01
201900045264,2,34,,0,2,7,17,A01
201900045264,2,7,,0,2,3,15,B01
201900045265,0,7,,1,0,1,14,A01
201900045266,3,37,3.0,0,2,4,23,B01
201900045266,3,37,1.0,0,2,1,2,A01
201900045267,0,7,,0,1,1,2,A01
201900045268,1,30,,0,2,4,0,A01
201900045268,1,7,,0,2,2,0,B01
201900045269,0,7,,12,2,6,1,B01
201900045269,0,7,,0,2,1,19,A01
201900045270,2,7,,0,2,2,17,A01
201900045270,2,1,,0,2,8,23,B01
201900045271,1,10,,0,2,2,9,B01
201900045271,1,10,,0,2,7,1,A01
201900045272,1,10,,0,2,3,1,A01
201900045273,2,7,,0,1,1,1,A01
201900045274,3,7,,0,1,1,26,A01
201900045275,3,99,,0,9,1,12,B01
201900045275,3,33,,0,9,1,1,A01
201900045276,1,7,,0,1,3,2,A01
201900045277,1,60,,0,2,8,13,B01
201900045277,1,7,,0,6,2,17,A01
201900045278,3,7,,0,0,4,0,B01
201900045278,1,34,,0,2,4,26,A01
201900045279,1,37,2.0,15,0,2,0,A01
201900045280,1,7,,0,2,8,9,B01
201900045280,1,14,,0,2,1,1,A01
201900045281,1,32,,0,2,1,16,A01
201900045281,1,3,,0,2,2,15,B01
201900045282,3,7,,0,2,2,9,B01
201900045282,2,7,,0,2,1,1,A01
201900045283,1,7,,13,0,2,14,A01
201900045284,3,7,,15,0,8,21,A01
201900045285,3,2,,0,0,0,10,A01
201900045286,3,1,,0,2,1,1,B01
201900045286,0,7,,0,2,1,1,A01
201900045287,1,7,,0,2,1,1,B01
201900045287,2,10,,0,2,2,13,A01
201900045288,2,33,,0,2,1,1,B01
201900045288,0,7,,0,2,6,19,A01
201900045289,1,7,,0,9,2,26,A01
201900045289,1,1,,0,2,8,26,B01
201900045290,1,7,,0,9,4,26,B01
201900045290,3,1,,0,2,8,23,A01
201900045291,2,10,,4,0,2,2,A01
201900045292,1,7,,6,0,3,14,A01
201900045293,0,7,,0,1,1,1,A01
201900045294,1,21,,0,2,1,1,B01
201900045294,2,7,,0,2,2,1,A01
201900045295,2,7,,0,0,8,16,B01
201900045295,2,33,,0,2,1,1,A01
201900045296,2,2,,0,0,0,1,A01
201900045297,1,7,,0,2,3,1,B01
201900045297,2,7,,0,2,3,1,A01
201900045298,2,33,,0,2,1,1,B01
201900045298,1,7,,0,2,1,15,A01
201900045299,2,10,,0,2,3,1,B01
201900045299,1,7,,0,2,3,13,A01
201900045300,0,2,,0,2,1,1,B01
201900045300,0,7,,0,2,2,19,A01
201900045301,2,7,,0,2,2,1,A01
201900045301,2,1,,0,2,8,1,B01
201900045302,3,33,,0,0,0,0,A01
201900045303,2,1,,0,2,1,1,B01
201900045303,2,7,,0,2,3,15,A01
201900045304,0,2,,0,0,8,1,A01
201900045305,2,1,,0,0,7,1,B01
201900045305,2,7,,0,2,3,9,A01
201900045306,1,17,,13,0,2,1,A01
201900045307,1,1,,0,0,0,1,A01
201900045308,3,2,,0,0,7,1,A01
201900045309,3,1,,0,1,1,1,A01
201900045310,2,33,,0,2,1,17,A01
201900045310,2,7,,0,2,3,15,B01
201900045311,1,33,,0,6,1,1,A01
201900045312,1,7,,6,0,1,1,A01
201900045313,3,21,,13,0,1,2,A01
201900045314,2,7,,0,2,6,15,B01
201900045314,2,33,,0,2,1,17,A01
201900045315,3,7,,0,1,2,9,A01
201900045316,1,10,,0,2,8,1,B01
201900045316,3,30,,0,2,0,1,A01
201900045317,1,7,,0,0,8,9,A01
201900045317,1,1,,0,2,1,1,B01
201900045318,1,2,,0,2,1,17,A01
201900045318,1,21,,0,0,4,15,B01
201900045319,2,80,,0,0,0,0,A01
201900045320,2,7,,6,0,2,1,A01
201900045321,2,7,,0,2,3,13,A01
201900045321,1,17,,0,2,8,1,B01
201900045322,3,7,,0,2,1,1,B01
201900045322,3,7,,0,2,1,1,A01
201900045323,1,7,,4,0,3,1,A01
201900045324,2,15,,0,0,6,1,B01
201900045324,2,7,,0,2,1,13,A01
201900045325,2,17,,0,2,2,19,B01
201900045325,2,7,,0,2,1,1,A01
201900045326,1,7,,0,0,4,2,B01
201900045326,1,2,,0,2,1,2,A01
201900045327,2,7,,0,2,3,13,A01
201900045327,1,33,,0,2,9,1,B01
201900045328,0,33,,0,2,0,0,B01
201900045328,3,7,,0,2,8,20,A01
201900045329,1,7,,0,2,4,1,B01
201900045329,1,7,,0,2,1,1,A01
201900045330,2,7,,0,2,6,1,C01
201900045330,1,7,,0,2,8,1,B01
201900045330,2,7,,0,2,1,12,A01
201900045331,1,10,,0,2,2,1,A01
201900045331,1,31,,0,2,1,1,B01
201900045332,3,7,,8,1,5,26,A01
201900045333,2,7,,1,0,1,14,A01
201900045334,2,7,,0,6,1,1,A01
201900045335,0,7,,0,2,8,1,B01
201900045335,0,32,,3,2,7,17,A01
201900045336,2,7,,0,2,8,11,A01
201900045336,2,33,,0,2,1,1,B01
201900045337,1,7,,0,2,4,2,B01
201900045337,1,10,,0,2,2,2,A01
201900045338,2,13,,0,2,1,2,A01
201900045338,2,7,,0,2,4,2,B01
201900045338,2,7,,0,2,4,2,C01
201900045339,2,32,,0,1,2,1,A01
201900045340,2,7,,0,1,2,1,A01
201900045341,2,7,,0,1,0,1,Z01
201900045342,2,7,,0,2,1,9,A01
201900045342,2,1,,0,2,1,1,B01
201900045343,1,31,,1,0,1,14,A01
201900045344,1,7,,0,2,1,2,A01
201900045344,1,10,,0,2,3,23,B01
201900045344,2,7,,0,2,2,15,C01
201900045345,2,7,,0,2,3,24,C01
201900045345,1,10,,0,2,1,9,B01
201900045345,1,33,,0,2,2,1,A01
201900045346,1,30,,0,2,1,2,A01
201900045346,1,7,,0,2,4,23,B01
201900045347,2,30,,0,2,1,17,A01
201900045347,2,7,,0,2,8,9,B01
201900045348,1,10,,0,1,8,15,A01
201900045349,1,30,,0,2,7,1,A01
201900045349,1,7,,0,2,1,1,B01
201900045350,1,7,,0,2,3,9,B01
201900045350,1,1,,0,2,1,25,A01
201900045351,1,7,,0,2,3,15,A01
201900045351,2,1,,0,2,1,1,B01
201900045352,2,10,,0,2,8,15,B01
201900045352,2,32,,0,2,1,17,A01
201900045353,3,7,,0,2,3,1,B01
201900045353,3,32,,0,2,2,1,A01
201900045354,1,34,,0,2,3,18,A01
201900045354,1,7,,0,2,5,23,B01
201900045355,2,7,,0,1,1,1,A01
201900045356,1,7,,0,2,1,2,Z01
201900045356,1,1,,0,2,2,2,A01
201900045357,3,50,,0,0,8,25,A01
201900045358,2,7,,0,1,3,15,A01
201900045359,1,1,,0,1,7,1,A01
201900045360,3,15,,0,2,8,16,A01
201900045360,3,3,,0,0,7,23,B01
201900045361,1,7,,0,2,8,15,B01
201900045361,1,2,,0,2,3,17,A01
201900045362,2,7,,0,2,6,0,A01
201900045362,2,32,,0,2,2,0,B01
201900045363,3,7,,0,2,1,26,A01
201900045363,3,7,,0,2,4,26,B01
201900045364,1,7,,14,0,1,0,A01
201900045365,0,0,,0,1,1,0,A01
201900045366,0,7,,0,2,3,26,A01
201900045366,0,7,,0,0,0,0,B01
201900045367,2,7,,0,2,1,13,A01
201900045367,1,31,,0,2,1,1,B01
201900045368,3,30,,0,2,3,0,B01
201900045368,3,34,,0,2,2,17,A01
201900045369,1,7,,0,1,1,1,A01
201900045370,2,7,,0,2,1,15,A01
201900045371,0,7,,0,1,5,16,A01
201900045372,1,30,,0,2,7,2,B01
201900045372,1,7,,0,2,8,15,A01
201900045373,1,10,,0,2,6,10,A01
201900045373,1,34,,0,2,1,2,B01
201900045374,3,7,,0,2,8,2,A01
201900045374,3,10,,0,2,1,2,B01
201900045375,2,30,,0,2,2,3,A01
201900045375,2,7,,0,2,3,1,B01
201900045376,1,7,,0,2,8,15,A01
201900045376,1,33,,0,2,7,17,B01
201900045377,2,31,,0,2,2,26,A01
201900045377,2,10,,0,2,3,1,Z01
201900045378,2,2,,1,0,1,26,A01
201900045378,2,7,,1,0,4,19,B01
201900045379,1,10,,0,2,2,1,A01
201900045379,1,10,,0,2,6,20,B01
201900045380,3,7,,0,2,1,15,B01
201900045380,3,7,,0,2,1,1,A01
201900045381,3,7,,0,1,7,26,A01
201900045381,3,99,,0,2,8,19,B01
201900045382,3,7,,0,0,9,0,A01
201900045383,2,14,,0,2,7,2,B01
201900045383,2,1,,0,2,8,2,A01
201900045384,1,7,,14,9,0,0,A01
201900045384,1,7,,14,9,0,0,B01
201900045384,1,7,,14,0,1,0,C01
201900045385,1,7,,0,2,1,2,A01
201900045385,1,7,,0,0,4,1,B01
201900045386,2,33,,0,2,8,1,B01
201900045386,1,7,,0,2,7,15,A01
201900045387,1,7,,0,2,6,1,B01
201900045387,1,33,,0,2,1,17,A01
201900045388,3,7,,0,2,3,1,D01
201900045388,3,7,,0,2,3,1,C01
201900045388,3,7,,0,2,8,1,B01
201900045388,3,7,,0,2,3,13,A01
201900045389,2,7,,0,1,3,1,A01
201900045389,2,10,,0,2,1,1,B01
201900045390,1,33,,0,2,1,17,A01
201900045390,2,7,,0,2,1,1,B01
201900045391,1,7,,0,0,0,1,A01
201900045392,2,2,,0,2,1,0,B01
201900045392,1,7,,0,2,2,17,A01
201900045393,0,7,,0,2,3,19,A01
201900045393,0,7,,0,2,1,0,B01
201900045394,3,10,,0,2,1,13,A01
201900045394,3,1,,0,2,1,1,B01
201900045395,1,17,,0,2,6,1,A01
201900045395,2,10,,0,2,1,1,B01
201900045396,1,7,,13,0,1,0,A01
201900045397,2,7,,0,0,1,1,A01
201900045398,1,7,,13,0,0,1,A01
201900045399,2,7,,0,0,1,1,A01
201900045400,2,7,,8,0,1,13,A01
201900045401,2,99,,0,2,3,1,B01
201900045401,1,7,,15,2,3,1,A01
201900045402,1,7,,1,0,1,1,B01
201900045402,1,21,,0,0,4,23,A01
201900045403,0,7,,13,0,2,1,A01
201900045404,2,7,,0,2,3,17,A01
201900045404,0,34,,6,2,0,0,B01
201900045405,3,7,,6,1,4,4,A01
201900045406,2,7,,13,0,2,1,A01
201900045407,2,7,,0,2,1,1,B01
201900045407,1,7,,0,0,8,1,A01
201900045408,0,7,,3,0,2,1,A01
201900045409,2,7,,13,0,1,1,A01
201900045410,2,33,,0,2,1,2,A01
201900045410,2,2,,0,0,4,15,B01
201900045411,1,7,,0,2,1,9,A01
201900045411,2,7,,0,2,6,1,B01
201900045412,2,33,,0,2,1,13,B01
201900045412,1,7,,0,2,2,21,A01
201900045413,1,7,,0,1,2,26,B01
201900045413,2,10,,0,0,6,26,A01
201900045414,1,7,,0,1,2,1,A01
201900045415,1,14,,0,2,1,1,A01
201900045415,1,7,,0,0,4,23,B01
201900045416,1,7,,0,2,8,21,C01
201900045416,1,7,,0,2,3,21,B01
201900045416,1,7,,0,0,5,23,A01
201900045417,1,7,,0,2,1,2,B01
201900045417,2,7,,3,2,7,1,A01
201900045418,0,7,,0,1,1,1,A01
201900045419,1,7,,3,2,9,2,A01
201900045419,1,7,,14,2,2,2,B01
201900045419,1,33,,14,2,1,2,C01
201900045420,1,7,,0,1,1,16,A01
201900045421,2,7,,13,0,2,13,A01
201900045422,1,7,,0,2,0,1,B01
201900045422,2,7,,0,2,1,5,A01
201900045423,1,7,,0,2,3,15,B01
201900045423,2,2,,0,2,1,1,A01
201900045424,2,7,,0,1,1,1,A01
201900045425,1,7,,2,0,2,1,A01
201900045426,1,7,,0,1,2,2,A01
201900045427,1,7,,4,2,2,14,A01
201900045427,1,7,,0,2,1,14,B01
201900045428,2,7,,0,2,1,2,A01
201900045428,2,7,,0,2,4,2,B01
201900045429,2,7,,16,0,9,0,A01
201900045430,2,7,,0,0,8,1,A01
201900045431,1,17,,3,0,1,1,A01
201900045432,1,7,,0,2,5,14,A01
201900045432,1,33,,0,2,8,21,B01
201900045433,1,33,,0,2,0,0,B01
201900045433,1,7,,0,2,3,11,A01
201900045434,1,32,,0,2,1,9,A01
201900045435,2,7,,0,2,2,12,A01
201900045435,2,33,,0,2,3,3,B01
201900045435,2,7,,0,2,6,1,C01
201900045436,1,7,,0,2,0,0,A01
201900045436,1,7,,0,2,0,0,B01
201900045436,1,7,,0,2,0,0,C01
201900045436,2,7,,0,2,0,0,D01
201900045436,2,7,,0,2,4,0,E01
201900045437,1,7,,0,2,1,1,A01
201900045437,1,7,,0,2,4,2,B01
201900045438,2,7,,1,0,1,2,A01
201900045438,2,7,,0,2,5,24,B01
201900045438,2,7,,0,2,1,21,C01
201900045439,2,7,,0,2,7,1,C01
201900045439,2,7,,0,2,7,1,B01
201900045439,2,7,,0,2,3,9,A01
201900045440,1,7,,0,2,6,1,E01
201900045440,1,7,,14,0,1,1,D01
201900045440,1,7,,14,0,3,1,C01
201900045440,1,32,,0,2,1,1,B01
201900045440,1,7,,4,2,1,13,A01
201900045441,1,10,,0,2,4,2,B01
201900045441,1,7,,0,2,1,2,A01
201900045442,2,7,,0,2,1,2,A01
201900045442,2,7,,0,2,4,2,B01
201900045443,1,33,,11,2,1,21,A01
201900045444,1,15,,0,0,6,2,A01
201900045444,1,32,,0,2,1,3,B01
201900045444,1,7,,0,2,8,0,C01
201900045445,1,10,,0,2,4,11,B01
201900045445,1,33,,0,2,1,3,A01
201900045446,2,31,,0,0,1,3,A01
201900045447,3,7,,0,1,1,1,A01
201900045448,3,7,,0,2,4,23,C01
201900045448,3,7,,0,2,4,1,B01
201900045448,3,7,,0,2,1,1,A01
201900045449,1,7,,0,1,0,26,A01
201900045450,2,7,,2,0,1,26,A01
201900045451,1,7,,2,0,1,0,A01
201900045452,3,7,,0,2,1,1,A01
201900045452,3,7,,0,2,4,1,B01
201900045453,2,30,,0,0,0,1,A01
201900045454,2,7,,0,2,8,1,B01
201900045454,1,2,,0,2,1,1,A01
201900045455,3,7,,6,0,1,10,A01
201900045456,1,7,,0,0,4,1,B01
201900045456,1,2,,0,2,1,1,A01
201900045457,3,7,,0,2,2,13,A01
201900045457,3,7,,0,2,6,15,B01
201900045458,3,7,,0,1,3,1,A01
201900045459,1,7,,0,2,0,26,A01
201900045459,1,7,,0,2,5,9,B01
201900045460,2,7,,0,2,4,23,C01
201900045460,2,7,,0,2,4,1,B01
201900045460,2,7,,0,2,1,1,A01
201900045461,1,7,,0,1,2,0,A01
201900045462,2,7,,0,2,1,2,A01
201900045462,2,7,,0,2,1,2,B01
201900045462,2,7,,0,2,4,26,C01
201900045463,3,7,,3,0,9,13,A01
201900045464,1,7,,0,2,1,1,B01
201900045464,1,7,,0,2,6,19,A01
201900045465,1,32,,0,1,0,17,A01
201900045466,2,33,,0,2,7,16,A01
201900045466,2,33,,0,2,3,1,B01
201900045467,3,1,,0,2,3,9,A01
201900045467,3,7,,0,9,3,1,B01
201900045468,1,7,,0,1,1,1,A01
201900045469,2,7,,0,2,1,1,B01
201900045469,1,7,,0,2,1,5,A01
201900045470,1,33,,0,2,1,1,A01
201900045470,1,7,,0,2,5,19,B01
201900045471,1,7,,0,1,1,1,A01
201900045472,1,7,,6,0,1,15,A01
201900045473,3,33,,0,2,1,1,A01
201900045473,3,7,,0,2,1,1,B01
201900045474,2,7,,0,2,3,9,A01
201900045474,3,7,,0,2,7,1,B01
201900045475,1,7,,4,0,9,1,A01
201900045476,0,7,,0,1,1,1,A01
201900045477,1,1,,0,2,8,1,B01
201900045477,1,7,,0,2,7,1,A01
201900045478,1,10,,0,2,8,13,A01
201900045478,1,34,,0,2,1,2,B01
201900045479,2,33,,0,2,1,1,A01
201900045479,0,0,,0,0,0,0,Z01
201900045480,2,34,,0,1,0,1,A01
201900045481,1,7,,2,0,1,16,A01
201900045482,3,7,,0,0,0,0,B01
201900045482,3,7,,0,2,8,19,A01
201900045483,1,31,,0,2,1,2,A01
201900045483,1,7,,0,2,4,2,B01
201900045483,1,7,,0,2,1,2,C01
201900045483,1,7,,0,2,4,2,D01
201900045484,1,7,,0,1,1,1,A01
201900045485,2,7,,0,1,3,15,A01
201900045486,0,30,,0,2,1,1,A01
201900045486,0,7,,0,2,3,1,B01
201900045487,2,7,,0,2,0,18,Z01
201900045487,2,33,,0,2,7,1,A01
201900045488,1,7,,0,2,2,16,A01
201900045488,1,1,,0,2,8,1,B01
201900045489,1,32,,0,2,1,17,A01
201900045489,1,7,,0,0,8,15,B01
201900045490,2,80,,0,2,1,5,A01
201900045490,1,7,,0,2,2,15,B01
201900045491,1,7,,0,2,4,2,B01
201900045491,1,10,,0,2,1,2,A01
201900045492,2,7,,0,2,4,2,B01
201900045492,2,7,,0,2,1,2,A01
201900045493,2,7,,0,2,1,10,A01
201900045493,1,7,,1,2,1,1,Z01
201900045494,1,30,,0,2,1,1,Z01
201900045494,1,7,,0,2,2,1,A01
201900045495,1,33,,0,0,0,1,A01
201900045496,1,7,,0,2,2,1,B01
201900045496,1,30,,0,2,3,18,A01
201900045497,2,1,,0,2,1,7,B01
201900045497,1,10,,0,2,2,15,A01
201900045498,1,7,,0,1,2,1,A01
201900045499,1,1,,0,2,4,2,B01
201900045499,1,30,,0,2,1,2,A01
201900045500,1,7,,0,2,6,15,A01
201900045500,1,33,,0,2,7,1,B01
201900045501,1,1,,0,0,0,1,A01
201900045502,1,10,,0,2,5,2,B01
201900045502,1,32,,0,2,5,2,A01
201900045503,3,2,,0,1,0,19,A01
201900045504,1,7,,0,2,3,26,A01
201900045504,3,7,,0,0,0,0,C01
201900045504,1,7,,6,2,9,0,B01
201900045505,1,7,,0,2,7,15,B01
201900045505,1,30,,0,2,1,1,A01
201900045506,3,7,,0,2,7,19,A01
201900045506,3,7,,0,2,1,19,B01
201900045507,1,32,,0,2,1,1,A01
201900045507,2,7,,0,2,8,15,B01
201900045508,1,7,,0,2,1,1,A01
201900045508,1,7,,0,2,8,10,B01
201900045509,0,99,,0,2,1,1,A01
201900045510,2,30,,0,0,8,1,A01
201900045511,1,1,,0,0,0,0,A01
201900045512,2,7,,0,2,8,21,B01
201900045512,1,7,,0,2,7,5,A01
201900045513,1,13,,0,2,1,1,B01
201900045513,1,33,,0,2,1,13,A01
201900045514,3,7,,0,1,3,4,A01
201900045515,2,31,,0,2,3,17,B01
201900045515,1,7,,0,2,3,1,A01
201900045516,3,30,,0,1,1,1,A01
201900045517,2,7,,0,2,1,15,A01
201900045517,1,33,,0,2,1,15,B01
201900045518,3,1,,0,0,0,1,A01
201900045519,3,33,,0,2,1,1,B01
201900045519,3,7,,0,2,5,11,A01
201900045520,1,7,,0,2,6,11,B01
201900045520,1,32,,0,2,1,2,A01
201900045521,2,7,,0,2,7,1,A01
201900045522,2,7,,0,2,1,1,B01
201900045522,1,7,,11,2,1,5,A01
201900045523,1,7,,2,2,1,1,A01
201900045524,3,34,,0,2,2,1,A01
201900045524,3,7,,0,2,1,15,B01
201900045525,0,7,,0,2,8,20,A01
201900045525,0,32,,0,2,2,2,B01
201900045526,1,33,,0,2,1,17,B01
201900045526,3,7,,0,2,3,15,A01
201900045527,1,10,,0,1,2,16,A01
201900045528,3,30,,0,0,2,0,A01
201900045529,1,7,,0,2,2,26,A01
201900045529,1,7,,0,2,1,1,B01
201900045530,3,7,,0,6,2,9,A01
201900045530,3,50,,0,2,6,0,B01
201900045531,1,10,,14,0,1,26,A01
201900045532,2,30,,4,0,1,1,A01
201900045533,1,2,,0,2,0,1,A01
201900045534,2,7,,0,0,0,0,B01
201900045534,2,30,,0,2,0,21,A01
201900045535,2,7,,0,2,2,14,A01
201900045535,2,33,,0,2,8,1,B01
201900045536,1,10,,0,1,4,4,A01
201900045537,1,7,,0,1,1,1,A01
201900045538,2,7,,0,2,8,17,B01
201900045538,2,1,,0,2,7,17,A01
201900045539,2,7,,0,2,1,14,B01
201900045539,2,30,,0,2,3,5,A01
201900045540,2,1,,0,2,8,19,B01
201900045540,2,33,,0,2,1,1,A01
201900045541,2,32,,0,2,1,1,B01
201900045541,1,7,,0,2,3,15,A01
201900045542,1,10,,0,1,7,1,Z01
201900045543,2,37,1.0,0,2,2,16,A01
201900045543,2,60,,0,2,8,1,B01
201900045544,2,7,,0,2,8,1,B01
201900045544,2,30,,0,2,1,1,A01
201900045545,3,7,,0,2,7,12,A01
201900045545,3,33,,0,2,8,3,B01
201900045546,1,7,,9,0,8,1,A01
201900045547,1,32,,0,2,7,1,A01
201900045547,1,1,,0,2,7,19,B01
201900045548,2,50,,1,0,2,21,B01
201900045548,2,7,,0,6,3,22,A01
201900045549,2,7,,0,2,4,23,B01
201900045549,2,7,,0,2,1,26,A01
201900045550,3,30,,0,1,1,25,A01
201900045551,1,7,,0,1,1,21,A01
201900045552,3,32,,0,2,1,1,B01
201900045552,3,7,,0,2,2,12,A01
201900045553,1,1,,0,1,0,1,A01
201900045554,2,7,,0,2,4,23,B01
201900045554,3,7,,0,2,1,26,A01
201900045555,1,34,,0,2,2,17,A01
201900045555,1,7,,0,2,0,0,B01
201900045556,0,7,,0,2,3,15,A01
201900045556,0,2,,0,2,2,17,B01
201900045557,1,7,,0,2,3,2,A01
201900045557,1,34,,0,2,5,2,B01
201900045558,1,43,,0,2,1,17,A01
201900045558,1,7,,0,0,6,1,B01
201900045559,1,32,,0,2,1,23,B01
201900045559,1,7,,0,2,4,26,A01
201900045560,1,32,,0,2,7,26,A01
201900045560,1,7,,0,2,1,0,B01
201900045561,1,7,,0,2,8,1,B01
201900045561,1,7,,0,2,2,1,A01
201900045562,1,34,,0,0,8,1,A01
201900045563,3,10,,12,2,4,2,A01
201900045563,1,10,,12,2,1,2,B01
201900045564,3,7,,0,2,2,15,A01
201900045564,2,32,,0,2,3,1,B01
201900045565,2,7,,1,0,2,0,B01
201900045565,2,33,,1,0,2,18,A01
201900045566,2,34,,0,0,2,1,A01
201900045567,2,7,,1,0,2,1,A01
201900045568,3,7,,0,2,2,1,B01
201900045568,3,7,,0,2,5,26,A01
201900045569,2,7,,0,2,2,1,A01
201900045569,1,41,,0,2,3,1,B01
201900045570,1,10,,0,1,2,2,A01
201900045571,2,32,,0,1,1,1,A01
201900045572,2,7,,0,0,0,9,A01
201900045572,2,32,,0,0,1,21,B01
201900045573,1,7,,0,2,3,1,A01
201900045573,1,33,,0,2,0,1,B01
201900045574,1,33,,0,2,1,1,B01
201900045574,2,7,,0,2,3,9,A01
201900045575,2,7,,0,1,2,1,A01
201900045576,1,2,,0,2,7,17,B01
201900045576,1,7,,0,2,3,15,A01
201900045577,2,33,,0,0,0,1,A01
201900045578,3,99,,0,2,3,1,B01
201900045578,3,10,,0,2,2,14,A01
201900045579,0,7,,0,2,3,26,A01
201900045579,2,33,,0,2,1,17,B01
201900045580,2,30,,0,2,8,1,E01
201900045580,2,7,,0,2,2,14,B01
201900045581,1,34,,1,0,9,17,B01
201900045581,1,7,,0,6,8,23,A01
201900045582,2,32,,0,1,1,17,A01
201900045583,2,33,,0,0,1,1,A01
201900045583,3,7,,0,0,3,2,B01
201900045584,1,7,,0,1,2,15,A01
201900045585,1,7,,0,2,3,15,B01
201900045585,1,31,,0,2,1,1,A01
201900045586,2,30,,0,1,1,18,Z01
201900045587,1,7,,0,2,7,1,D01
201900045587,1,7,,0,2,4,1,C01
201900045587,1,10,,0,2,4,1,B01
201900045587,1,15,,0,2,1,2,A01
201900045588,2,33,,0,2,1,1,B01
201900045588,1,7,,0,2,2,15,A01
201900045589,1,17,,0,1,3,19,A01
201900045590,2,7,,0,2,1,1,A01
201900045590,1,7,,0,2,8,1,B01
201900045591,3,7,,0,2,2,21,A01
201900045591,3,32,,0,2,2,16,B01
201900045592,2,7,,0,2,5,16,B01
201900045592,2,34,,0,2,2,7,A01
201900045593,3,7,,0,2,2,15,A01
201900045593,3,7,,0,2,6,1,B01
201900045594,3,7,,0,2,4,18,A01
201900045594,3,7,,0,2,1,2,B01
201900045594,3,7,,0,2,1,2,C01
201900045594,3,7,,0,2,1,2,D01
201900045595,1,7,,0,2,2,16,B01
201900045595,1,2,,0,2,3,18,A01
201900045596,2,34,,0,2,1,2,B01
201900045596,1,7,,0,2,2,19,A01
201900045597,2,7,,0,1,1,2,A01
201900045598,1,43,,0,2,2,17,B01
201900045598,1,7,,0,2,3,2,A01
201900045599,3,7,,0,2,4,1,A01
201900045599,3,1,,0,2,1,2,B01
201900045600,2,7,,0,2,5,15,A01
201900045600,1,32,,0,2,1,1,B01
201900045601,2,34,,0,2,1,1,B01
201900045601,1,7,,0,2,3,15,A01
201900045602,3,7,,1,1,5,23,A01
201900045602,3,7,,0,2,3,23,B01
201900045603,2,10,,1,1,4,23,A01
201900045603,2,37,1.0,1,1,1,24,B01
201900045604,3,7,,0,2,1,1,A01
201900045604,3,7,,0,2,1,15,B01
201900045605,3,7,,0,1,1,15,A01
201900045606,1,33,,0,1,1,17,A01
201900045607,0,7,,0,2,3,15,B01
201900045607,0,32,,0,2,1,1,A01
201900045608,3,7,,0,2,2,16,B01
201900045608,3,30,,0,2,1,1,A01
201900045609,3,7,,0,2,4,1,A01
201900045609,3,2,,0,2,1,1,B01
201900045610,1,7,,0,2,2,1,A01
201900045610,1,7,,0,2,3,1,B01
201900045611,3,7,,0,2,3,18,A01
201900045611,3,7,,0,2,2,16,B01
201900045612,3,33,,0,2,3,1,A01
201900045612,3,7,,0,2,2,11,B01
201900045613,1,1,,0,2,3,1,B01
201900045613,1,7,,0,2,7,16,A01
201900045614,2,7,,0,1,1,5,A01
201900045615,2,43,,0,2,1,1,A01
201900045615,1,32,,0,2,1,26,B01
201900045616,1,32,,0,2,1,1,B01
201900045616,1,7,,0,2,1,15,A01
201900045617,1,7,,0,2,2,16,A01
201900045617,1,32,,0,2,8,18,B01
201900045618,1,34,,0,2,0,1,B01
201900045618,1,7,,0,2,1,1,A01
201900045619,1,7,,0,2,3,2,B01
201900045619,2,1,,0,2,1,15,A01
201900045620,2,60,,0,2,1,8,A01
201900045620,1,7,,0,6,3,16,B01
201900045621,1,7,,1,0,1,1,A01
201900045622,3,30,,0,2,1,18,A01
201900045622,3,1,,0,2,0,1,B01
201900045622,3,7,,0,2,2,1,C01
201900045623,1,7,,0,1,1,15,A01
201900045624,2,7,,0,2,1,15,A01
201900045624,1,33,,0,2,8,2,B01
201900045625,1,7,,0,1,1,2,A01
201900045626,1,7,,0,1,1,1,A01
201900045627,2,30,,0,1,1,1,A01
201900045628,1,7,,0,2,8,0,B01
201900045628,1,7,,0,2,1,19,A01
201900045629,1,7,,0,1,1,1,A01
201900045630,0,7,,0,2,1,1,A01
201900045630,0,7,,0,2,4,1,B01
201900045631,2,33,,0,0,1,1,A01
201900045632,2,32,,0,2,1,1,B01
201900045632,1,7,,0,2,7,6,A01
201900045633,2,20,,0,1,1,15,A01
201900045634,2,33,,0,1,1,1,A01
201900045635,1,7,,0,2,1,11,A01
201900045635,1,7,,0,2,5,2,B01
201900045636,2,33,,0,2,2,17,B01
201900045636,2,10,,0,2,3,10,A01
201900045637,1,7,,0,1,1,1,A01
201900045638,3,32,,0,2,4,2,B01
201900045638,3,31,,0,2,1,2,A01
201900045639,2,7,,0,2,0,0,B01
201900045639,3,10,,0,2,1,1,A01
201900045640,2,1,,0,2,8,19,A01
201900045640,1,7,,0,2,1,1,B01
201900045641,1,7,,0,1,1,15,A01
201900045642,1,7,,0,1,3,9,A01
201900045643,3,10,,0,1,1,26,A01