Num_Acc,senc,catv,occutc,obs,obsm,choc,manv,num_veh
201900045644,1,33,,0,2,4,1,B01
201900045644,1,33,,0,2,1,21,A01
201900045645,1,1,,0,2,0,0,A01
201900045645,1,13,,0,6,6,15,B01
201900045646,0,7,,0,2,0,0,Z01
201900045646,0,33,,0,2,8,1,A01
201900045647,3,7,,0,1,1,1,A01
201900045648,3,32,,0,2,1,26,B01
201900045648,3,7,,0,2,8,15,A01
201900045649,3,7,,0,2,1,1,A01
201900045649,3,32,,0,2,4,2,B01
201900045649,3,7,,0,2,4,1,C01
201900045650,3,7,,0,1,1,26,A01
201900045651,3,7,,0,2,5,2,B01
201900045651,3,7,,0,2,3,2,A01
201900045652,3,10,,0,2,3,1,A01
201900045652,3,33,,0,2,3,15,B01
201900045653,3,2,,0,1,2,17,B01
201900045653,3,7,,0,2,3,15,A01
201900045654,0,1,,0,2,1,15,A01
201900045654,0,30,,0,6,1,26,B01
201900045655,3,10,,0,2,0,5,A01
201900045655,3,7,,0,2,2,0,B01
201900045656,3,7,,0,2,7,14,A01
201900045656,3,7,,0,2,9,26,B01
201900045657,0,31,,0,2,9,26,B01
201900045657,0,7,,0,2,8,26,A01
201900045658,2,7,,0,2,3,1,B01
201900045658,2,30,,0,2,1,17,A01
201900045659,2,7,,1,1,3,20,A01
201900045660,2,7,,0,1,3,16,A01
201900045660,3,60,,0,2,8,19,B01
201900045661,2,7,,0,6,3,1,B01
201900045661,1,50,,0,2,1,1,A01
201900045662,1,7,,0,2,4,1,B01
201900045662,1,1,,0,2,4,19,A01
201900045663,1,7,,0,1,3,1,A01
201900045664,1,7,,0,1,3,1,A01
201900045665,2,34,,0,2,1,1,B01
201900045665,1,7,,0,2,7,15,A01
201900045666,1,10,,0,2,2,1,A01
201900045666,1,7,,0,2,3,1,B01
201900045667,2,14,,0,1,2,1,A01
201900045668,1,7,,0,2,3,13,A01
201900045668,2,33,,0,2,1,1,B01
201900045669,1,7,,0,2,2,1,A01
201900045669,2,34,,0,2,1,1,C01
201900045669,1,7,,0,2,1,13,B01
201900045670,1,7,,13,0,1,13,A01
201900045671,3,31,,3,2,2,1,A01
201900045671,3,31,,0,2,1,1,B01
201900045672,0,7,,0,0,1,1,A01
201900045673,2,7,,0,2,1,1,B01
201900045673,1,7,,0,2,1,5,A01
201900045674,1,7,,0,2,2,1,B01
201900045674,1,7,,0,2,3,16,A01
201900045675,3,7,,6,0,2,0,A01
201900045676,3,7,,0,2,1,15,A01
201900045676,1,7,,8,2,8,1,B01
201900045677,2,7,,0,2,2,17,A01
201900045677,2,7,,0,0,3,15,B01
201900045678,2,7,,0,2,3,1,B01
201900045678,1,33,,0,2,8,1,A01
201900045679,3,7,,0,2,8,15,B01
201900045679,3,31,,0,2,1,1,A01
201900045680,2,1,,0,2,1,1,B01
201900045680,1,7,,0,2,7,19,A01
201900045681,1,7,,13,0,1,1,A01
201900045682,1,2,,6,0,1,1,A01
201900045683,2,7,,2,0,2,1,A01
201900045684,1,33,,0,0,1,1,A01
201900045685,1,2,,0,0,8,2,A01
201900045686,2,7,,0,2,1,15,A01
201900045686,1,7,,0,2,1,1,B01
201900045687,3,10,,0,1,5,4,A01
201900045688,1,33,,0,6,1,1,A01
201900045689,2,7,,0,0,8,1,B01
201900045689,2,7,,0,0,7,1,A01
201900045690,2,31,,0,2,3,1,B01
201900045690,1,7,,0,2,2,10,A01
201900045691,1,7,,0,2,1,5,A01
201900045691,2,14,,0,2,3,1,B01
201900045692,1,7,,0,1,2,1,A01
201900045693,1,7,,1,2,1,2,A01
201900045693,1,15,,0,0,4,23,B01
201900045694,1,7,,0,2,1,1,B01
201900045694,2,7,,0,2,1,13,A01
201900045695,3,7,,0,1,4,20,A01
201900045696,1,7,,2,0,2,14,A01
201900045697,1,7,,0,2,2,0,B01
201900045697,0,7,,0,2,3,9,A01
201900045698,1,7,,0,2,4,16,B01
201900045698,1,7,,0,2,1,1,A01
201900045699,1,33,,0,2,1,1,B01
201900045699,2,7,,0,2,2,15,A01
201900045700,1,7,,0,0,1,0,A01
201900045701,2,10,,0,2,6,11,B01
201900045701,2,33,,0,2,1,17,A01
201900045702,2,17,,0,0,0,26,A01
201900045703,1,10,,0,1,5,0,A01
201900045704,1,7,,0,2,1,1,B01
201900045704,1,1,,0,2,8,10,A01
201900045705,1,10,,0,2,4,2,B01
201900045705,1,7,,0,2,1,2,A01
201900045706,2,10,,0,2,1,1,B01
201900045706,1,7,,0,2,8,10,A01
201900045707,1,7,,0,2,1,9,A01
201900045707,2,1,,0,2,7,1,B01
201900045708,2,7,,0,1,1,1,A01
201900045709,1,33,,0,2,1,14,B01
201900045710,3,7,,0,2,8,1,B01
201900045710,3,7,,0,2,1,1,A01
201900045711,3,1,,0,2,0,0,B01
201900045711,3,7,,0,2,8,24,A01
201900045712,2,31,,0,2,4,23,B01
201900045712,2,7,,0,2,1,1,A01
201900045713,3,7,,0,1,1,1,A01
201900045714,3,30,,0,1,1,26,A01
201900045715,2,7,,0,4,9,1,A01
201900045716,2,7,,0,1,5,4,A01
201900045717,3,2,,0,2,1,1,B01
201900045717,3,7,,0,2,7,15,A01
201900045718,3,7,,0,2,1,13,A01
201900045718,3,7,,0,2,1,1,B01
201900045719,1,7,,0,2,3,1,A01
201900045719,3,1,,0,2,1,1,B01
201900045720,3,7,,0,2,1,13,A01
201900045720,3,33,,0,2,1,1,B01
201900045721,2,32,,0,2,1,1,B01
201900045721,1,7,,0,2,1,26,A01
201900045722,1,7,,8,2,1,19,A01
201900045722,1,7,,0,2,3,1,B01
201900045723,0,30,,0,2,1,9,A01
201900045723,2,34,,0,2,4,1,B01
201900045724,3,7,,0,2,3,19,A01
201900045724,3,32,,1,2,1,19,B01
201900045725,1,7,,0,2,1,1,B01
201900045725,2,7,,0,2,1,13,A01
201900045726,1,7,,0,2,1,13,A01
201900045726,1,99,,0,2,1,1,B01
201900045727,1,7,,0,1,3,9,A01
201900045728,1,2,,0,2,7,1,B01
201900045728,3,10,,0,2,7,9,A01
201900045729,2,34,,0,2,1,1,A01
201900045729,3,7,,0,2,1,13,B01
201900045730,3,7,,0,1,1,1,A01
201900045731,1,32,,0,2,1,2,C01
201900045731,1,7,,0,2,5,15,B01
201900045731,1,30,,0,2,1,2,A01
201900045732,1,7,,0,2,1,2,A01
201900045732,1,2,,0,2,4,2,B01
201900045732,3,7,,0,2,4,2,C01
201900045732,3,7,,0,2,4,2,D01
201900045733,1,33,,0,2,1,1,B01
201900045733,2,7,,0,2,3,26,A01
201900045734,1,7,,0,1,2,1,A01
201900045735,1,7,,0,2,1,13,A01
201900045735,2,7,,0,2,1,1,B01
201900045736,1,30,,15,0,3,13,A01
201900045737,1,7,,0,2,1,13,A01
201900045737,2,7,,0,2,3,1,B01
201900045738,2,33,,0,2,8,1,B01
201900045738,2,33,,0,2,2,16,A01
201900045739,2,10,,0,1,2,1,A01
201900045740,2,3,,4,2,8,26,A01
201900045740,1,7,,0,2,1,0,B01
201900045740,2,34,,0,2,8,0,C01
201900045741,1,7,,0,1,1,26,A01
201900045742,1,7,,0,0,2,15,A01
201900045742,1,10,,0,2,1,26,B01
201900045743,2,7,,13,0,7,14,A01
201900045744,3,7,,0,2,1,2,A01
201900045744,3,33,,0,2,1,2,B01
201900045745,1,7,,0,2,8,9,A01
201900045745,1,2,,0,2,1,2,B01
201900045746,3,10,,0,1,5,26,A01
201900045747,1,7,,0,2,1,13,A01
201900045747,2,7,,0,2,1,0,B01
201900045748,0,1,,0,2,1,1,B01
201900045748,0,10,,0,2,3,16,A01
201900045749,0,1,,0,1,1,1,A01
201900045750,0,1,,0,2,1,1,B01
201900045750,0,7,,0,2,1,20,A01
201900045751,0,7,,0,1,0,1,A01
201900045752,0,7,,0,2,4,1,C01
201900045752,0,7,,0,2,4,1,B01
201900045752,0,7,,0,2,1,1,A01
201900045753,0,2,,0,2,1,1,B01
201900045753,0,7,,0,2,8,10,A01
201900045754,0,17,,0,2,7,15,A01
201900045754,0,7,,0,2,1,1,B01
201900045755,0,7,,0,2,0,1,A01
201900045755,0,1,,0,2,4,1,B01
201900045756,0,30,,0,2,1,1,A01
201900045756,0,7,,0,2,8,1,B01
201900045757,0,7,,0,2,2,15,A01
201900045757,0,7,,0,2,8,1,B01
201900045758,0,7,,0,1,1,15,A01
201900045759,0,34,,0,2,1,0,A01
201900045759,0,7,,0,2,8,15,B01
201900045760,1,7,,0,2,3,1,A01
201900045760,1,2,,0,2,7,19,B01
201900045761,3,7,,0,1,2,1,A01
201900045762,1,7,,0,1,2,1,A01
201900045763,1,1,,0,1,1,26,A01
201900045764,2,7,,0,1,7,1,A01
201900045765,3,10,,0,1,0,1,A01
201900045766,2,7,,0,1,2,1,A01
201900045767,2,7,,0,2,1,13,A01
201900045767,1,7,,0,2,3,1,B01
201900045768,1,99,,0,2,0,26,A01
201900045768,1,7,,0,2,3,9,B01
201900045769,3,7,,1,0,0,13,A01
201900045770,2,7,,0,2,2,17,A01
201900045770,2,1,,1,2,4,2,B01
201900045771,2,33,,9,0,1,1,B01
201900045771,2,7,,0,2,8,13,A01
201900045772,3,33,,0,0,7,26,A01
201900045773,1,99,,1,0,7,26,A01
201900045774,3,7,,0,2,3,1,B01
201900045774,3,7,,0,2,3,15,A01
201900045775,1,7,,0,2,3,13,A01
201900045775,2,7,,0,2,3,1,B01
201900045775,2,7,,0,2,1,1,C01
201900045776,2,7,,0,1,8,1,B01
201900045776,1,7,,0,2,1,15,A01
201900045777,1,30,,0,1,1,21,A01
201900045778,2,7,,0,1,3,1,A01
201900045779,1,37,18.0,9,0,3,15,A01
201900045780,1,7,,0,1,1,1,A01
201900045781,3,7,,0,1,8,15,A01
201900045782,1,7,,0,0,0,0,A01
201900045783,2,30,,0,2,7,9,A01
201900045783,0,7,,0,2,1,9,B01
201900045784,1,33,,0,2,1,1,B01
201900045784,1,7,,0,2,6,19,A01
201900045785,1,30,,11,0,1,13,A01
201900045786,1,7,,0,2,0,15,A01
201900045786,1,7,,0,2,1,21,B01
201900045786,2,7,,0,2,1,1,C01
201900045787,2,7,,0,2,3,1,B01
201900045787,1,7,,0,2,3,1,A01
201900045788,3,50,,0,2,7,19,B01
201900045788,1,7,,0,1,8,1,A01
201900045789,1,34,,6,0,1,16,A01
201900045790,1,7,,0,6,2,17,A01
201900045790,1,1,,0,2,4,1,B01
201900045791,1,7,,0,2,8,13,A01
201900045791,2,7,,0,2,1,2,B01
201900045792,1,7,,0,1,1,1,A01
201900045793,1,1,,0,0,7,19,B01
201900045793,1,7,,0,6,1,1,A01
201900045794,2,7,,0,1,2,1,Z01
201900045795,3,33,,0,2,2,1,B01
201900045795,1,7,,0,2,7,15,A01
201900045796,1,7,,0,0,1,5,A01
201900045796,2,7,,0,0,1,1,B01
201900045797,0,7,,9,2,1,1,B01
201900045797,0,7,,0,2,7,1,A01
201900045798,0,7,,0,1,1,1,A01
201900045799,1,7,,1,0,1,1,Z01
201900045800,0,2,,0,2,3,1,C01
201900045800,0,30,,0,2,1,1,B01
201900045800,0,7,,0,2,6,15,A01
201900045801,1,7,,13,0,9,1,A01
201900045802,0,7,,0,1,1,15,A01
201900045803,0,7,,0,2,1,17,A01
201900045803,0,7,,0,2,4,15,B01
201900045804,0,7,,0,2,1,13,A01
201900045804,0,7,,0,2,3,0,B01
201900045805,0,32,,0,2,1,1,B01
201900045805,0,7,,0,2,5,15,A01
201900045806,1,33,,0,2,0,1,B01
201900045806,1,7,,0,2,0,15,A01
201900045807,3,2,,14,0,1,1,A01
201900045808,0,7,,0,1,3,15,A01
201900045809,3,33,,11,0,0,1,A01
201900045810,2,30,,0,2,1,1,A01
201900045810,2,7,,0,2,8,1,B01
201900045810,1,7,,0,2,0,13,Z01
201900045811,1,7,,0,2,4,1,B01
201900045811,1,1,,0,2,1,1,A01
201900045812,0,7,,6,0,3,13,A01
201900045813,2,7,,0,2,5,15,A01
201900045813,1,30,,0,2,1,1,B01
201900045814,1,33,,0,2,1,1,B01
201900045814,2,7,,0,2,1,15,A01
201900045815,3,7,,0,2,5,1,A01
201900045815,0,7,,0,2,1,1,B01
201900045816,0,2,,0,2,8,13,B01
201900045816,0,7,,0,2,2,13,A01
201900045817,2,7,,0,2,5,15,B01
201900045817,2,7,,0,2,3,1,A01
201900045818,2,7,,8,0,9,0,A01
201900045819,1,32,,1,2,1,1,B01
201900045819,2,7,,0,2,3,15,A01
201900045820,2,7,,0,1,1,1,A01
201900045821,1,7,,6,0,1,0,A01
201900045822,1,7,,0,0,4,1,B01
201900045822,1,7,,0,2,1,2,A01
201900045823,1,7,,0,2,1,1,A01
201900045823,3,2,,0,2,8,25,B01
201900045824,3,7,,0,2,6,1,A01
201900045824,3,7,,0,2,1,1,C01
201900045824,3,32,,0,2,1,17,B01
201900045825,3,36,,0,1,4,4,A01
201900045826,3,10,,0,2,3,2,B01
201900045826,3,1,,0,2,1,21,A01
201900045827,2,7,,14,6,7,19,A01
201900045828,3,7,,0,1,1,25,A01
201900045829,2,7,,0,2,2,15,A01
201900045829,1,31,,0,2,1,18,B01
201900045830,1,7,,0,2,3,1,B01
201900045830,1,2,,0,2,1,1,A01
201900045831,2,2,,0,2,1,17,A01
201900045831,2,7,,0,2,3,15,B01
201900045832,2,7,,0,2,2,16,A01
201900045832,2,1,,0,2,1,1,B01
201900045833,1,7,,0,2,3,1,B01
201900045833,1,7,,0,2,1,13,A01
201900045834,2,7,,8,0,1,1,A01
201900045835,2,7,,0,1,1,1,A01
201900045836,1,7,,0,2,1,1,A01
201900045836,3,7,,0,2,1,1,B01
201900045837,1,7,,6,2,1,13,A01
201900045837,1,7,,0,2,8,1,B01
201900045838,1,7,,0,2,3,15,A01
201900045838,1,2,,0,2,2,2,B01
201900045839,1,7,,0,2,2,1,B01
201900045839,1,30,,0,2,1,17,A01
201900045840,3,7,,0,2,1,2,A01
201900045840,3,7,,9,2,4,2,B01
201900045841,3,7,,0,2,6,1,B01
201900045841,3,0,,0,2,1,1,A01
201900045842,2,7,,6,0,1,15,A01
201900045843,2,33,,0,0,8,21,A01
201900045844,1,7,,0,2,3,15,A01
201900045844,1,33,,0,2,6,13,B01
201900045845,1,30,,1,0,1,26,A01
201900045846,1,30,,0,2,1,1,B01
201900045846,3,7,,0,2,4,20,A01
201900045847,1,7,,0,2,3,1,B01
201900045847,1,1,,0,2,1,26,A01
201900045848,3,2,,8,2,8,19,A01
201900045848,3,7,,0,2,1,1,B01
201900045849,3,7,,0,2,7,11,A01
201900045849,3,7,,0,2,8,1,B01
201900045850,1,7,,0,2,3,20,B01
201900045850,1,43,,0,2,2,17,A01
201900045851,2,7,,0,1,0,1,Z01
201900045852,1,3,,1,1,1,19,A01
201900045852,1,0,,0,1,1,19,Y01
201900045853,1,33,,4,0,7,1,A01
201900045854,2,7,,9,0,1,15,A01
201900045855,1,7,,0,2,1,2,A01
201900045855,1,7,,0,2,4,2,B01
201900045855,1,7,,0,2,0,0,C01
201900045856,1,32,,1,0,2,17,A01
201900045857,2,7,,0,2,2,9,A01
201900045857,2,2,,0,2,1,17,B01
201900045858,3,1,,0,2,6,16,B01
201900045858,3,7,,0,1,0,0,A01
201900045859,3,7,,0,2,2,1,A01
201900045859,3,32,,0,2,1,0,B01
201900045860,1,32,,0,2,8,1,B01
201900045860,1,7,,0,2,2,15,A01
201900045861,1,7,,0,0,8,24,FB01
201900045861,1,30,,1,0,1,1,A01
201900045862,2,7,,0,1,2,2,A01
201900045863,3,7,,0,1,3,15,A01
201900045864,2,7,,0,2,3,9,A01
201900045864,1,2,,0,2,7,1,B01
201900045865,2,7,,2,0,1,1,A01
201900045866,0,7,,0,0,0,16,A01
201900045867,3,7,,0,2,3,15,A01
201900045867,2,33,,0,2,1,1,B01
201900045868,1,7,,0,2,7,19,B01
201900045868,2,7,,0,2,1,1,A01
201900045869,2,7,,0,2,3,13,A01
201900045869,1,14,,0,2,3,13,B01
201900045870,1,7,,0,2,3,1,A01
201900045870,2,7,,0,2,2,11,B01
201900045870,2,7,,0,2,3,1,C01
201900045871,1,7,,2,0,1,1,A01
201900045872,1,17,,0,1,7,13,A01
201900045873,3,36,,5,0,1,1,A01
201900045874,2,31,,0,2,3,21,A01
201900045874,2,7,,0,0,5,17,B01
201900045875,1,7,,0,2,8,15,A01
201900045875,1,7,,0,2,1,1,B01
201900045876,1,33,,0,0,0,1,A01
201900045877,2,7,,13,0,1,1,A01
201900045878,2,7,,2,0,1,13,A01
201900045879,2,7,,0,1,3,1,A01
201900045880,2,33,,0,0,0,1,A01
201900045881,1,7,,0,2,8,15,B01
201900045881,1,33,,0,2,1,17,A01
201900045882,2,7,,0,2,1,13,A01
201900045882,1,15,,0,2,1,1,B01
201900045883,1,7,,0,2,3,1,B01
201900045883,2,7,,0,2,3,13,A01
201900045884,2,33,,7,0,1,15,A01
201900045885,3,33,,16,0,7,1,A01
201900045886,1,33,,0,2,2,17,B01
201900045886,1,7,,0,2,6,17,A01
201900045887,2,7,,0,0,6,15,A01
201900045887,2,7,,0,2,1,17,B01
201900045888,1,7,,0,2,1,5,A01
201900045888,1,7,,0,2,1,5,B01
201900045889,2,7,,15,2,3,1,B01
201900045889,1,7,,0,2,3,5,A01
201900045890,2,33,,0,2,3,17,A01
201900045890,1,30,,0,2,1,1,B01
201900045891,1,7,,0,2,1,1,B01
201900045891,3,7,,7,2,7,19,A01
201900045892,2,7,,0,2,1,19,A01
201900045892,2,7,,0,0,6,1,B01
201900045893,1,7,,0,0,0,1,A01
201900045894,3,7,,0,1,3,15,A01
201900045895,3,31,,3,0,2,1,A01
201900045896,1,7,,0,2,1,2,A01
201900045896,1,7,,0,2,4,2,B01
201900045897,2,7,,0,2,2,1,A01
201900045897,2,7,,0,2,6,23,B01
201900045898,0,33,,14,0,7,1,A01
201900045899,2,2,,11,0,1,2,A01
201900045900,0,7,,0,1,3,1,A01
201900045901,3,1,,0,2,3,2,B01
201900045901,3,7,,0,9,2,2,A01
201900045902,2,7,,7,0,9,0,A01
201900045903,2,7,,0,1,1,1,A01
201900045904,3,7,,0,2,1,19,A01
201900045904,3,33,,0,2,8,15,B01
201900045905,2,7,,0,2,8,0,B01
201900045905,1,7,,0,2,1,5,A01
201900045906,2,7,,0,2,3,9,A01
201900045906,2,34,,0,2,1,1,B01
201900045907,2,7,,0,2,1,1,B01
201900045907,1,7,,0,2,1,5,A01
201900045908,1,2,,0,2,1,2,B01
201900045908,1,7,,0,2,7,16,A01
201900045909,1,33,,0,2,1,1,B01
201900045909,2,7,,0,2,2,15,A01
201900045910,2,33,,0,0,1,1,A01
201900045911,1,30,,0,2,1,1,B01
201900045911,2,7,,0,0,3,15,A01
201900045912,1,7,,0,2,7,9,A01
201900045912,1,10,,0,2,1,1,B01
201900045913,1,7,,0,2,8,1,B01
201900045913,3,7,,0,2,2,19,A01
201900045914,2,33,,8,0,1,1,A01
201900045915,1,7,,0,2,1,1,C01
201900045915,1,7,,0,2,1,1,B01
201900045915,1,7,,0,2,4,1,A01
201900045916,1,7,,0,2,4,1,B01
201900045916,1,7,,4,2,1,2,A01
201900045917,1,7,,0,2,1,1,C01
201900045917,1,7,,0,2,4,1,B01
201900045917,1,7,,0,2,4,1,A01
201900045918,1,7,,0,2,4,2,B01
201900045918,1,7,,0,2,1,2,D01
201900045918,1,10,,0,2,1,2,C01
201900045918,1,7,,0,2,4,2,A01
201900045919,2,10,,0,2,1,21,A01
201900045919,2,7,,0,2,3,11,B01
201900045920,2,33,,0,2,7,3,B01
201900045920,2,7,,0,2,8,11,A01
201900045921,2,7,,0,1,1,1,A01
201900045922,2,7,,3,2,5,1,B01
201900045922,2,15,,0,2,3,11,A01
201900045923,1,7,,0,2,3,2,B01
201900045923,3,1,,0,2,1,2,A01
201900045924,1,7,,0,2,7,1,C01
201900045924,2,1,,0,2,1,0,B01
201900045924,1,1,,0,2,1,11,A01
201900045925,2,10,,0,1,6,4,A01
201900045926,1,7,,0,2,2,17,A01
201900045926,1,7,,0,0,8,15,B01
201900045927,3,7,,9,0,0,0,A01
201900045927,3,1,,8,0,0,0,B01
201900045928,1,7,,0,2,1,19,A01
201900045928,1,33,,0,2,3,1,B01
201900045929,2,7,,1,1,1,21,A01
201900045930,1,7,,0,1,3,15,A01
201900045931,1,7,,0,1,1,26,A01
201900045932,1,7,,0,2,8,20,A01
201900045932,1,31,,0,2,7,2,B01
201900045933,1,34,,0,0,0,26,B01
201900045933,1,10,,1,0,0,24,A01
201900045934,2,32,,0,2,3,1,B01
201900045934,1,7,,0,2,2,15,A01
201900045935,0,30,,0,0,2,26,A01
201900045936,3,10,,0,2,3,1,A01
201900045936,3,30,,0,2,4,0,B01
201900045937,1,7,,0,1,8,15,A01
201900045938,1,50,,14,0,1,26,A01
201900045939,1,32,,0,2,2,0,B01
201900045939,1,10,,1,0,6,20,A01
201900045940,2,7,,0,1,1,1,A01
201900045941,1,33,,0,2,2,2,B01
201900045941,1,7,,0,2,6,15,A01
201900045942,2,34,,0,2,0,21,B01
201900045942,2,10,,0,1,3,9,A01
201900045943,1,7,,0,1,7,1,A01
201900045944,1,33,,0,2,8,19,B01
201900045944,1,7,,0,2,1,15,A01
201900045945,1,33,,9,0,1,19,A01
201900045946,1,30,,0,0,0,19,A01
201900045947,1,2,,0,2,1,1,A01
201900045947,2,7,,0,2,3,15,B01
201900045948,1,10,,4,0,8,0,A01
201900045949,1,0,,0,2,1,1,B01
201900045949,3,33,,0,2,1,17,A01
201900045950,3,7,,0,2,7,19,A01
201900045950,2,7,,0,2,1,1,B01
201900045951,1,7,,2,0,1,21,A01
201900045952,1,7,,0,2,1,5,B01
201900045952,1,7,,0,2,1,5,A01
201900045953,2,30,,0,2,1,2,B01
201900045953,3,7,,0,6,5,26,A01
201900045954,3,33,,0,2,1,26,B01
201900045954,3,7,,0,2,2,26,A01
201900045955,2,7,,6,2,1,21,A01
201900045956,1,7,,0,2,4,2,B01
201900045956,1,7,,0,2,1,2,A01
201900045957,1,7,,0,1,0,1,A01
201900045958,0,7,,0,0,0,1,C01
201900045958,1,7,,0,6,1,17,A01
201900045959,3,7,,0,2,2,15,A01
201900045959,3,1,,0,2,3,19,B01
201900045959,3,1,,0,2,8,19,C01
201900045960,2,1,,0,0,1,5,B01
201900045960,2,7,,0,2,3,1,A01
201900045961,1,7,,0,2,1,1,B01
201900045961,1,7,,0,2,4,23,A01
201900045962,1,7,,0,1,1,1,A01
201900045963,1,7,,0,2,8,15,A01
201900045963,1,1,,0,2,1,1,B01
201900045964,2,7,,0,2,2,1,B01
201900045964,1,7,,0,2,1,1,A01
201900045965,2,7,,0,2,2,1,A01
201900045965,3,7,,0,2,1,1,B01
201900045966,1,10,,0,2,1,5,A01
201900045966,1,7,,15,0,8,15,B01
201900045967,1,7,,0,1,3,0,A01
201900045968,2,31,,0,2,3,17,A01
201900045968,2,7,,0,2,3,15,B01
201900045969,3,7,,0,1,1,1,A01
201900045970,2,7,,0,1,1,25,A01
201900045971,1,7,,0,1,3,19,B01
201900045972,2,10,,0,1,1,1,A01
201900045973,2,7,,0,2,3,15,A01
201900045973,1,33,,0,2,8,1,B01
201900045974,2,33,,0,2,1,17,A01
201900045974,1,7,,0,2,8,15,B01
201900045975,3,7,,0,1,1,11,A01
201900045976,1,33,,0,0,0,0,B01
201900045976,2,7,,0,2,2,1,A01
201900045977,2,7,,0,1,2,26,A01
201900045978,1,7,,0,1,3,1,A01
201900045979,1,7,,0,2,8,9,A01
201900045979,1,14,,0,2,7,1,B01
201900045980,1,7,,0,1,0,1,A01
201900045981,0,7,,0,2,1,2,A01
201900045981,0,7,,0,2,4,2,B01
201900045982,1,10,,0,6,1,0,X01
201900045982,3,1,,0,2,7,9,B01
201900045983,1,33,,0,1,1,1,A01
201900045984,1,1,,0,2,8,13,B01
201900045984,1,7,,0,2,1,11,A01
201900045985,0,33,,0,2,1,1,B01
201900045985,0,7,,0,2,3,15,A01
201900045986,1,7,,0,1,2,1,A01
201900045987,3,7,,12,0,2,14,A01
201900045988,3,7,,0,1,3,1,A01
201900045989,1,10,,0,1,1,15,A01
201900045990,1,7,,13,2,8,9,A01
201900045990,1,15,,0,2,2,1,B01
201900045991,2,7,,0,2,0,17,A01
201900045991,2,7,,0,2,1,14,C01
201900045991,1,7,,0,2,8,21,B01
201900045992,1,7,,0,1,2,16,A01
201900045993,0,33,,0,2,1,1,A01
201900045993,0,7,,0,2,1,15,B01
201900045994,3,7,,0,2,1,2,A01
201900045994,3,7,,0,2,4,2,B01
201900045995,1,7,,0,1,1,26,A01
201900045996,2,7,,0,2,1,1,B01
201900045996,2,10,,0,2,1,1,A01
201900045997,3,7,,0,2,2,1,B01
201900045997,3,7,,0,2,1,20,A01
201900045998,2,7,,15,0,1,1,A01
201900045999,1,10,,0,2,3,1,A01
201900045999,2,10,,0,2,3,15,B01
201900046000,2,7,,0,1,1,1,A01
201900046001,1,7,,0,2,4,2,C01
201900046001,1,7,,0,2,4,2,B01
201900046001,1,10,,0,2,1,2,A01
201900046002,2,7,,0,2,0,10,Z01
201900046002,1,1,,0,2,1,21,A01
201900046003,2,7,,0,2,3,1,B01
201900046003,1,1,,0,2,7,19,A01
201900046004,3,7,,0,1,7,1,A01
201900046005,0,33,,0,1,1,1,A01
201900046006,2,7,,0,0,7,1,A01
201900046007,1,7,,0,1,3,15,A01
201900046008,1,1,,0,2,1,3,B01
201900046008,1,7,,0,2,8,10,A01
201900046009,2,33,,4,0,1,9,A01
201900046010,3,7,,0,2,7,26,A01
201900046010,3,1,,0,2,1,15,B01
201900046011,2,7,,0,2,3,9,A01
201900046011,1,80,,0,2,1,3,B01
201900046012,0,7,,0,1,1,1,A01
201900046013,1,7,,1,1,2,1,A01
201900046014,2,7,,0,2,3,21,B01
201900046014,1,7,,0,2,1,1,A01
201900046015,3,7,,0,2,1,13,A01
201900046015,3,37,1.0,0,2,3,1,B01
201900046016,1,33,,0,2,7,2,B01
201900046016,1,7,,0,2,3,20,Z01
201900046017,3,10,,14,0,1,1,A01
201900046018,1,7,,0,2,0,1,A01
201900046018,1,7,,0,2,0,1,B01
201900046019,3,7,,0,2,8,1,B01
201900046019,0,7,,0,2,1,15,A01
201900046020,1,7,,0,2,4,2,B01
201900046020,1,7,,0,2,1,2,A01
201900046021,0,3,,0,0,9,26,A01
201900046022,1,7,,0,1,1,16,A01
201900046023,1,1,,0,0,0,1,A01
201900046024,1,7,,0,2,3,13,A01
201900046024,2,7,,0,2,3,1,B01
201900046025,1,1,,0,2,2,23,B01
201900046025,2,7,,0,2,2,15,A01
201900046026,1,33,,0,2,8,1,B01
201900046026,2,7,,0,2,3,15,A01
201900046027,3,33,,0,1,1,26,A01
201900046028,3,7,,4,0,5,16,A01
201900046029,1,7,,0,2,1,2,B01
201900046029,1,7,,0,2,4,2,C01
201900046029,1,7,,0,2,1,2,A01
201900046030,0,7,,0,1,0,1,A01
201900046031,1,30,,0,2,1,1,B01
201900046031,1,7,,0,2,3,15,A01
201900046032,1,37,1.0,0,1,1,9,A01
201900046033,3,7,,0,1,1,1,A01
201900046034,1,33,,0,2,3,3,B01
201900046034,1,33,,0,2,2,12,A01
201900046035,2,7,,0,2,7,12,A01
201900046035,2,33,,0,2,8,3,B01
201900046035,2,7,,0,2,4,1,C01
201900046036,1,10,,0,2,8,10,A01
201900046036,1,33,,0,2,1,1,B01
201900046037,2,10,,0,1,2,15,A01
201900046038,2,40,,0,1,2,1,A01
201900046039,2,32,,0,2,7,9,B01
201900046039,1,7,,1,2,7,5,A01
201900046040,1,7,,0,2,5,1,A01
201900046040,1,7,,1,2,5,1,Z01
201900046041,1,10,,0,2,3,15,A01
201900046041,1,30,,0,2,1,1,B01
201900046042,2,10,,0,2,4,23,D01