Num_Acc,senc,catv,occutc,obs,obsm,choc,manv,num_veh
201900046042,2,7,,0,2,4,23,C01
201900046042,2,7,,0,2,4,23,B01
201900046042,2,7,,0,2,1,2,A01
201900046043,2,33,,0,2,1,2,A01
201900046043,2,10,,0,2,4,2,B01
201900046044,1,10,,0,1,3,16,A01
201900046045,1,7,,0,2,3,2,A01
201900046045,1,33,,0,2,7,23,B01
201900046046,1,7,,0,2,2,16,A01
201900046046,1,50,,0,2,7,1,B01
201900046047,1,10,,0,1,1,15,A01
201900046048,1,7,,0,2,8,11,A01
201900046048,1,30,,0,2,8,1,B01
201900046049,1,7,,0,2,1,1,A01
201900046049,1,15,,0,2,4,1,B01
201900046050,2,1,,0,2,4,11,Y01
201900046050,2,10,,0,2,1,1,A01
201900046051,1,7,,0,1,2,1,A01
201900046052,2,10,,0,2,4,23,A01
201900046052,2,7,,0,2,4,23,B01
201900046053,2,7,,0,2,4,0,C01
201900046053,2,7,,0,2,4,0,B01
201900046053,2,10,,0,2,1,0,A01
201900046054,1,15,,0,6,6,16,A01
201900046054,1,1,,0,6,1,15,B01
201900046055,1,50,,0,2,1,19,B01
201900046055,2,14,,0,2,7,16,A01
201900046056,3,37,1.0,8,0,2,1,A01
201900046057,3,37,1.0,0,1,3,26,A01
201900046058,3,34,,0,2,1,3,A01
201900046058,3,7,,0,2,3,5,B01
201900046058,3,7,,0,2,3,2,C01
201900046059,1,99,,0,2,4,23,B01
201900046059,1,33,,0,2,1,26,A01
201900046060,0,7,,8,2,6,1,B01
201900046060,1,7,,8,2,1,15,A01
201900046061,3,7,,0,1,2,26,B01
201900046062,3,1,,0,2,1,21,B01
201900046062,3,7,,0,9,1,1,A01
201900046063,3,7,,0,1,0,15,A01
201900046064,2,30,,15,2,3,9,A01
201900046064,2,30,,0,2,7,0,B01
201900046065,1,33,,0,2,8,19,B01
201900046065,2,7,,0,2,1,1,A01
201900046066,1,7,,0,1,3,26,A01
201900046067,3,7,,1,0,2,14,A01
201900046068,3,37,2.0,0,2,8,1,B01
201900046068,3,7,,0,2,1,17,A01
201900046069,1,7,,0,1,0,0,Z01
201900046070,0,7,,0,1,4,4,A01
201900046071,2,7,,0,2,1,1,D01
201900046071,2,7,,0,2,1,1,C01
201900046071,2,7,,0,2,1,1,B01
201900046071,1,7,,0,2,1,13,A01
201900046072,1,7,,6,0,3,1,A01
201900046073,2,7,,0,2,1,1,B01
201900046073,2,10,,0,0,4,1,A01
201900046074,1,7,,0,2,1,2,D01
201900046074,1,7,,0,2,4,1,C01
201900046074,1,7,,0,2,4,1,B01
201900046074,0,7,,0,2,4,2,A01
201900046075,3,7,,0,2,3,15,B01
201900046075,3,2,,0,2,8,1,A01
201900046076,2,7,,0,1,2,2,A01
201900046077,1,7,,3,0,3,1,A01
201900046078,2,15,,0,2,1,1,B01
201900046078,2,7,,0,2,1,1,A01
201900046079,1,10,,0,0,0,17,C01
201900046079,1,7,,0,2,1,1,B01
201900046079,2,7,,0,2,1,21,A01
201900046080,1,33,,0,0,5,1,B01
201900046080,2,3,,0,2,2,15,A01
201900046081,1,7,,0,0,9,1,A01
201900046082,1,10,,0,2,3,26,A01
201900046082,2,7,,0,2,3,26,B01
201900046083,0,7,,0,0,3,15,B01
201900046083,0,7,,0,2,3,13,A01
201900046084,1,7,,13,0,9,1,A01
201900046085,2,33,,0,0,8,1,A01
201900046086,1,7,,8,0,2,1,A01
201900046087,3,99,,0,2,2,19,A01
201900046087,3,7,,0,2,1,1,B01
201900046088,0,7,,0,2,5,24,A01
201900046088,1,7,,1,2,3,17,B01
201900046088,1,13,,0,2,2,17,C01
201900046089,1,7,,13,0,3,1,A01
201900046090,2,7,,2,0,2,1,A01
201900046091,2,7,,0,2,2,13,A01
201900046091,1,7,,0,2,2,0,B01
201900046091,1,7,,0,2,1,2,C01
201900046092,2,7,,0,1,1,1,A01
201900046093,1,7,,2,0,1,15,A01
201900046094,2,7,,0,9,1,26,A01
201900046094,2,1,,0,0,4,1,B01
201900046095,0,33,,0,2,1,1,A01
201900046095,0,10,,0,2,1,0,B01
201900046096,2,7,,0,2,3,13,A01
201900046096,1,7,,0,2,3,1,B01
201900046097,1,7,,0,2,2,1,A01
201900046097,1,2,,0,0,4,1,B01
201900046098,1,7,,2,0,1,19,A01
201900046099,0,33,,0,0,4,15,B01
201900046099,0,10,,0,2,3,17,A01
201900046100,1,7,,0,2,1,1,C01
201900046100,2,7,,0,0,4,15,B01
201900046100,2,10,,0,2,1,1,A01
201900046101,1,15,,0,2,3,2,A01
201900046101,1,2,,0,0,8,15,B01
201900046102,1,7,,3,0,0,1,A01
201900046103,1,7,,0,1,2,14,A01
201900046104,1,30,,0,2,1,13,A01
201900046104,2,14,,0,2,3,1,B01
201900046105,2,7,,4,0,1,1,A01
201900046106,2,7,,0,2,1,2,B01
201900046106,2,10,,0,0,4,1,A01
201900046107,3,2,,13,0,0,1,A01
201900046108,0,7,,13,0,1,13,A01
201900046109,1,7,,16,0,1,14,A01
201900046110,1,7,,13,0,1,14,A01
201900046111,2,38,1.0,0,2,6,1,E01
201900046111,1,7,,0,2,1,1,D01
201900046111,1,7,,0,2,1,1,C01
201900046111,1,7,,0,2,1,1,B01
201900046111,2,7,,0,2,1,17,A01
201900046112,2,7,,0,2,2,1,A01
201900046112,2,7,,0,2,3,15,B01
201900046113,1,1,,10,0,0,5,A01
201900046114,3,7,,0,2,3,15,B01
201900046114,3,32,,0,2,3,1,A01
201900046115,2,1,,0,0,7,1,A01
201900046116,2,7,,0,2,3,1,A01
201900046116,3,2,,0,2,8,15,B01
201900046117,1,99,,2,0,8,1,A01
201900046118,2,7,,0,2,7,23,B01
201900046118,2,7,,0,1,3,0,A01
201900046119,1,50,,0,2,1,19,B01
201900046119,1,7,,0,9,8,16,A01
201900046120,3,30,,2,0,1,1,A01
201900046121,2,7,,0,0,6,23,B01
201900046121,2,34,,0,2,1,2,A01
201900046122,2,7,,0,2,8,9,B01
201900046122,1,7,,0,2,1,1,A01
201900046123,0,2,,0,2,1,5,A01
201900046123,0,7,,0,2,2,0,B01
201900046124,2,15,,0,2,3,1,A01
201900046124,1,7,,0,2,1,15,B01
201900046125,1,7,,0,1,3,0,A01
201900046126,2,7,,0,2,1,2,B01
201900046126,2,7,,0,2,4,1,A01
201900046127,2,7,,0,2,1,2,C01
201900046127,2,7,,0,2,4,2,B01
201900046127,2,7,,0,2,4,1,A01
201900046128,2,14,,0,2,4,13,A01
201900046128,2,10,,0,2,1,1,B01
201900046128,2,15,,0,2,3,1,C01
201900046129,2,7,,0,0,2,16,A01
201900046130,2,7,,0,2,1,2,B01
201900046130,2,7,,0,2,4,26,A01
201900046131,2,7,,4,0,1,0,A01
201900046132,2,7,,0,2,4,2,C01
201900046132,2,10,,0,2,4,2,B01
201900046132,2,7,,0,2,1,1,A01
201900046133,1,31,,0,2,8,0,B01
201900046133,2,7,,0,2,2,12,A01
201900046134,1,20,,0,2,9,1,A01
201900046134,1,7,,0,2,9,1,B01
201900046134,1,7,,0,2,9,1,C01
201900046134,1,7,,0,2,9,1,D01
201900046134,1,7,,0,2,9,1,E01
201900046134,1,7,,0,2,9,1,F01
201900046134,1,7,,0,2,9,1,G01
201900046134,1,10,,0,2,9,1,H01
201900046134,1,7,,0,2,9,1,I01
201900046134,1,7,,0,2,4,1,J01
201900046134,1,7,,1,2,4,1,K01
201900046134,1,7,,0,2,4,1,L01
201900046135,1,7,,4,2,3,26,Z01
201900046135,1,7,,0,2,8,2,B01
201900046136,2,7,,4,0,1,1,A01
201900046137,2,33,,0,2,2,3,B01
201900046137,2,7,,0,2,3,11,A01
201900046138,1,7,,3,2,1,23,A01
201900046138,1,10,,1,0,1,1,B01
201900046138,1,7,,1,0,4,23,C01
201900046139,2,7,,0,2,4,2,B01
201900046139,2,7,,0,2,1,1,A01
201900046140,1,7,,0,2,2,14,A01
201900046140,1,7,,0,2,6,1,B01
201900046141,1,7,,4,0,3,11,A01
201900046142,1,7,,0,2,0,0,Z01
201900046142,1,7,,4,2,6,1,B01
201900046143,1,7,,0,2,2,26,A01
201900046143,1,7,,0,2,8,1,B01
201900046144,2,7,,0,2,1,1,D01
201900046144,2,7,,0,2,4,2,C01
201900046144,2,7,,0,2,4,2,B01
201900046144,2,7,,0,2,4,2,A01
201900046145,1,7,,0,2,4,1,B01
201900046145,1,7,,0,2,1,1,A01
201900046146,2,7,,0,2,5,12,A01
201900046146,2,32,,0,2,8,3,B01
201900046147,1,33,,0,2,1,3,A01
201900046147,1,7,,0,2,8,11,B01
201900046148,2,33,,0,2,2,3,B01
201900046148,2,10,,0,2,3,11,A01
201900046149,1,10,,0,2,4,1,A01
201900046149,1,7,,0,2,1,1,D01
201900046149,1,7,,0,2,1,1,C01
201900046149,1,7,,0,2,4,1,B01
201900046150,2,33,,0,1,1,3,A01
201900046150,2,10,,0,2,4,1,B01
201900046151,1,33,,0,2,1,12,B01
201900046151,1,10,,0,2,2,1,A01
201900046152,2,30,,0,2,1,1,A01
201900046152,1,7,,0,2,7,1,B01
201900046153,2,2,,0,1,0,14,A01
201900046154,2,7,,0,2,4,2,C01
201900046154,2,7,,0,2,4,2,B01
201900046154,2,7,,0,2,1,2,A01
201900046155,1,7,,0,2,1,1,A01
201900046155,1,7,,0,2,4,2,B01
201900046155,1,7,,0,2,4,2,C01
201900046156,2,7,,4,0,1,1,A01
201900046157,1,7,,3,0,1,1,A01
201900046158,1,7,,0,2,1,2,A01
201900046158,1,7,,0,2,4,2,B01
201900046159,2,7,,0,2,8,11,A01
201900046159,2,33,,0,2,1,3,B01
201900046160,1,7,,0,2,1,1,B01
201900046160,1,31,,0,2,5,16,A01
201900046161,2,43,,0,2,8,3,A01
201900046161,2,7,,0,2,7,1,B01
201900046162,1,10,,0,2,5,1,A01
201900046162,1,7,,0,2,3,1,B01
201900046163,1,7,,0,2,3,1,A01
201900046163,1,7,,0,2,5,1,B01
201900046163,1,10,,0,2,1,14,Z01
201900046164,2,32,,0,1,3,1,A01
201900046165,2,10,,0,1,3,1,A01
201900046166,2,7,,0,2,3,10,A01
201900046166,2,32,,0,2,2,17,B01
201900046167,1,7,,0,1,4,4,A01
201900046168,1,1,,0,0,7,21,A01
201900046169,1,7,,0,2,3,2,Z01
201900046169,1,33,,0,2,4,2,A01
201900046170,1,37,5.0,0,0,0,21,A01
201900046171,2,32,,0,1,1,1,A01
201900046172,1,7,,0,2,5,15,A01
201900046172,1,33,,0,2,3,1,B01
201900046173,1,7,,0,2,7,15,B01
201900046173,1,31,,0,2,1,1,A01
201900046174,1,34,,0,2,1,17,A01
201900046174,1,7,,0,2,3,15,B01
201900046175,1,10,,0,2,2,16,A01
201900046175,1,1,,0,2,8,1,B01
201900046176,1,1,,0,2,1,15,A01
201900046176,2,7,,0,2,1,1,B01
201900046177,2,32,,0,1,8,1,A01
201900046178,1,7,,0,1,2,15,A01
201900046179,1,32,,0,1,1,3,A01
201900046180,1,7,,0,2,2,1,B01
201900046180,2,30,,0,2,5,1,A01
201900046181,1,7,,0,2,5,15,Z01
201900046181,2,30,,0,2,1,1,A01
201900046182,2,7,,0,1,2,1,A01
201900046183,1,7,,0,2,1,15,A01
201900046183,2,30,,0,2,8,1,B01
201900046184,1,7,,0,2,3,1,A01
201900046184,2,30,,0,2,3,15,B01
201900046185,1,7,,3,0,3,13,A01
201900046186,1,33,,14,0,3,16,A01
201900046187,2,10,,0,1,6,4,A01
201900046188,3,10,,0,2,2,1,A01
201900046188,1,7,,0,2,1,1,B01
201900046189,3,10,,0,2,1,1,A01
201900046189,0,3,,0,2,4,2,B01
201900046190,2,7,,0,1,1,1,A01
201900046191,2,7,,0,1,2,9,A01
201900046192,2,99,,1,0,3,9,A01
201900046193,1,30,,0,1,1,1,A01
201900046194,1,7,,0,2,7,20,A01
201900046194,1,43,,0,2,1,2,B01
201900046195,1,7,,0,1,6,15,A01
201900046196,1,7,,0,2,8,19,A01
201900046196,2,7,,0,2,1,1,B01
201900046197,3,7,,15,0,1,1,A01
201900046198,3,10,,0,1,4,26,A01
201900046199,3,10,,1,2,5,1,A01
201900046199,3,10,,0,2,3,26,C01
201900046199,3,7,,0,2,1,1,B01
201900046200,1,7,,8,0,1,1,A01
201900046201,3,7,,8,2,8,1,A01
201900046201,3,7,,0,2,2,1,B01
201900046202,2,7,,0,6,2,1,B01
201900046202,2,1,,0,2,2,11,A01
201900046203,1,33,,0,2,1,1,B01
201900046203,2,7,,0,2,8,10,A01
201900046204,2,7,,1,0,3,0,A01
201900046205,0,7,,2,0,3,14,A01
201900046206,3,30,,0,2,1,1,A01
201900046206,3,10,,0,2,1,5,B01
201900046207,1,7,,9,0,2,1,A01
201900046208,3,7,,0,2,2,9,A01
201900046208,0,7,,0,2,0,0,B01
201900046209,3,1,,0,0,1,19,B01
201900046209,1,7,,0,6,6,1,A01
201900046210,2,7,,0,2,7,0,B01
201900046210,2,33,,0,2,1,1,A01
201900046211,3,7,,0,1,4,20,A01
201900046212,1,7,,0,2,2,15,A01
201900046212,1,7,,0,2,5,1,B01
201900046213,1,7,,0,2,1,2,A01
201900046213,1,10,,0,2,4,21,B01
201900046214,3,7,,0,2,2,19,A01
201900046214,0,32,,0,2,1,0,B01
201900046215,0,1,,0,0,0,26,A01
201900046216,0,33,,14,0,0,0,A01
201900046217,2,80,,0,2,7,1,A01
201900046217,1,7,,0,2,1,1,B01
201900046218,1,30,,0,2,1,17,A01
201900046218,1,7,,0,2,8,15,B01
201900046219,2,10,,0,2,2,17,A01
201900046219,2,10,,1,0,6,20,B01
201900046220,1,7,,0,1,2,1,A01
201900046221,1,7,,0,2,7,1,B01
201900046221,2,7,,2,2,3,17,A01
201900046222,0,7,,0,1,1,1,A01
201900046223,0,7,,0,1,1,1,A01
201900046224,0,7,,1,0,8,1,A01
201900046225,0,1,,0,2,1,1,A01
201900046225,0,7,,0,2,0,1,B01
201900046226,0,7,,0,2,1,1,C01
201900046226,0,7,,0,2,6,1,B01
201900046226,0,7,,0,2,7,1,A01
201900046227,0,7,,0,2,3,1,A01
201900046227,0,2,,0,2,7,1,B01
201900046228,1,7,,0,1,2,1,A01
201900046229,2,10,,0,2,1,1,B01
201900046229,1,7,,0,2,1,17,A01
201900046230,2,7,,0,2,1,1,A01
201900046230,2,7,,0,2,4,1,B01
201900046231,3,7,,0,2,6,15,B01
201900046231,3,7,,0,2,3,1,A01
201900046232,1,7,,0,1,3,1,A01
201900046233,1,7,,0,1,2,1,A01
201900046234,1,7,,0,2,2,19,A01
201900046234,1,7,,0,2,8,1,B01
201900046235,1,7,,0,2,4,2,B01
201900046235,1,7,,0,2,4,2,D01
201900046235,1,7,,0,2,4,2,C01
201900046235,1,10,,0,2,1,2,A01
201900046236,2,30,,1,0,2,2,A01
201900046236,2,10,,1,0,6,23,B01
201900046237,2,10,,0,2,3,13,A01
201900046237,2,7,,0,2,3,1,B01
201900046238,1,7,,0,1,3,26,A01
201900046239,1,7,,2,0,3,26,A01
201900046240,0,2,,1,0,2,14,A01
201900046241,0,31,,0,2,1,1,B01
201900046241,0,7,,0,2,2,19,A01
201900046242,1,7,,0,2,4,1,C01
201900046242,1,7,,0,2,1,1,B01
201900046242,1,7,,0,2,1,1,A01
201900046243,0,7,,0,1,1,16,A01
201900046244,2,10,,0,2,1,1,A01
201900046244,2,7,,0,2,4,1,B01
201900046245,2,7,,0,1,3,1,A01
201900046246,2,1,,0,2,4,1,B01
201900046246,3,7,,0,2,1,9,A01
201900046247,3,30,,0,2,1,17,A01
201900046247,3,7,,0,2,8,15,B01
201900046248,1,7,,0,2,6,15,A01
201900046248,1,7,,0,2,1,1,B01
201900046249,1,7,,1,0,7,1,A01
201900046250,2,7,,0,2,0,15,B01
201900046250,1,7,,0,2,8,15,A01
201900046251,1,10,,0,1,2,26,A01
201900046252,1,37,1.0,0,2,2,1,B01
201900046252,1,30,,0,2,1,15,A01
201900046253,1,7,,0,1,1,0,A01
201900046254,1,0,,0,1,1,1,Z01
201900046255,1,37,1.0,0,1,2,1,A01
201900046256,1,1,,0,2,4,2,B01
201900046256,1,7,,0,2,1,2,A01
201900046257,1,1,,0,2,1,15,A01
201900046257,0,7,,0,2,1,1,B01
201900046258,1,1,,0,2,1,19,A01
201900046258,1,7,,0,2,3,1,B01
201900046259,0,7,,0,1,2,1,A01
201900046260,0,7,,0,2,3,1,B01
201900046260,3,7,,0,2,3,9,A01
201900046261,1,7,,0,1,1,15,A01
201900046262,2,2,,0,2,1,13,A01
201900046262,1,7,,0,2,3,1,B01
201900046263,2,7,,0,2,2,15,A01
201900046263,1,2,,0,2,1,1,B01
201900046264,1,7,,0,1,3,15,A01
201900046265,2,7,,0,2,6,23,B01
201900046265,1,15,,0,2,8,1,C01
201900046265,2,30,,0,2,2,2,A01
201900046266,2,2,,0,2,7,1,B01
201900046266,2,7,,0,2,3,19,A01
201900046267,1,7,,0,1,1,1,A01
201900046268,2,2,,0,1,1,1,A01
201900046269,3,7,,0,2,8,10,A01
201900046269,3,2,,0,2,1,1,B01
201900046270,1,30,,0,2,1,1,B01
201900046270,2,7,,0,2,1,15,A01
201900046271,2,7,,8,0,2,1,A01
201900046272,3,7,,0,1,2,0,A01
201900046273,3,7,,0,1,6,26,A01
201900046274,1,7,,0,1,2,1,A01
201900046275,3,7,,0,1,4,4,A01
201900046276,2,80,,0,2,7,1,A01
201900046276,2,7,,0,2,1,15,B01
201900046277,3,37,1.0,0,1,5,9,A01
201900046278,2,7,,0,1,3,1,A01
201900046279,2,7,,0,1,3,1,A01
201900046280,1,7,,15,0,1,26,A01
201900046281,1,7,,0,2,3,10,A01
201900046281,1,31,,0,2,2,17,B01
201900046282,2,7,,0,1,8,26,Z01
201900046283,1,7,,0,1,2,11,A01
201900046284,1,7,,0,1,6,1,A01
201900046285,0,7,,0,1,2,1,A01
201900046286,1,7,,0,2,4,1,B01
201900046286,1,7,,0,2,1,1,A01
201900046287,3,7,,0,2,6,19,A01
201900046287,3,2,,0,2,1,1,B01
201900046288,2,7,,0,1,2,1,A01
201900046289,1,7,,2,0,1,1,A01
201900046290,1,7,,0,1,2,1,A01
201900046291,1,7,,0,1,0,1,Z01
201900046292,2,7,,0,1,0,1,A01
201900046293,3,7,,0,2,3,9,A01
201900046293,3,1,,0,2,0,0,B01
201900046294,0,1,,0,2,8,15,C01
201900046294,0,30,,0,6,1,0,A01
201900046295,1,1,,0,2,1,26,B01
201900046295,1,7,,0,2,3,15,A01
201900046296,1,7,,0,1,2,21,A01
201900046296,2,7,,0,2,8,1,B01
201900046297,2,7,,0,1,3,1,A01
201900046298,2,7,,0,1,1,1,A01
201900046299,1,30,,0,0,0,26,A01
201900046300,2,7,,0,2,3,1,C01
201900046300,1,7,,0,2,2,9,B01
201900046300,1,0,,0,2,0,3,A01
201900046301,3,7,,0,2,3,26,A01
201900046301,3,33,,0,2,7,26,B01
201900046302,1,7,,0,2,4,21,Z01
201900046302,1,30,,0,2,1,26,A01
201900046303,3,2,,0,2,8,26,B01
201900046303,3,10,,0,2,8,26,A01
201900046304,1,7,,0,2,1,1,A01
201900046304,1,7,,0,2,4,1,B01
201900046305,3,1,,0,2,8,26,B01
201900046305,3,7,,0,2,7,26,A01
201900046306,2,2,,0,2,4,1,B01
201900046306,2,7,,0,2,1,1,A01
201900046307,1,7,,0,1,3,21,A01
201900046308,1,30,,0,2,7,1,B01
201900046308,1,7,,0,2,0,4,A01
201900046309,2,7,,0,1,2,1,A01
201900046310,0,7,,0,2,7,1,A01
201900046310,1,7,,0,2,1,16,A01
201900046311,1,30,,0,2,1,15,A01
201900046311,2,7,,0,2,1,1,B01
201900046312,1,1,,0,2,8,15,B01
201900046312,1,7,,0,1,7,17,A01
201900046313,1,7,,0,1,4,4,A01
201900046314,1,20,,0,2,0,16,A01
201900046314,1,1,,0,2,8,1,B01
201900046314,1,10,,0,2,4,24,C01
201900046315,1,7,,0,1,3,15,A01
201900046316,2,7,,0,2,2,9,B01
201900046316,2,7,,0,2,3,9,A01
201900046317,3,14,,0,2,2,15,A01
201900046317,3,7,,0,2,3,1,B01
201900046318,3,7,,0,1,2,16,A01
201900046319,3,7,,0,2,1,1,A01
201900046319,3,7,,0,2,0,0,B01
201900046320,2,7,,0,1,1,1,A01
201900046321,1,7,,0,2,4,1,D01
201900046321,1,7,,0,2,1,1,C01
201900046321,1,7,,0,2,1,1,B01
201900046321,2,7,,0,2,1,1,A01
201900046322,3,7,,0,2,2,1,B01
201900046322,3,1,,0,2,7,1,A01
201900046323,1,7,,0,2,1,2,A01
201900046323,1,7,,0,2,4,2,B01
201900046323,1,7,,0,2,4,2,C01
201900046324,1,1,,8,0,1,1,A01
201900046325,1,7,,0,2,7,19,A01
201900046325,1,1,,0,2,8,1,B01
201900046326,2,7,,13,0,1,14,A01
201900046327,1,2,,0,2,1,1,B01
201900046327,2,7,,0,2,8,15,A01
201900046328,2,7,,0,2,8,1,B01
201900046328,2,7,,12,2,3,19,A01
201900046329,1,7,,0,2,4,2,B01
201900046329,1,7,,0,2,4,1,C01
201900046329,1,10,,0,2,1,9,A01
201900046330,1,7,,3,1,2,2,A01
201900046330,1,7,,3,1,1,2,B01
201900046331,2,7,,0,2,4,2,D01
201900046331,2,10,,0,2,2,2,C01
201900046331,2,10,,0,2,1,2,B01
201900046331,2,7,,0,2,1,2,A01
201900046332,3,7,,0,2,2,1,A01
201900046332,3,7,,0,2,6,23,B01
201900046333,1,7,,0,2,0,0,B01
201900046333,1,7,,0,2,1,26,A01
201900046334,1,7,,3,2,1,2,A01
201900046334,1,7,,3,2,5,1,B01
201900046335,2,99,,0,2,0,2,Z01
201900046335,2,1,,0,2,7,16,B01
201900046336,2,10,,0,2,1,9,A01
201900046336,3,1,,0,2,2,1,B01
201900046337,0,7,,0,2,3,16,A01
201900046337,1,10,,0,2,2,1,B01
201900046338,3,7,,0,1,1,0,B01
201900046339,1,7,,0,2,3,13,A01
201900046339,1,2,,0,2,1,21,B01
201900046340,1,1,,0,2,2,19,A01
201900046340,2,33,,0,6,1,1,B01
201900046341,2,33,,0,4,8,15,A01
201900046341,2,40,,0,2,2,1,B01
201900046342,2,1,,0,2,1,1,A01
201900046342,2,7,,0,2,7,16,B01
201900046343,1,1,,0,2,4,1,C01
201900046343,1,7,,0,2,5,2,B01
201900046343,1,7,,4,2,1,1,A01
201900046344,2,7,,8,0,1,1,A01
201900046345,2,7,,0,1,3,1,A01
201900046346,2,7,,0,2,3,15,A01
201900046346,1,33,,0,2,2,1,B01
201900046347,0,7,,0,1,0,1,Z01
201900046348,1,37,5.0,0,2,3,1,B01
201900046348,1,7,,0,2,2,1,A01
201900046349,2,7,,0,2,0,0,Z01
201900046349,2,37,2.0,0,2,3,1,B01
201900046350,2,7,,0,1,3,1,A01
201900046351,1,31,,0,2,1,2,A01
201900046351,1,7,,0,2,4,23,B01
201900046352,1,7,,0,2,5,2,A01
201900046352,1,33,,0,2,3,2,B01
201900046353,1,7,,0,2,3,13,A01
201900046353,1,7,,0,2,5,1,B01
201900046354,1,32,,0,2,8,1,B01
201900046354,1,7,,0,2,3,9,A01
201900046355,0,32,,0,0,7,1,A01
201900046356,3,1,,0,2,0,0,B01
201900046356,2,7,,0,2,1,0,A01
201900046357,2,7,,0,2,3,1,B01
201900046357,1,7,,0,2,3,13,A01
201900046358,0,7,,0,2,4,1,B01
201900046358,0,7,,0,2,1,1,A01
201900046359,1,7,,12,0,2,1,A01
201900046360,1,7,,0,2,3,19,A01
201900046360,3,7,,0,2,2,1,B01
201900046361,1,37,1.0,0,1,2,15,A01
201900046362,1,7,,0,1,1,1,A01
201900046363,1,30,,0,1,1,16,A01
201900046364,2,10,,0,1,1,1,A01
201900046365,3,1,,0,2,1,2,B01
201900046365,3,7,,0,2,0,16,A01
201900046366,1,33,,8,0,7,1,A01
201900046367,1,7,,0,1,5,1,A01
201900046368,2,7,,0,1,3,15,A01
201900046369,1,7,,0,1,1,1,A01
201900046370,2,7,,0,1,8,15,A01
201900046371,2,10,,0,1,2,15,A01
201900046372,2,7,,2,0,1,14,A01
201900046373,3,7,,0,1,2,16,A01
201900046374,1,7,,0,2,1,13,A01
201900046374,2,7,,0,2,6,1,B01
201900046374,2,7,,0,2,6,1,C01
201900046375,2,7,,0,1,3,9,A01
201900046376,1,30,,9,0,0,14,A01
201900046377,2,7,,0,2,1,2,A01
201900046377,2,7,,0,2,4,2,B01
201900046378,1,7,,0,2,1,1,C01
201900046378,1,7,,0,2,1,1,B01
201900046378,1,7,,0,2,4,1,A01
201900046379,1,2,,0,0,0,1,A01
201900046380,1,33,,0,2,1,2,A01
201900046380,1,7,,0,2,4,23,B01
201900046380,1,7,,0,2,4,23,C01
201900046381,1,7,,0,2,4,2,D01
201900046381,1,7,,0,2,4,2,C01
201900046381,1,7,,0,2,4,2,B01
201900046381,1,7,,0,2,1,2,A01
201900046382,1,7,,0,2,4,2,C01
201900046382,1,7,,0,2,4,2,B01
201900046382,1,7,,0,2,1,2,A01
201900046383,2,10,,0,2,3,1,C01
201900046383,1,7,,0,2,1,1,A01
201900046383,1,7,,0,2,8,2,B01
201900046384,1,1,,0,2,3,19,B01
201900046384,3,33,,0,2,2,9,A01
201900046384,2,7,,0,1,1,1,C01
201900046385,0,7,,0,1,2,1,A01
201900046386,1,33,,13,0,1,1,A01
201900046387,1,33,,0,2,1,1,A01
201900046387,2,10,,0,2,3,1,B01
201900046388,1,7,,0,2,3,13,A01
201900046388,2,7,,0,2,3,1,B01
201900046389,1,31,,7,0,1,0,A01
201900046390,1,7,,2,0,8,1,A01
201900046391,1,1,,0,2,7,19,B01
201900046391,2,7,,0,2,1,1,A01
201900046392,2,7,,13,0,2,1,A01
201900046393,3,7,,15,0,2,0,A01
201900046394,1,7,,0,2,1,1,B01
201900046394,2,7,,0,2,1,13,A01
201900046395,2,7,,0,2,2,1,B01
201900046395,1,33,,0,2,1,17,A01
201900046396,1,7,,0,2,1,1,A01
201900046396,2,7,,0,2,1,1,B01
201900046397,1,7,,0,2,1,15,A01
201900046397,2,7,,0,2,1,1,B01
201900046397,1,7,,0,2,8,1,C01
201900046398,3,36,,2,0,1,1,A01
201900046399,1,7,,0,2,3,0,B01
201900046399,1,7,,3,2,5,1,A01
201900046400,2,7,,0,2,5,12,A01
201900046400,2,33,,0,2,8,1,B01
201900046401,2,7,,4,0,3,11,A01
201900046402,2,7,,0,2,5,12,B01
201900046402,2,32,,0,2,1,3,A01
201900046403,1,7,,0,2,2,14,Z01
201900046403,1,7,,0,2,8,9,B01
201900046404,1,10,,3,0,1,1,A01
201900046404,1,7,,1,0,2,1,B01
201900046404,1,7,,0,2,4,23,C01
201900046405,1,7,,0,2,1,2,A01
201900046405,1,7,,0,2,4,2,B01
201900046406,1,31,,0,0,9,1,A01
201900046407,2,7,,0,2,4,2,A01
201900046407,2,7,,0,2,8,11,B01
201900046407,2,33,,0,2,1,3,C01
201900046408,1,7,,0,6,7,9,B01
201900046408,1,1,,0,2,1,25,A01
201900046409,3,7,,0,2,3,1,A01
201900046409,3,31,,0,2,7,1,B01
201900046410,1,7,,0,2,0,0,B01
201900046410,1,7,,0,2,0,0,A01
201900046411,2,7,,0,1,1,1,A01
201900046412,0,7,,4,0,2,14,A01
201900046413,1,7,,14,0,2,13,A01
201900046414,1,7,,0,2,2,0,A01
201900046414,1,7,,1,2,3,0,B01
201900046414,1,7,,1,2,2,0,C01
201900046415,2,3,,0,0,9,2,A01
201900046416,1,7,,0,2,4,1,C01
201900046416,1,7,,0,2,6,1,B01
201900046416,1,7,,0,2,2,1,A01
201900046417,2,2,,1,0,1,21,B01
201900046418,2,10,,0,2,2,1,A01
201900046418,2,7,,0,2,1,15,B01
201900046419,1,7,,0,2,2,15,A01
201900046419,1,7,,0,2,1,1,B01
201900046420,2,10,,4,2,4,21,C01