Num_Acc,senc,catv,occutc,obs,obsm,choc,manv,num_veh
201900046420,2,7,,0,2,4,23,B01
201900046420,2,7,,1,0,1,2,A01
201900046421,2,7,,4,0,3,0,A01
201900046422,0,33,,0,2,1,9,A01
201900046422,0,7,,0,2,3,9,B01
201900046423,2,7,,0,2,1,1,B01
201900046423,2,21,,0,2,4,1,A01
201900046424,2,10,,0,2,8,15,A01
201900046424,2,31,,0,2,2,17,B01
201900046425,1,33,,0,2,0,0,B01
201900046425,1,7,,0,2,0,0,A01
201900046426,3,1,,0,2,2,26,B01
201900046426,3,7,,0,2,3,1,A01
201900046427,3,7,,0,2,6,0,A01
201900046427,3,31,,0,2,1,0,B01
201900046428,2,16,,0,2,5,1,A01
201900046428,2,1,,0,2,8,1,B01
201900046429,1,7,,0,2,8,10,B01
201900046429,2,7,,0,2,2,1,A01
201900046430,3,7,,0,1,7,1,A01
201900046431,1,1,,0,2,4,1,B01
201900046431,1,7,,0,2,1,1,A01
201900046432,3,10,,0,1,1,1,A01
201900046433,2,7,,0,2,1,16,A01
201900046433,1,7,,0,2,3,1,B01
201900046434,2,7,,0,2,4,23,C01
201900046434,2,7,,0,2,4,23,B01
201900046434,2,7,,0,2,1,1,A01
201900046435,2,7,,0,2,1,1,A01
201900046435,2,7,,0,1,1,1,B01
201900046436,1,33,,0,2,2,12,B01
201900046436,1,7,,0,2,8,15,A01
201900046437,2,7,,8,2,4,2,B01
201900046437,2,7,,0,2,1,1,A01
201900046438,3,37,1.0,0,1,7,16,A01
201900046439,3,0,,0,1,2,1,A01
201900046440,3,7,,0,2,1,19,A01
201900046440,3,10,,0,2,0,0,B01
201900046441,2,7,,0,2,1,13,A01
201900046441,1,7,,0,2,1,1,B01
201900046442,2,7,,0,2,3,9,A01
201900046442,2,10,,0,2,1,1,B01
201900046443,3,7,,0,2,2,15,A01
201900046443,3,30,,0,2,1,1,B01
201900046444,3,1,,0,2,0,1,B01
201900046444,3,7,,0,2,0,15,A01
201900046445,1,1,,0,1,1,1,A01
201900046446,2,14,,0,2,3,1,B01
201900046446,1,10,,0,2,2,13,A01
201900046447,1,14,,0,2,1,1,B01
201900046447,2,7,,0,2,8,13,A01
201900046448,0,7,,0,1,1,1,A01
201900046449,2,7,,0,2,8,1,B01
201900046449,3,7,,0,2,2,15,A01
201900046450,1,7,,0,2,7,15,A01
201900046450,2,7,,0,2,2,16,B01
201900046451,3,7,,0,2,3,15,B01
201900046451,3,33,,0,2,1,17,A01
201900046452,1,10,,0,2,1,2,A01
201900046452,1,7,,0,2,4,2,B01
201900046452,1,7,,0,2,4,2,C01
201900046453,2,7,,0,2,1,1,B01
201900046453,2,1,,0,2,1,1,A01
201900046454,3,7,,0,2,8,1,B01
201900046454,3,7,,0,2,3,15,A01
201900046455,1,7,,0,2,7,15,B01
201900046455,2,34,,0,2,2,26,A01
201900046456,2,7,,0,2,2,19,B01
201900046456,1,7,,0,2,3,19,A01
201900046457,1,7,,0,1,1,1,A01
201900046458,1,7,,0,1,3,15,A01
201900046459,1,7,,0,2,7,1,B01
201900046459,2,7,,6,2,1,5,A01
201900046460,0,7,,0,1,4,4,A01
201900046461,2,7,,0,1,1,1,A01
201900046462,1,2,,0,2,1,17,B01
201900046462,1,7,,0,2,8,15,A01
201900046463,1,10,,0,1,2,1,A01
201900046464,2,7,,0,2,1,15,A01
201900046464,1,30,,0,2,3,1,B01
201900046465,1,33,,9,0,2,14,A01
201900046466,1,10,,0,1,1,16,A01
201900046467,1,7,,16,0,0,1,A01
201900046468,1,7,,0,2,3,0,B01
201900046468,1,7,,0,2,3,5,A01
201900046469,1,7,,0,1,1,26,A01
201900046470,1,7,,0,2,2,0,B01
201900046470,1,30,,0,2,2,18,A01
201900046471,3,7,,0,2,4,23,B01
201900046471,3,7,,0,2,1,21,A01
201900046472,1,7,,0,2,3,15,A01
201900046472,1,7,,0,2,3,1,B01
201900046473,1,1,,0,1,1,26,A01
201900046474,1,7,,0,2,4,0,B01
201900046474,1,7,,0,2,1,26,A01
201900046475,0,2,,0,2,1,1,A01
201900046475,0,1,,0,2,2,1,B01
201900046476,3,7,,1,0,2,26,A01
201900046477,1,30,,0,1,0,9,A01
201900046478,3,7,,0,6,1,0,A01
201900046479,2,7,,8,0,1,19,A01
201900046480,1,1,,0,2,7,19,A01
201900046480,1,7,,0,6,2,1,B01
201900046481,2,7,,0,1,3,15,A01
201900046482,1,7,,0,2,1,19,B01
201900046482,2,7,,0,2,7,19,A01
201900046483,0,7,,0,2,3,1,A01
201900046483,2,7,,0,2,6,1,B01
201900046484,1,33,,0,2,1,1,B01
201900046484,2,7,,0,2,7,15,A01
201900046485,1,30,,8,0,1,1,A01
201900046486,1,7,,0,1,1,1,A01
201900046487,1,32,,0,2,1,1,A01
201900046487,1,1,,0,2,4,1,B01
201900046488,1,7,,0,2,3,15,A01
201900046488,1,32,,0,2,1,17,B01
201900046489,2,37,5.0,0,2,1,1,A01
201900046489,2,7,,0,2,0,0,B01
201900046490,0,30,,0,2,1,1,A01
201900046490,0,7,,0,2,8,1,B01
201900046491,1,7,,0,2,8,1,B01
201900046491,2,7,,0,2,1,1,A01
201900046492,0,31,,0,2,1,1,A01
201900046492,0,7,,0,2,8,1,B01
201900046493,1,33,,0,2,7,17,A01
201900046493,0,7,,0,0,0,0,Z01
201900046494,1,7,,0,1,3,21,A01
201900046495,3,7,,0,2,8,1,A01
201900046495,3,7,,0,2,1,1,Z01
201900046496,1,34,,0,2,1,2,B01
201900046496,1,7,,0,2,6,13,A01
201900046497,1,33,,8,0,1,1,A01
201900046498,3,7,,0,2,3,1,B01
201900046498,3,2,,0,2,1,1,A01
201900046499,3,7,,13,0,0,1,A01
201900046500,1,7,,0,2,2,15,B01
201900046500,2,33,,0,2,1,1,A01
201900046501,1,7,,1,0,4,0,C01
201900046501,1,7,,0,2,5,1,B01
201900046501,1,7,,0,2,1,14,A01
201900046502,1,7,,0,2,1,2,A01
201900046502,1,7,,0,2,4,23,B01
201900046503,2,33,,0,2,4,23,B01
201900046503,2,36,,0,2,1,2,A01
201900046504,3,7,,0,2,4,1,A01
201900046504,3,7,,0,2,1,1,B01
201900046505,0,7,,8,0,2,1,A01
201900046506,3,7,,0,1,5,1,A01
201900046507,2,1,,0,0,0,1,A01
201900046508,1,7,,0,2,1,1,B01
201900046508,2,33,,0,2,1,13,A01
201900046509,1,2,,0,2,1,15,A01
201900046509,2,37,4.0,0,2,1,1,B01
201900046510,2,7,,11,0,3,21,A01
201900046511,3,10,,0,2,8,9,B01
201900046511,3,30,,0,2,1,25,A01
201900046512,1,33,,0,2,1,1,A01
201900046512,2,7,,0,2,1,15,B01
201900046513,2,32,,0,1,8,1,A01
201900046514,1,7,,0,2,2,1,A01
201900046514,1,1,,0,2,4,1,B01
201900046515,2,7,,0,2,3,1,B01
201900046515,2,43,,0,2,2,14,A01
201900046516,2,7,,0,2,7,14,A01
201900046516,2,1,,0,2,8,7,B01
201900046517,2,7,,7,0,3,13,A01
201900046518,1,30,,0,0,7,1,A01
201900046519,2,1,,0,1,1,1,A01
201900046520,1,33,,0,2,0,23,B01
201900046520,1,7,,0,2,4,2,A01
201900046521,2,7,,0,2,7,15,A01
201900046521,1,32,,0,2,2,1,B01
201900046522,1,7,,0,1,2,1,A01
201900046523,3,7,,0,1,2,1,A01
201900046524,2,7,,0,2,2,10,A01
201900046524,1,32,,0,2,3,1,B01
201900046525,2,34,,0,0,7,1,A01
201900046526,1,1,,0,2,0,1,A01
201900046526,1,1,,0,2,0,16,Z01
201900046527,3,7,,0,2,3,15,A01
201900046527,3,7,,0,2,1,2,B01
201900046528,1,7,,0,2,5,15,A01
201900046528,2,33,,0,2,1,1,B01
201900046529,1,1,,0,2,1,1,B01
201900046529,1,7,,0,2,2,15,A01
201900046530,1,10,,0,1,2,2,A01
201900046531,3,7,,0,2,3,15,A01
201900046531,1,7,,0,2,3,1,B01
201900046532,3,7,,0,1,2,1,A01
201900046533,1,2,,0,2,4,2,B01
201900046533,2,10,,0,2,4,1,Z01
201900046534,1,32,,0,2,3,16,A01
201900046535,1,1,,0,2,4,1,B01
201900046535,1,7,,0,2,1,15,A01
201900046536,3,7,,0,2,2,15,A01
201900046536,3,34,,0,2,6,12,B01
201900046537,0,7,,0,1,3,1,A01
201900046538,1,13,,0,1,2,19,A01
201900046539,1,10,,0,2,3,2,B01
201900046539,1,30,,0,2,2,2,A01
201900046540,1,7,,0,2,4,2,A01
201900046540,1,7,,0,2,1,2,B01
201900046541,1,31,,0,2,1,21,A01
201900046541,1,7,,0,0,4,10,B01
201900046542,3,10,,0,6,5,4,A01
201900046542,3,1,,0,2,1,1,B01
201900046543,3,10,,0,2,7,16,Z01
201900046543,3,2,,0,2,8,1,B01
201900046544,1,7,,0,2,2,2,A01
201900046544,1,7,,0,2,3,2,B01
201900046545,1,7,,0,2,2,26,A01
201900046545,1,2,,0,2,1,1,B01
201900046546,2,3,,0,2,1,17,A01
201900046546,2,31,,0,2,1,21,B01
201900046547,2,60,,0,0,0,26,A01
201900046548,1,7,,0,1,1,1,A01
201900046549,2,7,,0,2,3,16,B01
201900046549,2,50,,0,2,7,1,A01
201900046550,3,32,,0,2,7,26,A01
201900046550,3,31,,0,2,2,26,B01
201900046551,3,7,,0,2,7,12,A01
201900046551,3,32,,0,2,9,0,B01
201900046552,2,7,,0,2,3,1,B01
201900046552,1,7,,0,2,3,1,A01
201900046553,2,7,,0,0,8,19,A01
201900046553,1,10,,0,2,1,1,B01
201900046554,1,31,,0,2,2,15,B01
201900046554,1,2,,6,0,1,15,A01
201900046555,2,15,,0,2,1,1,B01
201900046555,1,7,,0,2,8,19,A01
201900046556,1,7,,16,0,1,5,A01
201900046557,2,10,,0,2,4,1,A01
201900046557,2,10,,0,0,1,2,B01
201900046557,2,10,,0,2,2,2,C01
201900046558,2,99,,0,0,4,1,B01
201900046558,2,7,,0,9,3,13,A01
201900046559,3,7,,0,2,1,1,B01
201900046559,3,7,,0,2,1,19,A01
201900046560,2,7,,0,0,1,1,B01
201900046560,1,7,,0,0,1,13,A01
201900046561,1,7,,0,2,1,1,B01
201900046561,2,33,,0,2,1,13,A01
201900046562,2,31,,0,2,3,17,A01
201900046562,1,10,,0,2,2,21,B01
201900046563,1,7,,7,0,0,0,A01
201900046564,2,7,,0,2,4,1,B01
201900046564,2,15,,0,2,1,12,A01
201900046565,2,33,,0,2,8,11,A01
201900046565,2,33,,0,2,7,3,B01
201900046565,2,7,,0,2,7,2,C01
201900046566,1,15,,0,2,8,1,C01
201900046566,1,15,,0,2,5,1,B01
201900046566,1,33,,0,2,1,3,A01
201900046567,2,37,1.0,0,2,1,1,A01
201900046567,2,7,,0,2,4,1,C01
201900046567,2,7,,0,2,1,1,B01
201900046568,1,33,,0,2,1,3,B01
201900046568,1,7,,0,2,5,11,A01
201900046569,1,7,,0,2,4,0,Z01
201900046569,1,7,,0,2,2,2,C01
201900046569,1,10,,0,2,1,2,A01
201900046570,2,7,,0,2,4,2,B01
201900046570,2,38,1.0,0,2,1,2,A01
201900046571,2,17,,16,0,9,26,A01
201900046572,2,7,,4,0,3,13,A01
201900046573,2,7,,0,2,2,0,B01
201900046573,2,33,,0,2,1,11,A01
201900046574,1,7,,0,2,1,2,A01
201900046574,1,10,,0,2,4,2,B01
201900046575,2,31,,4,2,1,26,A01
201900046576,1,7,,0,2,2,1,B01
201900046576,1,7,,0,2,8,11,A01
201900046577,1,7,,0,2,8,11,B01
201900046577,1,33,,0,2,2,3,A01
201900046578,1,7,,0,2,4,2,C01
201900046578,1,7,,0,2,4,2,B01
201900046578,1,7,,0,2,1,1,A01
201900046579,1,31,,0,2,2,1,B01
201900046579,1,7,,0,2,6,11,A01
201900046580,1,33,,3,0,1,13,A01
201900046581,1,7,,0,2,8,19,A01
201900046581,1,17,,0,2,1,1,B01
201900046582,2,7,,4,0,1,1,A01
201900046583,1,7,,0,1,4,23,C01
201900046583,1,7,,0,2,6,24,B01
201900046583,1,7,,1,0,2,14,A01
201900046584,2,7,,3,0,1,1,A01
201900046585,1,7,,4,2,6,1,A01
201900046585,1,7,,0,2,1,12,Z01
201900046586,2,33,,0,2,9,3,A01
201900046586,2,7,,0,2,7,12,B01
201900046587,1,33,,0,2,1,1,B01
201900046587,1,7,,0,2,4,1,A01
201900046588,1,7,,0,2,6,1,A01
201900046588,1,15,,0,2,2,14,B01
201900046589,1,10,,0,2,4,1,B01
201900046589,1,10,,0,2,2,2,A01
201900046590,1,7,,0,2,6,1,B01
201900046590,1,33,,0,2,7,3,A01
201900046591,1,7,,0,2,4,1,B01
201900046591,1,33,,0,2,1,21,A01
201900046592,1,7,,0,2,6,1,B01
201900046592,1,17,,0,2,2,12,A01
201900046593,1,7,,0,2,3,1,A01
201900046593,1,17,,0,2,2,14,B01
201900046594,1,15,,0,2,1,2,B01
201900046594,1,13,,0,2,4,2,A01
201900046595,1,7,,4,0,1,0,A01
201900046596,1,14,,0,2,2,1,B01
201900046596,1,7,,0,2,3,1,A01
201900046597,2,10,,3,0,1,11,A01
201900046597,2,10,,0,2,1,1,B01
201900046597,2,10,,0,2,7,1,C01
201900046598,2,7,,15,2,1,2,B01
201900046598,1,7,,1,2,7,11,A01
201900046599,0,1,,0,2,8,1,B01
201900046599,0,7,,0,2,3,15,A01
201900046600,2,10,,0,1,3,14,A01
201900046600,2,7,,1,0,8,22,B01
201900046601,2,30,,14,0,8,1,A01
201900046602,2,7,,1,0,2,14,A01
201900046603,1,7,,0,2,2,1,B01
201900046603,2,50,,0,2,1,19,A01
201900046604,3,7,,0,2,3,15,A01
201900046604,3,7,,0,2,1,1,B01
201900046605,1,7,,0,2,3,1,B01
201900046605,2,7,,0,2,3,1,A01
201900046606,1,31,,0,2,2,2,B01
201900046606,1,7,,0,2,4,15,A01
201900046607,3,1,,0,2,0,0,B01
201900046607,3,7,,0,2,0,0,A01
201900046608,1,7,,0,2,1,19,A01
201900046608,1,7,,0,2,5,1,B01
201900046609,0,10,,0,2,1,0,B01
201900046609,2,10,,0,2,3,19,A01
201900046610,2,7,,0,2,6,13,A01
201900046610,2,30,,0,0,1,17,B01
201900046611,3,7,,0,2,1,2,A01
201900046611,3,7,,0,0,4,2,B01
201900046612,3,7,,0,2,1,1,B01
201900046612,3,7,,0,2,7,19,A01
201900046613,2,7,,0,2,5,1,B01
201900046613,1,7,,0,2,1,9,A01
201900046614,1,7,,0,1,1,26,A01
201900046615,3,7,,2,0,1,14,A01
201900046616,2,7,,0,2,1,2,A01
201900046616,2,99,,0,2,4,1,B01
201900046617,2,7,,0,2,4,23,C01
201900046617,2,7,,0,2,4,23,B01
201900046617,2,7,,0,2,1,1,A01
201900046618,3,7,,0,2,7,12,A01
201900046618,3,7,,0,2,3,1,B01
201900046619,1,7,,0,2,1,13,A01
201900046619,2,7,,0,2,1,1,B01
201900046620,2,33,,0,2,7,17,B01
201900046620,2,7,,0,2,6,15,A01
201900046621,1,34,,0,0,0,14,A01
201900046622,3,30,,0,0,1,26,A01
201900046623,3,7,,0,1,4,23,A01
201900046623,3,7,,0,2,1,1,B01
201900046624,3,2,,0,2,7,9,B01
201900046624,3,7,,0,2,1,9,A01
201900046625,2,7,,0,2,3,1,B01
201900046625,2,32,,0,2,0,15,A01
201900046626,0,7,,0,2,1,2,A01
201900046626,0,7,,0,2,4,1,B01
201900046627,1,7,,0,2,3,1,A01
201900046627,3,7,,1,0,3,5,B01
201900046628,1,33,,0,1,1,0,A01
201900046629,1,7,,0,2,8,15,B01
201900046629,1,7,,0,2,2,17,A01
201900046630,1,30,,0,0,7,1,A01
201900046631,2,7,,0,2,2,21,A01
201900046632,1,32,,0,2,1,1,B01
201900046632,2,7,,0,2,7,15,A01
201900046633,0,32,,0,0,7,1,A01
201900046634,2,7,,0,1,2,1,A01
201900046635,2,7,,0,1,2,16,A01
201900046636,2,7,,0,2,1,1,B01
201900046636,2,1,,0,2,1,1,A01
201900046637,2,10,,0,2,3,15,B01
201900046637,2,30,,0,2,1,5,A01
201900046638,1,7,,0,2,5,1,B01
201900046638,1,1,,0,2,0,1,A01
201900046639,3,7,,0,2,1,1,B01
201900046639,3,7,,0,2,7,15,A01
201900046640,2,1,,0,2,1,5,B01
201900046640,1,7,,0,2,1,1,A01
201900046641,1,30,,0,2,1,0,B01
201900046641,1,20,,0,2,2,9,A01
201900046642,0,7,,9,2,3,9,A01
201900046642,0,7,,0,2,1,1,B01
201900046643,3,10,,16,0,1,9,A01
201900046644,1,7,,0,2,3,10,A01
201900046644,1,33,,0,2,1,17,B01
201900046645,3,7,,6,0,1,1,A01
201900046646,2,17,,0,2,8,1,A01
201900046646,1,7,,0,9,9,1,B01
201900046647,2,7,,0,2,1,2,D01
201900046647,2,7,,0,2,1,2,C01
201900046647,2,7,,0,2,1,2,B01
201900046647,2,7,,0,0,4,1,A01
201900046648,1,33,,0,0,0,2,B01
201900046648,1,7,,0,0,0,2,A01
201900046649,3,7,,0,2,6,12,B01
201900046649,3,31,,0,2,2,17,A01
201900046650,2,33,,0,2,1,2,B01
201900046650,1,7,,0,2,3,10,A01
201900046651,2,33,,0,0,4,23,A01
201900046651,2,7,,0,2,1,2,B01
201900046652,1,33,,0,2,1,1,B01
201900046652,2,7,,0,2,5,15,A01
201900046653,2,33,,0,0,0,1,A01
201900046654,1,15,,0,2,2,17,B01
201900046654,1,30,,0,2,8,15,A01
201900046655,0,7,,2,0,3,0,A01
201900046656,1,1,,0,2,1,1,B01
201900046656,1,7,,0,2,3,1,A01
201900046657,1,10,,0,2,1,1,A01
201900046657,1,17,,0,0,4,1,B01
201900046658,1,7,,13,0,1,1,A01
201900046659,2,7,,0,2,7,2,B01
201900046659,2,1,,12,2,8,2,A01
201900046660,1,17,,0,2,3,1,C01
201900046660,2,33,,0,2,4,11,B01
201900046660,2,33,,0,2,1,2,A01
201900046661,1,7,,6,0,2,14,A01
201900046662,2,1,,0,2,1,19,B01
201900046662,1,7,,0,2,2,1,A01
201900046663,0,7,,8,0,1,1,A01
201900046664,2,32,,0,6,1,1,A01
201900046665,2,7,,0,0,0,1,A01
201900046666,1,33,,0,2,3,1,B01
201900046666,1,2,,0,2,2,1,A01
201900046667,0,7,,0,2,2,1,A01
201900046667,3,33,,0,2,1,1,B01
201900046668,2,32,,0,6,0,19,A01
201900046669,3,21,,0,1,6,1,A01
201900046670,1,7,,0,9,3,1,C01
201900046670,1,33,,0,2,1,1,B01
201900046670,2,7,,0,2,7,15,A01
201900046671,1,10,,3,0,1,2,A01
201900046672,2,33,,0,0,0,15,A01
201900046673,1,7,,0,2,1,1,B01
201900046673,2,7,,0,2,1,1,A01
201900046674,2,7,,0,0,2,1,A01
201900046675,1,7,,2,1,2,1,A01
201900046676,1,33,,16,0,1,1,A01
201900046677,1,7,,0,6,2,1,A01
201900046678,1,33,,0,0,0,1,A01
201900046679,1,3,,7,0,1,0,A01
201900046680,1,33,,0,0,1,1,A01
201900046681,3,2,,0,2,1,16,A01
201900046681,2,7,,0,2,3,1,B01
201900046682,1,34,,8,0,0,1,A01
201900046683,3,7,,13,0,2,0,A01
201900046684,2,7,,0,1,1,1,A01
201900046685,1,7,,6,0,3,1,A01
201900046686,1,7,,0,2,2,21,B01
201900046686,2,10,,0,2,3,19,A01
201900046687,2,34,,0,2,1,1,A01
201900046687,2,7,,0,0,4,11,B01
201900046688,1,7,,10,0,2,1,A01
201900046689,3,34,,0,2,2,2,B01
201900046689,0,7,,0,2,3,9,A01
201900046690,2,33,,13,0,1,21,A01
201900046691,3,10,,0,2,6,19,A01
201900046691,1,33,,0,2,1,1,B01
201900046692,1,30,,12,0,0,0,A01
201900046693,2,7,,2,0,1,1,A01
201900046694,1,7,,0,0,0,1,A01
201900046695,2,33,,0,0,2,1,A01
201900046696,2,7,,0,2,4,23,D01
201900046696,2,7,,0,2,4,23,C01
201900046696,2,7,,0,2,4,23,B01
201900046696,2,7,,0,2,1,1,A01
201900046697,1,7,,0,0,4,1,B01
201900046697,1,7,,0,2,1,1,A01
201900046698,2,7,,0,0,0,0,A01
201900046699,1,7,,0,6,2,0,A01
201900046700,2,7,,0,0,0,23,B01
201900046700,2,7,,0,1,3,11,A01
201900046701,3,7,,0,2,2,15,B01
201900046701,3,33,,0,2,1,1,A01
201900046702,1,15,,13,0,3,1,A01
201900046703,1,7,,1,0,7,1,A01
201900046703,1,7,,0,2,6,24,B01
201900046704,2,7,,0,0,9,2,A01
201900046705,0,33,,0,0,7,1,A01
201900046706,1,2,,0,2,0,1,B01
201900046706,2,7,,0,2,0,21,A01
201900046707,2,33,,5,0,2,15,A01
201900046708,2,7,,0,2,5,15,A01
201900046708,1,33,,0,2,1,1,B01
201900046709,2,1,,0,0,0,0,A01
201900046710,1,33,,0,2,3,1,B01
201900046710,2,7,,0,2,3,15,A01
201900046711,2,7,,0,0,4,15,B01
201900046711,2,33,,0,2,1,2,A01
201900046712,2,7,,2,0,1,0,A01
201900046713,2,7,,0,9,5,17,A01
201900046713,2,1,,0,2,8,1,B01
201900046714,2,7,,2,0,9,13,A01
201900046715,2,7,,0,2,2,13,A01
201900046715,1,7,,0,2,1,2,B01
201900046716,1,36,,2,0,1,1,A01
201900046717,1,33,,0,2,8,13,A01
201900046717,2,7,,0,2,8,1,B01
201900046718,3,7,,0,2,7,1,A01
201900046718,3,7,,0,2,1,1,B01
201900046719,2,3,,0,2,8,13,A01
201900046719,1,7,,0,2,8,21,B01
201900046720,1,31,,0,5,1,1,A01
201900046721,1,7,,13,0,1,14,A01
201900046722,2,7,,0,2,4,1,B01
201900046722,2,7,,0,2,1,1,A01
201900046723,2,10,,0,2,1,1,A01
201900046723,2,7,,0,2,4,1,B01
201900046723,2,7,,0,2,4,1,C01
201900046724,2,7,,0,2,1,2,A01
201900046724,2,7,,0,2,1,2,B01
201900046724,2,7,,0,2,1,2,C01
201900046724,2,7,,0,6,4,21,D01
201900046725,2,10,,4,0,3,21,A01
201900046726,1,33,,0,0,9,0,A01
201900046727,1,7,,4,0,1,0,A01
201900046728,1,7,,3,0,1,14,A01
201900046729,1,7,,1,0,1,1,A01
201900046729,1,7,,0,2,4,26,B01
201900046730,2,7,,0,2,6,9,B01
201900046730,2,7,,0,2,2,2,A01
201900046731,3,1,,0,2,0,25,B01
201900046731,3,7,,0,0,0,17,A01
201900046732,2,7,,0,1,3,1,A01
201900046733,3,7,,0,2,1,1,A01
201900046733,3,7,,0,2,3,1,B01
201900046734,2,33,,0,2,1,1,A01
201900046734,3,1,,0,2,8,19,B01
201900046735,2,7,,1,0,1,1,A01
201900046736,1,30,,0,2,2,17,B01
201900046736,1,7,,0,2,8,15,Z01
201900046737,1,7,,0,2,1,1,A01
201900046737,1,10,,0,2,9,23,B01
201900046737,1,7,,0,2,4,23,C01
201900046738,3,7,,0,2,1,15,A01
201900046738,3,34,,0,2,1,19,B01
201900046739,1,33,,0,2,2,3,B01
201900046739,2,7,,0,2,3,13,A01
201900046740,1,7,,0,1,1,16,A01
201900046741,1,0,,0,1,0,0,A01
201900046742,2,7,,0,2,1,0,B01
201900046742,1,10,,0,2,4,26,A01
201900046743,2,7,,0,2,3,15,A01
201900046743,1,0,,0,2,1,26,B01
201900046744,2,2,,0,2,0,1,B01
201900046744,1,7,,0,2,3,0,A01
201900046745,2,32,,0,2,1,1,A01
201900046745,2,7,,0,2,2,1,B01
201900046746,2,7,,0,2,3,2,A01
201900046746,2,7,,0,2,5,23,B01
201900046747,2,7,,0,2,7,7,B01
201900046747,2,30,,0,2,7,18,A01
201900046748,1,32,,0,2,8,1,B01
201900046748,1,7,,0,2,2,15,A01
201900046749,3,7,,0,2,1,23,B01
201900046749,3,31,,0,2,8,1,A01
201900046750,2,31,,0,1,2,1,A01
201900046751,2,7,,0,1,2,1,A01
201900046752,2,10,,0,1,2,1,A01
201900046752,1,1,,0,2,1,1,Y01
201900046753,1,10,,0,2,3,1,B01
201900046753,2,10,,0,2,3,13,A01
201900046754,0,7,,0,0,0,0,B01
201900046754,0,0,,0,2,0,21,A01
201900046755,2,7,,1,0,1,26,A01
201900046755,2,7,,0,2,4,24,C01
201900046755,2,7,,1,2,9,2,B01
201900046756,2,7,,12,0,2,0,B01
201900046757,1,7,,0,0,0,0,ZZ01
201900046757,0,99,,0,0,0,0,Z01
201900046758,3,7,,0,2,2,2,A01
201900046758,3,1,,0,2,3,2,B01
201900046759,1,7,,0,1,2,1,A01
201900046760,1,2,,0,2,0,0,B01
201900046760,2,7,,0,2,0,0,A01
201900046761,3,7,,0,0,0,26,A01
201900046762,3,7,,0,2,7,1,B01
201900046762,3,7,,0,2,1,1,A01
201900046763,3,10,,0,2,1,1,A01
201900046763,3,10,,0,2,2,1,B01
201900046764,1,7,,0,2,1,1,A01
201900046764,1,7,,0,2,5,1,B01
201900046765,3,7,,0,2,4,11,B01
201900046765,3,7,,0,2,3,1,A01
201900046766,1,7,,0,1,3,9,A01
201900046766,3,1,,0,2,0,0,B01
201900046767,0,99,,0,1,3,26,A01
201900046768,1,7,,0,2,1,1,B01
201900046768,2,7,,0,2,1,13,A01
201900046769,1,7,,0,1,8,9,A01
201900046770,3,32,,0,2,7,1,B01
201900046770,2,3,,0,2,3,9,A01
201900046771,2,7,,0,2,8,13,A01
201900046771,2,32,,0,2,2,1,B01
201900046771,1,7,,0,2,1,1,C01
201900046772,1,7,,0,1,2,1,A01
201900046773,2,34,,0,1,1,1,A01
201900046774,1,7,,0,1,4,26,A01
201900046775,2,34,,1,0,1,17,A01
201900046775,2,37,1.0,0,2,4,24,B01
201900046776,0,10,,6,0,4,1,B01
201900046776,1,7,,0,2,1,2,A01
201900046777,2,7,,0,1,0,0,Z01
201900046778,3,1,,0,2,1,1,B01
201900046778,3,7,,0,2,2,16,A01
201900046779,1,3,,1,0,2,17,A01
201900046779,1,1,,1,2,4,2,B01
201900046780,2,7,,0,2,4,15,B01
201900046780,2,7,,0,2,1,15,A01
201900046781,1,10,,0,2,1,1,A01
201900046781,1,7,,0,2,4,1,B01
201900046781,1,10,,0,2,0,1,C01
201900046782,1,30,,1,1,0,21,A01
201900046783,3,7,,0,2,1,15,A01
201900046783,3,34,,0,2,1,1,B01
201900046784,1,7,,0,2,1,1,B01
201900046784,2,7,,0,2,1,13,A01
201900046785,1,7,,13,0,2,1,A01
201900046786,2,2,,0,0,0,15,A01
201900046787,1,7,,0,2,1,1,B01
201900046787,2,7,,0,2,1,17,A01
201900046788,1,10,,0,0,8,1,A01
201900046789,1,7,,13,0,1,1,A01
201900046790,1,7,,2,0,1,13,A01
201900046791,2,7,,2,0,1,0,A01
201900046792,2,33,,13,0,1,13,A01
201900046793,2,1,,0,0,8,15,A01
201900046794,2,7,,0,2,2,13,A01
201900046794,1,7,,0,2,1,1,B01
201900046795,1,1,,0,2,1,1,B01
201900046795,1,7,,0,2,0,1,A01
201900046796,1,7,,0,2,3,0,B01
201900046796,2,7,,0,2,3,0,A01
201900046797,3,30,,0,2,6,19,A01
201900046797,3,21,,0,2,1,1,B01
201900046798,2,1,,0,0,1,1,B01
201900046798,2,7,,0,0,2,15,A01
201900046799,0,2,,0,1,1,1,A01
201900046800,3,7,,0,2,8,19,A01
201900046800,3,7,,0,2,2,1,B01
201900046801,2,7,,0,2,3,19,A01
201900046801,2,15,,0,2,1,1,B01
201900046802,1,7,,2,0,8,13,A01
201900046803,1,33,,6,0,8,15,A01
201900046804,1,21,,0,2,1,19,B01
201900046804,1,7,,0,2,2,2,A01
201900046805,2,33,,0,0,0,21,B01
201900046805,1,7,,13,0,3,13,A01
201900046806,1,1,,0,2,8,11,B01
201900046806,2,7,,0,2,2,1,A01
201900046807,0,7,,0,2,1,1,A01