Num_Acc,senc,catv,occutc,obs,obsm,choc,manv,num_veh
201900046807,2,7,,0,2,2,1,B01
201900046808,0,7,,0,2,1,13,A01
201900046808,0,7,,0,2,1,1,B01
201900046808,0,7,,0,2,2,2,C01
201900046809,1,33,,0,0,0,1,A01
201900046810,3,7,,0,1,1,1,A01
201900046811,2,7,,0,2,1,2,B01
201900046811,2,7,,0,0,4,17,A01
201900046812,1,33,,0,0,2,1,B01
201900046812,1,7,,0,2,3,13,A01
201900046813,2,7,,0,0,1,1,A01
201900046814,3,7,,0,2,1,1,A01
201900046814,3,1,,0,2,1,1,B01
201900046815,1,31,,0,2,2,17,B01
201900046815,1,7,,0,2,3,15,A01
201900046816,3,7,,0,2,3,1,B01
201900046816,3,7,,0,2,3,1,A01
201900046817,1,7,,0,0,6,1,A01
201900046817,1,33,,0,0,1,1,B01
201900046818,3,7,,0,1,1,1,A01
201900046819,1,7,,0,2,4,2,A01
201900046819,1,7,,0,2,1,2,B01
201900046820,1,7,,0,2,2,0,C01
201900046820,1,7,,0,2,6,0,B01
201900046820,1,7,,0,2,4,26,A01
201900046821,2,7,,0,2,3,26,A01
201900046821,2,10,,0,2,6,12,B01
201900046822,2,33,,0,2,2,1,C01
201900046822,2,7,,0,2,3,1,B01
201900046822,2,13,,0,2,2,12,A01
201900046823,2,7,,0,0,4,2,B01
201900046823,2,7,,0,2,1,2,A01
201900046824,1,7,,0,2,7,1,C01
201900046824,1,17,,0,2,2,0,B01
201900046824,1,7,,4,2,6,0,A01
201900046825,2,7,,3,2,1,2,A01
201900046825,2,7,,0,2,4,1,B01
201900046826,3,32,,0,0,0,1,A01
201900046827,1,7,,0,2,8,17,A01
201900046828,1,7,,4,0,3,21,A01
201900046829,2,7,,0,2,5,14,B01
201900046829,2,43,,0,2,3,3,A01
201900046830,2,7,,0,2,3,11,B01
201900046830,2,33,,0,2,2,3,A01
201900046831,2,7,,0,2,4,1,B01
201900046831,2,33,,0,2,1,1,A01
201900046832,1,7,,13,0,7,14,A01
201900046833,1,7,,0,2,1,17,B01
201900046833,1,1,,0,2,8,13,A01
201900046834,1,7,,0,2,1,26,A01
201900046834,1,7,,0,2,7,15,B01
201900046835,1,3,,0,1,8,15,A01
201900046836,3,7,,0,2,1,1,A01
201900046836,3,37,1.0,0,2,4,23,C01
201900046836,3,7,,0,2,4,23,B01
201900046837,3,33,,16,0,3,1,A01
201900046838,3,10,,0,1,1,16,A01
201900046839,2,7,,0,2,2,0,B01
201900046839,0,7,,0,2,1,9,A01
201900046840,3,30,,12,0,0,10,A01
201900046841,2,7,,0,2,4,23,A01
201900046841,2,7,,14,0,1,2,B01
201900046842,2,40,,0,1,2,26,A01
201900046843,1,31,,0,2,8,13,A01
201900046843,1,7,,0,2,0,1,B01
201900046844,1,7,,4,0,8,1,A01
201900046845,2,31,,3,0,7,14,A01
201900046846,1,7,,0,2,1,1,B01
201900046846,1,7,,0,2,1,13,A01
201900046847,2,1,,0,2,4,15,B01
201900046847,2,7,,0,2,2,1,A01
201900046848,1,34,,0,2,1,1,B01
201900046848,1,10,,0,2,2,15,A01
201900046849,3,7,,0,1,0,26,A01
201900046850,0,7,,0,2,3,1,B01
201900046850,0,7,,0,2,3,13,A01
201900046851,3,34,,0,2,2,3,B01
201900046851,3,7,,0,2,3,11,A01
201900046852,2,7,,0,2,1,1,B01
201900046852,1,10,,0,1,1,5,A01
201900046853,0,50,,0,2,1,1,B01
201900046853,0,7,,0,2,2,1,A01
201900046854,0,7,,0,1,1,1,A01
201900046855,0,7,,0,2,1,15,B01
201900046855,0,7,,0,2,2,1,A01
201900046856,1,33,,0,2,1,1,A01
201900046856,2,7,,0,2,5,15,B01
201900046857,3,34,,0,2,1,2,A01
201900046857,3,7,,0,0,6,15,B01
201900046858,1,37,1.0,0,1,4,26,A01
201900046858,1,0,,0,1,1,1,B01
201900046859,1,10,,0,2,1,1,B01
201900046859,1,33,,0,2,2,15,A01
201900046860,2,7,,0,1,1,1,A01
201900046861,1,7,,0,1,2,14,Z01
201900046862,2,7,,0,2,1,2,B01
201900046862,2,7,,0,2,4,2,A01
201900046863,1,10,,0,2,8,15,B01
201900046863,1,2,,1,2,1,17,A01
201900046864,1,1,,0,2,1,1,B01
201900046864,1,7,,0,2,8,22,A01
201900046865,3,31,,0,2,8,1,B01
201900046865,3,7,,0,2,7,12,A01
201900046866,1,7,,0,2,5,16,B01
201900046866,1,7,,0,2,2,2,A01
201900046867,1,10,,0,1,1,16,A01
201900046868,1,7,,0,2,7,17,B01
201900046868,1,33,,0,2,8,13,A01
201900046869,1,33,,0,2,1,1,B01
201900046869,1,7,,0,2,2,15,A01
201900046870,1,7,,0,1,2,1,A01
201900046871,1,7,,1,0,2,13,A01
201900046872,3,33,,0,2,1,1,B01
201900046872,3,7,,0,2,3,10,A01
201900046873,1,7,,0,1,2,1,A01
201900046874,3,30,,0,2,7,1,A01
201900046874,1,1,,0,2,1,1,B01
201900046874,3,7,,0,2,2,0,Z01
201900046875,2,7,,0,2,3,1,B01
201900046875,1,33,,0,2,1,13,A01
201900046876,1,2,,0,2,1,1,A01
201900046876,1,7,,0,2,1,1,B01
201900046877,2,7,,8,0,1,1,A01
201900046878,2,40,,0,2,1,1,B01
201900046878,2,7,,0,4,8,1,A01
201900046879,2,7,,0,2,1,15,A01
201900046879,1,7,,0,2,3,1,B01
201900046880,0,7,,0,0,0,0,Z01
201900046880,3,7,,14,0,4,26,A01
201900046881,1,1,,0,2,4,1,B01
201900046881,1,2,,0,2,1,1,A01
201900046882,1,7,,0,1,3,1,A01
201900046883,1,7,,0,1,1,1,A01
201900046884,1,17,,0,2,4,2,B01
201900046884,1,10,,0,2,4,2,A01
201900046885,1,14,,0,2,5,26,B01
201900046885,1,80,,0,2,5,19,A01
201900046886,1,33,,0,2,4,1,B01
201900046886,1,33,,0,2,1,2,A01
201900046887,1,2,,0,0,2,0,A01
201900046888,2,7,,0,1,2,0,A01
201900046889,3,7,,0,2,1,0,B01
201900046889,3,7,,0,2,1,13,A01
201900046890,2,7,,0,1,1,1,A01
201900046891,2,7,,0,2,2,16,B01
201900046891,2,33,,0,2,3,18,A01
201900046892,0,0,,0,1,0,1,Z01
201900046893,3,7,,12,1,4,26,A01
201900046894,3,7,,0,2,1,9,A01
201900046894,3,33,,0,2,1,9,B01
201900046895,1,32,,0,2,1,1,B01
201900046895,2,7,,0,2,1,15,A01
201900046896,2,7,,0,2,0,12,A01
201900046896,2,7,,13,2,8,1,B01
201900046897,1,7,,0,1,3,9,A01
201900046898,0,7,,0,2,3,1,B01
201900046898,0,7,,0,2,7,1,A01
201900046899,0,7,,0,2,5,1,B01
201900046899,0,32,,0,2,1,17,A01
201900046900,1,33,,15,0,0,14,A01
201900046901,0,30,,0,0,7,26,A01
201900046902,1,10,,6,0,1,13,A01
201900046903,2,7,,0,2,1,1,B01
201900046903,2,10,,0,2,2,9,A01
201900046904,2,7,,0,1,1,15,B01
201900046905,1,32,,0,2,1,17,A01
201900046905,1,7,,0,2,3,15,B01
201900046906,2,7,,0,2,2,1,A01
201900046906,1,1,,0,2,1,19,B01
201900046907,3,39,,0,1,3,1,A01
201900046908,2,7,,0,2,8,1,B01
201900046908,1,7,,0,2,8,13,C01
201900046909,1,7,,0,1,1,1,A01
201900046910,3,7,,0,2,4,23,C01
201900046910,3,7,,0,2,1,2,A01
201900046910,3,7,,0,2,4,23,B01
201900046911,1,1,,0,2,1,26,A01
201900046911,1,7,,0,2,5,2,B01
201900046912,3,7,,8,0,1,1,A01
201900046913,0,7,,0,1,1,11,A01
201900046914,0,1,,0,2,1,1,B01
201900046914,1,7,,0,2,2,1,A01
201900046915,2,7,,15,0,1,14,A01
201900046916,1,7,,0,1,3,14,A01
201900046917,2,7,,0,2,1,2,A01
201900046917,3,7,,0,2,8,19,B01
201900046918,1,7,,0,2,3,15,B01
201900046918,2,7,,0,2,1,1,A01
201900046919,1,7,,0,2,0,1,B01
201900046919,1,7,,0,2,0,1,A01
201900046920,2,7,,0,2,8,1,B01
201900046920,1,7,,0,2,1,13,A01
201900046921,2,7,,0,2,8,1,B01
201900046921,2,2,,0,2,1,1,A01
201900046922,1,33,,10,2,3,0,B01
201900046922,2,99,,10,0,1,0,A01
201900046923,1,33,,0,2,1,2,B01
201900046923,1,33,,0,2,7,2,A01
201900046924,2,42,,0,2,2,3,A01
201900046924,2,33,,0,2,3,11,B01
201900046925,2,7,,0,2,5,9,A01
201900046925,2,32,,0,2,3,9,B01
201900046926,3,2,,0,2,1,1,A01
201900046926,3,2,,0,2,1,1,B01
201900046927,3,1,,0,2,7,19,B01
201900046927,3,7,,0,2,1,1,A01
201900046928,1,10,,0,1,1,1,A01
201900046929,3,33,,0,0,0,0,A01
201900046930,3,33,,0,2,7,1,B01
201900046930,3,7,,0,2,3,20,A01
201900046931,1,2,,12,0,7,1,A01
201900046932,0,21,,0,2,3,0,A01
201900046932,2,31,,0,2,1,14,B01
201900046933,1,7,,4,0,3,1,A01
201900046934,1,7,,4,2,3,13,A01
201900046934,2,7,,0,2,3,1,B01
201900046935,0,7,,0,5,1,1,A01
201900046935,0,7,,0,5,1,1,B01
201900046936,2,7,,0,2,1,13,A01
201900046936,1,7,,0,2,1,1,B01
201900046937,3,7,,2,0,8,13,A01
201900046938,2,1,,0,2,1,2,B01
201900046938,2,2,,0,0,4,23,A01
201900046939,2,34,,0,2,1,1,B01
201900046939,1,30,,0,2,3,13,A01
201900046940,3,7,,6,0,1,13,A01
201900046941,2,1,,9,4,1,1,A01
201900046941,2,39,,0,1,2,1,B01
201900046942,3,2,,1,0,2,0,A01
201900046943,2,7,,0,2,3,1,A01
201900046943,3,1,,0,2,8,19,B01
201900046944,3,7,,0,2,1,26,A01
201900046944,3,1,,0,2,8,19,B01
201900046945,3,33,,0,2,1,1,B01
201900046945,0,7,,0,2,2,19,A01
201900046946,1,7,,0,2,1,1,B01
201900046946,3,7,,0,2,7,19,A01
201900046947,1,10,,0,2,6,15,B01
201900046947,1,33,,13,2,3,1,A01
201900046948,0,36,,2,0,3,13,A01
201900046949,2,33,,0,2,0,3,A01
201900046949,2,7,,0,2,5,1,B01
201900046949,2,7,,0,2,3,1,C01
201900046950,1,7,,0,2,6,17,A01
201900046950,1,33,,0,2,2,1,B01
201900046951,1,7,,3,2,0,5,A01
201900046951,1,7,,3,2,0,21,B01
201900046952,1,10,,0,2,4,23,C01
201900046952,1,10,,0,2,4,23,B01
201900046952,1,7,,0,2,1,1,A01
201900046953,1,7,,2,0,9,21,A01
201900046953,1,10,,0,6,0,17,Z01
201900046954,1,14,,0,1,0,0,A01
201900046954,1,14,,0,2,0,24,B01
201900046955,1,7,,0,2,5,16,A01
201900046955,0,33,,0,2,3,3,B01
201900046956,1,33,,0,2,1,1,A01
201900046956,1,7,,0,2,6,13,B01
201900046957,2,7,,0,2,1,2,B01
201900046957,2,7,,0,2,4,2,A01
201900046958,3,7,,1,1,4,26,A01
201900046959,1,1,,0,2,8,2,B01
201900046959,1,7,,0,2,7,2,A01
201900046960,1,7,,0,2,7,15,B01
201900046960,2,33,,0,2,1,1,A01
201900046961,3,80,,0,2,1,1,B01
201900046961,3,10,,0,6,5,9,A01
201900046962,3,33,,0,2,7,9,B01
201900046962,3,7,,0,2,2,9,A01
201900046963,1,7,,0,2,3,1,A01
201900046963,3,7,,0,2,3,1,B01
201900046964,2,7,,0,2,4,9,A01
201900046964,2,7,,0,2,4,2,B01
201900046965,1,7,,0,2,1,13,A01
201900046965,2,7,,0,2,1,1,B01
201900046966,3,10,,0,1,4,20,A01
201900046967,3,37,1.0,0,1,2,14,A01
201900046968,3,7,,0,2,8,1,Z01
201900046968,3,7,,0,2,1,1,A01
201900046969,2,7,,0,1,2,20,A01
201900046970,1,37,1.0,0,2,7,1,B01
201900046970,1,1,,0,2,3,9,A01
201900046971,2,2,,0,2,2,17,B01
201900046971,2,10,,0,2,3,1,A01
201900046972,2,7,,0,1,2,1,A01
201900046973,3,7,,0,2,2,1,C01
201900046973,3,33,,0,2,2,13,B01
201900046973,3,7,,0,2,0,13,A01
201900046974,1,7,,0,2,4,23,A01
201900046974,1,32,,0,2,1,2,B01
201900046975,2,1,,0,2,0,0,B01
201900046975,2,7,,0,2,5,16,A01
201900046976,1,10,,0,1,1,16,A01
201900046977,3,17,,0,1,3,9,A01
201900046978,2,7,,0,1,1,15,A01
201900046979,1,7,,0,1,3,26,A01
201900046980,1,7,,0,1,2,1,A01
201900046981,2,7,,0,2,1,13,A01
201900046981,1,7,,0,2,3,1,B01
201900046981,1,7,,0,2,7,1,C01
201900046982,2,33,,0,2,2,1,B01
201900046982,2,10,,0,2,3,13,A01
201900046983,1,7,,0,2,3,19,A01
201900046983,1,7,,0,2,1,19,B01
201900046984,0,7,,0,2,8,1,B01
201900046984,0,33,,0,2,3,13,A01
201900046985,0,7,,0,2,1,1,A01
201900046985,0,33,,0,2,1,1,B01
201900046986,0,7,,0,2,4,23,B01
201900046986,0,7,,0,2,1,1,A01
201900046986,0,7,,0,2,3,23,C01
201900046987,2,7,,0,2,8,10,A01
201900046987,2,33,,0,2,1,1,B01
201900046988,1,10,,0,2,6,16,A01
201900046988,2,1,,0,2,1,1,B01
201900046989,1,10,,0,2,4,1,B01
201900046989,1,30,,0,2,1,2,A01
201900046990,2,37,5.0,0,0,0,1,A01
201900046991,1,7,,0,1,1,1,A01
201900046992,1,7,,1,0,9,14,A01
201900046992,3,7,,1,0,0,0,B01
201900046993,2,7,,0,2,7,1,B01
201900046993,1,2,,0,2,1,9,A01
201900046994,1,7,,0,2,2,1,B01
201900046994,1,1,,0,2,1,9,A01
201900046995,1,10,,0,1,4,4,A01
201900046996,1,7,,0,2,1,2,A01
201900046996,1,7,,0,2,4,2,B01
201900046997,0,1,,0,1,1,1,A01
201900046998,2,50,,0,2,1,0,A01
201900046998,2,50,,0,2,1,0,Z01
201900046999,0,7,,0,2,1,0,A01
201900046999,0,60,,0,2,8,0,B01
201900047000,1,7,,0,2,9,13,A01
201900047000,2,17,,0,2,3,1,B01
201900047000,2,17,,0,2,1,1,C01
201900047001,1,34,,0,0,2,14,A01
201900047002,1,7,,0,1,2,15,A01
201900047003,2,33,,0,2,8,1,A01
201900047003,2,10,,0,2,8,0,B01
201900047004,0,33,,0,2,1,1,B01
201900047004,0,7,,0,2,8,9,A01
201900047005,2,7,,0,1,3,26,A01
201900047006,3,7,,0,2,1,26,A01
201900047006,3,7,,0,2,7,1,B01
201900047007,1,7,,0,2,2,15,A01
201900047007,2,1,,0,2,1,0,B01
201900047008,1,32,,0,2,1,13,B01
201900047009,1,7,,0,2,3,0,B01
201900047009,1,17,,0,2,1,0,A01
201900047010,2,7,,0,2,3,1,B01
201900047010,2,7,,0,2,4,4,A01
201900047011,0,7,,0,2,0,1,A01
201900047011,0,7,,0,0,0,23,B01
201900047012,0,7,,0,2,4,1,B01
201900047012,0,14,,0,2,1,1,A01
201900047013,2,7,,0,2,1,15,A01
201900047013,1,33,,0,2,3,1,B01
201900047014,1,7,,0,2,1,2,A01
201900047014,1,7,,0,2,4,2,B01
201900047015,1,33,,0,0,8,21,A01
201900047016,1,31,,0,0,3,21,A01
201900047017,2,7,,0,1,2,1,A01
201900047018,3,7,,0,2,5,1,B01
201900047018,3,14,,0,2,5,4,A01
201900047019,0,32,,0,1,3,1,A01
201900047020,3,7,,0,2,1,15,B01
201900047020,3,7,,0,2,1,1,A01
201900047021,0,7,,0,1,1,0,A01
201900047022,1,33,,0,2,1,26,A01
201900047022,1,7,,0,0,3,15,B01
201900047023,2,33,,0,2,6,1,B01
201900047023,3,7,,0,2,1,2,A01
201900047024,1,10,,0,2,4,20,A01
201900047024,1,34,,0,2,1,2,B01
201900047025,1,7,,0,1,1,1,A01
201900047026,1,2,,0,2,8,16,B01
201900047026,2,7,,0,2,8,9,A01
201900047027,3,30,,0,2,7,17,A01
201900047027,3,10,,0,2,8,0,B01
201900047028,1,7,,0,1,2,15,A01
201900047029,1,7,,0,9,1,1,B01
201900047029,2,14,,0,0,0,1,A01
201900047030,2,43,,4,0,7,1,A01
201900047031,2,7,,0,2,2,1,C01
201900047031,2,43,,0,2,4,3,B01
201900047031,2,43,,0,2,1,3,A01
201900047032,1,7,,0,2,2,1,A01
201900047032,1,10,,0,2,3,1,B01
201900047033,3,30,,12,0,2,16,A01
201900047034,3,7,,0,2,2,23,B01
201900047034,1,43,,1,2,1,17,A01
201900047035,2,7,,0,2,1,15,A01
201900047035,1,34,,0,2,1,1,B01
201900047036,2,7,,0,2,3,22,A01
201900047036,2,1,,0,2,1,1,B01
201900047037,2,7,,0,2,8,22,A01
201900047037,2,1,,0,2,2,1,B01
201900047038,2,50,,0,2,2,17,A01
201900047038,2,7,,0,2,3,15,B01
201900047039,2,7,,0,2,2,1,A01
201900047039,1,7,,0,2,2,1,Z01
201900047040,3,7,,0,2,3,9,B01
201900047040,3,43,,0,2,1,1,A01
201900047041,1,7,,1,1,3,13,Z01
201900047042,2,7,,12,1,1,16,A01
201900047043,1,33,,0,2,8,1,B01
201900047043,1,10,,0,2,8,15,A01
201900047044,2,7,,0,2,2,1,B01
201900047044,1,30,,0,2,7,1,A01
201900047045,1,10,,0,0,0,0,B01
201900047045,2,31,,0,2,1,26,A01
201900047046,1,7,,0,2,1,1,A01
201900047046,2,30,,0,2,1,16,B01
201900047047,1,31,,0,2,1,1,A01
201900047047,1,7,,0,2,4,16,B01
201900047048,2,1,,0,2,1,13,B01
201900047048,1,7,,0,2,3,22,A01
201900047049,2,33,,0,2,1,3,B01
201900047049,2,7,,0,2,8,13,A01
201900047050,0,34,,0,1,1,21,A01
201900047051,2,7,,0,2,4,23,B01
201900047051,2,32,,0,2,1,17,A01
201900047052,1,7,,0,2,1,15,B01
201900047052,2,7,,0,2,1,1,A01
201900047053,2,31,,1,0,1,2,A01
201900047053,2,15,,0,2,6,23,B01
201900047054,1,7,,0,1,2,21,A01
201900047055,1,34,,0,2,2,17,B01
201900047055,1,7,,0,2,6,21,A01
201900047056,3,7,,0,2,0,0,B01
201900047056,3,33,,0,2,1,26,A01
201900047057,3,7,,0,9,1,26,B01
201900047057,3,7,,0,2,1,26,A01
201900047058,3,31,,0,2,0,1,B01
201900047058,3,7,,0,2,1,11,A01
201900047059,1,33,,0,2,1,2,A01
201900047059,1,33,,0,2,0,0,B01
201900047060,2,7,,1,0,2,14,A01
201900047060,3,7,,1,0,0,0,B01
201900047061,2,7,,0,2,5,15,B01
201900047061,1,30,,0,2,1,25,A01
201900047062,1,7,,0,1,1,1,A01
201900047063,2,33,,0,1,1,1,A01
201900047064,2,32,,0,2,1,1,B01
201900047064,3,7,,0,2,3,15,A01
201900047065,3,7,,0,2,2,26,A01
201900047065,3,1,,0,2,4,26,B01
201900047066,3,34,,0,2,9,0,B01
201900047066,3,7,,0,2,7,12,A01
201900047067,1,7,,0,1,1,1,A01
201900047068,2,2,,0,2,1,5,A01
201900047068,1,7,,0,2,3,1,B01
201900047069,1,1,,0,9,1,1,A01
201900047069,2,1,,0,2,1,1,B01
201900047070,3,7,,0,1,1,26,A01
201900047071,2,2,,0,2,3,1,B01
201900047071,1,7,,0,2,1,15,A01
201900047072,3,1,,0,2,1,26,B01
201900047072,3,7,,0,9,8,15,A01
201900047073,2,7,,0,2,3,1,B01
201900047073,1,7,,0,2,3,1,A01
201900047074,2,15,,0,0,8,1,A01
201900047075,1,7,,0,0,1,2,A01
201900047076,2,33,,13,0,1,1,A01
201900047077,2,7,,0,0,1,14,A01
201900047078,3,7,,0,0,1,0,A01
201900047078,3,7,,0,0,8,15,A01
201900047079,2,7,,0,2,8,1,B01
201900047079,1,33,,0,2,1,13,A01
201900047080,2,33,,13,0,1,14,A01
201900047081,1,21,,0,2,2,19,A01
201900047081,2,7,,0,2,3,1,B01
201900047082,1,10,,0,2,3,1,B01
201900047082,2,7,,0,2,3,15,A01
201900047083,1,10,,0,2,3,1,B01
201900047083,2,10,,0,2,3,13,A01
201900047084,3,1,,0,2,7,1,B01
201900047084,3,7,,0,2,1,19,A01
201900047085,0,7,,16,0,1,1,A01
201900047086,2,7,,17,0,3,1,A01
201900047087,2,7,,2,0,1,13,A01
201900047088,2,7,,2,0,3,0,A01
201900047089,1,33,,0,0,0,1,A01
201900047089,1,7,,0,0,0,15,B01
201900047090,0,32,,0,2,1,1,B01
201900047090,0,7,,0,2,3,9,A01
201900047091,2,7,,13,0,0,1,A01
201900047092,1,7,,0,2,3,1,B01
201900047092,2,7,,0,2,1,13,A01
201900047093,1,7,,1,0,2,13,B01
201900047093,2,7,,14,0,1,1,A01
201900047094,1,1,,0,0,4,1,B01
201900047094,1,14,,0,9,3,1,A01
201900047095,2,7,,5,0,6,1,B01
201900047095,2,7,,5,2,2,2,A01
201900047096,1,7,,13,0,1,1,A01
201900047097,0,7,,0,2,2,15,A01
201900047097,1,31,,0,2,1,1,B01
201900047098,0,7,,0,2,1,1,B01
201900047098,3,7,,0,2,3,15,A01
201900047099,2,7,,10,0,2,21,A01
201900047100,1,33,,12,1,3,19,A01
201900047101,2,17,,0,0,5,2,B01
201900047101,2,7,,0,2,3,2,A01
201900047102,2,7,,0,2,3,1,C01
201900047102,1,7,,0,2,8,13,B01
201900047102,2,14,,0,2,8,1,A01
201900047103,1,7,,0,1,3,1,A01
201900047104,2,7,,0,2,1,2,A01
201900047104,2,7,,0,0,4,2,B01
201900047105,2,7,,0,9,1,0,A01
201900047105,1,1,,0,2,1,0,B01
201900047106,2,2,,0,2,1,11,B01
201900047106,2,7,,0,2,2,1,A01
201900047107,1,38,1.0,0,2,1,17,A01
201900047107,1,7,,8,2,8,15,B01
201900047108,1,7,,0,2,3,13,A01
201900047108,2,21,,0,2,3,1,B01
201900047109,1,7,,2,0,1,1,A01
201900047110,2,33,,5,0,1,0,A01
201900047111,1,7,,13,0,2,0,A01
201900047112,3,7,,6,0,1,0,A01
201900047113,1,7,,15,0,0,1,A01
201900047114,1,34,,0,2,1,17,B01
201900047114,1,7,,0,0,4,15,A01
201900047115,1,7,,0,1,0,1,A01
201900047115,2,7,,0,1,1,1,B01
201900047116,1,7,,7,0,1,1,B01
201900047116,2,7,,0,2,1,15,A01
201900047117,0,7,,0,2,1,5,B01
201900047117,0,14,,0,2,3,1,A01
201900047118,1,7,,12,0,0,15,A01
201900047119,2,7,,0,2,1,1,A01
201900047119,1,3,,0,2,1,19,B01
201900047120,2,15,,4,0,3,13,A01
201900047121,1,2,,0,2,3,19,B01
201900047121,2,7,,0,2,1,1,A01
201900047122,2,7,,13,0,2,0,A01
201900047123,1,7,,2,0,8,13,A01
201900047124,2,7,,0,2,1,1,C01
201900047124,2,7,,0,2,4,1,B01
201900047124,2,7,,0,0,4,1,A01
201900047125,3,31,,0,2,2,1,B01
201900047125,1,10,,0,2,3,1,A01
201900047126,1,37,1.0,1,2,3,21,B01
201900047126,2,7,,0,2,3,13,A01
201900047127,1,10,,0,1,1,1,A01
201900047128,3,1,,0,0,0,1,A01
201900047129,0,7,,2,0,1,1,A01
201900047130,3,7,,0,2,3,1,A01
201900047130,3,7,,0,2,1,0,B01
201900047131,1,7,,0,2,1,13,A01
201900047131,2,7,,0,2,1,1,B01
201900047132,2,33,,0,2,1,1,B01
201900047132,1,7,,0,2,3,19,A01
201900047133,1,7,,13,0,2,1,A01
201900047134,2,7,,0,2,3,13,A01
201900047134,1,7,,0,2,3,1,B01
201900047135,3,7,,0,2,7,16,A01
201900047135,3,33,,0,2,1,18,B01
201900047136,0,7,,13,0,0,0,A01
201900047137,3,7,,0,0,8,9,A01
201900047137,3,2,,0,2,1,1,B01
201900047138,2,7,,2,0,7,1,A01
201900047139,2,7,,6,0,3,13,A01
201900047140,2,7,,13,0,1,0,A01
201900047141,1,7,,0,2,1,1,B01
201900047141,2,7,,0,2,1,13,A01
201900047142,1,10,,4,2,3,1,B01
201900047142,2,7,,0,2,3,1,A01
201900047143,2,7,,0,2,1,1,B01
201900047143,1,7,,0,2,4,1,A01
201900047144,2,7,,2,0,3,1,A01
201900047145,1,7,,9,0,1,0,A01
201900047146,2,7,,6,0,9,1,A01
201900047147,0,33,,0,2,1,1,B01
201900047147,0,7,,0,2,7,15,A01
201900047148,2,17,,0,2,4,1,B01
201900047148,2,7,,0,2,1,2,A01
201900047149,1,14,,0,2,1,1,B01
201900047149,2,2,,0,2,1,5,A01
201900047150,2,14,,8,0,2,0,A01
201900047151,1,10,,0,0,4,2,B01
201900047151,1,7,,0,2,1,1,A01
201900047152,2,7,,1,0,2,2,B01
201900047152,2,7,,0,0,6,23,A01
201900047153,3,7,,1,0,0,1,A01
201900047154,0,7,,10,0,8,1,A01
201900047155,2,7,,16,0,1,1,A01
201900047156,1,7,,6,2,5,17,B01
201900047156,1,7,,0,2,3,15,A01
201900047157,2,7,,4,0,3,2,A01
201900047158,1,7,,0,1,3,1,A01
201900047159,0,1,,0,2,8,19,B01
201900047159,1,7,,0,2,1,1,A01
201900047160,0,2,,0,0,0,0,A01
201900047161,2,7,,0,0,3,0,B01
201900047161,1,33,,0,0,5,17,A01
201900047162,2,15,,0,2,1,1,B01
201900047162,1,7,,0,2,1,13,A01
201900047163,2,2,,0,0,8,1,A01
201900047164,1,7,,0,1,1,1,A01
201900047164,1,7,,0,0,0,24,B01
201900047165,2,7,,2,0,1,1,A01
201900047166,1,7,,0,1,2,1,A01
201900047167,2,7,,0,0,4,1,A01
201900047167,2,7,,0,2,1,1,B01
201900047168,2,7,,0,2,1,1,B01
201900047168,1,7,,0,2,1,1,A01
201900047169,1,15,,0,2,1,1,B01
201900047169,1,7,,0,2,4,1,A01
201900047170,2,2,,0,2,1,1,B01
201900047170,1,7,,0,2,2,15,A01
201900047171,1,7,,0,2,1,2,A01
201900047171,1,7,,0,2,4,1,B01
201900047172,1,7,,0,2,2,26,B01
201900047172,1,7,,0,2,6,26,A01
201900047173,1,7,,4,0,1,14,A01
201900047174,1,10,,0,2,4,1,A01
201900047174,1,10,,0,2,1,2,B01
201900047174,1,10,,0,2,4,2,C01
201900047174,1,10,,0,0,0,0,Z01
201900047175,2,7,,0,2,5,14,B01
201900047175,2,33,,0,2,3,1,A01
201900047176,1,7,,0,2,0,0,A01
201900047176,1,7,,0,2,0,0,B01
201900047176,1,7,,0,2,0,0,C01
201900047177,2,7,,0,2,4,2,D01
201900047177,2,7,,0,2,4,2,C01
201900047177,2,7,,0,2,4,2,B01
201900047177,2,10,,0,2,1,2,A01
201900047178,1,7,,13,0,9,1,A01
201900047179,1,7,,0,2,4,26,B01
201900047179,1,7,,0,0,1,2,A01
201900047180,1,7,,3,2,6,9,A01
201900047180,1,7,,0,2,2,1,B01
201900047181,2,7,,0,2,3,15,A01
201900047181,2,7,,0,2,1,1,B01
201900047182,2,7,,0,9,3,2,A01
201900047182,2,50,,0,2,8,19,B01
201900047183,1,7,,0,2,1,1,A01
201900047183,2,2,,0,2,7,2,B01
201900047184,2,30,,0,1,1,1,A01
201900047185,1,1,,0,1,1,1,A01
201900047186,2,7,,0,1,2,1,A01
201900047187,0,7,,0,1,1,10,Z01
201900047188,3,3,,0,2,4,15,B01
201900047188,0,3,,0,2,1,0,A01
201900047189,1,13,,0,2,8,15,B01
201900047189,1,33,,0,2,2,17,A01
201900047190,3,7,,2,0,1,14,A01
201900047191,3,7,,0,2,6,9,A01
201900047191,3,7,,0,2,4,2,B01
201900047192,2,7,,0,2,1,15,A01
201900047192,1,7,,0,2,1,1,B01
201900047193,2,0,,0,1,7,1,A01
201900047194,2,10,,0,1,1,1,A01
201900047195,1,7,,0,2,4,2,B01
201900047195,1,7,,0,2,1,2,A01
201900047196,3,7,,0,2,3,15,A01
201900047196,3,30,,1,0,0,0,Z01