Num_Acc,senc,catv,occutc,obs,obsm,choc,manv,num_veh
201900047197,2,7,,0,2,1,2,A01
201900047197,2,7,,0,2,4,2,B01
201900047198,1,7,,0,2,1,2,A01
201900047198,1,7,,0,2,4,2,B01
201900047199,2,7,,0,2,1,2,A01
201900047199,2,7,,0,2,4,2,B01
201900047200,2,7,,0,1,7,1,A01
201900047201,1,7,,2,0,1,26,A01
201900047201,3,1,,2,2,8,19,B01
201900047202,2,7,,0,1,1,1,Z01
201900047203,2,7,,1,0,2,14,A01
201900047204,1,7,,0,2,2,15,A01
201900047204,2,2,,0,2,1,1,B01
201900047205,3,7,,0,2,7,15,Z01
201900047205,3,2,,0,2,1,1,B01
201900047206,3,7,,0,1,6,26,A01
201900047207,2,7,,0,1,2,1,A01
201900047208,3,7,,0,1,1,0,A01
201900047209,3,7,,0,2,7,4,A01
201900047209,1,7,,0,2,1,1,B01
201900047210,3,10,,0,2,1,2,B01
201900047210,3,7,,2,0,4,26,A01
201900047211,3,2,,0,2,1,1,B01
201900047211,1,7,,0,2,7,15,A01
201900047212,1,7,,0,2,2,26,A01
201900047212,1,7,,0,2,1,1,B01
201900047212,1,7,,0,2,4,0,C01
201900047212,1,7,,0,2,4,0,D01
201900047213,1,33,,0,2,2,12,A01
201900047213,2,7,,0,2,3,0,B01
201900047214,0,10,,4,0,2,1,A01
201900047215,0,7,,0,2,5,1,A01
201900047215,0,7,,0,2,0,0,Z01
201900047216,1,7,,12,0,1,26,A01
201900047217,3,3,,0,1,4,26,A01
201900047218,3,7,,0,1,2,15,Z01
201900047219,1,7,,10,0,1,1,A01
201900047220,2,7,,0,1,3,1,A01
201900047221,3,7,,9,2,6,16,A01
201900047222,1,7,,0,2,8,1,A01
201900047222,1,2,,0,2,1,12,B01
201900047223,3,7,,0,2,3,1,B01
201900047223,3,7,,0,2,2,15,A01
201900047224,3,7,,0,2,1,1,A01
201900047224,3,7,,0,2,5,1,B01
201900047225,0,33,,0,2,8,1,B01
201900047225,0,7,,0,2,4,4,A01
201900047226,1,10,,0,2,2,1,A01
201900047226,1,32,,0,2,3,2,B01
201900047227,3,7,,0,2,1,19,A01
201900047227,3,7,,0,2,8,1,B01
201900047228,1,7,,0,2,3,1,B01
201900047228,1,7,,0,2,3,13,A01
201900047229,1,33,,0,2,8,17,A01
201900047229,2,10,,0,2,6,1,B01
201900047230,1,7,,0,1,1,15,A01
201900047231,1,7,,2,0,1,13,A01
201900047232,1,7,,0,2,6,2,C01
201900047232,1,7,,0,2,5,2,B01
201900047232,1,7,,0,2,2,2,A01
201900047233,2,43,,11,0,1,14,A01
201900047234,2,7,,0,1,1,1,Z01
201900047235,1,7,,0,2,3,15,A01
201900047235,2,1,,0,2,1,7,B01
201900047236,2,1,,0,1,2,1,A01
201900047237,1,60,,0,2,7,19,B01
201900047237,1,7,,0,2,5,1,A01
201900047238,1,10,,0,1,1,1,A01
201900047239,1,7,,0,2,1,2,Z01
201900047239,1,10,,0,2,4,23,B01
201900047240,1,10,,0,1,2,16,Z01
201900047241,2,50,,0,2,8,19,A01
201900047241,2,7,,0,2,0,1,Z01
201900047242,1,1,,0,2,0,1,A01
201900047242,1,7,,0,2,0,17,Z01
201900047242,1,1,,0,2,0,1,B01
201900047243,1,1,,0,2,6,2,B01
201900047243,1,30,,0,2,1,2,A01
201900047244,2,32,,1,0,1,14,A01
201900047245,1,7,,0,2,3,1,B01
201900047245,1,30,,0,2,1,9,A01
201900047246,1,1,,0,0,0,16,A01
201900047247,1,50,,0,2,1,1,B01
201900047247,1,7,,0,2,8,22,A01
201900047248,1,30,,2,0,1,1,A01
201900047249,2,7,,14,2,3,13,A01
201900047249,1,7,,0,2,3,1,B01
201900047250,3,7,,0,2,7,15,A01
201900047250,3,31,,0,2,0,15,B01
201900047251,1,0,,0,1,0,1,A01
201900047252,2,34,,15,0,2,26,A01
201900047253,1,7,,0,2,3,1,C01
201900047253,2,7,,1,2,2,21,A01
201900047254,2,7,,0,2,2,0,A01
201900047255,3,99,,0,2,5,9,A01
201900047255,3,99,,0,2,3,2,B01
201900047256,3,7,,0,2,3,15,C01
201900047256,3,7,,0,2,4,23,B01
201900047256,3,7,,0,2,1,2,A01
201900047257,1,7,,0,2,4,1,A01
201900047257,1,7,,0,2,1,2,B01
201900047258,2,10,,0,2,6,15,B01
201900047258,1,33,,0,2,1,1,A01
201900047259,3,7,,0,1,1,15,A01
201900047260,1,7,,0,2,3,1,B01
201900047260,2,7,,2,2,7,5,A01
201900047261,2,7,,0,2,8,15,A01
201900047261,1,2,,0,2,2,21,B01
201900047262,3,7,,0,0,2,19,B01
201900047262,1,34,,0,2,3,1,A01
201900047263,0,2,,14,0,1,0,A01
201900047264,1,7,,0,2,1,1,A01
201900047264,1,7,,0,0,4,23,B01
201900047265,2,7,,2,2,9,17,A01
201900047265,2,7,,0,2,7,1,B01
201900047266,2,7,,6,0,1,13,A01
201900047267,2,7,,13,0,2,17,A01
201900047268,2,3,,0,2,6,1,B01
201900047268,2,7,,0,2,2,12,A01
201900047269,2,33,,0,2,3,17,B01
201900047269,1,33,,0,2,3,17,A01
201900047270,2,36,,0,0,0,1,A01
201900047271,3,7,,1,1,8,2,A01
201900047272,2,7,,0,2,5,21,A01
201900047272,1,15,,0,2,2,1,B01
201900047272,1,7,,0,2,8,1,C01
201900047273,2,7,,3,0,9,14,A01
201900047274,2,7,,0,2,1,13,A01
201900047274,1,7,,0,2,1,1,B01
201900047275,1,2,,0,0,4,1,B01
201900047275,1,7,,0,2,1,1,A01
201900047276,2,7,,9,0,2,1,A01
201900047277,3,7,,0,1,1,1,A01
201900047278,2,7,,15,0,3,13,A01
201900047279,1,7,,2,0,1,1,A01
201900047280,2,7,,13,0,1,2,A01
201900047281,1,7,,0,2,1,1,C01
201900047281,2,7,,0,2,4,1,B01
201900047281,2,7,,0,2,1,17,A01
201900047282,0,7,,13,0,1,16,A01
201900047283,1,7,,2,0,2,1,A01
201900047284,1,7,,0,2,2,15,B01
201900047284,2,2,,0,2,1,1,A01
201900047285,1,7,,13,0,3,13,A01
201900047286,0,7,,6,0,3,16,A01
201900047287,1,7,,2,0,3,13,A01
201900047288,2,33,,0,2,1,1,B01
201900047288,1,7,,0,2,7,15,A01
201900047289,2,7,,13,0,0,1,A01
201900047290,1,7,,0,0,2,1,A01
201900047291,2,7,,0,2,6,9,A01
201900047291,2,33,,0,2,1,2,B01
201900047292,2,7,,6,0,0,1,A01
201900047293,1,7,,0,0,1,1,A01
201900047294,2,7,,2,0,1,1,A01
201900047295,1,7,,8,0,1,0,A01
201900047296,1,7,,0,2,1,0,B01
201900047296,2,7,,0,2,1,1,A01
201900047297,1,33,,13,0,9,1,A01
201900047298,1,15,,3,0,3,13,A01
201900047299,2,7,,0,0,6,1,C01
201900047299,1,7,,0,2,1,1,B01
201900047299,2,7,,0,2,8,2,A01
201900047300,1,7,,0,1,1,1,A01
201900047301,1,7,,6,0,1,1,A01
201900047302,2,10,,0,2,3,13,A01
201900047302,2,7,,0,2,1,26,B01
201900047302,2,17,,0,2,6,1,C01
201900047303,2,7,,0,1,3,1,A01
201900047304,0,7,,0,2,1,2,A01
201900047304,0,7,,0,2,4,2,B01
201900047305,3,7,,0,2,1,1,B01
201900047305,3,7,,0,2,1,13,A01
201900047306,3,36,,2,0,3,0,A01
201900047307,1,33,,0,2,1,13,A01
201900047307,2,43,,0,2,3,1,B01
201900047308,1,17,,0,0,0,20,B01
201900047308,1,33,,0,0,9,1,A01
201900047309,1,33,,0,0,4,15,B01
201900047309,1,7,,8,2,1,2,A01
201900047310,2,10,,0,2,3,5,A01
201900047310,1,7,,0,2,2,1,B01
201900047311,1,7,,0,2,2,9,A01
201900047311,1,31,,13,2,8,1,B01
201900047312,1,43,,0,0,2,17,A01
201900047313,2,7,,0,2,1,1,A01
201900047313,1,7,,0,0,6,0,B01
201900047313,1,7,,0,0,1,0,C01
201900047314,3,1,,0,2,8,15,B01
201900047314,1,7,,0,9,2,1,A01
201900047315,2,7,,0,2,1,1,B01
201900047315,1,7,,0,2,1,13,A01
201900047316,0,7,,0,0,1,0,B01
201900047316,0,2,,0,0,1,5,A01
201900047317,2,34,,0,2,1,1,A01
201900047317,2,10,,0,2,3,15,B01
201900047318,2,37,1.0,0,2,1,1,B01
201900047318,1,7,,0,2,1,13,A01
201900047319,1,31,,0,2,2,17,A01
201900047319,1,7,,0,2,6,17,B01
201900047320,1,10,,0,2,1,23,D01
201900047320,2,7,,1,2,1,1,C01
201900047320,1,7,,0,2,3,1,B01
201900047320,2,7,,6,2,1,13,A01
201900047321,3,2,,0,2,1,1,B01
201900047321,3,10,,0,2,1,15,A01
201900047322,2,7,,0,1,2,1,A01
201900047323,2,1,,0,2,3,19,A01
201900047323,2,7,,0,2,1,1,B01
201900047324,1,7,,0,2,3,1,B01
201900047324,2,2,,0,0,6,15,A01
201900047325,1,1,,0,2,3,1,B01
201900047325,1,7,,0,2,6,19,A01
201900047326,2,2,,0,2,3,9,A01
201900047326,1,7,,0,2,2,1,B01
201900047327,1,33,,0,1,1,1,A01
201900047328,2,7,,0,2,3,15,A01
201900047328,1,1,,0,2,8,1,B01
201900047329,1,33,,0,2,1,1,B01
201900047329,2,31,,0,2,1,13,A01
201900047330,1,10,,0,2,0,15,A01
201900047330,1,1,,0,2,0,17,B01
201900047331,2,7,,2,0,1,17,A01
201900047332,1,33,,0,0,8,1,A01
201900047333,2,7,,0,2,2,2,B01
201900047333,1,33,,0,2,7,15,A01
201900047334,3,7,,0,2,3,9,A01
201900047334,3,7,,0,2,3,1,B01
201900047335,1,2,,2,0,1,17,A01
201900047336,0,2,,0,0,0,25,A01
201900047337,1,33,,0,2,8,23,C01
201900047337,2,33,,12,2,5,26,A01
201900047337,1,7,,0,2,3,9,B01
201900047338,3,7,,0,2,3,15,A01
201900047338,3,1,,0,2,1,5,B01
201900047339,1,7,,2,0,1,14,A01
201900047340,2,7,,0,2,8,1,A01
201900047340,2,7,,0,2,1,1,B01
201900047341,1,7,,16,0,9,1,A01
201900047342,0,36,,13,0,2,1,A01
201900047343,2,10,,0,2,3,1,B01
201900047343,1,10,,0,2,3,13,A01
201900047344,1,33,,3,0,2,14,A01
201900047345,1,7,,0,2,2,7,B01
201900047345,0,34,,0,2,1,7,A01
201900047346,1,31,,0,2,8,17,A01
201900047346,2,7,,0,2,3,1,B01
201900047347,3,36,,6,0,1,15,A01
201900047348,2,7,,0,2,3,1,B01
201900047348,1,7,,0,2,3,13,A01
201900047349,1,7,,15,0,1,1,A01
201900047350,2,33,,8,0,1,1,A01
201900047351,2,7,,0,2,1,1,B01
201900047351,2,10,,0,0,4,16,A01
201900047352,2,1,,0,2,1,13,A01
201900047352,1,10,,0,2,3,1,B01
201900047353,2,7,,17,0,1,0,A01
201900047354,2,10,,0,2,1,2,A01
201900047354,2,15,,0,0,4,2,B01
201900047355,1,7,,13,0,4,1,A01
201900047356,1,33,,0,2,1,1,B01
201900047356,1,7,,0,2,5,14,A01
201900047357,2,7,,4,0,3,1,A01
201900047358,1,14,,0,0,6,1,B01
201900047358,1,7,,0,2,2,11,A01
201900047359,1,2,,0,1,1,1,A01
201900047360,3,2,,0,0,8,26,A01
201900047361,1,10,,0,2,3,1,C01
201900047361,2,7,,0,2,3,1,B01
201900047361,1,7,,0,2,3,15,A01
201900047362,1,33,,0,0,7,16,A01
201900047363,1,2,,0,0,8,1,A01
201900047364,3,7,,2,0,7,0,A01
201900047365,2,7,,0,0,1,1,B01
201900047365,1,7,,0,0,2,5,A01
201900047366,1,7,,0,2,1,1,C01
201900047366,2,7,,0,2,1,1,B01
201900047366,1,7,,0,2,3,1,A01
201900047367,2,7,,0,9,5,16,B01
201900047367,2,1,,0,2,3,26,A01
201900047368,1,7,,0,1,2,2,A01
201900047369,1,7,,0,0,9,1,A01
201900047370,2,7,,6,0,1,13,A01
201900047371,0,10,,0,9,7,2,B01
201900047371,0,1,,0,0,8,2,A01
201900047372,3,10,,0,2,1,2,A01
201900047372,3,7,,0,0,4,2,B01
201900047373,0,3,,7,0,1,2,A01
201900047374,1,2,,6,0,1,1,A01
201900047375,0,7,,0,2,3,15,B01
201900047375,0,33,,8,0,2,2,A01
201900047376,3,7,,4,0,3,0,A01
201900047377,1,7,,0,2,1,2,A01
201900047377,2,7,,0,2,4,23,B01
201900047378,2,0,,0,1,0,1,A01
201900047379,2,2,,0,2,2,0,A01
201900047379,1,7,,0,2,1,1,B01
201900047380,3,7,,0,1,2,16,A01
201900047381,2,7,,0,0,0,14,A01
201900047382,2,14,,13,0,2,1,A01
201900047383,1,33,,0,0,8,1,A01
201900047384,1,32,,0,0,1,1,A01
201900047385,1,33,,0,2,1,1,A01
201900047385,2,7,,0,2,1,5,B01
201900047386,2,2,,0,2,8,15,A01
201900047386,1,7,,0,2,3,1,B01
201900047387,3,7,,2,0,2,1,A01
201900047388,2,7,,0,2,1,1,B01
201900047388,1,7,,0,2,1,1,A01
201900047389,0,7,,13,0,1,0,A01
201900047390,1,7,,0,2,3,15,A01
201900047390,2,31,,0,2,1,1,B01
201900047391,3,7,,14,0,1,1,A01
201900047392,2,7,,0,1,4,20,A01
201900047393,2,33,,13,0,7,1,A01
201900047394,1,7,,0,0,6,2,A01
201900047395,1,15,,0,0,6,1,B01
201900047395,1,7,,0,2,2,2,A01
201900047396,2,17,,0,0,6,1,B01
201900047396,2,10,,0,2,2,12,A01
201900047397,2,33,,0,2,1,17,B01
201900047397,2,10,,0,2,8,15,A01
201900047398,3,7,,0,2,3,15,A01
201900047398,3,7,,0,2,3,1,B01
201900047399,1,7,,13,2,7,15,A01
201900047399,2,7,,7,2,1,1,B01
201900047400,1,33,,0,2,1,1,B01
201900047400,2,7,,0,2,2,15,A01
201900047401,2,7,,0,0,7,1,A01
201900047401,2,33,,0,0,7,15,B01
201900047402,0,1,,0,2,7,1,B01
201900047402,0,7,,0,9,1,9,A01
201900047403,1,7,,7,2,7,19,A01
201900047403,2,7,,0,2,1,1,B01
201900047404,2,1,,0,9,4,1,A01
201900047404,2,7,,0,9,1,1,B01
201900047405,1,2,,0,2,2,15,A01
201900047405,2,7,,0,2,2,1,B01
201900047406,1,7,,0,0,1,13,A01
201900047407,1,33,,13,0,8,21,A01
201900047408,2,7,,3,0,1,1,A01
201900047409,1,7,,0,2,3,1,B01
201900047409,1,7,,0,2,3,5,A01
201900047410,0,7,,0,2,2,23,B01
201900047410,1,33,,1,0,1,1,A01
201900047411,1,1,,0,1,1,2,A01
201900047412,2,7,,0,2,6,2,B01
201900047412,2,33,,0,2,1,2,A01
201900047413,2,7,,0,0,9,1,A01
201900047414,2,14,,0,0,0,1,A01
201900047415,3,34,,0,2,3,9,A01
201900047415,3,7,,0,2,7,1,B01
201900047416,1,7,,0,2,3,10,A01
201900047416,1,33,,0,2,1,2,B01
201900047417,1,10,,0,2,1,2,D01
201900047417,1,7,,0,2,1,2,C01
201900047417,1,7,,0,2,1,2,B01
201900047417,1,7,,0,2,1,2,A01
201900047418,1,7,,0,0,5,19,A01
201900047418,2,2,,0,2,1,1,B01
201900047419,2,33,,0,0,0,21,B01
201900047419,0,20,,0,0,0,1,A01
201900047420,2,17,,3,0,2,0,A01
201900047421,1,7,,0,2,3,15,B01
201900047421,2,20,,0,2,1,1,A01
201900047422,1,7,,0,2,3,13,A01
201900047422,2,10,,0,2,3,1,B01
201900047423,3,10,,0,9,3,26,B01
201900047423,2,1,,0,2,1,1,A01
201900047424,3,33,,0,0,7,16,A01
201900047425,2,7,,0,2,1,9,A01
201900047425,1,34,,0,2,7,1,B01
201900047426,1,7,,3,9,2,1,A01
201900047427,1,17,,0,2,1,1,A01
201900047427,3,7,,0,2,8,1,B01
201900047428,2,1,,0,2,8,2,B01
201900047428,2,7,,0,2,7,17,A01
201900047429,1,33,,0,2,1,21,B01
201900047429,1,7,,0,0,5,23,A01
201900047430,0,2,,0,2,7,0,B01
201900047430,0,7,,0,2,3,0,A01
201900047431,1,7,,0,2,1,1,A01
201900047431,2,7,,0,2,7,15,B01
201900047432,1,7,,4,0,3,1,A01
201900047433,0,7,,0,2,3,15,B01
201900047433,2,33,,0,2,1,1,A01
201900047434,2,7,,0,2,3,1,A01
201900047434,1,7,,0,2,3,1,B01
201900047434,1,7,,0,2,3,1,C01
201900047435,1,7,,0,2,1,0,A01
201900047435,2,38,18.0,0,2,3,1,B01
201900047436,1,33,,4,0,3,1,A01
201900047437,0,7,,6,0,2,14,A01
201900047438,2,33,,0,6,1,1,A01
201900047439,1,7,,2,0,1,1,A01
201900047440,3,7,,0,2,4,1,B01
201900047440,3,33,,0,2,1,2,A01
201900047441,2,2,,3,0,7,1,A01
201900047442,1,7,,2,0,1,1,A01
201900047443,1,7,,3,0,4,23,A01
201900047443,1,7,,1,0,1,2,B01
201900047444,1,7,,0,2,7,13,A01
201900047444,2,7,,0,2,1,1,B01
201900047445,1,33,,0,2,1,24,D01
201900047445,1,33,,0,2,1,24,C01
201900047445,1,33,,0,2,1,17,B01
201900047445,1,7,,0,2,3,15,A01
201900047446,0,7,,0,2,1,15,A01
201900047446,0,1,,0,2,8,1,B01
201900047447,2,7,,0,2,7,1,B01
201900047447,1,7,,0,2,2,1,A01
201900047448,2,7,,0,0,3,1,A01
201900047449,2,7,,0,0,4,15,B01
201900047449,2,33,,0,2,1,17,A01
201900047450,0,7,,0,2,3,0,B01
201900047450,0,7,,0,2,2,0,A01
201900047451,3,32,,0,2,1,0,B01
201900047452,3,36,,12,0,2,16,A01
201900047453,2,7,,0,0,8,13,B01
201900047453,2,32,,6,2,1,17,A01
201900047454,0,7,,0,0,0,0,H01
201900047454,0,7,,0,0,0,0,G01
201900047454,0,7,,0,0,0,0,F01
201900047454,0,7,,0,0,0,0,E01
201900047454,0,36,,0,0,1,26,D01
201900047454,0,36,,0,0,2,26,C01
201900047454,3,10,,0,2,2,26,B01
201900047454,0,10,,1,2,1,26,A01
201900047455,3,34,,0,2,1,17,B01
201900047455,3,10,,0,2,6,15,A01
201900047456,2,7,,8,0,8,14,A01
201900047457,1,7,,0,0,0,15,A01
201900047457,1,7,,0,0,3,2,B01
201900047457,1,33,,0,2,1,2,C01
201900047457,2,7,,0,9,3,1,D01
201900047458,3,7,,0,1,6,20,A01
201900047459,1,7,,3,0,1,26,A01
201900047460,1,33,,0,0,1,1,A01
201900047461,2,33,,0,2,1,1,B01
201900047461,1,7,,0,2,2,15,A01
201900047462,2,7,,15,0,1,0,A01
201900047463,1,7,,0,1,1,1,A01
201900047464,3,7,,0,1,2,9,A01
201900047465,1,7,,2,0,1,1,A01
201900047466,3,2,,0,2,3,15,B01
201900047466,1,13,,0,2,2,1,A01
201900047467,2,7,,2,0,1,1,A01
201900047468,1,7,,0,2,1,17,B01
201900047468,1,7,,0,2,6,15,A01
201900047469,2,7,,0,2,4,23,B01
201900047469,2,7,,0,2,1,1,A01
201900047470,2,7,,0,2,3,19,A01
201900047470,2,33,,0,2,1,1,B01
201900047471,3,7,,17,0,2,1,A01
201900047472,1,2,,1,0,1,0,A01
201900047473,1,33,,0,0,7,1,A01
201900047474,1,10,,13,2,8,1,B01
201900047474,0,10,,0,2,1,19,A01
201900047475,3,7,,13,0,1,0,A01
201900047476,1,7,,13,0,2,0,A01
201900047477,1,2,,7,0,1,1,A01
201900047478,2,7,,0,2,8,1,B01
201900047478,1,33,,6,2,8,1,A01
201900047479,2,33,,0,0,9,1,A01
201900047480,2,36,,0,2,1,13,B01
201900047480,1,10,,0,2,1,1,A01
201900047481,1,33,,0,2,1,17,B01
201900047481,1,7,,0,2,6,13,A01
201900047482,3,33,,7,2,1,1,B01
201900047482,3,7,,0,2,2,15,A01
201900047483,1,7,,0,2,1,1,C01
201900047483,2,13,,0,2,1,1,B01
201900047483,1,7,,0,2,1,13,A01
201900047484,2,7,,0,2,1,13,A01
201900047484,1,7,,0,2,1,1,B01
201900047485,1,7,,1,0,1,2,A01
201900047485,1,7,,1,0,4,23,B01
201900047485,1,33,,0,0,4,23,C01
201900047486,1,7,,0,2,1,2,A01
201900047486,1,17,,0,2,4,1,B01
201900047487,0,7,,8,0,1,1,A01
201900047488,2,10,,0,2,3,1,A01
201900047488,1,7,,0,2,3,13,B01
201900047489,2,7,,0,2,3,9,A01
201900047489,1,7,,0,2,2,1,B01
201900047490,1,33,,0,2,4,2,B01
201900047490,1,10,,0,2,1,9,A01
201900047491,3,33,,0,2,1,1,B01
201900047491,1,7,,0,2,1,15,A01
201900047492,1,7,,0,2,1,26,A01
201900047492,1,7,,0,2,4,15,B01
201900047493,1,7,,0,2,4,0,A01
201900047493,1,7,,0,2,4,23,C01
201900047493,1,7,,0,2,4,26,B01
201900047494,3,7,,17,0,1,14,A01
201900047495,1,7,,0,1,1,2,A01
201900047496,1,7,,0,2,1,1,B01
201900047496,2,7,,0,2,1,13,A01
201900047497,3,7,,0,1,2,15,A01
201900047498,0,7,,0,1,0,26,A01
201900047499,1,7,,10,0,1,1,A01
201900047500,1,10,,0,2,7,19,A01
201900047500,1,33,,0,2,3,1,B01
201900047501,2,99,,0,2,1,1,B01
201900047501,1,7,,0,6,3,1,A01
201900047502,2,7,,0,2,5,15,B01
201900047502,2,7,,0,2,3,1,A01
201900047503,0,7,,0,2,2,15,B01
201900047504,1,7,,0,2,1,1,B01
201900047504,3,7,,9,2,5,1,A01
201900047505,1,7,,1,0,1,9,A01
201900047506,2,7,,1,0,4,1,A01
201900047507,2,7,,0,2,4,23,A01
201900047507,2,7,,0,2,1,2,B01
201900047508,2,7,,8,0,2,1,A01
201900047509,2,30,,0,1,3,26,A01
201900047510,3,10,,0,2,4,2,B01
201900047510,3,33,,0,2,8,2,A01
201900047511,2,7,,0,0,2,16,A01
201900047511,2,33,,0,0,0,0,B01
201900047512,2,7,,0,1,2,1,A01
201900047513,1,7,,0,2,2,1,A01
201900047513,1,7,,0,2,7,0,B01
201900047514,3,7,,0,2,1,15,A01
201900047514,3,33,,3,2,1,1,B01
201900047515,1,7,,16,2,7,16,A01
201900047515,1,2,,0,2,8,1,B01
201900047516,2,7,,0,2,4,1,B01
201900047516,2,14,,0,2,1,26,A01
201900047517,0,99,,0,2,4,2,B01
201900047517,3,7,,0,2,4,2,C01
201900047517,3,7,,0,2,1,2,A01
201900047518,3,33,,0,0,1,1,A01
201900047519,1,7,,0,2,3,9,A01
201900047519,1,33,,0,2,7,16,B01
201900047520,3,33,,0,1,1,19,A01
201900047521,1,10,,0,1,1,26,A01
201900047522,1,33,,0,2,1,2,A01
201900047522,2,7,,0,2,6,9,B01
201900047523,1,7,,0,2,1,1,D01
201900047523,1,7,,0,2,7,16,C01
201900047524,2,1,,12,2,8,19,B01
201900047524,1,7,,12,1,1,26,A01
201900047525,1,50,,0,2,1,1,B01
201900047525,1,7,,0,2,5,16,A01
201900047526,1,10,,0,2,2,1,A01
201900047526,3,1,,0,2,1,19,B01
201900047527,3,1,,0,2,1,0,B01
201900047527,1,7,,0,1,3,1,A01
201900047528,2,7,,0,1,1,1,A01
201900047529,0,7,,0,2,0,26,Z01
201900047529,0,2,,0,2,0,0,A01
201900047530,1,1,,0,2,7,0,B01
201900047530,1,31,,0,2,1,1,A01
201900047531,1,1,,0,2,1,26,B01
201900047531,1,7,,0,1,2,9,A01
201900047532,1,10,,0,2,5,15,A01
201900047532,2,31,,0,2,1,1,B01
201900047533,2,80,,0,2,3,1,B01
201900047533,1,7,,0,2,2,16,A01
201900047534,1,31,,12,0,3,13,A01
201900047535,1,7,,0,2,0,2,Z01
201900047535,1,2,,0,2,7,1,B01
201900047536,2,7,,0,2,1,16,B01
201900047536,1,10,,0,2,1,1,A01
201900047537,1,50,,0,2,1,16,A01
201900047537,2,7,,0,2,3,1,B01
201900047538,2,2,,0,2,7,1,B01
201900047538,1,7,,0,2,0,15,A01
201900047539,2,10,,0,2,3,1,B01
201900047539,1,13,,0,2,2,10,A01
201900047540,1,10,,0,1,4,4,A01
201900047541,2,1,,0,2,0,0,B01
201900047541,1,7,,0,2,0,0,A01
201900047542,1,30,,0,0,8,0,A01
201900047543,2,1,,0,2,3,19,B01
201900047543,1,7,,0,2,2,1,A01
201900047544,1,7,,0,1,0,1,A01
201900047545,1,7,,0,2,1,15,A01
201900047545,2,7,,0,2,3,1,B01
201900047546,3,1,,0,2,8,19,B01
201900047546,1,7,,0,1,3,1,A01
201900047547,1,7,,0,1,0,1,Z01
201900047548,1,7,,0,2,5,1,A01
201900047548,1,2,,0,2,0,19,B01
201900047549,1,7,,0,2,3,15,A01
201900047549,1,7,,0,2,3,1,B01
201900047550,1,40,,0,1,2,1,A01
201900047551,1,7,,0,2,2,1,B01
201900047551,1,10,,0,2,2,15,A01
201900047552,1,7,,0,1,1,13,A01
201900047553,2,1,,0,2,8,19,B01
201900047553,1,7,,0,2,1,1,A01
201900047554,1,7,,0,1,3,1,A01
201900047555,2,1,,0,2,0,19,B01
201900047555,1,7,,0,1,3,1,A01
201900047556,1,37,3.0,0,2,1,1,A01
201900047556,1,7,,0,2,4,2,B01
201900047557,1,7,,0,2,2,16,B01
201900047557,1,30,,0,2,1,1,A01
201900047558,2,1,,0,2,7,21,B01
201900047558,3,7,,0,2,0,25,A01
201900047559,3,7,,0,2,3,1,B01
201900047559,3,1,,0,2,1,15,A01
201900047560,3,7,,6,2,3,1,B01
201900047560,3,7,,0,2,3,15,A01
201900047561,3,7,,0,2,1,1,B01
201900047561,3,1,,0,2,1,1,A01
201900047562,1,7,,0,2,1,2,A01
201900047562,1,7,,0,2,4,2,B01
201900047562,1,7,,0,2,4,2,C01
201900047563,1,7,,0,1,1,1,A01
201900047564,1,2,,0,1,1,1,A01
201900047565,1,7,,0,1,1,1,A01
201900047566,1,7,,0,1,2,1,A01
201900047567,1,7,,0,1,1,15,A01
201900047568,1,7,,0,2,3,1,B01
201900047568,1,7,,0,2,1,13,A01
201900047569,1,7,,0,2,1,2,A01
201900047569,1,7,,0,2,4,2,B01
201900047569,1,7,,0,2,4,2,C01
201900047570,1,7,,0,2,1,9,A01
201900047570,0,7,,0,0,7,1,B01
201900047571,1,2,,0,2,4,2,B01
201900047571,1,7,,0,2,1,2,A01
201900047572,2,7,,0,2,8,1,B01
201900047572,2,7,,0,2,7,14,A01
201900047573,1,30,,0,0,1,1,A01
201900047574,1,33,,0,2,1,2,A01
201900047574,1,7,,0,2,6,2,B01
201900047575,1,7,,0,2,1,2,A01
201900047575,1,30,,0,2,4,2,B01
201900047576,0,33,,0,2,1,1,B01
201900047576,0,7,,0,2,1,15,A01
201900047577,1,7,,0,2,4,1,D01
201900047577,1,7,,0,2,4,1,C01
201900047577,1,7,,0,2,1,1,B01
201900047577,1,7,,0,2,1,1,A01
201900047578,1,7,,0,2,3,13,A01
201900047578,2,7,,0,2,3,1,B01
201900047579,1,7,,0,2,1,1,C01
201900047579,2,33,,0,2,1,17,B01
201900047579,2,33,,0,2,8,13,A01
201900047580,2,7,,0,2,3,13,A01
201900047580,2,32,,0,2,1,17,B01
201900047581,2,10,,0,2,3,15,A01
201900047581,1,31,,0,2,1,17,B01
201900047582,1,7,,0,2,3,13,A01
201900047582,2,13,,0,2,3,2,B01
201900047583,2,7,,0,2,2,1,B01
201900047583,1,1,,0,2,1,5,A01
201900047584,2,1,,0,2,1,13,A01
201900047584,2,32,,0,2,2,1,B01
201900047585,2,33,,0,2,1,1,B01
201900047585,1,7,,0,2,3,19,A01
201900047586,1,1,,0,2,4,16,B01
201900047586,2,7,,0,2,6,17,A01
201900047587,2,7,,0,0,3,1,B01
201900047587,1,7,,0,2,6,19,A01
201900047588,2,7,,0,1,1,9,A01
201900047589,2,7,,0,2,1,9,A01
201900047589,1,1,,0,2,5,1,B01
201900047590,2,7,,0,2,3,1,B01