Num_Acc,senc,catv,occutc,obs,obsm,choc,manv,num_veh
201900047590,2,7,,0,2,1,1,A01
201900047591,1,1,,0,2,1,1,B01
201900047591,1,7,,0,2,7,16,A01
201900047592,2,33,,0,2,1,1,A01
201900047592,2,7,,0,2,8,9,B01
201900047593,2,7,,0,2,2,14,A01
201900047593,2,2,,0,2,3,2,B01
201900047594,1,7,,0,2,2,15,A01
201900047594,2,33,,0,2,1,1,B01
201900047595,1,7,,11,0,1,1,A01
201900047596,2,7,,0,2,7,1,B01
201900047596,2,30,,0,2,8,18,A01
201900047597,2,7,,0,2,1,1,A01
201900047597,1,7,,0,2,3,1,B01
201900047598,3,7,,0,2,1,1,B01
201900047598,3,7,,0,2,7,15,A01
201900047599,2,7,,0,2,3,13,A01
201900047599,2,33,,0,2,7,1,B01
201900047600,1,32,,7,0,1,14,A01
201900047601,1,33,,8,0,1,18,A01
201900047602,2,31,,0,0,8,1,A01
201900047603,2,7,,11,2,1,15,A01
201900047603,1,10,,0,2,1,23,C01
201900047603,1,7,,0,2,8,23,D01
201900047603,2,7,,0,2,4,16,B01
201900047604,2,7,,0,2,1,1,A01
201900047604,2,7,,0,2,4,16,B01
201900047605,3,33,,0,2,7,12,A01
201900047605,3,7,,0,2,3,1,B01
201900047606,3,7,,0,1,1,1,A01
201900047607,3,1,,12,0,1,26,A01
201900047608,1,10,,0,2,8,15,B01
201900047608,1,2,,0,2,1,17,A01
201900047609,2,7,,0,2,8,15,B01
201900047609,2,32,,0,2,0,17,A01
201900047610,2,7,,0,1,2,1,A01
201900047611,2,7,,4,0,1,26,A01
201900047612,1,7,,6,0,2,26,A01
201900047613,1,7,,0,2,2,26,A01
201900047613,1,7,,0,2,3,1,B01
201900047614,2,37,1.0,0,1,1,1,A01
201900047615,1,7,,0,1,1,17,A01
201900047616,1,33,,0,2,7,17,B01
201900047616,1,7,,0,2,8,15,A01
201900047617,1,33,,0,0,0,26,A01
201900047618,2,7,,0,2,2,16,A01
201900047618,1,7,,0,2,7,15,B01
201900047619,3,7,,0,2,8,15,B01
201900047619,3,7,,0,2,2,17,A01
201900047620,1,7,,0,2,3,1,B01
201900047620,1,30,,0,2,1,1,A01
201900047621,3,7,,0,2,1,1,B01
201900047621,3,7,,0,2,2,17,A01
201900047622,3,7,,0,1,1,1,A01
201900047623,3,10,,0,1,6,2,A01
201900047624,1,7,,4,0,3,26,A01
201900047624,1,7,,0,0,0,13,B01
201900047625,1,1,,0,2,6,1,B01
201900047625,2,7,,0,2,3,15,A01
201900047626,3,7,,0,2,1,1,B01
201900047626,3,7,,0,2,1,13,A01
201900047627,1,13,,0,2,3,9,A01
201900047627,1,30,,0,2,1,0,B01
201900047628,3,33,,0,2,1,2,B01
201900047628,3,10,,0,2,4,23,A01
201900047629,2,3,,0,2,3,9,A01
201900047629,2,7,,0,2,3,21,B01
201900047630,1,33,,0,2,1,1,B01
201900047630,1,10,,0,2,3,15,A01
201900047631,3,33,,3,0,1,0,A01
201900047632,3,33,,0,2,1,1,B01
201900047632,3,7,,0,2,7,19,A01
201900047633,1,7,,0,2,1,1,B01
201900047633,1,7,,0,2,1,13,A01
201900047634,3,1,,0,2,1,19,B01
201900047634,1,7,,0,2,2,1,A01
201900047635,3,7,,0,2,2,16,B01
201900047635,2,37,1.0,0,2,8,1,C01
201900047635,2,7,,0,2,1,17,A01
201900047636,3,31,,1,0,0,16,A01
201900047637,0,1,,0,2,8,0,B01
201900047637,2,7,,0,6,5,9,A01
201900047638,1,10,,0,2,1,1,A01
201900047638,3,7,,0,2,3,15,B01
201900047639,0,7,,13,0,1,0,A01
201900047640,1,7,,0,2,1,15,A01
201900047640,2,33,,0,2,1,1,B01
201900047641,2,7,,0,2,3,20,B01
201900047641,1,7,,0,2,2,0,A01
201900047642,0,7,,0,2,2,26,A01
201900047642,0,2,,0,0,5,0,B01
201900047643,0,10,,0,1,1,1,A01
201900047644,3,7,,0,2,5,1,B01
201900047644,3,7,,0,2,5,1,A01
201900047645,3,7,,0,1,1,1,A01
201900047646,2,1,,1,0,1,1,B01
201900047646,2,7,,0,2,3,24,A01
201900047647,2,7,,8,0,7,2,A01
201900047647,2,7,,0,2,1,1,Z01
201900047648,2,33,,0,0,1,1,A01
201900047648,1,10,,0,2,8,1,B01
201900047649,1,7,,0,2,3,13,B01
201900047649,2,7,,0,2,3,1,A01
201900047650,1,7,,0,2,1,19,C01
201900047650,2,7,,0,2,2,19,B01
201900047651,1,7,,1,0,1,14,A01
201900047652,3,7,,0,1,3,1,A01
201900047653,0,0,,0,1,7,1,A01
201900047654,2,7,,1,0,1,1,A01
201900047655,1,7,,0,6,3,1,B01
201900047655,1,32,,0,2,1,1,A01
201900047656,3,33,,0,2,1,17,A01
201900047656,0,7,,0,2,3,15,B01
201900047657,3,31,,0,1,1,25,A01
201900047658,3,7,,0,2,1,26,A01
201900047658,0,99,,0,2,1,1,B01
201900047659,1,14,,0,2,4,1,B01
201900047659,1,7,,0,2,2,2,A01
201900047660,3,7,,0,2,2,1,A01
201900047660,3,1,,0,2,1,19,B01
201900047661,2,7,,0,2,4,2,C01
201900047661,2,7,,0,2,4,2,B01
201900047661,2,7,,0,2,1,2,A01
201900047662,1,7,,0,2,4,2,B01
201900047662,1,10,,0,2,1,2,A01
201900047663,1,7,,0,2,7,15,A01
201900047663,2,32,,0,2,1,1,B01
201900047664,0,33,,0,2,9,1,A01
201900047664,0,7,,0,2,1,15,B01
201900047665,1,7,,0,2,2,13,A01
201900047665,2,7,,0,2,2,1,B01
201900047666,1,7,,0,1,1,1,A01
201900047667,1,7,,0,2,4,1,B01
201900047667,0,7,,0,2,4,1,C01
201900047667,1,14,,0,2,1,1,A01
201900047668,1,7,,0,2,0,0,Z01
201900047668,1,10,,0,2,7,1,A01
201900047669,3,10,,0,2,1,1,A01
201900047669,3,7,,0,2,8,1,B01
201900047670,1,7,,0,1,2,1,A01
201900047671,2,33,,0,2,1,1,B01
201900047671,2,7,,0,2,5,19,A01
201900047672,0,7,,0,1,2,1,A01
201900047673,1,99,,0,1,1,2,Z01
201900047674,1,7,,0,2,3,9,Z01
201900047674,1,1,,0,2,7,1,B01
201900047675,1,33,,0,2,8,1,B01
201900047675,3,7,,0,2,3,1,A01
201900047676,2,7,,0,2,6,15,B01
201900047676,2,33,,0,2,1,17,A01
201900047677,1,7,,0,2,7,10,A01
201900047677,1,31,,0,2,1,2,B01
201900047678,2,1,,0,2,1,2,A01
201900047678,2,17,,0,2,5,1,B01
201900047679,3,1,,0,2,1,19,A01
201900047679,3,7,,0,2,4,1,B01
201900047680,3,7,,0,2,4,15,B01
201900047680,3,7,,0,2,8,1,C01
201900047680,3,7,,0,2,1,1,A01
201900047681,3,30,,0,1,0,0,Z01
201900047682,2,31,,0,2,1,17,A01
201900047682,2,10,,0,2,8,15,B01
201900047683,2,33,,0,2,7,1,B01
201900047683,2,7,,0,2,3,26,A01
201900047684,1,30,,3,0,1,16,A01
201900047685,2,7,,8,0,1,1,A01
201900047686,0,31,,14,0,0,1,A01
201900047687,0,7,,0,1,1,15,A01
201900047688,0,7,,0,1,4,4,A01
201900047689,2,7,,0,1,3,1,Z01
201900047690,3,7,,0,2,8,10,A01
201900047690,3,34,,0,2,1,17,B01
201900047691,3,7,,0,2,6,26,A01
201900047691,3,30,,0,2,7,1,B01
201900047692,3,7,,0,2,8,26,B01
201900047692,3,7,,0,2,3,26,C01
201900047692,3,7,,0,2,8,13,A01
201900047693,3,7,,0,2,1,1,A01
201900047693,3,7,,0,2,6,23,B01
201900047694,1,7,,0,1,2,1,A01
201900047695,1,7,,0,2,1,15,A01
201900047695,1,7,,0,2,7,1,B01
201900047696,3,7,,0,2,3,1,B01
201900047696,0,7,,0,2,1,5,A01
201900047697,1,10,,0,2,1,1,A01
201900047697,1,33,,0,2,1,13,B01
201900047698,2,2,,0,2,1,17,B01
201900047698,2,7,,0,6,6,10,A01
201900047699,3,33,,0,2,7,18,A01
201900047699,3,17,,0,2,2,16,B01
201900047700,1,34,,0,2,3,3,B01
201900047700,1,7,,0,2,5,12,A01
201900047701,1,7,,0,2,3,11,A01
201900047701,1,32,,0,2,1,1,B01
201900047702,1,7,,4,0,3,13,A01
201900047703,2,32,,0,2,4,2,B01
201900047703,2,7,,0,2,1,2,A01
201900047704,2,17,,0,2,3,12,A01
201900047704,2,7,,0,2,6,1,B01
201900047705,1,43,,0,2,1,3,A01
201900047705,1,32,,0,2,6,11,B01
201900047706,1,2,,7,0,1,1,A01
201900047707,1,7,,0,1,1,1,A01
201900047708,1,33,,0,1,1,1,A01
201900047709,2,7,,0,1,6,4,A01
201900047710,2,30,,0,1,1,1,A01
201900047711,1,7,,0,2,1,15,A01
201900047711,2,2,,0,2,1,1,B01
201900047712,1,30,,0,0,2,1,A01
201900047713,1,7,,0,2,1,2,A01
201900047713,1,7,,0,2,4,23,B01
201900047713,1,7,,0,2,8,1,C01
201900047713,1,7,,0,2,4,1,D01
201900047714,1,32,,0,2,1,1,Z01
201900047714,1,1,,0,2,4,1,A01
201900047715,1,60,,0,2,0,19,B01
201900047715,1,7,,0,2,3,1,A01
201900047716,1,33,,0,2,1,1,A01
201900047716,1,7,,0,2,3,9,B01
201900047717,2,34,,0,2,8,1,B01
201900047717,1,7,,0,2,2,10,A01
201900047718,1,30,,0,2,2,1,A01
201900047718,1,7,,0,2,4,10,B01
201900047719,2,7,,0,2,1,20,A01
201900047719,2,31,,0,2,4,23,B01
201900047720,1,80,,0,2,8,13,B01
201900047720,1,7,,0,2,2,17,A01
201900047721,2,33,,14,0,0,1,A01
201900047722,2,7,,0,1,2,1,A01
201900047723,1,7,,0,1,2,1,A01
201900047724,1,34,,0,2,2,17,A01
201900047724,1,7,,0,2,3,15,B01
201900047725,1,7,,0,2,3,9,A01
201900047725,1,31,,0,2,1,1,B01
201900047726,2,1,,0,1,1,5,Z01
201900047727,1,10,,0,2,1,1,B01
201900047727,2,1,,0,2,8,9,A01
201900047728,1,7,,0,2,4,1,B01
201900047728,1,7,,0,2,1,1,A01
201900047729,1,7,,0,2,3,1,B01
201900047729,2,1,,0,2,7,19,A01
201900047730,1,7,,0,2,3,15,A01
201900047730,1,43,,0,2,6,21,B01
201900047731,0,1,,0,0,0,1,A01
201900047732,2,7,,0,2,7,14,B01
201900047732,1,31,,0,2,6,18,A01
201900047733,1,7,,0,1,3,1,A01
201900047734,2,7,,0,1,3,1,A01
201900047735,1,30,,1,0,1,5,A01
201900047736,2,7,,0,2,2,22,A01
201900047736,2,1,,0,2,3,18,B01
201900047737,2,7,,0,1,3,15,A01
201900047738,2,1,,0,2,7,1,B01
201900047738,2,7,,0,2,8,22,A01
201900047739,2,1,,0,1,0,1,A01
201900047740,1,7,,0,2,3,10,A01
201900047740,1,43,,0,1,7,1,B01
201900047741,1,7,,0,1,1,16,A01
201900047742,2,10,,0,2,7,23,C01
201900047742,2,1,,1,2,2,13,B01
201900047742,2,10,,0,2,3,22,A01
201900047743,1,31,,0,2,6,9,B01
201900047743,3,14,,0,2,7,15,A01
201900047744,3,33,,0,2,7,1,B01
201900047744,3,50,,0,2,8,19,A01
201900047745,1,30,,0,1,8,5,Z01
201900047746,2,7,,1,2,3,11,A01
201900047746,2,14,,0,2,2,1,B01
201900047747,2,10,,0,1,3,1,A01
201900047748,1,30,,0,2,1,2,A01
201900047748,1,7,,0,2,5,23,B01
201900047749,1,10,,0,1,0,9,Z01
201900047750,1,7,,0,2,1,2,A01
201900047750,1,33,,0,2,4,2,B01
201900047751,0,37,1.0,14,1,7,16,A01
201900047752,2,7,,0,2,3,20,A01
201900047752,1,34,,0,2,2,26,B01
201900047753,2,1,,1,0,1,2,B01
201900047753,2,7,,0,2,8,22,A01
201900047754,1,7,,1,0,4,20,A01
201900047755,2,13,,0,2,8,22,A01
201900047755,2,1,,1,0,7,17,B01
201900047756,1,10,,0,9,0,0,C01
201900047756,1,10,,0,2,1,2,B01
201900047756,1,10,,0,2,1,2,A01
201900047757,1,34,,0,2,1,17,A01
201900047757,2,30,,0,2,1,17,B01
201900047758,0,32,,0,2,1,1,B01
201900047758,3,7,,0,2,0,0,A01
201900047759,3,7,,11,0,1,1,A01
201900047760,1,33,,0,0,8,13,A01
201900047761,2,33,,0,2,1,1,B01
201900047761,1,7,,0,2,7,15,A01
201900047762,1,7,,6,2,8,1,B01
201900047762,1,7,,9,2,1,19,A01
201900047763,1,7,,0,1,2,16,A01
201900047764,3,7,,0,2,3,0,B01
201900047764,3,30,,0,2,0,0,A01
201900047765,1,3,,0,2,8,15,B01
201900047765,2,3,,0,2,1,1,A01
201900047766,2,0,,0,2,3,15,A01
201900047766,2,33,,0,2,1,1,B01
201900047767,1,32,,0,2,0,0,B01
201900047767,1,7,,0,2,2,1,A01
201900047768,1,37,1.0,0,2,4,20,B01
201900047768,1,7,,0,0,0,21,A01
201900047769,3,3,,0,1,3,1,A01
201900047770,2,33,,0,6,2,1,B01
201900047770,2,7,,0,6,3,10,A01
201900047771,3,3,,0,2,6,2,B01
201900047771,1,7,,0,2,3,19,A01
201900047772,2,7,,0,2,4,23,A01
201900047772,2,7,,0,2,1,1,B01
201900047773,0,38,1.0,0,1,3,15,A01
201900047774,2,7,,0,2,3,11,A01
201900047774,1,33,,0,2,1,1,B01
201900047775,1,7,,0,2,3,10,A01
201900047775,1,31,,0,2,1,1,B01
201900047776,1,7,,0,1,2,1,A01
201900047777,1,7,,0,1,1,1,A01
201900047778,1,7,,0,2,4,2,B01
201900047778,1,7,,0,2,4,2,C01
201900047778,1,7,,0,2,1,2,A01
201900047779,2,37,1.0,0,2,1,2,A01
201900047779,2,33,,12,0,9,17,B01
201900047780,1,7,,0,2,1,26,A01
201900047780,1,7,,0,0,4,26,B01
201900047781,1,3,,0,2,3,26,A01
201900047781,1,3,,0,2,3,9,B01
201900047782,1,34,,14,0,1,9,A01
201900047783,2,10,,0,2,2,1,B01
201900047783,1,31,,0,2,7,15,A01
201900047784,2,33,,0,2,7,17,A01
201900047784,0,10,,0,1,1,9,B01
201900047785,1,7,,0,2,8,1,B01
201900047785,1,7,,0,2,2,9,A01
201900047786,1,37,1.0,0,2,1,1,A01
201900047786,1,7,,0,2,4,2,B01
201900047787,1,7,,0,0,4,23,B01
201900047787,1,30,,0,2,4,23,A01
201900047788,3,7,,0,2,2,1,A01
201900047788,3,33,,0,2,2,2,B01
201900047789,1,10,,0,2,6,16,B01
201900047789,1,7,,0,2,2,17,A01
201900047790,3,10,,0,2,3,1,A01
201900047790,3,2,,0,2,1,13,B01
201900047791,3,7,,0,2,8,1,B01
201900047791,3,7,,0,2,1,9,A01
201900047792,2,7,,0,6,3,24,A01
201900047792,1,1,,0,2,1,1,B01
201900047793,1,7,,0,2,2,23,A01
201900047793,1,34,,14,0,1,1,B01
201900047794,3,32,,0,1,1,0,A01
201900047795,1,7,,1,0,1,1,A01
201900047796,1,13,,0,2,1,2,A01
201900047796,1,7,,0,2,4,23,B01
201900047797,2,37,1.0,14,2,3,15,A01
201900047798,3,7,,0,1,5,9,A01
201900047799,1,7,,0,2,1,1,A01
201900047799,2,7,,0,2,3,13,B01
201900047800,2,7,,0,1,4,20,A01
201900047801,1,7,,0,1,0,19,A01
201900047802,1,7,,0,1,2,19,A01
201900047803,1,7,,6,2,6,1,B01
201900047803,3,7,,0,2,1,15,A01
201900047804,1,7,,0,1,3,1,A01
201900047805,1,10,,0,1,1,1,A01
201900047806,0,2,,0,1,1,17,A01
201900047807,1,7,,0,1,3,2,A01
201900047808,1,7,,0,2,1,1,B01
201900047808,1,31,,0,2,1,26,A01
201900047809,3,10,,0,1,4,4,A01
201900047810,3,7,,0,1,1,16,A01
201900047811,3,7,,0,2,1,1,B01
201900047811,3,7,,0,2,1,11,A01
201900047812,1,7,,0,2,3,1,B01
201900047812,1,7,,14,2,3,17,A01
201900047813,2,7,,0,2,7,15,A01
201900047813,2,7,,0,2,3,1,C01
201900047813,1,33,,0,2,1,17,B01
201900047814,1,32,,0,2,1,1,A01
201900047814,1,7,,0,2,4,1,B01
201900047815,2,30,,0,0,0,0,A01
201900047816,1,7,,0,1,2,1,A01
201900047817,2,7,,0,1,1,1,A01
201900047818,1,7,,0,1,1,1,A01
201900047819,2,33,,16,0,1,1,A01
201900047820,0,33,,12,0,2,0,A01
201900047821,3,7,,0,1,7,2,A01
201900047822,1,10,,0,0,3,1,A01
201900047822,2,31,,0,0,1,1,B01
201900047823,1,7,,0,2,2,15,A01
201900047823,2,33,,0,2,1,1,B01
201900047824,1,33,,0,0,7,1,A01
201900047825,1,7,,6,0,1,1,A01
201900047826,1,7,,0,0,0,0,A01
201900047827,1,7,,0,2,3,21,A01
201900047827,1,7,,0,2,4,1,B01
201900047827,1,7,,0,0,4,23,C01
201900047828,2,15,,0,0,4,2,B01
201900047828,2,13,,0,2,1,2,A01
201900047829,1,7,,0,2,1,1,A01
201900047829,2,36,,0,2,1,13,B01
201900047830,3,36,,13,0,0,15,A01
201900047831,1,7,,0,2,3,15,A01
201900047831,1,30,,0,2,2,15,B01
201900047832,1,7,,0,1,2,1,A01
201900047833,2,7,,0,2,2,2,B01
201900047833,2,1,,0,0,4,2,A01
201900047834,1,7,,0,2,3,1,A01
201900047834,1,7,,0,2,5,1,B01
201900047835,1,7,,0,2,1,14,A01
201900047835,1,99,,0,0,4,2,B01
201900047836,1,31,,2,0,1,1,A01
201900047837,1,7,,3,0,1,0,A01
201900047838,1,1,,0,2,1,1,B01
201900047838,2,7,,12,2,3,1,A01
201900047839,3,7,,0,2,3,1,B01
201900047839,3,7,,0,2,3,6,A01
201900047840,1,7,,8,0,9,0,A01
201900047841,1,7,,0,2,2,1,A01
201900047841,1,1,,0,0,4,1,B01
201900047842,1,7,,2,0,9,1,A01
201900047843,2,7,,2,0,2,1,A01
201900047844,1,7,,0,2,3,2,A01
201900047844,1,7,,0,0,5,15,B01
201900047845,1,33,,3,2,1,13,A01
201900047845,2,7,,0,2,1,1,B01
201900047845,1,7,,0,2,1,1,C01
201900047846,2,33,,0,0,0,1,A01
201900047847,2,7,,0,2,1,2,A01
201900047847,2,17,,0,0,4,2,B01
201900047848,3,7,,0,1,3,23,B01
201900047848,3,7,,0,1,3,21,A01
201900047849,2,10,,0,2,3,1,B01
201900047849,1,7,,0,2,3,13,A01
201900047850,1,2,,0,2,1,1,B01
201900047850,2,7,,0,2,3,17,A01
201900047851,2,7,,8,0,1,2,A01
201900047851,3,7,,0,0,3,16,B01
201900047852,2,15,,0,2,1,2,A01
201900047852,2,14,,0,0,4,2,B01
201900047853,2,7,,14,0,4,2,A01
201900047853,2,10,,0,2,1,2,B01
201900047854,2,7,,3,0,1,1,A01
201900047855,1,10,,0,2,3,1,B01
201900047855,2,2,,0,2,3,5,A01
201900047856,1,7,,0,2,1,1,C01
201900047856,1,7,,0,2,4,23,B01
201900047856,1,7,,0,1,4,23,A01
201900047857,2,2,,0,2,7,1,A01
201900047857,1,7,,0,2,3,1,B01
201900047858,2,7,,13,2,4,23,B01
201900047858,2,7,,1,0,1,2,A01
201900047859,1,7,,0,1,2,1,A01
201900047860,2,7,,0,2,3,1,B01
201900047860,1,7,,0,2,1,1,A01
201900047861,2,7,,0,2,6,15,A01
201900047861,2,33,,0,2,1,1,B01
201900047862,2,7,,6,0,1,13,A01
201900047863,1,7,,0,0,1,1,A01
201900047863,2,7,,0,2,7,1,B01
201900047864,3,50,,0,0,9,26,A01
201900047865,2,7,,0,2,1,1,B01
201900047865,1,7,,0,2,1,13,A01
201900047866,1,7,,3,0,2,14,A01
201900047867,1,7,,0,2,3,1,B01
201900047867,2,7,,0,2,3,1,A01
201900047868,2,7,,0,2,3,13,A01
201900047868,1,7,,0,2,3,1,B01
201900047869,1,7,,2,0,2,13,A01
201900047870,1,7,,8,0,1,13,A01
201900047871,1,7,,0,2,1,2,B01
201900047871,1,7,,0,2,8,10,A01
201900047872,1,7,,0,2,1,1,B01
201900047872,2,7,,0,2,7,13,A01
201900047873,1,7,,0,0,6,1,B01
201900047873,1,7,,0,2,1,2,A01
201900047874,1,7,,0,2,3,13,A01
201900047874,2,7,,0,2,3,1,B01
201900047875,0,7,,0,2,1,1,B01
201900047875,0,7,,0,2,1,1,A01
201900047876,2,7,,2,2,3,1,B01
201900047876,1,7,,0,2,3,13,A01
201900047877,2,7,,0,2,1,13,A01
201900047877,1,7,,0,2,1,1,B01
201900047878,1,38,15.0,0,2,3,21,B01
201900047878,2,7,,0,2,3,13,A01
201900047879,2,7,,6,0,3,1,A01
201900047880,2,7,,4,0,9,1,A01
201900047881,3,14,,0,1,2,1,A01
201900047882,0,7,,0,1,3,16,A01
201900047883,1,10,,0,1,2,17,A01
201900047884,1,7,,0,0,3,2,A01
201900047884,2,7,,0,0,1,1,B01
201900047885,2,7,,13,0,9,1,A01
201900047886,2,14,,13,0,2,1,A01
201900047887,2,7,,0,2,3,13,A01
201900047887,1,7,,0,2,3,1,B01
201900047888,1,1,,0,2,8,19,A01
201900047888,2,7,,0,2,3,1,B01
201900047889,2,7,,0,2,2,1,A01
201900047889,1,10,,0,2,1,1,B01
201900047890,1,7,,8,0,1,17,A01
201900047891,1,7,,0,9,2,1,A01
201900047891,2,1,,0,2,1,15,B01
201900047892,2,7,,0,2,2,2,A01
201900047892,2,7,,0,2,4,1,B01
201900047893,3,80,,0,0,4,1,A01
201900047893,3,7,,0,1,1,9,B01
201900047894,1,10,,0,1,2,13,A01
201900047895,3,7,,0,1,3,1,A01
201900047896,1,7,,2,0,5,1,A01
201900047897,0,7,,5,0,2,1,A01
201900047898,0,2,,0,0,4,2,B01
201900047898,2,7,,0,2,1,2,A01
201900047899,1,7,,2,0,1,13,A01
201900047900,1,7,,0,2,4,2,A01
201900047900,1,7,,0,2,4,2,B01
201900047900,1,7,,0,2,1,2,C01
201900047901,2,7,,0,0,0,0,C01
201900047901,2,10,,0,2,5,2,B01
201900047901,2,7,,0,2,1,1,A01
201900047902,2,17,,0,2,3,2,A01
201900047902,2,7,,0,2,4,2,B01
201900047902,2,10,,0,2,4,2,C01
201900047903,2,33,,4,0,0,1,A01
201900047904,2,7,,2,0,9,1,A01
201900047905,1,7,,0,2,6,26,B01
201900047905,1,17,,0,2,2,14,A01
201900047906,1,7,,0,2,0,0,Z01
201900047906,1,33,,0,2,8,2,A01
201900047907,1,7,,0,2,2,14,A01
201900047907,1,7,,0,2,8,1,B01
201900047908,1,7,,4,0,1,1,A01
201900047909,2,7,,0,2,4,2,B01
201900047909,2,7,,0,2,1,2,A01
201900047910,1,7,,4,0,3,1,A01
201900047911,2,7,,3,0,2,1,A01
201900047912,1,10,,4,0,1,1,A01
201900047913,1,7,,0,2,0,11,Z01
201900047913,1,33,,0,2,8,3,A01
201900047914,2,7,,4,2,2,14,A01
201900047914,2,17,,0,2,3,1,B01
201900047915,2,7,,0,2,4,2,B01
201900047915,2,7,,0,2,1,2,A01
201900047916,1,7,,4,0,1,1,A01
201900047917,2,7,,3,0,3,13,A01
201900047918,2,7,,4,0,3,1,A01
201900047919,1,7,,0,2,4,2,C01
201900047919,1,7,,0,2,4,2,D01
201900047919,1,7,,0,2,1,2,B01
201900047919,1,7,,0,2,1,2,A01
201900047920,1,7,,3,0,1,0,A01
201900047921,2,32,,0,2,1,3,A01
201900047921,2,10,,0,2,5,2,B01
201900047922,2,31,,0,2,2,3,A01
201900047922,2,7,,0,2,2,2,B01
201900047922,2,7,,0,2,8,12,C01
201900047922,2,7,,0,2,5,2,D01
201900047923,1,7,,0,2,2,2,B01
201900047923,3,7,,0,2,5,9,A01
201900047924,1,7,,8,0,1,15,A01
201900047925,2,7,,0,0,1,13,A01
201900047925,1,7,,0,0,1,1,B01
201900047926,2,32,,7,0,1,13,A01
201900047927,1,7,,0,2,1,9,A01
201900047927,2,31,,0,2,1,1,B01
201900047928,1,7,,0,2,2,15,B01
201900047928,1,1,,15,1,2,26,A01
201900047929,1,7,,0,1,2,1,A01
201900047930,1,30,,9,0,7,1,A01
201900047931,3,10,,0,2,6,1,B01
201900047931,3,10,,0,2,2,1,A01
201900047932,1,7,,0,2,3,15,A01
201900047932,2,33,,0,2,1,1,B01
201900047933,1,7,,0,2,1,13,A01
201900047933,2,7,,0,2,1,1,B01
201900047934,2,7,,0,2,2,10,B01
201900047934,1,33,,0,2,8,1,A01
201900047935,3,7,,0,2,4,26,B01
201900047935,3,99,,0,2,2,26,A01
201900047936,3,7,,0,1,1,1,A01
201900047937,1,10,,0,2,1,1,B01
201900047937,2,10,,0,2,1,13,A01
201900047938,1,7,,12,0,4,1,A01
201900047938,1,2,,12,2,1,2,B01
201900047939,2,7,,0,1,1,15,A01
201900047940,3,7,,0,2,0,2,A01
201900047940,3,10,,15,0,4,2,B01
201900047941,3,7,,0,2,1,1,B01
201900047941,3,7,,0,2,6,1,A01
201900047942,2,7,,0,2,2,1,A01
201900047942,1,7,,0,2,3,1,B01
201900047943,2,7,,0,1,2,1,A01
201900047944,1,7,,6,1,1,14,A01
201900047945,1,7,,0,1,2,9,A01
201900047946,1,7,,0,2,1,17,A01
201900047946,1,7,,0,2,4,1,B01
201900047947,2,7,,0,2,2,1,B01
201900047947,2,7,,4,2,5,11,A01
201900047948,3,7,,0,2,0,1,B01
201900047948,3,7,,0,2,1,1,A01
201900047949,1,7,,0,2,4,2,B01
201900047949,1,7,,0,2,1,2,A01
201900047950,2,7,,0,2,1,1,A01
201900047950,1,7,,0,2,8,1,B01
201900047951,1,32,,0,2,1,1,A01
201900047951,2,7,,0,2,5,15,B01
201900047952,1,10,,0,1,2,21,A01
201900047953,2,10,,3,0,3,17,A01
201900047953,2,10,,0,2,3,17,B01
201900047953,2,10,,0,2,3,21,C01
201900047954,1,7,,0,2,2,19,A01
201900047954,1,36,,0,2,1,1,B01
201900047955,2,31,,0,1,1,2,A01
201900047956,2,33,,0,0,0,1,A01
201900047957,1,7,,0,2,1,2,A01
201900047957,1,7,,1,0,5,24,B01
201900047958,1,33,,0,1,0,5,Z01
201900047959,2,7,,0,2,3,12,A01
201900047959,2,31,,0,2,4,1,B01
201900047960,1,10,,0,2,1,2,A01
201900047960,1,7,,0,2,4,23,B01
201900047961,2,30,,0,1,1,18,A01
201900047962,1,7,,0,2,4,23,A01
201900047962,1,7,,0,2,0,2,Z01
201900047963,1,1,,0,2,8,19,B01
201900047963,1,30,,0,2,1,1,A01
201900047964,2,30,,0,0,0,1,A01
201900047965,1,30,,0,0,0,1,A01
201900047966,1,7,,0,1,4,4,A01
201900047967,1,32,,0,0,0,1,A01
201900047968,1,7,,12,0,1,14,A01
201900047969,2,32,,0,2,1,5,B01
201900047969,1,7,,0,2,2,1,A01
201900047970,2,1,,0,1,1,1,A01
201900047971,2,7,,1,0,9,14,A01
201900047972,1,7,,0,2,3,9,A01
201900047972,2,30,,0,2,3,1,B01
201900047973,1,30,,0,2,0,17,A01
201900047974,1,7,,0,2,1,0,A01
201900047974,2,7,,15,0,4,23,B01
201900047975,1,7,,0,2,1,2,B01
201900047975,1,7,,0,2,1,5,A01
201900047976,2,3,,0,2,5,1,A01
201900047976,2,3,,0,2,1,2,B01
201900047977,0,7,,0,2,1,1,B01
201900047977,3,7,,0,2,3,15,A01
201900047978,2,7,,0,2,5,1,B01
201900047978,3,7,,0,2,1,16,A01
201900047979,2,0,,0,2,1,1,B01
201900047979,2,7,,3,0,6,1,A01
201900047980,2,7,,0,2,7,1,A01
201900047980,2,7,,7,2,1,1,B01
201900047980,1,7,,0,2,6,23,C01
201900047981,1,7,,0,9,1,1,B01
201900047981,2,1,,0,2,0,15,A01
201900047982,2,7,,0,2,3,13,A01
201900047982,1,7,,0,2,8,21,B01
201900047983,0,7,,0,1,3,1,A01
201900047984,3,7,,0,2,8,15,B01