Num_Acc,senc,catv,occutc,obs,obsm,choc,manv,num_veh
201900047984,3,2,,0,2,1,17,A01
201900047985,2,10,,0,2,3,1,A01
201900047985,1,21,,0,2,3,1,B01
201900047986,2,15,,0,0,4,1,B01
201900047986,2,7,,0,2,1,1,A01
201900047987,2,7,,0,2,7,17,B01
201900047987,2,7,,2,2,8,1,A01
201900047988,2,7,,13,0,8,1,A01
201900047989,2,7,,0,9,1,1,C01
201900047989,1,7,,0,2,1,1,B01
201900047989,1,7,,8,0,2,1,A01
201900047990,1,7,,2,0,1,1,A01
201900047991,1,7,,2,0,7,13,A01
201900047992,2,7,,0,2,1,1,A01
201900047992,3,1,,0,2,8,26,B01
201900047993,2,7,,0,2,3,1,B01
201900047993,2,7,,0,2,3,13,A01
201900047994,0,7,,0,2,1,1,B01
201900047994,0,10,,0,2,1,13,A01
201900047995,0,7,,0,2,1,1,A01
201900047995,0,7,,0,2,1,1,B01
201900047996,3,7,,0,1,2,16,A01
201900047997,1,7,,8,0,2,17,A01
201900047998,3,7,,0,1,2,15,A01
201900047999,3,7,,0,1,4,23,B01
201900047999,3,7,,1,0,6,2,A01
201900048000,3,7,,6,0,1,0,A01
201900048001,1,7,,13,0,9,1,A01
201900048002,1,7,,13,0,1,1,B01
201900048002,1,7,,13,0,3,15,A01
201900048003,1,7,,16,0,0,13,A01
201900048004,2,7,,0,0,9,1,A01
201900048005,2,7,,0,2,3,1,A01
201900048005,1,10,,0,2,3,13,B01
201900048006,1,7,,3,2,1,1,B01
201900048006,2,7,,3,2,1,13,A01
201900048007,2,7,,0,1,2,15,A01
201900048008,1,7,,13,0,2,21,A01
201900048009,2,13,,0,2,3,1,B01
201900048009,1,7,,0,2,2,26,A01
201900048010,1,7,,6,2,1,1,B01
201900048010,1,7,,0,2,2,15,A01
201900048011,2,13,,0,2,3,1,B01
201900048011,1,7,,0,2,1,13,A01
201900048012,1,33,,0,0,8,0,A01
201900048013,0,39,,0,2,1,1,B01
201900048013,2,7,,0,4,5,1,A01
201900048014,3,1,,0,2,7,16,B01
201900048014,3,7,,0,9,3,9,A01
201900048015,2,7,,2,0,9,1,A01
201900048016,0,3,,0,2,0,0,B01
201900048016,0,7,,0,2,1,1,A01
201900048017,1,7,,0,1,2,0,A01
201900048018,2,7,,0,2,3,19,A01
201900048018,2,7,,0,0,7,1,B01
201900048019,1,7,,0,2,3,13,A01
201900048019,2,7,,0,2,3,1,B01
201900048020,1,31,,13,0,1,1,A01
201900048021,2,7,,0,0,0,1,A01
201900048022,1,15,,0,1,1,1,A01
201900048023,3,7,,2,0,1,1,A01
201900048024,3,33,,0,2,7,15,B01
201900048024,3,7,,0,2,1,19,A01
201900048025,1,1,,0,2,8,1,A01
201900048025,1,0,,0,2,7,17,B01
201900048026,1,7,,0,2,3,9,A01
201900048026,1,33,,0,2,1,1,B01
201900048027,2,7,,14,0,7,2,B01
201900048027,2,7,,4,0,9,13,A01
201900048028,2,14,,0,2,3,1,B01
201900048028,1,7,,0,2,3,14,A01
201900048029,1,10,,3,2,1,2,A01
201900048029,1,7,,0,2,4,2,B01
201900048029,1,7,,0,2,8,2,C01
201900048029,1,7,,0,0,4,2,D01
201900048030,1,7,,0,1,1,13,Z01
201900048031,1,36,,0,2,1,2,A01
201900048031,1,7,,0,2,5,15,B01
201900048032,0,7,,0,2,1,1,A01
201900048032,0,17,,0,0,4,15,C01
201900048032,0,7,,0,2,1,1,B01
201900048033,2,7,,0,2,1,17,A01
201900048033,2,7,,0,2,6,1,B01
201900048034,3,10,,0,2,3,9,A01
201900048034,3,0,,0,2,1,13,B01
201900048035,1,7,,0,1,8,1,Z01
201900048036,1,33,,0,2,4,13,B01
201900048036,1,33,,0,2,1,26,A01
201900048037,3,33,,0,2,1,1,B01
201900048037,3,7,,0,2,5,15,A01
201900048038,2,7,,0,2,4,21,B01
201900048038,2,30,,0,2,2,21,A01
201900048039,1,7,,0,1,2,1,Z01
201900048040,1,31,,0,1,2,0,A01
201900048041,1,7,,0,2,1,1,A01
201900048041,3,7,,0,2,1,9,B01
201900048042,0,7,,0,2,3,15,A01
201900048042,0,2,,0,2,1,1,B01
201900048043,0,7,,0,2,1,1,B01
201900048043,0,7,,0,2,4,26,A01
201900048044,1,10,,0,2,3,15,B01
201900048044,1,33,,0,2,1,17,A01
201900048045,1,7,,0,1,1,1,Z01
201900048046,0,7,,0,2,0,0,A01
201900048046,1,34,,0,2,0,1,B01
201900048047,2,33,,0,1,1,21,A01
201900048048,0,7,,0,2,1,23,B01
201900048048,0,7,,0,2,3,1,A01
201900048049,0,0,,0,0,0,0,Z01
201900048050,0,7,,0,1,2,1,A01
201900048051,2,7,,0,2,1,1,A01
201900048051,2,7,,0,2,7,1,B01
201900048052,1,7,,0,2,3,9,A01
201900048052,1,33,,0,2,1,1,B01
201900048053,0,7,,0,1,1,1,A01
201900048054,1,33,,0,6,0,1,A01
201900048055,0,7,,0,2,4,1,B01
201900048055,0,7,,0,2,4,23,C01
201900048055,0,7,,0,2,1,1,A01
201900048056,0,7,,0,1,4,4,A01
201900048057,1,32,,0,2,1,1,B01
201900048057,2,7,,0,2,6,9,A01
201900048058,2,33,,1,0,2,14,A01
201900048059,0,7,,0,1,1,16,A01
201900048060,1,10,,0,0,2,15,A01
201900048060,2,2,,0,2,1,1,B01
201900048061,2,33,,0,2,1,1,B01
201900048061,2,10,,0,2,8,10,A01
201900048062,2,7,,0,2,1,15,A01
201900048062,1,31,,0,2,3,1,B01
201900048063,1,1,,0,2,1,15,B01
201900048063,1,7,,0,2,3,9,A01
201900048064,3,10,,0,2,3,0,B01
201900048064,3,10,,0,2,2,0,A01
201900048065,2,30,,0,1,8,17,A01
201900048066,3,7,,1,0,1,24,B01
201900048066,3,7,,1,0,1,24,C01
201900048066,1,7,,1,0,1,1,A01
201900048067,2,1,,0,0,0,21,A01
201900048068,1,7,,0,1,0,1,A01
201900048069,2,10,,0,2,1,2,A01
201900048069,2,7,,0,2,4,2,B01
201900048070,3,33,,0,2,1,1,B01
201900048070,1,7,,0,2,7,15,A01
201900048071,1,32,,0,2,2,1,B01
201900048071,3,7,,0,2,1,15,A01
201900048072,3,1,,0,2,1,1,A01
201900048072,3,7,,0,6,3,1,B01
201900048073,1,2,,0,2,2,1,B01
201900048073,1,7,,0,2,2,19,A01
201900048074,2,7,,0,2,1,1,Z01
201900048074,2,7,,0,2,4,23,B01
201900048075,2,37,1.0,0,1,2,1,A01
201900048076,2,7,,1,0,2,14,A01
201900048077,1,7,,0,1,1,26,A01
201900048078,2,2,,0,2,2,17,A01
201900048078,2,10,,0,2,3,15,B01
201900048079,3,32,,0,2,1,2,B01
201900048079,3,32,,0,2,3,9,A01
201900048080,1,31,,0,2,5,1,B01
201900048080,1,31,,0,2,3,1,A01
201900048081,2,7,,0,2,4,2,C01
201900048081,2,33,,0,2,9,2,B01
201900048081,2,99,,0,2,3,2,A01
201900048082,1,7,,13,0,1,1,A01
201900048083,1,10,,15,2,8,1,A01
201900048083,1,7,,0,2,1,1,B01
201900048084,1,7,,0,2,6,2,A01
201900048084,1,7,,0,2,2,13,Z01
201900048085,1,33,,4,2,7,1,B01
201900048085,1,10,,0,2,8,11,A01
201900048086,1,7,,0,2,6,11,B01
201900048086,1,43,,0,2,2,1,A01
201900048087,1,10,,0,2,1,2,A01
201900048087,1,7,,0,2,4,2,B01
201900048087,1,7,,0,2,4,23,C01
201900048087,1,7,,0,2,4,23,D01
201900048087,1,7,,0,2,4,23,E01
201900048088,2,31,,0,2,8,3,B01
201900048088,2,10,,0,2,7,1,C01
201900048088,2,7,,0,2,0,12,Z01
201900048089,1,32,,0,2,7,3,B01
201900048089,1,34,,0,2,8,11,A01
201900048090,2,7,,0,2,2,1,B01
201900048090,2,34,,0,2,3,3,A01
201900048091,2,33,,0,2,1,3,A01
201900048091,2,32,,0,2,4,11,B01
201900048091,2,7,,0,2,7,1,C01
201900048092,1,7,,0,2,3,15,B01
201900048092,1,33,,0,2,7,8,A01
201900048093,1,37,1.0,0,1,1,21,A01
201900048094,1,31,,0,2,8,15,A01
201900048095,2,7,,11,2,1,8,A01
201900048095,3,7,,0,2,2,7,B01
201900048096,1,33,,0,2,1,1,B01
201900048096,1,7,,0,2,5,16,A01
201900048097,3,10,,0,1,3,1,A01
201900048098,1,1,,0,2,2,1,B01
201900048098,2,10,,0,2,1,1,A01
201900048099,2,14,,0,1,3,1,A01
201900048100,2,7,,0,2,6,15,A01
201900048100,2,32,,0,2,1,1,B01
201900048101,1,32,,0,1,1,21,A01
201900048102,1,7,,0,1,1,15,A01
201900048103,2,30,,0,0,8,17,A01
201900048104,2,33,,0,2,3,1,A01
201900048104,2,7,,0,2,3,15,Z01
201900048105,1,2,,0,2,8,21,B01
201900048105,2,7,,0,2,1,15,A01
201900048105,1,7,,0,2,4,23,C01
201900048106,2,10,,0,1,4,4,A01
201900048107,1,7,,0,2,0,9,Z01
201900048107,2,30,,0,2,1,15,A01
201900048108,2,10,,0,2,8,13,A01
201900048108,2,30,,0,2,7,17,B01
201900048109,1,2,,0,2,1,1,B01
201900048109,2,7,,0,2,2,15,A01
201900048110,1,33,,12,0,1,1,A01
201900048111,3,7,,0,2,3,1,B01
201900048111,2,50,,0,2,1,5,A01
201900048112,2,1,,0,2,1,1,A01
201900048112,2,7,,0,2,3,22,B01
201900048113,1,7,,0,2,1,15,B01
201900048113,2,32,,0,2,1,1,A01
201900048114,1,30,,0,0,0,1,A01
201900048115,2,33,,0,2,2,19,B01
201900048115,2,10,,0,2,3,1,A01
201900048116,1,7,,0,2,5,15,B01
201900048116,1,30,,0,2,1,1,A01
201900048117,2,32,,0,2,4,2,B01
201900048117,2,30,,0,2,1,2,A01
201900048118,1,7,,0,2,2,1,B01
201900048118,1,1,,0,2,3,1,A01
201900048119,1,7,,7,0,1,13,A01
201900048120,1,7,,0,2,1,1,A01
201900048120,1,7,,8,1,4,1,B01
201900048121,2,7,,0,1,1,1,Z01
201900048122,2,7,,0,1,0,15,A01
201900048123,3,10,,0,2,6,13,A01
201900048123,3,2,,0,2,7,2,B01
201900048124,1,30,,1,2,7,1,B01
201900048124,1,7,,0,2,0,9,A01
201900048125,3,33,,0,0,0,1,A01
201900048126,1,10,,0,2,1,1,A01
201900048126,1,7,,0,2,1,23,B01
201900048126,1,7,,0,2,4,23,C01
201900048127,3,34,,0,1,1,18,A01
201900048128,2,7,,0,1,1,1,A01
201900048129,1,7,,1,0,3,13,A01
201900048130,1,7,,0,2,3,1,Z01
201900048130,1,60,,0,2,4,11,A01
201900048131,1,30,,1,0,1,5,A01
201900048132,2,30,,0,2,0,17,Z01
201900048132,2,33,,0,2,5,1,B01
201900048133,3,7,,0,1,2,15,A01
201900048134,1,7,,14,1,3,1,A01
201900048135,1,30,,0,0,0,1,A01
201900048136,1,2,,0,2,2,1,B01
201900048136,1,7,,0,2,3,1,A01
201900048137,1,32,,14,0,7,1,A01
201900048138,1,14,,0,2,1,1,A01
201900048138,2,32,,0,2,8,1,B01
201900048139,1,7,,0,2,2,16,B01
201900048139,1,10,,0,2,3,7,A01
201900048140,2,7,,1,0,3,10,A01
201900048141,1,30,,0,1,1,2,A01
201900048142,2,7,,0,2,0,9,A01
201900048142,2,34,,0,2,0,21,B01
201900048143,2,7,,0,1,3,14,A01
201900048144,1,1,,0,2,1,1,A01
201900048144,1,7,,0,2,5,15,B01
201900048145,2,33,,0,0,7,14,B01
201900048145,1,43,,0,0,0,15,A01
201900048146,2,7,,0,2,2,16,A01
201900048146,1,32,,0,2,1,1,B01
201900048147,1,30,,1,0,1,1,A01
201900048148,2,1,,0,2,4,7,B01
201900048148,1,7,,0,2,3,15,A01
201900048149,2,7,,0,2,7,12,B01
201900048149,2,30,,8,2,8,1,A01
201900048150,1,32,,0,2,2,17,B01
201900048150,1,10,,0,2,3,10,A01
201900048151,1,7,,0,2,0,1,Z01
201900048151,1,7,,0,2,8,23,B01
201900048151,1,33,,0,2,8,1,A01
201900048152,2,80,,0,2,8,1,B01
201900048152,1,7,,0,2,1,15,A01
201900048153,1,43,,0,2,1,2,A01
201900048153,1,2,,0,2,4,23,B01
201900048154,1,7,,1,0,1,13,A01
201900048155,2,2,,0,2,1,17,B01
201900048155,2,7,,0,2,3,9,A01
201900048156,1,30,,0,1,8,21,A01
201900048157,1,32,,11,2,3,17,A01
201900048157,1,7,,0,2,6,1,B01
201900048158,1,34,,0,0,7,1,A01
201900048159,1,7,,0,2,3,1,B01
201900048159,2,7,,0,2,2,15,A01
201900048160,1,7,,14,2,4,23,B01
201900048160,1,32,,0,2,1,2,A01
201900048161,1,1,,0,1,1,1,A01
201900048162,2,7,,0,2,6,10,A01
201900048162,2,33,,0,2,1,1,B01
201900048163,2,33,,0,2,1,1,A01
201900048163,2,7,,0,2,6,15,B01
201900048164,2,10,,0,2,2,16,A01
201900048164,2,80,,0,2,1,1,B01
201900048165,1,1,,0,2,0,1,A01
201900048165,2,34,,0,2,1,1,B01
201900048166,1,7,,0,2,5,23,B01
201900048166,1,7,,0,2,2,14,A01
201900048167,1,7,,10,0,3,13,A01
201900048168,1,7,,0,2,0,15,B01
201900048168,1,33,,0,2,0,21,A01
201900048169,1,7,,0,2,7,16,A01
201900048169,1,33,,0,2,3,18,B01
201900048170,2,10,,0,2,2,16,B01
201900048170,2,32,,0,2,2,7,A01
201900048171,1,30,,7,0,3,13,A01
201900048172,1,10,,0,1,7,1,A01
201900048173,1,32,,0,0,8,1,A01
201900048174,1,30,,14,0,8,1,A01
201900048175,2,43,,0,1,1,1,A01
201900048176,1,7,,0,1,4,20,A01
201900048177,1,33,,0,1,1,1,A01
201900048178,1,10,,0,1,3,15,A01
201900048179,1,7,,0,2,6,13,B01
201900048179,1,33,,0,2,1,1,A01
201900048180,2,32,,0,1,1,1,A01
201900048180,2,7,,0,1,5,1,B01
201900048181,1,1,,0,2,1,1,B01
201900048181,1,14,,0,2,2,16,A01
201900048182,1,7,,0,2,4,2,B01
201900048182,3,7,,0,2,1,1,A01
201900048183,3,34,,0,0,3,17,A01
201900048183,1,7,,0,0,3,20,B01
201900048184,3,7,,12,2,1,1,A01
201900048184,3,7,,12,2,6,1,B01
201900048185,1,34,,0,2,1,26,A01
201900048185,1,7,,0,2,6,26,B01
201900048186,1,2,,0,2,2,1,B01
201900048186,1,3,,0,2,2,1,A01
201900048187,1,7,,0,2,2,2,A01
201900048187,1,7,,0,2,1,15,B01
201900048188,3,30,,0,2,4,15,B01
201900048188,3,7,,0,2,3,15,A01
201900048189,2,7,,0,2,7,1,A01
201900048189,1,7,,0,2,1,1,B01
201900048190,3,7,,0,2,1,1,A01
201900048190,3,7,,0,2,4,1,B01
201900048190,3,7,,0,2,4,1,C01
201900048190,3,7,,0,2,4,0,D01
201900048191,1,7,,0,2,7,14,A01
201900048191,1,1,,0,2,8,13,B01
201900048192,2,33,,0,0,1,26,A01
201900048193,2,7,,0,1,1,1,A01
201900048194,2,2,,0,2,1,19,B01
201900048194,3,7,,0,2,3,15,A01
201900048195,1,10,,0,2,1,26,A01
201900048195,1,10,,0,2,1,1,B01
201900048196,3,7,,0,1,3,1,A01
201900048197,1,30,,0,1,1,2,A01
201900048198,1,7,,0,2,1,0,A01
201900048198,2,32,,0,2,1,1,B01
201900048199,2,33,,0,2,1,1,A01
201900048199,1,7,,0,2,5,15,B01
201900048200,2,10,,0,2,1,26,A01
201900048200,2,7,,0,1,1,23,B01
201900048200,2,7,,0,2,4,1,C01
201900048201,3,7,,0,2,8,2,B01
201900048201,3,7,,0,2,8,15,A01
201900048202,3,7,,0,1,2,15,A01
201900048203,2,2,,0,0,7,26,A01
201900048204,2,31,,0,2,1,1,B01
201900048204,2,10,,0,2,4,26,A01
201900048205,0,7,,0,2,3,9,B01
201900048205,1,7,,0,2,2,1,A01
201900048206,1,7,,0,2,3,19,B01
201900048206,2,32,,0,2,1,17,A01
201900048207,3,7,,0,2,1,26,A01
201900048208,3,7,,0,2,3,9,A01
201900048208,3,31,,0,2,5,17,B01
201900048209,0,7,,0,1,1,17,A01
201900048210,1,33,,1,2,7,1,B01
201900048210,0,7,,0,2,8,24,A01
201900048211,0,7,,0,0,6,23,B01
201900048211,0,33,,0,2,5,17,A01
201900048212,0,7,,0,2,2,15,A01
201900048212,3,7,,0,2,4,16,C01
201900048212,3,7,,0,2,9,16,B01
201900048213,1,7,,0,2,2,1,A01
201900048213,3,99,,0,2,3,11,B01
201900048214,1,7,,12,0,1,3,A01
201900048215,2,7,,0,2,1,1,B01
201900048215,1,7,,0,2,4,1,A01
201900048216,2,7,,0,0,0,0,B01
201900048216,1,7,,12,2,0,26,A01
201900048217,3,7,,0,1,3,1,A01
201900048218,2,7,,0,1,1,1,A01
201900048219,3,7,,0,2,2,1,A01
201900048219,3,32,,0,2,5,1,B01
201900048220,3,7,,0,2,8,9,B01
201900048220,1,7,,0,2,1,1,A01
201900048221,2,7,,6,0,1,13,A01
201900048222,1,7,,13,0,3,16,A01
201900048223,1,7,,0,2,1,1,B01
201900048223,2,10,,0,2,7,15,A01
201900048224,1,7,,0,2,2,1,B01
201900048224,2,2,,0,2,2,1,A01
201900048225,1,7,,0,2,1,0,A01
201900048225,1,7,,0,2,3,0,B01
201900048226,1,33,,3,0,1,1,A01
201900048227,3,7,,0,2,5,20,A01
201900048227,3,7,,0,2,2,1,B01
201900048228,2,1,,13,0,1,1,A01
201900048229,3,1,,0,2,1,1,B01
201900048229,1,7,,0,2,3,15,A01
201900048230,3,7,,0,2,1,2,A01
201900048230,3,7,,0,1,4,19,B01
201900048231,0,33,,0,2,1,17,C01
201900048231,0,7,,0,2,3,1,B01
201900048231,0,7,,0,2,8,1,A01
201900048232,2,7,,8,0,1,16,A01
201900048233,3,7,,16,0,1,13,A01
201900048234,1,7,,0,2,1,1,B01
201900048234,2,33,,0,2,1,13,A01
201900048235,1,14,,0,2,3,1,B01
201900048235,2,7,,0,2,3,13,A01
201900048236,1,33,,6,0,7,2,A01
201900048237,0,7,,13,0,2,1,A01
201900048238,1,7,,0,2,8,1,B01
201900048238,2,7,,0,2,8,13,A01
201900048239,2,33,,0,2,1,1,B01
201900048239,1,33,,0,2,1,13,A01
201900048240,2,7,,0,2,1,0,A01
201900048240,1,7,,0,2,1,0,B01
201900048241,2,7,,0,2,2,15,A01
201900048241,1,1,,0,2,1,2,B01
201900048242,1,7,,8,0,1,0,A01
201900048243,0,3,,0,4,7,26,A01
201900048243,0,39,,1,0,1,1,B01
201900048244,1,33,,0,2,3,1,A01
201900048244,1,7,,0,9,3,1,B01
201900048245,0,1,,0,2,3,1,B01
201900048245,2,7,,0,9,3,1,A01
201900048246,2,7,,0,2,1,13,A01
201900048246,1,7,,0,2,1,1,B01
201900048247,2,7,,0,1,2,1,A01
201900048248,3,7,,13,0,1,1,A01
201900048249,0,7,,0,2,1,1,B01
201900048249,0,7,,0,0,4,15,A01
201900048250,0,33,,0,0,8,1,A01
201900048251,2,7,,0,0,1,2,B01
201900048251,2,7,,0,0,4,23,A01
201900048252,1,33,,0,2,2,1,A01
201900048252,1,34,,0,2,3,10,B01
201900048253,2,7,,0,2,4,2,A01
201900048253,2,7,,0,2,4,2,B01
201900048253,2,7,,0,2,1,2,C01
201900048254,1,7,,6,0,1,1,A01
201900048255,1,17,,0,2,7,1,A01
201900048255,1,7,,0,2,9,9,B01
201900048256,2,7,,0,2,1,1,B01
201900048256,2,7,,0,2,1,17,A01
201900048257,1,7,,0,2,1,1,C01
201900048257,1,7,,0,2,4,1,B01
201900048257,1,7,,0,2,4,1,A01
201900048258,1,7,,12,0,2,21,A01
201900048259,2,7,,0,2,4,2,B01
201900048259,2,33,,0,2,1,2,A01
201900048260,1,7,,0,2,5,1,C01
201900048260,1,7,,0,2,6,1,B01
201900048260,1,32,,0,2,1,3,A01
201900048261,1,7,,0,2,1,2,A01
201900048261,1,7,,0,2,4,2,B01
201900048261,1,7,,0,2,4,2,C01
201900048262,1,7,,0,2,4,23,B01
201900048262,1,7,,1,0,1,2,A01
201900048263,1,33,,3,0,8,1,A01
201900048264,1,7,,4,0,1,1,A01
201900048265,2,7,,0,2,7,1,B01
201900048265,2,33,,0,2,3,3,A01
201900048266,2,7,,4,0,1,1,A01
201900048267,1,7,,0,2,3,7,A01
201900048267,1,7,,0,2,1,1,B01
201900048268,1,7,,0,2,3,0,B01
201900048268,1,7,,0,2,1,1,A01
201900048269,1,7,,1,2,0,1,A01
201900048269,1,7,,1,2,0,0,B01
201900048270,1,7,,0,1,1,15,A01
201900048271,1,1,,0,2,8,17,A01
201900048271,1,7,,0,9,0,0,B01
201900048272,1,7,,0,9,3,0,B01
201900048272,1,1,,0,2,2,25,A01
201900048273,1,7,,0,2,0,0,B01
201900048273,1,7,,0,2,0,1,A01
201900048274,2,7,,0,2,1,26,B01
201900048274,2,30,,0,2,3,9,A01
201900048275,1,7,,15,2,2,1,B01
201900048275,1,10,,5,2,3,19,A01
201900048276,2,7,,0,2,7,2,B01
201900048276,1,7,,0,2,1,2,A01
201900048277,1,7,,0,2,1,2,Z01
201900048277,2,1,,0,2,7,0,A01
201900048278,3,1,,1,0,1,2,B01
201900048278,3,7,,1,2,4,24,A01
201900048279,0,7,,0,2,5,23,B01
201900048279,0,7,,10,2,2,26,A01
201900048280,2,7,,0,2,3,1,A01
201900048280,2,7,,0,2,2,1,B01
201900048281,1,30,,0,2,0,21,A01
201900048281,3,7,,0,2,6,9,B01
201900048282,1,1,,0,1,1,1,A01
201900048283,2,7,,0,2,5,1,B01
201900048283,1,30,,0,2,1,1,A01
201900048284,3,7,,0,2,2,2,B01
201900048284,3,1,,16,2,0,10,A01
201900048285,3,7,,0,2,3,1,A01
201900048286,2,7,,0,1,4,2,A01
201900048286,1,7,,0,2,1,2,B01
201900048287,1,32,,0,2,1,17,B01
201900048287,1,7,,0,2,8,0,A01
201900048288,3,2,,0,0,0,2,A01
201900048289,3,7,,0,1,8,1,A01
201900048290,3,33,,14,0,1,1,A01
201900048291,2,30,,0,0,7,1,A01
201900048292,3,7,,0,1,1,20,A01
201900048293,2,43,,0,2,1,1,B01
201900048293,1,7,,0,2,3,9,A01
201900048294,1,7,,0,2,1,2,A01
201900048294,1,7,,0,2,5,16,B01
201900048295,2,7,,0,2,7,16,B01
201900048295,2,32,,0,2,1,1,A01
201900048296,2,99,,0,2,1,1,B01
201900048296,1,7,,0,6,3,15,A01
201900048297,1,7,,15,0,1,1,A01
201900048298,1,7,,0,2,4,16,B01
201900048298,1,7,,0,2,1,2,A01
201900048299,1,17,,0,1,1,23,A01
201900048300,1,7,,0,6,2,19,A01
201900048300,3,1,,0,2,1,1,B01
201900048301,3,1,,0,0,0,26,A01
201900048302,2,3,,0,2,2,15,A01
201900048302,1,7,,0,2,1,1,B01
201900048303,2,7,,0,2,2,26,A01
201900048303,1,7,,0,2,2,1,B01
201900048304,0,7,,0,1,1,1,A01
201900048305,0,7,,0,2,2,13,B01
201900048305,1,7,,0,2,2,1,A01
201900048306,2,7,,0,2,7,1,B01
201900048306,1,7,,0,2,2,9,A01
201900048307,2,7,,13,0,4,14,A01
201900048308,1,33,,0,2,4,26,B01
201900048308,1,7,,0,2,1,26,A01
201900048309,1,1,,0,2,1,0,B01
201900048309,1,7,,0,2,1,26,A01
201900048310,1,7,,0,2,1,10,A01
201900048310,1,7,,0,0,0,0,B01
201900048311,1,7,,0,2,0,0,B01
201900048311,1,7,,0,2,3,26,A01
201900048312,2,1,,0,2,1,19,B01
201900048312,2,7,,0,9,2,26,A01
201900048313,0,1,,1,0,2,1,A01
201900048314,0,7,,0,2,3,9,A01
201900048314,0,31,,0,2,1,16,B01
201900048315,1,7,,0,2,1,21,C01
201900048315,2,15,,6,2,3,1,B01
201900048315,1,7,,0,2,3,13,A01
201900048316,3,7,,0,2,1,17,A01
201900048316,0,7,,0,2,1,1,B01
201900048317,3,30,,0,0,0,14,A01
201900048318,0,33,,0,2,3,13,A01
201900048318,0,7,,0,2,1,1,B01
201900048319,2,1,,0,2,1,1,A01
201900048319,3,7,,0,2,7,25,B01
201900048320,1,14,,0,2,3,1,A01
201900048320,1,7,,11,2,2,15,B01
201900048321,3,7,,0,2,3,0,B01
201900048321,3,99,,0,2,2,15,A01
201900048322,1,10,,0,1,0,16,A01
201900048323,2,7,,0,0,4,23,B01
201900048323,2,1,,14,0,1,1,A01
201900048324,1,7,,1,1,4,20,A01
201900048325,2,7,,0,2,2,0,B01
201900048325,1,7,,0,2,6,0,A01
201900048326,2,1,,0,2,1,1,A01
201900048326,2,99,,0,2,4,1,B01
201900048327,2,7,,0,2,8,26,A01
201900048327,2,2,,0,2,1,1,B01
201900048327,1,7,,0,2,6,1,C01
201900048328,1,7,,0,2,1,1,A01
201900048328,1,1,,0,2,0,26,B01
201900048329,2,7,,0,2,3,26,A01
201900048329,2,2,,0,2,1,1,B01
201900048330,1,7,,6,0,1,15,A01
201900048331,2,31,,0,0,7,9,A01
201900048332,1,10,,0,1,7,14,A01
201900048333,3,10,,0,2,2,1,A01
201900048333,3,7,,0,2,3,1,B01
201900048334,1,34,,0,2,1,1,B01
201900048334,2,7,,0,2,2,19,A01
201900048335,2,7,,0,2,2,21,A01
201900048335,2,7,,0,2,6,1,B01
201900048336,1,7,,8,0,1,15,A01
201900048337,3,7,,0,2,8,17,A01
201900048337,3,33,,5,2,7,17,B01
201900048338,1,7,,6,0,1,1,A01
201900048339,1,7,,0,1,0,26,A01
201900048340,1,7,,0,-1,3,15,B01
201900048340,1,2,,0,2,2,17,A01
201900048341,1,1,,0,2,8,16,B01
201900048341,1,15,,0,2,7,14,A01
201900048342,2,7,,0,1,7,1,A01
201900048343,1,30,,0,0,8,1,A01
201900048344,2,7,,0,2,2,1,B01
201900048344,2,1,,0,2,3,16,A01
201900048345,1,32,,0,2,0,1,B01
201900048345,2,7,,0,2,3,15,A01
201900048346,1,7,,0,1,1,16,Z01
201900048347,1,7,,0,2,1,1,D01
201900048347,1,30,,1,2,7,14,A01
201900048348,1,33,,0,1,8,1,A01
201900048349,1,7,,0,2,0,11,Z01
201900048349,1,33,,0,2,1,3,B01
201900048349,1,7,,0,2,2,2,A01
201900048350,1,33,,0,2,3,2,B01
201900048350,1,7,,0,2,6,23,C01
201900048350,1,7,,0,2,0,2,A01
201900048351,1,10,,0,2,8,22,A01
201900048351,1,50,,0,2,1,7,B01
201900048351,1,7,,0,2,2,1,C01
201900048352,2,7,,0,2,2,22,A01
201900048352,2,32,,0,2,1,18,B01
201900048353,1,30,,0,2,1,17,A01
201900048353,1,7,,0,2,3,15,B01
201900048354,2,1,,0,2,1,1,A01
201900048354,1,7,,0,2,3,15,Z01
201900048355,1,7,,0,2,2,1,C01
201900048355,1,33,,0,2,2,26,B01
201900048355,0,7,,0,2,3,22,A01
201900048356,1,7,,0,1,1,1,A01
201900048357,1,7,,0,2,3,10,B01
201900048357,2,34,,1,0,1,17,A01
201900048358,3,7,,0,2,5,15,B01
201900048358,2,7,,0,2,1,26,A01
201900048359,1,33,,0,2,7,1,B01
201900048359,3,10,,0,2,1,26,A01
201900048360,2,31,,0,2,6,17,A01
201900048361,0,7,,0,2,4,23,A01
201900048361,1,7,,0,2,1,2,B01
201900048362,1,7,,0,2,4,1,B01
201900048362,1,7,,0,2,1,2,A01
201900048363,3,7,,0,1,3,15,A01
201900048364,3,7,,0,6,4,20,A01
201900048364,3,1,,0,2,7,25,B01
201900048365,1,7,,0,2,6,15,A01
201900048365,1,33,,0,2,1,17,B01
201900048366,0,33,,0,2,2,1,A01
201900048366,0,7,,0,2,6,15,B01
201900048367,1,32,,0,2,1,3,B01
201900048367,1,7,,0,2,3,9,A01