Num_Acc,senc,catv,occutc,obs,obsm,choc,manv,num_veh
201900048368,1,7,,0,2,1,21,B01
201900048368,1,7,,13,2,1,26,A01
201900048369,2,7,,15,0,1,25,A01
201900048369,0,99,,0,0,0,0,B01
201900048370,3,7,,0,2,5,2,B01
201900048370,3,10,,0,2,3,2,A01
201900048371,1,7,,0,2,5,9,A01
201900048371,1,34,,0,2,1,1,B01
201900048372,1,32,,0,2,1,1,B01
201900048372,2,7,,0,2,2,10,A01
201900048373,2,3,,12,0,2,1,B01
201900048373,2,3,,0,2,3,2,A01
201900048374,1,7,,0,2,2,10,A01
201900048374,1,34,,0,2,1,1,B01
201900048375,2,7,,0,6,5,16,A01
201900048375,2,99,,0,2,1,18,B01
201900048376,1,7,,0,2,3,15,B01
201900048376,1,34,,0,2,1,17,A01
201900048377,2,1,,0,1,1,0,A01
201900048378,1,43,,0,2,1,8,B01
201900048378,2,10,,0,2,2,15,A01
201900048379,1,7,,2,0,8,0,A01
201900048380,1,7,,0,0,4,2,B01
201900048380,1,7,,0,2,1,2,A01
201900048381,2,7,,14,0,1,1,A01
201900048381,2,7,,0,0,4,1,B01
201900048382,1,99,,0,2,6,1,B01
201900048382,1,33,,0,2,7,17,A01
201900048383,1,1,,12,0,1,1,A01
201900048384,2,33,,0,2,1,1,B01
201900048384,1,7,,0,2,3,1,A01
201900048385,3,7,,0,2,3,1,B01
201900048385,3,7,,0,2,1,1,A01
201900048386,2,15,,0,2,3,1,B01
201900048386,1,7,,0,2,1,13,A01
201900048387,1,32,,0,0,0,1,A01
201900048388,1,7,,8,2,3,14,B01
201900048388,2,7,,8,2,3,15,A01
201900048389,2,7,,8,0,1,14,A01
201900048390,1,7,,13,0,3,19,A01
201900048391,2,2,,0,6,1,0,A01
201900048392,0,2,,0,0,0,0,A01
201900048393,3,2,,0,2,6,9,A01
201900048393,3,3,,0,2,1,1,Z01
201900048394,1,7,,0,2,2,1,B01
201900048394,3,7,,0,2,8,19,A01
201900048395,2,7,,0,2,8,1,B01
201900048395,1,7,,0,2,3,13,A01
201900048396,2,50,,0,2,8,1,B01
201900048397,3,7,,0,2,5,15,A01
201900048397,3,7,,0,2,1,1,B01
201900048398,2,50,,0,2,2,1,A01
201900048398,2,7,,0,6,1,2,B01
201900048399,1,50,,12,0,1,1,A01
201900048400,0,0,,0,1,0,26,Z01
201900048401,0,31,,1,2,7,17,A01
201900048401,0,10,,0,2,3,15,B01
201900048401,0,10,,0,0,5,0,C01
201900048402,1,33,,0,0,7,0,A01
201900048403,1,7,,0,1,2,1,A01
201900048404,2,7,,15,0,0,0,B01
201900048404,2,7,,0,2,1,26,A01
201900048405,1,7,,6,2,1,1,A01
201900048406,2,10,,0,1,2,1,A01
201900048407,1,7,,6,0,3,16,A01
201900048408,2,34,,0,2,1,1,B01
201900048408,2,1,,0,2,1,5,A01
201900048409,3,0,,0,2,7,26,B01
201900048409,3,99,,0,1,1,1,A01
201900048410,3,7,,0,6,2,23,B01
201900048410,2,80,,0,2,3,25,A01
201900048411,1,7,,15,1,3,5,A01
201900048412,2,30,,0,2,1,2,A01
201900048412,2,7,,0,2,4,2,B01
201900048413,1,7,,0,1,3,15,A01
201900048414,1,14,,0,2,7,14,B01
201900048414,1,7,,0,2,3,2,A01
201900048415,1,2,,1,0,1,1,A01
201900048415,1,2,,0,2,1,2,B01
201900048415,3,7,,0,2,4,26,C01
201900048416,1,1,,0,0,0,1,A01
201900048417,1,7,,0,2,4,12,B01
201900048417,1,33,,0,2,1,1,A01
201900048418,2,7,,0,2,4,2,B01
201900048418,2,7,,0,2,1,2,A01
201900048419,2,10,,0,2,1,2,A01
201900048419,1,7,,0,2,4,2,B01
201900048420,3,2,,0,2,1,1,B01
201900048420,3,7,,0,2,5,9,A01
201900048421,3,7,,0,1,1,1,A01
201900048422,2,7,,6,0,1,1,A01
201900048423,2,7,,0,2,1,12,A01
201900048423,2,2,,0,2,4,1,B01
201900048424,0,7,,0,2,1,1,A01
201900048424,0,1,,0,2,1,19,B01
201900048425,1,32,,0,2,1,1,A01
201900048425,1,7,,0,2,4,1,B01
201900048426,2,34,,0,0,8,1,A01
201900048427,1,7,,0,2,5,15,A01
201900048427,2,31,,0,2,1,1,B01
201900048428,1,2,,0,2,4,23,A01
201900048428,1,7,,0,2,0,2,Z01
201900048429,2,7,,6,0,0,0,A01
201900048430,1,7,,0,1,1,1,A01
201900048431,1,7,,0,1,1,1,A01
201900048432,2,7,,0,2,2,15,A01
201900048432,1,7,,0,2,3,1,B01
201900048433,3,10,,0,-1,5,26,A01
201900048433,3,10,,0,2,1,23,C01
201900048433,3,40,,0,2,1,1,B01
201900048434,0,7,,0,2,3,15,A01
201900048434,0,7,,0,2,0,0,B01
201900048435,3,7,,1,0,0,0,C01
201900048435,2,10,,0,2,3,1,B01
201900048435,2,7,,0,2,2,9,A01
201900048436,1,1,,0,1,1,1,A01
201900048437,1,30,,8,0,1,14,A01
201900048438,1,33,,0,1,1,1,A01
201900048439,1,31,,0,2,1,16,A01
201900048439,1,1,,0,2,1,1,B01
201900048440,3,7,,0,2,1,13,A01
201900048440,3,7,,0,2,1,1,B01
201900048441,1,7,,0,2,4,2,B01
201900048441,1,7,,0,2,1,2,A01
201900048442,2,7,,0,2,0,0,B01
201900048442,2,15,,0,2,3,1,A01
201900048443,3,30,,8,0,0,1,A01
201900048444,2,7,,0,2,1,26,A01
201900048444,0,7,,0,2,4,23,B01
201900048444,2,7,,0,2,4,23,C01
201900048444,2,7,,0,0,6,2,D01
201900048445,1,1,,0,2,1,1,B01
201900048445,3,7,,0,2,8,16,A01
201900048446,1,2,,14,2,1,2,A01
201900048446,1,3,,0,6,0,26,B01
201900048447,1,31,,0,2,1,2,B01
201900048447,1,7,,0,2,8,19,A01
201900048448,2,33,,0,2,7,21,A01
201900048448,2,7,,0,2,3,25,B01
201900048449,1,7,,0,1,2,1,A01
201900048450,3,1,,0,2,1,25,B01
201900048450,3,20,,0,2,8,26,A01
201900048451,2,7,,0,1,2,1,A01
201900048452,2,7,,0,1,2,1,A01
201900048453,2,7,,0,2,8,16,B01
201900048453,2,2,,0,2,1,1,A01
201900048454,1,1,,0,2,1,1,B01
201900048454,1,33,,0,9,2,1,A01
201900048455,1,7,,0,1,3,1,A01
201900048456,1,31,,0,2,9,1,B01
201900048456,1,7,,0,2,2,5,A01
201900048457,1,3,,2,0,9,21,A01
201900048458,2,33,,0,0,9,12,A01
201900048459,1,33,,3,2,1,17,A01
201900048459,2,7,,0,2,1,1,B01
201900048460,2,7,,0,1,1,26,Z01
201900048461,2,7,,0,2,5,16,A01
201900048461,2,1,,0,2,1,1,B01
201900048462,2,10,,0,2,1,2,A01
201900048462,2,10,,0,2,4,2,B01
201900048463,1,33,,11,0,3,13,A01
201900048464,1,7,,0,2,0,1,B01
201900048464,2,1,,0,2,1,1,A01
201900048465,3,7,,2,0,2,14,A01
201900048466,1,7,,0,2,1,0,A01
201900048466,1,7,,0,2,9,0,B01
201900048466,1,7,,0,2,4,0,C01
201900048467,1,7,,0,2,1,0,A01
201900048467,1,30,,0,2,9,0,B01
201900048468,1,7,,0,1,0,0,A01
201900048469,1,2,,0,0,0,0,A01
201900048470,1,1,,0,2,7,0,A01
201900048470,1,7,,0,2,0,0,B01
201900048471,1,7,,0,2,1,9,A01
201900048471,2,33,,0,2,7,1,B01
201900048472,1,1,,0,1,1,25,A01
201900048473,1,7,,0,2,5,1,B01
201900048473,1,1,,0,2,8,1,A01
201900048474,1,33,,1,0,9,1,A01
201900048475,1,7,,6,0,1,1,A01
201900048476,1,7,,0,1,3,1,A01
201900048477,1,7,,0,1,1,1,A01
201900048478,3,33,,0,0,0,1,A01
201900048479,2,10,,0,1,1,1,A01
201900048480,1,7,,0,2,1,2,A01
201900048480,1,7,,0,2,4,2,B01
201900048481,1,1,,0,2,0,26,B01
201900048481,3,1,,0,2,1,0,A01
201900048482,3,2,,0,2,5,1,B01
201900048482,2,7,,0,2,7,10,A01
201900048483,3,7,,0,1,1,26,A01
201900048484,1,7,,0,2,2,13,A01
201900048484,2,2,,0,2,1,2,B01
201900048485,1,7,,0,1,2,1,A01
201900048486,1,7,,0,2,3,1,B01
201900048486,2,7,,1,2,1,1,A01
201900048487,1,30,,0,2,4,23,B01
201900048487,1,7,,0,2,1,1,A01
201900048488,3,7,,7,0,1,13,A01
201900048489,1,30,,0,4,3,15,B01
201900048489,1,40,,0,2,7,1,A01
201900048490,1,33,,0,2,7,1,B01
201900048490,1,30,,0,2,1,9,A01
201900048491,0,7,,0,2,3,1,A01
201900048491,0,7,,0,2,1,1,B01
201900048492,2,7,,0,1,1,1,A01
201900048493,3,7,,0,2,3,15,A01
201900048493,3,1,,0,2,8,16,B01
201900048494,1,7,,0,1,2,16,Z01
201900048495,1,34,,0,2,1,17,A01
201900048495,1,7,,0,2,6,15,B01
201900048496,1,7,,0,1,1,15,A01
201900048497,1,7,,0,1,1,15,A01
201900048498,3,7,,0,2,2,1,B01
201900048498,2,10,,0,2,8,9,A01
201900048499,0,10,,0,0,9,1,A01
201900048500,2,7,,0,1,2,1,A01
201900048501,2,42,,0,2,1,17,B01
201900048501,2,7,,0,2,3,15,A01
201900048502,2,7,,0,6,1,9,A01
201900048502,2,80,,0,2,7,1,B01
201900048503,1,7,,0,2,4,23,A01
201900048504,3,7,,0,1,1,26,A01
201900048505,2,7,,0,2,6,13,B01
201900048505,1,15,,0,2,3,2,A01
201900048505,2,7,,0,2,0,0,C01
201900048506,1,30,,1,2,1,21,A01
201900048507,2,33,,0,2,1,2,A01
201900048507,2,7,,0,2,6,2,B01
201900048508,2,3,,0,1,1,0,A01
201900048509,2,33,,16,0,0,17,A01
201900048510,1,37,1.0,0,2,4,1,B01
201900048510,1,7,,0,2,1,1,A01
201900048511,1,50,,0,2,3,1,B01
201900048511,2,7,,0,2,3,1,A01
201900048512,1,7,,0,2,3,15,B01
201900048512,1,34,,0,2,7,17,A01
201900048513,0,34,,0,2,0,0,B01
201900048513,0,10,,0,2,3,26,A01
201900048514,0,7,,0,1,0,0,Z01
201900048515,0,7,,0,2,1,2,A01
201900048515,0,7,,0,0,4,1,B01
201900048516,0,34,,0,2,1,21,A01
201900048516,0,30,,0,2,8,19,Z01
201900048517,2,33,,0,0,7,26,A01
201900048518,2,33,,0,0,8,26,A01
201900048519,1,7,,0,1,1,1,A01
201900048520,2,30,,0,2,1,21,A01
201900048520,2,50,,0,2,7,19,B01
201900048521,3,7,,0,2,1,19,A01
201900048521,3,7,,13,2,3,1,B01
201900048521,3,7,,0,2,1,1,C01
201900048521,3,7,,13,2,0,1,D01
201900048522,2,33,,0,2,4,1,B01
201900048522,2,7,,0,2,2,2,A01
201900048523,1,33,,0,0,8,0,A01
201900048524,1,30,,0,2,1,1,A01
201900048524,1,7,,0,0,5,1,B01
201900048525,1,7,,0,2,0,9,Z01
201900048525,1,1,,0,2,0,1,B01
201900048526,2,7,,0,1,2,1,A01
201900048527,0,7,,0,1,3,1,A01
201900048528,0,7,,0,1,1,1,A01
201900048529,2,7,,2,2,6,1,A01
201900048529,2,7,,0,2,6,26,B01
201900048530,1,7,,3,0,4,0,B01
201900048530,1,10,,0,2,1,0,A01
201900048531,1,33,,0,1,1,1,A01
201900048532,1,34,,0,0,8,1,A01
201900048533,1,33,,0,2,1,1,B01
201900048533,2,7,,0,2,3,9,A01
201900048534,3,30,,0,2,8,0,B01
201900048534,3,7,,0,2,3,15,A01
201900048535,1,7,,0,1,3,1,A01
201900048536,1,34,,0,2,1,3,A01
201900048536,1,32,,0,2,4,11,B01
201900048536,1,7,,0,2,5,1,C01
201900048536,1,7,,0,2,3,1,D01
201900048537,2,37,1.0,0,1,0,20,A01
201900048538,1,50,,0,0,1,1,A01
201900048539,1,10,,0,2,3,1,A01
201900048539,2,50,,0,2,2,1,B01
201900048540,1,7,,0,1,8,1,A01
201900048541,2,32,,0,2,8,1,A01
201900048541,2,7,,0,2,0,14,Z01
201900048542,1,31,,0,1,8,1,A01
201900048543,1,1,,12,0,1,14,A01
201900048544,1,7,,0,1,8,16,Z01
201900048545,1,43,,0,1,2,1,A01
201900048546,1,7,,0,2,3,2,A01
201900048546,1,10,,0,2,4,2,B01
201900048547,1,1,,14,0,1,14,A01
201900048548,3,40,,0,1,2,1,A01
201900048549,1,7,,1,0,2,14,A01
201900048550,2,30,,0,2,1,2,A01
201900048550,2,7,,0,2,5,23,B01
201900048551,1,33,,0,1,1,1,A01
201900048552,2,7,,0,1,2,14,A01
201900048553,1,7,,0,2,2,1,B01
201900048553,1,10,,0,2,3,1,A01
201900048554,1,1,,0,2,8,1,A01
201900048554,1,7,,0,2,1,1,B01
201900048555,3,7,,0,2,2,1,A01
201900048555,3,1,,0,2,1,1,B01
201900048556,1,7,,0,2,3,15,A01
201900048556,1,43,,0,2,5,1,B01
201900048557,0,7,,0,1,2,1,A01
201900048558,2,1,,0,2,6,1,A01
201900048558,2,33,,0,2,1,1,B01
201900048559,1,7,,0,2,1,1,A01
201900048559,1,7,,0,2,6,1,B01
201900048560,1,33,,0,2,1,2,A01
201900048560,1,30,,0,2,4,16,B01
201900048561,1,50,,0,0,1,1,A01
201900048562,2,33,,0,2,9,1,A01
201900048562,1,7,,0,2,3,15,B01
201900048562,2,7,,0,2,5,24,C01
201900048562,2,7,,0,2,4,24,D01
201900048563,1,50,,0,0,8,1,A01
201900048564,1,7,,0,1,2,1,A01
201900048565,2,7,,0,2,4,0,B01
201900048565,2,7,,0,2,1,0,A01
201900048566,2,33,,0,2,1,1,B01
201900048566,1,7,,0,2,7,15,A01
201900048567,1,30,,1,0,1,1,A01
201900048568,1,31,,11,0,1,17,A01
201900048569,2,1,,0,2,8,2,B01
201900048569,2,33,,0,2,7,2,A01
201900048570,2,7,,0,2,3,1,C01
201900048570,1,7,,0,0,6,26,B01
201900048570,1,2,,0,2,1,1,A01
201900048571,2,7,,0,2,1,17,A01
201900048571,1,7,,0,2,3,1,B01
201900048572,3,7,,0,1,2,1,A01
201900048573,1,2,,0,0,0,0,A01
201900048574,1,33,,0,0,0,1,A01
201900048575,0,10,,0,2,1,9,A01
201900048575,2,33,,0,2,7,1,B01
201900048576,1,33,,0,0,9,1,A01
201900048577,3,33,,0,0,8,1,A01
201900048578,2,1,,0,2,8,9,B01
201900048578,1,7,,0,9,2,1,A01
201900048579,1,7,,6,0,3,1,A01
201900048580,3,7,,0,1,4,20,A01
201900048581,3,7,,0,2,3,1,A01
201900048581,3,1,,0,2,1,17,B01
201900048582,3,1,,0,2,1,15,B01
201900048582,3,7,,0,9,1,9,A01
201900048583,1,33,,0,2,1,17,B01
201900048583,1,1,,0,2,4,2,A01
201900048584,1,31,,1,0,1,1,A01
201900048585,1,7,,0,2,2,14,A01
201900048585,1,15,,0,2,6,1,B01
201900048586,2,7,,0,2,4,2,B01
201900048586,2,7,,0,2,1,1,A01
201900048587,1,7,,0,2,3,2,A01
201900048587,1,15,,0,2,2,12,B01
201900048588,2,32,,0,0,0,0,A01
201900048589,2,10,,0,2,4,1,C01
201900048589,2,7,,3,2,4,2,B01
201900048589,2,7,,0,2,1,2,A01
201900048590,1,33,,0,2,8,3,B01
201900048590,1,10,,0,2,2,14,A01
201900048591,1,7,,3,0,1,26,A01
201900048592,2,7,,0,2,1,2,A01
201900048592,2,7,,0,2,4,2,B01
201900048592,2,7,,0,2,4,2,C01
201900048593,2,7,,0,2,6,1,B01
201900048593,2,33,,0,2,2,3,A01
201900048594,1,33,,0,2,3,3,A01
201900048594,1,7,,0,2,6,12,B01
201900048595,1,7,,4,2,2,1,B01
201900048595,1,7,,0,2,8,21,A01
201900048596,1,7,,0,2,4,23,C01
201900048596,1,7,,0,2,4,23,B01
201900048596,1,7,,1,0,1,2,A01
201900048597,1,99,,0,2,4,2,B01
201900048597,1,10,,0,2,1,2,A01
201900048598,1,32,,0,0,9,1,A01
201900048599,1,10,,0,2,1,2,B01
201900048599,1,7,,0,2,4,2,A01
201900048600,2,17,,0,2,6,9,A01
201900048600,2,7,,0,2,1,9,B01
201900048601,1,10,,0,2,1,2,A01
201900048601,1,7,,0,2,4,2,B01
201900048601,1,7,,0,2,4,2,C01
201900048602,1,30,,0,2,4,2,A01
201900048602,1,30,,0,2,1,2,B01
201900048603,3,1,,0,2,0,0,A01
201900048603,3,7,,0,2,0,0,B01
201900048604,1,33,,0,0,1,1,A01
201900048605,2,7,,0,1,3,2,A01
201900048606,2,7,,0,2,6,2,Z01
201900048606,2,7,,0,2,4,1,B01
201900048607,2,7,,3,2,5,14,A01
201900048607,2,7,,0,2,3,2,B01
201900048608,1,2,,0,2,1,17,B01
201900048608,0,7,,0,2,3,9,A01
201900048609,3,10,,0,0,4,1,B01
201900048609,3,10,,0,2,1,1,A01
201900048610,1,20,,0,1,8,0,B01
201900048610,1,7,,0,1,8,0,A01
201900048611,1,3,,0,1,1,1,A01
201900048612,2,50,,0,0,0,21,B01
201900048612,2,7,,0,0,0,15,A01
201900048613,1,7,,0,2,2,1,C01
201900048613,1,7,,0,2,3,1,B01
201900048613,1,7,,0,2,5,12,A01
201900048614,1,7,,0,1,1,15,A01
201900048615,2,34,,0,2,2,17,B01
201900048615,2,7,,0,2,1,2,A01
201900048616,1,32,,0,1,1,26,A01
201900048617,2,33,,0,2,1,1,B01
201900048617,1,7,,0,2,6,17,A01
201900048618,1,7,,0,1,2,1,A01
201900048619,1,7,,0,2,3,15,A01
201900048619,1,1,,0,2,1,2,B01
201900048620,3,7,,8,0,1,2,A01
201900048621,3,33,,8,0,6,1,A01
201900048622,2,2,,0,2,1,23,B01
201900048622,2,10,,14,0,4,4,A01
201900048623,2,33,,8,0,7,1,A01
201900048624,2,2,,0,2,1,1,B01
201900048624,2,7,,0,2,2,15,A01
201900048625,2,32,,0,2,1,2,A01
201900048625,2,10,,0,2,4,23,B01
201900048626,2,30,,3,0,8,1,A01
201900048626,2,7,,0,0,0,0,Z01
201900048627,1,7,,0,2,1,2,A01
201900048627,1,7,,0,2,6,2,B01
201900048627,1,32,,0,2,4,2,C01
201900048627,1,7,,0,2,6,2,D01
201900048628,1,34,,0,1,7,21,A01
201900048629,2,7,,4,0,3,17,A01
201900048630,0,7,,0,2,1,1,A01
201900048630,0,7,,0,2,8,15,B01
201900048631,1,43,,12,2,1,1,A01
201900048631,1,7,,0,2,5,1,B01
201900048632,1,32,,0,0,0,21,A01
201900048633,1,7,,2,0,1,6,A01
201900048634,0,7,,0,1,7,1,A01
201900048635,0,7,,0,2,2,1,A01
201900048635,0,7,,0,2,3,15,B01
201900048636,0,31,,0,0,7,21,A01
201900048637,1,1,,12,0,0,25,B01
201900048637,1,7,,0,0,2,13,A01
201900048638,2,7,,0,1,2,1,A01
201900048639,2,7,,0,2,6,15,A01
201900048639,2,33,,0,2,1,17,B01
201900048640,1,7,,0,2,4,2,B01
201900048640,1,7,,0,2,1,2,A01
201900048641,1,1,,0,1,1,1,A01
201900048642,2,7,,0,2,3,1,A01
201900048642,2,7,,0,2,3,1,B01
201900048643,1,30,,0,1,5,1,A01
201900048644,1,32,,0,2,7,1,B01
201900048644,1,7,,0,2,6,11,A01
201900048645,2,7,,0,1,2,26,A01
201900048646,3,99,,0,1,1,25,A01
201900048647,0,7,,0,2,4,2,Z01
201900048647,0,7,,0,2,4,1,B01
201900048648,0,10,,0,0,0,1,A01
201900048649,1,2,,0,1,1,1,A01
201900048650,2,10,,0,2,1,1,B01
201900048650,3,10,,0,2,7,1,A01
201900048651,1,2,,0,2,1,17,B01
201900048651,1,7,,0,2,3,15,A01
201900048652,1,7,,0,0,1,14,A01
201900048653,3,30,,0,2,2,1,A01
201900048653,3,10,,0,2,6,9,B01
201900048654,1,7,,0,1,3,15,A01
201900048655,3,50,,0,0,0,1,A01
201900048656,1,50,,0,2,1,1,B01
201900048656,1,7,,0,2,5,1,A01
201900048657,1,7,,0,1,1,16,A01
201900048658,3,7,,0,2,1,2,B01
201900048658,3,7,,0,2,7,1,A01
201900048659,3,7,,0,2,1,1,A01
201900048659,3,7,,0,2,4,23,B01
201900048660,0,1,,0,1,1,19,A01
201900048660,0,7,,0,2,2,1,B01
201900048661,3,1,,0,2,1,19,B01
201900048661,1,10,,0,6,5,19,A01
201900048662,1,7,,0,0,1,1,A01
201900048662,1,1,,0,2,7,19,A01
201900048663,1,34,,1,0,1,1,A01
201900048664,1,7,,0,2,1,1,A01
201900048664,2,1,,0,2,1,1,B01
201900048665,1,7,,0,1,1,1,A01
201900048666,1,10,,0,1,1,15,A01
201900048667,1,7,,0,2,4,0,A01
201900048667,0,1,,0,2,1,0,B01
201900048668,1,7,,1,2,7,1,A01
201900048669,1,7,,0,2,3,1,B01
201900048669,1,10,,0,2,3,9,A01
201900048670,2,7,,0,1,2,16,A01
201900048671,0,7,,0,0,4,1,B01
201900048671,0,7,,0,2,1,2,A01
201900048672,3,7,,0,0,1,1,A01
201900048673,1,7,,15,0,4,2,A01
201900048673,1,7,,0,2,1,2,B01
201900048674,3,7,,0,2,4,1,B01
201900048674,3,7,,0,2,1,1,A01
201900048675,1,7,,1,1,3,20,A01
201900048676,-1,0,,-1,-1,-1,-1,C01
201900048676,1,7,,0,2,8,15,B01
201900048677,1,7,,1,2,4,4,A01
201900048677,2,7,,1,1,1,26,B01
201900048678,3,7,,0,2,1,1,A01
201900048678,3,2,,0,2,8,15,B01
201900048679,3,7,,0,2,7,15,B01
201900048679,0,10,,0,2,3,9,A01
201900048680,1,7,,0,1,1,26,A01
201900048681,2,32,,0,1,1,1,A01
201900048682,3,7,,0,2,6,15,B01
201900048682,3,32,,0,0,0,0,A01
201900048683,2,10,,0,1,7,1,A01
201900048684,1,7,,0,1,1,1,A01
201900048685,2,1,,0,2,1,25,A01
201900048685,2,7,,0,2,3,9,B01
201900048686,2,60,,0,2,0,0,B01
201900048686,1,7,,0,1,3,2,A01
201900048687,1,21,,0,0,0,1,A01
201900048688,2,7,,12,0,1,15,A01
201900048689,0,40,,0,1,1,1,A01
201900048690,3,33,,0,1,1,16,A01
201900048691,1,34,,0,1,1,1,A01
201900048692,1,30,,0,0,8,26,A01
201900048693,2,7,,0,2,3,1,A01
201900048693,2,10,,0,6,2,1,C01
201900048693,2,34,,0,2,0,3,B01
201900048694,1,7,,0,2,0,15,B01
201900048694,1,31,,0,2,1,2,A01
201900048695,2,7,,2,0,3,1,A01
201900048696,2,33,,13,0,9,17,A01
201900048697,3,3,,17,0,3,5,A01
201900048698,1,2,,0,2,1,1,A01
201900048698,2,7,,0,2,5,15,B01
201900048699,0,7,,0,2,8,19,A01
201900048699,2,33,,0,2,1,1,B01
201900048700,1,7,,0,2,1,1,B01
201900048700,2,7,,0,2,7,15,A01
201900048701,1,33,,0,0,1,1,A01
201900048702,1,7,,4,2,3,13,A01
201900048702,1,7,,0,2,4,23,B01
201900048703,2,1,,0,2,8,2,B01
201900048703,2,7,,0,2,7,17,A01
201900048704,2,2,,1,0,8,1,A01
201900048705,1,10,,0,2,1,17,B01
201900048705,1,21,,0,0,6,15,A01
201900048706,1,7,,0,2,4,26,B01
201900048706,1,7,,0,2,1,2,D01
201900048706,1,10,,0,2,1,2,C01
201900048706,1,7,,0,2,4,26,A01
201900048707,2,1,,0,0,4,1,B01
201900048707,2,7,,0,2,2,1,A01
201900048708,3,30,,0,0,0,26,A01
201900048709,0,1,,0,0,4,2,B01
201900048709,3,7,,0,9,2,2,A01
201900048710,1,7,,0,2,1,1,B01
201900048710,2,33,,0,2,1,13,A01
201900048711,0,7,,0,2,1,15,A01
201900048711,0,2,,0,2,1,1,B01
201900048712,3,7,,0,2,3,15,A01
201900048712,3,7,,0,2,6,1,B01
201900048713,0,7,,0,1,1,16,A01
201900048714,1,1,,0,2,1,26,A01
201900048714,2,7,,0,9,2,26,B01
201900048715,1,7,,0,2,7,15,B01
201900048715,2,33,,0,2,1,1,A01
201900048716,1,7,,4,0,0,1,A01
201900048717,2,33,,0,2,1,13,A01
201900048717,1,7,,0,2,1,0,B01
201900048718,3,1,,0,2,1,1,B01
201900048718,3,1,,0,9,1,1,A01
201900048719,1,7,,17,0,1,14,A01
201900048720,1,7,,0,2,1,9,A01
201900048720,1,7,,0,2,6,1,B01
201900048720,2,7,,0,2,1,1,C01
201900048721,2,7,,1,0,3,13,A01
201900048722,1,33,,0,2,1,1,B01
201900048722,0,7,,0,2,3,19,A01
201900048723,1,7,,3,0,9,1,A01
201900048724,2,0,,0,1,0,1,Z01
201900048725,1,7,,0,0,2,1,A01
201900048726,2,33,,0,1,1,2,A01
201900048727,1,7,,0,1,1,26,A01
201900048728,1,10,,14,0,1,21,A01
201900048728,1,7,,0,2,3,1,B01
201900048729,3,2,,0,9,1,1,B01
201900048729,3,7,,0,0,4,23,A01
201900048730,3,10,,0,2,2,5,A01
201900048730,3,10,,0,2,1,1,B01
201900048731,2,7,,0,2,1,2,B01
201900048731,2,15,,0,0,4,17,A01
201900048732,2,34,,0,2,2,17,A01
201900048732,2,7,,0,2,3,15,B01
201900048733,2,7,,8,0,1,0,A01
201900048734,3,7,,0,2,2,20,A01
201900048734,3,2,,1,2,1,1,B01
201900048735,3,7,,0,2,4,2,B01
201900048735,3,7,,0,2,1,2,A01
201900048736,2,2,,3,0,7,0,A01
201900048737,3,7,,1,0,1,1,A01
201900048738,2,7,,4,0,1,1,A01
201900048739,1,33,,12,0,1,14,A01
201900048740,1,33,,0,2,7,17,A01
201900048740,2,7,,0,2,3,1,B01
201900048741,2,32,,0,2,1,14,A01
201900048741,2,7,,0,2,4,23,B01
201900048742,0,39,,0,2,1,1,B01
201900048742,1,7,,0,4,7,5,A01
201900048743,2,60,,0,2,1,1,A01
201900048743,2,10,,0,2,6,23,B01
201900048744,1,7,,0,2,3,2,B01
201900048744,1,33,,0,2,2,2,A01
201900048745,1,10,,0,1,2,1,A01
201900048746,3,7,,0,2,3,15,B01
201900048746,3,43,,0,2,7,17,A01
201900048747,2,17,,0,2,3,1,B01
201900048747,1,7,,0,2,1,6,A01
201900048748,2,10,,0,1,1,15,A01
201900048749,3,1,,0,2,1,5,A01
201900048749,3,7,,0,9,1,5,B01
201900048750,2,2,,0,1,2,1,A01
201900048751,3,34,,0,2,3,1,B01
201900048751,3,7,,0,2,7,16,A01
201900048752,2,33,,0,0,0,21,A01
201900048753,2,10,,2,0,1,1,A01
201900048754,1,7,,0,1,4,20,A01
201900048755,1,1,,0,2,3,19,B01
201900048755,1,7,,0,2,7,21,A01
201900048756,1,50,,0,2,0,1,B01
201900048756,2,43,,0,2,8,15,A01
201900048757,2,37,2.0,0,2,3,8,B01
201900048757,1,7,,0,2,3,15,A01
201900048758,1,7,,0,2,1,1,B01
201900048758,3,7,,0,2,3,15,A01
201900048759,2,50,,1,0,1,1,A01
201900048760,2,10,,0,2,3,13,A01
201900048760,1,10,,0,2,3,1,B01
201900048761,2,30,,0,2,8,5,Z01
201900048761,1,33,,0,2,8,1,A01
201900048762,1,31,,12,0,1,1,A01
201900048763,1,30,,0,2,1,1,Z01
201900048763,3,50,,0,2,8,19,A01
201900048764,1,7,,17,0,1,1,A01
201900048765,2,7,,0,2,4,23,B01
201900048765,2,7,,0,2,1,2,A01
201900048766,1,7,,13,0,9,1,A01
201900048767,1,32,,12,0,0,12,A01
201900048768,1,33,,0,2,1,2,A01
201900048768,1,33,,0,2,4,2,B01
201900048769,2,7,,0,1,2,1,A01
201900048770,2,7,,2,0,1,13,A01
201900048771,2,33,,0,1,3,1,A01
201900048772,1,7,,0,2,1,5,A01
201900048772,2,7,,0,2,3,1,B01
201900048773,2,1,,0,2,1,1,B01
201900048773,1,7,,0,2,3,15,A01
201900048774,1,31,,0,2,8,1,B01
201900048774,2,7,,0,2,8,15,A01