Num_Acc,senc,catv,occutc,obs,obsm,choc,manv,num_veh
201900048775,1,7,,0,2,1,13,A01
201900048775,2,10,,0,2,1,1,B01
201900048776,1,31,,0,0,8,15,A01
201900048777,2,7,,6,0,1,26,B01
201900048777,2,21,,0,2,2,9,A01
201900048778,2,80,,1,0,1,1,B01
201900048778,2,7,,0,2,2,0,A01
201900048779,1,1,,0,2,7,19,A01
201900048779,1,7,,0,2,1,1,B01
201900048780,1,7,,0,2,3,17,A01
201900048780,2,7,,0,2,3,1,B01
201900048781,2,7,,0,1,1,19,A01
201900048782,1,7,,2,0,1,14,A01
201900048783,1,14,,0,2,1,15,B01
201900048783,2,33,,0,2,1,5,A01
201900048784,1,33,,0,2,8,1,A01
201900048784,2,7,,0,2,3,15,B01
201900048785,2,7,,0,2,3,1,A01
201900048785,2,2,,0,0,4,1,B01
201900048786,3,7,,1,0,2,1,A01
201900048787,1,33,,9,0,1,0,A01
201900048788,1,7,,0,2,3,1,A01
201900048788,2,30,,0,2,1,1,B01
201900048789,3,32,,0,0,1,25,A01
201900048790,0,3,,0,2,0,1,A01
201900048790,0,3,,0,2,4,1,B01
201900048791,1,7,,0,0,4,15,B01
201900048791,1,2,,0,2,1,2,A01
201900048792,1,10,,0,0,8,13,A01
201900048792,1,2,,0,2,1,17,B01
201900048793,3,7,,0,1,1,26,A01
201900048794,1,15,,0,2,1,2,A01
201900048794,1,10,,0,2,4,2,B01
201900048795,3,1,,0,2,1,9,B01
201900048795,3,7,,0,2,3,2,A01
201900048796,2,7,,0,2,3,1,B01
201900048796,1,33,,0,2,1,17,A01
201900048797,2,43,,0,2,1,1,B01
201900048797,1,7,,0,2,7,10,A01
201900048798,2,10,,0,0,3,1,A01
201900048798,1,10,,0,0,1,1,B01
201900048799,3,32,,0,2,2,1,A01
201900048799,0,7,,0,2,3,9,B01
201900048800,2,33,,13,0,7,1,A01
201900048801,1,0,,0,6,4,26,D01
201900048801,1,7,,0,2,4,0,C01
201900048801,1,7,,0,2,4,26,B01
201900048801,1,37,3.0,0,2,1,26,A01
201900048802,1,31,,0,2,1,1,B01
201900048802,2,7,,0,2,3,15,A01
201900048803,2,7,,1,0,1,0,A01
201900048804,1,10,,0,2,1,15,A01
201900048804,1,1,,0,2,7,1,B01
201900048805,2,7,,0,1,3,26,Z01
201900048806,2,7,,0,2,1,17,A01
201900048806,1,7,,0,2,1,14,B01
201900048806,1,7,,0,2,1,0,C01
201900048806,2,7,,0,2,1,26,D01
201900048807,1,7,,0,2,3,15,A01
201900048807,1,34,,0,2,2,17,B01
201900048808,1,7,,0,2,8,15,B01
201900048808,1,33,,0,2,1,2,A01
201900048809,3,7,,0,2,1,26,A01
201900048809,3,14,,0,2,4,1,B01
201900048810,1,37,1.0,0,1,1,1,A01
201900048811,1,7,,0,1,2,1,A01
201900048812,2,1,,0,0,7,1,A01
201900048813,3,33,,0,2,6,3,B01
201900048813,0,32,,0,2,1,3,A01
201900048814,0,30,,0,2,1,2,B01
201900048814,3,14,,0,2,4,4,A01
201900048815,2,7,,0,2,3,1,A01
201900048815,1,7,,0,0,3,1,B01
201900048816,1,32,,0,2,8,1,B01
201900048816,2,7,,0,2,2,15,A01
201900048817,1,7,,0,2,4,26,B01
201900048817,1,2,,0,2,1,26,A01
201900048818,1,2,,0,2,1,0,B01
201900048818,1,7,,0,2,1,9,A01
201900048819,1,14,,2,0,2,14,A01
201900048820,1,7,,2,0,3,1,A01
201900048821,1,7,,0,1,1,1,A01
201900048822,3,7,,0,2,3,1,B01
201900048822,3,7,,0,2,2,1,A01
201900048823,2,32,,0,2,7,1,B01
201900048823,2,7,,0,2,8,17,A01
201900048824,0,33,,6,0,1,1,A01
201900048825,2,7,,16,0,2,1,A01
201900048826,3,31,,0,0,3,13,A01
201900048827,1,2,,15,0,2,14,A01
201900048828,1,33,,0,2,1,1,A01
201900048828,1,7,,0,2,4,1,B01
201900048829,2,33,,0,2,1,1,B01
201900048829,1,7,,0,2,3,9,A01
201900048830,2,14,,3,0,9,26,A01
201900048831,3,1,,0,1,1,16,A01
201900048832,1,2,,6,0,8,17,A01
201900048832,1,21,,0,0,0,15,B01
201900048833,2,13,,13,0,3,13,A01
201900048834,2,10,,0,1,1,1,B01
201900048834,1,10,,0,2,1,13,A01
201900048835,2,7,,2,0,1,14,A01
201900048836,1,7,,0,2,1,13,A01
201900048836,2,15,,0,2,3,1,B01
201900048837,0,7,,0,2,3,0,A01
201900048837,0,7,,0,2,3,0,B01
201900048838,2,17,,0,2,3,1,B01
201900048838,1,7,,0,2,3,13,A01
201900048839,3,33,,0,2,1,1,B01
201900048839,3,7,,0,2,7,15,A01
201900048840,1,7,,0,2,1,14,B01
201900048840,2,7,,8,0,3,13,A01
201900048841,3,7,,7,2,3,2,A01
201900048841,0,7,,0,0,5,2,B01
201900048842,2,7,,0,2,8,17,B01
201900048842,2,33,,13,2,7,17,A01
201900048843,2,10,,0,2,1,1,B01
201900048843,1,7,,6,2,1,13,A01
201900048844,2,10,,2,0,1,14,A01
201900048845,2,7,,13,0,9,1,A01
201900048846,2,15,,0,0,5,2,B01
201900048846,2,10,,0,2,1,1,A01
201900048847,1,7,,0,1,1,1,A01
201900048848,1,7,,0,0,4,1,B01
201900048848,1,7,,0,2,1,1,A01
201900048849,1,7,,0,2,8,15,B01
201900048849,1,32,,0,2,2,17,A01
201900048850,3,1,,0,0,4,2,B01
201900048850,3,7,,0,2,3,9,A01
201900048851,1,10,,0,2,1,2,A01
201900048851,1,17,,0,0,4,1,B01
201900048851,2,7,,4,9,2,1,C01
201900048852,3,2,,0,0,0,1,A01
201900048853,1,7,,0,2,1,2,B01
201900048853,1,7,,0,0,4,2,A01
201900048854,3,10,,0,1,5,4,A01
201900048855,2,7,,0,0,4,1,B01
201900048855,2,7,,0,2,1,2,A01
201900048856,3,7,,16,0,8,1,A01
201900048856,3,7,,0,2,1,1,B01
201900048857,2,7,,0,0,4,2,B01
201900048857,2,7,,0,2,1,2,A01
201900048858,1,7,,13,0,1,17,A01
201900048859,1,7,,0,2,7,19,B01
201900048859,2,17,,0,2,1,1,A01
201900048860,0,2,,11,0,1,1,A01
201900048861,0,1,,0,0,4,2,B01
201900048861,1,10,,0,9,1,2,A01
201900048862,2,1,,0,2,1,1,B01
201900048862,1,7,,0,9,2,15,A01
201900048863,1,10,,0,2,1,21,B01
201900048863,2,7,,0,2,1,5,A01
201900048864,0,7,,0,2,3,1,B01
201900048864,0,33,,7,2,5,0,A01
201900048865,1,7,,0,2,7,15,A01
201900048865,2,33,,0,2,1,1,B01
201900048866,2,33,,4,0,8,13,A01
201900048867,1,7,,0,2,4,2,B01
201900048867,1,7,,0,2,1,2,A01
201900048868,1,7,,16,1,1,2,A01
201900048869,1,33,,2,2,2,17,B01
201900048869,1,10,,0,2,3,15,A01
201900048870,2,7,,0,2,3,1,B01
201900048870,1,34,,0,2,1,1,A01
201900048871,1,7,,2,0,1,1,A01
201900048872,3,7,,0,2,3,15,B01
201900048872,3,2,,0,2,2,17,A01
201900048873,2,7,,0,1,1,1,A01
201900048874,1,7,,0,2,1,1,C01
201900048874,1,7,,0,2,6,1,B01
201900048874,2,7,,0,2,1,1,A01
201900048875,2,2,,0,0,7,14,A01
201900048876,2,30,,0,0,8,15,B01
201900048876,2,33,,6,2,1,17,A01
201900048877,1,7,,13,0,1,1,A01
201900048878,2,7,,0,2,3,9,A01
201900048878,2,7,,0,2,1,1,B01
201900048879,1,7,,2,2,4,2,C01
201900048879,1,7,,0,2,4,2,B01
201900048879,1,7,,0,2,1,2,A01
201900048880,2,33,,15,0,8,1,A01
201900048881,1,7,,2,0,2,0,A01
201900048882,1,31,,0,2,7,12,B01
201900048882,1,2,,0,2,8,1,A01
201900048883,1,7,,0,2,0,0,C01
201900048883,2,7,,0,2,3,0,B01
201900048883,1,7,,0,2,3,0,A01
201900048884,1,10,,0,2,2,15,B01
201900048884,1,33,,0,2,3,1,A01
201900048885,2,7,,0,2,2,0,B01
201900048885,1,7,,13,2,1,13,A01
201900048886,2,7,,0,2,1,1,A01
201900048886,2,7,,0,2,6,1,C01
201900048886,1,7,,7,2,8,1,B01
201900048886,2,7,,0,2,1,1,D01
201900048887,2,7,,2,2,1,1,A01
201900048887,1,2,,0,2,1,1,B01
201900048888,3,7,,14,0,8,1,A01
201900048889,1,7,,13,0,3,2,A01
201900048890,1,7,,8,0,1,13,A01
201900048891,2,7,,0,2,1,2,A01
201900048891,2,7,,0,2,4,2,C01
201900048891,2,7,,0,2,4,2,B01
201900048892,0,32,,0,2,2,17,B01
201900048892,0,7,,0,2,2,19,A01
201900048893,3,2,,0,2,1,5,B01
201900048893,3,7,,0,2,3,2,A01
201900048894,1,7,,4,0,3,1,A01
201900048895,1,1,,0,2,8,1,B01
201900048895,1,7,,0,2,7,17,A01
201900048896,2,10,,0,2,1,2,A01
201900048896,2,7,,0,0,4,2,B01
201900048897,1,7,,2,0,2,1,A01
201900048898,1,14,,0,2,1,1,B01
201900048898,2,7,,0,0,8,15,A01
201900048899,1,7,,0,0,8,15,A01
201900048899,2,33,,0,2,1,1,B01
201900048900,2,7,,3,0,3,1,A01
201900048901,2,7,,0,0,9,1,A01
201900048902,2,7,,0,2,3,13,A01
201900048902,1,7,,0,2,3,1,C01
201900048902,1,7,,0,2,6,1,B01
201900048903,2,7,,0,1,1,0,A01
201900048904,1,7,,0,2,5,26,A01
201900048904,1,7,,0,2,3,1,B01
201900048904,2,7,,0,2,7,1,C01
201900048905,1,38,2.0,0,2,3,1,B01
201900048905,2,7,,0,2,3,13,A01
201900048906,3,1,,0,0,0,1,A01
201900048907,2,10,,0,2,2,17,A01
201900048907,2,3,,2,2,6,1,B01
201900048908,1,33,,0,2,2,17,B01
201900048908,1,14,,0,0,6,15,A01
201900048909,2,1,,0,6,1,1,A01
201900048910,1,7,,0,2,1,1,B01
201900048910,1,7,,0,2,7,1,A01
201900048911,2,7,,0,2,1,13,A01
201900048911,1,7,,0,2,1,1,B01
201900048912,1,7,,0,2,4,1,B01
201900048912,1,7,,0,2,1,1,A01
201900048913,1,17,,0,2,1,2,A01
201900048913,1,7,,0,2,4,23,B01
201900048913,1,17,,0,2,4,23,C01
201900048913,1,7,,0,2,1,2,D01
201900048914,2,7,,3,2,4,2,B01
201900048914,2,7,,0,2,1,2,A01
201900048915,1,7,,0,2,5,14,A01
201900048915,1,33,,0,2,3,1,B01
201900048916,1,7,,0,2,3,2,A01
201900048916,1,33,,0,2,5,1,B01
201900048917,1,10,,4,0,3,1,A01
201900048918,1,7,,6,2,2,2,A01
201900048918,1,7,,6,0,6,12,B01
201900048919,1,7,,0,2,9,23,A01
201900048919,1,7,,0,2,1,26,B01
201900048919,1,7,,0,2,5,26,C01
201900048920,1,7,,3,2,1,26,A01
201900048920,1,7,,4,2,4,0,C01
201900048920,1,7,,14,0,1,0,B01
201900048920,1,7,,14,0,0,0,D01
201900048921,1,33,,4,0,1,0,A01
201900048922,2,7,,0,0,4,12,A01
201900048922,2,33,,0,2,1,3,B01
201900048923,2,7,,6,0,1,2,A01
201900048924,2,7,,0,2,3,15,A01
201900048924,2,7,,0,2,1,1,B01
201900048925,3,7,,6,0,1,1,A01
201900048926,2,7,,0,2,4,23,B01
201900048926,2,7,,0,2,1,2,A01
201900048927,1,30,,0,0,7,1,A01
201900048928,1,2,,0,2,5,13,A01
201900048928,3,7,,0,2,8,17,B01
201900048929,2,60,,0,2,8,0,B01
201900048929,2,7,,0,1,1,1,A01
201900048930,0,7,,0,0,0,23,C01
201900048930,2,7,,0,2,3,16,A01
201900048930,1,7,,1,2,3,13,B01
201900048931,1,7,,0,2,1,1,B01
201900048931,1,7,,0,2,3,15,A01
201900048932,2,33,,0,2,1,1,B01
201900048932,1,7,,0,2,5,15,A01
201900048933,3,80,,0,2,4,1,B01
201900048934,1,7,,0,2,1,2,A01
201900048934,1,7,,0,2,4,2,B01
201900048935,3,7,,6,0,1,0,A01
201900048936,1,2,,0,2,1,2,B01
201900048936,2,7,,0,2,3,2,A01
201900048937,2,7,,0,2,7,10,A01
201900048937,1,7,,0,2,1,1,B01
201900048938,2,7,,0,2,6,1,B01
201900048938,2,7,,0,2,5,17,A01
201900048939,2,7,,0,2,4,4,A01
201900048939,2,1,,0,2,8,15,B01
201900048940,1,7,,0,2,1,1,B01
201900048940,1,7,,0,2,4,23,A01
201900048941,1,7,,9,0,1,14,A01
201900048942,2,7,,13,0,1,1,A01
201900048943,1,7,,0,2,1,5,A01
201900048943,2,15,,0,2,2,1,B01
201900048944,2,15,,6,0,1,1,B01
201900048944,1,10,,0,2,1,13,A01
201900048945,2,1,,0,2,8,15,B01
201900048945,2,7,,0,2,2,9,A01
201900048946,3,7,,8,0,5,15,A01
201900048946,3,33,,0,2,1,1,B01
201900048947,0,1,,0,1,1,2,A01
201900048948,3,33,,2,0,1,0,A01
201900048949,2,7,,13,0,1,1,A01
201900048950,1,33,,0,0,4,2,A01
201900048950,1,7,,14,0,1,2,B01
201900048951,2,7,,15,0,7,19,A01
201900048951,1,7,,0,2,1,1,B01
201900048952,2,7,,15,0,3,13,A01
201900048953,2,7,,0,0,9,1,A01
201900048954,1,7,,0,1,3,9,A01
201900048955,3,7,,0,0,0,1,A01
201900048956,1,7,,0,1,3,1,A01
201900048957,2,34,,0,2,0,1,B01
201900048957,2,7,,0,2,0,19,A01
201900048958,1,7,,0,2,8,19,A01
201900048958,1,7,,0,2,1,1,B01
201900048959,1,7,,13,0,1,1,A01
201900048960,2,7,,0,2,3,15,B01
201900048960,1,17,,0,2,2,0,A01
201900048961,1,7,,8,0,3,1,A01
201900048962,2,7,,8,0,1,13,A01
201900048963,1,10,,2,0,3,13,A01
201900048964,1,7,,3,2,1,1,A01
201900048964,1,7,,5,0,4,23,B01
201900048965,2,7,,0,2,1,1,B01
201900048965,1,7,,0,2,7,26,A01
201900048966,1,7,,12,9,3,1,B01
201900048966,1,1,,0,2,1,16,A01
201900048967,2,21,,0,0,4,2,B01
201900048967,2,7,,0,2,1,2,A01
201900048968,1,7,,0,1,2,1,A01
201900048969,2,1,,0,2,8,2,B01
201900048969,2,7,,0,2,2,2,A01
201900048970,0,7,,2,0,8,13,A01
201900048971,1,7,,0,2,2,1,B01
201900048971,0,33,,0,2,1,19,A01
201900048972,2,7,,17,0,1,1,A01
201900048973,1,7,,0,1,3,1,A01
201900048974,1,7,,0,2,2,15,A01
201900048974,2,33,,13,2,0,1,B01
201900048974,2,33,,0,2,1,1,C01
201900048975,1,10,,13,0,2,26,A01
201900048976,1,10,,0,2,1,13,B01
201900048976,2,10,,0,2,3,1,A01
201900048977,1,7,,0,0,2,1,A01
201900048978,2,7,,0,2,1,1,B01
201900048978,1,7,,0,2,3,5,A01
201900048979,1,7,,0,2,3,1,B01
201900048979,2,14,,0,2,8,1,A01
201900048980,1,7,,13,0,1,1,A01
201900048981,1,7,,0,9,8,22,A01
201900048981,1,1,,0,2,7,1,B01
201900048982,1,7,,0,2,3,2,A01
201900048982,1,1,,0,2,7,13,B01
201900048983,1,7,,0,2,1,26,A01
201900048983,2,7,,0,2,1,1,B01
201900048984,3,1,,0,1,1,16,A01
201900048985,2,7,,0,2,1,13,A01
201900048985,1,7,,0,2,1,1,B01
201900048986,1,7,,0,2,1,17,A01
201900048986,2,7,,0,2,1,1,B01
201900048987,2,33,,5,0,8,1,A01
201900048988,2,3,,0,2,3,15,A01
201900048988,1,7,,0,2,1,1,B01
201900048989,2,10,,0,2,2,1,B01
201900048989,1,7,,0,2,1,13,A01
201900048990,1,1,,0,0,4,2,B01
201900048990,1,7,,0,9,1,2,A01
201900048991,2,33,,2,0,1,1,A01
201900048992,3,33,,15,0,7,1,A01
201900048993,1,7,,0,9,2,1,A01
201900048993,1,1,,0,2,4,15,B01
201900048994,1,7,,13,0,8,1,A01
201900048995,2,7,,0,2,1,1,B01
201900048995,1,7,,0,2,7,13,A01
201900048996,1,7,,0,2,2,15,A01
201900048996,2,7,,0,2,1,1,B01
201900048997,1,7,,0,0,1,1,A01
201900048998,0,7,,0,2,2,19,B01
201900048998,1,7,,0,2,1,1,A01
201900048999,1,7,,6,9,1,0,A01
201900049000,1,33,,13,0,2,1,A01
201900049001,1,7,,13,0,2,1,A01
201900049002,2,7,,0,2,8,19,A01
201900049002,1,33,,0,2,1,13,B01
201900049003,1,7,,0,0,9,1,A01
201900049004,1,7,,0,2,3,13,A01
201900049004,2,7,,0,2,3,1,B01
201900049005,1,7,,0,1,2,1,A01
201900049006,0,7,,8,0,8,1,A01
201900049007,2,33,,11,0,1,1,A01
201900049008,0,50,,0,0,1,1,A01
201900049009,3,7,,0,2,3,1,A01
201900049009,3,1,,0,2,1,19,B01
201900049010,1,7,,13,0,2,2,A01
201900049011,3,2,,0,0,0,26,A01
201900049012,3,7,,7,0,8,1,B01
201900049012,3,7,,0,2,1,19,A01
201900049013,1,1,,0,9,1,1,B01
201900049013,1,1,,0,0,0,26,A01
201900049014,2,10,,0,2,2,1,A01
201900049014,1,2,,0,2,1,1,B01
201900049015,1,7,,13,0,1,0,A01
201900049016,1,2,,0,2,3,1,B01
201900049016,2,7,,0,2,3,17,A01
201900049017,1,21,,0,2,1,1,B01
201900049017,2,3,,0,2,1,13,A01
201900049018,1,33,,0,2,1,1,B01
201900049018,1,7,,0,2,3,15,A01
201900049019,1,2,,0,2,7,1,B01
201900049019,2,7,,0,2,3,15,A01
201900049020,2,15,,13,2,6,13,A01
201900049020,1,7,,0,2,1,1,B01
201900049021,1,7,,0,1,1,1,A01
201900049022,2,7,,2,0,2,1,A01
201900049023,3,34,,0,2,3,19,A01
201900049023,0,7,,0,2,2,1,B01
201900049024,2,7,,2,0,3,13,A01
201900049025,1,33,,0,2,1,1,A01
201900049025,1,15,,0,0,6,1,B01
201900049026,1,7,,0,2,2,17,A01
201900049026,1,2,,0,0,3,15,B01
201900049027,1,7,,13,0,1,14,A01
201900049028,2,7,,6,0,8,1,A01
201900049029,2,33,,0,0,8,21,C01
201900049029,1,7,,0,2,3,1,B01
201900049029,2,33,,0,2,1,13,A01
201900049030,0,7,,0,2,1,1,B01
201900049030,0,7,,0,2,7,26,A01
201900049031,1,7,,0,2,3,1,A01
201900049031,2,7,,0,2,3,13,B01
201900049032,2,7,,0,2,8,1,B01
201900049032,1,7,,0,2,3,13,A01
201900049033,2,7,,0,2,8,15,A01
201900049033,2,33,,0,2,1,1,B01
201900049034,1,2,,0,0,0,1,A01
201900049035,1,7,,0,1,6,4,A01
201900049036,2,7,,0,2,3,1,B01
201900049036,1,7,,0,2,3,5,A01
201900049037,0,17,,0,2,1,21,C01
201900049037,0,10,,0,2,5,15,B01
201900049037,0,7,,7,2,1,21,A01
201900049038,3,7,,0,2,1,19,A01
201900049038,2,7,,0,2,3,1,B01
201900049039,1,7,,0,0,7,1,A01
201900049040,3,7,,0,2,3,1,B01
201900049040,3,7,,0,2,3,1,A01
201900049041,1,7,,0,2,5,15,B01
201900049041,2,33,,0,2,1,17,A01
201900049042,1,1,,0,2,1,5,A01
201900049042,1,7,,0,9,2,1,A01
201900049043,3,7,,0,2,3,15,A01
201900049043,3,31,,0,2,1,17,B01
201900049044,2,7,,2,0,1,1,A01
201900049045,2,7,,0,2,3,13,A01
201900049045,1,17,,0,2,3,1,B01
201900049046,2,7,,2,0,1,1,A01
201900049047,2,3,,0,0,4,2,B01
201900049047,2,7,,0,2,1,2,A01
201900049048,1,7,,0,2,3,15,B01
201900049048,1,33,,0,2,2,17,A01
201900049049,2,2,,1,2,1,16,C01
201900049049,1,7,,0,2,8,1,A01
201900049050,2,30,,0,2,1,1,B01
201900049050,2,7,,0,2,8,20,A01
201900049051,2,7,,8,0,1,1,A01
201900049052,2,10,,2,0,1,0,A01
201900049053,1,7,,0,2,4,15,A01
201900049053,1,7,,0,2,1,2,B01
201900049054,1,7,,2,0,1,1,A01
201900049055,2,7,,2,0,1,2,B01
201900049055,2,7,,2,0,9,2,A01
201900049056,1,7,,0,0,0,26,A01
201900049057,2,7,,2,0,7,1,A01
201900049058,1,7,,2,2,6,1,B01
201900049058,2,7,,0,2,3,0,A01
201900049059,1,10,,0,2,1,2,A01
201900049059,1,7,,3,2,5,2,C01
201900049059,1,7,,3,0,6,2,D01
201900049059,2,15,,0,2,1,1,E01
201900049060,2,33,,13,0,3,1,A01
201900049061,1,41,,3,0,3,1,A01
201900049062,1,7,,0,1,2,2,A01
201900049063,1,7,,11,0,1,6,A01
201900049064,1,7,,0,2,2,17,B01
201900049064,1,7,,0,2,6,17,A01
201900049065,2,7,,2,0,0,1,A01
201900049066,1,1,,0,0,0,2,B01
201900049066,1,1,,0,2,0,2,A01
201900049067,1,7,,0,2,1,1,C01
201900049067,1,7,,0,2,6,1,B01
201900049067,2,7,,0,2,1,13,A01
201900049068,2,7,,0,2,1,5,A01
201900049068,1,7,,0,2,2,1,B01
201900049069,2,7,,13,0,8,1,A01
201900049070,2,7,,0,2,1,1,A01
201900049070,2,7,,0,2,4,12,B01
201900049071,1,7,,2,0,8,13,A01
201900049072,2,7,,6,2,2,1,A01
201900049072,2,7,,0,2,0,1,B01
201900049072,2,33,,0,2,0,1,C01
201900049073,2,7,,0,2,3,1,B01
201900049073,1,33,,0,2,1,13,A01
201900049074,2,7,,0,2,4,2,A01
201900049074,2,7,,0,2,4,2,B01
201900049074,2,7,,0,2,1,2,C01
201900049075,3,7,,6,0,1,9,A01
201900049076,1,10,,0,2,4,24,A01
201900049076,1,10,,3,2,1,1,B01
201900049076,1,10,,3,2,3,1,C01
201900049077,1,7,,4,2,3,14,A01
201900049077,1,14,,0,2,8,1,B01
201900049078,1,7,,0,2,1,1,A01
201900049078,2,7,,0,2,1,1,B01
201900049079,2,7,,0,2,1,1,A01
201900049079,2,7,,0,2,4,1,B01
201900049080,1,7,,0,2,8,1,B01
201900049080,2,17,,0,2,3,1,A01
201900049081,1,7,,6,0,1,13,A01
201900049082,2,7,,0,2,1,1,A01
201900049082,2,7,,0,2,4,2,B01
201900049083,1,33,,7,0,1,2,A01
201900049084,2,7,,0,2,3,1,C01
201900049084,2,14,,0,2,3,1,B01
201900049084,1,7,,0,2,3,13,A01
201900049085,2,7,,0,2,4,23,C01
201900049085,2,7,,0,2,4,23,B01
201900049085,2,7,,1,0,1,1,A01
201900049086,1,33,,0,0,8,1,A01
201900049087,2,10,,4,0,3,13,A01
201900049088,2,7,,0,2,2,17,C01
201900049088,2,7,,0,2,6,13,B01
201900049088,2,7,,0,0,4,1,A01
201900049089,2,7,,4,2,1,13,A01
201900049089,2,7,,0,2,6,1,B01
201900049090,0,34,,1,0,0,0,A01
201900049091,2,43,,14,0,3,1,A01
201900049092,2,33,,7,0,2,1,A01
201900049093,2,7,,0,2,1,1,A01
201900049093,2,7,,0,2,4,2,B01
201900049093,2,7,,0,2,4,2,C01
201900049094,3,33,,0,2,1,2,A01
201900049094,3,7,,0,2,3,15,B01
201900049095,2,7,,8,0,3,1,A01
201900049096,1,7,,1,0,1,14,A01
201900049096,1,15,,0,0,4,24,B01
201900049097,1,33,,0,2,1,3,A01
201900049097,1,7,,0,2,4,12,B01
201900049098,3,7,,0,2,3,1,A01
201900049098,3,7,,0,2,8,1,B01
201900049099,2,7,,2,0,9,17,A01
201900049100,1,7,,4,2,6,9,A01
201900049100,1,14,,0,2,1,1,B01
201900049100,1,10,,0,2,3,1,C01
201900049100,1,7,,0,2,3,1,D01
201900049101,1,7,,3,0,3,21,A01
201900049102,1,7,,13,0,3,13,A01
201900049103,3,10,,13,0,1,1,A01
201900049104,2,14,,0,2,1,1,B01
201900049104,1,17,,3,2,8,13,A01
201900049105,0,21,,0,0,3,26,B01
201900049105,1,33,,0,2,1,1,A01
201900049106,3,33,,0,0,9,1,A01
201900049107,2,33,,0,2,1,3,B01
201900049107,2,7,,0,2,6,12,A01
201900049108,1,7,,6,0,3,26,A01
201900049109,2,33,,0,2,1,1,B01
201900049109,1,7,,0,2,1,15,A01
201900049110,1,10,,1,0,1,26,A01
201900049110,1,15,,1,0,4,23,B01
201900049111,2,14,,0,2,3,1,B01
201900049111,1,33,,0,2,1,13,A01
201900049112,2,7,,0,2,0,1,C01
201900049112,1,7,,0,2,4,15,B01
201900049112,1,13,,0,2,3,1,A01
201900049113,1,7,,0,1,2,21,A01
201900049114,2,14,,0,2,1,1,B01
201900049114,1,7,,0,2,1,17,A01
201900049115,3,10,,0,2,1,1,B01
201900049115,3,2,,0,2,1,13,A01
201900049116,1,7,,0,2,1,1,A01
201900049116,1,10,,0,2,4,1,B01
201900049116,1,7,,0,2,4,1,C01
201900049117,1,7,,2,0,3,13,A01
201900049118,2,10,,0,2,3,5,A01
201900049118,1,33,,0,2,1,5,B01
201900049119,2,7,,13,0,9,16,A01
201900049120,2,7,,2,0,1,19,A01
201900049121,1,14,,0,1,1,19,A01
201900049122,2,7,,0,2,3,13,A01
201900049122,1,7,,0,2,3,1,B01
201900049123,2,7,,2,0,1,13,A01
201900049124,2,2,,1,0,1,1,A01
201900049125,2,7,,2,0,0,1,A01
201900049126,2,7,,0,1,1,15,A01
201900049127,1,7,,0,0,1,1,B01
201900049127,2,3,,0,2,1,1,A01
201900049128,1,7,,0,2,1,1,A01
201900049128,1,1,,0,2,3,1,B01
201900049129,2,7,,0,2,3,1,B01
201900049129,1,2,,0,2,3,1,A01
201900049130,0,10,,0,2,3,15,A01
201900049130,1,2,,0,2,1,1,B01
201900049131,0,7,,0,2,2,1,B01
201900049131,0,2,,0,2,3,15,A01
201900049132,3,33,,5,0,7,1,A01
201900049133,1,7,,0,2,5,15,A01
201900049133,1,33,,0,2,1,1,B01
201900049134,1,7,,1,0,2,1,A01
201900049135,1,7,,0,2,3,15,B01
201900049135,1,30,,0,2,5,17,A01
201900049136,2,2,,0,2,1,1,B01
201900049136,1,7,,0,2,2,1,A01
201900049137,0,32,,0,0,3,2,A01
201900049138,2,7,,0,0,5,15,A01
201900049138,2,30,,0,2,1,1,B01
201900049138,2,7,,0,2,3,1,C01
201900049139,2,20,,0,2,0,1,A01
201900049139,2,33,,0,0,4,1,B01
201900049140,0,7,,2,0,3,1,A01
201900049141,0,7,,8,0,8,13,A01
201900049142,2,7,,0,2,3,1,B01
201900049142,2,32,,0,2,7,2,A01
201900049143,3,7,,4,0,3,1,A01
201900049144,3,7,,16,0,0,14,A01
201900049145,2,7,,0,2,1,9,A01
201900049145,1,7,,0,2,5,1,B01
201900049146,1,7,,13,0,0,0,A01
201900049147,1,10,,3,0,1,0,A01
201900049148,3,7,,0,1,3,1,A01
201900049149,1,10,,0,2,1,1,B01
201900049149,2,7,,0,0,7,15,A01
201900049150,1,7,,6,2,8,1,A01
201900049150,1,7,,0,2,1,1,B01
201900049151,2,7,,0,2,3,1,B01
201900049151,1,34,,0,2,1,1,A01
201900049152,0,7,,0,2,8,10,A01
201900049152,0,33,,0,2,1,1,B01
201900049153,2,33,,0,0,0,26,A01
201900049154,1,30,,0,0,8,15,A01
201900049155,1,7,,3,2,2,19,A01
201900049155,1,7,,0,2,1,1,B01
201900049156,1,7,,0,1,1,1,A01
201900049157,2,7,,0,2,1,15,A01
201900049157,1,7,,0,2,1,1,B01
201900049158,1,7,,2,0,1,1,A01
201900049159,2,30,,0,2,8,1,A01
201900049159,1,7,,0,2,2,1,B01
201900049160,1,7,,13,0,9,1,A01
201900049161,2,2,,0,2,7,1,B01
201900049161,1,10,,0,2,5,15,A01
201900049162,1,1,,0,0,0,1,B01
201900049162,1,1,,0,9,8,1,A01
201900049163,1,7,,0,2,4,1,B01
201900049163,1,7,,0,2,1,13,A01
201900049164,1,7,,0,2,2,13,A01
201900049164,2,7,,0,2,3,1,B01