Num_Acc,senc,catv,occutc,obs,obsm,choc,manv,num_veh
201900049165,1,10,,0,1,1,19,A01
201900049166,3,33,,0,2,1,1,A01
201900049166,2,7,,0,2,1,15,B01
201900049167,2,7,,0,1,1,1,A01
201900049168,2,7,,0,2,5,26,A01
201900049168,1,33,,0,2,1,1,B01
201900049168,2,7,,0,2,8,1,C01
201900049169,2,1,,0,2,1,5,B01
201900049169,1,7,,0,2,2,1,A01
201900049170,1,7,,0,2,3,26,A01
201900049170,1,32,,0,2,1,1,B01
201900049171,0,7,,0,2,2,1,B01
201900049171,3,7,,0,2,3,15,A01
201900049172,3,7,,0,1,2,14,A01
201900049173,1,7,,0,1,2,1,A01
201900049174,2,7,,0,2,0,0,D01
201900049174,2,7,,0,2,6,2,C01
201900049174,2,7,,0,2,6,26,B01
201900049174,2,7,,0,2,2,2,A01
201900049175,1,7,,0,2,2,11,A01
201900049176,3,7,,0,1,1,1,A01
201900049177,1,7,,0,1,1,1,A01
201900049178,1,7,,1,0,1,1,A01
201900049179,1,7,,0,1,1,9,A01
201900049180,1,33,,0,0,0,1,B01
201900049180,1,7,,0,0,0,9,A01
201900049181,3,10,,0,1,1,1,A01
201900049182,3,3,,0,2,3,15,B01
201900049182,3,7,,0,2,5,17,A01
201900049183,1,7,,0,1,7,21,A01
201900049184,0,30,,0,2,2,1,A01
201900049184,0,7,,0,2,0,5,Z01
201900049185,2,34,,0,2,2,12,A01
201900049185,2,7,,0,2,6,1,B01
201900049186,0,7,,0,1,2,26,A01
201900049187,3,0,,0,2,1,1,A01
201900049187,3,7,,0,2,4,1,B01
201900049187,3,7,,0,2,4,1,C01
201900049188,2,7,,0,1,3,1,A01
201900049189,1,7,,0,1,7,1,A01
201900049190,1,33,,0,2,1,1,A01
201900049190,1,7,,0,2,4,2,B01
201900049190,1,15,,0,2,0,0,C01
201900049190,1,10,,0,2,0,1,D01
201900049191,3,33,,0,5,1,1,A01
201900049192,1,7,,0,1,3,1,A01
201900049193,0,7,,0,2,7,13,A01
201900049193,0,33,,0,2,6,24,B01
201900049194,2,7,,9,2,9,14,A01
201900049194,2,7,,0,2,6,23,B01
201900049195,2,7,,0,2,2,1,B01
201900049195,1,7,,0,2,3,13,A01
201900049196,1,10,,0,2,7,15,A01
201900049196,2,33,,0,2,1,1,B01
201900049197,2,7,,0,1,1,16,A01
201900049198,2,10,,0,2,0,1,B01
201900049198,1,32,,0,2,0,1,A01
201900049199,0,10,,0,1,0,0,B01
201900049199,1,0,,0,1,0,1,A01
201900049200,1,7,,0,1,1,1,A01
201900049201,1,7,,0,1,3,2,A01
201900049202,1,7,,0,2,4,2,B01
201900049202,1,7,,0,2,1,2,A01
201900049203,1,7,,0,0,4,2,B01
201900049203,1,7,,0,2,1,2,A01
201900049204,2,10,,0,2,5,15,A01
201900049204,1,1,,0,2,1,1,B01
201900049205,2,7,,0,2,1,2,A01
201900049205,2,2,,0,2,1,2,B01
201900049205,2,10,,0,2,2,2,C01
201900049206,2,7,,0,2,2,15,A01
201900049206,1,1,,0,2,1,1,B01
201900049207,1,7,,0,1,1,17,A01
201900049208,2,7,,0,2,4,2,B01
201900049208,2,7,,0,2,1,2,A01
201900049209,1,20,,0,2,6,13,A01
201900049209,1,32,,0,2,2,2,B01
201900049210,1,7,,0,2,8,0,B01
201900049210,1,7,,0,2,2,2,A01
201900049211,1,7,,1,9,2,1,A01
201900049212,1,7,,0,2,3,1,B01
201900049212,2,7,,0,2,1,19,A01
201900049213,3,7,,0,1,0,2,A01
201900049214,1,1,,0,2,8,1,B01
201900049214,2,7,,0,2,1,15,Z01
201900049215,1,7,,0,1,1,16,A01
201900049216,1,7,,0,1,1,26,A01
201900049217,1,7,,0,1,1,1,A01
201900049218,1,7,,0,1,4,1,C01
201900049218,1,7,,0,2,4,1,B01
201900049218,1,7,,0,2,2,1,A01
201900049219,1,7,,0,1,2,19,A01
201900049220,1,7,,0,1,1,1,A01
201900049221,1,7,,0,2,1,1,A01
201900049221,1,7,,0,2,1,15,B01
201900049222,1,7,,0,2,0,1,A01
201900049222,1,7,,0,2,4,1,B01
201900049223,3,7,,0,1,1,26,A01
201900049224,2,10,,0,1,2,26,A01
201900049225,1,7,,0,4,0,21,A01
201900049226,1,7,,0,2,0,0,A01
201900049226,1,1,,0,2,0,0,B01
201900049227,3,1,,0,2,2,19,B01
201900049227,1,7,,0,2,3,14,A01
201900049228,2,7,,0,2,3,1,A01
201900049228,1,7,,0,2,3,1,B01
201900049229,1,37,1.0,0,1,2,1,A01
201900049230,3,7,,0,1,1,17,A01
201900049231,1,10,,0,2,1,26,A01
201900049231,1,7,,0,2,4,23,B01
201900049231,1,7,,0,2,4,23,C01
201900049232,1,7,,0,1,1,15,A01
201900049233,3,7,,0,2,1,26,A01
201900049233,0,7,,0,2,8,19,B01
201900049234,3,7,,0,2,1,15,A01
201900049234,3,7,,0,2,1,1,B01
201900049235,3,7,,5,0,1,17,A01
201900049236,3,7,,0,2,1,1,A01
201900049236,3,3,,0,2,7,1,B01
201900049237,2,7,,0,2,7,15,A01
201900049237,1,7,,0,2,1,26,B01
201900049238,0,7,,0,1,0,15,A01
201900049239,1,33,,0,2,1,1,B01
201900049239,1,7,,0,2,1,15,A01
201900049240,1,7,,0,2,0,5,Z01
201900049240,2,7,,0,2,1,1,A01
201900049241,2,1,,0,2,1,19,B01
201900049241,2,10,,0,2,2,15,A01
201900049242,1,7,,0,1,1,1,A01
201900049243,2,7,,0,2,1,2,A01
201900049243,2,17,,0,2,4,26,B01
201900049244,1,7,,0,2,1,2,A01
201900049244,1,7,,0,2,4,2,B01
201900049245,2,7,,0,1,1,1,A01
201900049246,0,7,,0,1,3,1,A01
201900049247,1,7,,0,2,1,13,A01
201900049247,2,17,,0,2,1,1,B01
201900049248,2,31,,0,2,1,17,A01
201900049248,1,7,,0,2,3,1,B01
201900049248,2,7,,0,2,0,0,C01
201900049249,3,7,,0,1,2,26,A01
201900049250,1,32,,0,2,1,1,B01
201900049250,1,7,,0,2,3,20,A01
201900049251,2,60,,0,2,1,19,B01
201900049251,1,7,,0,2,1,15,A01
201900049252,1,33,,0,2,8,1,B01
201900049252,1,7,,0,2,2,9,A01
201900049253,2,7,,6,0,1,1,A01
201900049254,1,7,,8,0,1,14,A01
201900049255,3,7,,0,2,1,9,A01
201900049255,3,2,,0,2,7,1,B01
201900049256,0,7,,14,2,1,9,A01
201900049256,3,7,,0,2,3,9,B01
201900049257,1,7,,1,0,1,1,A01
201900049257,1,7,,0,2,4,24,B01
201900049258,1,7,,0,4,9,1,A01
201900049259,2,7,,0,1,1,16,A01
201900049260,2,7,,0,9,1,15,B01
201900049260,1,1,,0,2,2,1,A01
201900049261,1,7,,0,1,1,15,A01
201900049261,2,1,,0,2,7,1,B01
201900049262,2,33,,0,2,7,1,B01
201900049262,1,7,,0,2,1,9,A01
201900049263,3,37,1.0,0,1,0,0,A01
201900049264,1,7,,0,2,2,15,A01
201900049264,2,7,,0,2,1,1,B01
201900049264,1,7,,0,2,1,1,C01
201900049265,1,7,,0,2,0,14,Z01
201900049265,1,30,,0,2,0,1,B01
201900049265,1,32,,0,2,1,1,A01
201900049266,2,31,,0,0,8,3,A01
201900049267,2,33,,4,0,7,14,A01
201900049268,1,7,,0,1,1,1,Z01
201900049269,2,7,,0,1,1,1,A01
201900049270,2,7,,0,2,3,1,A01
201900049270,2,1,,0,2,1,1,B01
201900049271,2,32,,0,1,1,1,A01
201900049272,2,43,,0,2,8,17,B01
201900049272,2,7,,0,2,3,13,A01
201900049273,1,32,,0,1,1,1,A01
201900049274,1,7,,0,2,0,15,B01
201900049274,1,43,,0,2,1,5,A01
201900049275,3,30,,0,2,7,1,A01
201900049275,3,7,,0,2,3,1,B01
201900049276,2,32,,0,0,0,14,A01
201900049277,2,50,,0,1,1,1,A01
201900049278,1,1,,0,0,0,1,A01
201900049279,1,7,,0,2,4,23,B01
201900049279,1,7,,0,2,1,2,A01
201900049280,1,33,,0,2,2,1,B01
201900049280,1,7,,0,2,0,9,A01
201900049281,2,30,,0,2,7,1,B01
201900049281,2,1,,0,2,8,13,A01
201900049282,1,32,,11,0,2,1,A01
201900049283,2,1,,1,0,3,13,A01
201900049284,2,10,,0,1,2,1,A01
201900049285,2,7,,0,1,1,1,A01
201900049286,1,32,,0,2,1,17,A01
201900049286,1,7,,0,2,3,15,B01
201900049287,1,31,,0,0,0,1,A01
201900049288,1,2,,0,2,1,21,A01
201900049289,1,10,,0,2,2,1,A01
201900049289,1,7,,0,2,3,1,B01
201900049290,1,43,,0,2,1,1,B01
201900049290,2,10,,0,2,5,10,A01
201900049291,1,7,,0,1,1,15,A01
201900049292,2,7,,0,1,4,1,B01
201900049292,2,30,,0,2,1,1,A01
201900049293,2,7,,0,2,3,13,B01
201900049293,2,7,,0,2,2,17,A01
201900049294,1,10,,0,1,2,16,A01
201900049295,1,30,,1,0,7,1,A01
201900049296,1,32,,0,2,8,1,A01
201900049297,2,7,,0,2,1,26,B01
201900049297,2,7,,0,1,4,26,A01
201900049298,1,10,,0,2,1,2,D01
201900049298,1,10,,0,2,1,2,C01
201900049298,1,7,,0,2,1,1,B01
201900049298,1,7,,0,2,4,2,A01
201900049299,2,30,,0,1,1,19,A01
201900049300,3,37,1.0,0,2,8,1,B01
201900049300,3,7,,0,2,3,16,A01
201900049301,1,1,,0,2,7,1,B01
201900049301,2,7,,0,2,2,1,A01
201900049302,2,7,,0,2,2,15,A01
201900049302,1,2,,0,2,5,17,B01
201900049303,3,33,,0,2,1,2,B01
201900049303,3,7,,0,1,6,23,A01
201900049304,1,7,,0,2,3,1,B01
201900049304,1,7,,0,2,2,1,A01
201900049305,1,7,,6,0,1,1,A01
201900049306,1,7,,0,2,4,1,B01
201900049306,1,7,,0,2,1,2,A01
201900049307,1,7,,0,2,5,15,B01
201900049307,1,7,,0,2,2,5,A01
201900049308,2,7,,0,6,8,9,A01
201900049309,2,7,,0,2,1,1,B01
201900049309,2,7,,0,2,7,1,A01
201900049310,2,7,,6,1,7,14,A01
201900049310,3,7,,0,2,3,1,B01
201900049311,2,7,,6,0,7,14,A01
201900049312,1,7,,0,2,2,15,A01
201900049312,2,30,,0,2,1,1,B01
201900049313,2,7,,0,1,1,1,A01
201900049314,1,30,,0,2,3,10,Z01
201900049314,1,1,,0,2,7,1,B01
201900049315,1,7,,13,0,1,14,A01
201900049316,1,31,,12,0,1,14,A01
201900049317,1,2,,12,0,1,14,A01
201900049318,1,7,,0,2,3,1,B01
201900049318,2,7,,0,2,3,13,A01
201900049319,1,7,,0,2,8,1,B01
201900049319,1,7,,0,2,1,1,A01
201900049320,2,7,,0,1,1,1,A01
201900049321,1,7,,0,2,6,17,B01
201900049321,1,33,,7,2,1,17,A01
201900049322,3,7,,0,2,4,2,B01
201900049322,1,7,,0,2,1,26,A01
201900049323,2,10,,0,1,1,26,A01
201900049324,3,7,,0,1,1,15,A01
201900049325,1,7,,0,2,1,1,B01
201900049325,1,7,,0,2,1,1,A01
201900049326,1,7,,0,2,1,1,A01
201900049326,1,7,,0,2,1,1,B01
201900049327,1,7,,0,1,1,1,A01
201900049328,1,7,,0,2,0,0,B01
201900049328,1,1,,0,2,1,1,A01
201900049329,1,7,,0,1,4,4,A01
201900049330,1,7,,0,2,8,1,A01
201900049330,1,7,,0,2,7,1,B01
201900049331,1,7,,0,2,7,1,B01
201900049331,1,7,,0,2,1,1,A01
201900049332,2,7,,0,1,1,26,A01
201900049333,1,7,,0,2,3,15,A01
201900049333,1,1,,0,2,1,1,B01
201900049334,3,7,,0,2,1,0,B01
201900049334,3,7,,0,2,1,26,A01
201900049335,3,7,,0,1,3,15,A01
201900049336,2,2,,0,2,8,23,B01
201900049336,2,7,,0,2,7,17,A01
201900049337,1,10,,0,1,2,16,A01
201900049338,2,7,,0,1,1,1,A01
201900049339,1,10,,0,2,7,1,A01
201900049339,1,1,,0,2,1,1,B01
201900049340,1,3,,0,2,4,2,B01
201900049340,1,7,,0,2,4,2,C01
201900049340,1,7,,0,2,1,2,A01
201900049341,1,33,,0,2,8,21,A01
201900049341,1,7,,0,2,8,9,B01
201900049342,1,50,,0,2,7,19,B01
201900049342,2,7,,0,6,1,16,A01
201900049343,1,7,,0,6,3,9,B01
201900049343,1,60,,0,2,2,1,A01
201900049344,2,7,,0,2,1,2,A01
201900049344,2,7,,0,2,4,2,B01
201900049345,0,30,,0,1,1,1,A01
201900049346,1,36,,12,0,6,26,A01
201900049347,3,7,,0,2,3,1,A01
201900049347,3,7,,0,2,8,15,B01
201900049348,1,7,,0,2,2,9,B01
201900049348,0,7,,0,2,1,9,A01
201900049349,1,7,,0,0,8,19,B01
201900049349,3,7,,0,0,1,19,A01
201900049350,2,31,,0,2,3,18,A01
201900049350,2,7,,0,2,5,20,B01
201900049351,1,99,,0,2,8,19,A01
201900049351,1,7,,0,2,2,1,B01
201900049352,0,7,,0,2,2,1,A01
201900049352,3,2,,0,2,8,19,B01
201900049353,2,7,,0,2,2,16,A01
201900049353,1,7,,12,0,8,1,B01
201900049354,2,2,,0,2,1,1,A01
201900049354,1,7,,0,2,2,15,B01
201900049355,3,33,,4,0,1,13,A01
201900049356,1,14,,0,1,3,1,A01
201900049357,2,10,,0,1,2,1,A01
201900049358,2,10,,14,2,1,2,A01
201900049358,2,10,,14,2,4,2,C01
201900049358,2,10,,14,2,1,2,B01
201900049359,1,7,,0,0,0,0,B01
201900049359,1,2,,0,2,1,1,A01
201900049360,0,7,,0,2,2,9,A01
201900049360,0,7,,0,2,3,9,B01
201900049361,0,7,,0,1,3,15,A01
201900049362,0,7,,0,2,7,0,B01
201900049362,0,2,,0,2,8,11,A01
201900049363,2,10,,15,0,1,1,A01
201900049364,0,7,,0,2,0,15,B01
201900049364,0,2,,0,2,7,17,A01
201900049365,0,7,,0,1,1,15,A01
201900049366,0,7,,0,2,2,1,B01
201900049366,0,1,,0,2,8,19,A01
201900049367,0,10,,9,0,1,13,A01
201900049368,1,1,,0,2,1,1,B01
201900049368,1,7,,0,2,1,1,A01
201900049369,2,1,,0,2,7,25,B01
201900049369,3,7,,0,2,1,26,A01
201900049370,1,2,,0,0,7,1,A01
201900049371,1,7,,0,2,4,20,A01
201900049371,1,1,,0,2,1,1,B01
201900049372,1,1,,0,0,1,1,A01
201900049373,2,37,1.0,0,2,3,1,C01
201900049373,1,33,,0,2,1,1,B01
201900049373,1,7,,0,2,1,16,A01
201900049374,1,7,,0,2,1,1,A01
201900049374,1,37,1.0,0,2,4,1,B01
201900049375,1,7,,0,2,1,13,A01
201900049375,2,7,,0,2,1,1,B01
201900049376,1,7,,1,0,9,1,A01
201900049377,2,7,,0,2,3,9,A01
201900049377,1,2,,0,2,2,1,B01
201900049378,1,7,,0,2,1,17,A01
201900049378,0,7,,0,2,7,0,B01
201900049379,1,7,,0,2,1,1,A01
201900049379,1,7,,0,2,3,1,B01
201900049380,1,7,,14,0,1,26,A01
201900049380,1,7,,0,2,5,23,B01
201900049381,1,2,,0,0,3,1,B01
201900049381,1,7,,0,2,7,12,A01
201900049382,1,7,,0,2,9,0,B01
201900049382,1,7,,0,2,3,0,A01
201900049383,1,7,,0,0,0,0,B01
201900049383,1,7,,0,2,1,0,A01
201900049384,1,7,,0,2,4,1,B01
201900049384,1,7,,0,2,4,0,C01
201900049384,1,7,,0,2,1,1,A01
201900049385,1,7,,0,2,4,1,B01
201900049385,1,7,,0,2,1,1,A01
201900049386,1,7,,0,2,1,19,A01
201900049386,1,7,,0,2,3,1,B01
201900049387,1,1,,0,0,0,0,A01
201900049388,1,1,,14,0,1,0,A01
201900049389,1,7,,8,0,1,0,A01
201900049390,1,7,,0,2,4,0,B01
201900049390,1,7,,0,2,1,0,A01
201900049391,1,30,,0,2,1,0,A01
201900049391,0,7,,0,2,0,0,B01
201900049392,1,1,,0,0,0,0,A01
201900049393,1,1,,0,2,0,0,A01
201900049393,1,0,,0,2,0,0,B01
201900049394,1,7,,0,2,1,0,A01
201900049394,0,7,,0,2,9,0,C01
201900049394,0,7,,0,2,4,0,D01
201900049394,1,7,,0,2,9,0,B01
201900049395,1,32,,0,2,2,0,A01
201900049395,1,7,,0,2,1,0,B01
201900049396,1,1,,0,2,1,19,A01
201900049396,2,7,,0,2,2,15,B01
201900049397,0,7,,0,1,4,4,A01
201900049398,1,7,,0,1,0,0,A01
201900049399,1,30,,0,0,8,0,A01
201900049400,0,7,,6,0,1,1,A01
201900049401,2,2,,0,2,1,13,A01
201900049401,1,7,,0,2,1,1,B01
201900049402,2,2,,0,1,1,1,A01
201900049403,2,7,,0,1,2,1,A01
201900049404,2,10,,0,2,3,1,D01
201900049404,2,7,,0,2,2,1,B01
201900049404,2,7,,0,2,3,1,C01
201900049404,1,7,,0,2,3,5,A01
201900049405,1,17,,0,0,7,14,A01
201900049406,1,7,,0,2,4,2,B01
201900049406,1,7,,0,2,1,2,A01
201900049407,1,7,,0,2,5,1,B01
201900049407,1,7,,0,2,1,15,A01
201900049408,1,7,,4,0,1,13,A01
201900049409,1,7,,0,1,7,1,A01
201900049410,0,1,,0,2,1,0,B01
201900049410,2,7,,0,2,5,16,A01
201900049411,1,7,,0,2,4,1,A01
201900049411,1,7,,0,2,1,1,B01
201900049412,1,33,,0,0,8,13,A01
201900049413,2,7,,0,2,5,23,A01
201900049413,2,7,,0,2,3,2,B01
201900049414,2,7,,0,2,1,2,A01
201900049414,2,7,,0,2,4,2,B01
201900049414,2,7,,0,2,4,2,C01
201900049414,2,0,,0,2,4,2,D01
201900049414,2,7,,0,2,4,2,E01
201900049415,2,7,,0,2,1,1,C01
201900049415,2,7,,0,2,9,1,B01
201900049415,2,7,,0,2,4,23,A01
201900049416,1,7,,0,2,3,16,A01
201900049416,2,21,,0,2,8,1,B01
201900049417,0,7,,0,0,4,1,B01
201900049417,0,7,,0,2,1,11,A01
201900049418,2,7,,0,2,8,1,B01
201900049418,3,7,,0,2,1,19,A01
201900049419,3,13,,0,1,4,4,A01
201900049420,2,10,,0,2,8,15,A01
201900049420,1,10,,0,2,3,1,B01
201900049421,2,7,,0,2,1,15,A01
201900049421,1,7,,0,2,1,1,B01
201900049422,2,30,,1,0,8,17,A01
201900049423,2,40,,0,1,1,1,A01
201900049424,0,7,,0,1,2,15,A01
201900049425,3,10,,8,0,1,16,A01
201900049426,2,7,,0,2,4,2,B01
201900049426,2,7,,0,0,4,2,C01
201900049426,2,7,,0,2,1,2,A01
201900049427,2,7,,0,2,4,2,C01
201900049427,2,7,,0,2,4,2,B01
201900049427,2,7,,0,2,1,2,A01
201900049428,1,10,,0,2,2,15,A01
201900049428,2,33,,0,2,1,0,B01
201900049429,1,7,,0,0,6,1,B01
201900049429,1,17,,0,2,2,13,A01
201900049430,3,7,,0,2,1,1,A01
201900049430,3,7,,0,2,9,1,B01
201900049431,2,7,,0,2,2,1,B01
201900049431,1,7,,0,0,3,1,A01
201900049432,1,7,,13,0,1,13,A01
201900049433,0,1,,0,2,8,13,A01
201900049433,3,7,,0,2,8,1,B01
201900049434,3,7,,0,2,6,1,B01
201900049434,3,7,,0,2,3,1,A01
201900049435,2,14,,1,2,3,13,A01
201900049435,1,7,,0,2,6,1,B01
201900049436,3,2,,0,2,1,1,B01
201900049436,3,7,,0,2,1,15,A01
201900049437,3,7,,0,1,1,1,A01
201900049438,3,7,,0,2,2,20,A01
201900049438,3,1,,0,2,1,1,B01
201900049439,1,33,,0,2,1,1,B01
201900049439,1,7,,0,2,3,16,A01
201900049440,1,1,,0,0,0,0,A01
201900049441,1,7,,0,1,1,16,A01
201900049442,1,7,,0,2,1,1,B01
201900049442,1,20,,0,2,6,1,A01
201900049443,1,1,,0,2,8,1,B01
201900049443,1,7,,0,2,7,16,A01
201900049444,1,1,,0,2,1,1,A01
201900049444,1,10,,0,0,0,23,B01
201900049445,1,1,,0,2,1,1,A01
201900049445,1,7,,0,2,5,26,B01
201900049446,1,7,,6,1,1,26,A01
201900049447,1,1,,0,0,0,1,A01
201900049448,1,7,,0,2,2,1,B01
201900049448,1,32,,0,2,7,8,A01
201900049449,0,7,,0,2,3,1,B01
201900049449,0,7,,0,2,1,1,A01
201900049450,1,2,,0,1,1,26,A01
201900049451,1,7,,0,2,1,19,A01
201900049451,2,2,,0,2,7,21,B01
201900049452,3,7,,0,2,7,13,A01
201900049452,3,7,,0,2,3,26,B01
201900049453,1,7,,0,2,2,15,B01
201900049453,3,1,,0,2,1,26,A01
201900049454,1,2,,0,1,2,1,A01
201900049455,1,7,,0,2,1,21,A01
201900049455,2,7,,0,2,8,15,B01
201900049456,2,7,,0,2,3,10,A01
201900049456,2,33,,0,2,2,17,B01
201900049457,1,30,,0,0,7,26,A01
201900049458,3,7,,0,2,2,15,A01
201900049458,3,33,,0,2,1,1,B01
201900049459,2,33,,0,1,1,21,A01
201900049460,2,7,,0,2,1,9,A01
201900049460,3,7,,0,2,7,1,B01
201900049461,1,7,,0,2,1,13,A01
201900049461,2,33,,0,2,1,1,B01
201900049462,2,1,,0,2,1,1,B01
201900049462,2,7,,0,2,5,1,A01
201900049463,3,7,,0,1,4,20,A01
201900049464,1,10,,0,0,2,1,A01
201900049465,1,10,,0,1,4,20,A01
201900049466,1,7,,0,2,5,15,A01
201900049466,1,7,,0,2,6,13,B01
201900049467,1,10,,0,1,1,26,A01
201900049468,2,7,,14,0,1,1,A01
201900049469,3,7,,16,0,1,26,A01
201900049470,0,7,,0,2,2,9,B01
201900049470,0,7,,0,2,9,1,A01
201900049471,3,1,,0,2,1,13,A01
201900049471,3,7,,0,2,1,15,B01
201900049472,3,7,,0,1,2,1,A01
201900049473,1,33,,0,2,1,3,B01
201900049473,1,15,,0,0,0,0,A01
201900049474,2,7,,0,2,1,6,Z01
201900049474,1,33,,0,2,1,2,B01
201900049475,3,1,,0,0,3,1,B01
201900049475,3,2,,0,0,0,5,A01
201900049476,3,33,,0,0,1,1,B01
201900049476,3,10,,0,0,7,1,A01
201900049477,3,7,,0,2,3,1,A01
201900049477,3,7,,8,2,1,1,B01
201900049478,3,7,,0,2,4,0,C01
201900049478,3,7,,0,2,4,0,B01
201900049478,3,7,,0,2,1,1,A01
201900049479,3,1,,0,2,8,19,B01
201900049479,3,7,,0,2,2,1,A01
201900049480,1,7,,0,2,4,2,C01
201900049480,1,7,,0,2,4,2,B01
201900049480,1,7,,0,2,1,2,A01
201900049481,1,7,,2,0,3,13,A01
201900049482,3,7,,0,2,5,19,A01
201900049482,1,36,,0,2,1,1,A01
201900049483,1,33,,0,2,8,13,A01
201900049483,2,14,,0,2,8,1,B01
201900049484,1,1,,0,2,8,2,B01
201900049484,1,7,,0,2,2,2,A01
201900049485,3,21,,0,0,9,1,A01
201900049486,0,7,,0,2,3,9,B01
201900049486,0,7,,0,2,2,1,A01
201900049487,0,10,,0,1,4,4,A01
201900049488,0,7,,0,1,1,1,A01
201900049489,1,7,,0,2,3,1,A01
201900049489,2,33,,0,2,8,1,B01
201900049490,2,7,,0,0,1,1,A01
201900049491,2,7,,0,4,3,0,A01
201900049491,1,39,,0,2,1,1,B01
201900049492,1,33,,0,2,1,1,B01
201900049492,1,1,,0,2,8,10,A01
201900049493,3,2,,0,2,4,2,B01
201900049493,3,2,,0,2,1,23,A01
201900049494,3,16,,0,2,4,0,B01
201900049494,0,7,,0,2,1,2,A01
201900049495,2,2,,0,2,1,5,A01
201900049495,1,7,,0,2,3,1,B01
201900049496,2,13,,0,2,2,17,B01
201900049496,2,7,,2,2,6,1,A01
201900049497,2,7,,8,0,1,1,A01
201900049498,3,2,,0,0,1,1,A01
201900049499,1,7,,0,2,2,15,A01
201900049499,2,7,,0,2,1,1,B01
201900049499,2,7,,0,2,3,15,C01
201900049500,3,7,,13,0,0,1,A01
201900049501,1,10,,0,1,2,1,A01
201900049502,1,7,,0,0,3,14,A01
201900049503,2,7,,0,1,2,17,A01
201900049504,1,33,,0,2,1,1,A01
201900049504,3,7,,0,2,3,9,B01
201900049505,2,7,,0,2,2,17,A01
201900049505,1,31,,0,2,1,1,B01
201900049506,3,7,,0,2,3,1,B01
201900049506,0,7,,0,2,3,16,A01
201900049507,1,34,,0,5,1,1,A01
201900049508,3,7,,0,1,4,4,A01
201900049509,3,7,,0,1,2,9,A01
201900049510,1,7,,0,2,3,1,B01
201900049510,2,7,,0,2,3,17,A01
201900049511,2,33,,0,2,5,9,A01
201900049511,2,7,,0,2,3,1,B01
201900049512,2,7,,0,2,0,15,A01
201900049512,2,33,,0,2,2,1,B01
201900049513,1,7,,3,0,1,1,A01
201900049514,2,2,,0,0,7,1,A01
201900049515,1,1,,0,2,1,1,B01
201900049515,2,7,,0,2,3,5,A01
201900049516,1,33,,0,0,7,1,A01
201900049516,2,7,,0,2,8,15,B01
201900049517,1,7,,0,1,1,1,A01
201900049518,2,33,,17,0,1,1,A01
201900049519,2,2,,8,0,1,14,A01
201900049520,1,7,,13,0,1,1,A01
201900049521,1,17,,0,2,1,13,A01
201900049521,2,7,,0,2,1,21,B01
201900049522,1,7,,0,2,6,15,B01
201900049522,1,33,,0,2,1,2,A01
201900049523,3,7,,0,2,3,1,A01
201900049523,3,30,,0,2,1,13,B01
201900049524,2,33,,0,0,0,16,A01
201900049525,3,7,,0,2,1,5,B01
201900049525,3,2,,0,2,1,5,A01
201900049526,1,7,,2,0,7,0,A01
201900049527,1,7,,6,0,1,19,A01
201900049528,1,7,,2,0,1,13,A01
201900049529,1,7,,0,2,3,1,B01
201900049529,2,7,,0,2,3,13,A01
201900049530,2,7,,0,2,3,9,A01
201900049530,1,7,,2,2,7,1,B01
201900049531,1,1,,0,2,2,1,B01
201900049531,2,7,,0,9,2,15,A01
201900049532,1,7,,0,2,3,1,B01
201900049532,2,7,,0,2,2,15,A01
201900049533,1,7,,15,0,1,1,A01
201900049534,1,33,,0,2,1,2,B01
201900049534,1,33,,14,0,4,1,A01
201900049535,2,7,,0,2,2,2,A01
201900049535,2,1,,0,0,6,2,B01
201900049536,1,14,,0,2,3,1,B01
201900049536,2,32,,0,2,3,1,A01
201900049537,3,7,,0,2,7,1,B01
201900049537,3,7,,0,2,1,19,A01
201900049538,1,7,,2,0,1,14,A01
201900049539,3,7,,1,1,2,4,A01
201900049540,3,33,,0,1,0,0,A01
201900049541,3,2,,0,1,0,0,A01
201900049542,1,2,,0,2,1,19,A01
201900049542,2,7,,0,2,3,1,B01
201900049543,2,7,,3,0,2,14,A01
201900049544,1,7,,0,2,3,0,B01
201900049544,2,7,,0,2,2,0,A01
201900049545,2,7,,0,2,1,2,A01
201900049545,2,7,,3,0,4,2,B01
201900049546,1,7,,0,2,1,5,A01
201900049546,2,17,,0,2,1,23,B01
201900049547,3,2,,2,0,1,0,A01
201900049548,1,17,,0,0,4,2,B01
201900049548,1,7,,0,2,1,1,A01
201900049549,2,7,,13,0,9,1,A01
201900049550,1,33,,3,0,1,0,A01
201900049551,2,7,,14,9,1,2,B01
201900049551,2,17,,5,0,9,26,A01
201900049552,2,33,,0,2,8,1,A01
201900049552,1,99,,0,2,8,14,B01
201900049553,0,32,,0,2,1,1,B01
201900049553,0,7,,0,2,3,15,A01
201900049554,1,7,,3,0,1,16,A01
201900049555,1,7,,0,2,4,0,A01
201900049555,1,7,,0,2,1,0,B01
201900049555,1,7,,0,0,0,23,C01
201900049556,2,7,,14,6,1,1,A01
201900049557,1,7,,14,0,1,1,A01
201900049558,1,7,,4,0,9,14,A01
201900049559,1,7,,0,2,1,2,A01
201900049559,1,17,,0,0,4,2,B01
201900049560,3,7,,0,1,3,2,A01
201900049561,3,1,,0,2,3,15,A01
201900049561,2,7,,0,9,3,1,B01
201900049562,2,7,,17,0,1,1,A01
201900049563,2,2,,0,2,1,13,A01
201900049563,1,38,1.0,0,2,8,1,B01
201900049564,2,7,,0,2,1,1,B01
201900049564,1,7,,0,2,7,13,A01