Num_Acc,senc,catv,occutc,obs,obsm,choc,manv,num_veh
201900049565,1,1,,0,1,1,1,A01
201900049566,3,32,,0,2,1,17,A01
201900049566,0,7,,0,2,6,15,B01
201900049567,1,7,,15,0,1,15,A01
201900049568,1,7,,0,0,3,1,A01
201900049569,1,7,,0,1,2,1,A01
201900049570,1,33,,0,2,1,13,A01
201900049570,2,7,,0,2,1,1,B01
201900049571,1,7,,0,2,1,1,A01
201900049571,2,7,,0,0,8,15,B01
201900049572,1,7,,0,1,1,15,A01
201900049573,1,7,,0,0,6,15,A01
201900049573,1,33,,0,2,1,17,B01
201900049574,1,33,,0,0,1,1,A01
201900049575,0,2,,0,2,1,1,B01
201900049575,0,7,,0,2,7,15,A01
201900049576,3,31,,15,0,3,13,A01
201900049577,3,7,,0,1,1,15,A01
201900049578,3,14,,0,2,1,1,B01
201900049578,3,7,,0,2,3,15,A01
201900049579,1,7,,0,2,8,15,A01
201900049579,2,7,,0,2,1,1,B01
201900049579,1,7,,0,2,8,1,C01
201900049580,3,7,,0,1,3,1,A01
201900049581,0,7,,0,1,3,2,A01
201900049582,2,31,,3,0,7,14,A01
201900049583,2,2,,11,0,1,5,A01
201900049584,1,7,,0,2,1,1,B01
201900049584,1,7,,8,2,7,15,A01
201900049585,2,33,,0,0,7,17,A01
201900049585,2,7,,0,0,8,17,B01
201900049586,2,7,,0,1,1,1,A01
201900049587,0,33,,0,2,4,15,B01
201900049587,0,7,,0,2,1,17,A01
201900049588,2,7,,0,2,1,1,B01
201900049588,1,2,,0,2,1,5,A01
201900049589,2,7,,13,0,3,16,A01
201900049590,3,7,,6,0,3,1,A01
201900049591,2,7,,0,2,5,15,A01
201900049591,1,7,,0,2,1,1,B01
201900049592,1,7,,7,0,9,0,A01
201900049593,3,7,,0,2,2,1,A01
201900049593,2,33,,0,2,8,1,B01
201900049594,0,32,,0,2,1,1,B01
201900049594,2,7,,0,2,7,1,A01
201900049595,1,30,,9,0,1,1,A01
201900049596,3,2,,0,2,1,1,A01
201900049596,3,7,,0,2,3,1,B01
201900049597,0,1,,0,2,7,1,B01
201900049598,3,7,,0,1,1,15,A01
201900049599,3,7,,0,1,0,4,A01
201900049600,2,7,,13,0,0,1,A01
201900049601,2,7,,0,1,1,1,A01
201900049602,3,7,,0,0,1,2,A01
201900049603,2,33,,0,2,1,1,B01
201900049603,1,7,,0,2,3,17,A01
201900049604,3,33,,0,0,1,1,A01
201900049605,2,33,,0,1,1,1,A01
201900049606,1,7,,0,1,1,1,A01
201900049607,1,7,,6,0,1,11,A01
201900049608,1,15,,0,2,2,12,A01
201900049608,1,7,,0,2,8,1,B01
201900049609,2,7,,0,2,1,2,B01
201900049609,2,7,,0,2,4,1,A01
201900049610,1,7,,0,2,1,2,B01
201900049610,1,7,,0,2,4,2,A01
201900049611,1,7,,0,2,1,1,B01
201900049611,1,7,,0,2,4,23,A01
201900049612,2,7,,0,0,1,26,A01
201900049613,1,31,,0,2,1,11,A01
201900049613,1,7,,0,2,5,2,B01
201900049614,2,7,,0,0,6,2,B01
201900049614,2,7,,0,2,2,2,A01
201900049615,1,17,,0,2,2,12,A01
201900049615,1,7,,0,2,3,1,B01
201900049616,2,7,,0,2,4,2,A01
201900049616,2,7,,0,2,4,2,B01
201900049616,2,0,,0,2,1,0,Z01
201900049617,1,17,,0,2,2,12,A01
201900049617,1,7,,0,2,6,1,B01
201900049618,2,7,,0,2,3,9,Z01
201900049618,2,7,,4,2,2,1,B01
201900049618,2,7,,4,2,2,1,A01
201900049619,2,7,,0,2,5,1,B01
201900049619,2,7,,0,2,3,11,A01
201900049620,2,7,,0,0,0,26,A01
201900049621,1,7,,0,2,4,2,A01
201900049621,1,7,,0,2,1,11,B01
201900049622,2,10,,0,2,1,2,A01
201900049622,2,10,,0,2,5,2,B01
201900049623,2,33,,0,2,1,3,A01
201900049623,2,10,,0,2,5,12,B01
201900049624,2,30,,0,2,3,11,A01
201900049624,2,17,,0,2,2,1,B01
201900049625,1,7,,0,1,2,1,A01
201900049626,2,10,,0,2,1,1,A01
201900049626,2,7,,0,2,4,2,B01
201900049627,2,7,,0,2,4,12,A01
201900049627,2,33,,0,2,1,3,B01
201900049628,2,7,,3,0,1,21,A01
201900049629,1,7,,4,0,3,2,A01
201900049630,2,7,,0,0,5,12,B01
201900049630,2,34,,0,2,5,3,A01
201900049631,2,7,,0,2,4,23,A01
201900049631,2,7,,1,2,1,2,B01
201900049632,1,14,,0,2,2,12,A01
201900049632,1,7,,0,2,3,1,B01
201900049633,1,7,,0,2,2,21,A01
201900049633,1,7,,0,2,6,0,B01
201900049634,1,10,,4,2,1,1,A01
201900049634,1,7,,0,2,5,1,C01
201900049634,1,7,,0,2,4,2,D01
201900049634,1,7,,0,2,4,2,E01
201900049634,1,7,,0,2,7,1,B01
201900049635,2,7,,0,2,2,1,A01
201900049635,2,15,,0,2,0,9,Z01
201900049636,2,7,,0,2,4,2,C01
201900049636,2,7,,0,2,4,2,B01
201900049636,2,10,,0,2,1,2,A01
201900049637,1,33,,0,2,8,3,B01
201900049637,1,7,,0,2,2,12,A01
201900049638,2,7,,0,2,6,1,A01
201900049638,2,10,,0,2,1,1,C01
201900049638,2,17,,0,2,2,12,B01
201900049639,2,7,,3,0,1,21,A01
201900049640,2,32,,0,2,5,12,A01
201900049640,2,7,,0,2,3,1,B01
201900049641,2,14,,0,2,2,12,A01
201900049641,2,7,,4,2,6,1,B01
201900049642,2,7,,4,0,1,1,A01
201900049643,2,7,,0,2,4,2,B01
201900049643,2,10,,0,2,1,2,Z01
201900049643,2,33,,0,2,4,2,A01
201900049644,1,7,,0,2,7,12,A01
201900049644,1,33,,0,2,8,3,B01
201900049645,1,32,,0,2,8,3,A01
201900049646,2,7,,16,0,1,17,A01
201900049647,2,7,,0,2,1,2,B01
201900049647,2,7,,0,2,3,11,C01
201900049647,2,7,,0,2,4,1,A01
201900049648,2,33,,0,2,7,0,A01
201900049648,2,7,,0,2,4,0,B01
201900049649,1,7,,0,2,1,1,B01
201900049649,1,7,,0,2,4,1,A01
201900049650,1,10,,0,2,8,1,B01
201900049650,1,10,,4,2,8,13,A01
201900049651,2,7,,0,2,6,13,B01
201900049651,2,7,,0,2,4,1,C01
201900049651,2,7,,0,2,1,1,A01
201900049652,3,7,,0,1,1,1,A01
201900049653,1,7,,0,2,3,1,B01
201900049653,1,31,,0,2,2,1,A01
201900049654,2,30,,0,2,1,1,A01
201900049654,1,34,,0,2,1,1,B01
201900049655,2,7,,0,2,1,2,A01
201900049655,2,1,,0,2,4,1,B01
201900049656,3,7,,0,1,3,20,A01
201900049657,1,1,,1,0,0,0,B01
201900049657,1,7,,0,0,3,24,A01
201900049658,1,60,,0,2,4,1,Y01
201900049658,1,7,,0,1,1,0,A01
201900049659,2,7,,0,2,3,15,B01
201900049659,2,2,,0,2,1,3,A01
201900049660,1,30,,0,2,1,2,B01
201900049660,1,37,1.0,0,2,4,4,A01
201900049661,2,7,,2,0,1,1,A01
201900049662,2,7,,0,2,1,1,B01
201900049662,1,7,,0,2,1,5,A01
201900049663,2,10,,4,0,1,1,A01
201900049664,1,7,,0,0,6,2,A01
201900049664,1,15,,0,2,1,2,B01
201900049665,1,7,,0,2,2,2,C01
201900049665,1,31,,0,0,4,2,A01
201900049666,2,33,,0,0,1,1,A01
201900049667,3,38,5.0,0,0,0,21,A01
201900049668,1,7,,0,1,2,21,B01
201900049668,1,10,,0,1,2,21,A01
201900049669,2,16,,0,2,2,1,C01
201900049669,2,7,,4,2,1,1,B01
201900049669,2,7,,4,0,6,1,A01
201900049670,1,7,,0,2,3,1,A01
201900049670,3,1,,0,2,8,19,B01
201900049671,3,10,,0,1,1,1,A01
201900049672,1,7,,0,2,4,1,B01
201900049672,1,7,,0,2,1,1,A01
201900049673,2,7,,5,0,1,1,A01
201900049674,2,7,,0,0,1,13,B01
201900049674,2,7,,0,0,3,1,A01
201900049675,1,7,,0,0,8,15,A01
201900049676,1,33,,0,2,1,17,A01
201900049676,1,7,,0,0,8,15,B01
201900049677,2,7,,3,2,2,1,C01
201900049677,2,7,,3,2,0,2,B01
201900049677,2,7,,3,2,9,2,A01
201900049678,1,7,,0,1,6,4,A01
201900049679,3,7,,0,2,8,16,B01
201900049679,1,31,,0,2,0,15,A01
201900049680,2,7,,2,0,1,1,A01
201900049681,2,7,,0,2,1,1,B01
201900049681,1,7,,0,2,1,17,A01
201900049682,0,7,,0,2,0,0,B01
201900049682,3,7,,0,2,7,0,A01
201900049683,1,7,,0,2,3,13,B01
201900049683,2,7,,0,2,1,1,A01
201900049684,0,7,,0,0,4,23,C01
201900049684,3,7,,0,2,4,23,B01
201900049684,3,7,,0,2,1,2,A01
201900049685,1,7,,0,1,2,1,A01
201900049686,2,7,,13,2,1,1,B01
201900049686,1,7,,13,2,1,17,A01
201900049687,1,7,,8,0,8,17,A01
201900049688,1,7,,13,0,2,17,A01
201900049689,1,38,33.0,3,0,3,1,B01
201900049690,2,7,,0,2,1,0,A01
201900049690,1,7,,0,2,1,0,B01
201900049691,3,7,,15,0,2,1,A01
201900049692,1,7,,0,2,4,2,A01
201900049692,1,7,,0,2,1,2,B01
201900049693,1,7,,4,0,2,15,A01
201900049694,1,7,,4,0,3,0,A01
201900049695,1,7,,0,2,4,1,B01
201900049695,1,7,,0,2,1,1,A01
201900049696,2,7,,0,2,1,0,A01
201900049697,2,7,,0,2,6,11,B01
201900049697,2,34,,0,2,1,0,A01
201900049698,2,7,,0,2,4,1,C01
201900049698,2,33,,0,2,4,1,B01
201900049698,2,7,,0,2,1,1,A01
201900049699,3,7,,4,0,1,1,A01
201900049700,2,10,,0,2,1,1,A01
201900049700,2,7,,0,2,9,1,B01
201900049700,2,7,,0,2,9,1,C01
201900049700,2,7,,0,2,4,0,D01
201900049701,1,7,,0,2,4,23,C01
201900049701,1,7,,0,2,4,23,B01
201900049701,1,99,,1,0,1,2,A01
201900049702,2,7,,0,2,5,1,B01
201900049702,2,7,,0,2,3,12,A01
201900049703,1,7,,0,2,6,2,C01
201900049703,1,10,,0,2,2,13,A01
201900049703,1,7,,0,2,3,2,B01
201900049704,2,7,,0,2,4,1,A01
201900049704,2,7,,0,2,1,1,B01
201900049705,0,0,,0,1,1,1,A01
201900049706,1,7,,0,2,1,1,A01
201900049706,1,7,,0,2,4,1,B01
201900049707,2,7,,0,2,2,1,B01
201900049707,2,33,,0,2,1,1,A01
201900049708,1,17,,0,2,2,12,A01
201900049708,1,7,,0,2,6,1,B01
201900049709,1,7,,0,2,6,23,A01
201900049709,1,7,,1,0,2,1,B01
201900049710,2,7,,4,0,2,1,A01
201900049711,1,30,,0,2,1,1,B01
201900049711,1,7,,0,2,8,0,A01
201900049712,1,2,,0,2,1,17,B01
201900049712,1,10,,0,2,6,15,A01
201900049713,1,2,,0,2,3,1,B01
201900049713,1,7,,0,2,6,15,A01
201900049714,1,7,,0,1,1,0,B01
201900049715,2,7,,0,2,2,16,B01
201900049715,1,10,,0,2,3,26,C01
201900049715,1,2,,0,2,1,1,A01
201900049716,1,32,,0,2,7,1,B01
201900049716,1,7,,0,2,8,11,A01
201900049717,2,10,,0,0,5,20,A01
201900049718,2,7,,0,1,4,20,A01
201900049719,1,7,,0,1,8,1,A01
201900049720,3,7,,0,2,3,15,B01
201900049720,2,7,,0,2,1,1,A01
201900049721,3,33,,0,2,0,2,B01
201900049721,3,10,,0,2,4,15,A01
201900049722,0,7,,0,2,1,13,A01
201900049722,0,37,1.0,0,2,0,0,B01
201900049723,0,2,,0,2,3,14,A01
201900049724,1,7,,0,2,3,1,B01
201900049724,2,7,,0,2,1,15,A01
201900049725,1,10,,0,2,1,1,B01
201900049725,2,7,,0,2,8,15,A01
201900049726,3,7,,0,2,1,26,C01
201900049726,1,99,,0,2,4,9,A01
201900049726,1,99,,3,2,1,1,B01
201900049727,1,7,,0,2,1,2,D01
201900049727,1,7,,0,2,1,1,C01
201900049727,2,7,,14,2,6,1,B01
201900049727,2,7,,0,2,2,15,A01
201900049728,2,7,,0,1,3,1,A01
201900049729,1,7,,0,2,6,15,A01
201900049729,1,33,,0,2,1,21,B01
201900049730,1,33,,0,2,1,26,A01
201900049730,1,7,,0,2,7,0,B01
201900049731,0,7,,0,2,3,15,A01
201900049731,0,7,,0,2,3,1,B01
201900049732,3,7,,0,2,5,15,A01
201900049732,3,7,,0,2,1,1,B01
201900049733,0,7,,0,1,2,1,A01
201900049734,2,7,,0,2,1,1,B01
201900049734,1,7,,0,2,0,9,A01
201900049735,1,7,,0,1,0,9,A01
201900049736,2,1,,0,2,1,1,B01
201900049736,1,7,,0,2,2,9,A01
201900049737,2,7,,0,2,3,15,A01
201900049737,2,7,,0,2,1,1,B01
201900049738,2,7,,0,2,2,1,A01
201900049738,1,3,,0,0,3,15,B01
201900049739,3,10,,0,2,6,15,A01
201900049739,3,32,,0,2,1,1,B01
201900049740,2,7,,0,1,3,15,A01
201900049741,1,1,,11,0,1,1,A01
201900049742,1,38,1.0,0,9,1,19,A01
201900049742,1,1,,0,2,4,19,B01
201900049743,3,2,,0,2,1,17,B01
201900049743,3,10,,0,2,3,1,A01
201900049744,1,7,,0,1,7,1,Z01
201900049745,1,7,,0,0,1,0,A01
201900049746,1,7,,0,0,8,0,A01
201900049747,1,7,,0,2,7,0,A01
201900049747,1,7,,0,2,1,0,B01
201900049748,1,1,,0,2,0,0,B01
201900049748,1,7,,0,2,0,0,A01
201900049749,3,7,,13,0,1,13,A01
201900049750,1,1,,0,2,8,19,B01
201900049750,1,7,,0,2,1,1,A01
201900049751,2,7,,0,2,1,0,C01
201900049751,2,2,,0,2,1,26,B01
201900049752,1,32,,0,2,2,2,A01
201900049752,1,7,,0,2,6,2,B01
201900049753,3,33,,1,0,1,1,A01
201900049754,0,30,,0,2,1,18,A01
201900049754,0,7,,0,0,0,0,B01
201900049755,1,7,,0,2,2,15,A01
201900049755,2,33,,0,2,1,1,B01
201900049756,1,7,,0,2,5,1,B01
201900049756,1,30,,0,2,1,1,A01
201900049757,0,1,,0,2,8,19,A01
201900049757,1,7,,0,2,1,1,B01
201900049758,1,7,,0,2,8,1,A01
201900049758,2,7,,0,2,1,1,B01
201900049759,3,2,,0,0,1,1,B01
201900049759,3,7,,0,0,0,15,A01
201900049760,2,7,,6,2,1,1,B01
201900049760,1,7,,0,2,4,26,A01
201900049761,3,7,,0,2,4,2,B01
201900049761,3,30,,12,2,1,26,A01
201900049762,1,7,,6,0,3,13,A01
201900049763,1,1,,0,2,8,1,B01
201900049763,2,7,,0,2,1,15,A01
201900049764,3,7,,0,2,4,0,B01
201900049764,3,30,,0,2,1,0,A01
201900049765,2,10,,0,1,1,1,A01
201900049766,1,33,,0,2,1,2,A01
201900049766,1,7,,0,2,4,2,B01
201900049767,1,10,,0,2,6,1,C01
201900049767,1,43,,0,2,1,3,B01
201900049767,1,33,,0,2,4,11,A01
201900049768,1,7,,7,0,1,1,A01
201900049769,1,7,,0,2,4,20,A01
201900049769,1,7,,0,2,1,2,B01
201900049770,2,30,,0,0,0,1,A01
201900049771,1,7,,0,2,6,23,B01
201900049771,1,30,,0,2,3,2,A01
201900049772,2,1,,0,2,7,1,A01
201900049772,2,7,,0,2,8,15,Z01
201900049773,1,37,1.0,0,2,2,1,A01
201900049773,1,1,,0,2,8,9,B01
201900049774,1,50,,0,2,1,7,A01
201900049774,1,10,,0,2,4,23,B01
201900049775,1,33,,0,0,7,1,A01
201900049776,1,60,,0,2,7,9,B01
201900049776,1,10,,0,2,1,1,A01
201900049777,1,7,,0,2,3,15,A01
201900049777,1,31,,0,2,2,17,B01
201900049778,2,7,,0,2,2,1,A01
201900049778,2,2,,1,2,6,18,B01
201900049779,1,10,,0,1,2,1,A01
201900049780,2,7,,0,2,2,15,A01
201900049780,1,34,,0,2,8,1,B01
201900049781,2,7,,0,2,2,1,B01
201900049781,2,30,,0,2,3,12,A01
201900049782,3,1,,0,2,8,1,A01
201900049782,3,7,,0,2,1,1,B01
201900049783,2,1,,0,1,1,1,A01
201900049784,1,15,,0,2,2,16,B01
201900049784,1,43,,0,2,6,18,A01
201900049785,3,33,,0,2,3,1,A01
201900049785,3,10,,0,2,2,12,B01
201900049786,3,15,,0,2,6,1,B01
201900049786,3,38,4.0,0,2,1,1,A01
201900049787,3,7,,0,2,8,26,A01
201900049787,3,32,,0,2,1,2,B01
201900049788,0,7,,0,1,2,1,A01
201900049789,3,7,,0,6,2,1,A01
201900049789,3,50,,0,2,3,9,B01
201900049790,1,31,,1,1,2,13,A01
201900049791,2,7,,0,2,3,15,B01
201900049791,2,32,,0,2,2,17,A01
201900049792,2,7,,0,2,8,16,A01
201900049792,2,7,,0,2,1,1,B01
201900049793,2,30,,0,0,0,2,A01
201900049794,1,7,,0,2,8,16,B01
201900049794,1,30,,0,2,8,1,A01
201900049795,0,1,,8,0,2,1,A01
201900049796,0,7,,0,2,5,1,B01
201900049796,2,10,,0,2,3,1,A01
201900049797,1,7,,8,0,1,13,A01
201900049798,2,10,,0,2,2,1,A01
201900049798,3,7,,0,2,8,1,B01
201900049799,2,32,,0,2,1,26,B01
201900049799,2,7,,0,2,8,15,A01
201900049800,2,7,,0,2,3,1,B01
201900049800,1,7,,0,2,3,13,A01
201900049801,0,7,,0,1,1,15,A01
201900049802,0,7,,0,2,0,2,A01
201900049802,3,1,,0,2,3,0,B01
201900049803,1,7,,0,2,8,2,B01
201900049803,1,34,,0,2,1,17,A01
201900049804,1,2,,8,0,2,1,A01
201900049805,1,17,,4,0,3,1,A01
201900049806,2,10,,0,2,2,15,B01
201900049806,1,33,,0,2,1,1,A01
201900049807,1,14,,0,0,5,1,B01
201900049807,1,1,,0,2,8,25,A01
201900049808,1,7,,0,1,3,26,A01
201900049809,2,10,,0,2,4,23,B01
201900049809,2,10,,0,2,1,1,A01
201900049810,1,10,,0,2,3,14,A01
201900049810,1,10,,0,2,9,1,B01
201900049811,3,1,,0,0,8,1,B01
201900049811,3,1,,0,9,1,21,A01
201900049812,0,7,,0,2,7,1,B01
201900049812,0,32,,0,2,8,1,A01
201900049813,0,7,,0,1,2,2,A01
201900049814,3,7,,0,2,1,15,A01
201900049814,3,10,,0,0,8,15,B01
201900049815,1,7,,0,2,3,15,B01
201900049815,1,7,,0,2,2,1,A01
201900049816,1,30,,0,2,1,1,A01
201900049816,1,15,,0,2,6,21,B01
201900049817,2,15,,0,2,2,1,B01
201900049817,2,7,,0,2,3,15,A01
201900049818,2,7,,1,0,1,5,A01
201900049819,1,10,,1,0,1,1,A01
201900049820,3,7,,0,1,3,13,A01
201900049821,3,2,,0,2,1,1,B01
201900049821,3,7,,0,0,6,19,A01
201900049822,1,7,,0,2,3,13,A01
201900049822,2,10,,0,2,3,1,B01
201900049823,0,7,,0,2,1,19,A01
201900049823,1,7,,0,2,3,1,B01
201900049823,1,31,,0,2,7,3,C01
201900049824,2,7,,13,0,2,1,A01
201900049825,1,33,,0,2,7,1,B01
201900049825,1,10,,0,2,1,15,A01
201900049826,1,10,,16,0,0,1,A01
201900049827,2,33,,0,2,1,17,A01
201900049827,1,7,,0,2,3,19,B01
201900049828,3,7,,0,9,3,9,A01
201900049828,0,80,,0,2,1,9,B01
201900049829,1,7,,2,0,2,14,A01
201900049830,1,7,,0,1,1,1,A01
201900049831,1,33,,0,0,4,2,B01
201900049831,1,7,,0,2,1,26,A01
201900049832,1,2,,0,0,0,0,A01
201900049833,1,7,,0,1,2,9,A01
201900049834,2,7,,0,1,2,15,A01
201900049835,2,7,,0,1,2,15,A01
201900049836,1,7,,0,2,1,2,A01
201900049836,1,7,,0,2,4,2,B01
201900049837,2,7,,0,0,3,1,D01
201900049837,2,33,,0,0,8,1,C01
201900049837,1,7,,0,0,7,1,B01
201900049837,1,7,,0,2,1,13,A01
201900049838,1,7,,0,2,6,0,A01
201900049838,1,34,,0,2,2,13,B01
201900049839,1,7,,14,0,1,13,A01
201900049840,2,31,,0,0,1,1,B01
201900049840,1,7,,0,0,7,1,A01
201900049841,2,7,,0,2,4,15,B01
201900049841,2,7,,0,2,1,1,A01
201900049842,2,80,,0,0,0,1,A01
201900049843,1,10,,0,2,4,1,A01
201900049843,1,7,,0,2,0,1,B01
201900049844,1,7,,0,2,2,1,A01
201900049844,2,7,,0,2,3,1,B01
201900049845,2,30,,0,2,1,1,B01
201900049845,1,7,,0,2,1,15,A01
201900049846,0,7,,16,0,2,0,A01
201900049847,2,37,1.0,0,2,4,2,B01
201900049847,2,7,,0,2,1,2,A01
201900049848,2,15,,0,0,4,2,B01
201900049848,2,7,,4,2,2,2,A01
201900049849,3,1,,0,2,4,15,A01
201900049849,3,2,,0,2,1,17,B01
201900049850,2,7,,0,2,4,1,B01
201900049850,2,7,,0,2,1,1,C01
201900049850,2,7,,0,2,4,1,A01
201900049851,1,7,,0,2,8,1,B01
201900049851,1,17,,0,2,2,12,A01
201900049852,1,10,,0,2,1,13,A01
201900049852,2,10,,0,2,5,0,B01
201900049853,2,15,,13,2,1,5,A01
201900049853,1,7,,0,2,1,5,B01
201900049854,2,10,,0,2,4,15,B01
201900049854,2,7,,0,2,1,1,A01
201900049855,2,2,,0,0,4,13,B01
201900049855,2,10,,0,2,3,1,A01
201900049856,1,7,,0,0,3,1,A01
201900049856,2,7,,6,0,3,9,B01
201900049857,1,2,,8,0,1,14,A01
201900049858,2,7,,0,0,9,15,A01
201900049859,2,10,,0,2,3,9,A01
201900049859,1,33,,0,2,1,1,B01
201900049860,2,7,,0,2,1,1,B01
201900049860,1,10,,0,2,1,17,A01
201900049861,1,38,23.0,0,2,3,1,B01
201900049861,2,7,,0,2,3,1,A01
201900049862,2,7,,0,2,8,18,A01
201900049862,2,7,,0,2,1,1,B01
201900049863,3,7,,0,1,3,1,A01
201900049864,1,7,,0,1,1,1,A01
201900049865,3,7,,0,2,3,0,B01
201900049865,3,38,1.0,0,2,3,1,A01
201900049866,1,7,,0,0,9,1,A01
201900049867,2,7,,3,2,3,0,A01
201900049867,1,7,,3,2,2,1,B01
201900049868,2,7,,0,2,1,1,A01
201900049868,2,7,,0,2,3,1,B01
201900049869,2,1,,0,0,3,1,A01
201900049870,1,7,,0,2,1,16,A01
201900049870,2,7,,0,0,1,23,B01
201900049871,1,30,,0,2,2,17,B01
201900049871,1,7,,0,2,3,10,A01
201900049872,1,7,,0,1,2,1,A01
201900049873,2,2,,0,0,0,1,A01
201900049874,1,7,,13,0,1,1,A01
201900049875,1,7,,0,2,2,26,A01
201900049875,2,33,,0,2,2,1,B01
201900049876,1,7,,0,2,1,2,B01
201900049876,1,7,,0,2,4,23,A01
201900049877,3,7,,0,2,4,1,A01
201900049877,3,7,,0,2,1,1,B01
201900049878,1,7,,0,2,1,1,C01
201900049878,2,7,,0,2,1,1,B01
201900049878,2,7,,0,2,1,5,A01
201900049879,2,7,,0,2,4,2,C01
201900049879,2,7,,0,2,4,2,B01
201900049879,2,7,,0,2,1,2,A01
201900049880,2,7,,0,2,3,14,A01
201900049880,1,7,,0,2,4,1,B01
201900049881,2,7,,0,2,3,13,A01
201900049881,1,14,,0,2,3,1,B01
201900049882,1,7,,4,0,3,12,A01
201900049883,2,7,,4,2,6,0,B01
201900049883,2,17,,0,2,2,0,A01
201900049884,2,7,,0,2,1,2,A01
201900049884,2,7,,0,2,4,2,B01
201900049885,2,7,,0,2,1,1,B01
201900049885,1,7,,0,2,1,13,A01
201900049886,2,7,,0,2,8,11,A01
201900049886,2,33,,0,2,1,3,B01
201900049887,3,7,,0,2,3,1,B01
201900049887,3,7,,0,2,5,13,A01
201900049888,2,7,,0,2,7,12,A01
201900049888,2,33,,0,2,3,3,B01
201900049889,1,7,,0,0,9,1,A01
201900049890,1,31,,0,2,1,1,A01
201900049890,1,10,,0,2,6,1,B01
201900049891,2,7,,0,2,2,9,A01
201900049891,0,7,,0,2,6,1,B01
201900049891,2,7,,0,2,5,1,C01
201900049892,1,7,,4,0,3,1,A01
201900049892,1,7,,0,2,6,1,B01
201900049892,1,7,,0,2,7,1,C01
201900049892,1,7,,0,2,1,2,D01
201900049892,1,7,,0,2,4,2,E01
201900049892,1,7,,0,2,9,2,F01
201900049892,1,7,,0,2,1,2,G01
201900049893,2,7,,0,2,3,1,B01
201900049893,1,7,,0,2,3,1,A01
201900049894,1,7,,2,0,9,2,A01
201900049895,1,34,,0,2,1,1,B01
201900049895,2,7,,0,2,7,15,A01
201900049896,1,7,,0,0,8,17,B01
201900049896,2,7,,0,0,8,5,A01
201900049897,3,7,,0,1,2,1,A01
201900049898,0,33,,13,0,0,1,A01
201900049899,3,15,,16,0,8,1,A01
201900049900,3,7,,2,0,3,1,A01
201900049901,1,7,,0,1,2,1,A01
201900049902,2,10,,0,2,3,13,A01
201900049902,1,10,,0,2,3,1,B01
201900049903,1,34,,0,2,1,1,A01
201900049903,2,37,1.0,0,2,3,13,B01
201900049904,1,7,,0,2,3,1,B01
201900049904,2,7,,0,2,1,1,A01
201900049905,1,7,,0,2,3,13,A01
201900049905,2,13,,0,2,1,1,B01
201900049906,1,7,,12,0,1,1,A01
201900049907,1,7,,0,0,1,0,A01
201900049907,1,15,,0,2,1,0,B01
201900049908,1,7,,9,0,5,2,B01
201900049908,1,7,,9,2,1,2,A01
201900049909,2,2,,0,0,4,2,B01
201900049909,2,7,,0,2,2,2,A01
201900049910,2,7,,13,0,1,0,A01
201900049911,3,7,,0,2,3,15,A01
201900049911,2,15,,0,2,1,1,B01
201900049912,1,2,,0,0,0,1,A01
201900049913,1,7,,0,1,2,1,A01
201900049914,2,2,,9,0,1,1,A01
201900049915,3,7,,0,2,8,9,A01
201900049915,1,33,,0,2,1,1,A01
201900049916,2,7,,0,1,1,1,A01
201900049917,0,7,,13,0,1,0,A01
201900049918,2,1,,0,2,4,13,B01
201900049918,2,7,,0,2,2,17,A01
201900049919,1,7,,0,2,3,1,B01
201900049919,2,10,,0,2,3,13,A01
201900049920,2,7,,0,2,1,13,A01
201900049920,1,15,,0,2,3,1,B01
201900049921,1,7,,0,2,1,2,A01
201900049921,1,7,,7,0,4,16,B01
201900049922,1,7,,13,0,3,1,A01
201900049923,2,7,,6,0,8,13,A01
201900049924,2,7,,1,0,1,1,A01
201900049925,1,7,,0,1,3,2,A01
201900049926,3,7,,0,1,2,15,A01
201900049927,2,33,,3,0,1,1,A01
201900049928,0,7,,6,0,1,1,A01
201900049929,1,7,,0,1,1,9,A01
201900049930,2,7,,0,2,2,1,B01
201900049930,1,7,,0,2,3,0,A01
201900049931,2,17,,0,1,3,26,A01
201900049932,2,1,,0,0,4,0,B01
201900049932,2,7,,0,2,2,1,A01
201900049933,1,31,,0,2,1,1,B01
201900049933,2,7,,0,2,3,15,A01
201900049934,1,7,,2,0,8,0,A01
201900049935,1,7,,0,2,3,17,A01
201900049935,2,7,,0,2,3,1,B01
201900049935,1,7,,0,2,8,1,C01
201900049936,1,7,,0,2,7,1,B01
201900049936,2,7,,13,2,9,13,A01
201900049937,1,7,,13,0,0,1,A01
201900049938,1,7,,0,2,2,15,A01
201900049938,2,7,,0,2,1,1,B01
201900049939,3,3,,0,2,8,16,A01
201900049939,3,33,,0,2,1,1,B01
201900049940,2,10,,0,2,1,1,A01
201900049940,1,7,,0,2,1,1,B01
201900049941,1,7,,8,0,2,0,A01
201900049942,2,7,,0,2,3,19,A01
201900049942,1,2,,0,2,1,1,B01
201900049943,1,7,,0,2,2,13,A01
201900049943,2,7,,0,2,1,1,B01
201900049944,1,7,,0,2,3,16,A01
201900049944,1,7,,0,2,1,1,B01
201900049945,1,7,,0,1,3,1,A01
201900049946,1,7,,0,2,3,1,B01
201900049946,2,7,,0,2,3,13,A01
201900049947,1,33,,0,5,3,1,A01
201900049948,1,7,,13,0,1,13,A01
201900049949,1,34,,0,2,1,2,A01