Num_Acc,senc,catv,occutc,obs,obsm,choc,manv,num_veh
201900049949,1,7,,0,2,4,23,B01
201900049950,2,7,,0,1,1,1,A01
201900049951,1,7,,0,2,1,15,A01
201900049951,2,7,,0,2,2,1,B01
201900049952,2,10,,0,1,7,1,A01
201900049953,2,7,,0,2,3,1,A01
201900049953,3,7,,0,2,7,19,A01
201900049954,2,7,,0,0,2,0,A01
201900049955,3,7,,2,0,1,1,A01
201900049956,2,7,,0,1,2,2,A01
201900049957,0,34,,0,2,1,19,B01
201900049957,3,10,,0,2,8,1,A01
201900049958,2,7,,0,9,1,1,A01
201900049959,1,7,,0,0,2,21,A01
201900049960,2,7,,13,0,2,15,A01
201900049961,2,7,,1,0,7,1,A01
201900049962,1,7,,0,2,1,1,B01
201900049962,2,7,,0,2,1,13,A01
201900049963,2,7,,0,1,1,1,A01
201900049964,2,7,,0,2,6,15,A01
201900049964,2,7,,0,2,3,1,B01
201900049965,2,7,,0,1,3,1,A01
201900049966,1,7,,0,2,1,1,A01
201900049966,2,7,,0,2,1,1,B01
201900049967,2,31,,5,0,1,5,A01
201900049968,2,33,,0,2,1,1,A01
201900049968,2,7,,0,2,3,10,B01
201900049969,1,32,,0,2,1,1,B01
201900049969,3,7,,0,2,3,9,A01
201900049970,1,7,,1,0,1,1,A01
201900049970,1,10,,0,0,4,23,B01
201900049971,1,7,,8,0,1,13,A01
201900049972,1,7,,0,2,3,13,A01
201900049972,2,7,,0,2,3,1,B01
201900049973,0,2,,0,2,2,1,B01
201900049973,0,7,,0,2,2,9,A01
201900049974,1,7,,0,2,3,1,A01
201900049974,2,7,,0,2,1,26,B01
201900049975,2,7,,0,2,1,13,A01
201900049975,1,7,,0,2,1,1,B01
201900049976,3,32,,0,6,1,1,A01
201900049977,3,7,,0,2,2,17,A01
201900049977,3,7,,0,2,2,1,C01
201900049977,3,7,,0,2,6,1,D01
201900049977,3,7,,0,2,1,1,B01
201900049978,3,2,,0,0,4,26,A01
201900049979,1,7,,2,0,3,13,A01
201900049980,1,33,,16,0,1,1,A01
201900049981,1,7,,0,0,3,15,B01
201900049981,3,1,,0,2,1,9,A01
201900049982,2,7,,0,0,8,26,B01
201900049982,2,7,,0,2,1,16,A01
201900049983,1,33,,0,2,2,1,A01
201900049983,3,7,,0,2,3,19,B01
201900049984,2,15,,0,2,1,2,B01
201900049984,1,7,,0,2,1,13,A01
201900049985,2,7,,0,2,2,0,A01
201900049985,1,7,,0,2,1,1,B01
201900049986,2,7,,0,2,3,15,A01
201900049986,1,7,,0,2,1,2,B01
201900049986,2,7,,0,2,2,2,C01
201900049987,1,7,,2,0,7,13,A01
201900049988,2,7,,6,0,0,1,A01
201900049989,1,7,,0,2,2,1,A01
201900049989,2,7,,0,2,3,1,B01
201900049990,1,7,,2,0,1,0,A01
201900049991,3,7,,1,0,1,1,A01
201900049992,2,7,,3,0,2,14,A01
201900049993,2,7,,13,0,2,1,A01
201900049994,2,7,,0,2,3,5,A01
201900049994,2,17,,0,2,3,1,B01
201900049995,2,7,,0,2,1,1,B01
201900049995,1,7,,0,2,1,1,A01
201900049996,2,7,,1,0,0,0,D01
201900049996,2,7,,0,0,4,0,C01
201900049996,2,15,,0,0,3,0,B01
201900049996,2,7,,0,0,1,0,A01
201900049997,2,7,,13,0,1,1,A01
201900049998,1,7,,13,0,1,13,A01
201900049999,2,7,,0,2,1,1,C01
201900049999,2,7,,0,2,1,0,B01
201900049999,2,17,,0,2,6,9,A01
201900050000,1,33,,0,2,1,1,A01
201900050000,0,7,,0,2,3,15,B01
201900050001,2,7,,6,0,2,1,A01
201900050002,2,7,,3,0,1,2,A01
201900050003,0,7,,0,2,1,1,B01
201900050003,0,7,,0,2,1,13,A01
201900050004,0,7,,0,1,3,1,A01
201900050005,1,7,,0,2,1,1,C01
201900050005,1,15,,0,2,4,1,B01
201900050005,1,7,,0,2,1,1,A01
201900050006,1,7,,0,2,1,13,A01
201900050006,2,7,,0,2,3,1,B01
201900050006,2,15,,0,2,3,1,C01
201900050007,1,31,,0,2,1,1,B01
201900050007,1,7,,0,2,7,12,A01
201900050008,1,3,,0,2,3,5,A01
201900050008,1,7,,0,2,3,17,B01
201900050008,1,17,,0,2,6,1,C01
201900050009,2,7,,0,2,1,5,A01
201900050009,1,17,,0,2,2,1,B01
201900050010,3,7,,2,0,3,1,A01
201900050011,1,15,,0,0,3,1,B01
201900050011,2,7,,0,2,3,13,A01
201900050012,2,7,,0,2,4,1,B01
201900050012,2,7,,0,2,1,2,A01
201900050012,2,7,,0,2,2,21,C01
201900050013,2,7,,3,2,1,17,B01
201900050013,2,7,,3,0,3,15,A01
201900050014,3,7,,15,0,1,13,A01
201900050015,3,7,,2,0,1,0,A01
201900050016,1,7,,0,2,1,13,A01
201900050016,2,7,,0,2,3,1,B01
201900050017,1,7,,0,2,1,15,B01
201900050017,2,2,,0,2,1,1,A01
201900050018,0,7,,6,2,2,1,A01
201900050018,1,7,,6,2,3,2,B01
201900050019,1,7,,0,1,1,1,A01
201900050020,0,7,,0,2,1,15,B01
201900050020,0,2,,0,2,3,1,A01
201900050021,0,7,,0,2,1,15,B01
201900050021,1,7,,0,2,3,1,A01
201900050022,3,7,,0,2,1,1,B01
201900050022,3,7,,0,2,7,19,A01
201900050023,2,33,,0,0,3,9,A01
201900050024,3,2,,0,0,0,1,A01
201900050025,3,7,,0,1,1,1,A01
201900050026,1,7,,0,0,1,1,B01
201900050026,2,7,,0,2,1,13,A01
201900050027,1,14,,0,2,3,13,A01
201900050027,2,7,,0,2,3,1,B01
201900050028,1,7,,0,0,3,1,A01
201900050029,3,7,,0,2,3,1,B01
201900050029,0,7,,6,2,5,14,A01
201900050030,2,7,,0,2,7,15,A01
201900050030,1,7,,0,2,1,1,B01
201900050030,2,10,,0,2,3,1,C01
201900050031,1,7,,0,2,3,15,A01
201900050031,2,7,,6,2,3,1,B01
201900050032,1,7,,0,1,2,1,A01
201900050033,0,33,,0,0,8,15,A01
201900050034,1,3,,0,2,3,1,B01
201900050034,2,2,,0,2,1,5,A01
201900050035,2,7,,0,1,2,15,A01
201900050036,1,7,,16,0,1,1,A01
201900050037,2,33,,7,0,9,1,A01
201900050038,1,1,,0,1,1,1,A01
201900050039,0,7,,0,1,2,1,A01
201900050040,3,7,,0,0,1,1,A01
201900050041,2,7,,0,2,7,15,A01
201900050041,1,33,,0,2,1,1,B01
201900050042,2,31,,0,2,1,13,A01
201900050042,1,7,,0,2,3,1,B01
201900050042,2,33,,0,2,1,2,C01
201900050043,2,10,,3,0,1,1,A01
201900050044,1,7,,0,0,6,1,C01
201900050044,2,7,,0,0,1,1,B01
201900050044,1,33,,0,2,1,13,A01
201900050045,2,7,,8,0,1,13,A01
201900050046,1,33,,0,2,1,1,B01
201900050046,2,7,,0,2,2,15,A01
201900050047,2,7,,0,2,3,1,B01
201900050047,1,7,,0,2,3,13,A01
201900050048,1,7,,0,0,1,1,B01
201900050048,2,7,,0,2,3,13,A01
201900050049,2,7,,0,2,1,2,A01
201900050049,2,7,,0,2,4,2,B01
201900050049,2,7,,0,2,4,2,C01
201900050049,2,7,,0,2,4,2,D01
201900050050,1,7,,3,0,0,0,A01
201900050051,2,17,,0,0,6,1,A01
201900050051,2,10,,3,2,2,2,B01
201900050052,2,14,,0,2,2,16,B01
201900050052,2,7,,0,2,8,2,A01
201900050053,2,7,,0,2,1,1,B01
201900050053,2,7,,0,2,1,5,A01
201900050054,2,7,,0,2,6,17,A01
201900050054,1,7,,0,2,3,1,B01
201900050055,1,7,,0,2,1,1,A01
201900050055,2,7,,0,2,1,1,B01
201900050056,1,7,,0,2,3,1,B01
201900050056,2,7,,0,2,3,1,A01
201900050057,2,7,,4,0,2,0,A01
201900050058,1,30,,0,2,1,2,B01
201900050058,1,7,,0,2,4,23,A01
201900050059,2,33,,2,0,1,0,A01
201900050060,1,10,,0,2,3,15,A01
201900050060,0,33,,0,2,3,1,B01
201900050061,1,2,,0,2,1,17,B01
201900050061,1,7,,0,2,1,15,A01
201900050062,2,2,,14,0,0,6,A01
201900050063,1,7,,0,2,5,15,A01
201900050063,2,33,,0,2,1,1,B01
201900050064,1,7,,0,2,1,1,B01
201900050064,2,16,,0,2,8,2,C01
201900050064,2,7,,0,2,1,17,A01
201900050065,1,7,,13,0,3,1,A01
201900050066,2,33,,0,2,7,14,A01
201900050066,2,7,,0,2,7,14,B01
201900050067,1,30,,0,2,0,3,A01
201900050068,1,10,,0,2,4,1,A01
201900050068,1,7,,0,2,1,14,B01
201900050069,1,10,,0,2,1,2,B01
201900050069,1,10,,0,2,4,2,A01
201900050070,1,7,,0,2,4,2,B01
201900050070,1,7,,0,2,1,1,A01
201900050071,2,34,,0,2,7,1,B01
201900050071,2,13,,0,2,8,1,A01
201900050072,1,7,,0,2,1,2,A01
201900050072,1,7,,0,2,4,2,B01
201900050073,2,7,,0,2,1,1,F01
201900050073,2,7,,0,2,4,1,E01
201900050073,2,7,,0,2,4,2,D01
201900050073,2,7,,0,2,1,1,C01
201900050073,2,7,,0,2,4,1,B01
201900050073,2,7,,0,2,4,1,A01
201900050074,2,10,,0,2,1,2,B01
201900050074,2,15,,0,2,4,1,A01
201900050075,2,7,,3,2,6,0,B01
201900050075,2,17,,0,2,2,0,A01
201900050076,2,7,,3,0,8,1,A01
201900050077,1,7,,3,0,7,1,A01
201900050078,2,33,,0,0,1,3,A01
201900050079,1,33,,0,0,8,15,A01
201900050080,1,7,,0,2,2,16,A01
201900050080,2,33,,0,2,1,1,B01
201900050081,2,7,,0,2,4,2,E01
201900050081,2,7,,0,2,4,2,D01
201900050081,2,7,,0,2,4,2,C01
201900050081,2,7,,0,2,4,2,B01
201900050081,2,13,,0,2,1,2,A01
201900050082,1,7,,4,0,4,9,A01
201900050083,2,10,,0,0,9,1,A01
201900050084,2,7,,0,0,9,1,A01
201900050085,1,7,,0,2,4,2,B01
201900050085,1,33,,0,2,1,2,A01
201900050086,2,33,,0,2,7,1,A01
201900050086,2,7,,0,2,6,11,B01
201900050087,1,15,,0,2,7,1,B01
201900050087,1,10,,0,2,1,19,A01
201900050088,2,7,,0,2,8,11,B01
201900050088,2,33,,0,2,3,3,A01
201900050089,1,33,,0,1,1,1,A01
201900050090,1,7,,8,0,3,1,A01
201900050091,1,7,,0,2,3,1,B01
201900050091,2,7,,0,2,3,13,A01
201900050092,0,7,,0,2,1,1,B01
201900050092,0,7,,0,2,1,5,A01
201900050093,1,10,,0,1,1,16,A01
201900050094,3,7,,0,2,2,0,B01
201900050094,2,30,,0,2,1,1,A01
201900050095,2,7,,0,2,3,16,B01
201900050095,1,7,,0,2,2,1,A01
201900050096,1,7,,0,2,1,1,A01
201900050096,1,1,,0,2,4,9,B01
201900050097,1,7,,0,1,1,1,A01
201900050098,2,7,,0,2,8,11,A01
201900050098,2,32,,0,2,7,1,B01
201900050099,1,30,,0,2,3,26,A01
201900050099,2,7,,0,2,1,26,B01
201900050100,1,7,,0,1,1,1,A01
201900050101,1,1,,0,2,2,9,A01
201900050101,1,7,,0,9,2,9,B01
201900050102,1,30,,0,0,0,15,A01
201900050103,1,31,,0,2,1,17,A01
201900050103,1,7,,0,2,8,15,B01
201900050104,1,1,,7,0,1,25,A01
201900050105,2,17,,0,2,6,1,B01
201900050105,2,3,,4,2,1,26,A01
201900050106,1,7,,15,2,3,1,A01
201900050106,1,37,1.0,0,2,2,15,B01
201900050107,2,50,,0,1,1,1,A01
201900050108,1,10,,0,1,2,14,A01
201900050109,1,32,,0,2,1,1,B01
201900050109,1,7,,0,2,2,15,A01
201900050110,3,1,,0,2,2,19,B01
201900050110,3,7,,0,6,3,14,A01
201900050111,1,10,,0,2,1,2,A01
201900050111,1,7,,0,2,4,2,B01
201900050112,1,7,,4,0,7,1,A01
201900050113,1,7,,0,2,1,2,A01
201900050113,1,7,,0,2,4,23,B01
201900050114,1,7,,4,0,3,1,A01
201900050115,1,30,,0,2,1,1,B01
201900050115,2,7,,0,2,8,15,A01
201900050116,0,7,,0,9,0,13,A01
201900050117,0,7,,0,1,0,15,A01
201900050118,0,7,,0,1,1,1,A01
201900050119,1,7,,0,1,7,26,A01
201900050120,1,7,,0,2,1,2,A01
201900050120,1,10,,0,2,4,1,B01
201900050121,2,7,,0,2,6,16,B01
201900050121,2,7,,9,2,2,13,A01
201900050122,3,7,,0,6,3,1,B01
201900050122,3,1,,0,2,1,19,A01
201900050123,1,7,,0,1,2,1,A01
201900050124,3,7,,0,2,7,1,A01
201900050124,3,7,,0,2,1,1,B01
201900050125,0,10,,0,2,1,1,B01
201900050125,1,7,,0,2,2,15,A01
201900050126,1,1,,0,2,8,1,B01
201900050126,1,7,,0,2,1,1,A01
201900050127,1,7,,0,2,2,9,A01
201900050127,0,30,,0,2,5,15,B01
201900050128,1,43,,0,2,1,1,A01
201900050128,1,7,,0,2,4,15,B01
201900050129,1,7,,1,0,1,1,A01
201900050130,1,7,,0,1,1,1,A01
201900050131,1,7,,0,1,1,16,A01
201900050132,3,7,,0,2,3,14,B01
201900050132,3,7,,0,2,6,23,A01
201900050133,2,7,,0,1,1,1,A01
201900050134,3,7,,0,2,3,1,B01
201900050134,3,31,,0,2,1,1,A01
201900050135,1,7,,0,6,2,9,A01
201900050135,1,50,,0,2,1,25,B01
201900050136,1,7,,0,2,1,2,A01
201900050136,1,7,,0,2,4,1,B01
201900050137,2,7,,4,0,3,13,A01
201900050138,1,10,,0,2,1,2,A01
201900050138,1,7,,0,2,4,1,B01
201900050138,1,7,,0,2,4,1,C01
201900050139,3,10,,6,1,3,13,A01
201900050140,3,7,,0,1,1,1,A01
201900050141,1,7,,0,1,3,15,A01
201900050142,1,7,,4,0,1,1,A01
201900050143,1,7,,0,0,9,26,A01
201900050144,1,7,,10,0,1,1,A01
201900050144,1,7,,0,2,4,1,B01
201900050144,1,7,,0,2,1,1,C01
201900050145,1,7,,14,0,1,1,A01
201900050145,1,7,,14,0,1,1,B01
201900050145,1,7,,14,0,1,1,C01
201900050145,1,7,,14,0,1,1,D01
201900050145,1,7,,14,0,4,1,E01
201900050146,1,7,,0,2,4,1,C01
201900050146,1,7,,0,2,4,1,B01
201900050146,1,14,,0,2,1,1,A01
201900050147,0,7,,0,2,1,1,B01
201900050147,0,7,,14,2,1,6,A01
201900050148,0,7,,0,2,8,1,A01
201900050148,0,33,,0,2,1,1,B01
201900050149,1,10,,0,2,3,9,A01
201900050149,1,2,,0,2,7,17,B01
201900050150,1,7,,0,2,1,15,B01
201900050150,1,33,,0,2,1,1,A01
201900050151,2,2,,0,2,1,1,A01
201900050151,3,7,,0,2,6,15,B01
201900050152,1,41,,0,0,0,1,A01
201900050153,1,7,,0,2,3,1,B01
201900050153,1,7,,0,2,5,12,A01
201900050154,3,1,,0,2,7,1,B01
201900050154,3,10,,0,2,1,1,A01
201900050155,2,33,,0,2,1,21,A01
201900050155,2,7,,0,2,0,0,B01
201900050156,3,7,,0,1,2,1,A01
201900050157,0,7,,8,0,1,1,A01
201900050158,1,7,,0,1,1,1,A01
201900050159,1,7,,0,2,5,1,C01
201900050159,1,7,,0,2,5,2,B01
201900050159,1,7,,0,2,1,17,A01
201900050160,2,7,,13,0,3,1,A01
201900050161,1,10,,0,2,1,11,B01
201900050161,1,7,,0,2,3,9,A01
201900050162,1,7,,0,1,1,1,A01
201900050163,1,7,,2,0,3,26,A01
201900050164,1,7,,0,1,1,1,A01
201900050165,1,7,,3,2,4,9,A01
201900050165,1,7,,3,2,9,2,B01
201900050165,1,7,,3,2,9,1,C01
201900050165,1,7,,3,2,1,2,D01
201900050166,1,32,,0,2,2,1,B01
201900050166,1,7,,0,2,3,10,A01
201900050167,2,7,,0,0,4,1,B01
201900050167,2,7,,0,2,1,1,A01
201900050168,2,7,,0,2,1,9,A01
201900050168,2,34,,0,2,7,1,B01
201900050169,3,7,,0,1,1,0,A01
201900050170,2,37,1.0,0,1,5,26,A01
201900050171,3,7,,0,1,1,1,B01
201900050171,3,7,,0,2,1,1,A01
201900050172,2,7,,0,2,1,2,A01
201900050172,2,7,,0,2,4,23,B01
201900050172,2,7,,0,2,4,23,C01
201900050172,2,10,,0,2,4,23,D01
201900050173,1,7,,0,2,2,12,A01
201900050173,1,33,,0,2,3,3,B01
201900050174,3,17,,0,1,1,1,A01
201900050175,3,7,,0,1,1,1,A01
201900050176,1,7,,0,1,3,1,A01
201900050177,1,1,,0,1,8,1,A01
201900050178,1,7,,0,1,8,1,Z01
201900050179,1,37,1.0,1,2,5,1,C01
201900050179,1,7,,0,2,8,22,B01
201900050179,1,32,,0,2,2,18,A01
201900050180,1,7,,0,2,7,1,B01
201900050180,1,33,,0,2,8,13,A01
201900050181,1,7,,0,2,1,15,A01
201900050181,2,31,,0,2,1,1,B01
201900050182,1,43,,0,2,1,7,A01
201900050182,1,7,,0,2,2,2,B01
201900050183,1,7,,0,2,3,1,C01
201900050183,1,7,,0,2,6,1,B01
201900050183,2,30,,0,2,1,17,A01
201900050184,1,10,,0,2,1,13,Z01
201900050184,1,1,,0,2,0,1,A01
201900050185,2,7,,0,2,6,11,A01
201900050185,2,32,,0,2,1,1,B01
201900050186,1,7,,0,2,1,2,A01
201900050186,1,7,,0,2,9,2,B01
201900050186,1,7,,0,2,4,23,C01
201900050187,1,7,,0,2,7,22,A01
201900050187,1,50,,0,2,8,1,B01
201900050188,1,7,,0,2,7,9,A01
201900050188,1,33,,0,2,8,1,B01
201900050189,2,32,,0,0,0,21,A01
201900050190,1,30,,0,2,4,2,A01
201900050190,1,7,,0,2,1,2,Z01
201900050191,1,1,,0,2,6,1,B01
201900050191,1,30,,0,2,6,17,A01
201900050192,2,2,,0,2,8,1,A01
201900050192,1,2,,0,2,8,15,B01
201900050193,2,10,,0,1,2,16,A01
201900050194,2,7,,0,2,1,1,A01
201900050194,2,7,,0,2,4,1,B01
201900050195,2,34,,0,2,3,23,C01
201900050195,2,7,,0,2,3,23,B01
201900050195,1,7,,0,2,0,0,Z01
201900050196,3,32,,14,2,1,1,A01
201900050196,3,7,,0,2,4,23,B01
201900050197,1,2,,0,2,1,17,B01
201900050197,1,7,,0,2,8,23,A01
201900050198,1,7,,0,2,3,1,B01
201900050198,2,7,,0,2,2,16,A01
201900050199,1,7,,0,1,1,1,A01
201900050200,1,30,,0,2,1,2,A01
201900050200,1,7,,0,2,5,2,B01
201900050201,1,30,,0,2,4,1,A01
201900050201,1,7,,0,2,1,1,Z01
201900050201,1,7,,0,2,8,16,B01
201900050202,2,7,,0,2,2,9,A01
201900050202,2,7,,0,2,1,9,B01
201900050203,1,31,,0,1,1,0,A01
201900050204,2,7,,0,1,1,0,A01
201900050205,2,32,,14,0,0,0,A01
201900050206,2,42,,1,1,1,17,A01
201900050206,2,7,,1,0,6,2,B01
201900050207,1,7,,12,0,1,1,A01
201900050208,2,7,,0,1,1,15,A01
201900050209,2,7,,0,2,2,1,A01
201900050209,1,34,,0,2,1,1,B01
201900050210,0,2,,0,2,8,15,B01
201900050210,0,7,,0,2,1,2,A01
201900050211,2,13,,0,2,1,2,A01
201900050211,2,7,,0,2,4,2,B01
201900050212,2,7,,0,2,2,9,B01
201900050212,3,60,,0,2,8,5,A01
201900050213,2,7,,0,9,2,17,A01
201900050213,2,1,,0,0,8,2,B01
201900050214,1,1,,0,2,8,18,C01
201900050214,1,99,,0,9,0,16,B01
201900050214,1,14,,0,9,7,16,A01
201900050215,1,7,,16,0,1,13,A01
201900050216,0,1,,0,2,8,15,B01
201900050217,1,3,,0,2,1,19,A01
201900050217,2,33,,0,1,1,1,B01
201900050218,3,14,,0,2,1,2,A01
201900050218,3,7,,0,2,4,2,B01
201900050219,3,7,,14,2,1,1,A01
201900050219,3,7,,14,2,4,23,B01
201900050219,3,7,,14,2,4,23,C01
201900050219,3,7,,0,2,4,23,D01
201900050220,1,7,,0,2,1,21,A01
201900050220,1,7,,0,2,4,2,B01
201900050221,1,7,,1,0,1,1,A01
201900050222,1,30,,0,2,2,21,B01
201900050222,2,3,,0,2,2,5,A01
201900050223,1,7,,0,0,2,9,A01
201900050224,1,7,,9,1,3,16,A01
201900050225,1,7,,0,2,4,26,B01
201900050225,1,7,,0,2,1,26,A01
201900050226,0,7,,0,2,4,23,C01
201900050226,0,7,,0,2,4,23,B01
201900050226,0,7,,1,0,1,2,A01
201900050227,1,37,2.0,0,2,3,1,B01
201900050227,1,7,,0,2,7,16,A01
201900050228,3,32,,0,2,1,1,B01
201900050228,3,7,,0,2,6,11,A01
201900050229,1,33,,0,2,4,1,A01
201900050229,1,7,,0,2,4,11,B01
201900050230,0,7,,0,0,1,2,A01
201900050230,3,7,,0,0,4,2,B01
201900050230,3,7,,0,0,0,0,C01
201900050231,2,7,,0,2,1,1,A01
201900050231,2,7,,0,2,4,23,B01
201900050231,2,37,1.0,0,2,4,23,C01
201900050232,1,20,,0,1,9,1,A01
201900050233,3,3,,0,2,2,15,A01
201900050233,3,3,,0,2,3,1,B01
201900050234,1,10,,9,0,3,13,A01
201900050235,1,7,,0,2,1,19,A01
201900050235,1,7,,0,2,8,1,B01
201900050236,3,31,,0,2,7,1,B01
201900050236,3,7,,0,2,3,16,A01
201900050237,3,7,,0,2,1,0,B01
201900050237,3,7,,0,2,3,26,A01
201900050238,2,7,,0,2,1,2,B01
201900050238,2,7,,0,0,4,23,A01
201900050239,1,33,,0,2,3,1,B01
201900050239,2,7,,0,2,1,15,A01
201900050240,3,7,,0,1,7,26,A01
201900050241,1,33,,1,2,8,1,B01
201900050241,1,7,,0,2,2,20,A01
201900050242,3,10,,9,0,2,14,A01
201900050243,3,7,,0,2,4,23,A01
201900050243,3,1,,0,2,1,1,B01
201900050244,3,7,,0,2,1,16,B01
201900050244,3,30,,0,2,4,26,A01
201900050245,0,31,,0,2,1,1,A01
201900050245,0,7,,0,2,1,15,B01
201900050246,1,31,,1,0,9,14,A01
201900050247,1,32,,1,0,2,18,A01
201900050247,1,14,,1,0,3,1,B01
201900050248,2,33,,0,2,7,3,A01
201900050248,2,14,,0,2,8,2,B01
201900050248,2,3,,0,2,7,1,C01
201900050249,3,7,,0,6,2,16,A01
201900050249,3,50,,0,2,1,0,B01
201900050250,1,7,,0,2,8,15,A01
201900050250,1,2,,0,2,1,1,B01
201900050251,1,30,,1,0,1,14,A01
201900050252,1,32,,0,2,1,14,A01
201900050252,1,7,,0,2,0,26,B01
201900050253,1,7,,0,2,6,23,B01
201900050253,1,30,,0,2,2,2,A01
201900050254,2,7,,0,2,1,15,A01
201900050254,1,33,,0,2,1,1,B01
201900050255,1,7,,0,2,1,2,A01
201900050255,1,10,,0,2,4,2,B01
201900050256,1,7,,0,2,3,1,B01
201900050256,2,7,,0,2,2,13,A01
201900050257,2,7,,0,2,2,17,A01
201900050257,2,7,,13,0,6,1,B01
201900050258,2,7,,2,9,1,1,A01
201900050259,1,7,,0,2,1,0,A01
201900050259,2,7,,0,0,1,1,B01
201900050260,1,33,,15,0,1,13,A01
201900050261,2,7,,0,2,6,1,A01
201900050261,2,7,,0,2,3,1,B01
201900050261,2,7,,0,2,1,0,C01
201900050261,2,7,,0,2,9,1,D01
201900050262,2,33,,0,2,8,13,B01
201900050262,1,7,,0,2,8,1,A01
201900050263,2,7,,2,0,8,1,A01
201900050264,0,7,,2,0,2,1,B01
201900050265,2,7,,13,0,1,13,A01
201900050266,1,7,,0,2,3,1,B01
201900050266,2,10,,0,2,3,13,A01
201900050267,1,7,,6,0,3,6,A01
201900050268,1,1,,0,2,8,19,A01
201900050268,1,7,,0,2,2,1,B01
201900050269,1,7,,0,2,2,19,B01
201900050269,2,7,,0,2,3,1,A01
201900050270,0,7,,0,2,3,1,B01
201900050270,0,2,,0,2,1,26,A01
201900050271,1,7,,4,2,3,16,A01
201900050271,1,33,,13,2,2,2,B01
201900050272,1,33,,0,0,4,2,B01
201900050272,1,33,,0,9,1,2,A01
201900050273,3,7,,0,1,1,1,A01
201900050274,2,7,,3,2,8,1,B01
201900050274,2,7,,0,2,7,14,A01
201900050275,1,7,,3,0,4,2,B01
201900050275,1,7,,0,2,2,2,A01
201900050276,2,10,,8,0,4,0,A01
201900050277,1,7,,15,0,6,1,B01
201900050277,1,7,,0,2,2,17,A01
201900050278,2,7,,0,2,3,15,A01
201900050278,1,33,,0,2,1,1,B01
201900050278,2,7,,0,2,3,1,A01
201900050279,2,33,,0,0,3,1,A01
201900050280,2,0,,0,1,7,0,B01
201900050280,2,1,,0,2,8,0,A01
201900050281,1,33,,0,2,1,1,A01
201900050281,1,7,,0,0,4,1,B01
201900050282,0,7,,0,9,7,15,A01
201900050282,0,1,,0,2,1,1,B01
201900050283,2,7,,13,0,9,2,A01
201900050284,2,30,,0,0,4,2,B01
201900050284,2,33,,0,2,1,2,A01
201900050285,2,7,,0,1,2,1,A01
201900050286,1,13,,13,0,8,16,A01
201900050287,1,7,,0,2,4,2,C01
201900050287,2,7,,0,2,8,1,B01
201900050287,1,33,,0,2,8,17,A01
201900050288,0,7,,0,2,1,1,C01
201900050288,0,7,,0,2,1,1,B01
201900050288,0,7,,0,2,5,15,A01
201900050289,0,7,,0,2,3,9,B01
201900050289,0,33,,0,2,2,16,A01
201900050290,2,7,,0,0,9,1,A01
201900050291,2,33,,0,0,0,1,A01
201900050292,1,7,,0,2,3,1,B01
201900050292,2,33,,0,2,0,13,A01
201900050293,1,7,,13,0,2,1,A01
201900050294,0,7,,0,9,1,1,A01
201900050294,1,1,,0,2,8,19,B01
201900050295,1,7,,0,1,2,2,A01
201900050296,2,7,,13,0,1,1,A01
201900050297,2,7,,3,0,8,15,A01
201900050297,2,33,,3,0,2,17,B01
201900050298,2,33,,2,2,2,1,A01
201900050298,1,7,,0,2,2,15,B01
201900050299,1,7,,0,2,1,13,A01
201900050299,2,7,,0,2,1,1,B01
201900050300,1,7,,2,0,1,1,A01
201900050301,0,31,,0,0,0,1,A01
201900050302,2,7,,0,2,2,1,A01
201900050302,1,7,,0,2,3,15,B01
201900050303,1,33,,0,2,1,2,A01
201900050303,2,7,,0,1,1,1,B01
201900050303,1,7,,0,2,6,2,C01
201900050304,1,7,,0,2,1,13,A01
201900050304,2,7,,0,2,1,1,B01
201900050305,2,33,,0,2,1,1,B01
201900050305,2,7,,0,2,8,9,A01
201900050306,2,7,,0,2,2,1,B01
201900050306,1,7,,0,2,2,17,A01
201900050307,1,33,,12,0,7,14,A01
201900050308,2,2,,13,0,9,1,A01
201900050309,1,7,,0,2,2,1,B01
201900050309,1,7,,0,2,3,1,A01
201900050310,1,7,,0,2,3,1,B01
201900050310,2,10,,0,2,3,15,A01
201900050311,3,7,,0,0,8,1,B01
201900050311,3,33,,0,2,3,13,A01
201900050312,2,7,,0,2,3,1,B01
201900050312,1,7,,0,2,1,1,A01
201900050313,2,33,,15,0,2,13,A01
201900050314,1,33,,0,6,1,1,A01
201900050315,3,36,,2,0,2,14,A01
201900050316,1,7,,13,0,1,14,A01
201900050317,3,7,,0,2,3,1,A01
201900050317,3,2,,0,2,1,9,B01
201900050318,1,31,,0,0,6,0,A01
201900050319,2,7,,0,2,8,1,B01
201900050319,1,7,,0,2,3,17,A01
201900050320,0,21,,0,2,1,9,A01
201900050320,0,2,,0,2,7,0,B01
201900050321,2,7,,13,0,1,1,A01
201900050322,2,7,,2,0,3,1,A01
201900050323,2,7,,0,2,2,2,A01
201900050323,2,15,,0,0,6,16,B01
201900050324,3,2,,16,0,7,1,A01
201900050325,2,33,,0,2,0,17,A01
201900050325,1,7,,0,2,3,1,B01
201900050326,1,1,,0,9,7,2,C01
201900050326,1,1,,0,9,7,2,B01
201900050326,1,1,,14,0,1,2,A01
201900050327,2,7,,0,2,1,2,C01
201900050327,2,7,,0,2,3,1,B01
201900050327,1,7,,0,2,3,13,A01