Num_Acc,senc,catv,occutc,obs,obsm,choc,manv,num_veh
201900050328,2,7,,13,0,0,0,A01
201900050329,0,31,,0,2,1,1,B01
201900050329,3,7,,0,2,8,9,A01
201900050330,2,1,,0,2,2,1,B01
201900050330,3,7,,0,2,3,16,A01
201900050331,2,7,,0,2,8,15,A01
201900050331,2,7,,0,2,1,17,B01
201900050332,1,36,,8,0,0,1,A01
201900050333,2,7,,0,2,3,1,B01
201900050333,1,7,,0,2,3,13,A01
201900050334,1,33,,0,2,1,13,A01
201900050334,2,7,,0,2,3,17,B01
201900050335,1,33,,0,6,1,1,A01
201900050336,2,1,,0,0,4,2,B01
201900050336,2,7,,0,9,1,9,A01
201900050337,1,7,,13,0,1,1,A01
201900050338,1,7,,0,2,1,2,B01
201900050338,1,7,,0,0,4,1,A01
201900050339,1,7,,6,0,1,14,A01
201900050340,1,7,,2,0,1,0,A01
201900050341,1,7,,0,2,3,1,B01
201900050341,2,7,,0,2,3,0,A01
201900050342,2,7,,8,0,8,14,A01
201900050343,3,7,,0,0,9,1,A01
201900050344,0,33,,0,2,0,17,B01
201900050344,0,7,,0,2,0,17,A01
201900050345,1,7,,3,0,1,0,A01
201900050346,2,33,,0,0,8,2,A01
201900050347,1,31,,15,0,1,1,A01
201900050348,0,7,,0,2,2,1,A01
201900050348,0,7,,0,2,2,1,B01
201900050349,1,13,,0,2,1,1,B01
201900050349,2,7,,0,2,1,13,A01
201900050350,0,33,,0,0,0,17,A01
201900050351,2,2,,6,0,1,0,A01
201900050352,2,7,,13,0,3,1,A01
201900050353,2,7,,0,2,3,1,A01
201900050353,1,7,,0,2,3,1,B01
201900050354,1,33,,0,0,0,1,A01
201900050355,2,33,,0,0,1,1,A01
201900050356,1,34,,0,2,8,1,B01
201900050356,2,7,,0,9,2,19,A01
201900050357,2,33,,17,0,9,14,A01
201900050358,1,7,,0,9,3,1,B01
201900050358,0,80,,0,2,6,15,A01
201900050359,3,7,,0,2,1,26,A01
201900050359,3,3,,0,2,3,1,B01
201900050360,2,7,,0,2,3,18,A01
201900050360,1,7,,0,2,1,1,B01
201900050360,2,7,,0,2,4,1,C01
201900050361,3,3,,0,1,4,4,A01
201900050362,1,7,,2,0,1,0,A01
201900050363,1,7,,0,0,8,13,A01
201900050364,2,31,,0,2,1,1,B01
201900050364,1,7,,0,2,2,15,A01
201900050365,1,33,,16,0,7,21,A01
201900050366,1,33,,0,0,1,1,A01
201900050367,2,7,,0,2,3,13,A01
201900050367,1,7,,0,2,3,1,B01
201900050368,1,7,,6,0,1,1,A01
201900050369,2,2,,0,2,1,16,A01
201900050369,1,7,,0,0,8,15,B01
201900050370,2,7,,2,0,1,19,A01
201900050371,2,7,,0,2,8,19,A01
201900050371,2,7,,0,2,1,1,B01
201900050372,0,7,,0,0,0,0,A01
201900050373,1,2,,0,2,8,1,B01
201900050373,1,7,,0,2,1,9,A01
201900050374,3,7,,0,2,3,13,B01
201900050374,3,10,,8,2,3,1,A01
201900050375,1,14,,0,2,1,1,A01
201900050375,1,7,,0,2,1,15,B01
201900050376,1,32,,0,0,0,17,A01
201900050377,2,33,,5,0,9,1,A01
201900050378,2,7,,0,2,3,15,B01
201900050378,2,2,,0,2,1,17,A01
201900050379,1,33,,15,0,0,1,A01
201900050380,2,7,,13,0,1,1,A01
201900050381,2,7,,0,2,5,1,B01
201900050381,2,33,,0,2,1,9,A01
201900050382,1,7,,8,0,1,0,A01
201900050383,1,33,,0,0,8,1,A01
201900050384,1,7,,16,0,0,13,A01
201900050385,1,33,,13,0,9,1,A01
201900050386,1,7,,0,2,2,17,B01
201900050386,1,7,,4,2,3,11,A01
201900050387,2,7,,0,0,4,2,B01
201900050387,2,7,,3,2,1,2,A01
201900050388,1,7,,3,0,1,1,A01
201900050389,2,7,,0,2,1,0,A01
201900050389,2,7,,0,2,1,0,B01
201900050389,2,7,,0,0,4,0,C01
201900050390,2,17,,3,0,2,2,A01
201900050391,2,13,,3,0,5,1,A01
201900050392,2,7,,0,1,2,2,B01
201900050392,2,2,,0,0,4,1,A01
201900050393,1,7,,7,0,1,14,A01
201900050394,2,33,,0,2,8,1,A01
201900050394,1,17,,0,2,8,1,B01
201900050395,2,34,,3,0,1,1,A01
201900050396,2,7,,0,2,1,11,A01
201900050396,1,17,,0,2,1,1,B01
201900050397,1,7,,0,2,1,13,A01
201900050397,2,33,,0,2,1,1,B01
201900050398,1,10,,0,2,7,17,A01
201900050398,1,1,,0,0,3,1,B01
201900050399,1,7,,0,2,1,2,D01
201900050399,1,7,,0,0,4,2,C01
201900050399,1,7,,0,2,1,2,B01
201900050399,1,7,,0,2,9,2,A01
201900050400,2,17,,4,0,3,1,A01
201900050401,1,7,,2,0,0,2,A01
201900050402,2,30,,0,1,1,1,A01
201900050402,1,7,,0,2,3,15,B01
201900050403,2,34,,3,0,1,0,A01
201900050404,2,7,,0,0,1,1,A01
201900050405,1,7,,0,2,3,15,A01
201900050405,1,1,,0,2,1,1,B01
201900050406,3,2,,0,9,1,1,A01
201900050407,1,7,,0,2,1,2,A01
201900050407,1,10,,0,2,4,2,B01
201900050408,1,7,,0,2,1,2,A01
201900050408,1,1,,0,2,4,1,C01
201900050409,2,7,,12,2,9,13,A01
201900050409,2,7,,0,2,7,1,B01
201900050410,1,33,,0,2,3,1,B01
201900050410,2,10,,0,2,4,4,A01
201900050411,3,7,,0,2,3,15,A01
201900050411,3,2,,0,2,1,0,B01
201900050412,1,7,,0,2,8,2,A01
201900050412,2,7,,0,2,1,1,B01
201900050413,2,7,,0,2,5,12,A01
201900050413,2,7,,4,2,3,1,B01
201900050414,1,36,,0,2,3,1,B01
201900050414,2,7,,0,6,3,15,A01
201900050414,2,7,,0,2,1,15,C01
201900050415,2,10,,0,1,0,26,A01
201900050416,3,7,,0,2,3,1,B01
201900050416,3,33,,0,2,1,13,A01
201900050417,2,32,,0,1,1,3,A01
201900050418,2,7,,0,1,5,4,A01
201900050419,2,7,,0,1,3,15,A01
201900050420,1,7,,0,2,4,23,A01
201900050420,1,33,,1,0,1,2,B01
201900050421,1,7,,2,0,2,14,A01
201900050422,1,33,,0,2,1,13,A01
201900050422,2,10,,0,2,1,1,B01
201900050423,2,30,,0,2,1,13,A01
201900050423,1,10,,0,2,1,1,B01
201900050424,2,7,,0,2,3,1,B01
201900050424,1,7,,0,2,3,15,A01
201900050425,1,31,,11,0,1,1,A01
201900050426,1,34,,0,2,7,17,B01
201900050426,1,7,,0,2,3,15,A01
201900050427,3,7,,0,2,1,5,A01
201900050427,1,50,,0,2,8,15,B01
201900050428,2,33,,0,2,1,1,A01
201900050428,2,33,,0,2,4,1,B01
201900050429,3,7,,8,0,2,1,A01
201900050430,3,7,,0,2,8,19,A01
201900050430,2,7,,0,2,1,1,B01
201900050431,3,7,,0,2,2,16,A01
201900050431,3,2,,0,2,0,18,B01
201900050432,1,7,,0,2,1,1,B01
201900050432,2,7,,0,2,7,1,A01
201900050433,1,7,,0,2,3,5,A01
201900050433,2,7,,1,2,3,1,B01
201900050433,2,15,,0,0,8,24,C01
201900050434,3,1,,0,0,0,1,A01
201900050435,0,7,,0,1,1,1,A01
201900050436,1,7,,0,2,3,1,A01
201900050436,2,1,,0,2,8,1,B01
201900050437,2,33,,0,2,9,18,A01
201900050437,2,7,,0,2,2,1,B01
201900050437,2,7,,0,2,5,1,C01
201900050438,2,32,,0,2,3,1,A01
201900050438,2,30,,0,2,6,15,B01
201900050439,1,7,,0,2,1,1,D01
201900050439,2,7,,0,2,1,2,C01
201900050439,2,7,,0,2,3,18,B01
201900050439,2,7,,0,2,5,23,A01
201900050440,1,7,,0,1,1,15,A01
201900050441,1,7,,0,1,7,1,A01
201900050442,1,1,,0,1,1,1,Z01
201900050443,2,7,,16,0,3,0,A01
201900050444,1,7,,8,1,3,15,A01
201900050445,1,33,,0,2,8,1,B01
201900050445,1,7,,0,2,3,13,A01
201900050446,2,7,,2,0,2,14,A01
201900050447,0,1,,0,2,7,1,A01
201900050447,0,1,,0,2,0,1,B01
201900050448,3,7,,0,2,1,13,A01
201900050448,3,7,,0,2,1,1,B01
201900050448,3,7,,0,2,1,1,C01
201900050449,2,43,,0,2,3,1,B01
201900050449,2,7,,0,2,2,12,A01
201900050450,1,7,,0,2,1,1,A01
201900050450,1,32,,0,2,4,23,B01
201900050451,1,30,,0,2,0,18,B01
201900050451,1,7,,0,2,0,22,A01
201900050452,0,7,,0,2,7,22,A01
201900050452,0,1,,1,2,8,1,B01
201900050453,1,7,,0,2,2,9,A01
201900050453,1,1,,0,2,8,1,B01
201900050454,1,7,,0,2,1,1,A01
201900050454,1,32,,0,2,4,23,B01
201900050455,2,1,,0,2,0,1,B01
201900050455,2,30,,0,2,0,9,A01
201900050456,3,1,,0,2,1,18,B01
201900050456,3,7,,0,2,3,15,A01
201900050457,1,7,,0,2,1,0,Z01
201900050457,1,7,,0,2,4,1,C01
201900050457,1,7,,0,2,4,1,B01
201900050458,2,7,,0,2,2,1,B01
201900050458,1,7,,0,2,1,13,A01
201900050459,1,7,,0,2,1,2,A01
201900050459,1,7,,0,2,5,1,B01
201900050460,1,7,,0,2,1,2,A01
201900050460,1,31,,0,2,4,2,B01
201900050461,2,7,,0,9,7,17,C01
201900050461,2,17,,0,0,4,1,B01
201900050461,2,15,,0,2,1,1,A01
201900050462,3,7,,0,1,7,1,A01
201900050463,1,7,,0,2,1,1,A01
201900050463,2,2,,0,2,1,13,B01
201900050464,1,10,,0,2,0,0,B01
201900050464,1,31,,15,2,1,18,A01
201900050465,1,7,,0,2,2,1,D01
201900050465,1,7,,13,2,3,1,C01
201900050465,1,7,,0,2,8,1,B01
201900050465,2,10,,13,2,3,13,A01
201900050466,3,7,,0,0,2,21,A01
201900050467,3,1,,0,2,1,16,A01
201900050467,3,7,,0,2,1,1,B01
201900050468,2,10,,0,2,3,15,A01
201900050468,1,2,,0,2,1,1,B01
201900050469,2,7,,0,2,3,1,B01
201900050469,1,10,,0,2,3,15,A01
201900050470,3,7,,0,2,3,15,B01
201900050470,3,34,,0,2,2,17,A01
201900050471,1,7,,0,2,2,1,A01
201900050471,1,7,,0,2,6,9,B01
201900050472,3,7,,8,0,1,1,A01
201900050473,1,7,,0,0,0,1,A01
201900050474,3,7,,0,1,0,0,Z01
201900050475,3,7,,0,1,2,1,A01
201900050476,2,7,,13,0,2,1,A01
201900050477,3,7,,0,2,4,1,A01
201900050477,3,7,,0,2,1,1,C01
201900050477,3,7,,0,2,1,1,B01
201900050478,2,7,,0,0,1,2,A01
201900050478,2,7,,0,2,4,2,B01
201900050478,2,7,,0,2,4,2,C01
201900050479,2,7,,0,2,4,2,A01
201900050479,2,7,,0,2,1,2,B01
201900050480,3,7,,0,2,1,2,B01
201900050480,3,7,,0,2,3,10,A01
201900050481,1,7,,0,2,5,2,A01
201900050481,1,7,,0,2,1,2,B01
201900050482,0,7,,0,9,7,1,C01
201900050482,0,7,,0,2,8,1,B01
201900050482,3,13,,8,2,3,13,A01
201900050483,1,7,,0,2,6,11,A01
201900050483,1,33,,3,2,7,1,B01
201900050484,3,7,,0,1,3,1,A01
201900050485,2,7,,0,2,4,9,A01
201900050485,2,33,,0,2,9,9,B01
201900050486,2,33,,3,0,7,14,A01
201900050487,0,7,,0,0,0,1,A01
201900050488,1,7,,0,0,4,1,A01
201900050488,1,34,,0,2,1,1,B01
201900050489,1,7,,0,2,3,1,A01
201900050489,1,7,,3,2,5,1,B01
201900050490,2,17,,4,2,0,6,A01
201900050490,1,7,,0,0,6,0,B01
201900050491,1,7,,0,2,1,13,A01
201900050491,1,7,,0,2,5,1,B01
201900050492,2,1,,0,0,0,1,A01
201900050492,2,1,,0,2,1,1,B01
201900050493,2,34,,0,0,0,13,A01
201900050494,1,7,,0,2,6,1,B01
201900050494,1,7,,0,2,6,13,A01
201900050495,2,33,,13,0,1,14,A01
201900050496,2,2,,0,2,3,9,A01
201900050496,2,13,,0,2,2,1,B01
201900050497,2,7,,3,2,4,1,B01
201900050497,2,7,,0,2,1,2,A01
201900050498,2,10,,3,0,2,21,A01
201900050499,2,34,,0,2,1,3,A01
201900050499,2,7,,0,2,4,12,B01
201900050500,3,7,,0,2,4,2,A01
201900050500,3,7,,0,2,1,2,B01
201900050501,2,7,,0,2,8,1,A01
201900050501,2,33,,0,2,1,1,B01
201900050502,3,7,,0,1,3,1,A01
201900050503,0,7,,0,9,1,1,C01
201900050503,0,32,,0,2,4,1,B01
201900050503,0,7,,0,2,3,1,A01
201900050504,0,2,,0,2,1,1,B01
201900050504,0,7,,0,2,8,10,A01
201900050505,2,7,,8,0,1,1,A01
201900050506,2,7,,0,1,1,2,A01
201900050507,2,7,,0,2,1,15,A01
201900050507,2,43,,0,2,8,2,B01
201900050508,1,7,,0,2,2,1,B01
201900050508,2,2,,0,2,8,15,A01
201900050509,2,32,,0,0,0,1,A01
201900050510,0,7,,0,1,1,0,A01
201900050511,2,15,,0,0,8,1,B01
201900050511,2,7,,0,2,2,1,A01
201900050512,1,17,,0,2,7,1,B01
201900050512,1,10,,0,2,3,9,A01
201900050513,1,7,,0,2,1,2,A01
201900050513,1,7,,0,2,4,23,B01
201900050514,3,7,,0,2,1,15,A01
201900050514,3,7,,0,2,9,1,B01
201900050515,2,14,,4,0,1,2,A01
201900050516,3,7,,0,2,2,0,B01
201900050516,3,30,,0,2,0,26,A01
201900050517,3,7,,0,2,1,1,B01
201900050517,2,7,,0,2,6,1,A01
201900050518,2,33,,16,0,1,1,A01
201900050519,2,7,,0,2,1,1,B01
201900050519,2,7,,0,2,2,12,A01
201900050520,2,10,,0,2,7,12,A01
201900050520,2,32,,0,2,3,1,B01
201900050521,2,17,,4,0,8,13,A01
201900050522,2,7,,0,2,6,11,B01
201900050522,2,33,,0,2,1,1,A01
201900050523,3,31,,0,2,4,1,B01
201900050523,3,7,,0,2,2,17,A01
201900050524,2,7,,0,2,1,2,A01
201900050524,2,7,,0,2,4,23,B01
201900050524,2,7,,0,2,4,23,C01
201900050524,2,10,,0,2,6,23,D01
201900050525,3,7,,0,2,8,13,B01
201900050525,3,10,,0,2,8,13,A01
201900050526,2,10,,0,2,4,2,C01
201900050526,2,7,,0,2,4,2,B01
201900050526,2,10,,0,2,1,1,A01
201900050527,3,7,,0,2,4,23,B01
201900050527,3,31,,0,2,1,1,A01
201900050528,2,7,,13,6,1,1,A01
201900050529,3,1,,0,1,8,5,A01
201900050530,2,10,,0,2,3,13,A01
201900050530,1,7,,0,2,3,1,B01
201900050531,2,33,,0,2,1,1,B01
201900050531,2,10,,0,2,2,15,A01
201900050532,2,33,,0,2,1,3,A01
201900050532,2,7,,0,2,5,14,B01
201900050533,2,7,,15,0,7,1,A01
201900050534,2,7,,0,2,2,14,A01
201900050534,2,7,,0,2,6,1,B01
201900050535,1,32,,0,2,1,15,B01
201900050535,1,33,,0,2,2,17,A01
201900050536,2,32,,0,0,9,1,A01
201900050537,2,50,,0,0,0,15,A01
201900050538,2,7,,4,0,3,13,A01
201900050539,3,7,,0,2,2,0,B01
201900050539,3,34,,0,2,2,17,A01
201900050540,1,7,,0,2,6,11,A01
201900050540,1,10,,0,2,2,1,B01
201900050541,1,33,,14,0,1,1,A01
201900050542,1,33,,0,6,1,26,A01
201900050543,1,31,,0,2,2,1,B01
201900050543,1,7,,0,2,3,9,A01
201900050544,3,7,,0,2,4,11,B01
201900050544,3,33,,0,2,1,0,A01
201900050545,1,10,,0,2,6,0,B01
201900050545,1,7,,1,0,2,2,A01
201900050546,1,7,,1,0,5,13,A01
201900050546,2,7,,0,2,1,24,B01
201900050547,3,30,,0,1,0,13,B01
201900050548,1,7,,0,2,2,19,A01
201900050548,1,7,,0,2,1,1,B01
201900050549,2,33,,0,2,1,1,B01
201900050549,1,7,,0,2,3,15,A01
201900050550,1,7,,0,1,1,1,A01
201900050550,2,50,,0,2,8,5,B01
201900050551,3,32,,0,2,1,13,A01
201900050551,3,7,,0,2,1,1,B01
201900050552,0,7,,0,0,0,0,B01
201900050552,3,7,,0,0,0,0,A01
201900050553,1,30,,0,0,0,1,A01
201900050554,1,7,,0,2,1,2,B01
201900050554,2,7,,0,2,1,2,A01
201900050555,2,33,,0,2,1,17,A01
201900050555,2,7,,0,2,3,15,B01
201900050556,2,30,,0,2,1,0,B01
201900050556,2,7,,0,2,1,26,A01
201900050557,1,7,,3,2,2,11,A01
201900050557,1,7,,0,2,6,1,B01
201900050558,1,7,,1,1,8,1,A01
201900050559,1,7,,0,1,2,2,A01
201900050560,1,36,,12,0,1,0,A01
201900050561,1,7,,0,2,2,26,B01
201900050561,3,37,4.0,0,2,3,19,A01
201900050562,2,1,,0,2,1,2,A01
201900050562,2,1,,0,2,4,2,B01
201900050563,1,7,,0,1,6,1,A01
201900050564,1,7,,0,1,3,2,A01
201900050565,3,37,1.0,0,2,3,1,B01
201900050565,3,30,,0,2,3,1,A01
201900050566,2,30,,0,2,1,17,A01
201900050566,2,7,,0,2,3,15,B01
201900050567,1,7,,1,2,3,15,B01
201900050567,1,32,,0,2,2,17,A01
201900050568,1,7,,0,1,7,1,A01
201900050569,3,7,,0,2,6,10,A01
201900050569,3,31,,0,2,1,1,B01
201900050570,3,31,,0,2,1,1,A01
201900050570,2,33,,0,2,4,2,B01
201900050571,1,10,,0,1,4,1,B01
201900050571,1,10,,0,2,4,26,A01
201900050572,2,33,,0,2,4,23,B01
201900050572,2,33,,0,2,1,1,A01
201900050573,1,7,,0,2,1,15,A01
201900050573,2,2,,0,2,1,1,B01
201900050574,3,7,,13,0,3,26,A01
201900050575,3,30,,0,2,1,1,A01
201900050575,3,7,,0,2,3,15,B01
201900050576,2,30,,0,2,4,2,B01
201900050576,2,10,,0,2,1,2,A01
201900050577,3,7,,0,1,1,0,A01
201900050578,0,7,,0,0,4,15,B01
201900050578,0,7,,0,2,4,1,A01
201900050579,3,30,,0,2,4,16,A01
201900050579,3,7,,0,2,0,5,Z01
201900050580,2,7,,0,2,9,9,B01
201900050580,3,7,,0,2,1,9,A01
201900050581,0,7,,0,2,4,26,A01
201900050582,2,30,,1,2,0,13,A01
201900050583,2,7,,0,2,4,23,B01
201900050583,2,2,,0,2,1,2,A01
201900050584,2,2,,0,2,4,15,B01
201900050584,2,7,,0,2,3,15,A01
201900050585,2,7,,0,2,3,1,A01
201900050585,1,7,,0,2,3,15,B01
201900050586,2,7,,8,0,3,23,C01
201900050586,2,7,,0,2,9,15,B01
201900050586,2,10,,0,2,1,1,A01
201900050587,1,2,,0,2,7,1,B01
201900050587,1,7,,0,2,1,19,A01
201900050588,3,7,,0,1,1,1,A01
201900050588,3,7,,0,0,0,1,B01
201900050589,1,7,,0,2,1,1,B01
201900050589,3,30,,0,2,7,1,A01
201900050590,3,7,,0,2,3,1,A01
201900050590,3,2,,0,2,7,15,B01
201900050591,1,7,,0,2,1,0,A01
201900050591,0,7,,0,2,4,0,B01
201900050592,1,7,,0,1,4,4,A01
201900050593,1,7,,0,1,3,9,A01
201900050594,1,7,,0,2,6,0,B01
201900050594,3,33,,0,2,1,13,A01
201900050595,3,33,,16,0,7,16,A01
201900050596,2,7,,0,1,3,15,A01
201900050596,-1,0,,-1,-1,-1,-1,A01
201900050597,1,37,1.0,0,1,2,1,A01
201900050598,1,10,,0,2,1,1,B01
201900050598,1,7,,0,2,8,19,A01
201900050599,1,33,,6,0,0,14,A01
201900050600,3,32,,0,2,0,13,A01
201900050601,1,7,,0,2,2,12,A01
201900050601,1,33,,0,2,8,3,B01
201900050602,0,33,,0,2,1,1,B01
201900050602,0,7,,0,2,2,15,A01
201900050603,1,30,,0,2,1,2,A01
201900050603,1,30,,0,2,4,1,B01
201900050604,1,7,,0,1,2,13,A01
201900050605,1,33,,12,0,8,19,A01
201900050606,1,7,,1,0,1,13,A01
201900050607,1,7,,0,2,1,19,A01
201900050607,3,7,,0,2,1,23,C01
201900050607,3,7,,0,2,8,1,B01
201900050608,1,10,,0,2,1,23,B01
201900050608,1,43,,0,2,4,23,C01
201900050608,1,10,,0,2,1,2,A01
201900050609,3,7,,0,1,4,4,A01
201900050610,3,7,,0,2,8,0,B01
201900050610,3,7,,0,2,1,2,A01
201900050611,3,7,,0,2,2,16,B01
201900050611,3,34,,0,2,3,18,A01
201900050612,1,7,,0,2,3,15,A01
201900050612,1,32,,0,2,2,1,B01
201900050613,3,7,,0,2,4,23,B01
201900050613,3,34,,0,2,1,2,A01
201900050614,1,7,,0,2,1,19,A01
201900050614,1,7,,0,0,0,0,B01
201900050615,2,7,,0,2,1,13,A01
201900050615,1,33,,0,2,9,2,B01
201900050616,0,7,,0,1,1,1,A01
201900050617,1,7,,0,2,8,10,A01
201900050617,1,34,,0,2,1,2,B01
201900050618,1,7,,0,1,1,1,A01
201900050619,3,7,,0,2,4,2,B01
201900050619,3,13,,0,2,1,2,A01
201900050620,3,7,,2,0,1,14,A01
201900050621,2,1,,0,2,1,2,A01
201900050621,2,37,1.0,0,6,6,23,B01
201900050622,3,7,,0,2,3,26,B01
201900050622,3,10,,0,2,3,13,A01
201900050623,2,33,,0,2,7,1,B01
201900050623,2,7,,0,2,4,4,A01
201900050624,1,10,,0,2,3,15,Z01
201900050624,1,31,,0,2,1,19,A01
201900050625,1,7,,0,1,4,4,A01
201900050626,2,1,,0,0,4,2,B01
201900050626,2,7,,0,9,2,2,A01
201900050627,0,7,,0,2,3,13,A01
201900050627,0,10,,0,2,3,1,B01
201900050628,2,7,,0,2,6,10,A01
201900050628,2,2,,0,2,1,17,B01
201900050629,2,7,,0,0,8,1,A01
201900050629,1,2,,0,0,3,1,B01
201900050630,1,7,,0,9,3,1,B01
201900050630,1,1,,0,2,3,13,A01
201900050631,1,2,,0,2,8,1,B01
201900050631,1,10,,0,2,1,15,A01
201900050632,2,10,,0,2,5,15,A01
201900050632,1,7,,0,2,1,1,B01
201900050633,2,7,,0,0,0,0,A01
201900050634,1,7,,0,2,3,26,A01
201900050634,2,80,,0,2,1,1,B01
201900050635,1,33,,0,2,1,1,B01
201900050635,2,7,,0,0,7,15,A01
201900050636,2,7,,0,0,4,1,B01
201900050636,2,7,,0,2,1,2,A01
201900050637,1,7,,0,2,1,1,A01
201900050637,3,1,,0,2,8,1,B01
201900050638,3,7,,8,0,2,1,A01
201900050639,3,36,,0,0,0,0,A01
201900050640,3,33,,0,1,1,1,A01
201900050641,0,31,,16,0,8,1,A01
201900050642,1,33,,0,0,7,16,A01
201900050643,1,2,,8,0,2,1,A01
201900050644,2,10,,0,2,2,1,B01
201900050644,3,2,,0,2,3,15,A01
201900050645,2,10,,0,2,4,15,B01
201900050645,2,33,,0,2,1,17,A01
201900050646,3,7,,0,2,3,1,B01
201900050646,3,7,,0,2,3,17,A01
201900050647,2,33,,2,0,1,1,A01
201900050648,0,30,,15,0,3,26,A01
201900050649,1,7,,1,1,1,13,A01
201900050650,2,33,,0,9,1,13,A01
201900050650,1,1,,0,0,1,1,B01
201900050651,1,7,,1,1,2,1,A01
201900050652,2,7,,2,0,2,14,A01
201900050653,3,2,,0,2,0,9,A01
201900050653,3,7,,0,2,1,1,B01
201900050654,2,33,,4,0,1,1,A01
201900050654,1,7,,4,0,3,1,C01
201900050654,1,7,,4,0,1,1,B01
201900050655,1,7,,0,2,3,13,B01
201900050655,2,7,,0,2,8,1,A01
201900050656,2,34,,4,0,1,1,A01
201900050657,1,7,,8,0,9,14,A01
201900050658,1,34,,0,0,2,1,A01
201900050659,1,7,,0,2,3,1,A01
201900050659,2,7,,0,2,3,13,B01
201900050660,2,7,,0,2,2,15,A01
201900050660,1,7,,0,2,1,1,B01
201900050661,1,33,,0,2,1,17,A01
201900050661,2,7,,0,2,3,15,B01
201900050662,0,7,,0,2,1,1,A01
201900050662,0,33,,0,2,1,1,B01
201900050663,2,7,,0,2,2,1,B01
201900050663,1,1,,0,0,3,19,A01
201900050664,0,7,,0,2,4,23,B01
201900050664,0,7,,0,2,1,1,A01
201900050665,2,7,,2,0,3,1,A01
201900050666,1,7,,0,2,2,0,A01
201900050666,3,7,,0,2,3,15,B01
201900050667,1,10,,0,2,1,1,A01
201900050667,1,15,,0,0,4,1,B01
201900050668,1,7,,0,2,1,1,B01
201900050668,2,7,,0,2,4,2,D01
201900050668,2,7,,0,2,1,2,A01
201900050668,2,3,,0,2,4,1,C01
201900050668,2,7,,0,2,4,2,E01
201900050669,3,7,,0,2,2,13,A01
201900050669,3,7,,0,2,1,1,B01
201900050670,2,1,,0,2,4,0,B01
201900050670,2,7,,0,2,1,0,A01
201900050671,2,7,,0,1,1,1,A01
201900050672,1,7,,0,1,1,9,Z01
201900050673,2,7,,13,0,8,1,A01
201900050674,3,7,,0,2,1,1,B01
201900050674,0,7,,0,2,1,1,C01
201900050674,0,7,,0,2,5,19,A01
201900050675,2,7,,13,0,1,16,A01
201900050676,1,7,,0,2,1,15,A01
201900050676,2,33,,0,2,8,1,B01
201900050677,2,7,,15,0,1,26,A01
201900050678,2,7,,0,1,2,16,A01
201900050678,3,1,,0,2,4,6,B01
201900050679,2,7,,0,1,2,26,A01
201900050680,1,33,,0,0,2,17,B01
201900050680,1,7,,0,0,8,15,A01
201900050681,1,7,,8,9,1,1,A01
201900050682,2,7,,1,0,3,26,A01
201900050683,2,7,,13,0,3,0,A01
201900050684,1,7,,0,1,1,1,A01
201900050685,1,7,,0,2,1,26,A01
201900050685,2,10,,0,2,1,21,B01
201900050686,2,7,,0,1,1,17,A01
201900050687,2,31,,8,0,1,1,A01
201900050688,1,7,,0,2,2,15,A01
201900050688,2,2,,0,2,1,1,B01
201900050689,0,7,,0,2,1,1,B01
201900050689,0,7,,0,2,1,21,A01
201900050690,1,7,,0,1,5,17,A01
201900050691,1,0,,0,1,1,1,A01
201900050692,3,7,,0,0,7,1,A01
201900050692,3,7,,0,0,3,1,B01
201900050693,3,7,,13,0,8,1,A01
201900050694,1,7,,0,2,4,2,B01
201900050694,1,7,,0,2,1,2,A01
201900050695,0,7,,0,2,6,1,B01
201900050695,0,7,,0,2,3,5,A01
201900050696,2,7,,0,2,3,1,B01
201900050696,1,1,,0,2,1,19,A01
201900050697,3,7,,0,2,3,1,B01
201900050697,3,7,,0,2,3,1,A01
201900050698,1,7,,0,2,1,1,A01
201900050698,2,7,,0,2,1,15,Z01
201900050699,0,7,,0,2,1,1,B01
201900050699,0,7,,0,2,1,15,A01
201900050700,1,33,,0,0,0,1,A01
201900050701,1,1,,1,0,1,1,B01
201900050701,1,7,,0,2,8,24,A01
201900050702,1,31,,5,0,1,15,A01
201900050703,2,7,,13,0,3,1,A01
201900050704,0,7,,2,0,7,1,A01
201900050705,3,7,,0,2,7,16,A01
201900050705,3,1,,0,2,1,1,B01
201900050706,1,33,,0,2,1,1,B01
201900050706,2,33,,0,2,1,5,A01
201900050707,3,15,,0,0,2,24,A01
201900050708,2,33,,0,2,1,1,B01
201900050708,1,7,,0,2,8,10,A01
201900050709,3,10,,0,1,1,1,A01
201900050710,1,2,,0,2,1,2,A01
201900050710,1,7,,0,2,4,2,B01
201900050711,2,7,,0,2,1,1,B01
201900050711,1,7,,0,2,1,17,A01
201900050712,2,7,,0,2,3,1,B01
201900050712,1,7,,0,2,2,15,A01
201900050713,1,7,,0,2,5,15,B01
201900050713,1,7,,0,2,3,2,A01
201900050714,1,7,,0,2,2,2,A01
201900050714,1,7,,0,0,6,23,B01
201900050715,1,7,,0,0,6,2,B01
201900050715,1,7,,0,2,3,2,A01
201900050716,2,7,,3,0,7,1,A01
201900050717,1,7,,4,0,3,17,A01
201900050718,1,2,,11,0,1,17,A01
201900050719,2,7,,0,2,1,1,A01
201900050719,2,7,,0,2,4,15,B01
201900050720,2,7,,0,0,0,0,A01
201900050721,2,7,,0,2,1,26,A01