Num_Acc,senc,catv,occutc,obs,obsm,choc,manv,num_veh
201900050721,1,1,,0,2,1,1,B01
201900050722,2,7,,0,2,4,23,B01
201900050722,2,30,,0,2,1,2,A01
201900050723,2,1,,0,2,7,15,B01
201900050723,1,7,,0,2,1,1,A01
201900050724,1,7,,0,2,5,15,B01
201900050724,1,7,,0,2,2,1,A01
201900050725,2,7,,0,2,3,1,C01
201900050725,2,7,,0,2,2,1,B01
201900050725,1,7,,0,2,1,13,A01
201900050726,1,7,,0,2,1,1,A01
201900050726,2,7,,0,2,1,1,B01
201900050727,2,1,,0,2,1,1,B01
201900050727,2,7,,0,9,3,15,A01
201900050728,2,7,,0,2,1,1,B01
201900050728,1,7,,0,2,8,19,A01
201900050729,2,7,,0,2,4,2,B01
201900050729,2,10,,0,2,1,2,A01
201900050730,3,7,,0,2,7,1,B01
201900050730,3,2,,0,2,1,1,A01
201900050731,2,7,,0,2,1,13,A01
201900050731,1,7,,0,2,3,1,B01
201900050731,1,7,,0,2,1,1,C01
201900050731,1,7,,0,2,1,1,D01
201900050731,1,7,,0,2,1,1,E01
201900050732,0,33,,0,0,0,1,A01
201900050733,2,7,,0,2,1,1,B01
201900050733,1,7,,1,2,1,13,A01
201900050734,1,31,,7,0,1,2,A01
201900050735,2,1,,0,2,3,13,A01
201900050735,2,33,,1,2,7,1,B01
201900050736,2,7,,0,0,9,1,A01
201900050737,3,3,,0,1,2,1,A01
201900050738,2,10,,2,0,2,13,A01
201900050739,1,7,,0,2,6,26,A01
201900050739,1,1,,0,0,0,0,B01
201900050740,3,3,,1,0,1,26,A01
201900050741,0,7,,3,0,7,1,A01
201900050742,1,7,,6,0,1,16,A01
201900050743,2,7,,0,0,9,1,A01
201900050744,2,7,,0,2,1,1,A01
201900050744,1,7,,0,2,3,1,C01
201900050744,1,7,,0,2,3,1,B01
201900050745,3,7,,0,2,1,1,B01
201900050745,3,7,,0,0,4,23,A01
201900050746,2,7,,0,0,3,22,A01
201900050746,2,1,,1,0,1,1,B01
201900050747,2,7,,2,0,1,14,A01
201900050748,1,7,,14,0,2,11,A01
201900050749,1,7,,0,2,9,0,B01
201900050749,1,7,,0,0,0,0,A01
201900050750,1,7,,0,2,3,0,A01
201900050750,1,7,,0,2,2,0,B01
201900050751,1,33,,0,2,1,2,A01
201900050751,1,7,,0,2,4,1,B01
201900050752,2,7,,4,0,1,26,A01
201900050753,1,7,,0,2,4,1,B01
201900050753,1,7,,0,2,1,2,A01
201900050754,1,10,,0,2,2,15,A01
201900050754,2,2,,0,2,1,2,B01
201900050755,3,7,,8,0,1,2,A01
201900050756,1,7,,0,2,1,15,A01
201900050756,0,7,,0,2,4,15,B01
201900050757,1,7,,1,0,1,1,A01
201900050758,3,31,,0,2,4,0,B01
201900050758,3,7,,1,0,0,0,A01
201900050759,2,10,,0,2,3,1,B01
201900050759,2,7,,0,2,2,15,A01
201900050760,1,13,,0,2,8,15,A01
201900050760,1,33,,0,2,1,1,B01
201900050761,1,7,,0,2,3,21,C01
201900050761,1,7,,1,2,1,14,A01
201900050762,1,31,,0,2,7,2,A01
201900050762,1,7,,0,2,4,2,B01
201900050763,0,31,,0,0,8,2,A01
201900050764,1,7,,0,2,1,9,A01
201900050764,3,2,,0,2,7,15,B01
201900050765,2,7,,13,0,2,1,A01
201900050766,1,7,,0,2,3,1,B01
201900050766,2,7,,0,2,3,13,A01
201900050767,1,7,,0,1,5,21,A01
201900050768,2,33,,0,0,1,1,A01
201900050769,1,7,,13,0,2,1,A01
201900050770,2,7,,2,0,7,1,A01
201900050771,2,7,,0,2,6,13,A01
201900050771,1,7,,0,2,1,1,B01
201900050772,1,7,,13,0,3,1,A01
201900050773,1,7,,2,0,1,1,A01
201900050774,1,33,,8,0,0,1,A01
201900050775,1,7,,0,2,2,1,B01
201900050775,2,33,,0,2,1,13,A01
201900050776,1,7,,0,2,1,13,A01
201900050776,2,10,,0,2,1,1,B01
201900050776,2,7,,0,2,8,1,C01
201900050777,1,7,,13,0,1,1,A01
201900050778,2,7,,0,2,2,1,B01
201900050778,1,33,,0,2,1,13,A01
201900050779,2,7,,8,0,6,14,A01
201900050780,3,60,,0,2,1,26,C01
201900050780,3,60,,0,2,1,26,B01
201900050780,3,7,,0,1,7,1,A01
201900050781,1,43,,0,2,1,13,A01
201900050781,2,15,,0,2,3,1,B01
201900050782,2,7,,13,0,2,14,A01
201900050783,1,33,,0,2,7,17,A01
201900050783,1,7,,0,2,8,9,B01
201900050784,1,1,,0,2,1,2,B01
201900050784,1,1,,0,0,4,1,A01
201900050785,1,7,,2,0,9,13,A01
201900050786,2,2,,2,0,9,1,A01
201900050787,1,7,,0,2,7,2,B01
201900050787,1,33,,0,2,8,2,A01
201900050788,3,36,,0,2,2,19,A01
201900050788,1,33,,0,2,1,1,B01
201900050789,2,10,,0,2,3,0,B01
201900050789,1,7,,0,2,1,0,A01
201900050790,1,2,,0,2,7,12,A01
201900050790,0,7,,0,2,8,0,B01
201900050791,3,31,,14,0,1,1,A01
201900050792,3,7,,6,0,1,1,A01
201900050793,0,7,,13,0,2,15,A01
201900050794,3,7,,0,0,3,4,B01
201900050794,3,1,,0,2,1,1,A01
201900050795,2,33,,6,2,8,1,B01
201900050795,1,7,,0,2,1,19,A01
201900050795,2,7,,0,2,1,23,C01
201900050796,3,2,,0,2,1,1,A01
201900050796,3,7,,0,0,4,15,B01
201900050797,2,7,,0,1,2,1,A01
201900050798,1,7,,0,0,0,16,A01
201900050798,2,31,,12,0,8,21,B01
201900050799,3,7,,0,2,3,16,A01
201900050799,3,2,,0,2,1,1,B01
201900050799,3,2,,0,2,1,1,C01
201900050800,2,34,,0,2,1,1,B01
201900050800,1,7,,0,2,3,13,A01
201900050801,2,33,,0,2,1,1,B01
201900050801,0,7,,0,2,7,19,A01
201900050802,2,7,,2,0,5,21,A01
201900050803,2,33,,0,0,0,1,A01
201900050804,2,7,,0,2,1,0,B01
201900050804,2,7,,0,2,3,0,A01
201900050805,1,7,,0,2,2,15,A01
201900050805,2,33,,0,2,7,1,B01
201900050806,2,32,,0,0,4,13,A01
201900050806,2,7,,0,2,1,1,B01
201900050807,2,7,,0,2,1,2,B01
201900050807,2,7,,0,0,4,0,A01
201900050808,1,33,,0,0,0,15,A01
201900050808,1,33,,0,0,0,2,B01
201900050808,1,33,,0,2,1,17,C01
201900050809,0,3,,0,1,1,1,A01
201900050810,2,7,,0,1,1,0,A01
201900050811,2,33,,6,0,8,1,A01
201900050812,0,7,,2,0,8,1,A01
201900050813,2,7,,0,2,3,1,A01
201900050813,3,7,,9,2,2,19,B01
201900050814,1,7,,0,2,1,13,A01
201900050814,2,10,,0,2,3,1,B01
201900050815,1,7,,0,2,3,13,A01
201900050815,2,7,,0,2,3,1,B01
201900050816,1,7,,2,0,2,14,A01
201900050817,2,7,,2,0,7,13,A01
201900050818,1,33,,0,2,1,2,A01
201900050818,1,10,,0,2,4,2,B01
201900050819,1,1,,0,0,7,1,A01
201900050820,2,7,,0,1,2,1,A01
201900050821,1,7,,6,0,1,16,A01
201900050822,3,2,,0,2,1,1,B01
201900050822,3,7,,0,2,3,1,A01
201900050823,0,7,,0,1,0,1,A01
201900050824,2,15,,0,2,3,1,A01
201900050824,1,7,,0,2,8,1,B01
201900050825,1,7,,0,2,3,15,A01
201900050825,1,7,,0,2,2,1,B01
201900050826,0,7,,0,2,1,1,A01
201900050826,0,2,,0,2,4,1,B01
201900050827,1,7,,0,2,6,9,A01
201900050827,2,33,,0,2,1,1,B01
201900050828,1,7,,8,0,8,1,A01
201900050829,2,10,,0,1,2,1,A01
201900050830,2,7,,0,9,1,1,A01
201900050831,2,7,,2,0,7,17,A01
201900050832,3,7,,0,1,4,20,A01
201900050833,1,2,,13,0,3,1,A01
201900050834,1,7,,0,2,1,1,B01
201900050834,1,33,,0,2,8,10,A01
201900050835,1,33,,0,2,0,1,A01
201900050836,1,7,,13,0,1,14,A01
201900050837,1,2,,0,0,6,0,B01
201900050837,1,10,,0,2,2,1,A01
201900050838,3,2,,13,0,1,1,A01
201900050839,2,20,,3,2,1,1,B01
201900050839,2,7,,0,2,3,15,A01
201900050840,1,7,,8,2,1,1,B01
201900050840,2,7,,0,2,8,1,A01
201900050841,2,10,,0,2,3,1,A01
201900050841,1,7,,0,2,1,1,B01
201900050842,0,7,,0,1,2,1,A01
201900050843,3,7,,0,1,2,1,A01
201900050844,2,37,3.0,15,0,1,1,A01
201900050845,2,7,,0,2,1,1,B01
201900050845,1,7,,0,2,1,13,A01
201900050846,1,7,,0,2,3,1,B01
201900050846,2,33,,0,2,1,11,A01
201900050847,2,31,,0,0,0,15,A01
201900050848,1,33,,0,2,1,1,B01
201900050848,2,10,,0,2,5,15,A01
201900050849,1,7,,2,0,1,17,A01
201900050850,1,7,,0,2,1,13,A01
201900050850,2,7,,0,2,1,1,B01
201900050851,0,7,,16,0,0,1,A01
201900050852,2,7,,0,2,1,1,A01
201900050852,2,33,,0,2,8,1,B01
201900050853,2,7,,0,2,1,1,B01
201900050853,1,7,,0,2,1,13,A01
201900050854,1,7,,0,2,3,1,B01
201900050854,2,2,,0,2,1,15,A01
201900050855,1,33,,0,0,1,1,A01
201900050856,1,7,,1,0,1,2,A01
201900050856,1,15,,0,0,4,24,B01
201900050857,2,7,,2,0,2,14,A01
201900050858,2,33,,6,0,1,2,A01
201900050859,1,7,,0,2,5,1,B01
201900050859,2,2,,0,2,1,1,A01
201900050860,3,1,,0,2,1,21,B01
201900050860,3,7,,0,9,2,26,A01
201900050861,3,33,,0,0,9,26,A01
201900050862,3,7,,0,2,4,1,B01
201900050862,3,2,,0,2,1,2,A01
201900050863,1,7,,13,0,1,1,A01
201900050864,2,7,,0,2,3,1,B01
201900050864,1,21,,0,2,3,1,A01
201900050865,2,7,,0,2,3,1,A01
201900050865,1,7,,0,2,1,15,B01
201900050866,2,10,,3,2,4,2,B01
201900050866,2,7,,3,2,1,17,A01
201900050867,2,7,,0,2,7,15,A01
201900050867,1,33,,0,2,1,1,B01
201900050868,2,7,,0,1,2,17,A01
201900050869,2,1,,0,2,4,1,C01
201900050869,2,1,,0,2,4,1,B01
201900050869,2,7,,0,2,2,1,A01
201900050870,1,7,,0,2,3,13,A01
201900050870,2,7,,0,2,3,1,B01
201900050871,1,7,,9,0,3,13,A01
201900050872,3,7,,6,2,4,1,B01
201900050872,3,7,,0,2,1,1,A01
201900050873,2,7,,0,1,1,1,A01
201900050874,2,7,,0,2,7,26,A01
201900050874,1,7,,0,2,1,1,B01
201900050875,2,33,,0,2,1,1,A01
201900050875,1,21,,0,0,6,9,B01
201900050876,1,33,,0,0,0,0,A01
201900050877,0,1,,0,0,8,19,B01
201900050877,1,7,,0,2,2,19,A01
201900050878,2,7,,0,0,5,2,B01
201900050878,2,33,,0,2,1,2,A01
201900050879,1,7,,13,0,1,1,A01
201900050880,2,7,,0,2,3,15,A01
201900050880,1,33,,0,2,8,1,B01
201900050881,1,10,,0,9,5,16,A01
201900050881,1,1,,0,2,1,1,B01
201900050882,3,2,,0,2,1,1,A01
201900050882,3,99,,0,2,2,1,B01
201900050883,3,2,,0,2,1,1,B01
201900050883,2,7,,0,2,2,1,A01
201900050884,1,7,,6,0,1,0,A01
201900050885,0,2,,0,0,0,1,A01
201900050886,2,7,,0,2,2,1,B01
201900050886,1,2,,0,2,7,1,A01
201900050886,3,7,,0,2,2,23,C01
201900050887,3,33,,9,0,1,0,A01
201900050888,0,80,,0,9,7,1,A01
201900050888,0,80,,0,9,6,1,B01
201900050889,0,7,,0,1,2,0,A01
201900050890,2,7,,6,0,2,1,A01
201900050891,3,2,,0,2,1,1,B01
201900050891,3,21,,0,2,3,16,A01
201900050892,1,7,,0,0,8,15,A01
201900050892,1,33,,0,2,7,17,B01
201900050893,3,1,,0,2,1,1,B01
201900050893,1,7,,0,9,1,9,A01
201900050894,2,2,,15,9,1,21,A01
201900050895,2,2,,6,0,1,1,A01
201900050896,3,7,,13,2,3,13,A01
201900050896,3,2,,13,2,0,26,B01
201900050897,1,7,,0,2,1,1,A01
201900050897,1,7,,0,2,6,19,B01
201900050898,1,7,,0,2,3,17,A01
201900050898,1,33,,0,2,7,17,B01
201900050899,3,7,,0,2,3,19,A01
201900050899,2,33,,0,2,1,1,B01
201900050900,2,7,,0,2,2,15,A01
201900050900,1,7,,0,2,1,1,B01
201900050901,2,2,,0,2,3,1,A01
201900050901,1,10,,0,2,3,15,B01
201900050902,0,7,,0,2,2,13,A01
201900050902,0,2,,1,2,3,1,B01
201900050903,1,7,,0,2,4,1,C01
201900050903,1,7,,0,2,4,1,B01
201900050903,1,7,,0,2,1,1,A01
201900050904,1,7,,0,0,4,24,A01
201900050904,1,7,,1,0,1,1,B01
201900050905,1,7,,6,2,1,1,A01
201900050905,2,7,,15,2,6,1,B01
201900050906,1,7,,3,0,0,1,A01
201900050907,2,2,,0,2,8,1,A01
201900050907,2,7,,0,2,2,17,B01
201900050908,1,7,,0,1,3,1,A01
201900050909,2,7,,9,0,1,0,A01
201900050910,2,33,,5,0,1,1,A01
201900050911,2,33,,8,0,1,1,A01
201900050912,1,7,,14,0,1,13,A01
201900050913,2,7,,0,2,5,1,A01
201900050913,2,7,,0,2,1,1,B01
201900050914,2,7,,0,9,2,9,A01
201900050914,2,1,,0,0,4,15,B01
201900050915,3,33,,0,2,1,1,B01
201900050915,3,7,,0,2,5,19,A01
201900050916,2,7,,0,0,3,9,A01
201900050916,2,1,,0,2,4,1,B01
201900050917,2,7,,0,2,3,1,B01
201900050917,1,2,,0,2,1,1,A01
201900050918,1,7,,0,1,3,1,A01
201900050919,3,7,,0,2,3,1,A01
201900050919,3,2,,0,2,1,17,B01
201900050920,3,15,,0,1,5,10,A01
201900050921,1,3,,2,0,2,1,A01
201900050922,1,33,,0,2,1,1,A01
201900050922,3,30,,0,2,8,15,B01
201900050923,1,7,,0,0,8,15,B01
201900050923,1,7,,2,2,7,13,A01
201900050924,2,7,,0,2,2,1,A01
201900050924,2,7,,0,2,3,15,B01
201900050925,1,7,,0,2,3,1,B01
201900050925,2,7,,0,2,3,13,A01
201900050926,3,7,,8,0,1,6,A01
201900050927,0,1,,0,0,0,0,A01
201900050928,2,31,,0,2,7,15,B01
201900050928,1,7,,0,2,2,1,A01
201900050929,2,7,,0,2,1,1,B01
201900050929,1,7,,0,2,3,13,A01
201900050930,1,13,,0,2,1,0,B01
201900050930,2,7,,0,2,1,13,A01
201900050931,2,33,,0,0,1,13,A01
201900050932,2,7,,0,2,2,17,A01
201900050932,2,7,,0,0,6,1,B01
201900050933,1,7,,0,1,2,15,A01
201900050934,1,7,,2,0,8,13,A01
201900050935,1,33,,0,2,8,1,B01
201900050935,2,30,,0,2,6,10,A01
201900050936,1,33,,0,2,1,1,B01
201900050936,2,7,,0,2,6,15,A01
201900050937,1,13,,0,2,1,2,B01
201900050937,1,7,,0,0,4,23,A01
201900050938,1,7,,0,2,1,1,A01
201900050938,2,7,,0,2,3,1,B01
201900050939,1,7,,0,2,1,1,B01
201900050939,2,7,,0,2,3,13,A01
201900050940,2,7,,0,0,9,1,A01
201900050941,0,1,,0,0,3,1,B01
201900050941,3,7,,0,9,2,9,A01
201900050942,2,7,,0,2,1,1,B01
201900050942,1,7,,0,2,1,17,A01
201900050943,3,21,,0,1,1,1,A01
201900050944,1,7,,8,0,1,5,A01
201900050945,3,7,,6,2,2,1,B01
201900050945,3,7,,0,2,5,20,A01
201900050946,1,7,,3,2,3,1,A01
201900050946,2,33,,0,2,1,1,B01
201900050947,1,7,,2,0,1,1,A01
201900050948,2,33,,0,2,3,1,B01
201900050948,1,7,,0,2,3,15,A01
201900050949,1,7,,12,0,2,16,B01
201900050949,2,7,,0,2,3,13,A01
201900050950,3,36,,0,0,0,15,A01
201900050951,2,7,,0,0,4,0,B01
201900050951,2,33,,0,2,1,0,A01
201900050952,1,7,,2,0,7,1,A01
201900050953,2,7,,0,2,2,1,A01
201900050953,1,7,,0,2,1,9,B01
201900050954,1,10,,0,2,1,1,B01
201900050954,2,10,,0,2,1,0,A01
201900050955,1,2,,0,2,1,1,B01
201900050955,2,7,,0,2,2,17,A01
201900050956,2,7,,0,0,6,15,B01
201900050956,2,33,,0,2,1,17,A01
201900050957,1,31,,0,0,0,1,A01
201900050958,2,7,,0,9,1,1,B01
201900050958,1,1,,0,2,1,13,A01
201900050959,0,7,,0,9,7,17,B01
201900050959,0,1,,0,2,8,1,A01
201900050960,1,33,,0,2,1,1,B01
201900050960,2,7,,0,2,1,15,A01
201900050961,2,33,,15,0,1,1,A01
201900050962,1,7,,0,2,8,1,B01
201900050962,2,7,,0,2,1,9,A01
201900050963,2,1,,15,2,1,26,A01
201900050964,3,7,,0,1,3,15,A01
201900050964,3,80,,0,2,1,19,B01
201900050965,3,7,,0,2,2,9,B01
201900050965,3,30,,0,2,8,18,A01
201900050966,3,7,,1,2,2,14,A01
201900050967,2,7,,2,0,1,0,A01
201900050968,2,30,,0,2,1,0,A01
201900050968,2,15,,0,2,0,0,B01
201900050969,0,7,,0,2,1,5,A01
201900050969,0,7,,0,2,1,1,B01
201900050970,1,7,,0,2,6,1,B01
201900050970,1,7,,0,2,4,21,A01
201900050971,3,34,,0,2,1,1,A01
201900050971,3,3,,0,2,6,1,B01
201900050972,1,7,,0,1,4,26,A01
201900050973,1,7,,0,1,2,1,A01
201900050974,1,7,,0,2,4,0,B01
201900050974,1,30,,0,2,1,2,A01
201900050975,3,7,,14,0,2,26,A01
201900050976,0,7,,0,2,1,19,A01
201900050976,1,7,,0,2,3,26,B01
201900050977,3,7,,0,1,0,26,A01
201900050978,3,7,,0,2,2,1,B01
201900050978,3,7,,0,2,3,19,A01
201900050979,1,13,,0,1,2,16,A01
201900050980,1,7,,0,2,3,26,A01
201900050980,1,2,,0,2,1,1,B01
201900050981,1,32,,0,1,1,19,A01
201900050982,1,7,,0,1,2,15,A01
201900050983,3,2,,0,2,1,1,A01
201900050983,2,7,,0,2,5,1,B01
201900050984,1,33,,0,2,2,1,B01
201900050984,1,7,,0,2,2,1,A01
201900050985,1,7,,13,0,7,1,A01
201900050986,3,7,,0,2,7,1,A01
201900050986,3,1,,0,2,1,1,B01
201900050987,1,31,,0,0,8,1,A01
201900050987,1,33,,0,0,4,1,B01
201900050987,1,33,,0,2,1,1,C01
201900050988,2,7,,3,0,3,1,A01
201900050988,2,7,,14,0,1,1,B01
201900050989,1,32,,14,0,0,1,A01
201900050990,1,7,,17,0,1,13,A01
201900050991,1,17,,16,0,7,1,A01
201900050992,2,7,,0,2,1,1,B01
201900050992,1,7,,0,2,1,13,A01
201900050993,0,7,,0,1,4,26,A01
201900050994,1,7,,0,0,7,1,B01
201900050994,2,7,,0,2,1,1,A01
201900050995,2,7,,0,2,3,1,B01
201900050995,1,7,,0,2,3,13,A01
201900050996,1,7,,0,2,3,1,B01
201900050996,2,7,,0,2,3,13,A01
201900050997,1,7,,3,0,1,1,A01
201900050998,1,7,,9,0,7,19,A01
201900050998,1,7,,0,2,1,1,B01
201900050999,1,7,,13,0,1,1,A01
201900051000,1,7,,2,0,3,1,A01
201900051001,2,2,,0,2,1,17,B01
201900051001,2,7,,0,2,3,15,A01
201900051002,1,7,,8,0,1,21,A01
201900051003,0,7,,0,2,1,1,A01
201900051003,0,7,,0,2,4,1,B01
201900051003,0,7,,0,0,4,1,C01
201900051004,2,10,,0,2,3,1,B01
201900051004,1,7,,0,2,1,13,A01
201900051005,2,7,,8,0,1,17,A01
201900051006,1,33,,0,6,3,17,A01
201900051007,2,7,,0,2,2,2,C01
201900051007,2,7,,0,2,3,2,B01
201900051007,1,7,,0,2,1,17,A01
201900051008,0,7,,0,1,1,1,A01
201900051009,1,7,,0,1,3,1,A01
201900051010,1,7,,3,0,4,23,A01
201900051010,1,7,,14,0,1,1,B01
201900051010,1,7,,14,0,3,21,C01
201900051010,1,7,,14,0,3,21,D01
201900051011,1,7,,0,0,5,2,B01
201900051011,1,1,,0,2,1,1,A01
201900051012,1,7,,0,1,3,1,A01
201900051013,2,7,,0,2,1,1,B01
201900051013,2,7,,0,0,4,23,A01
201900051014,3,7,,0,1,3,15,A01
201900051015,0,43,,14,0,9,2,A01
201900051016,1,7,,0,2,3,1,A01
201900051016,2,7,,0,2,3,1,B01
201900051017,1,7,,0,2,7,13,B01
201900051017,2,7,,0,2,1,1,A01
201900051018,0,7,,0,2,7,1,A01
201900051018,0,3,,0,2,1,1,B01
201900051019,1,7,,4,0,7,1,B01
201900051019,1,17,,0,2,3,11,A01
201900051020,1,7,,0,1,1,1,A01
201900051021,1,10,,0,2,6,1,B01
201900051021,2,43,,0,2,8,11,A01
201900051022,0,7,,0,2,5,26,B01
201900051022,2,2,,0,2,1,26,A01
201900051023,1,38,1.0,0,2,1,2,A01
201900051023,1,7,,0,0,4,2,B01
201900051024,1,2,,8,0,2,1,A01
201900051025,1,7,,2,0,1,1,A01
201900051026,3,7,,2,0,1,1,A01
201900051027,3,7,,0,1,1,1,A01
201900051028,1,7,,13,0,1,0,A01
201900051029,2,7,,16,0,3,14,A01
201900051030,3,7,,2,0,1,16,A01
201900051031,1,7,,0,1,2,1,A01
201900051032,2,7,,0,2,1,1,A01
201900051032,2,17,,0,0,4,16,B01
201900051033,1,7,,3,2,5,2,A01
201900051033,1,7,,3,2,4,2,B01
201900051033,1,7,,3,2,1,2,C01
201900051034,1,7,,0,2,2,14,A01
201900051034,1,7,,0,2,6,23,B01
201900051035,2,17,,0,2,1,0,A01
201900051035,2,7,,0,2,6,0,B01
201900051036,1,7,,0,2,8,1,B01
201900051036,1,33,,0,2,2,17,A01
201900051037,1,7,,0,2,7,12,A01
201900051037,1,43,,0,2,3,3,B01
201900051038,1,7,,0,2,4,1,C01
201900051038,1,7,,0,2,4,1,B01
201900051038,1,7,,0,2,1,2,A01
201900051039,1,7,,0,2,1,2,A01
201900051039,1,7,,0,2,4,2,B01
201900051039,1,7,,0,2,4,2,C01
201900051039,1,7,,0,2,4,1,D01
201900051040,1,7,,0,2,1,2,A01
201900051040,1,7,,0,2,4,2,B01
201900051041,2,7,,0,2,4,1,B01
201900051041,2,7,,0,2,1,1,A01
201900051042,2,7,,4,0,1,1,A01
201900051043,2,7,,3,0,1,1,A01
201900051044,2,7,,0,0,9,21,A01
201900051045,1,32,,15,0,1,19,A01
201900051046,1,33,,3,2,9,3,A01
201900051046,1,7,,0,2,7,1,C01
201900051046,1,7,,0,2,4,1,B01
201900051047,2,7,,14,0,1,1,D01
201900051047,2,7,,0,2,3,12,C01
201900051047,2,7,,0,2,4,11,B01
201900051047,2,7,,0,2,1,1,A01
201900051048,2,7,,0,2,1,2,A01
201900051048,2,7,,0,2,4,1,B01
201900051049,1,7,,0,1,0,1,A01
201900051050,3,7,,0,2,4,1,D01
201900051050,3,7,,0,2,4,1,C01
201900051050,3,10,,0,2,4,1,B01
201900051050,3,7,,0,2,1,1,A01
201900051051,3,7,,4,0,9,11,A01
201900051052,3,7,,0,2,1,15,A01
201900051052,3,7,,0,2,1,1,B01
201900051053,1,1,,0,0,9,1,B01
201900051053,1,7,,0,2,1,1,A01
201900051054,2,10,,0,2,3,15,A01
201900051054,1,2,,0,2,1,1,B01
201900051055,1,2,,0,2,1,1,B01
201900051055,2,10,,0,2,2,10,A01
201900051056,3,7,,0,2,6,1,B01
201900051056,3,15,,0,2,2,12,A01
201900051057,2,7,,3,0,8,26,A01
201900051058,3,32,,0,0,0,0,A01
201900051059,0,7,,0,9,6,20,B01
201900051059,0,7,,1,0,1,1,A01
201900051060,1,7,,0,2,8,15,A01
201900051060,1,33,,0,2,1,1,B01
201900051061,1,7,,8,2,1,12,A01
201900051062,3,7,,0,2,0,0,A01
201900051062,3,1,,0,2,0,0,B01
201900051063,2,40,,0,1,1,1,A01
201900051064,1,2,,0,2,8,0,B01
201900051064,1,7,,0,2,1,1,A01
201900051065,1,7,,0,2,2,2,A01
201900051065,1,7,,0,2,4,2,B01
201900051066,-1,0,,-1,-1,-1,-1,Y01
201900051067,1,34,,0,2,8,1,B01
201900051067,1,7,,0,2,2,19,A01
201900051068,0,31,,0,0,0,0,B01
201900051068,0,7,,0,2,2,9,A01
201900051069,2,7,,0,2,1,23,B01
201900051069,1,7,,0,2,2,16,A01
201900051070,3,7,,0,2,1,9,A01
201900051070,3,33,,0,2,7,13,B01
201900051071,3,7,,0,1,2,15,A01
201900051072,1,7,,0,1,1,15,A01
201900051073,1,37,1.0,0,1,2,16,A01
201900051074,2,7,,0,1,2,1,A01
201900051075,2,7,,0,1,1,1,A01
201900051076,2,2,,0,2,8,1,B01
201900051076,1,10,,0,2,3,15,A01
201900051077,0,7,,0,2,3,1,A01
201900051077,0,99,,0,2,2,1,B01
201900051078,1,7,,0,1,1,15,A01
201900051079,2,14,,0,0,7,0,B01
201900051079,1,7,,0,2,1,9,A01
201900051080,3,7,,0,9,3,1,A01
201900051080,3,1,,0,2,2,1,B01
201900051081,3,32,,0,2,2,1,A01
201900051081,3,32,,0,9,0,1,B01
201900051081,3,7,,0,2,3,1,C01
201900051082,0,99,,0,2,1,1,A01
201900051082,3,7,,0,2,3,15,B01
201900051083,0,10,,0,2,2,1,A01
201900051083,2,7,,0,2,1,15,B01
201900051084,1,7,,0,1,2,1,A01
201900051085,1,7,,0,1,3,1,A01
201900051086,1,10,,0,2,3,1,D01
201900051086,2,7,,0,2,5,1,C01
201900051086,2,7,,0,2,7,23,B01
201900051086,2,7,,12,2,1,1,A01
201900051087,1,7,,0,2,1,9,A01
201900051087,1,1,,0,2,4,9,B01
201900051088,2,7,,0,2,1,2,A01
201900051088,2,30,,0,2,4,1,B01
201900051089,1,7,,0,2,6,15,B01
201900051089,1,2,,0,2,2,17,A01
201900051090,1,7,,0,6,7,9,A01
201900051090,2,1,,0,2,1,25,B01
201900051091,1,7,,0,2,1,9,A01
201900051091,3,33,,0,2,5,1,B01
201900051092,1,7,,0,1,3,15,A01
201900051093,2,7,,0,2,4,1,B01
201900051093,2,33,,0,2,1,2,A01
201900051094,3,7,,0,2,2,1,A01
201900051095,1,10,,0,2,1,1,A01
201900051095,1,7,,0,2,8,9,B01
201900051096,1,7,,1,2,1,1,A01
201900051096,3,1,,0,2,7,19,B01
201900051097,1,7,,0,1,1,1,Z01
201900051098,1,33,,0,2,1,1,B01
201900051098,1,7,,0,2,7,15,A01
201900051099,2,7,,0,2,3,1,A01
201900051099,2,7,,0,2,1,1,B01
201900051100,1,7,,0,2,1,0,A01
201900051100,1,1,,0,2,1,0,B01
201900051101,2,33,,0,2,8,1,B01
201900051101,1,7,,0,2,3,15,A01
201900051102,1,1,,0,2,4,1,B01
201900051102,1,7,,0,2,1,9,A01
201900051103,1,7,,4,2,1,1,A01
201900051103,1,7,,4,2,1,1,B01
201900051104,1,7,,0,2,1,1,B01
201900051104,1,7,,0,2,4,1,A01
201900051105,1,7,,0,2,1,1,Z01
201900051105,1,7,,0,2,4,1,B01
201900051105,1,7,,0,2,4,1,C01
201900051106,3,1,,0,0,1,1,A01
201900051107,3,7,,0,1,1,15,A01
201900051108,3,7,,0,2,8,1,B01
201900051108,3,7,,0,2,3,1,A01
201900051109,1,7,,8,0,0,1,A01
201900051110,0,10,,0,2,2,1,B01
201900051110,0,3,,0,2,1,1,A01
201900051111,2,10,,0,2,2,1,A01
201900051111,1,7,,0,2,0,9,B01
201900051112,1,7,,0,2,3,1,B01
201900051112,1,7,,0,2,8,15,A01
201900051113,3,7,,0,1,2,9,A01
201900051114,3,1,,0,2,1,19,B01
201900051114,1,13,,0,6,7,16,A01
201900051115,2,7,,0,2,1,1,B01
201900051115,1,7,,0,2,1,13,A01
201900051116,2,33,,0,0,0,16,A01
201900051117,1,33,,4,0,1,1,A01
201900051118,3,7,,0,2,8,15,Z01