Num_Acc,senc,catv,occutc,obs,obsm,choc,manv,num_veh
201900051118,3,34,,0,2,1,15,B01
201900051118,3,32,,0,2,5,15,A01
201900051119,3,10,,0,2,2,1,B01
201900051119,3,7,,0,2,3,9,A01
201900051120,1,30,,0,2,3,3,A01
201900051120,1,7,,0,2,5,1,B01
201900051121,3,33,,0,2,1,17,A01
201900051121,3,7,,0,2,8,15,B01
201900051122,2,31,,0,2,8,3,B01
201900051122,2,7,,0,2,7,12,A01
201900051123,2,7,,0,2,7,12,A01
201900051123,2,32,,0,2,3,3,B01
201900051124,1,7,,0,2,3,1,B01
201900051124,1,31,,0,2,5,16,A01
201900051125,2,14,,0,2,1,2,A01
201900051125,2,7,,0,2,4,2,B01
201900051126,2,7,,0,2,6,2,Z01
201900051126,2,1,,0,2,1,2,A01
201900051127,2,7,,0,2,2,16,Z01
201900051127,2,50,,0,2,8,7,A01
201900051128,0,32,,0,1,1,1,A01
201900051129,2,43,,0,2,1,1,B01
201900051129,1,7,,0,2,2,10,A01
201900051130,2,30,,0,1,1,1,A01
201900051131,2,2,,0,2,1,2,Z01
201900051131,2,1,,0,2,4,3,A01
201900051132,1,7,,0,2,1,2,B01
201900051132,1,7,,0,2,1,2,A01
201900051133,1,7,,0,2,6,10,A01
201900051133,1,2,,0,2,1,1,B01
201900051134,1,10,,0,1,6,24,A01
201900051135,2,1,,0,2,1,1,B01
201900051135,2,7,,0,2,3,1,A01
201900051136,1,30,,0,2,1,3,C01
201900051136,1,32,,0,2,8,23,B01
201900051136,1,43,,0,2,7,23,A01
201900051137,1,30,,12,0,7,18,A01
201900051138,2,7,,1,0,8,1,A01
201900051139,1,7,,0,2,1,1,A01
201900051139,1,7,,0,2,4,1,B01
201900051140,1,7,,0,2,1,15,A01
201900051140,1,2,,0,2,8,0,B01
201900051141,1,7,,0,2,1,1,B01
201900051141,2,7,,0,2,3,15,A01
201900051142,1,7,,0,2,1,1,A01
201900051142,2,7,,0,2,7,1,B01
201900051143,3,33,,1,0,2,1,A01
201900051144,1,7,,4,0,1,1,A01
201900051145,1,7,,0,1,6,4,A01
201900051146,1,7,,2,0,1,1,A01
201900051147,2,7,,4,0,3,16,A01
201900051148,3,7,,0,2,3,16,B01
201900051148,3,7,,0,2,2,1,A01
201900051149,3,7,,0,2,7,1,B01
201900051149,3,7,,0,2,3,26,A01
201900051150,1,7,,2,0,2,14,A01
201900051151,2,30,,0,2,2,15,A01
201900051151,1,7,,0,2,6,1,B01
201900051152,3,7,,0,0,0,1,A01
201900051153,2,7,,0,0,1,1,A01
201900051154,3,15,,0,2,7,16,A01
201900051154,3,7,,0,2,2,1,B01
201900051155,1,7,,4,0,1,1,A01
201900051156,2,7,,0,1,1,1,A01
201900051157,2,7,,0,1,2,14,A01
201900051158,1,7,,0,2,1,2,C01
201900051158,2,7,,0,2,8,15,B01
201900051158,1,33,,0,2,1,17,A01
201900051159,1,1,,0,2,2,1,A01
201900051159,1,7,,0,2,3,1,B01
201900051160,2,7,,0,2,1,1,C01
201900051160,1,7,,0,2,6,2,B01
201900051160,1,33,,0,2,1,17,A01
201900051161,1,1,,0,0,8,23,A01
201900051162,1,10,,0,2,1,1,A01
201900051162,1,7,,0,2,4,23,B01
201900051162,1,7,,0,2,6,1,C01
201900051163,1,7,,12,0,2,1,A01
201900051164,3,7,,0,2,4,1,B01
201900051164,3,7,,0,2,1,1,A01
201900051165,1,10,,0,2,1,2,A01
201900051165,1,7,,0,2,4,23,B01
201900051166,3,7,,0,2,1,1,B01
201900051166,3,7,,0,2,7,1,A01
201900051167,1,7,,6,0,1,13,A01
201900051168,3,7,,0,2,1,9,A01
201900051168,3,1,,0,0,0,0,B01
201900051169,3,1,,0,2,1,16,A01
201900051169,1,7,,0,2,2,1,B01
201900051170,3,1,,0,2,0,0,B01
201900051170,3,7,,0,2,2,15,A01
201900051171,1,15,,14,0,4,1,D01
201900051171,1,7,,0,2,4,1,C01
201900051171,1,7,,0,2,4,1,B01
201900051171,1,7,,0,2,1,2,A01
201900051172,3,7,,0,1,3,1,A01
201900051173,1,7,,0,2,2,26,A01
201900051173,1,1,,0,2,3,19,B01
201900051174,1,7,,0,2,4,23,C01
201900051174,1,7,,0,2,4,2,B01
201900051174,1,7,,0,2,1,2,A01
201900051175,3,2,,0,2,3,1,B01
201900051175,3,7,,0,2,5,1,A01
201900051176,1,7,,0,2,8,22,A01
201900051176,1,37,1.0,1,0,7,1,B01
201900051177,3,7,,0,2,0,9,A01
201900051177,3,50,,0,2,0,9,B01
201900051178,1,7,,0,2,3,1,A01
201900051178,1,7,,0,2,4,1,B01
201900051179,3,7,,0,2,1,2,A01
201900051179,3,33,,0,2,4,23,B01
201900051180,3,7,,12,0,1,1,A01
201900051181,1,7,,9,0,1,13,A01
201900051182,3,0,,0,2,0,0,Z01
201900051182,3,1,,0,2,1,25,B01
201900051183,1,7,,0,2,4,23,B01
201900051183,1,7,,0,2,1,1,A01
201900051184,1,7,,0,2,0,26,C01
201900051184,1,10,,3,2,3,1,B01
201900051184,1,7,,0,2,2,14,A01
201900051185,1,7,,0,2,8,1,B01
201900051185,1,7,,0,2,2,1,C01
201900051185,2,7,,0,2,1,13,A01
201900051186,2,7,,0,2,1,2,A01
201900051186,2,7,,0,2,4,23,B01
201900051187,2,7,,0,2,1,1,B01
201900051187,1,7,,0,2,2,15,A01
201900051188,2,32,,0,2,2,1,B01
201900051188,1,7,,0,2,2,10,A01
201900051189,2,7,,1,2,2,19,A01
201900051189,1,10,,6,2,1,1,B01
201900051190,2,7,,0,2,2,16,A01
201900051190,2,1,,0,2,1,0,B01
201900051191,2,7,,0,1,1,1,B01
201900051192,2,32,,0,2,2,1,A01
201900051192,1,7,,0,2,3,19,B01
201900051193,1,7,,0,2,6,11,A01
201900051193,1,7,,0,2,1,2,B01
201900051194,1,7,,0,2,1,1,A01
201900051194,1,7,,0,2,4,23,C01
201900051194,1,7,,0,2,4,23,B01
201900051195,2,32,,0,2,1,18,A01
201900051195,2,10,,0,2,7,16,B01
201900051196,0,34,,0,2,1,1,B01
201900051196,2,7,,0,2,1,15,A01
201900051197,1,33,,0,2,1,2,A01
201900051197,1,10,,0,2,4,2,B01
201900051198,1,7,,0,2,4,2,B01
201900051198,1,7,,0,2,1,2,A01
201900051199,2,7,,0,2,1,1,B01
201900051199,1,1,,0,2,0,19,A01
201900051200,2,1,,0,2,2,1,A01
201900051200,2,31,,0,2,1,1,B01
201900051201,1,33,,0,2,2,2,B01
201900051201,1,33,,0,2,3,13,A01
201900051202,1,7,,0,1,1,1,A01
201900051203,2,7,,0,1,1,16,A01
201900051204,0,7,,0,2,1,1,B01
201900051204,0,7,,0,2,6,1,A01
201900051205,0,7,,0,2,3,1,A01
201900051205,0,30,,0,2,1,1,B01
201900051206,2,7,,0,2,1,1,B01
201900051206,1,31,,0,2,2,15,A01
201900051207,0,7,,0,2,8,1,B01
201900051207,0,7,,0,2,1,1,A01
201900051208,0,31,,8,0,1,1,A01
201900051209,1,7,,4,0,1,13,A01
201900051210,1,1,,0,2,1,1,B01
201900051210,1,7,,0,2,6,1,A01
201900051211,1,33,,0,2,5,17,A01
201900051211,1,1,,0,0,8,15,B01
201900051212,0,10,,0,2,2,1,B01
201900051212,0,31,,0,2,3,1,A01
201900051213,0,7,,0,2,1,1,B01
201900051213,0,7,,8,2,8,1,A01
201900051214,0,7,,0,2,1,1,A01
201900051214,0,1,,0,2,1,1,B01
201900051215,3,10,,0,0,4,24,A01
201900051215,1,1,,1,0,1,1,B01
201900051216,0,50,,0,2,1,1,A01
201900051216,0,1,,0,2,0,1,B01
201900051217,0,7,,0,2,1,1,B01
201900051217,0,10,,0,2,1,1,A01
201900051218,2,1,,0,2,0,1,A01
201900051218,2,7,,0,2,6,1,B01
201900051219,1,7,,2,1,1,1,A01
201900051220,1,7,,0,2,4,1,B01
201900051220,1,7,,0,2,1,1,A01
201900051221,0,1,,0,1,1,1,A01
201900051222,0,7,,0,2,3,1,B01
201900051222,0,7,,0,2,4,20,A01
201900051223,2,7,,0,2,1,1,A01
201900051223,0,1,,0,2,8,19,B01
201900051224,2,7,,0,2,6,1,B01
201900051224,2,7,,0,2,2,1,A01
201900051225,0,30,,1,0,1,1,A01
201900051226,0,60,,0,2,2,19,B01
201900051226,0,10,,0,1,3,16,A01
201900051227,0,7,,1,0,3,1,A01
201900051228,1,7,,0,2,1,1,A01
201900051228,1,7,,0,2,4,1,B01
201900051228,1,7,,0,2,4,1,C01
201900051228,1,7,,0,2,4,2,D01
201900051229,0,40,,0,1,2,1,A01
201900051230,1,1,,0,2,0,1,A01
201900051230,1,50,,0,2,0,1,B01
201900051231,0,32,,0,1,1,1,A01
201900051232,1,2,,0,2,0,1,B01
201900051232,1,7,,0,2,0,1,A01
201900051233,0,7,,0,2,4,1,C01
201900051233,0,7,,0,2,4,1,B01
201900051233,0,7,,0,2,1,1,A01
201900051234,1,33,,0,2,7,17,B01
201900051234,1,7,,0,2,3,15,A01
201900051235,1,7,,0,2,1,1,A01
201900051235,1,7,,0,2,4,1,B01
201900051235,1,7,,0,2,4,1,C01
201900051236,0,7,,1,0,2,14,A01
201900051237,1,33,,0,2,7,1,A01
201900051237,1,7,,0,2,1,15,B01
201900051238,0,7,,0,2,9,1,B01
201900051238,0,7,,0,2,8,1,A01
201900051239,1,7,,0,2,7,17,A01
201900051239,1,30,,0,2,3,9,B01
201900051240,0,7,,0,1,0,1,Z01
201900051241,0,32,,8,0,1,16,A01
201900051242,0,7,,0,2,8,15,A01
201900051242,0,7,,0,2,1,1,B01
201900051243,1,31,,8,0,8,1,A01
201900051244,0,13,,0,1,2,26,A01
201900051245,1,7,,0,1,2,26,A01
201900051246,0,7,,0,2,2,9,A01
201900051246,0,32,,0,2,0,1,B01
201900051247,2,7,,0,2,3,1,B01
201900051247,2,10,,0,2,0,16,A01
201900051248,2,7,,0,2,3,1,B01
201900051248,1,7,,0,2,3,15,A01
201900051249,0,1,,0,2,0,1,B01
201900051249,0,7,,0,0,0,0,Z01
201900051250,2,7,,0,2,2,15,A01
201900051250,1,32,,0,2,2,1,B01
201900051251,0,7,,6,0,0,1,A01
201900051252,2,2,,0,2,1,1,B01
201900051252,1,7,,0,2,1,15,A01
201900051253,0,7,,0,2,8,19,B01
201900051253,0,33,,0,2,1,1,A01
201900051254,0,1,,0,2,1,1,B01
201900051254,0,1,,0,2,1,26,A01
201900051255,1,3,,1,0,1,1,A01
201900051256,2,7,,0,2,4,23,A01
201900051256,2,7,,0,2,1,1,B01
201900051257,1,31,,0,2,2,17,A01
201900051257,1,1,,0,2,4,15,B01
201900051258,2,7,,0,2,3,15,A01
201900051258,1,33,,0,2,2,1,B01
201900051259,2,7,,0,2,3,15,A01
201900051259,2,33,,0,2,2,1,B01
201900051260,3,7,,13,0,9,14,A01
201900051261,2,7,,0,2,2,14,A01
201900051261,2,7,,0,2,4,1,B01
201900051261,2,7,,0,2,2,1,C01
201900051262,0,33,,0,2,2,17,A01
201900051262,1,7,,0,2,2,9,B01
201900051263,1,80,,0,2,1,1,B01
201900051263,1,10,,0,2,8,22,A01
201900051264,3,7,,0,2,1,1,B01
201900051264,1,7,,0,2,9,9,A01
201900051265,0,30,,0,1,0,18,Z01
201900051266,3,7,,0,2,1,1,B01
201900051266,3,10,,0,2,1,9,A01
201900051267,0,7,,0,2,3,9,A01
201900051267,1,33,,0,2,7,1,B01
201900051268,1,7,,6,0,1,1,A01
201900051269,0,7,,0,2,1,2,A01
201900051269,1,1,,0,2,1,1,B01
201900051270,1,7,,0,2,3,1,A01
201900051270,2,1,,0,2,8,1,B01
201900051271,2,7,,0,2,4,23,D01
201900051271,2,7,,0,2,4,23,C01
201900051271,2,7,,0,2,4,23,B01
201900051271,2,7,,0,2,1,1,A01
201900051272,0,7,,0,2,3,19,A01
201900051272,0,1,,0,2,1,1,B01
201900051273,0,33,,0,2,1,1,B01
201900051273,0,7,,0,2,9,19,A01
201900051274,3,10,,0,2,5,4,A01
201900051274,0,30,,0,2,0,0,B01
201900051275,1,7,,0,2,7,1,C01
201900051275,1,10,,0,2,8,1,B01
201900051275,1,31,,0,2,9,3,A01
201900051276,0,7,,0,2,1,15,A01
201900051276,0,33,,0,2,1,1,B01
201900051277,1,7,,0,2,3,13,A01
201900051277,2,7,,0,2,3,1,B01
201900051278,0,14,,0,0,9,1,A01
201900051279,1,33,,0,2,0,1,A01
201900051279,0,1,,0,2,0,10,B01
201900051280,0,60,,0,2,1,1,B01
201900051280,0,7,,0,2,1,1,A01
201900051281,0,31,,0,2,9,17,A01
201900051281,0,7,,0,2,3,15,B01
201900051282,0,1,,0,2,7,19,B01
201900051282,0,7,,0,2,1,16,A01
201900051283,0,7,,0,2,0,0,Z01
201900051283,0,31,,0,2,2,1,A01
201900051284,0,7,,0,1,1,26,A01
201900051285,0,7,,3,0,3,1,A01
201900051286,0,33,,0,2,5,1,B01
201900051286,0,7,,0,2,3,17,A01
201900051287,0,31,,0,2,7,19,A01
201900051287,1,31,,0,2,7,1,B01
201900051288,0,7,,1,0,9,1,A01
201900051289,2,7,,0,2,2,15,B01
201900051289,1,7,,0,2,3,1,A01
201900051290,1,7,,0,2,0,17,A01
201900051290,1,7,,0,2,6,1,B01
201900051290,1,31,,0,2,1,1,C01
201900051291,0,7,,0,2,1,1,B01
201900051291,0,2,,0,2,3,9,A01
201900051292,0,7,,0,2,3,5,B01
201900051292,0,7,,0,2,3,1,A01
201900051293,1,14,,0,2,1,1,A01
201900051293,1,7,,0,2,4,1,B01
201900051294,0,7,,1,0,1,1,A01
201900051295,0,7,,6,0,1,15,A01
201900051296,3,7,,9,0,1,26,A01
201900051296,3,7,,15,0,6,1,B01
201900051297,1,7,,0,2,0,15,A01
201900051297,2,1,,0,2,3,1,B01
201900051298,1,33,,0,2,1,17,A01
201900051298,1,7,,0,2,1,15,B01
201900051299,2,33,,0,2,1,1,B01
201900051299,2,10,,0,2,7,19,A01
201900051300,1,7,,0,1,6,9,A01
201900051301,1,7,,3,0,1,1,A01
201900051302,1,7,,8,0,1,16,A01
201900051303,3,7,,0,1,1,26,A01
201900051304,1,31,,0,2,8,3,B01
201900051304,1,7,,0,2,2,2,A01
201900051305,1,7,,0,2,1,13,A01
201900051305,2,7,,0,2,1,1,B01
201900051306,0,7,,0,1,2,1,B01
201900051307,1,7,,0,2,6,1,B01
201900051307,1,7,,0,2,2,17,A01
201900051308,3,30,,0,2,1,1,A01
201900051308,3,30,,0,2,6,15,B01
201900051309,1,7,,0,2,3,1,B01
201900051309,2,30,,0,2,2,15,A01
201900051310,0,7,,0,2,1,2,A01
201900051310,0,7,,0,0,4,2,B01
201900051311,1,40,,0,2,1,1,B01
201900051311,1,7,,0,4,3,15,A01
201900051312,0,7,,0,1,1,1,A01
201900051313,2,7,,0,2,1,1,B01
201900051313,1,7,,0,2,1,13,A01
201900051314,3,7,,0,2,1,0,B01
201900051314,3,2,,0,2,1,1,A01
201900051315,3,3,,0,2,8,19,B01
201900051315,1,7,,0,2,1,9,A01
201900051316,2,7,,0,2,4,15,B01
201900051316,2,33,,0,2,4,0,A01
201900051317,1,7,,0,1,1,26,A01
201900051318,1,30,,0,2,1,17,A01
201900051318,1,7,,0,2,1,1,B01
201900051319,1,7,,4,0,3,1,A01
201900051320,1,7,,0,2,4,23,B01
201900051320,3,7,,0,2,1,2,A01
201900051321,2,30,,0,2,1,23,A01
201900051321,2,7,,0,2,4,1,B01
201900051322,3,7,,0,2,7,1,B01
201900051322,3,30,,0,2,1,1,A01
201900051323,1,7,,2,0,1,13,A01
201900051324,1,7,,0,1,2,1,A01
201900051325,1,3,,0,1,1,1,A01
201900051326,2,7,,2,0,1,13,A01
201900051327,0,33,,0,1,1,1,A01
201900051328,1,33,,14,0,2,9,A01
201900051329,1,7,,0,2,1,2,A01
201900051329,1,7,,0,2,4,2,B01
201900051329,1,7,,0,2,4,2,C01
201900051330,2,1,,0,2,1,1,B01
201900051330,1,7,,0,2,1,13,A01
201900051331,0,1,,0,2,0,1,B01
201900051331,0,7,,0,2,1,15,A01
201900051332,2,7,,0,2,7,15,A01
201900051332,1,33,,0,2,1,1,B01
201900051333,2,7,,0,2,2,1,A01
201900051333,2,1,,0,2,5,26,B01
201900051334,3,7,,0,2,4,0,A01
201900051334,3,7,,0,2,0,0,B01
201900051335,1,7,,0,1,1,0,A01
201900051336,3,30,,8,0,7,18,A01
201900051337,1,7,,0,1,2,26,A01
201900051338,1,7,,0,1,1,1,A01
201900051339,0,7,,0,1,1,1,A01
201900051340,3,31,,8,0,1,14,A01
201900051341,2,10,,0,1,1,16,A01
201900051342,1,7,,0,0,0,14,A01
201900051343,2,1,,0,2,7,16,A01
201900051343,1,37,2.0,0,2,1,1,B01
201900051344,1,7,,0,2,4,1,C01
201900051344,1,7,,0,2,4,1,B01
201900051344,1,10,,0,2,1,1,A01
201900051345,2,7,,0,2,3,15,B01
201900051346,1,7,,0,2,4,2,B01
201900051346,1,7,,0,2,1,2,A01
201900051346,1,7,,0,2,4,16,C01
201900051347,1,1,,0,2,7,19,B01
201900051347,1,7,,0,1,1,15,X01
201900051348,1,7,,0,1,4,4,A01
201900051349,3,7,,0,2,1,1,B01
201900051349,3,7,,0,2,7,10,A01
201900051350,2,1,,0,2,1,0,B01
201900051350,2,7,,0,6,2,9,A01
201900051351,1,1,,0,2,0,0,B01
201900051351,1,7,,0,6,3,0,A01
201900051352,1,14,,0,1,1,1,A01
201900051353,1,33,,0,2,7,1,A01
201900051353,1,7,,0,2,1,1,B01
201900051354,2,80,,0,2,1,23,B01
201900051354,1,10,,0,2,6,4,A01
201900051355,1,7,,0,2,4,1,A01
201900051355,2,7,,0,2,1,2,C01
201900051355,2,7,,0,2,1,2,B01
201900051356,3,7,,0,1,3,15,A01
201900051357,1,7,,0,0,9,1,A01
201900051358,1,43,,0,2,7,1,B01
201900051358,2,7,,0,2,0,0,Z01
201900051359,1,7,,0,2,1,1,A01
201900051359,1,7,,0,2,4,1,C01
201900051359,1,7,,0,2,9,1,B01
201900051360,0,10,,0,2,7,17,Z01
201900051360,0,7,,0,2,3,15,A01
201900051361,3,7,,0,2,8,10,A01
201900051361,3,33,,0,2,1,21,B01
201900051362,0,7,,0,2,3,15,B01
201900051362,0,7,,0,2,3,1,C01
201900051362,0,7,,0,2,1,13,A01
201900051363,0,7,,0,1,4,26,A01
201900051364,3,32,,0,2,0,26,A01
201900051364,3,0,,0,0,0,0,Z01
201900051365,2,1,,0,2,1,25,B01
201900051365,1,7,,0,6,2,16,A01
201900051366,3,33,,0,2,7,1,B01
201900051366,3,7,,0,2,1,9,A01
201900051367,3,15,,0,2,1,2,B01
201900051367,3,7,,0,2,4,1,A01
201900051368,1,7,,0,1,1,19,A01
201900051369,3,7,,0,2,6,2,B01
201900051369,3,7,,0,2,4,0,C01
201900051369,3,7,,0,2,2,11,A01
201900051370,1,15,,0,2,2,1,A01
201900051370,1,33,,0,2,1,9,B01
201900051371,1,32,,0,2,1,1,A01
201900051371,1,7,,0,2,6,1,B01
201900051372,1,31,,0,2,3,3,B01
201900051372,1,7,,0,2,2,12,A01
201900051373,2,7,,0,2,4,23,C01
201900051373,2,7,,0,2,4,2,B01
201900051373,2,7,,0,2,1,2,A01
201900051374,3,60,,0,2,0,19,B01
201900051374,2,10,,0,2,5,16,A01
201900051375,2,10,,0,2,3,1,B01
201900051375,1,7,,0,2,2,1,A01
201900051376,3,2,,0,2,1,1,B01
201900051376,3,7,,0,2,3,1,A01
201900051377,1,10,,0,2,3,22,A01
201900051377,1,80,,0,2,1,1,B01
201900051378,3,7,,0,2,5,16,A01
201900051378,3,31,,0,2,8,1,B01
201900051379,2,32,,0,2,7,1,A01
201900051379,2,7,,0,2,2,15,B01
201900051380,3,7,,0,1,0,1,Z01
201900051381,1,7,,0,2,3,16,A01
201900051381,1,2,,0,2,1,1,B01
201900051382,2,7,,0,1,3,5,A01
201900051383,2,7,,0,1,6,23,A01
201900051383,2,7,,0,2,1,1,B01
201900051384,3,10,,0,2,1,1,A01
201900051384,3,7,,0,2,7,1,B01
201900051385,1,30,,0,1,0,1,Z01
201900051386,1,33,,0,2,1,1,B01
201900051386,1,7,,0,2,2,10,A01
201900051387,2,33,,0,2,1,1,A01
201900051387,2,7,,0,2,3,15,B01
201900051388,3,31,,12,0,2,14,A01
201900051389,1,30,,15,0,1,14,A01
201900051390,1,1,,0,2,7,23,A01
201900051390,1,30,,0,2,1,15,Z01
201900051391,2,10,,0,1,1,16,A01
201900051392,3,7,,0,2,7,15,B01
201900051392,3,32,,0,2,1,7,A01
201900051393,2,37,1.0,0,1,1,1,A01
201900051394,1,7,,0,2,2,1,A01
201900051394,1,7,,0,2,3,1,B01
201900051395,1,7,,0,1,3,15,A01
201900051396,1,10,,0,1,2,1,A01
201900051397,2,7,,0,2,3,15,A01
201900051397,2,33,,0,2,2,1,B01
201900051398,1,7,,0,1,3,14,A01
201900051398,1,60,,0,1,1,0,B01
201900051399,1,10,,0,2,6,1,A01
201900051399,1,10,,0,2,1,1,B01
201900051400,2,7,,0,0,0,0,C01
201900051400,2,14,,1,0,0,0,B01
201900051400,2,30,,1,2,1,18,A01
201900051401,2,7,,0,2,4,23,A01
201900051401,2,10,,0,2,1,1,B01
201900051402,2,10,,0,1,2,16,A01
201900051403,2,2,,0,6,1,3,B01
201900051403,2,7,,0,2,6,23,C01
201900051403,2,7,,0,2,3,22,A01
201900051404,1,7,,0,1,2,19,A01
201900051405,2,10,,0,2,2,15,A01
201900051405,1,7,,0,2,3,1,B01
201900051406,2,30,,0,2,1,26,A01
201900051406,2,0,,0,2,4,23,B01
201900051407,2,7,,0,1,2,1,A01
201900051408,1,10,,0,1,2,1,A01
201900051409,1,14,,1,0,2,2,B01
201900051409,1,7,,1,0,2,20,A01
201900051410,2,7,,1,0,2,1,A01
201900051411,2,7,,0,2,4,2,B01
201900051411,2,7,,0,2,1,2,A01
201900051412,3,7,,0,1,6,26,A01
201900051413,2,99,,0,0,0,0,B01
201900051413,2,1,,0,0,7,16,A01
201900051414,1,7,,0,1,1,1,A01
201900051415,1,7,,0,2,3,0,B01
201900051415,2,7,,0,2,3,13,A01
201900051416,1,7,,0,2,6,1,A01
201900051416,3,34,,0,2,7,26,C01
201900051416,3,34,,0,2,7,26,D01
201900051416,2,7,,0,2,3,1,B01
201900051417,2,10,,0,2,3,5,C01
201900051417,1,7,,0,2,3,11,B01
201900051417,1,33,,0,2,1,17,A01
201900051418,1,15,,0,2,4,12,A01
201900051418,1,33,,0,2,1,2,B01
201900051419,3,7,,0,1,7,9,A01
201900051420,3,7,,4,2,1,16,A01
201900051421,2,34,,0,2,3,18,B01
201900051421,2,7,,0,2,2,10,A01
201900051422,1,7,,0,1,3,19,A01
201900051423,3,2,,0,2,3,0,B01
201900051423,3,7,,0,1,2,2,A01
201900051424,0,7,,2,0,1,1,A01
201900051425,2,7,,0,0,7,1,B01
201900051425,1,10,,0,2,1,1,A01
201900051426,1,31,,0,2,1,1,A01
201900051426,1,7,,0,2,6,9,B01
201900051426,2,7,,0,9,8,1,C01
201900051427,2,33,,15,0,1,1,A01
201900051428,1,7,,6,0,1,18,A01
201900051429,1,33,,0,2,1,17,B01
201900051429,1,7,,0,2,8,15,A01
201900051430,1,17,,0,2,4,2,B01
201900051430,1,7,,0,2,1,2,A01
201900051431,1,7,,0,2,1,1,A01
201900051431,2,7,,0,2,1,13,B01
201900051432,0,36,,0,0,0,0,A01
201900051433,2,7,,0,2,1,1,C01
201900051433,2,7,,0,2,8,1,B01
201900051433,1,7,,0,2,1,19,A01
201900051434,1,7,,0,2,3,1,A01
201900051434,2,7,,0,2,3,1,B01
201900051435,1,15,,0,9,2,1,C01
201900051435,2,33,,0,2,1,1,B01
201900051435,1,7,,0,2,2,17,A01
201900051436,1,7,,0,2,1,1,B01
201900051436,3,7,,2,2,8,1,A01
201900051437,3,7,,13,0,1,14,A01
201900051438,2,7,,0,0,0,13,A01
201900051439,2,7,,0,2,3,19,A01
201900051439,2,7,,0,2,1,21,B01
201900051440,1,10,,0,1,7,21,A01
201900051441,0,7,,0,2,8,15,A01
201900051441,0,33,,0,2,1,2,B01
201900051442,2,7,,0,2,1,17,A01
201900051442,0,7,,8,2,5,9,B01
201900051443,2,7,,13,6,0,13,A01
201900051444,2,1,,14,0,1,1,A01
201900051445,3,2,,0,0,9,1,A01
201900051446,1,33,,0,0,4,2,B01
201900051446,1,7,,0,2,2,2,A01
201900051447,2,15,,13,0,7,14,A01
201900051448,1,7,,3,0,7,1,A01
201900051449,2,7,,3,2,1,2,A01
201900051449,2,15,,0,0,4,2,B01
201900051450,2,7,,4,0,1,26,A01
201900051451,1,7,,0,1,3,1,A01
201900051452,3,34,,12,0,8,1,A01
201900051453,2,7,,0,0,5,23,B01
201900051453,2,7,,13,0,3,2,A01
201900051454,1,7,,0,0,0,1,A01
201900051455,1,7,,0,1,2,1,A01
201900051456,3,33,,6,2,1,17,B01
201900051456,3,7,,0,2,8,15,A01
201900051457,1,7,,0,2,3,1,B01
201900051457,2,7,,0,2,7,15,A01
201900051458,2,21,,8,0,4,21,A01
201900051459,0,33,,0,2,1,0,A01
201900051459,3,10,,0,2,1,23,B01
201900051460,1,7,,0,2,1,15,B01
201900051460,2,7,,0,2,2,16,A01
201900051461,2,15,,0,2,4,2,B01
201900051461,2,7,,0,2,1,2,A01
201900051462,3,7,,0,0,2,1,A01
201900051463,0,7,,0,1,1,2,A01
201900051464,2,14,,0,2,4,23,A01
201900051464,2,7,,0,2,4,23,B01
201900051464,2,7,,0,2,1,1,C01
201900051465,1,17,,0,2,4,2,B01
201900051465,1,14,,0,2,1,2,A01
201900051466,1,7,,14,0,1,1,A01
201900051466,1,7,,0,2,4,1,B01
201900051467,1,33,,0,2,7,3,B01
201900051467,1,10,,0,2,8,11,A01
201900051468,1,7,,4,0,3,2,A01
201900051468,1,7,,0,2,0,0,B01
201900051469,2,33,,0,2,8,3,B01
201900051469,2,7,,0,2,2,12,A01
201900051470,1,7,,0,2,2,2,A01
201900051470,1,31,,0,2,4,3,B01
201900051471,2,7,,4,2,3,21,A01
201900051472,1,33,,0,2,5,1,A01
201900051472,1,7,,0,2,5,9,B01
201900051473,1,30,,0,2,1,17,A01
201900051473,3,38,1.0,0,2,3,15,B01
201900051474,3,37,1.0,0,1,1,19,A01
201900051475,3,1,,0,0,0,0,B01
201900051475,3,32,,0,0,0,0,A01
201900051476,0,7,,0,2,6,23,B01
201900051476,1,15,,0,2,3,23,D01
201900051476,0,7,,0,2,1,2,C01
201900051476,0,3,,0,2,5,23,A01
201900051477,0,7,,0,2,1,2,A01
201900051477,1,15,,0,2,4,2,B01
201900051478,1,7,,0,2,2,26,A01
201900051478,2,34,,0,2,8,0,B01
201900051479,0,7,,14,2,2,17,A01
201900051479,0,7,,0,2,3,2,C01
201900051479,0,10,,0,2,3,2,B01
201900051480,2,30,,0,1,0,26,A01
201900051481,1,2,,0,2,7,21,B01
201900051481,2,7,,0,2,3,10,A01
201900051482,0,10,,0,1,1,1,A01
201900051483,1,3,,0,1,3,9,A01
201900051484,3,33,,0,2,1,1,B01
201900051484,3,7,,0,2,1,1,C01
201900051484,3,7,,0,2,8,15,A01
201900051485,1,32,,0,0,7,14,A01
201900051486,0,32,,0,1,0,25,Z01
201900051487,1,1,,0,1,1,1,A01
201900051488,1,7,,0,2,3,15,B01
201900051488,1,31,,12,2,6,21,A01
201900051489,3,7,,0,2,2,21,B01
201900051489,3,7,,0,2,2,13,A01
201900051490,0,31,,0,2,1,21,B01
201900051490,0,7,,0,2,3,15,A01
201900051491,0,7,,0,2,2,1,B01
201900051491,1,7,,0,2,3,9,A01
201900051492,1,7,,0,2,1,2,A01