Num_Acc,senc,catv,occutc,obs,obsm,choc,manv,num_veh
201900051492,1,7,,0,2,4,2,B01
201900051493,3,7,,0,1,1,1,A01
201900051494,1,7,,0,1,1,26,A01
201900051495,1,7,,0,1,1,15,A01
201900051496,1,33,,0,2,1,17,A01
201900051496,2,7,,0,2,3,1,B01
201900051497,1,30,,0,2,2,17,A01
201900051497,1,7,,0,2,3,15,B01
201900051498,3,7,,0,2,8,15,B01
201900051498,3,33,,0,2,3,17,A01
201900051499,3,2,,0,2,1,1,A01
201900051499,3,7,,0,2,1,16,B01
201900051500,2,7,,0,2,7,1,A01
201900051500,1,7,,0,2,1,1,B01
201900051501,1,10,,0,1,1,1,A01
201900051502,1,10,,0,2,2,15,A01
201900051502,0,33,,0,2,1,1,B01
201900051503,1,10,,0,2,0,0,Z01
201900051503,1,7,,0,2,0,1,B01
201900051504,1,40,,0,1,0,1,A01
201900051505,2,33,,0,2,7,3,A01
201900051506,2,7,,0,2,1,2,A01
201900051506,2,7,,0,2,1,2,B01
201900051506,2,7,,0,2,1,2,C01
201900051506,2,7,,0,2,1,2,D01
201900051507,2,7,,0,2,3,9,A01
201900051507,2,17,,0,2,2,1,B01
201900051508,2,7,,4,0,3,1,A01
201900051509,2,7,,0,2,3,12,A01
201900051509,2,7,,0,2,3,1,B01
201900051509,2,7,,0,2,6,1,C01
201900051510,3,2,,0,2,7,15,B01
201900051510,3,7,,0,2,3,9,A01
201900051511,1,2,,0,0,7,1,A01
201900051512,3,7,,0,2,8,15,A01
201900051512,3,7,,0,2,1,1,B01
201900051513,1,2,,0,2,1,13,A01
201900051513,1,7,,0,2,4,1,B01
201900051514,1,31,,0,0,0,26,A01
201900051515,3,1,,0,2,8,19,B01
201900051515,3,7,,0,2,1,16,A01
201900051516,1,7,,8,0,1,1,A01
201900051517,1,7,,0,-1,8,15,A01
201900051517,1,40,,0,2,1,1,B01
201900051518,2,7,,0,2,3,1,A01
201900051518,1,37,1.0,0,2,2,1,B01
201900051519,2,2,,0,2,4,23,B01
201900051519,2,7,,0,2,2,26,A01
201900051520,1,7,,0,9,1,1,A01
201900051520,2,0,,0,2,1,1,B01
201900051521,1,7,,0,0,1,16,A01
201900051522,3,7,,0,2,3,0,B01
201900051522,3,7,,0,2,3,26,A01
201900051523,3,7,,0,2,7,1,A01
201900051523,1,7,,0,2,1,2,B01
201900051524,2,7,,0,2,7,22,A01
201900051524,2,31,,0,2,1,18,B01
201900051525,3,7,,9,0,2,1,A01
201900051526,1,7,,0,2,3,20,A01
201900051526,1,2,,0,2,1,1,B01
201900051527,2,2,,0,6,8,1,B01
201900051527,1,99,,0,2,1,15,A01
201900051528,2,10,,0,1,6,4,A01
201900051529,1,7,,0,2,1,9,A01
201900051529,1,33,,0,2,7,1,B01
201900051530,1,1,,1,0,1,1,B01
201900051530,2,7,,0,2,3,22,A01
201900051531,1,7,,2,0,1,1,A01
201900051532,0,7,,0,2,8,26,B01
201900051532,3,30,,0,2,1,17,A01
201900051533,1,7,,0,1,2,2,A01
201900051534,0,31,,0,2,1,2,I01
201900051534,0,7,,0,2,4,15,B01
201900051535,2,7,,0,1,3,17,A01
201900051536,2,7,,0,9,4,2,B01
201900051536,2,14,,0,2,1,26,A01
201900051537,2,7,,14,9,3,2,A01
201900051537,2,7,,0,2,5,23,B01
201900051537,2,7,,0,2,4,23,C01
201900051537,2,7,,0,2,4,23,D01
201900051538,2,33,,0,2,5,0,A01
201900051538,2,7,,0,2,3,0,B01
201900051539,1,2,,0,2,1,1,A01
201900051539,1,7,,0,0,4,1,B01
201900051540,1,7,,0,1,2,15,A01
201900051541,2,7,,0,2,1,5,A01
201900051541,1,7,,0,2,1,1,B01
201900051541,1,7,,0,2,1,2,C01
201900051542,3,10,,13,0,2,1,A01
201900051543,2,7,,0,1,1,1,A01
201900051544,2,7,,0,2,8,1,B01
201900051544,1,7,,0,2,1,1,A01
201900051545,1,7,,0,2,1,1,A01
201900051545,1,32,,0,2,1,1,B01
201900051546,1,1,,0,2,1,9,A01
201900051546,2,7,,0,2,2,1,B01
201900051547,2,7,,0,2,7,19,A01
201900051547,2,7,,0,2,1,1,B01
201900051548,3,7,,0,2,8,15,A01
201900051548,3,33,,0,2,1,17,B01
201900051549,2,32,,0,2,1,7,B01
201900051549,2,7,,0,2,2,12,A01
201900051550,2,7,,0,1,2,1,A01
201900051551,3,7,,0,1,1,15,A01
201900051552,3,7,,0,2,2,2,A01
201900051552,3,2,,0,2,8,1,B01
201900051553,3,37,1.0,0,2,1,1,B01
201900051553,3,34,,0,2,8,1,A01
201900051554,1,7,,0,2,3,1,B01
201900051554,1,7,,0,2,1,5,A01
201900051555,1,0,,0,1,3,1,Z01
201900051556,3,7,,0,2,3,9,A01
201900051556,3,7,,0,2,2,2,B01
201900051557,1,33,,0,2,9,0,A01
201900051557,1,7,,0,2,8,0,B01
201900051558,1,7,,0,2,1,15,A01
201900051558,1,2,,0,2,1,0,B01
201900051559,3,30,,0,2,1,1,A01
201900051559,3,10,,0,2,3,0,B01
201900051560,2,30,,15,0,3,1,A01
201900051561,3,7,,0,2,8,1,B01
201900051561,3,7,,0,2,2,15,A01
201900051562,3,7,,0,2,1,1,B01
201900051562,3,7,,0,2,5,1,A01
201900051563,0,50,,0,2,2,15,A01
201900051563,3,7,,0,2,3,9,B01
201900051564,2,7,,0,1,0,1,Z01
201900051565,2,7,,0,2,8,1,A01
201900051565,2,33,,0,2,1,1,B01
201900051566,1,2,,0,2,0,1,B01
201900051566,2,7,,0,2,0,1,A01
201900051567,1,7,,0,2,4,2,C01
201900051567,1,7,,0,2,4,2,B01
201900051567,1,7,,0,2,1,1,A01
201900051568,1,7,,0,2,1,1,A01
201900051568,0,10,,0,2,4,1,B01
201900051569,1,7,,0,2,1,1,B01
201900051569,0,2,,0,2,1,13,A01
201900051570,3,1,,0,2,8,1,B01
201900051570,3,7,,0,2,3,15,A01
201900051571,2,7,,0,2,1,1,A01
201900051571,2,7,,0,2,9,1,B01
201900051571,2,7,,0,2,9,1,C01
201900051571,2,7,,0,2,4,1,D01
201900051572,3,7,,0,1,3,16,A01
201900051573,2,7,,0,2,0,18,Z01
201900051573,2,7,,0,2,2,20,A01
201900051574,1,7,,2,0,1,13,A01
201900051575,0,33,,3,0,0,1,A01
201900051576,1,7,,0,2,4,2,B01
201900051576,1,30,,0,2,1,2,A01
201900051577,1,40,,0,2,3,0,B01
201900051577,3,10,,0,-1,2,16,A01
201900051578,3,7,,0,2,8,2,B01
201900051578,3,7,,0,2,2,19,A01
201900051579,2,7,,0,2,3,1,B01
201900051579,2,7,,0,2,2,9,A01
201900051579,1,7,,0,2,3,1,C01
201900051580,2,33,,0,2,2,17,A01
201900051580,2,7,,0,2,3,11,B01
201900051581,1,32,,0,1,1,1,A01
201900051582,2,7,,0,2,1,26,B01
201900051582,2,7,,3,0,4,23,A01
201900051583,1,1,,0,2,1,1,B01
201900051583,1,7,,0,2,8,22,A01
201900051584,1,7,,0,1,2,1,A01
201900051585,2,30,,0,1,8,1,A01
201900051586,3,7,,0,2,1,11,A01
201900051586,3,7,,0,2,1,1,B01
201900051587,2,33,,0,2,7,1,B01
201900051587,2,17,,0,2,3,11,A01
201900051588,2,34,,14,0,1,14,A01
201900051589,0,7,,0,2,1,1,A01
201900051589,0,7,,0,2,8,9,B01
201900051590,1,7,,0,1,2,1,A01
201900051591,1,7,,0,2,1,16,B01
201900051591,2,7,,0,2,1,13,A01
201900051592,2,7,,15,0,1,13,A01
201900051593,3,7,,6,0,3,1,A01
201900051594,1,7,,0,2,3,15,B01
201900051594,1,32,,0,2,2,17,A01
201900051595,2,7,,0,2,1,2,C01
201900051595,2,10,,0,0,4,2,B01
201900051595,2,7,,0,2,1,2,A01
201900051596,1,7,,0,2,8,13,A01
201900051596,1,30,,0,2,7,17,B01
201900051597,3,50,,12,0,1,13,A01
201900051598,1,3,,0,2,2,15,A01
201900051598,2,7,,0,2,1,1,B01
201900051599,1,7,,8,0,6,1,A01
201900051600,1,7,,0,2,3,2,B01
201900051600,2,34,,0,2,3,5,A01
201900051601,1,7,,0,1,3,1,A01
201900051602,2,7,,0,2,3,1,B01
201900051602,1,7,,0,2,3,13,A01
201900051603,1,7,,0,1,2,2,A01
201900051604,2,7,,10,0,3,13,A01
201900051605,2,1,,0,2,1,2,A01
201900051605,2,7,,1,2,5,1,B01
201900051606,2,7,,2,0,1,0,A01
201900051607,1,17,,0,2,3,0,A01
201900051607,1,17,,0,2,5,0,B01
201900051608,1,7,,0,2,5,15,A01
201900051608,2,31,,0,2,3,1,B01
201900051609,2,7,,0,2,3,15,A01
201900051609,1,7,,0,2,1,1,B01
201900051610,1,7,,0,2,3,3,A01
201900051610,2,7,,0,2,3,1,B01
201900051611,1,7,,0,2,3,13,A01
201900051611,1,31,,0,2,7,17,B01
201900051612,2,3,,1,0,3,26,A01
201900051613,1,7,,2,0,8,1,A01
201900051614,1,30,,0,2,3,11,A01
201900051614,1,7,,0,2,2,11,B01
201900051615,1,30,,0,2,1,1,A01
201900051615,1,7,,0,2,6,10,B01
201900051616,2,7,,3,2,1,1,A01
201900051616,1,7,,0,2,1,13,B01
201900051616,2,7,,0,2,8,1,C01
201900051616,2,14,,0,2,3,1,E01
201900051617,2,7,,0,2,3,0,A01
201900051617,1,7,,0,2,3,1,B01
201900051618,1,30,,0,1,1,1,A01
201900051619,1,7,,0,1,3,1,A01
201900051620,1,7,,0,1,1,1,A01
201900051621,2,32,,0,2,0,17,A01
201900051621,2,7,,0,2,8,15,B01
201900051622,1,30,,12,0,1,26,A01
201900051623,1,7,,0,0,4,2,A01
201900051623,1,7,,0,2,1,0,B01
201900051624,1,7,,0,2,4,1,A01
201900051624,1,34,,0,2,1,2,B01
201900051625,3,1,,0,2,8,19,B01
201900051625,2,10,,0,2,3,16,A01
201900051625,2,10,,0,2,0,0,C01
201900051626,1,7,,0,2,8,24,A01
201900051626,1,1,,1,0,7,1,B01
201900051627,1,7,,4,2,4,2,A01
201900051627,1,7,,4,2,4,2,B01
201900051627,1,7,,4,2,1,2,C01
201900051628,2,15,,0,2,2,21,A01
201900051628,1,7,,0,2,6,4,B01
201900051629,3,2,,0,2,8,1,B01
201900051629,3,7,,0,2,7,17,A01
201900051630,3,7,,0,2,1,15,A01
201900051630,1,7,,2,0,4,1,B01
201900051631,2,7,,0,2,1,0,B01
201900051631,1,7,,0,2,7,1,A01
201900051632,0,34,,12,0,2,1,A01
201900051633,1,7,,0,0,6,9,A01
201900051633,1,7,,0,2,2,9,B01
201900051634,1,7,,3,0,1,1,A01
201900051635,1,7,,0,2,8,1,B01
201900051635,2,7,,0,2,9,0,A01
201900051636,2,10,,0,2,4,2,A01
201900051636,2,10,,0,2,1,2,B01
201900051637,1,50,,0,2,5,1,B01
201900051637,2,7,,0,2,2,26,A01
201900051638,1,10,,0,2,1,5,B01
201900051638,1,10,,0,2,1,1,A01
201900051639,1,2,,1,0,1,1,A01
201900051640,1,10,,0,2,4,2,A01
201900051640,1,10,,0,2,1,2,B01
201900051641,2,31,,13,0,8,1,A01
201900051642,1,7,,7,2,1,19,A01
201900051642,2,7,,7,2,8,1,B01
201900051643,1,7,,0,2,1,2,B01
201900051643,1,7,,0,2,4,2,A01
201900051644,1,17,,3,0,8,26,A01
201900051645,2,1,,0,2,1,13,A01
201900051645,1,7,,0,9,1,1,B01
201900051646,2,7,,0,1,1,1,A01
201900051647,2,7,,0,2,4,2,A01
201900051647,2,7,,0,2,4,2,B01
201900051647,2,7,,0,2,1,14,C01
201900051648,2,2,,0,0,9,1,A01
201900051649,3,7,,0,1,2,1,A01
201900051650,1,7,,0,2,1,2,C01
201900051650,1,7,,0,2,4,1,B01
201900051650,1,7,,0,2,1,2,A01
201900051651,1,7,,0,2,3,13,A01
201900051651,2,7,,0,2,3,1,B01
201900051652,2,7,,6,0,2,1,A01
201900051653,2,7,,3,0,1,6,A01
201900051654,0,7,,0,2,1,1,B01
201900051654,0,7,,0,2,1,13,A01
201900051655,2,7,,4,0,1,1,A01
201900051656,2,7,,0,2,4,15,B01
201900051656,2,10,,0,2,1,1,A01
201900051656,1,7,,0,2,3,1,C01
201900051657,2,10,,0,2,1,17,A01
201900051657,2,7,,3,2,4,2,B01
201900051658,3,7,,13,0,1,26,A01
201900051659,1,7,,6,2,1,1,A01
201900051659,2,7,,0,2,2,26,B01
201900051660,1,33,,0,2,8,2,B01
201900051660,1,10,,0,2,5,1,A01
201900051661,3,3,,2,0,2,14,A01
201900051662,2,33,,0,2,1,5,A01
201900051662,1,7,,0,2,3,1,B01
201900051663,1,17,,0,2,2,9,A01
201900051663,1,2,,0,2,2,19,B01
201900051664,1,7,,2,0,3,1,A01
201900051665,1,7,,0,2,1,1,C01
201900051665,1,7,,0,1,6,1,B01
201900051665,1,17,,0,2,2,12,A01
201900051666,2,7,,0,2,1,15,A01
201900051666,2,1,,0,2,8,15,B01
201900051667,1,33,,0,2,1,3,B01
201900051667,1,7,,0,2,0,20,A01
201900051668,2,10,,0,2,8,11,B01
201900051668,2,7,,4,2,1,13,A01
201900051669,1,1,,0,2,3,15,B01
201900051669,1,7,,0,9,2,1,A01
201900051670,2,7,,0,2,4,2,B01
201900051670,2,7,,0,2,1,1,A01
201900051671,1,7,,13,0,1,1,A01
201900051672,2,15,,0,1,3,26,A01
201900051673,2,14,,0,0,0,2,A01
201900051673,2,7,,4,2,1,2,B01
201900051673,2,7,,0,2,8,2,C01
201900051673,2,7,,0,2,1,2,D01
201900051673,2,7,,4,0,1,1,E01
201900051674,2,43,,0,2,2,3,B01
201900051674,2,7,,0,2,1,11,A01
201900051675,3,31,,0,0,1,13,A01
201900051676,3,3,,0,0,6,19,A01
201900051676,1,2,,0,0,3,9,B01
201900051677,2,7,,0,2,4,23,C01
201900051677,2,7,,0,2,4,23,B01
201900051677,2,7,,0,2,1,2,A01
201900051678,2,7,,0,2,4,1,A01
201900051678,2,7,,0,2,4,1,B01
201900051678,0,7,,0,2,4,1,C01
201900051678,2,7,,0,2,1,1,D01
201900051679,2,7,,0,2,1,2,A01
201900051679,2,7,,0,2,4,2,B01
201900051679,2,7,,0,0,4,2,C01
201900051680,1,2,,0,0,0,1,A01
201900051681,1,7,,0,2,1,1,B01
201900051681,2,7,,0,2,2,1,A01
201900051682,3,2,,1,0,1,1,A01
201900051683,2,7,,0,2,2,15,A01
201900051683,2,7,,0,2,2,1,B01
201900051684,3,7,,0,2,3,15,A01
201900051684,3,33,,0,2,1,1,B01
201900051685,0,7,,0,2,1,9,B01
201900051685,0,7,,0,0,7,0,A01
201900051686,1,32,,0,2,8,1,B01
201900051686,1,7,,0,2,6,16,A01
201900051687,1,7,,0,2,4,2,B01
201900051687,1,7,,0,2,4,2,C01
201900051687,1,7,,0,2,1,2,A01
201900051688,3,7,,2,0,1,0,A01
201900051689,1,99,,0,2,1,1,B01
201900051689,1,7,,0,2,8,10,A01
201900051690,2,15,,3,2,3,1,B01
201900051690,1,7,,0,2,3,13,A01
201900051691,1,33,,0,2,2,1,B01
201900051691,1,7,,0,2,6,11,A01
201900051692,1,7,,0,2,3,1,B01
201900051692,1,7,,0,2,1,1,A01
201900051693,3,7,,6,0,0,1,A01
201900051694,2,33,,16,0,7,3,A01
201900051695,1,7,,0,0,4,0,B01
201900051695,2,7,,1,0,7,1,A01
201900051696,2,32,,0,2,3,3,A01
201900051697,1,15,,0,1,0,0,A01
201900051698,2,7,,16,0,1,26,A01
201900051699,1,10,,4,0,7,1,A01
201900051700,1,10,,0,2,1,1,A01
201900051700,1,7,,0,2,4,1,B01
201900051701,2,7,,0,2,5,14,B01
201900051701,2,7,,4,2,3,1,A01
201900051702,2,7,,3,0,2,1,A01
201900051703,2,10,,0,2,1,1,A01
201900051703,2,7,,0,2,4,2,B01
201900051703,2,7,,0,2,4,0,C01
201900051704,1,7,,0,2,4,11,A01
201900051704,1,33,,0,2,1,3,B01
201900051705,2,7,,0,2,1,1,A01
201900051705,2,7,,0,2,4,1,B01
201900051706,1,7,,0,2,2,1,A01
201900051706,1,7,,0,2,5,1,B01
201900051707,2,99,,0,1,0,26,Z01
201900051708,2,33,,0,2,1,3,B01
201900051708,2,7,,0,2,6,11,A01
201900051709,1,7,,4,0,1,1,A01
201900051710,2,7,,4,0,6,21,A01
201900051711,2,7,,0,2,1,2,D01
201900051711,2,7,,0,2,4,2,C01
201900051711,2,7,,0,2,4,2,B01
201900051711,2,7,,0,2,1,2,A01
201900051712,1,7,,0,2,6,11,B01
201900051712,1,31,,0,2,2,3,A01
201900051713,2,33,,0,2,3,1,B01
201900051713,2,7,,0,2,3,11,A01
201900051714,2,7,,0,2,6,0,C01
201900051714,2,7,,0,2,6,0,B01
201900051714,2,10,,0,2,1,0,A01
201900051715,1,7,,4,0,3,2,A01
201900051716,1,7,,0,2,1,12,A01
201900051716,1,33,,0,2,3,3,B01
201900051717,2,10,,0,2,4,11,A01
201900051717,2,32,,0,2,3,3,B01
201900051718,2,7,,0,2,1,1,B01
201900051718,2,7,,0,2,4,14,A01
201900051719,2,31,,0,2,7,3,A01
201900051719,2,7,,0,2,6,2,B01
201900051719,2,32,,0,2,1,3,C01
201900051720,2,7,,4,0,2,1,A01
201900051721,1,34,,0,2,2,3,B01
201900051721,1,10,,0,2,6,11,A01
201900051722,2,7,,0,2,5,12,A01
201900051722,2,33,,0,2,3,3,B01
201900051723,1,7,,4,2,3,21,A01
201900051723,1,7,,0,2,6,13,Z01
201900051724,1,7,,4,0,3,13,A01
201900051725,2,7,,0,0,3,1,A01
201900051726,2,7,,0,2,4,2,B01
201900051726,2,7,,0,2,1,2,C01
201900051726,2,10,,0,2,4,2,A01
201900051727,2,7,,3,0,1,1,A01
201900051728,2,7,,4,0,2,15,A01
201900051729,1,7,,4,0,3,0,A01
201900051730,2,7,,4,0,2,15,A01
201900051731,2,7,,0,2,6,1,B01
201900051731,2,33,,0,2,2,3,A01
201900051732,2,33,,16,0,7,12,A01
201900051733,2,33,,0,2,1,3,B01
201900051733,2,10,,0,2,5,12,A01
201900051734,2,43,,0,2,1,2,A01
201900051734,2,7,,0,2,4,2,D01
201900051734,2,7,,0,2,1,2,Z01
201900051734,2,10,,0,2,1,2,B01
201900051735,2,33,,4,0,0,17,A01
201900051736,1,7,,0,2,1,2,A01
201900051736,1,7,,0,2,4,2,B01
201900051736,1,7,,0,2,4,2,C01
201900051737,2,7,,4,0,3,16,A01
201900051738,1,7,,0,1,1,20,A01
201900051739,2,7,,0,2,6,15,A01
201900051739,1,33,,0,2,3,1,B01
201900051740,1,7,,0,9,8,15,A01
201900051740,1,33,,0,2,7,1,B01
201900051741,1,7,,0,2,0,0,B01
201900051741,2,2,,0,2,3,16,A01
201900051742,2,7,,0,2,1,2,C01
201900051742,2,7,,0,2,4,2,B01
201900051742,2,7,,0,2,4,2,A01
201900051743,3,50,,0,2,2,15,A01
201900051743,3,7,,0,9,8,9,B01
201900051744,2,7,,3,0,9,16,A01
201900051745,1,7,,0,2,4,11,A01
201900051745,1,33,,0,2,1,3,B01
201900051746,1,7,,4,0,2,15,A01
201900051747,3,31,,0,2,7,0,B01
201900051747,3,7,,0,2,2,19,A01
201900051748,2,7,,4,0,3,15,A01
201900051749,2,7,,0,2,8,11,B01
201900051749,2,33,,0,2,2,1,A01
201900051750,2,7,,0,2,6,13,A01
201900051750,2,31,,0,2,2,1,B01
201900051751,1,7,,15,0,1,26,A01
201900051752,1,7,,0,2,0,1,B01
201900051752,1,7,,0,2,1,26,A01
201900051753,2,33,,0,0,8,1,A01
201900051754,1,33,,12,2,7,17,A01
201900051754,1,7,,0,2,8,15,B01
201900051755,1,7,,0,2,4,2,B01
201900051755,1,7,,0,2,4,2,D01
201900051755,1,15,,0,2,4,2,E01
201900051755,1,7,,0,2,4,2,C01
201900051755,1,17,,0,2,1,2,A01
201900051756,3,32,,0,0,8,15,A01
201900051757,2,7,,0,2,8,11,A01
201900051757,2,33,,0,2,7,3,B01
201900051758,2,7,,0,2,2,3,A01
201900051758,2,7,,0,2,4,13,B01
201900051759,2,7,,0,2,7,1,B01
201900051759,1,7,,0,2,1,15,A01
201900051760,1,7,,3,0,9,1,A01
201900051761,1,7,,12,0,1,21,A01
201900051762,1,7,,0,2,1,1,B01
201900051762,2,7,,0,2,1,15,A01
201900051763,1,7,,13,0,7,1,A01
201900051764,1,7,,0,2,2,1,A01
201900051765,1,7,,0,2,1,13,A01
201900051765,2,7,,0,2,1,1,B01
201900051766,3,32,,0,2,1,16,A01
201900051767,1,7,,0,2,1,1,A01
201900051767,2,7,,0,2,1,2,B01
201900051768,1,7,,6,0,2,0,A01
201900051769,1,7,,0,2,5,16,A01
201900051769,1,2,,0,2,8,1,B01
201900051770,1,7,,0,2,1,1,B01
201900051770,2,7,,0,2,2,15,A01
201900051771,1,7,,0,2,4,1,B01
201900051771,1,32,,0,2,1,1,A01
201900051772,3,7,,0,2,0,0,B01
201900051772,3,7,,0,2,5,9,A01
201900051773,1,7,,12,0,1,1,A01
201900051774,2,10,,0,1,4,26,A01
201900051775,1,7,,1,0,0,0,B01
201900051775,1,10,,0,2,1,2,C01
201900051775,1,7,,0,2,4,23,A01
201900051776,3,7,,0,1,3,1,A01
201900051777,3,7,,0,1,1,1,A01
201900051778,0,2,,0,2,0,1,A01
201900051778,0,7,,0,2,2,16,B01
201900051779,0,7,,0,2,0,22,A01
201900051779,0,1,,0,2,0,1,B01
201900051780,2,32,,12,0,0,0,A01
201900051781,0,37,1.0,0,2,7,19,B01
201900051781,0,7,,0,2,1,19,A01
201900051782,0,7,,0,1,1,1,A01
201900051783,2,7,,0,2,2,15,B01
201900051783,1,7,,0,2,3,16,A01
201900051784,2,7,,8,0,1,14,A01
201900051785,1,1,,12,0,0,14,A01
201900051786,1,7,,0,1,0,1,A01
201900051787,2,7,,0,2,1,19,A01
201900051787,2,2,,0,2,7,19,B01
201900051788,3,7,,12,1,3,19,A01
201900051789,1,7,,0,1,2,1,A01
201900051790,1,7,,0,2,1,1,A01
201900051790,1,7,,0,2,5,16,B01
201900051791,2,2,,0,2,0,21,B01
201900051791,2,7,,0,2,3,15,A01
201900051792,0,3,,0,1,1,26,A01
201900051793,3,30,,0,0,1,26,A01
201900051794,1,7,,0,2,3,16,B01
201900051794,1,1,,0,2,1,1,A01
201900051795,1,7,,0,1,3,1,A01
201900051796,1,7,,0,2,8,9,A01
201900051796,1,30,,0,2,1,1,B01
201900051797,2,33,,0,2,1,1,B01
201900051797,1,7,,0,2,7,15,A01
201900051798,1,7,,0,1,1,17,A01
201900051799,0,1,,0,2,3,23,B01
201900051799,3,7,,16,2,2,16,A01
201900051800,0,7,,0,2,3,15,B01
201900051800,0,33,,0,2,7,17,A01
201900051801,1,1,,0,1,1,1,A01
201900051802,3,30,,0,2,8,18,A01
201900051802,3,7,,0,2,2,1,B01
201900051803,1,7,,0,2,8,15,B01
201900051803,1,32,,0,2,7,17,A01
201900051804,1,7,,0,2,8,15,A01
201900051804,1,7,,0,2,1,17,B01
201900051805,2,7,,0,2,5,1,B01
201900051805,2,1,,0,2,1,8,A01
201900051806,1,7,,0,2,2,1,B01
201900051806,2,7,,0,2,2,15,A01
201900051807,1,7,,0,2,8,15,A01
201900051807,2,32,,0,2,0,0,B01
201900051808,3,7,,0,1,3,1,A01
201900051809,3,0,,0,2,1,1,Z01
201900051809,3,32,,0,2,2,9,A01
201900051810,1,7,,0,1,7,1,A01
201900051811,2,30,,0,2,0,0,A01
201900051811,2,7,,0,0,0,0,Z01
201900051812,1,7,,0,2,3,1,A01
201900051812,0,7,,0,2,3,23,B01
201900051813,1,7,,0,1,2,1,A01
201900051814,2,34,,0,2,1,1,B01
201900051814,3,7,,0,2,3,15,A01
201900051815,2,7,,2,0,2,13,A01
201900051816,1,7,,0,2,4,2,B01
201900051816,1,10,,0,2,1,2,A01
201900051817,1,7,,0,1,1,1,Z01
201900051818,1,7,,0,1,3,1,A01
201900051819,2,32,,0,2,1,2,A01
201900051819,2,10,,0,2,4,2,B01
201900051820,2,1,,0,2,1,1,B01
201900051820,2,30,,0,2,3,9,A01
201900051821,1,7,,0,1,3,1,A01
201900051822,2,7,,0,1,2,1,A01
201900051823,2,33,,0,2,8,1,B01
201900051823,2,10,,0,2,2,14,A01
201900051824,1,7,,0,1,0,1,A01
201900051825,1,7,,0,2,3,15,A01
201900051825,1,32,,0,2,3,1,B01
201900051826,1,30,,0,1,1,1,A01
201900051827,2,10,,0,2,3,15,B01
201900051827,1,1,,0,2,1,8,A01
201900051828,2,7,,0,2,6,15,A01
201900051828,2,30,,0,2,1,1,B01
201900051829,2,7,,0,1,2,1,A01
201900051830,1,15,,0,1,1,19,A01
201900051831,3,30,,15,0,8,1,A01
201900051832,1,7,,0,0,0,0,A01
201900051832,1,7,,0,0,0,0,B01
201900051833,1,7,,0,2,1,1,A01
201900051833,1,10,,0,2,4,0,B01
201900051834,1,2,,0,1,0,0,A01
201900051835,1,1,,0,0,0,21,A01
201900051836,2,7,,8,0,7,1,A01
201900051837,1,7,,15,0,2,15,A01
201900051838,2,21,,0,2,1,1,A01
201900051838,1,1,,0,2,1,1,B01
201900051839,1,7,,0,0,9,0,A01
201900051840,2,10,,0,1,2,14,A01
201900051841,1,33,,0,0,0,1,A01
201900051842,1,7,,0,1,3,16,A01
201900051843,1,7,,0,1,0,0,A01
201900051844,2,37,2.0,0,2,8,1,B01
201900051844,3,21,,0,2,1,16,A01
201900051845,1,7,,0,1,1,1,B01
201900051846,2,7,,13,0,1,1,A01
201900051847,1,30,,0,2,1,1,B01
201900051847,2,7,,0,2,2,15,A01
201900051848,1,33,,0,0,8,24,B01
201900051848,1,33,,1,0,1,1,A01
201900051849,1,7,,0,0,2,1,B01
201900051849,2,7,,3,0,2,1,A01
201900051850,0,7,,0,2,3,1,B01
201900051850,3,2,,0,0,7,0,A01
201900051851,3,13,,8,0,8,16,A01
201900051852,1,7,,0,2,3,13,A01
201900051852,2,7,,0,2,3,1,B01
201900051853,1,2,,0,0,0,1,A01
201900051854,1,7,,0,1,3,1,A01
201900051855,3,10,,13,0,8,19,A01
201900051856,1,7,,16,0,1,14,A01
201900051857,1,7,,0,2,8,1,B01
201900051857,2,7,,0,2,8,13,A01
201900051858,2,7,,0,1,1,2,A01
201900051859,3,1,,0,2,7,15,B01
201900051859,3,7,,0,9,1,1,A01
201900051860,1,7,,16,0,0,1,A01
201900051861,0,2,,0,2,1,2,B01
201900051861,3,7,,0,2,5,2,A01
201900051862,3,2,,13,0,8,26,A01
201900051863,1,7,,0,2,7,15,A01
201900051863,2,33,,0,2,1,1,B01
201900051864,1,7,,0,1,3,1,A01
201900051865,0,7,,0,1,1,16,A01
201900051866,1,7,,0,0,1,1,A01
201900051867,1,7,,4,0,1,9,A01
201900051868,1,7,,0,2,3,13,A01
201900051868,2,7,,0,2,3,1,B01
201900051869,2,7,,0,0,3,15,B01
201900051869,1,7,,6,0,2,1,A01
201900051870,0,10,,17,0,1,1,A01
201900051871,2,21,,0,0,4,1,B01
201900051871,1,7,,0,9,1,2,A01
201900051872,1,14,,0,2,2,2,A01
201900051872,1,7,,13,0,4,2,B01
201900051873,3,33,,13,0,8,1,A01
201900051874,0,7,,8,0,1,1,A01
201900051875,1,7,,0,2,3,15,A01
201900051875,2,33,,0,2,1,1,B01
201900051876,2,7,,13,0,1,1,A01
201900051877,1,7,,0,0,1,1,B01
201900051877,2,7,,0,0,1,1,A01
201900051878,2,7,,0,0,4,15,B01
201900051878,2,7,,0,2,1,1,A01
201900051879,2,7,,0,0,3,15,A01
201900051879,1,7,,0,0,1,23,B01
201900051879,1,33,,0,2,1,2,C01
201900051880,2,7,,0,2,3,1,B01
201900051880,1,7,,0,2,1,11,A01
201900051881,1,15,,0,0,0,0,A01