Num_Acc,senc,catv,occutc,obs,obsm,choc,manv,num_veh
201900051881,1,80,,0,9,0,2,B01
201900051882,2,7,,0,0,6,1,A01
201900051883,1,7,,0,2,2,5,A01
201900051883,2,10,,15,2,8,1,B01
201900051884,1,7,,0,0,6,23,B01
201900051884,1,2,,0,2,1,1,A01
201900051885,2,7,,0,2,3,15,A01
201900051885,1,2,,0,2,1,2,B01
201900051886,2,7,,0,2,3,1,A01
201900051886,1,17,,0,2,3,1,B01
201900051887,1,7,,0,1,2,1,A01
201900051888,2,33,,0,2,3,1,B01
201900051888,2,7,,0,2,5,1,A01
201900051889,2,33,,0,2,1,1,B01
201900051889,1,10,,0,0,5,15,A01
201900051890,2,7,,0,2,4,2,B01
201900051890,2,7,,0,2,1,2,A01
201900051891,1,7,,2,0,8,1,A01
201900051892,2,1,,0,2,8,13,B01
201900051892,2,33,,0,2,7,17,A01
201900051893,2,7,,2,0,1,14,A01
201900051894,2,33,,0,2,1,1,A01
201900051894,1,10,,0,2,2,11,B01
201900051895,2,7,,0,2,6,15,A01
201900051895,1,2,,0,2,1,1,B01
201900051896,2,7,,8,2,3,1,B01
201900051896,1,7,,0,2,1,13,A01
201900051897,1,7,,0,2,3,13,A01
201900051897,3,7,,0,2,3,1,B01
201900051898,1,7,,2,0,1,19,A01
201900051899,2,7,,0,9,5,15,B01
201900051899,2,2,,0,2,7,1,A01
201900051900,1,7,,6,0,2,1,A01
201900051901,0,33,,0,0,5,0,A01
201900051901,0,33,,0,2,1,1,B01
201900051902,1,1,,0,0,4,1,B01
201900051902,1,7,,0,9,2,1,A01
201900051903,2,33,,0,2,8,1,A01
201900051903,2,7,,0,2,7,12,B01
201900051904,1,2,,0,2,1,17,A01
201900051904,1,7,,0,2,8,15,B01
201900051905,2,1,,16,0,7,21,A01
201900051906,2,33,,0,2,1,1,A01
201900051906,1,7,,0,2,1,15,B01
201900051907,2,34,,0,2,1,1,A01
201900051907,1,7,,0,2,5,15,B01
201900051908,0,7,,0,1,1,16,A01
201900051909,1,7,,0,2,1,2,A01
201900051909,1,13,,0,2,4,2,B01
201900051910,2,7,,0,2,1,5,A01
201900051910,1,7,,0,2,1,17,B01
201900051911,3,7,,13,0,9,1,A01
201900051912,1,17,,0,2,2,17,B01
201900051912,1,7,,0,2,8,13,A01
201900051913,1,7,,0,2,1,1,A01
201900051913,1,14,,0,0,4,23,B01
201900051914,1,7,,0,2,3,1,B01
201900051914,2,7,,0,2,1,13,A01
201900051915,1,7,,0,2,7,9,A01
201900051915,1,7,,0,2,1,1,B01
201900051916,2,33,,0,2,1,1,B01
201900051916,3,21,,0,0,5,15,A01
201900051917,2,14,,0,0,3,2,C01
201900051917,2,7,,0,0,8,2,B01
201900051917,1,7,,0,0,3,13,A01
201900051918,1,7,,0,2,7,19,B01
201900051918,1,2,,0,2,1,1,A01
201900051919,2,33,,0,2,1,13,B01
201900051919,1,7,,0,2,8,1,A01
201900051920,2,7,,3,0,2,14,A01
201900051921,1,7,,0,2,7,17,A01
201900051921,1,2,,0,2,8,1,B01
201900051922,2,10,,0,2,3,11,C01
201900051922,2,7,,0,2,5,0,B01
201900051922,2,10,,0,2,7,1,A01
201900051923,1,7,,13,0,2,17,A01
201900051924,1,33,,0,0,0,21,A01
201900051925,1,7,,0,2,3,11,B01
201900051925,1,33,,0,2,2,3,A01
201900051926,2,33,,0,2,1,1,B01
201900051926,2,10,,0,2,8,11,A01
201900051927,2,7,,0,2,3,11,A01
201900051927,2,7,,0,2,7,1,B01
201900051928,1,7,,0,2,1,2,A01
201900051928,1,13,,0,2,4,2,B01
201900051929,1,7,,0,0,1,1,A01
201900051930,1,7,,0,2,3,11,A01
201900051930,1,33,,0,2,2,3,B01
201900051931,2,7,,4,0,7,14,A01
201900051932,2,43,,0,0,9,1,A01
201900051933,2,7,,4,0,3,13,A01
201900051934,2,7,,4,2,9,9,A01
201900051934,2,7,,0,2,1,1,B01
201900051935,1,10,,0,2,2,2,E01
201900051935,1,7,,0,2,1,2,D01
201900051935,1,7,,0,2,4,2,C01
201900051935,1,7,,0,2,4,2,B01
201900051935,1,7,,0,2,1,2,A01
201900051936,2,17,,0,2,8,2,A01
201900051936,2,7,,0,2,2,13,B01
201900051937,2,7,,0,2,1,9,A01
201900051937,1,33,,0,2,1,1,B01
201900051938,2,7,,8,0,2,1,A01
201900051939,1,2,,0,0,8,1,A01
201900051940,1,7,,0,2,1,1,B01
201900051940,1,7,,0,2,5,1,A01
201900051941,2,7,,6,0,7,1,A01
201900051942,3,7,,0,1,2,1,A01
201900051943,3,33,,0,2,1,21,A01
201900051943,3,7,,0,2,0,0,B01
201900051944,3,34,,0,2,2,2,B01
201900051944,3,7,,0,9,4,2,A01
201900051945,3,7,,0,0,2,1,B01
201900051945,3,7,,0,2,3,19,A01
201900051946,2,50,,0,2,7,1,B01
201900051946,2,7,,0,9,3,9,A01
201900051947,2,1,,1,0,1,1,B01
201900051947,2,7,,0,0,3,22,A01
201900051948,1,7,,0,2,1,13,A01
201900051948,1,7,,0,2,8,1,B01
201900051949,2,7,,0,1,1,1,A01
201900051950,3,7,,8,0,2,17,A01
201900051951,1,7,,0,1,3,16,A01
201900051952,2,32,,0,2,1,13,A01
201900051952,2,7,,0,2,8,15,B01
201900051953,1,10,,0,1,6,26,A01
201900051954,1,7,,0,2,1,1,A01
201900051954,2,7,,0,2,1,1,B01
201900051955,1,7,,4,0,1,1,A01
201900051956,2,30,,0,0,7,1,A01
201900051957,2,1,,0,0,1,1,A01
201900051958,0,31,,0,2,1,16,A01
201900051958,0,7,,0,2,6,1,B01
201900051959,1,30,,0,0,7,1,A01
201900051960,0,7,,0,2,1,15,A01
201900051960,0,30,,0,2,8,1,B01
201900051961,0,7,,0,2,4,1,B01
201900051961,0,7,,0,2,1,1,A01
201900051962,1,1,,0,2,7,1,B01
201900051962,1,7,,0,2,6,9,A01
201900051963,3,30,,0,0,0,1,A01
201900051964,2,7,,0,2,1,1,B01
201900051964,1,7,,0,2,8,1,A01
201900051965,2,7,,0,2,3,26,A01
201900051965,2,7,,0,2,3,0,B01
201900051966,1,1,,0,1,1,9,A01
201900051967,0,7,,0,2,3,16,A01
201900051967,2,40,,0,2,1,1,B01
201900051968,1,7,,1,0,1,0,A01
201900051969,1,7,,0,2,4,2,A01
201900051969,2,7,,0,2,1,2,B01
201900051970,1,7,,0,2,5,15,A01
201900051970,2,33,,0,2,1,1,B01
201900051971,1,7,,0,2,4,2,B01
201900051971,1,7,,0,2,1,2,A01
201900051972,3,7,,0,2,8,1,C01
201900051972,3,7,,0,2,3,1,B01
201900051972,3,7,,0,2,3,13,A01
201900051973,3,7,,0,2,1,13,A01
201900051973,3,7,,0,2,1,1,B01
201900051974,1,7,,15,6,7,14,A01
201900051975,2,1,,1,0,2,21,B01
201900051975,2,7,,0,2,8,22,A01
201900051976,2,7,,0,1,1,19,A01
201900051977,3,7,,0,2,9,11,Z01
201900051977,3,7,,0,2,1,19,A01
201900051978,1,30,,0,2,2,1,B01
201900051978,1,7,,0,2,3,20,A01
201900051979,2,1,,0,2,1,1,B01
201900051979,1,7,,0,2,3,9,A01
201900051980,2,7,,0,2,1,1,B01
201900051980,1,7,,0,2,7,1,A01
201900051981,1,7,,1,2,1,0,A01
201900051981,1,7,,0,2,0,0,B01
201900051982,1,7,,0,2,3,15,B01
201900051982,1,30,,0,2,1,17,A01
201900051983,1,1,,0,2,0,0,B01
201900051983,1,7,,0,2,1,0,A01
201900051984,1,7,,0,2,0,0,B01
201900051984,1,99,,0,2,0,1,A01
201900051985,1,7,,0,2,4,0,C01
201900051985,1,7,,0,2,1,26,B01
201900051985,1,7,,0,2,1,26,A01
201900051986,1,7,,0,2,0,1,A01
201900051986,1,7,,0,2,0,0,B01
201900051986,1,7,,0,2,0,0,C01
201900051987,1,7,,1,0,1,13,B01
201900051987,1,7,,0,2,4,24,A01
201900051988,0,7,,0,2,1,9,A01
201900051988,0,2,,0,2,4,9,B01
201900051989,1,7,,0,1,1,1,A01
201900051990,1,33,,13,0,8,1,A01
201900051991,1,33,,0,0,0,1,A01
201900051992,1,7,,0,1,1,15,A01
201900051993,2,7,,0,1,3,1,A01
201900051994,0,7,,0,1,1,1,A01
201900051995,1,2,,0,2,1,1,A01
201900051995,1,7,,0,2,3,15,B01
201900051996,2,7,,0,2,7,1,B01
201900051996,1,7,,0,2,1,15,A01
201900051997,2,7,,1,0,1,14,A01
201900051998,2,7,,8,0,1,15,A01
201900051999,1,7,,0,2,1,1,A01
201900051999,1,7,,0,2,8,20,B01
201900052000,2,7,,0,2,2,15,A01
201900052000,2,33,,0,2,1,1,B01
201900052001,3,7,,0,2,3,15,A01
201900052001,0,7,,0,2,2,1,B01
201900052002,3,32,,0,2,2,26,A01
201900052002,3,7,,0,2,1,0,B01
201900052003,1,32,,0,2,4,1,B01
201900052003,1,7,,0,2,1,1,A01
201900052004,2,7,,0,2,1,15,A01
201900052004,1,7,,0,2,3,1,B01
201900052005,0,2,,0,1,1,1,A01
201900052006,0,7,,0,1,1,1,A01
201900052007,0,1,,0,0,6,10,B01
201900052007,0,7,,0,2,1,1,A01
201900052008,1,30,,0,2,1,1,A01
201900052008,1,99,,0,2,2,15,B01
201900052009,2,13,,0,2,3,1,A01
201900052009,2,33,,0,2,8,1,B01
201900052010,0,7,,0,1,1,16,A01
201900052011,1,32,,0,2,1,1,B01
201900052011,2,7,,0,2,7,15,A01
201900052012,2,33,,0,2,1,9,A01
201900052012,3,7,,0,2,7,9,B01
201900052013,1,7,,0,2,3,1,C01
201900052013,1,7,,0,2,4,1,B01
201900052013,1,33,,0,2,1,1,A01
201900052014,2,7,,0,2,7,1,A01
201900052014,3,7,,0,2,4,24,B01
201900052015,3,7,,1,2,3,1,B01
201900052015,3,7,,0,2,3,5,A01
201900052016,3,1,,0,2,8,26,A01
201900052016,3,10,,0,6,1,15,B01
201900052017,2,21,,0,2,4,2,A01
201900052017,2,7,,0,2,1,2,B01
201900052018,0,7,,0,2,8,1,B01
201900052018,3,15,,14,0,3,13,A01
201900052019,0,7,,0,1,2,1,A01
201900052020,1,7,,0,2,4,1,B01
201900052020,2,7,,0,0,0,0,A01
201900052021,3,1,,0,0,0,26,A01
201900052022,3,1,,0,2,8,26,B01
201900052022,3,7,,0,1,1,16,A01
201900052023,2,7,,0,1,2,14,A01
201900052024,2,7,,0,2,2,2,A01
201900052024,1,7,,0,2,0,0,B01
201900052025,1,33,,0,2,1,17,A01
201900052025,1,7,,0,2,3,15,B01
201900052026,3,31,,0,2,1,1,B01
201900052026,3,10,,0,2,1,15,A01
201900052027,1,7,,0,2,3,15,A01
201900052027,1,33,,0,2,2,17,B01
201900052028,1,1,,0,0,0,1,A01
201900052029,1,7,,0,2,1,2,A01
201900052029,1,7,,0,2,4,2,B01
201900052030,2,10,,0,2,4,2,B01
201900052030,2,43,,0,2,1,2,A01
201900052031,2,7,,0,2,5,11,B01
201900052031,2,33,,0,2,8,3,A01
201900052032,2,10,,0,2,1,2,A01
201900052032,2,7,,0,2,4,2,B01
201900052032,2,7,,0,2,1,2,C01
201900052032,2,7,,0,2,4,2,D01
201900052033,2,7,,0,2,4,2,C01
201900052033,2,10,,0,2,5,2,B01
201900052033,2,7,,0,2,3,2,A01
201900052034,1,7,,0,2,8,11,A01
201900052034,1,32,,0,2,7,3,B01
201900052035,1,7,,0,2,1,2,A01
201900052035,1,7,,0,2,2,2,B01
201900052035,1,7,,0,2,4,2,C01
201900052036,1,7,,0,1,1,1,A01
201900052037,1,7,,0,2,5,2,B01
201900052037,1,32,,0,2,1,2,A01
201900052038,1,1,,0,2,8,13,B01
201900052038,2,37,1.0,0,2,3,1,A01
201900052039,2,50,,0,1,1,1,A01
201900052040,2,31,,0,2,1,1,A01
201900052040,2,7,,0,2,4,12,B01
201900052041,1,32,,1,0,8,1,A01
201900052042,1,1,,0,2,8,1,A01
201900052042,1,7,,0,2,7,14,Z01
201900052043,1,7,,0,2,8,15,B01
201900052043,1,34,,0,2,2,17,A01
201900052044,1,7,,9,0,1,1,A01
201900052045,2,50,,12,0,1,14,A01
201900052046,2,7,,0,2,3,22,A01
201900052046,2,1,,0,2,2,1,B01
201900052047,3,7,,0,0,3,1,B01
201900052047,3,7,,13,0,0,1,A01
201900052048,1,33,,13,0,1,1,A01
201900052049,1,7,,2,0,0,1,A01
201900052050,2,7,,0,2,3,1,B01
201900052050,2,7,,0,2,2,15,A01
201900052051,3,7,,0,1,1,13,A01
201900052052,1,33,,8,0,1,1,A01
201900052053,3,3,,9,0,3,1,A01
201900052054,1,7,,0,0,4,23,A01
201900052054,1,33,,0,2,4,23,B01
201900052054,1,7,,0,2,4,23,C01
201900052054,1,7,,0,2,4,23,D01
201900052054,1,7,,0,2,4,23,E01
201900052054,1,7,,0,2,1,2,F01
201900052055,2,7,,0,2,3,1,A01
201900052055,1,7,,0,2,3,0,B01
201900052056,1,7,,8,2,3,1,A01
201900052057,3,10,,0,2,3,13,A01
201900052057,3,7,,0,0,3,1,B01
201900052058,0,50,,0,0,4,13,A01
201900052059,0,2,,6,0,1,6,A01
201900052060,1,33,,8,0,1,1,A01
201900052061,1,2,,6,0,2,1,A01
201900052062,2,7,,0,2,3,1,B01
201900052062,1,7,,0,2,1,15,A01
201900052063,1,7,,7,2,1,1,A01
201900052063,2,7,,0,2,1,1,B01
201900052064,2,7,,0,2,3,13,A01
201900052064,1,7,,0,2,1,1,B01
201900052065,3,1,,0,2,8,1,B01
201900052065,3,7,,0,9,2,1,A01
201900052066,2,7,,15,0,1,0,A01
201900052067,1,7,,0,1,2,1,A01
201900052068,2,15,,0,2,1,1,A01
201900052068,1,7,,0,2,1,1,B01
201900052069,2,7,,8,0,9,2,A01
201900052070,1,7,,0,1,2,1,A01
201900052071,0,33,,16,0,3,13,A01
201900052072,0,7,,0,2,3,15,A01
201900052072,0,1,,0,2,1,1,B01
201900052073,3,7,,0,1,3,15,A01
201900052074,2,7,,2,0,3,1,A01
201900052075,2,7,,0,0,9,1,A01
201900052076,3,7,,0,1,4,4,A01
201900052077,1,7,,13,0,1,1,A01
201900052078,3,7,,0,1,1,13,A01
201900052079,2,7,,10,0,1,0,A01
201900052080,2,7,,0,2,1,1,B01
201900052080,2,7,,0,2,7,19,A01
201900052081,1,7,,0,2,3,15,A01
201900052081,2,30,,0,2,1,17,B01
201900052082,3,1,,0,2,2,1,A01
201900052082,3,7,,0,2,3,16,B01
201900052083,2,7,,6,0,1,1,A01
201900052084,1,7,,0,2,1,1,B01
201900052084,2,7,,0,2,1,13,A01
201900052085,1,7,,0,0,9,0,A01
201900052086,3,35,,0,0,0,16,A01
201900052087,1,10,,0,2,1,17,A01
201900052087,2,7,,13,0,8,0,B01
201900052088,2,7,,0,2,2,2,B01
201900052088,2,13,,0,2,6,1,A01
201900052089,1,7,,0,2,1,13,C01
201900052089,2,7,,0,2,1,1,B01
201900052089,2,7,,0,2,8,1,A01
201900052090,2,1,,0,2,1,1,B01
201900052090,1,7,,0,9,2,15,A01
201900052091,2,7,,2,0,1,14,A01
201900052092,0,7,,6,1,3,26,B01
201900052092,1,7,,1,0,1,1,A01
201900052093,1,33,,1,0,8,1,B01
201900052093,1,7,,0,2,3,19,A01
201900052094,3,7,,2,0,1,0,A01
201900052095,2,7,,0,0,0,0,A01
201900052096,1,7,,3,0,7,1,A01
201900052097,1,7,,0,2,5,2,A01
201900052097,1,7,,0,2,3,2,B01
201900052097,1,7,,0,2,1,2,C01
201900052098,1,7,,13,0,9,1,A01
201900052099,1,7,,0,2,4,23,B01
201900052099,1,7,,0,2,1,2,A01
201900052100,1,7,,0,2,1,1,B01
201900052100,1,15,,0,2,4,1,A01
201900052101,1,7,,0,2,1,2,A01
201900052101,1,7,,0,2,4,2,B01
201900052102,1,33,,0,2,6,2,A01
201900052102,1,7,,0,9,8,1,B01
201900052103,1,10,,0,2,4,2,B01
201900052103,1,10,,0,2,1,2,A01
201900052104,2,10,,0,2,3,1,A01
201900052104,2,10,,0,0,4,1,B01
201900052104,2,31,,0,2,1,1,C01
201900052104,2,31,,0,2,1,1,D01
201900052105,2,31,,0,0,8,13,A01
201900052106,2,7,,0,2,7,1,B01
201900052106,2,10,,0,2,8,13,A01
201900052107,1,7,,0,2,2,1,A01
201900052107,1,7,,0,0,6,2,B01
201900052107,1,7,,0,2,1,1,C01
201900052107,1,7,,0,2,1,1,D01
201900052108,1,33,,0,2,1,2,A01
201900052108,1,10,,0,2,4,2,B01
201900052109,1,7,,0,2,5,23,B01
201900052109,1,10,,1,0,3,2,A01
201900052110,1,7,,6,0,0,0,A01
201900052111,2,33,,0,2,1,1,A01
201900052111,2,7,,0,2,4,2,B01
201900052112,1,32,,0,2,8,3,A01
201900052112,1,10,,0,2,0,12,Z01
201900052113,2,7,,4,2,2,1,A01
201900052113,2,17,,0,2,8,11,B01
201900052114,1,7,,0,2,4,2,B01
201900052114,1,7,,0,2,1,2,A01
201900052115,2,7,,0,2,5,23,B01
201900052115,2,7,,0,2,3,21,A01
201900052116,1,33,,0,2,4,23,A01
201900052116,1,7,,0,2,2,1,B01
201900052117,2,17,,0,2,2,12,B01
201900052117,2,7,,6,2,6,1,A01
201900052118,3,7,,0,2,4,1,B01
201900052118,3,7,,0,2,1,1,A01
201900052119,0,37,1.0,0,0,0,0,B01
201900052119,0,30,,0,2,1,0,A01
201900052120,3,7,,0,1,1,9,A01
201900052121,3,7,,0,2,3,15,A01
201900052121,3,7,,0,2,3,1,B01
201900052122,1,33,,0,2,1,1,B01
201900052122,2,7,,0,2,8,15,A01
201900052123,3,7,,0,2,1,11,A01
201900052123,3,7,,0,2,4,0,B01
201900052124,1,34,,1,2,8,1,B01
201900052124,1,10,,0,2,3,19,A01
201900052125,1,33,,15,2,2,17,A01
201900052125,2,7,,0,2,2,15,B01
201900052126,2,2,,0,2,4,2,B01
201900052126,2,7,,0,2,2,2,A01
201900052127,1,7,,0,6,1,17,Z01
201900052128,3,7,,0,2,2,15,B01
201900052128,1,7,,0,1,8,23,C01
201900052128,2,32,,14,2,7,1,A01
201900052129,2,7,,0,2,7,9,B01
201900052129,2,7,,0,2,1,9,A01
201900052130,3,1,,0,1,1,5,A01
201900052131,3,80,,0,2,2,17,B01
201900052131,3,20,,0,2,8,10,A01
201900052132,2,31,,12,0,0,26,A01
201900052133,2,7,,0,2,7,21,C01
201900052133,1,7,,0,2,1,1,B01
201900052133,2,7,,0,2,1,13,A01
201900052134,2,33,,0,2,1,2,A01
201900052134,2,7,,0,2,6,1,B01
201900052135,1,7,,0,1,7,1,A01
201900052136,1,7,,0,2,1,2,A01
201900052136,1,33,,0,2,4,23,B01
201900052137,1,7,,0,2,3,15,A01
201900052137,1,2,,0,2,7,1,B01
201900052138,2,7,,0,2,4,15,B01
201900052138,2,33,,0,2,1,17,A01
201900052139,1,10,,0,1,4,20,A01
201900052140,1,7,,0,2,7,15,A01
201900052140,1,33,,0,2,7,1,B01
201900052141,1,10,,0,2,1,2,B01
201900052141,3,7,,0,2,1,13,A01
201900052142,3,50,,0,2,6,17,Y01
201900052142,3,7,,0,1,0,16,Z01
201900052143,3,7,,3,2,6,19,A01
201900052143,1,7,,0,2,1,1,B01
201900052144,1,0,,0,2,1,1,Z01
201900052144,1,7,,0,2,2,1,B01
201900052145,3,7,,0,2,3,1,A01
201900052145,3,2,,0,2,4,15,B01
201900052146,2,7,,0,2,6,19,A01
201900052146,1,33,,0,2,1,1,B01
201900052147,2,7,,0,2,1,16,A01
201900052147,1,1,,0,2,8,1,B01
201900052148,1,7,,0,2,8,15,A01
201900052148,1,32,,0,2,1,0,B01
201900052149,1,7,,0,6,3,1,A01
201900052149,0,50,,0,2,1,19,B01
201900052150,2,1,,0,2,1,0,B01
201900052150,2,10,,0,2,7,16,A01
201900052151,1,7,,0,2,4,23,D01
201900052151,1,7,,0,2,1,1,E01
201900052151,1,7,,0,2,1,2,A01
201900052151,1,7,,0,2,4,2,B01
201900052151,1,7,,0,2,4,23,C01
201900052152,2,33,,0,0,3,21,A01
201900052153,1,7,,0,2,4,1,B01
201900052153,1,7,,0,2,1,1,A01
201900052154,3,7,,0,1,1,0,A01
201900052155,3,7,,0,2,1,15,A01
201900052155,3,1,,0,2,3,21,B01
201900052156,1,30,,0,2,1,1,A01
201900052156,1,7,,0,2,8,9,B01
201900052157,2,7,,0,2,4,2,D01
201900052157,2,7,,0,2,4,2,C01
201900052157,2,7,,0,2,5,11,B01
201900052157,2,7,,1,2,1,2,A01
201900052158,1,32,,8,0,2,14,A01
201900052159,0,7,,0,2,2,16,B01
201900052159,0,33,,0,2,1,18,A01
201900052160,3,7,,0,6,3,1,A01
201900052160,3,32,,0,0,0,0,B01
201900052161,2,7,,0,2,3,15,B01
201900052161,2,33,,0,2,1,17,A01
201900052162,1,10,,0,2,2,13,A01
201900052162,1,7,,0,2,5,23,C01
201900052162,1,7,,0,2,6,23,B01
201900052162,1,10,,0,2,5,23,D01
201900052163,1,7,,0,2,1,2,A01
201900052163,1,7,,0,2,4,2,B01
201900052164,1,43,,0,1,1,1,Z01
201900052165,1,33,,0,2,4,2,B01
201900052165,1,7,,0,2,1,2,A01
201900052166,1,7,,11,0,2,1,A01
201900052167,1,1,,0,2,4,2,B01
201900052167,1,80,,0,2,1,2,A01
201900052168,3,7,,0,2,3,15,A01
201900052168,3,1,,0,2,1,5,B01
201900052169,1,10,,0,2,1,1,A01
201900052169,1,10,,0,2,4,1,B01
201900052170,3,7,,0,2,1,1,A01
201900052170,3,17,,0,0,7,15,B01
201900052171,3,3,,0,2,7,1,B01
201900052171,3,10,,0,2,3,11,A01
201900052172,1,7,,0,1,2,19,A01
201900052173,3,10,,0,2,3,1,B01
201900052173,3,10,,0,2,3,15,A01
201900052174,0,10,,0,2,3,15,A01
201900052174,0,7,,0,2,1,1,B01
201900052175,1,7,,0,1,3,1,A01
201900052176,3,10,,0,2,2,12,A01
201900052176,3,10,,0,2,3,1,B01
201900052177,1,30,,0,2,8,15,A01
201900052177,3,30,,0,2,2,1,B01
201900052178,3,7,,0,2,4,23,C01
201900052178,3,7,,0,2,9,23,B01
201900052178,3,10,,0,2,1,1,A01
201900052179,0,10,,0,2,3,16,A01
201900052179,1,7,,0,2,6,1,B01
201900052180,3,10,,1,1,2,1,A01
201900052181,2,1,,0,2,7,13,A01
201900052181,1,7,,0,2,8,13,B01
201900052182,2,33,,0,0,7,1,A01
201900052183,1,7,,0,0,4,1,B01
201900052183,1,7,,0,2,1,2,A01
201900052184,2,7,,0,2,1,13,B01
201900052184,1,7,,0,2,1,1,A01
201900052185,3,7,,0,2,1,1,B01
201900052185,3,7,,0,2,1,1,A01
201900052186,2,7,,3,0,1,9,A01
201900052187,2,33,,0,0,8,1,A01
201900052188,1,7,,0,0,6,23,A01
201900052188,1,17,,1,1,5,21,B01
201900052189,2,33,,0,2,8,21,B01
201900052189,1,7,,0,2,8,13,A01
201900052190,1,33,,13,0,1,13,A01
201900052191,1,7,,0,2,1,1,B01
201900052191,3,7,,0,2,8,19,A01
201900052192,2,33,,13,0,1,1,A01
201900052193,1,33,,0,2,2,17,B01
201900052193,1,7,,0,0,3,15,A01
201900052194,2,7,,0,2,3,1,B01
201900052194,1,7,,0,2,3,13,A01
201900052195,1,7,,0,2,3,19,A01
201900052195,2,33,,0,2,1,1,B01
201900052196,1,7,,0,2,1,13,A01
201900052196,2,7,,0,2,1,1,B01
201900052197,1,7,,0,9,3,15,A01
201900052197,2,1,,0,2,1,1,B01
201900052198,2,7,,0,2,8,13,A01
201900052198,2,7,,0,2,1,13,B01
201900052199,1,7,,0,2,7,15,A01
201900052199,2,32,,0,2,1,1,B01
201900052200,3,7,,0,2,3,1,B01
201900052200,3,7,,0,2,3,1,A01
201900052201,1,7,,0,2,3,22,B01
201900052201,2,7,,1,0,3,1,A01
201900052202,1,7,,0,2,1,1,B01
201900052202,2,7,,0,2,1,26,A01
201900052203,2,31,,0,2,1,13,A01
201900052203,1,31,,0,2,1,1,B01
201900052204,2,7,,0,1,2,1,A01
201900052205,1,33,,0,2,1,1,A01
201900052205,2,7,,0,2,1,11,B01
201900052206,1,2,,14,0,1,1,A01
201900052207,3,7,,0,1,7,1,A01
201900052208,1,7,,2,0,7,1,A01
201900052209,2,32,,0,0,8,1,A01
201900052210,1,10,,0,0,1,1,A01
201900052211,2,7,,8,0,1,1,A01
201900052212,2,13,,0,2,6,15,B01
201900052212,1,7,,0,2,1,1,A01
201900052213,1,7,,0,9,7,1,G01
201900052213,1,7,,0,0,1,1,F01
201900052213,1,7,,0,2,1,1,E01
201900052213,1,99,,0,2,1,1,D01
201900052213,1,7,,0,2,1,1,C01
201900052213,1,7,,0,2,1,1,B01
201900052213,2,7,,0,2,1,5,A01
201900052214,1,2,,0,2,1,2,A01
201900052214,1,7,,0,2,6,2,B01
201900052215,2,7,,0,0,3,1,B01
201900052215,2,7,,0,2,2,12,A01
201900052216,1,7,,3,0,1,13,A01
201900052217,2,7,,13,0,9,14,A01
201900052218,3,7,,3,0,0,0,A01
201900052219,1,7,,8,0,1,1,A01
201900052220,0,7,,0,0,3,9,A01
201900052220,1,34,,0,2,1,1,B01
201900052221,1,1,,0,2,8,2,B01
201900052221,2,10,,0,2,1,1,A01
201900052222,1,33,,0,0,1,1,A01
201900052223,2,31,,2,0,9,1,A01
201900052224,1,7,,0,2,5,19,A01
201900052224,2,7,,0,2,1,1,B01
201900052225,1,7,,0,1,3,1,A01
201900052226,1,30,,1,0,1,14,A01
201900052227,1,7,,0,2,1,1,A01
201900052227,1,33,,0,2,4,1,B01
201900052228,1,7,,0,1,1,1,A01
201900052229,1,7,,0,2,1,17,A01
201900052229,2,7,,0,2,1,1,B01
201900052230,1,7,,0,2,4,1,A01
201900052230,1,2,,0,2,1,2,B01
201900052231,0,30,,0,2,8,17,A01
201900052231,0,7,,0,2,2,15,B01
201900052232,2,7,,0,2,1,1,B01
201900052232,1,7,,0,2,2,15,A01
201900052233,2,10,,0,1,6,9,A01
201900052233,2,50,,0,2,8,1,B01
201900052234,3,7,,0,1,5,4,A01
201900052235,2,2,,0,2,1,1,B01
201900052235,2,7,,0,2,8,9,A01
201900052236,1,10,,0,2,2,1,A01
201900052236,1,1,,0,2,4,19,B01
201900052237,2,7,,0,1,1,15,A01
201900052238,2,1,,0,2,1,1,B01
201900052238,2,7,,0,2,2,16,A01
201900052239,1,7,,0,2,1,1,A01
201900052239,1,7,,0,2,4,1,B01
201900052240,3,7,,0,2,1,2,A01
201900052240,3,7,,0,2,4,2,B01
201900052241,2,1,,0,0,0,19,B01
201900052241,2,7,,0,2,2,1,A01
201900052242,3,7,,0,2,2,1,A01
201900052242,3,7,,0,2,3,15,B01
201900052243,3,7,,0,1,4,4,A01
201900052244,2,7,,0,2,7,1,B01
201900052244,1,7,,0,2,2,14,A01
201900052245,0,1,,0,2,0,19,B01
201900052245,0,7,,0,2,3,23,C01
201900052245,0,7,,0,2,1,1,A01
201900052246,0,37,1.0,0,2,0,0,B01
201900052246,0,33,,0,2,1,26,A01
201900052247,0,7,,0,1,1,20,A01
201900052248,2,7,,0,2,4,23,A01
201900052248,2,7,,1,0,1,2,B01
201900052248,2,7,,0,2,2,21,C01
201900052249,0,3,,0,1,1,26,A01
201900052250,3,7,,0,2,1,13,A01
201900052250,3,7,,0,2,2,1,B01
201900052250,3,7,,0,2,1,1,C01
201900052251,1,7,,0,2,1,13,A01
201900052251,2,14,,0,2,1,1,B01
201900052252,3,7,,0,2,4,2,C01
201900052252,3,7,,0,2,4,2,B01
201900052252,3,10,,0,2,1,2,A01
201900052253,2,7,,0,2,2,19,A01
201900052254,2,7,,0,2,4,2,B01
201900052254,2,30,,0,2,1,17,A01