Num_Acc,senc,catv,occutc,obs,obsm,choc,manv,num_veh
201900052255,2,10,,0,1,7,1,A01
201900052256,1,30,,0,0,8,1,A01
201900052257,1,30,,0,0,0,0,B01
201900052257,1,7,,14,2,3,16,A01
201900052258,2,7,,0,2,2,15,A01
201900052258,1,33,,0,2,1,1,B01
201900052259,1,7,,0,2,4,2,B01
201900052259,1,2,,0,2,1,1,A01
201900052260,1,7,,0,2,1,26,A01
201900052260,1,33,,0,2,4,1,B01
201900052261,3,33,,0,2,1,0,A01
201900052262,1,7,,0,2,1,1,A01
201900052262,1,7,,0,2,4,1,B01
201900052263,3,33,,0,2,1,18,A01
201900052263,3,7,,0,2,2,16,B01
201900052264,2,2,,0,2,2,17,B01
201900052264,2,7,,0,2,3,15,A01
201900052265,3,1,,0,2,8,1,B01
201900052265,3,7,,0,2,1,16,A01
201900052266,1,7,,13,0,2,1,A01
201900052267,2,36,,0,2,4,1,B01
201900052267,2,1,,0,2,1,2,A01
201900052268,0,7,,0,1,1,1,A01
201900052269,2,7,,0,2,4,23,B01
201900052269,2,7,,0,2,1,1,A01
201900052270,1,7,,0,0,2,26,A01
201900052271,3,7,,0,2,6,9,A01
201900052271,3,33,,0,2,3,1,B01
201900052272,2,34,,0,0,1,19,A01
201900052273,1,7,,0,2,3,9,A01
201900052273,1,2,,0,2,7,12,B01
201900052274,1,7,,0,2,6,2,B01
201900052274,1,7,,0,2,2,16,A01
201900052275,3,50,,0,1,8,19,A01
201900052276,1,7,,0,1,1,1,B01
201900052277,2,7,,0,2,6,1,B01
201900052277,2,7,,0,2,5,1,C01
201900052277,2,33,,0,2,1,3,A01
201900052278,2,7,,0,2,3,1,B01
201900052278,1,50,,0,2,1,1,A01
201900052279,1,13,,0,2,2,1,B01
201900052279,1,7,,0,2,1,1,C01
201900052279,1,7,,0,2,1,9,A01
201900052280,1,50,,0,0,1,5,A01
201900052281,1,30,,14,0,1,1,A01
201900052281,1,7,,0,2,4,23,B01
201900052282,1,7,,0,2,6,23,B01
201900052282,1,34,,0,2,1,2,A01
201900052283,2,7,,0,2,1,13,A01
201900052283,1,50,,0,2,1,5,B01
201900052284,1,7,,0,1,4,26,A01
201900052285,2,7,,0,6,5,1,B01
201900052285,2,1,,0,2,1,19,A01
201900052286,3,7,,14,0,3,1,A01
201900052287,2,1,,0,2,1,2,A01
201900052287,2,7,,0,2,4,2,B01
201900052288,0,33,,0,2,4,23,B01
201900052288,0,7,,14,0,1,1,A01
201900052289,2,7,,0,1,1,1,A01
201900052290,1,7,,0,2,1,2,A01
201900052290,1,10,,0,2,3,1,B01
201900052291,1,7,,0,2,8,1,A01
201900052291,1,7,,0,2,1,1,B01
201900052292,2,7,,0,2,1,15,A01
201900052292,1,7,,0,2,1,1,B01
201900052293,2,7,,0,1,1,15,A01
201900052294,1,7,,0,2,8,10,A01
201900052294,1,33,,0,2,1,1,B01
201900052295,3,2,,0,2,1,0,B01
201900052295,1,7,,0,2,8,0,A01
201900052296,1,3,,9,0,1,1,A01
201900052297,0,1,,0,2,1,1,B01
201900052297,0,7,,0,2,0,15,A01
201900052298,3,7,,0,2,3,1,A01
201900052298,3,7,,0,2,1,1,B01
201900052299,2,99,,0,0,1,0,A01
201900052300,1,7,,0,2,0,0,B01
201900052300,1,7,,0,2,5,23,A01
201900052301,0,7,,0,2,3,1,A01
201900052301,0,7,,0,2,2,13,B01
201900052302,3,33,,0,2,1,1,B01
201900052302,3,7,,0,2,2,5,A01
201900052303,0,1,,0,2,0,19,A01
201900052303,0,7,,0,2,0,1,B01
201900052304,1,7,,0,2,1,15,A01
201900052304,2,43,,0,2,3,1,B01
201900052305,2,7,,15,0,2,26,A01
201900052306,3,7,,0,1,0,0,Z01
201900052307,3,7,,0,2,3,19,B01
201900052307,3,31,,0,2,1,1,A01
201900052308,1,37,1.0,0,1,2,26,A01
201900052309,1,10,,0,1,1,1,A01
201900052310,1,99,,0,2,1,26,Y01
201900052310,1,7,,0,1,1,1,A01
201900052311,0,7,,0,2,9,1,B01
201900052311,0,15,,0,2,2,1,C01
201900052311,0,7,,0,2,1,1,A01
201900052312,3,7,,14,2,1,19,A01
201900052312,3,7,,0,2,1,19,B01
201900052313,1,7,,0,2,0,0,B01
201900052313,1,31,,0,2,8,3,A01
201900052314,1,7,,0,2,3,11,A01
201900052314,1,34,,0,2,7,1,B01
201900052315,3,7,,0,1,1,19,A01
201900052316,2,7,,12,0,2,14,A01
201900052317,1,7,,0,6,1,15,A01
201900052317,2,1,,0,2,1,1,B01
201900052318,3,33,,0,1,1,26,A01
201900052319,2,7,,0,1,7,1,A01
201900052320,0,1,,0,2,2,19,B01
201900052320,0,7,,0,2,3,1,A01
201900052321,2,7,,8,1,4,1,A01
201900052322,1,7,,0,2,1,1,A01
201900052322,1,7,,0,1,1,1,B01
201900052323,2,1,,1,0,1,1,B01
201900052323,2,7,,0,2,8,22,A01
201900052324,0,7,,0,0,0,1,B01
201900052324,0,2,,0,1,1,1,A01
201900052325,3,7,,0,1,4,20,A01
201900052326,2,1,,0,2,1,1,B01
201900052326,2,7,,0,2,2,19,A01
201900052327,3,10,,0,1,4,20,A01
201900052328,1,7,,0,2,1,9,A01
201900052328,2,7,,0,2,1,1,B01
201900052329,3,14,,0,1,1,20,A01
201900052330,1,7,,0,2,6,1,A01
201900052330,3,2,,0,2,1,1,B01
201900052331,2,7,,0,2,4,1,B01
201900052331,2,7,,0,2,1,2,A01
201900052332,2,7,,4,0,1,1,A01
201900052333,2,7,,0,0,7,1,C01
201900052334,2,33,,0,2,4,23,B01
201900052334,2,10,,0,2,1,2,A01
201900052335,2,33,,0,2,6,17,A01
201900052335,2,10,,0,6,6,23,B01
201900052335,1,10,,0,6,3,1,C01
201900052336,2,7,,0,2,4,1,B01
201900052336,1,33,,0,2,1,2,A01
201900052337,3,30,,2,0,1,1,A01
201900052338,1,32,,0,2,7,1,B01
201900052338,3,7,,0,2,3,19,A01
201900052339,3,7,,0,2,8,15,B01
201900052339,3,32,,9,2,1,17,A01
201900052340,0,7,,0,2,7,15,B01
201900052340,2,33,,0,2,1,1,A01
201900052341,1,3,,0,2,1,0,B01
201900052341,1,3,,0,2,1,0,A01
201900052342,2,7,,0,0,1,14,A01
201900052343,0,43,,1,0,1,26,A01
201900052344,0,10,,0,2,2,1,A01
201900052344,0,10,,0,2,6,1,B01
201900052345,0,10,,0,2,2,1,A01
201900052345,0,1,,0,0,0,0,B01
201900052346,2,43,,0,2,8,1,B01
201900052346,2,7,,0,2,2,12,A01
201900052347,0,7,,0,2,4,11,Z01
201900052347,2,30,,0,2,1,21,A01
201900052348,1,7,,1,1,2,14,A01
201900052349,1,33,,12,0,1,14,A01
201900052350,1,30,,0,0,8,26,A01
201900052351,1,7,,0,2,3,1,B01
201900052351,2,7,,0,2,3,1,A01
201900052352,1,7,,0,2,8,19,A01
201900052352,2,7,,0,2,1,19,B01
201900052353,2,7,,0,2,2,26,A01
201900052353,1,7,,0,2,3,15,B01
201900052354,3,1,,0,2,8,2,B01
201900052354,3,7,,0,6,2,17,A01
201900052355,2,32,,0,2,1,17,A01
201900052355,2,7,,0,2,3,15,B01
201900052356,0,33,,15,0,1,1,A01
201900052357,1,7,,15,0,3,9,B01
201900052357,1,30,,0,2,8,1,C01
201900052357,1,7,,0,2,1,9,A01
201900052358,2,33,,0,2,4,23,B01
201900052358,2,10,,0,2,1,2,A01
201900052359,2,7,,0,2,2,1,B01
201900052359,2,7,,0,2,3,9,A01
201900052360,0,30,,0,1,6,26,A01
201900052361,2,7,,0,2,1,0,B01
201900052361,0,7,,0,2,7,0,A01
201900052362,2,7,,0,2,1,1,B01
201900052362,1,7,,0,2,2,15,A01
201900052363,0,7,,0,2,2,19,A01
201900052363,0,50,,0,2,7,19,B01
201900052364,0,7,,8,0,7,14,A01
201900052365,1,32,,2,0,2,14,A01
201900052366,1,17,,0,2,4,2,C01
201900052366,1,7,,0,2,5,2,B01
201900052366,1,7,,0,2,1,2,A01
201900052367,1,7,,0,2,1,2,A01
201900052367,1,7,,0,1,4,23,B01
201900052368,3,10,,0,2,1,1,A01
201900052368,0,7,,0,2,4,23,C01
201900052368,3,7,,0,2,4,23,B01
201900052369,2,1,,0,2,1,1,B01
201900052369,2,1,,0,2,3,1,A01
201900052370,2,7,,0,2,3,1,D01
201900052370,1,33,,0,2,1,1,C01
201900052371,1,7,,0,2,2,26,A01
201900052371,1,33,,0,2,7,1,B01
201900052372,2,7,,0,2,1,2,A01
201900052372,2,7,,0,2,4,2,B01
201900052372,2,7,,0,2,4,2,C01
201900052373,2,7,,0,2,8,1,B01
201900052373,1,7,,0,5,8,13,A01
201900052374,2,33,,0,2,3,3,A01
201900052374,2,7,,0,2,5,1,B01
201900052374,2,7,,0,2,8,1,C01
201900052375,2,7,,0,2,0,3,Z01
201900052375,2,10,,0,2,6,1,A01
201900052376,3,7,,0,2,6,1,B01
201900052376,3,7,,0,2,7,21,C01
201900052376,3,7,,0,2,1,19,A01
201900052377,2,99,,0,1,1,9,A01
201900052378,1,33,,0,2,3,11,A01
201900052378,1,7,,0,2,5,1,B01
201900052379,1,31,,0,2,7,1,B01
201900052379,3,99,,16,2,3,9,A01
201900052380,2,34,,0,2,8,3,B01
201900052380,2,7,,0,2,7,12,A01
201900052381,1,30,,0,2,1,15,A01
201900052381,2,32,,0,2,1,1,B01
201900052382,1,7,,0,2,4,23,C01
201900052382,1,10,,0,2,4,2,B01
201900052382,1,10,,0,2,1,2,A01
201900052383,2,7,,0,2,3,22,A01
201900052383,2,1,,0,2,1,7,B01
201900052384,1,7,,0,2,2,1,B01
201900052384,1,2,,0,2,1,5,A01
201900052385,1,33,,0,1,1,1,A01
201900052386,1,7,,0,2,5,15,B01
201900052386,1,7,,0,2,0,15,A01
201900052387,1,1,,0,1,1,1,A01
201900052388,1,7,,0,1,1,1,A01
201900052389,2,7,,0,2,4,20,A01
201900052389,2,30,,0,2,1,9,B01
201900052390,1,7,,0,2,3,1,B01
201900052390,1,32,,0,2,5,17,A01
201900052391,2,13,,0,2,7,22,A01
201900052391,2,1,,0,2,1,18,B01
201900052392,1,7,,0,2,4,2,B01
201900052392,1,7,,0,2,1,2,A01
201900052393,3,14,,0,2,2,16,A01
201900052393,3,1,,0,2,1,1,B01
201900052394,1,10,,0,2,2,10,A01
201900052394,2,33,,0,2,3,1,B01
201900052395,1,7,,0,2,3,1,A01
201900052395,1,1,,0,2,1,9,B01
201900052396,1,7,,0,1,1,1,A01
201900052397,1,7,,0,2,1,9,A01
201900052397,1,2,,0,2,7,1,B01
201900052398,2,1,,0,2,0,2,A01
201900052399,1,10,,0,2,2,16,A01
201900052399,1,2,,0,2,8,1,B01
201900052400,1,7,,0,2,4,2,B01
201900052400,1,2,,0,2,1,2,A01
201900052401,1,7,,0,2,6,1,Z01
201900052401,2,10,,0,2,1,1,A01
201900052402,1,1,,11,1,1,13,A01
201900052403,1,10,,0,1,3,1,A01
201900052404,1,7,,0,2,1,1,A01
201900052404,1,30,,0,2,8,1,B01
201900052405,2,7,,0,2,8,15,A01
201900052405,2,2,,0,2,1,1,B01
201900052406,1,7,,0,0,0,1,Z01
201900052406,1,32,,0,2,2,1,A01
201900052407,2,32,,0,2,7,1,B01
201900052407,2,10,,0,2,8,10,A01
201900052408,1,7,,0,2,4,2,C01
201900052408,1,7,,0,2,4,2,B01
201900052408,1,7,,0,2,1,2,A01
201900052409,2,7,,0,2,1,1,A01
201900052409,2,38,1.0,0,2,4,1,B01
201900052410,2,33,,0,2,1,13,A01
201900052410,2,7,,0,2,6,15,B01
201900052411,1,7,,0,1,1,16,A01
201900052412,1,7,,0,2,8,1,B01
201900052412,1,7,,0,2,9,13,A01
201900052413,1,33,,0,2,7,1,A01
201900052413,1,7,,0,2,1,1,Z01
201900052414,1,7,,0,2,3,15,A01
201900052414,2,2,,0,2,1,1,B01
201900052415,1,7,,0,2,8,15,A01
201900052415,1,32,,1,2,1,17,B01
201900052416,2,7,,7,0,1,13,A01
201900052417,2,7,,0,2,7,11,A01
201900052417,2,15,,0,2,2,1,B01
201900052417,2,10,,0,2,6,16,C01
201900052418,1,31,,0,0,7,14,A01
201900052419,2,10,,0,2,3,15,A01
201900052419,2,33,,0,2,7,17,B01
201900052420,3,7,,0,2,1,0,B01
201900052420,3,10,,0,2,1,0,A01
201900052421,1,33,,0,2,7,17,B01
201900052421,1,7,,0,2,8,15,A01
201900052422,1,32,,0,2,7,17,B01
201900052422,1,10,,0,2,3,15,A01
201900052423,1,7,,0,1,2,16,A01
201900052424,1,2,,0,2,1,26,A01
201900052424,1,7,,0,2,4,23,B01
201900052425,1,10,,0,1,6,1,A01
201900052426,3,7,,0,1,3,1,A01
201900052427,1,30,,0,1,1,1,A01
201900052428,3,7,,0,2,4,23,B01
201900052428,3,7,,0,2,1,2,A01
201900052429,3,10,,0,6,2,16,A01
201900052429,3,1,,0,2,1,1,B01
201900052430,2,10,,0,2,1,2,Z01
201900052430,2,7,,0,2,4,23,A01
201900052431,1,32,,0,1,1,1,A01
201900052432,1,7,,0,2,2,1,B01
201900052432,1,32,,0,2,8,1,A01
201900052433,1,7,,0,2,1,1,A01
201900052433,1,7,,0,2,7,1,B01
201900052434,1,10,,0,2,3,15,B01
201900052434,1,30,,0,2,2,17,A01
201900052435,2,30,,0,1,7,15,A01
201900052436,1,7,,8,0,3,15,A01
201900052437,2,43,,0,2,1,17,B01
201900052437,2,7,,0,2,3,10,A01
201900052438,2,7,,0,2,3,15,A01
201900052438,2,33,,0,2,7,17,B01
201900052439,1,7,,0,2,6,15,B01
201900052439,1,30,,0,2,2,17,A01
201900052440,2,32,,0,2,2,1,B01
201900052440,2,7,,0,2,8,10,A01
201900052441,1,7,,0,2,2,9,A01
201900052441,1,1,,0,2,1,1,B01
201900052442,2,7,,0,2,1,15,A01
201900052442,1,32,,0,2,1,1,B01
201900052443,1,7,,0,2,2,9,A01
201900052443,1,1,,0,2,0,1,B01
201900052444,1,33,,0,2,8,1,B01
201900052444,1,7,,0,2,2,16,A01
201900052445,2,7,,0,2,4,1,A01
201900052445,2,7,,0,2,0,23,B01
201900052446,1,1,,12,0,0,0,A01
201900052447,2,1,,0,2,1,1,B01
201900052447,1,1,,0,2,4,19,A01
201900052448,1,33,,0,0,0,0,A01
201900052449,2,99,,0,9,1,9,A01
201900052449,2,80,,0,2,4,1,Y01
201900052450,1,7,,0,2,1,1,B01
201900052450,1,7,,0,2,0,0,A01
201900052451,1,7,,0,2,3,15,B01
201900052451,1,34,,0,2,7,17,A01
201900052452,1,7,,0,0,0,0,B01
201900052452,1,7,,0,2,2,19,A01
201900052453,1,33,,0,2,1,1,A01
201900052453,2,7,,0,2,3,15,B01
201900052454,2,7,,0,1,1,0,A01
201900052455,2,7,,0,2,1,1,A01
201900052455,1,7,,0,2,8,1,B01
201900052456,2,7,,0,2,0,0,B01
201900052456,2,50,,0,2,0,0,A01
201900052457,2,7,,0,6,1,2,A01
201900052457,2,1,,0,2,4,2,B01
201900052458,1,7,,0,2,1,15,A01
201900052458,1,32,,0,2,3,1,B01
201900052459,1,2,,0,2,1,0,B01
201900052459,1,7,,0,2,1,0,A01
201900052460,0,1,,0,1,1,0,A01
201900052461,1,7,,0,2,7,15,A01
201900052461,1,33,,0,2,1,0,B01
201900052462,1,7,,0,2,1,19,A01
201900052462,1,7,,0,2,0,0,B01
201900052463,1,7,,0,2,1,9,A01
201900052463,1,7,,0,2,1,1,B01
201900052464,2,10,,0,1,2,1,A01
201900052465,2,7,,1,0,3,13,A01
201900052466,1,2,,0,2,1,17,A01
201900052466,1,7,,0,2,3,15,B01
201900052467,3,37,1.0,0,2,8,2,B01
201900052467,3,7,,0,2,1,26,A01
201900052468,2,7,,0,2,8,10,A01
201900052468,1,37,4.0,0,2,2,1,B01
201900052469,3,1,,0,2,8,23,B01
201900052469,3,7,,0,6,7,1,Z01
201900052470,0,10,,0,2,3,9,A01
201900052470,0,1,,0,2,0,0,B01
201900052471,1,7,,0,2,2,15,B01
201900052471,1,33,,0,2,1,21,A01
201900052472,1,1,,0,2,8,1,B01
201900052472,1,7,,0,2,3,6,A01
201900052473,1,7,,0,2,9,2,B01
201900052473,1,7,,0,2,4,2,D01
201900052473,1,10,,0,2,1,1,C01
201900052473,1,10,,0,2,1,26,A01
201900052474,2,10,,3,0,2,1,A01
201900052475,3,31,,0,2,2,3,A01
201900052475,3,7,,0,2,3,15,B01
201900052476,2,7,,0,2,7,12,A01
201900052476,2,33,,0,2,1,1,B01
201900052477,3,34,,4,0,7,13,A01
201900052477,3,0,,0,0,0,0,B01
201900052478,1,7,,6,0,1,0,A01
201900052479,3,7,,0,2,4,23,A01
201900052479,3,7,,14,0,1,2,C01
201900052479,3,7,,0,2,4,23,B01
201900052480,1,7,,0,2,3,11,A01
201900052480,1,2,,0,2,1,1,B01
201900052481,1,7,,0,1,1,17,A01
201900052482,2,2,,0,2,1,1,A01
201900052482,1,1,,0,2,4,1,B01
201900052483,3,7,,0,1,3,1,A01
201900052484,1,7,,1,2,5,1,B01
201900052484,1,7,,0,2,1,1,A01
201900052485,3,1,,0,2,7,2,B01
201900052485,3,7,,0,2,1,15,A01
201900052486,2,34,,0,1,1,1,A01
201900052487,3,7,,6,0,4,26,A01
201900052488,2,7,,0,2,0,0,D01
201900052488,2,32,,0,2,1,1,B01
201900052488,2,7,,0,2,0,0,C01
201900052488,2,7,,0,2,1,10,A01
201900052489,2,7,,0,1,2,1,A01
201900052490,1,7,,0,6,2,1,A01
201900052490,2,50,,0,2,9,1,B01
201900052491,1,7,,0,2,7,1,B01
201900052491,1,7,,0,2,1,19,A01
201900052492,3,7,,0,2,6,13,A01
201900052492,3,32,,0,2,7,1,B01
201900052493,0,7,,0,0,8,0,B01
201900052493,0,30,,0,2,1,9,A01
201900052494,2,30,,0,2,1,26,A01
201900052494,2,10,,0,2,4,26,B01
201900052495,3,30,,0,1,1,1,Z01
201900052496,0,7,,0,1,1,1,A01
201900052497,3,30,,0,1,2,25,A01
201900052498,1,7,,0,1,3,26,A01
201900052499,0,7,,0,2,2,1,B01
201900052499,0,7,,0,2,2,13,A01
201900052500,0,7,,0,2,1,16,A01
201900052500,0,1,,0,2,1,0,B01
201900052501,2,2,,12,0,2,1,A01
201900052502,1,7,,0,1,6,15,A01
201900052503,3,3,,0,2,3,15,A01
201900052503,3,33,,0,2,3,2,B01
201900052504,1,7,,0,2,8,24,A01
201900052504,1,32,,0,2,1,17,B01
201900052504,1,7,,0,2,5,2,C01
201900052505,1,7,,1,0,1,2,A01
201900052506,2,10,,0,2,3,15,A01
201900052506,1,33,,0,2,1,1,B01
201900052507,1,1,,0,2,2,0,B01
201900052507,1,7,,0,6,3,26,A01
201900052508,1,7,,0,1,2,16,A01
201900052508,1,1,,0,2,3,18,B01
201900052509,2,30,,0,2,3,17,A01
201900052509,3,50,,0,2,0,19,B01
201900052510,1,7,,0,2,3,1,A01
201900052510,1,15,,0,2,2,12,B01
201900052511,1,2,,0,2,2,2,A01
201900052511,1,1,,0,2,3,2,B01
201900052512,3,30,,0,0,1,1,A01
201900052513,2,1,,0,2,3,9,B01
201900052513,2,7,,0,6,8,10,A01
201900052514,3,7,,0,2,1,1,B01
201900052514,3,7,,0,2,8,19,A01
201900052515,3,7,,0,1,3,25,A01
201900052516,1,7,,0,2,4,0,B01
201900052516,1,7,,0,2,1,26,A01
201900052517,2,7,,0,2,4,2,B01
201900052517,2,33,,0,2,1,2,A01
201900052518,2,10,,0,2,1,1,A01
201900052518,2,7,,0,2,9,1,B01
201900052518,2,7,,0,2,0,0,C01
201900052519,2,7,,2,0,1,1,A01
201900052520,0,1,,0,2,7,17,A01
201900052520,0,10,,0,0,8,1,B01
201900052521,3,80,,0,2,0,1,B01
201900052521,3,7,,2,0,2,9,A01
201900052522,3,7,,0,2,8,26,A01
201900052522,3,80,,0,2,8,16,B01
201900052523,2,7,,0,2,6,1,C01
201900052523,2,14,,0,2,7,1,B01
201900052523,2,7,,0,2,2,11,A01
201900052524,1,17,,0,2,2,12,A01
201900052524,1,7,,0,2,3,1,B01
201900052525,1,7,,0,2,4,12,B01
201900052525,1,15,,0,2,1,9,A01
201900052526,2,30,,0,2,1,19,A01
201900052526,3,10,,0,2,6,15,B01
201900052527,1,7,,0,2,1,13,A01
201900052527,2,7,,0,2,1,1,B01
201900052528,1,14,,0,2,1,1,C01
201900052528,1,7,,0,2,6,2,B01
201900052528,1,7,,0,2,2,1,A01
201900052529,2,7,,2,1,1,14,A01
201900052530,0,7,,0,2,1,1,B01
201900052530,0,7,,0,2,1,1,A01
201900052531,0,7,,0,2,3,1,A01
201900052531,0,30,,0,2,1,1,B01
201900052532,1,31,,0,2,3,15,B01
201900052532,2,33,,0,2,1,1,A01
201900052533,2,7,,0,1,0,0,Z01
201900052534,1,32,,0,0,8,1,A01
201900052535,1,34,,0,2,1,1,A01
201900052535,1,7,,0,2,3,1,B01
201900052536,1,7,,6,0,1,1,A01
201900052537,2,7,,0,2,1,1,B01
201900052537,2,7,,0,2,7,1,A01
201900052538,0,7,,0,2,4,9,B01
201900052538,0,1,,0,2,1,1,A01
201900052539,1,32,,0,2,1,17,B01
201900052539,1,7,,0,0,6,11,A01
201900052540,2,7,,0,2,2,1,A01
201900052540,0,1,,0,2,1,19,B01
201900052541,0,7,,0,2,6,1,B01
201900052541,0,7,,0,2,1,1,A01
201900052542,1,7,,14,0,1,1,A01
201900052542,1,7,,0,2,4,1,B01
201900052543,2,30,,0,2,2,17,A01
201900052543,2,7,,0,2,3,23,B01
201900052544,1,7,,0,2,4,2,B01
201900052544,1,33,,0,2,1,2,A01
201900052545,3,1,,0,2,7,1,B01
201900052545,1,7,,0,2,0,9,A01
201900052546,1,2,,0,2,1,1,A01
201900052546,2,7,,0,2,3,1,B01
201900052547,2,7,,0,2,3,15,A01
201900052547,2,7,,0,2,7,1,B01
201900052547,1,7,,0,2,3,1,C01
201900052548,1,10,,0,1,2,9,A01
201900052549,1,2,,0,2,4,1,A01
201900052549,1,7,,0,2,1,17,Z01
201900052550,1,32,,8,0,8,1,A01
201900052551,2,33,,0,2,7,17,B01
201900052551,2,3,,0,2,8,15,A01
201900052552,2,7,,0,1,2,1,Z01
201900052553,1,7,,0,2,1,2,A01
201900052553,1,7,,0,0,4,2,B01
201900052554,0,7,,0,1,2,16,A01
201900052555,3,13,,0,2,5,1,B01
201900052555,0,7,,0,2,1,9,A01
201900052556,3,7,,0,2,4,2,B01
201900052556,0,10,,0,2,1,2,A01
201900052557,0,7,,0,1,1,1,A01
201900052558,3,7,,0,2,5,9,A01
201900052558,3,7,,0,2,1,26,B01
201900052559,3,7,,0,1,2,26,A01
201900052560,0,7,,0,2,3,19,B01
201900052560,3,7,,0,2,0,26,A01
201900052561,2,7,,0,2,4,1,B01
201900052561,2,7,,0,2,1,2,A01
201900052562,1,7,,0,2,5,26,A01
201900052562,2,1,,0,2,0,0,Z01
201900052563,2,7,,4,0,3,11,A01
201900052564,1,1,,0,2,1,1,A01
201900052564,2,7,,0,2,1,16,B01
201900052565,2,7,,0,2,1,2,A01
201900052565,1,7,,0,2,1,2,B01
201900052566,2,7,,0,2,3,2,A01
201900052566,1,7,,0,2,6,10,B01
201900052567,3,33,,0,2,1,1,B01
201900052567,3,7,,0,2,3,10,A01
201900052568,3,7,,0,2,6,1,A01
201900052568,3,7,,0,2,1,0,Z01
201900052569,2,33,,0,2,4,1,B01
201900052569,2,7,,0,2,1,1,A01
201900052570,1,50,,0,0,0,21,A01
201900052571,1,7,,0,1,4,20,A01
201900052572,1,7,,0,1,4,20,A01
201900052573,1,7,,0,2,4,1,C01
201900052573,1,7,,0,2,1,2,B01
201900052573,1,7,,0,2,1,2,A01
201900052574,1,3,,0,2,7,14,A01
201900052574,1,3,,2,2,8,0,B01
201900052575,1,34,,0,2,7,15,B01
201900052575,1,13,,0,2,1,1,A01
201900052576,2,50,,0,0,0,26,A01
201900052577,1,7,,0,2,1,1,A01
201900052577,1,7,,0,2,1,1,B01
201900052577,1,7,,0,2,4,1,C01
201900052578,2,10,,0,2,4,2,B01
201900052578,2,30,,0,2,1,2,A01
201900052579,2,30,,0,1,1,19,A01
201900052580,2,7,,0,1,3,1,A01
201900052581,1,7,,0,2,1,9,A01
201900052581,1,10,,0,2,8,26,B01
201900052582,0,32,,0,2,1,1,A01
201900052582,1,7,,0,2,6,10,B01
201900052583,3,7,,0,2,1,9,A01
201900052583,3,7,,0,2,8,1,B01
201900052584,3,7,,0,2,8,16,B01
201900052584,3,31,,0,2,1,1,A01
201900052585,3,7,,0,1,3,1,A01
201900052586,3,1,,1,0,1,2,B01
201900052586,3,10,,0,0,8,23,A01
201900052587,1,10,,0,2,1,1,B01
201900052587,1,3,,0,2,3,19,A01
201900052588,3,1,,0,2,1,1,B01
201900052588,3,7,,0,0,2,1,A01
201900052589,1,7,,0,2,1,1,B01
201900052589,1,7,,0,2,8,9,A01
201900052590,1,7,,0,2,1,0,B01
201900052590,1,7,,9,2,8,1,A01
201900052591,3,7,,0,2,7,15,B01
201900052591,3,2,,0,2,1,1,A01
201900052592,2,7,,3,0,9,1,A01
201900052593,1,21,,0,2,1,23,A01
201900052593,2,7,,0,2,2,1,B01
201900052594,1,7,,0,2,2,2,A01
201900052594,1,7,,0,2,6,1,B01
201900052595,1,7,,16,0,8,1,A01
201900052596,3,7,,0,2,2,21,A01
201900052596,3,7,,0,0,2,21,B01
201900052597,2,7,,0,2,1,1,C01
201900052597,2,7,,0,2,4,23,B01
201900052597,2,7,,0,0,5,23,A01
201900052598,2,7,,0,2,3,13,B01
201900052598,1,14,,0,2,1,1,A01
201900052599,2,7,,15,0,1,1,A01
201900052600,1,7,,2,0,8,13,A01
201900052601,2,7,,0,1,2,1,A01
201900052602,1,2,,0,2,1,1,B01
201900052602,2,7,,0,0,2,15,A01
201900052603,1,7,,0,1,3,1,A01
201900052603,2,60,,0,2,3,26,B01
201900052604,2,7,,0,1,1,1,A01
201900052605,1,7,,17,0,2,1,A01
201900052606,2,7,,0,2,8,1,B01
201900052606,2,7,,0,2,7,1,A01
201900052607,1,1,,0,2,3,1,B01
201900052607,2,7,,0,2,1,15,A01
201900052608,1,17,,0,2,6,13,A01
201900052608,2,7,,0,2,3,1,B01
201900052608,2,7,,0,2,9,1,C01
201900052609,2,7,,0,1,1,1,A01
201900052610,2,2,,0,2,4,2,B01
201900052610,2,7,,0,2,2,2,A01
201900052611,1,1,,0,9,0,1,B01
201900052611,1,3,,0,0,0,0,A01
201900052612,1,7,,0,2,7,1,A01
201900052612,2,7,,0,2,3,1,B01
201900052613,2,32,,12,0,4,1,A01
201900052614,2,7,,0,0,0,1,A01
201900052614,1,1,,0,0,0,5,B01
201900052615,1,14,,0,0,4,16,B01
201900052615,1,7,,0,2,1,1,A01
201900052616,2,15,,0,0,3,1,B01
201900052616,1,10,,0,2,3,13,A01
201900052617,2,10,,0,2,1,1,B01
201900052617,1,7,,0,2,1,17,A01
201900052618,1,10,,0,2,2,15,A01
201900052618,2,2,,0,0,8,1,B01
201900052619,2,17,,0,0,4,1,B01
201900052619,2,7,,0,2,1,12,A01
201900052620,1,2,,0,2,1,1,B01
201900052620,1,7,,0,9,3,26,A01
201900052621,1,31,,0,0,9,17,A01
201900052622,2,7,,0,0,4,2,B01
201900052622,2,2,,0,2,1,2,A01
201900052623,0,7,,0,2,1,13,A01
201900052623,0,7,,0,2,3,1,B01
201900052623,0,7,,0,2,1,1,C01
201900052624,1,7,,0,2,4,2,D01
201900052624,2,7,,0,2,8,23,C01
201900052624,1,37,1.0,14,0,1,1,B01
201900052624,2,32,,0,2,2,23,A01
201900052625,2,7,,0,0,4,1,B01