Num_Acc,senc,catv,occutc,obs,obsm,choc,manv,num_veh
201900052625,2,7,,0,2,1,2,A01
201900052626,2,7,,0,2,8,1,C01
201900052626,2,10,,0,2,1,1,B01
201900052626,1,17,,3,0,3,1,A01
201900052627,2,7,,4,0,1,1,A01
201900052628,1,14,,0,2,7,12,B01
201900052628,1,7,,4,2,8,1,A01
201900052629,3,7,,0,0,6,15,B01
201900052629,3,33,,0,2,1,17,A01
201900052630,3,31,,15,2,7,17,B01
201900052630,3,7,,0,2,3,15,A01
201900052631,2,7,,2,0,9,14,A01
201900052632,2,7,,2,0,7,1,A01
201900052633,1,7,,8,0,3,0,A01
201900052634,0,10,,0,2,3,15,B01
201900052634,0,10,,0,2,2,1,A01
201900052635,1,7,,0,1,2,1,A01
201900052636,3,7,,0,2,1,0,A01
201900052636,3,7,,0,2,1,0,B01
201900052636,3,7,,0,2,1,0,C01
201900052637,2,7,,3,2,7,13,A01
201900052637,1,17,,0,2,2,1,B01
201900052638,3,7,,1,0,1,13,A01
201900052639,2,7,,0,2,1,1,A01
201900052639,2,7,,0,2,8,19,B01
201900052640,2,2,,0,1,1,0,A01
201900052641,0,7,,0,1,1,0,A01
201900052642,2,7,,0,2,1,1,B01
201900052642,1,7,,0,2,7,13,A01
201900052643,1,7,,0,2,1,9,A01
201900052643,1,2,,0,2,7,1,B01
201900052644,2,31,,0,2,1,1,B01
201900052644,1,7,,0,0,5,15,A01
201900052645,3,99,,13,0,7,1,A01
201900052646,1,10,,0,2,0,1,B01
201900052646,2,7,,0,2,3,1,C01
201900052647,2,7,,0,2,1,19,A01
201900052647,2,7,,0,2,7,1,B01
201900052648,1,33,,0,2,3,26,B01
201900052648,1,7,,0,2,7,2,A01
201900052649,2,7,,0,2,1,2,C01
201900052649,2,7,,0,2,4,2,B01
201900052649,2,7,,0,2,4,2,A01
201900052650,1,7,,0,0,4,9,A01
201900052650,1,7,,0,0,1,9,B01
201900052651,1,7,,0,2,1,26,B01
201900052651,1,32,,0,2,1,1,A01
201900052652,1,7,,3,0,2,2,A01
201900052653,1,10,,0,2,6,2,B01
201900052653,1,10,,0,2,1,2,Z01
201900052654,1,7,,0,2,1,1,B01
201900052654,1,7,,0,2,4,23,A01
201900052655,2,7,,3,0,1,14,A01
201900052656,1,7,,0,2,1,2,A01
201900052656,1,7,,0,2,4,2,B01
201900052656,1,17,,0,2,4,2,C01
201900052657,2,7,,0,2,5,1,B01
201900052657,2,33,,0,2,1,3,A01
201900052658,2,15,,0,2,2,1,B01
201900052658,2,7,,0,2,6,18,A01
201900052659,1,15,,0,2,2,12,A01
201900052659,1,7,,0,2,8,2,B01
201900052660,2,15,,0,2,1,12,A01
201900052660,2,7,,0,2,8,2,B01
201900052661,1,33,,0,2,2,3,A01
201900052661,1,10,,0,2,6,1,B01
201900052662,2,7,,14,0,3,14,A01
201900052663,1,7,,0,2,6,1,B01
201900052663,1,7,,0,2,2,14,A01
201900052664,2,7,,0,2,4,2,C01
201900052664,2,7,,0,2,4,2,B01
201900052664,2,7,,0,2,1,2,A01
201900052665,1,10,,0,2,3,9,A01
201900052665,1,17,,0,2,5,1,B01
201900052666,1,32,,0,2,3,3,B01
201900052666,1,7,,0,2,7,12,A01
201900052667,1,7,,0,2,1,1,A01
201900052667,1,7,,0,2,5,2,B01
201900052668,2,33,,3,0,3,1,A01
201900052669,2,7,,0,2,6,11,B01
201900052669,2,16,,0,2,2,12,A01
201900052670,2,17,,0,2,1,1,B01
201900052670,2,7,,3,2,4,14,A01
201900052671,2,10,,0,2,6,11,A01
201900052671,2,33,,0,2,7,3,B01
201900052672,2,7,,0,2,2,14,A01
201900052672,2,34,,0,2,9,3,B01
201900052673,1,7,,3,0,2,1,A01
201900052674,2,7,,0,2,2,3,B01
201900052674,2,7,,0,2,8,11,A01
201900052675,1,2,,0,2,4,2,B01
201900052675,1,7,,0,2,1,11,A01
201900052676,1,7,,0,2,1,1,A01
201900052676,1,33,,0,2,4,2,B01
201900052677,2,7,,0,2,3,15,B01
201900052677,3,30,,0,2,2,17,A01
201900052678,0,7,,0,0,1,1,A01
201900052678,0,10,,0,0,8,1,B01
201900052679,2,10,,0,1,1,1,A01
201900052680,2,7,,0,2,8,15,B01
201900052680,1,30,,0,2,1,1,A01
201900052681,3,7,,0,2,4,2,B01
201900052681,3,7,,0,2,1,2,A01
201900052682,3,20,,0,2,7,12,A01
201900052682,3,7,,0,2,8,1,B01
201900052683,1,10,,0,1,1,9,C01
201900052684,1,7,,0,2,1,15,A01
201900052684,2,33,,0,2,3,1,B01
201900052685,0,7,,0,2,4,1,B01
201900052685,0,7,,0,2,1,1,A01
201900052686,1,30,,0,0,1,14,A01
201900052687,3,7,,0,1,4,4,A01
201900052688,1,7,,1,0,4,14,A01
201900052688,1,7,,15,0,0,0,B01
201900052689,1,7,,0,2,3,1,A01
201900052689,2,2,,0,2,0,17,B01
201900052690,2,1,,0,1,1,1,A01
201900052691,2,7,,0,1,2,1,A01
201900052692,3,7,,0,1,3,15,A01
201900052693,1,7,,0,2,4,0,B01
201900052693,1,7,,0,2,1,2,A01
201900052694,2,33,,0,2,1,0,B01
201900052694,1,7,,0,2,1,1,A01
201900052695,3,7,,0,2,2,9,A01
201900052695,3,34,,0,2,1,3,B01
201900052696,1,1,,0,2,4,19,A01
201900052696,3,7,,0,6,1,1,B01
201900052697,0,33,,0,0,0,9,A01
201900052698,2,33,,0,1,3,1,A01
201900052699,1,33,,0,2,1,26,A01
201900052699,1,7,,0,2,4,1,B01
201900052700,2,15,,0,2,4,2,B01
201900052700,2,7,,0,2,2,2,A01
201900052701,1,10,,0,2,1,2,A01
201900052701,2,7,,0,2,4,2,B01
201900052702,1,31,,0,0,0,2,A01
201900052703,3,7,,0,2,4,2,B01
201900052703,3,14,,0,2,1,2,A01
201900052704,1,30,,0,2,3,16,A01
201900052704,2,7,,0,2,2,1,B01
201900052705,2,7,,0,2,1,17,A01
201900052705,1,7,,0,2,3,1,B01
201900052706,1,7,,0,1,1,15,A01
201900052707,2,7,,0,2,1,13,B01
201900052707,2,7,,0,2,3,10,A01
201900052708,1,7,,0,2,3,9,A01
201900052708,1,34,,0,2,2,12,B01
201900052709,0,7,,0,2,4,1,B01
201900052709,0,7,,0,2,1,1,A01
201900052710,3,7,,0,2,3,26,A01
201900052710,2,2,,0,2,1,6,B01
201900052711,2,7,,0,1,3,1,A01
201900052712,1,7,,0,1,4,4,A01
201900052713,2,7,,8,0,2,1,A01
201900052714,2,50,,0,2,1,1,B01
201900052714,1,7,,0,2,3,15,A01
201900052715,1,50,,0,0,1,1,A01
201900052716,2,7,,0,0,0,9,Z01
201900052716,2,33,,16,0,7,21,B01
201900052717,3,33,,0,2,1,2,A01
201900052717,3,7,,0,2,4,2,B01
201900052718,2,7,,0,2,1,2,A01
201900052718,2,7,,0,2,4,2,B01
201900052719,3,10,,0,1,7,1,A01
201900052720,3,33,,0,1,1,21,A01
201900052721,1,7,,0,2,1,19,A01
201900052721,1,7,,0,2,8,1,B01
201900052722,1,30,,0,2,1,9,A01
201900052723,1,7,,0,1,1,1,A01
201900052724,1,1,,1,0,1,1,B01
201900052724,1,7,,0,2,2,24,A01
201900052725,2,1,,0,2,8,2,B01
201900052725,2,15,,0,2,5,2,A01
201900052726,1,10,,0,2,6,20,A01
201900052726,1,2,,0,2,7,1,B01
201900052727,1,7,,0,1,1,15,A01
201900052728,1,7,,0,2,3,9,A01
201900052728,2,2,,0,2,2,1,B01
201900052729,2,10,,0,2,1,1,B01
201900052729,1,7,,0,2,1,15,A01
201900052730,2,7,,0,1,2,26,A01
201900052731,1,7,,0,2,4,1,C01
201900052731,1,7,,0,2,4,1,B01
201900052731,1,7,,0,2,1,1,A01
201900052732,1,1,,0,1,1,1,A01
201900052733,2,7,,0,2,5,15,A01
201900052733,1,1,,0,2,1,2,B01
201900052734,3,10,,0,2,1,1,A01
201900052734,3,10,,0,2,1,1,B01
201900052734,3,15,,1,0,0,24,C01
201900052735,0,7,,0,1,8,0,A01
201900052736,0,7,,0,1,1,1,A01
201900052737,0,7,,0,2,4,23,B01
201900052737,0,7,,0,2,1,2,A01
201900052738,3,7,,0,1,2,16,A01
201900052739,3,7,,0,1,3,20,A01
201900052740,3,1,,0,2,1,0,A01
201900052740,3,7,,0,2,1,1,B01
201900052741,3,7,,0,1,3,1,A01
201900052742,1,7,,0,2,8,19,A01
201900052742,1,32,,0,2,1,2,B01
201900052743,3,7,,0,1,2,26,A01
201900052744,1,7,,0,2,1,1,B01
201900052744,2,10,,8,2,1,6,A01
201900052745,2,7,,0,2,3,1,B01
201900052745,1,1,,0,2,1,15,A01
201900052746,0,33,,0,2,7,1,A01
201900052746,0,7,,0,2,1,1,B01
201900052747,2,7,,0,2,2,1,B01
201900052747,1,7,,0,2,2,1,A01
201900052748,0,1,,0,1,0,1,A01
201900052749,2,7,,8,0,1,14,A01
201900052750,1,7,,0,1,1,1,A01
201900052751,2,7,,0,2,2,1,A01
201900052751,2,1,,0,2,1,1,Y01
201900052752,2,7,,6,0,8,1,A01
201900052753,1,7,,2,0,0,1,A01
201900052754,1,7,,0,2,3,1,A01
201900052754,2,7,,0,2,3,1,B01
201900052755,1,15,,0,2,1,1,B01
201900052755,2,7,,0,2,1,5,A01
201900052756,1,7,,0,1,3,1,A01
201900052757,2,7,,0,2,3,9,B01
201900052757,1,2,,0,2,1,1,A01
201900052758,2,7,,15,0,1,13,A01
201900052759,1,33,,1,0,8,1,A01
201900052760,1,7,,13,0,9,26,A01
201900052761,2,33,,13,0,2,1,A01
201900052762,1,33,,0,0,1,1,A01
201900052763,2,7,,0,2,3,1,B01
201900052763,1,10,,0,2,2,15,A01
201900052764,2,7,,3,2,3,1,B01
201900052764,1,7,,0,2,3,13,A01
201900052765,2,33,,8,0,8,1,A01
201900052766,2,7,,0,2,6,17,A01
201900052766,2,14,,0,2,2,17,B01
201900052767,1,7,,0,2,3,1,C01
201900052767,1,7,,0,2,1,1,B01
201900052767,2,7,,0,2,1,13,A01
201900052768,2,7,,13,0,2,16,A01
201900052769,2,7,,0,2,1,2,A01
201900052769,2,7,,0,0,4,23,B01
201900052770,2,33,,0,2,1,1,B01
201900052770,3,10,,0,2,2,19,A01
201900052771,1,7,,6,0,8,1,A01
201900052772,2,7,,2,0,7,1,A01
201900052773,1,33,,14,0,1,1,A01
201900052774,1,2,,0,2,1,1,B01
201900052774,2,7,,0,2,1,1,A01
201900052775,3,2,,0,0,7,1,A01
201900052776,2,7,,0,2,1,15,A01
201900052776,1,2,,0,2,1,1,B01
201900052777,1,7,,0,1,2,1,A01
201900052778,1,14,,0,2,3,13,A01
201900052778,2,2,,0,2,1,1,B01
201900052778,2,2,,0,0,0,1,C01
201900052778,1,2,,0,0,0,1,D01
201900052779,0,7,,0,1,4,4,A01
201900052780,1,1,,0,9,8,1,B01
201900052780,1,17,,0,0,2,17,A01
201900052781,2,7,,0,2,1,13,A01
201900052781,1,7,,0,2,1,1,B01
201900052782,1,7,,8,9,8,1,A01
201900052783,1,7,,0,2,1,13,A01
201900052783,2,7,,0,2,1,1,B01
201900052784,2,7,,0,0,1,1,B01
201900052784,1,7,,0,0,1,0,A01
201900052785,1,7,,2,0,1,0,A01
201900052786,2,7,,0,1,3,1,A01
201900052787,2,1,,0,2,8,5,A01
201900052787,1,7,,0,2,3,1,B01
201900052788,3,7,,0,1,3,1,A01
201900052789,1,7,,0,2,1,1,B01
201900052789,2,34,,0,2,1,1,A01
201900052790,1,7,,8,0,1,1,A01
201900052791,0,7,,2,0,3,1,A01
201900052792,1,7,,17,0,3,1,A01
201900052793,2,7,,17,0,2,2,A01
201900052794,1,7,,9,0,0,14,A01
201900052795,0,7,,0,0,6,24,B01
201900052795,1,2,,1,0,2,1,A01
201900052796,1,7,,13,0,0,13,A01
201900052797,1,33,,0,0,0,1,A01
201900052798,0,33,,15,0,3,0,A01
201900052799,2,7,,0,2,3,2,D01
201900052799,2,7,,0,2,2,2,C01
201900052799,2,7,,0,2,5,2,B01
201900052799,2,7,,0,2,6,2,A01
201900052800,1,1,,0,2,7,1,B01
201900052800,1,7,,0,2,6,4,A01
201900052801,3,7,,0,2,7,1,A01
201900052801,3,7,,0,2,1,15,B01
201900052802,1,33,,0,0,8,15,A01
201900052803,2,7,,2,0,2,6,A01
201900052804,1,21,,0,0,3,9,B01
201900052804,2,33,,0,2,1,1,A01
201900052805,2,7,,13,0,0,0,A01
201900052806,1,31,,0,5,0,1,A01
201900052807,2,7,,0,2,3,5,D01
201900052807,1,7,,0,2,8,5,C01
201900052807,1,33,,0,2,7,2,B01
201900052807,1,33,,0,2,9,9,A01
201900052808,1,7,,0,2,1,17,A01
201900052808,1,32,,0,2,6,17,B01
201900052808,1,15,,0,2,3,1,C01
201900052809,2,7,,0,2,1,1,B01
201900052809,1,7,,0,2,2,1,A01
201900052810,1,31,,11,0,0,16,A01
201900052811,1,7,,0,2,5,1,A01
201900052811,2,31,,0,2,1,1,B01
201900052812,1,33,,0,2,7,15,B01
201900052812,1,33,,0,2,2,17,A01
201900052813,1,7,,0,2,3,1,A01
201900052813,1,99,,0,2,7,1,B01
201900052814,2,7,,13,0,7,1,A01
201900052815,0,33,,0,0,7,23,B01
201900052815,0,7,,0,2,3,2,A01
201900052816,3,7,,0,1,2,1,A01
201900052817,3,7,,0,2,3,15,A01
201900052817,3,33,,0,2,1,1,B01
201900052818,1,33,,6,0,1,0,A01
201900052819,1,7,,0,2,8,9,A01
201900052819,1,33,,0,2,3,1,B01
201900052820,1,30,,0,2,3,13,A01
201900052820,2,7,,0,2,1,1,B01
201900052821,1,1,,10,0,1,1,A01
201900052822,1,31,,0,2,5,17,B01
201900052822,1,7,,0,2,3,15,A01
201900052823,3,1,,0,2,2,5,B01
201900052823,2,10,,0,9,7,1,A01
201900052824,0,34,,0,2,3,13,A01
201900052824,0,7,,0,2,8,0,B01
201900052824,0,7,,0,2,1,0,C01
201900052825,1,13,,0,1,3,5,A01
201900052826,1,7,,8,0,1,1,A01
201900052827,2,7,,0,2,1,1,B01
201900052827,1,7,,0,2,8,15,A01
201900052828,1,33,,0,6,1,1,A01
201900052829,1,7,,0,2,1,13,A01
201900052829,2,7,,0,2,1,1,B01
201900052829,2,7,,0,2,8,1,C01
201900052830,2,7,,0,2,2,1,B01
201900052830,3,2,,7,2,1,16,A01
201900052831,1,7,,0,2,1,1,B01
201900052831,2,7,,0,2,1,13,A01
201900052832,2,33,,0,2,1,2,A01
201900052832,2,7,,0,2,4,23,B01
201900052833,3,21,,0,2,7,23,B01
201900052833,3,7,,13,2,2,1,A01
201900052834,1,1,,0,9,4,1,B01
201900052834,1,1,,0,9,1,1,A01
201900052835,2,7,,0,2,3,2,A01
201900052835,2,7,,0,0,5,23,B01
201900052836,1,30,,0,0,4,1,B01
201900052836,1,7,,0,2,2,2,A01
201900052837,1,33,,2,0,1,1,A01
201900052838,1,15,,15,0,2,1,A01
201900052839,1,7,,0,2,2,1,A01
201900052839,3,1,,0,2,3,15,B01
201900052840,1,7,,0,1,2,14,A01
201900052841,0,7,,0,2,1,1,C01
201900052841,2,7,,0,2,1,1,B01
201900052842,1,33,,13,0,1,1,A01
201900052843,3,33,,0,2,2,1,B01
201900052843,3,3,,0,2,5,15,A01
201900052844,0,33,,0,0,8,1,A01
201900052845,2,31,,0,1,1,1,A01
201900052846,2,7,,0,2,1,13,A01
201900052846,1,7,,0,2,1,1,B01
201900052847,3,7,,0,2,1,13,A01
201900052847,0,7,,0,2,1,0,B01
201900052848,2,21,,0,2,3,9,B01
201900052848,1,33,,0,2,1,1,A01
201900052849,3,3,,0,2,3,13,A01
201900052849,3,7,,0,2,3,14,B01
201900052850,3,7,,13,0,1,1,A01
201900052851,2,7,,2,0,1,21,A01
201900052852,1,7,,6,0,1,1,A01
201900052853,2,33,,0,2,1,16,B01
201900052853,1,7,,0,2,2,1,A01
201900052854,3,7,,0,2,1,1,A01
201900052854,0,1,,0,2,1,1,B01
201900052855,0,7,,2,0,3,1,A01
201900052856,1,7,,0,2,3,1,B01
201900052856,2,7,,0,2,3,13,A01
201900052857,2,7,,0,2,2,2,C01
201900052857,2,7,,0,2,1,1,B01
201900052857,1,7,,0,2,1,5,A01
201900052858,2,7,,0,2,1,1,B01
201900052858,1,7,,0,2,1,1,A01
201900052859,1,31,,0,0,0,1,A01
201900052860,1,33,,0,2,1,13,B01
201900052860,1,7,,0,0,5,11,A01
201900052861,0,7,,0,1,1,21,A01
201900052862,0,33,,8,0,1,1,A01
201900052863,3,7,,0,2,3,1,A01
201900052863,3,2,,0,2,1,5,B01
201900052864,2,7,,0,2,1,26,B01
201900052864,1,7,,0,2,1,26,A01
201900052865,2,7,,0,2,8,5,B01
201900052865,2,33,,0,2,8,1,A01
201900052866,0,7,,0,9,1,1,A01
201900052866,0,1,,0,2,7,1,B01
201900052867,0,7,,12,0,2,1,A01
201900052868,3,7,,0,0,0,26,A01
201900052869,2,7,,0,2,3,15,A01
201900052869,1,33,,0,2,1,1,B01
201900052870,3,7,,0,2,1,1,A01
201900052870,1,50,,0,2,8,19,B01
201900052871,1,33,,13,0,7,17,A01
201900052872,1,33,,0,0,2,1,B01
201900052872,2,7,,0,0,0,15,A01
201900052873,1,10,,0,2,7,16,A01
201900052873,1,7,,0,2,3,2,B01
201900052874,1,13,,0,0,2,20,B01
201900052874,2,7,,0,2,2,1,A01
201900052875,1,7,,0,2,1,1,B01
201900052875,2,7,,0,2,1,13,A01
201900052876,2,33,,0,0,7,1,A01
201900052877,3,7,,6,0,1,20,A01
201900052878,0,10,,0,2,3,15,A01
201900052878,1,33,,0,2,1,1,B01
201900052879,2,1,,0,2,1,1,B01
201900052879,1,7,,0,2,3,19,A01
201900052880,3,7,,1,1,7,4,A01
201900052881,1,7,,13,0,0,1,A01
201900052882,1,7,,0,2,3,1,B01
201900052882,2,7,,0,2,1,13,A01
201900052883,1,7,,0,2,1,15,A01
201900052883,2,7,,0,2,1,1,B01
201900052884,1,10,,15,0,6,16,C01
201900052884,1,7,,1,2,0,1,A01
201900052884,2,7,,0,2,1,1,D01
201900052885,1,31,,0,0,0,1,A01
201900052886,1,7,,0,2,1,13,A01
201900052886,2,7,,0,2,1,1,B01
201900052887,2,33,,8,2,3,21,A01
201900052887,2,7,,0,0,5,15,B01
201900052888,2,7,,13,0,3,5,A01
201900052889,0,7,,0,1,6,24,B01
201900052889,3,7,,1,0,2,2,A01
201900052890,2,7,,0,2,3,1,B01
201900052890,1,33,,0,2,3,11,A01
201900052891,1,7,,0,2,4,23,A01
201900052891,1,2,,0,2,1,17,B01
201900052892,1,7,,0,0,1,19,A01
201900052893,2,7,,0,2,3,1,A01
201900052893,1,1,,0,2,7,19,B01
201900052894,3,60,,0,2,8,26,B01
201900052894,2,7,,0,2,2,1,A01
201900052895,2,1,,0,2,4,1,B01
201900052895,2,7,,0,2,2,17,A01
201900052896,1,7,,0,2,3,1,B01
201900052896,2,15,,0,2,3,13,A01
201900052897,2,7,,13,0,3,13,A01
201900052898,1,7,,0,2,1,1,B01
201900052898,3,7,,6,2,2,9,A01
201900052899,3,33,,0,6,1,1,A01
201900052900,2,33,,0,2,1,1,B01
201900052900,1,7,,0,2,2,1,A01
201900052901,1,7,,6,0,1,14,A01
201900052902,3,36,,0,0,1,1,A01
201900052903,2,15,,0,2,2,1,B01
201900052903,2,7,,0,2,6,17,A01
201900052904,1,10,,2,0,2,14,A01
201900052905,1,7,,0,2,5,15,A01
201900052905,2,31,,0,2,1,1,B01
201900052906,3,7,,13,0,0,1,A01
201900052907,1,31,,0,2,1,1,A01
201900052907,2,14,,0,2,8,1,B01
201900052908,1,7,,0,2,1,2,A01
201900052908,1,7,,0,2,4,23,B01
201900052908,1,15,,0,2,4,23,C01
201900052909,2,7,,0,2,6,15,B01
201900052909,2,33,,0,2,2,17,A01
201900052910,2,21,,0,0,8,1,A01
201900052911,1,7,,0,0,0,14,A01
201900052912,1,1,,0,2,5,1,C01
201900052912,1,1,,0,2,5,1,B01
201900052912,1,7,,3,9,3,17,A01
201900052913,3,36,,0,0,0,1,A01
201900052914,3,2,,9,0,2,2,B01
201900052914,0,2,,0,2,2,2,A01
201900052915,0,7,,16,2,2,15,A01
201900052915,0,7,,13,2,6,0,B01
201900052916,2,33,,0,2,1,2,A01
201900052916,2,33,,0,2,4,2,B01
201900052917,1,7,,15,0,1,14,A01
201900052918,3,37,1.0,0,2,2,1,A01
201900052918,2,7,,0,2,3,15,B01
201900052919,2,7,,0,2,3,15,B01
201900052919,2,7,,0,2,2,17,A01
201900052920,1,7,,0,2,3,15,A01
201900052920,2,7,,0,2,3,1,B01
201900052921,3,7,,2,0,3,1,A01
201900052922,3,7,,2,0,1,1,A01
201900052923,1,7,,1,0,2,1,A01
201900052924,2,33,,0,0,0,2,A01
201900052925,2,7,,0,1,1,1,A01
201900052926,3,7,,0,2,4,23,B01
201900052926,3,7,,0,2,1,1,A01
201900052927,3,7,,0,1,3,16,A01
201900052928,1,1,,0,2,8,19,B01
201900052928,3,7,,0,2,2,1,A01
201900052929,3,7,,0,2,1,17,A01
201900052929,3,7,,0,2,4,26,B01
201900052930,2,7,,0,1,1,1,A01
201900052931,2,7,,0,2,4,1,C01
201900052931,2,7,,0,2,4,1,B01
201900052931,2,10,,0,2,1,1,A01
201900052932,1,31,,0,2,8,21,B01
201900052932,2,7,,0,2,1,15,A01
201900052933,2,7,,0,1,5,4,A01
201900052934,3,33,,0,2,1,17,B01
201900052934,3,7,,0,2,8,15,A01
201900052935,0,7,,0,1,1,1,A01
201900052936,2,7,,0,1,2,1,A01
201900052937,1,7,,0,2,1,19,B01
201900052937,2,30,,0,2,1,19,A01
201900052938,3,7,,0,2,3,0,B01
201900052938,3,32,,0,2,0,0,A01
201900052939,1,7,,0,2,4,2,A01
201900052939,2,7,,0,2,0,0,B01
201900052939,1,7,,0,2,0,26,C01
201900052940,2,33,,0,2,1,1,B01
201900052940,1,7,,0,2,1,15,A01
201900052941,2,7,,0,2,1,1,B01
201900052941,2,7,,0,2,1,15,A01
201900052942,1,10,,0,2,8,0,B01
201900052942,2,10,,0,2,1,1,C01
201900052942,1,33,,0,2,2,17,A01
201900052943,1,30,,0,1,1,21,A01
201900052944,2,15,,0,2,4,23,B01
201900052944,2,7,,0,2,1,1,C01
201900052944,2,7,,0,2,1,2,A01
201900052945,1,7,,0,2,1,1,A01
201900052945,1,7,,0,2,4,1,B01
201900052946,2,30,,1,0,1,13,A01
201900052947,2,80,,6,0,7,1,A01
201900052948,2,10,,0,2,3,13,A01
201900052948,1,10,,0,2,3,1,B01
201900052949,3,7,,0,2,1,17,A01
201900052949,1,2,,0,2,8,10,B01
201900052950,1,2,,14,0,0,2,B01
201900052950,1,7,,0,2,4,23,A01
201900052951,3,7,,0,1,1,1,A01
201900052952,2,3,,0,2,8,13,A01
201900052952,2,2,,0,2,1,1,B01
201900052953,2,7,,0,0,0,1,A01
201900052954,1,7,,14,0,2,15,A01
201900052954,2,1,,0,2,3,9,B01
201900052955,2,10,,0,2,3,1,B01
201900052955,1,7,,0,2,1,15,A01
201900052956,1,7,,0,2,4,23,C01
201900052956,1,7,,0,2,4,23,B01
201900052956,1,10,,0,2,1,1,A01
201900052957,1,7,,0,2,1,15,A01
201900052957,1,7,,0,2,3,1,B01
201900052958,1,3,,0,2,1,2,A01
201900052958,1,7,,0,2,4,23,B01
201900052959,3,32,,12,0,1,9,A01
201900052960,1,7,,0,1,8,15,A01
201900052961,2,7,,0,2,3,1,B01
201900052961,1,7,,0,2,3,13,A01
201900052962,3,7,,0,2,2,0,B01
201900052962,3,2,,0,2,7,19,A01
201900052963,1,7,,0,2,2,10,B01
201900052963,1,7,,0,2,2,1,A01
201900052964,1,1,,0,2,1,1,B01
201900052964,2,7,,0,2,2,16,A01
201900052965,1,7,,3,0,1,2,A01
201900052966,3,7,,0,2,4,2,B01
201900052966,3,7,,0,2,1,2,A01
201900052967,1,7,,0,2,2,15,A01
201900052967,2,33,,0,2,1,1,B01
201900052968,2,7,,0,2,7,1,A01
201900052968,1,7,,0,2,1,1,B01
201900052969,2,33,,0,2,1,1,B01
201900052969,2,7,,0,2,6,11,A01
201900052970,3,17,,0,2,8,1,B01
201900052970,3,17,,0,2,7,19,A01
201900052971,1,7,,12,0,1,1,A01
201900052972,2,7,,0,2,4,1,B01
201900052972,2,30,,0,2,1,1,A01
201900052973,1,2,,0,2,1,1,A01
201900052973,2,7,,0,2,3,11,B01
201900052974,1,10,,0,2,5,15,A01
201900052974,1,33,,0,2,1,1,B01
201900052975,1,1,,0,2,7,1,Z01
201900052975,1,7,,0,2,8,22,A01
201900052976,1,10,,0,2,4,1,B01
201900052976,1,1,,0,2,2,1,A01
201900052977,1,7,,0,2,3,9,B01
201900052977,3,7,,0,2,2,2,A01
201900052978,1,13,,0,2,6,24,B01
201900052978,1,7,,1,0,2,2,A01
201900052979,1,7,,0,1,1,1,A01
201900052980,2,7,,8,0,3,1,A01
201900052981,1,31,,0,2,2,1,A01
201900052981,1,7,,0,2,8,16,B01
201900052982,2,7,,0,2,3,21,C01
201900052982,1,7,,0,2,3,1,D01
201900052983,2,7,,0,1,1,1,A01
201900052984,1,1,,0,2,2,19,B01
201900052984,2,7,,0,2,2,1,A01
201900052985,3,7,,0,2,6,15,A01
201900052985,3,33,,0,2,1,1,B01
201900052986,1,34,,14,0,1,1,C01
201900052987,1,7,,8,0,1,1,A01
201900052988,1,99,,0,2,1,1,C01
201900052988,1,99,,0,0,4,1,D01
201900052989,2,7,,14,2,2,1,B01
201900052989,1,7,,0,2,8,15,A01
201900052990,2,7,,0,2,3,9,A01
201900052990,2,1,,0,2,3,1,B01
201900052991,2,10,,2,0,1,13,A01
201900052992,3,7,,0,2,1,15,B01
201900052992,2,1,,0,2,1,2,A01
201900052993,2,7,,0,2,4,1,D01
201900052993,2,10,,0,2,1,1,C01
201900052994,2,7,,4,0,3,13,A01
201900052995,2,7,,0,2,1,1,C01
201900052995,2,7,,0,2,4,1,D01
201900052996,3,7,,0,2,3,1,A01
201900052996,3,7,,0,2,1,19,B01
201900052997,1,7,,0,2,0,14,A01
201900052997,1,7,,0,2,1,23,B01
201900052998,1,7,,0,2,1,2,C01
201900052998,1,7,,0,2,4,1,D01
201900052999,2,33,,0,0,2,1,A01
201900053000,0,7,,0,1,1,1,Z01
201900053001,0,7,,0,2,1,1,B01
201900053001,0,7,,0,2,1,13,A01
201900053001,0,7,,0,2,0,0,C01
201900053002,0,7,,0,2,1,0,A01
201900053002,2,7,,0,2,6,0,B01
201900053003,1,7,,0,2,3,11,A01
201900053003,1,36,,0,2,3,1,B01
201900053004,2,32,,0,0,0,26,A01
201900053005,1,33,,0,2,0,0,B01
201900053006,1,13,,0,2,2,1,B01
201900053006,1,7,,0,0,3,1,C01
201900053006,1,7,,0,2,2,14,A01
201900053007,1,37,1.0,0,2,4,23,B01
201900053007,1,7,,0,2,1,2,A01
201900053008,3,2,,0,2,1,1,B01
201900053008,1,7,,0,2,4,4,Z01
201900053009,1,7,,0,2,3,9,B01
201900053009,1,33,,0,2,1,9,A01
201900053010,1,31,,0,2,4,2,B01
201900053010,1,7,,0,2,1,2,A01
201900053011,0,1,,0,0,4,11,B01
201900053011,0,7,,0,2,1,2,A01
201900053012,3,7,,0,2,3,15,A01
201900053012,2,32,,0,2,1,1,B01
201900053013,3,2,,0,2,1,1,B01
201900053013,3,10,,0,2,3,15,A01
201900053014,0,7,,0,2,4,2,B01
201900053014,0,7,,0,2,4,2,C01
201900053014,0,7,,0,2,1,2,A01
201900053015,1,7,,0,2,3,1,B01
201900053015,2,7,,0,2,3,1,A01
201900053016,0,7,,0,2,3,1,A01
201900053016,0,30,,0,2,7,16,B01