Num_Acc,senc,catv,occutc,obs,obsm,choc,manv,num_veh
201900053017,2,7,,0,-1,2,1,A01
201900053017,1,7,,0,-1,7,2,B01
201900053018,2,7,,0,2,1,26,B01
201900053018,1,7,,0,2,1,26,A01
201900053019,3,7,,0,2,8,16,B01
201900053019,3,10,,0,2,1,26,A01
201900053020,3,33,,10,0,7,1,A01
201900053021,2,33,,0,1,1,7,A01
201900053022,1,7,,0,2,0,26,B01
201900053022,1,30,,0,2,0,21,A01
201900053023,3,1,,0,2,7,19,B01
201900053023,3,7,,0,2,3,1,A01
201900053024,2,7,,0,2,4,1,B01
201900053024,2,7,,0,2,4,2,C01
201900053024,2,7,,0,2,1,2,A01
201900053025,1,7,,0,1,6,2,A01
201900053026,2,7,,0,1,1,1,A01
201900053027,0,7,,0,1,0,0,A01
201900053028,2,7,,0,2,2,15,A01
201900053028,1,34,,0,2,1,3,B01
201900053029,0,10,,0,1,1,1,A01
201900053030,2,30,,0,1,2,3,A01
201900053031,2,2,,0,1,1,3,A01
201900053032,1,7,,12,0,2,1,A01
201900053033,1,7,,1,0,2,1,A01
201900053034,1,34,,0,2,4,2,A01
201900053035,2,34,,0,2,1,15,A01
201900053035,1,34,,0,2,1,1,B01
201900053036,0,7,,0,2,0,0,A01
201900053036,0,7,,0,2,0,0,B01
201900053037,1,31,,0,2,1,1,B01
201900053037,3,7,,0,2,2,15,A01
201900053038,1,3,,0,2,1,1,Z01
201900053038,1,3,,0,2,4,23,A01
201900053039,0,30,,0,2,8,15,B01
201900053039,0,33,,0,2,1,17,A01
201900053040,1,31,,0,2,1,1,B01
201900053040,1,2,,0,2,2,14,A01
201900053041,1,7,,5,0,9,1,A01
201900053042,1,34,,0,1,1,19,A01
201900053043,1,7,,0,1,0,1,A01
201900053043,1,7,,0,2,0,2,Z01
201900053044,2,10,,0,2,2,1,A01
201900053044,1,7,,0,2,1,15,B01
201900053045,3,7,,0,2,8,1,B01
201900053045,3,7,,0,2,1,1,A01
201900053046,2,10,,0,0,0,0,B01
201900053046,2,50,,0,2,8,2,A01
201900053047,1,7,,0,2,1,2,A01
201900053047,1,7,,0,2,4,23,B01
201900053047,1,7,,0,2,4,20,C01
201900053048,1,7,,0,2,4,23,B01
201900053048,1,7,,0,2,1,2,A01
201900053049,2,7,,0,2,6,15,A01
201900053049,1,34,,0,2,3,1,B01
201900053050,1,7,,0,2,2,1,B01
201900053050,1,7,,0,2,3,15,A01
201900053051,0,7,,0,2,8,15,B01
201900053051,0,2,,0,2,1,1,A01
201900053052,1,30,,0,1,1,26,A01
201900053053,2,31,,0,2,7,17,B01
201900053053,1,7,,0,2,8,1,C01
201900053053,2,7,,0,2,0,15,A01
201900053054,2,7,,0,1,3,15,A01
201900053055,0,7,,0,2,3,15,A01
201900053055,0,2,,0,2,1,1,B01
201900053056,0,10,,0,2,1,1,B01
201900053056,3,10,,0,2,6,1,C01
201900053056,0,10,,0,2,1,1,A01
201900053057,0,10,,0,1,1,1,A01
201900053058,1,34,,0,2,1,2,B01
201900053058,1,7,,0,2,4,2,A01
201900053059,2,33,,0,2,1,2,B01
201900053059,1,7,,0,2,7,15,A01
201900053060,1,7,,0,2,2,26,A01
201900053060,2,33,,0,2,1,13,B01
201900053061,1,7,,0,2,3,1,B01
201900053061,1,7,,0,2,6,15,A01
201900053062,2,2,,0,2,1,1,B01
201900053062,1,2,,0,2,1,5,Z01
201900053063,1,14,,0,2,3,4,A01
201900053063,1,32,,0,2,2,1,B01
201900053064,2,7,,0,1,2,1,A01
201900053065,2,7,,0,2,4,23,A01
201900053066,1,99,,0,2,1,1,Z01
201900053066,1,31,,0,2,4,26,B01
201900053067,1,2,,0,2,1,1,B01
201900053067,2,7,,0,2,7,15,A01
201900053068,2,7,,0,2,6,20,B01
201900053068,2,30,,0,2,1,2,A01
201900053069,0,7,,0,2,1,18,B01
201900053069,1,30,,0,2,8,26,A01
201900053070,2,2,,0,2,1,17,A01
201900053070,2,10,,0,2,8,15,B01
201900053071,1,7,,0,2,3,15,B01
201900053071,1,32,,0,2,1,17,A01
201900053072,2,7,,1,0,0,0,A01
201900053072,2,7,,1,0,3,0,C01
201900053072,0,7,,0,2,0,0,B01
201900053072,2,7,,1,0,3,0,D01
201900053073,0,2,,0,2,1,3,A01
201900053073,0,33,,0,2,4,1,B01
201900053073,1,7,,0,2,6,2,C01
201900053074,2,7,,0,2,8,1,B01
201900053074,2,13,,0,2,7,14,A01
201900053075,1,10,,0,1,1,2,A01
201900053076,1,32,,0,2,4,23,B01
201900053077,0,2,,0,2,0,0,A01
201900053077,0,7,,0,2,0,0,B01
201900053078,1,10,,8,0,9,2,A01
201900053079,3,33,,0,2,3,13,A01
201900053079,3,7,,0,2,3,1,B01
201900053080,2,31,,0,2,1,2,A01
201900053080,2,7,,0,2,4,2,B01
201900053081,2,30,,0,0,7,26,A01
201900053082,1,31,,0,2,1,1,A01
201900053082,1,7,,0,2,6,1,B01
201900053083,3,33,,0,2,1,1,B01
201900053083,3,7,,0,2,8,9,A01
201900053084,3,7,,2,0,8,1,A01
201900053085,2,10,,0,2,3,15,B01
201900053085,2,33,,0,2,5,16,A01
201900053086,1,33,,0,2,1,1,B01
201900053086,1,7,,0,2,5,15,A01
201900053087,2,7,,0,1,3,1,A01
201900053088,1,34,,0,1,1,1,A01
201900053089,1,33,,0,2,1,2,B01
201900053089,2,7,,0,2,8,10,A01
201900053090,2,33,,0,2,8,1,A01
201900053090,1,7,,0,2,8,9,B01
201900053091,1,99,,0,2,3,15,B01
201900053091,1,30,,0,2,1,26,A01
201900053092,2,13,,0,2,1,23,C01
201900053092,2,1,,0,2,7,19,B01
201900053092,2,7,,0,2,1,1,A01
201900053093,2,30,,0,2,1,11,A01
201900053093,1,10,,0,0,3,23,B01
201900053094,0,7,,0,2,2,16,B01
201900053094,3,32,,0,2,8,18,A01
201900053095,2,7,,0,0,1,1,A01
201900053096,1,33,,0,2,8,1,A01
201900053096,1,10,,0,2,0,15,B01
201900053097,1,7,,0,2,1,16,A01
201900053097,1,33,,0,2,7,1,B01
201900053098,3,7,,0,2,7,15,A01
201900053098,3,7,,0,2,1,15,B01
201900053099,3,7,,0,1,1,26,A01
201900053100,2,7,,0,2,3,15,B01
201900053100,2,2,,8,2,1,17,A01
201900053101,3,7,,0,2,3,1,B01
201900053101,3,7,,0,2,3,1,A01
201900053102,1,1,,0,0,0,0,A01
201900053103,1,33,,0,2,8,1,B01
201900053103,1,7,,0,2,3,1,A01
201900053104,1,7,,2,0,1,19,A01
201900053105,1,7,,0,2,4,13,B01
201900053105,1,30,,0,2,1,2,A01
201900053106,3,7,,0,2,1,13,A01
201900053106,3,7,,0,2,1,1,B01
201900053106,3,32,,3,2,0,2,C01
201900053107,2,2,,0,2,7,1,B01
201900053107,2,7,,0,2,1,9,A01
201900053108,2,7,,6,0,1,1,A01
201900053109,1,7,,0,2,0,16,B01
201900053109,1,1,,0,2,0,1,A01
201900053110,1,7,,15,0,1,2,A01
201900053111,1,50,,0,1,1,25,A01
201900053112,1,7,,1,0,1,13,A01
201900053113,3,7,,0,1,1,1,A01
201900053114,3,7,,0,2,3,19,A01
201900053114,3,7,,0,2,1,1,B01
201900053115,1,7,,0,1,1,26,A01
201900053116,3,7,,0,2,0,0,X01
201900053116,3,7,,0,2,2,1,B01
201900053117,3,7,,0,2,6,9,A01
201900053117,3,2,,0,2,1,1,B01
201900053118,1,7,,0,2,4,23,B01
201900053118,1,34,,0,2,1,2,A01
201900053119,2,7,,0,2,3,0,B01
201900053119,1,1,,0,2,1,5,A01
201900053120,1,7,,0,1,1,15,A01
201900053121,2,33,,0,2,1,1,B01
201900053121,2,7,,0,2,3,9,A01
201900053122,1,1,,0,2,1,1,B01
201900053122,1,7,,0,2,7,16,A01
201900053123,1,2,,0,0,1,1,A01
201900053124,1,7,,0,1,1,1,A01
201900053125,0,7,,0,2,1,1,B01
201900053125,0,7,,0,2,1,13,A01
201900053126,1,7,,0,2,1,2,B01
201900053126,1,7,,0,2,4,23,A01
201900053127,2,7,,0,1,1,1,A01
201900053128,0,7,,0,2,8,1,B01
201900053128,1,7,,0,2,1,19,A01
201900053129,3,7,,0,2,4,1,B01
201900053129,3,7,,0,2,1,1,Z01
201900053130,3,7,,0,2,8,26,Z01
201900053130,2,2,,0,2,1,1,B01
201900053131,1,32,,0,0,8,1,A01
201900053132,3,7,,0,1,1,26,A01
201900053133,2,7,,0,2,2,16,B01
201900053133,2,30,,0,2,1,7,A01
201900053134,2,7,,0,1,4,4,A01
201900053135,3,7,,11,2,3,0,B01
201900053135,3,7,,0,2,8,15,A01
201900053136,1,30,,0,2,1,1,B01
201900053136,1,10,,0,2,2,20,A01
201900053137,1,7,,0,1,0,15,A01
201900053138,1,7,,0,2,8,19,B01
201900053138,1,7,,0,2,3,19,A01
201900053139,2,33,,1,2,1,18,B01
201900053139,2,10,,0,2,1,15,A01
201900053139,0,10,,0,2,8,24,C01
201900053140,1,10,,0,2,6,23,B01
201900053140,1,43,,0,2,1,1,A01
201900053141,1,30,,0,2,8,1,B01
201900053141,1,7,,0,2,6,15,A01
201900053142,1,7,,0,2,3,15,A01
201900053142,1,33,,0,2,1,8,B01
201900053143,1,32,,0,2,3,1,B01
201900053143,1,10,,0,2,2,14,A01
201900053144,2,34,,0,2,1,1,B01
201900053144,2,7,,0,2,3,10,A01
201900053145,2,1,,0,2,8,19,B01
201900053145,2,33,,0,2,1,1,A01
201900053146,2,2,,0,2,8,18,A01
201900053146,2,10,,0,2,7,16,B01
201900053147,1,10,,0,1,3,1,A01
201900053148,2,1,,0,2,3,1,B01
201900053148,2,7,,0,2,3,22,A01
201900053149,2,7,,0,2,0,17,Z01
201900053149,2,30,,1,2,1,1,A01
201900053150,2,30,,0,1,1,1,A01
201900053151,1,32,,0,2,1,17,B01
201900053151,1,7,,0,2,3,22,A01
201900053152,3,7,,0,2,7,1,I01
201900053152,3,7,,0,2,1,2,A01
201900053152,3,7,,0,2,1,1,H01
201900053153,2,10,,0,2,1,1,B01
201900053153,1,10,,0,2,7,17,A01
201900053154,2,7,,0,2,1,1,B01
201900053154,1,7,,0,2,2,15,A01
201900053155,1,33,,0,2,2,1,B01
201900053155,2,37,1.0,0,2,8,1,C01
201900053155,1,7,,0,2,3,15,A01
201900053156,3,30,,0,2,5,23,A01
201900053156,3,7,,0,2,1,2,B01
201900053157,2,7,,13,0,2,1,A01
201900053158,1,7,,3,0,0,0,A01
201900053159,1,7,,0,2,0,1,A01
201900053159,2,7,,0,2,0,1,B01
201900053160,1,7,,1,0,2,1,C01
201900053160,1,7,,0,0,4,1,B01
201900053160,1,15,,0,0,4,1,A01
201900053161,1,80,,0,0,0,1,B01
201900053161,1,7,,0,9,0,1,A01
201900053162,3,7,,0,2,3,1,B01
201900053162,3,7,,0,2,1,19,A01
201900053163,1,1,,0,2,7,2,B01
201900053163,1,7,,0,9,2,17,A01
201900053164,2,7,,0,2,1,1,B01
201900053164,1,7,,0,2,2,15,C01
201900053165,1,7,,0,2,3,1,A01
201900053165,2,1,,0,2,1,1,B01
201900053166,2,7,,0,0,0,1,A01
201900053167,2,7,,13,0,1,1,A01
201900053168,1,7,,0,0,0,1,A01
201900053169,2,33,,3,0,8,1,A01
201900053170,1,7,,2,0,1,1,A01
201900053171,1,7,,2,2,7,17,B01
201900053171,1,7,,0,2,6,17,A01
201900053172,1,7,,0,1,1,1,A01
201900053173,1,7,,0,2,1,1,B01
201900053173,2,7,,0,2,1,13,A01
201900053174,2,7,,0,2,3,1,B01
201900053174,1,7,,0,2,3,1,A01
201900053175,1,7,,0,1,2,1,A01
201900053176,0,7,,0,2,3,1,B01
201900053176,0,7,,0,2,1,19,A01
201900053177,1,7,,6,0,1,9,A01
201900053178,2,33,,16,0,0,0,A01
201900053179,3,13,,0,1,1,9,A01
201900053180,3,7,,0,1,2,5,A01
201900053181,3,7,,0,1,1,26,A01
201900053182,1,1,,0,2,5,5,B01
201900053182,1,7,,0,9,2,0,A01
201900053183,2,7,,14,0,3,1,D01
201900053183,2,7,,14,0,1,1,C01
201900053183,2,7,,14,0,5,1,B01
201900053183,2,7,,3,0,1,1,A01
201900053184,1,15,,0,0,5,2,B01
201900053184,1,7,,0,2,1,1,A01
201900053185,0,7,,8,1,2,1,A01
201900053186,2,2,,6,0,1,1,A01
201900053187,2,7,,0,2,2,1,B01
201900053187,1,7,,0,2,3,1,A01
201900053188,1,7,,0,2,4,15,B01
201900053188,1,7,,0,2,1,1,A01
201900053189,1,7,,0,1,1,1,A01
201900053190,0,7,,0,2,1,19,A01
201900053190,1,33,,15,2,8,1,B01
201900053191,1,15,,0,2,2,21,B01
201900053191,2,7,,0,2,1,13,A01
201900053192,1,7,,13,0,1,1,A01
201900053193,1,7,,0,2,7,15,A01
201900053193,1,33,,0,2,1,1,B01
201900053194,1,7,,3,0,1,12,A01
201900053195,2,7,,0,2,4,1,B01
201900053195,2,33,,0,2,1,1,A01
201900053196,1,33,,0,2,1,2,C01
201900053196,1,7,,0,2,4,2,B01
201900053196,1,7,,0,2,1,2,A01
201900053197,1,10,,0,2,3,2,A01
201900053197,1,7,,0,2,5,0,B01
201900053197,1,10,,0,0,6,1,C01
201900053198,1,7,,0,2,4,2,B01
201900053198,1,7,,0,2,1,2,A01
201900053199,1,7,,0,2,4,2,C01
201900053199,1,10,,0,2,4,2,B01
201900053199,1,7,,0,2,1,2,A01
201900053200,2,33,,0,0,9,1,A01
201900053201,1,7,,0,2,5,1,B01
201900053201,1,43,,0,2,3,3,A01
201900053202,2,7,,0,2,5,12,A01
201900053202,2,33,,0,2,3,3,B01
201900053203,3,7,,0,0,4,2,B01
201900053203,1,10,,0,2,1,2,A01
201900053204,2,7,,0,1,4,26,A01
201900053205,2,1,,0,0,0,0,B01
201900053205,2,7,,0,6,5,1,A01
201900053206,2,7,,0,1,3,1,A01
201900053207,1,20,,0,1,8,9,A01
201900053208,3,1,,0,1,1,1,A01
201900053209,1,7,,0,2,3,20,A01
201900053209,1,2,,0,2,7,1,B01
201900053210,2,7,,1,0,1,14,A01
201900053211,2,30,,15,0,1,2,A01
201900053212,3,7,,14,0,7,1,B01
201900053212,3,7,,0,2,1,9,A01
201900053213,1,7,,0,1,3,13,A01
201900053214,1,37,1.0,0,1,0,1,A01
201900053215,0,33,,0,2,1,1,B01
201900053215,0,7,,0,2,3,1,A01
201900053216,2,7,,0,2,2,17,A01
201900053216,2,7,,0,2,6,0,B01
201900053217,1,7,,12,0,1,26,A01
201900053218,3,7,,0,1,2,9,A01
201900053219,2,7,,0,2,1,0,A01
201900053219,1,7,,0,2,1,0,B01
201900053220,1,7,,13,0,3,13,A01
201900053221,2,3,,0,2,3,1,B01
201900053221,1,1,,0,2,1,1,A01
201900053222,3,7,,8,0,1,26,A01
201900053223,2,10,,0,2,1,1,B01
201900053223,1,7,,0,2,1,13,A01
201900053224,1,10,,1,2,3,1,B01
201900053224,3,10,,0,2,2,19,A01
201900053225,1,7,,8,0,1,26,A01
201900053226,1,7,,0,1,2,1,A01
201900053227,3,7,,2,0,1,13,A01
201900053228,2,7,,0,2,3,9,A01
201900053228,1,31,,0,2,1,21,B01
201900053229,1,10,,0,2,2,15,A01
201900053229,2,7,,0,2,1,1,B01
201900053230,2,33,,0,2,1,17,A01
201900053230,2,7,,0,2,3,15,B01
201900053231,0,7,,0,2,1,17,A01
201900053231,0,7,,13,2,3,1,B01
201900053232,1,10,,0,0,0,19,Z01
201900053232,1,1,,0,2,3,1,A01
201900053233,1,33,,1,0,1,13,A01
201900053234,0,7,,0,1,5,4,A01
201900053235,1,7,,16,0,1,1,A01
201900053236,1,7,,0,2,3,1,B01
201900053236,1,1,,0,2,1,1,A01
201900053237,1,7,,0,2,2,16,Z01
201900053237,1,1,,0,2,1,1,B01
201900053238,0,33,,0,2,1,2,A01
201900053238,0,7,,0,2,4,15,B01
201900053239,1,30,,0,0,7,1,A01
201900053240,1,7,,4,0,9,1,A01
201900053241,1,10,,8,0,0,13,A01
201900053242,3,7,,0,2,3,19,A01
201900053242,3,1,,0,2,1,1,B01
201900053243,0,7,,0,2,1,13,B01
201900053243,0,7,,0,2,1,21,A01
201900053244,1,31,,0,2,1,2,B01
201900053244,1,31,,0,2,1,2,C01
201900053244,1,31,,0,2,1,1,A01
201900053245,1,7,,0,2,3,1,B01
201900053245,2,7,,0,2,3,1,A01
201900053246,1,7,,0,2,1,15,B01
201900053246,2,10,,0,2,3,15,A01
201900053247,2,7,,0,1,3,15,A01
201900053248,2,33,,8,0,1,14,A01
201900053249,2,33,,0,2,8,1,B01
201900053249,2,1,,0,2,0,12,A01
201900053250,2,2,,0,0,7,1,A01
201900053251,2,7,,4,0,9,1,A01
201900053252,0,33,,0,0,9,1,A01
201900053253,1,1,,0,2,8,9,A01
201900053253,1,7,,0,2,1,1,B01
201900053254,0,7,,0,2,3,9,A01
201900053254,0,33,,0,2,9,17,B01
201900053255,0,7,,0,2,1,2,A01
201900053255,0,10,,0,2,4,1,B01
201900053256,1,7,,0,2,7,15,A01
201900053256,1,33,,0,2,1,18,B01
201900053257,1,7,,0,1,1,15,A01
201900053258,0,7,,0,1,1,15,A01
201900053259,1,7,,0,2,2,2,A01
201900053259,1,7,,0,2,6,1,B01
201900053260,2,30,,1,0,2,14,A01
201900053261,2,33,,0,2,8,2,B01
201900053261,2,7,,0,2,1,2,A01
201900053262,3,7,,0,2,1,19,A01
201900053262,3,7,,0,2,0,1,B01
201900053263,3,7,,0,2,4,2,B01
201900053263,0,15,,0,2,1,2,A01
201900053264,1,34,,0,2,2,1,B01
201900053264,1,7,,0,2,3,15,A01
201900053265,2,2,,1,1,0,1,A01
201900053266,1,7,,0,2,4,2,B01
201900053266,1,15,,0,2,1,2,A01
201900053267,2,32,,0,2,1,1,B01
201900053267,1,10,,0,2,3,21,A01
201900053267,1,7,,0,2,0,15,T01
201900053268,1,7,,0,2,1,2,A01
201900053268,1,7,,0,2,4,1,B01
201900053269,3,7,,0,2,3,15,A01
201900053269,3,1,,0,2,2,15,B01
201900053270,0,7,,0,1,2,1,A01
201900053271,2,32,,0,2,7,12,A01
201900053271,2,7,,0,2,3,9,B01
201900053272,2,7,,0,2,1,2,Z01
201900053272,2,7,,0,2,4,2,A01
201900053273,2,7,,8,2,8,10,A01
201900053273,2,43,,0,2,1,1,B01
201900053274,1,10,,0,2,2,1,A01
201900053274,1,7,,0,2,3,22,B01
201900053275,2,32,,14,0,3,13,A01
201900053276,2,30,,12,0,2,14,A01
201900053277,1,7,,14,0,1,13,A01
201900053278,2,30,,0,1,1,1,Z01
201900053279,1,50,,0,2,0,19,A01
201900053279,1,10,,0,2,1,16,Z01
201900053280,2,32,,0,2,1,1,B01
201900053280,2,1,,0,2,3,10,A01
201900053281,1,7,,0,2,7,1,A01
201900053281,1,7,,0,2,8,1,B01
201900053282,1,7,,0,2,1,1,B01
201900053282,3,7,,0,2,2,16,A01
201900053283,3,7,,0,2,8,1,B01
201900053283,3,34,,0,2,7,17,A01
201900053284,1,7,,0,0,4,2,B01
201900053284,1,32,,0,2,1,1,A01
201900053285,2,7,,0,2,8,1,B01
201900053285,2,7,,0,2,1,1,A01
201900053286,1,7,,2,0,1,0,A01
201900053287,2,7,,0,2,1,1,C01
201900053287,1,7,,0,2,4,15,B01
201900053287,1,10,,0,2,1,1,A01
201900053288,1,7,,0,2,6,19,A01
201900053288,2,33,,0,2,8,1,B01
201900053289,3,7,,0,1,1,1,A01
201900053290,1,7,,2,0,1,13,A01
201900053291,1,33,,0,0,2,1,A01
201900053292,3,7,,4,0,1,1,A01
201900053293,2,38,1.0,0,1,2,1,A01
201900053294,2,7,,0,1,1,1,A01
201900053295,1,7,,0,1,2,1,A01
201900053296,1,7,,6,2,6,15,B01
201900053296,1,7,,0,2,2,17,A01
201900053297,2,7,,13,0,9,14,A01
201900053298,2,7,,2,0,8,13,A01
201900053299,2,7,,0,1,3,1,A01
201900053300,1,7,,3,2,1,5,A01
201900053300,1,7,,0,2,8,21,C01
201900053300,1,7,,0,2,7,21,B01
201900053301,1,7,,16,0,1,14,A01
201900053302,1,7,,0,0,4,1,B01
201900053302,1,7,,0,2,1,2,A01
201900053303,1,7,,0,2,0,0,Z01
201900053303,1,7,,0,2,2,1,B01
201900053303,1,7,,0,2,6,1,A01
201900053304,2,32,,0,0,3,0,A01
201900053305,1,7,,4,2,1,23,A01
201900053305,1,7,,1,0,1,17,B01
201900053305,1,7,,0,2,3,1,C01
201900053305,1,7,,1,0,3,1,D01
201900053306,2,7,,1,2,4,20,A01
201900053307,3,7,,9,2,1,1,A01
201900053307,3,2,,0,2,1,1,B01
201900053308,2,7,,8,0,1,16,A01
201900053309,1,7,,0,2,1,1,B01
201900053309,2,32,,0,2,1,26,A01
201900053310,2,7,,4,0,1,1,A01
201900053311,1,7,,14,0,1,6,A01
201900053312,1,7,,0,2,2,15,B01
201900053312,3,7,,1,0,4,24,C01
201900053312,2,7,,0,2,1,8,A01
201900053313,1,7,,0,1,2,13,A01
201900053314,2,7,,0,2,2,15,A01
201900053314,3,2,,0,2,1,16,B01
201900053315,1,7,,0,1,3,1,A01
201900053316,1,7,,0,2,8,11,B01
201900053316,1,34,,0,2,2,7,A01
201900053317,1,7,,0,1,1,1,Z01
201900053318,2,7,,0,2,1,13,A01
201900053318,1,7,,0,2,1,1,B01
201900053319,1,3,,15,0,9,14,A01
201900053320,2,7,,0,0,4,23,B01
201900053320,2,7,,0,2,1,1,A01
201900053321,1,7,,0,2,4,0,B01
201900053321,1,7,,0,2,4,1,A01
201900053322,0,7,,2,0,9,1,A01
201900053323,2,7,,0,2,1,2,A01
201900053323,2,37,1.0,0,2,4,24,C01
201900053323,2,7,,1,0,1,23,B01
201900053324,1,32,,0,2,1,1,A01
201900053324,2,7,,0,2,3,1,B01
201900053325,3,30,,1,0,1,2,A01
201900053326,2,7,,0,2,3,0,A01
201900053326,1,7,,0,2,3,0,B01
201900053327,2,7,,1,0,1,14,A01
201900053328,1,7,,0,2,2,15,A01
201900053328,2,33,,0,2,6,1,B01
201900053329,2,7,,0,1,3,15,A01
201900053330,1,1,,0,2,0,13,A01
201900053330,2,50,,0,2,0,1,B01
201900053331,1,7,,8,0,3,13,A01
201900053332,3,2,,1,0,1,15,B01
201900053332,1,7,,1,0,3,1,A01
201900053333,2,7,,1,2,1,21,A01
201900053333,0,38,0.0,0,2,6,0,B01
201900053334,0,10,,8,0,1,14,B01
201900053334,0,7,,0,2,0,14,A01
201900053335,3,32,,0,2,1,2,A01
201900053335,3,7,,0,2,4,1,B01
201900053336,0,7,,0,2,1,1,A01
201900053336,0,7,,0,2,8,1,B01
201900053336,0,7,,0,2,8,1,C01
201900053337,1,7,,0,1,2,0,A01
201900053338,2,7,,0,1,2,1,A01
201900053338,2,0,,0,1,0,0,B01
201900053338,1,7,,1,9,8,0,C01
201900053339,1,7,,0,2,2,17,A01
201900053339,1,7,,0,2,6,1,B01
201900053340,2,7,,0,2,1,1,B01
201900053340,3,10,,0,2,7,19,A01
201900053341,1,7,,0,2,1,1,B01
201900053341,2,7,,0,2,1,13,A01
201900053342,2,7,,0,2,1,1,B01
201900053342,1,7,,0,2,2,15,A01
201900053343,2,7,,0,2,1,2,C01
201900053343,2,7,,0,2,1,1,B01
201900053343,1,7,,0,2,1,1,A01
201900053344,2,2,,0,0,0,0,A01
201900053345,3,7,,0,1,1,1,A01
201900053346,1,7,,0,1,2,19,A01
201900053347,2,7,,0,1,2,2,A01
201900053348,2,7,,13,2,1,1,C01
201900053348,1,7,,0,2,1,17,B01
201900053348,1,7,,0,2,3,1,A01
201900053349,1,7,,1,0,3,13,A01
201900053350,1,7,,0,0,0,1,A01
201900053351,1,21,,0,1,1,16,A01
201900053352,1,10,,3,0,8,1,A01
201900053353,2,7,,0,2,8,2,C01
201900053353,1,15,,0,2,3,1,B01
201900053353,2,3,,0,2,7,15,A01
201900053354,1,7,,2,0,2,1,A01
201900053355,2,7,,2,0,1,13,A01
201900053356,3,7,,0,1,2,1,A01
201900053357,2,7,,0,2,2,1,B01
201900053357,0,7,,0,2,7,19,A01
201900053358,1,7,,1,1,2,21,C01
201900053359,2,7,,3,2,1,1,A01
201900053359,2,7,,3,2,1,1,B01
201900053359,2,7,,3,2,1,1,C01
201900053359,2,10,,3,2,1,1,D01
201900053359,2,7,,0,2,8,1,E01
201900053360,1,7,,0,2,2,14,A01
201900053360,1,15,,0,0,6,1,B01
201900053360,1,7,,0,2,1,1,C01
201900053361,2,1,,0,2,7,5,C01
201900053361,1,7,,0,2,7,1,B01
201900053361,2,7,,0,2,8,13,A01
201900053362,1,7,,13,0,9,0,A01
201900053363,1,7,,0,2,4,2,A01
201900053363,1,7,,0,2,1,2,B01
201900053364,1,7,,2,0,1,1,A01
201900053365,0,1,,0,2,7,19,B01
201900053365,0,7,,0,1,2,16,A01
201900053366,1,7,,0,2,2,1,A01
201900053366,1,7,,4,2,6,1,B01
201900053367,2,1,,0,2,4,1,A01
201900053367,2,7,,0,9,2,2,B01
201900053368,0,7,,0,1,1,1,A01
201900053369,1,31,,0,2,1,1,B01
201900053369,2,7,,0,2,3,15,A01
201900053370,1,7,,0,2,1,1,B01
201900053370,2,7,,0,2,3,19,A01
201900053371,1,2,,3,0,2,1,A01
201900053372,2,7,,0,0,9,1,A01
201900053373,2,17,,0,2,2,12,B01
201900053373,2,7,,0,2,6,1,A01
201900053374,2,7,,0,2,1,2,B01
201900053374,1,7,,0,2,4,2,A01
201900053375,2,7,,15,0,1,14,A01
201900053376,2,7,,0,2,4,2,A01
201900053376,2,7,,0,2,1,2,B01
201900053377,2,7,,0,1,2,1,A01
201900053378,2,10,,0,2,3,1,B01
201900053378,2,7,,0,2,7,1,A01
201900053379,2,7,,0,2,3,15,Z01
201900053379,1,30,,0,2,1,15,A01
201900053380,1,32,,0,0,0,0,A01
201900053381,1,1,,0,2,1,2,A01
201900053381,1,7,,0,2,0,2,Z01
201900053382,1,80,,0,1,1,1,A01
201900053383,2,1,,0,1,1,1,Z01
201900053384,1,7,,0,2,1,3,A01
201900053384,1,7,,0,2,7,2,B01
201900053384,1,7,,0,2,6,1,C01
201900053385,2,30,,0,2,7,1,A01
201900053385,2,7,,0,2,6,13,Z01
201900053386,2,7,,4,0,1,12,A01
201900053387,1,30,,0,2,4,2,B01
201900053387,1,7,,0,2,1,2,A01
201900053388,3,30,,0,0,0,1,A01
201900053389,2,32,,0,2,7,17,A01
201900053390,1,33,,0,0,8,16,A01
201900053390,1,7,,0,0,0,15,B01
201900053391,2,7,,0,2,3,1,B01
201900053391,3,7,,0,2,3,1,A01
201900053392,3,7,,0,1,3,1,A01
201900053393,2,32,,0,2,0,2,B01
201900053393,2,7,,0,2,7,14,A01
201900053394,1,7,,0,2,3,0,A01
201900053394,1,32,,0,2,2,0,B01
201900053395,2,33,,1,0,1,1,A01
201900053395,2,7,,3,0,6,23,B01
201900053396,2,7,,0,2,0,2,Z01
201900053396,2,43,,12,2,0,2,A01
201900053397,3,7,,0,1,0,21,A01
201900053398,2,7,,0,1,2,1,A01
201900053399,1,33,,0,2,1,9,A01
201900053399,3,7,,0,2,5,1,B01
201900053400,1,2,,0,2,1,2,B01
201900053400,1,7,,0,2,4,1,A01
201900053401,2,7,,0,2,3,15,A01
201900053401,2,2,,0,2,1,17,B01
201900053402,0,31,,0,2,1,1,A01
201900053402,0,7,,0,2,8,20,B01
201900053403,1,7,,0,2,2,15,A01
201900053403,2,7,,0,2,1,1,B01
201900053404,1,31,,0,2,1,0,A01
201900053404,1,7,,0,2,7,15,Z01
201900053405,2,7,,0,1,1,15,A01
201900053406,2,32,,0,2,1,19,A01
201900053406,1,7,,0,2,2,19,B01