Num_Acc,senc,catv,occutc,obs,obsm,choc,manv,num_veh
201900053407,1,33,,0,2,1,2,B01
201900053407,2,7,,0,2,3,15,A01
201900053408,1,7,,0,2,1,16,A01
201900053408,1,1,,0,2,7,1,B01
201900053409,1,30,,0,0,7,1,A01
201900053410,1,30,,8,0,7,9,A01
201900053411,2,33,,0,2,1,1,B01
201900053411,1,3,,0,2,1,9,A01
201900053412,1,7,,0,2,1,0,A01
201900053412,2,7,,0,2,8,15,B01
201900053413,1,7,,0,2,4,1,B01
201900053413,1,7,,0,2,4,1,C01
201900053413,1,7,,0,2,1,1,A01
201900053414,1,7,,0,2,6,1,B01
201900053414,3,7,,0,2,1,15,A01
201900053415,2,2,,0,2,1,2,B01
201900053415,1,10,,0,2,1,12,A01
201900053416,1,7,,0,2,4,2,B01
201900053416,1,7,,0,2,1,2,A01
201900053417,1,7,,1,0,1,2,A01
201900053418,1,1,,0,2,0,0,B01
201900053418,1,7,,0,2,1,1,A01
201900053419,0,7,,0,2,8,1,B01
201900053419,0,7,,0,2,1,1,A01
201900053420,2,7,,0,2,2,1,A01
201900053420,2,7,,0,2,1,16,B01
201900053421,3,7,,0,1,2,0,A01
201900053422,1,7,,0,2,1,1,A01
201900053422,1,7,,0,2,4,23,B01
201900053423,2,7,,0,2,4,21,B01
201900053423,2,7,,0,2,1,1,A01
201900053424,2,7,,0,2,4,1,C01
201900053424,2,7,,0,2,4,2,B01
201900053424,2,7,,0,2,1,2,A01
201900053425,1,2,,0,1,0,9,B01
201900053426,1,7,,0,2,3,10,A01
201900053426,1,7,,0,2,2,1,B01
201900053427,3,7,,0,2,1,1,B01
201900053427,3,7,,0,2,1,17,A01
201900053428,3,7,,0,1,4,4,A01
201900053429,1,33,,0,2,2,1,B01
201900053429,1,3,,0,2,3,15,A01
201900053430,3,1,,0,2,1,2,B01
201900053430,3,7,,0,6,3,23,A01
201900053431,2,7,,8,0,1,1,A01
201900053432,1,7,,0,2,3,17,A01
201900053432,2,33,,0,2,1,1,B01
201900053433,0,7,,1,0,2,1,A01
201900053434,1,7,,0,1,2,9,A01
201900053435,3,7,,0,1,1,15,A01
201900053436,2,7,,0,1,8,22,A01
201900053436,2,1,,1,0,1,1,B01
201900053437,2,33,,0,2,7,7,A01
201900053437,2,10,,0,2,7,16,B01
201900053438,0,60,,0,0,0,0,B01
201900053438,0,10,,0,2,3,2,A01
201900053439,3,7,,0,2,2,16,B01
201900053439,3,30,,0,2,1,18,A01
201900053440,2,30,,15,0,0,16,A01
201900053441,3,7,,0,1,1,1,A01
201900053442,3,7,,0,1,2,14,A01
201900053443,1,10,,1,0,2,14,A01
201900053443,3,20,,1,0,0,0,B01
201900053444,2,33,,12,2,1,14,A01
201900053444,2,7,,0,0,5,15,B01
201900053445,1,7,,0,2,1,1,B01
201900053445,2,7,,8,2,7,15,A01
201900053446,2,50,,0,2,1,25,A01
201900053446,1,7,,0,6,2,9,B01
201900053447,3,7,,0,1,2,1,A01
201900053448,2,32,,0,0,0,1,A01
201900053449,0,7,,9,0,3,19,A01
201900053450,3,30,,12,0,1,25,A01
201900053451,0,30,,1,0,0,1,A01
201900053452,0,33,,0,2,1,1,B01
201900053452,0,10,,0,2,2,15,A01
201900053453,3,10,,0,1,1,1,A01
201900053454,1,3,,0,1,3,1,A01
201900053455,1,33,,13,0,2,0,A01
201900053456,0,7,,0,2,1,2,A01
201900053456,0,7,,0,2,4,1,B01
201900053457,3,99,,0,2,0,0,B01
201900053457,3,7,,0,2,8,9,A01
201900053458,2,7,,0,9,3,1,A01
201900053458,3,1,,0,2,7,1,B01
201900053459,1,33,,0,1,1,26,A01
201900053460,1,43,,0,2,1,16,A01
201900053460,1,7,,0,2,6,15,B01
201900053461,2,7,,0,0,1,1,B01
201900053461,1,31,,0,0,1,13,A01
201900053462,3,7,,0,1,3,16,A01
201900053463,3,1,,0,2,1,5,B01
201900053463,3,7,,0,9,3,1,A01
201900053464,2,10,,0,2,4,23,A01
201900053464,2,7,,0,2,4,15,B01
201900053464,2,7,,0,2,1,2,C01
201900053465,2,7,,0,2,8,1,C01
201900053465,2,13,,0,2,3,1,B01
201900053465,0,7,,0,2,3,13,A01
201900053466,2,33,,0,0,1,0,A01
201900053467,2,33,,0,2,1,1,A01
201900053467,2,10,,0,2,2,15,B01
201900053468,2,10,,0,2,1,2,Z01
201900053468,2,7,,0,2,4,2,B01
201900053469,3,10,,0,1,4,4,A01
201900053470,3,7,,0,1,2,1,A01
201900053471,3,7,,0,1,2,1,A01
201900053472,3,7,,0,1,3,1,A01
201900053473,2,7,,0,2,5,1,B01
201900053473,2,7,,0,2,3,13,A01
201900053474,1,33,,0,2,7,17,B01
201900053474,1,37,1.0,0,2,3,15,A01
201900053475,1,33,,0,1,1,1,A01
201900053476,1,7,,0,2,3,15,A01
201900053476,2,33,,0,2,1,1,B01
201900053477,0,1,,0,2,7,1,B01
201900053477,0,38,1.0,0,9,2,15,A01
201900053478,2,7,,5,0,7,1,A01
201900053479,2,7,,0,2,2,15,A01
201900053479,1,7,,0,2,3,1,B01
201900053480,1,7,,0,2,7,1,A01
201900053480,2,10,,0,2,1,1,B01
201900053481,1,7,,0,2,7,15,A01
201900053481,2,33,,0,2,1,0,B01
201900053482,1,7,,0,2,8,1,C01
201900053482,2,2,,1,2,1,1,B01
201900053482,1,7,,0,2,3,17,A01
201900053483,2,2,,0,2,1,1,B01
201900053483,1,7,,0,2,3,15,A01
201900053484,0,7,,0,2,3,1,B01
201900053484,0,7,,0,2,1,1,A01
201900053485,1,14,,0,0,7,0,A01
201900053486,3,7,,0,2,3,15,B01
201900053486,3,33,,0,2,2,17,A01
201900053487,2,31,,7,0,2,1,A01
201900053488,1,7,,0,2,3,9,A01
201900053488,1,37,1.0,0,2,2,1,B01
201900053489,2,7,,13,0,3,1,A01
201900053490,3,7,,0,2,3,1,A01
201900053490,3,7,,0,2,3,1,B01
201900053491,1,7,,0,1,1,19,A01
201900053492,1,7,,0,2,2,7,A01
201900053492,1,7,,0,2,8,15,B01
201900053493,1,16,,0,1,2,1,A01
201900053494,1,7,,0,2,2,15,A01
201900053494,2,30,,0,2,7,1,B01
201900053495,2,7,,0,1,3,9,A01
201900053496,1,7,,0,2,3,17,B01
201900053496,1,2,,0,2,2,17,A01
201900053497,2,10,,9,0,2,14,A01
201900053498,0,7,,0,2,1,26,A01
201900053498,0,1,,0,2,7,1,B01
201900053499,2,7,,0,2,4,13,A01
201900053499,1,10,,0,2,1,1,B01
201900053500,0,7,,0,1,1,1,Z01
201900053501,0,7,,0,0,3,1,A01
201900053502,3,7,,1,0,3,24,B01
201900053502,1,10,,1,1,2,1,A01
201900053503,2,7,,2,0,2,14,A01
201900053504,3,7,,0,2,2,0,B01
201900053504,3,32,,0,2,8,26,A01
201900053505,1,17,,0,2,8,1,A01
201900053505,2,17,,0,2,8,1,B01
201900053506,2,7,,4,0,9,13,A01
201900053507,0,30,,0,0,0,1,A01
201900053508,3,7,,13,0,2,1,A01
201900053509,1,10,,0,2,2,1,A01
201900053509,2,7,,6,0,3,1,B01
201900053510,1,2,,0,2,3,1,B01
201900053510,2,7,,0,2,3,15,A01
201900053511,2,2,,0,2,1,1,B01
201900053511,1,2,,0,2,1,1,A01
201900053512,2,10,,0,2,1,5,A01
201900053512,2,10,,0,2,2,1,B01
201900053513,1,7,,10,6,3,1,A01
201900053514,1,33,,0,2,1,1,B01
201900053514,1,7,,0,6,6,16,A01
201900053515,1,10,,13,0,2,0,A01
201900053516,0,7,,13,9,5,1,A01
201900053517,1,7,,14,0,1,1,A01
201900053517,1,7,,14,0,4,23,B01
201900053517,1,10,,0,2,4,23,C01
201900053518,1,7,,0,1,1,1,A01
201900053519,2,7,,16,0,7,1,A01
201900053520,1,7,,0,1,1,1,A01
201900053521,2,7,,0,2,1,2,A01
201900053521,2,7,,0,0,4,2,B01
201900053521,2,7,,14,0,1,2,C01
201900053522,1,7,,0,1,3,1,A01
201900053523,2,7,,0,1,2,1,A01
201900053524,3,10,,0,1,2,1,A01
201900053525,1,7,,0,1,3,15,A01
201900053526,1,7,,0,1,3,1,A01
201900053527,1,32,,0,0,7,1,A01
201900053528,1,7,,0,1,3,1,A01
201900053529,1,10,,0,2,1,2,Z01
201900053529,1,7,,0,2,4,23,A01
201900053530,3,38,3.0,0,2,1,2,A01
201900053530,3,38,2.0,0,2,3,13,B01
201900053530,3,21,,0,2,3,13,C01
201900053531,2,7,,0,2,1,1,A01
201900053531,2,7,,0,2,4,1,B01
201900053532,2,7,,3,0,0,1,A01
201900053533,2,30,,0,0,0,14,A01
201900053534,2,17,,0,2,6,1,B01
201900053534,2,7,,4,2,2,14,A01
201900053535,0,7,,0,2,2,1,B01
201900053535,0,7,,0,2,3,1,A01
201900053536,2,7,,7,0,1,13,A01
201900053537,1,15,,0,2,8,1,A01
201900053537,2,33,,0,2,1,19,B01
201900053538,3,7,,0,1,6,4,A01
201900053539,1,33,,0,2,1,1,C01
201900053539,1,33,,0,2,1,1,B01
201900053539,3,7,,0,2,1,10,A01
201900053540,2,1,,0,2,3,18,A01
201900053540,2,7,,0,2,5,22,Z01
201900053541,1,30,,0,0,0,1,A01
201900053542,2,7,,1,0,2,14,A01
201900053542,0,7,,0,0,1,1,B01
201900053543,2,7,,0,2,1,15,A01
201900053543,1,7,,0,2,1,1,B01
201900053544,1,7,,0,1,1,15,A01
201900053545,1,50,,0,2,1,5,B01
201900053545,2,7,,0,2,3,15,A01
201900053546,2,7,,0,2,7,0,B01
201900053546,2,33,,0,2,8,11,A01
201900053547,1,32,,0,2,2,12,A01
201900053547,1,7,,0,2,3,1,B01
201900053548,1,7,,0,2,4,23,A01
201900053548,1,7,,1,2,1,2,B01
201900053549,3,3,,0,2,1,2,A01
201900053549,0,7,,0,0,5,1,B01
201900053550,1,7,,7,2,8,2,A01
201900053550,1,7,,0,2,0,17,B01
201900053551,2,7,,0,2,8,1,B01
201900053551,2,1,,0,2,1,15,A01
201900053552,1,7,,1,1,2,14,A01
201900053553,1,7,,0,2,3,1,B01
201900053553,2,2,,0,2,3,17,A01
201900053554,1,7,,0,2,4,1,B01
201900053554,1,2,,0,2,1,2,A01
201900053555,3,7,,9,0,8,10,A01
201900053556,2,99,,0,1,1,26,A01
201900053557,1,7,,0,2,6,15,B01
201900053557,1,33,,0,2,1,1,A01
201900053558,2,33,,0,2,2,1,B01
201900053558,2,7,,0,2,3,20,A01
201900053559,1,30,,15,0,1,26,A01
201900053560,0,7,,0,0,0,0,A01
201900053560,0,7,,0,0,0,0,B01
201900053560,0,7,,0,0,0,0,C01
201900053560,2,7,,1,0,1,2,Z01
201900053561,2,7,,0,2,1,1,B01
201900053561,1,7,,0,2,1,13,A01
201900053562,2,7,,12,0,3,1,A01
201900053563,1,1,,1,2,8,2,A01
201900053563,1,37,1.0,0,2,5,17,B01
201900053564,1,7,,0,2,7,16,B01
201900053564,1,33,,0,2,1,18,A01
201900053565,2,7,,0,1,1,1,A01
201900053566,1,1,,0,2,6,1,B01
201900053566,1,7,,0,2,2,1,A01
201900053567,3,1,,0,2,4,1,B01
201900053567,3,7,,0,6,2,12,A01
201900053568,3,7,,0,2,1,26,A01
201900053568,3,7,,0,2,3,1,B01
201900053569,3,7,,0,0,9,13,A01
201900053570,1,2,,17,0,1,0,A01
201900053571,2,7,,11,0,3,21,A01
201900053572,1,15,,0,2,2,2,A01
201900053572,1,1,,13,2,4,2,B01
201900053573,2,7,,0,1,4,20,A01
201900053574,2,7,,14,0,3,11,A01
201900053575,2,33,,0,0,7,1,A01
201900053576,2,10,,0,2,1,1,B01
201900053576,2,7,,3,2,6,26,A01
201900053577,2,7,,0,2,1,24,B01
201900053577,1,7,,0,2,1,13,A01
201900053578,3,10,,0,2,2,13,A01
201900053578,3,10,,0,2,6,23,B01
201900053578,3,10,,0,2,4,23,C01
201900053579,1,10,,0,2,2,0,A01
201900053579,1,10,,0,2,2,0,B01
201900053580,1,7,,0,2,3,9,B01
201900053580,1,7,,0,2,0,0,D01
201900053580,1,10,,0,2,0,0,C01
201900053580,2,7,,0,2,2,1,A01
201900053581,0,43,,0,0,0,26,A01
201900053582,1,30,,0,0,8,26,A01
201900053583,1,7,,0,2,3,11,B01
201900053583,2,7,,0,2,6,15,A01
201900053584,2,7,,3,2,4,2,B01
201900053584,2,7,,0,2,1,2,A01
201900053585,1,7,,0,2,2,17,A01
201900053585,1,17,,0,2,3,0,B01
201900053586,1,7,,0,2,1,2,A01
201900053586,1,7,,0,2,4,2,B01
201900053586,1,7,,0,2,4,2,C01
201900053587,1,7,,0,2,1,1,A01
201900053587,1,7,,0,2,2,1,B01
201900053588,2,7,,0,2,2,12,B01
201900053588,2,33,,0,2,3,3,A01
201900053589,3,33,,0,0,7,0,A01
201900053590,2,7,,0,0,2,17,A01
201900053591,0,2,,12,0,0,26,A01
201900053592,2,15,,0,2,1,2,D01
201900053592,2,15,,0,2,4,2,A01
201900053592,2,7,,0,2,4,2,B01
201900053592,2,7,,0,2,4,2,C01
201900053593,2,7,,0,2,2,14,A01
201900053593,2,7,,3,2,3,1,B01
201900053594,3,32,,13,0,1,1,A01
201900053595,1,7,,0,2,4,2,B01
201900053595,1,7,,0,2,1,2,A01
201900053596,2,7,,0,2,2,12,A01
201900053596,2,31,,0,2,8,3,B01
201900053597,1,10,,0,2,2,1,B01
201900053597,2,7,,0,2,1,13,A01
201900053598,1,7,,0,6,1,0,A01
201900053599,1,2,,6,0,1,1,A01
201900053600,2,7,,0,2,8,1,B01
201900053600,2,7,,4,2,1,13,A01
201900053601,2,33,,0,2,8,3,A01
201900053601,2,7,,0,2,2,14,B01
201900053602,1,7,,0,2,1,9,A01
201900053602,1,2,,0,2,7,9,B01
201900053603,1,33,,0,2,1,0,A01
201900053603,1,7,,0,2,4,0,B01
201900053604,1,10,,0,2,1,1,D01
201900053604,1,10,,0,2,1,2,C01
201900053604,1,33,,0,2,1,3,B01
201900053604,1,10,,0,2,5,2,A01
201900053605,1,7,,0,2,3,2,B01
201900053605,2,7,,0,2,3,5,A01
201900053606,2,10,,0,2,8,15,B01
201900053606,1,7,,0,2,1,19,A01
201900053607,2,7,,0,2,4,2,B01
201900053607,2,16,,0,2,1,2,A01
201900053608,2,7,,0,2,7,12,B01
201900053608,2,33,,0,2,9,3,A01
201900053608,2,7,,0,2,8,1,C01
201900053609,0,7,,0,2,1,1,A01
201900053609,0,10,,0,2,1,1,B01
201900053610,1,7,,0,2,1,1,B01
201900053610,1,1,,0,2,8,19,A01
201900053611,2,33,,0,2,1,2,B01
201900053611,2,10,,0,0,5,11,A01
201900053612,2,30,,0,0,2,1,A01
201900053613,0,36,,15,0,1,0,A01
201900053614,2,7,,6,2,2,1,A01
201900053614,2,10,,0,2,3,1,B01
201900053615,2,7,,0,1,2,1,A01
201900053616,1,7,,0,1,2,16,A01
201900053617,3,7,,8,0,1,1,A01
201900053618,1,7,,0,2,1,1,C01
201900053618,1,7,,0,2,3,1,B01
201900053618,2,7,,0,2,3,13,A01
201900053619,2,7,,9,0,1,2,A01
201900053620,2,7,,0,1,1,19,A01
201900053621,3,1,,0,2,1,1,B01
201900053621,3,7,,0,2,3,1,A01
201900053622,1,33,,0,2,7,3,B01
201900053622,1,7,,0,2,8,11,A01
201900053623,2,17,,0,2,3,1,B01
201900053623,1,7,,0,2,3,13,A01
201900053624,1,33,,0,1,1,17,A01
201900053625,1,7,,13,0,1,1,A01
201900053626,1,7,,2,2,1,1,B01
201900053626,1,7,,13,2,4,1,A01
201900053627,2,30,,0,2,1,1,A01
201900053627,1,7,,0,2,1,13,B01
201900053628,1,7,,0,2,1,1,B01
201900053628,2,3,,0,2,1,13,A01
201900053629,3,7,,0,2,1,1,A01
201900053629,3,7,,0,0,4,11,B01
201900053629,3,7,,0,0,4,2,C01
201900053629,3,7,,0,0,4,2,D01
201900053630,1,7,,0,2,3,1,B01
201900053630,2,7,,0,2,3,13,A01
201900053631,1,7,,2,0,1,1,A01
201900053632,1,7,,13,0,0,13,A01
201900053633,0,7,,3,0,3,1,A01
201900053634,2,7,,14,0,3,1,C01
201900053634,2,7,,14,0,2,1,B01
201900053634,2,7,,14,0,3,1,A01
201900053635,1,7,,0,2,1,17,A01
201900053635,2,17,,0,2,3,1,B01
201900053636,0,2,,0,1,0,1,Z01
201900053637,1,30,,0,1,1,5,A01
201900053638,1,15,,1,0,1,1,F01
201900053638,1,15,,1,0,1,1,E01
201900053638,1,15,,1,0,4,1,D01
201900053638,1,15,,0,0,4,1,C01
201900053638,1,7,,1,0,1,1,B01
201900053638,1,7,,0,0,4,1,A01
201900053639,3,7,,0,9,2,12,A01
201900053639,3,50,,0,2,1,1,B01
201900053640,1,7,,0,2,1,1,B01
201900053640,3,7,,12,0,2,19,A01
201900053641,1,2,,9,0,1,2,A01
201900053642,1,7,,0,6,2,1,A01
201900053642,2,50,,0,2,2,1,B01
201900053643,3,7,,0,2,2,1,B01
201900053643,3,7,,13,2,2,13,A01
201900053644,2,1,,0,2,1,5,B01
201900053644,1,32,,0,9,1,1,A01
201900053645,2,7,,6,0,3,1,A01
201900053646,1,7,,0,2,2,13,A01
201900053646,2,7,,0,2,1,1,B01
201900053647,3,7,,0,0,0,0,A01
201900053648,2,7,,2,0,2,20,B01
201900053648,1,0,,0,0,0,0,Z01
201900053649,3,34,,8,0,1,0,A01
201900053650,1,7,,0,2,3,1,A01
201900053650,2,7,,0,2,8,1,B01
201900053651,2,7,,13,0,7,1,A01
201900053652,1,7,,0,2,3,15,A01
201900053652,2,33,,0,2,1,17,B01
201900053653,3,7,,2,0,1,13,A01
201900053654,1,10,,0,1,3,21,A01
201900053655,1,7,,0,0,1,1,A01
201900053656,1,7,,0,2,1,2,B01
201900053656,1,7,,7,0,4,16,A01
201900053657,3,7,,6,2,7,26,A01
201900053657,1,7,,1,2,3,1,B01
201900053658,1,7,,0,2,2,2,A01
201900053658,2,1,,0,0,7,2,B01
201900053659,0,7,,1,1,0,1,B01
201900053660,1,7,,17,0,1,13,A01
201900053661,3,7,,0,2,3,1,B01
201900053661,3,10,,0,2,1,13,A01
201900053662,0,7,,0,2,2,1,B01
201900053662,0,7,,0,2,2,15,A01
201900053663,2,33,,0,0,1,1,B01
201900053663,1,7,,0,0,7,15,A01
201900053664,1,14,,0,9,2,14,A01
201900053664,1,1,,0,2,6,1,B01
201900053665,1,2,,0,0,8,1,A01
201900053666,1,31,,0,2,7,1,B01
201900053666,2,7,,0,2,2,19,A01
201900053667,1,7,,0,2,4,17,A01
201900053667,2,1,,0,2,8,1,B01
201900053668,2,1,,0,2,1,1,B01
201900053668,2,7,,0,2,7,16,A01
201900053669,2,17,,0,2,7,1,A01
201900053669,2,7,,0,2,8,1,B01
201900053670,1,7,,0,2,8,17,A01
201900053670,1,7,,0,2,7,17,B01
201900053671,2,7,,0,2,3,1,B01
201900053671,1,7,,0,2,3,13,A01
201900053672,1,7,,17,0,1,1,A01
201900053673,1,1,,0,2,8,2,B01
201900053673,1,7,,0,2,7,17,A01
201900053674,1,7,,0,1,1,1,A01
201900053675,2,7,,0,2,8,22,A01
201900053675,2,7,,1,0,2,1,B01
201900053676,1,7,,0,1,1,15,A01
201900053677,1,7,,0,1,1,9,A01
201900053678,2,39,,0,2,1,1,B01
201900053678,3,7,,0,4,8,1,A01
201900053679,1,7,,0,0,1,3,A01
201900053679,2,7,,0,0,1,21,B01
201900053680,2,7,,0,1,2,1,A01
201900053681,2,30,,0,0,0,1,A01
201900053682,1,7,,6,0,1,0,A01
201900053683,-1,0,,-1,-1,-1,-1,F01
201900053683,1,14,,0,2,4,1,A01
201900053683,1,10,,0,2,1,2,B01
201900053683,1,7,,0,2,1,1,C01
201900053683,1,10,,0,2,6,2,D01
201900053683,1,7,,14,0,3,2,E01
201900053684,1,7,,0,2,3,15,B01
201900053684,1,33,,16,2,7,9,A01
201900053685,2,7,,0,2,1,2,A01
201900053685,2,7,,3,2,9,2,B01
201900053686,3,7,,9,0,1,0,A01
201900053687,0,7,,15,0,3,13,A01
201900053688,1,7,,0,2,5,2,A01
201900053688,2,7,,0,2,1,1,B01
201900053688,2,7,,0,2,4,2,C01
201900053688,1,7,,0,2,5,2,D01
201900053688,1,7,,0,2,3,12,E01
201900053689,1,7,,0,2,4,23,B01
201900053689,1,7,,0,2,1,1,A01
201900053690,2,7,,0,2,2,1,B01
201900053690,1,7,,0,2,1,15,A01
201900053691,1,7,,13,0,4,1,A01
201900053692,2,1,,1,0,1,1,B01
201900053692,2,7,,0,2,8,24,A01
201900053693,1,7,,0,2,2,2,A01
201900053693,1,7,,0,2,6,2,B01
201900053694,1,7,,0,0,1,9,A01
201900053695,3,7,,0,2,8,9,A01
201900053695,1,32,,0,2,1,1,B01
201900053696,2,7,,0,1,0,21,A01
201900053697,1,10,,4,0,1,0,A01
201900053698,1,7,,0,2,2,1,B01
201900053698,3,7,,0,2,8,19,A01
201900053699,2,38,1.0,0,2,2,12,A01
201900053699,2,7,,0,2,8,1,B01
201900053700,1,10,,0,2,3,24,A01
201900053700,2,1,,0,2,1,1,B01
201900053701,1,7,,0,2,8,9,A01
201900053701,1,7,,0,2,7,1,B01
201900053702,3,7,,0,2,2,1,A01
201900053702,3,1,,0,2,1,16,B01
201900053703,1,7,,0,1,5,15,A01
201900053704,1,7,,0,6,5,1,B01
201900053704,1,1,,0,2,1,5,A01
201900053705,2,1,,1,0,1,1,A01
201900053705,2,7,,0,2,8,22,B01
201900053706,2,7,,0,2,1,1,A01
201900053706,2,7,,0,2,4,23,B01
201900053707,2,7,,0,2,4,2,B01
201900053707,2,7,,0,2,3,17,A01
201900053708,1,7,,0,2,2,15,A01
201900053708,2,2,,0,2,1,1,B01
201900053709,2,7,,0,2,4,2,A01
201900053709,2,7,,0,2,4,2,B01
201900053709,2,7,,0,2,1,2,C01
201900053709,2,7,,0,2,8,21,D01
201900053709,2,7,,0,2,8,21,E01
201900053709,2,7,,0,2,8,2,F01
201900053710,2,7,,0,2,7,1,B01
201900053710,2,33,,0,2,1,1,A01
201900053711,2,33,,0,2,1,3,C01
201900053711,2,7,,0,2,7,12,B01
201900053711,2,7,,0,2,4,1,A01
201900053712,1,7,,0,1,2,1,A01
201900053713,1,7,,0,1,1,1,A01
201900053714,1,7,,2,0,1,19,A01
201900053715,1,7,,0,2,1,13,A01
201900053715,2,7,,0,2,1,1,B01
201900053716,3,10,,0,1,1,16,A01
201900053717,1,7,,0,2,2,20,A01
201900053717,1,1,,0,2,1,1,B01
201900053718,1,7,,0,1,1,16,A01
201900053719,1,7,,0,2,6,2,B01
201900053719,1,33,,0,2,1,17,A01
201900053720,1,7,,0,1,1,1,A01
201900053721,1,7,,0,0,2,1,A01
201900053722,3,7,,0,2,5,2,A01
201900053722,3,7,,0,2,4,2,B01
201900053722,3,7,,0,2,4,2,C01
201900053722,3,10,,0,2,4,2,D01
201900053722,0,7,,0,2,4,2,E01
201900053723,3,50,,0,2,1,1,B01
201900053723,1,7,,0,9,6,9,A01
201900053724,0,7,,1,2,1,13,A01
201900053724,0,7,,0,0,1,1,B01
201900053725,2,7,,0,1,8,1,A01
201900053726,1,1,,0,2,8,13,B01
201900053726,1,7,,0,2,2,1,A01
201900053727,1,37,5.0,8,0,2,14,A01
201900053728,1,33,,0,0,0,17,A01
201900053729,1,7,,8,0,0,1,A01
201900053730,1,7,,0,2,1,1,A01
201900053730,1,7,,0,2,5,1,B01
201900053731,2,7,,0,2,3,15,A01
201900053731,2,7,,0,2,5,0,B01
201900053732,1,2,,0,2,2,17,B01
201900053732,1,7,,0,2,8,15,A01
201900053733,3,7,,0,2,4,2,B01
201900053733,3,7,,0,2,1,1,A01
201900053734,2,7,,0,1,2,1,A01
201900053735,1,33,,0,0,0,26,A01
201900053736,2,17,,0,2,5,2,C01
201900053736,2,7,,0,2,4,2,B01
201900053736,2,10,,0,2,1,2,A01
201900053737,1,33,,0,0,0,14,A01
201900053738,1,7,,0,2,1,1,A01
201900053738,1,3,,0,2,4,14,B01
201900053739,3,7,,0,2,1,1,A01
201900053739,3,7,,0,2,3,1,B01
201900053740,1,7,,14,0,9,1,A01
201900053741,3,7,,0,2,1,1,B01
201900053741,3,1,,0,2,7,19,A01
201900053742,3,7,,2,0,1,13,A01
201900053743,1,10,,0,2,8,15,B01
201900053743,1,33,,0,2,7,17,A01
201900053744,1,33,,0,2,1,1,B01
201900053744,0,7,,0,2,8,15,A01
201900053745,1,2,,0,0,7,1,A01
201900053746,3,7,,0,2,6,1,B01
201900053746,3,7,,0,2,2,1,A01
201900053747,1,7,,0,1,1,1,A01
201900053748,1,30,,12,2,1,18,B01
201900053748,1,10,,0,2,2,16,A01
201900053749,1,2,,0,0,1,1,B01
201900053749,2,7,,0,2,2,15,A01
201900053750,1,7,,0,1,5,26,A01
201900053751,1,7,,0,2,1,1,D01
201900053751,1,7,,0,2,1,1,A01
201900053751,1,7,,0,2,9,1,B01
201900053751,1,7,,0,2,9,1,C01
201900053752,1,7,,0,2,6,17,A01
201900053752,1,32,,0,2,1,15,B01
201900053753,1,43,,0,2,1,1,B01
201900053753,1,2,,0,2,8,10,A01
201900053754,0,37,1.0,0,0,0,0,B01
201900053754,1,31,,0,2,9,0,A01
201900053755,2,1,,0,2,8,15,B01
201900053755,2,33,,0,2,1,17,A01
201900053756,3,1,,0,2,2,1,B01
201900053756,3,7,,0,2,2,1,A01
201900053757,2,7,,0,2,2,2,B01
201900053757,2,1,,0,2,1,2,A01
201900053758,1,3,,0,2,3,1,B01
201900053758,2,99,,0,2,2,13,A01
201900053759,2,10,,0,1,2,16,A01
201900053760,2,30,,0,0,8,1,A01
201900053761,1,30,,0,2,1,1,B01
201900053761,1,10,,0,2,8,10,A01
201900053762,0,33,,12,0,0,0,A01
201900053763,0,34,,0,2,2,17,A01
201900053763,0,10,,0,2,3,15,B01
201900053764,3,7,,0,2,1,1,B01
201900053764,3,7,,0,2,3,1,A01
201900053765,1,33,,0,2,1,0,B01
201900053765,2,7,,0,2,1,15,A01
201900053766,3,32,,0,2,1,16,A01
201900053766,3,7,,0,2,6,1,B01
201900053767,2,7,,0,2,4,1,B01
201900053767,2,7,,0,2,1,2,A01
201900053768,1,1,,1,2,1,5,A01
201900053768,2,7,,0,2,3,20,B01
201900053769,1,30,,0,0,7,26,A01
201900053770,3,7,,11,0,1,13,A01
201900053771,1,7,,13,0,1,13,A01
201900053772,2,7,,0,2,4,1,B01
201900053772,2,7,,0,2,1,1,A01
201900053773,3,7,,0,2,1,1,A01
201900053773,2,50,,0,2,7,1,B01
201900053774,3,7,,0,2,7,1,B01
201900053774,3,7,,0,2,1,19,A01
201900053775,1,7,,14,0,9,26,A01
201900053776,1,7,,0,1,1,1,A01
201900053777,2,7,,0,2,1,2,A01
201900053777,2,7,,0,2,4,2,B01
201900053778,3,10,,0,0,0,0,B01
201900053778,1,33,,0,2,8,17,A01
201900053779,0,7,,0,2,6,1,B01
201900053779,0,30,,0,2,1,0,A01
201900053780,1,2,,0,2,1,2,B01
201900053780,1,7,,0,2,8,15,A01
201900053781,1,7,,0,2,4,23,B01
201900053781,1,7,,0,2,1,1,A01
201900053782,2,7,,0,1,3,26,A01
201900053783,1,7,,0,2,3,11,A01
201900053783,1,32,,0,2,1,2,B01
201900053784,3,7,,0,2,2,1,B01
201900053784,3,30,,0,2,3,18,A01
201900053785,3,10,,0,2,0,15,A01
201900053785,3,34,,0,2,1,1,B01
201900053786,1,7,,0,1,1,15,A01
201900053787,2,33,,0,2,7,1,B01
201900053787,1,7,,0,2,1,1,A01
201900053788,0,30,,0,2,7,1,A01
201900053789,2,7,,0,2,3,1,B01
201900053789,1,33,,0,2,0,13,A01
201900053790,1,7,,0,1,1,1,A01