Num_Acc,senc,catv,occutc,obs,obsm,choc,manv,num_veh
201900053791,3,7,,0,1,0,1,A01
201900053792,3,7,,0,1,1,26,A01
201900053792,3,60,,0,2,1,1,Y01
201900053793,1,7,,0,1,3,1,A01
201900053794,1,7,,0,2,1,2,A01
201900053794,1,7,,0,2,4,2,B01
201900053794,1,7,,0,2,4,2,C01
201900053795,2,7,,0,2,2,15,A01
201900053795,1,33,,0,2,8,0,B01
201900053796,0,7,,0,2,1,1,A01
201900053796,0,37,1.0,0,2,4,23,B01
201900053797,3,7,,0,2,0,0,A01
201900053797,3,7,,0,2,0,0,B01
201900053797,3,7,,0,2,0,0,C01
201900053798,3,3,,6,2,2,1,A01
201900053799,1,33,,15,0,4,14,A01
201900053800,3,33,,0,2,1,1,A01
201900053800,3,33,,0,2,4,1,B01
201900053800,3,33,,0,2,7,1,C01
201900053801,3,33,,0,2,0,26,A01
201900053801,3,7,,0,2,1,26,B01
201900053802,1,33,,9,0,1,14,A01
201900053803,2,10,,0,2,1,14,A01
201900053803,2,7,,0,2,5,2,B01
201900053803,2,7,,0,2,4,2,C01
201900053803,2,7,,0,2,4,2,D01
201900053803,2,32,,0,2,8,3,E01
201900053803,2,7,,0,2,8,2,F01
201900053804,2,7,,0,2,0,15,A01
201900053804,1,32,,0,2,8,1,B01
201900053805,1,7,,0,2,1,1,B01
201900053805,2,7,,0,2,1,5,A01
201900053806,2,7,,0,2,1,2,A01
201900053806,2,7,,0,2,4,2,B01
201900053806,2,7,,0,2,0,2,Z01
201900053807,1,7,,0,2,2,3,D01
201900053807,1,33,,0,2,7,18,C01
201900053807,1,7,,0,2,5,23,B01
201900053807,1,37,1.0,0,2,6,23,A01
201900053808,2,7,,0,2,8,10,B01
201900053808,2,30,,0,2,1,5,A01
201900053809,2,7,,0,1,6,1,A01
201900053810,1,1,,0,2,8,1,A01
201900053810,1,7,,0,2,5,16,Z01
201900053811,1,33,,0,2,4,1,A01
201900053811,1,7,,0,2,4,11,B01
201900053812,1,7,,0,2,3,9,A01
201900053812,1,43,,0,2,1,17,B01
201900053813,3,7,,0,1,2,16,A01
201900053814,1,10,,0,1,1,16,A01
201900053815,1,10,,0,1,7,16,A01
201900053816,2,32,,0,2,2,1,B01
201900053816,2,7,,0,2,3,9,A01
201900053817,1,32,,14,0,1,1,A01
201900053818,2,7,,0,2,8,9,A01
201900053818,2,32,,0,2,1,1,B01
201900053819,2,7,,0,2,3,9,A01
201900053819,2,7,,0,2,2,1,B01
201900053820,1,80,,0,2,1,1,B01
201900053820,1,7,,0,2,7,16,A01
201900053821,2,7,,0,2,7,15,A01
201900053821,2,50,,0,2,0,7,B01
201900053822,2,7,,0,2,0,15,Z01
201900053822,2,33,,0,2,7,16,A01
201900053823,2,2,,0,2,1,1,B01
201900053823,1,7,,0,2,1,15,A01
201900053824,3,7,,0,2,1,1,C01
201900053824,3,10,,0,2,4,1,B01
201900053824,3,7,,0,2,4,1,A01
201900053825,2,10,,0,1,3,1,A01
201900053826,0,30,,0,2,1,1,A01
201900053826,0,7,,0,2,3,1,B01
201900053827,1,7,,0,0,2,13,A01
201900053827,1,7,,0,0,0,0,B01
201900053828,2,32,,0,2,1,1,B01
201900053828,2,7,,0,2,2,15,A01
201900053829,1,7,,0,1,1,1,A01
201900053830,1,7,,0,1,1,21,A01
201900053831,2,10,,0,2,4,0,B01
201900053831,2,34,,0,2,1,2,A01
201900053832,0,7,,0,2,6,0,B01
201900053832,3,13,,0,2,2,0,A01
201900053833,1,31,,0,0,9,1,B01
201900053833,1,14,,0,0,0,1,A01
201900053834,3,7,,0,2,1,23,B01
201900053834,1,7,,0,2,1,5,A01
201900053835,1,7,,2,0,1,21,A01
201900053836,1,7,,16,0,1,0,A01
201900053837,2,7,,0,1,1,1,A01
201900053838,3,33,,0,0,0,1,A01
201900053839,1,3,,0,1,2,1,A01
201900053840,1,33,,0,2,0,2,B01
201900053840,1,7,,0,2,0,2,A01
201900053841,1,7,,0,2,1,2,A01
201900053841,1,7,,0,2,4,2,B01
201900053842,1,7,,0,2,0,1,A01
201900053842,1,30,,0,2,0,1,B01
201900053843,3,7,,0,2,4,23,C01
201900053843,3,7,,0,2,4,23,B01
201900053843,3,7,,0,2,1,2,A01
201900053844,3,1,,0,2,1,26,B01
201900053844,3,7,,0,6,1,26,A01
201900053845,3,33,,14,0,8,1,A01
201900053846,1,7,,0,2,1,2,A01
201900053846,1,7,,0,2,4,23,B01
201900053846,1,7,,0,2,4,23,C01
201900053847,3,7,,0,6,7,2,Z01
201900053847,3,1,,0,2,8,2,B01
201900053848,1,10,,0,2,1,1,A01
201900053848,2,32,,0,2,1,13,B01
201900053849,1,30,,0,2,1,1,A01
201900053849,2,10,,0,2,8,1,B01
201900053850,1,7,,0,2,7,16,B01
201900053850,1,33,,0,2,1,1,A01
201900053851,2,7,,0,2,4,2,B01
201900053851,2,2,,0,2,1,2,A01
201900053852,3,7,,0,2,4,23,B01
201900053852,3,7,,0,2,1,1,A01
201900053853,1,7,,0,2,1,2,A01
201900053853,1,2,,0,0,4,23,B01
201900053854,3,1,,1,0,1,0,B01
201900053854,3,7,,0,0,8,22,A01
201900053855,3,30,,0,2,1,1,B01
201900053855,3,33,,15,2,8,26,A01
201900053856,1,7,,0,2,4,2,B01
201900053856,1,7,,0,2,1,2,A01
201900053857,3,7,,0,2,7,17,A01
201900053857,3,33,,0,2,0,0,B01
201900053858,2,43,,0,2,2,3,A01
201900053858,2,7,,0,2,6,12,B01
201900053859,1,7,,0,2,4,1,B01
201900053859,1,10,,0,2,1,2,A01
201900053860,1,10,,0,2,2,1,B01
201900053860,1,10,,0,2,6,1,C01
201900053860,1,7,,0,2,3,11,A01
201900053861,1,7,,0,2,4,23,B01
201900053861,1,10,,0,2,1,2,A01
201900053862,1,32,,0,2,1,2,A01
201900053862,1,7,,0,2,4,2,B01
201900053863,2,43,,0,2,2,2,A01
201900053863,2,7,,0,2,6,2,B01
201900053864,1,30,,8,0,2,1,A01
201900053865,1,50,,0,2,1,5,B01
201900053865,1,10,,0,2,3,1,A01
201900053866,2,1,,1,0,1,16,A01
201900053867,2,7,,0,2,3,1,B01
201900053867,2,2,,0,2,8,17,A01
201900053868,2,7,,2,0,1,13,A01
201900053869,2,32,,0,1,1,17,A01
201900053870,2,32,,0,2,7,1,B01
201900053870,2,10,,0,2,4,4,A01
201900053871,1,33,,0,2,3,1,A01
201900053871,1,10,,0,2,2,1,B01
201900053872,1,30,,0,2,1,5,Z01
201900053872,1,50,,0,2,1,1,A01
201900053873,2,7,,0,2,1,16,A01
201900053873,1,50,,0,2,7,19,B01
201900053874,1,7,,0,1,3,15,A01
201900053875,1,30,,0,0,7,1,A01
201900053876,1,7,,0,2,6,15,A01
201900053876,1,33,,14,2,1,2,B01
201900053877,2,7,,0,2,1,15,A01
201900053877,1,32,,0,2,1,1,B01
201900053878,1,33,,0,2,1,17,A01
201900053878,2,14,,0,2,6,1,B01
201900053878,1,37,1.0,0,0,0,0,C01
201900053879,1,7,,0,2,4,2,Z01
201900053879,1,33,,0,2,1,2,A01
201900053880,1,7,,0,2,7,15,A01
201900053880,2,2,,0,2,3,1,B01
201900053881,1,33,,0,2,2,1,A01
201900053881,2,1,,0,2,3,15,B01
201900053882,2,7,,7,0,9,1,A01
201900053883,1,33,,0,1,1,1,A01
201900053884,1,32,,0,1,1,18,A01
201900053885,3,30,,0,2,8,1,A01
201900053885,3,7,,0,2,0,12,Z01
201900053886,2,32,,0,2,7,17,B01
201900053886,2,7,,0,2,8,15,A01
201900053887,1,7,,0,2,8,13,A01
201900053887,1,31,,0,2,7,17,B01
201900053888,1,33,,0,2,1,1,B01
201900053888,2,7,,0,2,6,1,A01
201900053889,2,33,,0,2,1,1,A01
201900053889,1,30,,0,2,8,1,Z01
201900053890,0,3,,0,2,2,9,A01
201900053890,2,3,,1,0,7,2,B01
201900053891,1,10,,0,2,0,1,Z01
201900053891,2,31,,0,2,0,1,A01
201900053892,1,10,,0,2,1,2,A01
201900053892,1,2,,0,2,4,0,B01
201900053893,1,1,,0,2,2,1,B01
201900053893,1,7,,0,2,3,22,A01
201900053894,1,32,,12,0,7,13,A01
201900053895,3,7,,0,1,2,1,A01
201900053896,2,33,,0,2,6,1,B01
201900053896,2,7,,0,2,2,12,A01
201900053897,2,7,,0,1,1,1,A01
201900053897,3,60,,0,2,8,19,B01
201900053898,1,33,,0,2,1,1,A01
201900053898,2,7,,0,2,7,15,B01
201900053899,1,7,,0,2,1,9,A01
201900053899,1,7,,0,2,7,0,B01
201900053900,1,80,,0,2,0,7,A01
201900053901,1,7,,0,1,2,1,A01
201900053902,3,7,,0,2,2,9,A01
201900053902,3,7,,0,2,3,26,B01
201900053903,2,1,,12,0,1,2,A01
201900053904,3,7,,0,2,2,9,A01
201900053904,1,7,,0,2,1,1,B01
201900053905,2,1,,0,2,0,1,B01
201900053905,2,32,,0,2,5,16,A01
201900053906,1,32,,0,1,1,1,A01
201900053907,2,31,,0,2,3,1,B01
201900053907,1,7,,0,2,2,1,A01
201900053908,3,7,,0,2,5,1,B01
201900053908,3,33,,0,2,1,1,A01
201900053909,1,99,,1,0,1,1,B01
201900053909,1,7,,0,6,8,24,A01
201900053910,2,31,,0,1,1,3,A01
201900053911,1,33,,15,0,1,13,A01
201900053912,1,31,,0,2,1,17,B01
201900053912,1,7,,0,2,8,15,A01
201900053913,1,2,,0,2,7,16,B01
201900053913,1,7,,0,2,3,1,A01
201900053914,1,7,,7,0,7,1,A01
201900053914,1,7,,0,2,3,1,B01
201900053915,2,7,,0,0,8,1,B01
201900053915,3,2,,0,2,1,1,A01
201900053916,0,7,,6,0,1,1,A01
201900053917,1,7,,0,1,2,2,A01
201900053918,1,7,,13,0,1,2,A01
201900053919,1,7,,0,1,2,2,A01
201900053920,3,2,,15,0,8,13,A01
201900053921,3,7,,0,2,7,19,A01
201900053921,3,7,,0,2,1,1,B01
201900053922,2,7,,0,1,2,1,A01
201900053922,1,7,,0,1,1,1,B01
201900053923,2,21,,0,0,6,1,B01
201900053923,1,33,,0,2,2,1,A01
201900053924,1,7,,15,0,1,13,A01
201900053925,1,7,,0,2,3,0,A01
201900053925,2,7,,0,2,3,1,B01
201900053926,0,33,,0,0,1,2,B01
201900053926,0,7,,0,0,3,1,A01
201900053927,1,7,,0,2,1,0,A01
201900053927,1,10,,0,2,1,0,B01
201900053927,1,7,,0,0,4,23,C01
201900053928,2,7,,0,0,1,2,A01
201900053928,2,7,,0,0,4,2,B01
201900053929,1,7,,0,1,2,15,A01
201900053930,1,7,,0,1,1,15,A01
201900053931,1,1,,16,0,0,1,A01
201900053932,1,34,,0,2,1,1,A01
201900053932,3,1,,0,2,8,19,B01
201900053933,2,7,,2,0,1,1,A01
201900053934,3,33,,0,0,0,1,A01
201900053935,1,7,,0,2,6,15,A01
201900053935,1,7,,0,2,1,1,B01
201900053936,1,7,,13,0,0,1,A01
201900053937,1,10,,0,1,2,1,A01
201900053938,1,7,,3,2,1,5,A01
201900053938,2,7,,0,2,1,5,B01
201900053939,2,7,,0,2,7,1,B01
201900053939,2,2,,0,2,1,16,A01
201900053940,1,7,,2,0,1,1,A01
201900053941,2,31,,0,2,2,17,A01
201900053941,2,7,,0,2,3,15,B01
201900053942,1,33,,0,2,8,18,B01
201900053942,1,7,,0,2,7,14,A01
201900053943,1,7,,0,2,8,13,A01
201900053943,1,33,,0,2,7,1,B01
201900053944,2,7,,2,0,1,0,A01
201900053945,2,7,,0,0,6,0,C01
201900053945,1,7,,0,2,2,2,B01
201900053945,1,2,,1,2,1,1,A01
201900053946,2,7,,0,2,8,21,A01
201900053946,2,31,,0,2,7,1,B01
201900053946,2,7,,0,2,8,23,C01
201900053947,1,7,,0,2,1,13,A01
201900053947,2,7,,0,2,3,0,B01
201900053948,3,30,,1,0,2,14,A01
201900053949,0,10,,0,2,3,15,A01
201900053949,0,31,,0,2,1,1,B01
201900053950,1,7,,1,1,1,1,A01
201900053951,2,33,,3,0,0,9,A01
201900053952,1,33,,16,0,1,1,A01
201900053953,1,7,,0,2,1,1,A01
201900053953,1,7,,0,2,7,15,B01
201900053954,1,7,,0,2,9,19,A01
201900053954,1,33,,0,2,1,1,B01
201900053954,1,33,,0,2,1,1,C01
201900053955,1,7,,14,0,1,1,A01
201900053956,2,2,,0,2,3,19,A01
201900053956,1,7,,0,2,2,1,B01
201900053957,2,7,,0,2,1,1,B01
201900053957,1,17,,0,2,6,9,A01
201900053958,3,37,1.0,0,1,5,1,B01
201900053959,0,7,,2,0,1,13,A01
201900053960,2,2,,0,0,7,1,A01
201900053961,3,7,,4,0,1,6,A01
201900053962,1,7,,13,0,2,1,A01
201900053963,1,33,,4,0,2,12,A01
201900053964,2,7,,13,0,1,1,A01
201900053965,2,33,,11,0,1,17,A01
201900053966,3,10,,0,2,4,2,E01
201900053966,3,7,,0,2,4,2,D01
201900053966,3,7,,0,2,9,23,C01
201900053966,3,7,,0,2,4,2,B01
201900053966,3,17,,0,2,2,1,A01
201900053967,1,10,,0,2,2,12,A01
201900053967,1,30,,0,2,0,0,B01
201900053968,2,33,,0,6,2,1,A01
201900053969,1,7,,6,0,3,1,A01
201900053970,3,7,,0,2,4,1,B01
201900053970,3,7,,0,2,1,1,A01
201900053971,1,7,,0,2,7,1,B01
201900053971,1,7,,0,2,1,1,A01
201900053972,3,2,,0,0,0,1,A01
201900053973,3,14,,0,2,1,1,B01
201900053973,3,33,,0,2,5,17,A01
201900053974,2,7,,0,2,1,19,A01
201900053974,2,33,,11,2,1,1,B01
201900053975,1,7,,0,2,2,12,A01
201900053975,1,32,,0,2,8,3,B01
201900053976,2,33,,0,0,4,0,B01
201900053976,2,7,,0,2,2,0,A01
201900053977,1,7,,2,0,1,1,A01
201900053978,2,10,,0,2,2,1,A01
201900053978,3,1,,0,2,8,2,B01
201900053979,2,7,,0,2,1,17,A01
201900053979,1,7,,0,2,1,1,B01
201900053980,3,0,,0,1,0,26,B01
201900053980,3,7,,0,2,1,9,A01
201900053981,1,7,,0,2,3,21,A01
201900053981,1,7,,0,2,1,21,B01
201900053982,2,1,,0,2,1,1,B01
201900053982,3,32,,0,2,3,10,A01
201900053983,1,37,1.0,0,1,2,26,A01
201900053984,2,34,,12,0,1,26,A01
201900053985,1,7,,0,2,1,2,A01
201900053985,1,33,,0,2,4,2,B01
201900053985,1,7,,0,2,4,23,C01
201900053986,1,7,,1,0,8,26,A01
201900053987,2,32,,0,2,8,2,C01
201900053987,2,33,,1,0,1,17,B01
201900053987,3,7,,1,0,5,24,A01
201900053988,1,30,,14,2,1,21,A01
201900053988,3,7,,0,2,3,16,B01
201900053989,3,7,,9,2,1,13,A01
201900053990,1,7,,0,1,1,2,A01
201900053991,2,7,,0,2,1,1,A01
201900053991,2,33,,0,2,7,1,B01
201900053992,1,7,,0,2,1,19,A01
201900053992,1,7,,0,2,3,19,B01
201900053993,2,10,,0,2,3,1,B01
201900053993,1,7,,0,2,3,1,A01
201900053994,2,7,,9,0,1,13,A01
201900053995,0,7,,0,2,1,23,A01
201900053995,0,7,,0,6,4,20,B01
201900053996,2,7,,6,0,8,1,A01
201900053997,3,7,,0,2,3,15,A01
201900053997,3,2,,8,2,0,2,B01
201900053998,3,2,,0,0,0,0,A01
201900053999,1,7,,0,0,4,24,B01
201900053999,1,7,,1,0,1,20,A01
201900054000,2,1,,0,2,6,1,B01
201900054000,2,7,,0,2,2,1,A01
201900054001,2,7,,0,2,0,2,B01
201900054001,2,7,,0,2,3,2,A01
201900054002,0,7,,0,9,2,1,A01
201900054002,0,1,,0,2,3,9,B01
201900054003,3,7,,0,1,3,1,A01
201900054004,2,7,,0,2,3,15,A01
201900054004,1,31,,0,2,7,1,B01
201900054005,2,2,,0,2,6,17,A01
201900054005,2,7,,0,2,2,17,B01
201900054006,3,2,,11,0,1,0,A01
201900054007,2,7,,8,0,3,1,A01
201900054008,1,37,1.0,0,1,3,19,A01
201900054009,1,32,,0,2,1,1,B01
201900054009,2,7,,0,2,3,26,A01
201900054010,1,7,,0,1,0,21,A01
201900054011,1,7,,0,2,7,16,B01
201900054011,1,43,,0,2,1,18,A01
201900054012,1,7,,0,0,0,9,B01
201900054012,1,7,,2,0,1,21,A01
201900054013,1,10,,0,1,1,15,A01
201900054014,1,7,,13,0,3,1,A01
201900054015,2,10,,0,1,3,1,A01
201900054016,1,33,,0,2,1,1,A01
201900054016,1,7,,0,0,5,23,B01
201900054017,1,7,,0,2,3,13,A01
201900054017,2,7,,0,2,3,1,B01
201900054017,1,7,,0,2,1,1,C01
201900054018,1,2,,0,6,2,1,A01
201900054019,3,37,3.0,0,2,3,0,B01
201900054019,3,7,,0,2,7,16,A01
201900054020,2,33,,0,2,7,16,A01
201900054020,2,7,,0,2,8,2,B01
201900054021,1,10,,0,0,2,1,A01
201900054021,2,33,,0,0,1,15,B01
201900054022,3,7,,0,9,1,1,B01
201900054022,3,1,,0,0,1,26,A01
201900054023,1,7,,0,2,3,15,A01
201900054023,1,34,,0,2,1,0,B01
201900054024,2,30,,0,2,1,13,A01
201900054024,1,32,,0,2,1,1,B01
201900054025,2,7,,0,2,3,1,C01
201900054025,1,7,,0,2,5,15,B01
201900054025,1,7,,0,2,3,1,A01
201900054026,1,7,,0,2,8,1,C01
201900054026,2,7,,0,2,7,1,B01
201900054026,1,10,,0,2,1,1,A01
201900054027,2,7,,0,2,1,20,B01
201900054027,2,33,,0,2,8,2,A01
201900054028,2,33,,0,2,1,17,A01
201900054028,2,21,,0,2,3,15,B01
201900054029,2,7,,0,9,2,1,A01
201900054029,1,33,,3,2,1,1,B01
201900054030,1,7,,0,2,2,15,A01
201900054030,1,33,,0,2,1,1,B01
201900054031,1,31,,0,2,1,1,B01
201900054031,2,7,,0,2,1,15,A01
201900054032,2,10,,0,2,3,2,B01
201900054032,1,33,,0,2,2,15,A01
201900054033,2,10,,0,0,8,15,B01
201900054033,2,33,,0,2,1,17,A01
201900054034,2,7,,0,2,1,15,A01
201900054034,2,33,,0,2,4,1,B01
201900054035,2,7,,2,0,1,1,A01
201900054036,2,7,,0,2,1,12,B01
201900054036,2,7,,4,2,4,1,A01
201900054037,0,7,,0,1,3,19,A01
201900054038,2,7,,0,0,9,26,A01
201900054039,2,10,,0,2,8,15,B01
201900054039,2,32,,0,2,1,17,A01
201900054040,1,7,,0,0,2,11,A01
201900054040,2,33,,0,2,1,1,B01
201900054041,2,7,,0,2,1,2,A01
201900054041,2,7,,0,2,1,2,B01
201900054041,2,7,,0,2,4,2,C01
201900054042,1,7,,0,2,1,0,Z01
201900054042,1,1,,0,2,4,2,A01
201900054043,1,7,,16,0,9,1,A01
201900054044,3,7,,0,1,1,1,A01
201900054045,1,10,,0,2,3,1,B01
201900054045,1,34,,0,2,8,3,A01
201900054046,3,2,,12,0,2,14,A01
201900054047,1,7,,0,2,8,11,A01
201900054047,1,7,,0,2,2,1,B01
201900054048,1,3,,0,0,1,1,B01
201900054048,1,31,,0,0,4,1,A01
201900054049,3,32,,0,2,8,0,B01
201900054049,3,7,,0,2,8,12,A01
201900054050,1,14,,0,2,4,0,B01
201900054050,1,7,,0,2,1,0,A01
201900054051,2,7,,0,2,3,1,B01
201900054051,1,7,,0,2,3,13,A01
201900054052,3,1,,0,2,9,2,B01
201900054052,0,7,,0,1,7,16,A01
201900054053,1,34,,0,2,1,0,B01
201900054053,1,10,,0,2,4,0,A01
201900054054,1,7,,0,2,1,5,A01
201900054054,2,7,,0,2,1,1,B01
201900054055,1,7,,0,0,1,1,A01
201900054056,2,7,,0,2,3,0,A01
201900054056,1,33,,0,2,1,0,B01
201900054057,1,7,,0,2,5,1,B01
201900054057,1,7,,0,2,3,21,A01
201900054058,0,7,,0,2,4,2,B01
201900054058,0,7,,0,2,1,2,A01
201900054059,3,1,,0,2,7,19,C01
201900054059,3,1,,0,2,7,15,B01
201900054059,3,7,,0,9,1,1,A01
201900054060,1,7,,0,2,3,13,B01
201900054060,2,2,,0,2,8,23,A01
201900054061,1,7,,1,0,1,2,B01
201900054061,1,7,,0,2,5,23,A01
201900054062,1,7,,0,0,2,1,A01
201900054063,2,7,,2,0,1,1,A01
201900054064,2,33,,0,2,1,9,A01
201900054064,2,7,,0,1,7,1,B01
201900054065,2,7,,0,2,3,21,A01
201900054065,1,7,,0,2,3,13,B01
201900054066,2,33,,0,0,8,2,A01
201900054067,1,7,,0,2,2,13,A01
201900054067,2,7,,0,2,2,21,B01
201900054068,1,2,,0,2,1,10,B01
201900054068,1,7,,0,2,2,11,A01
201900054069,1,7,,0,1,1,1,A01
201900054070,0,7,,0,0,4,2,B01
201900054070,0,7,,0,2,1,2,A01
201900054071,3,7,,6,0,9,1,A01
201900054072,2,15,,0,0,5,1,C01
201900054072,2,10,,14,2,4,1,B01
201900054072,2,7,,0,2,1,2,A01
201900054073,1,7,,6,2,1,1,B01
201900054073,2,15,,0,2,2,23,C01
201900054073,2,7,,6,2,7,26,A01
201900054074,1,7,,0,6,3,15,A01
201900054074,1,7,,0,6,3,15,B01
201900054075,2,33,,0,2,1,1,B01
201900054075,3,7,,0,2,1,15,A01
201900054076,1,33,,0,0,0,26,A01
201900054077,2,7,,0,2,1,15,B01
201900054077,1,30,,0,2,1,9,A01
201900054078,3,7,,0,0,3,23,B01
201900054078,3,33,,0,2,7,26,A01
201900054079,3,7,,15,0,1,1,A01
201900054080,1,7,,0,2,1,1,A01
201900054080,2,1,,0,2,1,1,B01
201900054081,2,7,,0,0,0,1,A01
201900054082,2,7,,0,1,3,15,A01
201900054083,2,33,,2,0,1,1,A01
201900054084,2,7,,6,0,1,1,A01
201900054085,3,31,,0,0,7,16,A01
201900054086,0,7,,0,1,1,1,A01
201900054087,3,7,,0,2,3,1,A01
201900054087,3,2,,0,2,3,13,B01
201900054088,3,7,,0,1,7,16,A01
201900054089,0,7,,9,0,3,1,A01
201900054090,1,7,,0,0,6,2,A01
201900054090,1,33,,0,2,1,2,B01
201900054091,2,7,,0,2,0,0,A01
201900054091,2,7,,0,2,4,0,C01
201900054091,2,7,,0,2,4,2,B01
201900054092,0,7,,0,2,3,26,C01
201900054092,1,7,,0,2,7,6,B01
201900054092,1,7,,0,0,1,21,A01
201900054093,2,7,,0,0,8,1,A01
201900054094,2,7,,0,2,1,19,A01
201900054094,1,7,,0,2,8,1,B01
201900054095,1,7,,2,0,8,1,A01
201900054096,1,7,,8,0,1,1,A01
201900054097,2,7,,6,0,1,1,A01
201900054098,2,7,,0,2,3,13,A01
201900054098,1,7,,0,2,3,1,B01
201900054099,2,7,,0,2,2,1,A01
201900054099,1,37,2.0,0,2,1,1,B01
201900054100,3,7,,15,0,1,13,A01
201900054101,3,36,,1,0,7,0,A01
201900054101,3,7,,0,0,6,26,B01
201900054102,3,7,,0,2,1,1,B01
201900054102,3,31,,12,2,7,14,A01
201900054103,3,13,,0,1,5,4,A01
201900054104,1,7,,10,0,3,12,A01
201900054105,1,7,,15,0,3,13,A01
201900054106,1,7,,0,1,2,1,A01
201900054107,3,7,,0,2,8,2,A01
201900054107,1,7,,0,2,1,0,B01
201900054108,1,7,,0,0,5,15,B01
201900054108,2,33,,0,2,1,1,A01
201900054109,2,7,,0,1,1,15,A01
201900054110,0,43,,0,2,1,1,A01
201900054110,3,33,,0,2,7,10,B01
201900054111,3,1,,0,1,0,1,A01
201900054112,1,7,,0,2,1,2,C01
201900054112,1,7,,0,2,3,1,B01
201900054112,2,7,,0,2,3,13,A01
201900054113,0,7,,0,2,1,2,A01
201900054113,0,7,,0,2,4,2,B01
201900054113,0,7,,0,2,4,2,C01
201900054114,1,7,,6,0,1,14,A01
201900054115,1,33,,4,0,1,1,A01
201900054116,3,50,,0,2,1,5,A01
201900054116,3,1,,0,2,3,25,B01
201900054117,1,7,,8,0,3,1,A01
201900054118,2,31,,0,0,8,15,A01
201900054119,1,2,,0,1,1,1,A01
201900054120,1,14,,0,2,3,15,B01
201900054120,2,7,,0,2,3,1,A01
201900054121,1,7,,0,2,3,1,B01
201900054121,2,7,,0,2,3,15,A01
201900054122,1,30,,0,2,1,19,A01
201900054122,1,7,,0,2,3,19,B01
201900054123,0,33,,16,0,1,1,A01
201900054124,3,7,,6,1,1,1,A01
201900054125,0,2,,16,0,1,1,A01
201900054126,1,7,,0,1,2,1,A01
201900054127,1,7,,0,2,1,13,B01
201900054127,2,7,,0,2,2,21,A01
201900054128,0,99,,0,0,0,26,A01
201900054129,1,7,,13,0,0,1,A01
201900054130,3,7,,0,0,0,19,A01
201900054130,2,7,,13,0,1,21,B01
201900054131,1,7,,13,0,9,1,A01
201900054132,2,10,,0,0,6,23,B01
201900054132,2,7,,1,0,2,17,A01
201900054133,1,2,,0,2,8,13,A01
201900054133,2,7,,0,2,7,15,B01
201900054134,1,33,,0,2,1,1,B01
201900054134,2,7,,13,2,1,13,A01
201900054135,2,7,,0,0,6,17,B01
201900054135,2,7,,0,2,2,17,A01
201900054136,1,1,,0,2,4,2,B01
201900054136,1,7,,0,2,2,2,A01
201900054137,1,7,,0,1,5,4,A01
201900054138,2,7,,13,0,1,1,A01
201900054139,1,7,,0,2,1,1,A01
201900054139,2,1,,0,2,4,19,B01
201900054140,1,7,,9,0,1,13,A01
201900054141,1,7,,9,2,1,26,A01
201900054141,1,1,,0,2,7,1,B01
201900054142,2,7,,17,0,9,14,A01
201900054143,1,7,,0,2,6,9,A01
201900054143,2,2,,0,2,3,1,B01
201900054144,0,2,,8,0,1,0,A01
201900054145,1,7,,0,2,1,2,A01
201900054145,1,7,,0,2,0,0,B01
201900054146,1,7,,0,2,1,1,C01
201900054146,1,7,,0,2,1,1,B01
201900054146,2,7,,0,2,7,13,A01
201900054147,0,7,,0,2,2,19,A01
201900054147,0,33,,0,2,7,1,B01
201900054148,2,7,,0,2,3,1,B01
201900054148,1,10,,0,2,3,16,A01
201900054149,2,7,,2,0,8,1,A01
201900054150,2,7,,0,2,7,21,B01
201900054150,1,7,,0,2,1,5,A01
201900054151,1,7,,0,2,1,1,B01
201900054151,1,7,,0,2,4,23,A01
201900054152,2,21,,0,2,4,1,B01
201900054152,2,7,,0,2,1,1,A01
201900054153,1,7,,0,0,1,1,B01
201900054153,2,7,,0,2,7,13,A01
201900054154,2,7,,3,0,9,1,A01
201900054155,2,7,,0,2,8,15,A01
201900054155,1,2,,0,2,1,13,B01
201900054156,1,33,,0,2,8,1,B01
201900054156,2,7,,0,2,1,15,A01
201900054157,2,10,,0,2,8,1,B01
201900054157,1,33,,0,2,1,1,A01
201900054158,2,31,,0,0,1,1,A01
201900054159,1,7,,0,1,2,16,A01
201900054160,1,33,,0,2,1,1,B01
201900054160,1,33,,5,0,1,1,A01
201900054161,3,7,,0,2,1,1,B01
201900054161,3,2,,0,2,1,16,A01
201900054162,3,7,,8,0,1,14,A01
201900054163,2,33,,0,2,3,1,B01
201900054163,1,7,,0,2,3,13,A01
201900054164,1,7,,0,2,7,2,Z01
201900054164,1,1,,0,2,6,1,B01
201900054165,1,7,,0,0,0,1,A01
201900054166,1,7,,0,2,1,1,B01
201900054166,2,7,,0,2,1,13,A01
201900054167,1,7,,0,-1,1,1,A01
201900054167,1,40,,0,2,7,1,B01
201900054168,2,14,,0,0,4,1,B01
201900054168,2,7,,0,2,1,2,A01
201900054169,1,7,,2,0,1,13,A01
201900054170,1,1,,16,0,0,1,A01
201900054171,2,10,,0,1,2,13,A01
201900054172,2,7,,0,0,4,2,B01
201900054172,2,7,,0,2,1,2,A01
201900054173,0,7,,0,2,2,15,A01
201900054173,0,33,,0,2,1,1,B01
201900054174,0,33,,0,2,1,26,A01
201900054174,0,7,,0,2,4,1,B01
201900054175,2,7,,0,0,4,11,C01