Num_Acc,senc,catv,occutc,obs,obsm,choc,manv,num_veh
201900054175,2,7,,0,0,4,11,B01
201900054175,2,7,,0,2,4,2,A01
201900054176,1,7,,0,0,1,9,A01
201900054177,1,10,,4,0,2,1,A01
201900054178,1,7,,0,2,2,15,A01
201900054178,2,7,,0,2,3,1,B01
201900054179,1,30,,0,0,7,0,A01
201900054180,2,7,,13,0,2,1,A01
201900054181,2,7,,0,2,2,15,B01
201900054181,1,33,,0,2,1,1,A01
201900054182,1,7,,0,2,3,0,B01
201900054182,1,7,,0,2,9,0,A01
201900054183,3,7,,0,2,8,15,B01
201900054183,2,33,,0,2,1,1,A01
201900054184,1,30,,0,0,0,1,A01
201900054185,1,7,,0,2,1,1,B01
201900054185,2,7,,0,2,3,1,A01
201900054186,2,7,,4,2,3,13,A01
201900054186,1,14,,0,2,3,1,B01
201900054187,2,7,,0,1,1,1,A01
201900054188,1,7,,13,0,1,1,A01
201900054189,2,7,,4,0,1,1,A01
201900054190,3,7,,0,2,1,9,A01
201900054190,2,1,,0,2,4,15,B01
201900054191,1,1,,0,0,0,0,B01
201900054191,1,7,,0,2,3,26,A01
201900054192,1,7,,14,2,1,19,B01
201900054192,1,7,,0,2,8,2,A01
201900054193,2,10,,0,0,0,2,B01
201900054193,2,7,,3,0,3,21,A01
201900054194,1,7,,0,2,1,2,A01
201900054194,1,7,,7,0,4,1,B01
201900054195,2,7,,0,2,1,1,B01
201900054195,1,33,,0,2,1,13,A01
201900054196,0,7,,0,2,1,1,A01
201900054197,2,7,,2,0,1,13,A01
201900054198,2,7,,4,0,8,13,A01
201900054199,3,7,,0,2,3,16,A01
201900054199,3,33,,0,2,1,21,B01
201900054200,1,38,10.0,13,0,2,1,A01
201900054201,3,7,,0,1,2,16,A01
201900054202,1,7,,0,2,3,1,A01
201900054202,2,7,,0,0,3,1,B01
201900054203,0,7,,0,2,1,9,A01
201900054203,3,7,,0,2,1,17,B01
201900054204,1,33,,0,2,1,1,B01
201900054204,2,7,,0,2,3,19,A01
201900054205,1,10,,2,0,3,1,A01
201900054206,2,7,,0,1,1,1,A01
201900054207,1,7,,0,2,3,15,B01
201900054207,2,33,,0,2,2,17,A01
201900054208,1,10,,0,2,5,16,A01
201900054208,1,1,,0,2,1,2,B01
201900054209,2,7,,0,2,5,17,B01
201900054209,2,1,,0,2,3,1,A01
201900054210,0,10,,0,2,3,1,B01
201900054210,1,7,,0,2,1,13,A01
201900054211,1,7,,0,2,8,15,A01
201900054211,1,33,,0,2,7,17,B01
201900054212,1,7,,6,0,1,1,A01
201900054213,2,10,,0,2,1,1,B01
201900054213,1,7,,0,2,1,13,A01
201900054214,1,7,,1,0,1,1,A01
201900054215,1,7,,0,0,0,13,A01
201900054216,3,33,,0,2,2,21,A01
201900054216,3,14,,0,2,2,23,B01
201900054217,1,33,,0,2,1,1,A01
201900054217,1,10,,0,0,4,1,B01
201900054218,1,7,,0,2,3,1,B01
201900054218,2,7,,0,2,3,0,A01
201900054219,0,31,,0,2,1,0,A01
201900054219,0,7,,0,2,5,15,B01
201900054220,1,99,,0,0,4,1,B01
201900054220,1,99,,0,9,1,1,A01
201900054221,1,7,,2,0,8,1,A01
201900054222,2,7,,0,2,3,1,A01
201900054222,1,33,,0,2,1,1,B01
201900054223,3,2,,0,2,2,1,B01
201900054223,3,10,,0,2,4,4,A01
201900054224,1,7,,13,0,1,13,A01
201900054225,3,7,,0,1,9,1,A01
201900054226,3,33,,0,2,1,2,A01
201900054226,3,7,,0,2,5,1,B01
201900054227,2,2,,1,0,1,1,B01
201900054227,1,7,,0,2,4,23,A01
201900054228,1,7,,0,2,3,15,A01
201900054228,2,2,,0,2,3,1,B01
201900054229,3,36,,0,2,3,25,A01
201900054229,3,7,,0,0,7,16,B01
201900054230,1,31,,0,2,1,2,A01
201900054230,1,30,,0,0,8,10,B01
201900054231,1,7,,0,2,1,1,B01
201900054231,2,7,,0,2,6,9,A01
201900054232,1,7,,0,2,8,9,B01
201900054232,2,33,,0,2,1,17,A01
201900054233,1,2,,0,2,8,15,B01
201900054233,1,7,,0,2,7,17,A01
201900054234,0,1,,0,2,4,1,B01
201900054234,0,7,,0,2,1,15,A01
201900054235,3,7,,13,0,1,2,A01
201900054236,2,33,,13,0,8,1,A01
201900054237,3,32,,0,2,3,13,A01
201900054237,3,7,,0,2,3,1,B01
201900054238,2,7,,13,0,3,13,A01
201900054239,0,7,,0,0,9,1,A01
201900054240,1,2,,0,2,1,2,A01
201900054240,1,7,,0,2,1,15,B01
201900054241,1,7,,0,2,3,1,A01
201900054241,2,14,,0,2,3,1,B01
201900054242,1,33,,0,0,1,1,A01
201900054243,2,2,,12,0,1,1,A01
201900054244,3,7,,15,0,9,1,A01
201900054245,3,7,,1,0,1,1,A01
201900054246,0,7,,0,6,0,1,C01
201900054246,0,31,,0,2,1,1,B01
201900054246,0,7,,0,2,8,13,A01
201900054247,3,7,,1,0,1,14,A01
201900054248,1,10,,0,0,1,1,C01
201900054248,1,7,,0,2,8,1,B01
201900054248,2,33,,0,2,1,13,A01
201900054249,1,7,,0,2,1,1,B01
201900054249,2,7,,0,2,2,15,A01
201900054250,1,7,,10,0,1,17,A01
201900054251,2,33,,0,2,1,5,B01
201900054251,1,7,,0,2,1,1,A01
201900054252,1,33,,0,2,1,1,A01
201900054252,1,1,,0,2,6,1,B01
201900054253,3,7,,13,0,1,19,A01
201900054254,1,50,,0,1,3,1,A01
201900054255,2,2,,0,2,1,1,A01
201900054255,1,7,,0,2,2,1,B01
201900054256,2,7,,0,2,8,1,D01
201900054256,2,7,,0,2,1,1,C01
201900054256,2,7,,0,2,3,1,B01
201900054256,2,7,,0,2,3,13,A01
201900054257,2,1,,3,0,2,15,A01
201900054258,2,1,,0,2,1,19,B01
201900054258,2,43,,0,2,8,1,A01
201900054259,2,7,,13,0,9,1,A01
201900054260,2,33,,0,2,2,16,A01
201900054260,2,7,,0,2,3,1,B01
201900054261,0,7,,0,2,3,13,B01
201900054261,0,33,,0,2,2,17,A01
201900054262,1,7,,0,1,2,7,A01
201900054263,0,7,,2,0,1,21,A01
201900054264,2,33,,0,2,7,17,B01
201900054264,2,7,,0,2,3,10,A01
201900054265,0,1,,0,2,5,2,B01
201900054265,0,7,,0,9,2,16,A01
201900054266,2,7,,0,1,2,1,A01
201900054267,3,31,,0,2,1,1,B01
201900054267,0,7,,0,2,1,1,A01
201900054268,0,32,,0,2,8,1,B01
201900054268,0,1,,0,2,0,1,A01
201900054269,2,2,,0,2,7,17,B01
201900054269,2,7,,0,2,3,15,A01
201900054270,1,7,,0,2,5,16,A01
201900054270,1,32,,0,2,3,1,B01
201900054271,2,7,,0,2,3,1,B01
201900054271,2,7,,0,2,2,1,A01
201900054272,1,33,,0,0,1,20,A01
201900054273,3,2,,0,2,1,1,B01
201900054273,3,7,,0,2,1,1,A01
201900054274,3,7,,0,2,2,1,B01
201900054274,0,1,,0,2,8,9,A01
201900054275,1,7,,13,0,1,0,A01
201900054276,1,7,,0,2,5,1,B01
201900054276,1,7,,0,2,1,9,A01
201900054277,3,34,,0,2,2,9,A01
201900054277,3,7,,0,2,8,1,B01
201900054278,1,7,,0,2,1,15,A01
201900054278,2,33,,0,2,1,1,B01
201900054279,2,7,,0,2,8,1,B01
201900054279,2,7,,0,2,1,1,A01
201900054280,1,7,,13,0,2,18,A01
201900054281,0,7,,0,0,6,15,B01
201900054281,0,33,,0,2,2,17,A01
201900054282,3,7,,13,0,1,1,A01
201900054283,3,33,,0,2,1,1,A01
201900054283,3,7,,0,2,2,15,B01
201900054284,0,7,,0,9,5,15,B01
201900054284,3,2,,0,2,1,1,A01
201900054285,2,7,,13,0,1,14,A01
201900054286,0,1,,0,2,8,1,B01
201900054286,0,7,,0,2,3,1,A01
201900054287,2,31,,0,2,1,15,B01
201900054287,1,37,1.0,0,2,3,1,A01
201900054288,2,7,,3,2,4,2,A01
201900054288,2,7,,3,2,1,2,B01
201900054289,1,50,,0,2,3,1,A01
201900054289,2,7,,0,2,3,2,B01
201900054290,1,7,,4,2,4,2,A01
201900054290,1,33,,4,2,1,2,B01
201900054290,1,7,,4,2,6,0,C01
201900054291,1,7,,0,2,4,9,A01
201900054291,1,7,,0,2,1,2,B01
201900054292,3,33,,0,2,1,1,A01
201900054292,3,7,,0,0,4,23,B01
201900054293,0,7,,4,0,1,9,A01
201900054294,1,17,,0,1,5,21,A01
201900054295,3,7,,0,2,3,5,A01
201900054295,3,37,5.0,0,2,2,21,B01
201900054296,1,7,,4,0,3,17,A01
201900054297,2,7,,0,2,4,2,B01
201900054297,2,33,,0,2,1,2,A01
201900054298,1,1,,0,1,0,0,A01
201900054299,1,7,,0,1,1,1,A01
201900054300,1,7,,0,1,8,9,A01
201900054301,0,7,,1,0,2,1,A01
201900054302,2,33,,0,2,8,3,B01
201900054302,2,7,,0,2,7,12,A01
201900054303,1,33,,1,0,1,1,A01
201900054304,2,7,,0,2,8,11,A01
201900054304,2,33,,0,2,7,3,B01
201900054305,2,7,,0,2,1,1,B01
201900054305,1,7,,0,2,1,5,A01
201900054306,1,3,,0,2,6,2,B01
201900054306,2,3,,0,2,1,5,A01
201900054307,3,7,,0,2,3,22,A01
201900054307,2,14,,1,0,3,1,B01
201900054308,3,7,,0,2,1,23,A01
201900054308,1,7,,0,1,4,26,B01
201900054309,3,33,,0,2,1,26,A01
201900054310,0,1,,0,2,7,19,B01
201900054310,3,7,,0,2,1,0,A01
201900054311,1,7,,0,0,5,1,D01
201900054311,2,7,,0,2,1,1,C01
201900054311,1,7,,0,2,4,1,B01
201900054311,1,7,,0,2,1,1,A01
201900054312,1,1,,0,2,8,1,B01
201900054312,2,10,,0,2,1,15,A01
201900054313,1,10,,0,2,1,15,B01
201900054313,2,33,,0,2,8,1,A01
201900054314,0,0,,0,1,1,1,A01
201900054315,2,33,,6,1,1,20,A01
201900054316,2,7,,0,2,8,5,A01
201900054316,1,7,,0,2,1,1,B01
201900054316,2,7,,0,2,1,1,C01
201900054317,1,31,,0,2,1,1,A01
201900054317,3,7,,0,2,1,9,B01
201900054318,2,7,,2,0,1,13,A01
201900054319,2,20,,0,2,2,16,A01
201900054319,2,7,,8,2,3,2,B01
201900054320,2,7,,0,0,9,14,A01
201900054321,1,1,,0,1,2,1,A01
201900054322,1,32,,16,0,2,1,A01
201900054323,2,7,,0,2,3,1,C01
201900054323,1,7,,0,2,3,1,B01
201900054323,2,7,,0,2,3,13,A01
201900054324,2,7,,0,0,8,15,B01
201900054324,1,31,,0,2,1,3,A01
201900054325,2,7,,0,2,1,1,C01
201900054325,2,7,,0,2,1,1,B01
201900054325,1,7,,0,2,1,13,A01
201900054326,1,7,,0,2,3,1,B01
201900054326,2,33,,0,2,3,5,A01
201900054327,3,7,,0,0,0,26,B01
201900054327,3,2,,1,0,0,1,A01
201900054328,1,7,,0,2,1,1,B01
201900054328,2,7,,0,2,2,15,A01
201900054329,2,7,,9,0,1,1,A01
201900054330,3,1,,0,2,3,15,A01
201900054330,3,7,,0,2,3,17,B01
201900054331,1,7,,6,0,1,16,A01
201900054332,2,33,,13,0,2,26,A01
201900054333,2,2,,0,0,0,1,A01
201900054334,1,7,,0,0,5,1,A01
201900054334,1,2,,0,2,3,21,B01
201900054335,3,7,,0,0,8,15,A01
201900054335,3,31,,0,2,1,17,B01
201900054336,2,7,,0,2,1,2,A01
201900054336,2,7,,0,0,4,1,B01
201900054337,0,33,,0,0,8,15,A01
201900054338,3,7,,2,0,1,1,A01
201900054339,2,7,,0,2,1,15,A01
201900054339,0,2,,0,2,7,1,B01
201900054340,1,7,,6,0,1,13,A01
201900054341,1,7,,0,2,8,1,B01
201900054341,2,7,,0,2,8,13,A01
201900054342,2,17,,0,2,5,2,B01
201900054342,2,7,,0,2,1,2,A01
201900054343,1,7,,0,9,2,1,C01
201900054343,1,10,,0,2,1,1,B01
201900054343,2,15,,3,2,1,6,A01
201900054344,0,2,,0,0,0,0,A01
201900054344,3,7,,0,2,1,0,B01
201900054345,1,7,,0,2,1,1,C01
201900054345,1,7,,0,2,1,1,B01
201900054345,2,37,1.0,0,2,3,1,A01
201900054346,0,31,,16,0,1,1,A01
201900054347,0,7,,0,1,2,19,A01
201900054347,0,1,,0,2,8,1,B01
201900054348,1,31,,12,2,5,1,B01
201900054348,1,7,,0,0,3,15,A01
201900054349,1,7,,0,0,4,15,A01
201900054349,1,7,,0,2,1,1,C01
201900054350,0,7,,0,0,1,1,A01
201900054351,2,7,,0,2,1,5,B01
201900054351,1,7,,3,2,2,13,A01
201900054352,1,7,,4,0,3,1,A01
201900054353,1,7,,0,2,0,2,A01
201900054353,1,2,,0,0,8,2,B01
201900054354,3,7,,13,2,1,1,B01
201900054354,2,7,,0,2,1,19,A01
201900054355,3,7,,0,2,8,19,B01
201900054355,3,33,,0,2,1,17,A01
201900054356,3,2,,0,2,1,1,B01
201900054356,3,7,,0,2,8,10,A01
201900054357,1,7,,0,2,1,5,A01
201900054357,2,15,,0,2,1,1,B01
201900054358,2,7,,0,2,2,14,B01
201900054358,2,15,,0,2,6,1,A01
201900054359,1,7,,3,0,1,19,A01
201900054360,2,7,,0,2,1,2,B01
201900054360,2,7,,0,2,4,1,A01
201900054361,2,7,,3,0,1,1,A01
201900054362,2,7,,3,0,0,13,A01
201900054363,2,7,,4,2,7,14,A01
201900054363,2,38,1.0,0,2,8,1,B01
201900054364,3,15,,0,2,3,26,B01
201900054364,3,7,,0,2,3,13,A01
201900054365,1,34,,4,0,2,14,A01
201900054366,2,33,,0,2,7,1,B01
201900054366,2,7,,0,2,5,12,A01
201900054367,0,7,,0,2,1,1,A01
201900054367,0,7,,0,2,4,23,B01
201900054367,0,7,,0,2,4,23,C01
201900054368,0,7,,0,2,2,10,A01
201900054368,0,2,,0,2,1,1,B01
201900054369,0,10,,0,2,6,1,B01
201900054369,0,17,,0,2,2,1,A01
201900054370,2,7,,2,0,1,1,A01
201900054371,2,7,,0,2,7,1,B01
201900054371,1,7,,0,2,1,19,A01
201900054372,1,1,,0,2,1,2,A01
201900054372,1,7,,0,2,4,2,B01
201900054373,3,7,,6,0,1,15,A01
201900054374,1,2,,6,0,0,1,A01
201900054375,3,7,,0,1,1,15,A01
201900054375,3,7,,0,2,1,1,A01
201900054376,2,7,,9,0,2,1,A01
201900054377,2,2,,0,2,1,1,A01
201900054377,2,7,,0,2,6,16,B01
201900054378,2,7,,0,2,3,13,A01
201900054378,1,17,,6,2,1,1,B01
201900054379,1,7,,0,2,1,13,A01
201900054379,2,7,,0,2,1,1,B01
201900054380,1,33,,6,0,1,14,A01
201900054381,2,80,,0,0,0,12,B01
201900054381,2,10,,0,0,0,1,A01
201900054382,2,7,,0,2,1,9,A01
201900054382,2,2,,0,2,7,0,B01
201900054383,0,7,,0,2,3,9,A01
201900054383,0,7,,0,2,7,1,B01
201900054384,1,7,,0,1,3,1,A01
201900054385,2,31,,0,2,1,21,B01
201900054385,2,7,,0,6,3,13,A01
201900054386,3,7,,9,0,2,26,A01
201900054387,1,7,,0,2,3,1,B01
201900054387,2,7,,0,2,2,1,A01
201900054388,1,7,,8,2,1,1,A01
201900054388,2,7,,0,2,3,15,B01
201900054389,2,33,,0,2,4,17,A01
201900054389,2,7,,0,2,6,1,B01
201900054389,1,13,,0,2,1,1,C01
201900054390,1,7,,13,0,1,1,A01
201900054391,2,1,,0,2,3,16,A01
201900054391,2,7,,0,2,2,1,B01
201900054392,2,7,,0,2,3,13,A01
201900054392,1,7,,0,2,3,1,B01
201900054393,1,7,,0,2,5,15,A01
201900054393,2,31,,0,2,3,1,B01
201900054394,2,33,,0,0,3,2,B01
201900054394,1,33,,13,2,3,2,A01
201900054395,1,7,,0,1,2,1,A01
201900054396,1,10,,0,2,1,21,B01
201900054396,2,7,,0,2,2,13,A01
201900054397,2,31,,0,0,0,1,A01
201900054398,2,15,,10,0,3,1,A01
201900054399,2,7,,0,2,3,1,A01
201900054399,2,7,,0,2,2,17,B01
201900054400,1,7,,0,2,2,15,A01
201900054400,2,7,,0,2,1,1,B01
201900054400,1,7,,0,2,4,23,C01
201900054401,2,31,,0,2,3,1,A01
201900054401,1,10,,0,2,3,1,B01
201900054402,2,7,,13,0,9,1,A01
201900054403,1,7,,2,0,3,1,A01
201900054404,2,7,,0,2,2,1,B01
201900054404,2,2,,14,2,5,15,A01
201900054405,2,2,,6,0,0,1,A01
201900054406,1,7,,0,2,1,1,A01
201900054406,2,7,,0,2,1,15,B01
201900054407,1,33,,0,0,2,1,A01
201900054408,2,7,,2,0,7,14,A01
201900054409,2,7,,0,1,1,1,A01
201900054410,0,33,,0,2,3,1,B01
201900054410,0,7,,0,2,5,9,A01
201900054411,3,7,,0,2,3,15,A01
201900054411,1,2,,0,2,1,1,B01
201900054412,2,7,,0,2,2,1,B01
201900054412,1,7,,0,2,3,9,A01
201900054413,1,7,,0,2,3,1,B01
201900054413,2,7,,0,2,3,1,A01
201900054414,0,7,,0,2,3,1,B01
201900054414,0,7,,0,2,3,13,A01
201900054415,1,33,,2,0,2,1,A01
201900054416,3,7,,8,0,0,1,A01
201900054417,1,33,,0,0,0,1,A01
201900054418,3,33,,2,0,1,1,A01
201900054419,1,2,,12,0,7,14,A01
201900054420,2,7,,0,0,4,23,B01
201900054420,2,1,,0,2,1,2,A01
201900054421,2,7,,0,2,1,13,A01
201900054421,1,10,,0,2,3,1,B01
201900054422,1,7,,0,2,1,1,B01
201900054422,1,7,,0,2,2,19,A01
201900054423,1,7,,0,1,1,16,A01
201900054424,3,7,,6,0,8,1,A01
201900054425,2,7,,0,2,3,15,A01
201900054425,2,33,,0,2,1,17,B01
201900054425,2,33,,0,2,1,17,C01
201900054425,2,33,,0,2,1,17,D01
201900054425,2,33,,0,2,1,17,E01
201900054426,1,7,,0,2,1,1,B01
201900054426,2,7,,0,2,1,13,A01
201900054427,3,33,,0,0,7,1,A01
201900054428,1,7,,0,2,3,15,A01
201900054428,2,33,,0,2,1,1,B01
201900054429,1,7,,2,0,2,1,A01
201900054430,1,33,,0,2,1,1,A01
201900054430,1,7,,0,2,2,15,B01
201900054431,1,7,,13,0,0,1,A01
201900054432,0,15,,0,2,3,1,B01
201900054432,0,7,,0,2,3,13,A01
201900054433,1,34,,3,0,1,14,A01
201900054434,1,1,,1,0,1,1,B01
201900054434,1,7,,0,2,6,24,A01
201900054435,1,31,,0,2,1,17,B01
201900054435,1,7,,0,2,3,1,A01
201900054436,1,7,,0,2,2,19,A01
201900054436,1,30,,0,2,1,1,B01
201900054437,1,7,,0,2,6,15,A01
201900054437,2,2,,0,2,1,17,B01
201900054438,2,7,,0,2,4,2,B01
201900054438,2,7,,0,2,1,2,A01
201900054439,2,33,,0,2,1,1,B01
201900054439,1,7,,0,2,3,15,A01
201900054440,2,15,,0,2,1,1,B01
201900054440,1,7,,0,2,1,13,A01
201900054441,1,33,,0,2,1,1,A01
201900054441,2,13,,0,2,3,1,B01
201900054441,1,31,,0,0,7,1,C01
201900054442,2,7,,0,2,3,1,B01
201900054442,1,7,,0,2,2,17,A01
201900054443,1,7,,2,0,1,1,A01
201900054444,3,7,,2,0,9,1,A01
201900054445,2,7,,2,0,1,1,A01
201900054446,3,7,,0,0,1,0,A01
201900054447,1,33,,0,0,8,0,A01
201900054448,3,7,,0,1,7,1,A01
201900054449,1,7,,0,0,1,1,B01
201900054449,2,7,,0,0,1,1,A01
201900054450,2,7,,2,0,9,26,A01
201900054451,1,33,,0,0,7,1,A01
201900054452,2,7,,0,2,2,17,A01
201900054452,2,1,,0,2,3,15,B01
201900054453,2,7,,0,0,9,1,A01
201900054454,2,7,,7,2,1,1,B01
201900054454,3,7,,8,0,7,19,A01
201900054455,1,31,,0,0,7,1,A01
201900054456,2,33,,13,0,7,14,A01
201900054457,2,33,,0,0,8,1,A01
201900054458,1,7,,0,2,1,1,B01
201900054458,2,10,,0,2,2,17,A01
201900054458,1,7,,0,2,6,1,C01
201900054459,2,7,,0,2,3,1,C01
201900054459,2,7,,0,2,3,1,B01
201900054459,1,7,,0,2,3,13,A01
201900054460,1,7,,12,0,8,1,A01
201900054461,3,21,,0,2,3,1,B01
201900054461,3,13,,0,2,3,1,A01
201900054462,1,1,,0,0,4,1,A01
201900054462,1,7,,0,2,3,2,B01
201900054463,2,31,,3,0,4,1,A01
201900054464,2,7,,2,0,1,2,A01
201900054465,1,7,,0,1,2,1,A01
201900054466,1,30,,0,2,1,1,A01
201900054466,1,7,,0,0,5,1,B01
201900054467,0,1,,0,2,1,19,B01
201900054467,0,7,,0,2,3,26,A01
201900054468,2,10,,0,0,8,19,A01
201900054468,1,7,,0,2,1,1,B01
201900054469,1,7,,15,9,1,1,A01
201900054470,1,33,,0,0,8,1,A01
201900054471,2,7,,0,2,3,17,A01
201900054471,2,7,,0,0,8,15,A01
201900054472,1,7,,0,2,2,1,C01
201900054472,1,7,,0,0,8,1,B01
201900054472,2,7,,0,2,3,5,A01
201900054473,1,7,,13,0,1,1,A01
201900054474,1,33,,0,2,2,17,B01
201900054474,1,7,,0,2,6,17,A01
201900054475,3,34,,12,0,1,14,A01
201900054476,1,7,,15,0,1,1,A01
201900054477,2,7,,5,6,1,0,A01
201900054478,1,7,,0,2,3,14,B01
201900054478,2,7,,0,2,6,13,A01
201900054479,1,7,,0,2,3,13,A01
201900054479,2,7,,0,2,3,1,B01
201900054480,1,17,,0,2,1,1,B01
201900054480,3,7,,0,2,7,19,A01
201900054481,1,7,,0,2,7,23,B01
201900054481,1,2,,0,2,1,1,A01
201900054482,2,10,,0,2,1,1,B01
201900054482,1,2,,0,2,1,13,A01
201900054483,1,13,,0,2,1,1,B01
201900054483,3,1,,0,2,3,19,A01
201900054484,1,2,,0,0,7,1,A01
201900054485,3,10,,0,1,4,4,A01
201900054486,2,7,,0,1,2,1,A01
201900054487,3,7,,13,0,1,1,A01
201900054488,2,7,,8,0,8,14,A01
201900054489,2,7,,2,0,3,1,A01
201900054490,1,7,,7,2,9,1,A01
201900054490,2,7,,0,2,7,1,B01
201900054490,2,7,,0,0,0,1,C01
201900054491,1,10,,0,2,3,1,A01
201900054491,2,7,,0,2,3,1,B01
201900054492,2,7,,13,0,2,0,A01
201900054493,2,7,,0,2,3,17,A01
201900054493,2,7,,0,2,2,17,B01
201900054494,1,14,,0,2,1,1,B01
201900054494,2,7,,0,2,1,17,A01
201900054495,2,7,,16,0,1,1,A01
201900054496,2,7,,13,0,7,1,A01
201900054497,2,33,,0,0,3,0,A01
201900054498,3,7,,0,1,3,15,A01
201900054499,1,7,,0,0,6,2,B01
201900054499,1,2,,0,2,1,2,A01
201900054500,2,7,,16,0,9,21,A01
201900054501,1,7,,6,2,2,1,A01
201900054501,0,7,,6,2,1,19,B01
201900054502,2,7,,16,0,0,0,A01
201900054503,1,7,,0,2,3,13,A01
201900054503,2,7,,0,2,1,2,B01
201900054504,1,33,,4,0,8,1,A01
201900054505,1,7,,0,0,4,1,B01
201900054505,1,14,,0,2,1,1,A01
201900054506,0,7,,6,0,1,14,A01
201900054507,1,7,,0,1,2,1,A01
201900054508,3,7,,0,2,3,1,B01
201900054508,0,10,,13,2,6,6,A01
201900054509,1,7,,0,0,2,1,A01
201900054509,1,33,,0,2,1,1,B01
201900054510,2,10,,0,2,5,15,A01
201900054510,1,34,,0,2,9,1,B01
201900054511,3,1,,0,2,1,5,B01
201900054511,3,7,,0,9,5,5,A01
201900054512,1,7,,2,0,3,1,A01
201900054513,3,7,,0,2,2,11,B01
201900054513,3,7,,0,2,3,1,A01
201900054514,2,7,,13,0,2,1,A01
201900054515,2,7,,8,0,3,13,A01
201900054516,2,33,,16,0,2,2,A01
201900054517,2,14,,0,2,3,1,B01
201900054517,1,2,,0,2,1,17,A01
201900054518,1,7,,0,2,3,0,B01
201900054518,2,7,,0,2,3,0,A01
201900054519,3,33,,0,0,0,1,A01
201900054520,2,10,,0,2,2,15,A01
201900054520,1,7,,0,2,3,2,B01
201900054521,1,10,,0,2,1,1,B01
201900054521,2,7,,0,2,1,5,A01
201900054522,2,33,,13,0,2,1,A01
201900054523,1,7,,0,0,1,1,B01
201900054523,1,7,,0,0,3,13,A01
201900054524,3,1,,0,2,1,1,B01
201900054524,3,7,,0,2,6,15,A01
201900054525,1,7,,8,0,1,1,A01
201900054526,0,7,,0,1,3,1,A01
201900054527,2,7,,16,0,1,1,A01
201900054528,2,7,,0,2,1,1,C01
201900054528,2,15,,0,2,6,1,B01
201900054528,1,7,,0,2,3,13,A01
201900054529,2,7,,0,2,7,16,B01
201900054529,2,10,,0,2,3,1,A01
201900054530,2,17,,0,2,1,2,A01
201900054530,2,10,,0,0,4,15,B01
201900054531,1,7,,13,0,9,0,A01
201900054532,1,7,,0,2,1,13,A01
201900054532,2,7,,0,2,1,1,B01
201900054533,2,21,,0,2,6,9,B01
201900054533,1,2,,0,2,2,1,A01
201900054534,1,15,,0,2,1,1,B01
201900054534,2,14,,0,2,1,1,A01
201900054535,1,7,,0,2,3,1,A01
201900054535,2,99,,0,2,3,1,B01
201900054536,3,2,,0,2,1,17,B01
201900054536,3,7,,0,2,3,1,A01
201900054537,2,7,,0,2,1,1,B01
201900054537,1,7,,0,2,1,13,A01
201900054538,3,33,,0,1,2,1,A01
201900054539,2,7,,0,1,1,1,A01
201900054540,3,33,,15,0,1,2,A01
201900054541,1,7,,13,0,9,1,A01
201900054542,2,7,,3,2,3,1,C01
201900054542,1,7,,3,2,1,1,A01
201900054542,2,7,,3,2,3,1,B01
201900054543,1,7,,0,2,1,1,B01
201900054543,1,7,,0,2,2,15,A01
201900054544,1,7,,0,2,1,1,B01
201900054544,1,7,,0,2,3,19,A01
201900054545,2,13,,0,0,6,1,B01
201900054545,2,7,,0,2,1,17,A01
201900054546,1,10,,0,2,2,1,B01
201900054546,1,7,,0,2,8,13,A01
201900054547,0,33,,0,2,1,1,B01
201900054547,0,7,,0,2,6,15,A01
201900054548,1,17,,0,0,0,1,D01
201900054548,1,7,,14,0,4,1,C01
201900054548,1,7,,14,0,1,0,B01
201900054548,1,7,,0,0,4,2,A01
201900054549,3,2,,0,6,3,1,A01
201900054550,2,7,,3,0,3,14,A01
201900054551,2,15,,0,1,5,21,A01
201900054552,2,7,,3,0,4,2,B01
201900054552,2,7,,0,2,1,2,A01
201900054553,1,7,,4,0,7,1,A01
201900054554,1,7,,0,0,0,15,A01
201900054554,1,2,,0,0,0,21,B01
201900054555,1,7,,11,0,1,1,A01
201900054556,2,7,,0,0,4,2,B01
201900054556,2,7,,0,2,1,2,A01
201900054557,2,7,,3,0,1,17,A01
201900054558,1,7,,0,2,1,1,A01
201900054558,1,7,,0,2,6,1,B01
201900054559,3,7,,0,2,1,5,B01
201900054559,3,7,,0,2,1,1,A01
201900054560,2,7,,1,0,2,14,A01
201900054561,2,7,,3,0,4,2,B01
201900054561,2,7,,3,2,1,2,A01
201900054562,1,7,,13,0,0,2,A01
201900054563,1,7,,13,0,1,21,A01
201900054564,2,7,,2,0,9,14,A01
201900054565,2,7,,0,2,1,21,B01
201900054565,2,7,,0,0,8,10,A01
201900054566,1,7,,3,0,1,16,A01
201900054567,1,7,,3,0,1,1,A01
201900054568,1,7,,0,0,3,3,H01
201900054568,1,7,,4,0,2,1,G01
201900054568,1,7,,4,0,2,1,F01
201900054568,1,7,,0,2,0,1,E01
201900054568,1,7,,0,2,1,1,D01
201900054568,1,7,,0,2,0,1,C01
201900054568,1,7,,0,2,1,0,B01
201900054568,1,7,,0,2,1,21,A01
201900054569,1,10,,0,2,3,2,A01
201900054569,1,7,,0,2,5,15,B01
201900054569,2,7,,0,2,1,1,C01
201900054570,3,7,,1,1,1,1,A01
201900054571,1,33,,0,2,1,13,B01
201900054571,1,7,,0,2,6,16,A01