Num_Acc,senc,catv,occutc,obs,obsm,choc,manv,num_veh
201900054572,2,7,,13,0,1,14,A01
201900054573,1,33,,13,0,3,1,A01
201900054574,3,7,,4,0,1,0,A01
201900054575,3,1,,0,2,1,1,B01
201900054575,3,7,,0,9,8,9,A01
201900054576,2,17,,0,1,1,1,A01
201900054577,1,38,1.0,0,0,6,15,B01
201900054577,1,33,,15,2,9,17,A01
201900054578,2,1,,0,2,8,1,B01
201900054578,1,7,,0,2,1,15,A01
201900054579,1,17,,0,0,8,0,B01
201900054579,1,7,,4,2,1,26,A01
201900054580,1,7,,4,1,1,1,A01
201900054580,1,7,,0,0,0,0,B01
201900054580,1,7,,0,2,1,21,C01
201900054581,1,7,,0,2,8,2,C01
201900054581,1,7,,0,0,4,2,B01
201900054581,1,33,,0,2,1,3,A01
201900054582,3,2,,0,0,2,0,A01
201900054583,1,2,,0,2,1,2,A01
201900054583,1,7,,0,0,4,2,B01
201900054584,0,1,,0,2,3,19,B01
201900054584,0,7,,0,9,2,1,A01
201900054585,3,7,,0,2,1,1,B01
201900054585,3,33,,0,0,4,1,A01
201900054586,1,10,,0,2,7,9,A01
201900054586,1,31,,0,2,1,1,B01
201900054587,0,33,,3,0,0,1,A01
201900054588,0,2,,0,0,8,1,A01
201900054589,0,7,,6,0,1,1,A01
201900054590,2,33,,0,2,8,17,A01
201900054590,1,10,,0,2,8,1,B01
201900054591,1,7,,0,1,1,1,A01
201900054592,2,7,,16,2,2,1,B01
201900054592,1,7,,0,2,3,13,A01
201900054593,2,2,,0,2,3,1,B01
201900054593,1,7,,0,2,3,26,A01
201900054594,1,30,,0,0,7,1,A01
201900054595,3,7,,0,2,1,2,A01
201900054595,3,7,,0,2,4,2,B01
201900054596,1,7,,0,2,1,2,B01
201900054596,1,7,,0,2,4,2,A01
201900054597,2,7,,0,2,9,1,A01
201900054597,1,7,,0,2,3,1,B01
201900054597,2,7,,0,2,3,1,C01
201900054598,1,7,,0,2,2,1,A01
201900054599,1,33,,1,0,2,1,A01
201900054600,1,7,,0,2,7,1,C01
201900054600,1,7,,0,2,3,1,B01
201900054600,2,7,,0,2,8,1,A01
201900054601,2,7,,0,2,4,2,A01
201900054601,2,7,,0,2,4,2,B01
201900054601,2,7,,0,2,1,2,C01
201900054602,1,7,,0,0,0,0,A01
201900054602,1,2,,0,0,0,1,B01
201900054603,1,7,,8,0,2,1,A01
201900054604,0,32,,0,1,1,1,Z01
201900054605,3,39,,0,2,1,1,B01
201900054605,3,1,,0,4,7,26,A01
201900054606,2,7,,0,2,3,9,A01
201900054606,3,31,,0,2,2,15,B01
201900054607,3,7,,0,1,1,1,A01
201900054608,2,7,,0,1,1,1,A01
201900054609,2,7,,0,2,1,1,C01
201900054609,1,33,,0,2,1,1,B01
201900054609,1,7,,0,2,3,15,A01
201900054610,1,7,,0,2,0,15,Z01
201900054610,1,33,,0,2,6,9,B01
201900054611,1,7,,0,2,6,23,B01
201900054611,1,7,,0,2,3,1,A01
201900054612,1,2,,0,2,7,14,A01
201900054612,1,10,,0,2,8,1,B01
201900054613,2,7,,0,1,1,15,A01
201900054614,1,16,,0,2,1,2,C01
201900054614,1,10,,0,2,4,2,B01
201900054614,1,7,,0,2,1,2,A01
201900054615,1,32,,0,2,3,3,B01
201900054615,1,10,,0,2,2,12,A01
201900054616,2,33,,0,2,6,11,A01
201900054616,2,32,,0,2,2,1,B01
201900054617,2,33,,0,2,1,3,A01
201900054617,2,13,,0,2,4,1,B01
201900054617,2,7,,0,2,2,1,C01
201900054618,1,7,,0,2,5,10,A01
201900054618,2,33,,0,2,8,1,B01
201900054619,2,43,,0,2,1,1,B01
201900054619,1,7,,0,2,5,15,A01
201900054620,1,7,,0,1,1,1,Z01
201900054621,2,7,,0,1,3,1,A01
201900054622,1,32,,0,2,1,1,B01
201900054622,2,7,,0,2,7,9,A01
201900054623,2,7,,0,2,3,15,A01
201900054623,2,31,,0,2,2,17,B01
201900054624,2,30,,0,2,1,1,B01
201900054624,1,7,,0,2,2,15,A01
201900054625,2,1,,1,0,1,14,A01
201900054626,1,7,,0,2,7,22,A01
201900054626,1,33,,0,2,7,18,B01
201900054627,1,2,,0,2,1,2,A01
201900054627,1,7,,0,2,4,2,B01
201900054628,2,1,,0,2,8,1,B01
201900054628,1,7,,0,2,3,15,A01
201900054629,2,7,,0,2,3,15,B01
201900054629,1,10,,0,2,0,23,C01
201900054629,1,33,,0,2,1,17,A01
201900054630,1,31,,0,2,1,17,B01
201900054630,1,7,,0,2,3,9,A01
201900054631,1,7,,0,2,3,15,A01
201900054631,2,32,,0,2,1,1,B01
201900054632,2,30,,0,1,1,1,Z01
201900054633,2,7,,0,1,1,15,A01
201900054634,1,1,,0,2,8,19,B01
201900054634,1,7,,0,2,3,1,A01
201900054635,2,32,,0,2,0,15,A01
201900054635,1,30,,0,2,1,1,B01
201900054636,2,31,,0,1,1,17,A01
201900054637,2,7,,0,2,5,15,B01
201900054637,1,30,,0,2,1,1,A01
201900054638,1,43,,0,2,1,3,B01
201900054638,1,7,,0,2,2,11,A01
201900054639,2,50,,0,0,0,1,A01
201900054640,1,7,,0,2,6,1,B01
201900054640,1,7,,0,2,2,1,A01
201900054641,1,7,,0,1,3,1,A01
201900054642,1,7,,0,2,1,19,B01
201900054642,1,33,,0,2,2,19,A01
201900054643,2,99,,0,1,1,26,A01
201900054644,0,37,15.0,0,2,1,1,B01
201900054644,3,37,9.0,0,2,1,1,A01
201900054645,2,10,,0,1,4,20,A01
201900054646,1,7,,0,1,3,1,A01
201900054647,1,7,,0,2,5,1,A01
201900054647,1,34,,0,2,1,1,B01
201900054648,1,7,,0,1,1,16,B01
201900054648,1,1,,0,1,4,16,A01
201900054649,1,10,,0,2,1,1,A01
201900054649,1,7,,0,2,7,15,B01
201900054650,1,7,,12,0,3,1,A01
201900054651,2,7,,0,1,3,1,A01
201900054652,0,7,,0,2,4,1,A01
201900054652,0,7,,0,2,1,1,B01
201900054653,0,33,,0,2,1,26,A01
201900054653,3,10,,0,2,1,0,B01
201900054654,2,33,,0,0,8,26,A01
201900054655,1,7,,0,9,1,19,A01
201900054655,1,1,,0,2,1,1,B01
201900054656,3,33,,2,0,1,1,A01
201900054657,2,15,,0,1,2,15,A01
201900054658,1,7,,11,0,1,1,A01
201900054659,1,7,,0,1,2,16,A01
201900054660,2,17,,0,2,3,1,B01
201900054660,1,7,,0,2,9,13,A01
201900054661,0,33,,6,0,1,1,A01
201900054662,2,7,,0,2,1,17,A01
201900054662,1,7,,0,2,1,1,B01
201900054663,1,14,,0,1,1,1,A01
201900054664,0,7,,0,1,3,0,A01
201900054665,2,7,,0,6,1,1,A01
201900054666,1,7,,0,9,1,17,A01
201900054667,2,7,,0,2,2,13,A01
201900054667,1,7,,0,2,3,1,B01
201900054668,1,7,,0,2,3,15,B01
201900054668,2,2,,0,2,1,1,A01
201900054669,0,7,,8,0,2,1,A01
201900054670,1,7,,10,0,1,1,A01
201900054671,2,7,,0,2,3,1,B01
201900054671,1,7,,0,2,2,13,A01
201900054672,1,10,,0,0,4,23,A01
201900054672,1,7,,0,2,4,23,B01
201900054672,1,7,,0,2,4,23,C01
201900054672,1,7,,0,2,1,2,D01
201900054673,1,0,,0,1,2,1,A01
201900054674,1,1,,0,2,8,2,B01
201900054674,1,7,,0,9,2,2,A01
201900054675,1,7,,0,2,3,1,B01
201900054675,2,10,,0,2,3,1,A01
201900054676,1,2,,0,0,0,1,A01
201900054677,3,2,,0,0,0,1,A01
201900054678,1,7,,0,0,3,1,B01
201900054678,2,7,,0,2,1,13,A01
201900054679,2,7,,2,0,2,0,A01
201900054680,2,7,,0,2,1,1,B01
201900054680,2,2,,0,2,7,12,A01
201900054681,0,7,,13,0,1,1,A01
201900054682,2,7,,13,0,2,1,A01
201900054683,1,37,1.0,0,0,8,1,B01
201900054683,1,7,,0,2,1,19,A01
201900054684,1,33,,0,2,1,1,B01
201900054684,2,7,,0,2,3,13,A01
201900054685,2,7,,0,2,1,1,B01
201900054685,1,7,,0,2,1,5,A01
201900054686,0,7,,13,0,0,13,A01
201900054687,1,7,,0,2,3,5,B01
201900054687,2,2,,0,2,3,5,A01
201900054688,3,7,,0,1,2,26,A01
201900054689,1,7,,0,1,1,1,A01
201900054690,2,17,,0,2,2,17,B01
201900054690,2,7,,0,0,4,1,A01
201900054691,1,7,,3,0,1,26,A01
201900054692,1,7,,3,0,1,14,A01
201900054693,1,7,,5,0,7,1,A01
201900054694,1,37,1.0,6,0,1,1,A01
201900054695,2,7,,0,0,0,1,A01
201900054696,1,7,,0,2,1,1,B01
201900054696,2,7,,0,2,1,13,A01
201900054697,1,31,,0,0,0,1,A01
201900054698,2,7,,0,2,1,1,B01
201900054698,1,33,,0,2,1,1,A01
201900054699,0,7,,0,0,1,21,A01
201900054700,3,7,,15,1,2,14,A01
201900054701,1,7,,0,1,3,1,A01
201900054702,1,7,,0,2,3,1,A01
201900054702,2,7,,0,2,3,13,B01
201900054703,0,7,,8,0,7,1,A01
201900054704,2,7,,0,2,1,5,B01
201900054704,1,7,,0,2,1,26,A01
201900054705,2,10,,0,2,4,1,B01
201900054705,2,10,,0,2,1,2,A01
201900054706,2,7,,0,2,1,2,C01
201900054706,2,7,,0,2,4,2,B01
201900054706,2,7,,0,2,4,1,A01
201900054707,2,14,,0,2,2,12,B01
201900054707,2,7,,0,2,8,1,A01
201900054708,2,7,,0,2,7,12,B01
201900054708,2,33,,0,2,1,3,A01
201900054709,1,7,,0,2,4,2,B01
201900054709,1,7,,0,2,1,2,A01
201900054710,2,7,,0,2,6,0,B01
201900054710,2,7,,0,2,1,2,A01
201900054711,2,7,,0,2,4,2,B01
201900054711,2,10,,0,2,1,2,A01
201900054712,1,7,,1,0,1,2,B01
201900054712,1,7,,0,2,4,23,A01
201900054713,1,7,,0,2,5,1,A01
201900054713,1,15,,0,2,3,13,B01
201900054714,2,7,,0,2,1,2,A01
201900054714,2,7,,0,2,5,2,B01
201900054715,1,15,,0,2,0,14,A01
201900054715,1,10,,0,9,2,1,B01
201900054715,1,34,,0,9,1,1,C01
201900054716,1,7,,0,1,3,1,A01
201900054717,2,2,,0,0,9,0,A01
201900054718,1,33,,0,2,3,3,B01
201900054718,1,7,,0,2,2,12,A01
201900054719,1,43,,0,2,7,1,B01
201900054719,1,7,,0,2,8,11,A01
201900054720,2,7,,0,2,1,2,A01
201900054720,2,7,,0,2,4,2,B01
201900054721,1,7,,0,1,1,7,A01
201900054722,1,33,,0,1,8,1,A01
201900054723,1,7,,0,2,3,22,Z01
201900054723,1,50,,0,2,1,1,A01
201900054724,1,7,,0,2,0,23,B01
201900054724,1,1,,0,2,8,17,A01
201900054725,1,43,,9,0,0,13,A01
201900054726,2,7,,0,1,1,15,A01
201900054727,2,7,,0,2,2,17,Z01
201900054727,2,1,,0,2,8,1,A01
201900054728,2,7,,0,1,0,16,Z01
201900054729,2,80,,0,2,1,1,B01
201900054729,1,7,,0,2,1,15,A01
201900054730,2,50,,0,0,0,26,Y01
201900054731,1,10,,0,1,3,15,A01
201900054732,2,7,,0,1,0,15,Z01
201900054733,2,7,,0,2,7,1,B01
201900054733,3,15,,1,0,0,24,C01
201900054733,3,7,,0,2,1,9,A01
201900054734,1,7,,0,2,3,15,A01
201900054734,1,33,,0,2,1,1,B01
201900054735,1,33,,0,2,1,0,B01
201900054735,2,31,,0,2,3,9,A01
201900054736,1,7,,0,2,4,2,C01
201900054736,1,7,,0,2,9,2,B01
201900054736,1,7,,0,2,1,2,A01
201900054737,1,10,,0,2,8,15,B01
201900054737,1,31,,0,2,2,17,A01
201900054738,2,7,,0,2,3,15,A01
201900054738,2,30,,0,2,1,13,B01
201900054739,1,7,,0,1,2,15,A01
201900054740,2,32,,0,2,1,2,A01
201900054740,1,32,,0,2,1,0,Z01
201900054741,2,7,,0,1,3,15,A01
201900054742,2,32,,0,1,8,2,A01
201900054743,3,7,,0,1,2,1,A01
201900054744,1,7,,0,1,1,1,A01
201900054745,1,10,,0,2,2,2,A01
201900054745,1,21,,0,0,6,1,B01
201900054746,2,7,,0,2,3,15,A01
201900054746,1,7,,0,2,1,1,B01
201900054747,3,7,,0,1,1,1,A01
201900054748,1,7,,0,1,1,9,A01
201900054749,2,2,,0,0,7,1,A01
201900054750,1,7,,0,2,3,1,B01
201900054750,2,33,,0,2,3,5,A01
201900054751,0,7,,8,2,3,1,B01
201900054751,0,7,,0,2,2,9,A01
201900054752,1,7,,0,0,4,23,A01
201900054752,1,7,,1,0,1,0,B01
201900054752,1,7,,0,2,1,2,C01
201900054752,1,7,,0,2,1,2,D01
201900054753,2,7,,4,0,1,1,A01
201900054754,3,7,,6,0,2,0,A01
201900054755,1,2,,0,2,1,1,C01
201900054755,1,7,,0,2,6,1,B01
201900054755,2,7,,0,2,1,13,A01
201900054756,2,7,,0,2,3,1,A01
201900054756,1,17,,0,2,3,1,B01
201900054756,2,7,,0,2,8,1,C01
201900054757,2,15,,6,0,1,13,A01
201900054758,2,31,,0,2,3,1,B01
201900054758,1,7,,0,2,3,1,A01
201900054759,1,7,,2,0,7,1,A01
201900054760,1,7,,0,1,2,1,A01
201900054761,3,33,,0,2,5,17,A01
201900054761,0,7,,0,2,8,15,B01
201900054762,1,7,,6,0,2,14,A01
201900054763,1,7,,0,2,3,0,B01
201900054763,2,2,,0,2,8,1,A01
201900054764,2,7,,0,2,7,15,A01
201900054764,1,7,,0,2,1,1,B01
201900054765,1,7,,8,0,1,6,A01
201900054766,2,7,,0,2,1,1,A01
201900054766,2,1,,0,0,4,1,B01
201900054767,1,7,,0,0,1,1,A01
201900054768,1,7,,7,2,7,19,A01
201900054768,2,7,,0,2,1,1,B01
201900054769,0,33,,13,0,8,1,A01
201900054770,2,15,,0,2,3,1,B01
201900054770,1,7,,0,2,1,13,A01
201900054771,1,7,,0,2,1,11,A01
201900054771,2,7,,0,2,1,1,B01
201900054772,3,7,,0,1,2,15,A01
201900054773,3,10,,0,1,2,1,A01
201900054774,2,7,,0,2,7,15,B01
201900054774,1,1,,0,2,1,1,A01
201900054775,1,7,,0,1,2,1,A01
201900054776,1,1,,0,2,1,2,B01
201900054776,2,7,,0,9,3,2,A01
201900054777,1,7,,8,0,2,1,A01
201900054778,2,7,,0,2,3,1,B01
201900054778,2,7,,0,2,1,1,C01
201900054778,1,7,,0,2,3,13,A01
201900054779,2,33,,11,0,1,1,A01
201900054780,2,7,,0,2,3,13,A01
201900054780,1,7,,0,2,3,1,B01
201900054781,3,7,,2,0,1,19,A01
201900054782,3,1,,0,2,3,19,A01
201900054782,1,7,,0,2,2,1,B01
201900054783,1,7,,8,2,8,2,B01
201900054783,2,10,,0,2,1,2,A01
201900054784,2,7,,3,0,2,1,A01
201900054785,3,7,,7,0,3,17,A01
201900054786,2,7,,2,0,1,1,A01
201900054787,1,7,,0,2,3,1,B01
201900054787,2,7,,0,2,3,1,A01
201900054788,3,7,,0,2,1,24,A01
201900054788,0,7,,1,0,1,1,B01
201900054789,3,2,,6,0,1,1,A01
201900054790,2,10,,17,0,1,1,A01
201900054791,2,7,,0,0,3,1,B01
201900054791,1,7,,0,2,3,13,A01
201900054792,3,2,,0,1,1,1,A01
201900054793,3,99,,0,2,1,1,C01
201900054793,3,31,,0,2,1,1,A01
201900054794,1,7,,0,0,0,1,B01
201900054795,2,7,,8,0,7,1,A01
201900054796,2,7,,0,1,2,1,A01
201900054797,1,7,,13,0,2,1,A01
201900054798,2,10,,3,0,3,0,A01
201900054799,1,7,,0,2,1,2,A01
201900054799,1,7,,0,0,4,2,B01
201900054800,1,15,,2,0,1,0,A01
201900054801,2,10,,0,2,1,2,A01
201900054801,2,7,,0,0,4,2,B01
201900054802,1,7,,0,2,8,2,B01
201900054802,1,17,,0,2,3,2,A01
201900054803,2,15,,0,2,5,2,B01
201900054803,2,7,,0,2,1,2,A01
201900054804,2,7,,5,0,1,1,A01
201900054804,2,7,,0,0,4,1,B01
201900054805,2,0,,0,0,0,0,A01
201900054806,1,2,,7,0,1,17,A01
201900054807,1,32,,0,2,1,1,B01
201900054807,2,7,,0,2,7,9,A01
201900054808,2,17,,0,2,1,2,A01
201900054808,2,17,,0,0,4,2,B01
201900054809,2,1,,0,0,4,2,B01
201900054809,2,7,,0,9,2,2,A01
201900054810,2,1,,0,2,1,1,B01
201900054810,1,7,,0,2,2,15,A01
201900054811,2,7,,0,2,6,1,B01
201900054811,2,2,,0,2,1,1,A01
201900054812,3,33,,0,9,1,2,A01
201900054812,3,1,,0,2,6,2,B01
201900054813,2,1,,0,2,5,26,B01
201900054813,2,37,1.0,0,2,1,21,A01
201900054814,2,7,,0,2,4,2,B01
201900054814,2,7,,0,2,1,2,A01
201900054815,3,7,,0,1,2,1,A01
201900054815,3,1,,0,2,3,19,B01
201900054816,2,7,,0,1,7,1,A01
201900054817,1,7,,8,0,1,14,A01
201900054818,1,2,,0,2,1,2,A01
201900054818,1,7,,0,0,4,23,B01
201900054819,1,2,,0,0,1,18,A01
201900054819,1,7,,0,2,4,16,B01
201900054820,1,7,,0,4,1,26,A01
201900054821,2,7,,0,2,8,17,B01
201900054821,2,1,,0,0,8,2,A01
201900054822,3,7,,2,0,2,1,A01
201900054823,2,7,,3,2,2,14,A01
201900054823,2,7,,0,2,3,1,B01
201900054824,2,7,,0,2,1,1,B01
201900054824,1,7,,0,2,7,13,A01
201900054825,2,7,,0,2,4,2,B01
201900054825,2,33,,0,2,4,2,A01
201900054826,3,7,,0,2,1,1,B01
201900054826,3,1,,0,2,8,26,A01
201900054827,3,10,,0,2,1,2,B01
201900054827,3,10,,3,2,1,13,A01
201900054828,2,7,,0,2,3,11,A01
201900054828,2,33,,0,2,1,3,B01
201900054829,2,7,,0,2,3,9,A01
201900054829,1,33,,0,2,2,12,B01
201900054830,1,7,,0,2,4,2,A01
201900054830,1,7,,0,2,4,2,C01
201900054830,1,7,,0,2,4,2,B01
201900054830,1,7,,0,2,1,2,D01
201900054831,3,7,,0,2,2,1,A01
201900054831,3,33,,0,2,2,9,B01
201900054832,2,30,,1,2,0,26,B01
201900054832,1,33,,0,2,0,0,A01
201900054833,1,33,,0,2,2,2,B01
201900054833,2,7,,0,2,6,9,A01
201900054834,1,31,,0,2,8,1,B01
201900054834,1,7,,0,2,7,14,A01
201900054835,1,7,,0,2,1,1,H01
201900054835,1,7,,0,2,4,1,G01
201900054835,1,7,,0,2,1,1,F01
201900054835,1,7,,0,2,4,1,E01
201900054835,1,7,,0,2,4,1,D01
201900054835,1,7,,0,2,4,1,C01
201900054835,1,15,,0,2,8,1,B01
201900054835,1,7,,0,2,1,1,A01
201900054836,1,7,,0,2,2,1,D01
201900054836,1,7,,0,1,1,24,C01
201900054836,1,7,,0,2,1,2,A01
201900054837,1,33,,0,2,8,1,A01
201900054837,2,7,,0,6,8,1,B01
201900054838,2,7,,0,2,4,2,B01
201900054838,2,34,,0,0,0,0,A01
201900054839,1,7,,0,2,4,2,B01
201900054839,1,33,,0,2,4,13,A01
201900054840,2,33,,8,0,1,14,A01
201900054841,1,7,,0,2,4,23,D01
201900054841,1,7,,0,2,4,2,C01
201900054841,1,7,,0,2,1,2,B01
201900054841,1,7,,0,2,1,2,A01
201900054842,1,99,,0,2,1,9,A01
201900054842,1,3,,8,0,4,2,B01
201900054843,2,7,,0,2,4,2,A01
201900054843,2,7,,0,2,1,2,B01
201900054843,2,7,,0,2,1,2,C01
201900054844,2,10,,8,1,1,1,A01
201900054845,1,7,,4,0,1,1,A01
201900054846,1,7,,0,1,1,1,A01
201900054847,3,7,,3,2,7,17,A01
201900054847,3,7,,0,2,8,1,B01
201900054848,1,14,,0,2,4,1,A01
201900054848,1,10,,0,2,7,1,B01
201900054848,1,14,,0,2,1,13,C01
201900054849,0,7,,0,2,6,24,W01
201900054849,3,30,,1,0,7,21,A01
201900054850,2,34,,0,2,1,0,A01
201900054850,2,32,,0,0,4,23,B01
201900054851,2,7,,0,2,8,1,A01
201900054851,2,7,,0,2,5,1,B01
201900054852,0,33,,0,1,1,19,A01
201900054853,2,7,,0,2,1,9,A01
201900054853,2,33,,0,2,8,1,B01
201900054854,2,17,,0,2,4,1,A01
201900054854,2,15,,0,2,1,1,C01
201900054854,2,7,,0,2,1,1,B01
201900054855,1,7,,12,1,2,1,A01
201900054856,2,7,,0,2,3,3,B01
201900054856,2,7,,0,2,5,12,A01
201900054857,1,31,,0,2,8,2,B01
201900054857,1,31,,0,2,7,2,A01
201900054858,2,7,,0,2,7,1,B01
201900054858,2,7,,0,2,8,11,A01
201900054859,0,32,,0,2,1,0,B01
201900054859,0,7,,0,2,3,0,A01
201900054860,1,7,,0,2,1,5,A01
201900054860,2,7,,0,2,1,1,C01
201900054860,2,7,,0,2,1,1,B01
201900054861,1,32,,0,2,8,1,B01
201900054861,1,7,,0,2,7,17,A01
201900054862,1,33,,0,2,1,17,A01
201900054862,2,7,,0,2,3,1,B01
201900054863,0,2,,0,2,1,0,A01
201900054863,0,7,,0,2,2,0,B01
201900054863,0,7,,0,2,0,0,C01
201900054864,2,7,,14,0,4,0,A01
201900054864,2,7,,0,2,4,2,B01
201900054864,2,7,,0,2,4,1,C01
201900054865,2,7,,0,1,3,13,A01
201900054866,3,30,,0,2,1,1,B01
201900054866,1,7,,0,2,3,19,A01
201900054867,3,32,,0,2,4,0,B01
201900054867,3,7,,0,2,4,23,A01
201900054868,1,30,,0,2,1,26,A01
201900054868,0,7,,0,2,0,0,B01
201900054869,3,7,,0,0,6,15,B01
201900054869,3,30,,0,2,1,17,A01
201900054870,1,32,,0,2,8,1,B01
201900054870,1,10,,0,2,1,1,A01
201900054871,1,7,,0,1,2,26,A01
201900054872,3,7,,0,2,1,9,A01
201900054872,3,32,,0,2,5,16,B01
201900054873,2,10,,0,2,6,15,B01
201900054873,2,3,,0,2,3,1,A01
201900054874,3,32,,0,2,3,26,A01
201900054874,3,7,,0,2,3,0,B01
201900054875,3,7,,0,1,8,26,A01
201900054876,1,7,,0,1,3,1,A01
201900054877,3,1,,0,2,8,26,A01
201900054877,3,7,,0,6,1,1,B01
201900054878,3,7,,0,1,1,19,A01
201900054879,3,7,,0,1,1,9,A01
201900054880,1,7,,0,2,6,11,B01
201900054880,1,33,,0,2,1,1,A01
201900054881,1,7,,0,2,4,12,B01
201900054881,1,33,,0,2,1,3,A01
201900054882,3,10,,0,2,1,2,A01
201900054882,3,10,,0,2,4,2,B01
201900054883,1,7,,4,0,1,13,A01
201900054884,1,30,,0,2,1,11,A01
201900054884,1,7,,0,2,1,1,B01
201900054885,2,7,,3,0,1,14,A01
201900054886,1,7,,0,1,1,1,A01
201900054887,2,32,,0,2,1,1,B01
201900054887,1,10,,0,2,3,15,A01
201900054888,3,7,,0,2,8,1,B01
201900054888,3,33,,0,2,1,15,A01
201900054889,2,7,,0,2,4,2,B01
201900054889,2,30,,0,2,1,2,A01
201900054890,1,33,,0,2,3,17,A01
201900054890,2,31,,0,2,3,15,B01
201900054891,2,7,,0,2,1,17,B01
201900054891,1,34,,1,0,2,17,A01
201900054892,2,2,,0,2,7,1,B01
201900054892,3,7,,0,2,2,26,A01
201900054893,2,7,,0,1,1,1,A01
201900054894,1,7,,0,2,1,1,B01
201900054894,2,7,,0,2,1,15,A01
201900054895,1,33,,0,0,8,1,A01
201900054896,1,33,,0,2,1,1,B01
201900054896,2,20,,0,2,1,15,A01
201900054897,1,7,,0,2,1,2,A01
201900054897,1,7,,0,4,6,2,C01
201900054897,1,7,,0,2,4,2,B01
201900054898,3,31,,1,2,2,1,A01
201900054898,3,7,,1,2,8,26,B01
201900054898,3,7,,0,0,6,0,C01
201900054898,3,7,,0,0,3,0,D01
201900054899,1,7,,0,2,3,1,B01
201900054899,2,30,,0,2,1,13,A01
201900054900,3,1,,0,2,4,1,C01
201900054900,3,1,,0,2,4,2,B01
201900054900,3,7,,0,2,2,14,A01
201900054901,1,30,,0,2,1,2,A01
201900054901,1,30,,0,2,4,1,B01
201900054902,0,7,,0,2,1,9,A01
201900054902,3,1,,0,2,7,9,B01
201900054903,2,10,,0,2,6,23,C01
201900054903,2,7,,0,2,6,23,B01
201900054903,2,7,,0,2,5,1,A01
201900054904,1,7,,0,1,1,21,A01
201900054905,2,1,,0,2,1,2,A01
201900054905,2,1,,0,2,4,2,B01
201900054906,2,7,,0,2,2,15,B01
201900054906,1,32,,0,2,1,12,A01
201900054907,3,30,,0,0,0,26,A01
201900054908,2,33,,0,0,8,1,A01
201900054909,1,7,,0,1,4,4,A01
201900054910,2,7,,0,1,1,15,A01
201900054911,1,1,,0,2,7,15,B01
201900054911,1,10,,0,2,2,1,A01
201900054912,1,33,,0,2,3,15,B01
201900054912,2,7,,0,2,2,1,A01
201900054913,3,7,,0,1,1,16,A01
201900054914,1,7,,0,2,1,15,A01
201900054914,2,1,,0,2,1,1,B01
201900054915,1,7,,1,2,8,1,B01
201900054915,1,7,,0,2,1,1,A01
201900054916,1,7,,0,1,1,2,A01
201900054917,1,7,,0,2,7,1,B01
201900054917,1,34,,0,2,3,18,A01
201900054918,3,7,,0,1,6,4,A01
201900054919,1,7,,0,2,1,2,A01
201900054919,1,7,,0,2,1,2,B01
201900054919,1,7,,0,2,4,23,C01
201900054919,2,7,,0,2,4,23,D01
201900054920,1,7,,0,2,1,1,B01
201900054920,1,7,,0,2,5,1,A01
201900054921,1,7,,0,6,2,15,A01
201900054921,2,1,,0,2,8,19,B01
201900054922,0,7,,0,1,6,1,A01
201900054923,1,43,,1,2,8,1,B01
201900054923,2,7,,0,2,1,1,A01
201900054924,0,7,,0,2,3,16,A01
201900054924,0,7,,6,2,8,1,B01
201900054925,3,1,,0,2,4,1,B01
201900054925,2,7,,0,2,3,16,A01
201900054926,2,33,,0,1,1,0,Z01
201900054927,2,7,,0,1,2,9,A01
201900054928,1,7,,0,2,3,15,A01
201900054928,1,33,,0,2,1,1,B01
201900054929,1,7,,0,1,2,21,A01
201900054930,1,7,,0,2,3,1,B01
201900054930,2,33,,0,2,1,1,A01
201900054931,2,7,,0,2,1,1,A01
201900054931,2,7,,0,2,3,1,C01
201900054931,2,7,,0,2,9,1,B01
201900054932,1,0,,0,1,1,1,A01
201900054933,2,2,,0,2,7,1,B01
201900054933,2,7,,0,2,1,1,A01
201900054934,2,7,,0,1,1,1,A01
201900054935,2,7,,0,1,1,15,A01
201900054935,1,33,,0,2,6,1,B01
201900054936,1,30,,0,2,1,1,B01
201900054936,1,7,,0,2,7,1,A01
201900054937,3,33,,0,0,9,26,A01
201900054938,1,7,,0,0,5,26,B01
201900054938,1,7,,7,2,1,17,A01
201900054939,1,7,,0,1,1,1,A01
201900054940,1,7,,0,2,1,0,B01
201900054940,2,7,,0,2,1,13,A01
201900054941,0,7,,0,2,5,2,B01
201900054941,1,7,,15,2,1,2,A01
201900054942,0,10,,0,2,1,1,B01
201900054942,2,10,,0,2,1,13,A01
201900054943,1,7,,0,1,1,1,A01
201900054944,1,7,,0,1,3,1,A01
201900054945,1,7,,0,2,3,19,B01
201900054945,1,7,,0,2,1,19,A01
201900054946,2,7,,1,0,1,13,A01
201900054947,1,7,,14,0,1,2,A01
201900054948,1,7,,0,2,1,19,A01
201900054948,1,7,,0,2,8,1,B01
201900054949,1,1,,0,2,4,1,B01
201900054949,1,7,,0,0,8,9,A01
201900054950,1,7,,13,2,1,2,A01
201900054951,2,7,,0,2,5,2,B01
201900054951,2,7,,0,2,3,2,A01
201900054952,1,1,,0,2,1,1,B01
201900054952,2,7,,0,2,6,1,A01
201900054953,1,7,,0,2,3,23,C01
201900054953,1,32,,0,2,4,3,B01
201900054953,1,43,,0,2,2,3,A01
201900054954,3,7,,0,2,3,1,B01
201900054954,3,34,,0,2,2,12,A01
201900054955,1,33,,0,2,1,3,B01
201900054955,1,7,,0,2,6,12,A01