Num_Acc,senc,catv,occutc,obs,obsm,choc,manv,num_veh
201900054956,1,7,,0,2,1,2,A01
201900054956,1,7,,0,2,4,2,B01
201900054956,1,7,,0,2,4,2,C01
201900054957,2,43,,0,2,1,2,A01
201900054957,2,7,,0,2,4,2,B01
201900054958,2,7,,0,2,5,15,A01
201900054958,1,33,,0,2,1,1,B01
201900054959,2,10,,0,2,1,2,A01
201900054959,2,32,,0,2,4,23,B01
201900054959,2,7,,0,2,4,23,C01
201900054960,1,34,,0,1,7,21,A01
201900054960,1,7,,0,2,4,21,B01
201900054961,2,7,,4,0,3,14,A01
201900054962,1,7,,0,2,1,13,A01
201900054962,1,38,2.0,0,2,2,1,B01
201900054963,1,7,,0,2,7,12,Z01
201900054963,1,33,,0,2,8,3,A01
201900054964,1,7,,0,2,5,23,C01
201900054964,1,7,,0,2,3,23,B01
201900054964,1,32,,0,2,1,3,A01
201900054965,3,2,,0,2,7,2,B01
201900054965,3,10,,0,2,4,4,A01
201900054966,2,7,,0,2,1,1,C01
201900054966,2,7,,0,2,4,1,Z01
201900054966,2,33,,0,2,1,11,A01
201900054967,3,7,,0,1,2,1,A01
201900054968,2,33,,0,2,1,1,B01
201900054968,2,7,,0,2,3,15,A01
201900054969,2,7,,0,2,1,2,A01
201900054969,2,7,,0,2,4,2,B01
201900054969,2,10,,0,2,4,1,C01
201900054970,1,0,,0,1,1,1,Z01
201900054971,1,33,,0,2,7,11,B01
201900054971,1,15,,0,2,1,1,A01
201900054972,1,32,,0,0,0,3,A01
201900054973,3,7,,0,2,3,2,B01
201900054973,3,33,,12,2,2,17,A01
201900054973,3,10,,0,2,1,1,A01
201900054974,1,7,,0,2,1,2,A01
201900054974,1,7,,0,2,4,2,B01
201900054974,1,7,,0,2,4,2,C01
201900054974,1,7,,0,2,4,2,D01
201900054974,1,7,,0,2,4,2,E01
201900054975,1,7,,0,2,1,2,Z01
201900054975,1,33,,0,2,4,23,A01
201900054976,2,7,,4,2,2,1,C01
201900054976,2,7,,0,2,2,11,B01
201900054976,2,43,,0,2,3,3,A01
201900054977,1,16,,0,2,6,1,B01
201900054977,1,7,,0,2,2,12,A01
201900054978,2,32,,0,2,4,1,A01
201900054978,2,7,,0,2,5,17,Z01
201900054979,1,30,,0,2,3,2,A01
201900054979,1,7,,0,2,6,2,B01
201900054980,1,7,,0,2,7,1,B01
201900054980,1,43,,0,2,1,3,A01
201900054980,1,33,,0,2,4,3,Z01
201900054981,1,7,,0,2,1,2,A01
201900054981,1,7,,0,2,4,2,D01
201900054981,1,7,,0,2,4,23,C01
201900054981,1,7,,0,2,4,23,B01
201900054982,2,7,,4,0,1,12,A01
201900054983,3,7,,8,2,3,0,A01
201900054983,3,7,,8,2,2,0,B01
201900054984,1,7,,0,2,4,2,A01
201900054984,1,7,,0,2,1,2,Z01
201900054985,2,31,,0,0,0,3,A01
201900054986,2,7,,0,1,1,1,A01
201900054987,1,7,,0,2,6,12,B01
201900054987,1,33,,0,2,1,3,A01
201900054988,1,7,,0,2,2,12,A01
201900054988,1,32,,0,2,3,3,B01
201900054988,1,7,,0,2,1,1,C01
201900054989,1,33,,0,0,1,13,A01
201900054990,2,42,,4,0,7,14,A01
201900054991,2,7,,0,2,4,2,B01
201900054991,2,32,,0,2,1,2,A01
201900054992,0,10,,0,1,6,1,A01
201900054993,2,31,,0,2,3,3,A01
201900054993,2,31,,0,2,5,12,B01
201900054993,2,7,,0,2,5,1,C01
201900054994,1,7,,0,1,2,1,A01
201900054995,1,33,,0,0,0,1,A01
201900054996,1,7,,0,2,7,3,B01
201900054996,1,34,,0,2,8,13,A01
201900054996,1,7,,0,2,4,2,C01
201900054997,1,10,,0,2,7,12,A01
201900054997,1,33,,0,2,3,3,B01
201900054998,1,7,,0,2,1,1,A01
201900054998,1,7,,0,2,4,1,B01
201900054999,1,7,,0,1,2,15,A01
201900055000,1,34,,0,2,1,1,A01
201900055000,1,7,,0,2,4,11,B01
201900055001,1,7,,0,1,3,0,A01
201900055002,2,7,,0,2,1,2,A01
201900055002,2,7,,0,2,4,2,B01
201900055003,1,33,,0,2,7,1,A01
201900055003,1,7,,0,2,8,11,Z01
201900055004,1,17,,0,2,7,14,A01
201900055004,0,7,,0,2,9,1,B01
201900055005,1,33,,0,2,2,3,A01
201900055005,1,7,,0,2,6,11,B01
201900055006,1,33,,4,2,7,1,B01
201900055006,1,10,,0,2,3,13,A01
201900055007,2,31,,0,2,1,13,A01
201900055007,2,10,,0,2,4,1,B01
201900055008,1,7,,0,2,5,16,A01
201900055008,3,1,,0,2,1,1,B01
201900055009,1,7,,0,2,4,2,A01
201900055009,1,32,,0,2,1,2,B01
201900055010,1,2,,12,0,1,14,A01
201900055011,2,10,,0,2,1,26,A01
201900055011,2,10,,0,2,4,1,B01
201900055012,1,7,,0,2,7,1,A01
201900055012,1,2,,0,2,1,1,B01
201900055013,1,7,,0,1,3,1,A01
201900055014,3,7,,0,2,4,2,B01
201900055014,3,7,,0,2,4,2,C01
201900055014,3,7,,0,2,1,20,A01
201900055015,1,7,,0,1,1,1,A01
201900055016,1,7,,0,2,1,2,A01
201900055016,1,7,,0,2,4,23,B01
201900055017,1,33,,0,2,7,14,A01
201900055017,1,10,,0,2,4,23,B01
201900055018,2,7,,0,2,3,1,B01
201900055018,2,2,,0,2,1,9,A01
201900055019,0,33,,0,2,7,3,B01
201900055019,0,7,,0,2,8,11,A01
201900055020,2,7,,0,1,3,1,A01
201900055021,2,37,1.0,0,1,5,1,A01
201900055022,1,50,,0,2,1,1,B01
201900055022,1,10,,0,2,8,1,A01
201900055023,2,33,,0,1,2,1,A01
201900055024,2,7,,0,2,1,1,B01
201900055024,1,7,,0,2,8,19,A01
201900055025,2,31,,1,0,8,21,A01
201900055026,1,50,,12,0,1,13,A01
201900055027,1,43,,0,2,2,17,B01
201900055027,1,7,,0,2,3,10,A01
201900055028,2,30,,0,1,0,2,A01
201900055029,1,7,,0,2,5,1,C01
201900055029,1,7,,0,2,7,1,B01
201900055029,1,43,,0,2,1,1,A01
201900055030,2,99,,0,2,3,1,B01
201900055030,1,10,,0,2,2,1,A01
201900055031,2,7,,0,2,1,1,B01
201900055031,1,7,,6,2,2,9,A01
201900055032,2,7,,0,2,8,1,A01
201900055032,2,50,,0,2,1,1,B01
201900055033,1,7,,0,2,8,1,B01
201900055033,3,7,,0,2,1,1,A01
201900055034,1,31,,0,2,4,7,A01
201900055034,1,7,,0,2,2,7,Z01
201900055035,1,7,,8,0,2,16,A01
201900055036,2,33,,0,2,1,3,B01
201900055036,2,7,,0,2,6,11,A01
201900055037,1,34,,0,1,2,1,A01
201900055038,2,7,,0,2,1,15,A01
201900055038,2,2,,0,2,7,1,B01
201900055039,1,33,,0,2,1,1,A01
201900055039,2,1,,0,2,1,5,B01
201900055040,2,7,,0,2,3,15,B01
201900055040,1,33,,0,2,1,1,A01
201900055041,3,7,,0,2,3,1,A01
201900055041,3,10,,0,2,3,26,B01
201900055042,2,33,,0,1,1,1,A01
201900055043,1,7,,0,1,3,1,A01
201900055044,2,7,,0,2,4,23,B01
201900055044,2,50,,0,2,1,1,A01
201900055045,2,32,,0,2,8,1,B01
201900055045,1,7,,0,2,3,15,A01
201900055046,2,34,,9,0,1,14,A01
201900055047,1,7,,0,1,2,1,A01
201900055048,2,1,,0,2,5,1,B01
201900055048,2,7,,0,2,7,9,A01
201900055049,2,30,,0,2,0,1,B01
201900055049,2,7,,0,2,8,15,A01
201900055050,1,33,,0,2,8,18,A01
201900055050,2,7,,0,2,1,15,B01
201900055051,1,7,,0,1,1,1,Z01
201900055052,2,50,,0,1,1,5,A01
201900055053,2,10,,0,1,4,4,Z01
201900055054,1,10,,0,2,2,1,B01
201900055054,2,50,,0,2,1,17,A01
201900055055,0,7,,0,1,1,1,A01
201900055056,1,7,,0,2,3,15,A01
201900055056,1,33,,0,2,1,17,B01
201900055057,2,30,,12,0,2,14,A01
201900055058,3,7,,0,2,2,16,A01
201900055058,3,33,,0,2,1,18,B01
201900055059,2,1,,0,2,1,14,A01
201900055059,1,7,,0,2,3,23,B01
201900055060,1,7,,7,2,1,1,B01
201900055060,2,7,,1,2,1,13,A01
201900055061,3,34,,0,2,8,2,B01
201900055061,3,7,,0,2,1,15,A01
201900055062,2,33,,0,1,4,23,B01
201900055062,2,31,,0,2,1,2,A01
201900055063,1,50,,0,0,0,21,A01
201900055064,2,30,,0,1,1,1,A01
201900055065,1,7,,0,2,5,2,B01
201900055065,1,7,,0,2,4,1,C01
201900055065,1,7,,1,2,3,2,A01
201900055066,2,50,,0,2,1,1,B01
201900055066,2,7,,0,2,8,22,A01
201900055067,2,7,,1,2,2,1,A01
201900055067,2,7,,0,2,6,23,B01
201900055068,2,33,,7,0,1,17,A01
201900055069,1,7,,0,2,4,2,B01
201900055069,1,7,,0,2,4,2,C01
201900055069,1,7,,0,2,1,2,A01
201900055070,2,7,,0,1,2,1,A01
201900055071,1,10,,0,2,3,13,B01
201900055071,1,7,,0,2,7,17,A01
201900055072,2,30,,0,2,6,1,A01
201900055072,2,7,,0,2,0,1,Z01
201900055073,2,33,,0,2,0,1,B01
201900055073,0,7,,0,2,2,15,A01
201900055074,1,10,,0,1,0,9,B01
201900055074,3,1,,0,2,1,16,A01
201900055075,2,7,,0,2,4,23,B01
201900055075,2,32,,0,2,1,1,A01
201900055076,3,10,,0,1,4,26,A01
201900055077,2,7,,0,1,1,16,A01
201900055078,0,37,5.0,0,2,2,1,A01
201900055078,0,7,,0,2,3,13,Z01
201900055079,0,2,,12,2,8,21,A01
201900055080,0,7,,0,2,1,1,A01
201900055080,0,7,,0,2,8,1,B01
201900055081,1,7,,0,2,1,15,A01
201900055081,1,7,,0,2,3,1,B01
201900055082,0,7,,0,2,6,26,A01
201900055082,0,33,,0,2,1,1,B01
201900055083,1,7,,0,1,3,1,A01
201900055084,2,7,,0,2,5,22,A01
201900055084,2,1,,0,2,1,1,B01
201900055085,1,30,,0,1,7,1,A01
201900055086,3,7,,0,1,1,14,A01
201900055087,1,7,,0,2,2,16,B01
201900055087,1,43,,0,2,1,7,A01
201900055088,1,31,,0,2,1,1,A01
201900055088,3,7,,0,2,6,19,B01
201900055089,2,7,,0,1,1,15,A01
201900055090,2,7,,0,2,3,10,A01
201900055090,2,33,,0,2,1,17,B01
201900055091,1,7,,0,2,8,15,B01
201900055091,1,31,,0,2,2,17,A01
201900055092,2,7,,0,2,2,17,A01
201900055092,2,7,,0,2,6,23,B01
201900055093,0,1,,0,1,1,1,A01
201900055094,1,7,,0,1,3,1,A01
201900055095,2,30,,0,2,3,18,B01
201900055095,2,7,,0,2,2,14,A01
201900055096,1,7,,0,1,7,1,A01
201900055097,0,7,,0,2,8,5,Z01
201900055097,0,7,,0,2,1,1,A01
201900055098,1,32,,0,2,1,1,B01
201900055098,1,7,,0,2,1,1,Z01
201900055099,2,34,,0,0,8,1,A01
201900055100,2,30,,0,2,4,1,A01
201900055100,2,10,,0,2,4,23,B01
201900055101,2,7,,0,2,2,17,A01
201900055101,2,7,,0,2,6,1,B01
201900055102,1,10,,0,2,6,23,C01
201900055102,1,7,,0,2,4,23,B01
201900055102,1,7,,0,2,1,17,A01
201900055103,1,1,,0,2,1,7,A01
201900055103,1,7,,0,2,4,14,Z01
201900055104,2,7,,0,1,7,1,A01
201900055105,2,32,,0,2,1,1,B01
201900055105,1,7,,0,2,2,9,A01
201900055106,2,43,,0,1,3,1,Z01
201900055107,1,1,,0,1,3,1,A01
201900055108,2,7,,0,2,2,1,A01
201900055108,3,60,,0,2,0,19,B01
201900055109,1,10,,0,1,1,15,A01
201900055110,3,7,,0,2,4,1,B01
201900055110,3,10,,0,2,1,1,A01
201900055111,1,7,,0,1,3,1,A01
201900055112,2,1,,0,1,1,1,Z01
201900055113,3,7,,0,2,3,15,A01
201900055113,1,33,,0,2,1,26,B01
201900055114,3,7,,0,1,1,1,A01
201900055115,1,7,,1,2,1,0,A01
201900055116,2,30,,0,2,1,17,A01
201900055116,2,7,,0,2,3,15,B01
201900055117,1,33,,0,2,3,15,A01
201900055117,1,32,,0,2,1,5,Z01
201900055118,1,7,,0,1,1,26,A01
201900055119,2,7,,0,1,3,9,A01
201900055120,2,2,,0,2,1,2,B01
201900055120,1,7,,0,2,0,0,C01
201900055120,2,7,,0,2,3,20,A01
201900055121,1,7,,0,1,3,18,A01
201900055122,2,2,,0,2,1,1,B01
201900055122,2,7,,0,2,3,19,A01
201900055123,2,7,,14,0,1,1,A01
201900055124,2,7,,15,0,1,26,A01
201900055125,1,7,,0,2,3,13,B01
201900055125,1,33,,0,2,5,1,A01
201900055126,1,7,,0,1,4,26,A01
201900055127,3,7,,0,2,1,1,B01
201900055127,3,1,,0,2,7,26,A01
201900055128,2,33,,1,0,1,13,A01
201900055129,0,7,,0,1,0,0,A01
201900055130,3,7,,0,1,1,1,A01
201900055131,1,10,,0,2,6,7,A01
201900055131,1,7,,0,2,2,1,B01
201900055132,0,7,,1,0,2,26,A01
201900055133,0,7,,0,0,2,14,A01
201900055134,2,7,,0,2,3,17,A01
201900055134,1,32,,0,0,4,23,B01
201900055135,2,7,,0,1,1,1,A01
201900055136,2,7,,0,1,2,14,A01
201900055137,3,7,,0,1,2,15,A01
201900055138,2,1,,0,2,8,1,A01
201900055138,2,37,0.0,0,2,7,14,Z01
201900055139,3,31,,0,2,1,2,A01
201900055139,3,31,,0,2,4,2,B01
201900055140,0,31,,0,0,9,26,A01
201900055141,0,7,,0,2,2,1,B01
201900055141,0,2,,0,2,1,1,A01
201900055142,1,7,,0,1,0,1,A01
201900055143,2,3,,0,1,3,1,A01
201900055144,1,7,,0,2,1,13,A01
201900055144,2,7,,0,2,3,1,B01
201900055145,3,7,,0,1,1,1,A01
201900055146,2,7,,0,2,4,1,B01
201900055146,2,7,,0,2,1,1,A01
201900055147,1,7,,0,2,2,26,A01
201900055147,1,7,,0,0,3,19,B01
201900055148,3,30,,14,0,0,0,A01
201900055148,3,7,,14,0,3,26,B01
201900055149,1,7,,0,2,3,15,A01
201900055149,1,32,,0,2,7,17,B01
201900055150,2,10,,0,1,0,1,Z01
201900055151,1,7,,0,2,1,2,A01
201900055151,1,7,,0,2,4,2,B01
201900055151,1,7,,0,0,4,2,C01
201900055152,1,7,,0,1,1,1,A01
201900055153,0,7,,0,1,1,1,A01
201900055154,2,2,,0,2,2,2,B01
201900055154,2,7,,0,2,3,13,A01
201900055155,3,1,,0,2,0,0,B01
201900055155,3,7,,0,2,1,9,A01
201900055156,3,10,,11,0,1,2,A01
201900055157,1,50,,0,0,0,1,Y01
201900055158,3,7,,4,0,3,1,A01
201900055159,1,1,,0,2,5,1,B01
201900055159,2,7,,0,2,2,9,A01
201900055160,3,1,,0,2,8,0,B01
201900055160,3,32,,0,2,1,17,A01
201900055161,1,7,,0,2,2,15,A01
201900055161,2,2,,0,2,1,1,B01
201900055162,2,7,,2,0,1,1,A01
201900055163,0,10,,0,2,6,0,B01
201900055163,0,14,,0,2,2,2,A01
201900055164,1,7,,0,2,1,15,A01
201900055164,2,33,,0,2,1,1,B01
201900055165,0,7,,0,1,1,2,A01
201900055166,2,10,,0,2,3,14,B01
201900055166,1,33,,0,2,7,13,A01
201900055167,1,7,,0,2,2,26,B01
201900055167,1,7,,0,2,3,16,A01
201900055168,3,7,,0,2,3,15,A01
201900055168,3,30,,0,2,1,17,B01
201900055169,1,7,,0,2,6,15,A01
201900055169,0,7,,0,0,0,0,Z01
201900055170,1,30,,0,0,0,26,A01
201900055171,3,7,,0,0,9,0,A01
201900055172,3,7,,0,2,8,1,B01
201900055172,3,7,,8,2,2,14,A01
201900055173,2,7,,0,2,1,15,A01
201900055173,1,7,,0,2,8,2,B01
201900055174,2,7,,0,2,1,0,A01
201900055174,2,7,,0,2,4,0,B01
201900055174,2,33,,0,0,4,0,C01
201900055175,2,7,,0,2,2,15,A01
201900055175,1,7,,0,2,3,1,B01
201900055176,3,7,,0,2,3,1,Z01
201900055176,1,2,,0,2,1,1,B01
201900055177,2,33,,13,0,1,15,A01
201900055178,1,7,,0,0,0,0,B01
201900055178,1,3,,0,2,2,17,A01
201900055179,2,33,,0,2,7,17,B01
201900055179,2,7,,0,2,8,15,A01
201900055180,0,7,,0,2,1,19,A01
201900055180,0,7,,0,2,3,1,B01
201900055181,2,7,,0,2,1,1,B01
201900055181,1,7,,0,2,3,5,A01
201900055182,1,7,,0,2,3,14,A01
201900055183,1,7,,0,2,1,1,C01
201900055183,2,7,,0,2,1,1,B01
201900055183,1,7,,0,2,1,1,A01
201900055184,0,7,,8,0,1,26,A01
201900055185,0,32,,0,2,2,16,B01
201900055185,0,7,,0,2,3,1,A01
201900055186,1,7,,13,0,1,1,A01
201900055187,0,30,,0,2,1,13,B01
201900055187,0,21,,0,0,6,0,A01
201900055188,1,7,,0,2,1,2,B01
201900055188,1,7,,0,2,3,26,A01
201900055189,2,7,,13,0,9,13,A01
201900055190,3,7,,0,2,1,16,B01
201900055190,2,7,,0,2,7,1,A01
201900055191,2,7,,0,5,1,1,A01
201900055191,2,7,,0,5,1,1,B01
201900055192,3,7,,0,1,0,19,A01
201900055193,2,7,,0,2,1,1,B01
201900055193,1,3,,0,2,7,19,A01
201900055194,2,7,,0,2,8,10,A01
201900055194,2,33,,0,2,2,1,B01
201900055195,1,3,,0,0,1,1,A01
201900055196,1,3,,0,2,4,1,B01
201900055196,1,7,,0,2,1,2,A01
201900055197,2,10,,0,2,1,9,B01
201900055197,1,7,,0,2,7,19,A01
201900055198,1,2,,8,0,1,15,A01
201900055199,3,7,,15,0,3,9,A01
201900055200,2,0,,0,2,3,13,A01
201900055200,1,1,,0,2,8,1,B01
201900055201,1,7,,0,1,1,1,A01
201900055202,1,7,,17,0,2,14,A01
201900055203,3,7,,8,0,3,1,A01
201900055204,0,7,,0,1,3,2,A01
201900055205,0,7,,0,2,3,1,B01
201900055205,1,7,,0,2,3,13,A01
201900055206,1,7,,0,2,1,13,B01
201900055206,2,7,,0,2,3,1,A01
201900055207,1,2,,0,2,1,17,B01
201900055207,1,10,,0,2,8,15,A01
201900055208,2,33,,0,0,8,1,A01
201900055209,2,10,,1,0,5,23,B01
201900055209,2,7,,1,0,3,13,A01
201900055210,1,7,,8,0,1,13,A01
201900055211,1,2,,0,2,1,3,A01
201900055211,1,7,,0,2,5,1,B01
201900055212,2,31,,13,0,1,1,A01
201900055213,2,7,,0,1,1,1,A01
201900055214,1,7,,0,2,1,2,A01
201900055214,1,7,,0,0,6,23,B01
201900055214,2,7,,0,2,1,1,C01
201900055214,1,7,,0,0,4,23,D01
201900055215,2,7,,0,2,2,15,A01
201900055215,2,33,,0,2,1,1,B01
201900055216,1,7,,0,2,8,15,A01
201900055216,2,7,,0,2,1,1,B01
201900055217,1,10,,0,1,1,1,A01
201900055218,1,10,,13,0,3,1,A01
201900055219,1,10,,0,2,5,15,A01
201900055219,1,32,,0,2,1,1,B01
201900055220,2,7,,8,0,9,1,A01
201900055221,1,33,,13,0,0,17,A01
201900055222,1,10,,0,1,1,15,A01
201900055223,2,31,,0,2,1,9,A01
201900055223,2,7,,0,2,2,1,B01
201900055224,2,33,,0,2,1,1,B01
201900055224,2,7,,0,2,8,15,A01
201900055225,1,7,,0,1,1,26,A01
201900055226,2,7,,0,2,3,19,B01
201900055226,2,2,,0,2,1,1,A01
201900055227,1,31,,0,2,2,1,B01
201900055227,3,7,,0,2,8,15,A01
201900055228,0,7,,0,0,1,0,A01
201900055228,0,7,,0,0,2,15,B01
201900055229,1,7,,0,1,1,2,Z01
201900055230,1,33,,0,0,0,26,B01
201900055230,3,2,,0,0,0,26,A01
201900055231,1,7,,13,0,1,0,A01
201900055232,0,7,,6,0,1,9,A01
201900055233,2,7,,0,2,1,1,C01
201900055233,1,7,,0,2,4,23,B01
201900055233,1,7,,0,2,1,1,A01
201900055234,2,7,,12,0,1,1,A01
201900055235,2,32,,0,2,7,1,A01
201900055235,2,7,,0,2,6,11,Z01
201900055236,2,31,,0,2,1,17,B01
201900055236,2,7,,0,2,6,15,A01
201900055237,2,10,,0,2,5,1,C01
201900055237,2,7,,0,2,7,12,B01
201900055237,2,43,,0,2,8,3,A01
201900055238,3,33,,0,0,0,1,A01
201900055239,3,7,,2,0,3,14,A01
201900055240,1,7,,0,2,2,16,B01
201900055240,1,33,,0,2,8,18,A01
201900055241,1,7,,6,0,3,13,A01
201900055242,1,7,,0,2,2,1,A01
201900055242,1,1,,0,2,6,13,B01
201900055243,2,7,,0,2,8,15,B01
201900055243,2,33,,0,2,1,17,A01
201900055244,2,7,,0,2,2,15,A01
201900055244,1,31,,0,2,1,1,B01
201900055245,2,7,,0,1,1,15,A01
201900055246,1,7,,10,0,3,12,A01
201900055247,2,1,,0,0,0,1,A01
201900055248,2,31,,0,2,1,1,B01
201900055248,2,7,,0,0,8,1,A01
201900055249,1,7,,0,2,2,15,A01
201900055249,2,33,,0,2,1,1,B01
201900055250,2,33,,2,0,0,1,A01
201900055251,1,7,,0,2,1,1,Z01
201900055251,2,1,,0,2,1,1,A01
201900055252,1,7,,0,1,1,1,A01
201900055253,3,7,,0,2,3,15,A01
201900055253,2,2,,0,2,1,1,B01
201900055254,0,20,,0,0,8,26,C01
201900055254,0,20,,0,0,8,26,B01
201900055254,1,7,,16,0,1,1,A01
201900055255,2,7,,0,1,1,7,A01
201900055256,1,7,,14,1,1,2,A01
201900055257,2,7,,2,0,1,0,A01
201900055258,2,7,,0,2,3,9,A01
201900055258,2,32,,0,2,1,1,B01
201900055259,2,7,,13,0,1,1,A01
201900055260,1,10,,13,0,1,1,A01
201900055261,1,7,,0,0,2,1,B01
201900055261,2,7,,0,0,2,13,A01
201900055262,2,7,,0,1,1,1,A01
201900055263,2,2,,8,0,1,1,A01
201900055264,1,32,,1,0,7,13,A01
201900055265,1,7,,0,2,1,1,B01
201900055265,2,7,,0,2,1,15,A01
201900055266,2,7,,0,2,6,1,B01
201900055266,1,32,,0,2,8,15,A01
201900055267,2,33,,0,0,7,1,A01
201900055268,3,7,,0,2,4,23,A01
201900055268,3,7,,0,2,1,2,B01
201900055269,1,2,,12,0,2,0,A01
201900055270,2,43,,12,0,1,14,A01
201900055271,0,10,,9,0,1,0,A01
201900055272,2,2,,0,2,3,5,Z01
201900055272,3,7,,0,2,7,1,A01
201900055273,1,7,,0,2,2,1,A01
201900055273,2,7,,0,2,3,16,B01
201900055274,2,30,,0,1,1,1,A01
201900055275,1,7,,0,1,4,4,A01
201900055276,2,7,,0,1,4,20,A01
201900055277,2,1,,0,2,1,1,B01
201900055277,3,21,,0,9,2,15,A01
201900055278,1,33,,0,2,7,17,A01
201900055278,1,10,,0,2,3,1,B01
201900055279,1,7,,0,2,1,1,B01
201900055279,2,7,,0,2,1,13,A01
201900055280,3,7,,0,2,3,1,A01
201900055280,3,7,,0,2,2,13,B01
201900055281,1,7,,0,2,1,1,B01
201900055281,0,2,,0,2,2,16,A01
201900055282,1,7,,2,0,1,1,A01
201900055283,2,7,,1,2,2,1,A01
201900055283,1,32,,0,2,1,1,B01
201900055284,0,7,,0,2,0,2,A01
201900055284,3,30,,0,2,8,2,B01
201900055285,3,7,,0,1,2,1,A01
201900055286,0,7,,3,2,1,2,A01
201900055286,0,7,,3,0,4,2,B01
201900055287,2,7,,0,2,0,17,Z01
201900055287,2,7,,1,2,1,1,A01
201900055288,1,7,,0,1,1,1,A01
201900055289,2,31,,0,2,1,1,A01
201900055289,1,10,,0,2,7,1,B01
201900055290,1,32,,0,0,0,13,A01
201900055291,2,7,,0,2,6,1,B01
201900055291,3,7,,0,2,1,15,A01
201900055292,1,7,,8,0,3,2,A01
201900055293,1,33,,0,2,4,18,B01
201900055293,1,7,,0,2,2,1,A01
201900055294,2,7,,0,0,0,22,Z01
201900055294,2,30,,0,2,3,18,A01
201900055295,2,7,,0,2,4,23,A01
201900055295,2,10,,0,2,1,2,Z01
201900055296,2,43,,12,0,1,16,A01
201900055297,2,7,,0,2,3,15,B01
201900055297,1,1,,0,2,1,1,A01
201900055298,2,7,,0,2,6,1,B01
201900055298,2,7,,0,2,2,14,A01
201900055299,2,7,,6,0,1,13,A01
201900055300,1,30,,0,2,2,17,B01
201900055300,1,7,,0,2,3,13,A01
201900055301,1,32,,0,1,2,1,A01
201900055302,2,7,,0,2,1,2,A01
201900055302,2,7,,0,2,1,2,B01
201900055302,2,7,,0,2,4,2,C01
201900055302,2,7,,0,2,4,2,D01
201900055302,2,10,,0,2,4,2,E01
201900055303,1,10,,0,1,1,1,A01
201900055304,3,7,,0,2,0,10,B01
201900055304,1,2,,0,2,2,1,A01
201900055305,2,7,,0,2,5,2,B01
201900055305,2,7,,0,2,3,2,A01
201900055306,1,7,,0,2,5,24,B01
201900055306,1,7,,1,2,3,13,A01
201900055307,1,34,,0,2,2,17,A01
201900055307,1,7,,0,2,3,15,B01
201900055308,1,33,,0,0,0,17,A01
201900055308,3,7,,0,0,0,16,B01
201900055309,0,30,,0,2,0,1,Z01
201900055309,2,32,,1,2,0,1,A01
201900055310,1,34,,0,1,0,1,Z01
201900055311,1,31,,0,1,2,7,A01
201900055312,1,7,,0,2,2,15,A01
201900055312,1,7,,0,2,1,1,B01
201900055313,1,7,,0,2,1,1,A01
201900055313,1,7,,0,2,4,1,B01
201900055313,1,7,,0,2,4,1,C01
201900055313,1,7,,0,2,4,1,D01
201900055313,1,7,,0,2,4,1,E01
201900055314,1,10,,0,2,4,23,B01
201900055314,1,7,,0,2,1,2,A01
201900055315,3,33,,0,2,1,1,B01
201900055315,3,7,,0,2,2,15,A01
201900055316,2,7,,0,2,4,2,B01
201900055316,2,17,,0,2,1,2,A01
201900055317,2,7,,11,0,1,14,A01
201900055318,1,10,,0,2,1,2,C01
201900055318,1,7,,4,2,5,2,B01
201900055318,1,7,,0,2,3,19,A01
201900055319,1,34,,0,0,7,1,A01
201900055320,1,7,,0,2,0,1,C01
201900055320,1,1,,1,2,0,13,B01
201900055320,1,7,,0,2,0,22,A01
201900055321,3,7,,0,1,3,15,A01
201900055322,1,33,,0,2,7,3,B01
201900055322,1,7,,0,2,8,13,A01
201900055323,3,37,1.0,0,1,5,26,A01
201900055324,1,43,,0,2,8,3,A01
201900055324,1,7,,0,2,2,16,Z01
201900055325,1,32,,0,2,1,12,A01
201900055325,1,7,,0,2,4,1,B01
201900055326,1,10,,0,2,7,1,A01
201900055326,1,43,,0,2,3,1,B01
201900055327,2,33,,0,2,1,23,B01
201900055327,2,7,,0,2,5,2,A01
201900055328,2,37,1.0,0,2,2,23,D01
201900055328,2,7,,0,1,1,2,A01
201900055329,2,7,,0,0,4,2,A01
201900055329,2,7,,0,2,1,2,B01
201900055330,1,7,,3,0,2,14,A01
201900055331,2,43,,0,2,6,9,B01
201900055331,2,7,,0,2,2,12,A01
201900055332,1,33,,0,2,2,1,B01
201900055332,1,10,,0,2,3,20,A01
201900055333,1,7,,0,2,1,1,B01
201900055333,1,7,,0,2,8,9,A01
201900055334,1,33,,0,2,4,23,B01
201900055334,1,37,1.0,0,2,1,2,A01
201900055335,1,2,,0,2,1,9,A01
201900055335,1,7,,0,2,5,12,B01
201900055336,2,7,,0,1,6,1,A01
201900055337,2,33,,14,0,1,1,A01
201900055338,1,7,,0,0,8,15,B01
201900055338,1,34,,0,2,1,17,A01
201900055339,0,10,,0,2,3,13,A01
201900055339,0,10,,0,2,3,2,B01
201900055340,1,7,,0,2,3,0,A01
201900055341,1,7,,0,2,1,15,A01
201900055341,2,7,,0,2,8,1,B01
201900055342,2,7,,0,2,3,1,B01
201900055342,2,7,,0,2,3,1,C01
201900055342,1,7,,0,2,3,13,A01
201900055343,1,7,,0,2,2,15,A01
201900055343,2,1,,0,2,1,1,B01