Num_Acc,senc,catv,occutc,obs,obsm,choc,manv,num_veh
201900055344,1,7,,0,0,0,9,A01
201900055345,1,10,,0,2,8,16,A01
201900055345,1,33,,0,2,1,1,B01
201900055346,2,7,,0,9,7,1,B01
201900055346,1,30,,0,2,1,1,A01
201900055347,1,10,,0,1,1,16,A01
201900055348,2,30,,9,0,0,9,A01
201900055349,1,33,,0,2,1,1,A01
201900055349,1,7,,0,2,4,15,B01
201900055350,1,10,,0,1,2,4,A01
201900055351,1,7,,0,2,1,26,A01
201900055351,1,7,,0,2,4,2,B01
201900055352,1,7,,0,1,2,1,A01
201900055353,1,7,,8,0,1,0,A01
201900055354,1,10,,0,1,2,15,A01
201900055355,1,99,,0,2,8,19,A01
201900055355,1,7,,0,6,8,1,B01
201900055356,1,7,,0,2,2,15,A01
201900055356,2,2,,0,2,1,1,B01
201900055357,1,37,2.0,0,0,0,1,A01
201900055358,1,7,,0,2,3,1,A01
201900055358,1,30,,0,2,1,0,B01
201900055359,2,7,,0,1,3,15,Z01
201900055360,2,34,,0,1,1,2,A01
201900055361,1,43,,0,2,1,2,A01
201900055361,1,7,,0,2,4,23,B01
201900055362,1,7,,0,2,3,10,A01
201900055362,1,33,,0,2,1,2,B01
201900055363,1,10,,0,2,2,10,B01
201900055363,2,34,,0,2,1,1,A01
201900055364,1,2,,0,2,8,1,B01
201900055364,1,7,,0,2,2,15,A01
201900055365,1,7,,0,1,1,1,A01
201900055366,2,7,,4,0,3,1,A01
201900055367,1,7,,0,2,5,22,A01
201900055367,1,1,,0,2,1,1,B01
201900055368,0,10,,0,0,4,0,B01
201900055368,0,10,,0,2,4,26,A01
201900055369,2,32,,0,2,1,9,A01
201900055369,2,7,,0,2,6,9,B01
201900055370,2,7,,4,0,1,1,A01
201900055371,1,7,,0,1,4,4,A01
201900055372,2,32,,0,2,1,1,B01
201900055372,2,10,,0,2,7,1,A01
201900055373,2,10,,0,2,4,1,B01
201900055373,2,1,,0,2,5,14,A01
201900055374,2,7,,6,0,1,1,A01
201900055375,1,7,,0,2,2,16,A01
201900055375,1,1,,0,2,3,1,B01
201900055376,1,7,,0,2,2,1,A01
201900055376,1,34,,0,2,3,1,B01
201900055377,3,7,,0,2,3,19,A01
201900055377,3,30,,0,2,8,19,B01
201900055378,2,10,,0,2,8,1,C01
201900055378,2,10,,0,2,5,23,B01
201900055378,2,2,,0,2,8,2,A01
201900055379,0,10,,0,2,2,16,A01
201900055379,0,2,,0,2,3,1,B01
201900055380,3,7,,0,2,6,2,B01
201900055380,3,10,,0,2,2,2,A01
201900055381,1,10,,0,1,3,21,A01
201900055382,0,7,,0,2,1,15,A01
201900055382,0,32,,0,2,7,2,B01
201900055383,1,7,,0,0,6,23,B01
201900055383,1,30,,0,2,1,2,A01
201900055384,1,10,,8,2,3,2,A01
201900055384,1,10,,0,2,2,17,B01
201900055385,1,7,,0,2,6,15,A01
201900055385,1,33,,0,2,1,1,B01
201900055386,2,7,,1,0,2,1,A01
201900055387,3,10,,0,2,3,16,A01
201900055387,3,10,,0,2,2,19,B01
201900055388,1,34,,0,2,1,17,A01
201900055388,1,7,,0,0,6,15,B01
201900055389,1,7,,0,2,4,2,A01
201900055389,1,7,,0,2,1,2,B01
201900055390,2,30,,0,0,0,21,A01
201900055391,1,7,,0,1,5,2,A01
201900055392,2,7,,0,2,2,21,A01
201900055392,2,7,,0,2,3,21,B01
201900055393,1,7,,0,2,4,1,A01
201900055393,1,7,,0,2,1,1,B01
201900055394,0,37,2.0,0,0,8,1,B01
201900055394,3,7,,0,0,5,12,A01
201900055395,1,7,,1,0,1,1,C01
201900055395,1,7,,0,2,4,23,B01
201900055395,1,7,,0,2,4,23,A01
201900055396,1,7,,0,1,1,1,A01
201900055397,2,7,,0,2,8,24,A01
201900055397,2,1,,1,0,1,1,B01
201900055398,2,33,,0,0,0,26,A01
201900055399,1,33,,0,2,1,5,A01
201900055399,2,7,,0,2,8,15,B01
201900055400,2,1,,0,2,1,26,B01
201900055400,1,3,,0,2,3,26,A01
201900055401,1,7,,0,0,9,1,A01
201900055402,1,7,,0,2,4,23,C01
201900055402,1,7,,0,2,4,23,B01
201900055402,1,10,,0,2,1,2,A01
201900055403,2,17,,0,2,1,2,A01
201900055403,2,7,,0,2,4,23,B01
201900055403,2,7,,0,2,4,23,C01
201900055404,1,7,,0,2,1,9,A01
201900055404,1,7,,0,2,1,1,B01
201900055405,1,7,,15,0,4,2,B01
201900055405,1,7,,0,2,1,2,A01
201900055406,3,1,,0,2,7,2,B01
201900055406,1,7,,0,9,3,0,A01
201900055407,3,32,,0,2,7,3,A01
201900055407,3,10,,0,2,3,15,B01
201900055408,1,7,,15,0,1,14,A01
201900055409,1,37,1.0,0,6,2,26,A01
201900055409,1,1,,0,6,1,21,B01
201900055410,1,43,,0,1,1,1,A01
201900055411,1,7,,9,0,1,1,F01
201900055412,2,33,,0,2,1,1,B01
201900055412,1,10,,0,2,5,13,A01
201900055413,1,7,,0,2,0,9,B01
201900055413,2,30,,0,2,7,5,A01
201900055414,0,7,,0,2,6,1,Z01
201900055414,0,7,,0,2,6,15,B01
201900055415,1,30,,0,2,2,1,B01
201900055415,1,7,,0,2,3,10,A01
201900055416,1,10,,0,1,2,1,A01
201900055417,2,33,,0,0,0,26,A01
201900055418,2,7,,2,0,1,0,A01
201900055419,2,7,,0,1,3,2,A01
201900055420,1,10,,1,0,2,1,B01
201900055420,1,99,,0,2,3,22,A01
201900055421,2,32,,0,2,1,2,A01
201900055421,2,1,,0,2,8,11,B01
201900055422,2,2,,0,2,1,1,B01
201900055422,1,7,,0,2,7,15,A01
201900055423,2,7,,0,1,3,15,A01
201900055424,2,32,,0,2,1,1,A01
201900055424,2,7,,0,2,8,1,B01
201900055425,2,15,,0,2,0,13,A01
201900055425,1,7,,0,2,8,1,B01
201900055426,2,7,,0,1,1,1,Z01
201900055427,2,7,,2,0,1,1,A01
201900055428,1,7,,0,1,1,1,Z01
201900055429,1,7,,13,0,3,1,A01
201900055430,2,7,,0,2,1,1,B01
201900055430,1,99,,0,2,1,13,A01
201900055431,2,7,,13,0,1,1,A01
201900055432,2,1,,12,0,1,5,A01
201900055433,2,7,,2,2,2,1,A01
201900055433,2,7,,0,2,1,16,B01
201900055434,1,7,,9,0,1,1,A01
201900055435,1,7,,0,2,1,1,A01
201900055435,1,13,,0,2,4,1,B01
201900055436,1,33,,0,2,1,0,B01
201900055436,2,7,,0,2,2,15,A01
201900055437,1,7,,0,2,2,1,B01
201900055437,2,7,,0,2,5,15,A01
201900055438,3,1,,0,2,7,26,B01
201900055438,0,7,,0,6,1,1,A01
201900055439,2,7,,0,2,1,1,B01
201900055439,1,7,,0,2,7,1,A01
201900055440,2,1,,0,0,0,1,A01
201900055441,1,1,,0,2,8,19,A01
201900055441,1,10,,0,2,1,1,B01
201900055442,2,7,,0,2,3,15,A01
201900055442,2,33,,0,2,1,17,B01
201900055443,1,7,,0,2,4,1,B01
201900055443,1,7,,0,2,1,1,A01
201900055444,1,7,,2,0,1,1,A01
201900055445,1,0,,0,1,0,0,A01
201900055446,1,30,,0,2,1,2,A01
201900055446,1,7,,0,2,4,23,B01
201900055447,2,7,,2,0,1,1,A01
201900055448,1,7,,0,1,1,1,A01
201900055449,2,7,,0,0,1,13,A01
201900055449,1,15,,0,0,3,1,B01
201900055450,3,32,,0,6,1,1,A01
201900055451,1,7,,0,0,5,26,B01
201900055451,1,15,,0,2,3,1,A01
201900055452,3,7,,13,0,1,13,A01
201900055453,1,31,,0,2,0,0,A01
201900055453,1,7,,0,2,5,14,B01
201900055454,1,14,,0,2,3,1,B01
201900055454,2,10,,0,2,1,13,A01
201900055455,0,7,,0,0,9,0,A01
201900055456,3,50,,0,2,2,1,A01
201900055456,3,7,,0,2,3,1,B01
201900055457,1,30,,12,0,2,16,A01
201900055458,1,1,,0,2,3,1,B01
201900055458,2,7,,0,2,3,15,A01
201900055459,2,10,,0,2,6,4,A01
201900055459,2,1,,0,2,1,2,B01
201900055460,2,2,,0,2,8,9,A01
201900055460,1,14,,0,2,8,15,B01
201900055461,2,7,,0,0,6,15,B01
201900055461,2,31,,0,2,1,1,A01
201900055462,2,7,,5,2,8,1,A01
201900055462,2,7,,0,2,7,12,B01
201900055463,2,7,,0,2,3,1,B01
201900055463,1,2,,0,2,3,13,A01
201900055464,1,7,,0,2,3,1,B01
201900055464,2,7,,0,2,3,13,A01
201900055465,1,50,,0,0,0,1,A01
201900055466,1,33,,2,0,1,21,A01
201900055467,1,7,,0,2,3,1,A01
201900055467,2,7,,0,2,3,1,B01
201900055468,3,2,,8,0,7,1,A01
201900055469,1,33,,0,0,0,1,A01
201900055470,1,17,,0,0,4,2,B01
201900055470,1,7,,0,2,1,2,A01
201900055471,2,7,,2,0,0,1,A01
201900055472,1,7,,0,2,1,5,A01
201900055472,1,7,,0,2,1,1,B01
201900055473,1,7,,0,2,1,1,B01
201900055473,1,7,,0,2,7,19,A01
201900055474,3,7,,0,1,1,1,A01
201900055475,1,7,,3,0,3,11,A01
201900055476,2,7,,3,0,1,0,A01
201900055477,2,7,,6,0,1,2,A01
201900055478,3,7,,0,2,1,19,B01
201900055478,3,2,,0,2,8,1,A01
201900055479,1,15,,13,0,2,1,A01
201900055480,3,1,,0,5,1,1,A01
201900055481,2,10,,0,2,4,2,B01
201900055481,2,7,,4,2,8,2,A01
201900055482,3,2,,0,0,0,0,A01
201900055483,3,7,,0,9,1,1,B01
201900055483,3,1,,0,2,7,1,A01
201900055484,1,7,,2,0,1,0,A01
201900055485,2,10,,0,2,3,1,B01
201900055485,1,2,,0,2,1,15,A01
201900055486,0,7,,9,0,3,1,A01
201900055487,1,10,,12,1,7,25,A01
201900055488,2,10,,0,1,3,15,A01
201900055489,2,33,,0,2,1,1,B01
201900055489,1,21,,0,2,2,1,A01
201900055490,1,7,,0,2,3,13,A01
201900055490,2,7,,0,2,8,1,B01
201900055491,3,7,,15,0,9,1,A01
201900055492,2,7,,0,2,2,1,B01
201900055492,1,7,,4,2,2,5,A01
201900055493,2,7,,15,0,2,1,A01
201900055494,2,7,,0,2,1,1,A01
201900055494,2,7,,1,0,6,1,B01
201900055495,2,10,,2,0,1,1,A01
201900055496,2,7,,6,0,3,19,A01
201900055497,1,7,,13,0,1,1,A01
201900055498,2,7,,0,2,2,15,A01
201900055498,1,33,,0,2,1,1,B01
201900055499,0,33,,0,0,7,1,A01
201900055500,3,1,,0,0,0,0,B01
201900055500,3,7,,0,6,2,17,A01
201900055501,1,33,,0,2,0,26,A01
201900055501,3,7,,0,2,2,26,B01
201900055502,3,7,,2,0,3,13,A01
201900055503,0,33,,0,1,1,1,A01
201900055504,0,7,,0,1,3,1,A01
201900055505,1,37,1.0,0,1,2,15,A01
201900055506,2,7,,3,0,2,2,A01
201900055507,1,7,,2,0,9,0,A01
201900055508,1,7,,4,0,3,11,A01
201900055509,2,1,,0,2,4,1,A01
201900055509,2,7,,0,2,1,14,Z01
201900055510,2,1,,0,2,5,1,B01
201900055510,2,7,,0,2,1,9,A01
201900055511,1,7,,0,2,3,0,B01
201900055511,1,7,,0,2,2,0,A01
201900055512,2,7,,0,2,8,21,C01
201900055512,2,7,,0,2,1,0,B01
201900055512,1,7,,0,2,3,13,A01
201900055513,1,43,,6,0,1,0,A01
201900055514,1,10,,0,2,1,1,A01
201900055514,2,7,,0,2,7,13,B01
201900055515,2,7,,4,0,8,1,A01
201900055516,2,33,,0,2,1,1,B01
201900055516,3,7,,0,2,7,15,A01
201900055517,1,7,,0,2,3,15,A01
201900055517,1,31,,0,2,1,17,B01
201900055518,3,7,,0,1,2,17,A01
201900055519,2,7,,0,2,1,0,B01
201900055519,1,7,,0,2,1,13,A01
201900055520,2,7,,0,1,3,15,A01
201900055521,3,7,,0,1,7,1,A01
201900055522,2,1,,0,0,0,1,A01
201900055523,2,17,,0,0,0,0,B01
201900055523,2,7,,4,2,2,17,A01
201900055524,3,7,,0,1,5,26,A01
201900055525,1,7,,13,2,1,2,A01
201900055525,1,17,,0,2,4,2,B01
201900055526,1,7,,0,2,3,13,A01
201900055526,2,7,,0,2,3,1,B01
201900055527,2,7,,0,2,1,13,A01
201900055527,1,7,,0,2,1,1,B01
201900055528,3,7,,0,9,1,1,B01
201900055528,3,1,,0,2,8,1,A01
201900055529,2,2,,0,2,8,1,B01
201900055529,1,3,,0,2,1,15,A01
201900055530,1,17,,0,2,6,1,B01
201900055530,1,7,,0,2,2,14,A01
201900055531,2,7,,0,1,1,1,A01
201900055532,2,7,,3,0,1,11,A01
201900055533,2,7,,0,0,2,1,A01
201900055534,2,10,,0,2,7,17,B01
201900055534,2,2,,0,2,8,1,A01
201900055535,2,15,,0,2,1,1,B01
201900055535,3,7,,0,2,8,1,A01
201900055536,2,7,,2,0,1,1,A01
201900055537,2,7,,0,2,3,23,B01
201900055537,1,33,,0,2,3,1,A01
201900055538,1,7,,0,2,1,15,A01
201900055538,2,2,,0,2,1,1,B01
201900055539,2,7,,0,2,3,26,B01
201900055539,3,7,,0,2,1,1,A01
201900055540,2,7,,0,2,3,26,A01
201900055540,1,33,,0,2,1,1,B01
201900055541,3,7,,0,2,1,1,A01
201900055541,3,7,,0,2,4,1,B01
201900055541,3,7,,0,0,4,1,C01
201900055542,1,2,,0,2,1,1,B01
201900055542,3,7,,0,2,5,15,A01
201900055543,1,7,,0,2,1,2,A01
201900055543,1,7,,0,2,4,2,B01
201900055544,2,7,,14,2,1,2,A01
201900055544,2,7,,14,2,4,23,B01
201900055544,2,7,,0,2,4,23,C01
201900055545,2,7,,6,2,6,1,B01
201900055545,3,7,,0,2,1,1,A01
201900055546,2,7,,0,1,1,1,A01
201900055547,1,2,,12,0,1,1,A01
201900055548,1,1,,0,2,4,0,C01
201900055548,1,1,,0,2,4,0,B01
201900055548,1,7,,0,9,1,0,A01
201900055549,2,7,,13,0,2,14,A01
201900055550,3,7,,0,2,1,15,A01
201900055550,3,37,2.0,0,2,2,1,B01
201900055551,1,17,,0,2,8,1,B01
201900055551,2,7,,0,2,3,13,A01
201900055552,2,7,,3,0,1,2,A01
201900055552,2,7,,0,0,5,23,B01
201900055553,2,7,,3,0,3,2,A01
201900055554,2,31,,0,2,1,1,B01
201900055554,2,7,,0,2,8,19,A01
201900055555,2,33,,0,2,1,1,B01
201900055555,1,7,,0,2,5,15,A01
201900055556,1,7,,0,2,1,1,D01
201900055556,1,7,,0,2,1,1,C01
201900055556,1,7,,0,2,1,1,B01
201900055556,2,7,,3,2,1,24,A01
201900055557,2,14,,0,2,1,1,B01
201900055557,1,7,,0,2,2,26,A01
201900055558,0,2,,0,2,8,1,B01
201900055558,0,15,,0,2,2,1,A01
201900055559,1,7,,3,0,2,14,A01
201900055560,1,7,,0,0,0,0,B01
201900055560,1,7,,0,0,0,0,A01
201900055561,2,7,,0,2,1,17,A01
201900055561,2,7,,0,2,1,1,C01
201900055561,2,7,,0,2,1,1,B01
201900055562,1,7,,0,2,8,1,C01
201900055562,2,7,,0,2,0,15,B01
201900055562,2,33,,0,2,0,17,A01
201900055563,1,33,,0,2,6,9,B01
201900055563,1,7,,0,2,2,12,A01
201900055564,2,2,,0,0,0,1,A01
201900055565,0,32,,0,0,7,1,A01
201900055566,2,7,,0,2,1,1,B01
201900055566,1,7,,0,2,1,13,A01
201900055567,1,7,,0,2,6,1,B01
201900055567,1,33,,0,2,1,1,A01
201900055568,1,7,,1,1,1,2,A01
201900055569,1,7,,0,2,4,2,B01
201900055569,1,33,,0,2,1,2,A01
201900055570,2,17,,16,0,8,1,A01
201900055571,0,31,,0,2,1,1,A01
201900055571,0,7,,0,2,7,1,B01
201900055572,0,7,,8,0,2,1,A01
201900055573,0,7,,0,1,0,1,Z01
201900055574,1,7,,0,2,3,1,B01
201900055574,1,7,,0,2,1,12,A01
201900055575,1,7,,6,0,0,1,A01
201900055576,2,7,,0,0,0,0,B01
201900055576,2,7,,0,2,1,1,A01
201900055577,1,7,,0,2,6,2,C01
201900055577,1,7,,0,2,4,2,B01
201900055577,1,7,,0,2,1,1,A01
201900055578,3,2,,10,0,3,1,A01
201900055579,2,7,,0,2,4,0,C01
201900055579,2,7,,0,2,4,2,B01
201900055579,2,7,,0,2,1,2,A01
201900055580,1,7,,0,2,1,1,B01
201900055580,2,7,,0,2,1,1,A01
201900055581,2,7,,0,2,1,15,A01
201900055581,2,7,,0,2,4,1,B01
201900055581,2,7,,0,2,4,1,C01
201900055582,1,7,,0,0,2,1,A01
201900055583,2,7,,0,2,4,2,C01
201900055583,2,7,,0,2,4,2,B01
201900055583,2,7,,0,2,1,2,A01
201900055584,1,7,,0,2,3,1,B01
201900055584,1,7,,0,2,1,1,A01
201900055585,0,7,,0,1,2,1,A01
201900055586,2,7,,0,2,8,9,A01
201900055586,2,10,,0,2,2,1,B01
201900055587,2,7,,0,1,2,23,A01
201900055588,1,10,,0,2,6,1,B01
201900055588,1,7,,0,2,2,1,A01
201900055589,1,7,,4,2,6,1,B01
201900055589,1,7,,4,2,2,18,Z01
201900055590,2,7,,0,2,1,1,B01
201900055590,1,7,,0,2,1,13,A01
201900055591,1,50,,0,2,8,19,Y01
201900055591,1,7,,0,1,1,1,A01
201900055592,1,7,,0,2,1,1,B01
201900055592,2,7,,0,2,1,5,A01
201900055593,2,7,,4,0,1,13,A01
201900055594,0,7,,0,0,4,2,B01
201900055594,0,7,,0,2,1,2,A01
201900055595,0,7,,0,2,1,1,B01
201900055595,0,7,,0,2,6,1,A01
201900055596,1,7,,3,2,9,1,A01
201900055597,1,7,,0,1,0,1,A01
201900055598,1,7,,16,0,2,21,A01
201900055599,0,7,,0,1,1,1,A01
201900055600,2,7,,12,2,3,1,B01
201900055600,1,7,,12,2,3,1,A01
201900055601,1,10,,0,2,4,1,B01
201900055601,1,7,,0,2,1,1,A01
201900055602,1,7,,2,0,1,0,A01
201900055603,1,7,,0,1,6,1,A01
201900055604,1,31,,0,1,1,1,A01
201900055604,2,7,,0,2,7,1,B01
201900055605,0,7,,9,0,1,1,A01
201900055606,0,15,,0,1,2,1,A01
201900055607,3,7,,0,2,8,1,B01
201900055607,2,32,,0,2,1,1,A01
201900055608,2,7,,0,2,1,1,B01
201900055608,1,7,,0,2,1,13,A01
201900055609,2,7,,17,0,2,14,A01
201900055610,2,7,,13,0,1,1,A01
201900055611,2,2,,0,2,1,0,B01
201900055611,2,7,,0,2,3,13,A01
201900055612,1,30,,0,9,1,0,A01
201900055612,1,1,,0,2,4,1,B01
201900055613,1,1,,0,2,1,19,B01
201900055613,1,37,1.0,0,2,7,1,A01
201900055614,1,30,,0,0,0,1,A01
201900055615,3,7,,0,2,2,26,A01
201900055615,3,7,,0,2,2,14,B01
201900055616,3,7,,0,2,1,1,B01
201900055616,3,7,,0,2,2,1,A01
201900055617,0,7,,2,1,1,14,A01
201900055618,2,1,,0,2,6,0,B01
201900055618,2,33,,0,2,2,17,A01
201900055619,2,7,,8,0,1,2,A01
201900055620,2,32,,0,0,7,1,A01
201900055621,2,7,,0,0,9,1,A01
201900055622,1,7,,0,2,6,11,B01
201900055622,1,7,,0,2,2,17,A01
201900055623,2,7,,0,1,7,1,A01
201900055624,3,7,,0,2,3,16,A01
201900055624,3,33,,0,2,1,1,B01
201900055625,1,31,,1,0,1,1,A01
201900055626,2,7,,0,1,1,1,Z01
201900055627,3,7,,2,0,2,26,A01
201900055628,1,30,,0,2,6,0,A01
201900055628,1,7,,0,2,2,0,B01
201900055629,3,30,,0,0,8,16,A01
201900055630,2,2,,0,2,3,21,A01
201900055630,2,7,,0,0,5,0,B01
201900055631,2,7,,0,2,6,23,B01
201900055631,2,1,,0,2,1,1,A01
201900055632,2,7,,4,0,3,1,A01
201900055633,3,30,,12,0,0,15,A01
201900055634,1,7,,0,2,6,1,A01
201900055634,2,7,,0,2,1,1,B01
201900055635,3,7,,0,2,1,1,A01
201900055636,1,33,,0,2,1,1,B01
201900055636,1,10,,0,2,8,10,A01
201900055637,1,33,,0,2,1,1,B01
201900055637,1,7,,0,2,2,16,A01
201900055638,1,3,,0,2,2,13,A01
201900055638,2,7,,0,2,1,21,B01
201900055639,1,33,,0,1,1,0,Z01
201900055640,1,7,,0,2,2,1,A01
201900055640,2,7,,0,2,1,1,Z01
201900055641,0,7,,0,1,4,20,A01
201900055642,1,7,,0,2,1,5,Z01
201900055642,2,7,,0,2,5,1,A01
201900055643,2,7,,0,2,5,9,A01
201900055643,2,31,,0,2,5,1,B01
201900055644,1,1,,0,2,1,17,B01
201900055644,1,1,,0,2,8,13,A01
201900055645,1,32,,0,1,1,17,A01
201900055646,1,30,,0,2,1,14,A01
201900055646,1,7,,0,2,4,24,B01
201900055647,2,1,,0,1,1,1,A01
201900055648,1,1,,0,0,8,21,A01
201900055649,1,7,,0,2,2,15,A01
201900055649,2,1,,0,2,1,7,B01
201900055650,1,7,,0,2,4,23,B01
201900055650,1,30,,0,2,1,2,A01
201900055651,1,30,,0,1,1,1,A01
201900055652,2,7,,9,0,1,13,A01
201900055653,2,7,,0,2,2,15,A01
201900055653,1,7,,0,2,1,1,B01
201900055654,2,33,,0,2,8,1,B01
201900055654,2,7,,0,2,7,16,A01
201900055655,3,7,,0,2,2,9,B01
201900055655,3,3,,0,2,1,15,A01
201900055656,1,32,,0,2,1,1,A01
201900055656,1,10,,0,2,1,1,B01
201900055657,1,7,,0,1,2,1,A01
201900055658,1,7,,0,2,1,1,A01
201900055658,1,7,,0,2,4,2,B01
201900055658,1,7,,0,2,4,2,C01
201900055658,1,7,,0,2,4,2,D01
201900055659,2,7,,1,0,2,1,A01
201900055660,1,7,,12,0,2,1,A01
201900055661,3,99,,0,2,3,16,A01
201900055662,1,3,,0,2,1,1,A01
201900055662,1,3,,0,2,1,0,B01
201900055663,3,7,,0,2,8,15,B01
201900055663,3,30,,0,2,1,1,A01
201900055664,3,7,,0,2,1,16,B01
201900055664,3,50,,0,2,1,1,A01
201900055665,1,7,,0,0,0,1,A01
201900055666,1,30,,0,2,0,15,B01
201900055666,2,34,,0,2,8,1,A01
201900055667,2,7,,1,0,2,14,A01
201900055668,1,33,,0,0,1,13,A01
201900055669,2,7,,0,2,3,1,A01
201900055669,1,7,,0,2,8,1,B01
201900055670,1,7,,0,1,1,1,A01
201900055670,2,1,,0,2,1,1,B01
201900055671,1,33,,3,0,2,21,A01
201900055671,1,7,,0,0,0,11,B01
201900055672,0,33,,14,0,1,0,A01
201900055673,1,21,,0,2,1,1,B01
201900055673,2,7,,0,2,3,13,A01
201900055674,3,7,,0,1,3,1,A01
201900055675,2,7,,0,2,3,15,A01
201900055675,1,7,,0,2,3,1,B01
201900055676,2,7,,0,2,1,1,B01
201900055676,1,7,,0,2,7,17,A01
201900055677,3,7,,0,2,3,1,A01
201900055677,3,33,,0,2,4,14,B01
201900055678,1,10,,2,0,1,1,A01
201900055679,0,33,,0,2,8,1,A01
201900055679,0,7,,0,2,8,13,B01
201900055680,2,7,,0,2,3,13,A01
201900055680,1,7,,0,2,3,1,B01
201900055681,1,7,,0,2,2,1,A01
201900055681,2,7,,0,2,1,13,B01
201900055682,2,7,,6,0,3,14,A01
201900055683,3,7,,0,2,3,1,A01
201900055683,3,7,,0,2,3,1,B01
201900055684,1,7,,0,9,2,19,A01
201900055684,1,1,,0,2,1,1,B01
201900055685,0,7,,2,0,3,1,A01
201900055686,2,1,,0,2,1,1,B01
201900055686,1,7,,0,0,3,15,A01
201900055687,3,7,,0,2,3,1,A01
201900055687,3,10,,0,2,3,1,B01
201900055688,1,7,,0,0,8,13,A01
201900055689,2,7,,0,2,3,13,A01
201900055689,1,7,,0,2,1,1,B01
201900055690,1,7,,0,0,1,1,B01
201900055690,2,7,,0,2,1,17,A01
201900055691,3,1,,0,2,7,26,B01
201900055691,3,7,,0,9,1,1,A01
201900055692,0,7,,0,1,2,1,A01
201900055693,1,7,,0,1,7,1,A01
201900055694,1,7,,13,0,1,16,A01
201900055695,2,7,,0,2,6,17,C01
201900055695,2,33,,0,2,7,17,B01
201900055695,1,7,,0,2,3,1,A01
201900055696,0,33,,0,2,2,17,B01
201900055696,3,10,,0,2,8,15,A01
201900055697,3,33,,0,2,3,1,B01
201900055697,3,7,,0,0,6,15,A01
201900055698,2,1,,0,2,1,1,B01
201900055698,1,7,,0,0,5,15,A01
201900055699,3,33,,0,2,1,1,B01
201900055699,3,7,,0,2,7,15,A01
201900055700,3,7,,13,2,1,19,A01
201900055700,2,7,,9,2,8,1,B01
201900055701,1,33,,4,0,7,21,A01
201900055702,3,7,,0,2,5,19,A01
201900055702,1,33,,0,2,1,1,B01
201900055703,2,7,,0,2,1,1,B01
201900055703,1,7,,0,2,1,1,A01
201900055704,3,33,,6,0,1,1,A01
201900055705,1,2,,0,0,7,0,A01
201900055706,3,31,,4,0,2,1,A01
201900055707,2,33,,1,0,9,17,A01
201900055708,1,33,,0,2,7,17,A01
201900055708,1,7,,0,2,8,15,B01
201900055709,1,7,,0,2,6,5,A01
201900055709,1,7,,0,0,6,1,B01
201900055709,1,33,,6,2,7,17,C01
201900055710,1,7,,0,2,3,1,B01
201900055710,2,2,,13,2,3,13,A01
201900055711,1,7,,0,2,1,17,B01
201900055711,3,33,,0,2,1,1,A01
201900055712,1,7,,2,0,1,13,A01
201900055713,2,31,,16,0,0,1,A01
201900055714,2,2,,0,2,4,26,B01
201900055714,2,2,,0,2,1,2,A01
201900055715,1,1,,0,0,4,1,A01
201900055715,1,7,,0,2,0,0,B01
201900055716,1,7,,0,2,3,21,B01
201900055716,2,33,,0,2,1,17,A01
201900055717,0,7,,13,0,2,1,A01
201900055718,2,33,,0,6,3,1,A01
201900055719,1,7,,4,0,1,1,A01
201900055720,2,7,,0,2,1,1,B01
201900055720,2,7,,6,2,8,1,A01
201900055721,2,2,,0,2,1,5,B01
201900055721,1,7,,0,2,1,1,A01
201900055722,1,1,,0,2,1,19,B01
201900055722,2,7,,0,2,2,1,A01
201900055723,0,7,,13,0,1,13,A01
201900055724,1,7,,0,0,0,21,A01
201900055725,2,7,,2,0,1,1,A01
201900055726,1,7,,0,2,1,21,A01
201900055726,2,7,,0,2,1,1,B01
201900055727,2,2,,0,2,1,15,A01
201900055727,2,10,,0,0,6,1,B01
201900055728,2,33,,0,0,9,1,A01
201900055729,2,2,,0,0,3,26,A01
201900055730,2,7,,15,0,2,17,A01
201900055731,2,7,,12,0,7,26,A01
201900055732,3,2,,8,0,8,0,A01
201900055733,2,7,,6,0,2,1,A01
201900055734,1,33,,0,0,0,1,A01
201900055735,1,7,,0,2,3,13,A01
201900055735,2,7,,0,2,3,1,B01
201900055736,1,1,,0,0,8,1,A01
201900055737,1,7,,13,0,3,19,B01
201900055737,2,7,,0,0,6,1,A01
201900055738,2,7,,2,0,2,1,A01
201900055739,1,7,,6,0,1,1,A01
201900055740,1,7,,0,2,3,1,B01
201900055740,2,7,,0,2,3,13,A01
201900055741,3,33,,12,0,1,1,A01
201900055742,0,7,,0,2,2,1,A01
201900055742,0,7,,0,2,1,0,B01
201900055743,3,7,,0,2,1,1,A01
201900055743,3,7,,0,0,8,1,B01
201900055744,1,7,,6,0,1,2,A01
201900055745,1,7,,0,9,2,2,A01
201900055745,1,2,,0,2,4,2,B01
201900055746,1,33,,0,2,3,13,A01
201900055746,2,10,,0,2,3,1,B01
201900055747,3,2,,0,2,1,17,B01
201900055747,3,2,,0,2,1,1,A01
201900055748,1,7,,13,0,1,21,A01
201900055749,2,7,,4,0,3,1,A01
201900055750,1,10,,0,0,6,1,B01
201900055750,1,7,,0,2,2,3,A01
201900055751,1,7,,3,0,4,2,B01
201900055751,1,15,,4,2,2,2,A01
201900055752,1,7,,0,0,4,2,B01
201900055752,1,7,,0,2,1,2,A01
201900055753,1,7,,0,2,6,1,B01