Num_Acc,senc,catv,occutc,obs,obsm,choc,manv,num_veh
201900055753,1,32,,3,2,1,0,A01
201900055754,3,99,,10,0,2,1,A01
201900055755,1,17,,0,2,8,1,C01
201900055755,1,7,,0,2,1,2,B01
201900055755,1,7,,0,2,7,14,A01
201900055756,1,7,,3,0,8,1,A01
201900055757,1,7,,0,2,4,2,F01
201900055757,1,7,,3,2,4,2,E01
201900055757,1,7,,0,2,5,2,D01
201900055757,1,7,,0,2,4,2,C01
201900055757,1,7,,0,2,4,2,B01
201900055757,1,17,,0,2,1,2,A01
201900055758,1,7,,0,0,9,1,A01
201900055759,1,7,,0,2,1,1,E01
201900055759,1,7,,0,2,1,1,D01
201900055759,1,7,,0,2,1,1,C01
201900055759,1,10,,0,2,9,1,B01
201900055759,1,7,,0,0,4,1,A01
201900055760,2,17,,0,0,6,2,B01
201900055760,2,7,,0,2,2,2,A01
201900055761,2,33,,4,0,1,1,A01
201900055762,1,7,,0,1,2,1,A01
201900055763,1,7,,3,2,1,2,A01
201900055763,1,7,,0,2,4,2,B01
201900055763,1,10,,0,0,8,2,C01
201900055764,2,99,,0,2,4,1,C01
201900055764,2,17,,0,0,0,2,B01
201900055764,2,7,,0,2,1,2,A01
201900055765,2,7,,0,0,4,2,B01
201900055765,2,7,,0,2,1,2,A01
201900055766,3,10,,16,0,0,14,A01
201900055767,1,7,,12,0,9,21,A01
201900055768,1,7,,0,0,9,1,A01
201900055769,2,7,,1,0,1,25,A01
201900055769,0,7,,0,2,4,23,B01
201900055770,2,7,,0,2,1,13,A01
201900055770,1,7,,0,2,3,1,B01
201900055771,3,0,,0,2,1,0,B01
201900055771,3,7,,0,2,6,1,A01
201900055772,2,7,,0,2,3,13,A01
201900055772,1,7,,0,2,3,1,B01
201900055773,2,17,,0,2,2,1,B01
201900055773,2,7,,0,0,6,15,A01
201900055774,2,7,,0,2,3,1,A01
201900055774,1,7,,0,2,3,1,B01
201900055774,2,10,,0,9,3,1,C01
201900055775,3,1,,0,9,5,15,A01
201900055775,0,1,,0,9,1,1,B01
201900055776,1,7,,0,2,1,1,B01
201900055776,1,7,,0,2,3,9,A01
201900055777,2,1,,0,2,1,1,B01
201900055777,1,7,,9,9,1,13,A01
201900055778,1,7,,0,2,1,14,B01
201900055778,2,7,,0,2,1,13,A01
201900055779,2,7,,0,2,1,1,B01
201900055779,1,7,,0,2,1,13,A01
201900055780,1,32,,12,0,2,1,A01
201900055781,1,7,,11,0,3,0,A01
201900055782,3,7,,0,1,1,1,A01
201900055783,1,7,,0,2,3,13,A01
201900055783,2,2,,0,2,1,1,B01
201900055783,1,7,,0,2,6,2,C01
201900055784,2,33,,0,0,9,13,B01
201900055784,2,7,,0,0,0,9,A01
201900055785,2,1,,0,0,0,0,A01
201900055786,1,7,,12,2,2,5,A01
201900055786,2,34,,0,2,1,1,B01
201900055787,2,2,,4,0,7,1,A01
201900055788,2,7,,0,9,2,1,A01
201900055788,2,1,,0,2,4,1,B01
201900055789,2,1,,0,2,1,13,A01
201900055789,1,2,,0,2,1,1,B01
201900055790,1,33,,0,0,7,1,A01
201900055791,1,7,,13,2,3,15,A01
201900055791,0,7,,13,2,2,1,B01
201900055792,3,7,,0,0,4,2,B01
201900055792,3,7,,0,2,1,2,A01
201900055793,1,31,,12,0,7,1,A01
201900055794,1,99,,0,2,3,1,B01
201900055794,2,7,,0,2,3,26,A01
201900055795,3,7,,0,2,1,1,E01
201900055795,3,7,,0,2,6,18,D01
201900055795,3,7,,0,2,1,1,C01
201900055795,3,14,,0,2,1,1,B01
201900055795,3,17,,7,2,9,13,A01
201900055796,2,7,,0,2,8,5,A01
201900055796,3,0,,0,2,0,0,B01
201900055797,0,7,,0,2,1,15,A01
201900055797,3,2,,0,2,1,1,B01
201900055798,0,33,,6,0,1,1,A01
201900055799,0,7,,0,2,2,15,A01
201900055799,1,7,,1,0,2,1,B01
201900055800,3,2,,12,0,9,15,A01
201900055801,2,1,,0,2,7,1,B01
201900055801,1,7,,0,2,3,15,A01
201900055802,2,10,,9,0,3,1,B01
201900055802,2,7,,9,1,1,20,A01
201900055803,2,21,,0,2,2,16,B01
201900055803,2,33,,0,2,3,18,A01
201900055804,1,33,,15,2,1,17,A01
201900055804,1,43,,0,2,6,17,B01
201900055805,1,7,,6,0,3,13,A01
201900055806,1,7,,0,0,4,1,B01
201900055806,1,7,,0,2,2,2,A01
201900055807,2,10,,8,0,2,1,A01
201900055808,0,2,,0,2,3,1,A01
201900055808,0,7,,0,2,3,0,B01
201900055809,1,33,,0,0,4,1,A01
201900055809,1,33,,0,2,1,2,B01
201900055810,2,10,,0,1,2,1,A01
201900055811,1,2,,5,0,2,1,A01
201900055812,0,1,,0,2,7,0,B01
201900055812,0,7,,0,2,8,0,A01
201900055813,2,7,,16,0,0,1,A01
201900055814,2,33,,0,0,0,1,A01
201900055815,0,7,,0,2,1,1,B01
201900055815,0,7,,0,2,1,1,A01
201900055816,1,7,,2,0,3,1,A01
201900055817,1,7,,0,0,2,1,A01
201900055818,1,7,,13,0,2,1,A01
201900055819,1,7,,0,2,8,15,B01
201900055819,1,2,,0,2,2,17,A01
201900055820,2,7,,0,2,3,12,B01
201900055820,2,33,,0,2,7,17,A01
201900055821,2,15,,0,2,3,1,B01
201900055821,2,7,,0,2,2,17,A01
201900055822,2,7,,16,0,9,1,A01
201900055823,2,7,,0,2,2,15,B01
201900055823,1,33,,0,2,7,1,A01
201900055824,1,7,,0,2,2,1,C01
201900055824,1,7,,4,2,6,1,B01
201900055824,1,7,,0,2,2,11,A01
201900055825,2,7,,4,0,3,9,A01
201900055826,2,7,,0,2,4,1,A01
201900055826,2,33,,0,2,1,2,B01
201900055827,2,7,,0,2,4,2,C01
201900055827,2,7,,0,2,4,2,B01
201900055827,2,7,,0,2,1,2,A01
201900055828,2,7,,0,2,3,9,A01
201900055828,2,7,,4,2,5,12,B01
201900055829,2,7,,0,2,3,1,C01
201900055829,2,7,,0,2,6,1,B01
201900055829,2,17,,0,2,2,12,A01
201900055830,1,31,,14,0,0,1,A01
201900055831,2,31,,0,0,1,1,A01
201900055832,2,31,,0,2,7,3,B01
201900055832,2,7,,0,2,6,11,A01
201900055833,1,10,,0,2,2,2,A01
201900055833,1,1,,0,2,4,2,B01
201900055834,1,33,,0,2,1,1,B01
201900055834,1,7,,0,2,4,9,A01
201900055835,1,7,,0,2,7,17,B01
201900055835,1,7,,0,2,3,11,A01
201900055836,2,10,,0,2,4,2,C01
201900055836,2,7,,0,2,4,2,B01
201900055836,2,7,,0,2,1,2,A01
201900055837,1,7,,1,0,1,14,A01
201900055838,2,31,,0,2,2,3,A01
201900055838,1,7,,0,2,8,1,B01
201900055839,1,33,,0,2,8,13,A01
201900055839,1,7,,0,2,8,2,B01
201900055840,1,7,,0,2,4,2,B01
201900055840,1,7,,0,2,1,2,A01
201900055841,2,7,,0,2,4,2,C01
201900055841,2,7,,0,2,4,2,B01
201900055841,2,7,,0,2,1,2,A01
201900055842,2,13,,0,2,1,2,A01
201900055842,2,7,,0,0,0,1,B01
201900055843,3,31,,12,0,8,0,A01
201900055844,2,13,,3,0,2,26,A01
201900055845,2,7,,0,2,2,0,B01
201900055845,2,33,,0,2,3,3,A01
201900055846,1,15,,3,0,7,0,A01
201900055847,2,7,,0,2,1,1,A01
201900055847,2,7,,0,2,4,2,B01
201900055848,1,7,,0,2,2,12,A01
201900055848,1,7,,0,2,6,1,B01
201900055849,2,33,,0,0,9,21,A01
201900055850,2,34,,0,2,7,21,A01
201900055850,2,10,,0,2,8,0,B01
201900055851,2,7,,1,0,2,21,C01
201900055851,2,7,,0,2,4,23,B01
201900055851,2,7,,1,0,1,2,A01
201900055852,2,7,,0,2,4,2,D01
201900055852,2,7,,0,2,4,2,C01
201900055852,2,7,,0,2,4,2,B01
201900055852,2,14,,0,2,1,2,A01
201900055853,1,7,,0,2,1,1,A01
201900055853,1,7,,0,2,4,2,B01
201900055853,1,7,,0,2,1,2,C01
201900055853,1,7,,0,2,1,2,D01
201900055853,1,7,,0,2,2,2,E01
201900055854,2,32,,3,0,3,9,A01
201900055854,2,7,,0,6,2,1,B01
201900055855,2,0,,0,2,3,13,Z01
201900055855,2,7,,0,2,2,1,A01
201900055856,1,32,,0,2,4,23,B01
201900055856,1,7,,1,0,2,2,A01
201900055857,2,7,,0,2,1,2,A01
201900055857,2,7,,0,2,1,2,B01
201900055857,2,7,,0,2,1,2,C01
201900055857,2,10,,0,2,4,2,D01
201900055858,1,43,,0,2,7,3,B01
201900055858,1,7,,0,2,8,11,A01
201900055859,1,7,,0,2,1,1,A01
201900055859,1,33,,0,2,4,1,B01
201900055860,1,10,,0,2,3,11,B01
201900055860,1,33,,0,2,7,3,A01
201900055861,1,10,,0,2,4,1,B01
201900055861,1,7,,0,2,4,1,C01
201900055861,1,10,,0,2,1,1,A01
201900055862,1,31,,0,0,0,1,A01
201900055863,1,7,,0,2,4,1,A01
201900055863,1,7,,0,2,1,1,B01
201900055864,2,7,,0,2,5,1,B01
201900055864,2,33,,0,2,1,13,A01
201900055865,1,7,,0,2,5,12,A01
201900055865,1,31,,0,2,8,3,B01
201900055866,1,1,,0,0,0,1,A01
201900055867,2,7,,4,2,6,1,B01
201900055867,2,17,,0,2,2,12,A01
201900055868,2,7,,0,2,1,2,A01
201900055868,2,14,,0,2,4,1,B01
201900055869,2,10,,0,2,1,2,A01
201900055869,2,10,,0,2,4,2,C01
201900055869,2,10,,0,2,1,2,B01
201900055869,2,10,,0,2,4,2,D01
201900055870,1,7,,0,2,6,26,B01
201900055870,1,15,,0,2,8,1,C01
201900055870,1,7,,0,2,0,21,A01
201900055871,1,7,,0,2,1,26,A01
201900055871,2,7,,0,2,8,1,C01
201900055871,1,10,,0,0,4,1,B01
201900055872,1,33,,0,2,6,1,A01
201900055872,1,7,,0,2,7,14,Z01
201900055873,1,7,,0,2,5,1,B01
201900055873,1,7,,0,2,3,1,C01
201900055873,1,33,,0,2,1,3,A01
201900055874,3,43,,0,2,1,1,B01
201900055874,3,10,,0,2,2,13,A01
201900055875,2,99,,0,2,1,1,A01
201900055875,2,14,,0,2,6,2,B01
201900055876,2,33,,0,2,1,3,A01
201900055876,2,7,,0,2,6,3,B01
201900055877,2,43,,0,2,1,3,A01
201900055877,2,10,,0,2,4,12,B01
201900055878,2,7,,0,2,4,23,B01
201900055878,2,7,,0,2,1,1,A01
201900055879,2,10,,0,0,4,1,B01
201900055879,2,10,,0,2,1,2,A01
201900055880,2,7,,9,0,2,14,A01
201900055881,2,33,,12,0,3,0,A01
201900055882,1,7,,0,2,4,0,B01
201900055882,1,7,,0,2,1,0,A01
201900055883,1,7,,14,0,1,1,A01
201900055884,1,7,,0,2,1,2,A01
201900055884,1,7,,0,2,6,2,C01
201900055884,1,7,,0,2,5,2,B01
201900055885,2,7,,0,2,6,23,B01
201900055885,2,13,,1,0,2,9,A01
201900055886,1,34,,0,0,9,21,A01
201900055887,2,7,,0,2,4,2,B01
201900055887,2,7,,0,2,1,2,A01
201900055888,1,32,,3,0,1,0,A01
201900055889,1,7,,0,2,4,2,C01
201900055889,1,7,,0,2,5,2,B01
201900055889,1,7,,0,2,3,2,A01
201900055890,1,7,,0,2,4,23,B01
201900055890,1,7,,1,0,1,1,A01
201900055891,1,7,,0,2,1,2,A01
201900055891,1,7,,0,2,4,2,B01
201900055892,1,7,,0,2,1,2,A01
201900055892,1,7,,0,2,4,2,B01
201900055893,2,7,,1,0,1,2,A01
201900055893,2,7,,0,2,4,23,C01
201900055893,2,7,,0,2,4,23,B01
201900055894,1,7,,0,2,7,12,A01
201900055894,1,33,,0,2,3,1,B01
201900055895,1,7,,0,2,8,11,B01
201900055895,1,17,,0,2,6,23,C01
201900055895,1,32,,1,0,2,3,A01
201900055896,1,7,,0,2,2,3,A01
201900055896,1,7,,4,2,3,21,B01
201900055897,2,33,,0,0,9,1,A01
201900055898,2,7,,0,2,3,1,A01
201900055898,2,7,,0,2,5,12,B01
201900055899,1,7,,0,2,1,2,A01
201900055899,1,7,,0,2,4,2,C01
201900055899,1,7,,0,2,4,2,B01
201900055900,2,34,,0,0,9,1,A01
201900055901,2,33,,0,2,1,1,B01
201900055901,2,7,,0,2,5,12,A01
201900055902,2,33,,0,2,1,1,A01
201900055902,2,17,,0,2,4,11,B01
201900055903,2,32,,0,2,2,1,A01
201900055903,2,10,,0,2,6,11,B01
201900055904,1,17,,0,2,5,1,A01
201900055904,1,7,,0,2,1,2,C01
201900055904,1,7,,0,2,1,2,D01
201900055904,1,7,,0,2,3,11,B01
201900055905,1,7,,0,2,4,23,A01
201900055905,1,7,,0,2,4,2,B01
201900055905,1,7,,0,2,1,2,C01
201900055906,1,7,,0,2,4,2,A01
201900055906,1,7,,0,2,4,2,C01
201900055906,1,7,,0,2,1,2,D01
201900055906,1,7,,0,2,4,2,B01
201900055907,1,32,,0,0,0,3,A01
201900055908,2,7,,0,2,5,1,B01
201900055908,2,33,,0,2,1,13,A01
201900055909,1,7,,1,0,1,1,B01
201900055909,1,17,,1,0,6,24,A01
201900055910,1,7,,0,2,1,9,A01
201900055910,1,7,,0,2,4,1,B01
201900055911,1,10,,0,2,1,2,A01
201900055911,1,7,,0,2,4,1,B01
201900055912,1,7,,0,2,2,1,B01
201900055912,1,7,,1,0,8,20,A01
201900055913,2,38,1.0,0,1,1,1,A01
201900055914,2,15,,0,2,2,1,B01
201900055914,2,7,,0,2,3,9,A01
201900055915,3,7,,0,2,2,1,A01
201900055915,3,7,,0,2,1,1,B01
201900055916,3,37,1.0,0,2,1,1,A01
201900055916,3,7,,0,2,4,23,B01
201900055917,3,7,,0,2,3,15,A01
201900055917,3,1,,0,2,1,1,B01
201900055918,1,7,,0,2,3,9,A01
201900055918,1,7,,0,2,2,1,B01
201900055919,1,7,,0,0,0,0,B01
201900055919,1,33,,0,2,1,17,A01
201900055920,1,33,,0,2,2,17,B01
201900055920,1,7,,0,2,2,10,A01
201900055921,1,7,,0,2,2,1,B01
201900055921,1,7,,0,2,3,16,A01
201900055922,1,7,,0,2,3,26,A01
201900055922,1,7,,0,2,5,12,B01
201900055923,1,37,1.0,0,1,2,1,A01
201900055924,1,7,,0,2,3,15,A01
201900055924,2,99,,0,2,1,1,B01
201900055925,1,7,,0,0,9,14,A01
201900055926,2,7,,3,0,1,26,A01
201900055927,1,7,,14,2,7,9,A01
201900055927,1,7,,0,2,6,0,C01
201900055927,1,7,,0,2,5,2,B01
201900055928,2,33,,0,2,2,2,B01
201900055928,2,7,,0,2,3,15,A01
201900055929,2,7,,0,2,2,1,A01
201900055929,1,2,,0,2,0,0,B01
201900055930,1,7,,0,2,1,9,A01
201900055930,1,7,,0,2,6,26,B01
201900055931,2,7,,0,1,1,1,A01
201900055932,2,13,,0,1,1,16,Z01
201900055933,2,7,,0,2,3,1,B01
201900055933,1,7,,0,2,3,15,A01
201900055934,1,10,,14,2,3,13,A01
201900055934,3,7,,0,2,3,1,B01
201900055935,2,32,,0,2,1,1,B01
201900055935,1,7,,0,2,1,15,A01
201900055936,0,7,,0,1,2,1,A01
201900055937,1,7,,0,2,1,2,A01
201900055937,1,33,,1,2,4,2,B01
201900055938,2,7,,9,0,7,14,A01
201900055939,2,32,,1,4,1,1,A01
201900055940,0,2,,0,2,1,15,B01
201900055940,0,17,,0,2,0,15,A01
201900055941,0,7,,0,1,1,1,A01
201900055942,3,7,,9,2,3,1,B01
201900055942,3,7,,9,2,2,15,A01
201900055943,1,10,,0,1,1,2,A01
201900055944,2,7,,0,1,1,26,A01
201900055945,2,7,,0,1,1,1,A01
201900055946,2,1,,0,2,1,1,B01
201900055946,1,7,,0,2,3,15,A01
201900055947,3,33,,0,2,1,1,B01
201900055947,3,7,,0,2,8,9,A01
201900055948,2,30,,0,2,1,1,A01
201900055948,2,7,,0,2,3,0,B01
201900055949,1,7,,0,2,1,17,A01
201900055949,2,7,,0,2,1,26,B01
201900055950,1,7,,0,2,8,11,A01
201900055950,1,34,,0,2,1,2,B01
201900055951,1,7,,0,2,3,9,A01
201900055951,3,1,,0,2,7,0,B01
201900055952,0,7,,0,1,0,1,Z01
201900055953,1,7,,0,1,1,1,Z01
201900055954,1,7,,0,1,3,1,A01
201900055955,2,7,,0,1,1,15,A01
201900055956,1,7,,0,2,2,9,B01
201900055956,0,7,,0,2,3,1,D01
201900055956,2,37,1.0,0,2,6,1,C01
201900055956,1,7,,0,2,1,1,A01
201900055957,1,7,,0,2,8,16,B01
201900055957,1,7,,0,2,3,15,A01
201900055958,0,7,,0,2,1,2,A01
201900055958,0,7,,0,2,4,15,B01
201900055959,2,14,,0,2,5,1,A01
201900055959,2,7,,0,2,1,14,B01
201900055960,1,7,,0,1,1,16,A01
201900055961,1,7,,0,2,2,1,B01
201900055961,2,37,1.0,0,2,3,15,A01
201900055962,3,7,,0,2,6,9,A01
201900055962,3,33,,0,2,1,1,B01
201900055963,3,7,,0,2,3,2,A01
201900055963,3,32,,0,2,4,0,B01
201900055964,3,7,,0,2,3,26,C01
201900055964,1,33,,0,2,5,1,B01
201900055965,0,7,,0,1,3,1,A01
201900055966,1,2,,0,0,3,26,A01
201900055967,3,2,,0,1,1,1,A01
201900055968,0,30,,0,2,1,19,A01
201900055968,1,7,,0,2,7,1,B01
201900055969,2,33,,0,0,1,1,A01
201900055970,1,7,,0,1,1,1,A01
201900055971,3,7,,0,2,6,15,A01
201900055971,3,33,,0,2,1,17,B01
201900055972,1,33,,0,2,8,3,B01
201900055972,1,7,,0,2,2,12,A01
201900055973,1,32,,0,2,2,1,B01
201900055973,1,7,,0,2,2,20,A01
201900055974,1,7,,0,1,2,1,A01
201900055974,1,1,,0,2,4,1,B01
201900055975,1,7,,0,2,1,1,B01
201900055975,1,7,,0,2,1,17,A01
201900055976,1,7,,0,2,8,11,A01
201900055976,1,34,,0,2,7,1,B01
201900055977,1,7,,0,2,2,15,A01
201900055977,2,31,,0,2,1,1,B01
201900055978,3,7,,0,2,4,17,A01
201900055978,3,7,,0,2,1,2,C01
201900055978,3,7,,0,2,1,2,B01
201900055979,1,7,,0,1,0,1,A01
201900055980,1,7,,0,2,1,1,B01
201900055980,1,7,,0,2,8,15,A01
201900055981,1,2,,0,2,7,17,A01
201900055981,1,7,,0,2,8,15,B01
201900055982,3,7,,0,2,3,15,A01
201900055982,3,33,,0,2,8,0,B01
201900055983,2,7,,0,2,4,17,A01
201900055983,2,7,,0,2,0,1,B01
201900055984,0,7,,0,1,1,23,B01
201900055984,1,7,,0,2,1,2,A01
201900055985,1,7,,0,2,3,13,A01
201900055985,2,7,,0,2,3,1,B01
201900055986,2,33,,15,0,1,14,A01
201900055987,2,33,,0,2,4,1,D01
201900055987,1,7,,0,2,1,1,C01
201900055988,1,2,,0,1,1,1,Z01
201900055989,2,34,,0,2,1,1,B01
201900055989,1,7,,0,2,5,10,A01
201900055990,2,7,,0,2,1,1,B01
201900055990,1,7,,0,2,4,24,C01
201900055990,1,7,,1,2,7,19,A01
201900055991,2,7,,0,2,3,15,A01
201900055991,2,7,,0,2,7,17,B01
201900055992,0,7,,0,2,1,2,A01
201900055992,0,7,,0,2,3,2,B01
201900055993,2,33,,0,2,1,1,B01
201900055993,0,10,,0,2,2,19,A01
201900055994,1,99,,0,1,4,4,A01
201900055995,2,7,,0,2,6,19,A01
201900055995,2,7,,0,2,1,1,B01
201900055996,2,7,,0,1,1,1,A01
201900055997,1,30,,0,0,0,1,A01
201900055998,1,7,,2,0,1,2,A01
201900055999,2,7,,0,2,4,2,B01
201900055999,2,7,,0,2,1,2,A01
201900056000,1,7,,0,2,3,9,A01
201900056000,3,33,,0,2,2,1,B01
201900056001,1,10,,0,2,6,1,B01
201900056001,1,34,,0,2,1,14,A01
201900056002,1,7,,0,2,5,1,C01
201900056002,1,32,,0,2,3,3,B01
201900056002,1,7,,0,2,7,12,A01
201900056003,2,1,,0,2,4,7,B01
201900056003,2,10,,0,2,5,16,A01
201900056004,1,7,,0,2,8,22,A01
201900056004,1,15,,0,2,1,1,B01
201900056005,2,32,,0,2,1,1,B01
201900056005,1,10,,0,2,3,9,A01
201900056006,2,7,,0,1,2,1,A01
201900056007,2,7,,0,1,1,16,A01
201900056008,1,7,,0,2,2,4,B01
201900056008,2,2,,0,2,1,5,Z01
201900056009,1,7,,1,1,3,15,A01
201900056010,1,10,,0,1,4,4,A01
201900056011,2,33,,0,2,2,3,A01
201900056011,2,7,,0,2,3,15,B01
201900056012,2,7,,7,0,1,11,A01
201900056013,1,31,,0,2,1,9,A01
201900056013,1,37,1.0,0,2,7,1,B01
201900056014,1,7,,0,2,3,1,A01
201900056014,1,32,,0,2,5,12,B01
201900056015,1,1,,0,2,1,1,A01
201900056015,2,33,,0,2,1,1,B01
201900056016,2,43,,1,2,5,18,A01
201900056017,1,31,,12,0,8,14,A01
201900056018,1,32,,0,1,1,1,A01
201900056019,1,34,,0,2,1,7,A01
201900056019,1,7,,0,2,3,15,B01
201900056020,3,1,,0,2,4,1,B01
201900056020,3,7,,0,2,3,9,A01
201900056021,2,33,,0,2,5,0,B01
201900056021,1,7,,0,2,1,9,A01
201900056022,1,7,,0,1,2,16,A01
201900056023,2,7,,0,1,1,1,A01
201900056024,0,14,,0,1,6,16,A01
201900056025,1,7,,0,1,1,1,A01
201900056026,3,1,,1,0,1,1,B01
201900056026,3,7,,0,0,0,0,A01
201900056027,1,7,,0,6,1,15,A01
201900056027,1,1,,0,2,1,1,B01
201900056028,0,13,,0,1,4,20,A01
201900056029,1,7,,0,2,4,2,A01
201900056030,1,34,,0,0,8,1,A01
201900056031,1,7,,0,2,8,1,B01
201900056031,1,13,,0,2,2,12,A01
201900056032,1,10,,0,1,1,1,A01
201900056033,1,7,,0,1,1,1,A01
201900056034,3,33,,0,2,7,1,B01
201900056034,3,7,,0,2,3,9,A01
201900056035,1,7,,0,2,3,15,B01
201900056035,1,31,,0,2,1,1,A01
201900056036,1,30,,0,1,3,1,A01
201900056037,2,7,,0,1,2,1,A01
201900056038,3,10,,0,2,3,21,B01
201900056038,0,7,,0,2,2,13,A01
201900056039,0,7,,0,2,3,1,B01
201900056039,0,7,,0,2,3,13,A01
201900056040,1,7,,0,0,4,15,B01
201900056040,1,7,,0,2,1,1,A01
201900056041,1,7,,0,2,4,1,D01
201900056041,1,7,,0,2,4,1,C01
201900056041,1,7,,0,2,4,1,B01
201900056041,1,14,,0,0,4,1,A01
201900056041,1,7,,0,2,1,1,G01
201900056041,1,7,,0,2,0,1,F01
201900056041,1,15,,0,2,1,1,E01
201900056042,1,7,,0,2,1,13,A01
201900056042,2,7,,0,2,1,1,B01
201900056043,3,33,,0,0,8,1,A01
201900056044,1,7,,0,1,1,1,A01
201900056045,1,7,,3,0,1,26,A01
201900056046,2,7,,0,0,7,9,A01
201900056046,2,7,,0,2,1,1,B01
201900056046,1,7,,0,2,1,23,C01
201900056047,2,33,,0,2,1,17,A01
201900056047,1,7,,0,2,1,1,B01
201900056048,1,33,,1,0,1,1,A01
201900056049,1,7,,0,2,2,15,A01
201900056049,2,7,,0,2,1,1,B01
201900056050,1,7,,0,2,6,19,A01
201900056050,1,2,,0,2,1,1,A01
201900056051,1,2,,0,2,1,1,A01
201900056051,1,7,,0,0,6,20,B01
201900056052,1,33,,6,0,1,13,A01
201900056053,2,14,,0,1,0,15,A01
201900056054,0,33,,1,0,1,0,A01
201900056055,1,7,,0,1,1,1,A01
201900056056,1,7,,0,2,2,1,A01
201900056056,2,7,,0,2,3,1,B01
201900056057,0,0,,0,1,0,0,A01
201900056058,2,50,,0,2,1,2,A01
201900056058,2,10,,0,2,5,2,B01
201900056059,1,7,,0,1,4,26,A01
201900056060,1,30,,0,2,2,17,A01
201900056060,1,7,,0,2,3,15,B01
201900056061,3,33,,0,2,0,26,B01
201900056061,3,33,,0,2,0,26,A01
201900056062,1,31,,8,0,1,13,A01
201900056063,2,7,,9,0,1,15,A01
201900056064,1,7,,0,2,4,1,B01
201900056064,1,1,,0,2,1,2,A01
201900056065,1,7,,0,2,1,2,A01
201900056065,1,7,,0,2,4,1,B01
201900056066,1,7,,15,0,1,14,A01
201900056067,3,1,,12,0,7,14,A01
201900056068,0,7,,0,2,1,2,A01
201900056068,1,7,,1,2,4,16,B01
201900056069,0,2,,11,0,2,14,A01
201900056070,1,7,,0,2,3,6,A01
201900056070,1,1,,0,2,4,6,B01
201900056071,1,1,,0,2,1,15,B01
201900056071,1,1,,0,2,3,2,A01
201900056072,1,30,,0,0,9,0,A01
201900056073,3,10,,1,0,1,19,A01
201900056074,2,7,,0,2,2,1,A01
201900056074,3,1,,0,2,1,1,B01
201900056075,2,7,,3,0,1,17,A01
201900056076,1,7,,3,0,4,13,B01
201900056076,1,7,,3,2,1,14,A01
201900056077,1,7,,0,2,3,1,A01
201900056077,1,7,,0,2,5,15,B01
201900056078,3,10,,0,2,4,1,C01
201900056078,3,10,,0,2,0,0,B01
201900056078,3,10,,0,2,1,1,A01
201900056079,1,7,,2,0,1,17,A01
201900056080,2,7,,0,2,1,1,D01
201900056080,2,7,,0,2,1,1,F01
201900056080,2,10,,0,2,7,1,E01
201900056081,0,31,,0,2,1,1,B01
201900056081,0,7,,0,2,2,15,A01
201900056082,1,31,,0,1,1,1,A01
201900056083,1,33,,0,2,8,9,A01
201900056083,1,7,,0,2,7,1,B01
201900056084,2,7,,0,2,0,9,A01
201900056084,1,1,,0,2,5,1,B01
201900056085,1,7,,0,2,1,1,A01
201900056085,1,7,,0,2,4,2,B01
201900056086,1,10,,0,2,1,15,A01
201900056086,2,33,,0,2,1,1,B01
201900056087,1,7,,0,1,7,1,A01
201900056088,1,7,,0,2,3,1,A01
201900056088,1,7,,0,2,4,1,B01
201900056088,1,7,,0,2,4,1,C01
201900056089,2,7,,2,0,7,1,A01
201900056090,1,7,,0,2,3,13,B01
201900056090,1,7,,0,2,3,9,A01
201900056091,1,7,,0,2,1,9,A01
201900056091,1,7,,0,2,5,1,B01
201900056092,0,2,,0,1,3,1,A01
201900056093,2,7,,0,2,1,1,A01
201900056093,2,7,,0,2,4,2,B01
201900056094,2,7,,15,9,1,19,A01
201900056094,1,1,,0,2,1,0,B01
201900056095,2,99,,0,0,4,2,B01
201900056095,2,99,,0,2,1,1,A01
201900056096,1,33,,0,2,1,17,A01
201900056096,2,7,,0,2,3,15,B01
201900056097,2,7,,0,6,4,26,Z01
201900056097,2,34,,0,2,1,1,A01
201900056098,1,7,,0,2,1,3,A01
201900056098,1,7,,0,2,4,1,B01
201900056099,1,7,,0,2,1,15,A01
201900056099,1,7,,0,2,3,1,B01
201900056100,0,7,,0,2,0,0,C01
201900056100,1,7,,0,2,1,1,B01
201900056101,2,7,,2,0,1,1,A01
201900056102,0,31,,0,2,1,17,A01
201900056102,0,7,,0,2,4,0,B01
201900056103,1,1,,0,2,1,5,A01
201900056103,2,7,,0,2,3,1,B01
201900056104,1,7,,0,2,3,15,A01
201900056104,2,33,,0,2,1,1,B01
201900056105,2,7,,0,1,5,1,A01
201900056106,2,50,,0,2,2,1,A01
201900056106,2,7,,0,2,8,22,B01
201900056107,1,37,3.0,0,0,0,21,A01
201900056108,1,50,,0,1,8,1,A01
201900056109,1,7,,0,2,2,1,A01
201900056109,1,7,,8,2,1,1,B01
201900056110,3,7,,0,2,3,1,B01
201900056110,3,2,,0,2,1,9,A01
201900056111,3,7,,0,2,1,1,B01
201900056111,1,7,,0,2,2,19,A01
201900056112,1,33,,0,2,8,1,A01
201900056112,1,7,,0,2,1,9,Z01
201900056113,3,30,,0,1,0,26,A01
201900056114,2,10,,0,0,1,26,A01
201900056115,3,7,,0,2,1,2,B01
201900056115,2,7,,0,2,6,9,A01
201900056116,3,7,,14,2,7,1,B01
201900056116,3,7,,14,0,2,5,A01