Num_Acc,senc,catv,occutc,obs,obsm,choc,manv,num_veh
201900056117,1,7,,14,2,3,1,A01
201900056117,1,7,,14,2,1,1,B01
201900056118,0,32,,0,2,6,1,A01
201900056119,0,3,,0,1,4,20,A01
201900056120,3,7,,15,0,2,14,A01
201900056121,1,10,,0,1,1,15,A01
201900056122,1,14,,0,1,6,9,A01
201900056123,3,7,,8,0,3,13,A01
201900056124,2,7,,0,2,3,5,A01
201900056124,1,7,,0,2,3,1,B01
201900056125,1,7,,8,2,1,17,A01
201900056125,2,7,,6,0,7,23,B01
201900056126,2,7,,0,2,1,2,A01
201900056126,2,7,,0,0,4,2,B01
201900056127,2,33,,0,0,3,1,A01
201900056128,3,36,,6,0,3,1,A01
201900056129,2,33,,0,2,2,12,A01
201900056129,2,7,,0,2,6,1,B01
201900056130,1,7,,1,0,2,0,A01
201900056130,1,14,,0,0,6,24,B01
201900056131,2,33,,0,0,0,1,A01
201900056132,2,1,,12,0,4,1,B01
201900056132,2,2,,12,0,1,1,A01
201900056133,1,2,,0,2,1,1,B01
201900056133,2,7,,0,2,3,15,A01
201900056134,0,7,,14,0,2,1,A01
201900056135,3,2,,0,2,7,1,B01
201900056135,3,7,,0,2,3,9,A01
201900056136,2,33,,0,0,0,1,A01
201900056137,1,1,,0,2,9,15,B01
201900056137,2,14,,0,2,2,17,A01
201900056138,1,7,,0,0,9,1,A01
201900056139,2,7,,0,6,0,1,A01
201900056140,1,7,,0,2,1,1,A01
201900056140,1,7,,0,2,4,15,B01
201900056141,2,33,,0,0,8,14,A01
201900056142,3,7,,0,2,8,1,A01
201900056142,2,7,,0,2,2,9,B01
201900056143,0,31,,0,0,7,1,A01
201900056144,1,21,,0,0,0,1,A01
201900056145,2,31,,13,0,1,14,A01
201900056146,1,33,,13,0,0,1,A01
201900056147,2,7,,0,2,3,0,B01
201900056147,1,1,,0,2,2,1,A01
201900056148,1,14,,0,2,3,9,B01
201900056148,1,7,,0,2,2,1,A01
201900056149,1,7,,0,2,3,1,C01
201900056149,1,7,,0,2,3,1,B01
201900056149,2,7,,0,2,3,5,A01
201900056150,1,7,,0,2,1,5,A01
201900056150,2,99,,0,2,3,21,B01
201900056151,2,33,,6,0,9,1,A01
201900056152,1,7,,3,0,8,1,A01
201900056153,1,31,,0,0,1,21,A01
201900056154,2,7,,0,2,3,26,B01
201900056154,2,7,,0,2,2,1,A01
201900056155,2,33,,0,0,1,1,A01
201900056156,2,7,,0,2,2,1,B01
201900056156,2,7,,0,2,8,19,A01
201900056157,1,7,,0,0,6,2,B01
201900056157,1,15,,0,2,2,2,A01
201900056158,1,7,,0,2,2,5,A01
201900056158,2,7,,0,2,2,1,B01
201900056159,1,7,,12,2,3,13,A01
201900056159,2,2,,0,2,1,0,B01
201900056160,1,7,,0,2,2,13,A01
201900056160,2,7,,0,2,1,1,B01
201900056161,2,7,,14,0,3,1,C01
201900056161,2,7,,3,0,4,1,B01
201900056161,2,7,,0,2,1,3,A01
201900056162,1,7,,0,2,2,15,A01
201900056162,2,7,,0,2,1,1,B01
201900056163,3,7,,0,0,3,1,A01
201900056163,3,7,,0,0,2,17,B01
201900056164,2,7,,2,0,9,11,A01
201900056165,2,7,,13,0,3,1,A01
201900056166,3,34,,12,0,1,26,A01
201900056167,3,7,,0,1,2,2,A01
201900056168,1,33,,0,0,0,1,A01
201900056169,1,7,,0,2,3,9,A01
201900056169,1,7,,3,2,2,1,B01
201900056170,3,7,,2,0,2,1,A01
201900056171,0,17,,0,9,2,15,A01
201900056171,3,1,,0,2,1,1,B01
201900056172,3,36,,6,0,2,1,A01
201900056173,1,32,,14,0,0,6,A01
201900056174,2,10,,3,0,2,12,A01
201900056175,2,7,,0,2,2,17,B01
201900056175,2,7,,0,2,3,2,A01
201900056176,2,7,,0,2,8,1,B01
201900056176,1,7,,0,2,3,13,A01
201900056177,3,33,,0,0,0,0,A01
201900056178,3,14,,0,2,3,1,B01
201900056178,3,33,,0,2,1,1,A01
201900056179,0,42,,0,2,1,1,B01
201900056179,0,7,,0,0,3,19,A01
201900056180,2,7,,1,0,2,1,A01
201900056181,1,1,,0,2,1,1,B01
201900056181,1,7,,0,9,5,9,A01
201900056182,2,7,,6,0,3,1,A01
201900056183,2,7,,0,2,3,1,B01
201900056183,1,7,,0,2,3,0,A01
201900056184,1,10,,0,2,1,2,B01
201900056184,1,7,,0,2,4,23,A01
201900056185,1,7,,0,0,0,1,A01
201900056186,2,33,,0,0,8,15,A01
201900056187,1,1,,0,2,1,2,A01
201900056187,1,1,,0,2,4,2,B01
201900056188,1,7,,0,2,2,1,B01
201900056188,1,7,,0,2,5,19,A01
201900056189,1,7,,0,2,4,23,C01
201900056189,1,7,,0,2,4,23,B01
201900056189,1,14,,0,2,1,1,A01
201900056190,1,14,,0,2,4,1,B01
201900056190,1,10,,0,2,1,2,A01
201900056191,2,7,,4,0,1,13,A01
201900056192,2,7,,1,0,6,23,B01
201900056192,2,7,,1,0,2,16,A01
201900056193,1,10,,0,0,7,16,A01
201900056194,2,7,,0,2,1,26,A01
201900056194,2,7,,0,2,4,1,B01
201900056194,2,7,,0,2,2,1,C01
201900056194,2,7,,0,2,3,1,D01
201900056195,2,7,,1,2,1,1,B01
201900056195,1,7,,0,2,4,23,A01
201900056196,2,7,,0,2,4,2,B01
201900056196,2,7,,4,2,1,2,A01
201900056197,2,7,,4,0,1,1,A01
201900056198,1,7,,3,0,0,13,A01
201900056199,1,7,,3,0,1,13,A01
201900056200,2,7,,4,0,4,1,A01
201900056201,1,17,,0,0,9,9,A01
201900056202,1,7,,0,0,1,2,A01
201900056203,1,7,,1,0,4,23,A01
201900056203,1,1,,0,2,1,1,B01
201900056204,1,33,,0,0,2,1,A01
201900056205,1,50,,0,2,3,1,B01
201900056205,2,7,,0,6,2,15,A01
201900056206,1,13,,12,0,3,1,B01
201900056206,1,99,,12,0,3,17,A01
201900056207,1,7,,0,2,3,2,A01
201900056207,1,7,,0,2,5,2,B01
201900056208,1,7,,0,2,8,15,B01
201900056208,1,32,,0,2,1,17,A01
201900056209,1,7,,0,2,4,23,B01
201900056209,1,7,,0,2,1,2,A01
201900056210,3,7,,0,2,3,17,A01
201900056210,3,7,,0,0,0,0,B01
201900056210,3,1,,0,0,0,0,C01
201900056211,1,31,,0,2,1,2,A01
201900056211,1,1,,0,2,4,2,B01
201900056212,2,3,,0,2,2,16,A01
201900056212,1,3,,0,2,3,1,B01
201900056213,1,7,,0,2,4,1,B01
201900056213,1,1,,0,2,1,2,A01
201900056214,1,7,,12,0,3,13,A01
201900056215,3,7,,0,2,8,1,B01
201900056215,3,7,,0,2,6,24,A01
201900056216,2,7,,12,0,2,1,A01
201900056217,3,7,,0,2,3,1,B01
201900056217,3,2,,0,2,1,13,A01
201900056218,1,7,,0,2,5,19,A01
201900056218,2,7,,0,2,1,19,B01
201900056219,1,7,,2,0,1,13,A01
201900056220,3,30,,14,0,1,1,A01
201900056221,3,7,,0,2,1,1,A01
201900056221,3,34,,0,2,4,0,B01
201900056222,1,30,,0,0,1,1,A01
201900056223,2,7,,0,0,3,0,B01
201900056223,2,33,,0,2,2,17,A01
201900056224,3,33,,0,2,1,1,A01
201900056224,3,7,,0,2,5,1,B01
201900056225,2,7,,0,2,3,10,A01
201900056225,2,7,,0,2,0,1,B01
201900056226,1,7,,0,1,1,26,Z01
201900056227,2,34,,0,1,2,1,Z01
201900056228,2,30,,0,1,1,1,Z01
201900056229,1,10,,0,1,3,15,A01
201900056230,1,7,,0,2,2,10,A01
201900056230,2,32,,0,2,1,0,B01
201900056231,1,1,,1,0,1,21,B01
201900056231,1,7,,0,2,8,22,A01
201900056232,1,30,,0,1,1,1,Z01
201900056233,1,33,,0,2,1,15,A01
201900056233,1,7,,0,2,0,16,Z01
201900056234,2,7,,8,0,1,14,A01
201900056235,1,7,,0,1,2,1,A01
201900056236,1,7,,0,1,7,1,A01
201900056237,0,7,,4,0,2,14,A01
201900056238,3,7,,12,0,1,21,A01
201900056239,2,33,,0,6,3,1,A01
201900056240,1,7,,0,2,8,26,A01
201900056240,1,1,,0,2,7,1,B01
201900056241,3,7,,0,2,3,13,A01
201900056241,0,7,,0,2,3,1,B01
201900056242,3,7,,0,2,1,1,B01
201900056242,3,3,,4,2,3,13,A01
201900056243,2,7,,0,1,2,1,A01
201900056244,1,17,,0,2,2,1,B01
201900056244,1,7,,0,2,8,17,A01
201900056245,2,17,,0,2,1,1,B01
201900056245,1,17,,0,2,1,6,A01
201900056246,1,7,,4,0,1,1,A01
201900056247,1,7,,1,0,3,17,A01
201900056247,1,7,,0,2,4,2,B01
201900056248,2,10,,11,0,1,0,A01
201900056249,1,3,,0,0,4,2,A01
201900056249,2,10,,0,2,2,17,B01
201900056250,1,7,,0,0,7,1,B01
201900056250,2,7,,0,2,1,9,A01
201900056251,0,7,,15,1,0,4,A01
201900056252,2,10,,0,2,1,2,A01
201900056252,2,17,,0,0,4,23,B01
201900056253,2,7,,0,2,3,17,A01
201900056253,1,15,,0,2,3,1,B01
201900056254,1,14,,0,0,8,15,B01
201900056254,1,33,,0,2,1,17,A01
201900056255,1,7,,0,2,1,1,B01
201900056255,2,7,,0,2,1,13,A01
201900056256,1,17,,0,0,5,1,A01
201900056256,1,10,,0,2,1,2,B01
201900056257,2,7,,0,0,4,1,A01
201900056257,2,7,,0,2,1,17,B01
201900056258,2,33,,7,2,1,2,B01
201900056258,3,7,,0,2,3,16,A01
201900056259,1,7,,6,0,1,1,A01
201900056260,2,7,,0,2,1,2,B01
201900056260,2,7,,0,0,4,17,A01
201900056261,2,7,,0,2,1,13,A01
201900056261,1,7,,0,2,1,1,B01
201900056262,1,7,,13,0,2,1,A01
201900056263,1,7,,7,0,1,1,B01
201900056263,2,7,,0,0,2,26,A01
201900056264,2,7,,0,2,1,5,A01
201900056264,1,7,,0,2,1,1,B01
201900056264,1,7,,0,0,0,1,C01
201900056265,2,7,,0,2,2,17,A01
201900056265,2,7,,0,0,8,1,B01
201900056266,2,14,,3,0,7,1,A01
201900056267,1,7,,0,2,2,2,A01
201900056267,1,7,,0,0,4,2,B01
201900056268,1,7,,0,2,2,1,B01
201900056268,1,7,,0,2,2,9,A01
201900056269,2,10,,2,0,1,17,A01
201900056270,1,37,1.0,0,2,4,1,B01
201900056270,1,7,,0,2,1,2,A01
201900056271,2,7,,0,2,3,0,C01
201900056271,2,7,,0,2,4,2,B01
201900056271,2,7,,0,0,4,2,A01
201900056272,1,7,,0,2,1,1,A01
201900056272,2,7,,0,2,1,1,B01
201900056272,2,7,,0,2,1,1,C01
201900056272,1,7,,0,2,1,17,D01
201900056273,2,7,,2,0,1,1,A01
201900056274,1,7,,0,1,1,1,A01
201900056275,2,7,,0,2,1,2,A01
201900056275,2,7,,0,2,4,2,B01
201900056276,1,7,,8,0,7,13,A01
201900056277,1,33,,0,2,8,5,A01
201900056277,1,7,,0,0,6,1,B01
201900056277,2,17,,0,2,3,1,C01
201900056278,2,17,,0,2,1,2,A01
201900056278,2,38,18.0,0,2,4,15,B01
201900056279,2,33,,0,2,2,1,B01
201900056279,0,7,,0,2,3,9,A01
201900056280,2,14,,0,2,5,15,B01
201900056280,2,33,,0,2,2,1,A01
201900056281,1,7,,0,2,1,2,A01
201900056281,1,21,,0,0,4,1,B01
201900056282,3,7,,0,1,3,2,A01
201900056283,2,10,,0,2,3,2,A01
201900056283,2,7,,0,2,4,2,B01
201900056283,2,33,,0,2,1,1,C01
201900056283,2,7,,0,0,1,2,D01
201900056284,2,33,,0,0,8,0,A01
201900056285,0,7,,1,0,7,1,A01
201900056286,1,7,,6,2,9,2,A01
201900056286,1,7,,0,0,4,2,B01
201900056287,2,7,,0,1,2,1,A01
201900056288,2,33,,0,0,8,1,A01
201900056289,1,10,,0,2,2,11,A01
201900056289,1,10,,0,0,6,2,B01
201900056290,2,33,,0,2,8,3,A01
201900056290,1,10,,0,2,7,0,B01
201900056291,2,14,,6,2,4,2,A01
201900056291,2,7,,6,2,1,2,B01
201900056292,1,17,,0,0,4,2,B01
201900056292,1,7,,0,2,1,2,A01
201900056293,2,7,,0,2,1,2,B01
201900056293,2,7,,0,2,4,1,A01
201900056294,2,7,,15,0,6,1,A01
201900056295,2,7,,0,2,1,2,B01
201900056295,2,10,,0,2,4,1,A01
201900056296,2,34,,0,2,3,1,B01
201900056296,2,7,,0,0,5,15,A01
201900056297,2,7,,3,2,3,9,A01
201900056298,0,33,,0,2,2,1,A01
201900056298,2,15,,0,2,8,1,B01
201900056299,1,7,,0,2,1,2,A01
201900056299,1,10,,0,2,4,2,B01
201900056299,1,7,,0,2,4,2,C01
201900056300,2,17,,0,0,4,23,C01
201900056300,2,17,,0,2,4,23,B01
201900056300,2,14,,0,2,2,2,A01
201900056301,2,15,,0,0,5,1,B01
201900056301,2,7,,0,2,1,1,A01
201900056302,1,17,,0,2,3,1,B01
201900056302,3,1,,0,2,8,19,A01
201900056303,2,7,,0,0,1,2,B01
201900056303,2,7,,0,0,4,2,A01
201900056304,2,7,,13,2,2,21,A01
201900056304,1,38,1.0,0,2,6,0,B01
201900056304,1,7,,0,2,8,0,C01
201900056305,2,7,,0,2,1,2,A01
201900056305,2,17,,0,2,4,2,B01
201900056305,2,7,,0,2,7,2,C01
201900056306,2,7,,8,0,9,14,A01
201900056307,1,13,,0,2,4,2,B01
201900056307,1,10,,0,2,1,2,A01
201900056308,2,7,,0,2,6,11,A01
201900056308,2,31,,0,2,1,3,B01
201900056309,1,7,,0,2,8,0,B01
201900056309,1,7,,3,2,7,2,A01
201900056310,3,2,,4,0,3,1,A01
201900056311,2,7,,13,0,1,1,A01
201900056312,2,7,,0,2,4,1,C01
201900056312,2,10,,0,2,4,1,B01
201900056312,2,10,,0,2,1,1,A01
201900056313,2,33,,0,0,0,17,A01
201900056314,1,17,,0,2,2,12,A01
201900056314,1,7,,0,2,6,11,B01
201900056315,1,14,,0,2,1,1,B01
201900056315,2,7,,6,2,2,1,A01
201900056316,1,33,,0,2,1,0,B01
201900056316,1,10,,1,0,2,12,A01
201900056317,2,7,,7,0,1,0,A01
201900056318,1,10,,0,2,1,2,A01
201900056318,1,7,,0,0,4,2,B01
201900056319,1,10,,0,2,1,1,A01
201900056319,1,7,,0,2,4,1,B01
201900056319,1,7,,0,2,4,1,C01
201900056320,2,7,,0,2,1,17,A01
201900056320,2,17,,0,0,6,1,B01
201900056321,2,14,,0,2,1,2,A01
201900056321,2,7,,0,2,1,2,B01
201900056321,2,7,,0,2,4,2,C01
201900056322,2,7,,0,2,1,2,A01
201900056322,2,7,,0,2,4,2,B01
201900056322,2,7,,0,2,4,2,C01
201900056323,1,7,,0,2,8,11,A01
201900056323,1,33,,0,2,7,1,B01
201900056323,1,17,,0,2,7,1,C01
201900056324,1,7,,4,2,8,1,B01
201900056324,1,15,,0,2,7,12,A01
201900056325,2,7,,0,2,4,2,B01
201900056325,2,7,,0,2,1,2,A01
201900056326,1,32,,0,2,6,1,B01
201900056326,1,7,,0,2,2,12,A01
201900056327,2,33,,0,2,1,3,B01
201900056327,2,7,,0,2,4,11,A01
201900056328,1,32,,0,0,7,26,A01
201900056329,1,1,,0,1,1,1,A01
201900056330,1,7,,3,0,1,1,A01
201900056331,1,7,,0,1,7,4,A01
201900056332,2,7,,3,0,1,1,A01
201900056333,2,7,,0,2,2,1,A01
201900056333,1,7,,0,2,3,1,B01
201900056334,1,7,,0,2,1,15,A01
201900056334,1,10,,0,2,3,1,B01
201900056335,1,7,,0,2,3,13,A01
201900056335,2,17,,0,2,1,1,B01
201900056336,1,7,,2,0,1,14,A01
201900056337,2,10,,0,2,1,1,A01
201900056337,2,17,,0,0,4,1,B01
201900056338,2,7,,8,0,1,5,A01
201900056339,2,13,,0,2,7,9,B01
201900056339,2,7,,0,2,1,1,A01
201900056340,1,7,,0,1,1,1,A01
201900056341,1,7,,0,1,1,2,A01
201900056342,2,7,,0,2,4,23,B01
201900056342,2,7,,0,2,1,2,A01
201900056343,0,7,,0,1,1,1,A01
201900056344,2,17,,14,0,3,14,A01
201900056345,0,7,,0,1,1,1,A01
201900056346,1,7,,0,2,1,2,A01
201900056346,1,7,,0,2,4,2,B01
201900056347,1,17,,0,2,4,1,B01
201900056347,1,7,,0,2,1,1,A01
201900056348,2,7,,0,2,3,13,A01
201900056348,1,7,,14,2,6,1,B01
201900056349,1,32,,0,2,8,7,A01
201900056349,1,7,,0,2,2,16,B01
201900056350,1,33,,4,0,2,1,A01
201900056351,1,17,,0,0,6,1,B01
201900056351,1,7,,0,2,2,1,A01
201900056352,1,7,,17,0,1,1,A01
201900056353,2,1,,0,2,6,0,B01
201900056353,2,7,,0,2,2,9,A01
201900056354,2,7,,13,0,2,17,A01
201900056355,1,7,,0,1,1,1,A01
201900056356,1,31,,0,2,2,1,A01
201900056356,2,7,,0,2,5,15,B01
201900056357,2,17,,1,0,2,1,A01
201900056357,2,10,,0,0,6,24,B01
201900056358,1,43,,0,1,1,16,A01
201900056359,3,7,,0,1,1,16,A01
201900056360,1,2,,0,2,1,2,B01
201900056360,1,7,,0,0,5,2,A01
201900056361,1,7,,0,2,1,15,B01
201900056361,1,7,,0,2,3,1,A01
201900056362,1,7,,0,2,1,16,A01
201900056362,2,1,,0,2,7,5,B01
201900056363,3,1,,0,2,1,1,B01
201900056364,2,7,,7,0,1,0,A01
201900056365,3,7,,0,1,2,1,A01
201900056366,1,7,,0,0,1,2,C01
201900056366,1,7,,0,2,1,2,B01
201900056366,1,7,,0,0,1,12,A01
201900056367,3,7,,0,1,3,21,A01
201900056368,1,60,,0,2,8,9,C01
201900056368,1,7,,0,2,1,2,A01
201900056368,1,7,,0,2,4,2,B01
201900056369,0,7,,4,0,0,1,A01
201900056370,2,30,,0,2,7,1,A01
201900056370,2,7,,0,2,1,1,B01
201900056371,1,7,,6,0,1,14,A01
201900056372,0,7,,9,0,9,26,A01
201900056373,3,2,,0,0,7,17,B01
201900056373,3,7,,0,2,1,9,A01
201900056374,1,7,,0,1,1,1,A01
201900056375,0,7,,0,1,1,1,A01
201900056376,0,13,,0,1,4,2,A01
201900056377,2,7,,0,2,3,15,A01
201900056377,1,33,,0,2,1,17,B01
201900056378,2,14,,3,0,1,1,A01
201900056379,1,7,,0,2,2,15,A01
201900056379,2,1,,0,2,8,1,B01
201900056380,2,7,,3,0,3,14,A01
201900056381,3,1,,0,2,0,0,B01
201900056381,3,7,,0,6,3,26,A01
201900056382,2,7,,1,0,2,14,A01
201900056383,1,7,,0,0,4,1,D01
201900056383,1,7,,0,2,4,2,C01
201900056383,1,7,,0,0,5,2,B01
201900056383,1,7,,0,2,3,1,A01
201900056384,1,7,,4,2,0,0,B01
201900056384,1,17,,0,0,6,1,A01
201900056385,1,7,,2,0,7,1,A01
201900056386,2,7,,3,0,4,11,B01
201900056386,2,7,,3,2,1,1,A01
201900056387,1,32,,0,1,1,1,A01
201900056388,3,14,,0,2,2,17,A01
201900056388,1,7,,0,2,1,0,B01
201900056389,2,10,,2,0,9,1,A01
201900056390,1,7,,0,2,4,2,B01
201900056390,1,7,,0,2,1,2,A01
201900056391,0,7,,0,2,1,13,B01
201900056391,3,21,,0,2,3,1,A01
201900056392,2,10,,0,2,2,16,A01
201900056392,2,7,,0,2,2,7,B01
201900056393,1,7,,0,0,1,19,A01
201900056394,1,1,,0,2,3,1,B01
201900056394,2,7,,0,2,3,15,A01
201900056395,2,7,,0,1,0,1,Z01
201900056396,1,7,,0,0,1,14,D01
201900056396,1,7,,1,1,1,14,C01
201900056396,1,7,,0,2,6,24,B01
201900056396,1,7,,0,2,2,14,A01
201900056397,1,15,,0,2,6,2,B01
201900056397,1,7,,0,2,1,2,A01
201900056398,2,31,,6,0,1,1,A01
201900056399,2,7,,0,0,0,15,A01
201900056399,1,33,,0,0,0,1,B01
201900056400,2,7,,0,2,2,15,B01
201900056400,1,2,,0,2,1,1,A01
201900056401,1,7,,16,0,1,14,A01
201900056402,1,7,,0,2,3,13,A01
201900056402,2,7,,0,2,3,21,B01
201900056403,1,7,,0,1,2,10,A01
201900056404,1,7,,0,1,0,1,A01
201900056405,2,7,,1,0,2,26,A01
201900056406,2,7,,0,1,1,16,A01
201900056407,3,1,,0,2,1,1,B01
201900056407,3,37,1.0,0,2,2,16,A01
201900056408,1,7,,0,2,3,13,A01
201900056408,2,38,1.0,0,2,3,21,B01
201900056409,2,10,,16,0,3,10,A01
201900056410,3,7,,0,2,1,1,B01
201900056410,3,7,,0,2,1,19,A01
201900056411,2,7,,0,1,3,15,A01
201900056412,0,7,,3,0,1,1,A01
201900056413,2,17,,0,2,2,1,A01
201900056413,2,7,,0,2,6,11,B01
201900056414,1,7,,0,2,3,2,A01
201900056414,1,37,0.0,0,2,1,2,B01
201900056415,2,7,,0,2,1,16,A01
201900056415,3,1,,0,2,7,19,B01
201900056416,1,7,,0,2,4,9,Z01
201900056416,1,7,,0,2,2,1,B01
201900056417,1,7,,16,0,1,14,A01
201900056418,1,7,,0,2,8,1,B01
201900056418,2,7,,0,2,1,1,Z01
201900056419,1,33,,16,0,0,1,A01
201900056420,1,7,,0,2,2,26,A01
201900056420,1,60,,0,2,1,25,B01
201900056421,0,32,,0,0,2,0,A01
201900056422,1,7,,0,2,4,23,B01
201900056422,1,7,,0,2,1,17,A01
201900056423,2,33,,0,2,8,0,B01
201900056423,1,32,,0,2,8,0,A01
201900056424,0,7,,0,2,1,1,B01
201900056424,0,2,,0,2,2,15,A01
201900056425,2,30,,0,2,1,1,A01
201900056425,2,7,,0,2,8,15,B01
201900056426,0,33,,15,0,0,1,A01
201900056427,2,7,,0,2,1,1,A01
201900056427,2,7,,0,2,4,23,B01
201900056428,1,7,,0,0,5,15,B01
201900056428,1,31,,0,2,1,1,A01
201900056429,1,10,,0,2,4,2,D01
201900056429,1,10,,0,2,4,2,C01
201900056429,1,7,,0,2,4,2,B01
201900056429,1,7,,0,2,1,2,A01
201900056430,3,37,1.0,0,2,3,13,B01
201900056430,3,2,,0,2,3,1,A01
201900056431,1,10,,1,6,3,20,A01
201900056432,0,2,,6,0,1,13,A01
201900056433,1,33,,5,0,7,0,A01
201900056434,3,33,,13,0,1,1,A01
201900056435,0,7,,0,1,1,1,A01
201900056436,2,3,,1,0,3,1,A01
201900056436,3,3,,1,0,5,0,B01
201900056437,0,2,,0,2,1,1,A01
201900056437,0,7,,0,2,4,1,B01
201900056438,2,7,,2,0,0,0,A01
201900056439,0,7,,0,2,1,1,A01
201900056439,0,1,,0,2,1,1,B01
201900056440,0,7,,0,2,1,1,B01
201900056440,2,1,,0,2,1,19,A01
201900056441,2,7,,0,0,1,1,F01
201900056441,2,7,,0,0,1,1,E01
201900056441,2,7,,1,0,1,1,D01
201900056441,2,7,,1,0,1,1,C01
201900056441,2,7,,1,0,1,1,B01
201900056441,2,7,,0,1,1,1,A01
201900056442,3,7,,0,2,3,16,A01
201900056442,3,1,,0,2,7,1,B01
201900056443,0,1,,0,0,0,1,A01
201900056444,2,7,,0,2,1,1,B01
201900056444,1,7,,0,2,1,13,A01
201900056445,2,7,,0,2,8,15,A01
201900056445,2,33,,0,2,2,17,B01
201900056445,2,33,,0,2,2,17,C01
201900056446,3,32,,0,1,1,1,A01
201900056447,1,30,,0,2,1,1,A01
201900056447,1,7,,0,2,4,1,B01
201900056448,0,33,,0,0,0,1,A01
201900056449,1,7,,6,0,1,1,A01
201900056450,1,7,,14,1,1,1,A01
201900056451,1,15,,0,0,8,20,A01
201900056451,2,7,,0,9,3,1,B01
201900056451,2,7,,0,9,3,1,C01
201900056451,2,7,,14,0,2,1,D01
201900056452,2,1,,0,2,8,1,B01
201900056452,2,7,,0,9,7,17,A01
201900056453,1,7,,0,1,0,26,A01
201900056454,3,7,,3,2,1,1,A01
201900056454,3,7,,3,2,4,1,B01
201900056455,1,7,,0,2,1,1,B01
201900056455,2,7,,0,2,1,13,A01
201900056456,2,10,,0,2,1,16,C01
201900056456,1,7,,0,2,2,1,B01
201900056457,1,10,,1,0,3,13,A01
201900056458,3,7,,0,2,3,1,B01
201900056458,3,7,,0,2,2,1,A01
201900056459,2,7,,0,2,1,5,A01
201900056459,3,7,,0,2,1,1,B01
201900056460,2,7,,0,1,2,1,A01
201900056461,0,2,,8,0,2,14,A01
201900056462,2,7,,0,2,8,26,A01
201900056463,2,7,,0,1,1,1,A01
201900056464,2,33,,9,2,3,1,B01
201900056464,1,1,,9,2,1,15,A01
201900056465,0,31,,0,2,1,13,B01
201900056465,0,7,,0,2,3,15,A01
201900056466,3,7,,0,2,7,1,C01
201900056466,3,7,,0,2,4,1,B01
201900056466,3,7,,0,2,1,1,A01
201900056467,0,7,,0,1,2,1,A01
201900056468,1,15,,0,9,1,1,B01
201900056468,1,15,,3,0,4,1,A01
201900056469,3,2,,0,2,1,1,B01
201900056469,3,7,,0,2,3,1,A01
201900056470,3,7,,0,2,2,15,B01
201900056470,3,33,,0,2,1,1,A01
201900056471,1,7,,1,0,1,1,A01
201900056472,0,15,,0,2,3,1,B01
201900056472,3,33,,0,2,1,1,A01
201900056473,3,7,,0,2,1,2,C01
201900056473,3,7,,0,2,1,2,B01
201900056473,0,7,,0,2,1,11,A01
201900056474,2,7,,0,2,2,15,A01
201900056474,2,32,,0,2,1,1,B01
201900056475,0,7,,0,1,3,1,A01
201900056476,3,7,,0,2,1,13,A01
201900056476,3,7,,0,2,1,1,B01
201900056477,0,7,,0,2,3,1,C01
201900056477,0,7,,0,9,1,1,B01
201900056477,0,31,,0,2,1,17,A01
201900056478,2,10,,0,2,1,1,C01
201900056478,2,7,,0,2,2,21,B01
201900056478,1,10,,0,2,1,19,A01
201900056479,2,1,,0,2,8,1,B01
201900056479,2,7,,0,2,2,17,A01
201900056480,2,7,,0,2,3,17,A01
201900056480,2,7,,0,2,3,1,B01
201900056481,2,37,3.0,0,1,2,9,A01
201900056482,2,7,,0,2,1,15,B01
201900056482,1,34,,0,2,7,1,A01
201900056483,3,7,,0,2,1,1,B01
201900056483,3,2,,0,2,7,11,A01
201900056484,3,7,,0,1,2,1,A01
201900056485,2,7,,9,0,1,10,A01
201900056486,3,10,,0,2,0,14,A01
201900056486,2,1,,0,2,3,1,B01
201900056487,3,13,,0,2,2,19,A01
201900056487,3,10,,0,2,1,1,B01
201900056488,1,2,,0,2,8,2,B01
201900056488,2,7,,0,2,1,10,A01
201900056489,1,33,,0,2,0,2,B01
201900056489,1,7,,0,2,0,11,A01
201900056490,-1,39,,-1,2,0,1,B01
201900056490,3,7,,0,4,0,0,A01
201900056491,3,33,,0,2,8,1,B01
201900056491,3,7,,0,2,7,15,A01
201900056492,0,2,,0,2,1,1,B01
201900056492,3,7,,0,2,5,15,A01
201900056493,1,3,,0,2,1,19,A01
201900056493,1,10,,0,2,2,1,B01
201900056494,0,34,,12,0,0,1,A01
201900056495,1,7,,0,2,2,1,A01
201900056495,1,10,,0,2,3,1,B01
201900056496,2,2,,2,0,1,1,A01
201900056497,2,7,,0,2,2,15,A01
201900056497,1,13,,0,2,1,1,B01
201900056498,3,7,,15,0,9,1,A01
201900056499,2,7,,0,2,1,1,B01
201900056499,3,7,,0,0,7,19,A01
201900056500,1,7,,3,0,9,19,A01
201900056501,2,7,,0,2,3,0,B01
201900056501,1,7,,0,2,3,0,A01
201900056502,3,7,,0,0,0,14,A01
201900056503,1,7,,14,0,6,26,A01
201900056504,3,7,,0,2,4,23,A01
201900056504,3,7,,0,2,4,23,B01
201900056504,3,7,,0,2,4,23,C01
201900056504,3,7,,0,2,1,1,D01
201900056505,3,2,,0,2,1,26,B01
201900056505,3,10,,0,2,3,9,A01
201900056506,1,7,,0,2,2,15,A01
201900056506,2,7,,0,2,1,1,B01
201900056507,2,7,,8,2,1,1,A01
201900056507,2,7,,0,2,4,1,B01