Num_Acc,senc,catv,occutc,obs,obsm,choc,manv,num_veh
201900056507,1,7,,0,2,1,1,C01
201900056507,2,7,,0,2,4,1,D01
201900056508,1,7,,0,0,8,1,B01
201900056508,1,2,,0,2,1,1,A01
201900056509,1,34,,0,2,1,1,B01
201900056509,2,7,,0,2,5,15,A01
201900056510,3,33,,0,2,1,21,B01
201900056510,0,7,,0,2,3,19,A01
201900056511,1,10,,2,0,2,1,A01
201900056512,2,7,,0,1,1,1,A01
201900056513,2,1,,0,2,8,1,B01
201900056513,1,7,,0,2,2,9,A01
201900056514,1,7,,0,2,3,1,B01
201900056514,2,7,,0,2,3,5,A01
201900056515,3,7,,0,2,1,15,A01
201900056515,1,2,,0,0,7,1,B01
201900056516,2,33,,0,2,7,17,A01
201900056516,2,31,,0,2,8,15,B01
201900056517,3,1,,0,2,1,1,A01
201900056517,3,1,,0,2,1,1,B01
201900056518,3,21,,0,2,3,14,B01
201900056518,3,7,,0,2,3,13,A01
201900056519,2,7,,2,0,1,1,A01
201900056520,1,7,,15,0,2,0,A01
201900056521,1,60,,0,2,1,5,A01
201900056521,2,2,,0,2,1,17,B01
201900056522,0,7,,0,0,9,14,A01
201900056523,1,7,,0,2,8,1,B01
201900056523,2,2,,0,2,8,1,A01
201900056524,2,7,,0,0,0,0,A01
201900056524,1,32,,0,2,5,26,B01
201900056525,3,36,,2,0,1,0,A01
201900056526,2,31,,0,2,8,3,B01
201900056526,2,7,,0,2,1,19,A01
201900056527,2,7,,0,2,3,1,B01
201900056527,1,7,,0,2,3,1,A01
201900056528,1,31,,0,2,0,1,B01
201900056528,2,7,,0,2,0,10,A01
201900056529,1,7,,2,0,8,13,A01
201900056530,2,7,,13,0,7,1,A01
201900056531,2,7,,0,0,4,15,B01
201900056531,2,7,,0,2,3,17,A01
201900056532,2,17,,0,1,1,1,A01
201900056533,3,15,,7,1,0,15,A01
201900056534,2,33,,13,0,0,21,A01
201900056535,2,10,,0,2,4,2,G01
201900056535,2,17,,0,2,1,2,E01
201900056535,2,17,,0,0,0,23,C01
201900056535,2,17,,0,2,1,2,A01
201900056536,2,34,,0,0,0,17,A01
201900056537,2,33,,0,2,1,17,A01
201900056537,1,13,,0,2,3,1,B01
201900056538,3,7,,0,1,2,1,A01
201900056539,2,2,,0,0,1,0,A01
201900056540,3,7,,0,2,7,11,A01
201900056540,3,7,,0,2,1,1,B01
201900056540,3,33,,0,2,1,1,C01
201900056541,1,7,,13,9,1,1,A01
201900056541,1,7,,13,0,1,17,B01
201900056542,0,30,,0,2,1,1,B01
201900056542,0,7,,0,2,3,1,A01
201900056543,2,7,,0,0,5,2,A01
201900056543,2,7,,0,2,3,2,B01
201900056544,3,80,,0,2,6,19,B01
201900056544,3,7,,0,2,1,26,A01
201900056545,1,7,,0,2,1,1,B01
201900056545,2,7,,0,2,3,1,A01
201900056546,1,7,,0,2,3,15,B01
201900056546,1,31,,0,2,1,17,A01
201900056547,2,7,,2,0,3,1,A01
201900056548,2,7,,0,2,4,23,B01
201900056548,2,10,,0,2,1,2,A01
201900056549,0,1,,0,2,1,1,B01
201900056549,0,10,,0,2,0,16,A01
201900056550,1,7,,0,2,3,13,A01
201900056550,2,7,,0,2,1,1,B01
201900056550,2,7,,0,2,1,1,C01
201900056551,1,33,,14,0,1,1,A01
201900056552,0,43,,0,0,8,1,A01
201900056553,2,7,,0,2,3,1,A01
201900056553,1,7,,0,2,3,1,B01
201900056554,1,10,,0,2,2,1,A01
201900056554,2,1,,0,2,1,9,B01
201900056555,1,2,,0,0,0,2,A01
201900056556,1,7,,11,0,2,21,A01
201900056557,1,7,,0,2,3,15,A01
201900056557,1,1,,0,2,1,1,B01
201900056558,1,7,,0,2,3,15,B01
201900056558,2,2,,0,2,1,17,A01
201900056559,0,43,,0,1,1,1,A01
201900056560,2,7,,0,1,7,21,A01
201900056561,1,1,,0,1,1,1,A01
201900056562,1,16,,0,0,1,23,B01
201900056562,2,7,,0,2,2,13,A01
201900056563,0,7,,0,2,5,1,A01
201900056563,0,1,,0,2,1,19,B01
201900056564,1,1,,14,2,1,1,A01
201900056564,3,13,,0,2,3,15,B01
201900056565,1,7,,0,2,4,1,D01
201900056565,1,10,,0,2,4,1,B01
201900056565,1,7,,0,2,4,1,E01
201900056565,1,10,,0,2,1,1,C01
201900056565,1,10,,0,2,1,1,A01
201900056566,2,7,,0,0,3,5,C01
201900056566,1,7,,0,2,4,23,B01
201900056566,1,34,,1,2,1,2,A01
201900056567,3,7,,4,0,1,13,A01
201900056568,2,32,,0,2,1,23,B01
201900056568,2,10,,0,2,5,4,A01
201900056569,1,32,,1,0,1,14,A01
201900056570,2,33,,0,2,8,18,A01
201900056570,2,7,,0,2,3,15,B01
201900056571,1,32,,3,0,0,2,A01
201900056572,3,7,,0,2,1,13,A01
201900056572,3,7,,0,0,6,1,C01
201900056572,3,7,,0,2,1,1,B01
201900056573,0,2,,0,2,1,5,B01
201900056573,2,7,,0,2,3,16,A01
201900056574,3,7,,12,2,3,13,A01
201900056574,3,7,,5,2,3,14,B01
201900056575,2,7,,0,1,1,1,A01
201900056576,3,10,,0,2,7,19,A01
201900056576,2,7,,0,2,1,19,B01
201900056577,3,33,,0,1,8,1,A01
201900056578,2,7,,0,1,2,16,A01
201900056579,2,32,,0,1,5,1,A01
201900056580,1,32,,0,2,1,13,A01
201900056580,2,1,,0,2,1,1,B01
201900056581,1,7,,0,2,2,19,A01
201900056581,1,7,,0,2,1,1,B01
201900056581,0,7,,0,2,3,23,C01
201900056582,1,7,,0,2,3,17,A01
201900056582,1,7,,0,2,3,1,B01
201900056582,1,7,,0,2,3,0,C01
201900056583,1,7,,0,2,1,15,A01
201900056583,2,31,,0,2,3,1,B01
201900056584,0,2,,12,0,0,1,A01
201900056585,1,1,,12,0,1,15,A01
201900056586,1,7,,13,0,1,1,A01
201900056587,1,7,,0,1,3,1,A01
201900056588,3,10,,0,1,1,20,A01
201900056589,1,7,,0,2,3,1,C01
201900056589,2,7,,0,2,3,10,B01
201900056589,2,33,,0,2,1,17,A01
201900056590,2,10,,0,2,1,1,A01
201900056590,2,7,,0,2,4,1,B01
201900056591,1,7,,0,2,2,1,B01
201900056591,2,7,,0,2,2,5,A01
201900056592,2,7,,0,2,3,1,C01
201900056592,1,7,,0,2,4,2,B01
201900056592,1,14,,0,2,1,13,A01
201900056593,0,7,,0,1,1,1,A01
201900056594,3,7,,0,1,3,15,A01
201900056595,3,7,,0,1,4,26,A01
201900056596,1,32,,0,2,1,17,A01
201900056596,1,7,,0,2,8,15,B01
201900056597,1,40,,0,1,1,1,A01
201900056598,1,34,,0,2,5,23,B01
201900056598,1,15,,0,2,1,1,A01
201900056599,0,7,,0,2,3,19,A01
201900056599,0,7,,0,2,2,1,B01
201900056600,1,7,,0,2,7,15,A01
201900056600,2,1,,0,2,1,1,B01
201900056601,3,99,,0,0,1,13,A01
201900056602,1,1,,0,2,1,1,B01
201900056602,2,7,,0,2,2,15,A01
201900056603,3,2,,0,0,0,0,A01
201900056604,3,7,,0,2,1,15,A01
201900056604,3,7,,0,2,1,1,B01
201900056605,1,7,,0,0,4,24,B01
201900056605,1,7,,1,0,1,1,A01
201900056606,1,7,,15,2,3,17,Z01
201900056606,1,10,,0,2,3,23,A01
201900056606,1,7,,0,2,3,23,B01
201900056606,1,7,,0,2,3,23,C01
201900056607,2,7,,0,2,2,26,A01
201900056607,2,33,,0,2,1,15,B01
201900056608,2,7,,0,1,1,1,A01
201900056609,1,7,,0,1,1,1,A01
201900056610,2,1,,0,2,1,0,B01
201900056610,1,33,,0,2,2,13,A01
201900056611,3,7,,15,0,0,1,A01
201900056612,1,32,,0,2,1,8,Z01
201900056612,1,33,,0,2,8,15,A01
201900056613,1,1,,0,1,1,15,A01
201900056614,2,10,,0,2,1,1,B01
201900056614,1,7,,0,2,0,15,A01
201900056614,2,7,,0,2,1,23,C01
201900056615,1,7,,0,1,1,1,A01
201900056616,2,33,,7,0,1,1,A01
201900056617,1,7,,0,1,0,1,A01
201900056618,1,7,,0,2,3,16,B01
201900056618,2,30,,0,2,1,7,A01
201900056619,1,7,,4,0,8,13,A01
201900056620,1,7,,0,1,2,1,A01
201900056621,2,7,,0,2,1,2,A01
201900056621,2,7,,0,0,4,23,B01
201900056622,2,32,,0,0,3,1,A01
201900056623,0,34,,0,0,7,0,A01
201900056624,1,7,,8,0,1,13,A01
201900056625,3,7,,0,2,2,19,A01
201900056625,2,2,,0,2,1,1,B01
201900056626,1,33,,0,0,8,15,A01
201900056627,1,7,,0,0,4,23,B01
201900056627,1,2,,14,0,1,2,A01
201900056628,2,7,,1,0,9,14,Z01
201900056629,1,7,,12,0,1,1,A01
201900056630,2,30,,0,2,1,1,A01
201900056630,1,7,,0,2,0,1,Z01
201900056631,2,7,,0,2,1,1,B01
201900056631,1,7,,5,2,1,1,A01
201900056632,2,7,,0,2,1,1,B01
201900056632,1,7,,0,2,1,13,A01
201900056633,1,10,,0,2,7,14,A01
201900056633,1,7,,0,2,8,1,B01
201900056634,1,7,,0,2,1,1,B01
201900056634,1,7,,0,2,4,1,A01
201900056635,2,7,,0,2,2,1,B01
201900056635,1,1,,0,2,3,13,A01
201900056636,1,33,,0,2,4,23,B01
201900056636,1,33,,0,2,1,1,A01
201900056637,1,7,,0,1,2,1,A01
201900056638,2,10,,7,0,3,1,A01
201900056639,1,30,,0,2,1,14,A01
201900056639,1,10,,0,2,6,24,B01
201900056640,2,7,,0,2,1,1,B01
201900056640,1,7,,0,2,1,1,A01
201900056641,0,7,,0,1,2,1,A01
201900056642,2,7,,0,2,6,10,A01
201900056642,2,30,,0,2,1,17,B01
201900056643,3,33,,0,0,2,1,A01
201900056644,1,7,,0,2,8,1,C01
201900056644,1,7,,0,2,7,1,B01
201900056644,1,7,,0,2,8,1,A01
201900056645,2,7,,0,2,1,10,B01
201900056645,1,7,,0,2,1,1,A01
201900056646,1,2,,0,2,7,1,B01
201900056646,1,7,,0,2,3,9,A01
201900056647,2,7,,0,2,3,1,B01
201900056647,1,7,,0,2,3,13,A01
201900056648,0,7,,0,1,1,1,A01
201900056649,1,7,,14,0,8,1,A01
201900056650,2,33,,0,2,7,3,B01
201900056650,2,7,,0,2,3,11,A01
201900056651,1,30,,0,1,5,17,A01
201900056652,1,7,,13,0,2,1,A01
201900056653,0,7,,0,2,1,1,B01
201900056653,0,7,,0,2,2,15,A01
201900056654,3,7,,0,2,6,23,B01
201900056654,3,34,,0,2,1,2,A01
201900056655,3,2,,0,2,3,13,B01
201900056655,3,10,,0,2,3,1,A01
201900056656,1,7,,1,2,1,1,B01
201900056656,1,7,,0,2,1,10,A01
201900056657,2,7,,1,0,1,14,A01
201900056657,2,7,,0,2,3,24,B01
201900056658,2,7,,0,2,1,2,A01
201900056658,1,7,,0,2,4,1,B01
201900056658,2,7,,0,2,4,1,C01
201900056658,2,7,,0,2,4,1,D01
201900056658,2,7,,0,2,1,2,E01
201900056659,2,7,,0,2,5,23,B01
201900056659,2,7,,0,2,3,1,A01
201900056660,2,7,,0,2,2,1,A01
201900056660,3,7,,0,0,3,1,B01
201900056661,2,7,,2,0,2,14,A01
201900056662,1,32,,0,1,6,1,A01
201900056663,0,1,,0,0,8,1,B01
201900056663,0,7,,0,1,1,1,A01
201900056664,1,32,,0,1,1,1,A01
201900056665,2,7,,0,1,1,21,A01
201900056666,3,1,,0,2,4,1,B01
201900056666,3,7,,0,2,1,14,A01
201900056667,2,7,,0,2,2,13,A01
201900056667,2,7,,0,2,6,1,B01
201900056668,0,7,,0,1,4,20,A01
201900056669,2,7,,0,2,4,1,B01
201900056669,2,7,,0,2,4,1,C01
201900056669,2,7,,0,2,1,1,A01
201900056670,3,32,,0,2,3,9,A01
201900056670,3,7,,0,2,2,1,B01
201900056671,0,7,,0,0,6,26,A01
201900056671,0,33,,0,0,0,0,Z01
201900056672,1,33,,0,0,8,0,A01
201900056673,3,30,,8,2,1,10,A01
201900056673,3,7,,0,2,1,1,B01
201900056674,2,7,,0,2,2,15,B01
201900056674,1,33,,0,2,1,1,A01
201900056675,1,33,,0,2,7,3,A01
201900056675,1,10,,0,2,6,11,B01
201900056676,2,7,,0,2,4,1,B01
201900056676,2,7,,0,2,1,1,A01
201900056676,3,7,,12,0,0,9,C01
201900056677,0,7,,0,1,4,20,A01
201900056678,1,7,,0,2,6,15,A01
201900056678,1,33,,0,2,1,1,B01
201900056679,1,17,,0,2,6,2,B01
201900056679,1,7,,0,2,1,1,A01
201900056680,0,10,,0,2,1,1,A01
201900056680,0,7,,0,2,7,23,C01
201900056680,0,7,,0,2,4,23,B01
201900056681,3,7,,0,2,3,1,B01
201900056681,3,7,,0,2,3,13,A01
201900056682,1,7,,0,2,4,2,C01
201900056682,1,7,,0,2,4,2,B01
201900056682,1,7,,0,2,1,2,A01
201900056683,2,7,,0,2,5,1,B01
201900056683,2,34,,0,2,1,13,A01
201900056684,2,30,,0,2,1,2,B01
201900056684,1,7,,0,2,3,17,A01
201900056685,1,17,,0,2,6,2,C01
201900056685,1,7,,0,2,4,2,B01
201900056685,1,7,,0,2,2,11,A01
201900056686,3,7,,6,0,3,0,A01
201900056687,3,7,,0,2,2,15,A01
201900056687,2,30,,0,2,1,1,B01
201900056688,2,7,,0,1,3,15,A01
201900056689,1,31,,0,2,0,9,A01
201900056690,0,7,,0,0,4,1,B01
201900056690,0,10,,0,2,1,2,C01
201900056691,2,7,,0,2,7,15,A01
201900056691,1,32,,0,2,1,0,B01
201900056692,2,7,,0,2,4,23,B01
201900056692,2,7,,1,0,1,1,A01
201900056693,2,30,,0,1,8,17,A01
201900056694,2,3,,0,0,0,1,A01
201900056695,2,7,,4,2,1,0,A01
201900056696,2,7,,0,2,3,10,A01
201900056696,2,43,,1,2,1,17,B01
201900056696,1,7,,0,2,1,24,C01
201900056697,2,7,,3,2,8,1,A01
201900056697,2,10,,0,2,7,12,Z01
201900056698,1,10,,0,2,3,1,B01
201900056698,2,7,,0,2,3,1,A01
201900056699,2,7,,0,2,3,9,A01
201900056699,2,30,,0,2,1,1,B01
201900056699,2,30,,0,2,1,1,C01
201900056700,1,7,,0,2,4,23,B01
201900056700,1,7,,1,0,1,2,A01
201900056701,2,33,,0,2,1,1,B01
201900056701,0,7,,0,2,1,15,A01
201900056702,1,7,,0,2,4,4,B01
201900056702,1,7,,0,2,1,1,A01
201900056703,2,10,,0,2,1,1,A01
201900056703,2,7,,0,2,4,2,B01
201900056703,2,7,,0,2,4,2,C01
201900056704,2,7,,0,0,0,1,A01
201900056705,3,7,,0,2,6,24,B01
201900056705,2,43,,0,2,1,14,A01
201900056706,3,7,,3,0,4,26,Z01
201900056706,3,7,,3,0,4,26,B01
201900056707,1,10,,0,2,5,16,B01
201900056707,1,32,,0,2,1,18,A01
201900056708,0,7,,0,2,2,1,B01
201900056708,1,7,,0,2,8,11,A01
201900056709,2,32,,0,0,0,1,A01
201900056710,3,32,,0,2,3,3,A01
201900056710,3,7,,0,2,6,1,B01
201900056710,3,7,,0,2,7,12,Z01
201900056711,3,7,,1,2,4,2,A01
201900056711,3,7,,1,2,1,2,B01
201900056712,2,34,,0,2,1,18,A01
201900056712,2,7,,0,2,7,22,B01
201900056713,2,10,,8,2,5,1,B01
201900056713,2,10,,0,2,1,15,A01
201900056714,0,1,,1,0,2,14,A01
201900056715,3,13,,0,2,3,15,A01
201900056715,2,33,,0,2,1,1,B01
201900056716,2,10,,0,0,0,2,A01
201900056716,1,31,,0,0,0,21,B01
201900056717,0,7,,1,0,0,0,A01
201900056717,0,7,,0,2,3,23,B01
201900056718,2,30,,0,2,1,1,A01
201900056718,2,7,,1,2,2,16,B01
201900056719,1,10,,0,2,1,2,A01
201900056719,1,7,,0,2,4,2,B01
201900056719,1,7,,0,2,5,23,C01
201900056720,2,7,,0,1,1,1,A01
201900056721,1,7,,2,0,0,1,A01
201900056722,1,7,,2,0,8,1,A01
201900056723,2,7,,0,2,6,15,B01
201900056723,2,2,,0,2,2,17,A01
201900056724,1,17,,0,0,2,1,A01
201900056724,1,7,,0,2,8,11,B01
201900056725,1,10,,0,2,8,15,A01
201900056725,1,33,,0,2,1,2,B01
201900056726,2,10,,0,2,4,11,A01
201900056726,2,33,,0,2,1,1,B01
201900056727,1,32,,0,1,1,17,A01
201900056728,3,7,,0,1,1,1,A01
201900056729,1,37,1.0,0,1,5,26,A01
201900056730,3,7,,2,0,2,14,A01
201900056731,3,7,,0,2,1,15,B01
201900056731,3,30,,0,2,0,3,A01
201900056732,2,7,,0,2,6,10,A01
201900056732,2,34,,0,2,2,1,B01
201900056733,1,1,,0,0,0,1,A01
201900056734,1,7,,0,1,1,1,A01
201900056735,1,32,,12,0,1,17,A01
201900056736,1,7,,0,1,1,1,A01
201900056737,2,1,,0,2,0,0,B01
201900056737,1,7,,0,2,3,17,A01
201900056738,1,7,,0,1,1,1,A01
201900056739,1,7,,0,0,5,15,A01
201900056739,2,34,,0,2,1,1,B01
201900056740,2,7,,0,2,3,1,A01
201900056740,3,34,,0,2,1,1,B01
201900056741,2,7,,0,2,3,15,A01
201900056741,2,33,,0,2,1,17,B01
201900056741,2,33,,0,2,2,17,C01
201900056741,2,7,,0,2,8,26,D01
201900056742,2,7,,0,0,4,4,A01
201900056742,2,2,,0,2,1,13,B01
201900056743,2,1,,0,2,1,1,B01
201900056743,2,7,,0,2,3,9,A01
201900056744,1,40,,0,2,1,1,A01
201900056744,1,10,,0,-1,8,15,B01
201900056745,2,7,,0,1,2,1,A01
201900056746,2,7,,0,2,3,15,A01
201900056746,1,32,,0,2,3,1,B01
201900056747,1,7,,0,2,1,1,B01
201900056747,2,7,,0,2,7,15,A01
201900056748,1,7,,0,2,7,14,A01
201900056748,1,1,,0,2,8,1,B01
201900056749,1,7,,0,2,6,2,B01
201900056749,1,30,,0,2,1,9,A01
201900056750,2,7,,14,2,2,21,C01
201900056750,2,7,,0,2,0,21,B01
201900056750,2,7,,0,2,4,26,A01
201900056751,1,33,,14,0,7,1,A01
201900056752,3,7,,12,0,7,14,A01
201900056753,1,1,,0,2,1,1,B01
201900056753,1,10,,0,2,2,16,A01
201900056754,1,7,,0,2,2,0,B01
201900056754,1,7,,0,2,1,16,A01
201900056755,2,30,,0,1,1,1,A01
201900056756,2,10,,0,1,8,2,A01
201900056757,2,30,,0,1,8,1,A01
201900056758,3,7,,0,2,1,2,C01
201900056758,3,7,,0,2,1,2,B01
201900056758,3,7,,0,2,4,23,A01
201900056759,3,2,,0,2,1,1,B01
201900056759,3,10,,0,2,1,13,A01
201900056760,0,30,,0,2,8,16,A01
201900056760,3,7,,0,2,1,1,B01
201900056761,2,7,,0,2,3,15,A01
201900056761,1,33,,0,2,2,1,B01
201900056762,1,50,,0,2,1,25,B01
201900056762,3,7,,0,1,3,9,A01
201900056763,2,7,,0,2,1,1,B01
201900056763,1,7,,0,2,1,13,A01
201900056764,2,7,,0,0,0,21,A01
201900056765,1,7,,0,2,3,17,A01
201900056765,2,7,,0,2,3,1,B01
201900056766,2,30,,0,2,1,1,A01
201900056766,1,10,,0,2,7,1,B01
201900056767,1,7,,0,1,4,20,A01
201900056768,3,1,,0,2,1,7,B01
201900056768,3,10,,0,2,2,16,A01
201900056769,2,7,,0,2,7,22,A01
201900056769,2,1,,0,2,1,18,B01
201900056770,2,37,1.0,0,2,2,1,A01
201900056770,2,7,,0,2,8,22,B01
201900056771,1,7,,0,2,3,15,A01
201900056771,1,31,,0,2,1,17,B01
201900056772,1,7,,0,2,8,1,B01
201900056772,1,32,,0,2,1,1,A01
201900056773,1,10,,0,1,2,16,A01
201900056774,0,2,,0,0,0,5,A01
201900056775,1,7,,11,0,1,14,A01
201900056776,1,34,,0,2,1,1,B01
201900056776,2,7,,0,2,3,22,A01
201900056777,2,30,,0,0,0,21,A01
201900056778,3,10,,0,2,7,15,A01
201900056778,2,33,,0,2,1,1,B01
201900056779,2,7,,0,2,3,1,B01
201900056779,1,30,,0,2,1,1,A01
201900056780,1,7,,0,0,0,0,A01
201900056780,1,7,,0,6,1,2,B01
201900056780,1,7,,0,6,3,5,C01
201900056781,2,33,,0,2,3,3,B01
201900056781,2,7,,0,2,5,12,A01
201900056782,1,34,,0,2,8,3,B01
201900056782,1,7,,0,2,7,12,A01
201900056783,1,7,,0,2,1,2,A01
201900056783,1,7,,0,2,4,2,B01
201900056783,1,7,,0,2,4,2,C01
201900056784,1,7,,7,0,1,14,A01
201900056785,1,7,,0,2,7,12,B01
201900056785,1,34,,0,2,3,3,A01
201900056786,2,10,,9,0,1,2,A01
201900056786,2,10,,9,0,4,1,B01
201900056787,1,3,,0,9,2,1,A01
201900056787,2,1,,0,2,3,19,B01
201900056788,2,7,,0,2,3,11,A01
201900056788,2,10,,0,2,4,2,B01
201900056788,2,10,,0,2,4,2,C01
201900056789,0,7,,0,2,2,1,A01
201900056789,0,50,,0,2,8,1,B01
201900056790,2,7,,0,2,7,12,A01
201900056790,2,33,,0,2,8,3,B01
201900056791,0,7,,0,0,5,15,B01
201900056791,0,7,,0,2,3,1,A01
201900056792,2,7,,0,2,1,15,A01
201900056792,1,32,,0,2,8,1,B01
201900056793,1,30,,0,0,0,21,A01
201900056794,1,7,,0,2,8,1,B01
201900056794,2,7,,0,2,1,1,A01
201900056795,3,7,,0,2,2,1,B01
201900056795,2,7,,10,2,9,13,A01
201900056796,2,10,,0,2,2,16,A01
201900056796,2,34,,0,2,3,18,B01
201900056797,1,10,,0,2,1,1,B01
201900056797,2,7,,0,2,2,15,A01
201900056798,1,30,,0,2,1,2,B01
201900056798,1,10,,0,2,8,22,A01
201900056799,1,7,,2,0,1,14,A01
201900056800,2,32,,0,2,2,12,A01
201900056800,2,33,,0,2,1,1,B01
201900056801,1,10,,0,2,1,1,A01
201900056801,1,10,,0,2,0,0,B01
201900056802,2,34,,0,2,1,9,A01
201900056802,2,10,,0,2,4,1,B01
201900056803,1,7,,0,1,2,1,Z01
201900056804,2,37,1.0,0,2,7,16,A01
201900056804,1,60,,0,2,0,19,B01
201900056805,2,7,,0,2,6,11,A01
201900056805,2,33,,0,2,1,3,B01
201900056806,2,1,,1,2,1,2,A01
201900056806,2,1,,0,2,1,2,B01
201900056807,1,7,,0,2,1,1,A01
201900056807,1,7,,0,2,5,23,B01
201900056808,1,2,,0,2,1,1,B01
201900056808,2,7,,0,2,5,15,A01
201900056809,1,7,,0,2,6,13,A01
201900056809,1,33,,0,2,1,1,B01
201900056810,1,32,,0,2,8,11,A01
201900056810,1,7,,0,2,7,1,Z01
201900056811,2,7,,1,0,1,15,A01
201900056812,2,30,,0,0,7,21,A01
201900056813,2,31,,0,2,8,1,B01
201900056813,2,7,,0,2,7,11,A01
201900056814,2,7,,13,0,2,2,A01
201900056815,2,43,,0,2,1,1,A01
201900056815,2,7,,0,2,6,1,B01
201900056816,1,33,,0,2,1,1,B01
201900056816,1,7,,0,2,2,12,A01
201900056817,1,7,,0,2,0,9,B01
201900056817,1,7,,0,2,0,9,A01
201900056818,1,1,,0,1,1,1,A01
201900056819,1,1,,0,2,0,1,B01
201900056819,1,10,,0,2,0,14,A01
201900056820,1,33,,0,2,1,15,A01
201900056820,2,33,,0,2,8,1,B01
201900056821,1,7,,0,2,5,2,B01
201900056821,1,2,,0,2,1,2,A01
201900056822,1,7,,0,2,6,1,B01
201900056822,1,7,,0,2,2,1,A01
201900056823,0,32,,0,2,1,1,Z01
201900056823,2,7,,0,2,2,1,A01
201900056824,1,14,,0,1,7,16,A01
201900056825,2,7,,0,2,3,1,B01
201900056825,3,7,,0,2,1,1,A01
201900056826,1,30,,0,1,1,1,Z01
201900056827,3,10,,0,2,0,1,Z01
201900056827,1,1,,0,2,1,19,A01
201900056828,1,30,,0,1,0,16,Z01
201900056829,1,32,,0,2,2,17,B01
201900056829,1,7,,0,2,3,9,A01
201900056830,1,7,,0,2,5,16,B01
201900056830,1,7,,0,2,3,2,A01
201900056831,2,10,,0,1,1,1,A01
201900056832,1,30,,0,1,2,25,A01
201900056833,2,7,,14,0,2,1,B01
201900056833,1,7,,4,0,0,1,A01
201900056834,2,7,,0,2,2,1,B01
201900056834,2,30,,0,2,3,1,A01
201900056835,1,1,,0,2,1,1,B01
201900056835,1,10,,0,2,2,16,A01
201900056836,1,7,,0,1,6,4,A01
201900056837,2,32,,0,2,1,1,B01
201900056837,3,7,,0,2,8,9,A01
201900056838,1,7,,0,2,1,1,Z01
201900056838,1,7,,0,2,1,23,B01
201900056838,1,7,,0,2,4,23,A01
201900056839,3,7,,0,1,3,1,A01
201900056840,3,7,,0,2,2,1,A01
201900056840,1,2,,0,2,1,1,B01
201900056841,1,60,,0,2,1,19,B01
201900056841,2,7,,0,1,3,2,A01
201900056842,1,33,,0,0,3,1,A01
201900056843,1,10,,7,0,1,13,A01
201900056844,2,10,,0,2,3,20,A01
201900056844,2,32,,0,2,1,1,B01
201900056845,2,7,,11,0,1,1,A01
201900056846,1,7,,0,2,2,15,A01
201900056846,2,33,,0,2,2,1,B01
201900056847,3,7,,12,0,1,13,A01
201900056848,1,33,,0,1,1,17,A01
201900056849,1,7,,0,2,4,23,B01
201900056849,1,30,,0,2,1,2,A01
201900056850,1,34,,0,0,0,17,A01
201900056851,1,37,1.0,0,2,8,15,B01
201900056851,1,34,,0,2,2,17,A01
201900056852,3,32,,0,2,2,1,A01
201900056852,2,33,,0,2,8,1,B01
201900056853,1,7,,0,2,6,1,C01
201900056853,1,7,,0,2,2,12,B01
201900056853,1,31,,0,2,6,3,A01
201900056854,2,7,,0,1,1,1,A01
201900056855,2,43,,0,2,3,1,A01
201900056855,3,1,,0,2,2,19,B01
201900056856,1,30,,0,2,1,13,A01
201900056856,1,7,,0,2,4,1,B01
201900056856,1,7,,0,2,0,11,C01
201900056857,2,32,,0,2,1,1,B01
201900056857,1,10,,0,2,7,15,A01
201900056858,2,7,,0,1,6,1,Z01
201900056859,2,7,,9,0,1,14,A01
201900056860,1,7,,0,1,8,1,A01
201900056861,1,7,,0,1,1,16,A01
201900056862,1,2,,0,2,7,16,Z01
201900056862,1,30,,12,2,8,1,A01
201900056863,1,1,,0,1,2,1,A01
201900056864,1,7,,0,1,2,1,A01
201900056865,2,7,,8,0,1,13,A01
201900056866,2,10,,0,2,5,16,A01
201900056866,2,1,,0,2,1,1,B01
201900056867,1,7,,0,2,1,2,Z01
201900056867,1,32,,0,2,4,23,A01
201900056868,2,50,,0,1,1,1,Z01
201900056869,2,31,,0,2,4,23,B01
201900056869,1,7,,0,2,1,9,A01
201900056870,1,10,,0,2,0,23,C01
201900056870,1,7,,0,2,4,23,B01
201900056870,1,7,,0,2,1,2,A01
201900056871,1,1,,0,1,7,1,A01
201900056872,1,7,,0,2,1,2,D01
201900056872,1,7,,0,2,5,2,C01
201900056872,1,7,,0,2,4,2,B01
201900056872,1,7,,0,2,4,23,A01
201900056873,1,32,,0,1,1,1,A01
201900056874,2,32,,0,2,2,5,A01
201900056874,1,10,,0,2,3,9,B01
201900056875,1,10,,0,2,5,23,B01
201900056875,1,1,,0,2,1,14,A01
201900056876,2,7,,0,1,2,16,A01
201900056877,1,10,,0,2,0,10,Z01
201900056877,1,30,,0,2,1,1,A01
201900056878,1,7,,0,1,0,15,A01
201900056879,2,33,,0,2,1,1,B01
201900056879,2,7,,0,2,6,10,A01
201900056880,2,33,,0,2,8,15,B01
201900056880,2,7,,0,2,1,1,A01
201900056881,1,33,,0,2,1,15,A01
201900056881,2,33,,0,2,1,16,B01
201900056882,3,7,,0,2,1,15,A01
201900056882,3,33,,0,2,1,1,B01
201900056883,1,7,,0,2,3,15,A01
201900056883,1,32,,0,2,5,23,B01