Num_Acc,senc,catv,occutc,obs,obsm,choc,manv,num_veh
201900056884,1,7,,0,2,1,2,A01
201900056884,1,7,,0,2,4,23,B01
201900056884,1,7,,0,2,4,23,C01
201900056885,1,34,,0,2,2,1,A01
201900056885,1,10,,0,2,6,15,B01
201900056886,1,30,,1,0,1,7,A01
201900056887,1,7,,0,2,8,10,A01
201900056887,1,43,,0,2,1,17,B01
201900056888,1,1,,0,1,1,1,A01
201900056889,2,30,,0,0,2,9,A01
201900056890,2,1,,0,2,4,0,B01
201900056890,2,10,,0,6,1,0,A01
201900056891,1,32,,0,2,2,1,A01
201900056891,1,1,,0,2,5,19,B01
201900056892,3,3,,0,2,1,19,A01
201900056892,3,37,2.0,8,2,1,19,B01
201900056893,2,7,,0,2,3,9,A01
201900056893,2,1,,0,2,1,1,B01
201900056894,1,7,,0,1,8,1,A01
201900056895,3,7,,0,2,2,1,A01
201900056895,3,7,,0,2,1,15,B01
201900056896,1,7,,0,1,3,1,A01
201900056897,2,7,,0,9,3,11,A01
201900056897,3,7,,0,0,0,0,B01
201900056898,1,32,,0,1,1,17,A01
201900056899,3,7,,0,0,0,9,Z01
201900056900,1,7,,0,2,3,1,A01
201900056900,2,7,,0,2,7,15,B01
201900056901,0,7,,8,0,0,14,A01
201900056902,1,50,,0,0,0,1,A01
201900056903,2,34,,0,2,8,15,A01
201900056903,1,17,,0,2,2,1,B01
201900056904,1,10,,0,2,1,2,A01
201900056904,1,10,,0,2,4,2,B01
201900056905,3,30,,0,2,1,9,A01
201900056905,3,7,,0,2,7,1,B01
201900056906,1,33,,0,1,1,1,A01
201900056907,2,7,,0,2,3,0,A01
201900056907,3,7,,1,0,5,23,B01
201900056908,2,32,,12,0,2,14,A01
201900056909,1,50,,0,2,9,1,A01
201900056909,1,32,,0,2,1,1,B01
201900056910,2,30,,0,0,8,17,A01
201900056911,3,1,,0,2,7,19,B01
201900056911,3,7,,0,2,3,14,A01
201900056912,0,1,,0,2,8,1,A01
201900056912,0,1,,0,2,0,17,Z01
201900056913,1,30,,0,2,1,2,A01
201900056913,1,7,,0,2,5,2,B01
201900056914,1,10,,0,1,1,1,A01
201900056915,1,30,,0,2,1,1,A01
201900056915,1,7,,0,2,2,15,B01
201900056916,3,34,,0,2,1,12,A01
201900056916,3,7,,0,2,4,23,B01
201900056917,2,7,,0,2,3,15,A01
201900056917,1,2,,0,2,8,1,Z01
201900056918,1,32,,12,0,1,18,A01
201900056919,1,7,,0,2,3,22,A01
201900056919,1,1,,0,2,7,1,B01
201900056919,1,50,,0,2,1,1,C01
201900056920,2,7,,0,2,1,9,B01
201900056920,1,33,,0,2,7,5,A01
201900056921,2,15,,0,2,5,16,B01
201900056921,2,32,,0,2,8,14,A01
201900056922,1,32,,0,0,7,16,A01
201900056923,1,1,,0,1,1,1,A01
201900056924,1,7,,0,1,7,1,A01
201900056925,1,7,,0,2,2,1,A01
201900056925,2,50,,0,2,7,1,B01
201900056926,1,7,,0,2,8,1,A01
201900056926,1,2,,0,2,5,17,B01
201900056927,2,7,,0,2,7,1,A01
201900056927,2,1,,0,2,3,9,B01
201900056928,2,32,,0,2,1,18,B01
201900056928,2,7,,0,2,7,22,A01
201900056929,2,1,,0,2,2,17,B01
201900056929,2,7,,0,2,3,15,A01
201900056930,2,30,,0,0,2,1,A01
201900056931,1,7,,0,2,3,15,A01
201900056931,1,2,,0,2,1,15,B01
201900056932,1,1,,0,2,3,11,B01
201900056932,1,7,,0,2,2,1,A01
201900056933,1,30,,12,0,0,21,A01
201900056934,2,1,,0,1,1,1,A01
201900056935,2,7,,0,1,3,15,Z01
201900056936,1,7,,0,2,3,9,A01
201900056936,1,30,,0,2,1,1,B01
201900056937,1,7,,0,2,2,10,A01
201900056937,2,34,,0,2,3,1,B01
201900056938,1,1,,0,2,6,1,B01
201900056938,1,10,,0,2,2,14,A01
201900056939,1,7,,0,1,7,1,A01
201900056940,1,43,,0,2,3,1,B01
201900056940,2,7,,0,2,2,12,A01
201900056941,2,43,,0,2,4,15,B01
201900056941,2,10,,0,2,1,1,A01
201900056942,3,7,,0,2,1,2,A01
201900056942,3,7,,0,2,4,23,B01
201900056943,2,43,,0,1,1,1,A01
201900056944,2,30,,0,1,1,1,A01
201900056945,1,7,,0,1,1,1,A01
201900056945,2,32,,0,2,9,19,Z01
201900056946,2,10,,0,2,2,2,A01
201900056946,0,50,,0,2,4,2,B01
201900056947,1,31,,0,2,1,7,A01
201900056947,1,7,,0,2,2,16,Z01
201900056948,1,34,,0,0,0,21,A01
201900056949,1,50,,0,2,2,1,B01
201900056949,1,7,,0,2,1,1,A01
201900056950,1,31,,0,2,7,1,A01
201900056950,2,7,,0,2,2,1,B01
201900056951,1,1,,0,2,6,13,A01
201900056951,1,31,,0,2,2,1,B01
201900056952,2,7,,0,2,3,1,C01
201900056952,1,33,,0,2,2,17,B01
201900056952,1,7,,0,2,3,10,A01
201900056953,2,14,,0,2,8,22,A01
201900056953,2,32,,0,2,7,1,B01
201900056954,2,30,,0,2,1,1,B01
201900056954,0,7,,0,2,8,22,A01
201900056955,2,7,,0,2,3,22,A01
201900056955,2,32,,0,2,3,1,B01
201900056955,1,7,,0,2,3,1,C01
201900056956,1,7,,0,2,3,15,B01
201900056956,1,31,,1,2,7,17,A01
201900056957,3,7,,0,2,1,1,Z01
201900056957,3,33,,0,2,1,1,A01
201900056958,2,50,,0,1,1,1,A01
201900056959,2,7,,0,2,8,22,A01
201900056959,2,80,,0,2,1,1,B01
201900056960,1,33,,0,2,2,1,B01
201900056960,1,10,,0,2,3,15,A01
201900056961,1,34,,0,2,7,1,B01
201900056961,3,7,,0,2,3,1,A01
201900056962,1,33,,12,0,7,16,A01
201900056963,2,30,,0,0,0,1,A01
201900056964,2,32,,0,2,4,23,B01
201900056964,2,7,,0,2,1,2,A01
201900056965,2,7,,0,2,3,9,A01
201900056965,2,32,,0,2,2,1,B01
201900056966,3,80,,0,2,4,1,B01
201900056966,1,7,,0,2,3,1,A01
201900056967,2,10,,0,2,5,1,C01
201900056967,2,31,,0,2,1,7,B01
201900056967,2,10,,0,2,3,22,A01
201900056968,1,30,,12,0,2,16,A01
201900056969,2,34,,0,2,6,1,B01
201900056969,2,34,,0,2,5,9,A01
201900056970,3,7,,0,2,1,2,A01
201900056970,3,7,,0,2,4,23,B01
201900056970,3,7,,0,2,4,23,C01
201900056971,1,31,,0,0,0,21,A01
201900056972,2,7,,0,1,2,1,A01
201900056973,3,30,,0,2,4,1,A01
201900056973,3,30,,0,2,1,15,B01
201900056974,1,30,,0,2,1,1,A01
201900056974,1,10,,0,2,3,16,B01
201900056975,1,7,,0,2,1,2,C01
201900056975,1,7,,0,2,1,2,B01
201900056975,1,7,,0,2,6,2,A01
201900056976,2,7,,0,2,2,1,B01
201900056976,2,50,,0,2,7,1,A01
201900056977,0,33,,0,2,1,1,A01
201900056977,0,7,,0,2,4,23,B01
201900056978,3,50,,0,2,3,19,A01
201900056978,3,10,,0,2,2,1,B01
201900056979,1,3,,1,0,1,14,A01
201900056980,2,1,,0,2,1,1,B01
201900056980,2,10,,0,2,3,22,A01
201900056981,1,7,,0,2,7,4,A01
201900056981,2,1,,0,2,1,1,B01
201900056982,2,7,,0,2,2,1,A01
201900056982,1,7,,0,2,1,1,B01
201900056983,2,32,,0,2,3,18,B01
201900056983,2,7,,0,2,7,21,A01
201900056984,1,34,,1,2,1,18,A01
201900056984,1,7,,0,2,6,24,C01
201900056984,1,10,,0,2,2,1,B01
201900056985,1,7,,0,2,7,22,B01
201900056985,1,33,,0,2,7,18,A01
201900056986,2,10,,0,2,2,1,B01
201900056986,1,10,,0,2,3,1,A01
201900056987,2,50,,0,2,1,1,A01
201900056987,1,1,,0,2,0,1,B01
201900056988,2,7,,0,1,2,14,Z01
201900056989,2,50,,0,1,1,1,A01
201900056990,3,7,,0,2,4,1,A01
201900056990,3,1,,0,2,4,23,B01
201900056991,2,7,,0,1,4,20,A01
201900056992,1,7,,0,2,2,22,A01
201900056992,1,33,,0,2,8,16,B01
201900056993,1,7,,0,2,4,2,A01
201900056993,1,2,,0,2,1,2,B01
201900056994,2,7,,0,2,4,2,B01
201900056994,2,7,,0,2,1,2,A01
201900056995,1,30,,15,1,3,19,A01
201900056996,1,10,,0,2,3,13,A01
201900056996,2,7,,0,2,3,1,B01
201900056996,2,7,,0,2,1,1,C01
201900056996,2,7,,0,2,8,1,D01
201900056996,2,7,,0,2,8,1,E01
201900056997,1,7,,0,2,4,2,C01
201900056997,1,7,,0,2,1,2,B01
201900056997,1,7,,0,2,1,26,A01
201900056998,1,7,,0,2,2,16,A01
201900056998,1,33,,0,2,1,16,B01
201900056999,3,7,,0,2,1,2,A01
201900056999,3,7,,0,2,4,2,B01
201900057000,2,7,,0,2,1,15,A01
201900057000,1,2,,0,2,8,0,B01
201900057001,1,7,,0,2,1,1,B01
201900057001,1,7,,0,2,1,19,A01
201900057002,1,1,,0,2,1,9,A01
201900057002,1,7,,0,2,2,1,B01
201900057003,1,33,,0,1,1,1,A01
201900057004,1,7,,0,2,4,2,C01
201900057004,1,7,,0,2,1,2,B01
201900057004,1,7,,0,2,1,2,A01
201900057005,2,1,,0,2,1,1,A01
201900057005,3,7,,0,6,1,15,B01
201900057006,1,7,,0,2,3,15,A01
201900057006,1,2,,0,2,1,1,B01
201900057007,3,30,,0,2,3,2,A01
201900057007,1,7,,0,2,5,2,B01
201900057008,0,99,,0,2,1,0,B01
201900057008,0,7,,0,2,7,16,A01
201900057009,1,7,,0,2,2,2,A01
201900057009,1,7,,0,2,6,16,B01
201900057010,1,34,,0,2,2,1,C01
201900057010,1,33,,0,2,3,1,B01
201900057010,2,7,,16,2,2,9,A01
201900057011,1,7,,0,6,1,15,A01
201900057011,1,1,,0,2,9,1,B01
201900057012,2,7,,0,2,3,1,B01
201900057012,1,7,,0,2,3,13,A01
201900057013,2,7,,0,1,5,4,A01
201900057014,2,1,,0,6,4,2,B01
201900057014,2,7,,0,6,1,2,A01
201900057015,2,7,,0,1,1,1,A01
201900057016,1,7,,6,1,1,6,A01
201900057017,1,1,,0,2,7,1,B01
201900057017,2,7,,0,2,5,16,A01
201900057018,1,33,,0,2,1,1,A01
201900057018,2,33,,0,2,1,2,B01
201900057019,1,7,,15,0,8,17,A01
201900057020,2,31,,0,2,1,17,B01
201900057020,1,7,,0,2,3,9,A01
201900057021,1,10,,0,1,3,1,C01
201900057021,2,10,,0,2,2,2,A01
201900057022,3,7,,0,2,1,9,A01
201900057022,3,1,,0,2,7,1,B01
201900057023,2,7,,2,0,2,1,A01
201900057024,0,7,,0,1,2,20,A01
201900057025,1,7,,2,0,1,1,A01
201900057026,2,7,,14,0,1,1,A01
201900057027,1,7,,3,0,0,14,A01
201900057028,2,10,,1,2,3,11,A01
201900057028,1,10,,1,2,8,1,B01
201900057029,1,7,,0,2,7,15,B01
201900057029,1,2,,1,2,2,1,A01
201900057030,1,7,,0,2,1,5,A01
201900057030,2,7,,0,2,1,1,B01
201900057031,0,33,,1,0,7,1,A01
201900057032,0,2,,0,0,0,1,A01
201900057033,1,17,,0,2,0,0,Z01
201900057033,1,7,,0,2,8,1,A01
201900057034,2,7,,0,0,0,1,A01
201900057035,3,7,,0,1,2,20,A01
201900057036,1,30,,6,0,1,19,A01
201900057037,2,7,,8,2,1,1,B01
201900057037,3,7,,0,0,7,19,A01
201900057038,1,7,,0,2,3,22,A01
201900057038,1,1,,1,0,3,1,B01
201900057039,2,7,,0,1,2,1,A01
201900057040,1,7,,0,2,8,15,B01
201900057040,1,34,,0,2,1,1,A01
201900057041,1,7,,0,2,1,13,A01
201900057041,2,10,,0,2,3,1,B01
201900057041,1,7,,0,2,3,1,C01
201900057042,2,10,,0,2,5,15,B01
201900057042,1,7,,0,2,1,26,A01
201900057043,1,7,,13,0,9,1,A01
201900057044,2,7,,0,2,2,15,A01
201900057044,1,33,,0,2,1,1,B01
201900057045,2,60,,0,2,0,0,B01
201900057045,3,7,,0,2,1,9,A01
201900057046,1,7,,13,0,8,16,A01
201900057047,1,7,,0,2,2,1,A01
201900057047,2,1,,0,2,3,19,B01
201900057048,2,7,,2,0,3,13,A01
201900057049,1,7,,0,2,2,16,A01
201900057049,1,1,,0,2,1,1,B01
201900057050,3,7,,13,0,1,1,A01
201900057051,1,7,,13,0,2,14,A01
201900057052,2,7,,0,2,1,1,B01
201900057052,1,7,,9,2,9,13,A01
201900057053,1,7,,0,1,1,16,A01
201900057054,2,7,,5,2,1,1,B01
201900057054,1,7,,0,2,1,13,A01
201900057055,2,2,,0,0,7,14,A01
201900057056,2,7,,8,0,1,0,A01
201900057057,1,7,,8,0,1,13,A01
201900057058,1,7,,0,0,6,23,A01
201900057058,1,1,,1,0,1,1,B01
201900057059,1,1,,0,0,6,3,A01
201900057059,1,7,,0,2,2,2,B01
201900057060,3,7,,1,0,1,0,A01
201900057061,2,1,,0,2,1,1,B01
201900057061,2,7,,0,2,6,9,A01
201900057062,1,7,,8,0,1,1,A01
201900057063,2,7,,3,0,9,1,A01
201900057064,2,7,,13,0,1,1,A01
201900057065,1,7,,0,2,4,1,Z01
201900057065,1,31,,0,2,1,1,A01
201900057066,1,7,,0,1,1,1,A01
201900057067,1,7,,0,2,1,19,A01
201900057067,1,7,,0,2,6,15,B01
201900057067,1,7,,0,2,1,1,C01
201900057068,2,60,,0,2,1,1,B01
201900057068,2,7,,0,6,3,19,A01
201900057069,1,7,,0,2,0,0,B01
201900057069,1,34,,2,2,1,18,A01
201900057070,2,7,,8,0,1,1,A01
201900057071,1,7,,0,1,1,16,A01
201900057072,2,7,,2,0,8,14,A01
201900057073,1,1,,0,2,4,1,B01
201900057073,1,7,,0,2,1,2,Z01
201900057074,1,1,,0,0,0,1,A01
201900057075,1,7,,14,0,1,13,B01
201900057075,2,38,4.0,0,2,1,23,A01
201900057076,2,30,,0,0,7,1,A01
201900057077,0,50,,0,2,1,11,A01
201900057077,0,14,,0,0,0,1,B01
201900057078,1,7,,0,2,0,0,A01
201900057078,1,2,,0,2,2,17,B01
201900057079,3,7,,0,1,1,15,E01
201900057080,3,33,,0,2,1,1,B01
201900057080,3,7,,0,0,6,15,A01
201900057081,2,13,,0,1,1,26,A01
201900057082,1,7,,0,0,6,24,A01
201900057082,1,2,,0,2,2,1,B01
201900057083,1,3,,0,2,0,16,A01
201900057083,3,50,,0,2,4,23,B01
201900057084,1,7,,0,2,1,1,A01
201900057084,1,7,,0,0,9,1,B01
201900057085,2,1,,0,1,1,1,A01
201900057086,0,7,,0,2,7,12,Z01
201900057086,0,32,,0,0,3,1,A01
201900057087,1,33,,0,2,7,1,B01
201900057087,3,7,,0,2,3,19,A01
201900057088,1,7,,13,0,1,14,A01
201900057089,2,50,,0,2,2,15,A01
201900057089,1,32,,0,2,1,1,B01
201900057090,3,7,,1,0,1,1,A01
201900057091,2,40,,0,1,3,1,A01
201900057092,1,7,,0,1,2,1,A01
201900057093,2,7,,2,0,1,0,A01
201900057094,0,7,,0,2,0,1,A01
201900057094,0,43,,0,2,0,1,B01
201900057095,1,7,,0,2,1,1,A01
201900057095,1,7,,0,2,4,15,B01
201900057096,0,34,,0,2,1,1,B01
201900057096,0,7,,0,2,1,13,A01
201900057097,3,2,,0,2,2,1,B01
201900057097,3,7,,0,2,3,10,A01
201900057098,2,7,,0,2,4,1,B01
201900057098,2,30,,0,2,1,1,A01
201900057099,1,7,,0,2,3,1,B01
201900057099,2,7,,0,2,3,13,A01
201900057100,2,2,,0,0,7,23,A01
201900057101,1,7,,0,2,4,1,D01
201900057101,1,7,,0,2,4,1,C01
201900057101,1,7,,0,2,4,1,B01
201900057101,1,7,,0,2,1,1,A01
201900057102,2,2,,7,0,7,0,A01
201900057103,2,7,,0,2,1,1,B01
201900057103,1,7,,1,2,1,13,A01
201900057104,2,7,,15,0,2,1,A01
201900057105,0,7,,0,1,1,1,A01
201900057106,1,7,,4,0,1,1,A01
201900057107,3,7,,0,2,2,15,A01
201900057107,3,7,,0,2,1,26,B01
201900057108,1,7,,0,1,3,16,A01
201900057109,1,7,,0,2,8,15,B01
201900057109,1,7,,0,2,2,17,A01
201900057110,3,36,,12,0,2,26,A01
201900057111,2,7,,0,1,1,1,A01
201900057112,3,7,,0,1,1,1,A01
201900057113,3,7,,0,2,1,1,A01
201900057113,3,7,,0,2,1,5,B01
201900057114,3,33,,0,0,8,1,A01
201900057115,1,7,,0,1,2,1,A01
201900057116,1,7,,0,2,1,9,A01
201900057116,1,7,,0,2,7,16,B01
201900057117,2,7,,0,2,6,9,A01
201900057117,2,2,,0,2,1,1,A01
201900057118,1,30,,0,2,2,17,A01
201900057118,1,7,,0,2,3,1,B01
201900057119,1,7,,0,1,1,1,A01
201900057120,1,7,,0,0,0,21,A01
201900057121,1,34,,0,2,6,1,B01
201900057121,3,7,,0,2,0,19,A01
201900057122,2,7,,6,0,8,1,A01
201900057123,3,33,,0,2,0,17,A01
201900057123,3,7,,0,2,5,0,B01
201900057124,2,7,,0,2,1,1,A01
201900057124,2,10,,0,0,4,1,B01
201900057125,2,33,,0,2,5,1,A01
201900057125,2,7,,0,2,3,11,Z01
201900057126,1,3,,8,0,1,1,A01
201900057127,1,7,,0,2,6,1,B01
201900057127,1,30,,0,2,6,1,A01
201900057128,2,7,,0,2,1,1,B01
201900057128,1,7,,0,2,1,5,A01
201900057129,1,7,,0,2,3,15,B01
201900057129,1,7,,0,2,7,5,A01
201900057130,0,7,,0,2,1,15,A01
201900057130,0,7,,0,2,1,1,B01
201900057131,1,40,,0,2,2,1,B01
201900057131,1,7,,0,2,3,9,A01
201900057132,2,7,,0,2,2,1,B01
201900057132,1,10,,0,2,3,10,A01
201900057133,1,1,,0,2,1,1,A01
201900057133,1,30,,0,2,7,16,Z01
201900057134,3,1,,0,1,1,1,A01
201900057135,1,1,,0,2,3,1,B01
201900057135,1,7,,0,2,7,22,A01
201900057136,2,7,,0,0,9,1,A01
201900057137,2,37,2.0,0,1,0,21,A01
201900057138,0,36,,2,0,2,1,A01
201900057139,1,33,,0,2,8,15,A01
201900057139,1,30,,0,2,1,1,Z01
201900057140,1,33,,0,2,1,2,A01
201900057140,1,7,,0,2,4,2,B01
201900057141,1,2,,0,2,4,2,A01
201900057141,1,7,,0,2,2,2,B01
201900057142,1,30,,12,0,1,13,A01
201900057143,0,10,,0,0,2,1,A01
201900057143,0,7,,11,0,3,19,B01
201900057144,1,2,,0,2,1,1,B01
201900057144,1,7,,0,2,3,16,A01
201900057145,1,80,,0,2,3,1,A01
201900057145,1,7,,0,2,3,1,B01
201900057146,2,7,,0,2,4,2,B01
201900057146,2,7,,0,2,1,2,A01
201900057147,2,7,,0,2,1,2,A01
201900057147,2,7,,0,2,4,23,B01
201900057148,3,7,,2,0,1,1,A01
201900057149,2,13,,0,2,3,15,A01
201900057149,2,33,,0,2,7,17,B01
201900057150,1,7,,0,2,1,2,A01
201900057150,1,7,,0,2,1,2,B01
201900057150,1,7,,0,0,4,1,C01
201900057151,1,7,,0,2,1,16,A01
201900057151,1,1,,0,2,0,1,B01
201900057152,2,7,,0,2,3,15,B01
201900057152,2,31,,0,2,2,17,A01
201900057153,3,2,,0,2,1,0,B01
201900057153,3,1,,0,2,1,0,A01
201900057154,1,7,,0,1,2,1,A01
201900057155,1,33,,8,0,1,13,A01
201900057156,1,7,,16,0,0,1,A01
201900057157,2,7,,0,2,1,1,B01
201900057157,2,33,,0,1,1,17,A01
201900057158,2,15,,0,2,3,1,B01
201900057158,2,7,,4,2,3,1,A01
201900057159,1,7,,0,2,0,22,Z01
201900057159,1,1,,0,2,1,1,A01
201900057160,3,99,,0,0,4,0,B01
201900057160,3,7,,0,1,3,13,A01
201900057161,2,7,,0,1,3,1,A01
201900057162,2,2,,0,2,3,13,A01
201900057162,1,7,,0,2,3,1,B01
201900057163,1,1,,0,1,1,1,A01
201900057164,1,7,,0,2,7,14,A01
201900057164,1,1,,0,2,8,1,B01
201900057165,1,33,,12,0,2,14,A01
201900057166,3,1,,0,2,1,1,B01
201900057166,3,7,,0,2,7,15,A01
201900057167,1,7,,0,2,4,23,A01
201900057167,1,43,,0,2,1,1,B01
201900057168,3,2,,0,2,1,16,B01
201900057168,3,7,,0,2,1,5,A01
201900057169,1,7,,0,2,2,15,A01
201900057169,1,1,,0,2,8,2,B01
201900057170,2,2,,0,2,2,1,B01
201900057170,2,2,,0,2,3,2,A01
201900057171,2,7,,3,0,1,0,A01
201900057172,2,7,,0,2,1,2,A01
201900057172,2,7,,0,2,4,1,B01
201900057172,2,7,,0,2,2,2,C01
201900057173,2,7,,0,2,3,1,C01
201900057173,1,7,,0,2,8,1,B01
201900057173,1,13,,0,2,2,12,A01
201900057174,1,15,,0,0,4,2,B01
201900057174,1,7,,0,2,1,2,A01
201900057175,2,10,,0,2,1,2,A01
201900057175,2,7,,0,2,4,2,B01
201900057176,1,7,,0,2,3,9,A01
201900057176,3,10,,0,2,7,1,B01
201900057177,3,14,,0,2,1,1,B01
201900057177,0,7,,0,2,7,1,A01
201900057178,1,34,,0,2,1,3,B01
201900057178,2,7,,0,2,3,15,A01
201900057179,3,7,,0,2,0,2,A01
201900057179,3,3,,0,2,1,6,B01
201900057180,1,7,,0,2,3,9,A01
201900057180,3,7,,0,2,2,16,B01
201900057181,2,7,,0,1,2,16,A01
201900057182,1,33,,8,2,1,1,B01
201900057182,2,7,,0,2,5,15,A01
201900057183,3,7,,0,2,4,0,D01
201900057183,3,7,,0,2,4,23,C01
201900057183,3,7,,0,2,6,23,B01
201900057183,3,7,,0,2,2,17,A01
201900057184,3,33,,0,2,3,1,A01
201900057184,3,33,,0,2,5,1,B01
201900057185,1,7,,0,1,1,9,A01
201900057186,3,7,,0,6,7,26,Z01
201900057186,3,50,,0,2,8,19,B01
201900057187,2,33,,0,2,1,1,A01
201900057187,3,7,,0,0,6,19,B01
201900057188,2,7,,2,0,1,1,A01
201900057189,1,7,,13,0,1,1,A01
201900057190,3,7,,0,1,2,20,A01
201900057191,1,7,,2,0,1,14,A01
201900057192,2,7,,0,1,2,15,A01
201900057193,1,33,,13,0,7,1,A01
201900057194,1,7,,17,0,9,12,A01
201900057195,2,1,,0,2,6,19,A01
201900057195,1,7,,0,2,1,1,B01
201900057196,1,7,,4,0,1,1,A01
201900057197,3,7,,0,1,2,9,A01
201900057198,1,10,,0,2,3,1,B01
201900057198,2,7,,0,2,3,13,A01
201900057199,1,31,,0,2,1,1,B01
201900057199,1,7,,0,2,8,15,A01
201900057200,2,7,,0,2,8,1,B01
201900057200,2,7,,16,2,2,1,A01
201900057201,1,7,,0,2,1,2,A01
201900057201,1,7,,0,2,4,2,B01
201900057202,2,33,,13,0,2,1,A01
201900057203,3,33,,0,2,2,12,A01
201900057203,3,7,,0,2,3,1,B01
201900057204,2,7,,0,2,1,11,A01
201900057204,1,7,,0,0,1,1,B01
201900057205,1,10,,0,1,1,15,A01
201900057206,2,33,,0,0,0,0,A01
201900057207,1,7,,2,0,2,14,A01
201900057208,1,7,,8,0,0,1,A01
201900057209,1,33,,0,2,7,1,B01
201900057209,3,7,,0,2,1,9,A01
201900057210,1,7,,0,2,1,13,A01
201900057210,2,7,,0,0,3,1,B01
201900057210,1,7,,0,0,1,1,C01
201900057211,1,7,,13,0,2,13,A01
201900057212,2,2,,0,0,4,2,B01
201900057212,2,7,,0,2,1,2,A01
201900057213,2,7,,0,1,1,1,A01
201900057214,2,7,,0,2,1,1,A01
201900057214,1,7,,0,2,1,1,B01
201900057215,0,7,,0,0,0,0,E01
201900057215,0,7,,0,0,0,0,D01
201900057215,0,7,,0,0,0,0,C01
201900057215,0,7,,0,0,0,0,B01
201900057215,1,7,,0,2,0,26,A01
201900057216,3,7,,0,0,0,13,A01
201900057216,3,31,,0,0,1,1,B01
201900057217,2,10,,0,2,8,0,B01
201900057217,1,10,,0,2,8,0,A01
201900057218,1,33,,0,2,4,1,B01
201900057218,1,33,,0,2,1,1,A01
201900057219,1,17,,0,1,1,1,A01
201900057220,0,33,,0,2,3,1,B01
201900057220,0,21,,0,0,6,1,A01
201900057221,1,33,,14,0,1,6,A01
201900057222,1,7,,0,2,1,1,B01
201900057222,2,7,,0,2,1,13,A01
201900057223,2,7,,13,0,1,21,A01
201900057224,1,7,,13,0,1,2,A01
201900057225,3,7,,0,2,1,9,A01
201900057225,3,33,,0,2,7,15,B01
201900057226,3,1,,0,2,8,13,A01
201900057226,3,7,,0,9,8,13,B01
201900057227,1,7,,0,1,2,1,A01
201900057228,0,1,,0,2,7,1,B01
201900057228,1,7,,0,9,2,9,A01
201900057229,2,7,,13,0,3,13,A01
201900057230,1,7,,0,2,4,23,B01
201900057230,1,32,,0,2,1,2,A01
201900057231,2,21,,0,2,3,15,A01
201900057231,2,7,,5,0,2,17,B01
201900057232,2,7,,3,0,1,1,A01
201900057233,1,7,,0,1,2,2,A01
201900057234,0,7,,0,9,8,1,B01
201900057234,0,1,,0,2,1,1,A01
201900057235,1,32,,0,2,5,16,B01
201900057235,1,7,,0,2,1,1,A01
201900057236,0,13,,0,2,2,1,B01
201900057236,0,33,,0,2,1,1,A01
201900057237,1,7,,13,0,1,14,A01
201900057238,1,7,,0,2,3,13,A01
201900057238,2,7,,0,2,3,21,B01
201900057239,0,7,,16,0,0,13,A01
201900057240,2,7,,13,0,1,13,A01
201900057241,3,7,,2,0,1,1,A01
201900057242,1,7,,0,2,1,1,B01
201900057242,2,7,,0,2,1,13,A01
201900057243,3,7,,0,2,3,1,B01
201900057243,3,2,,0,2,2,15,A01
201900057244,1,2,,0,0,7,1,A01
201900057245,1,7,,1,1,1,1,A01
201900057246,1,32,,0,2,7,1,B01
201900057246,1,7,,0,2,3,1,A01
201900057247,2,7,,0,2,1,15,A01
201900057247,1,33,,3,2,1,1,B01
201900057248,2,7,,0,2,1,0,A01
201900057248,1,7,,0,2,1,0,B01
201900057249,2,7,,0,1,2,1,A01
201900057250,2,31,,0,0,7,1,A01
201900057251,3,33,,0,2,1,1,A01
201900057251,3,7,,0,2,8,1,B01
201900057252,0,7,,0,2,7,19,B01
201900057252,3,7,,0,2,1,1,A01
201900057253,0,2,,0,1,1,0,A01
201900057254,2,7,,0,0,1,0,A01
201900057255,0,7,,0,2,3,13,A01
201900057255,0,7,,0,2,1,21,B01
201900057256,1,7,,2,0,7,13,A01
201900057257,2,7,,0,2,4,4,Z01
201900057257,2,30,,0,2,7,2,A01
201900057258,1,33,,0,0,7,1,A01
201900057259,0,7,,0,2,1,13,A01
201900057259,0,7,,0,0,2,23,B01
201900057260,1,10,,0,1,6,4,A01
201900057261,1,30,,0,1,1,1,A01
201900057262,1,10,,0,2,8,1,C01
201900057262,2,7,,0,2,6,1,B01
201900057262,2,7,,0,2,3,1,A01
201900057262,1,7,,0,2,1,1,D01
201900057262,1,7,,0,2,1,1,E01
201900057263,2,10,,0,2,2,14,A01
201900057263,2,30,,0,2,6,1,B01
201900057264,2,7,,8,0,1,1,A01
201900057265,1,7,,15,0,0,14,A01
201900057266,1,33,,6,2,2,2,A01
201900057266,1,7,,0,2,8,15,B01
201900057267,1,33,,2,0,0,13,A01
201900057268,1,1,,0,2,4,15,B01
201900057268,2,32,,0,2,1,1,A01
201900057269,1,2,,6,0,7,14,A01
201900057270,3,1,,0,0,1,1,A01
201900057271,2,7,,0,2,2,1,A01
201900057271,2,30,,0,2,1,9,B01
201900057272,2,7,,2,0,9,1,A01
201900057273,1,7,,0,2,4,23,B01
201900057273,1,15,,0,2,4,2,A01
201900057274,2,7,,0,2,1,1,B01
201900057274,1,7,,0,2,7,13,A01
201900057275,0,7,,0,1,1,1,A01
201900057276,2,2,,0,2,1,1,B01
201900057276,1,21,,0,2,3,1,A01