Num_Acc,senc,catv,occutc,obs,obsm,choc,manv,num_veh
201900057277,1,7,,0,1,3,1,A01
201900057278,2,10,,0,2,2,16,A01
201900057278,2,1,,0,2,8,1,B01
201900057279,2,7,,13,0,1,1,A01
201900057280,2,43,,0,1,0,1,Z01
201900057281,2,7,,4,0,2,1,A01
201900057282,1,31,,0,2,1,1,B01
201900057282,1,1,,0,2,8,19,A01
201900057283,1,7,,12,1,3,16,A01
201900057284,2,10,,0,1,8,15,A01
201900057285,1,10,,0,0,6,23,B01
201900057285,1,7,,1,0,2,2,A01
201900057286,2,2,,0,2,6,2,C01
201900057286,2,2,,0,2,1,1,B01
201900057286,2,7,,0,2,6,13,A01
201900057287,3,7,,13,0,1,1,A01
201900057288,2,7,,0,2,2,1,A01
201900057288,2,7,,0,2,3,20,B01
201900057289,2,7,,0,2,3,13,A01
201900057289,1,7,,0,2,1,1,B01
201900057290,1,1,,0,2,4,15,B01
201900057290,1,7,,0,2,3,17,A01
201900057291,2,33,,0,2,0,5,A01
201900057291,1,14,,0,2,4,2,B01
201900057292,2,7,,0,2,3,9,A01
201900057292,3,15,,0,2,2,1,B01
201900057293,1,7,,0,2,3,0,B01
201900057293,1,7,,0,2,2,26,A01
201900057294,1,2,,0,2,5,12,B01
201900057294,1,7,,0,2,3,23,A01
201900057295,2,7,,0,2,2,1,B01
201900057295,1,7,,3,2,2,13,A01
201900057296,1,34,,0,2,1,17,A01
201900057296,2,7,,0,2,1,15,B01
201900057297,1,7,,0,1,2,1,A01
201900057298,2,34,,3,0,3,1,A01
201900057299,2,7,,13,0,1,1,A01
201900057300,1,7,,0,0,4,2,B01
201900057300,1,10,,0,2,1,2,A01
201900057301,1,15,,8,2,1,2,A01
201900057301,1,7,,0,0,4,15,B01
201900057302,2,7,,0,2,1,1,B01
201900057302,1,7,,9,2,2,15,A01
201900057303,1,33,,0,2,1,1,A01
201900057303,2,7,,0,2,3,1,B01
201900057304,1,7,,16,0,1,13,A01
201900057305,1,7,,13,0,0,1,A01
201900057306,1,32,,11,0,1,17,A01
201900057307,3,7,,15,0,1,13,A01
201900057308,2,1,,0,2,4,2,B01
201900057308,2,7,,0,2,2,2,A01
201900057309,0,7,,0,2,1,1,B01
201900057309,0,7,,13,2,8,10,A01
201900057310,1,33,,0,6,0,26,A01
201900057310,1,14,,0,0,0,1,B01
201900057311,3,7,,14,0,3,15,A01
201900057312,3,7,,0,2,3,15,A01
201900057312,0,33,,0,2,1,1,B01
201900057313,1,7,,0,2,3,13,A01
201900057313,2,15,,0,2,3,1,B01
201900057314,0,3,,0,2,3,1,A01
201900057314,0,3,,0,2,3,13,B01
201900057315,2,7,,0,1,2,13,A01
201900057316,3,10,,0,2,4,23,A01
201900057316,3,1,,0,2,1,2,B01
201900057317,3,50,,0,1,1,9,A01
201900057318,2,33,,15,0,1,1,A01
201900057319,1,7,,12,0,9,16,A01
201900057320,1,10,,0,1,1,1,A01
201900057321,1,7,,0,2,2,13,A01
201900057321,2,7,,0,2,3,1,B01
201900057322,1,17,,0,2,4,1,C01
201900057322,1,7,,0,2,1,17,A01
201900057322,2,7,,0,2,1,1,B01
201900057323,3,7,,0,0,6,2,A01
201900057323,3,7,,0,2,2,2,B01
201900057324,2,7,,3,0,3,1,A01
201900057324,2,10,,0,0,5,23,B01
201900057325,1,7,,0,2,1,1,C01
201900057325,1,7,,0,2,1,1,B01
201900057325,1,7,,3,0,1,1,A01
201900057326,0,7,,6,0,3,1,A01
201900057327,3,7,,0,2,3,16,B01
201900057327,2,2,,0,2,1,1,A01
201900057328,1,7,,0,2,3,1,A01
201900057328,2,7,,0,2,3,5,B01
201900057329,1,7,,0,2,1,9,A01
201900057329,2,33,,0,2,1,1,B01
201900057330,0,7,,0,1,5,4,A01
201900057331,3,7,,1,1,3,1,A01
201900057332,2,7,,0,2,3,13,A01
201900057332,1,7,,0,2,3,1,B01
201900057333,0,7,,0,2,3,15,B01
201900057333,2,7,,0,2,1,1,A01
201900057334,2,33,,0,0,2,1,A01
201900057335,2,10,,0,2,3,1,C01
201900057335,2,7,,0,2,1,1,B01
201900057335,1,7,,0,2,1,6,A01
201900057336,2,7,,0,0,4,23,C01
201900057336,2,7,,0,2,1,23,B01
201900057336,2,7,,0,2,1,2,A01
201900057337,2,7,,12,0,1,1,A01
201900057338,1,7,,0,2,5,2,B01
201900057338,1,31,,0,2,1,2,A01
201900057339,2,7,,0,2,1,1,B01
201900057339,1,7,,0,2,1,12,A01
201900057340,2,7,,0,2,2,1,B01
201900057340,2,2,,0,2,8,15,A01
201900057341,2,7,,0,1,1,1,A01
201900057342,2,7,,0,0,1,1,A01
201900057343,2,33,,0,2,1,17,B01
201900057343,2,3,,0,2,8,15,A01
201900057344,1,7,,0,2,1,1,B01
201900057344,2,7,,0,2,1,5,A01
201900057345,2,31,,0,0,0,2,A01
201900057346,2,7,,0,1,0,0,A01
201900057347,2,7,,0,2,1,1,B01
201900057347,3,7,,0,2,8,10,A01
201900057348,1,33,,8,0,2,1,A01
201900057349,2,7,,0,2,1,26,B01
201900057349,1,7,,0,2,1,1,A01
201900057350,1,7,,0,2,3,15,A01
201900057350,2,33,,0,2,3,1,B01
201900057351,1,7,,13,0,1,14,A01
201900057352,3,10,,0,1,6,20,A01
201900057353,1,7,,3,0,1,1,A01
201900057354,2,1,,0,2,3,16,B01
201900057354,1,10,,0,0,7,15,A01
201900057355,1,7,,0,2,1,1,A01
201900057355,1,7,,0,0,3,1,B01
201900057356,2,31,,0,6,1,1,A01
201900057357,2,7,,0,1,1,1,A01
201900057358,1,33,,0,2,1,1,B01
201900057358,2,80,,0,2,1,17,A01
201900057359,1,7,,4,0,2,14,A01
201900057360,1,7,,0,2,3,15,A01
201900057360,2,80,,0,2,3,1,B01
201900057361,1,7,,0,0,4,15,B01
201900057361,1,2,,0,2,1,1,A01
201900057362,3,7,,0,2,6,20,A01
201900057362,3,2,,0,2,1,1,B01
201900057363,3,2,,0,2,7,19,A01
201900057363,3,7,,0,2,6,19,B01
201900057364,0,33,,6,0,1,26,A01
201900057365,0,7,,12,1,4,20,A01
201900057366,3,7,,0,2,5,1,B01
201900057366,3,2,,0,2,1,19,A01
201900057367,1,17,,0,2,1,1,B01
201900057367,2,33,,0,2,1,13,A01
201900057368,1,7,,0,2,1,1,B01
201900057368,1,7,,0,0,4,1,A01
201900057369,3,7,,0,0,3,1,B01
201900057369,3,7,,14,0,2,1,A01
201900057370,2,7,,13,0,2,14,A01
201900057371,2,7,,0,1,1,0,A01
201900057372,1,7,,4,0,1,0,A01
201900057373,3,33,,0,2,1,1,B01
201900057373,3,7,,0,2,1,5,A01
201900057374,2,10,,13,0,4,1,A01
201900057375,2,7,,7,2,8,15,A01
201900057375,1,14,,0,2,2,1,B01
201900057376,2,7,,8,0,0,1,A01
201900057377,1,10,,0,0,0,14,A01
201900057378,2,10,,2,0,8,1,A01
201900057379,3,43,,0,6,1,0,A01
201900057380,1,33,,0,0,0,1,A01
201900057381,1,7,,0,2,6,1,A01
201900057381,1,33,,0,2,1,1,B01
201900057382,1,7,,0,2,3,1,B01
201900057382,1,7,,0,2,3,13,A01
201900057383,1,7,,0,2,1,1,B01
201900057383,0,7,,0,2,8,19,A01
201900057384,1,15,,11,0,7,1,A01
201900057385,3,7,,0,1,7,1,A01
201900057386,2,7,,0,2,3,1,A01
201900057386,1,7,,0,2,3,1,B01
201900057387,1,7,,2,0,3,1,A01
201900057388,1,7,,0,1,2,1,A01
201900057389,1,7,,0,0,2,14,B01
201900057389,1,7,,0,2,1,21,A01
201900057390,1,7,,0,2,5,1,B01
201900057390,1,33,,0,2,1,3,A01
201900057391,2,7,,0,2,3,9,A01
201900057391,2,2,,0,2,1,1,B01
201900057392,2,17,,0,2,4,1,D01
201900057392,2,17,,0,2,4,1,C01
201900057392,2,7,,0,2,4,1,B01
201900057392,2,17,,0,2,1,1,A01
201900057393,3,7,,0,2,3,15,B01
201900057393,3,33,,0,2,1,17,A01
201900057394,2,7,,0,2,4,23,A01
201900057394,2,7,,0,2,1,1,B01
201900057395,3,7,,0,1,4,4,A01
201900057396,2,10,,0,2,2,26,B01
201900057396,2,10,,0,2,6,26,A01
201900057397,2,7,,0,2,4,2,B01
201900057397,2,33,,0,2,1,2,A01
201900057398,2,7,,0,0,4,2,B01
201900057398,2,7,,0,2,1,2,A01
201900057399,1,7,,1,0,1,19,A01
201900057400,1,7,,0,2,3,15,B01
201900057400,2,1,,0,2,1,17,A01
201900057401,2,7,,0,2,3,1,A01
201900057401,1,7,,0,2,3,1,B01
201900057402,0,10,,0,2,1,5,B01
201900057402,3,7,,0,2,1,1,A01
201900057403,2,2,,0,2,1,1,B01
201900057403,0,7,,0,2,3,20,A01
201900057404,2,10,,0,2,2,1,B01
201900057404,2,10,,3,2,4,11,A01
201900057405,3,7,,0,2,1,0,B01
201900057405,3,7,,0,2,6,23,A01
201900057406,0,7,,6,0,1,0,A01
201900057407,3,7,,15,0,1,1,A01
201900057408,1,99,,0,0,6,0,A01
201900057409,1,15,,0,2,7,20,A01
201900057409,1,7,,0,2,8,24,B01
201900057410,1,7,,0,2,0,0,A01
201900057410,2,7,,0,2,0,0,B01
201900057410,1,7,,0,2,0,0,C01
201900057411,1,7,,0,2,8,15,A01
201900057411,2,33,,0,2,1,1,B01
201900057412,3,7,,0,2,8,1,A01
201900057412,3,30,,0,2,3,0,B01
201900057413,1,7,,0,2,2,2,A01
201900057413,1,33,,0,2,3,3,B01
201900057413,1,7,,0,0,4,2,C01
201900057414,2,7,,0,2,4,2,D01
201900057414,2,7,,0,2,4,2,C01
201900057414,2,7,,0,2,4,2,B01
201900057414,2,7,,0,2,1,2,A01
201900057415,2,33,,0,0,7,1,A01
201900057416,1,7,,2,0,9,1,A01
201900057417,1,80,,0,2,3,1,A01
201900057417,1,7,,0,2,0,17,Z01
201900057418,1,33,,0,2,6,1,A01
201900057418,1,7,,0,2,0,12,Z01
201900057419,2,14,,0,2,1,2,A01
201900057419,2,17,,0,2,4,2,B01
201900057420,3,14,,0,2,2,23,C01
201900057420,2,7,,1,2,8,15,B01
201900057420,2,7,,0,2,5,1,A01
201900057421,2,33,,3,0,1,1,A01
201900057422,1,7,,0,2,4,2,B01
201900057422,1,7,,0,2,1,1,A01
201900057423,2,7,,0,2,1,1,A01
201900057423,2,33,,0,2,5,1,B01
201900057424,1,10,,0,2,2,2,B01
201900057424,1,7,,0,2,6,2,A01
201900057425,0,7,,0,0,0,0,B01
201900057425,1,30,,0,2,8,1,A01
201900057426,1,7,,2,0,1,1,A01
201900057427,2,7,,6,0,1,1,A01
201900057428,2,7,,2,0,3,13,A01
201900057429,1,2,,3,0,7,1,A01
201900057430,2,7,,0,2,3,1,A01
201900057431,1,37,1.0,0,1,8,1,A01
201900057432,1,15,,0,2,2,2,C01
201900057432,1,15,,0,2,4,2,B01
201900057432,1,15,,0,2,4,2,A01
201900057433,1,37,3.0,0,2,3,20,B01
201900057433,2,7,,0,2,3,13,A01
201900057434,1,33,,0,2,1,5,A01
201900057434,2,7,,0,2,8,1,B01
201900057435,2,7,,0,2,3,13,A01
201900057435,1,7,,0,2,3,1,B01
201900057436,2,7,,0,2,4,2,A01
201900057436,2,17,,0,2,1,2,B01
201900057437,1,33,,0,0,8,1,A01
201900057438,1,7,,4,0,3,1,A01
201900057439,1,7,,0,2,1,2,Z01
201900057439,0,7,,0,0,4,1,B01
201900057440,1,7,,13,0,3,13,A01
201900057441,1,33,,0,2,2,1,B01
201900057441,1,7,,0,2,6,11,A01
201900057442,1,7,,0,2,3,19,B01
201900057442,2,3,,0,2,1,1,A01
201900057443,1,7,,0,2,1,2,A01
201900057443,1,7,,0,2,4,2,B01
201900057444,3,33,,0,0,0,1,A01
201900057445,1,7,,3,0,1,1,A01
201900057446,1,7,,13,0,3,13,A01
201900057447,2,7,,0,2,6,1,B01
201900057447,2,7,,0,2,2,1,A01
201900057448,2,1,,0,2,2,1,B01
201900057448,1,7,,0,2,3,9,A01
201900057449,1,7,,4,0,1,15,A01
201900057450,2,2,,0,2,1,1,B01
201900057450,1,7,,0,0,3,19,A01
201900057451,2,7,,0,2,1,21,E01
201900057451,2,7,,0,2,3,1,D01
201900057451,2,7,,0,2,1,21,C01
201900057451,2,15,,0,0,4,1,B01
201900057451,2,7,,0,2,1,2,A01
201900057452,1,10,,0,2,3,13,A01
201900057452,2,7,,0,2,8,1,B01
201900057453,1,7,,0,2,1,2,A01
201900057453,1,7,,0,2,4,2,B01
201900057453,1,7,,0,2,4,2,C01
201900057453,1,7,,0,2,4,2,D01
201900057453,1,7,,0,2,4,2,E01
201900057454,2,10,,0,2,8,23,B01
201900057454,2,2,,1,0,1,13,A01
201900057455,1,7,,0,2,2,9,A01
201900057455,1,7,,0,2,9,1,B01
201900057456,1,7,,0,2,4,2,C01
201900057456,1,7,,0,2,4,2,B01
201900057456,1,7,,0,2,1,2,A01
201900057457,1,7,,0,2,6,15,B01
201900057457,1,34,,0,2,1,1,A01
201900057458,2,33,,13,0,1,1,A01
201900057459,1,7,,0,2,1,1,A01
201900057459,1,7,,0,2,4,2,B01
201900057459,1,7,,0,2,4,2,C01
201900057459,1,7,,0,2,4,2,D01
201900057460,2,7,,4,0,1,13,A01
201900057461,2,7,,0,1,2,1,A01
201900057462,1,7,,8,0,1,1,A01
201900057463,2,7,,0,2,3,13,A01
201900057463,1,7,,0,2,3,1,B01
201900057464,0,7,,13,0,3,1,A01
201900057465,2,31,,16,0,0,2,A01
201900057466,1,7,,8,0,3,13,A01
201900057467,1,7,,0,2,3,1,B01
201900057467,2,7,,0,2,1,13,A01
201900057468,1,7,,0,2,2,1,C01
201900057468,2,7,,0,2,1,1,B01
201900057468,1,7,,0,2,1,15,A01
201900057469,1,7,,2,0,3,1,A01
201900057470,0,1,,0,2,4,2,B01
201900057470,0,1,,0,9,1,2,A01
201900057471,2,1,,0,2,2,1,B01
201900057471,1,10,,0,2,3,1,A01
201900057472,2,7,,0,1,3,0,A01
201900057473,1,14,,0,1,1,1,A01
201900057474,2,7,,0,1,2,2,B01
201900057475,1,10,,13,0,2,1,A01
201900057476,2,7,,13,0,1,17,A01
201900057477,2,2,,0,0,0,1,A01
201900057478,1,7,,0,2,3,18,A01
201900057478,1,7,,0,2,6,14,B01
201900057479,3,7,,0,2,1,9,A01
201900057479,1,33,,0,2,8,1,B01
201900057480,1,7,,0,2,1,2,B01
201900057480,0,7,,0,2,4,2,A01
201900057481,1,7,,0,2,6,10,A01
201900057481,1,33,,0,2,1,1,B01
201900057482,1,7,,0,2,4,2,B01
201900057482,1,7,,0,2,1,2,C01
201900057482,1,7,,0,2,4,2,A01
201900057483,0,2,,0,0,7,19,B01
201900057483,0,7,,0,2,1,1,A01
201900057484,3,7,,13,0,3,1,A01
201900057485,1,7,,0,2,4,2,A01
201900057485,1,7,,0,2,4,2,B01
201900057486,2,1,,0,2,1,1,B01
201900057486,2,7,,0,2,6,9,A01
201900057487,2,7,,6,0,7,1,A01
201900057488,1,10,,0,1,7,16,A01
201900057488,1,60,,0,2,8,19,B01
201900057489,2,1,,0,0,8,26,B01
201900057489,2,2,,0,9,1,1,A01
201900057490,2,7,,0,2,2,2,B01
201900057490,2,7,,0,2,6,1,A01
201900057491,1,7,,2,0,1,14,A01
201900057492,2,32,,0,2,1,18,A01
201900057492,2,33,,0,2,1,17,B01
201900057493,3,1,,1,0,6,1,A01
201900057494,1,7,,0,2,2,15,A01
201900057494,2,30,,0,2,1,1,B01
201900057495,1,2,,0,2,1,1,B01
201900057495,2,7,,0,0,2,17,A01
201900057496,1,10,,0,0,7,1,A01
201900057497,1,7,,2,0,2,2,A01
201900057498,3,7,,0,2,3,19,B01
201900057498,3,2,,0,2,1,13,A01
201900057499,1,7,,0,2,3,1,B01
201900057499,2,7,,0,2,1,15,A01
201900057500,1,7,,0,2,6,9,A01
201900057500,2,7,,0,2,3,1,B01
201900057501,2,31,,0,0,2,21,B01
201900057501,3,7,,0,0,2,15,A01
201900057502,1,1,,0,2,1,0,B01
201900057502,2,7,,0,9,4,13,A01
201900057503,2,7,,0,0,4,15,A01
201900057503,2,7,,0,2,1,15,B01
201900057503,2,38,1.0,0,2,1,2,C01
201900057504,1,33,,3,0,2,1,A01
201900057505,2,10,,0,2,3,1,B01
201900057505,1,33,,12,2,6,9,A01
201900057506,2,7,,13,0,1,0,A01
201900057507,2,31,,0,2,1,1,B01
201900057507,3,7,,0,2,8,15,A01
201900057508,1,7,,0,0,4,1,B01
201900057508,1,7,,0,2,1,17,A01
201900057509,1,33,,0,1,2,1,A01
201900057510,1,10,,0,1,2,1,A01
201900057511,2,7,,4,0,1,1,A01
201900057512,2,7,,0,2,4,1,A01
201900057512,2,10,,0,2,1,1,B01
201900057513,1,7,,0,2,3,13,A01
201900057513,2,7,,0,2,8,1,B01
201900057513,2,7,,0,2,3,1,C01
201900057514,2,30,,0,2,1,1,A01
201900057514,2,7,,0,2,6,22,B01
201900057515,1,33,,0,2,1,1,B01
201900057515,1,7,,0,2,3,10,A01
201900057516,1,7,,0,0,3,15,B01
201900057516,1,33,,0,2,1,17,A01
201900057517,1,7,,0,2,2,9,A01
201900057517,2,31,,0,2,7,17,B01
201900057518,1,7,,3,6,3,13,A01
201900057519,1,15,,0,0,8,26,A01
201900057520,2,2,,0,0,0,1,A01
201900057521,1,7,,13,0,3,13,A01
201900057522,2,30,,0,1,1,1,A01
201900057523,2,7,,0,2,1,15,B01
201900057523,2,33,,0,2,2,1,A01
201900057524,2,1,,0,2,1,1,B01
201900057524,1,7,,0,2,3,1,A01
201900057525,1,7,,2,0,7,1,A01
201900057526,2,34,,0,2,8,18,B01
201900057526,2,7,,0,2,7,22,A01
201900057527,1,17,,0,2,3,1,A01
201900057527,2,7,,0,2,3,13,B01
201900057528,1,7,,2,0,2,14,A01
201900057529,1,32,,0,2,7,1,A01
201900057529,1,7,,0,2,3,15,B01
201900057530,1,7,,0,2,1,16,B01
201900057530,1,7,,12,2,7,1,A01
201900057531,2,7,,0,1,4,4,A01
201900057532,0,7,,0,2,1,1,B01
201900057532,0,7,,0,2,1,1,A01
201900057533,2,7,,0,1,3,16,A01
201900057534,2,33,,0,0,8,1,B01
201900057534,1,7,,0,2,1,1,A01
201900057535,2,7,,0,2,3,2,B01
201900057535,2,10,,0,2,1,2,A01
201900057536,2,33,,0,2,1,1,B01
201900057536,1,7,,0,2,2,15,A01
201900057537,2,7,,0,2,2,1,B01
201900057537,2,7,,0,2,6,11,A01
201900057538,1,7,,4,2,8,21,B01
201900057538,1,7,,0,2,3,2,A01
201900057539,2,31,,0,2,1,1,B01
201900057539,1,7,,0,2,6,15,A01
201900057540,3,33,,0,0,0,1,A01
201900057541,1,7,,12,0,3,1,A01
201900057542,2,7,,0,2,1,1,B01
201900057542,2,7,,0,0,8,9,A01
201900057543,2,10,,0,2,1,2,A01
201900057543,2,7,,0,2,5,1,C01
201900057543,2,7,,0,2,4,1,B01
201900057544,1,7,,0,0,7,15,A01
201900057544,2,33,,0,2,1,1,B01
201900057545,3,7,,0,1,4,4,A01
201900057546,1,7,,0,2,3,15,A01
201900057546,1,2,,0,2,0,26,B01
201900057547,2,7,,0,2,3,1,B01
201900057547,1,7,,0,2,3,13,A01
201900057548,1,33,,0,2,1,1,A01
201900057548,2,10,,0,2,7,15,B01
201900057549,2,7,,0,2,3,15,B01
201900057549,2,43,,0,2,1,5,A01
201900057550,2,7,,0,2,3,17,A01
201900057550,1,33,,0,2,1,1,B01
201900057551,2,7,,0,2,0,1,L01
201900057551,2,7,,0,2,1,0,K01
201900057551,2,7,,3,2,4,1,J01
201900057551,2,7,,0,2,0,0,I01
201900057551,2,10,,0,2,0,0,H01
201900057551,2,7,,0,2,4,23,G01
201900057551,2,7,,0,2,0,0,F01
201900057551,2,7,,0,2,4,1,E01
201900057551,2,7,,0,2,4,0,D01
201900057551,2,7,,0,2,1,2,C01
201900057551,2,17,,0,2,4,1,B01
201900057551,2,7,,0,2,4,0,A01
201900057552,1,7,,0,2,3,15,A01
201900057552,2,30,,0,2,1,1,B01
201900057553,3,7,,0,0,4,2,B01
201900057553,3,7,,0,2,1,2,A01
201900057554,1,7,,0,0,9,21,A01
201900057555,1,7,,13,0,3,1,A01
201900057556,2,7,,0,2,1,1,A01
201900057556,2,7,,0,2,4,2,B01
201900057556,2,7,,0,2,4,2,C01
201900057557,1,7,,0,2,7,15,A01
201900057557,2,33,,0,2,0,1,B01
201900057558,2,2,,12,0,2,14,A01
201900057559,0,7,,0,1,2,1,A01
201900057560,1,1,,0,1,4,1,A01
201900057561,0,7,,0,1,1,1,A01
201900057562,2,33,,0,2,1,13,A01
201900057562,2,10,,0,2,1,14,B01
201900057563,1,37,1.0,0,1,5,7,A01
201900057564,2,7,,1,0,1,1,C01
201900057564,1,7,,0,2,3,1,B01
201900057564,2,7,,0,2,3,13,A01
201900057565,1,7,,0,1,3,1,A01
201900057566,2,1,,0,2,2,1,A01
201900057566,2,10,,0,2,8,1,B01
201900057567,2,7,,3,2,1,2,A01
201900057567,2,7,,0,2,6,2,B01
201900057567,2,7,,0,2,4,2,C01
201900057567,2,7,,0,2,4,2,D01
201900057568,2,2,,0,2,1,13,B01
201900057568,1,7,,0,2,3,1,A01
201900057569,2,30,,12,0,2,2,A01
201900057570,1,10,,0,2,2,16,B01
201900057570,1,2,,0,2,3,2,A01
201900057571,2,7,,3,0,3,0,A01
201900057572,3,7,,0,2,1,1,B01
201900057572,3,31,,0,2,1,19,A01
201900057573,1,1,,0,2,5,1,A01
201900057573,1,7,,0,2,1,1,B01
201900057574,0,36,,0,0,3,0,A01
201900057575,1,7,,0,2,2,1,A01
201900057575,1,7,,1,2,8,15,B01
201900057575,3,7,,0,2,3,24,C01
201900057576,3,2,,2,0,1,13,A01
201900057577,3,7,,0,2,3,1,B01
201900057577,3,15,,15,0,2,1,A01
201900057578,1,33,,0,2,9,21,A01
201900057578,2,7,,0,2,3,1,B01
201900057578,1,7,,0,2,8,9,C01
201900057579,0,7,,0,2,1,1,A01
201900057579,2,1,,0,2,8,1,B01
201900057580,1,33,,2,0,1,1,A01
201900057581,3,80,,0,2,3,13,A01
201900057581,3,7,,0,2,5,26,B01
201900057582,1,7,,1,0,0,26,A01
201900057583,2,33,,0,2,1,17,A01
201900057583,2,7,,0,2,3,15,B01
201900057584,3,1,,0,2,1,1,B01
201900057584,3,7,,0,9,2,1,A01
201900057585,1,10,,0,1,1,1,A01
201900057586,2,33,,0,0,9,14,A01
201900057587,1,34,,0,2,3,17,A01
201900057587,1,7,,0,2,8,15,B01
201900057588,3,7,,0,2,8,13,B01
201900057588,3,7,,0,2,8,1,A01
201900057589,1,33,,12,0,1,1,A01
201900057590,0,7,,0,1,3,1,A01
201900057591,1,7,,0,1,1,16,A01
201900057592,2,7,,0,2,4,23,B01
201900057592,2,10,,0,2,1,2,A01
201900057593,1,10,,0,2,1,1,B01
201900057593,1,7,,0,2,1,5,A01
201900057594,1,1,,0,2,1,1,B01
201900057594,1,10,,0,2,2,15,A01
201900057595,3,7,,0,2,3,1,B01
201900057595,3,7,,0,2,3,13,A01
201900057596,0,1,,0,2,7,2,B01
201900057596,3,7,,0,2,2,15,A01
201900057597,2,33,,0,2,1,1,B01
201900057597,1,7,,0,2,2,10,A01
201900057598,0,33,,0,0,0,0,A01
201900057599,1,7,,0,2,1,26,A01
201900057599,1,7,,0,2,4,1,B01
201900057599,1,10,,0,0,4,1,C01
201900057600,2,17,,0,2,2,2,A01
201900057600,2,17,,0,2,1,2,B01
201900057600,2,15,,0,2,4,23,C01
201900057601,2,7,,0,2,6,15,B01
201900057601,2,33,,0,2,1,1,A01
201900057602,1,33,,0,2,1,1,B01
201900057602,0,7,,0,0,5,15,A01
201900057603,1,7,,0,2,1,2,A01
201900057603,1,7,,0,2,4,2,B01
201900057604,2,32,,10,0,0,0,A01
201900057605,3,7,,0,2,1,2,A01
201900057605,3,7,,0,2,5,2,B01
201900057606,1,7,,0,2,1,13,A01
201900057606,1,7,,0,2,1,1,B01
201900057607,2,7,,0,1,1,2,A01
201900057608,2,7,,0,2,3,1,B01
201900057608,1,7,,6,2,3,1,A01
201900057609,2,16,,0,2,6,1,B01
201900057609,2,7,,3,2,1,2,A01
201900057610,2,10,,0,2,1,15,B01
201900057610,1,7,,0,2,8,26,A01
201900057611,1,99,,0,2,8,1,B01
201900057611,3,33,,0,2,1,13,A01
201900057612,1,17,,0,2,4,0,B01
201900057612,1,7,,0,2,1,26,A01
201900057613,2,7,,2,0,1,1,A01
201900057614,2,7,,14,0,2,1,E01
201900057614,2,7,,14,0,1,1,D01
201900057614,2,7,,0,2,2,1,C01
201900057614,2,7,,0,2,6,11,B01
201900057614,2,7,,14,0,1,2,A01
201900057615,1,33,,0,2,7,3,B01
201900057615,1,7,,0,2,3,11,A01
201900057616,2,7,,3,0,1,1,B01
201900057616,2,7,,0,0,1,13,A01
201900057617,0,7,,0,2,2,1,B01
201900057617,3,7,,0,2,2,6,A01
201900057618,3,33,,0,0,7,1,A01
201900057619,3,33,,0,0,7,0,A01
201900057620,1,15,,0,2,1,2,B01
201900057620,1,15,,0,0,4,1,A01
201900057621,2,33,,0,2,0,16,A01
201900057622,3,7,,0,2,7,15,A01
201900057622,3,2,,0,2,1,1,B01
201900057623,1,7,,0,2,7,12,A01
201900057623,1,33,,0,2,8,1,B01
201900057624,2,10,,0,2,6,1,B01
201900057624,1,7,,0,2,3,1,A01
201900057625,0,33,,1,0,1,1,A01
201900057626,2,0,,0,0,0,0,Z01
201900057626,2,7,,5,0,4,1,A01
201900057627,2,7,,0,2,1,19,A01
201900057627,1,7,,0,2,1,19,B01
201900057628,2,7,,0,2,3,1,B01
201900057628,2,7,,0,2,2,13,A01
201900057629,3,7,,4,0,1,21,A01
201900057630,1,7,,0,1,4,4,A01
201900057631,2,7,,0,2,7,1,B01
201900057631,2,20,,0,2,8,9,A01
201900057632,2,2,,0,0,0,1,A01
201900057633,0,7,,0,0,4,2,B01
201900057633,0,33,,0,2,1,1,A01
201900057634,2,15,,0,6,1,0,B01
201900057634,1,15,,5,0,3,13,A01
201900057635,1,10,,0,2,1,15,A01
201900057635,3,10,,0,2,2,1,B01
201900057636,1,7,,13,0,1,1,A01
201900057637,1,7,,8,0,1,13,A01
201900057638,2,15,,0,2,0,0,Z01
201900057638,2,33,,0,2,2,1,B01
201900057638,2,7,,0,2,6,9,A01
201900057639,2,31,,0,2,8,3,B01
201900057639,2,7,,0,2,2,12,A01
201900057640,1,43,,4,0,8,16,A01
201900057641,2,15,,0,2,7,12,Z01
201900057641,2,7,,0,2,6,1,A01
201900057642,1,7,,0,2,8,1,A01
201900057642,1,33,,0,2,2,3,B01
201900057643,3,10,,0,1,1,1,A01
201900057644,1,7,,14,2,1,14,A01
201900057644,2,17,,0,2,8,23,B01
201900057645,3,7,,0,1,5,1,A01
201900057646,3,7,,0,0,9,1,A01
201900057647,2,7,,4,0,1,26,A01
201900057648,1,7,,4,0,1,0,A01
201900057649,3,3,,4,0,1,1,A01
201900057650,1,10,,0,1,4,26,A01
201900057651,1,33,,0,0,0,0,B01
201900057651,1,33,,0,2,1,3,A01
201900057652,1,37,3.0,0,0,1,2,A01
201900057652,1,1,,0,0,0,0,B01
201900057653,1,7,,0,2,4,2,D01
201900057653,1,7,,0,2,4,2,C01
201900057653,1,7,,0,2,4,2,B01
201900057653,1,7,,0,2,1,3,A01
201900057654,0,7,,0,2,7,15,A01
201900057654,0,33,,0,2,1,1,B01
201900057655,0,7,,0,1,3,1,A01
201900057656,2,7,,0,1,2,1,A01
201900057657,1,7,,0,1,8,26,A01
201900057658,2,7,,0,0,8,1,B01
201900057658,2,7,,0,2,1,1,A01