Num_Acc,senc,catv,occutc,obs,obsm,choc,manv,num_veh
201900057659,1,34,,3,0,2,7,A01
201900057660,1,7,,0,2,3,15,B01
201900057660,1,33,,0,2,7,26,A01
201900057661,1,7,,0,2,4,2,B01
201900057661,1,7,,0,2,1,2,A01
201900057662,2,33,,0,2,1,1,A01
201900057662,1,99,,0,2,8,0,B01
201900057663,1,33,,2,0,1,11,A01
201900057664,1,7,,0,2,1,2,A01
201900057664,1,7,,0,2,4,2,B01
201900057664,1,7,,0,2,4,2,C01
201900057665,1,7,,0,0,0,9,A01
201900057665,2,33,,14,0,8,13,B01
201900057666,1,7,,13,0,9,1,A01
201900057667,2,10,,6,0,3,2,A01
201900057668,3,7,,6,0,3,1,A01
201900057669,2,7,,3,0,1,13,A01
201900057670,1,10,,0,2,1,26,A01
201900057670,1,10,,0,1,4,2,B01
201900057671,3,7,,0,1,1,26,A01
201900057672,2,7,,15,0,1,14,A01
201900057673,2,7,,0,0,0,23,A01
201900057673,2,7,,0,1,2,0,B01
201900057673,2,7,,0,1,1,1,C01
201900057674,1,2,,0,2,1,2,B01
201900057674,1,7,,0,2,5,2,A01
201900057675,1,7,,0,2,2,15,B01
201900057675,2,2,,0,2,1,1,A01
201900057676,1,33,,0,2,7,17,B01
201900057676,1,7,,0,2,3,15,A01
201900057677,0,7,,0,1,1,1,A01
201900057678,3,7,,13,0,3,1,A01
201900057679,1,7,,16,0,4,9,A01
201900057679,1,7,,0,2,1,2,B01
201900057680,1,15,,0,2,8,1,B01
201900057680,1,7,,4,2,3,13,A01
201900057681,2,33,,0,2,1,1,B01
201900057681,1,10,,0,2,5,17,A01
201900057682,2,7,,0,2,1,1,B01
201900057682,0,7,,0,2,7,0,A01
201900057683,3,34,,8,2,1,1,B01
201900057683,3,7,,0,2,6,11,A01
201900057684,2,7,,0,-1,1,16,A01
201900057685,1,34,,0,1,1,1,A01
201900057686,3,7,,0,2,2,15,A01
201900057686,1,7,,0,2,1,1,B01
201900057687,1,7,,0,2,1,2,A01
201900057687,1,7,,0,2,4,2,B01
201900057688,3,7,,0,6,1,1,A01
201900057688,3,1,,0,2,3,26,B01
201900057689,1,7,,0,1,2,1,Z01
201900057690,2,33,,13,0,1,1,A01
201900057691,3,7,,0,1,3,15,A01
201900057692,0,7,,0,0,0,1,A01
201900057693,2,7,,0,2,0,0,Z01
201900057693,2,10,,0,2,1,1,B01
201900057693,2,10,,0,2,4,1,C01
201900057693,1,7,,14,0,1,1,D01
201900057693,2,10,,14,0,1,1,E01
201900057694,2,17,,0,2,1,2,A01
201900057694,2,10,,0,2,4,23,B01
201900057695,1,7,,0,2,2,2,A01
201900057695,1,30,,0,2,4,1,B01
201900057696,1,7,,0,2,4,2,B01
201900057696,1,17,,0,2,1,2,A01
201900057697,2,33,,0,2,1,17,A01
201900057697,2,7,,0,2,6,20,B01
201900057698,3,7,,0,1,2,25,A01
201900057699,2,7,,2,0,7,1,A01
201900057700,3,7,,0,9,3,1,B01
201900057700,3,1,,0,2,1,1,A01
201900057701,2,7,,0,1,2,16,A01
201900057702,2,10,,0,2,4,1,B01
201900057702,2,10,,0,2,4,1,C01
201900057702,2,10,,0,2,1,1,A01
201900057703,0,7,,0,2,8,0,B01
201900057703,0,7,,0,2,1,0,A01
201900057704,3,80,,16,0,0,1,A01
201900057705,3,7,,0,6,8,16,A01
201900057705,3,1,,0,2,1,1,B01
201900057706,1,7,,0,0,3,1,B01
201900057706,2,30,,12,0,3,6,A01
201900057707,2,7,,0,1,1,26,Z01
201900057708,3,32,,0,2,1,13,A01
201900057708,3,7,,0,2,2,9,B01
201900057709,3,7,,8,1,2,1,A01
201900057710,3,7,,0,1,2,23,A01
201900057710,3,7,,14,0,1,16,B01
201900057711,2,33,,0,2,1,1,B01
201900057711,1,7,,0,2,3,15,A01
201900057712,0,7,,0,2,1,1,B01
201900057712,0,7,,0,2,3,15,A01
201900057713,1,7,,1,0,9,1,A01
201900057714,1,7,,0,2,1,13,A01
201900057714,1,7,,0,2,2,1,B01
201900057715,0,7,,0,2,1,2,B01
201900057715,0,7,,0,2,4,1,A01
201900057716,1,7,,0,1,1,1,A01
201900057717,3,7,,0,2,1,2,A01
201900057717,3,7,,0,2,4,2,B01
201900057718,2,7,,0,1,1,13,A01
201900057719,1,7,,0,2,4,21,A01
201900057719,1,10,,0,2,3,21,B01
201900057719,1,7,,0,2,5,23,C01
201900057719,1,7,,0,2,1,21,D01
201900057720,1,7,,0,2,3,1,A01
201900057720,0,1,,0,2,1,25,B01
201900057721,1,32,,0,1,2,17,A01
201900057722,1,7,,3,0,1,1,A01
201900057723,0,7,,0,2,1,7,A01
201900057723,0,7,,0,2,7,26,B01
201900057724,1,7,,0,1,3,1,B01
201900057724,1,99,,0,2,1,1,A01
201900057725,1,15,,15,0,2,2,A01
201900057726,1,33,,0,2,1,1,A01
201900057726,1,10,,0,2,4,1,B01
201900057727,1,7,,0,1,2,1,A01
201900057728,2,2,,0,2,1,1,B01
201900057728,0,7,,0,2,3,19,A01
201900057729,2,33,,2,0,0,14,A01
201900057730,2,7,,3,0,1,1,A01
201900057731,1,7,,4,0,1,1,A01
201900057732,0,7,,0,2,1,1,A01
201900057732,0,7,,0,2,4,1,B01
201900057733,1,7,,0,2,1,13,A01
201900057733,2,7,,0,2,1,1,B01
201900057734,1,7,,3,2,1,23,A01
201900057734,1,7,,1,0,1,21,B01
201900057734,1,7,,0,2,3,1,C01
201900057735,2,7,,0,1,1,16,A01
201900057736,1,7,,0,1,2,16,A01
201900057737,2,7,,0,2,1,1,A01
201900057737,2,7,,0,2,4,1,B01
201900057738,1,7,,8,1,1,1,A01
201900057739,0,7,,0,2,3,1,B01
201900057739,0,7,,0,2,2,12,A01
201900057740,1,7,,0,2,4,23,B01
201900057740,1,13,,0,2,1,2,A01
201900057741,1,33,,0,2,8,1,B01
201900057741,2,7,,0,2,3,13,A01
201900057742,1,30,,0,0,7,1,A01
201900057743,2,1,,0,1,1,7,A01
201900057744,1,7,,0,9,3,9,B01
201900057744,2,80,,0,2,2,14,A01
201900057745,3,99,,0,2,8,19,A01
201900057745,2,31,,0,2,1,1,B01
201900057746,3,1,,0,2,0,0,B01
201900057746,1,31,,0,9,6,16,A01
201900057747,1,2,,0,2,1,0,B01
201900057747,2,7,,0,2,2,17,A01
201900057748,1,33,,13,0,1,1,A01
201900057749,2,7,,0,0,0,1,A01
201900057749,1,0,,0,0,0,0,A01
201900057750,1,7,,0,2,1,1,A01
201900057750,1,7,,0,0,4,1,B01
201900057751,0,2,,12,0,1,5,A01
201900057752,1,7,,0,6,1,1,B01
201900057752,2,1,,0,2,3,1,A01
201900057753,1,7,,0,1,2,1,A01
201900057754,1,7,,0,2,1,9,B01
201900057754,2,7,,0,2,2,26,A01
201900057755,2,7,,13,0,2,1,A01
201900057756,3,2,,14,0,0,1,A01
201900057757,3,7,,0,1,1,17,A01
201900057758,2,7,,0,2,3,9,A01
201900057758,1,33,,0,2,7,16,B01
201900057759,1,7,,8,0,1,1,A01
201900057760,1,31,,1,0,0,1,A01
201900057761,2,2,,0,2,7,1,A01
201900057761,1,7,,0,2,1,1,B01
201900057762,2,33,,0,2,1,2,B01
201900057762,2,7,,0,2,8,10,A01
201900057763,2,7,,3,0,8,1,A01
201900057764,3,1,,0,0,1,19,A01
201900057764,1,2,,0,0,1,1,B01
201900057765,0,7,,0,1,1,1,A01
201900057766,1,7,,0,1,2,1,A01
201900057767,2,7,,0,2,1,1,C01
201900057767,1,7,,0,0,4,2,B01
201900057767,1,7,,1,2,1,2,A01
201900057768,2,2,,8,0,1,0,A01
201900057769,1,7,,6,0,1,0,A01
201900057770,0,7,,0,2,8,9,A01
201900057770,3,33,,0,2,7,1,B01
201900057771,1,7,,0,2,8,1,B01
201900057771,2,7,,3,2,1,13,A01
201900057772,1,7,,4,2,3,1,C01
201900057772,1,7,,0,2,1,1,B01
201900057772,1,7,,0,2,4,1,A01
201900057773,2,7,,3,2,3,1,A01
201900057773,2,15,,0,2,2,0,B01
201900057774,2,32,,0,2,1,1,B01
201900057774,1,7,,0,2,3,15,A01
201900057775,3,35,,0,2,1,1,A01
201900057775,1,7,,0,2,5,1,B01
201900057776,2,7,,2,0,3,1,A01
201900057777,1,7,,3,0,9,1,A01
201900057778,1,0,,0,1,3,1,A01
201900057779,1,7,,13,0,9,1,A01
201900057780,0,7,,0,2,3,13,A01
201900057780,0,7,,0,2,3,1,B01
201900057781,2,33,,0,2,1,2,A01
201900057781,2,7,,0,2,5,2,B01
201900057782,1,34,,0,1,1,1,A01
201900057783,2,10,,13,2,7,19,A01
201900057783,1,7,,0,2,2,1,B01
201900057784,3,7,,0,2,6,17,A01
201900057784,3,34,,0,2,2,17,B01
201900057785,3,7,,0,1,1,1,A01
201900057786,3,10,,1,0,7,20,A01
201900057786,3,37,2.0,0,2,8,1,B01
201900057787,1,7,,13,0,1,13,A01
201900057788,1,7,,0,0,6,1,A01
201900057788,2,7,,0,0,3,1,Z01
201900057789,1,7,,0,2,1,1,A01
201900057789,2,7,,0,2,2,15,B01
201900057790,1,7,,2,0,2,1,A01
201900057791,1,7,,0,0,3,23,B01
201900057791,1,31,,0,2,0,0,A01
201900057792,1,34,,0,0,7,2,A01
201900057793,1,7,,0,1,2,1,A01
201900057794,2,7,,0,2,3,1,B01
201900057794,1,7,,0,2,3,17,A01
201900057795,2,33,,0,2,1,13,A01
201900057795,1,7,,0,2,1,1,B01
201900057796,2,7,,0,0,7,15,A01
201900057796,1,33,,0,2,1,1,B01
201900057797,1,7,,0,2,3,1,A01
201900057797,1,2,,0,2,6,15,B01
201900057798,1,2,,0,2,2,13,A01
201900057798,2,7,,0,2,7,1,B01
201900057799,2,7,,0,2,2,15,A01
201900057799,2,1,,0,2,1,1,B01
201900057800,2,7,,0,2,1,2,A01
201900057800,2,10,,0,2,4,2,B01
201900057801,2,14,,0,2,3,0,B01
201900057801,1,7,,0,2,3,0,A01
201900057802,1,7,,7,2,2,13,A01
201900057802,2,7,,0,2,1,1,B01
201900057803,1,30,,0,1,1,3,A01
201900057804,1,7,,0,2,4,23,B01
201900057804,1,34,,0,2,1,13,A01
201900057805,1,7,,0,2,8,23,A01
201900057805,1,32,,0,2,0,16,B01
201900057806,0,7,,0,1,1,16,A01
201900057807,1,7,,8,0,2,16,A01
201900057808,0,7,,5,0,2,1,A01
201900057809,1,33,,0,2,1,1,B01
201900057809,3,7,,0,2,3,19,A01
201900057810,2,10,,0,2,6,16,B01
201900057810,2,30,,0,2,1,26,A01
201900057811,1,7,,0,2,1,13,A01
201900057811,2,7,,0,2,3,1,B01
201900057812,0,7,,0,2,3,1,A01
201900057812,0,15,,0,2,3,1,B01
201900057813,0,1,,0,2,3,15,A01
201900057813,0,7,,0,2,2,17,B01
201900057814,3,7,,0,2,8,1,B01
201900057814,1,33,,0,2,1,1,A01
201900057815,2,7,,0,2,5,13,A01
201900057815,1,7,,0,2,1,1,B01
201900057816,1,7,,0,2,1,13,B01
201900057816,2,7,,0,2,6,1,A01
201900057817,1,2,,14,0,7,21,A01
201900057818,1,2,,11,0,1,1,A01
201900057819,1,33,,0,0,7,16,A01
201900057820,3,7,,0,2,8,19,A01
201900057820,1,31,,0,2,1,1,B01
201900057821,3,7,,16,0,1,1,A01
201900057822,1,7,,2,0,1,17,A01
201900057823,0,33,,0,0,7,1,B01
201900057823,0,7,,0,2,3,9,A01
201900057824,1,7,,2,0,5,1,A01
201900057825,1,7,,0,1,2,26,A01
201900057826,0,7,,0,2,8,14,B01
201900057826,0,2,,0,2,7,13,A01
201900057827,2,14,,0,2,3,0,B01
201900057827,1,7,,0,2,3,1,A01
201900057828,1,33,,0,2,1,2,A01
201900057828,1,10,,0,2,6,2,B01
201900057829,1,7,,0,0,6,2,C01
201900057829,1,7,,0,2,1,9,B01
201900057829,1,7,,0,2,1,17,A01
201900057830,2,33,,0,0,8,0,A01
201900057831,2,7,,0,2,1,1,B01
201900057831,1,7,,0,2,1,13,A01
201900057832,1,33,,0,2,5,2,B01
201900057832,1,33,,0,2,3,2,A01
201900057833,1,31,,0,0,0,1,A01
201900057834,0,7,,0,1,0,1,A01
201900057835,3,7,,0,2,6,2,B01
201900057835,3,7,,0,2,2,2,A01
201900057836,2,7,,0,2,3,1,B01
201900057836,1,7,,0,2,3,13,A01
201900057837,2,10,,0,0,7,15,A01
201900057837,1,33,,0,2,1,1,B01
201900057837,1,33,,0,2,1,1,C01
201900057838,3,7,,6,0,1,13,A01
201900057839,1,7,,0,2,3,0,B01
201900057839,1,7,,0,2,7,0,A01
201900057840,2,33,,0,2,1,1,A01
201900057840,2,10,,0,2,8,9,B01
201900057841,1,7,,8,0,3,13,A01
201900057842,1,7,,0,1,1,1,A01
201900057843,0,1,,0,2,8,1,B01
201900057843,0,7,,0,2,1,15,A01
201900057844,0,7,,0,1,1,0,A01
201900057845,3,33,,3,0,0,1,A01
201900057846,2,7,,0,2,1,1,B01
201900057846,1,43,,0,2,5,1,A01
201900057847,1,7,,0,2,8,1,B01
201900057847,1,7,,0,2,1,19,A01
201900057848,1,7,,0,2,3,1,A01
201900057848,1,33,,0,2,5,17,B01
201900057849,1,7,,0,2,2,14,A01
201900057849,1,7,,0,2,6,23,B01
201900057850,2,7,,0,2,1,5,A01
201900057850,1,7,,0,2,1,1,B01
201900057850,1,7,,0,2,3,1,C01
201900057851,1,1,,0,0,1,1,A01
201900057851,2,1,,0,9,1,5,B01
201900057852,2,7,,0,2,1,2,A01
201900057852,2,10,,0,2,4,2,B01
201900057852,2,7,,0,2,4,2,C01
201900057852,2,10,,0,2,4,2,D01
201900057853,2,17,,0,2,6,23,A01
201900057853,2,17,,1,0,2,1,B01
201900057854,0,1,,0,2,0,1,B01
201900057854,3,7,,0,2,7,1,A01
201900057855,3,7,,0,2,1,1,A01
201900057855,1,7,,0,2,7,1,B01
201900057856,1,7,,0,2,3,5,A01
201900057856,2,7,,1,2,3,21,B01
201900057857,3,7,,0,1,4,4,A01
201900057858,1,7,,0,2,5,1,A01
201900057858,1,33,,0,2,8,3,B01
201900057859,1,2,,0,2,1,1,B01
201900057859,2,7,,0,2,0,0,A01
201900057860,2,7,,0,2,2,1,A01
201900057860,1,60,,0,2,1,1,B01
201900057861,1,7,,3,0,1,1,A01
201900057862,2,17,,1,0,2,14,A01
201900057862,2,10,,0,0,4,24,B01
201900057863,2,31,,13,0,3,0,A01
201900057864,2,7,,0,2,5,21,A01
201900057864,2,7,,0,2,3,21,B01
201900057865,2,1,,0,0,8,1,C01
201900057865,2,1,,0,0,8,1,B01
201900057865,2,7,,0,9,7,2,A01
201900057866,2,14,,0,2,2,15,A01
201900057866,1,7,,0,2,1,1,B01
201900057867,1,2,,0,0,0,26,A01
201900057868,1,2,,0,2,1,5,B01
201900057868,1,7,,0,2,3,1,A01
201900057869,1,7,,0,1,2,16,A01
201900057870,1,7,,0,2,3,1,C01
201900057870,1,7,,0,2,6,1,B01
201900057870,2,33,,0,2,8,17,A01
201900057871,2,30,,0,2,8,15,B01
201900057871,1,7,,0,2,1,1,A01
201900057872,2,7,,0,2,2,2,A01
201900057872,2,7,,0,2,6,1,B01
201900057873,3,7,,0,1,3,1,A01
201900057874,2,7,,0,2,6,9,A01
201900057874,1,17,,0,2,2,1,B01
201900057875,1,7,,0,1,1,1,A01
201900057876,1,7,,13,0,1,14,A01
201900057877,1,33,,0,2,8,3,B01
201900057877,1,7,,0,2,5,21,A01
201900057878,2,7,,0,2,4,2,A01
201900057878,2,7,,0,2,1,2,B01
201900057878,2,7,,0,2,1,2,C01
201900057878,2,7,,0,2,1,2,D01
201900057879,2,1,,0,2,1,1,A01
201900057879,1,10,,0,2,2,15,B01
201900057880,1,7,,0,2,3,1,B01
201900057880,2,7,,0,2,3,13,A01
201900057881,1,33,,0,2,8,1,B01
201900057881,1,7,,0,2,5,12,A01
201900057882,2,34,,0,6,1,0,A01
201900057883,3,33,,0,2,1,17,A01
201900057883,3,7,,0,2,6,15,B01
201900057884,2,7,,0,2,7,12,A01
201900057884,2,33,,0,2,3,0,B01
201900057885,0,7,,0,0,4,1,C01
201900057885,0,7,,0,2,4,1,B01
201900057885,0,7,,0,2,1,1,A01
201900057886,2,1,,0,2,8,1,B01
201900057886,1,7,,0,2,3,15,C01
201900057887,0,7,,0,1,2,16,A01
201900057888,2,33,,0,2,1,1,C01
201900057888,1,7,,0,2,1,1,B01
201900057888,1,7,,0,2,7,15,A01
201900057889,2,7,,0,2,8,1,D01
201900057889,2,7,,0,2,8,1,C01
201900057889,2,7,,0,2,4,1,B01
201900057889,2,7,,4,2,1,2,A01
201900057890,0,7,,0,0,3,1,B01
201900057890,0,7,,0,2,1,13,A01
201900057891,1,7,,0,2,2,17,A01
201900057891,1,15,,0,0,6,1,B01
201900057892,0,33,,0,1,8,21,A01
201900057893,1,1,,0,2,1,4,B01
201900057893,2,7,,0,0,4,26,A01
201900057894,-1,0,,-1,-1,-1,-1,A01
201900057894,1,7,,15,0,1,1,A01
201900057895,1,7,,0,2,8,15,B01
201900057895,2,33,,0,2,3,1,C01
201900057895,1,10,,0,2,7,13,A01
201900057896,3,33,,0,1,2,1,A01
201900057897,0,7,,0,1,1,1,A01
201900057898,1,7,,0,2,3,2,A01
201900057898,1,31,,0,2,1,2,B01
201900057899,2,7,,0,2,1,0,B01
201900057899,2,7,,0,0,4,2,A01
201900057900,2,7,,0,1,2,1,A01
201900057901,2,33,,0,2,2,1,B01
201900057901,2,7,,0,2,3,11,A01
201900057902,2,14,,0,2,2,1,B01
201900057902,1,32,,0,2,1,26,A01
201900057903,2,33,,0,2,2,17,B01
201900057903,2,7,,0,2,3,15,A01
201900057904,1,31,,0,2,1,1,A01
201900057904,1,7,,0,2,6,12,B01
201900057905,3,7,,4,0,2,0,A01
201900057906,2,2,,0,0,2,14,A01
201900057907,1,15,,0,2,1,1,B01
201900057907,2,7,,0,2,1,13,A01
201900057908,1,7,,0,2,1,1,B01
201900057908,1,34,,0,2,1,13,A01
201900057909,1,7,,0,0,4,26,B01
201900057909,1,33,,0,2,1,17,A01
201900057910,1,7,,2,0,3,1,A01
201900057911,2,32,,14,0,1,1,A01
201900057912,3,2,,0,0,8,1,A01
201900057913,2,31,,0,0,2,21,A01
201900057914,3,7,,0,2,3,2,B01
201900057914,3,33,,12,2,2,1,A01
201900057915,1,7,,13,0,1,1,A01
201900057916,1,7,,0,2,3,15,A01
201900057916,2,33,,0,2,3,1,B01
201900057917,3,7,,0,2,1,5,A01
201900057917,2,7,,13,2,1,5,B01
201900057918,0,7,,10,0,1,0,A01
201900057919,0,31,,0,2,1,1,A01
201900057919,0,7,,0,2,8,15,B01
201900057920,1,7,,0,2,4,23,B01
201900057920,1,7,,0,2,1,2,A01
201900057921,2,7,,0,2,3,1,B01
201900057921,2,17,,0,2,2,12,A01
201900057922,2,7,,0,0,0,26,A01
201900057923,1,7,,0,9,7,14,B01
201900057923,1,1,,0,2,8,1,A01
201900057924,1,7,,0,2,5,23,B01
201900057924,1,1,,0,2,2,2,A01
201900057925,2,7,,0,0,3,1,A01
201900057926,1,7,,0,2,6,1,D01
201900057926,1,7,,0,2,4,1,C01
201900057926,1,7,,0,2,4,1,B01
201900057926,1,7,,0,2,1,11,A01
201900057927,1,33,,0,2,3,0,B01
201900057927,2,30,,0,2,8,0,A01
201900057928,2,32,,0,2,4,3,B01
201900057928,2,43,,0,2,1,3,A01
201900057929,1,33,,0,2,7,14,B01
201900057929,1,33,,0,2,0,17,A01
201900057930,2,7,,6,0,1,1,A01
201900057931,2,7,,0,2,4,2,B01
201900057931,2,7,,0,2,3,2,A01
201900057932,3,7,,6,0,2,1,A01
201900057933,2,2,,8,0,1,1,A01
201900057934,1,15,,0,2,8,21,B01
201900057934,2,7,,0,2,8,13,A01
201900057935,3,2,,0,2,1,1,A01
201900057935,3,7,,0,2,1,1,B01
201900057936,1,7,,0,2,1,1,B01
201900057936,1,1,,0,2,7,1,A01
201900057937,0,2,,0,2,3,13,B01
201900057937,0,7,,0,2,3,23,A01
201900057938,1,7,,0,2,1,26,A01
201900057938,2,1,,0,2,0,0,B01
201900057939,2,33,,0,2,1,13,A01
201900057939,1,7,,0,2,1,1,B01
201900057940,2,7,,0,2,1,1,B01
201900057940,1,31,,0,2,1,1,A01
201900057941,1,7,,6,0,1,1,A01
201900057942,2,3,,2,0,1,1,A01
201900057943,2,1,,0,0,3,1,B01
201900057943,1,7,,0,9,3,15,A01
201900057944,2,2,,13,0,1,1,A01
201900057945,0,7,,0,1,2,1,A01
201900057946,1,7,,13,2,9,13,A01
201900057946,2,7,,0,2,3,1,B01
201900057947,3,35,,0,0,0,0,A01
201900057948,1,21,,0,2,6,1,A01
201900057948,2,7,,0,2,8,1,B01
201900057948,1,7,,0,2,3,1,C01
201900057949,0,7,,0,2,1,1,A01
201900057949,0,7,,0,2,8,1,B01
201900057950,1,7,,3,0,9,21,A01
201900057951,2,42,,0,2,1,18,A01
201900057951,2,10,,0,2,4,16,B01
201900057952,1,1,,0,0,4,13,B01
201900057952,1,2,,0,2,1,21,A01
201900057953,2,7,,15,0,9,2,A01
201900057954,2,7,,0,0,6,2,A01
201900057954,2,33,,0,2,1,2,B01
201900057955,0,7,,0,2,3,15,B01
201900057955,1,2,,0,2,1,1,A01
201900057956,0,7,,0,2,1,0,A01
201900057956,-1,7,,0,2,1,1,B01
201900057957,2,7,,0,1,2,1,A01
201900057958,0,10,,0,1,2,9,A01
201900057959,1,7,,0,1,2,1,A01
201900057960,1,17,,0,2,0,9,A01
201900057960,1,7,,3,2,1,21,B01
201900057960,1,7,,0,2,1,1,C01
201900057960,1,17,,0,2,8,1,D01
201900057961,1,2,,0,2,1,26,B01
201900057961,2,7,,0,2,1,5,A01
201900057962,1,30,,0,0,7,1,A01
201900057963,2,33,,0,0,1,1,A01
201900057964,2,7,,2,0,1,19,A01
201900057965,1,7,,6,0,1,1,A01
201900057966,2,10,,0,2,1,1,B01
201900057966,1,10,,0,2,1,17,A01
201900057967,3,7,,0,2,7,19,A01
201900057967,1,2,,0,2,1,1,B01
201900057968,1,7,,0,2,4,1,A01
201900057968,1,7,,0,2,4,1,B01
201900057968,1,7,,0,2,1,1,C01
201900057969,2,7,,0,2,7,15,A01
201900057969,2,1,,0,2,7,1,B01
201900057970,1,7,,0,1,2,2,A01
201900057971,3,2,,0,2,1,17,B01
201900057971,3,10,,0,2,6,15,A01
201900057972,2,2,,12,0,0,1,A01
201900057973,1,7,,0,2,1,3,A01
201900057973,1,7,,0,2,4,23,B01
201900057973,1,7,,0,2,4,23,C01
201900057974,1,1,,0,2,2,0,B01
201900057974,3,7,,0,2,3,15,A01
201900057975,2,7,,0,1,2,17,A01
201900057976,1,30,,0,2,0,0,B01
201900057976,1,7,,0,2,0,1,A01
201900057977,1,1,,0,1,0,1,A01
201900057978,1,7,,0,1,2,1,A01
201900057979,2,7,,0,2,7,12,B01
201900057979,2,33,,0,2,1,3,A01
201900057980,2,33,,0,2,2,17,B01
201900057980,2,7,,0,2,6,15,A01
201900057981,1,33,,0,0,4,1,B01
201900057981,1,33,,0,2,2,1,A01
201900057982,1,7,,0,2,2,14,B01
201900057982,1,7,,3,2,8,1,A01
201900057983,3,7,,12,0,2,1,A01
201900057984,1,7,,0,0,0,0,A01
201900057985,2,7,,0,2,1,1,B01
201900057985,1,7,,10,0,1,19,A01
201900057986,2,7,,0,2,4,2,C01
201900057986,2,7,,0,2,4,2,B01
201900057986,2,7,,0,2,1,1,A01
201900057987,2,2,,0,0,4,0,B01
201900057987,2,7,,0,2,2,2,A01
201900057988,2,33,,0,0,8,1,A01
201900057989,1,7,,8,0,3,13,A01
201900057990,1,10,,0,1,2,1,A01
201900057991,1,7,,0,1,1,15,A01
201900057992,2,7,,2,0,2,1,A01
201900057993,2,7,,0,2,3,1,B01
201900057993,1,7,,0,2,3,13,A01
201900057994,2,15,,0,2,2,1,C01
201900057994,2,15,,0,2,6,1,B01
201900057994,1,7,,3,2,3,13,A01
201900057995,2,33,,0,2,7,1,B01
201900057995,3,7,,0,2,1,9,A01
201900057996,3,36,,0,0,1,1,A01
201900057997,1,7,,0,1,2,1,A01
201900057998,2,7,,0,2,7,1,B01
201900057998,2,7,,0,2,1,9,A01
201900057999,3,7,,0,2,3,17,A01
201900057999,0,10,,0,2,2,1,B01
201900058000,2,30,,0,0,3,1,A01
201900058001,1,7,,0,1,3,15,A01
201900058002,2,7,,4,2,3,1,A01
201900058003,1,7,,0,2,2,1,B01
201900058003,2,2,,0,2,1,19,A01
201900058004,1,7,,0,2,3,19,A01
201900058004,2,7,,1,2,1,1,B01
201900058005,1,3,,4,2,3,1,A01
201900058006,1,7,,0,1,3,1,A01
201900058007,1,30,,0,2,1,17,A01
201900058007,3,7,,0,2,2,16,B01
201900058008,2,7,,0,2,3,1,B01
201900058008,1,7,,0,2,2,10,A01
201900058009,2,7,,4,0,4,2,B01
201900058009,2,7,,4,2,1,2,A01
201900058010,1,32,,0,2,1,1,B01
201900058010,1,10,,0,2,8,9,A01
201900058011,1,60,,0,2,4,2,B01
201900058011,1,7,,0,1,2,17,A01
201900058012,1,2,,0,0,0,21,A01
201900058013,2,7,,0,2,1,2,A01
201900058013,2,7,,0,2,4,2,B01
201900058014,3,10,,0,2,3,13,A01
201900058014,3,33,,0,2,8,1,B01
201900058015,1,1,,0,1,8,1,Z01
201900058016,3,1,,0,2,1,1,B01
201900058016,3,7,,0,2,3,19,A01
201900058017,2,10,,0,2,1,9,B01
201900058017,2,7,,4,2,4,1,A01
201900058018,3,10,,0,2,2,1,A01
201900058018,3,32,,0,2,4,1,B01
201900058019,2,7,,6,0,1,1,A01
201900058020,1,7,,4,2,1,2,A01
201900058020,1,7,,3,2,4,2,B01
201900058021,1,7,,0,2,3,15,A01
201900058021,2,1,,0,2,1,1,B01
201900058022,3,1,,0,2,8,19,B01
201900058022,1,7,,0,2,2,1,A01
201900058023,3,7,,0,1,1,15,A01
201900058024,1,50,,0,1,1,25,A01
201900058025,2,80,,0,2,9,1,B01
201900058025,2,7,,0,9,2,16,A01
201900058026,2,7,,0,2,1,1,B01
201900058026,1,7,,0,2,1,13,A01
201900058027,2,2,,6,0,1,1,A01
201900058028,2,31,,0,2,7,5,B01
201900058028,2,7,,0,2,3,10,A01
201900058029,1,33,,0,2,7,17,A01
201900058029,2,7,,0,2,1,9,B01
201900058030,0,7,,0,1,0,26,A01
201900058031,0,7,,0,2,1,1,B01
201900058031,0,7,,0,2,1,1,A01
201900058032,2,10,,0,2,2,2,A01
201900058032,2,10,,0,2,4,2,B01
201900058033,1,33,,0,0,0,1,A01
201900058034,0,7,,0,2,1,9,A01
201900058034,0,1,,0,0,0,1,B01
201900058035,3,10,,6,1,5,1,A01
201900058035,3,7,,0,2,1,1,B01
201900058036,2,33,,1,0,6,14,A01
201900058037,1,33,,12,0,1,1,A01
201900058038,2,7,,0,2,1,1,B01
201900058038,1,7,,0,2,7,6,A01
201900058039,1,7,,3,0,1,1,A01
201900058040,1,7,,2,0,3,1,A01
201900058041,1,7,,0,2,1,1,B01
201900058041,2,7,,0,2,3,13,A01
201900058042,2,33,,0,2,5,15,B01
201900058042,1,7,,0,2,1,9,A01
201900058043,2,7,,0,2,3,15,B01
201900058043,2,33,,0,2,7,2,A01
201900058044,2,7,,0,2,4,23,B01
201900058044,2,7,,0,2,1,9,A01
201900058045,0,7,,0,2,2,1,A01
201900058045,3,2,,8,2,7,15,B01
201900058046,2,1,,0,2,8,9,B01
201900058046,1,7,,0,2,1,1,A01
201900058047,1,7,,0,2,3,15,B01
201900058047,2,2,,0,2,1,1,A01
201900058048,2,33,,13,0,2,14,A01
201900058049,3,14,,0,1,2,19,A01