Num_Acc,senc,catv,occutc,obs,obsm,choc,manv,num_veh
201900058050,2,43,,0,2,4,2,B01
201900058050,2,7,,0,2,1,2,A01
201900058051,2,30,,0,2,4,2,B01
201900058051,2,7,,0,2,2,17,Z01
201900058052,3,33,,0,2,1,1,B01
201900058052,3,7,,0,2,3,9,A01
201900058053,1,31,,0,0,7,2,A01
201900058054,3,1,,0,2,5,19,B01
201900058054,3,7,,0,2,1,26,A01
201900058055,1,1,,0,2,1,2,B01
201900058055,1,7,,0,2,5,2,A01
201900058056,1,7,,0,2,4,26,A01
201900058056,1,7,,0,2,1,26,B01
201900058057,1,7,,0,1,0,0,A01
201900058058,2,30,,0,2,1,1,B01
201900058058,2,7,,0,2,2,15,A01
201900058059,2,7,,0,2,3,15,A01
201900058059,1,33,,0,2,1,1,B01
201900058060,2,2,,0,2,0,2,A01
201900058061,2,2,,0,2,5,1,B01
201900058061,1,7,,0,2,5,15,A01
201900058062,1,7,,0,2,1,5,A01
201900058062,2,7,,0,2,1,26,B01
201900058063,2,2,,0,2,1,1,B01
201900058063,1,7,,0,2,2,15,A01
201900058064,1,10,,0,2,3,10,A01
201900058064,1,31,,0,2,1,1,B01
201900058065,2,7,,17,0,3,13,A01
201900058066,2,7,,0,2,7,16,A01
201900058066,2,30,,0,2,8,2,B01
201900058067,2,7,,0,2,3,1,B01
201900058067,2,10,,0,2,8,1,C01
201900058067,1,7,,0,2,3,13,A01
201900058068,0,7,,0,1,3,26,A01
201900058069,1,7,,0,1,2,2,A01
201900058070,3,40,,0,1,1,1,A01
201900058071,1,1,,0,2,5,2,A01
201900058071,1,7,,0,2,5,23,B01
201900058072,1,7,,2,0,2,2,A01
201900058073,3,32,,0,1,1,1,B01
201900058074,3,7,,0,2,1,13,A01
201900058075,1,7,,0,2,6,15,A01
201900058075,1,31,,0,2,1,1,B01
201900058076,2,1,,0,2,0,19,B01
201900058076,2,7,,0,2,1,1,A01
201900058077,1,7,,0,1,1,26,A01
201900058078,1,7,,13,0,9,17,A01
201900058079,1,32,,0,2,3,13,A01
201900058079,1,7,,0,2,6,0,B01
201900058080,1,7,,0,2,1,1,A01
201900058080,1,32,,0,2,4,1,B01
201900058081,1,33,,0,2,0,0,A01
201900058081,2,31,,0,2,0,0,B01
201900058082,3,7,,0,2,4,2,C01
201900058082,3,7,,0,2,4,2,B01
201900058082,3,7,,0,2,1,2,A01
201900058083,2,7,,0,1,3,15,A01
201900058084,2,31,,0,2,8,1,B01
201900058084,0,7,,0,2,1,15,A01
201900058085,2,7,,0,2,7,15,A01
201900058085,1,33,,0,2,1,0,B01
201900058086,0,31,,0,2,1,1,B01
201900058086,0,7,,0,2,2,15,A01
201900058087,1,2,,0,2,3,13,A01
201900058087,1,7,,0,2,5,17,B01
201900058088,2,7,,0,2,1,1,B01
201900058088,2,7,,0,2,1,9,A01
201900058089,2,7,,0,2,2,1,A01
201900058089,1,7,,0,2,8,15,B01
201900058090,3,7,,0,0,9,1,A01
201900058091,1,7,,0,9,7,15,A01
201900058091,2,1,,0,2,1,1,B01
201900058092,2,7,,0,2,4,1,B01
201900058092,2,7,,0,2,1,2,A01
201900058093,0,7,,0,2,3,15,B01
201900058093,0,7,,0,2,6,1,C01
201900058093,0,7,,0,1,9,14,A01
201900058094,1,7,,0,2,1,23,B01
201900058094,1,43,,0,2,4,23,A01
201900058095,1,7,,4,0,9,9,A01
201900058096,1,1,,0,2,1,1,B01
201900058096,1,7,,0,2,7,16,A01
201900058097,0,2,,0,0,0,0,B01
201900058097,2,3,,0,2,4,26,A01
201900058098,3,7,,0,1,5,1,A01
201900058099,2,7,,0,0,6,15,B01
201900058099,0,2,,0,2,1,1,A01
201900058100,2,7,,0,2,4,23,B01
201900058100,2,17,,0,2,1,1,A01
201900058101,1,7,,0,1,1,1,A01
201900058102,1,1,,0,2,1,1,Y01
201900058102,1,10,,0,2,1,15,A01
201900058103,2,7,,0,0,1,1,A01
201900058103,2,10,,0,0,2,19,B01
201900058104,0,7,,0,2,8,22,A01
201900058104,0,1,,0,2,1,21,B01
201900058105,2,7,,2,0,3,13,A01
201900058106,3,7,,0,2,3,9,A01
201900058106,2,33,,0,2,1,1,B01
201900058107,3,7,,0,2,2,9,A01
201900058107,3,33,,0,2,5,1,B01
201900058108,1,7,,0,1,0,1,A01
201900058109,1,30,,0,0,0,26,A01
201900058110,1,7,,0,6,2,15,B01
201900058110,1,2,,0,2,1,13,A01
201900058111,3,7,,0,2,3,1,A01
201900058111,3,2,,0,2,1,25,B01
201900058112,3,33,,0,2,0,2,A01
201900058112,3,21,,0,2,0,0,B01
201900058113,0,7,,0,2,9,1,B01
201900058113,0,7,,0,2,1,1,C01
201900058113,0,14,,0,2,9,14,A01
201900058114,1,7,,6,1,2,1,A01
201900058115,1,1,,0,2,3,25,B01
201900058115,1,3,,0,6,3,9,A01
201900058116,1,38,1.0,0,1,7,1,A01
201900058117,1,7,,0,0,9,1,A01
201900058118,2,33,,0,2,1,1,B01
201900058118,2,7,,0,2,3,10,A01
201900058119,3,1,,0,2,8,16,A01
201900058119,3,7,,0,0,1,0,B01
201900058120,1,7,,0,2,2,1,B01
201900058120,2,7,,0,2,8,1,A01
201900058121,1,7,,0,2,1,1,A01
201900058121,1,7,,0,2,2,1,B01
201900058122,0,7,,0,2,6,12,B01
201900058122,0,34,,0,2,2,11,A01
201900058123,2,37,4.0,0,2,1,2,A01
201900058123,2,7,,0,2,4,23,B01
201900058124,2,7,,0,2,3,9,A01
201900058124,2,34,,0,2,1,1,B01
201900058125,1,2,,0,0,1,17,B01
201900058125,1,7,,0,0,6,10,A01
201900058126,0,0,,-1,-1,-1,-1,B01
201900058126,1,7,,1,0,1,15,A01
201900058127,1,7,,0,2,1,1,A01
201900058127,1,33,,0,0,0,0,B01
201900058128,0,7,,0,0,6,19,A01
201900058128,0,33,,0,2,1,1,B01
201900058129,3,7,,0,2,2,1,B01
201900058129,3,10,,0,2,2,0,C01
201900058129,3,7,,0,2,2,16,A01
201900058130,1,7,,1,0,1,2,A01
201900058131,1,7,,0,1,2,1,A01
201900058132,1,7,,0,2,4,0,B01
201900058132,1,10,,0,2,1,2,A01
201900058133,2,7,,13,0,1,14,A01
201900058134,2,7,,0,2,3,20,B01
201900058134,2,31,,0,2,2,1,A01
201900058135,0,15,,0,0,0,9,A01
201900058136,0,7,,0,0,9,1,A01
201900058137,1,7,,4,0,1,14,A01
201900058138,1,7,,0,2,1,1,A01
201900058138,1,7,,0,2,4,1,B01
201900058139,0,10,,9,2,1,1,B01
201900058139,0,7,,0,2,1,13,A01
201900058140,2,2,,12,0,7,1,A01
201900058141,1,32,,0,0,1,9,A01
201900058142,2,7,,0,1,2,1,A01
201900058143,3,33,,0,2,1,1,B01
201900058143,3,7,,0,2,1,13,A01
201900058144,2,7,,0,0,1,1,A01
201900058145,2,1,,0,1,7,26,A01
201900058146,1,10,,0,2,3,1,B01
201900058146,2,1,,0,2,3,26,A01
201900058147,2,7,,6,0,1,0,A01
201900058148,1,7,,0,2,6,0,B01
201900058148,1,30,,1,0,1,26,A01
201900058149,2,32,,0,2,1,2,B01
201900058149,1,10,,0,2,2,15,A01
201900058150,1,7,,2,0,1,1,A01
201900058150,2,7,,0,2,0,0,B01
201900058151,3,7,,0,1,1,2,A01
201900058152,1,7,,0,2,4,1,B01
201900058152,1,7,,0,2,1,1,A01
201900058153,2,7,,0,1,1,1,A01
201900058154,3,33,,0,0,0,1,A01
201900058155,1,7,,0,2,1,1,B01
201900058155,2,7,,0,2,7,15,A01
201900058156,3,7,,0,2,8,15,A01
201900058156,2,33,,0,2,1,1,B01
201900058157,0,2,,0,2,1,19,B01
201900058157,3,7,,0,2,7,1,A01
201900058158,3,1,,0,2,0,19,B01
201900058158,3,7,,0,2,1,1,A01
201900058159,3,2,,0,2,3,1,B01
201900058159,3,31,,0,2,3,5,A01
201900058160,2,30,,0,2,1,1,B01
201900058160,1,34,,0,2,7,26,A01
201900058161,2,7,,0,0,9,1,A01
201900058162,1,7,,16,0,9,1,A01
201900058163,1,7,,0,2,1,1,F01
201900058163,1,7,,0,2,9,1,G01
201900058164,1,7,,0,0,9,1,A01
201900058165,0,31,,0,1,1,1,A01
201900058165,0,10,,0,1,3,15,B01
201900058166,0,7,,0,1,5,15,A01
201900058167,2,2,,0,2,1,1,B01
201900058167,1,7,,0,2,8,15,A01
201900058168,1,7,,7,2,1,9,A01
201900058168,1,31,,7,2,1,1,B01
201900058169,1,7,,0,2,4,4,Z01
201900058169,1,7,,0,2,1,23,A01
201900058170,1,7,,6,0,8,1,A01
201900058171,1,33,,0,0,8,1,A01
201900058172,3,7,,0,2,4,13,A01
201900058172,3,7,,0,2,2,1,B01
201900058173,2,34,,0,1,1,2,A01
201900058174,0,7,,0,0,3,1,B01
201900058174,3,7,,0,1,2,1,A01
201900058175,2,33,,0,2,1,1,B01
201900058175,0,7,,0,2,3,9,A01
201900058176,1,7,,0,2,3,1,Z01
201900058176,2,7,,0,2,3,15,A01
201900058177,2,33,,0,2,0,1,B01
201900058177,0,7,,0,0,6,15,A01
201900058178,1,7,,12,0,4,1,A01
201900058179,0,7,,0,2,3,10,A01
201900058179,0,33,,0,2,2,3,B01
201900058180,0,10,,0,0,2,1,A01
201900058180,0,1,,0,2,1,15,B01
201900058181,3,38,1.0,0,2,1,1,B01
201900058181,3,33,,0,2,4,17,A01
201900058182,1,7,,0,2,1,1,B01
201900058182,2,33,,0,2,1,13,A01
201900058183,1,7,,0,2,3,1,B01
201900058183,1,7,,0,2,6,5,A01
201900058184,1,7,,8,0,1,1,A01
201900058185,1,7,,0,2,8,26,B01
201900058185,2,7,,0,2,8,1,A01
201900058186,2,7,,13,0,9,13,A01
201900058187,3,7,,6,0,1,1,A01
201900058188,2,7,,0,0,8,1,B01
201900058188,2,7,,0,0,2,1,C01
201900058188,1,7,,15,2,1,1,A01
201900058189,3,10,,0,2,1,13,A01
201900058189,3,7,,0,2,1,1,B01
201900058190,1,7,,2,0,9,1,A01
201900058191,2,7,,13,0,7,16,A01
201900058192,2,7,,6,0,3,0,A01
201900058193,0,7,,1,0,3,1,A01
201900058193,0,7,,0,2,3,23,B01
201900058194,2,7,,0,2,2,1,B01
201900058194,1,99,,0,2,1,13,A01
201900058195,2,7,,0,2,8,1,B01
201900058195,2,34,,0,2,7,17,A01
201900058196,2,7,,6,0,1,13,A01
201900058197,2,30,,12,0,1,13,A01
201900058198,0,7,,0,1,2,16,A01
201900058199,2,33,,13,0,1,1,A01
201900058200,3,7,,6,0,3,1,A01
201900058201,3,10,,0,1,2,0,A01
201900058202,1,7,,0,4,7,1,A01
201900058202,0,39,,0,2,1,1,B01
201900058203,0,7,,0,1,1,1,A01
201900058204,1,7,,0,2,1,1,C01
201900058204,1,7,,0,2,1,1,B01
201900058204,1,7,,0,2,4,1,A01
201900058205,1,33,,3,0,3,17,A01
201900058206,3,3,,0,2,1,15,A01
201900058206,3,3,,0,1,4,15,B01
201900058207,1,7,,0,2,1,1,B01
201900058207,2,7,,0,2,1,1,A01
201900058208,2,7,,0,1,2,2,A01
201900058209,1,30,,12,0,1,1,A01
201900058210,1,7,,0,2,8,19,A01
201900058210,2,7,,0,2,1,1,B01
201900058211,3,7,,0,2,2,23,B01
201900058211,3,1,,0,2,8,21,A01
201900058212,2,7,,13,0,7,1,A01
201900058213,0,7,,0,2,1,1,A01
201900058213,0,7,,1,0,4,26,B01
201900058214,2,7,,0,2,1,1,A01
201900058214,2,7,,0,2,4,1,B01
201900058214,1,7,,0,2,4,15,C01
201900058214,2,7,,0,2,8,1,D01
201900058215,0,7,,0,2,7,26,B01
201900058215,0,7,,6,2,9,1,A01
201900058216,2,7,,0,2,1,1,B01
201900058216,1,7,,1,2,1,1,A01
201900058217,0,33,,13,0,0,14,B01
201900058217,0,7,,0,0,0,13,A01
201900058218,1,33,,0,2,8,16,B01
201900058218,2,7,,0,2,3,10,A01
201900058219,2,7,,0,1,1,0,A01
201900058220,1,10,,0,9,1,2,B01
201900058220,1,1,,0,0,4,1,A01
201900058221,2,50,,0,2,7,1,Y01
201900058221,1,7,,0,1,3,9,A01
201900058222,1,7,,0,2,5,1,B01
201900058222,1,33,,0,2,1,12,A01
201900058223,2,7,,0,9,1,2,B01
201900058223,2,1,,0,0,4,1,A01
201900058224,2,7,,0,1,1,1,A01
201900058225,1,7,,0,2,1,1,B01
201900058225,2,3,,0,2,3,1,A01
201900058226,1,10,,0,2,1,2,A01
201900058226,1,7,,0,2,4,2,B01
201900058227,1,7,,13,0,0,1,A01
201900058228,2,7,,3,2,3,1,B01
201900058228,1,7,,3,2,1,13,A01
201900058229,3,1,,0,2,1,2,A01
201900058229,3,1,,0,2,0,2,B01
201900058230,1,7,,0,1,2,1,A01
201900058231,0,0,,0,1,4,4,A01
201900058232,1,2,,0,0,4,23,B01
201900058232,1,7,,0,2,2,1,A01
201900058233,2,10,,0,2,3,1,A01
201900058233,1,7,,0,2,3,1,B01
201900058234,3,7,,0,2,3,1,B01
201900058234,3,1,,0,2,1,1,A01
201900058235,1,31,,0,0,0,1,A01
201900058236,3,7,,0,2,2,13,A01
201900058236,1,7,,0,2,8,21,B01
201900058237,1,7,,8,0,1,1,A01
201900058238,1,7,,0,2,5,22,A01
201900058238,1,2,,0,2,1,18,B01
201900058239,3,7,,0,0,3,9,A01
201900058239,2,7,,0,2,1,1,B01
201900058240,2,2,,0,2,2,19,A01
201900058240,2,7,,0,0,3,1,B01
201900058241,1,1,,0,2,1,9,A01
201900058241,1,37,1.0,0,2,7,1,B01
201900058242,1,7,,0,2,1,2,A01
201900058242,2,7,,0,2,1,1,C01
201900058242,1,7,,0,2,4,23,B01
201900058243,1,7,,6,9,7,0,A01
201900058244,1,7,,0,1,3,1,A01
201900058245,2,7,,13,0,1,1,A01
201900058246,3,7,,1,1,4,23,B01
201900058246,1,7,,1,0,2,1,A01
201900058247,2,30,,0,1,0,1,Z01
201900058248,1,33,,0,0,1,1,A01
201900058249,1,7,,4,0,9,1,A01
201900058250,2,7,,0,2,3,13,A01
201900058250,3,34,,0,2,7,1,B01
201900058251,3,7,,0,2,2,1,B01
201900058251,3,7,,0,2,3,19,A01
201900058252,2,7,,0,2,3,1,B01
201900058252,2,2,,15,2,6,19,A01
201900058253,2,7,,0,2,3,15,A01
201900058253,2,2,,0,2,2,17,B01
201900058254,1,31,,0,0,7,1,A01
201900058255,1,7,,0,1,2,15,A01
201900058256,3,50,,0,2,4,5,B01
201900058256,3,7,,0,2,1,1,A01
201900058257,1,2,,8,0,1,0,A01
201900058258,3,2,,0,1,1,1,A01
201900058259,2,1,,0,2,8,1,B01
201900058259,1,30,,0,2,1,1,A01
201900058260,3,7,,0,2,3,15,A01
201900058260,2,7,,0,2,1,1,B01
201900058261,2,33,,0,1,1,1,A01
201900058262,2,31,,0,2,1,1,B01
201900058262,2,7,,0,2,8,10,A01
201900058263,2,7,,0,6,2,1,B01
201900058263,3,50,,0,2,1,19,A01
201900058264,1,7,,0,2,1,1,A01
201900058264,3,7,,0,2,8,19,B01
201900058265,2,7,,0,2,1,15,A01
201900058265,1,30,,0,2,1,-1,B01
201900058266,2,1,,0,2,3,1,B01
201900058266,1,7,,0,6,2,15,A01
201900058267,1,7,,17,0,1,1,A01
201900058268,2,13,,1,0,3,1,A01
201900058268,3,99,,0,2,7,0,B01
201900058268,3,7,,0,1,4,24,C01
201900058269,0,7,,0,1,8,1,A01
201900058270,2,13,,0,6,2,1,B01
201900058270,2,30,,0,2,3,18,A01
201900058271,1,17,,0,2,1,1,B01
201900058271,2,33,,0,2,1,13,A01
201900058272,2,7,,2,0,1,0,A01
201900058273,2,7,,0,2,0,26,Z01
201900058273,2,30,,0,2,0,21,A01
201900058274,1,7,,0,2,3,13,A01
201900058274,1,7,,0,2,8,0,B01
201900058274,1,7,,0,2,3,0,C01
201900058275,2,7,,17,0,2,14,A01
201900058276,3,2,,0,0,9,0,A01
201900058277,3,1,,2,0,1,1,A01
201900058278,2,34,,0,2,3,13,A01
201900058278,1,10,,0,2,8,26,B01
201900058279,1,33,,0,2,2,1,B01
201900058279,1,7,,0,6,6,15,A01
201900058280,2,3,,0,2,1,2,A01
201900058280,2,7,,0,2,4,2,B01
201900058281,1,10,,0,2,1,15,A01
201900058281,2,1,,0,2,7,1,B01
201900058282,0,7,,2,0,2,1,A01
201900058283,1,10,,0,1,7,1,A01
201900058284,0,10,,0,2,1,23,B01
201900058284,0,7,,8,2,1,1,A01
201900058285,2,31,,0,2,1,1,B01
201900058285,1,7,,0,2,8,10,A01
201900058286,1,2,,7,0,1,1,A01
201900058287,2,7,,0,2,1,1,B01
201900058287,1,7,,0,2,2,19,A01
201900058288,3,7,,0,1,2,2,A01
201900058289,1,7,,0,1,2,1,A01
201900058290,1,1,,0,0,0,1,A01
201900058291,2,7,,0,2,4,15,C01
201900058291,2,7,,0,2,4,2,B01
201900058291,2,7,,0,2,1,2,A01
201900058292,2,7,,0,1,1,15,A01
201900058293,1,7,,0,2,6,0,B01
201900058293,1,10,,0,2,2,2,A01
201900058294,1,7,,15,9,3,1,A01
201900058295,0,2,,8,0,1,26,A01
201900058296,2,7,,0,2,3,15,A01
201900058296,1,33,,0,2,1,2,B01
201900058297,1,7,,6,0,9,13,A01
201900058298,1,7,,0,2,1,13,A01
201900058298,2,38,1.0,0,2,3,1,B01
201900058299,2,7,,0,2,4,0,A01
201900058299,1,7,,0,2,1,1,B01
201900058300,1,7,,0,1,2,1,A01
201900058301,1,7,,2,0,3,1,A01
201900058302,2,7,,0,9,7,17,A01
201900058302,2,1,,0,2,8,1,B01
201900058303,1,7,,0,2,1,1,A01
201900058303,2,7,,0,2,1,14,B01
201900058304,2,7,,0,2,7,15,A01
201900058304,1,33,,0,2,1,1,B01
201900058304,2,7,,0,2,3,2,C01
201900058305,1,7,,14,0,1,2,A01
201900058305,1,7,,14,0,1,2,B01
201900058305,1,7,,15,0,4,23,C01
201900058306,1,7,,0,2,3,13,A01
201900058306,2,10,,0,2,3,1,B01
201900058307,1,37,2.0,0,2,7,1,B01
201900058307,1,17,,0,2,3,16,A01
201900058308,1,7,,13,0,3,1,A01
201900058309,1,7,,0,0,2,1,A01
201900058310,1,7,,0,1,1,19,A01
201900058311,2,7,,0,2,3,1,B01
201900058311,1,1,,0,2,2,1,A01
201900058312,1,7,,0,2,1,1,A01
201900058312,0,7,,0,2,1,1,B01
201900058312,2,7,,0,2,3,1,C01
201900058313,2,1,,0,2,1,2,A01
201900058313,2,7,,0,2,1,16,B01
201900058314,2,7,,0,2,3,1,B01
201900058314,1,7,,0,2,3,1,A01
201900058315,1,33,,0,2,2,2,B01
201900058315,1,7,,0,2,3,2,A01
201900058316,2,10,,0,2,2,15,A01
201900058316,2,37,6.0,0,2,3,1,B01
201900058317,2,10,,0,1,1,1,A01
201900058318,2,7,,0,2,2,1,A01
201900058318,1,33,,0,2,1,5,B01
201900058319,2,32,,0,2,1,1,B01
201900058319,1,7,,0,2,2,15,A01
201900058320,1,7,,5,0,1,1,A01
201900058321,2,7,,0,0,1,2,D01
201900058321,2,7,,0,2,1,2,C01
201900058321,2,7,,0,2,4,1,A01
201900058321,2,7,,0,2,1,2,B01
201900058322,2,10,,1,1,2,2,A01
201900058323,1,7,,0,2,1,1,A01
201900058324,1,7,,0,2,6,9,A01
201900058324,1,30,,0,2,2,1,B01
201900058325,1,7,,0,2,8,1,A01
201900058325,1,1,,0,2,1,1,B01
201900058326,3,1,,0,2,1,15,B01
201900058326,3,7,,1,0,2,16,A01
201900058327,1,33,,0,0,2,1,B01
201900058327,2,7,,0,0,0,13,A01
201900058328,1,33,,0,2,7,1,A01
201900058328,1,7,,0,2,3,9,B01
201900058329,1,7,,1,0,7,1,A01
201900058330,2,7,,4,0,1,13,A01
201900058331,1,7,,0,2,3,6,A01
201900058331,1,33,,0,2,1,2,B01
201900058332,1,15,,0,1,7,19,A01
201900058333,2,7,,0,2,3,17,A01
201900058333,2,7,,0,2,6,1,B01
201900058334,1,32,,0,0,0,0,B01
201900058334,1,7,,0,2,1,1,A01
201900058335,1,1,,0,2,1,1,A01
201900058335,3,50,,0,2,1,1,B01
201900058336,3,7,,0,1,1,1,A01
201900058337,1,7,,0,6,3,15,A01
201900058337,2,1,,0,2,1,0,B01
201900058338,2,10,,0,2,6,1,B01
201900058338,2,7,,0,2,2,11,A01
201900058339,3,60,,0,2,2,1,B01
201900058339,3,7,,0,2,3,19,A01
201900058340,1,7,,0,2,3,15,A01
201900058340,2,1,,0,2,1,1,B01
201900058341,1,7,,0,2,3,15,A01
201900058341,2,33,,0,2,1,1,B01
201900058342,1,1,,1,0,0,14,A01
201900058343,1,31,,0,2,5,2,B01
201900058343,1,7,,0,2,3,15,A01
201900058344,1,10,,3,0,3,14,A01
201900058345,2,2,,0,2,8,5,A01
201900058345,1,1,,0,2,1,1,B01
201900058346,2,7,,0,1,3,15,A01
201900058347,2,99,,0,0,1,1,A01
201900058347,2,99,,0,6,7,1,B01
201900058348,2,7,,0,9,2,2,A01
201900058348,2,1,,0,2,4,2,B01
201900058349,3,37,1.0,0,2,3,21,A01
201900058349,3,10,,0,2,5,0,B01
201900058350,0,2,,12,0,0,0,A01
201900058351,1,7,,0,2,3,1,A01
201900058351,2,1,,0,0,1,9,B01
201900058352,3,2,,12,0,1,1,A01
201900058353,3,32,,1,0,1,0,A01
201900058354,1,7,,12,0,2,0,A01
201900058354,1,7,,0,2,1,0,Z01
201900058355,2,7,,0,2,6,1,B01
201900058355,2,33,,0,2,1,1,A01
201900058356,3,33,,0,0,8,0,A01
201900058357,1,7,,0,1,1,16,A01
201900058358,2,7,,14,1,2,1,A01
201900058359,2,31,,0,2,2,1,B01
201900058359,2,7,,0,2,3,11,A01
201900058360,2,33,,0,2,0,1,A01
201900058360,2,7,,0,2,0,1,B01
201900058361,3,30,,0,2,4,11,A01
201900058361,1,10,,0,2,1,0,B01
201900058362,3,10,,0,2,8,1,B01
201900058362,0,33,,0,2,0,0,A01
201900058363,3,7,,0,2,2,26,A01
201900058363,3,7,,0,2,4,0,B01
201900058364,1,2,,0,0,0,0,A01
201900058365,2,7,,0,2,1,0,B01
201900058365,1,7,,0,2,1,13,A01
201900058366,0,50,,0,2,0,1,A01
201900058366,2,7,,0,2,0,17,Z01
201900058367,0,1,,0,2,3,1,B01
201900058367,0,7,,0,2,2,17,A01
201900058368,2,7,,0,2,3,15,A01
201900058368,1,33,,0,2,1,1,B01
201900058369,1,17,,0,0,7,14,A01
201900058370,0,7,,0,2,1,19,A01
201900058370,0,31,,0,2,9,1,B01
201900058371,1,7,,0,1,1,1,A01
201900058372,0,31,,0,2,1,1,B01
201900058372,0,7,,0,2,3,19,A01
201900058373,1,80,,0,2,1,1,B01
201900058373,2,7,,0,9,2,15,A01
201900058374,2,7,,0,2,3,0,A01
201900058374,1,7,,0,2,3,0,B01
201900058375,0,7,,0,2,3,9,A01
201900058375,1,33,,0,2,9,1,B01
201900058376,1,7,,0,1,3,1,A01
201900058377,3,7,,0,2,1,1,B01
201900058377,1,7,,0,2,4,23,A01
201900058378,2,33,,0,0,0,1,A01
201900058379,2,15,,13,0,2,1,A01
201900058380,2,7,,0,2,2,26,A01
201900058380,2,32,,0,0,4,2,B01
201900058380,2,7,,0,0,5,2,C01
201900058381,1,7,,0,1,1,1,A01
201900058382,2,7,,13,0,1,1,A01
201900058383,1,7,,0,2,2,1,B01
201900058383,1,7,,0,2,8,19,A01
201900058384,3,7,,0,2,2,15,B01
201900058384,3,30,,0,2,1,1,A01
201900058385,1,7,,2,0,1,14,A01
201900058386,1,2,,0,2,2,0,B01
201900058386,1,7,,0,2,2,15,A01
201900058387,2,38,1.0,0,2,3,0,B01
201900058387,1,7,,0,2,1,13,A01
201900058388,2,2,,0,2,4,2,B01
201900058388,2,7,,0,2,2,2,A01
201900058389,1,34,,0,2,4,1,A01
201900058389,2,7,,0,2,3,9,B01
201900058390,1,7,,0,1,4,24,A01
201900058391,3,7,,0,2,2,1,A01
201900058391,3,33,,0,2,7,15,B01
201900058392,1,10,,0,2,3,15,B01
201900058392,1,30,,0,2,1,17,A01
201900058393,2,1,,0,2,1,2,B01
201900058393,2,7,,0,0,5,26,A01
201900058394,1,7,,0,1,1,1,A01
201900058395,2,7,,2,0,7,1,A01
201900058396,2,7,,0,2,1,1,B01
201900058396,1,7,,0,2,1,11,A01
201900058397,2,7,,13,0,4,2,A01
201900058397,2,7,,0,2,1,2,B01
201900058398,1,33,,13,0,0,1,A01
201900058399,2,7,,2,0,1,21,A01
201900058400,2,33,,13,0,8,13,A01
201900058401,2,7,,13,0,1,0,A01
201900058402,1,7,,0,1,1,1,A01
201900058403,0,10,,0,2,1,9,C01
201900058403,1,7,,0,2,1,23,A01
201900058403,2,30,,0,2,7,1,B01
201900058404,1,7,,0,2,3,20,A01
201900058404,1,2,,0,2,1,1,B01
201900058405,1,1,,0,2,3,15,B01
201900058405,1,7,,0,2,2,1,A01
201900058406,1,7,,6,0,9,17,A01
201900058406,1,7,,0,2,1,1,B01
201900058407,1,10,,0,2,1,1,A01
201900058407,0,7,,0,0,8,1,B01
201900058408,1,7,,6,0,3,1,A01
201900058409,2,7,,0,2,4,2,C01
201900058409,2,7,,0,2,4,2,B01
201900058409,2,10,,0,2,1,2,A01
201900058410,1,10,,0,1,1,1,A01
201900058411,1,7,,0,2,1,1,D01
201900058411,2,7,,1,0,1,14,A01
201900058412,2,7,,0,2,4,23,B01
201900058412,1,10,,0,0,1,1,D01
201900058412,1,7,,0,0,8,1,C01
201900058412,2,7,,0,2,3,1,A01
201900058413,1,33,,0,0,1,1,A01
201900058414,2,7,,0,0,9,1,A01
201900058415,3,33,,0,2,1,5,A01
201900058415,3,7,,0,2,3,1,B01
201900058416,1,1,,16,0,1,1,A01
201900058417,3,7,,13,0,8,14,A01
201900058418,2,33,,16,9,0,1,A01
201900058419,1,7,,0,1,3,16,A01
201900058420,0,10,,0,2,3,15,A01
201900058420,0,33,,0,2,3,1,B01
201900058421,2,7,,0,2,1,1,B01
201900058421,1,7,,0,2,1,13,A01
201900058422,1,7,,0,1,5,14,A01
201900058423,2,33,,0,2,1,1,B01
201900058423,2,7,,0,2,1,9,A01
201900058424,0,7,,8,0,0,0,A01
201900058425,3,30,,0,2,1,9,B01
201900058425,3,7,,0,6,7,1,A01
201900058426,0,7,,0,0,0,1,A01
201900058427,2,7,,0,2,2,1,B01
201900058427,1,7,,3,2,3,13,A01
201900058428,3,7,,0,2,1,26,A01
201900058428,3,1,,0,2,4,1,B01
201900058429,1,7,,0,2,4,1,C01
201900058429,1,7,,0,2,4,1,B01
201900058429,1,7,,0,2,1,1,A01
201900058430,2,34,,0,2,5,17,A01
201900058430,2,7,,0,2,8,15,B01
201900058431,2,7,,0,2,6,9,A01
201900058431,2,33,,0,2,1,1,B01
201900058432,1,1,,0,2,6,0,B01
201900058432,1,7,,0,6,1,1,A01
201900058433,1,33,,0,2,1,26,A01
201900058433,3,7,,0,2,6,9,B01
201900058434,2,33,,0,2,7,12,B01
201900058434,2,7,,0,2,8,11,A01
201900058435,0,10,,0,1,1,1,A01
201900058436,1,7,,0,0,8,9,A01
201900058436,3,2,,0,0,1,1,B01
201900058437,2,7,,13,0,1,0,C01
201900058437,2,7,,0,2,1,0,B01
201900058437,1,7,,0,2,3,0,A01
201900058438,2,7,,0,2,8,26,B01
201900058438,1,10,,0,2,8,13,A01
201900058439,1,31,,0,2,7,1,B01
201900058439,1,7,,0,2,3,1,A01
201900058440,3,7,,0,1,3,26,A01
201900058441,2,7,,0,2,1,0,B01
201900058441,1,7,,0,2,1,13,A01
201900058442,3,1,,0,2,8,25,B01
201900058442,3,7,,0,6,1,1,A01
201900058443,3,10,,0,1,1,1,A01