Num_Acc,senc,catv,occutc,obs,obsm,choc,manv,num_veh
201900058444,2,31,,0,2,1,1,B01
201900058444,1,7,,0,2,2,19,A01
201900058445,2,33,,0,2,1,2,B01
201900058445,2,33,,0,2,8,10,A01
201900058446,0,7,,0,2,5,23,A01
201900058446,3,33,,0,2,8,21,B01
201900058447,2,31,,0,2,1,17,A01
201900058447,2,7,,0,2,3,15,B01
201900058448,0,7,,0,1,8,1,A01
201900058449,0,7,,1,0,3,0,A01
201900058450,2,7,,0,1,0,17,A01
201900058451,3,7,,13,0,2,15,A01
201900058452,3,99,,9,0,0,0,A01
201900058453,1,10,,0,2,1,1,C01
201900058453,2,7,,0,2,3,1,B01
201900058453,1,7,,0,2,3,17,A01
201900058454,1,7,,14,2,1,26,A01
201900058454,1,7,,0,2,9,23,B01
201900058454,1,7,,0,2,4,23,C01
201900058455,1,33,,2,0,3,1,A01
201900058456,2,7,,0,2,5,16,A01
201900058456,2,1,,0,2,1,18,B01
201900058457,2,7,,0,1,1,1,A01
201900058458,1,7,,6,0,3,13,A01
201900058459,1,7,,0,2,1,1,A01
201900058459,1,7,,0,2,4,1,B01
201900058460,1,10,,0,2,7,14,A01
201900058460,1,32,,0,2,8,26,B01
201900058461,1,1,,0,2,7,0,B01
201900058461,1,7,,0,2,2,9,A01
201900058462,1,7,,0,2,2,1,A01
201900058462,1,33,,0,2,1,1,B01
201900058463,3,7,,0,2,8,15,B01
201900058463,3,32,,0,2,1,17,A01
201900058464,2,33,,0,2,1,1,A01
201900058464,2,30,,0,2,7,15,B01
201900058465,3,31,,0,1,1,1,Z01
201900058466,2,33,,0,2,7,17,A01
201900058466,2,10,,0,2,8,11,B01
201900058466,1,7,,0,2,7,1,C01
201900058467,1,32,,0,2,1,1,A01
201900058467,1,30,,0,2,8,10,Z01
201900058468,1,99,,0,2,0,9,A01
201900058469,2,7,,0,2,7,22,A01
201900058469,2,1,,0,2,3,18,B01
201900058470,1,37,1.0,0,2,7,7,B01
201900058470,1,50,,0,2,0,18,A01
201900058471,1,7,,0,2,1,1,B01
201900058471,1,7,,0,2,1,13,A01
201900058472,2,10,,0,1,1,16,A01
201900058473,3,7,,0,1,4,26,A01
201900058473,3,33,,0,2,1,2,B01
201900058474,1,7,,0,2,1,2,A01
201900058474,3,7,,0,9,4,23,B01
201900058475,2,7,,0,2,0,1,Z01
201900058475,3,50,,0,2,0,1,A01
201900058476,1,7,,0,1,2,1,A01
201900058477,1,7,,0,2,2,7,B01
201900058477,2,1,,0,2,1,1,A01
201900058478,1,7,,0,1,4,20,A01
201900058479,1,32,,11,0,3,11,A01
201900058480,1,10,,0,1,8,1,A01
201900058481,1,31,,0,0,7,16,A01
201900058482,1,7,,0,2,5,7,B01
201900058482,1,7,,0,2,5,16,A01
201900058483,1,7,,0,2,7,1,B01
201900058483,1,7,,0,2,1,1,A01
201900058484,2,37,1.0,0,1,2,7,A01
201900058485,1,34,,0,2,4,1,B01
201900058485,1,32,,0,2,1,1,A01
201900058486,0,30,,0,2,1,5,A01
201900058486,0,7,,0,2,3,15,B01
201900058487,1,7,,0,2,2,14,Z01
201900058487,1,33,,0,2,3,23,A01
201900058488,1,2,,0,2,1,1,A01
201900058488,2,7,,0,2,8,10,Z01
201900058489,2,7,,12,2,2,21,A01
201900058490,1,3,,0,2,4,23,B01
201900058490,1,3,,1,2,1,1,A01
201900058491,2,33,,14,2,2,1,B01
201900058491,1,7,,0,2,3,15,A01
201900058492,1,10,,0,2,3,15,A01
201900058492,1,7,,0,2,2,1,B01
201900058493,3,7,,0,2,2,1,A01
201900058494,1,7,,0,2,1,26,A01
201900058494,1,2,,0,2,4,26,B01
201900058495,3,10,,0,2,3,15,A01
201900058495,1,2,,0,2,1,1,B01
201900058496,1,34,,0,1,1,15,A01
201900058497,1,7,,0,1,4,26,A01
201900058498,1,7,,1,0,2,21,A01
201900058498,2,10,,0,0,0,0,T01
201900058498,0,7,,2,1,2,25,B01
201900058499,1,7,,0,2,1,0,B01
201900058499,2,7,,0,2,1,0,A01
201900058500,1,7,,0,2,3,21,Z01
201900058501,1,1,,0,1,1,25,A01
201900058502,1,10,,0,1,4,4,A01
201900058503,3,33,,0,0,8,2,A01
201900058504,2,7,,0,2,7,17,A01
201900058504,2,7,,0,2,8,15,B01
201900058505,3,14,,0,2,6,26,B01
201900058505,3,37,2.0,0,2,6,26,A01
201900058506,3,3,,0,1,1,17,Z01
201900058507,2,7,,0,2,3,15,B01
201900058507,1,7,,0,2,3,1,A01
201900058508,1,7,,0,2,7,15,A01
201900058508,3,7,,0,2,1,1,B01
201900058509,1,34,,0,2,3,18,A01
201900058509,1,7,,0,2,5,2,B01
201900058510,3,14,,0,2,1,2,A01
201900058510,3,7,,0,2,4,2,B01
201900058511,1,10,,0,2,2,1,A01
201900058511,2,7,,0,2,1,1,B01
201900058512,2,7,,0,2,6,23,B01
201900058512,2,32,,0,2,2,17,A01
201900058513,3,7,,0,1,4,20,A01
201900058514,3,50,,0,2,1,1,B01
201900058514,1,7,,0,9,3,22,A01
201900058515,3,7,,0,2,7,1,A01
201900058515,3,7,,0,2,2,19,B01
201900058516,3,7,,0,2,2,2,A01
201900058516,3,2,,0,2,1,19,B01
201900058517,1,7,,0,2,1,2,B01
201900058517,1,7,,0,2,1,9,A01
201900058518,2,7,,0,2,3,15,B01
201900058518,2,10,,0,2,2,1,A01
201900058519,3,7,,0,1,6,1,A01
201900058520,2,33,,0,2,3,18,A01
201900058520,2,7,,0,2,2,12,B01
201900058520,2,7,,0,2,0,23,D01
201900058521,1,7,,0,2,3,15,A01
201900058521,2,33,,0,2,1,2,B01
201900058522,3,10,,0,2,1,2,A01
201900058522,3,7,,0,0,4,2,B01
201900058523,2,7,,0,2,2,15,B01
201900058523,1,7,,0,2,3,1,A01
201900058524,1,7,,0,2,4,23,B01
201900058524,1,7,,0,2,1,12,A01
201900058525,3,30,,0,0,0,2,A01
201900058526,3,7,,0,2,1,2,A01
201900058526,3,7,,0,2,4,2,B01
201900058527,1,33,,0,2,2,1,B01
201900058527,1,10,,0,2,8,9,A01
201900058528,1,7,,0,2,2,1,A01
201900058528,1,1,,1,2,1,9,B01
201900058529,1,7,,0,2,8,15,B01
201900058529,1,32,,0,2,1,17,A01
201900058530,2,7,,0,1,1,26,A01
201900058531,2,31,,0,0,0,23,A01
201900058532,2,2,,0,2,1,1,B01
201900058532,1,7,,0,2,1,16,A01
201900058533,1,7,,0,1,1,15,A01
201900058534,2,10,,1,0,3,26,A01
201900058534,2,10,,1,0,0,0,B01
201900058535,2,30,,0,0,8,1,A01
201900058536,1,33,,0,2,5,0,B01
201900058536,1,7,,0,2,6,0,Z01
201900058537,1,7,,0,2,3,15,A01
201900058537,2,32,,0,2,2,1,B01
201900058538,1,7,,0,2,8,22,A01
201900058538,1,33,,1,0,2,17,B01
201900058539,1,33,,0,1,1,15,A01
201900058540,1,14,,0,1,2,23,A01
201900058541,2,33,,0,2,4,2,B01
201900058541,2,7,,0,2,1,2,A01
201900058542,1,60,,0,2,1,19,B01
201900058542,2,7,,0,1,2,1,A01
201900058543,1,31,,0,2,1,1,B01
201900058543,3,14,,0,2,4,26,A01
201900058544,1,32,,0,1,1,26,A01
201900058545,3,7,,0,2,6,24,A01
201900058545,3,7,,1,0,0,0,Z01
201900058546,1,7,,0,2,2,2,A01
201900058546,1,32,,0,2,8,2,B01
201900058547,1,7,,0,2,3,1,A01
201900058547,2,1,,0,2,2,19,B01
201900058548,1,30,,0,1,1,17,A01
201900058549,2,7,,0,2,4,1,B01
201900058549,2,10,,0,2,1,2,A01
201900058550,1,7,,0,1,1,1,A01
201900058551,1,10,,0,2,3,1,B01
201900058551,1,10,,0,2,2,20,A01
201900058552,1,7,,0,2,2,13,A01
201900058552,2,31,,0,2,1,1,B01
201900058553,1,33,,0,2,3,1,B01
201900058553,3,7,,0,2,3,1,A01
201900058554,2,34,,0,2,3,1,A01
201900058554,1,7,,0,2,2,10,B01
201900058555,2,38,1.0,0,2,6,1,C01
201900058555,2,7,,0,2,1,1,A01
201900058555,1,7,,0,2,6,1,B01
201900058556,1,7,,0,2,2,20,B01
201900058556,1,7,,0,2,3,1,A01
201900058557,3,10,,8,0,3,0,A01
201900058558,2,7,,0,1,1,0,A01
201900058558,2,32,,0,0,0,0,B01
201900058559,3,7,,0,2,4,23,B01
201900058559,3,7,,14,0,1,2,A01
201900058560,1,30,,0,1,1,1,A01
201900058561,0,20,,0,1,4,9,A01
201900058562,0,7,,0,2,1,1,A01
201900058562,0,7,,0,0,4,1,B01
201900058563,3,7,,0,2,7,16,A01
201900058563,3,7,,0,2,3,16,B01
201900058564,1,31,,0,2,4,23,B01
201900058564,2,20,,0,2,1,9,A01
201900058565,1,7,,0,2,1,1,A01
201900058565,2,7,,0,2,4,23,B01
201900058566,1,33,,9,2,8,18,B01
201900058566,1,7,,0,2,2,16,A01
201900058567,1,7,,1,0,1,1,A01
201900058568,3,7,,0,2,5,0,B01
201900058568,3,2,,0,2,1,26,A01
201900058569,3,7,,0,1,7,16,A01
201900058570,3,7,,0,2,2,16,A01
201900058570,3,1,,0,2,1,19,B01
201900058571,2,1,,0,2,6,1,A01
201900058571,1,10,,0,9,1,0,B01
201900058572,3,7,,0,2,1,15,B01
201900058572,3,7,,8,0,1,24,C01
201900058572,3,7,,8,2,1,17,A01
201900058573,1,7,,0,2,3,26,A01
201900058574,1,7,,0,1,7,1,A01
201900058575,2,7,,0,2,5,0,A01
201900058575,1,31,,0,2,1,1,B01
201900058576,3,32,,0,2,8,9,B01
201900058576,3,7,,0,2,1,12,A01
201900058577,1,7,,0,2,6,23,B01
201900058577,1,30,,0,2,1,2,A01
201900058578,1,10,,0,2,1,1,A01
201900058578,2,10,,0,2,2,1,B01
201900058579,3,30,,0,1,1,26,A01
201900058580,1,3,,12,2,1,5,A01
201900058580,1,3,,0,2,1,1,B01
201900058581,3,30,,0,1,1,1,A01
201900058582,1,7,,0,1,2,1,A01
201900058583,2,7,,0,1,3,15,A01
201900058584,0,37,1.0,0,1,2,2,A01
201900058585,2,7,,0,2,1,15,B01
201900058585,1,7,,0,2,8,1,A01
201900058586,1,7,,0,2,1,10,A01
201900058586,1,2,,0,2,1,11,B01
201900058587,2,32,,0,2,1,1,A01
201900058587,2,7,,0,2,8,15,B01
201900058588,3,7,,0,2,2,1,B01
201900058588,0,7,,0,2,3,9,A01
201900058589,2,14,,0,2,1,20,A01
201900058589,3,1,,0,2,1,5,B01
201900058590,3,7,,0,2,8,1,B01
201900058590,3,14,,0,2,0,14,A01
201900058591,1,33,,0,2,1,2,A01
201900058591,1,7,,0,2,8,19,B01
201900058592,2,14,,14,0,2,26,A01
201900058592,0,7,,0,2,0,0,B01
201900058593,2,7,,0,2,4,2,B01
201900058593,2,7,,0,2,1,2,A01
201900058594,3,7,,0,2,2,15,A01
201900058594,1,33,,0,2,8,1,B01
201900058595,1,1,,0,2,1,1,A01
201900058595,1,7,,0,6,3,15,B01
201900058596,1,30,,0,2,1,1,A01
201900058596,1,7,,0,2,3,10,B01
201900058597,2,7,,0,2,3,15,A01
201900058597,2,33,,0,2,7,17,B01
201900058598,1,7,,0,2,2,0,B01
201900058598,1,34,,9,0,4,1,A01
201900058599,1,30,,0,2,1,15,A01
201900058599,2,7,,0,2,3,1,B01
201900058600,2,7,,0,2,2,1,B01
201900058600,1,7,,0,2,2,1,A01
201900058601,2,7,,0,1,1,1,A01
201900058602,1,7,,0,1,1,17,A01
201900058603,2,7,,0,9,8,15,A01
201900058603,2,1,,0,2,1,1,B01
201900058604,3,34,,15,0,4,23,C01
201900058604,3,7,,0,2,5,23,B01
201900058604,3,7,,0,2,1,26,A01
201900058605,3,7,,0,2,4,2,A01
201900058605,3,2,,0,2,1,2,B01
201900058606,2,7,,0,2,3,15,A01
201900058606,2,34,,0,2,7,0,B01
201900058607,2,0,,0,1,1,1,A01
201900058608,3,7,,0,2,4,1,B01
201900058608,3,7,,0,2,1,2,A01
201900058609,3,15,,0,2,4,2,B01
201900058609,3,7,,4,2,1,9,A01
201900058610,1,7,,0,2,3,15,B01
201900058610,1,2,,0,2,1,17,A01
201900058611,2,7,,9,0,1,13,A01
201900058612,1,7,,0,2,4,2,C01
201900058612,2,7,,0,2,9,2,B01
201900058612,2,37,2.0,0,2,2,2,A01
201900058613,2,33,,0,2,1,17,A01
201900058613,2,7,,0,2,3,15,B01
201900058614,1,33,,1,0,1,1,A01
201900058615,2,1,,0,2,8,1,A01
201900058615,2,7,,0,2,7,1,B01
201900058616,1,7,,0,2,5,15,B01
201900058616,1,32,,0,2,1,21,A01
201900058617,1,7,,0,2,1,1,C01
201900058617,2,7,,0,2,4,15,B01
201900058617,2,7,,0,2,1,1,A01
201900058618,1,33,,0,2,3,1,B01
201900058618,1,7,,0,2,2,12,A01
201900058619,2,7,,0,1,2,1,A01
201900058620,2,7,,8,0,3,13,A01
201900058621,3,3,,0,1,3,2,A01
201900058622,3,7,,0,2,4,2,B01
201900058622,3,7,,0,2,1,2,A01
201900058623,1,7,,0,2,6,11,A01
201900058623,1,34,,0,2,1,11,B01
201900058624,0,33,,15,0,1,1,A01
201900058625,3,30,,0,2,8,0,D01
201900058625,2,7,,0,2,8,23,C01
201900058625,2,7,,0,2,2,23,B01
201900058625,2,7,,0,2,3,0,A01
201900058626,1,7,,0,2,1,1,B01
201900058626,2,7,,0,2,1,5,A01
201900058627,3,7,,0,2,7,0,B01
201900058627,1,7,,0,2,1,9,A01
201900058628,1,0,,0,1,0,0,A01
201900058629,2,7,,13,0,3,14,A01
201900058630,3,33,,0,2,8,21,B01
201900058630,3,7,,0,2,6,16,A01
201900058631,2,7,,0,2,1,1,B01
201900058631,1,7,,3,2,1,13,A01
201900058632,3,7,,13,0,1,0,A01
201900058633,2,7,,0,2,1,1,A01
201900058633,3,7,,0,2,8,9,B01
201900058634,0,10,,0,2,1,1,B01
201900058634,3,14,,0,0,2,9,A01
201900058635,3,7,,3,0,1,1,A01
201900058636,3,7,,0,1,2,15,A01
201900058637,2,7,,0,2,1,1,C01
201900058637,1,7,,0,0,4,1,B01
201900058637,1,33,,0,2,1,1,A01
201900058638,3,7,,0,1,1,26,A01
201900058639,1,7,,0,2,1,1,B01
201900058639,2,7,,0,2,1,17,A01
201900058640,3,7,,0,2,1,1,B01
201900058640,3,7,,0,2,3,15,A01
201900058641,2,7,,2,0,9,13,A01
201900058642,1,7,,0,1,4,23,A01
201900058642,1,7,,0,2,1,1,B01
201900058643,2,7,,0,2,1,5,A01
201900058643,1,2,,0,2,1,1,B01
201900058644,1,7,,2,0,1,1,A01
201900058645,3,7,,0,0,1,14,A01
201900058646,2,7,,0,2,1,13,A01
201900058646,1,10,,0,2,1,1,B01
201900058647,3,7,,15,0,1,14,A01
201900058648,2,2,,15,0,2,14,A01
201900058649,1,3,,0,2,3,16,B01
201900058649,1,3,,0,2,5,0,A01
201900058650,3,7,,2,0,1,1,A01
201900058651,3,10,,0,1,1,1,A01
201900058652,1,7,,0,9,3,1,A01
201900058652,1,1,,0,2,4,0,B01
201900058653,3,7,,0,2,2,10,A01
201900058653,3,33,,0,2,3,2,B01
201900058654,1,10,,0,2,3,0,B01
201900058654,2,7,,0,2,3,19,A01
201900058655,3,7,,0,2,7,19,A01
201900058655,0,7,,0,2,1,1,B01
201900058656,1,15,,0,2,8,1,B01
201900058656,1,15,,0,2,0,17,A01
201900058657,2,7,,6,0,2,1,A01
201900058658,1,10,,0,1,2,15,A01
201900058659,1,21,,0,2,7,1,B01
201900058659,1,33,,13,2,2,17,A01
201900058660,3,33,,0,2,7,19,A01
201900058660,2,7,,0,2,1,1,B01
201900058661,1,34,,0,2,1,1,N01
201900058661,1,7,,0,2,3,9,B01
201900058662,2,7,,0,2,1,1,B01
201900058662,2,38,1.0,0,2,2,19,A01
201900058663,2,33,,0,0,0,1,A01
201900058664,3,7,,0,2,6,23,B01
201900058664,3,7,,0,2,2,15,A01
201900058665,3,7,,13,0,3,16,A01
201900058666,1,3,,0,1,2,26,A01
201900058667,3,7,,0,0,6,1,B01
201900058667,3,7,,0,2,1,15,A01
201900058668,1,7,,0,2,3,13,A01
201900058668,2,2,,0,2,8,1,B01
201900058669,2,7,,0,2,1,1,B01
201900058669,2,7,,0,2,2,13,A01
201900058670,1,7,,0,1,1,1,A01
201900058671,1,7,,2,0,1,16,A01
201900058672,3,7,,0,0,5,19,B01
201900058672,2,17,,0,2,2,1,A01
201900058673,0,7,,0,2,1,1,B01
201900058673,0,33,,0,2,1,0,A01
201900058674,2,7,,0,2,4,1,B01
201900058674,2,7,,0,2,4,1,C01
201900058674,2,10,,0,2,1,26,A01
201900058675,1,33,,0,0,1,1,A01
201900058676,0,3,,0,1,1,1,A01
201900058677,2,7,,0,2,3,21,A01
201900058677,1,32,,0,2,1,1,B01
201900058678,2,2,,0,2,3,1,B01
201900058678,1,2,,0,2,1,13,A01
201900058679,1,50,,0,0,0,2,A01
201900058680,1,7,,4,0,0,2,A01
201900058681,1,7,,0,2,4,23,B01
201900058681,1,10,,0,2,1,2,A01
201900058682,2,10,,0,2,3,0,B01
201900058682,1,7,,0,2,3,13,A01
201900058683,3,14,,0,1,4,4,A01
201900058684,2,2,,0,2,1,1,B01
201900058684,2,7,,0,2,1,19,A01
201900058685,1,7,,0,2,0,0,C01
201900058685,2,7,,0,2,3,2,B01
201900058685,1,32,,0,2,1,17,A01
201900058686,3,7,,0,1,3,15,A01
201900058687,1,34,,0,0,8,21,A01
201900058687,2,7,,0,0,3,15,B01
201900058688,2,7,,0,2,1,5,A01
201900058688,1,7,,0,2,1,2,B01
201900058689,3,7,,0,1,1,1,Z01
201900058690,1,31,,0,2,1,0,B01
201900058690,2,7,,0,0,7,1,A01
201900058691,2,7,,0,2,4,1,A01
201900058691,2,7,,0,2,1,2,B01
201900058692,1,7,,0,2,1,1,B01
201900058692,2,7,,4,2,1,13,A01
201900058693,1,7,,0,1,2,1,A01
201900058694,1,1,,0,0,4,1,B01
201900058694,1,7,,0,2,3,1,A01
201900058695,1,10,,0,1,2,1,A01
201900058696,3,7,,0,1,4,4,A01
201900058697,3,7,,0,2,4,23,A01
201900058697,3,7,,0,2,1,2,B01
201900058698,0,2,,0,2,3,1,A01
201900058698,2,7,,0,2,0,15,B01
201900058699,3,3,,8,0,8,1,A01
201900058700,3,7,,0,2,4,2,B01
201900058700,3,7,,0,2,1,2,A01
201900058701,2,7,,0,1,3,1,A01
201900058702,1,33,,0,1,8,1,A01
201900058703,1,7,,0,1,2,1,A01
201900058704,2,10,,0,2,1,1,B01
201900058704,2,10,,0,2,7,1,A01
201900058705,2,7,,1,0,1,1,A01
201900058706,2,7,,0,2,3,1,B01
201900058706,1,7,,0,2,3,1,A01
201900058707,2,7,,3,0,3,1,A01
201900058708,1,7,,0,0,4,0,A01
201900058708,1,7,,0,0,4,0,B01
201900058708,1,7,,0,0,1,0,C01
201900058709,3,7,,0,0,9,1,A01
201900058710,1,7,,0,2,2,1,C01
201900058710,1,13,,0,2,3,12,B01
201900058710,1,7,,0,2,6,1,A01
201900058711,2,7,,6,0,1,13,A01
201900058712,2,7,,0,2,4,1,B01
201900058712,2,33,,3,0,1,17,A01
201900058713,2,7,,0,2,2,1,A01
201900058713,2,7,,0,2,6,1,D01
201900058713,2,7,,0,2,7,1,C01
201900058713,2,32,,0,2,4,1,B01
201900058714,2,3,,0,2,4,1,B01
201900058714,2,3,,0,2,1,1,A01
201900058715,1,7,,3,0,1,16,A01
201900058716,2,10,,0,2,1,1,A01
201900058716,2,10,,0,2,4,1,B01
201900058716,2,10,,0,2,1,1,C01
201900058717,2,7,,3,0,7,0,A01
201900058718,2,7,,0,2,1,2,B01
201900058718,2,7,,0,0,4,2,A01
201900058719,1,30,,0,2,6,9,A01
201900058719,1,7,,0,2,2,9,TB01
201900058720,1,30,,0,0,8,11,A01
201900058721,0,1,,0,2,0,0,B01
201900058721,1,32,,0,2,3,26,A01
201900058722,2,14,,0,2,2,1,B01
201900058722,2,33,,0,2,8,9,A01
201900058723,1,7,,0,2,1,13,A01
201900058723,2,7,,0,2,1,2,E01
201900058723,2,7,,0,2,1,1,D01
201900058723,2,7,,0,2,8,1,C01
201900058723,2,7,,0,2,8,1,B01
201900058724,1,20,,0,2,3,9,B01
201900058724,1,20,,0,2,7,21,A01
201900058725,2,7,,1,0,1,2,A01
201900058725,3,7,,0,0,6,23,B01
201900058726,2,7,,0,2,1,2,A01
201900058726,2,7,,0,2,4,2,B01
201900058727,2,50,,0,6,1,5,A01
201900058727,1,1,,0,6,1,1,B01
201900058728,3,7,,0,1,3,13,A01
201900058729,1,7,,0,2,1,1,A01
201900058729,1,99,,9,2,5,0,B01
201900058730,3,10,,0,2,3,1,B01
201900058730,3,30,,0,2,1,1,A01
201900058731,3,33,,0,2,4,2,B01
201900058731,3,7,,0,2,1,2,A01
201900058732,3,7,,0,1,8,26,A01
201900058733,1,38,2.0,4,0,1,19,A01
201900058733,2,38,1.0,0,2,3,15,B01
201900058734,1,7,,13,0,2,1,A01
201900058735,1,10,,0,1,1,1,A01
201900058736,0,7,,0,1,1,15,A01
201900058737,3,7,,0,2,2,12,A01
201900058737,3,7,,0,2,1,1,B01
201900058737,3,7,,0,2,5,1,C01
201900058738,1,7,,0,2,4,1,B01
201900058738,1,7,,0,2,1,1,A01
201900058739,1,33,,0,1,8,1,A01
201900058740,3,30,,0,0,7,26,A01
201900058741,3,2,,0,2,8,1,A01
201900058741,3,7,,0,2,3,26,B01
201900058742,3,7,,0,1,9,26,A01
201900058743,1,7,,15,0,3,1,A01
201900058744,3,37,1.0,0,1,7,1,A01
201900058745,2,7,,0,2,1,13,A01
201900058745,1,7,,0,2,1,1,B01
201900058746,3,50,,0,1,1,25,A01
201900058747,1,7,,0,2,4,1,A01
201900058747,1,7,,0,2,4,1,B01
201900058748,3,30,,15,0,1,13,A01
201900058749,2,34,,6,0,2,1,A01
201900058750,1,7,,0,2,4,1,B01
201900058750,1,7,,0,2,1,2,A01
201900058751,1,33,,3,0,2,1,A01
201900058752,3,7,,0,2,2,1,A01
201900058752,3,7,,0,2,3,1,B01
201900058753,0,7,,0,1,0,0,A01
201900058754,0,2,,0,2,4,1,B01
201900058754,0,7,,0,2,2,1,A01
201900058755,0,7,,8,2,1,1,A01
201900058755,0,2,,0,2,6,1,B01
201900058756,0,7,,0,1,5,20,A01
201900058757,0,33,,0,1,8,1,B01
201900058757,0,7,,0,2,1,1,A01
201900058758,0,2,,0,2,1,1,A01
201900058758,0,7,,0,0,0,0,B01
201900058759,3,7,,0,2,1,1,A01
201900058759,3,7,,0,2,7,1,B01
201900058760,2,7,,0,2,1,1,B01
201900058760,1,7,,0,2,1,13,A01
201900058761,1,7,,0,1,2,15,A01
201900058762,1,7,,0,2,3,15,A01
201900058762,2,2,,0,2,1,1,B01
201900058763,2,2,,11,0,1,1,A01
201900058764,2,2,,0,2,0,0,B01
201900058765,3,7,,2,0,1,0,A01
201900058766,3,7,,0,1,4,4,A01
201900058767,1,7,,15,0,1,13,A01
201900058768,1,33,,0,0,8,2,A01
201900058769,1,7,,0,2,1,2,B01
201900058769,1,7,,0,2,7,15,A01
201900058770,1,7,,0,1,2,19,A01
201900058771,1,31,,0,2,8,13,A01
201900058771,1,7,,0,2,5,1,B01
201900058772,1,10,,0,2,4,23,A01
201900058772,1,33,,0,2,1,2,B01
201900058773,2,7,,1,2,1,1,A01
201900058773,1,7,,0,2,3,1,B01
201900058774,1,10,,0,1,2,15,A01
201900058775,2,7,,0,1,2,1,A01
201900058776,1,7,,0,2,2,1,B01
201900058776,1,30,,0,2,6,13,A01
201900058777,1,7,,0,1,3,9,A01
201900058778,2,1,,0,2,1,15,B01
201900058778,2,7,,0,2,7,1,A01
201900058779,2,33,,0,1,3,1,A01
201900058780,1,30,,0,1,1,1,A01
201900058781,2,43,,0,2,1,1,A01
201900058781,1,7,,0,2,3,1,B01
201900058782,1,1,,14,0,0,1,A01
201900058783,2,7,,0,1,1,0,A01
201900058784,0,32,,0,1,1,7,A01
201900058785,3,7,,0,1,6,1,A01
201900058786,1,7,,0,2,1,2,A01
201900058786,1,7,,14,0,4,2,B01
201900058787,3,7,,0,2,3,19,A01
201900058787,2,7,,0,2,2,1,B01
201900058788,1,33,,7,0,1,21,A01
201900058789,1,31,,13,0,0,1,A01
201900058790,2,7,,8,1,0,14,A01
201900058791,1,7,,2,0,3,0,A01
201900058792,0,7,,0,2,7,1,A01
201900058792,0,7,,0,2,1,1,B01
201900058793,1,7,,4,0,3,6,A01
201900058794,2,7,,0,2,3,0,A01
201900058794,0,14,,0,2,2,19,B01
201900058795,1,7,,0,2,1,1,B01
201900058795,2,7,,0,2,1,13,A01
201900058796,2,7,,3,0,2,1,B01
201900058796,1,7,,0,0,2,13,A01
201900058797,1,7,,0,1,2,1,A01
201900058798,3,7,,2,0,1,1,A01
201900058799,0,7,,0,2,2,19,A01
201900058799,0,2,,0,2,8,15,B01
201900058800,1,7,,2,0,1,1,A01
201900058801,3,7,,0,2,1,1,B01
201900058801,3,7,,0,2,2,9,A01
201900058802,2,7,,6,0,6,13,A01
201900058803,1,7,,0,2,2,13,B01
201900058803,2,17,,0,2,3,1,A01
201900058804,2,7,,13,0,3,13,A01
201900058805,3,7,,0,2,3,1,B01
201900058805,3,7,,0,2,3,13,A01
201900058806,1,7,,0,0,0,1,A01
201900058807,2,7,,2,0,1,0,A01
201900058808,1,10,,2,0,9,14,A01
201900058809,1,7,,2,0,1,1,A01
201900058810,1,7,,8,0,1,1,A01
201900058811,1,7,,0,2,8,13,A01
201900058811,2,7,,0,0,8,1,B01
201900058811,1,7,,7,2,2,1,C01
201900058812,1,7,,17,0,1,1,A01
201900058813,3,33,,0,0,8,1,A01
201900058814,2,7,,0,2,1,19,A01
201900058814,1,10,,0,2,2,21,B01
201900058815,1,10,,0,1,2,1,A01
201900058816,3,7,,2,0,2,0,A01
201900058817,1,7,,0,2,8,1,B01
201900058817,1,7,,0,2,1,1,A01
201900058818,2,7,,0,2,1,13,A01
201900058818,1,7,,0,2,1,1,B01
201900058819,1,1,,0,0,4,2,B01
201900058819,1,7,,0,2,1,2,A01
201900058820,1,7,,0,2,1,26,A01
201900058820,1,7,,0,0,4,1,B01
201900058820,1,7,,0,0,1,19,C01
201900058820,1,7,,3,2,6,1,D01
201900058821,1,7,,0,2,3,2,A01
201900058821,1,7,,0,2,5,2,B01
201900058821,1,7,,4,2,9,1,C01
201900058822,2,7,,0,0,4,2,C01
201900058822,2,7,,0,2,4,2,B01
201900058822,2,7,,0,2,1,2,A01
201900058823,1,7,,0,0,4,2,B01
201900058823,1,7,,0,2,1,2,A01
201900058824,2,7,,3,0,8,1,A01
201900058825,3,7,,2,0,7,13,A01
201900058826,0,7,,6,0,6,1,A01
201900058827,1,38,1.0,0,1,1,1,A01
201900058828,3,7,,0,2,2,15,A01
201900058828,3,7,,0,2,1,1,B01
201900058829,3,7,,2,0,7,1,A01
201900058830,2,7,,6,0,1,1,A01
201900058831,1,7,,2,0,7,13,A01
201900058832,0,7,,2,0,3,1,A01
201900058833,1,2,,1,0,1,1,A01
201900058834,2,7,,0,2,1,2,A01
201900058834,2,10,,0,2,4,2,B01
201900058834,2,10,,0,2,4,2,C01
201900058835,2,7,,0,2,4,2,A01
201900058835,2,7,,0,2,1,2,B01
201900058836,2,7,,0,2,6,0,B01
201900058836,2,7,,3,2,1,21,A01
201900058837,1,7,,0,2,4,2,A01
201900058837,1,7,,0,2,1,2,B01
201900058837,1,7,,0,2,1,2,C01
201900058838,2,7,,3,0,1,21,A01
201900058839,2,33,,0,0,7,1,A01
201900058840,1,10,,0,2,4,0,B01
201900058840,1,10,,0,2,1,0,A01